target_timestamp,target,model,observed,predicted
2025-10-02 05:00:00,aqi,GRU,242.9999971692643,241.88307
2024-11-12 18:00:00,aqi,GRU,235.0000010668196,232.72415
2023-04-08 21:00:00,aqi,GRU,86.99999407603681,97.069855
2023-03-08 15:00:00,aqi,GRU,72.00000250322971,79.32732
2021-09-03 05:00:00,aqi,GRU,309.000003069842,296.65805
2025-06-12 22:00:00,aqi,GRU,325.99999590681375,316.08203
2022-06-12 23:00:00,aqi,GRU,168.99999964334881,154.47511
2025-04-12 13:00:00,aqi,GRU,323.9999946426491,322.29718
2024-10-03 09:00:00,aqi,GRU,192.00000000373691,199.61917
2025-05-12 02:00:00,aqi,GRU,343.9999953453437,330.15524
2025-07-04 03:00:00,aqi,GRU,222.99999945130764,224.8679
2024-08-11 19:00:00,aqi,GRU,390.00000054322686,394.47437
2023-08-08 00:00:00,aqi,GRU,168.99999964334881,79.336006
2021-11-08 03:00:00,aqi,GRU,59.99999491824187,69.894806
2022-08-07 18:00:00,aqi,GRU,91.00000257384198,91.67223
2024-10-05 12:00:00,aqi,GRU,151.9999993445322,154.42097
2023-10-02 19:00:00,aqi,GRU,188.00000008705334,190.18413
2025-09-01 17:00:00,aqi,GRU,367.9999985763676,371.47693
2022-06-08 04:00:00,aqi,GRU,109.00000201237194,109.14542
2022-12-07 20:00:00,aqi,GRU,90.00000194175966,88.14989
2022-09-08 08:00:00,aqi,GRU,112.99999857122532,112.024574
2024-06-03 14:00:00,aqi,GRU,152.9999999766145,156.93573
2024-06-07 03:00:00,aqi,GRU,59.99999491824187,71.11698
2022-02-08 23:00:00,aqi,GRU,88.00000067759503,92.692
2023-12-08 05:00:00,aqi,GRU,127.00000145090189,124.13473
2023-03-02 12:00:00,aqi,GRU,181.99999965238962,187.09987
2024-08-12 09:00:00,aqi,GRU,276.0000001195532,278.04703
2021-09-09 09:00:00,aqi,GRU,92.99999786853073,96.82205
2024-03-04 06:00:00,aqi,GRU,138.00000243433152,131.44269
2022-04-04 12:00:00,aqi,GRU,245.99999906551128,241.65207
2022-05-11 06:00:00,aqi,GRU,425.9999994202867,408.39362
2025-01-08 17:00:00,aqi,GRU,45.00000334543478,47.93839
2022-01-04 10:00:00,aqi,GRU,276.0000001195532,276.3768
2024-02-12 00:00:00,aqi,GRU,293.9999995580831,327.7238
2023-06-08 05:00:00,aqi,GRU,168.99999964334881,106.68087
2021-08-08 03:00:00,aqi,GRU,97.00000039686,99.17486
2021-09-08 05:00:00,aqi,GRU,70.00000123906507,79.89007
2022-07-05 04:00:00,aqi,GRU,210.00000018845134,209.89925
2024-06-09 20:00:00,aqi,GRU,65.00000404812937,68.707
2024-01-12 12:00:00,aqi,GRU,309.000003069842,312.0844
2021-10-02 12:00:00,aqi,GRU,273.9999988553885,282.2333
2024-11-12 11:00:00,aqi,GRU,240.00000124249325,238.32292
2021-09-05 08:00:00,aqi,GRU,97.00000039686,100.81755
2022-06-01 12:00:00,aqi,GRU,291.00000363131204,298.39835
2023-06-04 00:00:00,aqi,GRU,164.00000096004413,132.86493
2021-02-11 02:00:00,aqi,GRU,279.00000201580013,293.74866
2024-05-04 07:00:00,aqi,GRU,145.99999853677622,134.64204
2022-07-10 04:00:00,aqi,GRU,47.000004609599415,56.11231
2023-04-10 04:00:00,aqi,GRU,151.9999993445322,149.40425
2024-03-12 11:00:00,aqi,GRU,300.000003350577,292.67603
2024-05-09 10:00:00,aqi,GRU,61.000001519800094,60.223866
2022-05-08 08:00:00,aqi,GRU,90.00000194175966,88.714806
2022-06-01 11:00:00,aqi,GRU,298.9999967490188,303.28445
2024-11-05 00:00:00,aqi,GRU,180.99999976649178,189.77931
2022-01-09 12:00:00,aqi,GRU,112.99999857122532,114.93089
2024-02-03 09:00:00,aqi,GRU,126.00000081881959,134.28098
2022-08-08 05:00:00,aqi,GRU,56.00000432886438,60.15926
2024-11-10 06:00:00,aqi,GRU,168.99999964334881,147.51193
2023-12-02 12:00:00,aqi,GRU,186.99999982806327,194.76994
2023-02-05 22:00:00,aqi,GRU,68.99999463750686,70.75162
2023-03-11 21:00:00,aqi,GRU,474.0000058823345,453.30447
2025-04-03 23:00:00,aqi,GRU,164.00000096004413,160.29068
2025-08-12 08:00:00,aqi,GRU,329.999998435143,327.8296
2025-09-11 17:00:00,aqi,GRU,378.9999995597972,382.4638
2023-11-02 04:00:00,aqi,GRU,217.99999927563402,214.17183
2025-06-11 01:00:00,aqi,GRU,258.0000006810232,274.127
2023-09-11 17:00:00,aqi,GRU,431.99999127382887,445.94757
2024-06-02 02:00:00,aqi,GRU,138.99999709693793,132.28651
2021-03-12 18:00:00,aqi,GRU,340.0000047559662,343.20792
2023-11-01 11:00:00,aqi,GRU,338.0000034918016,338.59433
2024-03-04 21:00:00,aqi,GRU,146.99999916885855,144.22675
2022-09-11 12:00:00,aqi,GRU,298.9999967490188,304.37628
2024-02-03 08:00:00,aqi,GRU,127.00000145090189,134.982
2021-11-07 06:00:00,aqi,GRU,110.00000264445426,108.56657
2025-10-08 18:00:00,aqi,GRU,70.9999959016715,72.243935
2024-09-08 04:00:00,aqi,GRU,43.00000208127014,51.082813
2024-01-12 09:00:00,aqi,GRU,318.000002789107,321.41046
2022-06-05 04:00:00,aqi,GRU,195.00000003452266,200.68507
2021-11-02 18:00:00,aqi,GRU,351.0000057393959,332.77576
2022-04-08 22:00:00,aqi,GRU,103.99999885196034,95.3133
2023-04-07 11:00:00,aqi,GRU,142.9999996252672,137.01578
2023-10-11 11:00:00,aqi,GRU,352.9999950646087,364.24814
2022-10-04 20:00:00,aqi,GRU,243.99999780134664,253.1352
2025-11-03 18:00:00,aqi,GRU,269.00000166445284,264.85495
2023-12-07 00:00:00,aqi,GRU,70.9999959016715,145.41034
2022-08-13 02:00:00,aqi,GRU,168.99999964334881,199.39615
2024-05-06 22:00:00,aqi,GRU,230.99999853849033,225.29706
2021-08-10 07:00:00,aqi,GRU,150.9999987124499,148.16963
2023-01-05 17:00:00,aqi,GRU,86.99999407603681,88.58917
2022-03-06 05:00:00,aqi,GRU,242.9999971692643,238.8151
2021-10-04 21:00:00,aqi,GRU,178.9999999946961,183.66438
2021-08-10 09:00:00,aqi,GRU,155.00000124077917,154.74834
2024-08-09 02:00:00,aqi,GRU,61.999996182406505,74.65201
2025-11-08 02:00:00,aqi,GRU,91.99999723644841,102.33206
2023-06-07 05:00:00,aqi,GRU,77.99999435677184,74.71032
2021-10-02 10:00:00,aqi,GRU,284.99999983881816,286.5515
2025-01-12 18:00:00,aqi,GRU,302.00000461474167,298.66064
2022-05-08 09:00:00,aqi,GRU,90.00000194175966,90.28851
2025-04-07 19:00:00,aqi,GRU,107.0000007482073,98.751015
2024-01-02 03:00:00,aqi,GRU,298.9999967490188,388.21048
2021-02-02 05:00:00,aqi,GRU,316.9999961875488,308.26743
2024-05-07 05:00:00,aqi,GRU,67.00000531229401,69.724236
2025-09-11 03:00:00,aqi,GRU,398.0000055998854,396.20334
2023-04-09 22:00:00,aqi,GRU,127.00000145090189,140.3351
2024-03-12 22:00:00,aqi,GRU,279.00000201580013,284.38123
2022-10-11 16:00:00,aqi,GRU,281.9999979425712,284.1903
2021-07-13 00:00:00,aqi,GRU,168.99999964334881,254.09859
2022-08-03 18:00:00,aqi,GRU,274.99999948747086,284.13757
2025-07-07 01:00:00,aqi,GRU,85.99999941343039,87.11073
2023-08-01 21:00:00,aqi,GRU,394.0000030715561,381.18506
2024-10-11 05:00:00,aqi,GRU,347.00000321106654,335.99875
2022-03-01 20:00:00,aqi,GRU,363.0000013854319,355.6903
2022-11-06 15:00:00,aqi,GRU,242.0000025066579,256.7754
2025-06-08 11:00:00,aqi,GRU,100.00000229310696,101.39807
2023-08-04 04:00:00,aqi,GRU,168.99999964334881,174.13881
2023-12-08 09:00:00,aqi,GRU,123.99999955465495,122.45708
2021-02-03 15:00:00,aqi,GRU,170.9999994151445,165.81384
2025-03-03 16:00:00,aqi,GRU,166.0000007318398,164.09077
2023-08-10 03:00:00,aqi,GRU,156.99999952020585,166.09053
2025-03-10 17:00:00,aqi,GRU,70.00000123906507,70.72017
2023-05-09 21:00:00,aqi,GRU,109.00000201237194,116.40984
2022-11-08 10:00:00,aqi,GRU,67.00000531229401,79.13151
2025-07-08 03:00:00,aqi,GRU,168.99999964334881,125.66881
2021-12-12 21:00:00,aqi,GRU,168.99999964334881,264.27332
2022-02-12 09:00:00,aqi,GRU,168.99999964334881,197.43274
2021-01-10 06:00:00,aqi,GRU,121.99999829049031,116.34139
2025-06-06 21:00:00,aqi,GRU,155.00000124077917,155.42194
2023-03-10 07:00:00,aqi,GRU,141.00000134584053,139.45825
2024-07-07 20:00:00,aqi,GRU,56.00000432886438,46.210133
2025-07-02 23:00:00,aqi,GRU,156.99999952020585,175.20201
2022-11-02 11:00:00,aqi,GRU,168.00000050363548,168.79181
2021-05-05 04:00:00,aqi,GRU,133.99999990600224,133.10176
2022-04-09 21:00:00,aqi,GRU,91.00000257384198,89.25629
2021-02-02 23:00:00,aqi,GRU,336.9999968902434,301.55893
2023-09-06 04:00:00,aqi,GRU,155.9999988881235,147.29689
2023-12-06 18:00:00,aqi,GRU,158.00000015228818,157.96033
2025-12-06 09:00:00,aqi,GRU,185.0000000562676,180.0937
2025-01-08 20:00:00,aqi,GRU,47.000004609599415,45.85053
2025-11-05 21:00:00,aqi,GRU,166.0000007318398,160.39232
2021-09-07 02:00:00,aqi,GRU,168.99999964334881,132.68097
2022-03-09 01:00:00,aqi,GRU,120.99999765840799,136.41634
2022-05-04 02:00:00,aqi,GRU,289.00000236714743,284.8887
2023-06-01 17:00:00,aqi,GRU,427.00000602184497,433.94193
2021-10-12 03:00:00,aqi,GRU,309.000003069842,307.8553
2023-11-11 06:00:00,aqi,GRU,224.00000008338998,213.19086
2022-05-04 11:00:00,aqi,GRU,284.99999983881816,274.33783
2024-11-12 22:00:00,aqi,GRU,241.00000187457556,255.47429
2022-04-09 15:00:00,aqi,GRU,91.99999723644841,93.669716
2021-09-02 16:00:00,aqi,GRU,327.9999971709784,324.0579
2024-01-03 12:00:00,aqi,GRU,158.00000015228818,166.8133
2024-12-07 20:00:00,aqi,GRU,120.99999765840799,119.67897
2023-07-12 21:00:00,aqi,GRU,318.9999974517134,307.87543
2023-04-12 11:00:00,aqi,GRU,323.9999946426491,322.7009
2022-07-03 23:00:00,aqi,GRU,262.9999978719589,244.41133
2024-08-11 08:00:00,aqi,GRU,402.99999085186926,392.57394
2023-09-02 15:00:00,aqi,GRU,221.99999881922534,219.15057
2024-02-03 23:00:00,aqi,GRU,129.99999737767297,130.67284
2023-08-10 19:00:00,aqi,GRU,141.00000134584053,146.51952
2021-09-02 07:00:00,aqi,GRU,314.0000002607777,313.7945
2023-08-07 07:00:00,aqi,GRU,65.9999987107358,69.080986
2021-06-12 15:00:00,aqi,GRU,329.0000037725366,324.89038
2023-09-08 16:00:00,aqi,GRU,114.99999983538996,116.94117
2023-12-12 22:00:00,aqi,GRU,365.99999731220294,341.38727
2025-06-06 14:00:00,aqi,GRU,164.00000096004413,164.12813
2024-07-02 12:00:00,aqi,GRU,149.0000004330232,149.29659
2022-08-10 11:00:00,aqi,GRU,34.99999702461159,39.89133
2021-04-01 16:00:00,aqi,GRU,136.00000117016688,139.62413
2025-04-02 07:00:00,aqi,GRU,300.000003350577,299.72058
2022-01-10 17:00:00,aqi,GRU,173.99999981902246,181.23459
2025-06-09 12:00:00,aqi,GRU,65.00000404812937,63.419407
2021-04-12 10:00:00,aqi,GRU,363.0000013854319,351.98062
2023-03-05 02:00:00,aqi,GRU,74.00000376739435,73.65087
2022-11-01 19:00:00,aqi,GRU,226.999998994899,223.84196
2021-07-06 03:00:00,aqi,GRU,119.00000236371925,121.09614
2025-08-11 16:00:00,aqi,GRU,365.99999731220294,371.09943
2023-02-09 03:00:00,aqi,GRU,139.99999772902027,139.6957
2022-08-03 10:00:00,aqi,GRU,289.99999702975384,293.4107
2022-04-03 03:00:00,aqi,GRU,193.00000007618087,181.02449
2023-08-13 02:00:00,aqi,GRU,168.99999964334881,171.91154
2024-06-05 05:00:00,aqi,GRU,215.00000036412501,212.40863
2022-10-10 22:00:00,aqi,GRU,32.99999576044695,54.106388
2023-04-09 20:00:00,aqi,GRU,129.00000271506653,130.4654
2024-04-05 16:00:00,aqi,GRU,255.99999941685857,253.96512
2024-06-12 18:00:00,aqi,GRU,185.0000000562676,179.33289
2022-01-08 16:00:00,aqi,GRU,65.00000404812937,62.508785
2024-10-04 01:00:00,aqi,GRU,147.99999980094088,150.2307
2023-06-06 21:00:00,aqi,GRU,161.9999996958795,172.10924
2021-02-10 13:00:00,aqi,GRU,101.00000292518928,100.22239
2021-10-09 03:00:00,aqi,GRU,72.99999716583613,82.98896
2022-04-09 08:00:00,aqi,GRU,97.00000039686,94.55842
2023-06-04 10:00:00,aqi,GRU,175.99999959081813,176.75237
2023-08-09 03:00:00,aqi,GRU,102.99999821987802,109.91463
2022-11-07 20:00:00,aqi,GRU,91.99999723644841,96.056404
2023-08-03 15:00:00,aqi,GRU,216.00000099620732,208.48898
2025-11-07 21:00:00,aqi,GRU,72.00000250322971,71.47412
2025-03-11 08:00:00,aqi,GRU,340.99999941857266,337.5137
2022-07-12 01:00:00,aqi,GRU,168.99999964334881,230.9538
2023-09-01 08:00:00,aqi,GRU,425.9999994202867,410.62115
2024-06-07 04:00:00,aqi,GRU,58.000005593029016,66.76668
2021-07-02 08:00:00,aqi,GRU,231.99999917057264,233.78865
2025-09-08 13:00:00,aqi,GRU,91.99999723644841,96.59406
2024-01-05 02:00:00,aqi,GRU,170.9999994151445,191.98915
2025-01-02 06:00:00,aqi,GRU,390.00000054322686,373.76834
2022-07-11 17:00:00,aqi,GRU,369.99999984053227,360.20938
2023-02-07 00:00:00,aqi,GRU,56.99999899147082,125.3605
2022-11-10 03:00:00,aqi,GRU,32.99999576044695,43.1303
2022-10-05 13:00:00,aqi,GRU,147.99999980094088,148.31903
2023-02-09 22:00:00,aqi,GRU,138.99999709693793,155.11835
2021-05-10 22:00:00,aqi,GRU,110.99999730706068,139.22133
2021-03-12 06:00:00,aqi,GRU,367.00000391376113,356.0602
2025-04-10 01:00:00,aqi,GRU,91.99999723644841,106.24097
2024-01-09 22:00:00,aqi,GRU,86.99999407603681,93.93341
2023-02-08 18:00:00,aqi,GRU,83.99999814926575,84.25088
2025-07-05 14:00:00,aqi,GRU,135.00000053808458,136.79002
2021-02-13 00:00:00,aqi,GRU,168.99999964334881,363.68784
2022-11-08 17:00:00,aqi,GRU,59.000000255635456,69.62083
2021-02-05 02:00:00,aqi,GRU,186.99999982806327,188.59784
2025-02-01 20:00:00,aqi,GRU,352.9999950646087,344.1594
2025-07-07 18:00:00,aqi,GRU,76.99999969416541,79.057594
2025-01-09 12:00:00,aqi,GRU,58.000005593029016,60.274204
2023-06-08 15:00:00,aqi,GRU,168.99999964334881,108.2744
2024-06-08 00:00:00,aqi,GRU,59.99999491824187,68.63115
2021-07-04 05:00:00,aqi,GRU,168.99999964334881,141.70058
2025-09-08 12:00:00,aqi,GRU,95.99999976477768,99.48713
2021-10-08 03:00:00,aqi,GRU,77.99999435677184,86.763016
2022-11-05 10:00:00,aqi,GRU,147.99999980094088,147.60367
2025-02-10 08:00:00,aqi,GRU,117.00000109955461,110.70532
2023-12-06 16:00:00,aqi,GRU,158.00000015228818,151.6725
2024-08-04 21:00:00,aqi,GRU,145.99999853677622,144.62955
2025-08-07 08:00:00,aqi,GRU,77.99999435677184,76.76483
2023-04-11 18:00:00,aqi,GRU,414.99999843685714,425.3967
2025-08-09 10:00:00,aqi,GRU,85.00000475082396,84.44936
2025-03-04 20:00:00,aqi,GRU,249.00000096175822,243.82831
2022-09-12 09:00:00,aqi,GRU,168.99999964334881,167.77353
2021-09-04 04:00:00,aqi,GRU,117.00000109955461,118.86144
2021-12-08 02:00:00,aqi,GRU,43.99999674387655,54.32024
2025-08-11 00:00:00,aqi,GRU,361.00000012126725,125.55094
2021-05-08 15:00:00,aqi,GRU,111.999997939143,107.962776
2023-06-12 18:00:00,aqi,GRU,291.00000363131204,288.36005
2021-06-12 17:00:00,aqi,GRU,325.00000124420734,325.49777
2023-02-05 15:00:00,aqi,GRU,65.9999987107358,65.949974
2021-08-01 23:00:00,aqi,GRU,280.9999973104889,261.82083
2021-02-12 04:00:00,aqi,GRU,370.9999945031386,358.09277
2025-03-02 12:00:00,aqi,GRU,347.999997873673,338.7316
2021-07-10 01:00:00,aqi,GRU,112.99999857122532,132.93596
2024-04-06 19:00:00,aqi,GRU,245.99999906551128,247.61858
2025-03-06 23:00:00,aqi,GRU,158.00000015228818,149.93654
2025-09-05 18:00:00,aqi,GRU,166.0000007318398,164.80048
2024-06-10 22:00:00,aqi,GRU,137.0000018022492,164.04097
2021-10-08 07:00:00,aqi,GRU,76.00000503155898,80.23241
2021-12-03 06:00:00,aqi,GRU,242.0000025066579,237.57968
2021-11-07 23:00:00,aqi,GRU,101.00000292518928,97.99613
2025-09-06 17:00:00,aqi,GRU,208.0000004166557,205.79956
2021-02-05 15:00:00,aqi,GRU,168.99999964334881,165.58122
2021-06-05 19:00:00,aqi,GRU,154.00000060869684,161.57475
2024-12-02 07:00:00,aqi,GRU,208.0000004166557,203.8037
2022-10-09 08:00:00,aqi,GRU,117.00000109955461,116.850136
2025-09-04 08:00:00,aqi,GRU,259.00000131310554,252.53009
2022-08-06 00:00:00,aqi,GRU,168.99999964334881,160.06174
2021-01-03 07:00:00,aqi,GRU,163.00000032796183,159.14684
2024-09-11 03:00:00,aqi,GRU,372.9999957673033,374.0391
2025-05-09 05:00:00,aqi,GRU,56.99999899147082,52.796635
2024-09-04 12:00:00,aqi,GRU,144.00000025734954,154.44348
2021-12-03 04:00:00,aqi,GRU,244.99999843342894,241.82198
2025-05-09 19:00:00,aqi,GRU,50.999995198976904,47.755833
2024-07-02 21:00:00,aqi,GRU,161.9999996958795,154.85495
2021-02-01 20:00:00,aqi,GRU,427.00000602184497,413.6062
2021-02-09 22:00:00,aqi,GRU,83.99999814926575,88.51914
2024-01-01 14:00:00,aqi,GRU,349.9999991378376,348.28058
2024-06-01 15:00:00,aqi,GRU,345.00000194690193,325.48117
2023-05-09 18:00:00,aqi,GRU,111.999997939143,101.32633
2025-10-07 02:00:00,aqi,GRU,74.00000376739435,85.17036
2022-07-03 14:00:00,aqi,GRU,242.0000025066579,238.64787
2023-11-06 00:00:00,aqi,GRU,131.9999986418376,244.4448
2024-01-07 07:00:00,aqi,GRU,101.9999975877957,100.914566
2023-02-07 08:00:00,aqi,GRU,56.99999899147082,58.142002
2022-02-09 06:00:00,aqi,GRU,101.00000292518928,96.28286
2021-07-11 17:00:00,aqi,GRU,409.9999893069696,417.1713
2023-07-08 19:00:00,aqi,GRU,168.99999964334881,130.11739
2025-06-12 17:00:00,aqi,GRU,336.00000222763697,333.76843
2021-05-03 22:00:00,aqi,GRU,259.00000131310554,254.04736
2024-04-03 05:00:00,aqi,GRU,155.00000124077917,145.69841
2021-09-12 22:00:00,aqi,GRU,304.00000587890634,290.36148
2024-03-11 11:00:00,aqi,GRU,363.0000013854319,357.20142
2023-12-04 12:00:00,aqi,GRU,203.00000024098205,219.9754
2025-12-01 13:00:00,aqi,GRU,331.0000050367013,325.49655
2022-08-04 23:00:00,aqi,GRU,253.99999815269393,219.60892
2024-01-05 14:00:00,aqi,GRU,175.99999959081813,170.25381
2024-06-04 22:00:00,aqi,GRU,138.99999709693793,146.48389
2023-09-11 11:00:00,aqi,GRU,430.00000194861605,427.2346
2025-12-12 22:00:00,aqi,GRU,358.9999988571026,347.7806
2024-09-05 16:00:00,aqi,GRU,147.99999980094088,153.05692
2023-04-09 18:00:00,aqi,GRU,129.99999737767297,124.66803
2021-08-07 16:00:00,aqi,GRU,168.99999964334881,132.15688
2024-09-12 12:00:00,aqi,GRU,184.00000017036976,193.13454
2022-09-12 01:00:00,aqi,GRU,168.99999964334881,240.11159
2023-08-04 09:00:00,aqi,GRU,185.99999994216543,188.11836
2022-04-06 09:00:00,aqi,GRU,222.99999945130764,221.1364
2023-12-08 08:00:00,aqi,GRU,123.99999955465495,122.67529
2025-09-09 00:00:00,aqi,GRU,110.99999730706068,82.065
2021-04-05 21:00:00,aqi,GRU,132.9999992739199,132.4133
2022-10-09 16:00:00,aqi,GRU,110.99999730706068,115.414185
2025-06-03 21:00:00,aqi,GRU,129.99999737767297,121.62106
2022-07-06 02:00:00,aqi,GRU,168.99999964334881,153.78326
2021-03-10 17:00:00,aqi,GRU,101.00000292518928,91.795906
2022-12-08 16:00:00,aqi,GRU,59.000000255635456,60.48067
2021-09-10 09:00:00,aqi,GRU,183.00000028447192,187.1441
2024-04-11 17:00:00,aqi,GRU,372.0000011046969,367.9554
2025-04-08 15:00:00,aqi,GRU,109.00000201237194,106.50769
2023-08-06 20:00:00,aqi,GRU,172.0000000472268,174.44508
2022-05-11 03:00:00,aqi,GRU,437.0000004037164,411.0701
2024-09-03 13:00:00,aqi,GRU,185.0000000562676,190.0366
2023-02-02 02:00:00,aqi,GRU,178.00000010879828,161.21829
2025-09-10 15:00:00,aqi,GRU,99.00000166102464,92.291374
2023-05-02 16:00:00,aqi,GRU,221.99999881922534,226.09291
2025-02-12 05:00:00,aqi,GRU,322.99999998004273,325.92676
2024-11-11 22:00:00,aqi,GRU,340.0000047559662,319.06293
2023-07-07 05:00:00,aqi,GRU,47.99999927220583,48.394215
2025-08-11 15:00:00,aqi,GRU,363.0000013854319,367.50092
2023-09-12 22:00:00,aqi,GRU,311.00000433400663,296.89557
2024-02-05 17:00:00,aqi,GRU,160.00000141645282,156.74863
2024-11-13 01:00:00,aqi,GRU,168.99999964334881,231.66917
2022-03-11 10:00:00,aqi,GRU,431.99999127382887,428.59525
2025-03-10 05:00:00,aqi,GRU,86.99999407603681,80.372345
2022-11-11 08:00:00,aqi,GRU,336.9999968902434,335.02112
2021-02-11 13:00:00,aqi,GRU,298.9999967490188,293.7053
2022-01-08 10:00:00,aqi,GRU,67.99999997490043,77.307304
2022-11-09 06:00:00,aqi,GRU,99.00000166102464,96.43828
2021-11-03 21:00:00,aqi,GRU,271.00000292861745,268.4412
2024-08-08 12:00:00,aqi,GRU,52.99999646314154,56.540287
2021-12-08 17:00:00,aqi,GRU,119.99999702632567,121.99459
2023-09-12 15:00:00,aqi,GRU,302.00000461474167,304.51825
2025-01-13 00:00:00,aqi,GRU,168.99999964334881,319.68497
2022-08-01 17:00:00,aqi,GRU,81.99999688510111,81.83415
2025-01-07 17:00:00,aqi,GRU,61.999996182406505,61.84107
2025-02-03 00:00:00,aqi,GRU,130.99999800975527,329.31882
2024-02-09 07:00:00,aqi,GRU,83.99999814926575,98.620544
2024-01-12 07:00:00,aqi,GRU,320.99999871587806,320.58377
2021-06-05 16:00:00,aqi,GRU,133.99999990600224,166.41829
2025-02-08 16:00:00,aqi,GRU,74.00000376739435,73.54294
2023-03-13 02:00:00,aqi,GRU,168.99999964334881,194.54175
2024-12-03 17:00:00,aqi,GRU,147.99999980094088,155.70927
2024-02-08 18:00:00,aqi,GRU,67.99999997490043,65.18936
2021-01-12 05:00:00,aqi,GRU,336.00000222763697,324.99255
2021-12-02 10:00:00,aqi,GRU,354.0000016661669,351.24457
2023-04-08 10:00:00,aqi,GRU,86.99999407603681,83.17577
2023-08-06 02:00:00,aqi,GRU,226.00000134755462,240.75293
2023-02-07 01:00:00,aqi,GRU,56.99999899147082,80.63319
2021-07-03 18:00:00,aqi,GRU,289.99999702975384,283.98642
2022-04-04 16:00:00,aqi,GRU,258.0000006810232,248.34204
2024-08-03 07:00:00,aqi,GRU,175.00000045110477,178.40477
2025-08-08 15:00:00,aqi,GRU,113.99999920330764,115.08294
2022-09-06 16:00:00,aqi,GRU,88.99999534020145,106.22956
2022-02-04 18:00:00,aqi,GRU,239.00000061041092,227.50146
2025-07-07 08:00:00,aqi,GRU,88.99999534020145,85.13495
2021-12-02 04:00:00,aqi,GRU,349.0000044752312,321.7981
2024-11-09 08:00:00,aqi,GRU,74.99999843000077,75.8956
2021-05-05 08:00:00,aqi,GRU,132.9999992739199,131.7414
2025-11-10 04:00:00,aqi,GRU,193.00000007618087,192.62375
2025-12-03 12:00:00,aqi,GRU,276.0000001195532,282.2968
2023-08-11 15:00:00,aqi,GRU,402.00000812821463,401.03586
2025-09-02 00:00:00,aqi,GRU,160.9999990637972,344.75858
2021-11-12 19:00:00,aqi,GRU,237.99999997832862,245.63226
2024-07-07 03:00:00,aqi,GRU,56.00000432886438,57.241077
2024-02-11 02:00:00,aqi,GRU,311.99999899661304,325.7894
2021-03-11 06:00:00,aqi,GRU,293.9999995580831,286.2617
2023-04-05 18:00:00,aqi,GRU,83.00000348665932,86.79815
2023-02-12 21:00:00,aqi,GRU,354.99999632877336,347.80603
2022-02-07 09:00:00,aqi,GRU,56.00000432886438,56.47791
2021-09-09 10:00:00,aqi,GRU,91.00000257384198,98.79161
2021-10-03 00:00:00,aqi,GRU,313.0000055981713,257.92737
2024-07-06 07:00:00,aqi,GRU,218.99999990771633,217.66788
2024-02-01 16:00:00,aqi,GRU,365.99999731220294,361.9359
2024-03-03 16:00:00,aqi,GRU,132.9999992739199,132.30446
2022-04-04 23:00:00,aqi,GRU,274.99999948747086,244.41545
2022-11-07 07:00:00,aqi,GRU,92.99999786853073,90.55913
2025-05-04 08:00:00,aqi,GRU,177.00000022290044,176.5354
2022-10-06 21:00:00,aqi,GRU,291.99999829391845,293.279
2025-12-04 13:00:00,aqi,GRU,128.00000208298422,128.55507
2023-01-10 17:00:00,aqi,GRU,136.00000117016688,134.98877
2024-01-11 11:00:00,aqi,GRU,369.99999984053227,367.5875
2025-11-09 08:00:00,aqi,GRU,81.00000222249469,79.99726
2025-07-03 17:00:00,aqi,GRU,213.99999973204268,212.02626
2024-04-07 12:00:00,aqi,GRU,50.999995198976904,58.381306
2022-11-12 08:00:00,aqi,GRU,168.99999964334881,160.3665
2021-01-09 12:00:00,aqi,GRU,168.99999964334881,108.50281
2022-08-09 15:00:00,aqi,GRU,121.99999829049031,131.66109
2021-09-12 07:00:00,aqi,GRU,243.99999780134664,246.29842
2022-08-08 14:00:00,aqi,GRU,61.000001519800094,61.37183
2022-09-02 15:00:00,aqi,GRU,242.9999971692643,243.3757
2024-04-06 23:00:00,aqi,GRU,234.00000043473727,202.86897
2024-06-05 00:00:00,aqi,GRU,216.00000099620732,183.65762
2023-06-09 09:00:00,aqi,GRU,117.00000109955461,117.809074
2023-11-10 13:00:00,aqi,GRU,178.9999999946961,176.35133
2023-04-08 22:00:00,aqi,GRU,86.99999407603681,103.965645
2025-06-07 14:00:00,aqi,GRU,81.99999688510111,89.59091
2021-11-06 09:00:00,aqi,GRU,122.99999892257263,121.31252
2021-10-03 11:00:00,aqi,GRU,230.99999853849033,243.64708
2022-09-04 09:00:00,aqi,GRU,265.99999976820584,262.28024
2025-07-04 04:00:00,aqi,GRU,224.00000008338998,221.96996
2024-07-09 18:00:00,aqi,GRU,61.999996182406505,61.190266
2022-11-06 19:00:00,aqi,GRU,231.99999917057264,236.81639
2021-10-10 15:00:00,aqi,GRU,206.00000064486002,204.64157
2021-10-08 18:00:00,aqi,GRU,54.00000306469974,66.92302
2023-11-03 02:00:00,aqi,GRU,180.99999976649178,177.74727
2021-07-02 03:00:00,aqi,GRU,221.00000117188097,223.64395
2025-02-08 02:00:00,aqi,GRU,54.00000306469974,57.59882
2021-12-09 03:00:00,aqi,GRU,68.99999463750686,76.99111
2022-04-07 00:00:00,aqi,GRU,86.99999407603681,150.7797
2024-03-11 02:00:00,aqi,GRU,361.9999947838737,381.80148
2023-12-08 12:00:00,aqi,GRU,123.99999955465495,121.11735
2021-02-06 12:00:00,aqi,GRU,114.99999983538996,112.04735
2024-07-04 11:00:00,aqi,GRU,155.9999988881235,163.09361
2025-07-12 03:00:00,aqi,GRU,320.99999871587806,313.04074
2022-06-02 20:00:00,aqi,GRU,208.99999955636903,211.30186
2022-03-10 12:00:00,aqi,GRU,111.999997939143,112.792625
2021-08-02 10:00:00,aqi,GRU,298.9999967490188,303.0873
2022-09-03 09:00:00,aqi,GRU,183.00000028447192,190.91585
2025-09-04 22:00:00,aqi,GRU,267.0000004002882,255.90251
2022-03-03 03:00:00,aqi,GRU,168.99999964334881,141.2708
2024-11-12 19:00:00,aqi,GRU,240.00000124249325,237.44179
2023-08-12 11:00:00,aqi,GRU,309.99999773244843,314.8664
2024-07-12 05:00:00,aqi,GRU,202.0000003550842,204.88292
2025-04-02 05:00:00,aqi,GRU,300.9999980131835,296.88547
2023-10-10 01:00:00,aqi,GRU,152.9999999766145,149.86441
2024-08-10 12:00:00,aqi,GRU,159.00000078437049,165.39645
2025-01-12 05:00:00,aqi,GRU,309.99999773244843,309.4956
2024-05-07 00:00:00,aqi,GRU,58.000005593029016,196.82431
2022-11-08 13:00:00,aqi,GRU,63.00000278396473,72.98912
2022-12-09 19:00:00,aqi,GRU,98.00000102894232,94.10753
2025-09-05 20:00:00,aqi,GRU,164.00000096004413,166.26549
2024-12-07 04:00:00,aqi,GRU,131.9999986418376,129.0034
2024-03-06 12:00:00,aqi,GRU,138.99999709693793,135.0738
2025-02-13 02:00:00,aqi,GRU,168.99999964334881,275.75192
2021-05-02 17:00:00,aqi,GRU,101.9999975877957,157.23886
2024-02-01 22:00:00,aqi,GRU,365.0000026495965,336.84985
2024-12-09 14:00:00,aqi,GRU,50.000000536370464,50.240314
2023-05-12 13:00:00,aqi,GRU,322.00000531743626,318.39313
2025-07-10 02:00:00,aqi,GRU,63.99999744657116,90.28278
2022-07-04 18:00:00,aqi,GRU,262.9999978719589,267.80975
2024-01-04 08:00:00,aqi,GRU,147.99999980094088,148.64082
2022-04-03 11:00:00,aqi,GRU,185.0000000562676,181.92398
2023-12-07 17:00:00,aqi,GRU,72.00000250322971,82.90295
2021-02-08 12:00:00,aqi,GRU,74.99999843000077,79.35319
2023-04-10 06:00:00,aqi,GRU,154.00000060869684,149.92024
2022-07-08 09:00:00,aqi,GRU,104.99999948404266,107.04252
2024-03-03 15:00:00,aqi,GRU,121.99999829049031,134.7039
2023-07-05 03:00:00,aqi,GRU,192.00000000373691,193.78488
2022-04-07 20:00:00,aqi,GRU,100.00000229310696,90.794426
2022-07-11 02:00:00,aqi,GRU,343.9999953453437,350.66986
2021-11-12 09:00:00,aqi,GRU,288.0000017350651,286.0576
2021-02-06 09:00:00,aqi,GRU,97.00000039686,90.92977
2021-09-10 04:00:00,aqi,GRU,183.00000028447192,190.70903
2025-04-12 17:00:00,aqi,GRU,336.00000222763697,326.91693
2024-12-07 06:00:00,aqi,GRU,129.00000271506653,127.47591
2021-02-02 11:00:00,aqi,GRU,307.9999964682838,304.18875
2021-12-09 02:00:00,aqi,GRU,72.99999716583613,80.9422
2023-10-04 04:00:00,aqi,GRU,195.00000003452266,200.82912
2023-11-12 08:00:00,aqi,GRU,329.999998435143,324.47055
2025-12-07 14:00:00,aqi,GRU,90.00000194175966,89.44878
2023-09-05 19:00:00,aqi,GRU,192.00000000373691,197.56972
2025-10-02 22:00:00,aqi,GRU,283.9999992067358,269.6113
2024-06-01 18:00:00,aqi,GRU,340.0000047559662,343.13007
2022-07-12 09:00:00,aqi,GRU,168.99999964334881,134.8265
2025-04-07 02:00:00,aqi,GRU,83.99999814926575,88.1731
2022-06-10 04:00:00,aqi,GRU,161.9999996958795,164.84818
2022-08-08 00:00:00,aqi,GRU,72.00000250322971,97.15812
2024-03-12 07:00:00,aqi,GRU,305.99999520411916,301.04086
2025-01-06 15:00:00,aqi,GRU,213.00000059232934,205.60947
2025-11-05 04:00:00,aqi,GRU,203.99999938069539,201.57146
2023-05-03 08:00:00,aqi,GRU,131.9999986418376,131.39758
2021-09-08 01:00:00,aqi,GRU,77.99999435677184,79.18995
2021-09-11 04:00:00,aqi,GRU,376.99999829563257,359.19656
2021-04-08 13:00:00,aqi,GRU,54.99999772730618,56.09531
2025-10-08 11:00:00,aqi,GRU,59.000000255635456,63.48083
2022-01-02 08:00:00,aqi,GRU,369.0000051779258,361.43564
2021-06-06 19:00:00,aqi,GRU,114.99999983538996,114.67032
2023-12-10 07:00:00,aqi,GRU,166.0000007318398,175.35088
2024-06-01 17:00:00,aqi,GRU,340.99999941857266,341.86057
2024-04-05 15:00:00,aqi,GRU,254.99999878477627,255.13237
2021-09-09 04:00:00,aqi,GRU,93.99999850061305,97.6942
2024-05-05 09:00:00,aqi,GRU,262.9999978719589,271.43567
2023-07-10 22:00:00,aqi,GRU,168.00000050363548,184.91544
2024-04-08 16:00:00,aqi,GRU,81.00000222249469,74.9053
2024-02-02 04:00:00,aqi,GRU,168.99999964334881,161.41441
2025-10-03 15:00:00,aqi,GRU,222.99999945130764,222.17203
2022-10-11 13:00:00,aqi,GRU,283.9999992067358,284.5636
2025-09-05 02:00:00,aqi,GRU,186.99999982806327,182.04411
2022-05-05 21:00:00,aqi,GRU,133.99999990600224,122.438
2024-06-07 02:00:00,aqi,GRU,63.00000278396473,71.03379
2022-07-11 22:00:00,aqi,GRU,363.9999960480383,346.79825
2023-02-04 14:00:00,aqi,GRU,99.00000166102464,101.59349
2024-11-04 16:00:00,aqi,GRU,173.00000067930912,171.60933
2023-11-07 14:00:00,aqi,GRU,59.99999491824187,66.31307
2023-03-01 13:00:00,aqi,GRU,391.00000714478506,396.6408
2022-09-08 22:00:00,aqi,GRU,106.00000011612498,102.971756
2025-07-03 08:00:00,aqi,GRU,206.00000064486002,207.30878
2025-03-03 00:00:00,aqi,GRU,144.00000025734954,286.4794
2025-11-02 06:00:00,aqi,GRU,283.9999992067358,276.97812
2021-09-09 16:00:00,aqi,GRU,65.00000404812937,82.34318
2024-11-10 10:00:00,aqi,GRU,151.9999993445322,154.70229
2021-09-04 16:00:00,aqi,GRU,183.00000028447192,196.29143
2023-10-02 10:00:00,aqi,GRU,185.0000000562676,187.71451
2022-09-08 10:00:00,aqi,GRU,112.99999857122532,114.37645
2025-08-12 05:00:00,aqi,GRU,327.9999971709784,322.696
2022-07-12 21:00:00,aqi,GRU,168.99999964334881,154.57916
2023-10-01 17:00:00,aqi,GRU,425.9999994202867,437.77255
2022-06-07 16:00:00,aqi,GRU,101.00000292518928,101.162384
2024-02-10 23:00:00,aqi,GRU,160.9999990637972,194.52185
2021-01-03 11:00:00,aqi,GRU,177.00000022290044,186.92268
2025-02-12 06:00:00,aqi,GRU,331.0000050367013,329.63626
2021-05-06 15:00:00,aqi,GRU,163.00000032796183,146.85146
2021-10-08 21:00:00,aqi,GRU,56.00000432886438,66.23134
2025-02-03 05:00:00,aqi,GRU,145.99999853677622,146.73524
2023-12-03 20:00:00,aqi,GRU,198.99999995120623,203.24855
2024-06-10 23:00:00,aqi,GRU,135.00000053808458,174.98398
2022-08-03 16:00:00,aqi,GRU,287.00000110298276,289.6029
2023-01-12 11:00:00,aqi,GRU,392.9999964699979,387.0718
2021-07-11 15:00:00,aqi,GRU,417.99999436362816,420.21606
2022-10-04 01:00:00,aqi,GRU,248.0000003296759,263.65155
2024-02-02 18:00:00,aqi,GRU,168.99999964334881,142.35005
2022-07-06 10:00:00,aqi,GRU,168.99999964334881,125.628265
2021-01-08 22:00:00,aqi,GRU,63.99999744657116,72.91227
2022-02-06 10:00:00,aqi,GRU,184.00000017036976,180.35847
2024-02-05 21:00:00,aqi,GRU,166.99999987155314,154.18936
2023-09-02 03:00:00,aqi,GRU,175.99999959081813,214.1426
2025-05-02 21:00:00,aqi,GRU,286.00000047090043,278.0191
2024-05-04 02:00:00,aqi,GRU,142.9999996252672,149.3814
2021-01-04 02:00:00,aqi,GRU,160.00000141645282,157.67159
2025-11-07 19:00:00,aqi,GRU,70.00000123906507,69.63093
2023-10-05 22:00:00,aqi,GRU,202.0000003550842,200.76472
2023-05-05 21:00:00,aqi,GRU,168.99999964334881,167.72716
2024-04-09 10:00:00,aqi,GRU,72.99999716583613,70.42321
2021-07-10 08:00:00,aqi,GRU,113.99999920330764,112.53163
2021-03-04 02:00:00,aqi,GRU,150.9999987124499,163.40823
2025-10-05 02:00:00,aqi,GRU,164.9999986073885,166.65778
2023-12-01 18:00:00,aqi,GRU,349.0000044752312,357.47046
2021-07-05 18:00:00,aqi,GRU,244.99999843342894,214.74077
2024-11-10 22:00:00,aqi,GRU,145.99999853677622,173.89453
2025-05-06 14:00:00,aqi,GRU,168.99999964334881,148.34189
2023-12-07 23:00:00,aqi,GRU,63.00000278396473,84.58436
2023-01-12 17:00:00,aqi,GRU,387.0000046164557,387.67465
2022-12-08 07:00:00,aqi,GRU,59.000000255635456,60.790592
2025-05-10 14:00:00,aqi,GRU,168.00000050363548,153.0483
2022-06-08 14:00:00,aqi,GRU,76.00000503155898,78.86634
2023-02-04 00:00:00,aqi,GRU,93.99999850061305,214.26445
2023-07-12 14:00:00,aqi,GRU,288.0000017350651,292.69333
2024-01-10 22:00:00,aqi,GRU,137.0000018022492,164.65543
2021-01-04 13:00:00,aqi,GRU,149.0000004330232,144.25919
2024-12-11 15:00:00,aqi,GRU,327.9999971709784,329.6367
2021-05-12 18:00:00,aqi,GRU,296.0000008222478,288.06842
2021-10-11 13:00:00,aqi,GRU,356.00000293033156,358.0353
2022-01-09 20:00:00,aqi,GRU,110.99999730706068,109.8482
2024-07-06 17:00:00,aqi,GRU,269.00000166445284,265.84763
2022-08-10 18:00:00,aqi,GRU,30.999994496282312,35.618504
2023-11-05 04:00:00,aqi,GRU,240.00000124249325,229.3075
2022-06-04 06:00:00,aqi,GRU,235.99999871416398,238.5944
2021-12-12 12:00:00,aqi,GRU,226.00000134755462,223.26007
2024-08-03 01:00:00,aqi,GRU,173.99999981902246,175.66614
2022-06-05 08:00:00,aqi,GRU,224.00000008338998,219.23547
2024-04-10 21:00:00,aqi,GRU,177.00000022290044,186.52188
2025-01-02 23:00:00,aqi,GRU,374.0000023688615,330.5447
2025-03-11 22:00:00,aqi,GRU,296.0000008222478,297.1153
2021-02-02 22:00:00,aqi,GRU,338.0000034918016,320.63324
2025-10-04 08:00:00,aqi,GRU,261.9999972398766,255.50493
2023-03-02 14:00:00,aqi,GRU,183.00000028447192,182.0087
2022-10-12 16:00:00,aqi,GRU,168.99999964334881,190.28339
2024-07-02 14:00:00,aqi,GRU,142.9999996252672,146.51546
2024-04-11 02:00:00,aqi,GRU,369.0000051779258,378.15027
2021-05-03 19:00:00,aqi,GRU,293.9999995580831,287.94562
2023-04-01 12:00:00,aqi,GRU,372.0000011046969,371.98724
2025-04-02 18:00:00,aqi,GRU,325.00000124420734,310.8884
2021-02-04 04:00:00,aqi,GRU,164.00000096004413,159.86734
2025-05-08 23:00:00,aqi,GRU,103.99999885196034,117.62673
2023-07-01 11:00:00,aqi,GRU,409.000006583315,416.1738
2023-04-07 18:00:00,aqi,GRU,142.9999996252672,137.02927
2025-08-04 10:00:00,aqi,GRU,240.00000124249325,248.85603
2021-08-11 19:00:00,aqi,GRU,374.0000023688615,387.4465
2022-10-08 17:00:00,aqi,GRU,101.9999975877957,100.897545
2025-03-12 20:00:00,aqi,GRU,347.999997873673,346.6872
2021-09-07 04:00:00,aqi,GRU,168.99999964334881,111.09667
2025-02-12 00:00:00,aqi,GRU,314.0000002607777,337.9387
2022-12-01 17:00:00,aqi,GRU,178.00000010879828,171.13145
2025-01-10 19:00:00,aqi,GRU,85.00000475082396,82.143974
2022-08-02 04:00:00,aqi,GRU,177.00000022290044,189.13148
2021-07-01 19:00:00,aqi,GRU,263.99999850404123,267.45544
2023-03-04 22:00:00,aqi,GRU,160.9999990637972,153.74268
2023-09-10 10:00:00,aqi,GRU,168.99999964334881,124.874565
2022-08-06 23:00:00,aqi,GRU,168.99999964334881,132.5821
2022-06-01 17:00:00,aqi,GRU,259.00000131310554,265.3049
2021-09-12 21:00:00,aqi,GRU,302.00000461474167,292.2159
2022-06-12 04:00:00,aqi,GRU,168.99999964334881,173.26491
2024-06-01 23:00:00,aqi,GRU,343.9999953453437,305.58337
2022-01-09 22:00:00,aqi,GRU,111.999997939143,111.148285
2023-07-07 04:00:00,aqi,GRU,47.99999927220583,47.46976
2023-06-03 04:00:00,aqi,GRU,113.99999920330764,117.86549
2022-02-03 02:00:00,aqi,GRU,185.0000000562676,178.65398
2023-04-05 14:00:00,aqi,GRU,81.99999688510111,84.229225
2021-09-07 03:00:00,aqi,GRU,168.99999964334881,116.60469
2022-06-07 09:00:00,aqi,GRU,101.00000292518928,102.36342
2023-08-10 14:00:00,aqi,GRU,144.00000025734954,147.29762
2023-02-08 09:00:00,aqi,GRU,81.99999688510111,80.87984
2023-04-03 17:00:00,aqi,GRU,120.99999765840799,122.60704
2021-08-03 09:00:00,aqi,GRU,242.9999971692643,246.44646
2021-09-06 21:00:00,aqi,GRU,262.9999978719589,273.5869
2023-11-12 13:00:00,aqi,GRU,336.9999968902434,334.63275
2024-10-09 04:00:00,aqi,GRU,93.99999850061305,100.17676
2023-12-04 00:00:00,aqi,GRU,239.00000061041092,204.6745
2023-12-03 23:00:00,aqi,GRU,193.00000007618087,196.79922
2024-02-02 06:00:00,aqi,GRU,168.99999964334881,152.20383
2022-06-02 07:00:00,aqi,GRU,216.9999986435517,210.2243
2024-06-11 18:00:00,aqi,GRU,254.99999878477627,262.01797
2022-03-04 14:00:00,aqi,GRU,246.99999969759358,254.06682
2023-01-05 12:00:00,aqi,GRU,91.00000257384198,89.40656
2024-12-10 14:00:00,aqi,GRU,138.00000243433152,125.97976
2025-08-03 22:00:00,aqi,GRU,184.00000017036976,184.29326
2025-04-05 04:00:00,aqi,GRU,230.99999853849033,229.26848
2024-01-09 16:00:00,aqi,GRU,86.99999407603681,81.64032
2023-05-07 23:00:00,aqi,GRU,83.99999814926575,85.33876
2023-02-08 20:00:00,aqi,GRU,83.00000348665932,83.06721
2024-02-04 15:00:00,aqi,GRU,129.00000271506653,128.0689
2021-03-04 01:00:00,aqi,GRU,151.9999993445322,158.66652
2022-01-02 19:00:00,aqi,GRU,360.00000545866084,362.30896
2025-09-06 19:00:00,aqi,GRU,208.99999955636903,210.00764
2022-12-12 21:00:00,aqi,GRU,168.99999964334881,179.86479
2022-05-02 11:00:00,aqi,GRU,206.00000064486002,205.31297
2024-05-07 12:00:00,aqi,GRU,76.99999969416541,75.96951
2025-12-11 11:00:00,aqi,GRU,406.9999933801986,386.12396
2022-11-09 05:00:00,aqi,GRU,101.00000292518928,98.211105
2025-01-07 14:00:00,aqi,GRU,67.00000531229401,79.27298
2024-04-04 04:00:00,aqi,GRU,168.99999964334881,166.85408
2024-01-04 01:00:00,aqi,GRU,180.99999976649178,177.2823
2023-03-12 14:00:00,aqi,GRU,327.9999971709784,328.2894
2022-02-13 02:00:00,aqi,GRU,168.99999964334881,247.86584
2024-03-02 14:00:00,aqi,GRU,145.99999853677622,146.57755
2023-04-03 18:00:00,aqi,GRU,122.99999892257263,123.643196
2022-03-04 08:00:00,aqi,GRU,242.0000025066579,241.35185
2022-05-03 19:00:00,aqi,GRU,106.00000011612498,106.33812
2022-04-05 10:00:00,aqi,GRU,293.0000048954767,283.11963
2023-03-08 17:00:00,aqi,GRU,74.99999843000077,76.4677
2024-11-08 15:00:00,aqi,GRU,52.0000018005351,51.368732
2025-10-04 12:00:00,aqi,GRU,259.00000131310554,260.54584
2023-08-03 16:00:00,aqi,GRU,216.00000099620732,218.16022
2024-12-09 03:00:00,aqi,GRU,81.00000222249469,82.12499
2023-08-08 07:00:00,aqi,GRU,103.99999885196034,117.67392
2022-10-05 05:00:00,aqi,GRU,149.0000004330232,151.65099
2021-09-09 11:00:00,aqi,GRU,88.00000067759503,96.37863
2023-05-06 12:00:00,aqi,GRU,138.00000243433152,155.58122
2021-09-11 10:00:00,aqi,GRU,378.9999995597972,380.10428
2024-11-03 16:00:00,aqi,GRU,211.999999960247,219.16603
2025-11-03 21:00:00,aqi,GRU,272.9999982233062,272.5798
2022-03-02 20:00:00,aqi,GRU,323.9999946426491,317.4912
2025-07-06 11:00:00,aqi,GRU,192.00000000373691,194.39342
2022-07-06 17:00:00,aqi,GRU,168.99999964334881,124.03034
2024-05-09 17:00:00,aqi,GRU,59.000000255635456,61.015766
2025-12-01 16:00:00,aqi,GRU,327.9999971709784,323.44693
2023-04-09 09:00:00,aqi,GRU,137.0000018022492,134.75072
2023-09-02 23:00:00,aqi,GRU,227.99999962698132,226.35352
2025-12-03 13:00:00,aqi,GRU,271.99999759122386,276.964
2023-03-11 00:00:00,aqi,GRU,424.9999928187285,179.68808
2025-01-05 02:00:00,aqi,GRU,173.00000067930912,188.45883
2022-10-12 21:00:00,aqi,GRU,168.99999964334881,210.45624
2022-06-09 14:00:00,aqi,GRU,114.99999983538996,121.95896
2025-10-10 11:00:00,aqi,GRU,142.9999996252672,142.54642
2021-03-05 16:00:00,aqi,GRU,217.99999927563402,203.08174
2024-10-03 16:00:00,aqi,GRU,198.99999995120623,197.73601
2024-06-05 20:00:00,aqi,GRU,208.0000004166557,197.15245
2025-04-07 23:00:00,aqi,GRU,119.00000236371925,140.92255
2023-02-05 06:00:00,aqi,GRU,74.99999843000077,71.338615
2024-02-07 13:00:00,aqi,GRU,129.99999737767297,131.84453
2022-03-08 17:00:00,aqi,GRU,118.00000173163693,113.224236
2021-03-12 19:00:00,aqi,GRU,340.0000047559662,343.38928
2022-04-08 14:00:00,aqi,GRU,107.0000007482073,104.16213
2023-01-03 21:00:00,aqi,GRU,173.00000067930912,180.54187
2022-07-11 19:00:00,aqi,GRU,367.00000391376113,366.30798
2023-07-03 14:00:00,aqi,GRU,161.9999996958795,172.24883
2025-08-08 05:00:00,aqi,GRU,110.00000264445426,110.20917
2025-01-05 01:00:00,aqi,GRU,173.99999981902246,190.82298
2025-01-08 19:00:00,aqi,GRU,45.00000334543478,46.579014
2021-04-09 05:00:00,aqi,GRU,61.000001519800094,67.186905
2021-06-09 20:00:00,aqi,GRU,168.99999964334881,116.616486
2022-04-08 19:00:00,aqi,GRU,109.00000201237194,103.39526
2023-01-06 21:00:00,aqi,GRU,94.99999913269536,91.67978
2022-09-13 01:00:00,aqi,GRU,168.99999964334881,232.04248
2022-09-04 00:00:00,aqi,GRU,253.99999815269393,150.1321
2024-05-06 02:00:00,aqi,GRU,210.9999993281647,200.96912
2025-02-07 17:00:00,aqi,GRU,85.00000475082396,85.51291
2023-02-10 02:00:00,aqi,GRU,138.99999709693793,148.87375
2022-03-11 06:00:00,aqi,GRU,401.00000152665643,401.69864
2023-08-07 11:00:00,aqi,GRU,59.000000255635456,65.34627
2025-05-12 21:00:00,aqi,GRU,338.999998154408,323.9089
2022-05-06 01:00:00,aqi,GRU,168.99999964334881,157.88666
2022-11-02 23:00:00,aqi,GRU,172.0000000472268,189.41856
2021-02-06 19:00:00,aqi,GRU,121.99999829049031,115.05042
2025-02-02 02:00:00,aqi,GRU,367.00000391376113,341.53226
2023-05-08 08:00:00,aqi,GRU,168.99999964334881,109.09376
2024-10-04 07:00:00,aqi,GRU,155.00000124077917,154.088
2021-02-08 16:00:00,aqi,GRU,79.99999562093647,74.61081
2023-07-01 18:00:00,aqi,GRU,392.9999964699979,397.36588
2023-04-03 02:00:00,aqi,GRU,133.99999990600224,130.04347
2022-06-03 06:00:00,aqi,GRU,121.99999829049031,122.46248
2022-08-10 15:00:00,aqi,GRU,29.999999833675872,32.937046
2024-01-03 14:00:00,aqi,GRU,243.99999780134664,181.57204
2022-06-11 00:00:00,aqi,GRU,365.0000026495965,84.11011
2025-07-07 21:00:00,aqi,GRU,63.00000278396473,69.22199
2021-10-09 11:00:00,aqi,GRU,70.00000123906507,77.03881
2024-02-01 20:00:00,aqi,GRU,361.9999947838737,354.5913
2022-03-07 18:00:00,aqi,GRU,74.99999843000077,74.68381
2025-08-02 01:00:00,aqi,GRU,155.00000124077917,169.86583
2022-12-02 08:00:00,aqi,GRU,173.99999981902246,172.15707
2024-05-08 09:00:00,aqi,GRU,81.00000222249469,78.15676
2021-05-02 18:00:00,aqi,GRU,100.00000229310696,123.6642
2021-09-01 21:00:00,aqi,GRU,314.9999949233841,306.72
2024-02-03 04:00:00,aqi,GRU,144.00000025734954,143.43463
2023-02-08 03:00:00,aqi,GRU,79.99999562093647,81.07332
2022-01-09 04:00:00,aqi,GRU,112.99999857122532,112.90354
2024-12-11 04:00:00,aqi,GRU,343.0000006827373,337.68314
2022-09-03 10:00:00,aqi,GRU,170.9999994151445,186.99274
2023-09-11 22:00:00,aqi,GRU,425.9999994202867,401.0887
2022-10-09 12:00:00,aqi,GRU,116.00000046747228,122.78495
2025-01-10 22:00:00,aqi,GRU,97.00000039686,111.73465
2025-05-02 07:00:00,aqi,GRU,345.00000194690193,332.2602
2023-01-12 04:00:00,aqi,GRU,391.9999898684397,377.73526
2022-10-10 17:00:00,aqi,GRU,32.99999576044695,34.90694
2021-07-04 19:00:00,aqi,GRU,168.99999964334881,123.58541
2022-09-06 23:00:00,aqi,GRU,100.00000229310696,104.42665
2025-12-08 09:00:00,aqi,GRU,98.00000102894232,97.886894
2021-02-10 11:00:00,aqi,GRU,104.99999948404266,104.525734
2024-01-10 04:00:00,aqi,GRU,129.00000271506653,124.59527
2024-08-06 16:00:00,aqi,GRU,222.99999945130764,221.63707
2022-03-09 08:00:00,aqi,GRU,123.99999955465495,118.89403
2025-10-06 16:00:00,aqi,GRU,208.0000004166557,205.2326
2022-03-06 01:00:00,aqi,GRU,235.0000010668196,203.62898
2024-05-02 15:00:00,aqi,GRU,138.00000243433152,139.052
2025-08-01 20:00:00,aqi,GRU,327.9999971709784,334.203
2022-05-03 11:00:00,aqi,GRU,110.99999730706068,120.78176
2025-04-08 17:00:00,aqi,GRU,108.00000138028962,106.67785
2022-07-09 16:00:00,aqi,GRU,110.00000264445426,118.91407
2023-02-08 02:00:00,aqi,GRU,79.99999562093647,81.463135
2023-03-06 14:00:00,aqi,GRU,112.99999857122532,112.78303
2025-01-04 19:00:00,aqi,GRU,146.99999916885855,136.6137
2022-06-06 16:00:00,aqi,GRU,168.99999964334881,129.77611
2022-06-09 23:00:00,aqi,GRU,116.00000046747228,125.361595
2024-10-10 11:00:00,aqi,GRU,142.9999996252672,143.92322
2023-12-11 01:00:00,aqi,GRU,220.00000053979863,244.99905
2022-09-11 00:00:00,aqi,GRU,387.0000046164557,57.48052
2024-09-07 05:00:00,aqi,GRU,65.9999987107358,73.8087
2021-07-10 17:00:00,aqi,GRU,121.99999829049031,123.218506
2025-07-12 12:00:00,aqi,GRU,311.00000433400663,313.60678
2021-08-07 00:00:00,aqi,GRU,168.99999964334881,220.3626
2025-12-02 12:00:00,aqi,GRU,242.9999971692643,243.35814
2024-11-03 04:00:00,aqi,GRU,213.99999973204268,205.26169
2023-11-09 21:00:00,aqi,GRU,52.99999646314154,62.20255
2023-12-03 06:00:00,aqi,GRU,206.00000064486002,214.17778
2024-06-08 11:00:00,aqi,GRU,56.99999899147082,57.660892
2025-08-10 14:00:00,aqi,GRU,61.000001519800094,58.74419
2024-07-06 05:00:00,aqi,GRU,203.99999938069539,196.51129
2024-07-05 17:00:00,aqi,GRU,267.0000004002882,269.16043
2023-05-03 05:00:00,aqi,GRU,131.9999986418376,129.4374
2024-06-12 21:00:00,aqi,GRU,186.99999982806327,202.41888
2022-03-11 11:00:00,aqi,GRU,168.99999964334881,437.5984
2022-06-07 21:00:00,aqi,GRU,98.00000102894232,93.1469
2021-10-09 02:00:00,aqi,GRU,72.00000250322971,87.00667
2025-01-02 08:00:00,aqi,GRU,387.9999992790622,379.81644
2021-04-10 18:00:00,aqi,GRU,41.99999547971191,45.746693
2024-05-03 18:00:00,aqi,GRU,141.00000134584053,143.04904
2025-11-07 01:00:00,aqi,GRU,59.000000255635456,73.560036
2024-12-08 05:00:00,aqi,GRU,50.000000536370464,45.945698
2025-04-04 19:00:00,aqi,GRU,234.00000043473727,220.76292
2023-03-04 05:00:00,aqi,GRU,123.99999955465495,133.70346
2025-02-06 03:00:00,aqi,GRU,158.00000015228818,158.38736
2024-06-04 19:00:00,aqi,GRU,138.99999709693793,141.7046
2025-07-08 01:00:00,aqi,GRU,112.99999857122532,118.515045
2023-04-03 10:00:00,aqi,GRU,117.00000109955461,121.996666
2023-06-06 16:00:00,aqi,GRU,241.00000187457556,137.97882
2025-02-07 19:00:00,aqi,GRU,85.99999941343039,81.53251
2022-12-04 19:00:00,aqi,GRU,241.00000187457556,231.7617
2023-11-11 02:00:00,aqi,GRU,224.00000008338998,237.11227
2024-05-06 19:00:00,aqi,GRU,244.99999843342894,246.25215
2023-06-03 20:00:00,aqi,GRU,130.99999800975527,127.74689
2021-09-10 12:00:00,aqi,GRU,183.00000028447192,188.30144
2025-04-07 20:00:00,aqi,GRU,109.00000201237194,103.31479
2021-07-12 08:00:00,aqi,GRU,291.00000363131204,289.56195
2022-04-03 22:00:00,aqi,GRU,155.00000124077917,159.10056
2025-08-11 14:00:00,aqi,GRU,358.9999988571026,360.76733
2022-06-11 07:00:00,aqi,GRU,358.0000041944962,345.22552
2022-11-08 23:00:00,aqi,GRU,58.000005593029016,67.26517
2025-08-05 09:00:00,aqi,GRU,175.00000045110477,172.69687
2022-04-07 16:00:00,aqi,GRU,91.00000257384198,93.749084
2021-02-04 15:00:00,aqi,GRU,155.9999988881235,152.48155
2023-06-01 20:00:00,aqi,GRU,427.9999887454996,420.10468
2023-07-11 19:00:00,aqi,GRU,391.9999898684397,383.214
2021-01-05 12:00:00,aqi,GRU,235.99999871416398,255.057
2023-10-08 00:00:00,aqi,GRU,127.00000145090189,66.751335
2021-09-11 06:00:00,aqi,GRU,378.9999995597972,370.6351
2021-06-11 05:00:00,aqi,GRU,448.00000138714597,431.86212
2025-10-07 12:00:00,aqi,GRU,68.99999463750686,79.13261
2023-12-03 15:00:00,aqi,GRU,208.99999955636903,207.10774
2024-06-12 06:00:00,aqi,GRU,184.00000017036976,180.074
2025-11-09 03:00:00,aqi,GRU,76.00000503155898,81.213005
2024-01-02 04:00:00,aqi,GRU,283.9999992067358,289.24536
2022-08-08 13:00:00,aqi,GRU,58.000005593029016,60.322376
2023-09-11 10:00:00,aqi,GRU,427.00000602184497,423.93063
2024-03-09 16:00:00,aqi,GRU,83.00000348665932,79.75953
2022-12-10 04:00:00,aqi,GRU,86.99999407603681,117.08256
2023-10-07 13:00:00,aqi,GRU,56.00000432886438,59.541904
2022-05-06 03:00:00,aqi,GRU,168.99999964334881,143.24565
2021-07-12 23:00:00,aqi,GRU,252.9999975206116,245.8183
2021-08-01 11:00:00,aqi,GRU,243.99999780134664,242.15317
2023-10-04 06:00:00,aqi,GRU,188.00000008705334,191.05524
2023-03-08 04:00:00,aqi,GRU,74.99999843000077,75.02605
2025-08-01 10:00:00,aqi,GRU,378.0000048971908,374.93903
2022-11-10 10:00:00,aqi,GRU,34.00000236200515,42.23525
2023-12-05 08:00:00,aqi,GRU,242.0000025066579,243.22018
2023-09-02 16:00:00,aqi,GRU,230.00000089114593,223.25461
2022-10-03 06:00:00,aqi,GRU,145.99999853677622,147.1955
2023-05-09 08:00:00,aqi,GRU,112.99999857122532,112.7635
2021-12-10 23:00:00,aqi,GRU,192.00000000373691,230.50102
2021-01-12 09:00:00,aqi,GRU,334.99999562607877,326.53632
2021-06-10 22:00:00,aqi,GRU,112.99999857122532,130.81238
2022-10-11 15:00:00,aqi,GRU,286.00000047090043,284.5154
2024-07-11 07:00:00,aqi,GRU,358.0000041944962,269.88416
2023-07-01 16:00:00,aqi,GRU,395.0000096731143,405.7231
2025-11-03 15:00:00,aqi,GRU,269.00000166445284,261.24884
2024-02-06 04:00:00,aqi,GRU,198.0000000653084,189.11108
2023-03-02 11:00:00,aqi,GRU,185.99999994216543,188.9489
2023-09-04 10:00:00,aqi,GRU,202.0000003550842,208.05327
2024-07-02 00:00:00,aqi,GRU,152.9999999766145,301.26297
2025-11-04 10:00:00,aqi,GRU,189.9999999987586,198.82045
2022-11-10 08:00:00,aqi,GRU,32.99999576044695,34.693424
2025-09-12 00:00:00,aqi,GRU,314.0000002607777,333.93954
2022-06-06 17:00:00,aqi,GRU,168.99999964334881,126.35537
2021-12-03 22:00:00,aqi,GRU,208.99999955636903,198.53758
2022-08-12 02:00:00,aqi,GRU,168.99999964334881,186.2883
2021-01-04 09:00:00,aqi,GRU,150.0000010651055,149.59528
2022-05-08 06:00:00,aqi,GRU,90.00000194175966,87.976585
2025-03-05 00:00:00,aqi,GRU,129.00000271506653,206.18274
2025-05-06 09:00:00,aqi,GRU,154.00000060869684,145.66989
2024-06-12 23:00:00,aqi,GRU,188.99999997295117,218.83246
2022-03-06 02:00:00,aqi,GRU,237.99999997832862,206.49855
2021-01-10 16:00:00,aqi,GRU,129.00000271506653,123.40384
2023-11-06 19:00:00,aqi,GRU,122.99999892257263,133.42311
2024-05-04 23:00:00,aqi,GRU,160.9999990637972,191.11758
2021-11-11 01:00:00,aqi,GRU,367.9999985763676,382.28403
2023-09-11 01:00:00,aqi,GRU,419.00000096518636,421.86426
2025-08-07 10:00:00,aqi,GRU,83.99999814926575,83.57782
2022-10-04 11:00:00,aqi,GRU,244.99999843342894,246.70952
2024-10-03 22:00:00,aqi,GRU,208.0000004166557,201.8464
2025-03-10 21:00:00,aqi,GRU,77.99999435677184,70.88101
2024-09-02 06:00:00,aqi,GRU,141.00000134584053,142.4343
2021-11-04 07:00:00,aqi,GRU,175.00000045110477,171.1488
2024-08-01 21:00:00,aqi,GRU,392.9999964699979,372.21585
2021-02-01 19:00:00,aqi,GRU,427.9999887454996,425.64523
2025-08-03 13:00:00,aqi,GRU,178.9999999946961,180.46942
2023-03-01 19:00:00,aqi,GRU,387.9999992790622,390.82925
2023-02-11 19:00:00,aqi,GRU,389.0000058806204,402.29712
2025-09-08 04:00:00,aqi,GRU,113.99999920330764,114.5053
2022-11-02 17:00:00,aqi,GRU,161.9999996958795,160.62015
2024-03-02 12:00:00,aqi,GRU,138.99999709693793,137.81291
2025-09-03 02:00:00,aqi,GRU,189.9999999987586,201.85406
2022-10-05 15:00:00,aqi,GRU,147.99999980094088,146.036
2025-07-03 02:00:00,aqi,GRU,175.99999959081813,180.7231
2024-07-02 22:00:00,aqi,GRU,131.9999986418376,157.26222
2021-05-03 05:00:00,aqi,GRU,280.9999973104889,276.76947
2025-05-04 20:00:00,aqi,GRU,160.00000141645282,154.30809
2024-12-12 05:00:00,aqi,GRU,261.00000257727015,256.6728
2025-07-10 06:00:00,aqi,GRU,65.00000404812937,63.811375
2023-05-03 23:00:00,aqi,GRU,114.99999983538996,106.16554
2021-01-10 07:00:00,aqi,GRU,125.00000018673727,121.73276
2023-08-12 12:00:00,aqi,GRU,309.99999773244843,313.54706
2024-08-10 01:00:00,aqi,GRU,145.99999853677622,177.62949
2024-08-08 06:00:00,aqi,GRU,61.000001519800094,66.44571
2022-04-13 02:00:00,aqi,GRU,168.99999964334881,189.54922
2024-12-11 10:00:00,aqi,GRU,343.9999953453437,334.77496
2023-09-02 10:00:00,aqi,GRU,199.99999983710404,201.93526
2024-03-03 11:00:00,aqi,GRU,120.99999765840799,131.29132
2024-09-11 16:00:00,aqi,GRU,358.9999988571026,360.50555
2022-11-09 17:00:00,aqi,GRU,94.99999913269536,94.19473
2021-02-08 23:00:00,aqi,GRU,77.99999435677184,88.099976
2024-05-10 18:00:00,aqi,GRU,149.0000004330232,142.99506
2021-07-03 12:00:00,aqi,GRU,274.99999948747086,277.34805
2023-09-03 15:00:00,aqi,GRU,104.99999948404266,108.06426
2023-03-10 17:00:00,aqi,GRU,141.9999989931849,133.28783
2021-07-08 14:00:00,aqi,GRU,116.00000046747228,116.641426
2022-07-03 21:00:00,aqi,GRU,253.99999815269393,257.45166
2024-07-09 09:00:00,aqi,GRU,61.999996182406505,66.84407
2023-01-03 01:00:00,aqi,GRU,186.99999982806327,184.30676
2023-10-04 02:00:00,aqi,GRU,197.00000017941056,200.54845
2022-07-02 14:00:00,aqi,GRU,185.0000000562676,181.14178
2021-03-05 10:00:00,aqi,GRU,200.99999972300188,192.95168
2025-04-09 16:00:00,aqi,GRU,47.000004609599415,56.068073
2023-09-08 01:00:00,aqi,GRU,111.999997939143,113.91133
2022-05-08 15:00:00,aqi,GRU,83.99999814926575,85.29102
2023-10-10 19:00:00,aqi,GRU,155.9999988881235,154.99434
2023-04-11 02:00:00,aqi,GRU,448.00000138714597,435.1556
2023-05-12 14:00:00,aqi,GRU,320.99999871587806,318.76926
2025-12-07 17:00:00,aqi,GRU,94.99999913269536,91.72463
2025-06-06 11:00:00,aqi,GRU,166.99999987155314,168.3258
2024-05-06 07:00:00,aqi,GRU,210.9999993281647,204.01718
2023-04-06 18:00:00,aqi,GRU,250.00000159384055,238.58054
2023-05-11 23:00:00,aqi,GRU,445.00000546037495,407.71436
2024-06-02 22:00:00,aqi,GRU,152.9999999766145,154.44926
2022-04-12 22:00:00,aqi,GRU,168.99999964334881,189.77425
2024-10-03 02:00:00,aqi,GRU,192.00000000373691,187.69852
2024-01-05 13:00:00,aqi,GRU,177.00000022290044,173.36444
2022-11-12 01:00:00,aqi,GRU,168.99999964334881,266.998
2023-07-05 12:00:00,aqi,GRU,141.9999989931849,148.52322
2022-01-04 22:00:00,aqi,GRU,222.99999945130764,217.94742
2023-09-04 22:00:00,aqi,GRU,198.0000000653084,192.86131
2023-06-05 03:00:00,aqi,GRU,168.99999964334881,157.0817
2022-04-10 13:00:00,aqi,GRU,119.49999969502245,127.96289
2024-03-08 01:00:00,aqi,GRU,76.99999969416541,86.60608
2022-07-05 08:00:00,aqi,GRU,193.00000007618087,195.88222
2022-12-13 01:00:00,aqi,GRU,168.99999964334881,171.06197
2023-04-08 08:00:00,aqi,GRU,86.99999407603681,82.22101
2021-01-03 22:00:00,aqi,GRU,173.99999981902246,168.87393
2021-12-08 16:00:00,aqi,GRU,119.99999702632567,120.063805
2024-10-12 02:00:00,aqi,GRU,190.9999999779295,176.37637
2022-06-10 00:00:00,aqi,GRU,195.49999997747156,134.0386
2023-07-06 00:00:00,aqi,GRU,109.00000201237194,135.17851
2024-12-05 18:00:00,aqi,GRU,141.00000134584053,143.02281
2024-04-03 06:00:00,aqi,GRU,155.9999988881235,143.00003
2023-07-09 08:00:00,aqi,GRU,94.99999913269536,95.19008
2023-01-08 14:00:00,aqi,GRU,81.00000222249469,79.21086
2025-07-08 10:00:00,aqi,GRU,122.99999892257263,122.4433
2023-01-01 17:00:00,aqi,GRU,226.999998994899,227.48352
2023-05-10 13:00:00,aqi,GRU,166.0000007318398,169.11707
2025-12-01 11:00:00,aqi,GRU,334.0000009634723,326.26202
2024-02-06 17:00:00,aqi,GRU,146.99999916885855,162.99782
2021-03-12 21:00:00,aqi,GRU,343.0000006827373,331.40527
2021-02-12 22:00:00,aqi,GRU,409.000006583315,385.11386
2025-12-05 21:00:00,aqi,GRU,139.99999772902027,136.96848
2022-08-07 07:00:00,aqi,GRU,88.00000067759503,88.76575
2023-12-12 16:00:00,aqi,GRU,340.99999941857266,339.16388
2025-01-12 13:00:00,aqi,GRU,309.000003069842,311.17776
2024-01-05 05:00:00,aqi,GRU,180.99999976649178,170.73178
2023-01-07 03:00:00,aqi,GRU,52.99999646314154,52.83449
2022-04-05 08:00:00,aqi,GRU,289.00000236714743,274.95334
2024-02-12 12:00:00,aqi,GRU,286.00000047090043,287.43146
2023-07-01 22:00:00,aqi,GRU,396.99999899832716,358.97385
2024-04-04 07:00:00,aqi,GRU,164.00000096004413,156.89919
2023-10-01 22:00:00,aqi,GRU,402.99999085186926,383.60727
2021-02-04 09:00:00,aqi,GRU,164.9999986073885,164.34105
2022-07-01 21:00:00,aqi,GRU,175.00000045110477,186.504
2021-11-12 02:00:00,aqi,GRU,302.00000461474167,304.87106
2022-04-06 21:00:00,aqi,GRU,230.00000089114593,221.44989
2021-03-03 05:00:00,aqi,GRU,166.99999987155314,161.49138
2021-12-07 14:00:00,aqi,GRU,91.00000257384198,88.4368
2024-03-04 01:00:00,aqi,GRU,133.99999990600224,132.86378
2025-06-12 19:00:00,aqi,GRU,329.0000037725366,325.40323
2021-04-06 15:00:00,aqi,GRU,152.9999999766145,161.13191
2023-09-01 22:00:00,aqi,GRU,496.0000078491937,456.88327
2024-11-05 02:00:00,aqi,GRU,175.99999959081813,185.78607
2021-08-10 08:00:00,aqi,GRU,151.9999993445322,150.37439
2025-10-12 09:00:00,aqi,GRU,287.00000110298276,288.2329
2025-12-12 00:00:00,aqi,GRU,313.0000055981713,357.9057
2021-11-03 20:00:00,aqi,GRU,268.0000010323705,266.90094
2023-09-03 19:00:00,aqi,GRU,110.99999730706068,112.61675
2022-09-06 02:00:00,aqi,GRU,168.99999964334881,121.00309
2022-09-04 11:00:00,aqi,GRU,264.99999913612356,267.81012
2023-12-07 13:00:00,aqi,GRU,76.99999969416541,82.7826
2022-10-05 14:00:00,aqi,GRU,147.99999980094088,147.25247
2022-01-04 01:00:00,aqi,GRU,304.00000587890634,307.74503
2023-02-11 15:00:00,aqi,GRU,361.9999947838737,354.42432
2024-06-03 09:00:00,aqi,GRU,152.9999999766145,152.79532
2025-10-04 01:00:00,aqi,GRU,264.99999913612356,257.69
2021-01-05 07:00:00,aqi,GRU,257.0000000489409,242.02141
2024-10-03 14:00:00,aqi,GRU,195.9999999204205,198.60258
2024-04-07 04:00:00,aqi,GRU,79.00000095833005,76.13091
2022-11-05 05:00:00,aqi,GRU,147.99999980094088,144.08908
2021-10-09 17:00:00,aqi,GRU,68.99999463750686,69.52692
2021-02-09 18:00:00,aqi,GRU,79.00000095833005,76.20876
2021-02-04 16:00:00,aqi,GRU,150.9999987124499,147.89825
2022-05-01 10:00:00,aqi,GRU,347.00000321106654,347.6503
2025-11-06 22:00:00,aqi,GRU,229.00000025906363,231.95139
2025-12-06 10:00:00,aqi,GRU,185.99999994216543,182.35228
2022-07-11 07:00:00,aqi,GRU,352.9999950646087,346.92163
2025-08-04 01:00:00,aqi,GRU,252.9999975206116,253.66762
2024-12-01 23:00:00,aqi,GRU,347.999997873673,309.35995
2025-02-06 02:00:00,aqi,GRU,161.9999996958795,168.39243
2022-10-07 00:00:00,aqi,GRU,92.99999786853073,244.89601
2022-02-10 21:00:00,aqi,GRU,145.00000088943187,142.62328
2023-05-08 16:00:00,aqi,GRU,168.99999964334881,111.32443
2025-02-04 19:00:00,aqi,GRU,168.99999964334881,235.20732
2025-06-06 02:00:00,aqi,GRU,172.0000000472268,171.74292
2022-11-08 08:00:00,aqi,GRU,72.00000250322971,85.45937
2025-01-12 22:00:00,aqi,GRU,309.000003069842,314.0506
2023-12-09 15:00:00,aqi,GRU,81.99999688510111,96.839676
2023-08-10 06:00:00,aqi,GRU,154.00000060869684,158.21318
2023-08-09 17:00:00,aqi,GRU,85.00000475082396,89.07128
2025-02-05 02:00:00,aqi,GRU,185.99999994216543,190.10399
2021-10-08 16:00:00,aqi,GRU,54.99999772730618,69.28258
2025-09-11 21:00:00,aqi,GRU,369.0000051779258,362.67584
2025-04-12 07:00:00,aqi,GRU,168.99999964334881,325.40067
2024-10-04 10:00:00,aqi,GRU,152.9999999766145,159.91296
2023-07-04 23:00:00,aqi,GRU,180.99999976649178,170.22533
2025-10-09 08:00:00,aqi,GRU,70.9999959016715,74.04696
2023-01-11 16:00:00,aqi,GRU,360.00000545866084,352.50153
2024-04-07 22:00:00,aqi,GRU,52.0000018005351,61.2092
2022-07-04 07:00:00,aqi,GRU,313.0000055981713,311.7142
2023-07-07 07:00:00,aqi,GRU,45.99999800804119,47.16173
2025-09-03 23:00:00,aqi,GRU,239.00000061041092,229.14772
2024-06-12 04:00:00,aqi,GRU,178.9999999946961,182.30226
2023-10-12 07:00:00,aqi,GRU,309.99999773244843,308.02393
2021-11-06 17:00:00,aqi,GRU,121.99999829049031,136.9694
2024-01-11 14:00:00,aqi,GRU,360.00000545866084,350.24054
2024-08-04 22:00:00,aqi,GRU,147.99999980094088,158.57349
2023-03-03 07:00:00,aqi,GRU,181.99999965238962,180.49104
2022-06-02 00:00:00,aqi,GRU,208.99999955636903,234.7102
2021-08-05 00:00:00,aqi,GRU,127.00000145090189,93.56364
2024-02-08 17:00:00,aqi,GRU,67.99999997490043,64.04805
2022-12-10 11:00:00,aqi,GRU,107.0000007482073,110.70271
2023-12-09 22:00:00,aqi,GRU,85.00000475082396,98.97795
2021-04-03 19:00:00,aqi,GRU,272.9999982233062,267.30286
2025-07-02 12:00:00,aqi,GRU,168.00000050363548,170.19226
2024-07-03 07:00:00,aqi,GRU,164.00000096004413,159.22902
2024-03-11 03:00:00,aqi,GRU,360.00000545866084,364.86835
2024-09-01 13:00:00,aqi,GRU,394.0000030715561,383.36057
2025-06-04 04:00:00,aqi,GRU,195.9999999204205,197.10506
2024-11-02 17:00:00,aqi,GRU,208.99999955636903,216.99135
2024-09-08 20:00:00,aqi,GRU,49.00000587376405,47.481174
2022-01-07 05:00:00,aqi,GRU,67.00000531229401,70.0286
2022-08-03 04:00:00,aqi,GRU,272.9999982233062,284.23126
2024-04-07 05:00:00,aqi,GRU,79.00000095833005,72.82384
2023-12-09 21:00:00,aqi,GRU,85.00000475082396,89.924
2022-11-09 03:00:00,aqi,GRU,103.99999885196034,103.82947
2023-11-06 17:00:00,aqi,GRU,123.99999955465495,133.26262
2022-09-02 16:00:00,aqi,GRU,236.99999934624628,236.87672
2021-08-04 14:00:00,aqi,GRU,193.00000007618087,193.79858
2024-04-05 12:00:00,aqi,GRU,252.0000028580052,247.87927
2023-01-10 19:00:00,aqi,GRU,136.00000117016688,133.05635
2023-06-10 13:00:00,aqi,GRU,195.00000003452266,195.106
2021-01-06 06:00:00,aqi,GRU,130.99999800975527,117.2326
2025-06-12 21:00:00,aqi,GRU,327.00000250837195,320.7335
2023-01-11 13:00:00,aqi,GRU,360.00000545866084,357.95786
2024-02-09 01:00:00,aqi,GRU,88.00000067759503,101.21282
2023-08-04 16:00:00,aqi,GRU,190.9999999779295,200.96689
2022-03-02 21:00:00,aqi,GRU,322.99999998004273,309.9011
2022-08-04 09:00:00,aqi,GRU,244.99999843342894,251.80644
2025-03-06 22:00:00,aqi,GRU,158.00000015228818,155.43721
2024-06-10 07:00:00,aqi,GRU,145.00000088943187,135.30708
2021-10-10 18:00:00,aqi,GRU,203.00000024098205,200.70596
2024-06-11 10:00:00,aqi,GRU,268.0000010323705,325.56152
2022-08-10 06:00:00,aqi,GRU,38.000004890334424,40.79891
2021-10-10 03:00:00,aqi,GRU,215.00000036412501,211.32312
2021-10-09 22:00:00,aqi,GRU,83.00000348665932,185.64134
2022-05-10 01:00:00,aqi,GRU,133.99999990600224,187.01683
2023-03-08 05:00:00,aqi,GRU,76.00000503155898,69.91599
2021-07-08 23:00:00,aqi,GRU,94.99999913269536,117.24991
2024-09-07 17:00:00,aqi,GRU,90.00000194175966,82.502716
2025-06-09 16:00:00,aqi,GRU,70.9999959016715,65.15433
2022-10-07 19:00:00,aqi,GRU,68.99999463750686,70.08271
2021-05-10 19:00:00,aqi,GRU,118.00000173163693,114.95958
2023-05-04 11:00:00,aqi,GRU,154.00000060869684,147.34927
2023-11-06 06:00:00,aqi,GRU,138.00000243433152,130.76076
2024-04-09 03:00:00,aqi,GRU,79.00000095833005,81.3694
2023-04-02 20:00:00,aqi,GRU,225.0000007154723,217.84799
2024-10-11 23:00:00,aqi,GRU,334.0000009634723,290.43353
2022-05-06 18:00:00,aqi,GRU,168.99999964334881,118.80008
2025-03-08 10:00:00,aqi,GRU,61.999996182406505,65.81652
2022-11-10 11:00:00,aqi,GRU,34.00000236200515,42.31998
2021-04-03 14:00:00,aqi,GRU,261.9999972398766,258.97305
2023-02-10 03:00:00,aqi,GRU,138.99999709693793,139.54631
2025-06-09 15:00:00,aqi,GRU,70.00000123906507,62.94322
2024-01-12 05:00:00,aqi,GRU,323.9999946426491,318.8275
2024-06-07 12:00:00,aqi,GRU,56.00000432886438,59.359364
2024-05-06 18:00:00,aqi,GRU,242.9999971692643,246.93231
2021-06-02 01:00:00,aqi,GRU,150.9999987124499,161.88515
2022-03-08 19:00:00,aqi,GRU,119.00000236371925,114.00423
2025-06-06 00:00:00,aqi,GRU,175.00000045110477,132.36932
2023-10-12 09:00:00,aqi,GRU,309.99999773244843,309.4846
2025-10-04 09:00:00,aqi,GRU,261.00000257727015,256.83206
2024-12-09 19:00:00,aqi,GRU,41.99999547971191,39.22127
2024-03-10 17:00:00,aqi,GRU,159.00000078437049,149.91995
2022-05-08 11:00:00,aqi,GRU,88.00000067759503,90.66406
2022-09-05 10:00:00,aqi,GRU,164.00000096004413,163.39195
2021-09-05 07:00:00,aqi,GRU,97.00000039686,99.87915
2025-03-03 20:00:00,aqi,GRU,183.00000028447192,169.73329
2021-06-02 19:00:00,aqi,GRU,221.00000117188097,215.16994
2024-09-10 23:00:00,aqi,GRU,138.99999709693793,181.11945
2021-03-03 07:00:00,aqi,GRU,173.00000067930912,168.58354
2024-04-09 21:00:00,aqi,GRU,52.0000018005351,57.569935
2024-12-03 01:00:00,aqi,GRU,186.99999982806327,194.52795
2025-01-04 00:00:00,aqi,GRU,178.00000010879828,145.35945
2022-05-05 20:00:00,aqi,GRU,122.99999892257263,123.59311
2024-07-08 11:00:00,aqi,GRU,81.99999688510111,79.673775
2023-01-13 02:00:00,aqi,GRU,168.99999964334881,236.36821
2025-04-05 09:00:00,aqi,GRU,234.00000043473727,236.79326
2025-12-11 03:00:00,aqi,GRU,395.99999239676896,400.9201
2024-07-12 02:00:00,aqi,GRU,194.00000014862482,191.70415
2022-07-03 22:00:00,aqi,GRU,258.0000006810232,257.646
2025-09-10 05:00:00,aqi,GRU,88.00000067759503,89.88769
2022-08-05 15:00:00,aqi,GRU,183.00000028447192,190.4259
2025-01-12 14:00:00,aqi,GRU,305.00000054151275,305.52737
2024-09-04 06:00:00,aqi,GRU,144.00000025734954,146.88615
2024-03-03 12:00:00,aqi,GRU,120.99999765840799,132.07603
2022-11-08 03:00:00,aqi,GRU,83.99999814926575,97.26411
2022-05-11 00:00:00,aqi,GRU,445.00000546037495,210.61517
2022-08-05 07:00:00,aqi,GRU,194.00000014862482,193.98251
2024-03-04 11:00:00,aqi,GRU,141.00000134584053,146.73721
2024-05-01 17:00:00,aqi,GRU,334.99999562607877,347.65802
2025-01-11 09:00:00,aqi,GRU,300.9999980131835,287.22717
2021-10-10 05:00:00,aqi,GRU,210.00000018845134,204.2914
2022-02-12 00:00:00,aqi,GRU,168.99999964334881,355.12463
2024-07-02 01:00:00,aqi,GRU,152.9999999766145,167.07628
2021-07-02 11:00:00,aqi,GRU,234.00000043473727,242.55894
2023-03-06 11:00:00,aqi,GRU,110.99999730706068,111.38065
2021-08-01 21:00:00,aqi,GRU,279.00000201580013,274.5754
2024-12-02 01:00:00,aqi,GRU,208.0000004166557,199.74721
2023-01-09 19:00:00,aqi,GRU,133.99999990600224,131.33952
2024-02-02 11:00:00,aqi,GRU,168.99999964334881,144.71909
2022-02-02 22:00:00,aqi,GRU,314.0000002607777,302.79044
2023-07-04 06:00:00,aqi,GRU,161.9999996958795,167.75252
2022-03-10 23:00:00,aqi,GRU,113.99999920330764,140.24146
2024-09-05 09:00:00,aqi,GRU,160.00000141645282,163.69835
2024-07-13 01:00:00,aqi,GRU,168.99999964334881,234.15388
2021-11-01 11:00:00,aqi,GRU,281.9999979425712,273.52878
2021-07-10 20:00:00,aqi,GRU,129.99999737767297,135.13365
2023-01-06 07:00:00,aqi,GRU,92.99999786853073,88.232414
2022-05-06 02:00:00,aqi,GRU,168.99999964334881,152.57704
2021-12-07 03:00:00,aqi,GRU,98.00000102894232,100.79888
2024-09-07 19:00:00,aqi,GRU,90.00000194175966,86.430954
2022-04-07 13:00:00,aqi,GRU,85.00000475082396,86.39237
2021-05-02 00:00:00,aqi,GRU,260.0000019451878,166.86607
2021-02-06 03:00:00,aqi,GRU,72.00000250322971,84.47364
2023-08-08 19:00:00,aqi,GRU,110.00000264445426,111.68457
2024-09-08 13:00:00,aqi,GRU,45.99999800804119,44.227787
2022-05-06 00:00:00,aqi,GRU,168.99999964334881,147.22952
2021-10-06 04:00:00,aqi,GRU,235.0000010668196,233.86299
2021-01-11 11:00:00,aqi,GRU,252.9999975206116,249.34207
2024-11-10 04:00:00,aqi,GRU,152.9999999766145,150.97548
2022-04-12 11:00:00,aqi,GRU,168.99999964334881,213.38242
2023-05-12 16:00:00,aqi,GRU,309.99999773244843,314.17838
2023-07-03 11:00:00,aqi,GRU,163.00000032796183,174.95993
2025-09-09 18:00:00,aqi,GRU,101.00000292518928,98.429184
2024-12-04 07:00:00,aqi,GRU,164.9999986073885,165.1062
2024-07-05 05:00:00,aqi,GRU,226.999998994899,224.24352
2021-07-06 04:00:00,aqi,GRU,119.00000236371925,120.83751
2021-12-09 13:00:00,aqi,GRU,70.00000123906507,74.917534
2022-02-04 17:00:00,aqi,GRU,237.99999997832862,225.22113
2023-12-04 16:00:00,aqi,GRU,206.00000064486002,206.97267
2023-12-07 03:00:00,aqi,GRU,76.00000503155898,79.26011
2025-06-11 02:00:00,aqi,GRU,263.99999850404123,271.50195
2022-02-11 16:00:00,aqi,GRU,374.0000023688615,377.90988
2022-09-03 13:00:00,aqi,GRU,160.00000141645282,166.53432
2023-03-11 06:00:00,aqi,GRU,467.9999901508888,439.4186
2024-03-08 11:00:00,aqi,GRU,70.00000123906507,71.88714
2021-09-07 20:00:00,aqi,GRU,126.00000081881959,128.06456
2024-02-13 00:00:00,aqi,GRU,168.99999964334881,308.22247
2023-02-09 07:00:00,aqi,GRU,141.00000134584053,136.45007
2024-05-03 03:00:00,aqi,GRU,150.9999987124499,142.52718
2025-07-12 08:00:00,aqi,GRU,316.9999961875488,312.44974
2025-04-12 00:00:00,aqi,GRU,334.99999562607877,284.5895
2021-06-12 22:00:00,aqi,GRU,305.00000054151275,299.30417
2024-09-07 18:00:00,aqi,GRU,90.00000194175966,84.097
2022-10-12 11:00:00,aqi,GRU,168.99999964334881,210.87318
2024-11-12 21:00:00,aqi,GRU,240.00000124249325,249.02637
2023-10-01 08:00:00,aqi,GRU,481.0000043374348,470.84537
2023-01-04 00:00:00,aqi,GRU,67.00000531229401,202.66888
2022-03-10 11:00:00,aqi,GRU,111.999997939143,112.800095
2024-02-08 19:00:00,aqi,GRU,67.99999997490043,66.92978
2021-08-11 14:00:00,aqi,GRU,369.99999984053227,375.18494
2023-01-03 15:00:00,aqi,GRU,172.0000000472268,176.87233
2024-09-04 15:00:00,aqi,GRU,144.00000025734954,147.66985
2024-04-10 14:00:00,aqi,GRU,186.99999982806327,180.40619
2025-01-05 12:00:00,aqi,GRU,186.99999982806327,188.61975
2022-05-05 11:00:00,aqi,GRU,142.9999996252672,146.80249
2021-12-07 21:00:00,aqi,GRU,85.00000475082396,88.77067
2025-05-09 03:00:00,aqi,GRU,54.99999772730618,58.144627
2025-08-04 16:00:00,aqi,GRU,246.99999969759358,242.01755
2024-11-02 19:00:00,aqi,GRU,208.99999955636903,215.14622
2024-01-08 20:00:00,aqi,GRU,54.99999772730618,55.660297
2021-05-12 07:00:00,aqi,GRU,276.0000001195532,271.5773
2025-12-10 00:00:00,aqi,GRU,168.99999964334881,129.79282
2023-06-07 20:00:00,aqi,GRU,50.000000536370464,51.45714
2021-04-10 13:00:00,aqi,GRU,168.99999964334881,104.501816
2022-09-02 10:00:00,aqi,GRU,277.00000075163547,278.86188
2022-02-04 04:00:00,aqi,GRU,229.00000025906363,219.86732
2024-09-12 20:00:00,aqi,GRU,164.9999986073885,181.0864
2024-03-10 01:00:00,aqi,GRU,163.00000032796183,161.45786
2024-12-08 19:00:00,aqi,GRU,47.99999927220583,45.03229
2021-08-11 07:00:00,aqi,GRU,363.9999960480383,361.88388
2025-12-04 04:00:00,aqi,GRU,142.9999996252672,148.0488
2021-05-04 03:00:00,aqi,GRU,145.00000088943187,137.0601
2022-12-08 14:00:00,aqi,GRU,59.000000255635456,62.974705
2022-01-05 03:00:00,aqi,GRU,237.99999997832862,230.66446
2021-12-06 04:00:00,aqi,GRU,144.00000025734954,136.7588
2025-09-10 03:00:00,aqi,GRU,85.00000475082396,96.55111
2025-08-07 06:00:00,aqi,GRU,72.99999716583613,71.2488
2025-04-09 09:00:00,aqi,GRU,47.99999927220583,50.575703
2022-01-07 14:00:00,aqi,GRU,56.00000432886438,48.569447
2022-12-05 06:00:00,aqi,GRU,155.00000124077917,143.51964
2023-06-07 22:00:00,aqi,GRU,50.000000536370464,54.92368
2021-09-10 19:00:00,aqi,GRU,194.00000014862482,197.25313
2022-07-05 07:00:00,aqi,GRU,202.0000003550842,197.38585
2023-11-09 22:00:00,aqi,GRU,56.99999899147082,76.37127
2022-12-07 19:00:00,aqi,GRU,90.00000194175966,84.816986
2025-01-03 19:00:00,aqi,GRU,128.00000208298422,128.5469
2024-05-07 13:00:00,aqi,GRU,77.99999435677184,76.76933
2024-05-02 10:00:00,aqi,GRU,138.99999709693793,138.917
2023-12-10 10:00:00,aqi,GRU,178.9999999946961,188.12029
2025-09-08 10:00:00,aqi,GRU,101.9999975877957,105.22084
2025-12-09 21:00:00,aqi,GRU,99.00000166102464,98.0369
2024-07-11 19:00:00,aqi,GRU,374.99999703146796,382.5664
2021-02-10 18:00:00,aqi,GRU,102.99999821987802,96.510574
2022-04-04 03:00:00,aqi,GRU,243.99999780134664,238.78041
2021-12-05 03:00:00,aqi,GRU,121.99999829049031,127.35164
2025-12-04 21:00:00,aqi,GRU,103.99999885196034,122.757866
2022-05-09 04:00:00,aqi,GRU,85.99999941343039,85.71697
2023-07-06 15:00:00,aqi,GRU,267.0000004002882,253.46353
2024-06-04 08:00:00,aqi,GRU,155.9999988881235,152.22273
2025-04-09 00:00:00,aqi,GRU,47.000004609599415,120.18398
2023-08-08 20:00:00,aqi,GRU,110.99999730706068,114.24611
2023-09-03 21:00:00,aqi,GRU,118.00000173163693,119.16732
2023-10-12 14:00:00,aqi,GRU,311.99999899661304,310.74536
2025-03-06 16:00:00,aqi,GRU,170.9999994151445,170.98619
2022-02-10 02:00:00,aqi,GRU,172.50000036326796,203.83998
2022-12-06 21:00:00,aqi,GRU,218.99999990771633,219.5715
2025-03-05 08:00:00,aqi,GRU,168.99999964334881,156.2595
2025-12-06 16:00:00,aqi,GRU,189.9999999987586,186.33975
2023-06-05 11:00:00,aqi,GRU,168.99999964334881,196.82607
2023-07-05 18:00:00,aqi,GRU,158.00000015228818,158.049
2022-10-01 18:00:00,aqi,GRU,150.0000010651055,146.58025
2022-05-03 00:00:00,aqi,GRU,144.00000025734954,242.64168
2025-09-10 17:00:00,aqi,GRU,101.00000292518928,95.711
2021-12-05 11:00:00,aqi,GRU,100.00000229310696,115.60889
2021-11-03 14:00:00,aqi,GRU,269.00000166445284,267.5418
2025-12-10 01:00:00,aqi,GRU,194.00000014862482,158.82129
2025-01-10 15:00:00,aqi,GRU,67.99999997490043,66.60703
2023-10-12 02:00:00,aqi,GRU,311.99999899661304,304.7307
2021-09-12 05:00:00,aqi,GRU,242.9999971692643,245.78368
2021-02-10 21:00:00,aqi,GRU,103.99999885196034,126.52904
2024-04-10 02:00:00,aqi,GRU,172.0000000472268,182.904
2023-05-09 11:00:00,aqi,GRU,110.00000264445426,119.66709
2024-02-04 04:00:00,aqi,GRU,118.00000173163693,114.45924
2024-01-10 09:00:00,aqi,GRU,128.00000208298422,128.093
2021-02-03 14:00:00,aqi,GRU,164.9999986073885,163.74474
2025-08-03 01:00:00,aqi,GRU,208.99999955636903,226.02382
2024-01-05 17:00:00,aqi,GRU,177.00000022290044,174.12161
2024-03-08 21:00:00,aqi,GRU,74.99999843000077,78.29819
2023-08-11 16:00:00,aqi,GRU,406.00001065654396,406.9704
2024-03-06 11:00:00,aqi,GRU,137.0000018022492,130.93747
2023-07-02 13:00:00,aqi,GRU,284.99999983881816,295.58322
2022-01-05 15:00:00,aqi,GRU,239.00000061041092,235.67935
2025-05-13 02:00:00,aqi,GRU,168.99999964334881,219.99028
2025-01-01 09:00:00,aqi,GRU,376.99999829563257,370.15466
2022-05-12 16:00:00,aqi,GRU,168.99999964334881,180.40756
2022-07-06 01:00:00,aqi,GRU,168.99999964334881,159.81302
2022-09-10 22:00:00,aqi,GRU,32.99999576044695,53.410206
2023-02-02 00:00:00,aqi,GRU,175.99999959081813,345.78534
2021-04-02 07:00:00,aqi,GRU,318.9999974517134,313.56204
2023-07-01 09:00:00,aqi,GRU,419.00000096518636,422.60577
2023-07-12 13:00:00,aqi,GRU,286.00000047090043,291.7937
2024-08-08 14:00:00,aqi,GRU,52.99999646314154,53.183628
2021-10-09 15:00:00,aqi,GRU,68.99999463750686,73.68224
2022-06-05 06:00:00,aqi,GRU,208.0000004166557,202.60027
2025-06-04 08:00:00,aqi,GRU,215.00000036412501,215.78374
2023-04-05 23:00:00,aqi,GRU,112.99999857122532,99.83758
2022-02-10 22:00:00,aqi,GRU,142.9999996252672,145.2389
2024-06-03 19:00:00,aqi,GRU,154.00000060869684,152.58067
2022-02-09 07:00:00,aqi,GRU,100.00000229310696,96.46592
2023-09-11 19:00:00,aqi,GRU,427.9999887454996,441.10986
2021-10-11 18:00:00,aqi,GRU,356.999997592938,365.8699
2021-07-09 14:00:00,aqi,GRU,65.00000404812937,77.93477
2021-04-04 15:00:00,aqi,GRU,158.00000015228818,169.19243
2024-04-12 19:00:00,aqi,GRU,183.00000028447192,188.15666
2022-08-04 20:00:00,aqi,GRU,252.9999975206116,262.4
2023-08-10 16:00:00,aqi,GRU,142.9999996252672,144.12834
2025-09-04 03:00:00,aqi,GRU,261.00000257727015,247.09813
2021-08-01 13:00:00,aqi,GRU,245.99999906551128,243.13104
2022-09-04 07:00:00,aqi,GRU,261.00000257727015,257.4069
2023-05-07 16:00:00,aqi,GRU,99.00000166102464,99.783615
2023-05-07 10:00:00,aqi,GRU,103.99999885196034,104.518295
2024-01-08 18:00:00,aqi,GRU,54.99999772730618,54.981937
2021-10-03 07:00:00,aqi,GRU,259.00000131310554,252.06787
2024-09-02 01:00:00,aqi,GRU,137.0000018022492,154.36803
2022-02-12 14:00:00,aqi,GRU,168.99999964334881,181.25476
2023-03-06 09:00:00,aqi,GRU,109.00000201237194,111.60991
2023-08-08 02:00:00,aqi,GRU,168.99999964334881,115.77157
2021-11-02 13:00:00,aqi,GRU,309.000003069842,298.97858
2024-09-07 09:00:00,aqi,GRU,76.99999969416541,81.963806
2025-07-06 20:00:00,aqi,GRU,185.0000000562676,191.07619
2022-05-08 02:00:00,aqi,GRU,98.00000102894232,104.135826
2025-01-07 15:00:00,aqi,GRU,67.00000531229401,68.51116
2023-07-09 16:00:00,aqi,GRU,97.00000039686,93.943214
2022-07-09 09:00:00,aqi,GRU,109.00000201237194,111.4787
2021-04-04 06:00:00,aqi,GRU,160.9999990637972,159.0631
2021-04-09 00:00:00,aqi,GRU,65.00000404812937,84.128426
2025-12-10 11:00:00,aqi,GRU,185.99999994216543,182.83621
2025-12-08 03:00:00,aqi,GRU,108.00000138028962,108.745514
2021-02-09 09:00:00,aqi,GRU,76.00000503155898,80.89284
2024-06-08 08:00:00,aqi,GRU,54.99999772730618,50.19457
2022-10-02 11:00:00,aqi,GRU,133.99999990600224,136.68457
2022-02-02 07:00:00,aqi,GRU,352.9999950646087,345.7332
2024-06-12 08:00:00,aqi,GRU,178.00000010879828,178.61723
2024-11-06 17:00:00,aqi,GRU,211.999999960247,209.21722
2021-02-05 11:00:00,aqi,GRU,160.00000141645282,169.50209
2021-05-02 01:00:00,aqi,GRU,249.00000096175822,260.3987
2024-07-04 13:00:00,aqi,GRU,155.00000124077917,161.57906
2024-02-07 11:00:00,aqi,GRU,128.00000208298422,129.71385
2025-10-05 09:00:00,aqi,GRU,185.99999994216543,190.38791
2024-12-05 03:00:00,aqi,GRU,203.99999938069539,202.79062
2022-07-03 07:00:00,aqi,GRU,217.99999927563402,220.30946
2025-06-06 23:00:00,aqi,GRU,166.99999987155314,144.4954
2022-02-03 20:00:00,aqi,GRU,168.99999964334881,278.5129
2023-03-08 20:00:00,aqi,GRU,77.99999435677184,75.85443
2022-01-05 06:00:00,aqi,GRU,248.0000003296759,246.92366
2025-01-07 05:00:00,aqi,GRU,65.00000404812937,69.9073
2025-01-08 21:00:00,aqi,GRU,47.99999927220583,46.639454
2023-08-01 22:00:00,aqi,GRU,394.0000030715561,370.8896
2025-07-04 14:00:00,aqi,GRU,253.99999815269393,261.96533
2025-04-11 02:00:00,aqi,GRU,298.0000020864124,322.80017
2025-03-03 21:00:00,aqi,GRU,184.00000017036976,177.53583
2021-11-09 03:00:00,aqi,GRU,98.00000102894232,99.036934
2022-04-06 02:00:00,aqi,GRU,230.00000089114593,215.07443
2021-05-03 00:00:00,aqi,GRU,286.00000047090043,152.91418
2023-08-05 07:00:00,aqi,GRU,136.00000117016688,126.281334
2021-03-08 15:00:00,aqi,GRU,63.99999744657116,66.472
2023-06-04 13:00:00,aqi,GRU,168.99999964334881,166.57799
2021-07-09 06:00:00,aqi,GRU,168.99999964334881,110.824524
2021-03-09 09:00:00,aqi,GRU,81.99999688510111,81.73587
2022-04-08 02:00:00,aqi,GRU,109.00000201237194,117.935524
2021-08-12 22:00:00,aqi,GRU,240.00000124249325,237.27072
2024-06-07 14:00:00,aqi,GRU,56.00000432886438,59.665897
2021-04-09 19:00:00,aqi,GRU,61.999996182406505,59.582172
2023-11-11 21:00:00,aqi,GRU,221.00000117188097,226.33566
2024-09-07 04:00:00,aqi,GRU,65.00000404812937,75.64291
2024-04-12 20:00:00,aqi,GRU,180.99999976649178,192.13976
2025-01-06 21:00:00,aqi,GRU,185.99999994216543,189.70123
2024-10-01 16:00:00,aqi,GRU,298.0000020864124,303.86258
2022-08-11 21:00:00,aqi,GRU,387.0000046164557,369.43192
2024-02-05 01:00:00,aqi,GRU,160.00000141645282,187.15039
2022-03-01 19:00:00,aqi,GRU,363.0000013854319,361.81674
2025-11-05 22:00:00,aqi,GRU,168.00000050363548,176.56494
2023-06-12 03:00:00,aqi,GRU,298.0000020864124,286.17145
2022-06-09 13:00:00,aqi,GRU,113.99999920330764,122.12702
2025-05-03 15:00:00,aqi,GRU,133.99999990600224,132.54547
2023-04-12 03:00:00,aqi,GRU,325.99999590681375,322.1011
2024-02-10 15:00:00,aqi,GRU,155.9999988881235,146.31845
2022-06-03 10:00:00,aqi,GRU,150.9999987124499,156.64886
2021-08-04 18:00:00,aqi,GRU,166.0000007318398,176.13422
2024-04-10 23:00:00,aqi,GRU,173.00000067930912,210.47075
2023-11-07 04:00:00,aqi,GRU,61.999996182406505,61.24677
2021-03-02 07:00:00,aqi,GRU,336.9999968902434,328.7862
2022-04-03 15:00:00,aqi,GRU,180.99999976649178,182.7644
2021-09-12 09:00:00,aqi,GRU,246.99999969759358,248.35861
2025-01-11 22:00:00,aqi,GRU,376.99999829563257,355.93857
2022-01-11 18:00:00,aqi,GRU,403.9999974534275,405.10315
2024-08-04 03:00:00,aqi,GRU,147.99999980094088,148.26422
2021-12-04 16:00:00,aqi,GRU,244.99999843342894,221.12982
2024-03-10 22:00:00,aqi,GRU,166.99999987155314,187.27339
2024-01-02 14:00:00,aqi,GRU,155.00000124077917,172.93797
2021-09-13 01:00:00,aqi,GRU,168.99999964334881,232.94492
2022-07-03 11:00:00,aqi,GRU,220.00000053979863,221.3509
2024-09-11 18:00:00,aqi,GRU,358.0000041944962,364.05563
2022-04-09 07:00:00,aqi,GRU,98.00000102894232,93.26982
2025-05-04 22:00:00,aqi,GRU,170.00000027543112,160.03397
2025-05-04 00:00:00,aqi,GRU,210.9999993281647,137.44836
2021-08-02 07:00:00,aqi,GRU,291.99999829391845,294.22104
2025-03-04 12:00:00,aqi,GRU,253.99999815269393,250.87994
2023-04-10 09:00:00,aqi,GRU,155.9999988881235,159.1166
2024-02-08 07:00:00,aqi,GRU,76.00000503155898,75.418625
2022-04-08 03:00:00,aqi,GRU,108.00000138028962,111.56868
2021-02-02 07:00:00,aqi,GRU,311.99999899661304,304.764
2025-08-05 12:00:00,aqi,GRU,185.0000000562676,191.63374
2021-01-05 16:00:00,aqi,GRU,252.0000028580052,250.03772
2023-02-08 14:00:00,aqi,GRU,85.99999941343039,84.932846
2021-09-10 18:00:00,aqi,GRU,184.00000017036976,184.41777
2023-11-01 17:00:00,aqi,GRU,329.999998435143,332.30817
2022-12-04 04:00:00,aqi,GRU,257.0000000489409,256.66357
2025-10-05 20:00:00,aqi,GRU,203.00000024098205,195.20665
2024-10-10 10:00:00,aqi,GRU,141.00000134584053,141.87048
2024-11-03 20:00:00,aqi,GRU,199.99999983710404,206.62764
2022-02-10 13:00:00,aqi,GRU,154.00000060869684,164.32239
2022-05-04 01:00:00,aqi,GRU,284.99999983881816,279.2829
2022-12-12 04:00:00,aqi,GRU,168.99999964334881,143.21634
2025-12-05 03:00:00,aqi,GRU,141.00000134584053,147.25136
2023-11-08 10:00:00,aqi,GRU,123.99999955465495,125.73556
2022-02-05 10:00:00,aqi,GRU,168.99999964334881,151.95293
2022-09-05 06:00:00,aqi,GRU,164.00000096004413,164.66934
2024-08-02 21:00:00,aqi,GRU,136.00000117016688,140.86746
2021-11-04 03:00:00,aqi,GRU,168.99999964334881,177.38445
2025-03-11 20:00:00,aqi,GRU,296.9999954848542,299.69998
2025-04-11 12:00:00,aqi,GRU,296.9999954848542,299.15387
2021-03-11 10:00:00,aqi,GRU,293.0000048954767,291.34073
2025-05-06 08:00:00,aqi,GRU,154.00000060869684,138.19543
2024-06-12 13:00:00,aqi,GRU,178.9999999946961,174.06584
2024-05-02 06:00:00,aqi,GRU,138.99999709693793,137.43106
2024-08-07 05:00:00,aqi,GRU,56.00000432886438,65.48889
2025-06-01 10:00:00,aqi,GRU,365.99999731220294,359.51486
2021-09-03 10:00:00,aqi,GRU,323.9999946426491,319.21204
2024-08-07 07:00:00,aqi,GRU,56.00000432886438,58.23891
2024-03-06 05:00:00,aqi,GRU,133.99999990600224,128.66618
2022-12-02 02:00:00,aqi,GRU,177.00000022290044,195.62169
2025-10-11 01:00:00,aqi,GRU,361.9999947838737,377.65536
2023-09-09 09:00:00,aqi,GRU,47.99999927220583,51.46854
2024-02-01 14:00:00,aqi,GRU,369.99999984053227,362.78186
2025-01-04 14:00:00,aqi,GRU,137.0000018022492,136.0737
2023-03-09 17:00:00,aqi,GRU,133.99999990600224,130.28246
2023-09-12 05:00:00,aqi,GRU,288.0000017350651,290.5336
2021-07-10 13:00:00,aqi,GRU,117.00000109955461,123.005424
2025-12-02 16:00:00,aqi,GRU,227.99999962698132,216.79622
2023-06-09 15:00:00,aqi,GRU,114.99999983538996,116.567635
2025-06-12 00:00:00,aqi,GRU,340.0000047559662,314.73685
2021-01-02 08:00:00,aqi,GRU,305.99999520411916,315.5345
2025-12-10 21:00:00,aqi,GRU,193.00000007618087,191.44952
2023-03-03 22:00:00,aqi,GRU,144.00000025734954,153.46509
2022-08-04 19:00:00,aqi,GRU,248.0000003296759,239.93285
2021-01-06 03:00:00,aqi,GRU,135.00000053808458,116.36204
2023-06-04 08:00:00,aqi,GRU,177.00000022290044,178.36867
2024-07-05 00:00:00,aqi,GRU,216.00000099620732,195.84749
2023-10-03 20:00:00,aqi,GRU,170.00000027543112,172.15726
2021-02-09 10:00:00,aqi,GRU,76.00000503155898,78.99644
2021-07-08 21:00:00,aqi,GRU,99.00000166102464,108.36212
2025-06-03 00:00:00,aqi,GRU,137.0000018022492,217.24666
2024-09-01 20:00:00,aqi,GRU,354.0000016661669,348.33847
2024-02-05 23:00:00,aqi,GRU,178.00000010879828,167.89401
2023-10-03 04:00:00,aqi,GRU,129.99999737767297,149.19588
2023-01-11 06:00:00,aqi,GRU,363.9999960480383,357.2246
2024-01-08 08:00:00,aqi,GRU,52.0000018005351,49.437
2022-11-11 07:00:00,aqi,GRU,331.0000050367013,323.88882
2022-09-10 16:00:00,aqi,GRU,32.00000109784051,35.57387
2024-07-10 09:00:00,aqi,GRU,141.00000134584053,143.27101
2022-02-05 17:00:00,aqi,GRU,168.99999964334881,145.75899
2024-01-05 16:00:00,aqi,GRU,175.99999959081813,172.97108
2023-12-09 17:00:00,aqi,GRU,85.99999941343039,82.23471
2024-07-08 19:00:00,aqi,GRU,59.000000255635456,61.4538
2024-10-05 14:00:00,aqi,GRU,152.9999999766145,151.3091
2025-06-11 22:00:00,aqi,GRU,340.0000047559662,323.34143
2024-05-01 19:00:00,aqi,GRU,334.99999562607877,338.0153
2022-02-10 06:00:00,aqi,GRU,168.99999964334881,180.14319
2025-09-13 02:00:00,aqi,GRU,168.99999964334881,202.92719
2025-08-07 00:00:00,aqi,GRU,58.000005593029016,159.14906
2025-11-09 18:00:00,aqi,GRU,83.99999814926575,73.505585
2023-03-07 13:00:00,aqi,GRU,103.99999885196034,98.42789
2021-11-03 00:00:00,aqi,GRU,184.00000017036976,309.83685
2021-01-10 09:00:00,aqi,GRU,126.00000081881959,124.76444
2024-02-01 15:00:00,aqi,GRU,367.9999985763676,362.25403
2021-07-02 04:00:00,aqi,GRU,222.99999945130764,223.11218
2024-04-02 08:00:00,aqi,GRU,175.00000045110477,169.32843
2021-01-09 20:00:00,aqi,GRU,76.99999969416541,77.392265
2025-02-03 22:00:00,aqi,GRU,142.9999996252672,144.88103
2022-10-08 21:00:00,aqi,GRU,99.00000166102464,102.511086
2025-02-10 20:00:00,aqi,GRU,110.00000264445426,105.06699
2022-02-02 08:00:00,aqi,GRU,352.00000040200223,346.13303
2021-05-02 14:00:00,aqi,GRU,119.00000236371925,145.20766
2025-08-03 02:00:00,aqi,GRU,210.9999993281647,224.52565
2025-10-09 04:00:00,aqi,GRU,74.99999843000077,77.813484
2023-02-12 17:00:00,aqi,GRU,372.9999957673033,372.12238
2022-12-01 13:00:00,aqi,GRU,160.00000141645282,153.5238
2021-12-05 09:00:00,aqi,GRU,97.00000039686,97.18362
2025-10-12 11:00:00,aqi,GRU,284.99999983881816,286.2431
2023-02-03 22:00:00,aqi,GRU,216.9999986435517,215.3698
2021-07-11 18:00:00,aqi,GRU,406.00001065654396,412.9203
2022-04-12 05:00:00,aqi,GRU,168.99999964334881,220.78494
2022-02-01 17:00:00,aqi,GRU,387.9999992790622,384.67773
2023-01-08 13:00:00,aqi,GRU,81.00000222249469,79.43695
2022-01-05 14:00:00,aqi,GRU,237.99999997832862,234.7839
2022-11-07 02:00:00,aqi,GRU,81.99999688510111,78.44665
2022-11-05 17:00:00,aqi,GRU,145.99999853677622,148.41081
2023-05-01 19:00:00,aqi,GRU,352.9999950646087,347.13528
2024-06-05 17:00:00,aqi,GRU,208.99999955636903,210.30669
2023-02-03 06:00:00,aqi,GRU,206.99999978457336,204.72585
2024-07-06 03:00:00,aqi,GRU,198.0000000653084,183.5954
2025-06-01 19:00:00,aqi,GRU,352.9999950646087,352.31085
2024-09-11 14:00:00,aqi,GRU,360.00000545866084,356.58713
2021-05-01 19:00:00,aqi,GRU,129.99999737767297,138.74689
2025-01-10 09:00:00,aqi,GRU,63.00000278396473,64.14581
2024-04-12 17:00:00,aqi,GRU,193.00000007618087,196.14781
2022-09-06 17:00:00,aqi,GRU,90.00000194175966,103.786804
2021-08-02 06:00:00,aqi,GRU,289.99999702975384,290.7415
2023-04-08 09:00:00,aqi,GRU,86.99999407603681,83.87476
2024-10-09 17:00:00,aqi,GRU,101.00000292518928,104.7687
2024-10-06 04:00:00,aqi,GRU,166.0000007318398,171.56093
2023-05-04 09:00:00,aqi,GRU,141.00000134584053,138.46065
2025-09-08 19:00:00,aqi,GRU,67.99999997490043,80.45401
2023-07-12 01:00:00,aqi,GRU,286.00000047090043,270.4291
2023-11-03 16:00:00,aqi,GRU,194.00000014862482,194.57855
2022-02-12 16:00:00,aqi,GRU,168.99999964334881,172.13081
2023-02-09 15:00:00,aqi,GRU,139.99999772902027,131.946
2023-08-06 03:00:00,aqi,GRU,217.99999927563402,220.26971
2022-09-03 12:00:00,aqi,GRU,161.9999996958795,171.97911
2025-08-05 14:00:00,aqi,GRU,184.00000017036976,186.68556
2023-10-04 00:00:00,aqi,GRU,193.00000007618087,164.43195
2022-04-09 17:00:00,aqi,GRU,90.00000194175966,93.65452
2024-10-12 08:00:00,aqi,GRU,245.99999906551128,237.38287
2024-01-12 19:00:00,aqi,GRU,298.0000020864124,295.58194
2025-06-02 23:00:00,aqi,GRU,224.00000008338998,222.65033
2021-08-06 07:00:00,aqi,GRU,150.9999987124499,153.51382
2023-01-05 11:00:00,aqi,GRU,90.00000194175966,94.881905
2024-07-05 19:00:00,aqi,GRU,272.9999982233062,260.73163
2024-02-03 19:00:00,aqi,GRU,135.00000053808458,126.10372
2021-12-11 09:00:00,aqi,GRU,431.00000855017424,411.3489
2024-12-06 21:00:00,aqi,GRU,203.99999938069539,200.65674
2024-07-10 06:00:00,aqi,GRU,127.00000145090189,124.68118
2023-07-06 18:00:00,aqi,GRU,248.0000003296759,254.36569
2024-03-12 04:00:00,aqi,GRU,309.99999773244843,299.10452
2024-03-09 15:00:00,aqi,GRU,81.99999688510111,80.17128
2023-11-12 05:00:00,aqi,GRU,327.9999971709784,316.90063
2022-11-02 18:00:00,aqi,GRU,163.00000032796183,157.68294
2023-05-07 07:00:00,aqi,GRU,108.00000138028962,104.99091
2025-01-12 12:00:00,aqi,GRU,309.99999773244843,312.6049
2022-07-04 19:00:00,aqi,GRU,263.99999850404123,260.8218
2021-09-05 04:00:00,aqi,GRU,99.00000166102464,108.49226
2025-10-10 13:00:00,aqi,GRU,147.99999980094088,145.67146
2023-07-07 06:00:00,aqi,GRU,47.000004609599415,50.76267
2023-11-04 08:00:00,aqi,GRU,210.9999993281647,223.96185
2025-06-06 04:00:00,aqi,GRU,172.0000000472268,162.07109
2024-03-11 20:00:00,aqi,GRU,376.99999829563257,360.9717
2023-07-09 21:00:00,aqi,GRU,91.00000257384198,103.19487
2021-08-05 02:00:00,aqi,GRU,108.00000138028962,108.16726
2021-04-04 23:00:00,aqi,GRU,149.0000004330232,138.93471
2021-02-12 07:00:00,aqi,GRU,383.9999967507329,372.7263
2025-02-04 11:00:00,aqi,GRU,241.00000187457556,237.71707
2022-11-08 15:00:00,aqi,GRU,61.000001519800094,69.87495
2023-03-02 22:00:00,aqi,GRU,189.9999999987586,180.91153
2025-04-11 11:00:00,aqi,GRU,298.9999967490188,297.02072
2025-12-02 08:00:00,aqi,GRU,273.9999988553885,271.98047
2024-07-08 23:00:00,aqi,GRU,58.000005593029016,81.72011
2021-02-02 02:00:00,aqi,GRU,323.9999946426491,276.48828
2024-11-11 12:00:00,aqi,GRU,336.00000222763697,329.82602
2022-07-03 15:00:00,aqi,GRU,243.99999780134664,240.70874
2025-06-04 22:00:00,aqi,GRU,216.9999986435517,204.97191
2025-05-06 07:00:00,aqi,GRU,152.9999999766145,144.56157
2021-09-07 15:00:00,aqi,GRU,133.99999990600224,133.37561
2024-11-10 17:00:00,aqi,GRU,147.99999980094088,138.25414
2024-09-07 03:00:00,aqi,GRU,63.00000278396473,72.990166
2025-05-11 07:00:00,aqi,GRU,261.00000257727015,254.35822
2023-07-05 10:00:00,aqi,GRU,145.99999853677622,154.68178
2024-02-09 05:00:00,aqi,GRU,81.99999688510111,75.525
2025-12-11 19:00:00,aqi,GRU,414.99999843685714,412.00513
2024-08-10 05:00:00,aqi,GRU,150.0000010651055,148.16803
2022-06-06 03:00:00,aqi,GRU,168.99999964334881,117.1137
2021-01-02 19:00:00,aqi,GRU,322.99999998004273,315.0135
2023-02-01 08:00:00,aqi,GRU,264.99999913612356,263.84454
2023-10-10 21:00:00,aqi,GRU,163.00000032796183,171.40736
2023-03-07 12:00:00,aqi,GRU,100.00000229310696,94.37703
2025-11-12 04:00:00,aqi,GRU,284.99999983881816,281.76785
2021-10-08 17:00:00,aqi,GRU,54.00000306469974,67.52343
2022-11-03 18:00:00,aqi,GRU,163.00000032796183,157.59056
2021-04-05 02:00:00,aqi,GRU,200.99999972300188,200.75829
2021-01-10 08:00:00,aqi,GRU,125.00000018673727,121.73904
2021-04-02 01:00:00,aqi,GRU,325.00000124420734,324.18842
2022-06-03 03:00:00,aqi,GRU,116.00000046747228,131.95271
2025-05-06 16:00:00,aqi,GRU,159.00000078437049,162.20241
2024-03-03 22:00:00,aqi,GRU,146.99999916885855,144.83145
2025-08-07 22:00:00,aqi,GRU,106.00000011612498,103.200195
2022-03-10 06:00:00,aqi,GRU,118.00000173163693,115.18072
2022-09-05 05:00:00,aqi,GRU,163.00000032796183,165.27982
2025-12-05 01:00:00,aqi,GRU,168.99999964334881,147.19308
2024-11-01 16:00:00,aqi,GRU,367.9999985763676,359.7423
2024-05-06 05:00:00,aqi,GRU,211.999999960247,202.41539
2023-04-08 06:00:00,aqi,GRU,83.00000348665932,81.89069
2024-12-04 20:00:00,aqi,GRU,195.00000003452266,197.51279
2024-07-06 13:00:00,aqi,GRU,264.99999913612356,266.588
2021-07-12 07:00:00,aqi,GRU,293.0000048954767,289.04547
2022-03-10 14:00:00,aqi,GRU,111.999997939143,113.88042
2022-04-10 00:00:00,aqi,GRU,114.99999983538996,123.45367
2023-11-09 16:00:00,aqi,GRU,39.999994215547275,43.648075
2021-04-10 06:00:00,aqi,GRU,168.99999964334881,102.83456
2025-09-03 09:00:00,aqi,GRU,220.00000053979863,221.9803
2023-07-03 22:00:00,aqi,GRU,152.9999999766145,146.77928
2021-09-05 12:00:00,aqi,GRU,170.00000027543112,129.36273
2023-11-04 23:00:00,aqi,GRU,236.99999934624628,213.18225
2021-04-11 19:00:00,aqi,GRU,394.0000030715561,397.43088
2023-12-04 20:00:00,aqi,GRU,206.99999978457336,201.29115
2023-12-02 05:00:00,aqi,GRU,243.99999780134664,242.9428
2021-07-06 17:00:00,aqi,GRU,175.00000045110477,209.86896
2025-02-02 01:00:00,aqi,GRU,369.99999984053227,329.7469
2024-10-11 04:00:00,aqi,GRU,347.999997873673,339.25534
2023-08-02 11:00:00,aqi,GRU,132.9999992739199,144.35538
2024-02-10 10:00:00,aqi,GRU,154.00000060869684,151.91795
2024-11-02 02:00:00,aqi,GRU,210.00000018845134,192.03508
2024-08-03 14:00:00,aqi,GRU,175.00000045110477,178.64276
2021-07-06 00:00:00,aqi,GRU,112.99999857122532,143.79808
2021-12-02 05:00:00,aqi,GRU,349.9999991378376,330.522
2023-02-08 21:00:00,aqi,GRU,81.99999688510111,80.56092
2021-03-04 16:00:00,aqi,GRU,217.99999927563402,179.84561
2021-07-06 22:00:00,aqi,GRU,138.00000243433152,146.55878
2023-06-02 07:00:00,aqi,GRU,216.00000099620732,225.88724
2022-08-04 03:00:00,aqi,GRU,255.99999941685857,261.0278
2024-05-09 18:00:00,aqi,GRU,59.000000255635456,59.017414
2021-12-10 13:00:00,aqi,GRU,186.99999982806327,186.90579
2021-06-10 09:00:00,aqi,GRU,117.00000109955461,115.55057
2021-09-10 17:00:00,aqi,GRU,184.00000017036976,184.24959
2023-05-03 07:00:00,aqi,GRU,130.99999800975527,130.72612
2022-09-05 17:00:00,aqi,GRU,158.00000015228818,162.08862
2023-06-03 22:00:00,aqi,GRU,129.99999737767297,127.10776
2021-01-05 13:00:00,aqi,GRU,235.99999871416398,243.41006
2022-09-03 04:00:00,aqi,GRU,203.00000024098205,211.55734
2021-10-12 18:00:00,aqi,GRU,307.9999964682838,315.19852
2024-05-12 19:00:00,aqi,GRU,188.99999997295117,185.45416
2022-04-05 07:00:00,aqi,GRU,279.00000201580013,276.1532
2024-01-08 23:00:00,aqi,GRU,72.00000250322971,71.355896
2022-01-08 01:00:00,aqi,GRU,59.99999491824187,75.92657
2022-06-08 03:00:00,aqi,GRU,109.00000201237194,117.32564
2024-02-01 19:00:00,aqi,GRU,361.00000012126725,356.82965
2025-08-07 16:00:00,aqi,GRU,99.00000166102464,100.23716
2022-04-08 11:00:00,aqi,GRU,108.00000138028962,107.53064
2021-08-10 10:00:00,aqi,GRU,156.99999952020585,157.23119
2023-08-08 06:00:00,aqi,GRU,103.99999885196034,104.118744
2024-07-04 14:00:00,aqi,GRU,155.00000124077917,159.06595
2024-02-04 00:00:00,aqi,GRU,113.99999920330764,130.61736
2021-09-08 18:00:00,aqi,GRU,81.99999688510111,80.91641
2023-04-10 22:00:00,aqi,GRU,158.00000015228818,177.0467
2023-11-05 07:00:00,aqi,GRU,260.0000019451878,254.96646
2023-03-09 12:00:00,aqi,GRU,132.9999992739199,126.81584
2025-06-05 10:00:00,aqi,GRU,141.9999989931849,144.6315
2021-07-05 05:00:00,aqi,GRU,131.9999986418376,128.62952
2023-07-07 09:00:00,aqi,GRU,47.000004609599415,47.89359
2021-10-04 08:00:00,aqi,GRU,166.99999987155314,166.70093
2024-09-08 11:00:00,aqi,GRU,45.00000334543478,46.88097
2023-08-04 02:00:00,aqi,GRU,170.00000027543112,163.46306
2021-02-12 05:00:00,aqi,GRU,376.00000363302615,364.8343
2021-11-03 18:00:00,aqi,GRU,264.99999913612356,262.82544
2023-11-02 05:00:00,aqi,GRU,222.99999945130764,216.92857
2022-05-02 12:00:00,aqi,GRU,213.00000059232934,208.34781
2023-08-04 19:00:00,aqi,GRU,188.99999997295117,193.9736
2021-07-01 23:00:00,aqi,GRU,261.9999972398766,242.34467
2023-12-04 01:00:00,aqi,GRU,240.00000124249325,225.10577
2024-12-10 02:00:00,aqi,GRU,147.99999980094088,155.47871
2025-04-09 19:00:00,aqi,GRU,50.000000536370464,48.886738
2025-04-05 03:00:00,aqi,GRU,230.99999853849033,229.04582
2024-04-06 02:00:00,aqi,GRU,225.0000007154723,199.97217
2024-12-04 17:00:00,aqi,GRU,194.00000014862482,195.1342
2022-09-02 13:00:00,aqi,GRU,257.0000000489409,258.4646
2021-08-04 22:00:00,aqi,GRU,107.0000007482073,144.52255
2021-05-06 17:00:00,aqi,GRU,159.00000078437049,155.81834
2023-07-10 03:00:00,aqi,GRU,197.00000017941056,206.7958
2022-12-12 08:00:00,aqi,GRU,168.99999964334881,128.25542
2025-02-09 18:00:00,aqi,GRU,50.999995198976904,49.980564
2024-04-11 10:00:00,aqi,GRU,363.9999960480383,362.46964
2023-02-04 10:00:00,aqi,GRU,110.00000264445426,108.22617
2024-12-12 21:00:00,aqi,GRU,318.9999974517134,318.44193
2025-02-06 09:00:00,aqi,GRU,150.0000010651055,144.68355
2021-05-12 05:00:00,aqi,GRU,278.0000013837178,272.5482
2023-09-07 09:00:00,aqi,GRU,52.0000018005351,56.83582
2025-01-02 14:00:00,aqi,GRU,392.9999964699979,380.12378
2022-05-08 12:00:00,aqi,GRU,86.99999407603681,89.28689
2021-01-02 15:00:00,aqi,GRU,316.0000015249424,310.6793
2024-11-04 14:00:00,aqi,GRU,173.00000067930912,177.67624
2021-06-04 19:00:00,aqi,GRU,269.00000166445284,267.50052
2025-02-11 01:00:00,aqi,GRU,389.0000058806204,376.15082
2023-06-03 12:00:00,aqi,GRU,121.99999829049031,129.80545
2021-10-05 20:00:00,aqi,GRU,154.00000060869684,156.71222
2022-08-12 20:00:00,aqi,GRU,168.99999964334881,177.35228
2024-03-05 01:00:00,aqi,GRU,185.0000000562676,189.07599
2024-01-02 11:00:00,aqi,GRU,193.00000007618087,210.21475
2021-08-09 14:00:00,aqi,GRU,81.00000222249469,86.20388
2025-05-07 08:00:00,aqi,GRU,119.00000236371925,115.5581
2022-10-06 18:00:00,aqi,GRU,311.99999899661304,306.17343
2021-05-08 19:00:00,aqi,GRU,118.00000173163693,110.33848
2023-07-11 08:00:00,aqi,GRU,394.0000030715561,391.75342
2025-09-09 07:00:00,aqi,GRU,117.00000109955461,111.649506
2022-07-09 17:00:00,aqi,GRU,110.00000264445426,118.151436
2025-10-02 05:00:00,aqi,PINN,242.9999971692643,240.94754
2024-11-12 18:00:00,aqi,PINN,235.0000010668196,235.60835
2023-04-08 21:00:00,aqi,PINN,86.99999407603681,91.347404
2023-03-08 15:00:00,aqi,PINN,72.00000250322971,79.14586
2021-09-03 05:00:00,aqi,PINN,309.000003069842,296.6148
2025-06-12 22:00:00,aqi,PINN,325.99999590681375,332.46234
2022-06-12 23:00:00,aqi,PINN,168.99999964334881,132.51448
2025-04-12 13:00:00,aqi,PINN,323.9999946426491,321.7961
2024-10-03 09:00:00,aqi,PINN,192.00000000373691,192.21735
2025-05-12 02:00:00,aqi,PINN,343.9999953453437,330.03687
2025-07-04 03:00:00,aqi,PINN,222.99999945130764,214.1667
2024-08-11 19:00:00,aqi,PINN,390.00000054322686,394.8284
2023-08-08 00:00:00,aqi,PINN,168.99999964334881,87.29144
2021-11-08 03:00:00,aqi,PINN,59.99999491824187,63.187496
2022-08-07 18:00:00,aqi,PINN,91.00000257384198,95.591354
2024-10-05 12:00:00,aqi,PINN,151.9999993445322,148.47739
2023-10-02 19:00:00,aqi,PINN,188.00000008705334,195.94704
2025-09-01 17:00:00,aqi,PINN,367.9999985763676,369.83643
2022-06-08 04:00:00,aqi,PINN,109.00000201237194,97.07719
2022-12-07 20:00:00,aqi,PINN,90.00000194175966,88.33649
2022-09-08 08:00:00,aqi,PINN,112.99999857122532,105.89363
2024-06-03 14:00:00,aqi,PINN,152.9999999766145,152.74326
2024-06-07 03:00:00,aqi,PINN,59.99999491824187,64.54497
2022-02-08 23:00:00,aqi,PINN,88.00000067759503,84.44672
2023-12-08 05:00:00,aqi,PINN,127.00000145090189,124.990974
2023-03-02 12:00:00,aqi,PINN,181.99999965238962,180.74669
2024-08-12 09:00:00,aqi,PINN,276.0000001195532,282.76126
2021-09-09 09:00:00,aqi,PINN,92.99999786853073,95.23058
2024-03-04 06:00:00,aqi,PINN,138.00000243433152,131.65239
2022-04-04 12:00:00,aqi,PINN,245.99999906551128,236.2185
2022-05-11 06:00:00,aqi,PINN,425.9999994202867,420.37387
2025-01-08 17:00:00,aqi,PINN,45.00000334543478,41.607822
2022-01-04 10:00:00,aqi,PINN,276.0000001195532,274.0522
2024-02-12 00:00:00,aqi,PINN,293.9999995580831,325.31146
2023-06-08 05:00:00,aqi,PINN,168.99999964334881,102.61737
2021-08-08 03:00:00,aqi,PINN,97.00000039686,101.006935
2021-09-08 05:00:00,aqi,PINN,70.00000123906507,73.38532
2022-07-05 04:00:00,aqi,PINN,210.00000018845134,211.57542
2024-06-09 20:00:00,aqi,PINN,65.00000404812937,67.88203
2024-01-12 12:00:00,aqi,PINN,309.000003069842,314.29688
2021-10-02 12:00:00,aqi,PINN,273.9999988553885,281.5703
2024-11-12 11:00:00,aqi,PINN,240.00000124249325,236.32106
2021-09-05 08:00:00,aqi,PINN,97.00000039686,103.26306
2022-06-01 12:00:00,aqi,PINN,291.00000363131204,297.38272
2023-06-04 00:00:00,aqi,PINN,164.00000096004413,133.35704
2021-02-11 02:00:00,aqi,PINN,279.00000201580013,288.97916
2024-05-04 07:00:00,aqi,PINN,145.99999853677622,137.08133
2022-07-10 04:00:00,aqi,PINN,47.000004609599415,54.125065
2023-04-10 04:00:00,aqi,PINN,151.9999993445322,144.21048
2024-03-12 11:00:00,aqi,PINN,300.000003350577,292.5106
2024-05-09 10:00:00,aqi,PINN,61.000001519800094,62.093204
2022-05-08 08:00:00,aqi,PINN,90.00000194175966,86.3794
2022-06-01 11:00:00,aqi,PINN,298.9999967490188,302.57007
2024-11-05 00:00:00,aqi,PINN,180.99999976649178,179.05379
2022-01-09 12:00:00,aqi,PINN,112.99999857122532,108.251205
2024-02-03 09:00:00,aqi,PINN,126.00000081881959,128.56477
2022-08-08 05:00:00,aqi,PINN,56.00000432886438,54.9043
2024-11-10 06:00:00,aqi,PINN,168.99999964334881,143.22998
2023-12-02 12:00:00,aqi,PINN,186.99999982806327,189.99272
2023-02-05 22:00:00,aqi,PINN,68.99999463750686,71.04618
2023-03-11 21:00:00,aqi,PINN,474.0000058823345,468.79123
2025-04-03 23:00:00,aqi,PINN,164.00000096004413,176.20985
2025-08-12 08:00:00,aqi,PINN,329.999998435143,323.14972
2025-09-11 17:00:00,aqi,PINN,378.9999995597972,381.65823
2023-11-02 04:00:00,aqi,PINN,217.99999927563402,208.22511
2025-06-11 01:00:00,aqi,PINN,258.0000006810232,270.4381
2023-09-11 17:00:00,aqi,PINN,431.99999127382887,436.31607
2024-06-02 02:00:00,aqi,PINN,138.99999709693793,134.69597
2021-03-12 18:00:00,aqi,PINN,340.0000047559662,344.29956
2023-11-01 11:00:00,aqi,PINN,338.0000034918016,329.8375
2024-03-04 21:00:00,aqi,PINN,146.99999916885855,147.57124
2022-09-11 12:00:00,aqi,PINN,298.9999967490188,303.533
2024-02-03 08:00:00,aqi,PINN,127.00000145090189,129.07048
2021-11-07 06:00:00,aqi,PINN,110.00000264445426,109.76169
2025-10-08 18:00:00,aqi,PINN,70.9999959016715,68.96433
2024-09-08 04:00:00,aqi,PINN,43.00000208127014,41.91608
2024-01-12 09:00:00,aqi,PINN,318.000002789107,319.88354
2022-06-05 04:00:00,aqi,PINN,195.00000003452266,200.59
2021-11-02 18:00:00,aqi,PINN,351.0000057393959,331.6728
2022-04-08 22:00:00,aqi,PINN,103.99999885196034,92.60128
2023-04-07 11:00:00,aqi,PINN,142.9999996252672,131.90047
2023-10-11 11:00:00,aqi,PINN,352.9999950646087,355.39706
2022-10-04 20:00:00,aqi,PINN,243.99999780134664,256.62988
2025-11-03 18:00:00,aqi,PINN,269.00000166445284,269.79825
2023-12-07 00:00:00,aqi,PINN,70.9999959016715,136.7127
2022-08-13 02:00:00,aqi,PINN,168.99999964334881,183.48804
2024-05-06 22:00:00,aqi,PINN,230.99999853849033,238.11375
2021-08-10 07:00:00,aqi,PINN,150.9999987124499,145.93228
2023-01-05 17:00:00,aqi,PINN,86.99999407603681,88.16246
2022-03-06 05:00:00,aqi,PINN,242.9999971692643,238.0133
2021-10-04 21:00:00,aqi,PINN,178.9999999946961,183.60677
2021-08-10 09:00:00,aqi,PINN,155.00000124077917,151.13966
2024-08-09 02:00:00,aqi,PINN,61.999996182406505,74.39884
2025-11-08 02:00:00,aqi,PINN,91.99999723644841,94.74565
2023-06-07 05:00:00,aqi,PINN,77.99999435677184,78.25515
2021-10-02 10:00:00,aqi,PINN,284.99999983881816,288.73547
2025-01-12 18:00:00,aqi,PINN,302.00000461474167,297.26028
2022-05-08 09:00:00,aqi,PINN,90.00000194175966,87.677864
2025-04-07 19:00:00,aqi,PINN,107.0000007482073,104.30551
2024-01-02 03:00:00,aqi,PINN,298.9999967490188,383.00574
2021-02-02 05:00:00,aqi,PINN,316.9999961875488,304.33313
2024-05-07 05:00:00,aqi,PINN,67.00000531229401,69.32147
2025-09-11 03:00:00,aqi,PINN,398.0000055998854,393.61996
2023-04-09 22:00:00,aqi,PINN,127.00000145090189,131.61194
2024-03-12 22:00:00,aqi,PINN,279.00000201580013,287.22803
2022-10-11 16:00:00,aqi,PINN,281.9999979425712,275.58688
2021-07-13 00:00:00,aqi,PINN,168.99999964334881,253.47743
2022-08-03 18:00:00,aqi,PINN,274.99999948747086,283.30984
2025-07-07 01:00:00,aqi,PINN,85.99999941343039,80.19506
2023-08-01 21:00:00,aqi,PINN,394.0000030715561,400.97693
2024-10-11 05:00:00,aqi,PINN,347.00000321106654,341.1045
2022-03-01 20:00:00,aqi,PINN,363.0000013854319,368.341
2022-11-06 15:00:00,aqi,PINN,242.0000025066579,245.7153
2025-06-08 11:00:00,aqi,PINN,100.00000229310696,95.63736
2023-08-04 04:00:00,aqi,PINN,168.99999964334881,167.22769
2023-12-08 09:00:00,aqi,PINN,123.99999955465495,121.853584
2021-02-03 15:00:00,aqi,PINN,170.9999994151445,171.56116
2025-03-03 16:00:00,aqi,PINN,166.0000007318398,164.05417
2023-08-10 03:00:00,aqi,PINN,156.99999952020585,167.4469
2025-03-10 17:00:00,aqi,PINN,70.00000123906507,73.03618
2023-05-09 21:00:00,aqi,PINN,109.00000201237194,101.329185
2022-11-08 10:00:00,aqi,PINN,67.00000531229401,74.19752
2025-07-08 03:00:00,aqi,PINN,168.99999964334881,116.08156
2021-12-12 21:00:00,aqi,PINN,168.99999964334881,260.03076
2022-02-12 09:00:00,aqi,PINN,168.99999964334881,169.58682
2021-01-10 06:00:00,aqi,PINN,121.99999829049031,110.390976
2025-06-06 21:00:00,aqi,PINN,155.00000124077917,166.23502
2023-03-10 07:00:00,aqi,PINN,141.00000134584053,132.08936
2024-07-07 20:00:00,aqi,PINN,56.00000432886438,52.384785
2025-07-02 23:00:00,aqi,PINN,156.99999952020585,178.32668
2022-11-02 11:00:00,aqi,PINN,168.00000050363548,165.29523
2021-05-05 04:00:00,aqi,PINN,133.99999990600224,129.09053
2022-04-09 21:00:00,aqi,PINN,91.00000257384198,94.98341
2021-02-02 23:00:00,aqi,PINN,336.9999968902434,300.33536
2023-09-06 04:00:00,aqi,PINN,155.9999988881235,140.5289
2023-12-06 18:00:00,aqi,PINN,158.00000015228818,161.0751
2025-12-06 09:00:00,aqi,PINN,185.0000000562676,179.88411
2025-01-08 20:00:00,aqi,PINN,47.000004609599415,40.503742
2025-11-05 21:00:00,aqi,PINN,166.0000007318398,162.76413
2021-09-07 02:00:00,aqi,PINN,168.99999964334881,137.9237
2022-03-09 01:00:00,aqi,PINN,120.99999765840799,129.85565
2022-05-04 02:00:00,aqi,PINN,289.00000236714743,287.61813
2023-06-01 17:00:00,aqi,PINN,427.00000602184497,437.1202
2021-10-12 03:00:00,aqi,PINN,309.000003069842,306.13333
2023-11-11 06:00:00,aqi,PINN,224.00000008338998,209.45811
2022-05-04 11:00:00,aqi,PINN,284.99999983881816,270.29016
2024-11-12 22:00:00,aqi,PINN,241.00000187457556,242.50854
2022-04-09 15:00:00,aqi,PINN,91.99999723644841,91.21405
2021-09-02 16:00:00,aqi,PINN,327.9999971709784,329.5255
2024-01-03 12:00:00,aqi,PINN,158.00000015228818,164.52205
2024-12-07 20:00:00,aqi,PINN,120.99999765840799,115.58823
2023-07-12 21:00:00,aqi,PINN,318.9999974517134,320.8154
2023-04-12 11:00:00,aqi,PINN,323.9999946426491,319.99664
2022-07-03 23:00:00,aqi,PINN,262.9999978719589,256.3257
2024-08-11 08:00:00,aqi,PINN,402.99999085186926,394.597
2023-09-02 15:00:00,aqi,PINN,221.99999881922534,213.09242
2024-02-03 23:00:00,aqi,PINN,129.99999737767297,135.44226
2023-08-10 19:00:00,aqi,PINN,141.00000134584053,143.23624
2021-09-02 07:00:00,aqi,PINN,314.0000002607777,315.83478
2023-08-07 07:00:00,aqi,PINN,65.9999987107358,67.39801
2021-06-12 15:00:00,aqi,PINN,329.0000037725366,317.35297
2023-09-08 16:00:00,aqi,PINN,114.99999983538996,112.444626
2023-12-12 22:00:00,aqi,PINN,365.99999731220294,359.96774
2025-06-06 14:00:00,aqi,PINN,164.00000096004413,153.52176
2024-07-02 12:00:00,aqi,PINN,149.0000004330232,151.44235
2022-08-10 11:00:00,aqi,PINN,34.99999702461159,43.71262
2021-04-01 16:00:00,aqi,PINN,136.00000117016688,139.27168
2025-04-02 07:00:00,aqi,PINN,300.000003350577,301.126
2022-01-10 17:00:00,aqi,PINN,173.99999981902246,178.31664
2025-06-09 12:00:00,aqi,PINN,65.00000404812937,64.1308
2021-04-12 10:00:00,aqi,PINN,363.0000013854319,351.69907
2023-03-05 02:00:00,aqi,PINN,74.00000376739435,71.72276
2022-11-01 19:00:00,aqi,PINN,226.999998994899,222.3809
2021-07-06 03:00:00,aqi,PINN,119.00000236371925,127.42549
2025-08-11 16:00:00,aqi,PINN,365.99999731220294,365.53555
2023-02-09 03:00:00,aqi,PINN,139.99999772902027,134.62141
2022-08-03 10:00:00,aqi,PINN,289.99999702975384,283.45325
2022-04-03 03:00:00,aqi,PINN,193.00000007618087,186.72101
2023-08-13 02:00:00,aqi,PINN,168.99999964334881,171.4539
2024-06-05 05:00:00,aqi,PINN,215.00000036412501,208.65959
2022-10-10 22:00:00,aqi,PINN,32.99999576044695,51.451115
2023-04-09 20:00:00,aqi,PINN,129.00000271506653,122.80066
2024-04-05 16:00:00,aqi,PINN,255.99999941685857,252.40125
2024-06-12 18:00:00,aqi,PINN,185.0000000562676,183.91606
2022-01-08 16:00:00,aqi,PINN,65.00000404812937,61.382282
2024-10-04 01:00:00,aqi,PINN,147.99999980094088,145.53055
2023-06-06 21:00:00,aqi,PINN,161.9999996958795,163.89754
2021-02-10 13:00:00,aqi,PINN,101.00000292518928,95.59944
2021-10-09 03:00:00,aqi,PINN,72.99999716583613,74.89666
2022-04-09 08:00:00,aqi,PINN,97.00000039686,90.72679
2023-06-04 10:00:00,aqi,PINN,175.99999959081813,168.32448
2023-08-09 03:00:00,aqi,PINN,102.99999821987802,104.318375
2022-11-07 20:00:00,aqi,PINN,91.99999723644841,103.53957
2023-08-03 15:00:00,aqi,PINN,216.00000099620732,202.93965
2025-11-07 21:00:00,aqi,PINN,72.00000250322971,64.605385
2025-03-11 08:00:00,aqi,PINN,340.99999941857266,334.3669
2022-07-12 01:00:00,aqi,PINN,168.99999964334881,248.22672
2023-09-01 08:00:00,aqi,PINN,425.9999994202867,405.18372
2024-06-07 04:00:00,aqi,PINN,58.000005593029016,65.766266
2021-07-02 08:00:00,aqi,PINN,231.99999917057264,228.58563
2025-09-08 13:00:00,aqi,PINN,91.99999723644841,94.36578
2024-01-05 02:00:00,aqi,PINN,170.9999994151445,183.8061
2025-01-02 06:00:00,aqi,PINN,390.00000054322686,380.61404
2022-07-11 17:00:00,aqi,PINN,369.99999984053227,359.48178
2023-02-07 00:00:00,aqi,PINN,56.99999899147082,106.427505
2022-11-10 03:00:00,aqi,PINN,32.99999576044695,36.30765
2022-10-05 13:00:00,aqi,PINN,147.99999980094088,149.13004
2023-02-09 22:00:00,aqi,PINN,138.99999709693793,144.9133
2021-05-10 22:00:00,aqi,PINN,110.99999730706068,121.28699
2021-03-12 06:00:00,aqi,PINN,367.00000391376113,351.58365
2025-04-10 01:00:00,aqi,PINN,91.99999723644841,104.4861
2024-01-09 22:00:00,aqi,PINN,86.99999407603681,97.8806
2023-02-08 18:00:00,aqi,PINN,83.99999814926575,87.87176
2025-07-05 14:00:00,aqi,PINN,135.00000053808458,132.943
2021-02-13 00:00:00,aqi,PINN,168.99999964334881,353.8041
2022-11-08 17:00:00,aqi,PINN,59.000000255635456,65.29318
2021-02-05 02:00:00,aqi,PINN,186.99999982806327,184.11964
2025-02-01 20:00:00,aqi,PINN,352.9999950646087,355.6803
2025-07-07 18:00:00,aqi,PINN,76.99999969416541,75.010956
2025-01-09 12:00:00,aqi,PINN,58.000005593029016,63.378376
2023-06-08 15:00:00,aqi,PINN,168.99999964334881,108.98456
2024-06-08 00:00:00,aqi,PINN,59.99999491824187,70.24856
2021-07-04 05:00:00,aqi,PINN,168.99999964334881,154.31651
2025-09-08 12:00:00,aqi,PINN,95.99999976477768,97.56397
2021-10-08 03:00:00,aqi,PINN,77.99999435677184,80.599594
2022-11-05 10:00:00,aqi,PINN,147.99999980094088,151.63638
2025-02-10 08:00:00,aqi,PINN,117.00000109955461,106.78413
2023-12-06 16:00:00,aqi,PINN,158.00000015228818,152.64142
2024-08-04 21:00:00,aqi,PINN,145.99999853677622,149.75389
2025-08-07 08:00:00,aqi,PINN,77.99999435677184,72.15681
2023-04-11 18:00:00,aqi,PINN,414.99999843685714,445.55695
2025-08-09 10:00:00,aqi,PINN,85.00000475082396,86.74395
2025-03-04 20:00:00,aqi,PINN,249.00000096175822,253.52592
2022-09-12 09:00:00,aqi,PINN,168.99999964334881,163.76834
2021-09-04 04:00:00,aqi,PINN,117.00000109955461,120.704605
2021-12-08 02:00:00,aqi,PINN,43.99999674387655,46.161976
2025-08-11 00:00:00,aqi,PINN,361.00000012126725,122.02572
2021-05-08 15:00:00,aqi,PINN,111.999997939143,109.09191
2023-06-12 18:00:00,aqi,PINN,291.00000363131204,290.78418
2021-06-12 17:00:00,aqi,PINN,325.00000124420734,317.94547
2023-02-05 15:00:00,aqi,PINN,65.9999987107358,66.4132
2021-08-01 23:00:00,aqi,PINN,280.9999973104889,253.7017
2021-02-12 04:00:00,aqi,PINN,370.9999945031386,353.82983
2025-03-02 12:00:00,aqi,PINN,347.999997873673,339.81952
2021-07-10 01:00:00,aqi,PINN,112.99999857122532,129.24606
2024-04-06 19:00:00,aqi,PINN,245.99999906551128,251.49214
2025-03-06 23:00:00,aqi,PINN,158.00000015228818,151.14003
2025-09-05 18:00:00,aqi,PINN,166.0000007318398,162.79012
2024-06-10 22:00:00,aqi,PINN,137.0000018022492,154.28415
2021-10-08 07:00:00,aqi,PINN,76.00000503155898,80.96346
2021-12-03 06:00:00,aqi,PINN,242.0000025066579,239.38676
2021-11-07 23:00:00,aqi,PINN,101.00000292518928,106.31714
2025-09-06 17:00:00,aqi,PINN,208.0000004166557,202.63358
2021-02-05 15:00:00,aqi,PINN,168.99999964334881,173.13248
2021-06-05 19:00:00,aqi,PINN,154.00000060869684,159.14345
2024-12-02 07:00:00,aqi,PINN,208.0000004166557,200.26358
2022-10-09 08:00:00,aqi,PINN,117.00000109955461,118.432816
2025-09-04 08:00:00,aqi,PINN,259.00000131310554,258.34595
2022-08-06 00:00:00,aqi,PINN,168.99999964334881,164.51222
2021-01-03 07:00:00,aqi,PINN,163.00000032796183,157.91855
2024-09-11 03:00:00,aqi,PINN,372.9999957673033,372.74774
2025-05-09 05:00:00,aqi,PINN,56.99999899147082,50.621403
2024-09-04 12:00:00,aqi,PINN,144.00000025734954,149.60239
2021-12-03 04:00:00,aqi,PINN,244.99999843342894,249.8971
2025-05-09 19:00:00,aqi,PINN,50.999995198976904,45.910084
2024-07-02 21:00:00,aqi,PINN,161.9999996958795,157.52249
2021-02-01 20:00:00,aqi,PINN,427.00000602184497,428.10956
2021-02-09 22:00:00,aqi,PINN,83.99999814926575,89.947014
2024-01-01 14:00:00,aqi,PINN,349.9999991378376,348.89188
2024-06-01 15:00:00,aqi,PINN,345.00000194690193,322.25232
2023-05-09 18:00:00,aqi,PINN,111.999997939143,102.05053
2025-10-07 02:00:00,aqi,PINN,74.00000376739435,76.35119
2022-07-03 14:00:00,aqi,PINN,242.0000025066579,232.40714
2023-11-06 00:00:00,aqi,PINN,131.9999986418376,230.16902
2024-01-07 07:00:00,aqi,PINN,101.9999975877957,96.422905
2023-02-07 08:00:00,aqi,PINN,56.99999899147082,57.127476
2022-02-09 06:00:00,aqi,PINN,101.00000292518928,92.829124
2021-07-11 17:00:00,aqi,PINN,409.9999893069696,408.65527
2023-07-08 19:00:00,aqi,PINN,168.99999964334881,110.0768
2025-06-12 17:00:00,aqi,PINN,336.00000222763697,334.67157
2021-05-03 22:00:00,aqi,PINN,259.00000131310554,267.0884
2024-04-03 05:00:00,aqi,PINN,155.00000124077917,144.15277
2021-09-12 22:00:00,aqi,PINN,304.00000587890634,289.7102
2024-03-11 11:00:00,aqi,PINN,363.0000013854319,361.5751
2023-12-04 12:00:00,aqi,PINN,203.00000024098205,206.1683
2025-12-01 13:00:00,aqi,PINN,331.0000050367013,324.36353
2022-08-04 23:00:00,aqi,PINN,253.99999815269393,238.5867
2024-01-05 14:00:00,aqi,PINN,175.99999959081813,169.65521
2024-06-04 22:00:00,aqi,PINN,138.99999709693793,137.31451
2023-09-11 11:00:00,aqi,PINN,430.00000194861605,428.57208
2025-12-12 22:00:00,aqi,PINN,358.9999988571026,347.53043
2024-09-05 16:00:00,aqi,PINN,147.99999980094088,150.23807
2023-04-09 18:00:00,aqi,PINN,129.99999737767297,124.004715
2021-08-07 16:00:00,aqi,PINN,168.99999964334881,112.320816
2024-09-12 12:00:00,aqi,PINN,184.00000017036976,192.1159
2022-09-12 01:00:00,aqi,PINN,168.99999964334881,241.2019
2023-08-04 09:00:00,aqi,PINN,185.99999994216543,180.20325
2022-04-06 09:00:00,aqi,PINN,222.99999945130764,217.257
2023-12-08 08:00:00,aqi,PINN,123.99999955465495,122.79163
2025-09-09 00:00:00,aqi,PINN,110.99999730706068,77.230385
2021-04-05 21:00:00,aqi,PINN,132.9999992739199,138.83763
2022-10-09 16:00:00,aqi,PINN,110.99999730706068,115.92775
2025-06-03 21:00:00,aqi,PINN,129.99999737767297,121.27877
2022-07-06 02:00:00,aqi,PINN,168.99999964334881,142.74063
2021-03-10 17:00:00,aqi,PINN,101.00000292518928,92.353294
2022-12-08 16:00:00,aqi,PINN,59.000000255635456,60.127277
2021-09-10 09:00:00,aqi,PINN,183.00000028447192,177.6482
2024-04-11 17:00:00,aqi,PINN,372.0000011046969,370.75656
2025-04-08 15:00:00,aqi,PINN,109.00000201237194,100.55822
2023-08-06 20:00:00,aqi,PINN,172.0000000472268,167.34917
2022-05-11 03:00:00,aqi,PINN,437.0000004037164,418.93652
2024-09-03 13:00:00,aqi,PINN,185.0000000562676,181.48378
2023-02-02 02:00:00,aqi,PINN,178.00000010879828,159.89958
2025-09-10 15:00:00,aqi,PINN,99.00000166102464,95.90787
2023-05-02 16:00:00,aqi,PINN,221.99999881922534,216.67706
2025-02-12 05:00:00,aqi,PINN,322.99999998004273,323.87778
2024-11-11 22:00:00,aqi,PINN,340.0000047559662,328.48438
2023-07-07 05:00:00,aqi,PINN,47.99999927220583,59.233555
2025-08-11 15:00:00,aqi,PINN,363.0000013854319,358.89838
2023-09-12 22:00:00,aqi,PINN,311.00000433400663,308.09793
2024-02-05 17:00:00,aqi,PINN,160.00000141645282,159.27307
2024-11-13 01:00:00,aqi,PINN,168.99999964334881,215.42825
2022-03-11 10:00:00,aqi,PINN,431.99999127382887,433.33163
2025-03-10 05:00:00,aqi,PINN,86.99999407603681,78.01617
2022-11-11 08:00:00,aqi,PINN,336.9999968902434,338.28885
2021-02-11 13:00:00,aqi,PINN,298.9999967490188,296.73853
2022-01-08 10:00:00,aqi,PINN,67.99999997490043,73.13509
2022-11-09 06:00:00,aqi,PINN,99.00000166102464,95.74766
2021-11-03 21:00:00,aqi,PINN,271.00000292861745,270.13803
2024-08-08 12:00:00,aqi,PINN,52.99999646314154,59.210377
2021-12-08 17:00:00,aqi,PINN,119.99999702632567,121.15117
2023-09-12 15:00:00,aqi,PINN,302.00000461474167,300.2351
2025-01-13 00:00:00,aqi,PINN,168.99999964334881,311.37082
2022-08-01 17:00:00,aqi,PINN,81.99999688510111,89.82825
2025-01-07 17:00:00,aqi,PINN,61.999996182406505,65.51142
2025-02-03 00:00:00,aqi,PINN,130.99999800975527,328.3993
2024-02-09 07:00:00,aqi,PINN,83.99999814926575,95.35936
2024-01-12 07:00:00,aqi,PINN,320.99999871587806,319.5671
2021-06-05 16:00:00,aqi,PINN,133.99999990600224,169.14404
2025-02-08 16:00:00,aqi,PINN,74.00000376739435,65.45106
2023-03-13 02:00:00,aqi,PINN,168.99999964334881,201.56079
2024-12-03 17:00:00,aqi,PINN,147.99999980094088,152.33652
2024-02-08 18:00:00,aqi,PINN,67.99999997490043,67.42121
2021-01-12 05:00:00,aqi,PINN,336.00000222763697,326.79364
2021-12-02 10:00:00,aqi,PINN,354.0000016661669,354.7094
2023-04-08 10:00:00,aqi,PINN,86.99999407603681,83.83198
2023-08-06 02:00:00,aqi,PINN,226.00000134755462,223.71768
2023-02-07 01:00:00,aqi,PINN,56.99999899147082,63.11784
2021-07-03 18:00:00,aqi,PINN,289.99999702975384,282.80566
2022-04-04 16:00:00,aqi,PINN,258.0000006810232,249.02455
2024-08-03 07:00:00,aqi,PINN,175.00000045110477,169.3224
2025-08-08 15:00:00,aqi,PINN,113.99999920330764,106.92198
2022-09-06 16:00:00,aqi,PINN,88.99999534020145,104.39119
2022-02-04 18:00:00,aqi,PINN,239.00000061041092,235.61613
2025-07-07 08:00:00,aqi,PINN,88.99999534020145,83.319214
2021-12-02 04:00:00,aqi,PINN,349.0000044752312,328.25565
2024-11-09 08:00:00,aqi,PINN,74.99999843000077,77.95054
2021-05-05 08:00:00,aqi,PINN,132.9999992739199,132.92772
2025-11-10 04:00:00,aqi,PINN,193.00000007618087,182.03047
2025-12-03 12:00:00,aqi,PINN,276.0000001195532,280.3791
2023-08-11 15:00:00,aqi,PINN,402.00000812821463,403.8776
2025-09-02 00:00:00,aqi,PINN,160.9999990637972,342.65106
2021-11-12 19:00:00,aqi,PINN,237.99999997832862,240.24365
2024-07-07 03:00:00,aqi,PINN,56.00000432886438,61.03867
2024-02-11 02:00:00,aqi,PINN,311.99999899661304,323.675
2021-03-11 06:00:00,aqi,PINN,293.9999995580831,289.729
2023-04-05 18:00:00,aqi,PINN,83.00000348665932,86.94005
2023-02-12 21:00:00,aqi,PINN,354.99999632877336,362.7262
2022-02-07 09:00:00,aqi,PINN,56.00000432886438,57.670597
2021-09-09 10:00:00,aqi,PINN,91.00000257384198,97.257034
2021-10-03 00:00:00,aqi,PINN,313.0000055981713,248.6614
2024-07-06 07:00:00,aqi,PINN,218.99999990771633,214.22993
2024-02-01 16:00:00,aqi,PINN,365.99999731220294,360.5398
2024-03-03 16:00:00,aqi,PINN,132.9999992739199,133.36574
2022-04-04 23:00:00,aqi,PINN,274.99999948747086,249.3175
2022-11-07 07:00:00,aqi,PINN,92.99999786853073,96.57993
2025-05-04 08:00:00,aqi,PINN,177.00000022290044,177.31754
2022-10-06 21:00:00,aqi,PINN,291.99999829391845,299.42374
2025-12-04 13:00:00,aqi,PINN,128.00000208298422,129.67833
2023-01-10 17:00:00,aqi,PINN,136.00000117016688,135.6949
2024-01-11 11:00:00,aqi,PINN,369.99999984053227,368.03125
2025-11-09 08:00:00,aqi,PINN,81.00000222249469,76.09076
2025-07-03 17:00:00,aqi,PINN,213.99999973204268,212.83539
2024-04-07 12:00:00,aqi,PINN,50.999995198976904,59.934467
2022-11-12 08:00:00,aqi,PINN,168.99999964334881,160.28731
2021-01-09 12:00:00,aqi,PINN,168.99999964334881,105.65697
2022-08-09 15:00:00,aqi,PINN,121.99999829049031,125.305016
2021-09-12 07:00:00,aqi,PINN,243.99999780134664,238.63654
2022-08-08 14:00:00,aqi,PINN,61.000001519800094,56.62633
2022-09-02 15:00:00,aqi,PINN,242.9999971692643,243.97289
2024-04-06 23:00:00,aqi,PINN,234.00000043473727,205.29237
2024-06-05 00:00:00,aqi,PINN,216.00000099620732,183.11305
2023-06-09 09:00:00,aqi,PINN,117.00000109955461,111.29052
2023-11-10 13:00:00,aqi,PINN,178.9999999946961,175.44704
2023-04-08 22:00:00,aqi,PINN,86.99999407603681,95.14484
2025-06-07 14:00:00,aqi,PINN,81.99999688510111,83.96665
2021-11-06 09:00:00,aqi,PINN,122.99999892257263,117.57261
2021-10-03 11:00:00,aqi,PINN,230.99999853849033,240.1334
2022-09-04 09:00:00,aqi,PINN,265.99999976820584,259.21347
2025-07-04 04:00:00,aqi,PINN,224.00000008338998,215.90248
2024-07-09 18:00:00,aqi,PINN,61.999996182406505,63.13489
2022-11-06 19:00:00,aqi,PINN,231.99999917057264,232.22829
2021-10-10 15:00:00,aqi,PINN,206.00000064486002,201.39348
2021-10-08 18:00:00,aqi,PINN,54.00000306469974,66.91402
2023-11-03 02:00:00,aqi,PINN,180.99999976649178,172.86604
2021-07-02 03:00:00,aqi,PINN,221.00000117188097,217.75711
2025-02-08 02:00:00,aqi,PINN,54.00000306469974,50.22124
2021-12-09 03:00:00,aqi,PINN,68.99999463750686,66.25508
2022-04-07 00:00:00,aqi,PINN,86.99999407603681,149.48628
2024-03-11 02:00:00,aqi,PINN,361.9999947838737,390.0272
2023-12-08 12:00:00,aqi,PINN,123.99999955465495,122.806335
2021-02-06 12:00:00,aqi,PINN,114.99999983538996,112.1082
2024-07-04 11:00:00,aqi,PINN,155.9999988881235,155.59344
2025-07-12 03:00:00,aqi,PINN,320.99999871587806,310.3586
2022-06-02 20:00:00,aqi,PINN,208.99999955636903,210.44537
2022-03-10 12:00:00,aqi,PINN,111.999997939143,103.67773
2021-08-02 10:00:00,aqi,PINN,298.9999967490188,299.03516
2022-09-03 09:00:00,aqi,PINN,183.00000028447192,183.83698
2025-09-04 22:00:00,aqi,PINN,267.0000004002882,268.40747
2022-03-03 03:00:00,aqi,PINN,168.99999964334881,143.39864
2024-11-12 19:00:00,aqi,PINN,240.00000124249325,234.26274
2023-08-12 11:00:00,aqi,PINN,309.99999773244843,310.3842
2024-07-12 05:00:00,aqi,PINN,202.0000003550842,203.77669
2025-04-02 05:00:00,aqi,PINN,300.9999980131835,300.5589
2023-10-10 01:00:00,aqi,PINN,152.9999999766145,145.16476
2024-08-10 12:00:00,aqi,PINN,159.00000078437049,161.742
2025-01-12 05:00:00,aqi,PINN,309.99999773244843,309.58572
2024-05-07 00:00:00,aqi,PINN,58.000005593029016,203.98077
2022-11-08 13:00:00,aqi,PINN,63.00000278396473,72.15341
2022-12-09 19:00:00,aqi,PINN,98.00000102894232,100.8173
2025-09-05 20:00:00,aqi,PINN,164.00000096004413,169.82079
2024-12-07 04:00:00,aqi,PINN,131.9999986418376,124.19794
2024-03-06 12:00:00,aqi,PINN,138.99999709693793,126.44487
2025-02-13 02:00:00,aqi,PINN,168.99999964334881,257.6984
2021-05-02 17:00:00,aqi,PINN,101.9999975877957,161.31914
2024-02-01 22:00:00,aqi,PINN,365.0000026495965,351.71497
2024-12-09 14:00:00,aqi,PINN,50.000000536370464,40.745914
2023-05-12 13:00:00,aqi,PINN,322.00000531743626,319.58185
2025-07-10 02:00:00,aqi,PINN,63.99999744657116,85.184875
2022-07-04 18:00:00,aqi,PINN,262.9999978719589,267.2697
2024-01-04 08:00:00,aqi,PINN,147.99999980094088,149.19633
2022-04-03 11:00:00,aqi,PINN,185.0000000562676,191.65149
2023-12-07 17:00:00,aqi,PINN,72.00000250322971,78.06494
2021-02-08 12:00:00,aqi,PINN,74.99999843000077,80.86441
2023-04-10 06:00:00,aqi,PINN,154.00000060869684,145.60106
2022-07-08 09:00:00,aqi,PINN,104.99999948404266,105.30344
2024-03-03 15:00:00,aqi,PINN,121.99999829049031,127.90302
2023-07-05 03:00:00,aqi,PINN,192.00000000373691,190.18655
2022-04-07 20:00:00,aqi,PINN,100.00000229310696,96.35157
2022-07-11 02:00:00,aqi,PINN,343.9999953453437,349.31293
2021-11-12 09:00:00,aqi,PINN,288.0000017350651,278.8942
2021-02-06 09:00:00,aqi,PINN,97.00000039686,98.25507
2021-09-10 04:00:00,aqi,PINN,183.00000028447192,180.48135
2025-04-12 17:00:00,aqi,PINN,336.00000222763697,328.7366
2024-12-07 06:00:00,aqi,PINN,129.00000271506653,121.86199
2021-02-02 11:00:00,aqi,PINN,307.9999964682838,296.3056
2021-12-09 02:00:00,aqi,PINN,72.99999716583613,77.66993
2023-10-04 04:00:00,aqi,PINN,195.00000003452266,188.27301
2023-11-12 08:00:00,aqi,PINN,329.999998435143,325.67288
2025-12-07 14:00:00,aqi,PINN,90.00000194175966,84.54494
2023-09-05 19:00:00,aqi,PINN,192.00000000373691,199.7773
2025-10-02 22:00:00,aqi,PINN,283.9999992067358,271.18375
2024-06-01 18:00:00,aqi,PINN,340.0000047559662,345.03323
2022-07-12 09:00:00,aqi,PINN,168.99999964334881,130.87506
2025-04-07 02:00:00,aqi,PINN,83.99999814926575,94.711655
2022-06-10 04:00:00,aqi,PINN,161.9999996958795,162.18282
2022-08-08 00:00:00,aqi,PINN,72.00000250322971,92.96191
2024-03-12 07:00:00,aqi,PINN,305.99999520411916,300.75488
2025-01-06 15:00:00,aqi,PINN,213.00000059232934,202.34793
2025-11-05 04:00:00,aqi,PINN,203.99999938069539,197.55128
2023-05-03 08:00:00,aqi,PINN,131.9999986418376,126.22334
2021-09-08 01:00:00,aqi,PINN,77.99999435677184,70.51466
2021-09-11 04:00:00,aqi,PINN,376.99999829563257,356.57632
2021-04-08 13:00:00,aqi,PINN,54.99999772730618,51.069965
2025-10-08 11:00:00,aqi,PINN,59.000000255635456,57.227085
2022-01-02 08:00:00,aqi,PINN,369.0000051779258,363.4899
2021-06-06 19:00:00,aqi,PINN,114.99999983538996,124.53065
2023-12-10 07:00:00,aqi,PINN,166.0000007318398,164.92767
2024-06-01 17:00:00,aqi,PINN,340.99999941857266,340.54074
2024-04-05 15:00:00,aqi,PINN,254.99999878477627,251.6526
2021-09-09 04:00:00,aqi,PINN,93.99999850061305,89.93253
2024-05-05 09:00:00,aqi,PINN,262.9999978719589,258.11987
2023-07-10 22:00:00,aqi,PINN,168.00000050363548,179.77971
2024-04-08 16:00:00,aqi,PINN,81.00000222249469,75.90571
2024-02-02 04:00:00,aqi,PINN,168.99999964334881,181.55392
2025-10-03 15:00:00,aqi,PINN,222.99999945130764,222.18687
2022-10-11 13:00:00,aqi,PINN,283.9999992067358,276.2875
2025-09-05 02:00:00,aqi,PINN,186.99999982806327,170.92946
2022-05-05 21:00:00,aqi,PINN,133.99999990600224,139.90306
2024-06-07 02:00:00,aqi,PINN,63.00000278396473,61.006596
2022-07-11 22:00:00,aqi,PINN,363.9999960480383,364.6412
2023-02-04 14:00:00,aqi,PINN,99.00000166102464,92.097694
2024-11-04 16:00:00,aqi,PINN,173.00000067930912,178.39919
2023-11-07 14:00:00,aqi,PINN,59.99999491824187,59.346714
2023-03-01 13:00:00,aqi,PINN,391.00000714478506,394.17166
2022-09-08 22:00:00,aqi,PINN,106.00000011612498,104.639336
2025-07-03 08:00:00,aqi,PINN,206.00000064486002,199.57664
2025-03-03 00:00:00,aqi,PINN,144.00000025734954,276.4736
2025-11-02 06:00:00,aqi,PINN,283.9999992067358,271.3128
2021-09-09 16:00:00,aqi,PINN,65.00000404812937,87.91119
2024-11-10 10:00:00,aqi,PINN,151.9999993445322,151.7328
2021-09-04 16:00:00,aqi,PINN,183.00000028447192,197.1338
2023-10-02 10:00:00,aqi,PINN,185.0000000562676,184.84941
2022-09-08 10:00:00,aqi,PINN,112.99999857122532,107.27462
2025-08-12 05:00:00,aqi,PINN,327.9999971709784,318.87802
2022-07-12 21:00:00,aqi,PINN,168.99999964334881,123.28428
2023-10-01 17:00:00,aqi,PINN,425.9999994202867,434.743
2022-06-07 16:00:00,aqi,PINN,101.00000292518928,104.96222
2024-02-10 23:00:00,aqi,PINN,160.9999990637972,198.03151
2021-01-03 11:00:00,aqi,PINN,177.00000022290044,185.14899
2025-02-12 06:00:00,aqi,PINN,331.0000050367013,327.0115
2021-05-06 15:00:00,aqi,PINN,163.00000032796183,153.54848
2021-10-08 21:00:00,aqi,PINN,56.00000432886438,64.38561
2025-02-03 05:00:00,aqi,PINN,145.99999853677622,142.44093
2023-12-03 20:00:00,aqi,PINN,198.99999995120623,205.61844
2024-06-10 23:00:00,aqi,PINN,135.00000053808458,172.05905
2022-08-03 16:00:00,aqi,PINN,287.00000110298276,286.00705
2023-01-12 11:00:00,aqi,PINN,392.9999964699979,391.6249
2021-07-11 15:00:00,aqi,PINN,417.99999436362816,418.94345
2022-10-04 01:00:00,aqi,PINN,248.0000003296759,258.5378
2024-02-02 18:00:00,aqi,PINN,168.99999964334881,119.19709
2022-07-06 10:00:00,aqi,PINN,168.99999964334881,120.704056
2021-01-08 22:00:00,aqi,PINN,63.99999744657116,60.921497
2022-02-06 10:00:00,aqi,PINN,184.00000017036976,178.17384
2024-02-05 21:00:00,aqi,PINN,166.99999987155314,163.47342
2023-09-02 03:00:00,aqi,PINN,175.99999959081813,192.73222
2025-05-02 21:00:00,aqi,PINN,286.00000047090043,284.03333
2024-05-04 02:00:00,aqi,PINN,142.9999996252672,150.8085
2021-01-04 02:00:00,aqi,PINN,160.00000141645282,155.04062
2025-11-07 19:00:00,aqi,PINN,70.00000123906507,67.7864
2023-10-05 22:00:00,aqi,PINN,202.0000003550842,201.7137
2023-05-05 21:00:00,aqi,PINN,168.99999964334881,184.20547
2024-04-09 10:00:00,aqi,PINN,72.99999716583613,70.83304
2021-07-10 08:00:00,aqi,PINN,113.99999920330764,112.095024
2021-03-04 02:00:00,aqi,PINN,150.9999987124499,157.9573
2025-10-05 02:00:00,aqi,PINN,164.9999986073885,156.9621
2023-12-01 18:00:00,aqi,PINN,349.0000044752312,351.18982
2021-07-05 18:00:00,aqi,PINN,244.99999843342894,219.92195
2024-11-10 22:00:00,aqi,PINN,145.99999853677622,160.562
2025-05-06 14:00:00,aqi,PINN,168.99999964334881,142.64192
2023-12-07 23:00:00,aqi,PINN,63.00000278396473,75.44464
2023-01-12 17:00:00,aqi,PINN,387.0000046164557,388.2908
2022-12-08 07:00:00,aqi,PINN,59.000000255635456,56.48685
2025-05-10 14:00:00,aqi,PINN,168.00000050363548,148.32812
2022-06-08 14:00:00,aqi,PINN,76.00000503155898,71.02453
2023-02-04 00:00:00,aqi,PINN,93.99999850061305,211.5816
2023-07-12 14:00:00,aqi,PINN,288.0000017350651,291.10904
2024-01-10 22:00:00,aqi,PINN,137.0000018022492,155.0556
2021-01-04 13:00:00,aqi,PINN,149.0000004330232,144.0206
2024-12-11 15:00:00,aqi,PINN,327.9999971709784,328.71927
2021-05-12 18:00:00,aqi,PINN,296.0000008222478,282.30392
2021-10-11 13:00:00,aqi,PINN,356.00000293033156,362.83667
2022-01-09 20:00:00,aqi,PINN,110.99999730706068,110.38824
2024-07-06 17:00:00,aqi,PINN,269.00000166445284,266.0247
2022-08-10 18:00:00,aqi,PINN,30.999994496282312,37.15624
2023-11-05 04:00:00,aqi,PINN,240.00000124249325,216.52429
2022-06-04 06:00:00,aqi,PINN,235.99999871416398,235.91405
2021-12-12 12:00:00,aqi,PINN,226.00000134755462,219.13214
2024-08-03 01:00:00,aqi,PINN,173.99999981902246,175.13167
2022-06-05 08:00:00,aqi,PINN,224.00000008338998,216.65968
2024-04-10 21:00:00,aqi,PINN,177.00000022290044,186.45274
2025-01-02 23:00:00,aqi,PINN,374.0000023688615,334.60764
2025-03-11 22:00:00,aqi,PINN,296.0000008222478,304.67038
2021-02-02 22:00:00,aqi,PINN,338.0000034918016,336.2559
2025-10-04 08:00:00,aqi,PINN,261.9999972398766,259.0148
2023-03-02 14:00:00,aqi,PINN,183.00000028447192,173.60709
2022-10-12 16:00:00,aqi,PINN,168.99999964334881,184.49144
2024-07-02 14:00:00,aqi,PINN,142.9999996252672,152.8487
2024-04-11 02:00:00,aqi,PINN,369.0000051779258,381.5701
2021-05-03 19:00:00,aqi,PINN,293.9999995580831,290.0495
2023-04-01 12:00:00,aqi,PINN,372.0000011046969,362.71396
2025-04-02 18:00:00,aqi,PINN,325.00000124420734,314.2805
2021-02-04 04:00:00,aqi,PINN,164.00000096004413,157.1499
2025-05-08 23:00:00,aqi,PINN,103.99999885196034,106.46529
2023-07-01 11:00:00,aqi,PINN,409.000006583315,409.00702
2023-04-07 18:00:00,aqi,PINN,142.9999996252672,142.81241
2025-08-04 10:00:00,aqi,PINN,240.00000124249325,250.36401
2021-08-11 19:00:00,aqi,PINN,374.0000023688615,380.83942
2022-10-08 17:00:00,aqi,PINN,101.9999975877957,102.62001
2025-03-12 20:00:00,aqi,PINN,347.999997873673,354.4443
2021-09-07 04:00:00,aqi,PINN,168.99999964334881,128.98956
2025-02-12 00:00:00,aqi,PINN,314.0000002607777,344.8133
2022-12-01 17:00:00,aqi,PINN,178.00000010879828,172.77742
2025-01-10 19:00:00,aqi,PINN,85.00000475082396,81.22623
2022-08-02 04:00:00,aqi,PINN,177.00000022290044,183.22267
2021-07-01 19:00:00,aqi,PINN,263.99999850404123,265.9391
2023-03-04 22:00:00,aqi,PINN,160.9999990637972,153.78584
2023-09-10 10:00:00,aqi,PINN,168.99999964334881,113.407814
2022-08-06 23:00:00,aqi,PINN,168.99999964334881,116.95095
2022-06-01 17:00:00,aqi,PINN,259.00000131310554,266.67874
2021-09-12 21:00:00,aqi,PINN,302.00000461474167,293.89264
2022-06-12 04:00:00,aqi,PINN,168.99999964334881,178.9521
2024-06-01 23:00:00,aqi,PINN,343.9999953453437,316.13535
2022-01-09 22:00:00,aqi,PINN,111.999997939143,106.739944
2023-07-07 04:00:00,aqi,PINN,47.99999927220583,53.178196
2023-06-03 04:00:00,aqi,PINN,113.99999920330764,119.67691
2022-02-03 02:00:00,aqi,PINN,185.0000000562676,169.95218
2023-04-05 14:00:00,aqi,PINN,81.99999688510111,78.5091
2021-09-07 03:00:00,aqi,PINN,168.99999964334881,132.1122
2022-06-07 09:00:00,aqi,PINN,101.00000292518928,104.51778
2023-08-10 14:00:00,aqi,PINN,144.00000025734954,146.10294
2023-02-08 09:00:00,aqi,PINN,81.99999688510111,78.95691
2023-04-03 17:00:00,aqi,PINN,120.99999765840799,118.44193
2021-08-03 09:00:00,aqi,PINN,242.9999971692643,244.04631
2021-09-06 21:00:00,aqi,PINN,262.9999978719589,278.7884
2023-11-12 13:00:00,aqi,PINN,336.9999968902434,332.9301
2024-10-09 04:00:00,aqi,PINN,93.99999850061305,89.7518
2023-12-04 00:00:00,aqi,PINN,239.00000061041092,199.44292
2023-12-03 23:00:00,aqi,PINN,193.00000007618087,190.70625
2024-02-02 06:00:00,aqi,PINN,168.99999964334881,160.05742
2022-06-02 07:00:00,aqi,PINN,216.9999986435517,200.16853
2024-06-11 18:00:00,aqi,PINN,254.99999878477627,264.93854
2022-03-04 14:00:00,aqi,PINN,246.99999969759358,252.78088
2023-01-05 12:00:00,aqi,PINN,91.00000257384198,88.513794
2024-12-10 14:00:00,aqi,PINN,138.00000243433152,129.17584
2025-08-03 22:00:00,aqi,PINN,184.00000017036976,176.68536
2025-04-05 04:00:00,aqi,PINN,230.99999853849033,223.68187
2024-01-09 16:00:00,aqi,PINN,86.99999407603681,85.983284
2023-05-07 23:00:00,aqi,PINN,83.99999814926575,77.914246
2023-02-08 20:00:00,aqi,PINN,83.00000348665932,88.36219
2024-02-04 15:00:00,aqi,PINN,129.00000271506653,124.606544
2021-03-04 01:00:00,aqi,PINN,151.9999993445322,166.73865
2022-01-02 19:00:00,aqi,PINN,360.00000545866084,359.84848
2025-09-06 19:00:00,aqi,PINN,208.99999955636903,211.2892
2022-12-12 21:00:00,aqi,PINN,168.99999964334881,140.52165
2022-05-02 11:00:00,aqi,PINN,206.00000064486002,196.71176
2024-05-07 12:00:00,aqi,PINN,76.99999969416541,78.64707
2025-12-11 11:00:00,aqi,PINN,406.9999933801986,387.53864
2022-11-09 05:00:00,aqi,PINN,101.00000292518928,96.503716
2025-01-07 14:00:00,aqi,PINN,67.00000531229401,73.09104
2024-04-04 04:00:00,aqi,PINN,168.99999964334881,162.13138
2024-01-04 01:00:00,aqi,PINN,180.99999976649178,176.5778
2023-03-12 14:00:00,aqi,PINN,327.9999971709784,325.4659
2022-02-13 02:00:00,aqi,PINN,168.99999964334881,228.60985
2024-03-02 14:00:00,aqi,PINN,145.99999853677622,139.82596
2023-04-03 18:00:00,aqi,PINN,122.99999892257263,119.86884
2022-03-04 08:00:00,aqi,PINN,242.0000025066579,239.33794
2022-05-03 19:00:00,aqi,PINN,106.00000011612498,107.44676
2022-04-05 10:00:00,aqi,PINN,293.0000048954767,279.1715
2023-03-08 17:00:00,aqi,PINN,74.99999843000077,76.3684
2024-11-08 15:00:00,aqi,PINN,52.0000018005351,49.17554
2025-10-04 12:00:00,aqi,PINN,259.00000131310554,261.4344
2023-08-03 16:00:00,aqi,PINN,216.00000099620732,210.50928
2024-12-09 03:00:00,aqi,PINN,81.00000222249469,73.42106
2023-08-08 07:00:00,aqi,PINN,103.99999885196034,104.60023
2022-10-05 05:00:00,aqi,PINN,149.0000004330232,148.47672
2021-09-09 11:00:00,aqi,PINN,88.00000067759503,96.457756
2023-05-06 12:00:00,aqi,PINN,138.00000243433152,142.40295
2021-09-11 10:00:00,aqi,PINN,378.9999995597972,381.24466
2024-11-03 16:00:00,aqi,PINN,211.999999960247,218.0351
2025-11-03 21:00:00,aqi,PINN,272.9999982233062,281.30975
2022-03-02 20:00:00,aqi,PINN,323.9999946426491,318.36713
2025-07-06 11:00:00,aqi,PINN,192.00000000373691,190.3639
2022-07-06 17:00:00,aqi,PINN,168.99999964334881,114.55853
2024-05-09 17:00:00,aqi,PINN,59.000000255635456,61.717564
2025-12-01 16:00:00,aqi,PINN,327.9999971709784,324.75296
2023-04-09 09:00:00,aqi,PINN,137.0000018022492,131.13907
2023-09-02 23:00:00,aqi,PINN,227.99999962698132,215.28397
2025-12-03 13:00:00,aqi,PINN,271.99999759122386,276.38553
2023-03-11 00:00:00,aqi,PINN,424.9999928187285,183.18297
2025-01-05 02:00:00,aqi,PINN,173.00000067930912,187.24341
2022-10-12 21:00:00,aqi,PINN,168.99999964334881,175.8065
2022-06-09 14:00:00,aqi,PINN,114.99999983538996,114.01338
2025-10-10 11:00:00,aqi,PINN,142.9999996252672,135.87842
2021-03-05 16:00:00,aqi,PINN,217.99999927563402,204.01758
2024-10-03 16:00:00,aqi,PINN,198.99999995120623,194.30042
2024-06-05 20:00:00,aqi,PINN,208.0000004166557,211.10918
2025-04-07 23:00:00,aqi,PINN,119.00000236371925,128.37137
2023-02-05 06:00:00,aqi,PINN,74.99999843000077,72.23768
2024-02-07 13:00:00,aqi,PINN,129.99999737767297,123.89479
2022-03-08 17:00:00,aqi,PINN,118.00000173163693,108.857376
2021-03-12 19:00:00,aqi,PINN,340.0000047559662,348.63617
2022-04-08 14:00:00,aqi,PINN,107.0000007482073,97.934364
2023-01-03 21:00:00,aqi,PINN,173.00000067930912,170.9533
2022-07-11 19:00:00,aqi,PINN,367.00000391376113,369.34613
2023-07-03 14:00:00,aqi,PINN,161.9999996958795,161.91316
2025-08-08 05:00:00,aqi,PINN,110.00000264445426,105.14494
2025-01-05 01:00:00,aqi,PINN,173.99999981902246,189.62303
2025-01-08 19:00:00,aqi,PINN,45.00000334543478,42.299
2021-04-09 05:00:00,aqi,PINN,61.000001519800094,66.666176
2021-06-09 20:00:00,aqi,PINN,168.99999964334881,101.03572
2022-04-08 19:00:00,aqi,PINN,109.00000201237194,104.7738
2023-01-06 21:00:00,aqi,PINN,94.99999913269536,82.53666
2022-09-13 01:00:00,aqi,PINN,168.99999964334881,213.3598
2022-09-04 00:00:00,aqi,PINN,253.99999815269393,141.04163
2024-05-06 02:00:00,aqi,PINN,210.9999993281647,182.21848
2025-02-07 17:00:00,aqi,PINN,85.00000475082396,85.54696
2023-02-10 02:00:00,aqi,PINN,138.99999709693793,138.55092
2022-03-11 06:00:00,aqi,PINN,401.00000152665643,403.38248
2023-08-07 11:00:00,aqi,PINN,59.000000255635456,65.19033
2025-05-12 21:00:00,aqi,PINN,338.999998154408,341.87488
2022-05-06 01:00:00,aqi,PINN,168.99999964334881,148.14392
2022-11-02 23:00:00,aqi,PINN,172.0000000472268,183.58467
2021-02-06 19:00:00,aqi,PINN,121.99999829049031,124.42428
2025-02-02 02:00:00,aqi,PINN,367.00000391376113,353.9938
2023-05-08 08:00:00,aqi,PINN,168.99999964334881,107.7962
2024-10-04 07:00:00,aqi,PINN,155.00000124077917,152.30214
2021-02-08 16:00:00,aqi,PINN,79.99999562093647,76.07788
2023-07-01 18:00:00,aqi,PINN,392.9999964699979,401.9246
2023-04-03 02:00:00,aqi,PINN,133.99999990600224,133.8743
2022-06-03 06:00:00,aqi,PINN,121.99999829049031,116.98904
2022-08-10 15:00:00,aqi,PINN,29.999999833675872,34.80379
2024-01-03 14:00:00,aqi,PINN,243.99999780134664,188.99686
2022-06-11 00:00:00,aqi,PINN,365.0000026495965,85.21742
2025-07-07 21:00:00,aqi,PINN,63.00000278396473,70.549965
2021-10-09 11:00:00,aqi,PINN,70.00000123906507,77.603294
2024-02-01 20:00:00,aqi,PINN,361.9999947838737,364.0923
2022-03-07 18:00:00,aqi,PINN,74.99999843000077,78.91867
2025-08-02 01:00:00,aqi,PINN,155.00000124077917,168.52563
2022-12-02 08:00:00,aqi,PINN,173.99999981902246,167.05777
2024-05-08 09:00:00,aqi,PINN,81.00000222249469,80.87572
2021-05-02 18:00:00,aqi,PINN,100.00000229310696,128.83867
2021-09-01 21:00:00,aqi,PINN,314.9999949233841,308.63834
2024-02-03 04:00:00,aqi,PINN,144.00000025734954,138.70834
2023-02-08 03:00:00,aqi,PINN,79.99999562093647,75.82486
2022-01-09 04:00:00,aqi,PINN,112.99999857122532,101.43662
2024-12-11 04:00:00,aqi,PINN,343.0000006827373,335.51492
2022-09-03 10:00:00,aqi,PINN,170.9999994151445,179.80165
2023-09-11 22:00:00,aqi,PINN,425.9999994202867,425.13217
2022-10-09 12:00:00,aqi,PINN,116.00000046747228,119.56042
2025-01-10 22:00:00,aqi,PINN,97.00000039686,94.41204
2025-05-02 07:00:00,aqi,PINN,345.00000194690193,331.89417
2023-01-12 04:00:00,aqi,PINN,391.9999898684397,386.08588
2022-10-10 17:00:00,aqi,PINN,32.99999576044695,35.33742
2021-07-04 19:00:00,aqi,PINN,168.99999964334881,122.43396
2022-09-06 23:00:00,aqi,PINN,100.00000229310696,90.112274
2025-12-08 09:00:00,aqi,PINN,98.00000102894232,95.619316
2021-02-10 11:00:00,aqi,PINN,104.99999948404266,100.22513
2024-01-10 04:00:00,aqi,PINN,129.00000271506653,121.5773
2024-08-06 16:00:00,aqi,PINN,222.99999945130764,217.223
2022-03-09 08:00:00,aqi,PINN,123.99999955465495,115.09759
2025-10-06 16:00:00,aqi,PINN,208.0000004166557,200.61401
2022-03-06 01:00:00,aqi,PINN,235.0000010668196,187.84991
2024-05-02 15:00:00,aqi,PINN,138.00000243433152,139.17099
2025-08-01 20:00:00,aqi,PINN,327.9999971709784,335.33978
2022-05-03 11:00:00,aqi,PINN,110.99999730706068,115.34639
2025-04-08 17:00:00,aqi,PINN,108.00000138028962,103.11508
2022-07-09 16:00:00,aqi,PINN,110.00000264445426,115.392044
2023-02-08 02:00:00,aqi,PINN,79.99999562093647,78.10766
2023-03-06 14:00:00,aqi,PINN,112.99999857122532,105.81623
2025-01-04 19:00:00,aqi,PINN,146.99999916885855,148.51329
2022-06-06 16:00:00,aqi,PINN,168.99999964334881,134.588
2022-06-09 23:00:00,aqi,PINN,116.00000046747228,113.870346
2024-10-10 11:00:00,aqi,PINN,142.9999996252672,142.7718
2023-12-11 01:00:00,aqi,PINN,220.00000053979863,241.81137
2022-09-11 00:00:00,aqi,PINN,387.0000046164557,55.82755
2024-09-07 05:00:00,aqi,PINN,65.9999987107358,69.23237
2021-07-10 17:00:00,aqi,PINN,121.99999829049031,125.15267
2025-07-12 12:00:00,aqi,PINN,311.00000433400663,306.30316
2021-08-07 00:00:00,aqi,PINN,168.99999964334881,223.2934
2025-12-02 12:00:00,aqi,PINN,242.9999971692643,245.56343
2024-11-03 04:00:00,aqi,PINN,213.99999973204268,204.02188
2023-11-09 21:00:00,aqi,PINN,52.99999646314154,45.3682
2023-12-03 06:00:00,aqi,PINN,206.00000064486002,195.56488
2024-06-08 11:00:00,aqi,PINN,56.99999899147082,54.474873
2025-08-10 14:00:00,aqi,PINN,61.000001519800094,59.697346
2024-07-06 05:00:00,aqi,PINN,203.99999938069539,194.1244
2024-07-05 17:00:00,aqi,PINN,267.0000004002882,269.09454
2023-05-03 05:00:00,aqi,PINN,131.9999986418376,126.445206
2024-06-12 21:00:00,aqi,PINN,186.99999982806327,190.48203
2022-03-11 11:00:00,aqi,PINN,168.99999964334881,444.93906
2022-06-07 21:00:00,aqi,PINN,98.00000102894232,96.98771
2021-10-09 02:00:00,aqi,PINN,72.00000250322971,82.353485
2025-01-02 08:00:00,aqi,PINN,387.9999992790622,382.98038
2021-04-10 18:00:00,aqi,PINN,41.99999547971191,49.679157
2024-05-03 18:00:00,aqi,PINN,141.00000134584053,146.07426
2025-11-07 01:00:00,aqi,PINN,59.000000255635456,49.98778
2024-12-08 05:00:00,aqi,PINN,50.000000536370464,41.91733
2025-04-04 19:00:00,aqi,PINN,234.00000043473727,229.47131
2023-03-04 05:00:00,aqi,PINN,123.99999955465495,121.205795
2025-02-06 03:00:00,aqi,PINN,158.00000015228818,153.36256
2024-06-04 19:00:00,aqi,PINN,138.99999709693793,145.51324
2025-07-08 01:00:00,aqi,PINN,112.99999857122532,113.95033
2023-04-03 10:00:00,aqi,PINN,117.00000109955461,116.29934
2023-06-06 16:00:00,aqi,PINN,241.00000187457556,132.08466
2025-02-07 19:00:00,aqi,PINN,85.99999941343039,85.89003
2022-12-04 19:00:00,aqi,PINN,241.00000187457556,240.44771
2023-11-11 02:00:00,aqi,PINN,224.00000008338998,224.5308
2024-05-06 19:00:00,aqi,PINN,244.99999843342894,247.23334
2023-06-03 20:00:00,aqi,PINN,130.99999800975527,130.58684
2021-09-10 12:00:00,aqi,PINN,183.00000028447192,180.82545
2025-04-07 20:00:00,aqi,PINN,109.00000201237194,105.993935
2021-07-12 08:00:00,aqi,PINN,291.00000363131204,286.83414
2022-04-03 22:00:00,aqi,PINN,155.00000124077917,171.40636
2025-08-11 14:00:00,aqi,PINN,358.9999988571026,352.69308
2022-06-11 07:00:00,aqi,PINN,358.0000041944962,351.75616
2022-11-08 23:00:00,aqi,PINN,58.000005593029016,65.75521
2025-08-05 09:00:00,aqi,PINN,175.00000045110477,173.92346
2022-04-07 16:00:00,aqi,PINN,91.00000257384198,91.24898
2021-02-04 15:00:00,aqi,PINN,155.9999988881235,156.60202
2023-06-01 20:00:00,aqi,PINN,427.9999887454996,436.5048
2023-07-11 19:00:00,aqi,PINN,391.9999898684397,380.45917
2021-01-05 12:00:00,aqi,PINN,235.99999871416398,257.71912
2023-10-08 00:00:00,aqi,PINN,127.00000145090189,57.434895
2021-09-11 06:00:00,aqi,PINN,378.9999995597972,372.21472
2021-06-11 05:00:00,aqi,PINN,448.00000138714597,442.8815
2025-10-07 12:00:00,aqi,PINN,68.99999463750686,73.4969
2023-12-03 15:00:00,aqi,PINN,208.99999955636903,196.92783
2024-06-12 06:00:00,aqi,PINN,184.00000017036976,177.55324
2025-11-09 03:00:00,aqi,PINN,76.00000503155898,73.84592
2024-01-02 04:00:00,aqi,PINN,283.9999992067358,286.2472
2022-08-08 13:00:00,aqi,PINN,58.000005593029016,53.643528
2023-09-11 10:00:00,aqi,PINN,427.00000602184497,424.67197
2024-03-09 16:00:00,aqi,PINN,83.00000348665932,77.698616
2022-12-10 04:00:00,aqi,PINN,86.99999407603681,101.21832
2023-10-07 13:00:00,aqi,PINN,56.00000432886438,56.083286
2022-05-06 03:00:00,aqi,PINN,168.99999964334881,132.18736
2021-07-12 23:00:00,aqi,PINN,252.9999975206116,246.29324
2021-08-01 11:00:00,aqi,PINN,243.99999780134664,239.00832
2023-10-04 06:00:00,aqi,PINN,188.00000008705334,180.49252
2023-03-08 04:00:00,aqi,PINN,74.99999843000077,73.61437
2025-08-01 10:00:00,aqi,PINN,378.0000048971908,369.12643
2022-11-10 10:00:00,aqi,PINN,34.00000236200515,40.927464
2023-12-05 08:00:00,aqi,PINN,242.0000025066579,239.27008
2023-09-02 16:00:00,aqi,PINN,230.00000089114593,217.73178
2022-10-03 06:00:00,aqi,PINN,145.99999853677622,140.46692
2023-05-09 08:00:00,aqi,PINN,112.99999857122532,109.89628
2021-12-10 23:00:00,aqi,PINN,192.00000000373691,219.24364
2021-01-12 09:00:00,aqi,PINN,334.99999562607877,327.00168
2021-06-10 22:00:00,aqi,PINN,112.99999857122532,116.49253
2022-10-11 15:00:00,aqi,PINN,286.00000047090043,275.95663
2024-07-11 07:00:00,aqi,PINN,358.0000041944962,270.41473
2023-07-01 16:00:00,aqi,PINN,395.0000096731143,403.34067
2025-11-03 15:00:00,aqi,PINN,269.00000166445284,261.14435
2024-02-06 04:00:00,aqi,PINN,198.0000000653084,183.86699
2023-03-02 11:00:00,aqi,PINN,185.99999994216543,183.01872
2023-09-04 10:00:00,aqi,PINN,202.0000003550842,201.16158
2024-07-02 00:00:00,aqi,PINN,152.9999999766145,303.80295
2025-11-04 10:00:00,aqi,PINN,189.9999999987586,189.51923
2022-11-10 08:00:00,aqi,PINN,32.99999576044695,34.935017
2025-09-12 00:00:00,aqi,PINN,314.0000002607777,330.44125
2022-06-06 17:00:00,aqi,PINN,168.99999964334881,129.37189
2021-12-03 22:00:00,aqi,PINN,208.99999955636903,205.59627
2022-08-12 02:00:00,aqi,PINN,168.99999964334881,201.05473
2021-01-04 09:00:00,aqi,PINN,150.0000010651055,151.00574
2022-05-08 06:00:00,aqi,PINN,90.00000194175966,85.89145
2025-03-05 00:00:00,aqi,PINN,129.00000271506653,205.79137
2025-05-06 09:00:00,aqi,PINN,154.00000060869684,146.22859
2024-06-12 23:00:00,aqi,PINN,188.99999997295117,217.95627
2022-03-06 02:00:00,aqi,PINN,237.99999997832862,196.51523
2021-01-10 16:00:00,aqi,PINN,129.00000271506653,124.84012
2023-11-06 19:00:00,aqi,PINN,122.99999892257263,124.23346
2024-05-04 23:00:00,aqi,PINN,160.9999990637972,190.04349
2021-11-11 01:00:00,aqi,PINN,367.9999985763676,377.42728
2023-09-11 01:00:00,aqi,PINN,419.00000096518636,414.02783
2025-08-07 10:00:00,aqi,PINN,83.99999814926575,78.25635
2022-10-04 11:00:00,aqi,PINN,244.99999843342894,241.40967
2024-10-03 22:00:00,aqi,PINN,208.0000004166557,201.65889
2025-03-10 21:00:00,aqi,PINN,77.99999435677184,71.117485
2024-09-02 06:00:00,aqi,PINN,141.00000134584053,140.58478
2021-11-04 07:00:00,aqi,PINN,175.00000045110477,169.07608
2024-08-01 21:00:00,aqi,PINN,392.9999964699979,398.08704
2021-02-01 19:00:00,aqi,PINN,427.9999887454996,427.21814
2025-08-03 13:00:00,aqi,PINN,178.9999999946961,175.4816
2023-03-01 19:00:00,aqi,PINN,387.9999992790622,402.8528
2023-02-11 19:00:00,aqi,PINN,389.0000058806204,395.07855
2025-09-08 04:00:00,aqi,PINN,113.99999920330764,104.89672
2022-11-02 17:00:00,aqi,PINN,161.9999996958795,166.53365
2024-03-02 12:00:00,aqi,PINN,138.99999709693793,131.66548
2025-09-03 02:00:00,aqi,PINN,189.9999999987586,202.7693
2022-10-05 15:00:00,aqi,PINN,147.99999980094088,150.49557
2025-07-03 02:00:00,aqi,PINN,175.99999959081813,180.13295
2024-07-02 22:00:00,aqi,PINN,131.9999986418376,155.94783
2021-05-03 05:00:00,aqi,PINN,280.9999973104889,273.3163
2025-05-04 20:00:00,aqi,PINN,160.00000141645282,168.68889
2024-12-12 05:00:00,aqi,PINN,261.00000257727015,255.31088
2025-07-10 06:00:00,aqi,PINN,65.00000404812937,66.45334
2023-05-03 23:00:00,aqi,PINN,114.99999983538996,106.30238
2021-01-10 07:00:00,aqi,PINN,125.00000018673727,114.11787
2023-08-12 12:00:00,aqi,PINN,309.99999773244843,309.02158
2024-08-10 01:00:00,aqi,PINN,145.99999853677622,176.35638
2024-08-08 06:00:00,aqi,PINN,61.000001519800094,63.71182
2022-04-13 02:00:00,aqi,PINN,168.99999964334881,159.5732
2024-12-11 10:00:00,aqi,PINN,343.9999953453437,337.76117
2023-09-02 10:00:00,aqi,PINN,199.99999983710404,198.01315
2024-03-03 11:00:00,aqi,PINN,120.99999765840799,126.44577
2024-09-11 16:00:00,aqi,PINN,358.9999988571026,356.0015
2022-11-09 17:00:00,aqi,PINN,94.99999913269536,98.551994
2021-02-08 23:00:00,aqi,PINN,77.99999435677184,80.14773
2024-05-10 18:00:00,aqi,PINN,149.0000004330232,149.01105
2021-07-03 12:00:00,aqi,PINN,274.99999948747086,277.45435
2023-09-03 15:00:00,aqi,PINN,104.99999948404266,103.11347
2023-03-10 17:00:00,aqi,PINN,141.9999989931849,132.86664
2021-07-08 14:00:00,aqi,PINN,116.00000046747228,117.944115
2022-07-03 21:00:00,aqi,PINN,253.99999815269393,264.485
2024-07-09 09:00:00,aqi,PINN,61.999996182406505,64.763504
2023-01-03 01:00:00,aqi,PINN,186.99999982806327,187.34541
2023-10-04 02:00:00,aqi,PINN,197.00000017941056,193.5522
2022-07-02 14:00:00,aqi,PINN,185.0000000562676,177.10492
2021-03-05 10:00:00,aqi,PINN,200.99999972300188,192.27048
2025-04-09 16:00:00,aqi,PINN,47.000004609599415,48.575718
2023-09-08 01:00:00,aqi,PINN,111.999997939143,107.387054
2022-05-08 15:00:00,aqi,PINN,83.99999814926575,80.99484
2023-10-10 19:00:00,aqi,PINN,155.9999988881235,151.9599
2023-04-11 02:00:00,aqi,PINN,448.00000138714597,432.59903
2023-05-12 14:00:00,aqi,PINN,320.99999871587806,318.12387
2025-12-07 17:00:00,aqi,PINN,94.99999913269536,90.63136
2025-06-06 11:00:00,aqi,PINN,166.99999987155314,164.34007
2024-05-06 07:00:00,aqi,PINN,210.9999993281647,201.17044
2023-04-06 18:00:00,aqi,PINN,250.00000159384055,236.50078
2023-05-11 23:00:00,aqi,PINN,445.00000546037495,411.2887
2024-06-02 22:00:00,aqi,PINN,152.9999999766145,154.64624
2022-04-12 22:00:00,aqi,PINN,168.99999964334881,150.60721
2024-10-03 02:00:00,aqi,PINN,192.00000000373691,181.92737
2024-01-05 13:00:00,aqi,PINN,177.00000022290044,169.83876
2022-11-12 01:00:00,aqi,PINN,168.99999964334881,240.18422
2023-07-05 12:00:00,aqi,PINN,141.9999989931849,140.0635
2022-01-04 22:00:00,aqi,PINN,222.99999945130764,221.68256
2023-09-04 22:00:00,aqi,PINN,198.0000000653084,199.7138
2023-06-05 03:00:00,aqi,PINN,168.99999964334881,152.16551
2022-04-10 13:00:00,aqi,PINN,119.49999969502245,119.21102
2024-03-08 01:00:00,aqi,PINN,76.99999969416541,89.01866
2022-07-05 08:00:00,aqi,PINN,193.00000007618087,192.61293
2022-12-13 01:00:00,aqi,PINN,168.99999964334881,152.29396
2023-04-08 08:00:00,aqi,PINN,86.99999407603681,83.64062
2021-01-03 22:00:00,aqi,PINN,173.99999981902246,167.12285
2021-12-08 16:00:00,aqi,PINN,119.99999702632567,117.78819
2024-10-12 02:00:00,aqi,PINN,190.9999999779295,177.07353
2022-06-10 00:00:00,aqi,PINN,195.49999997747156,122.035446
2023-07-06 00:00:00,aqi,PINN,109.00000201237194,132.96362
2024-12-05 18:00:00,aqi,PINN,141.00000134584053,149.86389
2024-04-03 06:00:00,aqi,PINN,155.9999988881235,145.17804
2023-07-09 08:00:00,aqi,PINN,94.99999913269536,90.333755
2023-01-08 14:00:00,aqi,PINN,81.00000222249469,71.394936
2025-07-08 10:00:00,aqi,PINN,122.99999892257263,117.790596
2023-01-01 17:00:00,aqi,PINN,226.999998994899,219.30457
2023-05-10 13:00:00,aqi,PINN,166.0000007318398,168.99643
2025-12-01 11:00:00,aqi,PINN,334.0000009634723,322.88498
2024-02-06 17:00:00,aqi,PINN,146.99999916885855,159.47221
2021-03-12 21:00:00,aqi,PINN,343.0000006827373,345.263
2021-02-12 22:00:00,aqi,PINN,409.000006583315,388.5182
2025-12-05 21:00:00,aqi,PINN,139.99999772902027,147.81058
2022-08-07 07:00:00,aqi,PINN,88.00000067759503,86.2699
2023-12-12 16:00:00,aqi,PINN,340.99999941857266,340.71964
2025-01-12 13:00:00,aqi,PINN,309.000003069842,308.0267
2024-01-05 05:00:00,aqi,PINN,180.99999976649178,163.56032
2023-01-07 03:00:00,aqi,PINN,52.99999646314154,47.8057
2022-04-05 08:00:00,aqi,PINN,289.00000236714743,272.28143
2024-02-12 12:00:00,aqi,PINN,286.00000047090043,286.83447
2023-07-01 22:00:00,aqi,PINN,396.99999899832716,383.6088
2024-04-04 07:00:00,aqi,PINN,164.00000096004413,153.66931
2023-10-01 22:00:00,aqi,PINN,402.99999085186926,398.1421
2021-02-04 09:00:00,aqi,PINN,164.9999986073885,163.68684
2022-07-01 21:00:00,aqi,PINN,175.00000045110477,182.05273
2021-11-12 02:00:00,aqi,PINN,302.00000461474167,304.86057
2022-04-06 21:00:00,aqi,PINN,230.00000089114593,233.49747
2021-03-03 05:00:00,aqi,PINN,166.99999987155314,159.96257
2021-12-07 14:00:00,aqi,PINN,91.00000257384198,92.40234
2024-03-04 01:00:00,aqi,PINN,133.99999990600224,137.99501
2025-06-12 19:00:00,aqi,PINN,329.0000037725366,330.76956
2021-04-06 15:00:00,aqi,PINN,152.9999999766145,169.73547
2023-09-01 22:00:00,aqi,PINN,496.0000078491937,465.4652
2024-11-05 02:00:00,aqi,PINN,175.99999959081813,184.08388
2021-08-10 08:00:00,aqi,PINN,151.9999993445322,147.80168
2025-10-12 09:00:00,aqi,PINN,287.00000110298276,280.86588
2025-12-12 00:00:00,aqi,PINN,313.0000055981713,349.74927
2021-11-03 20:00:00,aqi,PINN,268.0000010323705,267.29587
2023-09-03 19:00:00,aqi,PINN,110.99999730706068,112.89796
2022-09-06 02:00:00,aqi,PINN,168.99999964334881,121.614555
2022-09-04 11:00:00,aqi,PINN,264.99999913612356,262.00854
2023-12-07 13:00:00,aqi,PINN,76.99999969416541,78.13203
2022-10-05 14:00:00,aqi,PINN,147.99999980094088,149.21954
2022-01-04 01:00:00,aqi,PINN,304.00000587890634,304.0083
2023-02-11 15:00:00,aqi,PINN,361.9999947838737,360.8707
2024-06-03 09:00:00,aqi,PINN,152.9999999766145,148.51741
2025-10-04 01:00:00,aqi,PINN,264.99999913612356,255.78505
2021-01-05 07:00:00,aqi,PINN,257.0000000489409,246.53748
2024-10-03 14:00:00,aqi,PINN,195.9999999204205,191.53255
2024-04-07 04:00:00,aqi,PINN,79.00000095833005,80.986496
2022-11-05 05:00:00,aqi,PINN,147.99999980094088,144.97388
2021-10-09 17:00:00,aqi,PINN,68.99999463750686,76.09523
2021-02-09 18:00:00,aqi,PINN,79.00000095833005,85.5724
2021-02-04 16:00:00,aqi,PINN,150.9999987124499,151.7691
2022-05-01 10:00:00,aqi,PINN,347.00000321106654,349.86295
2025-11-06 22:00:00,aqi,PINN,229.00000025906363,233.59029
2025-12-06 10:00:00,aqi,PINN,185.99999994216543,183.6499
2022-07-11 07:00:00,aqi,PINN,352.9999950646087,353.17242
2025-08-04 01:00:00,aqi,PINN,252.9999975206116,244.948
2024-12-01 23:00:00,aqi,PINN,347.999997873673,313.4114
2025-02-06 02:00:00,aqi,PINN,161.9999996958795,163.23
2022-10-07 00:00:00,aqi,PINN,92.99999786853073,227.99579
2022-02-10 21:00:00,aqi,PINN,145.00000088943187,141.54947
2023-05-08 16:00:00,aqi,PINN,168.99999964334881,98.97506
2025-02-04 19:00:00,aqi,PINN,168.99999964334881,249.61105
2025-06-06 02:00:00,aqi,PINN,172.0000000472268,167.71365
2022-11-08 08:00:00,aqi,PINN,72.00000250322971,80.64006
2025-01-12 22:00:00,aqi,PINN,309.000003069842,311.52417
2023-12-09 15:00:00,aqi,PINN,81.99999688510111,92.8336
2023-08-10 06:00:00,aqi,PINN,154.00000060869684,153.04556
2023-08-09 17:00:00,aqi,PINN,85.00000475082396,90.346954
2025-02-05 02:00:00,aqi,PINN,185.99999994216543,176.1562
2021-10-08 16:00:00,aqi,PINN,54.99999772730618,66.90985
2025-09-11 21:00:00,aqi,PINN,369.0000051779258,369.33734
2025-04-12 07:00:00,aqi,PINN,168.99999964334881,324.25354
2024-10-04 10:00:00,aqi,PINN,152.9999999766145,158.63588
2023-07-04 23:00:00,aqi,PINN,180.99999976649178,176.95132
2025-10-09 08:00:00,aqi,PINN,70.9999959016715,67.09519
2023-01-11 16:00:00,aqi,PINN,360.00000545866084,352.83688
2024-04-07 22:00:00,aqi,PINN,52.0000018005351,60.197376
2022-07-04 07:00:00,aqi,PINN,313.0000055981713,303.57782
2023-07-07 07:00:00,aqi,PINN,45.99999800804119,52.842182
2025-09-03 23:00:00,aqi,PINN,239.00000061041092,230.49014
2024-06-12 04:00:00,aqi,PINN,178.9999999946961,181.23532
2023-10-12 07:00:00,aqi,PINN,309.99999773244843,307.0847
2021-11-06 17:00:00,aqi,PINN,121.99999829049031,139.35931
2024-01-11 14:00:00,aqi,PINN,360.00000545866084,347.08453
2024-08-04 22:00:00,aqi,PINN,147.99999980094088,148.15404
2023-03-03 07:00:00,aqi,PINN,181.99999965238962,175.55592
2022-06-02 00:00:00,aqi,PINN,208.99999955636903,234.41327
2021-08-05 00:00:00,aqi,PINN,127.00000145090189,90.90496
2024-02-08 17:00:00,aqi,PINN,67.99999997490043,67.85757
2022-12-10 11:00:00,aqi,PINN,107.0000007482073,103.753746
2023-12-09 22:00:00,aqi,PINN,85.00000475082396,85.38753
2021-04-03 19:00:00,aqi,PINN,272.9999982233062,263.52924
2025-07-02 12:00:00,aqi,PINN,168.00000050363548,169.9199
2024-07-03 07:00:00,aqi,PINN,164.00000096004413,162.36523
2024-03-11 03:00:00,aqi,PINN,360.00000545866084,369.1634
2024-09-01 13:00:00,aqi,PINN,394.0000030715561,384.81506
2025-06-04 04:00:00,aqi,PINN,195.9999999204205,197.7185
2024-11-02 17:00:00,aqi,PINN,208.99999955636903,213.06354
2024-09-08 20:00:00,aqi,PINN,49.00000587376405,55.213245
2022-01-07 05:00:00,aqi,PINN,67.00000531229401,66.94841
2022-08-03 04:00:00,aqi,PINN,272.9999982233062,273.2105
2024-04-07 05:00:00,aqi,PINN,79.00000095833005,76.0901
2023-12-09 21:00:00,aqi,PINN,85.00000475082396,78.07556
2022-11-09 03:00:00,aqi,PINN,103.99999885196034,100.92251
2023-11-06 17:00:00,aqi,PINN,123.99999955465495,121.75868
2022-09-02 16:00:00,aqi,PINN,236.99999934624628,238.98033
2021-08-04 14:00:00,aqi,PINN,193.00000007618087,198.40646
2024-04-05 12:00:00,aqi,PINN,252.0000028580052,243.70247
2023-01-10 19:00:00,aqi,PINN,136.00000117016688,129.47853
2023-06-10 13:00:00,aqi,PINN,195.00000003452266,194.10503
2021-01-06 06:00:00,aqi,PINN,130.99999800975527,119.512566
2025-06-12 21:00:00,aqi,PINN,327.00000250837195,331.80527
2023-01-11 13:00:00,aqi,PINN,360.00000545866084,355.01486
2024-02-09 01:00:00,aqi,PINN,88.00000067759503,103.233734
2023-08-04 16:00:00,aqi,PINN,190.9999999779295,190.68185
2022-03-02 21:00:00,aqi,PINN,322.99999998004273,314.37442
2022-08-04 09:00:00,aqi,PINN,244.99999843342894,246.53061
2025-03-06 22:00:00,aqi,PINN,158.00000015228818,156.16103
2024-06-10 07:00:00,aqi,PINN,145.00000088943187,140.88672
2021-10-10 18:00:00,aqi,PINN,203.00000024098205,204.18112
2024-06-11 10:00:00,aqi,PINN,268.0000010323705,328.4527
2022-08-10 06:00:00,aqi,PINN,38.000004890334424,45.084644
2021-10-10 03:00:00,aqi,PINN,215.00000036412501,206.33699
2021-10-09 22:00:00,aqi,PINN,83.00000348665932,181.78522
2022-05-10 01:00:00,aqi,PINN,133.99999990600224,179.34407
2023-03-08 05:00:00,aqi,PINN,76.00000503155898,69.961815
2021-07-08 23:00:00,aqi,PINN,94.99999913269536,109.08388
2024-09-07 17:00:00,aqi,PINN,90.00000194175966,84.63094
2025-06-09 16:00:00,aqi,PINN,70.9999959016715,67.02507
2022-10-07 19:00:00,aqi,PINN,68.99999463750686,75.22503
2021-05-10 19:00:00,aqi,PINN,118.00000173163693,116.44868
2023-05-04 11:00:00,aqi,PINN,154.00000060869684,143.12279
2023-11-06 06:00:00,aqi,PINN,138.00000243433152,125.129814
2024-04-09 03:00:00,aqi,PINN,79.00000095833005,74.21356
2023-04-02 20:00:00,aqi,PINN,225.0000007154723,219.4818
2024-10-11 23:00:00,aqi,PINN,334.0000009634723,284.0251
2022-05-06 18:00:00,aqi,PINN,168.99999964334881,111.765114
2025-03-08 10:00:00,aqi,PINN,61.999996182406505,59.886738
2022-11-10 11:00:00,aqi,PINN,34.00000236200515,42.69289
2021-04-03 14:00:00,aqi,PINN,261.9999972398766,249.47115
2023-02-10 03:00:00,aqi,PINN,138.99999709693793,127.26214
2025-06-09 15:00:00,aqi,PINN,70.00000123906507,64.87586
2024-01-12 05:00:00,aqi,PINN,323.9999946426491,320.08862
2024-06-07 12:00:00,aqi,PINN,56.00000432886438,62.846325
2024-05-06 18:00:00,aqi,PINN,242.9999971692643,244.00024
2021-06-02 01:00:00,aqi,PINN,150.9999987124499,152.16339
2022-03-08 19:00:00,aqi,PINN,119.00000236371925,112.9282
2025-06-06 00:00:00,aqi,PINN,175.00000045110477,141.02011
2023-10-12 09:00:00,aqi,PINN,309.99999773244843,306.02667
2025-10-04 09:00:00,aqi,PINN,261.00000257727015,261.04297
2024-12-09 19:00:00,aqi,PINN,41.99999547971191,47.80553
2024-03-10 17:00:00,aqi,PINN,159.00000078437049,153.18333
2022-05-08 11:00:00,aqi,PINN,88.00000067759503,90.94174
2022-09-05 10:00:00,aqi,PINN,164.00000096004413,165.6148
2021-09-05 07:00:00,aqi,PINN,97.00000039686,102.82587
2025-03-03 20:00:00,aqi,PINN,183.00000028447192,176.17654
2021-06-02 19:00:00,aqi,PINN,221.00000117188097,218.5769
2024-09-10 23:00:00,aqi,PINN,138.99999709693793,174.5567
2021-03-03 07:00:00,aqi,PINN,173.00000067930912,166.96648
2024-04-09 21:00:00,aqi,PINN,52.0000018005351,52.768604
2024-12-03 01:00:00,aqi,PINN,186.99999982806327,183.44885
2025-01-04 00:00:00,aqi,PINN,178.00000010879828,156.11043
2022-05-05 20:00:00,aqi,PINN,122.99999892257263,139.37407
2024-07-08 11:00:00,aqi,PINN,81.99999688510111,78.60051
2023-01-13 02:00:00,aqi,PINN,168.99999964334881,227.3145
2025-04-05 09:00:00,aqi,PINN,234.00000043473727,239.03992
2025-12-11 03:00:00,aqi,PINN,395.99999239676896,395.11337
2024-07-12 02:00:00,aqi,PINN,194.00000014862482,200.4086
2022-07-03 22:00:00,aqi,PINN,258.0000006810232,268.96036
2025-09-10 05:00:00,aqi,PINN,88.00000067759503,84.76042
2022-08-05 15:00:00,aqi,PINN,183.00000028447192,195.65738
2025-01-12 14:00:00,aqi,PINN,305.00000054151275,300.57614
2024-09-04 06:00:00,aqi,PINN,144.00000025734954,141.71631
2024-03-03 12:00:00,aqi,PINN,120.99999765840799,126.84475
2022-11-08 03:00:00,aqi,PINN,83.99999814926575,88.074974
2022-05-11 00:00:00,aqi,PINN,445.00000546037495,209.56158
2022-08-05 07:00:00,aqi,PINN,194.00000014862482,192.90916
2024-03-04 11:00:00,aqi,PINN,141.00000134584053,140.49846
2024-05-01 17:00:00,aqi,PINN,334.99999562607877,350.49823
2025-01-11 09:00:00,aqi,PINN,300.9999980131835,283.68875
2021-10-10 05:00:00,aqi,PINN,210.00000018845134,199.35202
2022-02-12 00:00:00,aqi,PINN,168.99999964334881,343.89764
2024-07-02 01:00:00,aqi,PINN,152.9999999766145,162.22159
2021-07-02 11:00:00,aqi,PINN,234.00000043473727,239.53249
2023-03-06 11:00:00,aqi,PINN,110.99999730706068,100.39436
2021-08-01 21:00:00,aqi,PINN,279.00000201580013,282.3554
2024-12-02 01:00:00,aqi,PINN,208.0000004166557,182.20522
2023-01-09 19:00:00,aqi,PINN,133.99999990600224,128.21098
2024-02-02 11:00:00,aqi,PINN,168.99999964334881,137.36255
2022-02-02 22:00:00,aqi,PINN,314.0000002607777,314.82947
2023-07-04 06:00:00,aqi,PINN,161.9999996958795,160.83832
2022-03-10 23:00:00,aqi,PINN,113.99999920330764,142.22769
2024-09-05 09:00:00,aqi,PINN,160.00000141645282,155.49812
2024-07-13 01:00:00,aqi,PINN,168.99999964334881,220.06783
2021-11-01 11:00:00,aqi,PINN,281.9999979425712,275.7475
2021-07-10 20:00:00,aqi,PINN,129.99999737767297,134.75557
2023-01-06 07:00:00,aqi,PINN,92.99999786853073,81.78484
2022-05-06 02:00:00,aqi,PINN,168.99999964334881,141.41025
2021-12-07 03:00:00,aqi,PINN,98.00000102894232,100.401054
2024-09-07 19:00:00,aqi,PINN,90.00000194175966,84.04369
2022-04-07 13:00:00,aqi,PINN,85.00000475082396,81.59194
2021-05-02 00:00:00,aqi,PINN,260.0000019451878,168.40744
2021-02-06 03:00:00,aqi,PINN,72.00000250322971,79.186844
2023-08-08 19:00:00,aqi,PINN,110.00000264445426,113.30795
2024-09-08 13:00:00,aqi,PINN,45.99999800804119,47.44672
2022-05-06 00:00:00,aqi,PINN,168.99999964334881,146.41365
2021-10-06 04:00:00,aqi,PINN,235.0000010668196,225.24307
2021-01-11 11:00:00,aqi,PINN,252.9999975206116,254.66148
2024-11-10 04:00:00,aqi,PINN,152.9999999766145,144.38988
2022-04-12 11:00:00,aqi,PINN,168.99999964334881,197.09239
2023-05-12 16:00:00,aqi,PINN,309.99999773244843,312.79977
2023-07-03 11:00:00,aqi,PINN,163.00000032796183,169.09012
2025-09-09 18:00:00,aqi,PINN,101.00000292518928,103.14839
2024-12-04 07:00:00,aqi,PINN,164.9999986073885,160.55486
2024-07-05 05:00:00,aqi,PINN,226.999998994899,222.61745
2021-07-06 04:00:00,aqi,PINN,119.00000236371925,123.96075
2021-12-09 13:00:00,aqi,PINN,70.00000123906507,73.3932
2022-02-04 17:00:00,aqi,PINN,237.99999997832862,228.14398
2023-12-04 16:00:00,aqi,PINN,206.00000064486002,198.99547
2023-12-07 03:00:00,aqi,PINN,76.00000503155898,74.71032
2025-06-11 02:00:00,aqi,PINN,263.99999850404123,271.5774
2022-02-11 16:00:00,aqi,PINN,374.0000023688615,371.41345
2022-09-03 13:00:00,aqi,PINN,160.00000141645282,160.28578
2023-03-11 06:00:00,aqi,PINN,467.9999901508888,448.7379
2024-03-08 11:00:00,aqi,PINN,70.00000123906507,70.09503
2021-09-07 20:00:00,aqi,PINN,126.00000081881959,138.67674
2024-02-13 00:00:00,aqi,PINN,168.99999964334881,309.74985
2023-02-09 07:00:00,aqi,PINN,141.00000134584053,132.80598
2024-05-03 03:00:00,aqi,PINN,150.9999987124499,144.51929
2025-07-12 08:00:00,aqi,PINN,316.9999961875488,308.50327
2025-04-12 00:00:00,aqi,PINN,334.99999562607877,283.6056
2021-06-12 22:00:00,aqi,PINN,305.00000054151275,303.05127
2024-09-07 18:00:00,aqi,PINN,90.00000194175966,84.98152
2022-10-12 11:00:00,aqi,PINN,168.99999964334881,199.51468
2024-11-12 21:00:00,aqi,PINN,240.00000124249325,239.59084
2023-10-01 08:00:00,aqi,PINN,481.0000043374348,477.41385
2023-01-04 00:00:00,aqi,PINN,67.00000531229401,202.73686
2022-03-10 11:00:00,aqi,PINN,111.999997939143,107.96587
2024-02-08 19:00:00,aqi,PINN,67.99999997490043,67.88059
2021-08-11 14:00:00,aqi,PINN,369.99999984053227,377.6682
2023-01-03 15:00:00,aqi,PINN,172.0000000472268,170.38852
2024-09-04 15:00:00,aqi,PINN,144.00000025734954,145.94643
2024-04-10 14:00:00,aqi,PINN,186.99999982806327,177.0394
2025-01-05 12:00:00,aqi,PINN,186.99999982806327,187.78842
2022-05-05 11:00:00,aqi,PINN,142.9999996252672,143.52275
2021-12-07 21:00:00,aqi,PINN,85.00000475082396,101.05654
2025-05-09 03:00:00,aqi,PINN,54.99999772730618,53.83222
2025-08-04 16:00:00,aqi,PINN,246.99999969759358,241.39957
2024-11-02 19:00:00,aqi,PINN,208.99999955636903,213.20642
2024-01-08 20:00:00,aqi,PINN,54.99999772730618,56.29192
2021-05-12 07:00:00,aqi,PINN,276.0000001195532,271.61176
2025-12-10 00:00:00,aqi,PINN,168.99999964334881,121.16714
2023-06-07 20:00:00,aqi,PINN,50.000000536370464,54.387592
2021-04-10 13:00:00,aqi,PINN,168.99999964334881,96.03601
2022-09-02 10:00:00,aqi,PINN,277.00000075163547,273.72046
2022-02-04 04:00:00,aqi,PINN,229.00000025906363,220.05034
2024-09-12 20:00:00,aqi,PINN,164.9999986073885,179.29517
2024-03-10 01:00:00,aqi,PINN,163.00000032796183,164.63892
2024-12-08 19:00:00,aqi,PINN,47.99999927220583,45.206135
2021-08-11 07:00:00,aqi,PINN,363.9999960480383,363.30258
2025-12-04 04:00:00,aqi,PINN,142.9999996252672,143.09593
2021-05-04 03:00:00,aqi,PINN,145.00000088943187,138.48074
2022-12-08 14:00:00,aqi,PINN,59.000000255635456,58.66747
2022-01-05 03:00:00,aqi,PINN,237.99999997832862,222.68489
2021-12-06 04:00:00,aqi,PINN,144.00000025734954,138.77168
2025-09-10 03:00:00,aqi,PINN,85.00000475082396,91.91878
2025-08-07 06:00:00,aqi,PINN,72.99999716583613,66.94844
2025-04-09 09:00:00,aqi,PINN,47.99999927220583,52.58565
2022-01-07 14:00:00,aqi,PINN,56.00000432886438,48.17029
2022-12-05 06:00:00,aqi,PINN,155.00000124077917,146.93329
2023-06-07 22:00:00,aqi,PINN,50.000000536370464,53.230198
2021-09-10 19:00:00,aqi,PINN,194.00000014862482,192.88475
2022-07-05 07:00:00,aqi,PINN,202.0000003550842,194.62662
2023-11-09 22:00:00,aqi,PINN,56.99999899147082,60.155827
2022-12-07 19:00:00,aqi,PINN,90.00000194175966,81.474014
2025-01-03 19:00:00,aqi,PINN,128.00000208298422,132.93738
2024-05-07 13:00:00,aqi,PINN,77.99999435677184,80.43315
2024-05-02 10:00:00,aqi,PINN,138.99999709693793,135.8687
2023-12-10 10:00:00,aqi,PINN,178.9999999946961,179.80997
2025-09-08 10:00:00,aqi,PINN,101.9999975877957,102.04183
2025-12-09 21:00:00,aqi,PINN,99.00000166102464,89.19753
2024-07-11 19:00:00,aqi,PINN,374.99999703146796,380.9553
2021-02-10 18:00:00,aqi,PINN,102.99999821987802,96.89435
2022-04-04 03:00:00,aqi,PINN,243.99999780134664,239.94487
2021-12-05 03:00:00,aqi,PINN,121.99999829049031,126.3036
2025-12-04 21:00:00,aqi,PINN,103.99999885196034,125.290726
2022-05-09 04:00:00,aqi,PINN,85.99999941343039,77.61714
2023-07-06 15:00:00,aqi,PINN,267.0000004002882,245.70967
2024-06-04 08:00:00,aqi,PINN,155.9999988881235,152.35217
2025-04-09 00:00:00,aqi,PINN,47.000004609599415,115.22667
2023-08-08 20:00:00,aqi,PINN,110.99999730706068,115.23249
2023-09-03 21:00:00,aqi,PINN,118.00000173163693,124.79593
2023-10-12 14:00:00,aqi,PINN,311.99999899661304,306.35782
2025-03-06 16:00:00,aqi,PINN,170.9999994151445,170.07303
2022-02-10 02:00:00,aqi,PINN,172.50000036326796,179.41199
2022-12-06 21:00:00,aqi,PINN,218.99999990771633,225.69807
2025-03-05 08:00:00,aqi,PINN,168.99999964334881,155.1899
2025-12-06 16:00:00,aqi,PINN,189.9999999987586,188.88048
2023-06-05 11:00:00,aqi,PINN,168.99999964334881,190.8297
2023-07-05 18:00:00,aqi,PINN,158.00000015228818,159.11337
2022-10-01 18:00:00,aqi,PINN,150.0000010651055,144.43388
2022-05-03 00:00:00,aqi,PINN,144.00000025734954,249.61346
2025-09-10 17:00:00,aqi,PINN,101.00000292518928,102.40616
2021-12-05 11:00:00,aqi,PINN,100.00000229310696,117.34534
2021-11-03 14:00:00,aqi,PINN,269.00000166445284,268.8362
2025-12-10 01:00:00,aqi,PINN,194.00000014862482,136.09822
2025-01-10 15:00:00,aqi,PINN,67.99999997490043,62.74342
2023-10-12 02:00:00,aqi,PINN,311.99999899661304,305.82
2021-09-12 05:00:00,aqi,PINN,242.9999971692643,243.88937
2021-02-10 21:00:00,aqi,PINN,103.99999885196034,112.16592
2024-04-10 02:00:00,aqi,PINN,172.0000000472268,181.30383
2023-05-09 11:00:00,aqi,PINN,110.00000264445426,116.38196
2024-02-04 04:00:00,aqi,PINN,118.00000173163693,114.86209
2024-01-10 09:00:00,aqi,PINN,128.00000208298422,126.514046
2021-02-03 14:00:00,aqi,PINN,164.9999986073885,167.30664
2025-08-03 01:00:00,aqi,PINN,208.99999955636903,236.21095
2024-01-05 17:00:00,aqi,PINN,177.00000022290044,171.99792
2024-03-08 21:00:00,aqi,PINN,74.99999843000077,76.31809
2023-08-11 16:00:00,aqi,PINN,406.00001065654396,408.9043
2024-03-06 11:00:00,aqi,PINN,137.0000018022492,124.138306
2023-07-02 13:00:00,aqi,PINN,284.99999983881816,281.97134
2022-01-05 15:00:00,aqi,PINN,239.00000061041092,234.66989
2025-05-13 02:00:00,aqi,PINN,168.99999964334881,218.63483
2025-01-01 09:00:00,aqi,PINN,376.99999829563257,371.2306
2022-05-12 16:00:00,aqi,PINN,168.99999964334881,156.64969
2022-07-06 01:00:00,aqi,PINN,168.99999964334881,144.33827
2022-09-10 22:00:00,aqi,PINN,32.99999576044695,48.879276
2023-02-02 00:00:00,aqi,PINN,175.99999959081813,336.82364
2021-04-02 07:00:00,aqi,PINN,318.9999974517134,308.8621
2023-07-01 09:00:00,aqi,PINN,419.00000096518636,423.23975
2023-07-12 13:00:00,aqi,PINN,286.00000047090043,290.0421
2024-08-08 14:00:00,aqi,PINN,52.99999646314154,55.633823
2021-10-09 15:00:00,aqi,PINN,68.99999463750686,77.58479
2022-06-05 06:00:00,aqi,PINN,208.0000004166557,201.10646
2025-06-04 08:00:00,aqi,PINN,215.00000036412501,213.66286
2023-04-05 23:00:00,aqi,PINN,112.99999857122532,97.525955
2022-02-10 22:00:00,aqi,PINN,142.9999996252672,143.298
2024-06-03 19:00:00,aqi,PINN,154.00000060869684,155.1446
2022-02-09 07:00:00,aqi,PINN,100.00000229310696,94.04189
2023-09-11 19:00:00,aqi,PINN,427.9999887454996,438.11118
2021-10-11 18:00:00,aqi,PINN,356.999997592938,363.4321
2021-07-09 14:00:00,aqi,PINN,65.00000404812937,82.449005
2021-04-04 15:00:00,aqi,PINN,158.00000015228818,174.08893
2024-04-12 19:00:00,aqi,PINN,183.00000028447192,188.89874
2022-08-04 20:00:00,aqi,PINN,252.9999975206116,256.6332
2023-08-10 16:00:00,aqi,PINN,142.9999996252672,144.16841
2025-09-04 03:00:00,aqi,PINN,261.00000257727015,244.15836
2021-08-01 13:00:00,aqi,PINN,245.99999906551128,241.62563
2022-09-04 07:00:00,aqi,PINN,261.00000257727015,254.78635
2023-05-07 16:00:00,aqi,PINN,99.00000166102464,98.06125
2023-05-07 10:00:00,aqi,PINN,103.99999885196034,104.09542
2024-01-08 18:00:00,aqi,PINN,54.99999772730618,55.9865
2021-10-03 07:00:00,aqi,PINN,259.00000131310554,246.5715
2024-09-02 01:00:00,aqi,PINN,137.0000018022492,139.56398
2022-02-12 14:00:00,aqi,PINN,168.99999964334881,158.43253
2023-03-06 09:00:00,aqi,PINN,109.00000201237194,99.95701
2023-08-08 02:00:00,aqi,PINN,168.99999964334881,122.15318
2021-11-02 13:00:00,aqi,PINN,309.000003069842,303.42377
2024-09-07 09:00:00,aqi,PINN,76.99999969416541,80.10853
2025-07-06 20:00:00,aqi,PINN,185.0000000562676,191.22723
2022-05-08 02:00:00,aqi,PINN,98.00000102894232,96.233315
2025-01-07 15:00:00,aqi,PINN,67.00000531229401,66.25108
2023-07-09 16:00:00,aqi,PINN,97.00000039686,96.52635
2022-07-09 09:00:00,aqi,PINN,109.00000201237194,108.38596
2021-04-04 06:00:00,aqi,PINN,160.9999990637972,153.67549
2021-04-09 00:00:00,aqi,PINN,65.00000404812937,80.49045
2025-12-10 11:00:00,aqi,PINN,185.99999994216543,181.97205
2025-12-08 03:00:00,aqi,PINN,108.00000138028962,102.6941
2021-02-09 09:00:00,aqi,PINN,76.00000503155898,85.40904
2024-06-08 08:00:00,aqi,PINN,54.99999772730618,49.6946
2022-10-02 11:00:00,aqi,PINN,133.99999990600224,132.75552
2022-02-02 07:00:00,aqi,PINN,352.9999950646087,344.47824
2024-06-12 08:00:00,aqi,PINN,178.00000010879828,177.06921
2024-11-06 17:00:00,aqi,PINN,211.999999960247,207.7524
2021-02-05 11:00:00,aqi,PINN,160.00000141645282,170.68192
2021-05-02 01:00:00,aqi,PINN,249.00000096175822,256.88162
2024-07-04 13:00:00,aqi,PINN,155.00000124077917,149.58142
2024-02-07 11:00:00,aqi,PINN,128.00000208298422,122.81107
2025-10-05 09:00:00,aqi,PINN,185.99999994216543,190.29224
2024-12-05 03:00:00,aqi,PINN,203.99999938069539,188.93997
2022-07-03 07:00:00,aqi,PINN,217.99999927563402,217.68935
2025-06-06 23:00:00,aqi,PINN,166.99999987155314,159.44585
2022-02-03 20:00:00,aqi,PINN,168.99999964334881,285.37863
2023-03-08 20:00:00,aqi,PINN,77.99999435677184,85.84548
2022-01-05 06:00:00,aqi,PINN,248.0000003296759,249.54321
2025-01-07 05:00:00,aqi,PINN,65.00000404812937,67.447784
2025-01-08 21:00:00,aqi,PINN,47.99999927220583,38.624454
2023-08-01 22:00:00,aqi,PINN,394.0000030715561,389.00653
2025-07-04 14:00:00,aqi,PINN,253.99999815269393,253.69682
2025-04-11 02:00:00,aqi,PINN,298.0000020864124,319.14996
2025-03-03 21:00:00,aqi,PINN,184.00000017036976,179.78595
2021-11-09 03:00:00,aqi,PINN,98.00000102894232,93.512856
2022-04-06 02:00:00,aqi,PINN,230.00000089114593,201.27318
2021-05-03 00:00:00,aqi,PINN,286.00000047090043,152.78745
2023-08-05 07:00:00,aqi,PINN,136.00000117016688,127.2818
2021-03-08 15:00:00,aqi,PINN,63.99999744657116,70.107506
2023-06-04 13:00:00,aqi,PINN,168.99999964334881,157.58092
2021-07-09 06:00:00,aqi,PINN,168.99999964334881,103.39229
2021-03-09 09:00:00,aqi,PINN,81.99999688510111,83.49879
2022-04-08 02:00:00,aqi,PINN,109.00000201237194,111.514626
2021-08-12 22:00:00,aqi,PINN,240.00000124249325,238.80637
2024-06-07 14:00:00,aqi,PINN,56.00000432886438,60.97066
2021-04-09 19:00:00,aqi,PINN,61.999996182406505,57.831135
2023-11-11 21:00:00,aqi,PINN,221.00000117188097,226.7421
2024-09-07 04:00:00,aqi,PINN,65.00000404812937,71.84459
2024-04-12 20:00:00,aqi,PINN,180.99999976649178,181.95685
2025-01-06 21:00:00,aqi,PINN,185.99999994216543,185.93283
2024-10-01 16:00:00,aqi,PINN,298.0000020864124,302.2103
2022-08-11 21:00:00,aqi,PINN,387.0000046164557,378.2186
2024-02-05 01:00:00,aqi,PINN,160.00000141645282,196.80992
2022-03-01 19:00:00,aqi,PINN,363.0000013854319,361.53677
2025-11-05 22:00:00,aqi,PINN,168.00000050363548,173.82521
2023-06-12 03:00:00,aqi,PINN,298.0000020864124,290.99185
2022-06-09 13:00:00,aqi,PINN,113.99999920330764,112.75613
2025-05-03 15:00:00,aqi,PINN,133.99999990600224,126.15339
2023-04-12 03:00:00,aqi,PINN,325.99999590681375,325.23328
2024-02-10 15:00:00,aqi,PINN,155.9999988881235,148.94592
2022-06-03 10:00:00,aqi,PINN,150.9999987124499,155.91296
2021-08-04 18:00:00,aqi,PINN,166.0000007318398,177.54138
2024-04-10 23:00:00,aqi,PINN,173.00000067930912,217.94214
2023-11-07 04:00:00,aqi,PINN,61.999996182406505,60.013767
2021-03-02 07:00:00,aqi,PINN,336.9999968902434,328.988
2022-04-03 15:00:00,aqi,PINN,180.99999976649178,180.12097
2021-09-12 09:00:00,aqi,PINN,246.99999969759358,241.09023
2025-01-11 22:00:00,aqi,PINN,376.99999829563257,370.1832
2022-01-11 18:00:00,aqi,PINN,403.9999974534275,403.7742
2024-08-04 03:00:00,aqi,PINN,147.99999980094088,146.14806
2021-12-04 16:00:00,aqi,PINN,244.99999843342894,225.70801
2024-03-10 22:00:00,aqi,PINN,166.99999987155314,180.08421
2024-01-02 14:00:00,aqi,PINN,155.00000124077917,174.05292
2021-09-13 01:00:00,aqi,PINN,168.99999964334881,219.45631
2022-07-03 11:00:00,aqi,PINN,220.00000053979863,213.45023
2024-09-11 18:00:00,aqi,PINN,358.0000041944962,359.5991
2022-04-09 07:00:00,aqi,PINN,98.00000102894232,89.30448
2025-05-04 22:00:00,aqi,PINN,170.00000027543112,162.4535
2025-05-04 00:00:00,aqi,PINN,210.9999993281647,154.27322
2021-08-02 07:00:00,aqi,PINN,291.99999829391845,287.71814
2025-03-04 12:00:00,aqi,PINN,253.99999815269393,251.74611
2023-04-10 09:00:00,aqi,PINN,155.9999988881235,154.31754
2024-02-08 07:00:00,aqi,PINN,76.00000503155898,76.53423
2022-04-08 03:00:00,aqi,PINN,108.00000138028962,98.42652
2021-02-02 07:00:00,aqi,PINN,311.99999899661304,297.2011
2025-08-05 12:00:00,aqi,PINN,185.0000000562676,183.86748
2021-01-05 16:00:00,aqi,PINN,252.0000028580052,257.24536
2023-02-08 14:00:00,aqi,PINN,85.99999941343039,78.83956
2021-09-10 18:00:00,aqi,PINN,184.00000017036976,187.07497
2023-11-01 17:00:00,aqi,PINN,329.999998435143,332.08408
2022-12-04 04:00:00,aqi,PINN,257.0000000489409,249.68887
2025-10-05 20:00:00,aqi,PINN,203.00000024098205,199.89859
2024-10-10 10:00:00,aqi,PINN,141.00000134584053,140.5495
2024-11-03 20:00:00,aqi,PINN,199.99999983710404,208.30838
2022-02-10 13:00:00,aqi,PINN,154.00000060869684,148.92195
2022-05-04 01:00:00,aqi,PINN,284.99999983881816,292.76965
2022-12-12 04:00:00,aqi,PINN,168.99999964334881,143.18777
2025-12-05 03:00:00,aqi,PINN,141.00000134584053,136.41032
2023-11-08 10:00:00,aqi,PINN,123.99999955465495,120.94628
2022-02-05 10:00:00,aqi,PINN,168.99999964334881,157.84988
2022-09-05 06:00:00,aqi,PINN,164.00000096004413,163.01192
2024-08-02 21:00:00,aqi,PINN,136.00000117016688,144.85748
2021-11-04 03:00:00,aqi,PINN,168.99999964334881,168.63089
2025-03-11 20:00:00,aqi,PINN,296.9999954848542,302.95224
2025-04-11 12:00:00,aqi,PINN,296.9999954848542,295.45834
2021-03-11 10:00:00,aqi,PINN,293.0000048954767,293.78543
2025-05-06 08:00:00,aqi,PINN,154.00000060869684,146.53766
2024-06-12 13:00:00,aqi,PINN,178.9999999946961,174.60428
2024-05-02 06:00:00,aqi,PINN,138.99999709693793,137.01682
2024-08-07 05:00:00,aqi,PINN,56.00000432886438,64.393295
2025-06-01 10:00:00,aqi,PINN,365.99999731220294,351.75256
2021-09-03 10:00:00,aqi,PINN,323.9999946426491,322.144
2024-08-07 07:00:00,aqi,PINN,56.00000432886438,60.821156
2024-03-06 05:00:00,aqi,PINN,133.99999990600224,122.69752
2022-12-02 02:00:00,aqi,PINN,177.00000022290044,187.33047
2025-10-11 01:00:00,aqi,PINN,361.9999947838737,368.3438
2023-09-09 09:00:00,aqi,PINN,47.99999927220583,46.79433
2024-02-01 14:00:00,aqi,PINN,369.99999984053227,361.63293
2025-01-04 14:00:00,aqi,PINN,137.0000018022492,136.05841
2023-03-09 17:00:00,aqi,PINN,133.99999990600224,127.094246
2023-09-12 05:00:00,aqi,PINN,288.0000017350651,289.49597
2021-07-10 13:00:00,aqi,PINN,117.00000109955461,120.45782
2025-12-02 16:00:00,aqi,PINN,227.99999962698132,225.8685
2023-06-09 15:00:00,aqi,PINN,114.99999983538996,113.24106
2025-06-12 00:00:00,aqi,PINN,340.0000047559662,314.827
2021-01-02 08:00:00,aqi,PINN,305.99999520411916,301.82147
2025-12-10 21:00:00,aqi,PINN,193.00000007618087,184.83127
2023-03-03 22:00:00,aqi,PINN,144.00000025734954,152.43466
2022-08-04 19:00:00,aqi,PINN,248.0000003296759,235.02042
2021-01-06 03:00:00,aqi,PINN,135.00000053808458,119.48136
2023-06-04 08:00:00,aqi,PINN,177.00000022290044,169.73013
2024-07-05 00:00:00,aqi,PINN,216.00000099620732,185.82918
2023-10-03 20:00:00,aqi,PINN,170.00000027543112,171.18687
2021-02-09 10:00:00,aqi,PINN,76.00000503155898,81.717995
2021-07-08 21:00:00,aqi,PINN,99.00000166102464,106.59679
2025-06-03 00:00:00,aqi,PINN,137.0000018022492,221.23082
2024-09-01 20:00:00,aqi,PINN,354.0000016661669,355.7719
2024-02-05 23:00:00,aqi,PINN,178.00000010879828,160.88919
2023-10-03 04:00:00,aqi,PINN,129.99999737767297,135.29587
2023-01-11 06:00:00,aqi,PINN,363.9999960480383,353.91232
2024-01-08 08:00:00,aqi,PINN,52.0000018005351,46.79517
2022-11-11 07:00:00,aqi,PINN,331.0000050367013,325.34924
2022-09-10 16:00:00,aqi,PINN,32.00000109784051,34.466084
2024-07-10 09:00:00,aqi,PINN,141.00000134584053,142.29594
2022-02-05 17:00:00,aqi,PINN,168.99999964334881,149.97046
2024-01-05 16:00:00,aqi,PINN,175.99999959081813,171.84108
2023-12-09 17:00:00,aqi,PINN,85.99999941343039,80.50754
2024-07-08 19:00:00,aqi,PINN,59.000000255635456,66.91193
2024-10-05 14:00:00,aqi,PINN,152.9999999766145,149.44516
2025-06-11 22:00:00,aqi,PINN,340.0000047559662,336.21442
2024-05-01 19:00:00,aqi,PINN,334.99999562607877,352.62573
2022-02-10 06:00:00,aqi,PINN,168.99999964334881,156.88167
2025-09-13 02:00:00,aqi,PINN,168.99999964334881,192.97273
2025-08-07 00:00:00,aqi,PINN,58.000005593029016,160.42186
2025-11-09 18:00:00,aqi,PINN,83.99999814926575,84.41115
2023-03-07 13:00:00,aqi,PINN,103.99999885196034,92.64841
2021-11-03 00:00:00,aqi,PINN,184.00000017036976,294.2055
2021-01-10 09:00:00,aqi,PINN,126.00000081881959,111.82931
2024-02-01 15:00:00,aqi,PINN,367.9999985763676,361.0019
2021-07-02 04:00:00,aqi,PINN,222.99999945130764,216.04842
2024-04-02 08:00:00,aqi,PINN,175.00000045110477,168.67426
2021-01-09 20:00:00,aqi,PINN,76.99999969416541,74.389915
2025-02-03 22:00:00,aqi,PINN,142.9999996252672,140.95876
2022-10-08 21:00:00,aqi,PINN,99.00000166102464,102.00367
2025-02-10 20:00:00,aqi,PINN,110.00000264445426,109.74874
2022-02-02 08:00:00,aqi,PINN,352.00000040200223,343.11914
2021-05-02 14:00:00,aqi,PINN,119.00000236371925,146.52386
2025-08-03 02:00:00,aqi,PINN,210.9999993281647,226.52652
2025-10-09 04:00:00,aqi,PINN,74.99999843000077,72.94998
2023-02-12 17:00:00,aqi,PINN,372.9999957673033,371.09494
2022-12-01 13:00:00,aqi,PINN,160.00000141645282,157.19966
2021-12-05 09:00:00,aqi,PINN,97.00000039686,100.6827
2025-10-12 11:00:00,aqi,PINN,284.99999983881816,280.12637
2023-02-03 22:00:00,aqi,PINN,216.9999986435517,219.94025
2021-07-11 18:00:00,aqi,PINN,406.00001065654396,405.4843
2022-04-12 05:00:00,aqi,PINN,168.99999964334881,209.7558
2022-02-01 17:00:00,aqi,PINN,387.9999992790622,379.15686
2023-01-08 13:00:00,aqi,PINN,81.00000222249469,71.28163
2022-01-05 14:00:00,aqi,PINN,237.99999997832862,231.71939
2022-11-07 02:00:00,aqi,PINN,81.99999688510111,76.426285
2022-11-05 17:00:00,aqi,PINN,145.99999853677622,152.35625
2023-05-01 19:00:00,aqi,PINN,352.9999950646087,357.8073
2024-06-05 17:00:00,aqi,PINN,208.99999955636903,213.55957
2023-02-03 06:00:00,aqi,PINN,206.99999978457336,182.84106
2024-07-06 03:00:00,aqi,PINN,198.0000000653084,179.02896
2025-06-01 19:00:00,aqi,PINN,352.9999950646087,357.78357
2024-09-11 14:00:00,aqi,PINN,360.00000545866084,357.5327
2021-05-01 19:00:00,aqi,PINN,129.99999737767297,134.68304
2025-01-10 09:00:00,aqi,PINN,63.00000278396473,61.210423
2024-04-12 17:00:00,aqi,PINN,193.00000007618087,201.54736
2022-09-06 17:00:00,aqi,PINN,90.00000194175966,103.614815
2021-08-02 06:00:00,aqi,PINN,289.99999702975384,283.50464
2023-04-08 09:00:00,aqi,PINN,86.99999407603681,84.96366
2024-10-09 17:00:00,aqi,PINN,101.00000292518928,101.044945
2024-10-06 04:00:00,aqi,PINN,166.0000007318398,162.9907
2023-05-04 09:00:00,aqi,PINN,141.00000134584053,132.33994
2025-09-08 19:00:00,aqi,PINN,67.99999997490043,71.14841
2023-07-12 01:00:00,aqi,PINN,286.00000047090043,275.12903
2023-11-03 16:00:00,aqi,PINN,194.00000014862482,184.44322
2022-02-12 16:00:00,aqi,PINN,168.99999964334881,147.5536
2023-02-09 15:00:00,aqi,PINN,139.99999772902027,136.01509
2023-08-06 03:00:00,aqi,PINN,217.99999927563402,214.41583
2022-09-03 12:00:00,aqi,PINN,161.9999996958795,165.52357
2025-08-05 14:00:00,aqi,PINN,184.00000017036976,179.07916
2023-10-04 00:00:00,aqi,PINN,193.00000007618087,160.16467
2022-04-09 17:00:00,aqi,PINN,90.00000194175966,92.96495
2024-10-12 08:00:00,aqi,PINN,245.99999906551128,232.02092
2024-01-12 19:00:00,aqi,PINN,298.0000020864124,296.4544
2025-06-02 23:00:00,aqi,PINN,224.00000008338998,221.78246
2021-08-06 07:00:00,aqi,PINN,150.9999987124499,148.29504
2023-01-05 11:00:00,aqi,PINN,90.00000194175966,96.51732
2024-07-05 19:00:00,aqi,PINN,272.9999982233062,261.9575
2024-02-03 19:00:00,aqi,PINN,135.00000053808458,131.37659
2021-12-11 09:00:00,aqi,PINN,431.00000855017424,434.5609
2024-12-06 21:00:00,aqi,PINN,203.99999938069539,206.84267
2024-07-10 06:00:00,aqi,PINN,127.00000145090189,126.83136
2023-07-06 18:00:00,aqi,PINN,248.0000003296759,249.1869
2024-03-12 04:00:00,aqi,PINN,309.99999773244843,301.94516
2024-03-09 15:00:00,aqi,PINN,81.99999688510111,77.866905
2023-11-12 05:00:00,aqi,PINN,327.9999971709784,319.39664
2022-11-02 18:00:00,aqi,PINN,163.00000032796183,162.81989
2023-05-07 07:00:00,aqi,PINN,108.00000138028962,110.41987
2025-01-12 12:00:00,aqi,PINN,309.99999773244843,311.43094
2022-07-04 19:00:00,aqi,PINN,263.99999850404123,261.28616
2021-09-05 04:00:00,aqi,PINN,99.00000166102464,112.05964
2025-10-10 13:00:00,aqi,PINN,147.99999980094088,138.36465
2023-07-07 06:00:00,aqi,PINN,47.000004609599415,58.813663
2023-11-04 08:00:00,aqi,PINN,210.9999993281647,212.06416
2025-06-06 04:00:00,aqi,PINN,172.0000000472268,156.78685
2024-03-11 20:00:00,aqi,PINN,376.99999829563257,376.0348
2023-07-09 21:00:00,aqi,PINN,91.00000257384198,91.94154
2021-08-05 02:00:00,aqi,PINN,108.00000138028962,100.22638
2021-04-04 23:00:00,aqi,PINN,149.0000004330232,141.85979
2021-02-12 07:00:00,aqi,PINN,383.9999967507329,375.8807
2025-02-04 11:00:00,aqi,PINN,241.00000187457556,238.24545
2022-11-08 15:00:00,aqi,PINN,61.000001519800094,66.66417
2023-03-02 22:00:00,aqi,PINN,189.9999999987586,186.82767
2025-04-11 11:00:00,aqi,PINN,298.9999967490188,295.93713
2025-12-02 08:00:00,aqi,PINN,273.9999988553885,270.30603
2024-07-08 23:00:00,aqi,PINN,58.000005593029016,86.737335
2021-02-02 02:00:00,aqi,PINN,323.9999946426491,275.82028
2024-11-11 12:00:00,aqi,PINN,336.00000222763697,333.43085
2022-07-03 15:00:00,aqi,PINN,243.99999780134664,237.97397
2025-06-04 22:00:00,aqi,PINN,216.9999986435517,208.78741
2025-05-06 07:00:00,aqi,PINN,152.9999999766145,140.03069
2021-09-07 15:00:00,aqi,PINN,133.99999990600224,135.86127
2024-11-10 17:00:00,aqi,PINN,147.99999980094088,144.70045
2024-09-07 03:00:00,aqi,PINN,63.00000278396473,72.74693
2025-05-11 07:00:00,aqi,PINN,261.00000257727015,254.67366
2023-07-05 10:00:00,aqi,PINN,145.99999853677622,150.56558
2024-02-09 05:00:00,aqi,PINN,81.99999688510111,80.073296
2025-12-11 19:00:00,aqi,PINN,414.99999843685714,408.6644
2024-08-10 05:00:00,aqi,PINN,150.0000010651055,146.86894
2022-06-06 03:00:00,aqi,PINN,168.99999964334881,126.758865
2021-01-02 19:00:00,aqi,PINN,322.99999998004273,312.9414
2023-02-01 08:00:00,aqi,PINN,264.99999913612356,262.08817
2023-10-10 21:00:00,aqi,PINN,163.00000032796183,157.45844
2023-03-07 12:00:00,aqi,PINN,100.00000229310696,87.10111
2025-11-12 04:00:00,aqi,PINN,284.99999983881816,282.19916
2021-10-08 17:00:00,aqi,PINN,54.00000306469974,65.83544
2022-11-03 18:00:00,aqi,PINN,163.00000032796183,160.61334
2021-04-05 02:00:00,aqi,PINN,200.99999972300188,193.98488
2021-01-10 08:00:00,aqi,PINN,125.00000018673727,109.97542
2021-04-02 01:00:00,aqi,PINN,325.00000124420734,314.5382
2022-06-03 03:00:00,aqi,PINN,116.00000046747228,118.6119
2025-05-06 16:00:00,aqi,PINN,159.00000078437049,159.419
2024-03-03 22:00:00,aqi,PINN,146.99999916885855,146.80922
2025-08-07 22:00:00,aqi,PINN,106.00000011612498,102.053696
2022-03-10 06:00:00,aqi,PINN,118.00000173163693,112.109024
2022-09-05 05:00:00,aqi,PINN,163.00000032796183,165.88765
2025-12-05 01:00:00,aqi,PINN,168.99999964334881,145.27496
2024-11-01 16:00:00,aqi,PINN,367.9999985763676,361.63916
2024-05-06 05:00:00,aqi,PINN,211.999999960247,198.01033
2023-04-08 06:00:00,aqi,PINN,83.00000348665932,84.87813
2024-12-04 20:00:00,aqi,PINN,195.00000003452266,201.16734
2024-07-06 13:00:00,aqi,PINN,264.99999913612356,257.77087
2021-07-12 07:00:00,aqi,PINN,293.0000048954767,287.462
2022-03-10 14:00:00,aqi,PINN,111.999997939143,108.10745
2022-04-10 00:00:00,aqi,PINN,114.99999983538996,113.393456
2023-11-09 16:00:00,aqi,PINN,39.999994215547275,39.48743
2021-04-10 06:00:00,aqi,PINN,168.99999964334881,94.446175
2025-09-03 09:00:00,aqi,PINN,220.00000053979863,216.92126
2023-07-03 22:00:00,aqi,PINN,152.9999999766145,151.56369
2021-09-05 12:00:00,aqi,PINN,170.00000027543112,136.66043
2023-11-04 23:00:00,aqi,PINN,236.99999934624628,216.32901
2021-04-11 19:00:00,aqi,PINN,394.0000030715561,397.38657
2023-12-04 20:00:00,aqi,PINN,206.99999978457336,200.87897
2023-12-02 05:00:00,aqi,PINN,243.99999780134664,243.7508
2021-07-06 17:00:00,aqi,PINN,175.00000045110477,211.48541
2025-02-02 01:00:00,aqi,PINN,369.99999984053227,337.69934
2024-10-11 04:00:00,aqi,PINN,347.999997873673,341.39465
2023-08-02 11:00:00,aqi,PINN,132.9999992739199,142.17134
2024-02-10 10:00:00,aqi,PINN,154.00000060869684,151.09035
2024-11-02 02:00:00,aqi,PINN,210.00000018845134,184.72064
2024-08-03 14:00:00,aqi,PINN,175.00000045110477,173.01245
2021-07-06 00:00:00,aqi,PINN,112.99999857122532,141.04985
2021-12-02 05:00:00,aqi,PINN,349.9999991378376,334.37198
2023-02-08 21:00:00,aqi,PINN,81.99999688510111,84.34748
2021-03-04 16:00:00,aqi,PINN,217.99999927563402,185.78801
2021-07-06 22:00:00,aqi,PINN,138.00000243433152,153.8383
2023-06-02 07:00:00,aqi,PINN,216.00000099620732,222.71785
2022-08-04 03:00:00,aqi,PINN,255.99999941685857,251.35071
2024-05-09 18:00:00,aqi,PINN,59.000000255635456,60.70354
2021-12-10 13:00:00,aqi,PINN,186.99999982806327,178.79779
2021-06-10 09:00:00,aqi,PINN,117.00000109955461,113.19479
2021-09-10 17:00:00,aqi,PINN,184.00000017036976,184.95407
2023-05-03 07:00:00,aqi,PINN,130.99999800975527,126.309814
2022-09-05 17:00:00,aqi,PINN,158.00000015228818,168.56857
2023-06-03 22:00:00,aqi,PINN,129.99999737767297,134.46738
2021-01-05 13:00:00,aqi,PINN,235.99999871416398,247.75359
2022-09-03 04:00:00,aqi,PINN,203.00000024098205,198.47432
2021-10-12 18:00:00,aqi,PINN,307.9999964682838,308.9133
2024-05-12 19:00:00,aqi,PINN,188.99999997295117,184.51782
2022-04-05 07:00:00,aqi,PINN,279.00000201580013,274.14142
2024-01-08 23:00:00,aqi,PINN,72.00000250322971,70.80158
2022-01-08 01:00:00,aqi,PINN,59.99999491824187,68.68435
2022-06-08 03:00:00,aqi,PINN,109.00000201237194,103.2244
2024-02-01 19:00:00,aqi,PINN,361.00000012126725,361.88504
2025-08-07 16:00:00,aqi,PINN,99.00000166102464,93.00432
2022-04-08 11:00:00,aqi,PINN,108.00000138028962,103.836845
2021-08-10 10:00:00,aqi,PINN,156.99999952020585,154.30814
2023-08-08 06:00:00,aqi,PINN,103.99999885196034,106.74422
2024-07-04 14:00:00,aqi,PINN,155.00000124077917,149.99414
2024-02-04 00:00:00,aqi,PINN,113.99999920330764,127.713326
2021-09-08 18:00:00,aqi,PINN,81.99999688510111,86.452934
2023-04-10 22:00:00,aqi,PINN,158.00000015228818,167.54243
2023-11-05 07:00:00,aqi,PINN,260.0000019451878,247.9046
2023-03-09 12:00:00,aqi,PINN,132.9999992739199,129.5374
2025-06-05 10:00:00,aqi,PINN,141.9999989931849,145.79253
2021-07-05 05:00:00,aqi,PINN,131.9999986418376,130.12206
2023-07-07 09:00:00,aqi,PINN,47.000004609599415,50.99039
2021-10-04 08:00:00,aqi,PINN,166.99999987155314,161.33101
2024-09-08 11:00:00,aqi,PINN,45.00000334543478,45.857777
2023-08-04 02:00:00,aqi,PINN,170.00000027543112,159.49388
2021-02-12 05:00:00,aqi,PINN,376.00000363302615,364.9898
2021-11-03 18:00:00,aqi,PINN,264.99999913612356,262.50186
2023-11-02 05:00:00,aqi,PINN,222.99999945130764,211.31557
2022-05-02 12:00:00,aqi,PINN,213.00000059232934,199.90488
2023-08-04 19:00:00,aqi,PINN,188.99999997295117,189.53816
2021-07-01 23:00:00,aqi,PINN,261.9999972398766,246.23326
2023-12-04 01:00:00,aqi,PINN,240.00000124249325,213.64996
2024-12-10 02:00:00,aqi,PINN,147.99999980094088,147.95128
2025-04-09 19:00:00,aqi,PINN,50.000000536370464,47.4948
2025-04-05 03:00:00,aqi,PINN,230.99999853849033,223.50009
2024-04-06 02:00:00,aqi,PINN,225.0000007154723,186.99432
2024-12-04 17:00:00,aqi,PINN,194.00000014862482,200.35997
2022-09-02 13:00:00,aqi,PINN,257.0000000489409,257.11475
2021-08-04 22:00:00,aqi,PINN,107.0000007482073,149.86737
2021-05-06 17:00:00,aqi,PINN,159.00000078437049,161.70892
2023-07-10 03:00:00,aqi,PINN,197.00000017941056,206.61072
2022-12-12 08:00:00,aqi,PINN,168.99999964334881,122.97085
2025-02-09 18:00:00,aqi,PINN,50.999995198976904,51.08472
2024-04-11 10:00:00,aqi,PINN,363.9999960480383,358.7288
2023-02-04 10:00:00,aqi,PINN,110.00000264445426,100.55922
2024-12-12 21:00:00,aqi,PINN,318.9999974517134,316.64874
2025-02-06 09:00:00,aqi,PINN,150.0000010651055,141.52971
2021-05-12 05:00:00,aqi,PINN,278.0000013837178,283.11603
2023-09-07 09:00:00,aqi,PINN,52.0000018005351,55.137074
2025-01-02 14:00:00,aqi,PINN,392.9999964699979,388.3588
2022-05-08 12:00:00,aqi,PINN,86.99999407603681,87.98018
2021-01-02 15:00:00,aqi,PINN,316.0000015249424,308.7805
2024-11-04 14:00:00,aqi,PINN,173.00000067930912,174.81436
2021-06-04 19:00:00,aqi,PINN,269.00000166445284,264.9469
2025-02-11 01:00:00,aqi,PINN,389.0000058806204,372.05402
2023-06-03 12:00:00,aqi,PINN,121.99999829049031,123.42809
2021-10-05 20:00:00,aqi,PINN,154.00000060869684,160.28687
2022-08-12 20:00:00,aqi,PINN,168.99999964334881,131.16751
2024-03-05 01:00:00,aqi,PINN,185.0000000562676,177.6848
2024-01-02 11:00:00,aqi,PINN,193.00000007618087,205.79323
2021-08-09 14:00:00,aqi,PINN,81.00000222249469,87.66697
2025-05-07 08:00:00,aqi,PINN,119.00000236371925,111.417404
2022-10-06 18:00:00,aqi,PINN,311.99999899661304,302.27356
2021-05-08 19:00:00,aqi,PINN,118.00000173163693,119.1718
2023-07-11 08:00:00,aqi,PINN,394.0000030715561,392.4658
2025-09-09 07:00:00,aqi,PINN,117.00000109955461,106.934525
2022-07-09 17:00:00,aqi,PINN,110.00000264445426,115.24577
2025-10-02 05:00:00,aqi,PIIANN,242.9999971692643,242.27638
2024-11-12 18:00:00,aqi,PIIANN,235.0000010668196,234.16994
2023-04-08 21:00:00,aqi,PIIANN,86.99999407603681,84.8585
2023-03-08 15:00:00,aqi,PIIANN,72.00000250322971,73.67506
2021-09-03 05:00:00,aqi,PIIANN,309.000003069842,304.337
2025-06-12 22:00:00,aqi,PIIANN,325.99999590681375,328.33224
2022-06-12 23:00:00,aqi,PIIANN,168.99999964334881,188.22293
2025-04-12 13:00:00,aqi,PIIANN,323.9999946426491,330.6376
2024-10-03 09:00:00,aqi,PIIANN,192.00000000373691,202.95421
2025-05-12 02:00:00,aqi,PIIANN,343.9999953453437,334.3458
2025-07-04 03:00:00,aqi,PIIANN,222.99999945130764,225.35004
2024-08-11 19:00:00,aqi,PIIANN,390.00000054322686,389.42932
2023-08-08 00:00:00,aqi,PIIANN,168.99999964334881,119.61171
2021-11-08 03:00:00,aqi,PIIANN,59.99999491824187,67.96069
2022-08-07 18:00:00,aqi,PIIANN,91.00000257384198,83.45375
2024-10-05 12:00:00,aqi,PIIANN,151.9999993445322,152.64633
2023-10-02 19:00:00,aqi,PIIANN,188.00000008705334,199.9561
2025-09-01 17:00:00,aqi,PIIANN,367.9999985763676,369.5721
2022-06-08 04:00:00,aqi,PIIANN,109.00000201237194,105.25526
2022-12-07 20:00:00,aqi,PIIANN,90.00000194175966,92.56298
2022-09-08 08:00:00,aqi,PIIANN,112.99999857122532,109.60047
2024-06-03 14:00:00,aqi,PIIANN,152.9999999766145,153.82501
2024-06-07 03:00:00,aqi,PIIANN,59.99999491824187,63.91052
2022-02-08 23:00:00,aqi,PIIANN,88.00000067759503,93.13215
2023-12-08 05:00:00,aqi,PIIANN,127.00000145090189,132.62798
2023-03-02 12:00:00,aqi,PIIANN,181.99999965238962,184.12968
2024-08-12 09:00:00,aqi,PIIANN,276.0000001195532,276.88028
2021-09-09 09:00:00,aqi,PIIANN,92.99999786853073,87.20506
2024-03-04 06:00:00,aqi,PIIANN,138.00000243433152,138.82764
2022-04-04 12:00:00,aqi,PIIANN,245.99999906551128,236.88359
2022-05-11 06:00:00,aqi,PIIANN,425.9999994202867,422.97186
2025-01-08 17:00:00,aqi,PIIANN,45.00000334543478,43.36072
2022-01-04 10:00:00,aqi,PIIANN,276.0000001195532,283.057
2024-02-12 00:00:00,aqi,PIIANN,293.9999995580831,300.3667
2023-06-08 05:00:00,aqi,PIIANN,168.99999964334881,106.25589
2021-08-08 03:00:00,aqi,PIIANN,97.00000039686,96.60983
2021-09-08 05:00:00,aqi,PIIANN,70.00000123906507,72.65224
2022-07-05 04:00:00,aqi,PIIANN,210.00000018845134,209.21463
2024-06-09 20:00:00,aqi,PIIANN,65.00000404812937,64.63863
2024-01-12 12:00:00,aqi,PIIANN,309.000003069842,316.97763
2021-10-02 12:00:00,aqi,PIIANN,273.9999988553885,277.9505
2024-11-12 11:00:00,aqi,PIIANN,240.00000124249325,241.1109
2021-09-05 08:00:00,aqi,PIIANN,97.00000039686,94.13831
2022-06-01 12:00:00,aqi,PIIANN,291.00000363131204,298.53812
2023-06-04 00:00:00,aqi,PIIANN,164.00000096004413,120.23696
2021-02-11 02:00:00,aqi,PIIANN,279.00000201580013,270.00992
2024-05-04 07:00:00,aqi,PIIANN,145.99999853677622,143.82803
2022-07-10 04:00:00,aqi,PIIANN,47.000004609599415,46.908283
2023-04-10 04:00:00,aqi,PIIANN,151.9999993445322,150.74507
2024-03-12 11:00:00,aqi,PIIANN,300.000003350577,297.4312
2024-05-09 10:00:00,aqi,PIIANN,61.000001519800094,62.64674
2022-05-08 08:00:00,aqi,PIIANN,90.00000194175966,89.33474
2022-06-01 11:00:00,aqi,PIIANN,298.9999967490188,303.88147
2024-11-05 00:00:00,aqi,PIIANN,180.99999976649178,241.43025
2022-01-09 12:00:00,aqi,PIIANN,112.99999857122532,110.57583
2024-02-03 09:00:00,aqi,PIIANN,126.00000081881959,130.75426
2022-08-08 05:00:00,aqi,PIIANN,56.00000432886438,58.69756
2024-11-10 06:00:00,aqi,PIIANN,168.99999964334881,151.61513
2023-12-02 12:00:00,aqi,PIIANN,186.99999982806327,189.9328
2023-02-05 22:00:00,aqi,PIIANN,68.99999463750686,69.53864
2023-03-11 21:00:00,aqi,PIIANN,474.0000058823345,468.47522
2025-04-03 23:00:00,aqi,PIIANN,164.00000096004413,194.8168
2025-08-12 08:00:00,aqi,PIIANN,329.999998435143,329.06335
2025-09-11 17:00:00,aqi,PIIANN,378.9999995597972,385.62216
2023-11-02 04:00:00,aqi,PIIANN,217.99999927563402,208.46849
2025-06-11 01:00:00,aqi,PIIANN,258.0000006810232,267.72778
2023-09-11 17:00:00,aqi,PIIANN,431.99999127382887,435.00113
2024-06-02 02:00:00,aqi,PIIANN,138.99999709693793,148.05649
2021-03-12 18:00:00,aqi,PIIANN,340.0000047559662,344.83618
2023-11-01 11:00:00,aqi,PIIANN,338.0000034918016,337.121
2024-03-04 21:00:00,aqi,PIIANN,146.99999916885855,149.75394
2022-09-11 12:00:00,aqi,PIIANN,298.9999967490188,297.66068
2024-02-03 08:00:00,aqi,PIIANN,127.00000145090189,131.8492
2021-11-07 06:00:00,aqi,PIIANN,110.00000264445426,106.77551
2025-10-08 18:00:00,aqi,PIIANN,70.9999959016715,65.60229
2024-09-08 04:00:00,aqi,PIIANN,43.00000208127014,46.66692
2024-01-12 09:00:00,aqi,PIIANN,318.000002789107,324.90775
2022-06-05 04:00:00,aqi,PIIANN,195.00000003452266,193.62814
2021-11-02 18:00:00,aqi,PIIANN,351.0000057393959,331.1679
2022-04-08 22:00:00,aqi,PIIANN,103.99999885196034,106.73978
2023-04-07 11:00:00,aqi,PIIANN,142.9999996252672,136.16339
2023-10-11 11:00:00,aqi,PIIANN,352.9999950646087,365.76923
2022-10-04 20:00:00,aqi,PIIANN,243.99999780134664,250.42012
2025-11-03 18:00:00,aqi,PIIANN,269.00000166445284,266.58743
2023-12-07 00:00:00,aqi,PIIANN,70.9999959016715,117.87859
2022-08-13 02:00:00,aqi,PIIANN,168.99999964334881,196.84848
2024-05-06 22:00:00,aqi,PIIANN,230.99999853849033,238.49622
2021-08-10 07:00:00,aqi,PIIANN,150.9999987124499,148.9353
2023-01-05 17:00:00,aqi,PIIANN,86.99999407603681,83.00689
2022-03-06 05:00:00,aqi,PIIANN,242.9999971692643,239.48755
2021-10-04 21:00:00,aqi,PIIANN,178.9999999946961,178.748
2021-08-10 09:00:00,aqi,PIIANN,155.00000124077917,156.15076
2024-08-09 02:00:00,aqi,PIIANN,61.999996182406505,63.043186
2025-11-08 02:00:00,aqi,PIIANN,91.99999723644841,88.51736
2023-06-07 05:00:00,aqi,PIIANN,77.99999435677184,80.02367
2021-10-02 10:00:00,aqi,PIIANN,284.99999983881816,296.7492
2025-01-12 18:00:00,aqi,PIIANN,302.00000461474167,308.0133
2022-05-08 09:00:00,aqi,PIIANN,90.00000194175966,89.47779
2025-04-07 19:00:00,aqi,PIIANN,107.0000007482073,102.03165
2024-01-02 03:00:00,aqi,PIIANN,298.9999967490188,422.75192
2021-02-02 05:00:00,aqi,PIIANN,316.9999961875488,308.45782
2024-05-07 05:00:00,aqi,PIIANN,67.00000531229401,69.267914
2025-09-11 03:00:00,aqi,PIIANN,398.0000055998854,397.8471
2023-04-09 22:00:00,aqi,PIIANN,127.00000145090189,107.35346
2024-03-12 22:00:00,aqi,PIIANN,279.00000201580013,269.64966
2022-10-11 16:00:00,aqi,PIIANN,281.9999979425712,280.19708
2021-07-13 00:00:00,aqi,PIIANN,168.99999964334881,265.11957
2022-08-03 18:00:00,aqi,PIIANN,274.99999948747086,283.40497
2025-07-07 01:00:00,aqi,PIIANN,85.99999941343039,84.85448
2023-08-01 21:00:00,aqi,PIIANN,394.0000030715561,383.1783
2024-10-11 05:00:00,aqi,PIIANN,347.00000321106654,351.22424
2022-03-01 20:00:00,aqi,PIIANN,363.0000013854319,358.90103
2022-11-06 15:00:00,aqi,PIIANN,242.0000025066579,254.06882
2025-06-08 11:00:00,aqi,PIIANN,100.00000229310696,99.91525
2023-08-04 04:00:00,aqi,PIIANN,168.99999964334881,168.3872
2023-12-08 09:00:00,aqi,PIIANN,123.99999955465495,124.453835
2021-02-03 15:00:00,aqi,PIIANN,170.9999994151445,159.29105
2025-03-03 16:00:00,aqi,PIIANN,166.0000007318398,165.86702
2023-08-10 03:00:00,aqi,PIIANN,156.99999952020585,163.87154
2025-03-10 17:00:00,aqi,PIIANN,70.00000123906507,67.15533
2023-05-09 21:00:00,aqi,PIIANN,109.00000201237194,107.57223
2022-11-08 10:00:00,aqi,PIIANN,67.00000531229401,67.01532
2025-07-08 03:00:00,aqi,PIIANN,168.99999964334881,116.70066
2021-12-12 21:00:00,aqi,PIIANN,168.99999964334881,253.992
2022-02-12 09:00:00,aqi,PIIANN,168.99999964334881,214.87837
2021-01-10 06:00:00,aqi,PIIANN,121.99999829049031,116.79728
2025-06-06 21:00:00,aqi,PIIANN,155.00000124077917,164.82971
2023-03-10 07:00:00,aqi,PIIANN,141.00000134584053,140.08037
2024-07-07 20:00:00,aqi,PIIANN,56.00000432886438,48.281834
2025-07-02 23:00:00,aqi,PIIANN,156.99999952020585,181.69615
2022-11-02 11:00:00,aqi,PIIANN,168.00000050363548,165.71715
2021-05-05 04:00:00,aqi,PIIANN,133.99999990600224,130.86815
2022-04-09 21:00:00,aqi,PIIANN,91.00000257384198,89.72225
2021-02-02 23:00:00,aqi,PIIANN,336.9999968902434,275.00858
2023-09-06 04:00:00,aqi,PIIANN,155.9999988881235,149.0736
2023-12-06 18:00:00,aqi,PIIANN,158.00000015228818,155.3539
2025-12-06 09:00:00,aqi,PIIANN,185.0000000562676,184.04991
2025-01-08 20:00:00,aqi,PIIANN,47.000004609599415,45.996754
2025-11-05 21:00:00,aqi,PIIANN,166.0000007318398,162.42303
2021-09-07 02:00:00,aqi,PIIANN,168.99999964334881,134.83272
2022-03-09 01:00:00,aqi,PIIANN,120.99999765840799,116.57198
2022-05-04 02:00:00,aqi,PIIANN,289.00000236714743,286.8237
2023-06-01 17:00:00,aqi,PIIANN,427.00000602184497,425.60727
2021-10-12 03:00:00,aqi,PIIANN,309.000003069842,308.21295
2023-11-11 06:00:00,aqi,PIIANN,224.00000008338998,215.97995
2022-05-04 11:00:00,aqi,PIIANN,284.99999983881816,274.08484
2024-11-12 22:00:00,aqi,PIIANN,241.00000187457556,224.36555
2022-04-09 15:00:00,aqi,PIIANN,91.99999723644841,88.410194
2021-09-02 16:00:00,aqi,PIIANN,327.9999971709784,319.74796
2024-01-03 12:00:00,aqi,PIIANN,158.00000015228818,160.5259
2024-12-07 20:00:00,aqi,PIIANN,120.99999765840799,118.85998
2023-07-12 21:00:00,aqi,PIIANN,318.9999974517134,314.08173
2023-04-12 11:00:00,aqi,PIIANN,323.9999946426491,325.8089
2022-07-03 23:00:00,aqi,PIIANN,262.9999978719589,284.9188
2024-08-11 08:00:00,aqi,PIIANN,402.99999085186926,399.32507
2023-09-02 15:00:00,aqi,PIIANN,221.99999881922534,219.18976
2024-02-03 23:00:00,aqi,PIIANN,129.99999737767297,130.9425
2023-08-10 19:00:00,aqi,PIIANN,141.00000134584053,141.37689
2021-09-02 07:00:00,aqi,PIIANN,314.0000002607777,321.10275
2023-08-07 07:00:00,aqi,PIIANN,65.9999987107358,61.921787
2021-06-12 15:00:00,aqi,PIIANN,329.0000037725366,319.03528
2023-09-08 16:00:00,aqi,PIIANN,114.99999983538996,111.69431
2023-12-12 22:00:00,aqi,PIIANN,365.99999731220294,370.5883
2025-06-06 14:00:00,aqi,PIIANN,164.00000096004413,162.83113
2024-07-02 12:00:00,aqi,PIIANN,149.0000004330232,148.01248
2022-08-10 11:00:00,aqi,PIIANN,34.99999702461159,29.798588
2021-04-01 16:00:00,aqi,PIIANN,136.00000117016688,144.31544
2025-04-02 07:00:00,aqi,PIIANN,300.000003350577,298.82318
2022-01-10 17:00:00,aqi,PIIANN,173.99999981902246,182.89626
2025-06-09 12:00:00,aqi,PIIANN,65.00000404812937,63.1552
2021-04-12 10:00:00,aqi,PIIANN,363.0000013854319,356.46796
2023-03-05 02:00:00,aqi,PIIANN,74.00000376739435,78.51724
2022-11-01 19:00:00,aqi,PIIANN,226.999998994899,227.47768
2021-07-06 03:00:00,aqi,PIIANN,119.00000236371925,115.510155
2025-08-11 16:00:00,aqi,PIIANN,365.99999731220294,368.7006
2023-02-09 03:00:00,aqi,PIIANN,139.99999772902027,142.54266
2022-08-03 10:00:00,aqi,PIIANN,289.99999702975384,289.46368
2022-04-03 03:00:00,aqi,PIIANN,193.00000007618087,199.27533
2023-08-13 02:00:00,aqi,PIIANN,168.99999964334881,195.17448
2024-06-05 05:00:00,aqi,PIIANN,215.00000036412501,212.93913
2022-10-10 22:00:00,aqi,PIIANN,32.99999576044695,28.310215
2023-04-09 20:00:00,aqi,PIIANN,129.00000271506653,126.33982
2024-04-05 16:00:00,aqi,PIIANN,255.99999941685857,253.76169
2024-06-12 18:00:00,aqi,PIIANN,185.0000000562676,182.41081
2022-01-08 16:00:00,aqi,PIIANN,65.00000404812937,58.712086
2024-10-04 01:00:00,aqi,PIIANN,147.99999980094088,148.82994
2023-06-06 21:00:00,aqi,PIIANN,161.9999996958795,162.89969
2021-02-10 13:00:00,aqi,PIIANN,101.00000292518928,96.74025
2021-10-09 03:00:00,aqi,PIIANN,72.99999716583613,67.34297
2022-04-09 08:00:00,aqi,PIIANN,97.00000039686,91.304924
2023-06-04 10:00:00,aqi,PIIANN,175.99999959081813,171.79521
2023-08-09 03:00:00,aqi,PIIANN,102.99999821987802,101.12849
2022-11-07 20:00:00,aqi,PIIANN,91.99999723644841,96.781525
2023-08-03 15:00:00,aqi,PIIANN,216.00000099620732,205.57318
2025-11-07 21:00:00,aqi,PIIANN,72.00000250322971,67.269455
2025-03-11 08:00:00,aqi,PIIANN,340.99999941857266,344.8861
2022-07-12 01:00:00,aqi,PIIANN,168.99999964334881,217.94968
2023-09-01 08:00:00,aqi,PIIANN,425.9999994202867,425.49094
2024-06-07 04:00:00,aqi,PIIANN,58.000005593029016,65.967964
2021-07-02 08:00:00,aqi,PIIANN,231.99999917057264,233.77351
2025-09-08 13:00:00,aqi,PIIANN,91.99999723644841,93.79383
2024-01-05 02:00:00,aqi,PIIANN,170.9999994151445,160.8889
2025-01-02 06:00:00,aqi,PIIANN,390.00000054322686,384.77426
2022-07-11 17:00:00,aqi,PIIANN,369.99999984053227,354.0763
2023-02-07 00:00:00,aqi,PIIANN,56.99999899147082,85.27958
2022-11-10 03:00:00,aqi,PIIANN,32.99999576044695,34.11913
2022-10-05 13:00:00,aqi,PIIANN,147.99999980094088,147.07672
2023-02-09 22:00:00,aqi,PIIANN,138.99999709693793,125.93053
2021-05-10 22:00:00,aqi,PIIANN,110.99999730706068,92.46681
2021-03-12 06:00:00,aqi,PIIANN,367.00000391376113,365.83185
2025-04-10 01:00:00,aqi,PIIANN,91.99999723644841,95.27135
2024-01-09 22:00:00,aqi,PIIANN,86.99999407603681,82.090256
2023-02-08 18:00:00,aqi,PIIANN,83.99999814926575,80.94716
2025-07-05 14:00:00,aqi,PIIANN,135.00000053808458,134.01921
2021-02-13 00:00:00,aqi,PIIANN,168.99999964334881,325.7116
2022-11-08 17:00:00,aqi,PIIANN,59.000000255635456,54.458393
2021-02-05 02:00:00,aqi,PIIANN,186.99999982806327,195.85551
2025-02-01 20:00:00,aqi,PIIANN,352.9999950646087,354.40158
2025-07-07 18:00:00,aqi,PIIANN,76.99999969416541,72.59913
2025-01-09 12:00:00,aqi,PIIANN,58.000005593029016,54.49982
2023-06-08 15:00:00,aqi,PIIANN,168.99999964334881,118.76062
2024-06-08 00:00:00,aqi,PIIANN,59.99999491824187,72.20325
2021-07-04 05:00:00,aqi,PIIANN,168.99999964334881,169.31636
2025-09-08 12:00:00,aqi,PIIANN,95.99999976477768,96.45575
2021-10-08 03:00:00,aqi,PIIANN,77.99999435677184,86.44421
2022-11-05 10:00:00,aqi,PIIANN,147.99999980094088,147.03009
2025-02-10 08:00:00,aqi,PIIANN,117.00000109955461,113.871124
2023-12-06 16:00:00,aqi,PIIANN,158.00000015228818,150.58322
2024-08-04 21:00:00,aqi,PIIANN,145.99999853677622,149.4397
2025-08-07 08:00:00,aqi,PIIANN,77.99999435677184,75.33939
2023-04-11 18:00:00,aqi,PIIANN,414.99999843685714,429.101
2025-08-09 10:00:00,aqi,PIIANN,85.00000475082396,80.06399
2025-03-04 20:00:00,aqi,PIIANN,249.00000096175822,248.39421
2022-09-12 09:00:00,aqi,PIIANN,168.99999964334881,194.79585
2021-09-04 04:00:00,aqi,PIIANN,117.00000109955461,114.48615
2021-12-08 02:00:00,aqi,PIIANN,43.99999674387655,48.831913
2025-08-11 00:00:00,aqi,PIIANN,361.00000012126725,256.4817
2021-05-08 15:00:00,aqi,PIIANN,111.999997939143,103.90277
2023-06-12 18:00:00,aqi,PIIANN,291.00000363131204,295.8774
2021-06-12 17:00:00,aqi,PIIANN,325.00000124420734,317.817
2023-02-05 15:00:00,aqi,PIIANN,65.9999987107358,60.404835
2021-08-01 23:00:00,aqi,PIIANN,280.9999973104889,272.01605
2021-02-12 04:00:00,aqi,PIIANN,370.9999945031386,371.91687
2025-03-02 12:00:00,aqi,PIIANN,347.999997873673,350.15543
2021-07-10 01:00:00,aqi,PIIANN,112.99999857122532,129.55266
2024-04-06 19:00:00,aqi,PIIANN,245.99999906551128,247.7626
2025-03-06 23:00:00,aqi,PIIANN,158.00000015228818,141.53851
2025-09-05 18:00:00,aqi,PIIANN,166.0000007318398,161.53084
2024-06-10 22:00:00,aqi,PIIANN,137.0000018022492,131.42032
2021-10-08 07:00:00,aqi,PIIANN,76.00000503155898,78.45706
2021-12-03 06:00:00,aqi,PIIANN,242.0000025066579,243.69847
2021-11-07 23:00:00,aqi,PIIANN,101.00000292518928,102.28267
2025-09-06 17:00:00,aqi,PIIANN,208.0000004166557,209.20712
2021-02-05 15:00:00,aqi,PIIANN,168.99999964334881,162.23318
2021-06-05 19:00:00,aqi,PIIANN,154.00000060869684,162.2314
2024-12-02 07:00:00,aqi,PIIANN,208.0000004166557,207.25189
2022-10-09 08:00:00,aqi,PIIANN,117.00000109955461,114.17894
2025-09-04 08:00:00,aqi,PIIANN,259.00000131310554,255.8008
2022-08-06 00:00:00,aqi,PIIANN,168.99999964334881,135.19777
2021-01-03 07:00:00,aqi,PIIANN,163.00000032796183,164.22968
2024-09-11 03:00:00,aqi,PIIANN,372.9999957673033,374.62146
2025-05-09 05:00:00,aqi,PIIANN,56.99999899147082,53.89211
2024-09-04 12:00:00,aqi,PIIANN,144.00000025734954,150.66965
2021-12-03 04:00:00,aqi,PIIANN,244.99999843342894,244.8542
2025-05-09 19:00:00,aqi,PIIANN,50.999995198976904,48.229847
2024-07-02 21:00:00,aqi,PIIANN,161.9999996958795,137.13028
2021-02-01 20:00:00,aqi,PIIANN,427.00000602184497,426.8389
2021-02-09 22:00:00,aqi,PIIANN,83.99999814926575,78.96071
2024-01-01 14:00:00,aqi,PIIANN,349.9999991378376,355.36023
2024-06-01 15:00:00,aqi,PIIANN,345.00000194690193,326.30066
2023-05-09 18:00:00,aqi,PIIANN,111.999997939143,98.9713
2025-10-07 02:00:00,aqi,PIIANN,74.00000376739435,79.85226
2022-07-03 14:00:00,aqi,PIIANN,242.0000025066579,239.36661
2023-11-06 00:00:00,aqi,PIIANN,131.9999986418376,164.9203
2024-01-07 07:00:00,aqi,PIIANN,101.9999975877957,104.650604
2023-02-07 08:00:00,aqi,PIIANN,56.99999899147082,58.008442
2022-02-09 06:00:00,aqi,PIIANN,101.00000292518928,96.904594
2021-07-11 17:00:00,aqi,PIIANN,409.9999893069696,404.43152
2023-07-08 19:00:00,aqi,PIIANN,168.99999964334881,118.40445
2025-06-12 17:00:00,aqi,PIIANN,336.00000222763697,334.99347
2021-05-03 22:00:00,aqi,PIIANN,259.00000131310554,263.5531
2024-04-03 05:00:00,aqi,PIIANN,155.00000124077917,151.5309
2021-09-12 22:00:00,aqi,PIIANN,304.00000587890634,289.42072
2024-03-11 11:00:00,aqi,PIIANN,363.0000013854319,361.98798
2023-12-04 12:00:00,aqi,PIIANN,203.00000024098205,218.09782
2025-12-01 13:00:00,aqi,PIIANN,331.0000050367013,338.11066
2022-08-04 23:00:00,aqi,PIIANN,253.99999815269393,257.72
2024-01-05 14:00:00,aqi,PIIANN,175.99999959081813,176.80026
2024-06-04 22:00:00,aqi,PIIANN,138.99999709693793,134.50616
2023-09-11 11:00:00,aqi,PIIANN,430.00000194861605,431.90775
2025-12-12 22:00:00,aqi,PIIANN,358.9999988571026,351.3658
2024-09-05 16:00:00,aqi,PIIANN,147.99999980094088,143.17375
2023-04-09 18:00:00,aqi,PIIANN,129.99999737767297,128.11234
2021-08-07 16:00:00,aqi,PIIANN,168.99999964334881,127.62389
2024-09-12 12:00:00,aqi,PIIANN,184.00000017036976,186.02658
2022-09-12 01:00:00,aqi,PIIANN,168.99999964334881,240.36182
2023-08-04 09:00:00,aqi,PIIANN,185.99999994216543,186.00537
2022-04-06 09:00:00,aqi,PIIANN,222.99999945130764,225.14201
2023-12-08 08:00:00,aqi,PIIANN,123.99999955465495,126.6815
2025-09-09 00:00:00,aqi,PIIANN,110.99999730706068,196.10556
2021-04-05 21:00:00,aqi,PIIANN,132.9999992739199,141.76472
2022-10-09 16:00:00,aqi,PIIANN,110.99999730706068,108.53563
2025-06-03 21:00:00,aqi,PIIANN,129.99999737767297,132.40128
2022-07-06 02:00:00,aqi,PIIANN,168.99999964334881,162.66393
2021-03-10 17:00:00,aqi,PIIANN,101.00000292518928,93.061646
2022-12-08 16:00:00,aqi,PIIANN,59.000000255635456,54.30582
2021-09-10 09:00:00,aqi,PIIANN,183.00000028447192,182.30064
2024-04-11 17:00:00,aqi,PIIANN,372.0000011046969,375.2324
2025-04-08 15:00:00,aqi,PIIANN,109.00000201237194,107.85448
2023-08-06 20:00:00,aqi,PIIANN,172.0000000472268,160.1327
2022-05-11 03:00:00,aqi,PIIANN,437.0000004037164,442.65695
2024-09-03 13:00:00,aqi,PIIANN,185.0000000562676,187.06416
2023-02-02 02:00:00,aqi,PIIANN,178.00000010879828,182.80466
2025-09-10 15:00:00,aqi,PIIANN,99.00000166102464,96.28396
2023-05-02 16:00:00,aqi,PIIANN,221.99999881922534,221.71066
2025-02-12 05:00:00,aqi,PIIANN,322.99999998004273,323.501
2024-11-11 22:00:00,aqi,PIIANN,340.0000047559662,345.78394
2023-07-07 05:00:00,aqi,PIIANN,47.99999927220583,53.677143
2025-08-11 15:00:00,aqi,PIIANN,363.0000013854319,362.1522
2023-09-12 22:00:00,aqi,PIIANN,311.00000433400663,317.29614
2024-02-05 17:00:00,aqi,PIIANN,160.00000141645282,158.47873
2024-11-13 01:00:00,aqi,PIIANN,168.99999964334881,210.41394
2022-03-11 10:00:00,aqi,PIIANN,431.99999127382887,428.64066
2025-03-10 05:00:00,aqi,PIIANN,86.99999407603681,86.00925
2022-11-11 08:00:00,aqi,PIIANN,336.9999968902434,335.87866
2021-02-11 13:00:00,aqi,PIIANN,298.9999967490188,294.6515
2022-01-08 10:00:00,aqi,PIIANN,67.99999997490043,73.14855
2022-11-09 06:00:00,aqi,PIIANN,99.00000166102464,91.806755
2021-11-03 21:00:00,aqi,PIIANN,271.00000292861745,263.88873
2024-08-08 12:00:00,aqi,PIIANN,52.99999646314154,49.75873
2021-12-08 17:00:00,aqi,PIIANN,119.99999702632567,117.21604
2023-09-12 15:00:00,aqi,PIIANN,302.00000461474167,304.91327
2025-01-13 00:00:00,aqi,PIIANN,168.99999964334881,364.4058
2022-08-01 17:00:00,aqi,PIIANN,81.99999688510111,82.849556
2025-01-07 17:00:00,aqi,PIIANN,61.999996182406505,65.29218
2025-02-03 00:00:00,aqi,PIIANN,130.99999800975527,304.35687
2024-02-09 07:00:00,aqi,PIIANN,83.99999814926575,99.7722
2024-01-12 07:00:00,aqi,PIIANN,320.99999871587806,323.1927
2021-06-05 16:00:00,aqi,PIIANN,133.99999990600224,161.94508
2025-02-08 16:00:00,aqi,PIIANN,74.00000376739435,70.82653
2023-03-13 02:00:00,aqi,PIIANN,168.99999964334881,208.59009
2024-12-03 17:00:00,aqi,PIIANN,147.99999980094088,145.73972
2024-02-08 18:00:00,aqi,PIIANN,67.99999997490043,64.46519
2021-01-12 05:00:00,aqi,PIIANN,336.00000222763697,333.47513
2021-12-02 10:00:00,aqi,PIIANN,354.0000016661669,366.606
2023-04-08 10:00:00,aqi,PIIANN,86.99999407603681,83.759125
2023-08-06 02:00:00,aqi,PIIANN,226.00000134755462,230.71352
2023-02-07 01:00:00,aqi,PIIANN,56.99999899147082,63.70882
2021-07-03 18:00:00,aqi,PIIANN,289.99999702975384,280.17743
2022-04-04 16:00:00,aqi,PIIANN,258.0000006810232,245.68343
2024-08-03 07:00:00,aqi,PIIANN,175.00000045110477,177.18425
2025-08-08 15:00:00,aqi,PIIANN,113.99999920330764,110.97946
2022-09-06 16:00:00,aqi,PIIANN,88.99999534020145,101.04786
2022-02-04 18:00:00,aqi,PIIANN,239.00000061041092,236.7538
2025-07-07 08:00:00,aqi,PIIANN,88.99999534020145,86.75792
2021-12-02 04:00:00,aqi,PIIANN,349.0000044752312,342.07315
2024-11-09 08:00:00,aqi,PIIANN,74.99999843000077,76.02969
2021-05-05 08:00:00,aqi,PIIANN,132.9999992739199,132.05408
2025-11-10 04:00:00,aqi,PIIANN,193.00000007618087,191.17969
2025-12-03 12:00:00,aqi,PIIANN,276.0000001195532,283.6026
2023-08-11 15:00:00,aqi,PIIANN,402.00000812821463,403.2789
2025-09-02 00:00:00,aqi,PIIANN,160.9999990637972,297.27966
2021-11-12 19:00:00,aqi,PIIANN,237.99999997832862,245.75662
2024-07-07 03:00:00,aqi,PIIANN,56.00000432886438,55.46506
2024-02-11 02:00:00,aqi,PIIANN,311.99999899661304,321.08893
2021-03-11 06:00:00,aqi,PIIANN,293.9999995580831,292.84915
2023-04-05 18:00:00,aqi,PIIANN,83.00000348665932,80.37209
2023-02-12 21:00:00,aqi,PIIANN,354.99999632877336,358.98358
2022-02-07 09:00:00,aqi,PIIANN,56.00000432886438,56.79114
2021-09-09 10:00:00,aqi,PIIANN,91.00000257384198,87.55023
2021-10-03 00:00:00,aqi,PIIANN,313.0000055981713,218.07047
2024-07-06 07:00:00,aqi,PIIANN,218.99999990771633,221.3081
2024-02-01 16:00:00,aqi,PIIANN,365.99999731220294,368.97455
2024-03-03 16:00:00,aqi,PIIANN,132.9999992739199,132.37968
2022-04-04 23:00:00,aqi,PIIANN,274.99999948747086,256.8001
2022-11-07 07:00:00,aqi,PIIANN,92.99999786853073,89.75223
2025-05-04 08:00:00,aqi,PIIANN,177.00000022290044,183.33203
2022-10-06 21:00:00,aqi,PIIANN,291.99999829391845,301.78482
2025-12-04 13:00:00,aqi,PIIANN,128.00000208298422,127.08032
2023-01-10 17:00:00,aqi,PIIANN,136.00000117016688,130.90562
2024-01-11 11:00:00,aqi,PIIANN,369.99999984053227,374.35046
2025-11-09 08:00:00,aqi,PIIANN,81.00000222249469,77.637596
2025-07-03 17:00:00,aqi,PIIANN,213.99999973204268,209.83867
2024-04-07 12:00:00,aqi,PIIANN,50.999995198976904,55.69382
2022-11-12 08:00:00,aqi,PIIANN,168.99999964334881,190.08894
2021-01-09 12:00:00,aqi,PIIANN,168.99999964334881,105.629005
2022-08-09 15:00:00,aqi,PIIANN,121.99999829049031,122.59508
2021-09-12 07:00:00,aqi,PIIANN,243.99999780134664,242.39581
2022-08-08 14:00:00,aqi,PIIANN,61.000001519800094,60.938343
2022-09-02 15:00:00,aqi,PIIANN,242.9999971692643,244.6986
2024-04-06 23:00:00,aqi,PIIANN,234.00000043473727,211.00912
2024-06-05 00:00:00,aqi,PIIANN,216.00000099620732,238.48216
2023-06-09 09:00:00,aqi,PIIANN,117.00000109955461,115.93596
2023-11-10 13:00:00,aqi,PIIANN,178.9999999946961,173.88736
2023-04-08 22:00:00,aqi,PIIANN,86.99999407603681,75.38602
2025-06-07 14:00:00,aqi,PIIANN,81.99999688510111,83.32338
2021-11-06 09:00:00,aqi,PIIANN,122.99999892257263,121.096344
2021-10-03 11:00:00,aqi,PIIANN,230.99999853849033,241.88504
2022-09-04 09:00:00,aqi,PIIANN,265.99999976820584,266.4479
2025-07-04 04:00:00,aqi,PIIANN,224.00000008338998,226.13162
2024-07-09 18:00:00,aqi,PIIANN,61.999996182406505,56.16872
2022-11-06 19:00:00,aqi,PIIANN,231.99999917057264,233.24194
2021-10-10 15:00:00,aqi,PIIANN,206.00000064486002,200.3123
2021-10-08 18:00:00,aqi,PIIANN,54.00000306469974,58.23218
2023-11-03 02:00:00,aqi,PIIANN,180.99999976649178,174.61552
2021-07-02 03:00:00,aqi,PIIANN,221.00000117188097,212.03265
2025-02-08 02:00:00,aqi,PIIANN,54.00000306469974,53.59598
2021-12-09 03:00:00,aqi,PIIANN,68.99999463750686,64.45593
2022-04-07 00:00:00,aqi,PIIANN,86.99999407603681,93.04977
2024-03-11 02:00:00,aqi,PIIANN,361.9999947838737,366.1863
2023-12-08 12:00:00,aqi,PIIANN,123.99999955465495,121.38521
2021-02-06 12:00:00,aqi,PIIANN,114.99999983538996,115.790115
2024-07-04 11:00:00,aqi,PIIANN,155.9999988881235,157.81847
2025-07-12 03:00:00,aqi,PIIANN,320.99999871587806,318.9098
2022-06-02 20:00:00,aqi,PIIANN,208.99999955636903,215.47197
2022-03-10 12:00:00,aqi,PIIANN,111.999997939143,107.43137
2021-08-02 10:00:00,aqi,PIIANN,298.9999967490188,300.4198
2022-09-03 09:00:00,aqi,PIIANN,183.00000028447192,189.44205
2025-09-04 22:00:00,aqi,PIIANN,267.0000004002882,274.48767
2022-03-03 03:00:00,aqi,PIIANN,168.99999964334881,146.99019
2024-11-12 19:00:00,aqi,PIIANN,240.00000124249325,237.08856
2023-08-12 11:00:00,aqi,PIIANN,309.99999773244843,312.31113
2024-07-12 05:00:00,aqi,PIIANN,202.0000003550842,199.13435
2025-04-02 05:00:00,aqi,PIIANN,300.9999980131835,299.05365
2023-10-10 01:00:00,aqi,PIIANN,152.9999999766145,134.67209
2024-08-10 12:00:00,aqi,PIIANN,159.00000078437049,159.6943
2025-01-12 05:00:00,aqi,PIIANN,309.99999773244843,307.6423
2024-05-07 00:00:00,aqi,PIIANN,58.000005593029016,176.99596
2022-11-08 13:00:00,aqi,PIIANN,63.00000278396473,61.65682
2022-12-09 19:00:00,aqi,PIIANN,98.00000102894232,93.46316
2025-09-05 20:00:00,aqi,PIIANN,164.00000096004413,167.31561
2024-12-07 04:00:00,aqi,PIIANN,131.9999986418376,127.136345
2024-03-06 12:00:00,aqi,PIIANN,138.99999709693793,131.3294
2025-02-13 02:00:00,aqi,PIIANN,168.99999964334881,258.76923
2021-05-02 17:00:00,aqi,PIIANN,101.9999975877957,153.57297
2024-02-01 22:00:00,aqi,PIIANN,365.0000026495965,371.73126
2024-12-09 14:00:00,aqi,PIIANN,50.000000536370464,45.38294
2023-05-12 13:00:00,aqi,PIIANN,322.00000531743626,322.424
2025-07-10 02:00:00,aqi,PIIANN,63.99999744657116,65.99472
2022-07-04 18:00:00,aqi,PIIANN,262.9999978719589,266.57968
2024-01-04 08:00:00,aqi,PIIANN,147.99999980094088,155.13365
2022-04-03 11:00:00,aqi,PIIANN,185.0000000562676,182.83867
2023-12-07 17:00:00,aqi,PIIANN,72.00000250322971,68.5252
2021-02-08 12:00:00,aqi,PIIANN,74.99999843000077,77.43615
2023-04-10 06:00:00,aqi,PIIANN,154.00000060869684,154.18701
2022-07-08 09:00:00,aqi,PIIANN,104.99999948404266,106.207634
2024-03-03 15:00:00,aqi,PIIANN,121.99999829049031,130.8
2023-07-05 03:00:00,aqi,PIIANN,192.00000000373691,188.17656
2022-04-07 20:00:00,aqi,PIIANN,100.00000229310696,102.943504
2022-07-11 02:00:00,aqi,PIIANN,343.9999953453437,341.24988
2021-11-12 09:00:00,aqi,PIIANN,288.0000017350651,288.79727
2021-02-06 09:00:00,aqi,PIIANN,97.00000039686,94.45011
2021-09-10 04:00:00,aqi,PIIANN,183.00000028447192,185.52248
2025-04-12 17:00:00,aqi,PIIANN,336.00000222763697,333.45544
2024-12-07 06:00:00,aqi,PIIANN,129.00000271506653,126.64739
2021-02-02 11:00:00,aqi,PIIANN,307.9999964682838,308.81998
2021-12-09 02:00:00,aqi,PIIANN,72.99999716583613,65.69392
2023-10-04 04:00:00,aqi,PIIANN,195.00000003452266,187.69878
2023-11-12 08:00:00,aqi,PIIANN,329.999998435143,329.7975
2025-12-07 14:00:00,aqi,PIIANN,90.00000194175966,83.23323
2023-09-05 19:00:00,aqi,PIIANN,192.00000000373691,194.06743
2025-10-02 22:00:00,aqi,PIIANN,283.9999992067358,277.26648
2024-06-01 18:00:00,aqi,PIIANN,340.0000047559662,341.88733
2022-07-12 09:00:00,aqi,PIIANN,168.99999964334881,154.87279
2025-04-07 02:00:00,aqi,PIIANN,83.99999814926575,80.59787
2022-06-10 04:00:00,aqi,PIIANN,161.9999996958795,164.0354
2022-08-08 00:00:00,aqi,PIIANN,72.00000250322971,90.61732
2024-03-12 07:00:00,aqi,PIIANN,305.99999520411916,306.2197
2025-01-06 15:00:00,aqi,PIIANN,213.00000059232934,207.66212
2025-11-05 04:00:00,aqi,PIIANN,203.99999938069539,204.18405
2023-05-03 08:00:00,aqi,PIIANN,131.9999986418376,129.65967
2021-09-08 01:00:00,aqi,PIIANN,77.99999435677184,64.84486
2021-09-11 04:00:00,aqi,PIIANN,376.99999829563257,372.5106
2021-04-08 13:00:00,aqi,PIIANN,54.99999772730618,47.476734
2025-10-08 11:00:00,aqi,PIIANN,59.000000255635456,56.913303
2022-01-02 08:00:00,aqi,PIIANN,369.0000051779258,375.53052
2021-06-06 19:00:00,aqi,PIIANN,114.99999983538996,116.67528
2023-12-10 07:00:00,aqi,PIIANN,166.0000007318398,173.5491
2024-06-01 17:00:00,aqi,PIIANN,340.99999941857266,341.41528
2024-04-05 15:00:00,aqi,PIIANN,254.99999878477627,254.00876
2021-09-09 04:00:00,aqi,PIIANN,93.99999850061305,85.84086
2024-05-05 09:00:00,aqi,PIIANN,262.9999978719589,262.24243
2023-07-10 22:00:00,aqi,PIIANN,168.00000050363548,167.26392
2024-04-08 16:00:00,aqi,PIIANN,81.00000222249469,71.90768
2024-02-02 04:00:00,aqi,PIIANN,168.99999964334881,206.18475
2025-10-03 15:00:00,aqi,PIIANN,222.99999945130764,223.21758
2022-10-11 13:00:00,aqi,PIIANN,283.9999992067358,276.33322
2025-09-05 02:00:00,aqi,PIIANN,186.99999982806327,196.35352
2022-05-05 21:00:00,aqi,PIIANN,133.99999990600224,133.44753
2024-06-07 02:00:00,aqi,PIIANN,63.00000278396473,80.37527
2022-07-11 22:00:00,aqi,PIIANN,363.9999960480383,355.18427
2023-02-04 14:00:00,aqi,PIIANN,99.00000166102464,97.97565
2024-11-04 16:00:00,aqi,PIIANN,173.00000067930912,175.59547
2023-11-07 14:00:00,aqi,PIIANN,59.99999491824187,61.484943
2023-03-01 13:00:00,aqi,PIIANN,391.00000714478506,393.03433
2022-09-08 22:00:00,aqi,PIIANN,106.00000011612498,105.47704
2025-07-03 08:00:00,aqi,PIIANN,206.00000064486002,205.92244
2025-03-03 00:00:00,aqi,PIIANN,144.00000025734954,223.60907
2025-11-02 06:00:00,aqi,PIIANN,283.9999992067358,279.6851
2021-09-09 16:00:00,aqi,PIIANN,65.00000404812937,73.97874
2024-11-10 10:00:00,aqi,PIIANN,151.9999993445322,154.24342
2021-09-04 16:00:00,aqi,PIIANN,183.00000028447192,188.98567
2023-10-02 10:00:00,aqi,PIIANN,185.0000000562676,183.71715
2022-09-08 10:00:00,aqi,PIIANN,112.99999857122532,112.43843
2025-08-12 05:00:00,aqi,PIIANN,327.9999971709784,319.99835
2022-07-12 21:00:00,aqi,PIIANN,168.99999964334881,156.2475
2023-10-01 17:00:00,aqi,PIIANN,425.9999994202867,429.19632
2022-06-07 16:00:00,aqi,PIIANN,101.00000292518928,102.48344
2024-02-10 23:00:00,aqi,PIIANN,160.9999990637972,197.7664
2021-01-03 11:00:00,aqi,PIIANN,177.00000022290044,182.7373
2025-02-12 06:00:00,aqi,PIIANN,331.0000050367013,323.65015
2021-05-06 15:00:00,aqi,PIIANN,163.00000032796183,153.14563
2021-10-08 21:00:00,aqi,PIIANN,56.00000432886438,68.81624
2025-02-03 05:00:00,aqi,PIIANN,145.99999853677622,141.98543
2023-12-03 20:00:00,aqi,PIIANN,198.99999995120623,204.68358
2024-06-10 23:00:00,aqi,PIIANN,135.00000053808458,167.40349
2022-08-03 16:00:00,aqi,PIIANN,287.00000110298276,291.86465
2023-01-12 11:00:00,aqi,PIIANN,392.9999964699979,398.56235
2021-07-11 15:00:00,aqi,PIIANN,417.99999436362816,411.65436
2022-10-04 01:00:00,aqi,PIIANN,248.0000003296759,254.43346
2024-02-02 18:00:00,aqi,PIIANN,168.99999964334881,132.27083
2022-07-06 10:00:00,aqi,PIIANN,168.99999964334881,142.40201
2021-01-08 22:00:00,aqi,PIIANN,63.99999744657116,55.064533
2022-02-06 10:00:00,aqi,PIIANN,184.00000017036976,185.791
2024-02-05 21:00:00,aqi,PIIANN,166.99999987155314,162.96881
2023-09-02 03:00:00,aqi,PIIANN,175.99999959081813,180.94948
2025-05-02 21:00:00,aqi,PIIANN,286.00000047090043,286.85547
2024-05-04 02:00:00,aqi,PIIANN,142.9999996252672,142.422
2021-01-04 02:00:00,aqi,PIIANN,160.00000141645282,161.44861
2025-11-07 19:00:00,aqi,PIIANN,70.00000123906507,65.80138
2023-10-05 22:00:00,aqi,PIIANN,202.0000003550842,211.25587
2023-05-05 21:00:00,aqi,PIIANN,168.99999964334881,187.7251
2024-04-09 10:00:00,aqi,PIIANN,72.99999716583613,69.787834
2021-07-10 08:00:00,aqi,PIIANN,113.99999920330764,115.729454
2021-03-04 02:00:00,aqi,PIIANN,150.9999987124499,146.90793
2025-10-05 02:00:00,aqi,PIIANN,164.9999986073885,173.98029
2023-12-01 18:00:00,aqi,PIIANN,349.0000044752312,352.01398
2021-07-05 18:00:00,aqi,PIIANN,244.99999843342894,209.14424
2024-11-10 22:00:00,aqi,PIIANN,145.99999853677622,129.84218
2025-05-06 14:00:00,aqi,PIIANN,168.99999964334881,150.23672
2023-12-07 23:00:00,aqi,PIIANN,63.00000278396473,79.47494
2023-01-12 17:00:00,aqi,PIIANN,387.0000046164557,389.50296
2022-12-08 07:00:00,aqi,PIIANN,59.000000255635456,53.1368
2025-05-10 14:00:00,aqi,PIIANN,168.00000050363548,161.07973
2022-06-08 14:00:00,aqi,PIIANN,76.00000503155898,76.872635
2023-02-04 00:00:00,aqi,PIIANN,93.99999850061305,214.0424
2023-07-12 14:00:00,aqi,PIIANN,288.0000017350651,292.46933
2024-01-10 22:00:00,aqi,PIIANN,137.0000018022492,126.34801
2021-01-04 13:00:00,aqi,PIIANN,149.0000004330232,139.42488
2024-12-11 15:00:00,aqi,PIIANN,327.9999971709784,335.43503
2021-05-12 18:00:00,aqi,PIIANN,296.0000008222478,283.45947
2021-10-11 13:00:00,aqi,PIIANN,356.00000293033156,361.4266
2022-01-09 20:00:00,aqi,PIIANN,110.99999730706068,111.13811
2024-07-06 17:00:00,aqi,PIIANN,269.00000166445284,272.25848
2022-08-10 18:00:00,aqi,PIIANN,30.999994496282312,33.245
2023-11-05 04:00:00,aqi,PIIANN,240.00000124249325,224.57228
2022-06-04 06:00:00,aqi,PIIANN,235.99999871416398,237.72763
2021-12-12 12:00:00,aqi,PIIANN,226.00000134755462,229.65036
2024-08-03 01:00:00,aqi,PIIANN,173.99999981902246,176.83376
2022-06-05 08:00:00,aqi,PIIANN,224.00000008338998,218.59146
2024-04-10 21:00:00,aqi,PIIANN,177.00000022290044,175.96378
2025-01-02 23:00:00,aqi,PIIANN,374.0000023688615,348.58975
2025-03-11 22:00:00,aqi,PIIANN,296.0000008222478,297.83093
2021-02-02 22:00:00,aqi,PIIANN,338.0000034918016,351.71225
2025-10-04 08:00:00,aqi,PIIANN,261.9999972398766,260.9724
2023-03-02 14:00:00,aqi,PIIANN,183.00000028447192,179.83759
2022-10-12 16:00:00,aqi,PIIANN,168.99999964334881,229.62903
2024-07-02 14:00:00,aqi,PIIANN,142.9999996252672,143.05994
2024-04-11 02:00:00,aqi,PIIANN,369.0000051779258,364.0639
2021-05-03 19:00:00,aqi,PIIANN,293.9999995580831,286.5285
2023-04-01 12:00:00,aqi,PIIANN,372.0000011046969,367.59128
2025-04-02 18:00:00,aqi,PIIANN,325.00000124420734,314.24936
2021-02-04 04:00:00,aqi,PIIANN,164.00000096004413,162.64221
2025-05-08 23:00:00,aqi,PIIANN,103.99999885196034,90.5167
2023-07-01 11:00:00,aqi,PIIANN,409.000006583315,407.7224
2023-04-07 18:00:00,aqi,PIIANN,142.9999996252672,137.9919
2025-08-04 10:00:00,aqi,PIIANN,240.00000124249325,243.5029
2021-08-11 19:00:00,aqi,PIIANN,374.0000023688615,371.9618
2022-10-08 17:00:00,aqi,PIIANN,101.9999975877957,97.766
2025-03-12 20:00:00,aqi,PIIANN,347.999997873673,350.01477
2021-09-07 04:00:00,aqi,PIIANN,168.99999964334881,121.65677
2025-02-12 00:00:00,aqi,PIIANN,314.0000002607777,366.233
2022-12-01 17:00:00,aqi,PIIANN,178.00000010879828,174.80365
2025-01-10 19:00:00,aqi,PIIANN,85.00000475082396,83.12629
2022-08-02 04:00:00,aqi,PIIANN,177.00000022290044,183.7522
2021-07-01 19:00:00,aqi,PIIANN,263.99999850404123,262.58908
2023-03-04 22:00:00,aqi,PIIANN,160.9999990637972,160.32022
2023-09-10 10:00:00,aqi,PIIANN,168.99999964334881,126.62874
2022-08-06 23:00:00,aqi,PIIANN,168.99999964334881,106.50672
2022-06-01 17:00:00,aqi,PIIANN,259.00000131310554,268.1797
2021-09-12 21:00:00,aqi,PIIANN,302.00000461474167,288.8427
2022-06-12 04:00:00,aqi,PIIANN,168.99999964334881,201.30263
2024-06-01 23:00:00,aqi,PIIANN,343.9999953453437,316.52164
2022-01-09 22:00:00,aqi,PIIANN,111.999997939143,104.758705
2023-07-07 04:00:00,aqi,PIIANN,47.99999927220583,51.59107
2023-06-03 04:00:00,aqi,PIIANN,113.99999920330764,116.61198
2022-02-03 02:00:00,aqi,PIIANN,185.0000000562676,189.44017
2023-04-05 14:00:00,aqi,PIIANN,81.99999688510111,85.58278
2021-09-07 03:00:00,aqi,PIIANN,168.99999964334881,127.51529
2022-06-07 09:00:00,aqi,PIIANN,101.00000292518928,100.375786
2023-08-10 14:00:00,aqi,PIIANN,144.00000025734954,143.0544
2023-02-08 09:00:00,aqi,PIIANN,81.99999688510111,80.58389
2023-04-03 17:00:00,aqi,PIIANN,120.99999765840799,123.31772
2021-08-03 09:00:00,aqi,PIIANN,242.9999971692643,243.81075
2021-09-06 21:00:00,aqi,PIIANN,262.9999978719589,271.12405
2023-11-12 13:00:00,aqi,PIIANN,336.9999968902434,339.26035
2024-10-09 04:00:00,aqi,PIIANN,93.99999850061305,91.63703
2023-12-04 00:00:00,aqi,PIIANN,239.00000061041092,181.574
2023-12-03 23:00:00,aqi,PIIANN,193.00000007618087,198.73051
2024-02-02 06:00:00,aqi,PIIANN,168.99999964334881,179.24626
2022-06-02 07:00:00,aqi,PIIANN,216.9999986435517,211.80205
2024-06-11 18:00:00,aqi,PIIANN,254.99999878477627,260.46088
2022-03-04 14:00:00,aqi,PIIANN,246.99999969759358,246.86237
2023-01-05 12:00:00,aqi,PIIANN,91.00000257384198,84.440926
2024-12-10 14:00:00,aqi,PIIANN,138.00000243433152,134.13254
2025-08-03 22:00:00,aqi,PIIANN,184.00000017036976,179.43846
2025-04-05 04:00:00,aqi,PIIANN,230.99999853849033,226.18748
2024-01-09 16:00:00,aqi,PIIANN,86.99999407603681,87.15822
2023-05-07 23:00:00,aqi,PIIANN,83.99999814926575,74.25683
2023-02-08 20:00:00,aqi,PIIANN,83.00000348665932,85.349655
2024-02-04 15:00:00,aqi,PIIANN,129.00000271506653,124.164314
2021-03-04 01:00:00,aqi,PIIANN,151.9999993445322,163.19885
2022-01-02 19:00:00,aqi,PIIANN,360.00000545866084,363.0809
2025-09-06 19:00:00,aqi,PIIANN,208.99999955636903,209.84949
2022-12-12 21:00:00,aqi,PIIANN,168.99999964334881,149.46828
2022-05-02 11:00:00,aqi,PIIANN,206.00000064486002,203.27907
2024-05-07 12:00:00,aqi,PIIANN,76.99999969416541,72.41338
2025-12-11 11:00:00,aqi,PIIANN,406.9999933801986,393.45444
2022-11-09 05:00:00,aqi,PIIANN,101.00000292518928,94.6449
2025-01-07 14:00:00,aqi,PIIANN,67.00000531229401,69.247345
2024-04-04 04:00:00,aqi,PIIANN,168.99999964334881,168.87569
2024-01-04 01:00:00,aqi,PIIANN,180.99999976649178,183.70885
2023-03-12 14:00:00,aqi,PIIANN,327.9999971709784,332.23877
2022-02-13 02:00:00,aqi,PIIANN,168.99999964334881,252.08315
2024-03-02 14:00:00,aqi,PIIANN,145.99999853677622,139.9024
2023-04-03 18:00:00,aqi,PIIANN,122.99999892257263,124.09444
2022-03-04 08:00:00,aqi,PIIANN,242.0000025066579,252.00783
2022-05-03 19:00:00,aqi,PIIANN,106.00000011612498,104.47295
2022-04-05 10:00:00,aqi,PIIANN,293.0000048954767,282.69318
2023-03-08 17:00:00,aqi,PIIANN,74.99999843000077,67.098366
2024-11-08 15:00:00,aqi,PIIANN,52.0000018005351,48.016773
2025-10-04 12:00:00,aqi,PIIANN,259.00000131310554,260.35294
2023-08-03 16:00:00,aqi,PIIANN,216.00000099620732,212.06107
2024-12-09 03:00:00,aqi,PIIANN,81.00000222249469,71.79821
2023-08-08 07:00:00,aqi,PIIANN,103.99999885196034,101.23736
2022-10-05 05:00:00,aqi,PIIANN,149.0000004330232,149.57184
2021-09-09 11:00:00,aqi,PIIANN,88.00000067759503,85.0279
2023-05-06 12:00:00,aqi,PIIANN,138.00000243433152,145.91496
2021-09-11 10:00:00,aqi,PIIANN,378.9999995597972,378.70792
2024-11-03 16:00:00,aqi,PIIANN,211.999999960247,216.42917
2025-11-03 21:00:00,aqi,PIIANN,272.9999982233062,278.1314
2022-03-02 20:00:00,aqi,PIIANN,323.9999946426491,320.36957
2025-07-06 11:00:00,aqi,PIIANN,192.00000000373691,189.40186
2022-07-06 17:00:00,aqi,PIIANN,168.99999964334881,135.61516
2024-05-09 17:00:00,aqi,PIIANN,59.000000255635456,55.286716
2025-12-01 16:00:00,aqi,PIIANN,327.9999971709784,335.08255
2023-04-09 09:00:00,aqi,PIIANN,137.0000018022492,137.07336
2023-09-02 23:00:00,aqi,PIIANN,227.99999962698132,212.14258
2025-12-03 13:00:00,aqi,PIIANN,271.99999759122386,277.3176
2023-03-11 00:00:00,aqi,PIIANN,424.9999928187285,341.08847
2025-01-05 02:00:00,aqi,PIIANN,173.00000067930912,171.3871
2022-10-12 21:00:00,aqi,PIIANN,168.99999964334881,225.004
2022-06-09 14:00:00,aqi,PIIANN,114.99999983538996,113.79698
2025-10-10 11:00:00,aqi,PIIANN,142.9999996252672,141.33109
2021-03-05 16:00:00,aqi,PIIANN,217.99999927563402,212.33669
2024-10-03 16:00:00,aqi,PIIANN,198.99999995120623,192.99759
2024-06-05 20:00:00,aqi,PIIANN,208.0000004166557,209.7846
2025-04-07 23:00:00,aqi,PIIANN,119.00000236371925,115.47384
2023-02-05 06:00:00,aqi,PIIANN,74.99999843000077,73.7575
2024-02-07 13:00:00,aqi,PIIANN,129.99999737767297,130.5902
2022-03-08 17:00:00,aqi,PIIANN,118.00000173163693,116.17104
2021-03-12 19:00:00,aqi,PIIANN,340.0000047559662,345.09256
2022-04-08 14:00:00,aqi,PIIANN,107.0000007482073,107.59632
2023-01-03 21:00:00,aqi,PIIANN,173.00000067930912,171.46864
2022-07-11 19:00:00,aqi,PIIANN,367.00000391376113,355.36502
2023-07-03 14:00:00,aqi,PIIANN,161.9999996958795,167.6727
2025-08-08 05:00:00,aqi,PIIANN,110.00000264445426,108.790985
2025-01-05 01:00:00,aqi,PIIANN,173.99999981902246,181.26938
2025-01-08 19:00:00,aqi,PIIANN,45.00000334543478,45.314808
2021-04-09 05:00:00,aqi,PIIANN,61.000001519800094,66.46756
2021-06-09 20:00:00,aqi,PIIANN,168.99999964334881,116.5848
2022-04-08 19:00:00,aqi,PIIANN,109.00000201237194,111.67628
2023-01-06 21:00:00,aqi,PIIANN,94.99999913269536,91.07331
2022-09-13 01:00:00,aqi,PIIANN,168.99999964334881,279.22195
2022-09-04 00:00:00,aqi,PIIANN,253.99999815269393,169.9165
2024-05-06 02:00:00,aqi,PIIANN,210.9999993281647,201.9076
2025-02-07 17:00:00,aqi,PIIANN,85.00000475082396,81.49868
2023-02-10 02:00:00,aqi,PIIANN,138.99999709693793,128.95663
2022-03-11 06:00:00,aqi,PIIANN,401.00000152665643,397.6141
2023-08-07 11:00:00,aqi,PIIANN,59.000000255635456,56.298832
2025-05-12 21:00:00,aqi,PIIANN,338.999998154408,339.37195
2022-05-06 01:00:00,aqi,PIIANN,168.99999964334881,148.61198
2022-11-02 23:00:00,aqi,PIIANN,172.0000000472268,159.08089
2021-02-06 19:00:00,aqi,PIIANN,121.99999829049031,118.31449
2025-02-02 02:00:00,aqi,PIIANN,367.00000391376113,368.10114
2023-05-08 08:00:00,aqi,PIIANN,168.99999964334881,120.94407
2024-10-04 07:00:00,aqi,PIIANN,155.00000124077917,160.23244
2021-02-08 16:00:00,aqi,PIIANN,79.99999562093647,69.94826
2023-07-01 18:00:00,aqi,PIIANN,392.9999964699979,391.94415
2023-04-03 02:00:00,aqi,PIIANN,133.99999990600224,138.05035
2022-06-03 06:00:00,aqi,PIIANN,121.99999829049031,123.953766
2022-08-10 15:00:00,aqi,PIIANN,29.999999833675872,25.317753
2024-01-03 14:00:00,aqi,PIIANN,243.99999780134664,181.69106
2022-06-11 00:00:00,aqi,PIIANN,365.0000026495965,140.3605
2025-07-07 21:00:00,aqi,PIIANN,63.00000278396473,70.518845
2021-10-09 11:00:00,aqi,PIIANN,70.00000123906507,65.04589
2024-02-01 20:00:00,aqi,PIIANN,361.9999947838737,362.2451
2022-03-07 18:00:00,aqi,PIIANN,74.99999843000077,76.4993
2025-08-02 01:00:00,aqi,PIIANN,155.00000124077917,174.34554
2022-12-02 08:00:00,aqi,PIIANN,173.99999981902246,173.20242
2024-05-08 09:00:00,aqi,PIIANN,81.00000222249469,80.34559
2021-05-02 18:00:00,aqi,PIIANN,100.00000229310696,122.45834
2021-09-01 21:00:00,aqi,PIIANN,314.9999949233841,304.55228
2024-02-03 04:00:00,aqi,PIIANN,144.00000025734954,150.596
2023-02-08 03:00:00,aqi,PIIANN,79.99999562093647,78.50926
2022-01-09 04:00:00,aqi,PIIANN,112.99999857122532,109.77544
2024-12-11 04:00:00,aqi,PIIANN,343.0000006827373,347.53934
2022-09-03 10:00:00,aqi,PIIANN,170.9999994151445,181.93004
2023-09-11 22:00:00,aqi,PIIANN,425.9999994202867,445.9256
2022-10-09 12:00:00,aqi,PIIANN,116.00000046747228,114.23365
2025-01-10 22:00:00,aqi,PIIANN,97.00000039686,84.37872
2025-05-02 07:00:00,aqi,PIIANN,345.00000194690193,339.85614
2023-01-12 04:00:00,aqi,PIIANN,391.9999898684397,396.85254
2022-10-10 17:00:00,aqi,PIIANN,32.99999576044695,30.603031
2021-07-04 19:00:00,aqi,PIIANN,168.99999964334881,129.05461
2022-09-06 23:00:00,aqi,PIIANN,100.00000229310696,99.54288
2025-12-08 09:00:00,aqi,PIIANN,98.00000102894232,98.163246
2021-02-10 11:00:00,aqi,PIIANN,104.99999948404266,101.353966
2024-01-10 04:00:00,aqi,PIIANN,129.00000271506653,127.11246
2024-08-06 16:00:00,aqi,PIIANN,222.99999945130764,218.36415
2022-03-09 08:00:00,aqi,PIIANN,123.99999955465495,115.31365
2025-10-06 16:00:00,aqi,PIIANN,208.0000004166557,204.62337
2022-03-06 01:00:00,aqi,PIIANN,235.0000010668196,206.14551
2024-05-02 15:00:00,aqi,PIIANN,138.00000243433152,138.01126
2025-08-01 20:00:00,aqi,PIIANN,327.9999971709784,330.4233
2022-05-03 11:00:00,aqi,PIIANN,110.99999730706068,113.22758
2025-04-08 17:00:00,aqi,PIIANN,108.00000138028962,107.888336
2022-07-09 16:00:00,aqi,PIIANN,110.00000264445426,111.39175
2023-02-08 02:00:00,aqi,PIIANN,79.99999562093647,75.40778
2023-03-06 14:00:00,aqi,PIIANN,112.99999857122532,113.29966
2025-01-04 19:00:00,aqi,PIIANN,146.99999916885855,138.81964
2022-06-06 16:00:00,aqi,PIIANN,168.99999964334881,156.1651
2022-06-09 23:00:00,aqi,PIIANN,116.00000046747228,94.42631
2024-10-10 11:00:00,aqi,PIIANN,142.9999996252672,145.29417
2023-12-11 01:00:00,aqi,PIIANN,220.00000053979863,225.38988
2022-09-11 00:00:00,aqi,PIIANN,387.0000046164557,133.40656
2024-09-07 05:00:00,aqi,PIIANN,65.9999987107358,69.90356
2021-07-10 17:00:00,aqi,PIIANN,121.99999829049031,125.35079
2025-07-12 12:00:00,aqi,PIIANN,311.00000433400663,315.12344
2021-08-07 00:00:00,aqi,PIIANN,168.99999964334881,150.12547
2025-12-02 12:00:00,aqi,PIIANN,242.9999971692643,253.89716
2024-11-03 04:00:00,aqi,PIIANN,213.99999973204268,219.64813
2023-11-09 21:00:00,aqi,PIIANN,52.99999646314154,46.168705
2023-12-03 06:00:00,aqi,PIIANN,206.00000064486002,200.93526
2024-06-08 11:00:00,aqi,PIIANN,56.99999899147082,54.67972
2025-08-10 14:00:00,aqi,PIIANN,61.000001519800094,60.113422
2024-07-06 05:00:00,aqi,PIIANN,203.99999938069539,201.3253
2024-07-05 17:00:00,aqi,PIIANN,267.0000004002882,259.9909
2023-05-03 05:00:00,aqi,PIIANN,131.9999986418376,131.42258
2024-06-12 21:00:00,aqi,PIIANN,186.99999982806327,187.41666
2022-03-11 11:00:00,aqi,PIIANN,168.99999964334881,437.97977
2022-06-07 21:00:00,aqi,PIIANN,98.00000102894232,104.94033
2021-10-09 02:00:00,aqi,PIIANN,72.00000250322971,67.66747
2025-01-02 08:00:00,aqi,PIIANN,387.9999992790622,386.16443
2021-04-10 18:00:00,aqi,PIIANN,41.99999547971191,53.737125
2024-05-03 18:00:00,aqi,PIIANN,141.00000134584053,144.47035
2025-11-07 01:00:00,aqi,PIIANN,59.000000255635456,75.84621
2024-12-08 05:00:00,aqi,PIIANN,50.000000536370464,47.23386
2025-04-04 19:00:00,aqi,PIIANN,234.00000043473727,220.46611
2023-03-04 05:00:00,aqi,PIIANN,123.99999955465495,130.16417
2025-02-06 03:00:00,aqi,PIIANN,158.00000015228818,159.34988
2024-06-04 19:00:00,aqi,PIIANN,138.99999709693793,139.86115
2025-07-08 01:00:00,aqi,PIIANN,112.99999857122532,104.81142
2023-04-03 10:00:00,aqi,PIIANN,117.00000109955461,119.49273
2023-06-06 16:00:00,aqi,PIIANN,241.00000187457556,127.42734
2025-02-07 19:00:00,aqi,PIIANN,85.99999941343039,79.893524
2022-12-04 19:00:00,aqi,PIIANN,241.00000187457556,239.9855
2023-11-11 02:00:00,aqi,PIIANN,224.00000008338998,224.22379
2024-05-06 19:00:00,aqi,PIIANN,244.99999843342894,246.23296
2023-06-03 20:00:00,aqi,PIIANN,130.99999800975527,131.7821
2021-09-10 12:00:00,aqi,PIIANN,183.00000028447192,180.17021
2025-04-07 20:00:00,aqi,PIIANN,109.00000201237194,102.38396
2021-07-12 08:00:00,aqi,PIIANN,291.00000363131204,289.45917
2022-04-03 22:00:00,aqi,PIIANN,155.00000124077917,152.49516
2025-08-11 14:00:00,aqi,PIIANN,358.9999988571026,355.9003
2022-06-11 07:00:00,aqi,PIIANN,358.0000041944962,349.4051
2022-11-08 23:00:00,aqi,PIIANN,58.000005593029016,69.20131
2025-08-05 09:00:00,aqi,PIIANN,175.00000045110477,171.78976
2022-04-07 16:00:00,aqi,PIIANN,91.00000257384198,93.25365
2021-02-04 15:00:00,aqi,PIIANN,155.9999988881235,150.67314
2023-06-01 20:00:00,aqi,PIIANN,427.9999887454996,423.78867
2023-07-11 19:00:00,aqi,PIIANN,391.9999898684397,358.68045
2021-01-05 12:00:00,aqi,PIIANN,235.99999871416398,245.90366
2023-10-08 00:00:00,aqi,PIIANN,127.00000145090189,62.647015
2021-09-11 06:00:00,aqi,PIIANN,378.9999995597972,376.49228
2021-06-11 05:00:00,aqi,PIIANN,448.00000138714597,446.6162
2025-10-07 12:00:00,aqi,PIIANN,68.99999463750686,69.631516
2023-12-03 15:00:00,aqi,PIIANN,208.99999955636903,204.57861
2024-06-12 06:00:00,aqi,PIIANN,184.00000017036976,177.48703
2025-11-09 03:00:00,aqi,PIIANN,76.00000503155898,72.53935
2024-01-02 04:00:00,aqi,PIIANN,283.9999992067358,301.09967
2022-08-08 13:00:00,aqi,PIIANN,58.000005593029016,58.487324
2023-09-11 10:00:00,aqi,PIIANN,427.00000602184497,429.28076
2024-03-09 16:00:00,aqi,PIIANN,83.00000348665932,80.29737
2022-12-10 04:00:00,aqi,PIIANN,86.99999407603681,100.55095
2023-10-07 13:00:00,aqi,PIIANN,56.00000432886438,54.129154
2022-05-06 03:00:00,aqi,PIIANN,168.99999964334881,151.34044
2021-07-12 23:00:00,aqi,PIIANN,252.9999975206116,252.47438
2021-08-01 11:00:00,aqi,PIIANN,243.99999780134664,242.43707
2023-10-04 06:00:00,aqi,PIIANN,188.00000008705334,184.83769
2023-03-08 04:00:00,aqi,PIIANN,74.99999843000077,76.68762
2025-08-01 10:00:00,aqi,PIIANN,378.0000048971908,380.3909
2022-11-10 10:00:00,aqi,PIIANN,34.00000236200515,36.043613
2023-12-05 08:00:00,aqi,PIIANN,242.0000025066579,243.5628
2023-09-02 16:00:00,aqi,PIIANN,230.00000089114593,225.6871
2022-10-03 06:00:00,aqi,PIIANN,145.99999853677622,147.35434
2023-05-09 08:00:00,aqi,PIIANN,112.99999857122532,115.77614
2021-12-10 23:00:00,aqi,PIIANN,192.00000000373691,240.88506
2021-01-12 09:00:00,aqi,PIIANN,334.99999562607877,338.37958
2021-06-10 22:00:00,aqi,PIIANN,112.99999857122532,97.07348
2022-10-11 15:00:00,aqi,PIIANN,286.00000047090043,279.95343
2024-07-11 07:00:00,aqi,PIIANN,358.0000041944962,269.38635
2023-07-01 16:00:00,aqi,PIIANN,395.0000096731143,398.86295
2025-11-03 15:00:00,aqi,PIIANN,269.00000166445284,264.89877
2024-02-06 04:00:00,aqi,PIIANN,198.0000000653084,195.4177
2023-03-02 11:00:00,aqi,PIIANN,185.99999994216543,186.28784
2023-09-04 10:00:00,aqi,PIIANN,202.0000003550842,202.44345
2024-07-02 00:00:00,aqi,PIIANN,152.9999999766145,209.6554
2025-11-04 10:00:00,aqi,PIIANN,189.9999999987586,194.47395
2022-11-10 08:00:00,aqi,PIIANN,32.99999576044695,32.38956
2025-09-12 00:00:00,aqi,PIIANN,314.0000002607777,299.12717
2022-06-06 17:00:00,aqi,PIIANN,168.99999964334881,149.41425
2021-12-03 22:00:00,aqi,PIIANN,208.99999955636903,218.4584
2022-08-12 02:00:00,aqi,PIIANN,168.99999964334881,145.91518
2021-01-04 09:00:00,aqi,PIIANN,150.0000010651055,148.55618
2022-05-08 06:00:00,aqi,PIIANN,90.00000194175966,91.79549
2025-03-05 00:00:00,aqi,PIIANN,129.00000271506653,188.21014
2025-05-06 09:00:00,aqi,PIIANN,154.00000060869684,153.65271
2024-06-12 23:00:00,aqi,PIIANN,188.99999997295117,208.50766
2022-03-06 02:00:00,aqi,PIIANN,237.99999997832862,244.02095
2021-01-10 16:00:00,aqi,PIIANN,129.00000271506653,124.972916
2023-11-06 19:00:00,aqi,PIIANN,122.99999892257263,119.83851
2024-05-04 23:00:00,aqi,PIIANN,160.9999990637972,176.81134
2021-11-11 01:00:00,aqi,PIIANN,367.9999985763676,372.75287
2023-09-11 01:00:00,aqi,PIIANN,419.00000096518636,406.532
2025-08-07 10:00:00,aqi,PIIANN,83.99999814926575,79.61246
2022-10-04 11:00:00,aqi,PIIANN,244.99999843342894,240.02763
2024-10-03 22:00:00,aqi,PIIANN,208.0000004166557,219.31728
2025-03-10 21:00:00,aqi,PIIANN,77.99999435677184,78.156006
2024-09-02 06:00:00,aqi,PIIANN,141.00000134584053,146.613
2021-11-04 07:00:00,aqi,PIIANN,175.00000045110477,171.84734
2024-08-01 21:00:00,aqi,PIIANN,392.9999964699979,395.87943
2021-02-01 19:00:00,aqi,PIIANN,427.9999887454996,426.91248
2025-08-03 13:00:00,aqi,PIIANN,178.9999999946961,178.41006
2023-03-01 19:00:00,aqi,PIIANN,387.9999992790622,392.6921
2023-02-11 19:00:00,aqi,PIIANN,389.0000058806204,378.72833
2025-09-08 04:00:00,aqi,PIIANN,113.99999920330764,110.742195
2022-11-02 17:00:00,aqi,PIIANN,161.9999996958795,164.81224
2024-03-02 12:00:00,aqi,PIIANN,138.99999709693793,134.49132
2025-09-03 02:00:00,aqi,PIIANN,189.9999999987586,203.61082
2022-10-05 15:00:00,aqi,PIIANN,147.99999980094088,142.66121
2025-07-03 02:00:00,aqi,PIIANN,175.99999959081813,169.75032
2024-07-02 22:00:00,aqi,PIIANN,131.9999986418376,136.39702
2021-05-03 05:00:00,aqi,PIIANN,280.9999973104889,273.2252
2025-05-04 20:00:00,aqi,PIIANN,160.00000141645282,168.59915
2024-12-12 05:00:00,aqi,PIIANN,261.00000257727015,258.0983
2025-07-10 06:00:00,aqi,PIIANN,65.00000404812937,70.60234
2023-05-03 23:00:00,aqi,PIIANN,114.99999983538996,107.79187
2021-01-10 07:00:00,aqi,PIIANN,125.00000018673727,121.174126
2023-08-12 12:00:00,aqi,PIIANN,309.99999773244843,311.12125
2024-08-10 01:00:00,aqi,PIIANN,145.99999853677622,151.23167
2024-08-08 06:00:00,aqi,PIIANN,61.000001519800094,63.986088
2022-04-13 02:00:00,aqi,PIIANN,168.99999964334881,170.56218
2024-12-11 10:00:00,aqi,PIIANN,343.9999953453437,333.89124
2023-09-02 10:00:00,aqi,PIIANN,199.99999983710404,196.43205
2024-03-03 11:00:00,aqi,PIIANN,120.99999765840799,130.67513
2024-09-11 16:00:00,aqi,PIIANN,358.9999988571026,358.6847
2022-11-09 17:00:00,aqi,PIIANN,94.99999913269536,90.8681
2021-02-08 23:00:00,aqi,PIIANN,77.99999435677184,76.02227
2024-05-10 18:00:00,aqi,PIIANN,149.0000004330232,145.95319
2021-07-03 12:00:00,aqi,PIIANN,274.99999948747086,274.01285
2023-09-03 15:00:00,aqi,PIIANN,104.99999948404266,108.1193
2023-03-10 17:00:00,aqi,PIIANN,141.9999989931849,138.92523
2021-07-08 14:00:00,aqi,PIIANN,116.00000046747228,110.57368
2022-07-03 21:00:00,aqi,PIIANN,253.99999815269393,247.77649
2024-07-09 09:00:00,aqi,PIIANN,61.999996182406505,62.128376
2023-01-03 01:00:00,aqi,PIIANN,186.99999982806327,191.70132
2023-10-04 02:00:00,aqi,PIIANN,197.00000017941056,184.00429
2022-07-02 14:00:00,aqi,PIIANN,185.0000000562676,180.274
2021-03-05 10:00:00,aqi,PIIANN,200.99999972300188,190.96466
2025-04-09 16:00:00,aqi,PIIANN,47.000004609599415,47.04047
2023-09-08 01:00:00,aqi,PIIANN,111.999997939143,102.28742
2022-05-08 15:00:00,aqi,PIIANN,83.99999814926575,83.780304
2023-10-10 19:00:00,aqi,PIIANN,155.9999988881235,151.95581
2023-04-11 02:00:00,aqi,PIIANN,448.00000138714597,440.94446
2023-05-12 14:00:00,aqi,PIIANN,320.99999871587806,320.18408
2025-12-07 17:00:00,aqi,PIIANN,94.99999913269536,87.637314
2025-06-06 11:00:00,aqi,PIIANN,166.99999987155314,167.22401
2024-05-06 07:00:00,aqi,PIIANN,210.9999993281647,209.67827
2023-04-06 18:00:00,aqi,PIIANN,250.00000159384055,233.29333
2023-05-11 23:00:00,aqi,PIIANN,445.00000546037495,417.24542
2024-06-02 22:00:00,aqi,PIIANN,152.9999999766145,150.21002
2022-04-12 22:00:00,aqi,PIIANN,168.99999964334881,236.27487
2024-10-03 02:00:00,aqi,PIIANN,192.00000000373691,196.74196
2024-01-05 13:00:00,aqi,PIIANN,177.00000022290044,177.75108
2022-11-12 01:00:00,aqi,PIIANN,168.99999964334881,213.53458
2023-07-05 12:00:00,aqi,PIIANN,141.9999989931849,143.77306
2022-01-04 22:00:00,aqi,PIIANN,222.99999945130764,228.0463
2023-09-04 22:00:00,aqi,PIIANN,198.0000000653084,202.96123
2023-06-05 03:00:00,aqi,PIIANN,168.99999964334881,169.24265
2022-04-10 13:00:00,aqi,PIIANN,119.49999969502245,121.28601
2024-03-08 01:00:00,aqi,PIIANN,76.99999969416541,77.56582
2022-07-05 08:00:00,aqi,PIIANN,193.00000007618087,195.03648
2022-12-13 01:00:00,aqi,PIIANN,168.99999964334881,178.72343
2023-04-08 08:00:00,aqi,PIIANN,86.99999407603681,86.44298
2021-01-03 22:00:00,aqi,PIIANN,173.99999981902246,171.59242
2021-12-08 16:00:00,aqi,PIIANN,119.99999702632567,114.740135
2024-10-12 02:00:00,aqi,PIIANN,190.9999999779295,189.39087
2022-06-10 00:00:00,aqi,PIIANN,195.49999997747156,96.867226
2023-07-06 00:00:00,aqi,PIIANN,109.00000201237194,117.39113
2024-12-05 18:00:00,aqi,PIIANN,141.00000134584053,135.92479
2024-04-03 06:00:00,aqi,PIIANN,155.9999988881235,152.8119
2023-07-09 08:00:00,aqi,PIIANN,94.99999913269536,95.459946
2023-01-08 14:00:00,aqi,PIIANN,81.00000222249469,77.09059
2025-07-08 10:00:00,aqi,PIIANN,122.99999892257263,121.37806
2023-01-01 17:00:00,aqi,PIIANN,226.999998994899,222.82751
2023-05-10 13:00:00,aqi,PIIANN,166.0000007318398,165.98766
2025-12-01 11:00:00,aqi,PIIANN,334.0000009634723,333.9287
2024-02-06 17:00:00,aqi,PIIANN,146.99999916885855,159.01921
2021-03-12 21:00:00,aqi,PIIANN,343.0000006827373,341.86288
2021-02-12 22:00:00,aqi,PIIANN,409.000006583315,404.31253
2025-12-05 21:00:00,aqi,PIIANN,139.99999772902027,143.63007
2022-08-07 07:00:00,aqi,PIIANN,88.00000067759503,86.13691
2023-12-12 16:00:00,aqi,PIIANN,340.99999941857266,343.4082
2025-01-12 13:00:00,aqi,PIIANN,309.000003069842,315.16574
2024-01-05 05:00:00,aqi,PIIANN,180.99999976649178,179.27545
2023-01-07 03:00:00,aqi,PIIANN,52.99999646314154,51.02512
2022-04-05 08:00:00,aqi,PIIANN,289.00000236714743,278.11517
2024-02-12 12:00:00,aqi,PIIANN,286.00000047090043,289.9718
2023-07-01 22:00:00,aqi,PIIANN,396.99999899832716,400.32956
2024-04-04 07:00:00,aqi,PIIANN,164.00000096004413,161.58266
2023-10-01 22:00:00,aqi,PIIANN,402.99999085186926,414.14865
2021-02-04 09:00:00,aqi,PIIANN,164.9999986073885,167.02963
2022-07-01 21:00:00,aqi,PIIANN,175.00000045110477,175.70447
2021-11-12 02:00:00,aqi,PIIANN,302.00000461474167,304.88623
2022-04-06 21:00:00,aqi,PIIANN,230.00000089114593,234.62642
2021-03-03 05:00:00,aqi,PIIANN,166.99999987155314,159.2484
2021-12-07 14:00:00,aqi,PIIANN,91.00000257384198,83.49801
2024-03-04 01:00:00,aqi,PIIANN,133.99999990600224,127.84571
2025-06-12 19:00:00,aqi,PIIANN,329.0000037725366,331.4455
2021-04-06 15:00:00,aqi,PIIANN,152.9999999766145,163.00061
2023-09-01 22:00:00,aqi,PIIANN,496.0000078491937,492.0343
2024-11-05 02:00:00,aqi,PIIANN,175.99999959081813,167.43568
2021-08-10 08:00:00,aqi,PIIANN,151.9999993445322,152.30623
2025-10-12 09:00:00,aqi,PIIANN,287.00000110298276,291.0788
2025-12-12 00:00:00,aqi,PIIANN,313.0000055981713,325.96396
2021-11-03 20:00:00,aqi,PIIANN,268.0000010323705,266.46353
2023-09-03 19:00:00,aqi,PIIANN,110.99999730706068,114.81914
2022-09-06 02:00:00,aqi,PIIANN,168.99999964334881,126.62332
2022-09-04 11:00:00,aqi,PIIANN,264.99999913612356,262.1475
2023-12-07 13:00:00,aqi,PIIANN,76.99999969416541,77.87793
2022-10-05 14:00:00,aqi,PIIANN,147.99999980094088,144.60997
2022-01-04 01:00:00,aqi,PIIANN,304.00000587890634,281.26395
2023-02-11 15:00:00,aqi,PIIANN,361.9999947838737,355.31366
2024-06-03 09:00:00,aqi,PIIANN,152.9999999766145,156.8155
2025-10-04 01:00:00,aqi,PIIANN,264.99999913612356,270.258
2021-01-05 07:00:00,aqi,PIIANN,257.0000000489409,253.85643
2024-10-03 14:00:00,aqi,PIIANN,195.9999999204205,195.07312
2024-04-07 04:00:00,aqi,PIIANN,79.00000095833005,76.65475
2022-11-05 05:00:00,aqi,PIIANN,147.99999980094088,143.58044
2021-10-09 17:00:00,aqi,PIIANN,68.99999463750686,63.90852
2021-02-09 18:00:00,aqi,PIIANN,79.00000095833005,71.41789
2021-02-04 16:00:00,aqi,PIIANN,150.9999987124499,147.42433
2022-05-01 10:00:00,aqi,PIIANN,347.00000321106654,352.9869
2025-11-06 22:00:00,aqi,PIIANN,229.00000025906363,238.03915
2025-12-06 10:00:00,aqi,PIIANN,185.99999994216543,184.9559
2022-07-11 07:00:00,aqi,PIIANN,352.9999950646087,348.45227
2025-08-04 01:00:00,aqi,PIIANN,252.9999975206116,245.17122
2024-12-01 23:00:00,aqi,PIIANN,347.999997873673,324.94873
2025-02-06 02:00:00,aqi,PIIANN,161.9999996958795,159.17029
2022-10-07 00:00:00,aqi,PIIANN,92.99999786853073,166.97002
2022-02-10 21:00:00,aqi,PIIANN,145.00000088943187,143.71956
2023-05-08 16:00:00,aqi,PIIANN,168.99999964334881,113.54869
2025-02-04 19:00:00,aqi,PIIANN,168.99999964334881,243.21748
2025-06-06 02:00:00,aqi,PIIANN,172.0000000472268,164.19537
2022-11-08 08:00:00,aqi,PIIANN,72.00000250322971,75.95318
2025-01-12 22:00:00,aqi,PIIANN,309.000003069842,301.9909
2023-12-09 15:00:00,aqi,PIIANN,81.99999688510111,85.0242
2023-08-10 06:00:00,aqi,PIIANN,154.00000060869684,158.9957
2023-08-09 17:00:00,aqi,PIIANN,85.00000475082396,86.77863
2025-02-05 02:00:00,aqi,PIIANN,185.99999994216543,176.75893
2021-10-08 16:00:00,aqi,PIIANN,54.99999772730618,59.619877
2025-09-11 21:00:00,aqi,PIIANN,369.0000051779258,366.53333
2025-04-12 07:00:00,aqi,PIIANN,168.99999964334881,327.38095
2024-10-04 10:00:00,aqi,PIIANN,152.9999999766145,159.34016
2023-07-04 23:00:00,aqi,PIIANN,180.99999976649178,185.62064
2025-10-09 08:00:00,aqi,PIIANN,70.9999959016715,67.68318
2023-01-11 16:00:00,aqi,PIIANN,360.00000545866084,352.2547
2024-04-07 22:00:00,aqi,PIIANN,52.0000018005351,48.651844
2022-07-04 07:00:00,aqi,PIIANN,313.0000055981713,308.22723
2023-07-07 07:00:00,aqi,PIIANN,45.99999800804119,51.39365
2025-09-03 23:00:00,aqi,PIIANN,239.00000061041092,236.66573
2024-06-12 04:00:00,aqi,PIIANN,178.9999999946961,177.86972
2023-10-12 07:00:00,aqi,PIIANN,309.99999773244843,308.99008
2021-11-06 17:00:00,aqi,PIIANN,121.99999829049031,125.98442
2024-01-11 14:00:00,aqi,PIIANN,360.00000545866084,355.38766
2024-08-04 22:00:00,aqi,PIIANN,147.99999980094088,140.36786
2023-03-03 07:00:00,aqi,PIIANN,181.99999965238962,181.9323
2022-06-02 00:00:00,aqi,PIIANN,208.99999955636903,222.21088
2021-08-05 00:00:00,aqi,PIIANN,127.00000145090189,61.52991
2024-02-08 17:00:00,aqi,PIIANN,67.99999997490043,65.26487
2022-12-10 11:00:00,aqi,PIIANN,107.0000007482073,105.41177
2023-12-09 22:00:00,aqi,PIIANN,85.00000475082396,71.81686
2021-04-03 19:00:00,aqi,PIIANN,272.9999982233062,261.04907
2025-07-02 12:00:00,aqi,PIIANN,168.00000050363548,175.11757
2024-07-03 07:00:00,aqi,PIIANN,164.00000096004413,172.81113
2024-03-11 03:00:00,aqi,PIIANN,360.00000545866084,363.86838
2024-09-01 13:00:00,aqi,PIIANN,394.0000030715561,394.85568
2025-06-04 04:00:00,aqi,PIIANN,195.9999999204205,197.44821
2024-11-02 17:00:00,aqi,PIIANN,208.99999955636903,218.45201
2024-09-08 20:00:00,aqi,PIIANN,49.00000587376405,46.5826
2022-01-07 05:00:00,aqi,PIIANN,67.00000531229401,69.17192
2022-08-03 04:00:00,aqi,PIIANN,272.9999982233062,272.66965
2024-04-07 05:00:00,aqi,PIIANN,79.00000095833005,75.53906
2023-12-09 21:00:00,aqi,PIIANN,85.00000475082396,80.88124
2022-11-09 03:00:00,aqi,PIIANN,103.99999885196034,99.522446
2023-11-06 17:00:00,aqi,PIIANN,123.99999955465495,119.47827
2022-09-02 16:00:00,aqi,PIIANN,236.99999934624628,237.64973
2021-08-04 14:00:00,aqi,PIIANN,193.00000007618087,186.49756
2024-04-05 12:00:00,aqi,PIIANN,252.0000028580052,245.09277
2023-01-10 19:00:00,aqi,PIIANN,136.00000117016688,134.91217
2023-06-10 13:00:00,aqi,PIIANN,195.00000003452266,193.8245
2021-01-06 06:00:00,aqi,PIIANN,130.99999800975527,123.3981
2025-06-12 21:00:00,aqi,PIIANN,327.00000250837195,327.79205
2023-01-11 13:00:00,aqi,PIIANN,360.00000545866084,358.3526
2024-02-09 01:00:00,aqi,PIIANN,88.00000067759503,83.310165
2023-08-04 16:00:00,aqi,PIIANN,190.9999999779295,193.67938
2022-03-02 21:00:00,aqi,PIIANN,322.99999998004273,310.36343
2022-08-04 09:00:00,aqi,PIIANN,244.99999843342894,249.50142
2025-03-06 22:00:00,aqi,PIIANN,158.00000015228818,167.38756
2024-06-10 07:00:00,aqi,PIIANN,145.00000088943187,143.31366
2021-10-10 18:00:00,aqi,PIIANN,203.00000024098205,207.14955
2024-06-11 10:00:00,aqi,PIIANN,268.0000010323705,324.49014
2022-08-10 06:00:00,aqi,PIIANN,38.000004890334424,38.342426
2021-10-10 03:00:00,aqi,PIIANN,215.00000036412501,212.72972
2021-10-09 22:00:00,aqi,PIIANN,83.00000348665932,161.79253
2022-05-10 01:00:00,aqi,PIIANN,133.99999990600224,153.38353
2023-03-08 05:00:00,aqi,PIIANN,76.00000503155898,72.71294
2021-07-08 23:00:00,aqi,PIIANN,94.99999913269536,103.51377
2024-09-07 17:00:00,aqi,PIIANN,90.00000194175966,87.70928
2025-06-09 16:00:00,aqi,PIIANN,70.9999959016715,65.55939
2022-10-07 19:00:00,aqi,PIIANN,68.99999463750686,68.52136
2021-05-10 19:00:00,aqi,PIIANN,118.00000173163693,124.12499
2023-05-04 11:00:00,aqi,PIIANN,154.00000060869684,148.6947
2023-11-06 06:00:00,aqi,PIIANN,138.00000243433152,128.24136
2024-04-09 03:00:00,aqi,PIIANN,79.00000095833005,80.34842
2023-04-02 20:00:00,aqi,PIIANN,225.0000007154723,221.95132
2024-10-11 23:00:00,aqi,PIIANN,334.0000009634723,283.63666
2022-05-06 18:00:00,aqi,PIIANN,168.99999964334881,132.38896
2025-03-08 10:00:00,aqi,PIIANN,61.999996182406505,63.23128
2022-11-10 11:00:00,aqi,PIIANN,34.00000236200515,35.90401
2021-04-03 14:00:00,aqi,PIIANN,261.9999972398766,251.30472
2023-02-10 03:00:00,aqi,PIIANN,138.99999709693793,131.59407
2025-06-09 15:00:00,aqi,PIIANN,70.00000123906507,67.39021
2024-01-12 05:00:00,aqi,PIIANN,323.9999946426491,325.3588
2024-06-07 12:00:00,aqi,PIIANN,56.00000432886438,56.08475
2024-05-06 18:00:00,aqi,PIIANN,242.9999971692643,244.86534
2021-06-02 01:00:00,aqi,PIIANN,150.9999987124499,150.34352
2022-03-08 19:00:00,aqi,PIIANN,119.00000236371925,120.156494
2025-06-06 00:00:00,aqi,PIIANN,175.00000045110477,128.88937
2023-10-12 09:00:00,aqi,PIIANN,309.99999773244843,308.31946
2025-10-04 09:00:00,aqi,PIIANN,261.00000257727015,262.48386
2024-12-09 19:00:00,aqi,PIIANN,41.99999547971191,50.2869
2024-03-10 17:00:00,aqi,PIIANN,159.00000078437049,151.68365
2022-05-08 11:00:00,aqi,PIIANN,88.00000067759503,93.13997
2022-09-05 10:00:00,aqi,PIIANN,164.00000096004413,162.49554
2021-09-05 07:00:00,aqi,PIIANN,97.00000039686,93.626656
2025-03-03 20:00:00,aqi,PIIANN,183.00000028447192,180.09268
2021-06-02 19:00:00,aqi,PIIANN,221.00000117188097,216.39034
2024-09-10 23:00:00,aqi,PIIANN,138.99999709693793,180.51865
2021-03-03 07:00:00,aqi,PIIANN,173.00000067930912,174.40022
2024-04-09 21:00:00,aqi,PIIANN,52.0000018005351,36.395573
2024-12-03 01:00:00,aqi,PIIANN,186.99999982806327,196.84515
2025-01-04 00:00:00,aqi,PIIANN,178.00000010879828,187.80661
2022-05-05 20:00:00,aqi,PIIANN,122.99999892257263,131.20236
2024-07-08 11:00:00,aqi,PIIANN,81.99999688510111,82.58675
2023-01-13 02:00:00,aqi,PIIANN,168.99999964334881,230.89047
2025-04-05 09:00:00,aqi,PIIANN,234.00000043473727,237.55273
2025-12-11 03:00:00,aqi,PIIANN,395.99999239676896,404.67075
2024-07-12 02:00:00,aqi,PIIANN,194.00000014862482,208.61995
2022-07-03 22:00:00,aqi,PIIANN,258.0000006810232,270.31766
2025-09-10 05:00:00,aqi,PIIANN,88.00000067759503,91.1871
2022-08-05 15:00:00,aqi,PIIANN,183.00000028447192,186.27998
2025-01-12 14:00:00,aqi,PIIANN,305.00000054151275,308.72223
2024-09-04 06:00:00,aqi,PIIANN,144.00000025734954,150.79953
2024-03-03 12:00:00,aqi,PIIANN,120.99999765840799,130.5889
2022-11-08 03:00:00,aqi,PIIANN,83.99999814926575,78.94579
2022-05-11 00:00:00,aqi,PIIANN,445.00000546037495,249.4767
2022-08-05 07:00:00,aqi,PIIANN,194.00000014862482,191.21208
2024-03-04 11:00:00,aqi,PIIANN,141.00000134584053,146.56519
2024-05-01 17:00:00,aqi,PIIANN,334.99999562607877,344.36118
2025-01-11 09:00:00,aqi,PIIANN,300.9999980131835,296.30362
2021-10-10 05:00:00,aqi,PIIANN,210.00000018845134,210.46965
2022-02-12 00:00:00,aqi,PIIANN,168.99999964334881,287.4855
2024-07-02 01:00:00,aqi,PIIANN,152.9999999766145,143.87737
2021-07-02 11:00:00,aqi,PIIANN,234.00000043473727,234.08388
2023-03-06 11:00:00,aqi,PIIANN,110.99999730706068,109.43333
2021-08-01 21:00:00,aqi,PIIANN,279.00000201580013,281.4372
2024-12-02 01:00:00,aqi,PIIANN,208.0000004166557,206.71445
2023-01-09 19:00:00,aqi,PIIANN,133.99999990600224,134.97725
2024-02-02 11:00:00,aqi,PIIANN,168.99999964334881,156.37143
2022-02-02 22:00:00,aqi,PIIANN,314.0000002607777,314.769
2023-07-04 06:00:00,aqi,PIIANN,161.9999996958795,164.44905
2022-03-10 23:00:00,aqi,PIIANN,113.99999920330764,136.47658
2024-09-05 09:00:00,aqi,PIIANN,160.00000141645282,161.27136
2024-07-13 01:00:00,aqi,PIIANN,168.99999964334881,208.26263
2021-11-01 11:00:00,aqi,PIIANN,281.9999979425712,278.09827
2021-07-10 20:00:00,aqi,PIIANN,129.99999737767297,138.05345
2023-01-06 07:00:00,aqi,PIIANN,92.99999786853073,88.96901
2022-05-06 02:00:00,aqi,PIIANN,168.99999964334881,154.90959
2021-12-07 03:00:00,aqi,PIIANN,98.00000102894232,95.496666
2024-09-07 19:00:00,aqi,PIIANN,90.00000194175966,89.95627
2022-04-07 13:00:00,aqi,PIIANN,85.00000475082396,91.05735
2021-05-02 00:00:00,aqi,PIIANN,260.0000019451878,250.17093
2021-02-06 03:00:00,aqi,PIIANN,72.00000250322971,75.54891
2023-08-08 19:00:00,aqi,PIIANN,110.00000264445426,109.90545
2024-09-08 13:00:00,aqi,PIIANN,45.99999800804119,40.054356
2022-05-06 00:00:00,aqi,PIIANN,168.99999964334881,135.41101
2021-10-06 04:00:00,aqi,PIIANN,235.0000010668196,234.04808
2021-01-11 11:00:00,aqi,PIIANN,252.9999975206116,255.42848
2024-11-10 04:00:00,aqi,PIIANN,152.9999999766145,150.95213
2022-04-12 11:00:00,aqi,PIIANN,168.99999964334881,250.03891
2023-05-12 16:00:00,aqi,PIIANN,309.99999773244843,317.12787
2023-07-03 11:00:00,aqi,PIIANN,163.00000032796183,172.55621
2025-09-09 18:00:00,aqi,PIIANN,101.00000292518928,101.966
2024-12-04 07:00:00,aqi,PIIANN,164.9999986073885,167.31761
2024-07-05 05:00:00,aqi,PIIANN,226.999998994899,226.84407
2021-07-06 04:00:00,aqi,PIIANN,119.00000236371925,115.624435
2021-12-09 13:00:00,aqi,PIIANN,70.00000123906507,65.853325
2022-02-04 17:00:00,aqi,PIIANN,237.99999997832862,227.82417
2023-12-04 16:00:00,aqi,PIIANN,206.00000064486002,209.43427
2023-12-07 03:00:00,aqi,PIIANN,76.00000503155898,71.178
2025-06-11 02:00:00,aqi,PIIANN,263.99999850404123,269.57202
2022-02-11 16:00:00,aqi,PIIANN,374.0000023688615,370.59686
2022-09-03 13:00:00,aqi,PIIANN,160.00000141645282,159.15671
2023-03-11 06:00:00,aqi,PIIANN,467.9999901508888,449.53296
2024-03-08 11:00:00,aqi,PIIANN,70.00000123906507,65.72289
2021-09-07 20:00:00,aqi,PIIANN,126.00000081881959,121.394325
2024-02-13 00:00:00,aqi,PIIANN,168.99999964334881,344.91678
2023-02-09 07:00:00,aqi,PIIANN,141.00000134584053,140.85603
2024-05-03 03:00:00,aqi,PIIANN,150.9999987124499,153.45256
2025-07-12 08:00:00,aqi,PIIANN,316.9999961875488,314.52875
2025-04-12 00:00:00,aqi,PIIANN,334.99999562607877,297.67648
2021-06-12 22:00:00,aqi,PIIANN,305.00000054151275,305.67197
2024-09-07 18:00:00,aqi,PIIANN,90.00000194175966,89.10855
2022-10-12 11:00:00,aqi,PIIANN,168.99999964334881,240.39862
2024-11-12 21:00:00,aqi,PIIANN,240.00000124249325,234.35648
2023-10-01 08:00:00,aqi,PIIANN,481.0000043374348,483.80954
2023-01-04 00:00:00,aqi,PIIANN,67.00000531229401,223.20633
2022-03-10 11:00:00,aqi,PIIANN,111.999997939143,109.54115
2024-02-08 19:00:00,aqi,PIIANN,67.99999997490043,64.9928
2021-08-11 14:00:00,aqi,PIIANN,369.99999984053227,372.06073
2023-01-03 15:00:00,aqi,PIIANN,172.0000000472268,177.52634
2024-09-04 15:00:00,aqi,PIIANN,144.00000025734954,148.67238
2024-04-10 14:00:00,aqi,PIIANN,186.99999982806327,185.24864
2025-01-05 12:00:00,aqi,PIIANN,186.99999982806327,189.24425
2022-05-05 11:00:00,aqi,PIIANN,142.9999996252672,146.02666
2021-12-07 21:00:00,aqi,PIIANN,85.00000475082396,92.52973
2025-05-09 03:00:00,aqi,PIIANN,54.99999772730618,53.502644
2025-08-04 16:00:00,aqi,PIIANN,246.99999969759358,240.51662
2024-11-02 19:00:00,aqi,PIIANN,208.99999955636903,219.07166
2024-01-08 20:00:00,aqi,PIIANN,54.99999772730618,56.754154
2021-05-12 07:00:00,aqi,PIIANN,276.0000001195532,269.13678
2025-12-10 00:00:00,aqi,PIIANN,168.99999964334881,188.69945
2023-06-07 20:00:00,aqi,PIIANN,50.000000536370464,55.553364
2021-04-10 13:00:00,aqi,PIIANN,168.99999964334881,112.71325
2022-09-02 10:00:00,aqi,PIIANN,277.00000075163547,281.5367
2022-02-04 04:00:00,aqi,PIIANN,229.00000025906363,224.12593
2024-09-12 20:00:00,aqi,PIIANN,164.9999986073885,180.06435
2024-03-10 01:00:00,aqi,PIIANN,163.00000032796183,154.97878
2024-12-08 19:00:00,aqi,PIIANN,47.99999927220583,50.254704
2021-08-11 07:00:00,aqi,PIIANN,363.9999960480383,360.8845
2025-12-04 04:00:00,aqi,PIIANN,142.9999996252672,140.96968
2021-05-04 03:00:00,aqi,PIIANN,145.00000088943187,142.3379
2022-12-08 14:00:00,aqi,PIIANN,59.000000255635456,59.347645
2022-01-05 03:00:00,aqi,PIIANN,237.99999997832862,230.80963
2021-12-06 04:00:00,aqi,PIIANN,144.00000025734954,137.99652
2025-09-10 03:00:00,aqi,PIIANN,85.00000475082396,85.93142
2025-08-07 06:00:00,aqi,PIIANN,72.99999716583613,71.69006
2025-04-09 09:00:00,aqi,PIIANN,47.99999927220583,50.3454
2022-01-07 14:00:00,aqi,PIIANN,56.00000432886438,46.114094
2022-12-05 06:00:00,aqi,PIIANN,155.00000124077917,149.10849
2023-06-07 22:00:00,aqi,PIIANN,50.000000536370464,49.214283
2021-09-10 19:00:00,aqi,PIIANN,194.00000014862482,192.08691
2022-07-05 07:00:00,aqi,PIIANN,202.0000003550842,197.63387
2023-11-09 22:00:00,aqi,PIIANN,56.99999899147082,44.30631
2022-12-07 19:00:00,aqi,PIIANN,90.00000194175966,84.262314
2025-01-03 19:00:00,aqi,PIIANN,128.00000208298422,124.53187
2024-05-07 13:00:00,aqi,PIIANN,77.99999435677184,71.21794
2024-05-02 10:00:00,aqi,PIIANN,138.99999709693793,139.05019
2023-12-10 10:00:00,aqi,PIIANN,178.9999999946961,183.994
2025-09-08 10:00:00,aqi,PIIANN,101.9999975877957,104.08366
2025-12-09 21:00:00,aqi,PIIANN,99.00000166102464,91.61309
2024-07-11 19:00:00,aqi,PIIANN,374.99999703146796,372.10962
2021-02-10 18:00:00,aqi,PIIANN,102.99999821987802,96.54416
2022-04-04 03:00:00,aqi,PIIANN,243.99999780134664,248.09103
2021-12-05 03:00:00,aqi,PIIANN,121.99999829049031,126.705864
2025-12-04 21:00:00,aqi,PIIANN,103.99999885196034,124.93615
2022-05-09 04:00:00,aqi,PIIANN,85.99999941343039,82.94207
2023-07-06 15:00:00,aqi,PIIANN,267.0000004002882,247.72183
2024-06-04 08:00:00,aqi,PIIANN,155.9999988881235,158.4348
2025-04-09 00:00:00,aqi,PIIANN,47.000004609599415,125.27689
2023-08-08 20:00:00,aqi,PIIANN,110.99999730706068,112.33436
2023-09-03 21:00:00,aqi,PIIANN,118.00000173163693,125.47445
2023-10-12 14:00:00,aqi,PIIANN,311.99999899661304,311.60016
2025-03-06 16:00:00,aqi,PIIANN,170.9999994151445,167.32857
2022-02-10 02:00:00,aqi,PIIANN,172.50000036326796,168.45518
2022-12-06 21:00:00,aqi,PIIANN,218.99999990771633,232.1337
2025-03-05 08:00:00,aqi,PIIANN,168.99999964334881,163.67975
2025-12-06 16:00:00,aqi,PIIANN,189.9999999987586,188.8132
2023-06-05 11:00:00,aqi,PIIANN,168.99999964334881,236.21007
2023-07-05 18:00:00,aqi,PIIANN,158.00000015228818,154.2828
2022-10-01 18:00:00,aqi,PIIANN,150.0000010651055,146.99632
2022-05-03 00:00:00,aqi,PIIANN,144.00000025734954,217.97061
2025-09-10 17:00:00,aqi,PIIANN,101.00000292518928,99.2499
2021-12-05 11:00:00,aqi,PIIANN,100.00000229310696,111.02363
2021-11-03 14:00:00,aqi,PIIANN,269.00000166445284,265.11884
2025-12-10 01:00:00,aqi,PIIANN,194.00000014862482,131.59004
2025-01-10 15:00:00,aqi,PIIANN,67.99999997490043,64.00822
2023-10-12 02:00:00,aqi,PIIANN,311.99999899661304,318.08517
2021-09-12 05:00:00,aqi,PIIANN,242.9999971692643,242.76505
2021-02-10 21:00:00,aqi,PIIANN,103.99999885196034,109.682785
2024-04-10 02:00:00,aqi,PIIANN,172.0000000472268,168.54095
2023-05-09 11:00:00,aqi,PIIANN,110.00000264445426,115.43006
2024-02-04 04:00:00,aqi,PIIANN,118.00000173163693,118.3306
2024-01-10 09:00:00,aqi,PIIANN,128.00000208298422,127.53998
2021-02-03 14:00:00,aqi,PIIANN,164.9999986073885,154.5765
2025-08-03 01:00:00,aqi,PIIANN,208.99999955636903,219.95088
2024-01-05 17:00:00,aqi,PIIANN,177.00000022290044,169.09879
2024-03-08 21:00:00,aqi,PIIANN,74.99999843000077,70.62513
2023-08-11 16:00:00,aqi,PIIANN,406.00001065654396,409.21298
2024-03-06 11:00:00,aqi,PIIANN,137.0000018022492,128.52673
2023-07-02 13:00:00,aqi,PIIANN,284.99999983881816,280.24155
2022-01-05 15:00:00,aqi,PIIANN,239.00000061041092,236.74687
2025-05-13 02:00:00,aqi,PIIANN,168.99999964334881,218.7256
2025-01-01 09:00:00,aqi,PIIANN,376.99999829563257,379.87735
2022-05-12 16:00:00,aqi,PIIANN,168.99999964334881,217.64783
2022-07-06 01:00:00,aqi,PIIANN,168.99999964334881,145.49075
2022-09-10 22:00:00,aqi,PIIANN,32.99999576044695,32.281834
2023-02-02 00:00:00,aqi,PIIANN,175.99999959081813,288.04236
2021-04-02 07:00:00,aqi,PIIANN,318.9999974517134,315.4518
2023-07-01 09:00:00,aqi,PIIANN,419.00000096518636,421.6362
2023-07-12 13:00:00,aqi,PIIANN,286.00000047090043,290.00656
2024-08-08 14:00:00,aqi,PIIANN,52.99999646314154,52.346134
2021-10-09 15:00:00,aqi,PIIANN,68.99999463750686,65.253426
2022-06-05 06:00:00,aqi,PIIANN,208.0000004166557,198.26576
2025-06-04 08:00:00,aqi,PIIANN,215.00000036412501,215.97905
2023-04-05 23:00:00,aqi,PIIANN,112.99999857122532,100.564804
2022-02-10 22:00:00,aqi,PIIANN,142.9999996252672,132.7245
2024-06-03 19:00:00,aqi,PIIANN,154.00000060869684,153.981
2022-02-09 07:00:00,aqi,PIIANN,100.00000229310696,97.9185
2023-09-11 19:00:00,aqi,PIIANN,427.9999887454996,423.90414
2021-10-11 18:00:00,aqi,PIIANN,356.999997592938,358.00854
2021-07-09 14:00:00,aqi,PIIANN,65.00000404812937,71.69368
2021-04-04 15:00:00,aqi,PIIANN,158.00000015228818,166.65285
2024-04-12 19:00:00,aqi,PIIANN,183.00000028447192,194.17894
2022-08-04 20:00:00,aqi,PIIANN,252.9999975206116,255.73657
2023-08-10 16:00:00,aqi,PIIANN,142.9999996252672,139.90813
2025-09-04 03:00:00,aqi,PIIANN,261.00000257727015,267.3031
2021-08-01 13:00:00,aqi,PIIANN,245.99999906551128,245.0022
2022-09-04 07:00:00,aqi,PIIANN,261.00000257727015,258.5044
2023-05-07 16:00:00,aqi,PIIANN,99.00000166102464,91.560165
2023-05-07 10:00:00,aqi,PIIANN,103.99999885196034,104.45975
2024-01-08 18:00:00,aqi,PIIANN,54.99999772730618,51.60506
2021-10-03 07:00:00,aqi,PIIANN,259.00000131310554,253.95224
2024-09-02 01:00:00,aqi,PIIANN,137.0000018022492,135.31042
2022-02-12 14:00:00,aqi,PIIANN,168.99999964334881,212.90607
2023-03-06 09:00:00,aqi,PIIANN,109.00000201237194,111.32201
2023-08-08 02:00:00,aqi,PIIANN,168.99999964334881,106.13751
2021-11-02 13:00:00,aqi,PIIANN,309.000003069842,296.44916
2024-09-07 09:00:00,aqi,PIIANN,76.99999969416541,78.36601
2025-07-06 20:00:00,aqi,PIIANN,185.0000000562676,185.20882
2022-05-08 02:00:00,aqi,PIIANN,98.00000102894232,98.143036
2025-01-07 15:00:00,aqi,PIIANN,67.00000531229401,63.734814
2023-07-09 16:00:00,aqi,PIIANN,97.00000039686,80.677155
2022-07-09 09:00:00,aqi,PIIANN,109.00000201237194,112.6066
2021-04-04 06:00:00,aqi,PIIANN,160.9999990637972,156.63916
2021-04-09 00:00:00,aqi,PIIANN,65.00000404812937,76.80051
2025-12-10 11:00:00,aqi,PIIANN,185.99999994216543,187.1335
2025-12-08 03:00:00,aqi,PIIANN,108.00000138028962,103.45594
2021-02-09 09:00:00,aqi,PIIANN,76.00000503155898,74.32962
2024-06-08 08:00:00,aqi,PIIANN,54.99999772730618,56.361195
2022-10-02 11:00:00,aqi,PIIANN,133.99999990600224,133.92606
2022-02-02 07:00:00,aqi,PIIANN,352.9999950646087,354.23935
2024-06-12 08:00:00,aqi,PIIANN,178.00000010879828,179.12402
2024-11-06 17:00:00,aqi,PIIANN,211.999999960247,206.54591
2021-02-05 11:00:00,aqi,PIIANN,160.00000141645282,167.42543
2021-05-02 01:00:00,aqi,PIIANN,249.00000096175822,247.19623
2024-07-04 13:00:00,aqi,PIIANN,155.00000124077917,159.44452
2024-02-07 11:00:00,aqi,PIIANN,128.00000208298422,128.19061
2025-10-05 09:00:00,aqi,PIIANN,185.99999994216543,193.94879
2024-12-05 03:00:00,aqi,PIIANN,203.99999938069539,197.8456
2022-07-03 07:00:00,aqi,PIIANN,217.99999927563402,220.24683
2025-06-06 23:00:00,aqi,PIIANN,166.99999987155314,169.48499
2022-02-03 20:00:00,aqi,PIIANN,168.99999964334881,285.20898
2023-03-08 20:00:00,aqi,PIIANN,77.99999435677184,79.51932
2022-01-05 06:00:00,aqi,PIIANN,248.0000003296759,249.11342
2025-01-07 05:00:00,aqi,PIIANN,65.00000404812937,71.16098
2025-01-08 21:00:00,aqi,PIIANN,47.99999927220583,43.883854
2023-08-01 22:00:00,aqi,PIIANN,394.0000030715561,388.07147
2025-07-04 14:00:00,aqi,PIIANN,253.99999815269393,259.05762
2025-04-11 02:00:00,aqi,PIIANN,298.0000020864124,297.05502
2025-03-03 21:00:00,aqi,PIIANN,184.00000017036976,179.2041
2021-11-09 03:00:00,aqi,PIIANN,98.00000102894232,87.1916
2022-04-06 02:00:00,aqi,PIIANN,230.00000089114593,239.3495
2021-05-03 00:00:00,aqi,PIIANN,286.00000047090043,218.57909
2023-08-05 07:00:00,aqi,PIIANN,136.00000117016688,126.95862
2021-03-08 15:00:00,aqi,PIIANN,63.99999744657116,61.20653
2023-06-04 13:00:00,aqi,PIIANN,168.99999964334881,168.13696
2021-07-09 06:00:00,aqi,PIIANN,168.99999964334881,108.09142
2021-03-09 09:00:00,aqi,PIIANN,81.99999688510111,78.48329
2022-04-08 02:00:00,aqi,PIIANN,109.00000201237194,103.440575
2021-08-12 22:00:00,aqi,PIIANN,240.00000124249325,241.07793
2024-06-07 14:00:00,aqi,PIIANN,56.00000432886438,59.834904
2021-04-09 19:00:00,aqi,PIIANN,61.999996182406505,59.586246
2023-11-11 21:00:00,aqi,PIIANN,221.00000117188097,221.2656
2024-09-07 04:00:00,aqi,PIIANN,65.00000404812937,68.236565
2024-04-12 20:00:00,aqi,PIIANN,180.99999976649178,194.52582
2025-01-06 21:00:00,aqi,PIIANN,185.99999994216543,179.43828
2024-10-01 16:00:00,aqi,PIIANN,298.0000020864124,307.67264
2022-08-11 21:00:00,aqi,PIIANN,387.0000046164557,373.95847
2024-02-05 01:00:00,aqi,PIIANN,160.00000141645282,174.22758
2022-03-01 19:00:00,aqi,PIIANN,363.0000013854319,356.0383
2025-11-05 22:00:00,aqi,PIIANN,168.00000050363548,182.95244
2023-06-12 03:00:00,aqi,PIIANN,298.0000020864124,293.6048
2022-06-09 13:00:00,aqi,PIIANN,113.99999920330764,113.3749
2025-05-03 15:00:00,aqi,PIIANN,133.99999990600224,134.4944
2023-04-12 03:00:00,aqi,PIIANN,325.99999590681375,317.8218
2024-02-10 15:00:00,aqi,PIIANN,155.9999988881235,152.2535
2022-06-03 10:00:00,aqi,PIIANN,150.9999987124499,165.28845
2021-08-04 18:00:00,aqi,PIIANN,166.0000007318398,166.5451
2024-04-10 23:00:00,aqi,PIIANN,173.00000067930912,190.3249
2023-11-07 04:00:00,aqi,PIIANN,61.999996182406505,63.40801
2021-03-02 07:00:00,aqi,PIIANN,336.9999968902434,336.15976
2022-04-03 15:00:00,aqi,PIIANN,180.99999976649178,192.62767
2021-09-12 09:00:00,aqi,PIIANN,246.99999969759358,247.07544
2025-01-11 22:00:00,aqi,PIIANN,376.99999829563257,386.96585
2022-01-11 18:00:00,aqi,PIIANN,403.9999974534275,399.1854
2024-08-04 03:00:00,aqi,PIIANN,147.99999980094088,148.70226
2021-12-04 16:00:00,aqi,PIIANN,244.99999843342894,220.13237
2024-03-10 22:00:00,aqi,PIIANN,166.99999987155314,152.83939
2024-01-02 14:00:00,aqi,PIIANN,155.00000124077917,172.00406
2021-09-13 01:00:00,aqi,PIIANN,168.99999964334881,199.73885
2022-07-03 11:00:00,aqi,PIIANN,220.00000053979863,219.35274
2024-09-11 18:00:00,aqi,PIIANN,358.0000041944962,360.96463
2022-04-09 07:00:00,aqi,PIIANN,98.00000102894232,91.58633
2025-05-04 22:00:00,aqi,PIIANN,170.00000027543112,166.94472
2025-05-04 00:00:00,aqi,PIIANN,210.9999993281647,159.71574
2021-08-02 07:00:00,aqi,PIIANN,291.99999829391845,289.32263
2025-03-04 12:00:00,aqi,PIIANN,253.99999815269393,255.1444
2023-04-10 09:00:00,aqi,PIIANN,155.9999988881235,160.76656
2024-02-08 07:00:00,aqi,PIIANN,76.00000503155898,79.864746
2022-04-08 03:00:00,aqi,PIIANN,108.00000138028962,101.41217
2021-02-02 07:00:00,aqi,PIIANN,311.99999899661304,302.2106
2025-08-05 12:00:00,aqi,PIIANN,185.0000000562676,185.96109
2021-01-05 16:00:00,aqi,PIIANN,252.0000028580052,250.49731
2023-02-08 14:00:00,aqi,PIIANN,85.99999941343039,78.46264
2021-09-10 18:00:00,aqi,PIIANN,184.00000017036976,189.94319
2023-11-01 17:00:00,aqi,PIIANN,329.999998435143,330.56772
2022-12-04 04:00:00,aqi,PIIANN,257.0000000489409,259.2282
2025-10-05 20:00:00,aqi,PIIANN,203.00000024098205,201.34856
2024-10-10 10:00:00,aqi,PIIANN,141.00000134584053,144.09091
2024-11-03 20:00:00,aqi,PIIANN,199.99999983710404,211.87042
2022-02-10 13:00:00,aqi,PIIANN,154.00000060869684,150.95271
2022-05-04 01:00:00,aqi,PIIANN,284.99999983881816,285.72955
2022-12-12 04:00:00,aqi,PIIANN,168.99999964334881,156.87924
2025-12-05 03:00:00,aqi,PIIANN,141.00000134584053,132.79787
2023-11-08 10:00:00,aqi,PIIANN,123.99999955465495,123.56226
2022-02-05 10:00:00,aqi,PIIANN,168.99999964334881,172.18188
2022-09-05 06:00:00,aqi,PIIANN,164.00000096004413,163.42598
2024-08-02 21:00:00,aqi,PIIANN,136.00000117016688,142.18932
2021-11-04 03:00:00,aqi,PIIANN,168.99999964334881,169.72467
2025-03-11 20:00:00,aqi,PIIANN,296.9999954848542,303.19348
2025-04-11 12:00:00,aqi,PIIANN,296.9999954848542,302.16037
2021-03-11 10:00:00,aqi,PIIANN,293.0000048954767,293.91486
2025-05-06 08:00:00,aqi,PIIANN,154.00000060869684,150.52856
2024-06-12 13:00:00,aqi,PIIANN,178.9999999946961,173.47156
2024-05-02 06:00:00,aqi,PIIANN,138.99999709693793,141.89981
2024-08-07 05:00:00,aqi,PIIANN,56.00000432886438,61.672153
2025-06-01 10:00:00,aqi,PIIANN,365.99999731220294,362.83768
2021-09-03 10:00:00,aqi,PIIANN,323.9999946426491,318.88263
2024-08-07 07:00:00,aqi,PIIANN,56.00000432886438,58.18613
2024-03-06 05:00:00,aqi,PIIANN,133.99999990600224,131.71947
2022-12-02 02:00:00,aqi,PIIANN,177.00000022290044,172.42856
2025-10-11 01:00:00,aqi,PIIANN,361.9999947838737,352.73035
2023-09-09 09:00:00,aqi,PIIANN,47.99999927220583,48.091434
2024-02-01 14:00:00,aqi,PIIANN,369.99999984053227,370.46545
2025-01-04 14:00:00,aqi,PIIANN,137.0000018022492,139.97002
2023-03-09 17:00:00,aqi,PIIANN,133.99999990600224,129.98566
2023-09-12 05:00:00,aqi,PIIANN,288.0000017350651,288.69473
2021-07-10 13:00:00,aqi,PIIANN,117.00000109955461,118.52716
2025-12-02 16:00:00,aqi,PIIANN,227.99999962698132,227.31842
2023-06-09 15:00:00,aqi,PIIANN,114.99999983538996,112.67328
2025-06-12 00:00:00,aqi,PIIANN,340.0000047559662,273.80533
2021-01-02 08:00:00,aqi,PIIANN,305.99999520411916,306.0562
2025-12-10 21:00:00,aqi,PIIANN,193.00000007618087,185.19801
2023-03-03 22:00:00,aqi,PIIANN,144.00000025734954,161.34114
2022-08-04 19:00:00,aqi,PIIANN,248.0000003296759,260.8601
2021-01-06 03:00:00,aqi,PIIANN,135.00000053808458,135.02016
2023-06-04 08:00:00,aqi,PIIANN,177.00000022290044,171.88818
2024-07-05 00:00:00,aqi,PIIANN,216.00000099620732,234.50952
2023-10-03 20:00:00,aqi,PIIANN,170.00000027543112,174.15051
2021-02-09 10:00:00,aqi,PIIANN,76.00000503155898,68.92997
2021-07-08 21:00:00,aqi,PIIANN,99.00000166102464,103.40521
2025-06-03 00:00:00,aqi,PIIANN,137.0000018022492,199.51804
2024-09-01 20:00:00,aqi,PIIANN,354.0000016661669,354.17328
2024-02-05 23:00:00,aqi,PIIANN,178.00000010879828,177.81033
2023-10-03 04:00:00,aqi,PIIANN,129.99999737767297,130.77933
2023-01-11 06:00:00,aqi,PIIANN,363.9999960480383,360.59845
2024-01-08 08:00:00,aqi,PIIANN,52.0000018005351,52.58646
2022-11-11 07:00:00,aqi,PIIANN,331.0000050367013,324.90875
2022-09-10 16:00:00,aqi,PIIANN,32.00000109784051,28.515766
2024-07-10 09:00:00,aqi,PIIANN,141.00000134584053,139.68901
2022-02-05 17:00:00,aqi,PIIANN,168.99999964334881,162.25912
2024-01-05 16:00:00,aqi,PIIANN,175.99999959081813,170.89742
2023-12-09 17:00:00,aqi,PIIANN,85.99999941343039,75.049614
2024-07-08 19:00:00,aqi,PIIANN,59.000000255635456,59.86423
2024-10-05 14:00:00,aqi,PIIANN,152.9999999766145,154.32372
2025-06-11 22:00:00,aqi,PIIANN,340.0000047559662,340.65503
2024-05-01 19:00:00,aqi,PIIANN,334.99999562607877,341.4216
2022-02-10 06:00:00,aqi,PIIANN,168.99999964334881,168.57785
2025-09-13 02:00:00,aqi,PIIANN,168.99999964334881,192.80896
2025-08-07 00:00:00,aqi,PIIANN,58.000005593029016,120.67969
2025-11-09 18:00:00,aqi,PIIANN,83.99999814926575,84.54725
2023-03-07 13:00:00,aqi,PIIANN,103.99999885196034,96.32558
2021-11-03 00:00:00,aqi,PIIANN,184.00000017036976,239.74075
2021-01-10 09:00:00,aqi,PIIANN,126.00000081881959,121.98825
2024-02-01 15:00:00,aqi,PIIANN,367.9999985763676,370.39023
2021-07-02 04:00:00,aqi,PIIANN,222.99999945130764,214.50641
2024-04-02 08:00:00,aqi,PIIANN,175.00000045110477,174.45096
2021-01-09 20:00:00,aqi,PIIANN,76.99999969416541,66.59551
2025-02-03 22:00:00,aqi,PIIANN,142.9999996252672,135.72305
2022-10-08 21:00:00,aqi,PIIANN,99.00000166102464,99.89713
2025-02-10 20:00:00,aqi,PIIANN,110.00000264445426,110.150764
2022-02-02 08:00:00,aqi,PIIANN,352.00000040200223,353.0287
2021-05-02 14:00:00,aqi,PIIANN,119.00000236371925,141.30258
2025-08-03 02:00:00,aqi,PIIANN,210.9999993281647,214.14899
2025-10-09 04:00:00,aqi,PIIANN,74.99999843000077,75.47485
2023-02-12 17:00:00,aqi,PIIANN,372.9999957673033,374.31055
2022-12-01 13:00:00,aqi,PIIANN,160.00000141645282,158.96216
2021-12-05 09:00:00,aqi,PIIANN,97.00000039686,93.35681
2025-10-12 11:00:00,aqi,PIIANN,284.99999983881816,289.8986
2023-02-03 22:00:00,aqi,PIIANN,216.9999986435517,226.18051
2021-07-11 18:00:00,aqi,PIIANN,406.00001065654396,396.96738
2022-04-12 05:00:00,aqi,PIIANN,168.99999964334881,238.69507
2022-02-01 17:00:00,aqi,PIIANN,387.9999992790622,384.68304
2023-01-08 13:00:00,aqi,PIIANN,81.00000222249469,78.6093
2022-01-05 14:00:00,aqi,PIIANN,237.99999997832862,234.59924
2022-11-07 02:00:00,aqi,PIIANN,81.99999688510111,86.8211
2022-11-05 17:00:00,aqi,PIIANN,145.99999853677622,146.1452
2023-05-01 19:00:00,aqi,PIIANN,352.9999950646087,349.25287
2024-06-05 17:00:00,aqi,PIIANN,208.99999955636903,214.48962
2023-02-03 06:00:00,aqi,PIIANN,206.99999978457336,195.22829
2024-07-06 03:00:00,aqi,PIIANN,198.0000000653084,204.72646
2025-06-01 19:00:00,aqi,PIIANN,352.9999950646087,354.90002
2024-09-11 14:00:00,aqi,PIIANN,360.00000545866084,352.57303
2021-05-01 19:00:00,aqi,PIIANN,129.99999737767297,144.21216
2025-01-10 09:00:00,aqi,PIIANN,63.00000278396473,67.421135
2024-04-12 17:00:00,aqi,PIIANN,193.00000007618087,199.39029
2022-09-06 17:00:00,aqi,PIIANN,90.00000194175966,98.632385
2021-08-02 06:00:00,aqi,PIIANN,289.99999702975384,284.03763
2023-04-08 09:00:00,aqi,PIIANN,86.99999407603681,85.96592
2024-10-09 17:00:00,aqi,PIIANN,101.00000292518928,101.73365
2024-10-06 04:00:00,aqi,PIIANN,166.0000007318398,167.78786
2023-05-04 09:00:00,aqi,PIIANN,141.00000134584053,138.34375
2025-09-08 19:00:00,aqi,PIIANN,67.99999997490043,74.085724
2023-07-12 01:00:00,aqi,PIIANN,286.00000047090043,290.54315
2023-11-03 16:00:00,aqi,PIIANN,194.00000014862482,193.70355
2022-02-12 16:00:00,aqi,PIIANN,168.99999964334881,205.30133
2023-02-09 15:00:00,aqi,PIIANN,139.99999772902027,136.7687
2023-08-06 03:00:00,aqi,PIIANN,217.99999927563402,212.5011
2022-09-03 12:00:00,aqi,PIIANN,161.9999996958795,162.98813
2025-08-05 14:00:00,aqi,PIIANN,184.00000017036976,183.42601
2023-10-04 00:00:00,aqi,PIIANN,193.00000007618087,152.79073
2022-04-09 17:00:00,aqi,PIIANN,90.00000194175966,85.727
2024-10-12 08:00:00,aqi,PIIANN,245.99999906551128,239.86688
2024-01-12 19:00:00,aqi,PIIANN,298.0000020864124,299.78574
2025-06-02 23:00:00,aqi,PIIANN,224.00000008338998,218.26114
2021-08-06 07:00:00,aqi,PIIANN,150.9999987124499,150.40031
2023-01-05 11:00:00,aqi,PIIANN,90.00000194175966,91.29395
2024-07-05 19:00:00,aqi,PIIANN,272.9999982233062,258.16098
2024-02-03 19:00:00,aqi,PIIANN,135.00000053808458,123.40911
2021-12-11 09:00:00,aqi,PIIANN,431.00000855017424,435.37006
2024-12-06 21:00:00,aqi,PIIANN,203.99999938069539,205.79485
2024-07-10 06:00:00,aqi,PIIANN,127.00000145090189,128.88593
2023-07-06 18:00:00,aqi,PIIANN,248.0000003296759,249.01286
2024-03-12 04:00:00,aqi,PIIANN,309.99999773244843,307.76416
2024-03-09 15:00:00,aqi,PIIANN,81.99999688510111,79.23146
2023-11-12 05:00:00,aqi,PIIANN,327.9999971709784,334.06927
2022-11-02 18:00:00,aqi,PIIANN,163.00000032796183,163.07646
2023-05-07 07:00:00,aqi,PIIANN,108.00000138028962,108.74076
2025-01-12 12:00:00,aqi,PIIANN,309.99999773244843,317.55063
2022-07-04 19:00:00,aqi,PIIANN,263.99999850404123,258.75922
2021-09-05 04:00:00,aqi,PIIANN,99.00000166102464,101.5525
2025-10-10 13:00:00,aqi,PIIANN,147.99999980094088,145.68933
2023-07-07 06:00:00,aqi,PIIANN,47.000004609599415,55.273365
2023-11-04 08:00:00,aqi,PIIANN,210.9999993281647,214.43489
2025-06-06 04:00:00,aqi,PIIANN,172.0000000472268,167.75117
2024-03-11 20:00:00,aqi,PIIANN,376.99999829563257,366.64807
2023-07-09 21:00:00,aqi,PIIANN,91.00000257384198,94.75772
2021-08-05 02:00:00,aqi,PIIANN,108.00000138028962,115.94525
2021-04-04 23:00:00,aqi,PIIANN,149.0000004330232,146.94983
2021-02-12 07:00:00,aqi,PIIANN,383.9999967507329,378.86594
2025-02-04 11:00:00,aqi,PIIANN,241.00000187457556,240.57207
2022-11-08 15:00:00,aqi,PIIANN,61.000001519800094,56.070576
2023-03-02 22:00:00,aqi,PIIANN,189.9999999987586,187.08028
2025-04-11 11:00:00,aqi,PIIANN,298.9999967490188,300.982
2025-12-02 08:00:00,aqi,PIIANN,273.9999988553885,279.3389
2024-07-08 23:00:00,aqi,PIIANN,58.000005593029016,94.77381
2021-02-02 02:00:00,aqi,PIIANN,323.9999946426491,330.20856
2024-11-11 12:00:00,aqi,PIIANN,336.00000222763697,335.11908
2022-07-03 15:00:00,aqi,PIIANN,243.99999780134664,242.33723
2025-06-04 22:00:00,aqi,PIIANN,216.9999986435517,218.64062
2025-05-06 07:00:00,aqi,PIIANN,152.9999999766145,151.42912
2021-09-07 15:00:00,aqi,PIIANN,133.99999990600224,126.02538
2024-11-10 17:00:00,aqi,PIIANN,147.99999980094088,141.43707
2024-09-07 03:00:00,aqi,PIIANN,63.00000278396473,64.54694
2025-05-11 07:00:00,aqi,PIIANN,261.00000257727015,259.66284
2023-07-05 10:00:00,aqi,PIIANN,145.99999853677622,153.26999
2024-02-09 05:00:00,aqi,PIIANN,81.99999688510111,78.35126
2025-12-11 19:00:00,aqi,PIIANN,414.99999843685714,400.52475
2024-08-10 05:00:00,aqi,PIIANN,150.0000010651055,148.77888
2022-06-06 03:00:00,aqi,PIIANN,168.99999964334881,135.61758
2021-01-02 19:00:00,aqi,PIIANN,322.99999998004273,314.72845
2023-02-01 08:00:00,aqi,PIIANN,264.99999913612356,263.7696
2023-10-10 21:00:00,aqi,PIIANN,163.00000032796183,159.4757
2023-03-07 12:00:00,aqi,PIIANN,100.00000229310696,90.705734
2025-11-12 04:00:00,aqi,PIIANN,284.99999983881816,281.59653
2021-10-08 17:00:00,aqi,PIIANN,54.00000306469974,56.980488
2022-11-03 18:00:00,aqi,PIIANN,163.00000032796183,164.41098
2021-04-05 02:00:00,aqi,PIIANN,200.99999972300188,202.11916
2021-01-10 08:00:00,aqi,PIIANN,125.00000018673727,118.78477
2021-04-02 01:00:00,aqi,PIIANN,325.00000124420734,311.04077
2022-06-03 03:00:00,aqi,PIIANN,116.00000046747228,113.36839
2025-05-06 16:00:00,aqi,PIIANN,159.00000078437049,159.48894
2024-03-03 22:00:00,aqi,PIIANN,146.99999916885855,150.03036
2025-08-07 22:00:00,aqi,PIIANN,106.00000011612498,100.555336
2022-03-10 06:00:00,aqi,PIIANN,118.00000173163693,118.5043
2022-09-05 05:00:00,aqi,PIIANN,163.00000032796183,161.87698
2025-12-05 01:00:00,aqi,PIIANN,168.99999964334881,151.73845
2024-11-01 16:00:00,aqi,PIIANN,367.9999985763676,369.31982
2024-05-06 05:00:00,aqi,PIIANN,211.999999960247,206.72162
2023-04-08 06:00:00,aqi,PIIANN,83.00000348665932,88.07743
2024-12-04 20:00:00,aqi,PIIANN,195.00000003452266,193.40137
2024-07-06 13:00:00,aqi,PIIANN,264.99999913612356,265.3453
2021-07-12 07:00:00,aqi,PIIANN,293.0000048954767,289.00647
2022-03-10 14:00:00,aqi,PIIANN,111.999997939143,107.62554
2022-04-10 00:00:00,aqi,PIIANN,114.99999983538996,123.23694
2023-11-09 16:00:00,aqi,PIIANN,39.999994215547275,32.845524
2021-04-10 06:00:00,aqi,PIIANN,168.99999964334881,102.252686
2025-09-03 09:00:00,aqi,PIIANN,220.00000053979863,218.9834
2023-07-03 22:00:00,aqi,PIIANN,152.9999999766145,159.09367
2021-09-05 12:00:00,aqi,PIIANN,170.00000027543112,131.20148
2023-11-04 23:00:00,aqi,PIIANN,236.99999934624628,234.13919
2021-04-11 19:00:00,aqi,PIIANN,394.0000030715561,387.62714
2023-12-04 20:00:00,aqi,PIIANN,206.99999978457336,205.31752
2023-12-02 05:00:00,aqi,PIIANN,243.99999780134664,246.52808
2021-07-06 17:00:00,aqi,PIIANN,175.00000045110477,202.69641
2025-02-02 01:00:00,aqi,PIIANN,369.99999984053227,357.69412
2024-10-11 04:00:00,aqi,PIIANN,347.999997873673,356.1916
2023-08-02 11:00:00,aqi,PIIANN,132.9999992739199,139.08722
2024-02-10 10:00:00,aqi,PIIANN,154.00000060869684,150.90402
2024-11-02 02:00:00,aqi,PIIANN,210.00000018845134,216.80867
2024-08-03 14:00:00,aqi,PIIANN,175.00000045110477,177.40482
2021-07-06 00:00:00,aqi,PIIANN,112.99999857122532,117.293335
2021-12-02 05:00:00,aqi,PIIANN,349.9999991378376,340.51028
2023-02-08 21:00:00,aqi,PIIANN,81.99999688510111,85.42505
2021-03-04 16:00:00,aqi,PIIANN,217.99999927563402,177.90395
2021-07-06 22:00:00,aqi,PIIANN,138.00000243433152,151.73193
2023-06-02 07:00:00,aqi,PIIANN,216.00000099620732,220.844
2022-08-04 03:00:00,aqi,PIIANN,255.99999941685857,263.6012
2024-05-09 18:00:00,aqi,PIIANN,59.000000255635456,56.665226
2021-12-10 13:00:00,aqi,PIIANN,186.99999982806327,179.16399
2021-06-10 09:00:00,aqi,PIIANN,117.00000109955461,118.55227
2021-09-10 17:00:00,aqi,PIIANN,184.00000017036976,186.02336
2023-05-03 07:00:00,aqi,PIIANN,130.99999800975527,130.09923
2022-09-05 17:00:00,aqi,PIIANN,158.00000015228818,153.39134
2023-06-03 22:00:00,aqi,PIIANN,129.99999737767297,139.8092
2021-01-05 13:00:00,aqi,PIIANN,235.99999871416398,235.51622
2022-09-03 04:00:00,aqi,PIIANN,203.00000024098205,204.08733
2021-10-12 18:00:00,aqi,PIIANN,307.9999964682838,311.74103
2024-05-12 19:00:00,aqi,PIIANN,188.99999997295117,189.86922
2022-04-05 07:00:00,aqi,PIIANN,279.00000201580013,276.69574
2024-01-08 23:00:00,aqi,PIIANN,72.00000250322971,66.00299
2022-01-08 01:00:00,aqi,PIIANN,59.99999491824187,68.7832
2022-06-08 03:00:00,aqi,PIIANN,109.00000201237194,107.39291
2024-02-01 19:00:00,aqi,PIIANN,361.00000012126725,362.33554
2025-08-07 16:00:00,aqi,PIIANN,99.00000166102464,96.44781
2022-04-08 11:00:00,aqi,PIIANN,108.00000138028962,110.918495
2021-08-10 10:00:00,aqi,PIIANN,156.99999952020585,157.43933
2023-08-08 06:00:00,aqi,PIIANN,103.99999885196034,107.60266
2024-07-04 14:00:00,aqi,PIIANN,155.00000124077917,158.77026
2024-02-04 00:00:00,aqi,PIIANN,113.99999920330764,162.54886
2021-09-08 18:00:00,aqi,PIIANN,81.99999688510111,80.8237
2023-04-10 22:00:00,aqi,PIIANN,158.00000015228818,147.17732
2023-11-05 07:00:00,aqi,PIIANN,260.0000019451878,251.54633
2023-03-09 12:00:00,aqi,PIIANN,132.9999992739199,127.88787
2025-06-05 10:00:00,aqi,PIIANN,141.9999989931849,144.6774
2021-07-05 05:00:00,aqi,PIIANN,131.9999986418376,130.79654
2023-07-07 09:00:00,aqi,PIIANN,47.000004609599415,48.29717
2021-10-04 08:00:00,aqi,PIIANN,166.99999987155314,166.07574
2024-09-08 11:00:00,aqi,PIIANN,45.00000334543478,41.66202
2023-08-04 02:00:00,aqi,PIIANN,170.00000027543112,172.44026
2021-02-12 05:00:00,aqi,PIIANN,376.00000363302615,375.03693
2021-11-03 18:00:00,aqi,PIIANN,264.99999913612356,263.8315
2023-11-02 05:00:00,aqi,PIIANN,222.99999945130764,212.53043
2022-05-02 12:00:00,aqi,PIIANN,213.00000059232934,207.1636
2023-08-04 19:00:00,aqi,PIIANN,188.99999997295117,187.93092
2021-07-01 23:00:00,aqi,PIIANN,261.9999972398766,238.72943
2023-12-04 01:00:00,aqi,PIIANN,240.00000124249325,218.02425
2024-12-10 02:00:00,aqi,PIIANN,147.99999980094088,135.41498
2025-04-09 19:00:00,aqi,PIIANN,50.000000536370464,52.199253
2025-04-05 03:00:00,aqi,PIIANN,230.99999853849033,224.79294
2024-04-06 02:00:00,aqi,PIIANN,225.0000007154723,210.7716
2024-12-04 17:00:00,aqi,PIIANN,194.00000014862482,194.97354
2022-09-02 13:00:00,aqi,PIIANN,257.0000000489409,261.81787
2021-08-04 22:00:00,aqi,PIIANN,107.0000007482073,152.87892
2021-05-06 17:00:00,aqi,PIIANN,159.00000078437049,149.49829
2023-07-10 03:00:00,aqi,PIIANN,197.00000017941056,201.55664
2022-12-12 08:00:00,aqi,PIIANN,168.99999964334881,138.90079
2025-02-09 18:00:00,aqi,PIIANN,50.999995198976904,51.436344
2024-04-11 10:00:00,aqi,PIIANN,363.9999960480383,365.2731
2023-02-04 10:00:00,aqi,PIIANN,110.00000264445426,104.22314
2024-12-12 21:00:00,aqi,PIIANN,318.9999974517134,309.03494
2025-02-06 09:00:00,aqi,PIIANN,150.0000010651055,144.71887
2021-05-12 05:00:00,aqi,PIIANN,278.0000013837178,269.93466
2023-09-07 09:00:00,aqi,PIIANN,52.0000018005351,48.233723
2025-01-02 14:00:00,aqi,PIIANN,392.9999964699979,392.21277
2022-05-08 12:00:00,aqi,PIIANN,86.99999407603681,91.435524
2021-01-02 15:00:00,aqi,PIIANN,316.0000015249424,308.60028
2024-11-04 14:00:00,aqi,PIIANN,173.00000067930912,175.72902
2021-06-04 19:00:00,aqi,PIIANN,269.00000166445284,259.68164
2025-02-11 01:00:00,aqi,PIIANN,389.0000058806204,370.10892
2023-06-03 12:00:00,aqi,PIIANN,121.99999829049031,127.88117
2021-10-05 20:00:00,aqi,PIIANN,154.00000060869684,146.19827
2022-08-12 20:00:00,aqi,PIIANN,168.99999964334881,150.85715
2024-03-05 01:00:00,aqi,PIIANN,185.0000000562676,179.7355
2024-01-02 11:00:00,aqi,PIIANN,193.00000007618087,208.9407
2021-08-09 14:00:00,aqi,PIIANN,81.00000222249469,75.9319
2025-05-07 08:00:00,aqi,PIIANN,119.00000236371925,113.38331
2022-10-06 18:00:00,aqi,PIIANN,311.99999899661304,303.39743
2021-05-08 19:00:00,aqi,PIIANN,118.00000173163693,116.68398
2023-07-11 08:00:00,aqi,PIIANN,394.0000030715561,399.32416
2025-09-09 07:00:00,aqi,PIIANN,117.00000109955461,113.06803
2022-07-09 17:00:00,aqi,PIIANN,110.00000264445426,110.79938
