target_timestamp,target,model,observed,predicted
2025-10-02 05:00:00,pm25,PIIANN,166.55,148.60527
2024-11-12 18:00:00,pm25,PIIANN,93.21,79.90016
2023-04-08 21:00:00,pm25,PIIANN,62.114994,49.51403
2023-03-08 15:00:00,pm25,PIIANN,41.0,39.12229
2021-09-03 05:00:00,pm25,PIIANN,149.25,156.61583
2025-06-12 22:00:00,pm25,PIIANN,168.12,188.31378
2022-06-12 23:00:00,pm25,PIIANN,144.0,169.36113
2025-04-12 13:00:00,pm25,PIIANN,167.78,137.96187
2024-10-03 09:00:00,pm25,PIIANN,62.114994,114.2362
2025-05-12 02:00:00,pm25,PIIANN,200.96,200.36026
2025-07-04 03:00:00,pm25,PIIANN,143.95,133.2812
2024-08-11 19:00:00,pm25,PIIANN,169.75,181.07365
2023-08-08 00:00:00,pm25,PIIANN,25.000002,56.728916
2021-11-08 03:00:00,pm25,PIIANN,22.750002,22.174753
2022-08-07 18:00:00,pm25,PIIANN,21.330004,21.667925
2024-10-05 12:00:00,pm25,PIIANN,75.7,62.62505
2023-10-02 19:00:00,pm25,PIIANN,65.75,75.265274
2025-09-01 17:00:00,pm25,PIIANN,268.12,248.02916
2022-06-08 04:00:00,pm25,PIIANN,39.0,32.453796
2022-12-07 20:00:00,pm25,PIIANN,24.750002,37.426586
2022-09-08 08:00:00,pm25,PIIANN,48.0,44.557354
2024-06-03 14:00:00,pm25,PIIANN,62.114994,59.03888
2024-06-07 03:00:00,pm25,PIIANN,24.299997,28.560976
2022-02-08 23:00:00,pm25,PIIANN,55.33,71.50748
2023-12-08 05:00:00,pm25,PIIANN,22.000002,44.861332
2023-03-02 12:00:00,pm25,PIIANN,65.0,61.176086
2024-08-12 09:00:00,pm25,PIIANN,198.46,187.34062
2021-09-09 09:00:00,pm25,PIIANN,32.75,28.645788
2024-03-04 06:00:00,pm25,PIIANN,62.114994,73.84695
2022-04-04 12:00:00,pm25,PIIANN,88.0,82.862915
2022-05-11 06:00:00,pm25,PIIANN,190.25,223.17233
2025-01-08 17:00:00,pm25,PIIANN,22.040003,13.930139
2022-01-04 10:00:00,pm25,PIIANN,125.75,130.6199
2024-02-12 00:00:00,pm25,PIIANN,163.93,191.15947
2023-06-08 05:00:00,pm25,PIIANN,62.114994,37.793083
2021-08-08 03:00:00,pm25,PIIANN,43.0,39.29043
2021-09-08 05:00:00,pm25,PIIANN,36.0,30.222857
2022-07-05 04:00:00,pm25,PIIANN,37.75,59.140892
2024-06-09 20:00:00,pm25,PIIANN,28.26,23.219065
2024-01-12 12:00:00,pm25,PIIANN,122.71,137.99336
2021-10-02 12:00:00,pm25,PIIANN,62.5,90.42024
2024-11-12 11:00:00,pm25,PIIANN,99.56,98.08641
2021-09-05 08:00:00,pm25,PIIANN,59.0,44.433155
2022-06-01 12:00:00,pm25,PIIANN,107.0,109.76323
2023-06-04 00:00:00,pm25,PIIANN,101.75,64.33016
2021-02-11 02:00:00,pm25,PIIANN,141.0,132.67557
2024-05-04 07:00:00,pm25,PIIANN,62.114994,63.60758
2022-07-10 04:00:00,pm25,PIIANN,14.000001,13.402345
2023-04-10 04:00:00,pm25,PIIANN,73.09,60.43404
2024-03-12 11:00:00,pm25,PIIANN,139.56,127.26066
2024-05-09 10:00:00,pm25,PIIANN,26.06,29.272085
2022-05-08 08:00:00,pm25,PIIANN,34.768,29.000784
2022-06-01 11:00:00,pm25,PIIANN,126.5,124.91831
2024-11-05 00:00:00,pm25,PIIANN,23.500002,124.11448
2022-01-09 12:00:00,pm25,PIIANN,42.0,35.58738
2024-02-03 09:00:00,pm25,PIIANN,62.114994,67.38908
2022-08-08 05:00:00,pm25,PIIANN,14.000001,17.81611
2024-11-10 06:00:00,pm25,PIIANN,93.66,60.901485
2023-12-02 12:00:00,pm25,PIIANN,55.75,66.02502
2023-02-05 22:00:00,pm25,PIIANN,48.75,33.679813
2023-03-11 21:00:00,pm25,PIIANN,186.705,241.61392
2025-04-03 23:00:00,pm25,PIIANN,42.3,62.58386
2025-08-12 08:00:00,pm25,PIIANN,182.06,164.44687
2025-09-11 17:00:00,pm25,PIIANN,114.0,128.15224
2023-11-02 04:00:00,pm25,PIIANN,115.25,103.67956
2025-06-11 01:00:00,pm25,PIIANN,331.0,247.80089
2023-09-11 17:00:00,pm25,PIIANN,220.6075,241.37791
2024-06-02 02:00:00,pm25,PIIANN,217.0334,122.952576
2021-03-12 18:00:00,pm25,PIIANN,212.25,191.62486
2023-11-01 11:00:00,pm25,PIIANN,111.0,115.59916
2024-03-04 21:00:00,pm25,PIIANN,62.114994,82.79912
2022-09-11 12:00:00,pm25,PIIANN,84.0,108.55271
2024-02-03 08:00:00,pm25,PIIANN,62.114994,66.02861
2021-11-07 06:00:00,pm25,PIIANN,37.5,33.9219
2025-10-08 18:00:00,pm25,PIIANN,25.769999,21.991884
2024-09-08 04:00:00,pm25,PIIANN,26.13,22.16025
2024-01-12 09:00:00,pm25,PIIANN,207.4,189.48706
2022-06-05 04:00:00,pm25,PIIANN,116.5,116.75036
2021-11-02 18:00:00,pm25,PIIANN,112.75,128.46097
2022-04-08 22:00:00,pm25,PIIANN,36.750004,37.54058
2023-04-07 11:00:00,pm25,PIIANN,32.0,42.996372
2023-10-11 11:00:00,pm25,PIIANN,53.3425,80.43127
2022-10-04 20:00:00,pm25,PIIANN,88.0,95.33144
2025-11-03 18:00:00,pm25,PIIANN,67.95,74.525894
2023-12-07 00:00:00,pm25,PIIANN,27.000002,53.770878
2022-08-13 02:00:00,pm25,PIIANN,207.49384,177.05693
2024-05-06 22:00:00,pm25,PIIANN,81.3,104.862335
2021-08-10 07:00:00,pm25,PIIANN,75.25,66.108536
2023-01-05 17:00:00,pm25,PIIANN,25.000002,33.864326
2022-03-06 05:00:00,pm25,PIIANN,92.5,93.04079
2021-10-04 21:00:00,pm25,PIIANN,68.0,82.578835
2021-08-10 09:00:00,pm25,PIIANN,79.75,83.54986
2024-08-09 02:00:00,pm25,PIIANN,31.51,30.083895
2025-11-08 02:00:00,pm25,PIIANN,27.69,32.51857
2023-06-07 05:00:00,pm25,PIIANN,41.0,39.11799
2021-10-02 10:00:00,pm25,PIIANN,165.5,228.51173
2025-01-12 18:00:00,pm25,PIIANN,114.18,114.1418
2022-05-08 09:00:00,pm25,PIIANN,62.114994,31.857798
2025-04-07 19:00:00,pm25,PIIANN,40.56,47.181503
2024-01-02 03:00:00,pm25,PIIANN,62.114994,221.60654
2021-02-02 05:00:00,pm25,PIIANN,182.25002,167.78015
2024-05-07 05:00:00,pm25,PIIANN,36.5,38.595074
2025-09-11 03:00:00,pm25,PIIANN,285.0,254.19014
2023-04-09 22:00:00,pm25,PIIANN,24.000002,37.578835
2024-03-12 22:00:00,pm25,PIIANN,129.08,122.8845
2022-10-11 16:00:00,pm25,PIIANN,65.0,73.0168
2021-07-13 00:00:00,pm25,PIIANN,135.01094,116.716805
2022-08-03 18:00:00,pm25,PIIANN,30.500002,49.536976
2025-07-07 01:00:00,pm25,PIIANN,50.73,44.634487
2023-08-01 21:00:00,pm25,PIIANN,314.5,251.02168
2024-10-11 05:00:00,pm25,PIIANN,173.06001,170.21338
2022-03-01 20:00:00,pm25,PIIANN,296.0,206.56949
2022-11-06 15:00:00,pm25,PIIANN,52.0,66.56414
2025-06-08 11:00:00,pm25,PIIANN,25.000002,29.993093
2023-08-04 04:00:00,pm25,PIIANN,79.75,82.92721
2023-12-08 09:00:00,pm25,PIIANN,24.000002,41.319927
2021-02-03 15:00:00,pm25,PIIANN,42.0,55.23872
2025-03-03 16:00:00,pm25,PIIANN,48.47,49.48947
2023-08-10 03:00:00,pm25,PIIANN,71.6,78.93779
2025-03-10 17:00:00,pm25,PIIANN,34.97,21.652811
2023-05-09 21:00:00,pm25,PIIANN,35.0,48.390488
2022-11-08 10:00:00,pm25,PIIANN,10.000001,28.55903
2025-07-08 03:00:00,pm25,PIIANN,26.000002,41.62884
2021-12-12 21:00:00,pm25,PIIANN,190.2,157.64107
2022-02-12 09:00:00,pm25,PIIANN,203.0,203.88698
2021-01-10 06:00:00,pm25,PIIANN,88.75,53.425777
2025-06-06 21:00:00,pm25,PIIANN,88.04,69.46176
2023-03-10 07:00:00,pm25,PIIANN,55.6575,58.829548
2024-07-07 20:00:00,pm25,PIIANN,9.500001,15.267983
2025-07-02 23:00:00,pm25,PIIANN,81.42,86.40625
2022-11-02 11:00:00,pm25,PIIANN,80.75,69.72988
2021-05-05 04:00:00,pm25,PIIANN,66.25,50.34906
2022-04-09 21:00:00,pm25,PIIANN,36.25,46.51257
2021-02-02 23:00:00,pm25,PIIANN,211.5,169.26105
2023-09-06 04:00:00,pm25,PIIANN,54.0,59.031895
2023-12-06 18:00:00,pm25,PIIANN,46.0,38.905396
2025-12-06 09:00:00,pm25,PIIANN,70.14,76.86508
2025-01-08 20:00:00,pm25,PIIANN,22.970003,18.49505
2025-11-05 21:00:00,pm25,PIIANN,98.46,40.967625
2021-09-07 02:00:00,pm25,PIIANN,40.0,36.538563
2022-03-09 01:00:00,pm25,PIIANN,44.0,46.41028
2022-05-04 02:00:00,pm25,PIIANN,111.5,185.04459
2023-06-01 17:00:00,pm25,PIIANN,231.25,263.09146
2021-10-12 03:00:00,pm25,PIIANN,151.75,151.5797
2023-11-11 06:00:00,pm25,PIIANN,110.8425,109.71448
2022-05-04 11:00:00,pm25,PIIANN,112.5,191.88344
2024-11-12 22:00:00,pm25,PIIANN,247.38,151.65059
2022-04-09 15:00:00,pm25,PIIANN,18.000002,19.159075
2021-09-02 16:00:00,pm25,PIIANN,55.0,84.02528
2024-01-03 12:00:00,pm25,PIIANN,62.114994,69.03895
2024-12-07 20:00:00,pm25,PIIANN,31.500002,45.740856
2023-07-12 21:00:00,pm25,PIIANN,165.0275,151.8622
2023-04-12 11:00:00,pm25,PIIANN,161.2475,171.7944
2022-07-03 23:00:00,pm25,PIIANN,154.0,172.32582
2024-08-11 08:00:00,pm25,PIIANN,264.92,360.36063
2023-09-02 15:00:00,pm25,PIIANN,62.114994,64.05057
2024-02-03 23:00:00,pm25,PIIANN,62.114994,67.77578
2023-08-10 19:00:00,pm25,PIIANN,93.844284,60.905476
2021-09-02 07:00:00,pm25,PIIANN,328.50003,232.22693
2023-08-07 07:00:00,pm25,PIIANN,6.000001,19.824144
2021-06-12 15:00:00,pm25,PIIANN,98.75,93.76889
2023-09-08 16:00:00,pm25,PIIANN,31.000006,31.646868
2023-12-12 22:00:00,pm25,PIIANN,235.56,204.34097
2025-06-06 14:00:00,pm25,PIIANN,49.0,44.977303
2024-07-02 12:00:00,pm25,PIIANN,62.114994,57.67535
2022-08-10 11:00:00,pm25,PIIANN,9.000001,14.7811365
2021-04-01 16:00:00,pm25,PIIANN,99.0,52.95091
2025-04-02 07:00:00,pm25,PIIANN,142.3,145.29181
2022-01-10 17:00:00,pm25,PIIANN,47.75,46.740288
2025-06-09 12:00:00,pm25,PIIANN,30.000002,25.064768
2021-04-12 10:00:00,pm25,PIIANN,223.25,191.93565
2023-03-05 02:00:00,pm25,PIIANN,59.75,36.646606
2022-11-01 19:00:00,pm25,PIIANN,83.0,64.29819
2021-07-06 03:00:00,pm25,PIIANN,26.500002,30.459032
2025-08-11 16:00:00,pm25,PIIANN,149.44,185.44025
2023-02-09 03:00:00,pm25,PIIANN,42.0,53.40555
2022-08-03 10:00:00,pm25,PIIANN,177.0,220.38295
2022-04-03 03:00:00,pm25,PIIANN,62.114994,113.70126
2023-08-13 02:00:00,pm25,PIIANN,171.17491,175.00789
2024-06-05 05:00:00,pm25,PIIANN,62.114994,84.53976
2022-10-10 22:00:00,pm25,PIIANN,15.750001,16.834131
2023-04-09 20:00:00,pm25,PIIANN,26.000002,45.36381
2024-04-05 16:00:00,pm25,PIIANN,62.114994,48.02784
2024-06-12 18:00:00,pm25,PIIANN,74.92,66.455605
2022-01-08 16:00:00,pm25,PIIANN,15.500001,17.660044
2024-10-04 01:00:00,pm25,PIIANN,62.114994,99.42784
2023-06-06 21:00:00,pm25,PIIANN,260.0,110.25621
2021-02-10 13:00:00,pm25,PIIANN,49.0,30.939447
2021-10-09 03:00:00,pm25,PIIANN,26.000002,23.555613
2022-04-09 08:00:00,pm25,PIIANN,21.000002,28.136602
2023-06-04 10:00:00,pm25,PIIANN,49.25,59.425236
2023-08-09 03:00:00,pm25,PIIANN,25.250002,38.775936
2022-11-07 20:00:00,pm25,PIIANN,45.5,37.413345
2023-08-03 15:00:00,pm25,PIIANN,62.114994,54.558628
2025-11-07 21:00:00,pm25,PIIANN,56.48,37.088455
2025-03-11 08:00:00,pm25,PIIANN,159.0,180.92944
2022-07-12 01:00:00,pm25,PIIANN,131.0,136.45818
2023-09-01 08:00:00,pm25,PIIANN,412.25,433.89023
2024-06-07 04:00:00,pm25,PIIANN,18.900003,34.50469
2021-07-02 08:00:00,pm25,PIIANN,184.0,148.0723
2025-09-08 13:00:00,pm25,PIIANN,20.06,22.14963
2024-01-05 02:00:00,pm25,PIIANN,62.114994,81.34671
2025-01-02 06:00:00,pm25,PIIANN,248.81,255.2088
2022-07-11 17:00:00,pm25,PIIANN,117.25,114.48077
2023-02-07 00:00:00,pm25,PIIANN,11.000001,43.624325
2022-11-10 03:00:00,pm25,PIIANN,18.750002,10.575143
2022-10-05 13:00:00,pm25,PIIANN,59.0,53.535603
2023-02-09 22:00:00,pm25,PIIANN,36.0,59.039265
2021-05-10 22:00:00,pm25,PIIANN,32.0,45.503727
2021-03-12 06:00:00,pm25,PIIANN,158.25,149.63615
2025-04-10 01:00:00,pm25,PIIANN,40.64,68.48663
2024-01-09 22:00:00,pm25,PIIANN,57.2,44.551014
2023-02-08 18:00:00,pm25,PIIANN,22.000002,25.781137
2025-07-05 14:00:00,pm25,PIIANN,52.11,48.613308
2021-02-13 00:00:00,pm25,PIIANN,125.25714,98.677635
2022-11-08 17:00:00,pm25,PIIANN,15.750001,21.576311
2021-02-05 02:00:00,pm25,PIIANN,74.75,80.23805
2025-02-01 20:00:00,pm25,PIIANN,288.94003,238.24075
2025-07-07 18:00:00,pm25,PIIANN,62.114994,9.139901
2025-01-09 12:00:00,pm25,PIIANN,11.0599985,14.87713
2023-06-08 15:00:00,pm25,PIIANN,62.114994,17.010538
2024-06-08 00:00:00,pm25,PIIANN,23.210001,23.860643
2021-07-04 05:00:00,pm25,PIIANN,67.5,147.46222
2025-09-08 12:00:00,pm25,PIIANN,19.799997,22.856073
2021-10-08 03:00:00,pm25,PIIANN,30.750002,27.328089
2022-11-05 10:00:00,pm25,PIIANN,73.25,70.967384
2025-02-10 08:00:00,pm25,PIIANN,23.150003,40.193188
2023-12-06 16:00:00,pm25,PIIANN,35.0,41.332546
2024-08-04 21:00:00,pm25,PIIANN,62.114994,83.49147
2025-08-07 08:00:00,pm25,PIIANN,41.0,39.734924
2023-04-11 18:00:00,pm25,PIIANN,469.31,443.47757
2025-08-09 10:00:00,pm25,PIIANN,27.62,31.173605
2025-03-04 20:00:00,pm25,PIIANN,77.22,88.992
2022-09-12 09:00:00,pm25,PIIANN,125.25,141.51624
2021-09-04 04:00:00,pm25,PIIANN,69.75,59.72597
2021-12-08 02:00:00,pm25,PIIANN,19.250002,16.911394
2025-08-11 00:00:00,pm25,PIIANN,173.0,129.55696
2021-05-08 15:00:00,pm25,PIIANN,30.500002,27.82422
2023-06-12 18:00:00,pm25,PIIANN,86.485,94.95524
2021-06-12 17:00:00,pm25,PIIANN,84.0,93.0373
2023-02-05 15:00:00,pm25,PIIANN,43.25,30.981329
2021-08-01 23:00:00,pm25,PIIANN,141.0,154.06296
2021-02-12 04:00:00,pm25,PIIANN,307.5,301.25128
2025-03-02 12:00:00,pm25,PIIANN,142.27,154.54971
2021-07-10 01:00:00,pm25,PIIANN,52.0,57.079144
2024-04-06 19:00:00,pm25,PIIANN,60.5,93.158394
2025-03-06 23:00:00,pm25,PIIANN,66.0,64.31276
2025-09-05 18:00:00,pm25,PIIANN,47.38,35.324665
2024-06-10 22:00:00,pm25,PIIANN,49.13,73.24981
2021-10-08 07:00:00,pm25,PIIANN,31.000006,34.134636
2021-12-03 06:00:00,pm25,PIIANN,107.75,97.27608
2021-11-07 23:00:00,pm25,PIIANN,38.000004,27.527658
2025-09-06 17:00:00,pm25,PIIANN,55.0,38.347748
2021-02-05 15:00:00,pm25,PIIANN,23.250002,27.727205
2021-06-05 19:00:00,pm25,PIIANN,58.0,91.46273
2024-12-02 07:00:00,pm25,PIIANN,62.114994,100.55824
2022-10-09 08:00:00,pm25,PIIANN,65.0,50.35853
2025-09-04 08:00:00,pm25,PIIANN,137.0,116.80994
2022-08-06 00:00:00,pm25,PIIANN,68.492,50.156456
2021-01-03 07:00:00,pm25,PIIANN,81.083336,73.70814
2024-09-11 03:00:00,pm25,PIIANN,205.68,218.89474
2025-05-09 05:00:00,pm25,PIIANN,29.62,23.038004
2024-09-04 12:00:00,pm25,PIIANN,62.114994,56.041805
2021-12-03 04:00:00,pm25,PIIANN,100.75,89.74828
2025-05-09 19:00:00,pm25,PIIANN,25.970003,8.916497
2024-07-02 21:00:00,pm25,PIIANN,62.114994,76.13884
2021-02-01 20:00:00,pm25,PIIANN,237.75,241.64937
2021-02-09 22:00:00,pm25,PIIANN,43.0,77.94544
2024-01-01 14:00:00,pm25,PIIANN,200.05,165.90993
2024-06-01 15:00:00,pm25,PIIANN,202.91,166.87967
2023-05-09 18:00:00,pm25,PIIANN,16.000002,24.95299
2025-10-07 02:00:00,pm25,PIIANN,27.000002,20.990747
2022-07-03 14:00:00,pm25,PIIANN,60.0,85.90449
2023-11-06 00:00:00,pm25,PIIANN,36.0,84.32321
2024-01-07 07:00:00,pm25,PIIANN,19.699999,45.975235
2023-02-07 08:00:00,pm25,PIIANN,28.000002,27.532282
2022-02-09 06:00:00,pm25,PIIANN,31.000006,30.002893
2021-07-11 17:00:00,pm25,PIIANN,123.0,152.24269
2023-07-08 19:00:00,pm25,PIIANN,23.000002,40.387478
2025-06-12 17:00:00,pm25,PIIANN,100.0,87.69149
2021-05-03 22:00:00,pm25,PIIANN,79.5,72.67282
2024-04-03 05:00:00,pm25,PIIANN,62.114994,81.42435
2021-09-12 22:00:00,pm25,PIIANN,160.0,145.41061
2024-03-11 11:00:00,pm25,PIIANN,231.68,222.94931
2023-12-04 12:00:00,pm25,PIIANN,58.25,73.24526
2025-12-01 13:00:00,pm25,PIIANN,181.83,139.11823
2022-08-04 23:00:00,pm25,PIIANN,147.67,159.62674
2024-01-05 14:00:00,pm25,PIIANN,62.114994,34.28757
2024-06-04 22:00:00,pm25,PIIANN,62.114994,79.269264
2023-09-11 11:00:00,pm25,PIIANN,379.89,382.44644
2025-12-12 22:00:00,pm25,PIIANN,253.35,226.9387
2024-09-05 16:00:00,pm25,PIIANN,45.7,37.890823
2023-04-09 18:00:00,pm25,PIIANN,23.000002,39.10202
2021-08-07 16:00:00,pm25,PIIANN,40.0,48.702972
2024-09-12 12:00:00,pm25,PIIANN,86.16,66.11208
2022-09-12 01:00:00,pm25,PIIANN,205.0,201.12741
2023-08-04 09:00:00,pm25,PIIANN,125.25,106.71075
2022-04-06 09:00:00,pm25,PIIANN,83.0,103.48495
2023-12-08 08:00:00,pm25,PIIANN,26.000002,41.744816
2025-09-09 00:00:00,pm25,PIIANN,29.460001,103.31127
2021-04-05 21:00:00,pm25,PIIANN,37.25,47.168648
2022-10-09 16:00:00,pm25,PIIANN,40.0,29.03121
2025-06-03 21:00:00,pm25,PIIANN,64.44,70.09536
2022-07-06 02:00:00,pm25,PIIANN,92.70625,112.11352
2021-03-10 17:00:00,pm25,PIIANN,13.000001,21.260798
2022-12-08 16:00:00,pm25,PIIANN,12.000001,20.480585
2021-09-10 09:00:00,pm25,PIIANN,62.0,64.79245
2024-04-11 17:00:00,pm25,PIIANN,176.79,182.24483
2025-04-08 15:00:00,pm25,PIIANN,0.8799984,29.972185
2023-08-06 20:00:00,pm25,PIIANN,40.0,54.1619
2022-05-11 03:00:00,pm25,PIIANN,229.0,266.49985
2024-09-03 13:00:00,pm25,PIIANN,62.114994,82.80601
2023-02-02 02:00:00,pm25,PIIANN,94.75,64.26914
2025-09-10 15:00:00,pm25,PIIANN,31.550001,27.058733
2023-05-02 16:00:00,pm25,PIIANN,39.0,47.98229
2025-02-12 05:00:00,pm25,PIIANN,317.28,286.36417
2024-11-11 22:00:00,pm25,PIIANN,195.66002,199.74
2023-07-07 05:00:00,pm25,PIIANN,37.0,29.662909
2025-08-11 15:00:00,pm25,PIIANN,201.79,205.05557
2023-09-12 22:00:00,pm25,PIIANN,173.6275,173.18227
2024-02-05 17:00:00,pm25,PIIANN,62.114994,34.60505
2024-11-13 01:00:00,pm25,PIIANN,209.07321,183.47696
2022-03-11 10:00:00,pm25,PIIANN,517.5,494.19867
2025-03-10 05:00:00,pm25,PIIANN,31.660002,28.974081
2022-11-11 08:00:00,pm25,PIIANN,461.0,391.17996
2021-02-11 13:00:00,pm25,PIIANN,105.0,119.07313
2022-01-08 10:00:00,pm25,PIIANN,11.750001,24.949419
2022-11-09 06:00:00,pm25,PIIANN,21.000002,27.200365
2021-11-03 21:00:00,pm25,PIIANN,105.25,117.55747
2024-08-08 12:00:00,pm25,PIIANN,19.049997,18.695711
2021-12-08 17:00:00,pm25,PIIANN,26.000002,30.322878
2023-09-12 15:00:00,pm25,PIIANN,92.51,105.916565
2025-01-13 00:00:00,pm25,PIIANN,253.31357,254.25182
2022-08-01 17:00:00,pm25,PIIANN,44.0,33.4388
2025-01-07 17:00:00,pm25,PIIANN,32.0,20.314043
2025-02-03 00:00:00,pm25,PIIANN,102.17,153.38376
2024-02-09 07:00:00,pm25,PIIANN,48.57,38.439426
2024-01-12 07:00:00,pm25,PIIANN,189.45,186.62787
2021-06-05 16:00:00,pm25,PIIANN,58.749996,41.786205
2025-02-08 16:00:00,pm25,PIIANN,24.500002,15.053987
2023-03-13 02:00:00,pm25,PIIANN,163.74709,175.83893
2024-12-03 17:00:00,pm25,PIIANN,62.114994,70.024284
2024-02-08 18:00:00,pm25,PIIANN,33.61,23.782198
2021-01-12 05:00:00,pm25,PIIANN,153.0,156.89088
2021-12-02 10:00:00,pm25,PIIANN,308.25,269.8851
2023-04-08 10:00:00,pm25,PIIANN,27.000002,36.81737
2023-08-06 02:00:00,pm25,PIIANN,67.0,99.258064
2023-02-07 01:00:00,pm25,PIIANN,6.000001,11.840577
2021-07-03 18:00:00,pm25,PIIANN,71.75,81.99981
2022-04-04 16:00:00,pm25,PIIANN,51.25,53.7813
2024-08-03 07:00:00,pm25,PIIANN,62.114994,102.035645
2025-08-08 15:00:00,pm25,PIIANN,27.000002,31.464472
2022-09-06 16:00:00,pm25,PIIANN,42.25,50.30743
2022-02-04 18:00:00,pm25,PIIANN,49.0,64.55117
2025-07-07 08:00:00,pm25,PIIANN,14.03,27.969576
2021-12-02 04:00:00,pm25,PIIANN,223.5,214.27975
2024-11-09 08:00:00,pm25,PIIANN,28.120005,39.257816
2021-05-05 08:00:00,pm25,PIIANN,60.999996,62.10689
2025-11-10 04:00:00,pm25,PIIANN,52.94,80.167946
2025-12-03 12:00:00,pm25,PIIANN,92.08,111.9636
2023-08-11 15:00:00,pm25,PIIANN,302.0075,263.38345
2025-09-02 00:00:00,pm25,PIIANN,138.79,298.7363
2021-11-12 19:00:00,pm25,PIIANN,79.0,86.53495
2024-07-07 03:00:00,pm25,PIIANN,5.5999994,21.332857
2024-02-11 02:00:00,pm25,PIIANN,323.82004,318.3938
2021-03-11 06:00:00,pm25,PIIANN,149.0,141.62033
2023-04-05 18:00:00,pm25,PIIANN,55.25,27.61923
2023-02-12 21:00:00,pm25,PIIANN,145.2,160.9798
2022-02-07 09:00:00,pm25,PIIANN,44.5,42.894375
2021-09-09 10:00:00,pm25,PIIANN,27.250002,28.243628
2021-10-03 00:00:00,pm25,PIIANN,9.250001,204.98892
2024-07-06 07:00:00,pm25,PIIANN,93.2,139.72215
2024-02-01 16:00:00,pm25,PIIANN,163.96,185.47696
2024-03-03 16:00:00,pm25,PIIANN,62.114994,94.37888
2022-04-04 23:00:00,pm25,PIIANN,188.0,181.09859
2022-11-07 07:00:00,pm25,PIIANN,48.75,31.582964
2025-05-04 08:00:00,pm25,PIIANN,135.38,88.46373
2022-10-06 21:00:00,pm25,PIIANN,71.5,110.99149
2025-12-04 13:00:00,pm25,PIIANN,52.35,47.924717
2023-01-10 17:00:00,pm25,PIIANN,34.375,38.93759
2024-01-11 11:00:00,pm25,PIIANN,120.24,152.30338
2025-11-09 08:00:00,pm25,PIIANN,20.839998,23.85563
2025-07-03 17:00:00,pm25,PIIANN,35.110004,44.704384
2024-04-07 12:00:00,pm25,PIIANN,36.3,32.250294
2022-11-12 08:00:00,pm25,PIIANN,134.0,122.04061
2021-01-09 12:00:00,pm25,PIIANN,6.000001,-5.2702246
2022-08-09 15:00:00,pm25,PIIANN,70.75,47.73084
2021-09-12 07:00:00,pm25,PIIANN,140.75,116.352455
2022-08-08 14:00:00,pm25,PIIANN,36.25,28.618528
2022-09-02 15:00:00,pm25,PIIANN,37.75,43.945812
2024-04-06 23:00:00,pm25,PIIANN,64.6,89.38127
2024-06-05 00:00:00,pm25,PIIANN,62.114994,120.50807
2023-06-09 09:00:00,pm25,PIIANN,26.000002,37.139
2023-11-10 13:00:00,pm25,PIIANN,35.882504,51.05589
2023-04-08 22:00:00,pm25,PIIANN,62.114994,39.81434
2025-06-07 14:00:00,pm25,PIIANN,33.0,26.137484
2021-11-06 09:00:00,pm25,PIIANN,39.0,40.69081
2021-10-03 11:00:00,pm25,PIIANN,76.25,97.08748
2022-09-04 09:00:00,pm25,PIIANN,123.0,146.17133
2025-07-04 04:00:00,pm25,PIIANN,130.49,137.08752
2024-07-09 18:00:00,pm25,PIIANN,27.62,20.45901
2022-11-06 19:00:00,pm25,PIIANN,46.75,57.65984
2021-10-10 15:00:00,pm25,PIIANN,24.000002,38.02907
2021-10-08 18:00:00,pm25,PIIANN,43.0,28.277197
2023-11-03 02:00:00,pm25,PIIANN,107.0,114.84663
2021-07-02 03:00:00,pm25,PIIANN,128.5,99.20285
2025-02-08 02:00:00,pm25,PIIANN,28.050001,20.32564
2021-12-09 03:00:00,pm25,PIIANN,4.750001,8.061372
2022-04-07 00:00:00,pm25,PIIANN,77.25,32.401783
2024-03-11 02:00:00,pm25,PIIANN,252.61,265.50537
2023-12-08 12:00:00,pm25,PIIANN,20.000002,35.901035
2021-02-06 12:00:00,pm25,PIIANN,53.25,46.54053
2024-07-04 11:00:00,pm25,PIIANN,62.114994,67.54293
2025-07-12 03:00:00,pm25,PIIANN,177.22,175.3506
2022-06-02 20:00:00,pm25,PIIANN,46.0,80.04833
2022-03-10 12:00:00,pm25,PIIANN,36.25,48.433735
2021-08-02 10:00:00,pm25,PIIANN,213.5,174.6433
2022-09-03 09:00:00,pm25,PIIANN,65.5,89.255936
2025-09-04 22:00:00,pm25,PIIANN,126.62,158.86658
2022-03-03 03:00:00,pm25,PIIANN,62.114994,88.756195
2024-11-12 19:00:00,pm25,PIIANN,129.6,115.88683
2023-08-12 11:00:00,pm25,PIIANN,146.5025,140.41528
2024-07-12 05:00:00,pm25,PIIANN,132.27,125.81663
2025-04-02 05:00:00,pm25,PIIANN,155.03,187.00644
2023-10-10 01:00:00,pm25,PIIANN,95.7575,86.92476
2024-08-10 12:00:00,pm25,PIIANN,59.43,65.10303
2025-01-12 05:00:00,pm25,PIIANN,176.04,169.61497
2024-05-07 00:00:00,pm25,PIIANN,26.800001,60.653763
2022-11-08 13:00:00,pm25,PIIANN,10.000001,26.209513
2022-12-09 19:00:00,pm25,PIIANN,23.750002,23.658571
2025-09-05 20:00:00,pm25,PIIANN,61.84,48.660126
2024-12-07 04:00:00,pm25,PIIANN,24.699999,41.42356
2024-03-06 12:00:00,pm25,PIIANN,40.200005,48.41977
2025-02-13 02:00:00,pm25,PIIANN,312.29086,303.40704
2021-05-02 17:00:00,pm25,PIIANN,46.0,49.19888
2024-02-01 22:00:00,pm25,PIIANN,268.63004,242.35135
2024-12-09 14:00:00,pm25,PIIANN,18.000002,16.90809
2023-05-12 13:00:00,pm25,PIIANN,121.63,135.28593
2025-07-10 02:00:00,pm25,PIIANN,20.74,28.006502
2022-07-04 18:00:00,pm25,PIIANN,34.25,51.04279
2024-01-04 08:00:00,pm25,PIIANN,62.114994,62.697315
2022-04-03 11:00:00,pm25,PIIANN,62.114994,74.73325
2023-12-07 17:00:00,pm25,PIIANN,33.0,18.227777
2021-02-08 12:00:00,pm25,PIIANN,32.5,22.44227
2023-04-10 06:00:00,pm25,PIIANN,82.58667,72.286896
2022-07-08 09:00:00,pm25,PIIANN,67.75,42.43287
2024-03-03 15:00:00,pm25,PIIANN,62.114994,92.448586
2023-07-05 03:00:00,pm25,PIIANN,56.0,70.32688
2022-04-07 20:00:00,pm25,PIIANN,69.5,46.404873
2022-07-11 02:00:00,pm25,PIIANN,243.75,232.28413
2021-11-12 09:00:00,pm25,PIIANN,117.0,98.3953
2021-02-06 09:00:00,pm25,PIIANN,81.0,60.63394
2021-09-10 04:00:00,pm25,PIIANN,78.0,95.10654
2025-04-12 17:00:00,pm25,PIIANN,119.02,123.15147
2024-12-07 06:00:00,pm25,PIIANN,14.9000025,40.61216
2021-02-02 11:00:00,pm25,PIIANN,273.75,180.10101
2021-12-09 02:00:00,pm25,PIIANN,8.750001,9.593606
2023-10-04 04:00:00,pm25,PIIANN,95.75,92.79376
2023-11-12 08:00:00,pm25,PIIANN,188.9825,172.72885
2025-12-07 14:00:00,pm25,PIIANN,54.88,31.977869
2023-09-05 19:00:00,pm25,PIIANN,60.0,54.130745
2025-10-02 22:00:00,pm25,PIIANN,153.41,158.89478
2024-06-01 18:00:00,pm25,PIIANN,237.56,199.78407
2022-07-12 09:00:00,pm25,PIIANN,140.0,98.53176
2025-04-07 02:00:00,pm25,PIIANN,59.0,42.00062
2022-06-10 04:00:00,pm25,PIIANN,9.000001,29.665564
2022-08-08 00:00:00,pm25,PIIANN,27.250002,45.85636
2024-03-12 07:00:00,pm25,PIIANN,62.114994,142.22629
2025-01-06 15:00:00,pm25,PIIANN,62.114994,52.06599
2025-11-05 04:00:00,pm25,PIIANN,88.79,82.39158
2023-05-03 08:00:00,pm25,PIIANN,76.5,52.98046
2021-09-08 01:00:00,pm25,PIIANN,57.75,27.192007
2021-09-11 04:00:00,pm25,PIIANN,265.5,247.69731
2021-04-08 13:00:00,pm25,PIIANN,15.000001,16.32937
2025-10-08 11:00:00,pm25,PIIANN,33.680004,29.832819
2022-01-02 08:00:00,pm25,PIIANN,148.25,203.83849
2021-06-06 19:00:00,pm25,PIIANN,33.0,45.897324
2023-12-10 07:00:00,pm25,PIIANN,181.335,127.684586
2024-06-01 17:00:00,pm25,PIIANN,226.93,188.85362
2024-04-05 15:00:00,pm25,PIIANN,62.114994,46.047337
2021-09-09 04:00:00,pm25,PIIANN,13.000001,24.138971
2024-05-05 09:00:00,pm25,PIIANN,62.114994,108.00694
2023-07-10 22:00:00,pm25,PIIANN,71.5475,88.18224
2024-04-08 16:00:00,pm25,PIIANN,5.879998,21.213572
2024-02-02 04:00:00,pm25,PIIANN,62.114994,147.68848
2025-10-03 15:00:00,pm25,PIIANN,62.87,73.49175
2022-10-11 13:00:00,pm25,PIIANN,102.0,77.97846
2025-09-05 02:00:00,pm25,PIIANN,127.36,93.78528
2022-05-05 21:00:00,pm25,PIIANN,177.25,96.942406
2024-06-07 02:00:00,pm25,PIIANN,17.1,27.994802
2022-07-11 22:00:00,pm25,PIIANN,171.0,195.1019
2023-02-04 14:00:00,pm25,PIIANN,36.0,28.633478
2024-11-04 16:00:00,pm25,PIIANN,62.114994,44.982105
2023-11-07 14:00:00,pm25,PIIANN,58.0,28.558558
2023-03-01 13:00:00,pm25,PIIANN,251.0,239.8012
2022-09-08 22:00:00,pm25,PIIANN,39.0,56.209133
2025-07-03 08:00:00,pm25,PIIANN,158.92,113.16515
2025-03-03 00:00:00,pm25,PIIANN,86.65,129.32774
2025-11-02 06:00:00,pm25,PIIANN,173.11,152.42451
2021-09-09 16:00:00,pm25,PIIANN,27.000002,18.44385
2024-11-10 10:00:00,pm25,PIIANN,74.48,58.563698
2021-09-04 16:00:00,pm25,PIIANN,17.750002,28.639345
2023-10-02 10:00:00,pm25,PIIANN,106.0,84.77342
2022-09-08 10:00:00,pm25,PIIANN,31.000006,39.214302
2025-08-12 05:00:00,pm25,PIIANN,186.85,170.82245
2022-07-12 21:00:00,pm25,PIIANN,114.0,130.23866
2023-10-01 17:00:00,pm25,PIIANN,199.75,213.20576
2022-06-07 16:00:00,pm25,PIIANN,36.0,36.533913
2024-02-10 23:00:00,pm25,PIIANN,101.12,124.40838
2021-01-03 11:00:00,pm25,PIIANN,90.0,84.236534
2025-02-12 06:00:00,pm25,PIIANN,350.35,288.55737
2021-05-06 15:00:00,pm25,PIIANN,34.0,40.69231
2021-10-08 21:00:00,pm25,PIIANN,55.0,57.773666
2025-02-03 05:00:00,pm25,PIIANN,69.01,58.120197
2023-12-03 20:00:00,pm25,PIIANN,62.0,60.404377
2024-06-10 23:00:00,pm25,PIIANN,47.52,78.17834
2022-08-03 16:00:00,pm25,PIIANN,31.750002,50.121975
2023-01-12 11:00:00,pm25,PIIANN,297.1875,307.8004
2021-07-11 15:00:00,pm25,PIIANN,125.0,176.30516
2022-10-04 01:00:00,pm25,PIIANN,106.0,145.5895
2024-02-02 18:00:00,pm25,PIIANN,62.114994,53.222862
2022-07-06 10:00:00,pm25,PIIANN,67.33,53.649647
2021-01-08 22:00:00,pm25,PIIANN,49.0,38.25078
2022-02-06 10:00:00,pm25,PIIANN,89.0,84.16976
2024-02-05 21:00:00,pm25,PIIANN,62.114994,89.77499
2023-09-02 03:00:00,pm25,PIIANN,125.0,122.23499
2025-05-02 21:00:00,pm25,PIIANN,113.16,113.28262
2024-05-04 02:00:00,pm25,PIIANN,62.114994,78.385185
2021-01-04 02:00:00,pm25,PIIANN,37.0,32.337215
2025-11-07 19:00:00,pm25,PIIANN,37.19,23.36352
2023-10-05 22:00:00,pm25,PIIANN,95.0,115.08531
2023-05-05 21:00:00,pm25,PIIANN,118.5,113.100395
2024-04-09 10:00:00,pm25,PIIANN,26.440004,30.217752
2021-07-10 08:00:00,pm25,PIIANN,60.0,51.844482
2021-03-04 02:00:00,pm25,PIIANN,43.5,44.873688
2025-10-05 02:00:00,pm25,PIIANN,97.95,72.17916
2023-12-01 18:00:00,pm25,PIIANN,176.75,157.18784
2021-07-05 18:00:00,pm25,PIIANN,50.0,40.587955
2024-11-10 22:00:00,pm25,PIIANN,67.09,88.09007
2025-05-06 14:00:00,pm25,PIIANN,74.0,42.520935
2023-12-07 23:00:00,pm25,PIIANN,30.000002,27.23239
2023-01-12 17:00:00,pm25,PIIANN,209.1825,186.50668
2022-12-08 07:00:00,pm25,PIIANN,10.000001,25.344584
2025-05-10 14:00:00,pm25,PIIANN,44.98,42.515186
2022-06-08 14:00:00,pm25,PIIANN,47.75,27.361662
2023-02-04 00:00:00,pm25,PIIANN,30.750002,100.70182
2023-07-12 14:00:00,pm25,PIIANN,142.66,140.3042
2024-01-10 22:00:00,pm25,PIIANN,103.1,99.57239
2021-01-04 13:00:00,pm25,PIIANN,28.000002,40.945065
2024-12-11 15:00:00,pm25,PIIANN,59.48,82.01093
2021-05-12 18:00:00,pm25,PIIANN,173.0,121.600716
2021-10-11 13:00:00,pm25,PIIANN,212.0,236.36588
2022-01-09 20:00:00,pm25,PIIANN,37.0,40.48719
2024-07-06 17:00:00,pm25,PIIANN,38.5,37.20555
2022-08-10 18:00:00,pm25,PIIANN,11.250001,17.397379
2023-11-05 04:00:00,pm25,PIIANN,231.75,185.13637
2022-06-04 06:00:00,pm25,PIIANN,110.25,114.30222
2021-12-12 12:00:00,pm25,PIIANN,62.114994,67.20553
2024-08-03 01:00:00,pm25,PIIANN,62.114994,117.88531
2022-06-05 08:00:00,pm25,PIIANN,183.0,156.22148
2024-04-10 21:00:00,pm25,PIIANN,77.09,97.428185
2025-01-02 23:00:00,pm25,PIIANN,254.74,222.40985
2025-03-11 22:00:00,pm25,PIIANN,172.04,192.50969
2021-02-02 22:00:00,pm25,PIIANN,224.5,223.80933
2025-10-04 08:00:00,pm25,PIIANN,85.5,121.38547
2023-03-02 14:00:00,pm25,PIIANN,76.0,58.35327
2022-10-12 16:00:00,pm25,PIIANN,91.25,148.62154
2024-07-02 14:00:00,pm25,PIIANN,62.114994,45.270306
2024-04-11 02:00:00,pm25,PIIANN,205.46,224.51103
2021-05-03 19:00:00,pm25,PIIANN,45.75,64.297874
2023-04-01 12:00:00,pm25,PIIANN,159.75,134.5607
2025-04-02 18:00:00,pm25,PIIANN,203.88,143.72157
2021-02-04 04:00:00,pm25,PIIANN,66.5,61.71866
2025-05-08 23:00:00,pm25,PIIANN,30.000002,37.10868
2023-07-01 11:00:00,pm25,PIIANN,183.25,158.40591
2023-04-07 18:00:00,pm25,PIIANN,38.000004,37.408497
2025-08-04 10:00:00,pm25,PIIANN,115.55,130.32077
2021-08-11 19:00:00,pm25,PIIANN,155.0,198.87047
2022-10-08 17:00:00,pm25,PIIANN,11.000001,24.490168
2025-03-12 20:00:00,pm25,PIIANN,150.89,179.637
2021-09-07 04:00:00,pm25,PIIANN,31.000006,30.225584
2025-02-12 00:00:00,pm25,PIIANN,265.95,187.85713
2022-12-01 17:00:00,pm25,PIIANN,71.5,58.01998
2025-01-10 19:00:00,pm25,PIIANN,33.48,48.071266
2022-08-02 04:00:00,pm25,PIIANN,133.25,111.114174
2021-07-01 19:00:00,pm25,PIIANN,116.0,102.68677
2023-03-04 22:00:00,pm25,PIIANN,65.0,58.79293
2023-09-10 10:00:00,pm25,PIIANN,23.562502,39.84762
2022-08-06 23:00:00,pm25,PIIANN,70.0,68.94259
2022-06-01 17:00:00,pm25,PIIANN,73.75,74.71893
2021-09-12 21:00:00,pm25,PIIANN,155.25,153.75981
2022-06-12 04:00:00,pm25,PIIANN,227.0,192.45265
2024-06-01 23:00:00,pm25,PIIANN,222.46,199.10889
2022-01-09 22:00:00,pm25,PIIANN,40.0,40.524014
2023-07-07 04:00:00,pm25,PIIANN,37.0,27.002111
2023-06-03 04:00:00,pm25,PIIANN,76.0,56.883606
2022-02-03 02:00:00,pm25,PIIANN,121.5,122.92404
2023-04-05 14:00:00,pm25,PIIANN,35.0,31.578142
2021-09-07 03:00:00,pm25,PIIANN,35.0,35.31862
2022-06-07 09:00:00,pm25,PIIANN,52.0,46.228683
2023-08-10 14:00:00,pm25,PIIANN,29.930002,31.230307
2023-02-08 09:00:00,pm25,PIIANN,26.750002,29.520365
2023-04-03 17:00:00,pm25,PIIANN,34.5,34.643456
2021-08-03 09:00:00,pm25,PIIANN,143.0,133.4074
2021-09-06 21:00:00,pm25,PIIANN,70.0,91.22923
2023-11-12 13:00:00,pm25,PIIANN,116.4675,161.0393
2024-10-09 04:00:00,pm25,PIIANN,44.72,44.594418
2023-12-04 00:00:00,pm25,PIIANN,109.0,102.857376
2023-12-03 23:00:00,pm25,PIIANN,108.0,107.11853
2024-02-02 06:00:00,pm25,PIIANN,62.114994,110.440796
2022-06-02 07:00:00,pm25,PIIANN,46.0,90.77798
2024-06-11 18:00:00,pm25,PIIANN,147.58,117.48715
2022-03-04 14:00:00,pm25,PIIANN,46.0,55.3961
2023-01-05 12:00:00,pm25,PIIANN,58.333332,41.749985
2024-12-10 14:00:00,pm25,PIIANN,56.46,44.3384
2025-08-03 22:00:00,pm25,PIIANN,104.74,114.22456
2025-04-05 04:00:00,pm25,PIIANN,90.14,108.40102
2024-01-09 16:00:00,pm25,PIIANN,34.25,29.9843
2023-05-07 23:00:00,pm25,PIIANN,34.0,30.37689
2023-02-08 20:00:00,pm25,PIIANN,18.000002,28.119276
2024-02-04 15:00:00,pm25,PIIANN,62.114994,30.287477
2021-03-04 01:00:00,pm25,PIIANN,51.0,67.12585
2022-01-02 19:00:00,pm25,PIIANN,186.25,169.1061
2025-09-06 19:00:00,pm25,PIIANN,58.0,49.489754
2022-12-12 21:00:00,pm25,PIIANN,135.0,163.10883
2022-05-02 11:00:00,pm25,PIIANN,102.0,73.6422
2024-05-07 12:00:00,pm25,PIIANN,28.200003,34.422554
2025-12-11 11:00:00,pm25,PIIANN,38.543995,208.19551
2022-11-09 05:00:00,pm25,PIIANN,22.000002,26.787474
2025-01-07 14:00:00,pm25,PIIANN,1.6999981,16.282663
2024-04-04 04:00:00,pm25,PIIANN,62.114994,78.84394
2024-01-04 01:00:00,pm25,PIIANN,62.114994,65.96771
2023-03-12 14:00:00,pm25,PIIANN,107.92,169.95085
2022-02-13 02:00:00,pm25,PIIANN,302.26544,252.00528
2024-03-02 14:00:00,pm25,PIIANN,62.114994,79.839386
2023-04-03 18:00:00,pm25,PIIANN,35.0,39.19874
2022-03-04 08:00:00,pm25,PIIANN,190.25,171.53899
2022-05-03 19:00:00,pm25,PIIANN,36.750004,39.62002
2022-04-05 10:00:00,pm25,PIIANN,88.5,120.71547
2023-03-08 17:00:00,pm25,PIIANN,40.0,27.16577
2024-11-08 15:00:00,pm25,PIIANN,12.0599985,21.007616
2025-10-04 12:00:00,pm25,PIIANN,76.04,107.34363
2023-08-03 16:00:00,pm25,PIIANN,62.114994,56.73778
2024-12-09 03:00:00,pm25,PIIANN,13.720002,27.019793
2023-08-08 07:00:00,pm25,PIIANN,19.000002,35.25887
2022-10-05 05:00:00,pm25,PIIANN,73.0,64.28183
2021-09-09 11:00:00,pm25,PIIANN,32.75,26.311869
2023-05-06 12:00:00,pm25,PIIANN,36.25,36.84269
2021-09-11 10:00:00,pm25,PIIANN,352.0,274.4126
2024-11-03 16:00:00,pm25,PIIANN,62.114994,60.253025
2025-11-03 21:00:00,pm25,PIIANN,112.63,159.95213
2022-03-02 20:00:00,pm25,PIIANN,154.75,134.78093
2025-07-06 11:00:00,pm25,PIIANN,52.0,62.35142
2022-07-06 17:00:00,pm25,PIIANN,123.0,58.711395
2024-05-09 17:00:00,pm25,PIIANN,41.35,27.022467
2025-12-01 16:00:00,pm25,PIIANN,170.06,126.3877
2023-04-09 09:00:00,pm25,PIIANN,33.0,52.927235
2023-09-02 23:00:00,pm25,PIIANN,119.666664,95.25681
2025-12-03 13:00:00,pm25,PIIANN,73.34,96.79102
2023-03-11 00:00:00,pm25,PIIANN,432.84,186.06038
2025-01-05 02:00:00,pm25,PIIANN,86.0,76.33303
2022-10-12 21:00:00,pm25,PIIANN,172.0,220.48444
2022-06-09 14:00:00,pm25,PIIANN,35.75,28.78113
2025-10-10 11:00:00,pm25,PIIANN,33.39,45.30819
2021-03-05 16:00:00,pm25,PIIANN,18.000002,37.89143
2024-10-03 16:00:00,pm25,PIIANN,62.114994,81.80798
2024-06-05 20:00:00,pm25,PIIANN,62.114994,85.56405
2025-04-07 23:00:00,pm25,PIIANN,53.0,61.996227
2023-02-05 06:00:00,pm25,PIIANN,25.250002,30.582788
2024-02-07 13:00:00,pm25,PIIANN,32.0,45.6567
2022-03-08 17:00:00,pm25,PIIANN,45.75,37.80452
2021-03-12 19:00:00,pm25,PIIANN,220.5,210.07758
2022-04-08 14:00:00,pm25,PIIANN,45.000004,33.690907
2023-01-03 21:00:00,pm25,PIIANN,128.0,119.26424
2022-07-11 19:00:00,pm25,PIIANN,132.5,165.21028
2023-07-03 14:00:00,pm25,PIIANN,33.0,42.02115
2025-08-08 05:00:00,pm25,PIIANN,30.930002,33.814377
2025-01-05 01:00:00,pm25,PIIANN,84.91,79.818596
2025-01-08 19:00:00,pm25,PIIANN,25.970003,14.746873
2021-04-09 05:00:00,pm25,PIIANN,51.75,39.481407
2021-06-09 20:00:00,pm25,PIIANN,48.0,46.371334
2022-04-08 19:00:00,pm25,PIIANN,20.000002,29.19663
2023-01-06 21:00:00,pm25,PIIANN,62.114994,44.526417
2022-09-13 01:00:00,pm25,PIIANN,189.39491,209.21985
2022-09-04 00:00:00,pm25,PIIANN,155.0,86.072205
2024-05-06 02:00:00,pm25,PIIANN,59.6,69.5175
2025-02-07 17:00:00,pm25,PIIANN,27.97,28.357924
2023-02-10 02:00:00,pm25,PIIANN,40.8475,45.63754
2022-03-11 06:00:00,pm25,PIIANN,570.75,464.41205
2023-08-07 11:00:00,pm25,PIIANN,3.0000012,23.163958
2025-05-12 21:00:00,pm25,PIIANN,195.33,193.5473
2022-05-06 01:00:00,pm25,PIIANN,111.7364,91.61226
2022-11-02 23:00:00,pm25,PIIANN,128.0,121.14934
2021-02-06 19:00:00,pm25,PIIANN,9.000001,26.275225
2025-02-02 02:00:00,pm25,PIIANN,193.6,216.07124
2023-05-08 08:00:00,pm25,PIIANN,62.114994,40.757835
2024-10-04 07:00:00,pm25,PIIANN,62.114994,89.25466
2021-02-08 16:00:00,pm25,PIIANN,27.250002,19.164164
2023-07-01 18:00:00,pm25,PIIANN,244.75,220.30196
2023-04-03 02:00:00,pm25,PIIANN,41.25,45.881046
2022-06-03 06:00:00,pm25,PIIANN,118.75,78.852036
2022-08-10 15:00:00,pm25,PIIANN,5.000001,12.104447
2024-01-03 14:00:00,pm25,PIIANN,62.114994,60.10087
2022-06-11 00:00:00,pm25,PIIANN,211.75,51.958935
2025-07-07 21:00:00,pm25,PIIANN,38.62,23.825365
2021-10-09 11:00:00,pm25,PIIANN,40.75,21.108316
2024-02-01 20:00:00,pm25,PIIANN,247.2,210.46646
2022-03-07 18:00:00,pm25,PIIANN,15.250001,25.639727
2025-08-02 01:00:00,pm25,PIIANN,83.28,72.821045
2022-12-02 08:00:00,pm25,PIIANN,86.0,73.996025
2024-05-08 09:00:00,pm25,PIIANN,18.930002,31.902773
2021-05-02 18:00:00,pm25,PIIANN,43.0,49.33172
2021-09-01 21:00:00,pm25,PIIANN,171.75,134.14172
2024-02-03 04:00:00,pm25,PIIANN,62.114994,71.579
2023-02-08 03:00:00,pm25,PIIANN,15.000001,21.484278
2022-01-09 04:00:00,pm25,PIIANN,39.0,39.4803
2024-12-11 04:00:00,pm25,PIIANN,194.36,184.25438
2022-09-03 10:00:00,pm25,PIIANN,51.25,72.05722
2023-09-11 22:00:00,pm25,PIIANN,365.2,344.86023
2022-10-09 12:00:00,pm25,PIIANN,40.25,47.523693
2025-01-10 22:00:00,pm25,PIIANN,59.38,64.02641
2025-05-02 07:00:00,pm25,PIIANN,143.97,155.28691
2023-01-12 04:00:00,pm25,PIIANN,221.7075,237.22334
2022-10-10 17:00:00,pm25,PIIANN,18.750002,11.486184
2021-07-04 19:00:00,pm25,PIIANN,38.000004,56.95965
2022-09-06 23:00:00,pm25,PIIANN,57.67,72.28209
2025-12-08 09:00:00,pm25,PIIANN,19.949999,28.478842
2021-02-10 11:00:00,pm25,PIIANN,40.0,33.145397
2024-01-10 04:00:00,pm25,PIIANN,76.48,55.86204
2024-08-06 16:00:00,pm25,PIIANN,32.5,30.174463
2022-03-09 08:00:00,pm25,PIIANN,22.000002,33.15916
2025-10-06 16:00:00,pm25,PIIANN,42.53,30.502134
2022-03-06 01:00:00,pm25,PIIANN,90.0,87.38173
2024-05-02 15:00:00,pm25,PIIANN,62.114994,49.928783
2025-08-01 20:00:00,pm25,PIIANN,208.62,168.91563
2022-05-03 11:00:00,pm25,PIIANN,60.999996,48.882122
2025-04-08 17:00:00,pm25,PIIANN,27.06,27.829905
2022-07-09 16:00:00,pm25,PIIANN,32.75,28.985422
2023-02-08 02:00:00,pm25,PIIANN,20.000002,18.673769
2023-03-06 14:00:00,pm25,PIIANN,33.0,23.649294
2025-01-04 19:00:00,pm25,PIIANN,36.9,40.69039
2022-06-06 16:00:00,pm25,PIIANN,32.75,42.95188
2022-06-09 23:00:00,pm25,PIIANN,28.000002,37.111313
2024-10-10 11:00:00,pm25,PIIANN,62.63,64.1955
2023-12-11 01:00:00,pm25,PIIANN,162.74,125.34202
2022-09-11 00:00:00,pm25,PIIANN,70.25,59.780148
2024-09-07 05:00:00,pm25,PIIANN,39.2,42.38912
2021-07-10 17:00:00,pm25,PIIANN,50.0,48.0173
2025-07-12 12:00:00,pm25,PIIANN,158.02,129.37566
2021-08-07 00:00:00,pm25,PIIANN,133.9,100.93782
2025-12-02 12:00:00,pm25,PIIANN,45.84,65.933304
2024-11-03 04:00:00,pm25,PIIANN,62.114994,131.5009
2023-11-09 21:00:00,pm25,PIIANN,37.0,38.30554
2023-12-03 06:00:00,pm25,PIIANN,119.0,118.70732
2024-06-08 11:00:00,pm25,PIIANN,14.269998,27.647703
2025-08-10 14:00:00,pm25,PIIANN,32.03,19.84051
2024-07-06 05:00:00,pm25,PIIANN,62.1,68.30731
2024-07-05 17:00:00,pm25,PIIANN,69.6,68.39001
2023-05-03 05:00:00,pm25,PIIANN,36.750004,45.203896
2024-06-12 21:00:00,pm25,PIIANN,124.95,112.75161
2022-03-11 11:00:00,pm25,PIIANN,470.5,471.59482
2022-06-07 21:00:00,pm25,PIIANN,58.749996,42.01483
2021-10-09 02:00:00,pm25,PIIANN,30.750002,21.67647
2025-01-02 08:00:00,pm25,PIIANN,214.82002,236.3228
2021-04-10 18:00:00,pm25,PIIANN,25.250002,22.817636
2024-05-03 18:00:00,pm25,PIIANN,62.114994,61.528934
2025-11-07 01:00:00,pm25,PIIANN,35.219997,38.3634
2024-12-08 05:00:00,pm25,PIIANN,14.869996,25.609224
2025-04-04 19:00:00,pm25,PIIANN,50.71,55.424442
2023-03-04 05:00:00,pm25,PIIANN,74.0,80.39205
2025-02-06 03:00:00,pm25,PIIANN,62.114994,53.182137
2024-06-04 19:00:00,pm25,PIIANN,62.114994,47.62364
2025-07-08 01:00:00,pm25,PIIANN,39.88,40.86132
2023-04-03 10:00:00,pm25,PIIANN,31.250002,49.832664
2023-06-06 16:00:00,pm25,PIIANN,39.2,43.00868
2025-02-07 19:00:00,pm25,PIIANN,31.090006,25.501383
2022-12-04 19:00:00,pm25,PIIANN,123.5,96.62028
2023-11-11 02:00:00,pm25,PIIANN,163.2,126.24572
2024-05-06 19:00:00,pm25,PIIANN,37.2,74.563194
2023-06-03 20:00:00,pm25,PIIANN,45.000004,38.52056
2021-09-10 12:00:00,pm25,PIIANN,64.75,52.364353
2025-04-07 20:00:00,pm25,PIIANN,40.0,48.51837
2021-07-12 08:00:00,pm25,PIIANN,138.75,125.0864
2022-04-03 22:00:00,pm25,PIIANN,50.75,45.545715
2025-08-11 14:00:00,pm25,PIIANN,266.21,193.8517
2022-06-11 07:00:00,pm25,PIIANN,183.75,175.79153
2022-11-08 23:00:00,pm25,PIIANN,14.000001,30.244501
2025-08-05 09:00:00,pm25,PIIANN,133.91,102.12715
2022-04-07 16:00:00,pm25,PIIANN,38.000004,41.251736
2021-02-04 15:00:00,pm25,PIIANN,10.500001,28.178171
2023-06-01 20:00:00,pm25,PIIANN,251.25,280.99332
2023-07-11 19:00:00,pm25,PIIANN,261.89,226.07448
2021-01-05 12:00:00,pm25,PIIANN,70.875,77.86959
2023-10-08 00:00:00,pm25,PIIANN,40.0,19.937624
2021-09-11 06:00:00,pm25,PIIANN,320.75,286.2922
2021-06-11 05:00:00,pm25,PIIANN,335.00003,338.27432
2025-10-07 12:00:00,pm25,PIIANN,25.680002,27.909227
2023-12-03 15:00:00,pm25,PIIANN,41.0,36.85886
2024-06-12 06:00:00,pm25,PIIANN,92.41,72.244095
2025-11-09 03:00:00,pm25,PIIANN,24.74,19.271517
2024-01-02 04:00:00,pm25,PIIANN,62.114994,113.32021
2022-08-08 13:00:00,pm25,PIIANN,44.0,32.42758
2023-09-11 10:00:00,pm25,PIIANN,404.895,367.26123
2024-03-09 16:00:00,pm25,PIIANN,25.659998,25.510729
2022-12-10 04:00:00,pm25,PIIANN,54.0,51.61356
2023-10-07 13:00:00,pm25,PIIANN,34.0,28.634119
2022-05-06 03:00:00,pm25,PIIANN,62.114994,110.50408
2021-07-12 23:00:00,pm25,PIIANN,135.0,113.540436
2021-08-01 11:00:00,pm25,PIIANN,102.0,77.59462
2023-10-04 06:00:00,pm25,PIIANN,101.25,94.64353
2023-03-08 04:00:00,pm25,PIIANN,13.000001,23.278154
2025-08-01 10:00:00,pm25,PIIANN,122.45,148.10555
2022-11-10 10:00:00,pm25,PIIANN,31.000006,24.860598
2023-12-05 08:00:00,pm25,PIIANN,99.5,101.19385
2023-09-02 16:00:00,pm25,PIIANN,62.114994,65.49427
2022-10-03 06:00:00,pm25,PIIANN,93.5,78.09869
2023-05-09 08:00:00,pm25,PIIANN,23.000002,37.881195
2021-12-10 23:00:00,pm25,PIIANN,60.999996,119.53755
2021-01-12 09:00:00,pm25,PIIANN,177.5,163.06342
2021-06-10 22:00:00,pm25,PIIANN,48.0,53.844917
2022-10-11 15:00:00,pm25,PIIANN,68.0,76.397514
2024-07-11 07:00:00,pm25,PIIANN,223.39,194.6366
2023-07-01 16:00:00,pm25,PIIANN,200.0,203.99133
2025-11-03 15:00:00,pm25,PIIANN,64.55,78.469894
2024-02-06 04:00:00,pm25,PIIANN,34.7,58.23856
2023-03-02 11:00:00,pm25,PIIANN,63.25,67.03737
2023-09-04 10:00:00,pm25,PIIANN,122.75,146.96048
2024-07-02 00:00:00,pm25,PIIANN,212.99518,101.88818
2025-11-04 10:00:00,pm25,PIIANN,62.64,69.09947
2022-11-10 08:00:00,pm25,PIIANN,34.75,23.626268
2025-09-12 00:00:00,pm25,PIIANN,162.32,157.34438
2022-06-06 17:00:00,pm25,PIIANN,34.5,40.34058
2021-12-03 22:00:00,pm25,PIIANN,15.000001,59.534164
2022-08-12 02:00:00,pm25,PIIANN,122.0,85.93365
2021-01-04 09:00:00,pm25,PIIANN,70.5,77.31609
2022-05-08 06:00:00,pm25,PIIANN,26.035997,22.926287
2025-03-05 00:00:00,pm25,PIIANN,84.79,92.53641
2025-05-06 09:00:00,pm25,PIIANN,0.04000207,46.492916
2024-06-12 23:00:00,pm25,PIIANN,143.12,142.9579
2022-03-06 02:00:00,pm25,PIIANN,84.0,107.90672
2021-01-10 16:00:00,pm25,PIIANN,19.250002,37.30266
2023-11-06 19:00:00,pm25,PIIANN,43.0,41.268692
2024-05-04 23:00:00,pm25,PIIANN,62.114994,80.74515
2021-11-11 01:00:00,pm25,PIIANN,256.00003,246.73534
2023-09-11 01:00:00,pm25,PIIANN,265.2175,283.2764
2025-08-07 10:00:00,pm25,PIIANN,46.86,39.904575
2022-10-04 11:00:00,pm25,PIIANN,110.0,117.716484
2024-10-03 22:00:00,pm25,PIIANN,62.114994,142.74622
2025-03-10 21:00:00,pm25,PIIANN,46.52,43.86542
2024-09-02 06:00:00,pm25,PIIANN,62.114994,87.1966
2021-11-04 07:00:00,pm25,PIIANN,54.5,64.32633
2024-08-01 21:00:00,pm25,PIIANN,350.46,405.187
2021-02-01 19:00:00,pm25,PIIANN,232.25,211.47424
2025-08-03 13:00:00,pm25,PIIANN,40.0,50.19815
2023-03-01 19:00:00,pm25,PIIANN,245.0,243.92363
2023-02-11 19:00:00,pm25,PIIANN,432.2025,411.16003
2025-09-08 04:00:00,pm25,PIIANN,16.019999,26.032778
2022-11-02 17:00:00,pm25,PIIANN,50.25,40.933994
2024-03-02 12:00:00,pm25,PIIANN,62.114994,77.14938
2025-09-03 02:00:00,pm25,PIIANN,125.16,127.85382
2022-10-05 15:00:00,pm25,PIIANN,52.25,45.231438
2025-07-03 02:00:00,pm25,PIIANN,111.74,112.74821
2024-07-02 22:00:00,pm25,PIIANN,62.114994,81.19049
2021-05-03 05:00:00,pm25,PIIANN,132.0,121.49165
2025-05-04 20:00:00,pm25,PIIANN,63.5,67.511
2024-12-12 05:00:00,pm25,PIIANN,174.39001,150.12682
2025-07-10 06:00:00,pm25,PIIANN,37.809998,28.297205
2023-05-03 23:00:00,pm25,PIIANN,73.0,44.212696
2021-01-10 07:00:00,pm25,PIIANN,62.249996,68.29117
2023-08-12 12:00:00,pm25,PIIANN,121.7525,136.77719
2024-08-10 01:00:00,pm25,PIIANN,62.55,86.56675
2024-08-08 06:00:00,pm25,PIIANN,21.449999,32.63405
2022-04-13 02:00:00,pm25,PIIANN,233.49365,191.12735
2024-12-11 10:00:00,pm25,PIIANN,191.38,178.18716
2023-09-02 10:00:00,pm25,PIIANN,107.0,91.4209
2024-03-03 11:00:00,pm25,PIIANN,62.114994,89.99928
2024-09-11 16:00:00,pm25,PIIANN,132.11,137.85445
2022-11-09 17:00:00,pm25,PIIANN,21.000002,23.731867
2021-02-08 23:00:00,pm25,PIIANN,40.0,35.18241
2024-05-10 18:00:00,pm25,PIIANN,32.55,45.819515
2021-07-03 12:00:00,pm25,PIIANN,95.5,113.419876
2023-09-03 15:00:00,pm25,PIIANN,56.75,37.150116
2023-03-10 17:00:00,pm25,PIIANN,32.595,42.817905
2021-07-08 14:00:00,pm25,PIIANN,25.000002,25.801332
2022-07-03 21:00:00,pm25,PIIANN,186.75,162.91643
2024-07-09 09:00:00,pm25,PIIANN,28.160002,28.248121
2023-01-03 01:00:00,pm25,PIIANN,66.0,91.20987
2023-10-04 02:00:00,pm25,PIIANN,103.5,109.45833
2022-07-02 14:00:00,pm25,PIIANN,62.114994,53.174805
2021-03-05 10:00:00,pm25,PIIANN,114.5,152.27626
2025-04-09 16:00:00,pm25,PIIANN,22.040003,15.680696
2023-09-08 01:00:00,pm25,PIIANN,29.000002,34.549248
2022-05-08 15:00:00,pm25,PIIANN,39.249996,31.573523
2023-10-10 19:00:00,pm25,PIIANN,52.8125,70.53168
2023-04-11 02:00:00,pm25,PIIANN,195.595,258.98807
2023-05-12 14:00:00,pm25,PIIANN,95.31,122.2455
2025-12-07 17:00:00,pm25,PIIANN,37.0,27.71491
2025-06-06 11:00:00,pm25,PIIANN,42.04,47.091125
2024-05-06 07:00:00,pm25,PIIANN,42.2,69.05972
2023-04-06 18:00:00,pm25,PIIANN,52.0,70.10189
2023-05-11 23:00:00,pm25,PIIANN,285.34668,265.59143
2024-06-02 22:00:00,pm25,PIIANN,62.114994,86.86321
2022-04-12 22:00:00,pm25,PIIANN,244.0,236.7249
2024-10-03 02:00:00,pm25,PIIANN,62.114994,115.83696
2024-01-05 13:00:00,pm25,PIIANN,62.114994,38.10505
2022-11-12 01:00:00,pm25,PIIANN,200.0,161.39388
2023-07-05 12:00:00,pm25,PIIANN,50.25,47.643017
2022-01-04 22:00:00,pm25,PIIANN,114.25,138.97722
2023-09-04 22:00:00,pm25,PIIANN,90.25,85.25513
2023-06-05 03:00:00,pm25,PIIANN,188.5,147.28221
2022-04-10 13:00:00,pm25,PIIANN,80.0,61.201775
2024-03-08 01:00:00,pm25,PIIANN,37.46,44.33077
2022-07-05 08:00:00,pm25,PIIANN,76.75,76.13312
2022-12-13 01:00:00,pm25,PIIANN,120.432495,136.03073
2023-04-08 08:00:00,pm25,PIIANN,23.000002,35.013824
2021-01-03 22:00:00,pm25,PIIANN,75.25,81.54665
2021-12-08 16:00:00,pm25,PIIANN,35.500004,28.569975
2024-10-12 02:00:00,pm25,PIIANN,141.2,113.261314
2022-06-10 00:00:00,pm25,PIIANN,44.25,34.769573
2023-07-06 00:00:00,pm25,PIIANN,230.75,44.199585
2024-12-05 18:00:00,pm25,PIIANN,71.4,38.49001
2024-04-03 06:00:00,pm25,PIIANN,62.114994,80.11511
2023-07-09 08:00:00,pm25,PIIANN,20.000002,32.211315
2023-01-08 14:00:00,pm25,PIIANN,34.0,22.13035
2025-07-08 10:00:00,pm25,PIIANN,22.720003,35.279873
2023-01-01 17:00:00,pm25,PIIANN,70.25,58.33876
2023-05-10 13:00:00,pm25,PIIANN,80.995,63.523865
2025-12-01 11:00:00,pm25,PIIANN,156.21,148.32704
2024-02-06 17:00:00,pm25,PIIANN,39.5,29.52424
2021-03-12 21:00:00,pm25,PIIANN,233.5,222.15248
2021-02-12 22:00:00,pm25,PIIANN,138.0,160.4629
2025-12-05 21:00:00,pm25,PIIANN,98.74,75.67111
2022-08-07 07:00:00,pm25,PIIANN,32.75,36.74143
2023-12-12 16:00:00,pm25,PIIANN,115.5475,131.22302
2025-01-12 13:00:00,pm25,PIIANN,92.65,125.70678
2024-01-05 05:00:00,pm25,PIIANN,62.114994,89.91945
2023-01-07 03:00:00,pm25,PIIANN,16.000002,18.850176
2022-04-05 08:00:00,pm25,PIIANN,105.75,145.59584
2024-02-12 12:00:00,pm25,PIIANN,158.4,142.2703
2023-07-01 22:00:00,pm25,PIIANN,387.25,302.509
2024-04-04 07:00:00,pm25,PIIANN,62.114994,66.97934
2023-10-01 22:00:00,pm25,PIIANN,355.75,259.74216
2021-02-04 09:00:00,pm25,PIIANN,99.25,105.50304
2022-07-01 21:00:00,pm25,PIIANN,63.5,67.6053
2021-11-12 02:00:00,pm25,PIIANN,122.0,124.43097
2022-04-06 21:00:00,pm25,PIIANN,62.114994,79.818016
2021-03-03 05:00:00,pm25,PIIANN,84.25,50.53257
2021-12-07 14:00:00,pm25,PIIANN,31.000006,29.900106
2024-03-04 01:00:00,pm25,PIIANN,62.114994,74.68147
2025-06-12 19:00:00,pm25,PIIANN,125.32,113.16866
2021-04-06 15:00:00,pm25,PIIANN,40.499996,36.34559
2023-09-01 22:00:00,pm25,PIIANN,506.5,440.90482
2024-11-05 02:00:00,pm25,PIIANN,12.699998,49.99923
2021-08-10 08:00:00,pm25,PIIANN,107.75,70.714966
2025-10-12 09:00:00,pm25,PIIANN,120.06,120.34453
2025-12-12 00:00:00,pm25,PIIANN,203.92,191.79561
2021-11-03 20:00:00,pm25,PIIANN,81.5,98.97826
2023-09-03 19:00:00,pm25,PIIANN,59.0,45.37577
2022-09-06 02:00:00,pm25,PIIANN,31.250002,51.442635
2022-09-04 11:00:00,pm25,PIIANN,68.25,98.94121
2023-12-07 13:00:00,pm25,PIIANN,44.0,15.963189
2022-10-05 14:00:00,pm25,PIIANN,57.25,48.406345
2022-01-04 01:00:00,pm25,PIIANN,98.25,167.4464
2023-02-11 15:00:00,pm25,PIIANN,448.835,326.25214
2024-06-03 09:00:00,pm25,PIIANN,62.114994,88.85077
2025-10-04 01:00:00,pm25,PIIANN,90.13,133.86462
2021-01-05 07:00:00,pm25,PIIANN,85.0,95.374886
2024-10-03 14:00:00,pm25,PIIANN,62.114994,83.824615
2024-04-07 04:00:00,pm25,PIIANN,17.000002,34.395233
2022-11-05 05:00:00,pm25,PIIANN,51.75,52.468586
2021-10-09 17:00:00,pm25,PIIANN,19.750002,16.61477
2021-02-09 18:00:00,pm25,PIIANN,22.000002,15.221574
2021-02-04 16:00:00,pm25,PIIANN,11.000001,23.665277
2022-05-01 10:00:00,pm25,PIIANN,362.5,274.93503
2025-11-06 22:00:00,pm25,PIIANN,81.01,93.20905
2025-12-06 10:00:00,pm25,PIIANN,82.0,76.39767
2022-07-11 07:00:00,pm25,PIIANN,218.50002,211.22974
2025-08-04 01:00:00,pm25,PIIANN,127.29,147.07874
2024-12-01 23:00:00,pm25,PIIANN,302.72,221.53362
2025-02-06 02:00:00,pm25,PIIANN,84.527,53.693665
2022-10-07 00:00:00,pm25,PIIANN,24.000002,45.388756
2022-02-10 21:00:00,pm25,PIIANN,53.25,53.703808
2023-05-08 16:00:00,pm25,PIIANN,1.0000012,16.398966
2025-02-04 19:00:00,pm25,PIIANN,99.9,75.17371
2025-06-06 02:00:00,pm25,PIIANN,46.0,47.71455
2022-11-08 08:00:00,pm25,PIIANN,10.250001,29.743158
2025-01-12 22:00:00,pm25,PIIANN,217.61,210.86475
2023-12-09 15:00:00,pm25,PIIANN,49.0,28.734781
2023-08-10 06:00:00,pm25,PIIANN,72.7325,71.69137
2023-08-09 17:00:00,pm25,PIIANN,13.000001,9.246316
2025-02-05 02:00:00,pm25,PIIANN,90.86,59.064796
2021-10-08 16:00:00,pm25,PIIANN,38.000004,19.629091
2025-09-11 21:00:00,pm25,PIIANN,168.0,176.17545
2025-04-12 07:00:00,pm25,PIIANN,195.15,190.6872
2024-10-04 10:00:00,pm25,PIIANN,62.114994,85.409874
2023-07-04 23:00:00,pm25,PIIANN,76.666664,93.56901
2025-10-09 08:00:00,pm25,PIIANN,22.760004,19.889635
2023-01-11 16:00:00,pm25,PIIANN,129.1025,133.74498
2024-04-07 22:00:00,pm25,PIIANN,28.200003,36.064224
2022-07-04 07:00:00,pm25,PIIANN,180.0,205.90176
2023-07-07 07:00:00,pm25,PIIANN,19.000002,29.258226
2025-09-03 23:00:00,pm25,PIIANN,131.24,129.23534
2024-06-12 04:00:00,pm25,PIIANN,106.1,88.837395
2023-10-12 07:00:00,pm25,PIIANN,150.935,155.90332
2021-11-06 17:00:00,pm25,PIIANN,70.0,51.058815
2024-01-11 14:00:00,pm25,PIIANN,60.529995,97.792206
2024-08-04 22:00:00,pm25,PIIANN,62.114994,84.16415
2023-03-03 07:00:00,pm25,PIIANN,74.75,92.0213
2022-06-02 00:00:00,pm25,PIIANN,46.0,101.65569
2021-08-05 00:00:00,pm25,PIIANN,77.0,64.595436
2024-02-08 17:00:00,pm25,PIIANN,26.860003,23.984339
2022-12-10 11:00:00,pm25,PIIANN,77.5,58.88798
2023-12-09 22:00:00,pm25,PIIANN,44.0,51.08023
2021-04-03 19:00:00,pm25,PIIANN,93.25,79.563484
2025-07-02 12:00:00,pm25,PIIANN,55.35,55.012547
2024-07-03 07:00:00,pm25,PIIANN,62.114994,107.26277
2024-03-11 03:00:00,pm25,PIIANN,258.42,256.1555
2024-09-01 13:00:00,pm25,PIIANN,160.23,164.10695
2025-06-04 04:00:00,pm25,PIIANN,144.48,115.479546
2024-11-02 17:00:00,pm25,PIIANN,62.114994,105.24944
2024-09-08 20:00:00,pm25,PIIANN,25.220003,20.896189
2022-01-07 05:00:00,pm25,PIIANN,24.750002,27.109846
2022-08-03 04:00:00,pm25,PIIANN,148.5,153.30069
2024-04-07 05:00:00,pm25,PIIANN,18.699999,35.316372
2023-12-09 21:00:00,pm25,PIIANN,48.75,47.728413
2022-11-09 03:00:00,pm25,PIIANN,29.250002,29.335012
2023-11-06 17:00:00,pm25,PIIANN,39.249996,31.624594
2022-09-02 16:00:00,pm25,PIIANN,32.249996,42.993042
2021-08-04 14:00:00,pm25,PIIANN,30.250002,45.741203
2024-04-05 12:00:00,pm25,PIIANN,62.114994,82.650116
2023-01-10 19:00:00,pm25,PIIANN,53.2325,57.214226
2023-06-10 13:00:00,pm25,PIIANN,41.227005,43.27606
2021-01-06 06:00:00,pm25,PIIANN,6.500001,37.24281
2025-06-12 21:00:00,pm25,PIIANN,167.6,177.61119
2023-01-11 13:00:00,pm25,PIIANN,130.185,165.4351
2024-02-09 01:00:00,pm25,PIIANN,24.150003,25.652666
2023-08-04 16:00:00,pm25,PIIANN,17.250002,31.288523
2022-03-02 21:00:00,pm25,PIIANN,142.25,135.24216
2022-08-04 09:00:00,pm25,PIIANN,128.25,123.56164
2025-03-06 22:00:00,pm25,PIIANN,60.999996,83.89873
2024-06-10 07:00:00,pm25,PIIANN,48.67,52.615974
2021-10-10 18:00:00,pm25,PIIANN,47.25,62.514767
2024-06-11 10:00:00,pm25,PIIANN,62.114994,128.47227
2022-08-10 06:00:00,pm25,PIIANN,11.000001,18.741335
2021-10-10 03:00:00,pm25,PIIANN,65.0,81.072685
2021-10-09 22:00:00,pm25,PIIANN,21.250002,44.490208
2022-05-10 01:00:00,pm25,PIIANN,90.75,104.5881
2023-03-08 05:00:00,pm25,PIIANN,11.000001,38.293625
2021-07-08 23:00:00,pm25,PIIANN,46.0,48.208775
2024-09-07 17:00:00,pm25,PIIANN,22.699999,30.803324
2025-06-09 16:00:00,pm25,PIIANN,19.78,18.785387
2022-10-07 19:00:00,pm25,PIIANN,35.0,28.073542
2021-05-10 19:00:00,pm25,PIIANN,28.000002,44.165627
2023-05-04 11:00:00,pm25,PIIANN,46.249996,84.26701
2023-11-06 06:00:00,pm25,PIIANN,26.000002,27.908129
2024-04-09 03:00:00,pm25,PIIANN,27.710001,29.310759
2023-04-02 20:00:00,pm25,PIIANN,134.5,86.6454
2024-10-11 23:00:00,pm25,PIIANN,179.37,148.15402
2022-05-06 18:00:00,pm25,PIIANN,62.114994,42.909687
2025-03-08 10:00:00,pm25,PIIANN,22.019999,25.712442
2022-11-10 11:00:00,pm25,PIIANN,24.250002,22.751749
2021-04-03 14:00:00,pm25,PIIANN,54.0,82.23867
2023-02-10 03:00:00,pm25,PIIANN,42.2525,42.909885
2025-06-09 15:00:00,pm25,PIIANN,21.339998,20.647036
2024-01-12 05:00:00,pm25,PIIANN,198.72,188.67792
2024-06-07 12:00:00,pm25,PIIANN,38.9,34.917183
2024-05-06 18:00:00,pm25,PIIANN,41.9,69.594536
2021-06-02 01:00:00,pm25,PIIANN,132.0,109.19984
2022-03-08 19:00:00,pm25,PIIANN,54.75,43.736088
2025-06-06 00:00:00,pm25,PIIANN,47.509995,61.553864
2023-10-12 09:00:00,pm25,PIIANN,127.2375,137.40877
2025-10-04 09:00:00,pm25,PIIANN,98.42,119.24488
2024-12-09 19:00:00,pm25,PIIANN,9.619996,16.697428
2024-03-10 17:00:00,pm25,PIIANN,49.420002,48.172134
2022-05-08 11:00:00,pm25,PIIANN,35.500004,37.950024
2022-09-05 10:00:00,pm25,PIIANN,69.0,74.15136
2021-09-05 07:00:00,pm25,PIIANN,56.25,40.072422
2025-03-03 20:00:00,pm25,PIIANN,64.6,81.21175
2021-06-02 19:00:00,pm25,PIIANN,52.75,53.928665
2024-09-10 23:00:00,pm25,PIIANN,56.92,91.705666
2021-03-03 07:00:00,pm25,PIIANN,166.0,121.943375
2024-04-09 21:00:00,pm25,PIIANN,27.700003,21.01671
2024-12-03 01:00:00,pm25,PIIANN,62.114994,94.99403
2025-01-04 00:00:00,pm25,PIIANN,59.39,124.10262
2022-05-05 20:00:00,pm25,PIIANN,101.0,78.90773
2024-07-08 11:00:00,pm25,PIIANN,23.53,30.297102
2023-01-13 02:00:00,pm25,PIIANN,269.3098,253.37804
2025-04-05 09:00:00,pm25,PIIANN,151.59,168.44122
2025-12-11 03:00:00,pm25,PIIANN,0.04000207,184.93912
2024-07-12 02:00:00,pm25,PIIANN,129.28,121.93526
2022-07-03 22:00:00,pm25,PIIANN,151.25,185.34703
2025-09-10 05:00:00,pm25,PIIANN,31.26,34.866688
2022-08-05 15:00:00,pm25,PIIANN,71.25,55.617584
2025-01-12 14:00:00,pm25,PIIANN,83.2,98.874916
2024-09-04 06:00:00,pm25,PIIANN,62.114994,88.815186
2024-03-03 12:00:00,pm25,PIIANN,62.114994,93.1825
2022-11-08 03:00:00,pm25,PIIANN,9.000001,21.404085
2022-05-11 00:00:00,pm25,PIIANN,254.0,102.23605
2022-08-05 07:00:00,pm25,PIIANN,82.5,78.79848
2024-03-04 11:00:00,pm25,PIIANN,62.114994,72.55071
2024-05-01 17:00:00,pm25,PIIANN,267.48,224.18674
2025-01-11 09:00:00,pm25,PIIANN,209.0,144.70856
2021-10-10 05:00:00,pm25,PIIANN,58.0,70.318886
2022-02-12 00:00:00,pm25,PIIANN,283.536,217.52966
2024-07-02 01:00:00,pm25,PIIANN,213.37036,105.220116
2021-07-02 11:00:00,pm25,PIIANN,163.25,131.89519
2023-03-06 11:00:00,pm25,PIIANN,40.75,35.245403
2021-08-01 21:00:00,pm25,PIIANN,218.50002,203.5429
2024-12-02 01:00:00,pm25,PIIANN,296.2811,173.96465
2023-01-09 19:00:00,pm25,PIIANN,29.000002,51.197876
2024-02-02 11:00:00,pm25,PIIANN,62.114994,76.48484
2022-02-02 22:00:00,pm25,PIIANN,209.75,163.6152
2023-07-04 06:00:00,pm25,PIIANN,40.25,53.94262
2022-03-10 23:00:00,pm25,PIIANN,42.33,77.03097
2024-09-05 09:00:00,pm25,PIIANN,41.8,60.821167
2024-07-13 01:00:00,pm25,PIIANN,212.58434,185.08554
2021-11-01 11:00:00,pm25,PIIANN,101.0,83.892494
2021-07-10 20:00:00,pm25,PIIANN,78.0,84.64588
2023-01-06 07:00:00,pm25,PIIANN,82.0,41.21038
2022-05-06 02:00:00,pm25,PIIANN,110.2696,108.17064
2021-12-07 03:00:00,pm25,PIIANN,29.000002,27.133596
2024-09-07 19:00:00,pm25,PIIANN,45.9,41.223362
2022-04-07 13:00:00,pm25,PIIANN,60.999996,47.006588
2021-05-02 00:00:00,pm25,PIIANN,53.25,132.33089
2021-02-06 03:00:00,pm25,PIIANN,57.5,42.65628
2023-08-08 19:00:00,pm25,PIIANN,28.000002,44.201996
2024-09-08 13:00:00,pm25,PIIANN,22.890001,16.182886
2022-05-06 00:00:00,pm25,PIIANN,113.2032,83.280556
2021-10-06 04:00:00,pm25,PIIANN,64.0,98.19232
2021-01-11 11:00:00,pm25,PIIANN,119.25,109.82549
2024-11-10 04:00:00,pm25,PIIANN,66.9,57.911835
2022-04-12 11:00:00,pm25,PIIANN,266.75,225.75165
2023-05-12 16:00:00,pm25,PIIANN,79.935,104.490204
2023-07-03 11:00:00,pm25,PIIANN,58.0,76.40743
2025-09-09 18:00:00,pm25,PIIANN,20.040003,15.975961
2024-12-04 07:00:00,pm25,PIIANN,62.114994,87.330795
2024-07-05 05:00:00,pm25,PIIANN,62.114994,99.71729
2021-07-06 04:00:00,pm25,PIIANN,23.000002,25.199778
2021-12-09 13:00:00,pm25,PIIANN,23.000002,18.375856
2022-02-04 17:00:00,pm25,PIIANN,48.0,44.677677
2023-12-04 16:00:00,pm25,PIIANN,26.250002,41.11042
2023-12-07 03:00:00,pm25,PIIANN,20.000002,31.432112
2025-06-11 02:00:00,pm25,PIIANN,262.0,262.2278
2022-02-11 16:00:00,pm25,PIIANN,196.5,184.66223
2022-09-03 13:00:00,pm25,PIIANN,36.0,42.780224
2023-03-11 06:00:00,pm25,PIIANN,427.28998,426.52066
2024-03-08 11:00:00,pm25,PIIANN,16.35,27.534037
2021-09-07 20:00:00,pm25,PIIANN,38.25,34.80333
2024-02-13 00:00:00,pm25,PIIANN,126.643715,165.38033
2023-02-09 07:00:00,pm25,PIIANN,30.000002,52.10861
2024-05-03 03:00:00,pm25,PIIANN,62.114994,86.06418
2025-07-12 08:00:00,pm25,PIIANN,158.96,150.34285
2025-04-12 00:00:00,pm25,PIIANN,219.02,162.36447
2021-06-12 22:00:00,pm25,PIIANN,147.25,131.95389
2024-09-07 18:00:00,pm25,PIIANN,34.2,34.317158
2022-10-12 11:00:00,pm25,PIIANN,238.0,234.76468
2024-11-12 21:00:00,pm25,PIIANN,168.24,138.6424
2023-10-01 08:00:00,pm25,PIIANN,143.25,237.31702
2023-01-04 00:00:00,pm25,PIIANN,29.750006,133.6019
2022-03-10 11:00:00,pm25,PIIANN,50.25,51.795547
2024-02-08 19:00:00,pm25,PIIANN,33.109997,26.535936
2021-08-11 14:00:00,pm25,PIIANN,193.00002,218.99004
2023-01-03 15:00:00,pm25,PIIANN,68.0,62.673462
2024-09-04 15:00:00,pm25,PIIANN,62.114994,33.16485
2024-04-10 14:00:00,pm25,PIIANN,66.5,37.32179
2025-01-05 12:00:00,pm25,PIIANN,84.89,75.05393
2022-05-05 11:00:00,pm25,PIIANN,78.5,71.74308
2021-12-07 21:00:00,pm25,PIIANN,22.000002,23.18506
2025-05-09 03:00:00,pm25,PIIANN,25.979998,25.445734
2025-08-04 16:00:00,pm25,PIIANN,74.03,62.97022
2024-11-02 19:00:00,pm25,PIIANN,62.114994,108.40952
2024-01-08 20:00:00,pm25,PIIANN,24.38,29.535048
2021-05-12 07:00:00,pm25,PIIANN,146.0,137.55685
2025-12-10 00:00:00,pm25,PIIANN,53.9,98.06921
2023-06-07 20:00:00,pm25,PIIANN,14.000001,16.92824
2021-04-10 13:00:00,pm25,PIIANN,12.500001,11.430726
2022-09-02 10:00:00,pm25,PIIANN,82.5,79.48982
2022-02-04 04:00:00,pm25,PIIANN,142.75,124.683784
2024-09-12 20:00:00,pm25,PIIANN,144.25,115.320404
2024-03-10 01:00:00,pm25,PIIANN,87.98,96.18206
2024-12-08 19:00:00,pm25,PIIANN,36.32,30.053026
2021-08-11 07:00:00,pm25,PIIANN,267.0,243.70953
2025-12-04 04:00:00,pm25,PIIANN,43.179996,49.39142
2021-05-04 03:00:00,pm25,PIIANN,60.0,60.92113
2022-12-08 14:00:00,pm25,PIIANN,14.000001,22.093355
2022-01-05 03:00:00,pm25,PIIANN,145.5,134.4077
2021-12-06 04:00:00,pm25,PIIANN,40.0,34.12566
2025-09-10 03:00:00,pm25,PIIANN,35.96,33.163525
2025-08-07 06:00:00,pm25,PIIANN,41.0,38.34264
2025-04-09 09:00:00,pm25,PIIANN,23.970003,28.502672
2022-01-07 14:00:00,pm25,PIIANN,23.250002,29.691206
2022-12-05 06:00:00,pm25,PIIANN,61.5,60.012695
2023-06-07 22:00:00,pm25,PIIANN,19.000002,16.427736
2021-09-10 19:00:00,pm25,PIIANN,86.0,112.418396
2022-07-05 07:00:00,pm25,PIIANN,54.0,70.29161
2023-11-09 22:00:00,pm25,PIIANN,38.000004,38.85231
2022-12-07 19:00:00,pm25,PIIANN,23.000002,33.245525
2025-01-03 19:00:00,pm25,PIIANN,53.22,47.248646
2024-05-07 13:00:00,pm25,PIIANN,31.700003,31.445578
2024-05-02 10:00:00,pm25,PIIANN,62.114994,71.56049
2023-12-10 10:00:00,pm25,PIIANN,78.185,113.94494
2025-09-08 10:00:00,pm25,PIIANN,17.830004,26.191744
2025-12-09 21:00:00,pm25,PIIANN,26.510004,41.33677
2024-07-11 19:00:00,pm25,PIIANN,204.62,184.80238
2021-02-10 18:00:00,pm25,PIIANN,44.0,35.966724
2022-04-04 03:00:00,pm25,PIIANN,151.0,176.43364
2021-12-05 03:00:00,pm25,PIIANN,22.000002,17.609118
2025-12-04 21:00:00,pm25,PIIANN,60.3,57.58703
2022-05-09 04:00:00,pm25,PIIANN,15.000001,22.712656
2023-07-06 15:00:00,pm25,PIIANN,33.0,52.502113
2024-06-04 08:00:00,pm25,PIIANN,62.114994,73.38248
2025-04-09 00:00:00,pm25,PIIANN,20.080004,48.36602
2023-08-08 20:00:00,pm25,PIIANN,21.000002,47.02207
2023-09-03 21:00:00,pm25,PIIANN,86.75,63.998135
2023-10-12 14:00:00,pm25,PIIANN,128.79,133.33759
2025-03-06 16:00:00,pm25,PIIANN,43.0,34.503403
2022-02-10 02:00:00,pm25,PIIANN,85.0,101.629486
2022-12-06 21:00:00,pm25,PIIANN,90.5,105.13775
2025-03-05 08:00:00,pm25,PIIANN,138.26,92.715126
2025-12-06 16:00:00,pm25,PIIANN,64.0,55.025803
2023-06-05 11:00:00,pm25,PIIANN,74.75,160.75726
2023-07-05 18:00:00,pm25,PIIANN,67.0,45.95298
2022-10-01 18:00:00,pm25,PIIANN,84.0,71.071594
2022-05-03 00:00:00,pm25,PIIANN,39.249996,111.83888
2025-09-10 17:00:00,pm25,PIIANN,28.92,26.63851
2021-12-05 11:00:00,pm25,PIIANN,28.000002,35.179394
2021-11-03 14:00:00,pm25,PIIANN,67.5,96.30535
2025-12-10 01:00:00,pm25,PIIANN,43.94,67.959305
2025-01-10 15:00:00,pm25,PIIANN,46.38,32.6019
2023-10-12 02:00:00,pm25,PIIANN,182.605,188.56352
2021-09-12 05:00:00,pm25,PIIANN,135.0,114.3489
2021-02-10 21:00:00,pm25,PIIANN,60.25,68.519806
2024-04-10 02:00:00,pm25,PIIANN,90.0,100.3184
2023-05-09 11:00:00,pm25,PIIANN,44.0,38.327045
2024-02-04 04:00:00,pm25,PIIANN,62.114994,55.064873
2024-01-10 09:00:00,pm25,PIIANN,71.03,54.320065
2021-02-03 14:00:00,pm25,PIIANN,44.0,55.40537
2025-08-03 01:00:00,pm25,PIIANN,92.16,130.15492
2024-01-05 17:00:00,pm25,PIIANN,62.114994,34.250763
2024-03-08 21:00:00,pm25,PIIANN,22.180002,35.599716
2023-08-11 16:00:00,pm25,PIIANN,307.31668,272.61584
2024-03-06 11:00:00,pm25,PIIANN,48.8,47.389454
2023-07-02 13:00:00,pm25,PIIANN,72.25,84.35333
2022-01-05 15:00:00,pm25,PIIANN,69.25,79.45644
2025-05-13 02:00:00,pm25,PIIANN,219.57921,213.84561
2025-01-01 09:00:00,pm25,PIIANN,161.67,185.5373
2022-05-12 16:00:00,pm25,PIIANN,92.0,125.338585
2022-07-06 01:00:00,pm25,PIIANN,98.2475,99.367935
2022-09-10 22:00:00,pm25,PIIANN,9.250001,13.4949045
2023-02-02 00:00:00,pm25,PIIANN,99.333336,121.5023
2021-04-02 07:00:00,pm25,PIIANN,219.5,173.06985
2023-07-01 09:00:00,pm25,PIIANN,115.5,200.55734
2023-07-12 13:00:00,pm25,PIIANN,147.195,161.15561
2024-08-08 14:00:00,pm25,PIIANN,14.5599985,18.253817
2021-10-09 15:00:00,pm25,PIIANN,22.750002,17.124712
2022-06-05 06:00:00,pm25,PIIANN,113.75,103.876465
2025-06-04 08:00:00,pm25,PIIANN,127.5,132.03352
2023-04-05 23:00:00,pm25,PIIANN,117.666664,86.53708
2022-02-10 22:00:00,pm25,PIIANN,51.25,58.47227
2024-06-03 19:00:00,pm25,PIIANN,62.114994,73.48906
2022-02-09 07:00:00,pm25,PIIANN,35.0,31.970583
2023-09-11 19:00:00,pm25,PIIANN,231.78,250.97568
2021-10-11 18:00:00,pm25,PIIANN,186.0,205.81265
2021-07-09 14:00:00,pm25,PIIANN,47.75,28.008642
2021-04-04 15:00:00,pm25,PIIANN,27.750002,34.533714
2024-04-12 19:00:00,pm25,PIIANN,106.02,77.46624
2022-08-04 20:00:00,pm25,PIIANN,367.0,162.62999
2023-08-10 16:00:00,pm25,PIIANN,24.150003,33.06516
2025-09-04 03:00:00,pm25,PIIANN,121.98,132.07634
2021-08-01 13:00:00,pm25,PIIANN,133.0,96.09264
2022-09-04 07:00:00,pm25,PIIANN,143.0,138.01553
2023-05-07 16:00:00,pm25,PIIANN,38.000004,27.089056
2023-05-07 10:00:00,pm25,PIIANN,38.000004,33.121067
2024-01-08 18:00:00,pm25,PIIANN,17.06,20.978624
2021-10-03 07:00:00,pm25,PIIANN,85.75,54.91336
2024-09-02 01:00:00,pm25,PIIANN,99.62164,82.58183
2022-02-12 14:00:00,pm25,PIIANN,116.0,138.05586
2023-03-06 09:00:00,pm25,PIIANN,40.0,47.060005
2023-08-08 02:00:00,pm25,PIIANN,23.000002,37.222397
2021-11-02 13:00:00,pm25,PIIANN,168.0,163.43007
2024-09-07 09:00:00,pm25,PIIANN,39.1,47.572514
2025-07-06 20:00:00,pm25,PIIANN,82.0,69.57903
2022-05-08 02:00:00,pm25,PIIANN,24.000002,21.597734
2025-01-07 15:00:00,pm25,PIIANN,38.37,12.85846
2023-07-09 16:00:00,pm25,PIIANN,32.0,28.996412
2022-07-09 09:00:00,pm25,PIIANN,44.0,45.447216
2021-04-04 06:00:00,pm25,PIIANN,37.0,52.550236
2021-04-09 00:00:00,pm25,PIIANN,4.4999933,39.394573
2025-12-10 11:00:00,pm25,PIIANN,46.21,59.081932
2025-12-08 03:00:00,pm25,PIIANN,27.890001,36.8405
2021-02-09 09:00:00,pm25,PIIANN,6.000001,26.647497
2024-06-08 08:00:00,pm25,PIIANN,17.760004,34.62055
2022-10-02 11:00:00,pm25,PIIANN,73.75,63.01217
2022-02-02 07:00:00,pm25,PIIANN,150.0,154.01993
2024-06-12 08:00:00,pm25,PIIANN,85.77,65.972275
2024-11-06 17:00:00,pm25,PIIANN,30.6,34.507893
2021-02-05 11:00:00,pm25,PIIANN,88.5,46.593483
2021-05-02 01:00:00,pm25,PIIANN,41.25,87.8335
2024-07-04 13:00:00,pm25,PIIANN,62.114994,41.763058
2024-02-07 11:00:00,pm25,PIIANN,43.099995,53.595413
2025-10-05 09:00:00,pm25,PIIANN,205.98,176.20828
2024-12-05 03:00:00,pm25,PIIANN,86.3,83.887886
2022-07-03 07:00:00,pm25,PIIANN,114.875,112.49087
2025-06-06 23:00:00,pm25,PIIANN,83.0,76.78465
2022-02-03 20:00:00,pm25,PIIANN,62.114994,95.41045
2023-03-08 20:00:00,pm25,PIIANN,36.0,38.51255
2022-01-05 06:00:00,pm25,PIIANN,107.5,127.794716
2025-01-07 05:00:00,pm25,PIIANN,23.000002,47.74791
2025-01-08 21:00:00,pm25,PIIANN,20.019999,19.506685
2023-08-01 22:00:00,pm25,PIIANN,967.0,277.99133
2025-07-04 14:00:00,pm25,PIIANN,60.999996,89.321175
2025-04-11 02:00:00,pm25,PIIANN,153.0,180.07849
2025-03-03 21:00:00,pm25,PIIANN,106.9,83.10184
2021-11-09 03:00:00,pm25,PIIANN,7.7499933,13.90413
2022-04-06 02:00:00,pm25,PIIANN,102.5,121.80286
2021-05-03 00:00:00,pm25,PIIANN,145.0,163.58829
2023-08-05 07:00:00,pm25,PIIANN,79.0,65.4526
2021-03-08 15:00:00,pm25,PIIANN,8.000001,15.952859
2023-06-04 13:00:00,pm25,PIIANN,30.000002,39.11104
2021-07-09 06:00:00,pm25,PIIANN,24.250002,16.675608
2021-03-09 09:00:00,pm25,PIIANN,33.0,26.929544
2022-04-08 02:00:00,pm25,PIIANN,36.25,29.661669
2021-08-12 22:00:00,pm25,PIIANN,120.25,114.020805
2024-06-07 14:00:00,pm25,PIIANN,34.3,31.193033
2021-04-09 19:00:00,pm25,PIIANN,62.114994,27.383677
2023-11-11 21:00:00,pm25,PIIANN,120.455,103.76934
2024-09-07 04:00:00,pm25,PIIANN,31.399996,39.40081
2024-04-12 20:00:00,pm25,PIIANN,91.95,120.245964
2025-01-06 21:00:00,pm25,PIIANN,62.114994,52.204174
2024-10-01 16:00:00,pm25,PIIANN,231.72,185.17482
2022-08-11 21:00:00,pm25,PIIANN,331.0,234.9602
2024-02-05 01:00:00,pm25,PIIANN,62.114994,83.65336
2022-03-01 19:00:00,pm25,PIIANN,205.75,167.38618
2025-11-05 22:00:00,pm25,PIIANN,50.01,94.52111
2023-06-12 03:00:00,pm25,PIIANN,179.46,169.87465
2022-06-09 13:00:00,pm25,PIIANN,26.000002,31.95753
2025-05-03 15:00:00,pm25,PIIANN,25.710001,47.476097
2023-04-12 03:00:00,pm25,PIIANN,157.65,165.54242
2024-02-10 15:00:00,pm25,PIIANN,42.62,40.566093
2022-06-03 10:00:00,pm25,PIIANN,84.25,118.23374
2021-08-04 18:00:00,pm25,PIIANN,17.750002,38.403793
2024-04-10 23:00:00,pm25,PIIANN,80.08,120.5385
2023-11-07 04:00:00,pm25,PIIANN,18.000002,21.115152
2021-03-02 07:00:00,pm25,PIIANN,228.0,194.11713
2022-04-03 15:00:00,pm25,PIIANN,62.114994,40.968372
2021-09-12 09:00:00,pm25,PIIANN,125.0,115.95738
2025-01-11 22:00:00,pm25,PIIANN,352.0,336.35867
2022-01-11 18:00:00,pm25,PIIANN,123.25,184.94121
2024-08-04 03:00:00,pm25,PIIANN,62.114994,86.71131
2021-12-04 16:00:00,pm25,PIIANN,41.5,47.512653
2024-03-10 22:00:00,pm25,PIIANN,84.47,112.71059
2024-01-02 14:00:00,pm25,PIIANN,62.114994,39.12885
2021-09-13 01:00:00,pm25,PIIANN,162.903,137.46983
2022-07-03 11:00:00,pm25,PIIANN,166.0,129.23811
2024-09-11 18:00:00,pm25,PIIANN,141.67,146.67233
2022-04-09 07:00:00,pm25,PIIANN,18.000002,27.694086
2025-05-04 22:00:00,pm25,PIIANN,95.54,102.12168
2025-05-04 00:00:00,pm25,PIIANN,69.84,51.017906
2021-08-02 07:00:00,pm25,PIIANN,301.0,207.21678
2025-03-04 12:00:00,pm25,PIIANN,54.29,78.54116
2023-04-10 09:00:00,pm25,PIIANN,66.245,77.15897
2024-02-08 07:00:00,pm25,PIIANN,26.1,36.786186
2022-04-08 03:00:00,pm25,PIIANN,30.250002,28.215437
2021-02-02 07:00:00,pm25,PIIANN,180.25,168.81685
2025-08-05 12:00:00,pm25,PIIANN,62.49,74.688774
2021-01-05 16:00:00,pm25,PIIANN,46.0,59.006405
2023-02-08 14:00:00,pm25,PIIANN,21.000002,21.757318
2021-09-10 18:00:00,pm25,PIIANN,57.25,69.956764
2023-11-01 17:00:00,pm25,PIIANN,176.0,162.23734
2022-12-04 04:00:00,pm25,PIIANN,105.75,96.70615
2025-10-05 20:00:00,pm25,PIIANN,81.75,66.40887
2024-10-10 10:00:00,pm25,PIIANN,77.61,65.12035
2024-11-03 20:00:00,pm25,PIIANN,62.114994,97.91988
2022-02-10 13:00:00,pm25,PIIANN,51.25,42.16674
2022-05-04 01:00:00,pm25,PIIANN,135.25,196.6001
2022-12-12 04:00:00,pm25,PIIANN,90.0,80.42622
2025-12-05 03:00:00,pm25,PIIANN,52.8,29.06753
2023-11-08 10:00:00,pm25,PIIANN,24.000002,39.29318
2022-02-05 10:00:00,pm25,PIIANN,68.25,96.9144
2022-09-05 06:00:00,pm25,PIIANN,63.0,63.95627
2024-08-02 21:00:00,pm25,PIIANN,62.114994,80.04968
2021-11-04 03:00:00,pm25,PIIANN,79.5,84.72775
2025-03-11 20:00:00,pm25,PIIANN,125.0,170.66376
2025-04-11 12:00:00,pm25,PIIANN,125.0,131.10748
2021-03-11 10:00:00,pm25,PIIANN,156.0,136.13777
2025-05-06 08:00:00,pm25,PIIANN,65.0,57.536613
2024-06-12 13:00:00,pm25,PIIANN,63.48,55.390564
2024-05-02 06:00:00,pm25,PIIANN,62.114994,82.231
2024-08-07 05:00:00,pm25,PIIANN,7.5999994,37.836067
2025-06-01 10:00:00,pm25,PIIANN,224.96,166.71164
2021-09-03 10:00:00,pm25,PIIANN,145.75,261.15335
2024-08-07 07:00:00,pm25,PIIANN,10.199998,29.300058
2024-03-06 05:00:00,pm25,PIIANN,41.3,44.867264
2022-12-02 02:00:00,pm25,PIIANN,83.25,88.24551
2025-10-11 01:00:00,pm25,PIIANN,200.0,204.8199
2023-09-09 09:00:00,pm25,PIIANN,11.000001,20.59305
2024-02-01 14:00:00,pm25,PIIANN,158.39,214.59178
2025-01-04 14:00:00,pm25,PIIANN,35.890003,43.76943
2023-03-09 17:00:00,pm25,PIIANN,25.000002,44.723915
2023-09-12 05:00:00,pm25,PIIANN,174.0625,184.09332
2021-07-10 13:00:00,pm25,PIIANN,66.0,54.422646
2025-12-02 16:00:00,pm25,PIIANN,36.86,40.61887
2023-06-09 15:00:00,pm25,PIIANN,12.000001,22.657732
2025-06-12 00:00:00,pm25,PIIANN,222.56,118.27363
2021-01-02 08:00:00,pm25,PIIANN,283.0,215.73051
2025-12-10 21:00:00,pm25,PIIANN,38.14,94.33501
2023-03-03 22:00:00,pm25,PIIANN,77.0,53.85117
2022-08-04 19:00:00,pm25,PIIANN,255.41667,157.49457
2021-01-06 03:00:00,pm25,PIIANN,9.500001,46.75223
2023-06-04 08:00:00,pm25,PIIANN,49.75,49.20014
2024-07-05 00:00:00,pm25,PIIANN,62.114994,128.6918
2023-10-03 20:00:00,pm25,PIIANN,67.75,48.202316
2021-02-09 10:00:00,pm25,PIIANN,11.250001,20.164492
2021-07-08 21:00:00,pm25,PIIANN,50.25,48.211533
2025-06-03 00:00:00,pm25,PIIANN,43.9,78.56674
2024-09-01 20:00:00,pm25,PIIANN,120.25,142.16786
2024-02-05 23:00:00,pm25,PIIANN,62.114994,82.298355
2023-10-03 04:00:00,pm25,PIIANN,100.25,78.85935
2023-01-11 06:00:00,pm25,PIIANN,220.69,215.45268
2024-01-08 08:00:00,pm25,PIIANN,22.1,27.21227
2022-11-11 07:00:00,pm25,PIIANN,465.0,364.8225
2022-09-10 16:00:00,pm25,PIIANN,2.2500012,10.807282
2024-07-10 09:00:00,pm25,PIIANN,57.29,58.49791
2022-02-05 17:00:00,pm25,PIIANN,61.25,71.98805
2024-01-05 16:00:00,pm25,PIIANN,62.114994,30.90809
2023-12-09 17:00:00,pm25,PIIANN,33.25,34.840885
2024-07-08 19:00:00,pm25,PIIANN,25.320002,26.034159
2024-10-05 14:00:00,pm25,PIIANN,75.46667,52.349087
2025-06-11 22:00:00,pm25,PIIANN,121.0,166.8257
2024-05-01 19:00:00,pm25,PIIANN,233.13,227.2954
2022-02-10 06:00:00,pm25,PIIANN,84.75,75.57825
2025-09-13 02:00:00,pm25,PIIANN,162.58527,161.6224
2025-08-07 00:00:00,pm25,PIIANN,43.53,71.022766
2025-11-09 18:00:00,pm25,PIIANN,23.049997,16.965761
2023-03-07 13:00:00,pm25,PIIANN,42.0,38.935703
2021-11-03 00:00:00,pm25,PIIANN,183.25,150.47003
2021-01-10 09:00:00,pm25,PIIANN,48.0,59.63337
2024-02-01 15:00:00,pm25,PIIANN,156.0,192.50885
2021-07-02 04:00:00,pm25,PIIANN,140.75,105.863174
2024-04-02 08:00:00,pm25,PIIANN,62.114994,87.58356
2021-01-09 20:00:00,pm25,PIIANN,28.000002,13.400636
2025-02-03 22:00:00,pm25,PIIANN,60.67,74.37426
2022-10-08 21:00:00,pm25,PIIANN,27.000002,35.034355
2025-02-10 20:00:00,pm25,PIIANN,31.640001,36.14932
2022-02-02 08:00:00,pm25,PIIANN,149.75,150.85019
2021-05-02 14:00:00,pm25,PIIANN,74.35,59.28374
2025-08-03 02:00:00,pm25,PIIANN,106.9,114.22773
2025-10-09 04:00:00,pm25,PIIANN,21.010004,19.789186
2023-02-12 17:00:00,pm25,PIIANN,100.06,146.32927
2022-12-01 13:00:00,pm25,PIIANN,104.75,68.14405
2021-12-05 09:00:00,pm25,PIIANN,43.750004,33.00309
2025-10-12 11:00:00,pm25,PIIANN,119.63,108.42271
2023-02-03 22:00:00,pm25,PIIANN,86.25,118.96622
2021-07-11 18:00:00,pm25,PIIANN,129.0,158.67812
2022-04-12 05:00:00,pm25,PIIANN,268.0,216.45143
2022-02-01 17:00:00,pm25,PIIANN,133.5,150.8454
2023-01-08 13:00:00,pm25,PIIANN,23.000002,23.978182
2022-01-05 14:00:00,pm25,PIIANN,71.0,80.43718
2022-11-07 02:00:00,pm25,PIIANN,37.75,18.214846
2022-11-05 17:00:00,pm25,PIIANN,62.114994,49.014477
2023-05-01 19:00:00,pm25,PIIANN,279.5,205.87962
2024-06-05 17:00:00,pm25,PIIANN,62.114994,35.735867
2023-02-03 06:00:00,pm25,PIIANN,117.0,105.15089
2024-07-06 03:00:00,pm25,PIIANN,42.6,67.45103
2025-06-01 19:00:00,pm25,PIIANN,211.1,147.0892
2024-09-11 14:00:00,pm25,PIIANN,147.11,154.86917
2021-05-01 19:00:00,pm25,PIIANN,79.5,65.39847
2025-01-10 09:00:00,pm25,PIIANN,40.579998,28.9824
2024-04-12 17:00:00,pm25,PIIANN,29.480001,44.38316
2022-09-06 17:00:00,pm25,PIIANN,45.75,47.688766
2021-08-02 06:00:00,pm25,PIIANN,250.0,202.75935
2023-04-08 09:00:00,pm25,PIIANN,24.000002,35.18779
2024-10-09 17:00:00,pm25,PIIANN,20.580004,31.516024
2024-10-06 04:00:00,pm25,PIIANN,48.6,62.0578
2023-05-04 09:00:00,pm25,PIIANN,129.75,77.8059
2025-09-08 19:00:00,pm25,PIIANN,28.090002,26.549547
2023-07-12 01:00:00,pm25,PIIANN,146.3875,137.17824
2023-11-03 16:00:00,pm25,PIIANN,27.250002,34.234444
2022-02-12 16:00:00,pm25,PIIANN,127.0,134.9532
2023-02-09 15:00:00,pm25,PIIANN,29.000002,42.09759
2023-08-06 03:00:00,pm25,PIIANN,58.0,88.38334
2022-09-03 12:00:00,pm25,PIIANN,46.5,52.374825
2025-08-05 14:00:00,pm25,PIIANN,70.08,47.675545
2023-10-04 00:00:00,pm25,PIIANN,93.5,88.47342
2022-04-09 17:00:00,pm25,PIIANN,16.000002,16.906061
2024-10-12 08:00:00,pm25,PIIANN,121.89,104.661514
2024-01-12 19:00:00,pm25,PIIANN,113.13,138.25957
2025-06-02 23:00:00,pm25,PIIANN,86.39,87.96445
2021-08-06 07:00:00,pm25,PIIANN,34.5,59.38145
2023-01-05 11:00:00,pm25,PIIANN,51.0,44.49135
2024-07-05 19:00:00,pm25,PIIANN,83.8,75.04092
2024-02-03 19:00:00,pm25,PIIANN,62.114994,55.91982
2021-12-11 09:00:00,pm25,PIIANN,472.0,458.91577
2024-12-06 21:00:00,pm25,PIIANN,92.2,72.57338
2024-07-10 06:00:00,pm25,PIIANN,104.07,53.686268
2023-07-06 18:00:00,pm25,PIIANN,26.000002,41.476383
2024-03-12 04:00:00,pm25,PIIANN,147.36667,147.15721
2024-03-09 15:00:00,pm25,PIIANN,25.000002,26.142275
2023-11-12 05:00:00,pm25,PIIANN,197.425,193.40074
2022-11-02 18:00:00,pm25,PIIANN,55.25,46.074932
2023-05-07 07:00:00,pm25,PIIANN,41.0,37.788784
2025-01-12 12:00:00,pm25,PIIANN,122.52,156.2764
2022-07-04 19:00:00,pm25,PIIANN,43.750004,54.764133
2021-09-05 04:00:00,pm25,PIIANN,35.25,31.271242
2025-10-10 13:00:00,pm25,PIIANN,94.76,44.274338
2023-07-07 06:00:00,pm25,PIIANN,31.000006,28.842424
2023-11-04 08:00:00,pm25,PIIANN,283.75,203.63301
2025-06-06 04:00:00,pm25,PIIANN,43.55,58.651566
2024-03-11 20:00:00,pm25,PIIANN,180.73,188.95868
2023-07-09 21:00:00,pm25,PIIANN,35.0,41.982124
2021-08-05 02:00:00,pm25,PIIANN,72.0,58.61251
2021-04-04 23:00:00,pm25,PIIANN,89.75,75.29379
2021-02-12 07:00:00,pm25,PIIANN,288.5,302.47534
2025-02-04 11:00:00,pm25,PIIANN,96.51,126.26832
2022-11-08 15:00:00,pm25,PIIANN,11.000001,23.991472
2023-03-02 22:00:00,pm25,PIIANN,149.0,110.604454
2025-04-11 11:00:00,pm25,PIIANN,120.0,183.4818
2025-12-02 08:00:00,pm25,PIIANN,98.05,115.52078
2024-07-08 23:00:00,pm25,PIIANN,18.28,40.22671
2021-02-02 02:00:00,pm25,PIIANN,214.25,223.26736
2024-11-11 12:00:00,pm25,PIIANN,186.3,170.15797
2022-07-03 15:00:00,pm25,PIIANN,59.0,64.63518
2025-06-04 22:00:00,pm25,PIIANN,131.49,132.64426
2025-05-06 07:00:00,pm25,PIIANN,65.0,62.758545
2021-09-07 15:00:00,pm25,PIIANN,53.0,36.2812
2024-11-10 17:00:00,pm25,PIIANN,38.560005,34.315723
2024-09-07 03:00:00,pm25,PIIANN,32.5,34.24686
2025-05-11 07:00:00,pm25,PIIANN,168.24,124.677025
2023-07-05 10:00:00,pm25,PIIANN,49.0,56.25998
2024-02-09 05:00:00,pm25,PIIANN,26.570002,24.676462
2025-12-11 19:00:00,pm25,PIIANN,192.52,181.50168
2024-08-10 05:00:00,pm25,PIIANN,66.84,64.99279
2022-06-06 03:00:00,pm25,PIIANN,62.114994,56.459423
2021-01-02 19:00:00,pm25,PIIANN,111.5,101.68928
2023-02-01 08:00:00,pm25,PIIANN,193.75,153.33594
2023-10-10 21:00:00,pm25,PIIANN,69.7875,107.19613
2023-03-07 12:00:00,pm25,PIIANN,47.0,40.41287
2025-11-12 04:00:00,pm25,PIIANN,169.3,165.36092
2021-10-08 17:00:00,pm25,PIIANN,43.0,24.001154
2022-11-03 18:00:00,pm25,PIIANN,38.25,44.42965
2021-04-05 02:00:00,pm25,PIIANN,75.75,75.00254
2021-01-10 08:00:00,pm25,PIIANN,56.0,66.785446
2021-04-02 01:00:00,pm25,PIIANN,157.25,178.77733
2022-06-03 03:00:00,pm25,PIIANN,79.5,60.72218
2025-05-06 16:00:00,pm25,PIIANN,54.03,52.25912
2024-03-03 22:00:00,pm25,PIIANN,62.114994,98.8109
2025-08-07 22:00:00,pm25,PIIANN,42.0,44.016308
2022-03-10 06:00:00,pm25,PIIANN,42.25,45.10916
2022-09-05 05:00:00,pm25,PIIANN,66.0,66.6126
2025-12-05 01:00:00,pm25,PIIANN,31.050001,37.583004
2024-11-01 16:00:00,pm25,PIIANN,183.39,212.77466
2024-05-06 05:00:00,pm25,PIIANN,63.5,70.17317
2023-04-08 06:00:00,pm25,PIIANN,21.000002,34.51046
2024-12-04 20:00:00,pm25,PIIANN,62.114994,86.68357
2024-07-06 13:00:00,pm25,PIIANN,36.9,57.445732
2021-07-12 07:00:00,pm25,PIIANN,136.0,126.90109
2022-03-10 14:00:00,pm25,PIIANN,23.250002,37.921738
2022-04-10 00:00:00,pm25,PIIANN,37.25,61.171547
2023-11-09 16:00:00,pm25,PIIANN,14.250001,19.651201
2021-04-10 06:00:00,pm25,PIIANN,20.000002,20.38589
2025-09-03 09:00:00,pm25,PIIANN,166.24,147.74605
2023-07-03 22:00:00,pm25,PIIANN,99.5,68.22845
2021-09-05 12:00:00,pm25,PIIANN,55.0,51.534203
2023-11-04 23:00:00,pm25,PIIANN,110.0,117.7666
2021-04-11 19:00:00,pm25,PIIANN,292.25,269.55817
2023-12-04 20:00:00,pm25,PIIANN,76.0,47.508743
2023-12-02 05:00:00,pm25,PIIANN,56.0,73.916954
2021-07-06 17:00:00,pm25,PIIANN,37.0,37.457382
2025-02-02 01:00:00,pm25,PIIANN,202.37,222.92169
2024-10-11 04:00:00,pm25,PIIANN,174.86,172.35617
2023-08-02 11:00:00,pm25,PIIANN,73.0,65.5856
2024-02-10 10:00:00,pm25,PIIANN,66.85,52.054935
2024-11-02 02:00:00,pm25,PIIANN,255.6315,172.54468
2024-08-03 14:00:00,pm25,PIIANN,62.114994,68.07604
2021-07-06 00:00:00,pm25,PIIANN,52.75,51.75615
2021-12-02 05:00:00,pm25,PIIANN,198.75002,209.85542
2023-02-08 21:00:00,pm25,PIIANN,16.000002,28.187407
2021-03-04 16:00:00,pm25,PIIANN,24.000002,26.249613
2021-07-06 22:00:00,pm25,PIIANN,73.0,44.010002
2023-06-02 07:00:00,pm25,PIIANN,146.25,134.35703
2022-08-04 03:00:00,pm25,PIIANN,135.25,132.49847
2024-05-09 18:00:00,pm25,PIIANN,43.94,29.237333
2021-12-10 13:00:00,pm25,PIIANN,41.0,55.128216
2021-06-10 09:00:00,pm25,PIIANN,66.0,53.006245
2021-09-10 17:00:00,pm25,PIIANN,28.250002,49.03763
2023-05-03 07:00:00,pm25,PIIANN,60.5,44.03488
2022-09-05 17:00:00,pm25,PIIANN,53.0,43.971565
2023-06-03 22:00:00,pm25,PIIANN,75.75,63.93253
2021-01-05 13:00:00,pm25,PIIANN,63.25,61.769638
2022-09-03 04:00:00,pm25,PIIANN,69.75,80.424904
2021-10-12 18:00:00,pm25,PIIANN,102.5,107.107185
2024-05-12 19:00:00,pm25,PIIANN,85.96,83.3758
2022-04-05 07:00:00,pm25,PIIANN,120.75,105.02767
2024-01-08 23:00:00,pm25,PIIANN,29.099997,40.673496
2022-01-08 01:00:00,pm25,PIIANN,33.0,38.419865
2022-06-08 03:00:00,pm25,PIIANN,41.25,35.369633
2024-02-01 19:00:00,pm25,PIIANN,189.33,188.7859
2025-08-07 16:00:00,pm25,PIIANN,37.01,17.425241
2022-04-08 11:00:00,pm25,PIIANN,40.75,39.860214
2021-08-10 10:00:00,pm25,PIIANN,73.75,75.92337
2023-08-08 06:00:00,pm25,PIIANN,20.000002,30.043554
2024-07-04 14:00:00,pm25,PIIANN,62.114994,37.12857
2024-02-04 00:00:00,pm25,PIIANN,62.114994,82.16516
2021-09-08 18:00:00,pm25,PIIANN,49.75,41.139317
2023-04-10 22:00:00,pm25,PIIANN,72.2975,87.07422
2023-11-05 07:00:00,pm25,PIIANN,183.0,179.612
2023-03-09 12:00:00,pm25,PIIANN,24.000002,38.928722
2025-06-05 10:00:00,pm25,PIIANN,3.7500012,72.181656
2021-07-05 05:00:00,pm25,PIIANN,32.0,40.47152
2023-07-07 09:00:00,pm25,PIIANN,36.0,29.360655
2021-10-04 08:00:00,pm25,PIIANN,60.75,74.84072
2024-09-08 11:00:00,pm25,PIIANN,25.1,16.30292
2023-08-04 02:00:00,pm25,PIIANN,108.25,106.63332
2021-02-12 05:00:00,pm25,PIIANN,295.25,300.14783
2021-11-03 18:00:00,pm25,PIIANN,62.0,73.35199
2023-11-02 05:00:00,pm25,PIIANN,134.75,102.46854
2022-05-02 12:00:00,pm25,PIIANN,109.0,81.21491
2023-08-04 19:00:00,pm25,PIIANN,23.250002,31.109182
2021-07-01 23:00:00,pm25,PIIANN,134.0,126.70175
2023-12-04 01:00:00,pm25,PIIANN,117.75,104.66418
2024-12-10 02:00:00,pm25,PIIANN,73.19,75.941574
2025-04-09 19:00:00,pm25,PIIANN,20.830004,16.840624
2025-04-05 03:00:00,pm25,PIIANN,112.01,113.88045
2024-04-06 02:00:00,pm25,PIIANN,51.0,95.13597
2024-12-04 17:00:00,pm25,PIIANN,62.114994,51.776066
2022-09-02 13:00:00,pm25,PIIANN,42.500004,70.06654
2021-08-04 22:00:00,pm25,PIIANN,67.0,115.0956
2021-05-06 17:00:00,pm25,PIIANN,31.000006,35.29304
2023-07-10 03:00:00,pm25,PIIANN,119.0475,121.97556
2022-12-12 08:00:00,pm25,PIIANN,85.0,63.06905
2025-02-09 18:00:00,pm25,PIIANN,21.74,13.190431
2024-04-11 10:00:00,pm25,PIIANN,214.13,214.49393
2023-02-04 10:00:00,pm25,PIIANN,61.75,47.094784
2024-12-12 21:00:00,pm25,PIIANN,181.89,184.73618
2025-02-06 09:00:00,pm25,PIIANN,62.114994,56.070625
2021-05-12 05:00:00,pm25,PIIANN,139.0,152.23322
2023-09-07 09:00:00,pm25,PIIANN,30.000002,22.398432
2025-01-02 14:00:00,pm25,PIIANN,154.1,246.95769
2022-05-08 12:00:00,pm25,PIIANN,41.0,31.977892
2021-01-02 15:00:00,pm25,PIIANN,56.25,58.90074
2024-11-04 14:00:00,pm25,PIIANN,62.114994,52.176743
2021-06-04 19:00:00,pm25,PIIANN,110.0,138.04488
2025-02-11 01:00:00,pm25,PIIANN,190.0,243.93172
2023-06-03 12:00:00,pm25,PIIANN,50.25,62.94712
2021-10-05 20:00:00,pm25,PIIANN,48.25,48.22899
2022-08-12 20:00:00,pm25,PIIANN,158.0,161.95094
2024-03-05 01:00:00,pm25,PIIANN,62.114994,87.936844
2024-01-02 11:00:00,pm25,PIIANN,62.114994,74.05286
2021-08-09 14:00:00,pm25,PIIANN,28.750002,22.901804
2025-05-07 08:00:00,pm25,PIIANN,44.0,45.54606
2022-10-06 18:00:00,pm25,PIIANN,43.25,83.353195
2021-05-08 19:00:00,pm25,PIIANN,26.750002,40.405922
2023-07-11 08:00:00,pm25,PIIANN,288.8625,284.01877
2025-09-09 07:00:00,pm25,PIIANN,17.88,29.04289
2022-07-09 17:00:00,pm25,PIIANN,27.000002,30.89126
2025-10-02 05:00:00,pm10,PIIANN,228.88,267.6363
2024-11-12 18:00:00,pm10,PIIANN,386.02,253.22375
2023-04-08 21:00:00,pm10,PIIANN,35.0,139.73262
2023-03-08 15:00:00,pm10,PIIANN,116.0,122.535385
2021-09-03 05:00:00,pm10,PIIANN,248.0,297.4978
2025-06-12 22:00:00,pm10,PIIANN,318.52,392.2326
2022-06-12 23:00:00,pm10,PIIANN,276.0,357.11343
2025-04-12 13:00:00,pm10,PIIANN,275.98,248.0783
2024-10-03 09:00:00,pm10,PIIANN,201.5,177.13123
2025-05-12 02:00:00,pm10,PIIANN,302.82,304.42
2025-07-04 03:00:00,pm10,PIIANN,298.08,293.3042
2024-08-11 19:00:00,pm10,PIIANN,341.6,347.30774
2023-08-08 00:00:00,pm10,PIIANN,104.75,105.112465
2021-11-08 03:00:00,pm10,PIIANN,69.66667,61.83458
2022-08-07 18:00:00,pm10,PIIANN,70.33,111.73931
2024-10-05 12:00:00,pm10,PIIANN,179.0,174.01321
2023-10-02 19:00:00,pm10,PIIANN,247.0,256.77847
2025-09-01 17:00:00,pm10,PIIANN,361.15,417.88425
2022-06-08 04:00:00,pm10,PIIANN,65.25,101.6152
2022-12-07 20:00:00,pm10,PIIANN,109.5,139.25865
2022-09-08 08:00:00,pm10,PIIANN,102.25,130.50807
2024-06-03 14:00:00,pm10,PIIANN,126.25,114.97991
2024-06-07 03:00:00,pm10,PIIANN,33.0,42.699417
2022-02-08 23:00:00,pm10,PIIANN,223.33,214.78973
2023-12-08 05:00:00,pm10,PIIANN,101.0,112.87716
2023-03-02 12:00:00,pm10,PIIANN,154.0,178.5655
2024-08-12 09:00:00,pm10,PIIANN,341.62,349.00876
2021-09-09 09:00:00,pm10,PIIANN,81.25,75.84006
2024-03-04 06:00:00,pm10,PIIANN,155.93,143.79344
2022-04-04 12:00:00,pm10,PIIANN,270.58334,220.6485
2022-05-11 06:00:00,pm10,PIIANN,266.0,338.993
2025-01-08 17:00:00,pm10,PIIANN,44.559998,39.901733
2022-01-04 10:00:00,pm10,PIIANN,279.0,278.03125
2024-02-12 00:00:00,pm10,PIIANN,275.54,286.91257
2023-06-08 05:00:00,pm10,PIIANN,80.5,94.10457
2021-08-08 03:00:00,pm10,PIIANN,96.5,93.082245
2021-09-08 05:00:00,pm10,PIIANN,70.0,78.4271
2022-07-05 04:00:00,pm10,PIIANN,93.0,145.98038
2024-06-09 20:00:00,pm10,PIIANN,76.5,67.68172
2024-01-12 12:00:00,pm10,PIIANN,223.76,263.26007
2021-10-02 12:00:00,pm10,PIIANN,161.0,202.57283
2024-11-12 11:00:00,pm10,PIIANN,203.83,241.85706
2021-09-05 08:00:00,pm10,PIIANN,129.0,119.96678
2022-06-01 12:00:00,pm10,PIIANN,144.25,220.79999
2023-06-04 00:00:00,pm10,PIIANN,360.25,169.51836
2021-02-11 02:00:00,pm10,PIIANN,221.0,246.09184
2024-05-04 07:00:00,pm10,PIIANN,223.34,132.67151
2022-07-10 04:00:00,pm10,PIIANN,22.999998,25.593596
2023-04-10 04:00:00,pm10,PIIANN,145.0,139.17863
2024-03-12 11:00:00,pm10,PIIANN,271.83,262.30524
2024-05-09 10:00:00,pm10,PIIANN,54.430008,54.396896
2022-05-08 08:00:00,pm10,PIIANN,56.468002,82.64006
2022-06-01 11:00:00,pm10,PIIANN,167.5,243.10126
2024-11-05 00:00:00,pm10,PIIANN,140.0,233.44154
2022-01-09 12:00:00,pm10,PIIANN,130.75,124.36215
2024-02-03 09:00:00,pm10,PIIANN,56.25,88.44218
2022-08-08 05:00:00,pm10,PIIANN,47.75,48.38855
2024-11-10 06:00:00,pm10,PIIANN,444.54,151.27567
2023-12-02 12:00:00,pm10,PIIANN,151.0,175.14711
2023-02-05 22:00:00,pm10,PIIANN,113.0,112.86705
2023-03-11 21:00:00,pm10,PIIANN,366.25,404.67984
2025-04-03 23:00:00,pm10,PIIANN,114.52,183.33066
2025-08-12 08:00:00,pm10,PIIANN,276.0,275.52792
2025-09-11 17:00:00,pm10,PIIANN,210.06,254.69194
2023-11-02 04:00:00,pm10,PIIANN,193.0,216.04256
2025-06-11 01:00:00,pm10,PIIANN,415.0,402.60477
2023-09-11 17:00:00,pm10,PIIANN,378.0,381.2376
2024-06-02 02:00:00,pm10,PIIANN,40.25,96.23312
2021-03-12 18:00:00,pm10,PIIANN,351.0,391.06635
2023-11-01 11:00:00,pm10,PIIANN,200.25,252.86003
2024-03-04 21:00:00,pm10,PIIANN,298.88,263.36942
2022-09-11 12:00:00,pm10,PIIANN,206.75,273.0522
2024-02-03 08:00:00,pm10,PIIANN,69.5,88.8199
2021-11-07 06:00:00,pm10,PIIANN,65.5,84.67692
2025-10-08 18:00:00,pm10,PIIANN,101.77,71.91897
2024-09-08 04:00:00,pm10,PIIANN,37.550003,31.377287
2024-01-12 09:00:00,pm10,PIIANN,307.3,314.32483
2022-06-05 04:00:00,pm10,PIIANN,213.25,255.46786
2021-11-02 18:00:00,pm10,PIIANN,217.0,268.2205
2022-04-08 22:00:00,pm10,PIIANN,119.75,165.52399
2023-04-07 11:00:00,pm10,PIIANN,200.75,133.7537
2023-10-11 11:00:00,pm10,PIIANN,80.5,144.07906
2022-10-04 20:00:00,pm10,PIIANN,330.25,321.0509
2025-11-03 18:00:00,pm10,PIIANN,238.6,222.27972
2023-12-07 00:00:00,pm10,PIIANN,76.75,160.35754
2022-08-13 02:00:00,pm10,PIIANN,378.12708,313.8596
2024-05-06 22:00:00,pm10,PIIANN,419.0,318.93185
2021-08-10 07:00:00,pm10,PIIANN,172.25,167.86543
2023-01-05 17:00:00,pm10,PIIANN,36.0,102.26802
2022-03-06 05:00:00,pm10,PIIANN,225.75,215.35208
2021-10-04 21:00:00,pm10,PIIANN,392.0,324.25317
2021-08-10 09:00:00,pm10,PIIANN,193.25,211.48557
2024-08-09 02:00:00,pm10,PIIANN,45.240005,54.39038
2025-11-08 02:00:00,pm10,PIIANN,88.21,86.82359
2023-06-07 05:00:00,pm10,PIIANN,78.0,72.00844
2021-10-02 10:00:00,pm10,PIIANN,303.75,396.47345
2025-01-12 18:00:00,pm10,PIIANN,321.48,274.3987
2022-05-08 09:00:00,pm10,PIIANN,167.805,87.96117
2025-04-07 19:00:00,pm10,PIIANN,143.36,146.48822
2024-01-02 03:00:00,pm10,PIIANN,57.5,217.57072
2021-02-02 05:00:00,pm10,PIIANN,167.805,218.3657
2024-05-07 05:00:00,pm10,PIIANN,69.0,73.24262
2025-09-11 03:00:00,pm10,PIIANN,397.0,382.20187
2023-04-09 22:00:00,pm10,PIIANN,116.0,117.7276
2024-03-12 22:00:00,pm10,PIIANN,303.45,290.97806
2022-10-11 16:00:00,pm10,PIIANN,204.5,211.79051
2021-07-13 00:00:00,pm10,PIIANN,215.08972,225.95744
2022-08-03 18:00:00,pm10,PIIANN,115.25,179.89713
2025-07-07 01:00:00,pm10,PIIANN,88.44,84.95776
2023-08-01 21:00:00,pm10,PIIANN,558.5,495.37888
2024-10-11 05:00:00,pm10,PIIANN,237.08,289.8862
2022-03-01 20:00:00,pm10,PIIANN,498.25,424.7765
2022-11-06 15:00:00,pm10,PIIANN,319.0,257.9042
2025-06-08 11:00:00,pm10,PIIANN,77.2,85.47806
2023-08-04 04:00:00,pm10,PIIANN,189.0,190.90063
2023-12-08 09:00:00,pm10,PIIANN,107.0,110.11558
2021-02-03 15:00:00,pm10,PIIANN,234.0,183.2533
2025-03-03 16:00:00,pm10,PIIANN,167.19,160.13815
2023-08-10 03:00:00,pm10,PIIANN,177.75,182.42238
2025-03-10 17:00:00,pm10,PIIANN,96.37,59.089355
2023-05-09 21:00:00,pm10,PIIANN,168.5,160.78705
2022-11-08 10:00:00,pm10,PIIANN,50.0,66.65227
2025-07-08 03:00:00,pm10,PIIANN,107.04,127.00641
2021-12-12 21:00:00,pm10,PIIANN,380.8,405.19565
2022-02-12 09:00:00,pm10,PIIANN,361.0,389.74323
2021-01-10 06:00:00,pm10,PIIANN,146.25,136.47234
2025-06-06 21:00:00,pm10,PIIANN,397.26,275.03876
2023-03-10 07:00:00,pm10,PIIANN,247.25,146.48727
2024-07-07 20:00:00,pm10,PIIANN,42.000015,49.608185
2025-07-02 23:00:00,pm10,PIIANN,144.04,215.22313
2022-11-02 11:00:00,pm10,PIIANN,178.75,173.75804
2021-05-05 04:00:00,pm10,PIIANN,156.75,143.80782
2022-04-09 21:00:00,pm10,PIIANN,169.5,181.90866
2021-02-02 23:00:00,pm10,PIIANN,332.0,298.0461
2023-09-06 04:00:00,pm10,PIIANN,155.25,165.8643
2023-12-06 18:00:00,pm10,PIIANN,224.0,193.10193
2025-12-06 09:00:00,pm10,PIIANN,205.58,204.23987
2025-01-08 20:00:00,pm10,PIIANN,58.589996,56.50296
2025-11-05 21:00:00,pm10,PIIANN,744.04,202.27155
2021-09-07 02:00:00,pm10,PIIANN,118.25,111.80731
2022-03-09 01:00:00,pm10,PIIANN,118.5,115.53176
2022-05-04 02:00:00,pm10,PIIANN,273.75,356.4179
2023-06-01 17:00:00,pm10,PIIANN,423.25,433.17337
2021-10-12 03:00:00,pm10,PIIANN,232.0,275.2126
2023-11-11 06:00:00,pm10,PIIANN,155.5,216.47313
2022-05-04 11:00:00,pm10,PIIANN,280.25,377.75674
2024-11-12 22:00:00,pm10,PIIANN,470.08,378.15137
2022-04-09 15:00:00,pm10,PIIANN,68.25,86.076195
2021-09-02 16:00:00,pm10,PIIANN,142.0,184.08769
2024-01-03 12:00:00,pm10,PIIANN,131.5,159.72557
2024-12-07 20:00:00,pm10,PIIANN,136.58,157.45102
2023-07-12 21:00:00,pm10,PIIANN,342.25,327.7036
2023-04-12 11:00:00,pm10,PIIANN,249.75,268.92374
2022-07-03 23:00:00,pm10,PIIANN,346.0,390.95987
2024-08-11 08:00:00,pm10,PIIANN,377.22,527.6215
2023-09-02 15:00:00,pm10,PIIANN,167.805,184.42197
2024-02-03 23:00:00,pm10,PIIANN,62.33,97.62853
2023-08-10 19:00:00,pm10,PIIANN,192.21428,182.36606
2021-09-02 07:00:00,pm10,PIIANN,462.25,368.20227
2023-08-07 07:00:00,pm10,PIIANN,15.249998,26.587675
2021-06-12 15:00:00,pm10,PIIANN,172.0,208.24797
2023-09-08 16:00:00,pm10,PIIANN,151.5,130.83397
2023-12-12 22:00:00,pm10,PIIANN,418.0,400.53653
2025-06-06 14:00:00,pm10,PIIANN,281.42,168.20052
2024-07-02 12:00:00,pm10,PIIANN,41.75,88.83444
2022-08-10 11:00:00,pm10,PIIANN,12.999998,18.18968
2021-04-01 16:00:00,pm10,PIIANN,150.0,143.89354
2025-04-02 07:00:00,pm10,PIIANN,222.21,260.01697
2022-01-10 17:00:00,pm10,PIIANN,127.75,156.89813
2025-06-09 12:00:00,pm10,PIIANN,82.84,57.407684
2021-04-12 10:00:00,pm10,PIIANN,356.0,326.36838
2023-03-05 02:00:00,pm10,PIIANN,87.0,84.125175
2022-11-01 19:00:00,pm10,PIIANN,128.0,220.07732
2021-07-06 03:00:00,pm10,PIIANN,84.75,92.36301
2025-08-11 16:00:00,pm10,PIIANN,285.01,336.20352
2023-02-09 03:00:00,pm10,PIIANN,148.5,137.0671
2022-08-03 10:00:00,pm10,PIIANN,308.5,406.31134
2022-04-03 03:00:00,pm10,PIIANN,180.55,206.6256
2023-08-13 02:00:00,pm10,PIIANN,315.80362,313.86627
2024-06-05 05:00:00,pm10,PIIANN,203.06,216.1283
2022-10-10 22:00:00,pm10,PIIANN,21.999998,54.21089
2023-04-09 20:00:00,pm10,PIIANN,125.75,148.75125
2024-04-05 16:00:00,pm10,PIIANN,197.65,196.89226
2024-06-12 18:00:00,pm10,PIIANN,348.49,203.95056
2022-01-08 16:00:00,pm10,PIIANN,54.5,52.538757
2024-10-04 01:00:00,pm10,PIIANN,232.78,166.8102
2023-06-06 21:00:00,pm10,PIIANN,620.0625,358.46494
2021-02-10 13:00:00,pm10,PIIANN,102.5,92.96792
2021-10-09 03:00:00,pm10,PIIANN,66.25,52.372528
2022-04-09 08:00:00,pm10,PIIANN,72.0,82.8021
2023-06-04 10:00:00,pm10,PIIANN,190.0,179.73695
2023-08-09 03:00:00,pm10,PIIANN,63.75,104.20296
2022-11-07 20:00:00,pm10,PIIANN,124.0,137.60538
2023-08-03 15:00:00,pm10,PIIANN,167.805,175.68327
2025-11-07 21:00:00,pm10,PIIANN,155.64,109.6343
2025-03-11 08:00:00,pm10,PIIANN,311.59,288.3193
2022-07-12 01:00:00,pm10,PIIANN,231.25,220.57095
2023-09-01 08:00:00,pm10,PIIANN,626.25,640.6539
2024-06-07 04:00:00,pm10,PIIANN,38.0,49.868927
2021-07-02 08:00:00,pm10,PIIANN,258.0,284.81308
2025-09-08 13:00:00,pm10,PIIANN,42.53,50.91063
2024-01-05 02:00:00,pm10,PIIANN,210.62,193.02237
2025-01-02 06:00:00,pm10,PIIANN,320.84,380.1087
2022-07-11 17:00:00,pm10,PIIANN,234.5,237.47899
2023-02-07 00:00:00,pm10,PIIANN,39.75,141.74786
2022-11-10 03:00:00,pm10,PIIANN,30.749998,12.857237
2022-10-05 13:00:00,pm10,PIIANN,187.5,181.62093
2023-02-09 22:00:00,pm10,PIIANN,150.25,167.7664
2021-05-10 22:00:00,pm10,PIIANN,137.0,144.78197
2021-03-12 06:00:00,pm10,PIIANN,249.75,252.27252
2025-04-10 01:00:00,pm10,PIIANN,146.94,149.90694
2024-01-09 22:00:00,pm10,PIIANN,178.12,106.44674
2023-02-08 18:00:00,pm10,PIIANN,80.0,104.46137
2025-07-05 14:00:00,pm10,PIIANN,142.42,150.16585
2021-02-13 00:00:00,pm10,PIIANN,188.27272,174.92912
2022-11-08 17:00:00,pm10,PIIANN,55.0,56.06433
2021-02-05 02:00:00,pm10,PIIANN,244.5,207.21498
2025-02-01 20:00:00,pm10,PIIANN,463.45,429.11768
2025-07-07 18:00:00,pm10,PIIANN,167.805,48.85977
2025-01-09 12:00:00,pm10,PIIANN,46.729996,21.504972
2023-06-08 15:00:00,pm10,PIIANN,87.99999,93.664986
2024-06-08 00:00:00,pm10,PIIANN,66.92,57.263992
2021-07-04 05:00:00,pm10,PIIANN,179.5,353.4477
2025-09-08 12:00:00,pm10,PIIANN,35.90001,52.82585
2021-10-08 03:00:00,pm10,PIIANN,88.5,73.42869
2022-11-05 10:00:00,pm10,PIIANN,226.5,201.47597
2025-02-10 08:00:00,pm10,PIIANN,96.92,103.126686
2023-12-06 16:00:00,pm10,PIIANN,202.25,192.4288
2024-08-04 21:00:00,pm10,PIIANN,256.0,251.23395
2025-08-07 08:00:00,pm10,PIIANN,109.49,85.778496
2023-04-11 18:00:00,pm10,PIIANN,658.25,674.35516
2025-08-09 10:00:00,pm10,PIIANN,108.46,82.86638
2025-03-04 20:00:00,pm10,PIIANN,335.6,275.48392
2022-09-12 09:00:00,pm10,PIIANN,266.75,298.94946
2021-09-04 04:00:00,pm10,PIIANN,149.5,142.04164
2021-12-08 02:00:00,pm10,PIIANN,78.0,46.972977
2025-08-11 00:00:00,pm10,PIIANN,315.02,223.4649
2021-05-08 15:00:00,pm10,PIIANN,106.166664,95.506996
2023-06-12 18:00:00,pm10,PIIANN,207.75,207.83247
2021-06-12 17:00:00,pm10,PIIANN,160.5,227.41286
2023-02-05 15:00:00,pm10,PIIANN,72.0,78.1352
2021-08-01 23:00:00,pm10,PIIANN,241.0,295.0548
2021-02-12 04:00:00,pm10,PIIANN,474.25,466.72202
2025-03-02 12:00:00,pm10,PIIANN,232.75,255.9353
2021-07-10 01:00:00,pm10,PIIANN,120.0,129.78058
2024-04-06 19:00:00,pm10,PIIANN,252.0,302.99332
2025-03-06 23:00:00,pm10,PIIANN,223.44,200.79102
2025-09-05 18:00:00,pm10,PIIANN,119.52,176.60025
2024-06-10 22:00:00,pm10,PIIANN,169.22,217.18228
2021-10-08 07:00:00,pm10,PIIANN,103.5625,88.72674
2021-12-03 06:00:00,pm10,PIIANN,222.0,225.18504
2021-11-07 23:00:00,pm10,PIIANN,71.0,102.40483
2025-09-06 17:00:00,pm10,PIIANN,209.44,198.66815
2021-02-05 15:00:00,pm10,PIIANN,103.75,129.23587
2021-06-05 19:00:00,pm10,PIIANN,222.16667,309.46808
2024-12-02 07:00:00,pm10,PIIANN,70.25,120.781975
2022-10-09 08:00:00,pm10,PIIANN,118.0,135.44481
2025-09-04 08:00:00,pm10,PIIANN,343.82,251.89088
2022-08-06 00:00:00,pm10,PIIANN,177.28,143.6177
2021-01-03 07:00:00,pm10,PIIANN,1000.0,179.4997
2024-09-11 03:00:00,pm10,PIIANN,288.12,319.3973
2025-05-09 05:00:00,pm10,PIIANN,48.14,51.419144
2024-09-04 12:00:00,pm10,PIIANN,171.29,156.67284
2021-12-03 04:00:00,pm10,PIIANN,196.0,202.6318
2025-05-09 19:00:00,pm10,PIIANN,62.36998,27.092253
2024-07-02 21:00:00,pm10,PIIANN,59.0,98.33674
2021-02-01 20:00:00,pm10,PIIANN,389.99997,411.1952
2021-02-09 22:00:00,pm10,PIIANN,121.0,154.01826
2024-01-01 14:00:00,pm10,PIIANN,325.0,305.5503
2024-06-01 15:00:00,pm10,PIIANN,317.75,315.54266
2023-05-09 18:00:00,pm10,PIIANN,99.00001,93.973564
2025-10-07 02:00:00,pm10,PIIANN,31.479994,43.33673
2022-07-03 14:00:00,pm10,PIIANN,138.5,224.048
2023-11-06 00:00:00,pm10,PIIANN,147.0,211.77347
2024-01-07 07:00:00,pm10,PIIANN,53.300003,79.66083
2023-02-07 08:00:00,pm10,PIIANN,59.0,55.475784
2022-02-09 06:00:00,pm10,PIIANN,80.75,94.88317
2021-07-11 17:00:00,pm10,PIIANN,240.0,275.3598
2023-07-08 19:00:00,pm10,PIIANN,119.25,130.67224
2025-06-12 17:00:00,pm10,PIIANN,197.93,207.6561
2021-05-03 22:00:00,pm10,PIIANN,199.0,237.34041
2024-04-03 05:00:00,pm10,PIIANN,81.0,105.73472
2021-09-12 22:00:00,pm10,PIIANN,331.25,346.16486
2024-03-11 11:00:00,pm10,PIIANN,373.17,344.3202
2023-12-04 12:00:00,pm10,PIIANN,195.25,217.74278
2025-12-01 13:00:00,pm10,PIIANN,236.67,252.04266
2022-08-04 23:00:00,pm10,PIIANN,452.0,392.40823
2024-01-05 14:00:00,pm10,PIIANN,153.45,146.76654
2024-06-04 22:00:00,pm10,PIIANN,254.5,253.05275
2023-09-11 11:00:00,pm10,PIIANN,576.0,549.43066
2025-12-12 22:00:00,pm10,PIIANN,463.14,431.83704
2024-09-05 16:00:00,pm10,PIIANN,138.0,132.99591
2023-04-09 18:00:00,pm10,PIIANN,129.5,131.26193
2021-08-07 16:00:00,pm10,PIIANN,240.25,159.36168
2024-09-12 12:00:00,pm10,PIIANN,211.11,185.85844
2022-09-12 01:00:00,pm10,PIIANN,355.25,324.5159
2023-08-04 09:00:00,pm10,PIIANN,321.0,260.3304
2022-04-06 09:00:00,pm10,PIIANN,251.25,252.29254
2023-12-08 08:00:00,pm10,PIIANN,104.25,109.49643
2025-09-09 00:00:00,pm10,PIIANN,100.01,163.72195
2021-04-05 21:00:00,pm10,PIIANN,123.0,186.47363
2022-10-09 16:00:00,pm10,PIIANN,99.00001,115.02242
2025-06-03 21:00:00,pm10,PIIANN,431.1,240.98517
2022-07-06 02:00:00,pm10,PIIANN,287.83,283.85513
2021-03-10 17:00:00,pm10,PIIANN,76.75,90.544075
2022-12-08 16:00:00,pm10,PIIANN,54.5,66.85739
2021-09-10 09:00:00,pm10,PIIANN,227.0,184.8349
2024-04-11 17:00:00,pm10,PIIANN,321.75,316.8319
2025-04-08 15:00:00,pm10,PIIANN,104.51,96.378494
2023-08-06 20:00:00,pm10,PIIANN,207.75,205.1871
2022-05-11 03:00:00,pm10,PIIANN,320.0,384.7251
2024-09-03 13:00:00,pm10,PIIANN,99.75,112.68618
2023-02-02 02:00:00,pm10,PIIANN,161.0,143.17479
2025-09-10 15:00:00,pm10,PIIANN,104.75,94.10054
2023-05-02 16:00:00,pm10,PIIANN,107.0,165.01955
2025-02-12 05:00:00,pm10,PIIANN,428.5,442.93253
2024-11-11 22:00:00,pm10,PIIANN,345.26,412.42917
2023-07-07 05:00:00,pm10,PIIANN,65.75,64.373566
2025-08-11 15:00:00,pm10,PIIANN,350.16,362.1788
2023-09-12 22:00:00,pm10,PIIANN,319.5,370.4272
2024-02-05 17:00:00,pm10,PIIANN,147.53,153.22046
2024-11-13 01:00:00,pm10,PIIANN,356.79404,320.1981
2022-03-11 10:00:00,pm10,PIIANN,752.0,717.1909
2025-03-10 05:00:00,pm10,PIIANN,55.979996,65.3636
2022-11-11 08:00:00,pm10,PIIANN,671.0,614.6787
2021-02-11 13:00:00,pm10,PIIANN,259.0,255.41396
2022-01-08 10:00:00,pm10,PIIANN,43.0,59.092667
2022-11-09 06:00:00,pm10,PIIANN,47.0,75.938675
2021-11-03 21:00:00,pm10,PIIANN,433.0,372.40466
2024-08-08 12:00:00,pm10,PIIANN,44.47,38.849503
2021-12-08 17:00:00,pm10,PIIANN,161.25,143.36441
2023-09-12 15:00:00,pm10,PIIANN,157.75,204.29434
2025-01-13 00:00:00,pm10,PIIANN,423.75592,390.19843
2022-08-01 17:00:00,pm10,PIIANN,70.25,85.54614
2025-01-07 17:00:00,pm10,PIIANN,76.24,57.203354
2025-02-03 00:00:00,pm10,PIIANN,189.35,220.92618
2024-02-09 07:00:00,pm10,PIIANN,73.39,85.55708
2024-01-12 07:00:00,pm10,PIIANN,271.47,305.30905
2021-06-05 16:00:00,pm10,PIIANN,364.5,165.84863
2025-02-08 16:00:00,pm10,PIIANN,109.96,67.23555
2023-03-13 02:00:00,pm10,PIIANN,250.86816,264.60538
2024-12-03 17:00:00,pm10,PIIANN,99.5,136.80365
2024-02-08 18:00:00,pm10,PIIANN,51.29001,67.94733
2021-01-12 05:00:00,pm10,PIIANN,244.5,276.93274
2021-12-02 10:00:00,pm10,PIIANN,502.75,431.61414
2023-04-08 10:00:00,pm10,PIIANN,97.75,94.24541
2023-08-06 02:00:00,pm10,PIIANN,168.75,219.58434
2023-02-07 01:00:00,pm10,PIIANN,26.999998,35.53154
2021-07-03 18:00:00,pm10,PIIANN,338.0,254.65347
2022-04-04 16:00:00,pm10,PIIANN,186.0,188.63994
2024-08-03 07:00:00,pm10,PIIANN,151.25,110.76957
2025-08-08 15:00:00,pm10,PIIANN,148.57,124.41283
2022-09-06 16:00:00,pm10,PIIANN,262.0,187.93109
2022-02-04 18:00:00,pm10,PIIANN,195.75,232.98523
2025-07-07 08:00:00,pm10,PIIANN,20.10501,56.11734
2021-12-02 04:00:00,pm10,PIIANN,310.0,316.9653
2024-11-09 08:00:00,pm10,PIIANN,67.96001,77.47663
2021-05-05 08:00:00,pm10,PIIANN,182.25,168.64163
2025-11-10 04:00:00,pm10,PIIANN,206.62,205.60942
2025-12-03 12:00:00,pm10,PIIANN,207.12,233.96999
2023-08-11 15:00:00,pm10,PIIANN,489.0,388.34598
2025-09-02 00:00:00,pm10,PIIANN,238.32,459.1669
2021-11-12 19:00:00,pm10,PIIANN,284.0,291.71344
2024-07-07 03:00:00,pm10,PIIANN,17.999998,25.740477
2024-02-11 02:00:00,pm10,PIIANN,420.64,466.40756
2021-03-11 06:00:00,pm10,PIIANN,239.75,271.98224
2023-04-05 18:00:00,pm10,PIIANN,147.25,104.11095
2023-02-12 21:00:00,pm10,PIIANN,274.75,295.06888
2022-02-07 09:00:00,pm10,PIIANN,110.0,100.16433
2021-09-09 10:00:00,pm10,PIIANN,72.5,77.78689
2021-10-03 00:00:00,pm10,PIIANN,41.0,313.1105
2024-07-06 07:00:00,pm10,PIIANN,525.0,372.1271
2024-02-01 16:00:00,pm10,PIIANN,263.75,273.09094
2024-03-03 16:00:00,pm10,PIIANN,126.5,130.9888
2022-04-04 23:00:00,pm10,PIIANN,785.0,466.18646
2022-11-07 07:00:00,pm10,PIIANN,90.74999,89.82886
2025-05-04 08:00:00,pm10,PIIANN,296.88,205.88005
2022-10-06 21:00:00,pm10,PIIANN,376.5,363.5042
2025-12-04 13:00:00,pm10,PIIANN,134.28,125.761475
2023-01-10 17:00:00,pm10,PIIANN,127.0,133.37862
2024-01-11 11:00:00,pm10,PIIANN,224.98,234.7254
2025-11-09 08:00:00,pm10,PIIANN,76.03,78.05157
2025-07-03 17:00:00,pm10,PIIANN,102.12,150.38503
2024-04-07 12:00:00,pm10,PIIANN,55.28,55.15103
2022-11-12 08:00:00,pm10,PIIANN,228.0,258.38196
2021-01-09 12:00:00,pm10,PIIANN,9.249998,26.539228
2022-08-09 15:00:00,pm10,PIIANN,177.75,153.78365
2021-09-12 07:00:00,pm10,PIIANN,224.0,248.68913
2022-08-08 14:00:00,pm10,PIIANN,114.0,87.31332
2022-09-02 15:00:00,pm10,PIIANN,77.75,139.53342
2024-04-06 23:00:00,pm10,PIIANN,210.0,307.1932
2024-06-05 00:00:00,pm10,PIIANN,302.89,237.30377
2023-06-09 09:00:00,pm10,PIIANN,145.0,109.585205
2023-11-10 13:00:00,pm10,PIIANN,133.0,162.7076
2023-04-08 22:00:00,pm10,PIIANN,36.25,100.66151
2025-06-07 14:00:00,pm10,PIIANN,69.09,72.23615
2021-11-06 09:00:00,pm10,PIIANN,132.25,114.951
2021-10-03 11:00:00,pm10,PIIANN,284.0,242.08984
2022-09-04 09:00:00,pm10,PIIANN,309.25,308.74194
2025-07-04 04:00:00,pm10,PIIANN,260.42,302.60446
2024-07-09 18:00:00,pm10,PIIANN,41.960007,52.048096
2022-11-06 19:00:00,pm10,PIIANN,265.75,248.21503
2021-10-10 15:00:00,pm10,PIIANN,108.75,158.68456
2021-10-08 18:00:00,pm10,PIIANN,46.0,108.13285
2023-11-03 02:00:00,pm10,PIIANN,203.0,215.24837
2021-07-02 03:00:00,pm10,PIIANN,206.0,187.88242
2025-02-08 02:00:00,pm10,PIIANN,73.88,43.993988
2021-12-09 03:00:00,pm10,PIIANN,20.249998,26.777967
2022-04-07 00:00:00,pm10,PIIANN,117.25,135.19621
2024-03-11 02:00:00,pm10,PIIANN,349.88998,389.5124
2023-12-08 12:00:00,pm10,PIIANN,116.0,106.420876
2021-02-06 12:00:00,pm10,PIIANN,123.25,145.57054
2024-07-04 11:00:00,pm10,PIIANN,133.36,193.88458
2025-07-12 03:00:00,pm10,PIIANN,267.0,267.99802
2022-06-02 20:00:00,pm10,PIIANN,286.75,264.58423
2022-03-10 12:00:00,pm10,PIIANN,132.25,130.25745
2021-08-02 10:00:00,pm10,PIIANN,167.805,282.43637
2022-09-03 09:00:00,pm10,PIIANN,149.0,212.25655
2025-09-04 22:00:00,pm10,PIIANN,357.78,413.2612
2022-03-03 03:00:00,pm10,PIIANN,126.0,185.86694
2024-11-12 19:00:00,pm10,PIIANN,580.56,343.6571
2023-08-12 11:00:00,pm10,PIIANN,248.75,262.74957
2024-07-12 05:00:00,pm10,PIIANN,207.76,256.20074
2025-04-02 05:00:00,pm10,PIIANN,232.37,315.34778
2023-10-10 01:00:00,pm10,PIIANN,236.5,196.61664
2024-08-10 12:00:00,pm10,PIIANN,175.84,182.4734
2025-01-12 05:00:00,pm10,PIIANN,235.97,289.76166
2024-05-07 00:00:00,pm10,PIIANN,87.99999,198.2893
2022-11-08 13:00:00,pm10,PIIANN,43.25,63.156662
2022-12-09 19:00:00,pm10,PIIANN,111.75,118.57825
2025-09-05 20:00:00,pm10,PIIANN,170.58,205.15001
2024-12-07 04:00:00,pm10,PIIANN,83.0,126.45298
2024-03-06 12:00:00,pm10,PIIANN,199.0,153.36368
2025-02-13 02:00:00,pm10,PIIANN,499.24118,497.40674
2021-05-02 17:00:00,pm10,PIIANN,111.0,150.55988
2024-02-01 22:00:00,pm10,PIIANN,396.75,396.2795
2024-12-09 14:00:00,pm10,PIIANN,22.97,21.655836
2023-05-12 13:00:00,pm10,PIIANN,192.83333,252.46751
2025-07-10 02:00:00,pm10,PIIANN,41.020004,47.338486
2022-07-04 18:00:00,pm10,PIIANN,157.25,196.37465
2024-01-04 08:00:00,pm10,PIIANN,200.68,162.02574
2022-04-03 11:00:00,pm10,PIIANN,197.6,188.0352
2023-12-07 17:00:00,pm10,PIIANN,83.75,71.51443
2021-02-08 12:00:00,pm10,PIIANN,67.5,56.58693
2023-04-10 06:00:00,pm10,PIIANN,212.75,171.67001
2022-07-08 09:00:00,pm10,PIIANN,107.5,117.22697
2024-03-03 15:00:00,pm10,PIIANN,147.0,137.60466
2023-07-05 03:00:00,pm10,PIIANN,137.5,168.77737
2022-04-07 20:00:00,pm10,PIIANN,215.75,172.05624
2022-07-11 02:00:00,pm10,PIIANN,355.75,368.0241
2021-11-12 09:00:00,pm10,PIIANN,203.25,215.59581
2021-02-06 09:00:00,pm10,PIIANN,304.75,142.12617
2021-09-10 04:00:00,pm10,PIIANN,207.75,232.49146
2025-04-12 17:00:00,pm10,PIIANN,231.1,254.07051
2024-12-07 06:00:00,pm10,PIIANN,43.0,117.20539
2021-02-02 11:00:00,pm10,PIIANN,167.805,247.4735
2021-12-09 02:00:00,pm10,PIIANN,20.999998,19.182264
2023-10-04 04:00:00,pm10,PIIANN,218.0,207.42459
2023-11-12 08:00:00,pm10,PIIANN,297.75,301.98227
2025-12-07 14:00:00,pm10,PIIANN,97.59,91.54976
2023-09-05 19:00:00,pm10,PIIANN,200.75,203.01115
2025-10-02 22:00:00,pm10,PIIANN,383.65,399.1213
2024-06-01 18:00:00,pm10,PIIANN,367.25,361.4005
2022-07-12 09:00:00,pm10,PIIANN,243.75,220.89001
2025-04-07 02:00:00,pm10,PIIANN,110.58,73.372955
2022-06-10 04:00:00,pm10,PIIANN,21.999998,83.39487
2022-08-08 00:00:00,pm10,PIIANN,46.75,134.0313
2024-03-12 07:00:00,pm10,PIIANN,167.805,258.0056
2025-01-06 15:00:00,pm10,PIIANN,303.9,202.886
2025-11-05 04:00:00,pm10,PIIANN,180.9,192.7653
2023-05-03 08:00:00,pm10,PIIANN,167.0,144.81786
2021-09-08 01:00:00,pm10,PIIANN,83.4375,68.39043
2021-09-11 04:00:00,pm10,PIIANN,381.5,390.39218
2021-04-08 13:00:00,pm10,PIIANN,39.250015,34.46721
2025-10-08 11:00:00,pm10,PIIANN,85.17,67.11348
2022-01-02 08:00:00,pm10,PIIANN,253.25,334.33524
2021-06-06 19:00:00,pm10,PIIANN,150.75,177.2073
2023-12-10 07:00:00,pm10,PIIANN,479.0,273.00577
2024-06-01 17:00:00,pm10,PIIANN,333.25,348.96606
2024-04-05 15:00:00,pm10,PIIANN,210.89,190.67285
2021-09-09 04:00:00,pm10,PIIANN,35.25,55.089508
2024-05-05 09:00:00,pm10,PIIANN,315.87,298.55978
2023-07-10 22:00:00,pm10,PIIANN,238.5,251.18839
2024-04-08 16:00:00,pm10,PIIANN,45.90001,57.311646
2024-02-02 04:00:00,pm10,PIIANN,167.805,233.39258
2025-10-03 15:00:00,pm10,PIIANN,199.56,209.72313
2022-10-11 13:00:00,pm10,PIIANN,204.0,204.7483
2025-09-05 02:00:00,pm10,PIIANN,235.2,221.07785
2022-05-05 21:00:00,pm10,PIIANN,508.5,326.50644
2024-06-07 02:00:00,pm10,PIIANN,31.999998,64.66753
2022-07-11 22:00:00,pm10,PIIANN,425.0,389.4731
2023-02-04 14:00:00,pm10,PIIANN,77.5,87.173965
2024-11-04 16:00:00,pm10,PIIANN,114.06,163.27994
2023-11-07 14:00:00,pm10,PIIANN,107.75,68.52606
2023-03-01 13:00:00,pm10,PIIANN,423.0,401.66104
2022-09-08 22:00:00,pm10,PIIANN,188.0,180.87921
2025-07-03 08:00:00,pm10,PIIANN,289.44,260.1783
2025-03-03 00:00:00,pm10,PIIANN,277.85,244.67036
2025-11-02 06:00:00,pm10,PIIANN,245.74,282.41782
2021-09-09 16:00:00,pm10,PIIANN,64.25,62.221756
2024-11-10 10:00:00,pm10,PIIANN,155.12,171.09996
2021-09-04 16:00:00,pm10,PIIANN,95.75,129.9891
2023-10-02 10:00:00,pm10,PIIANN,246.0,216.29044
2022-09-08 10:00:00,pm10,PIIANN,88.25,125.16447
2025-08-12 05:00:00,pm10,PIIANN,239.8,278.23312
2022-07-12 21:00:00,pm10,PIIANN,254.5,331.36694
2023-10-01 17:00:00,pm10,PIIANN,365.75,369.82596
2022-06-07 16:00:00,pm10,PIIANN,87.99999,127.34912
2024-02-10 23:00:00,pm10,PIIANN,274.65,248.97581
2021-01-03 11:00:00,pm10,PIIANN,216.0,210.80351
2025-02-12 06:00:00,pm10,PIIANN,459.18,446.8836
2021-05-06 15:00:00,pm10,PIIANN,132.0,137.48726
2021-10-08 21:00:00,pm10,PIIANN,275.375,194.04875
2025-02-03 05:00:00,pm10,PIIANN,110.1,122.528336
2023-12-03 20:00:00,pm10,PIIANN,249.0,234.7858
2024-06-10 23:00:00,pm10,PIIANN,152.82,184.54683
2022-08-03 16:00:00,pm10,PIIANN,102.5,159.42871
2023-01-12 11:00:00,pm10,PIIANN,411.75,469.3282
2021-07-11 15:00:00,pm10,PIIANN,212.25,274.9004
2022-10-04 01:00:00,pm10,PIIANN,269.25,282.1901
2024-02-02 18:00:00,pm10,PIIANN,48.25,103.844734
2022-07-06 10:00:00,pm10,PIIANN,167.805,150.2548
2021-01-08 22:00:00,pm10,PIIANN,115.25,107.61656
2022-02-06 10:00:00,pm10,PIIANN,326.5,238.95683
2024-02-05 21:00:00,pm10,PIIANN,387.88,306.97598
2023-09-02 03:00:00,pm10,PIIANN,230.0,219.69933
2025-05-02 21:00:00,pm10,PIIANN,215.5,299.6999
2024-05-04 02:00:00,pm10,PIIANN,149.19,143.59044
2021-01-04 02:00:00,pm10,PIIANN,103.0,91.56477
2025-11-07 19:00:00,pm10,PIIANN,79.2,73.66545
2023-10-05 22:00:00,pm10,PIIANN,351.0,388.48892
2023-05-05 21:00:00,pm10,PIIANN,501.5,369.4302
2024-04-09 10:00:00,pm10,PIIANN,75.82,60.34343
2021-07-10 08:00:00,pm10,PIIANN,128.0,135.10416
2021-03-04 02:00:00,pm10,PIIANN,113.0,95.054245
2025-10-05 02:00:00,pm10,PIIANN,215.25,182.6029
2023-12-01 18:00:00,pm10,PIIANN,330.75,331.58276
2021-07-05 18:00:00,pm10,PIIANN,116.75,142.94753
2024-11-10 22:00:00,pm10,PIIANN,220.3,237.11775
2025-05-06 14:00:00,pm10,PIIANN,344.26,158.65887
2023-12-07 23:00:00,pm10,PIIANN,75.0,85.91312
2023-01-12 17:00:00,pm10,PIIANN,310.75,295.51157
2022-12-08 07:00:00,pm10,PIIANN,45.75,51.286484
2025-05-10 14:00:00,pm10,PIIANN,189.23,129.87077
2022-06-08 14:00:00,pm10,PIIANN,109.25,76.18256
2023-02-04 00:00:00,pm10,PIIANN,56.5,230.82582
2023-07-12 14:00:00,pm10,PIIANN,227.0,267.13828
2024-01-10 22:00:00,pm10,PIIANN,315.06,224.40201
2021-01-04 13:00:00,pm10,PIIANN,236.0,164.54013
2024-12-11 15:00:00,pm10,PIIANN,158.24,192.82169
2021-05-12 18:00:00,pm10,PIIANN,254.5,308.1414
2021-10-11 13:00:00,pm10,PIIANN,358.0,384.5901
2022-01-09 20:00:00,pm10,PIIANN,146.5,148.18314
2024-07-06 17:00:00,pm10,PIIANN,185.0,188.09285
2022-08-10 18:00:00,pm10,PIIANN,16.66667,33.34041
2023-11-05 04:00:00,pm10,PIIANN,399.75,354.84744
2022-06-04 06:00:00,pm10,PIIANN,220.5,244.63713
2021-12-12 12:00:00,pm10,PIIANN,167.805,182.99182
2024-08-03 01:00:00,pm10,PIIANN,197.25,145.12799
2022-06-05 08:00:00,pm10,PIIANN,440.0,346.05383
2024-04-10 21:00:00,pm10,PIIANN,307.26,260.96896
2025-01-02 23:00:00,pm10,PIIANN,359.97,397.992
2025-03-11 22:00:00,pm10,PIIANN,443.91,434.1728
2021-02-02 22:00:00,pm10,PIIANN,370.75,440.53555
2025-10-04 08:00:00,pm10,PIIANN,311.77,275.34933
2023-03-02 14:00:00,pm10,PIIANN,163.0,179.49492
2022-10-12 16:00:00,pm10,PIIANN,200.75,327.48303
2024-07-02 14:00:00,pm10,PIIANN,50.25,79.96127
2024-04-11 02:00:00,pm10,PIIANN,297.52,333.28815
2021-05-03 19:00:00,pm10,PIIANN,169.0,216.51605
2023-04-01 12:00:00,pm10,PIIANN,270.75,250.93994
2025-04-02 18:00:00,pm10,PIIANN,352.68,311.8653
2021-02-04 04:00:00,pm10,PIIANN,171.0,140.53052
2025-05-08 23:00:00,pm10,PIIANN,98.03,126.77045
2023-07-01 11:00:00,pm10,PIIANN,287.5,252.18938
2023-04-07 18:00:00,pm10,PIIANN,121.0,141.79016
2025-08-04 10:00:00,pm10,PIIANN,413.35,297.8327
2021-08-11 19:00:00,pm10,PIIANN,363.0,421.4829
2022-10-08 17:00:00,pm10,PIIANN,69.5,106.26169
2025-03-12 20:00:00,pm10,PIIANN,533.15,409.76672
2021-09-07 04:00:00,pm10,PIIANN,74.0,93.266815
2025-02-12 00:00:00,pm10,PIIANN,459.18,286.55032
2022-12-01 17:00:00,pm10,PIIANN,135.25,184.60106
2025-01-10 19:00:00,pm10,PIIANN,205.95,141.06837
2022-08-02 04:00:00,pm10,PIIANN,178.0,211.83905
2021-07-01 19:00:00,pm10,PIIANN,230.0,265.7017
2023-03-04 22:00:00,pm10,PIIANN,212.0,232.5728
2023-09-10 10:00:00,pm10,PIIANN,116.75,127.8745
2022-08-06 23:00:00,pm10,PIIANN,167.805,201.21059
2022-06-01 17:00:00,pm10,PIIANN,112.0,193.38655
2021-09-12 21:00:00,pm10,PIIANN,325.0,385.49826
2022-06-12 04:00:00,pm10,PIIANN,337.25,340.51636
2024-06-01 23:00:00,pm10,PIIANN,364.67,333.06982
2022-01-09 22:00:00,pm10,PIIANN,129.0,136.8572
2023-07-07 04:00:00,pm10,PIIANN,67.75,52.88292
2023-06-03 04:00:00,pm10,PIIANN,123.25,129.22551
2022-02-03 02:00:00,pm10,PIIANN,211.0,230.89664
2023-04-05 14:00:00,pm10,PIIANN,82.0,96.36057
2021-09-07 03:00:00,pm10,PIIANN,92.5,105.83035
2022-06-07 09:00:00,pm10,PIIANN,122.75,127.02612
2023-08-10 14:00:00,pm10,PIIANN,111.0,106.92612
2023-02-08 09:00:00,pm10,PIIANN,80.25,83.09665
2023-04-03 17:00:00,pm10,PIIANN,151.0,122.42725
2021-08-03 09:00:00,pm10,PIIANN,346.0,319.04813
2021-09-06 21:00:00,pm10,PIIANN,309.5,333.8791
2023-11-12 13:00:00,pm10,PIIANN,210.75,272.50787
2024-10-09 04:00:00,pm10,PIIANN,93.44,97.1596
2023-12-04 00:00:00,pm10,PIIANN,274.0,245.68527
2023-12-03 23:00:00,pm10,PIIANN,283.0,300.2125
2024-02-02 06:00:00,pm10,PIIANN,167.805,189.33597
2022-06-02 07:00:00,pm10,PIIANN,223.5,203.05118
2024-06-11 18:00:00,pm10,PIIANN,301.03,313.25488
2022-03-04 14:00:00,pm10,PIIANN,159.5,172.03777
2023-01-05 12:00:00,pm10,PIIANN,104.666664,112.744156
2024-12-10 14:00:00,pm10,PIIANN,140.78,133.02243
2025-08-03 22:00:00,pm10,PIIANN,435.26,338.64664
2025-04-05 04:00:00,pm10,PIIANN,216.08,236.25365
2024-01-09 16:00:00,pm10,PIIANN,73.94,69.23842
2023-05-07 23:00:00,pm10,PIIANN,79.0,81.37613
2023-02-08 20:00:00,pm10,PIIANN,74.0,114.94393
2024-02-04 15:00:00,pm10,PIIANN,130.74,130.6961
2021-03-04 01:00:00,pm10,PIIANN,113.0,115.10873
2022-01-02 19:00:00,pm10,PIIANN,282.0,341.6389
2025-09-06 19:00:00,pm10,PIIANN,226.92,238.46162
2022-12-12 21:00:00,pm10,PIIANN,515.25,443.14755
2022-05-02 11:00:00,pm10,PIIANN,196.0,172.97789
2024-05-07 12:00:00,pm10,PIIANN,66.0,73.389824
2025-12-11 11:00:00,pm10,PIIANN,539.0,520.7442
2022-11-09 05:00:00,pm10,PIIANN,49.0,74.97202
2025-01-07 14:00:00,pm10,PIIANN,29.740004,44.912888
2024-04-04 04:00:00,pm10,PIIANN,92.63,162.50453
2024-01-04 01:00:00,pm10,PIIANN,82.67,116.78726
2023-03-12 14:00:00,pm10,PIIANN,170.75,261.1188
2022-02-13 02:00:00,pm10,PIIANN,526.30896,432.9027
2024-03-02 14:00:00,pm10,PIIANN,29.749998,71.895546
2023-04-03 18:00:00,pm10,PIIANN,139.0,140.49968
2022-03-04 08:00:00,pm10,PIIANN,352.0,348.0892
2022-05-03 19:00:00,pm10,PIIANN,104.75,131.61345
2022-04-05 10:00:00,pm10,PIIANN,299.5,280.77628
2023-03-08 17:00:00,pm10,PIIANN,115.25,100.06093
2024-11-08 15:00:00,pm10,PIIANN,38.199997,37.59099
2025-10-04 12:00:00,pm10,PIIANN,262.8,270.06125
2023-08-03 16:00:00,pm10,PIIANN,167.805,187.35515
2024-12-09 03:00:00,pm10,PIIANN,39.17,52.465363
2023-08-08 07:00:00,pm10,PIIANN,81.75,99.531555
2022-10-05 05:00:00,pm10,PIIANN,145.5,163.70815
2021-09-09 11:00:00,pm10,PIIANN,79.25,74.56299
2023-05-06 12:00:00,pm10,PIIANN,121.0,152.60912
2021-09-11 10:00:00,pm10,PIIANN,561.25,443.21335
2024-11-03 16:00:00,pm10,PIIANN,115.0,112.851
2025-11-03 21:00:00,pm10,PIIANN,525.84,430.57816
2022-03-02 20:00:00,pm10,PIIANN,213.5,276.5252
2025-07-06 11:00:00,pm10,PIIANN,196.82,190.94373
2022-07-06 17:00:00,pm10,PIIANN,167.805,178.10489
2024-05-09 17:00:00,pm10,PIIANN,89.33,57.116364
2025-12-01 16:00:00,pm10,PIIANN,190.88,242.15762
2023-04-09 09:00:00,pm10,PIIANN,145.75,149.1004
2023-09-02 23:00:00,pm10,PIIANN,245.0,235.02403
2025-12-03 13:00:00,pm10,PIIANN,175.38,219.11229
2023-03-11 00:00:00,pm10,PIIANN,625.25,315.5691
2025-01-05 02:00:00,pm10,PIIANN,182.51,161.16069
2022-10-12 21:00:00,pm10,PIIANN,502.75,519.2655
2022-06-09 14:00:00,pm10,PIIANN,110.25,116.41077
2025-10-10 11:00:00,pm10,PIIANN,180.1,134.06868
2021-03-05 16:00:00,pm10,PIIANN,105.25,164.32382
2024-10-03 16:00:00,pm10,PIIANN,96.75,95.44518
2024-06-05 20:00:00,pm10,PIIANN,307.55,284.70688
2025-04-07 23:00:00,pm10,PIIANN,143.18,161.24983
2023-02-05 06:00:00,pm10,PIIANN,36.25,68.81755
2024-02-07 13:00:00,pm10,PIIANN,115.47,129.50705
2022-03-08 17:00:00,pm10,PIIANN,99.75,126.0446
2021-03-12 19:00:00,pm10,PIIANN,399.75,433.68906
2022-04-08 14:00:00,pm10,PIIANN,104.75,109.6606
2023-01-03 21:00:00,pm10,PIIANN,402.5,377.46375
2022-07-11 19:00:00,pm10,PIIANN,391.5,353.7807
2023-07-03 14:00:00,pm10,PIIANN,89.0,136.72354
2025-08-08 05:00:00,pm10,PIIANN,83.44,90.89581
2025-01-05 01:00:00,pm10,PIIANN,191.25,167.47562
2025-01-08 19:00:00,pm10,PIIANN,66.67,46.998154
2021-04-09 05:00:00,pm10,PIIANN,167.805,99.92285
2021-06-09 20:00:00,pm10,PIIANN,167.805,167.19472
2022-04-08 19:00:00,pm10,PIIANN,126.75,129.67906
2023-01-06 21:00:00,pm10,PIIANN,201.0,134.2569
2022-09-13 01:00:00,pm10,PIIANN,385.694,384.25958
2022-09-04 00:00:00,pm10,PIIANN,422.0,201.27817
2024-05-06 02:00:00,pm10,PIIANN,183.0,177.25192
2025-02-07 17:00:00,pm10,PIIANN,65.81,79.79544
2023-02-10 02:00:00,pm10,PIIANN,126.5,106.28008
2022-03-11 06:00:00,pm10,PIIANN,759.0,684.02344
2023-08-07 11:00:00,pm10,PIIANN,16.249998,39.068253
2025-05-12 21:00:00,pm10,PIIANN,509.41,412.9507
2022-05-06 01:00:00,pm10,PIIANN,314.66,228.26233
2022-11-02 23:00:00,pm10,PIIANN,281.0,281.1322
2021-02-06 19:00:00,pm10,PIIANN,61.75,123.97472
2025-02-02 02:00:00,pm10,PIIANN,258.37,299.76218
2023-05-08 08:00:00,pm10,PIIANN,35.0,101.29247
2024-10-04 07:00:00,pm10,PIIANN,238.54,188.87454
2021-02-08 16:00:00,pm10,PIIANN,49.0,50.646698
2023-07-01 18:00:00,pm10,PIIANN,508.5,412.63364
2023-04-03 02:00:00,pm10,PIIANN,87.99999,113.17745
2022-06-03 06:00:00,pm10,PIIANN,172.5,169.44914
2022-08-10 15:00:00,pm10,PIIANN,15.999998,8.217085
2024-01-03 14:00:00,pm10,PIIANN,169.5,129.3926
2022-06-11 00:00:00,pm10,PIIANN,333.0,101.75401
2025-07-07 21:00:00,pm10,PIIANN,118.52,101.32957
2021-10-09 11:00:00,pm10,PIIANN,74.25,55.01184
2024-02-01 20:00:00,pm10,PIIANN,422.5,352.56747
2022-03-07 18:00:00,pm10,PIIANN,31.249998,96.54046
2025-08-02 01:00:00,pm10,PIIANN,149.4,136.32446
2022-12-02 08:00:00,pm10,PIIANN,156.5,165.64964
2024-05-08 09:00:00,pm10,PIIANN,47.210007,66.64873
2021-05-02 18:00:00,pm10,PIIANN,119.25,144.47105
2021-09-01 21:00:00,pm10,PIIANN,261.0,310.33554
2024-02-03 04:00:00,pm10,PIIANN,69.25,94.81524
2023-02-08 03:00:00,pm10,PIIANN,48.0,56.94873
2022-01-09 04:00:00,pm10,PIIANN,97.25,111.53695
2024-12-11 04:00:00,pm10,PIIANN,277.97,300.92334
2022-09-03 10:00:00,pm10,PIIANN,129.5,182.87654
2023-09-11 22:00:00,pm10,PIIANN,582.0,547.17126
2022-10-09 12:00:00,pm10,PIIANN,98.25,152.77759
2025-01-10 22:00:00,pm10,PIIANN,227.98,180.78375
2025-05-02 07:00:00,pm10,PIIANN,190.95,245.00711
2023-01-12 04:00:00,pm10,PIIANN,307.75,345.53195
2022-10-10 17:00:00,pm10,PIIANN,38.75,30.751326
2021-07-04 19:00:00,pm10,PIIANN,167.805,196.23944
2022-09-06 23:00:00,pm10,PIIANN,278.67,228.98117
2025-12-08 09:00:00,pm10,PIIANN,44.600006,66.2455
2021-02-10 11:00:00,pm10,PIIANN,90.0,90.769485
2024-01-10 04:00:00,pm10,PIIANN,126.96,125.33028
2024-08-06 16:00:00,pm10,PIIANN,180.0,168.02629
2022-03-09 08:00:00,pm10,PIIANN,84.75,96.27282
2025-10-06 16:00:00,pm10,PIIANN,170.24,179.1822
2022-03-06 01:00:00,pm10,PIIANN,295.0,208.85794
2024-05-02 15:00:00,pm10,PIIANN,45.5,77.586006
2025-08-01 20:00:00,pm10,PIIANN,443.9,387.22195
2022-05-03 11:00:00,pm10,PIIANN,132.0,126.16986
2025-04-08 17:00:00,pm10,PIIANN,115.16,103.00262
2022-07-09 16:00:00,pm10,PIIANN,105.25,125.714264
2023-02-08 02:00:00,pm10,PIIANN,56.75,52.564896
2023-03-06 14:00:00,pm10,PIIANN,89.75,110.68846
2025-01-04 19:00:00,pm10,PIIANN,150.57,160.97775
2022-06-06 16:00:00,pm10,PIIANN,167.805,164.34064
2022-06-09 23:00:00,pm10,PIIANN,111.33,117.325
2024-10-10 11:00:00,pm10,PIIANN,173.9,188.33704
2023-12-11 01:00:00,pm10,PIIANN,245.25,208.74652
2022-09-11 00:00:00,pm10,PIIANN,129.0,116.23633
2024-09-07 05:00:00,pm10,PIIANN,72.0,58.529816
2021-07-10 17:00:00,pm10,PIIANN,153.0,160.35524
2025-07-12 12:00:00,pm10,PIIANN,248.88,224.87004
2021-08-07 00:00:00,pm10,PIIANN,587.26666,301.62982
2025-12-02 12:00:00,pm10,PIIANN,137.2,174.47461
2024-11-03 04:00:00,pm10,PIIANN,201.25,159.74783
2023-11-09 21:00:00,pm10,PIIANN,141.75,106.977875
2023-12-03 06:00:00,pm10,PIIANN,239.75,244.95665
2024-06-08 11:00:00,pm10,PIIANN,98.7,57.504578
2025-08-10 14:00:00,pm10,PIIANN,89.8,46.81607
2024-07-06 05:00:00,pm10,PIIANN,393.0,203.33548
2024-07-05 17:00:00,pm10,PIIANN,195.86,199.98901
2023-05-03 05:00:00,pm10,PIIANN,87.0,120.61499
2024-06-12 21:00:00,pm10,PIIANN,376.92,327.2433
2022-03-11 11:00:00,pm10,PIIANN,711.25,683.6811
2022-06-07 21:00:00,pm10,PIIANN,130.75,165.79803
2021-10-09 02:00:00,pm10,PIIANN,76.25,44.492096
2025-01-02 08:00:00,pm10,PIIANN,264.77,361.37976
2021-04-10 18:00:00,pm10,PIIANN,156.75,114.92838
2024-05-03 18:00:00,pm10,PIIANN,91.0,111.44945
2025-11-07 01:00:00,pm10,PIIANN,71.54,76.24681
2024-12-08 05:00:00,pm10,PIIANN,26.639997,40.389526
2025-04-04 19:00:00,pm10,PIIANN,170.25,199.97905
2023-03-04 05:00:00,pm10,PIIANN,180.75,191.54994
2025-02-06 03:00:00,pm10,PIIANN,83.0,123.64345
2024-06-04 19:00:00,pm10,PIIANN,93.94,173.91907
2025-07-08 01:00:00,pm10,PIIANN,190.0,121.93528
2023-04-03 10:00:00,pm10,PIIANN,93.75,133.79166
2023-06-06 16:00:00,pm10,PIIANN,122.25,123.04935
2025-02-07 19:00:00,pm10,PIIANN,137.71,82.511536
2022-12-04 19:00:00,pm10,PIIANN,530.5,326.91788
2023-11-11 02:00:00,pm10,PIIANN,221.5,229.20642
2024-05-06 19:00:00,pm10,PIIANN,191.0,276.76807
2023-06-03 20:00:00,pm10,PIIANN,164.5,156.9886
2021-09-10 12:00:00,pm10,PIIANN,253.5,169.09485
2025-04-07 20:00:00,pm10,PIIANN,224.91,145.9178
2021-07-12 08:00:00,pm10,PIIANN,236.25,247.27539
2022-04-03 22:00:00,pm10,PIIANN,111.75,138.89415
2025-08-11 14:00:00,pm10,PIIANN,411.68,336.36377
2022-06-11 07:00:00,pm10,PIIANN,266.75,303.4608
2022-11-08 23:00:00,pm10,PIIANN,53.0,80.74204
2025-08-05 09:00:00,pm10,PIIANN,298.7,236.9533
2022-04-07 16:00:00,pm10,PIIANN,101.25,134.2015
2021-02-04 15:00:00,pm10,PIIANN,75.0,133.43433
2023-06-01 20:00:00,pm10,PIIANN,438.25,496.46402
2023-07-11 19:00:00,pm10,PIIANN,450.75,418.5391
2021-01-05 12:00:00,pm10,PIIANN,203.6875,205.23447
2023-10-08 00:00:00,pm10,PIIANN,167.5,49.956314
2021-09-11 06:00:00,pm10,PIIANN,439.0,447.84177
2021-06-11 05:00:00,pm10,PIIANN,449.75,469.07172
2025-10-07 12:00:00,pm10,PIIANN,32.410004,52.096527
2023-12-03 15:00:00,pm10,PIIANN,117.0,139.6824
2024-06-12 06:00:00,pm10,PIIANN,136.53,176.01456
2025-11-09 03:00:00,pm10,PIIANN,70.14,62.81697
2024-01-02 04:00:00,pm10,PIIANN,47.75,113.38095
2022-08-08 13:00:00,pm10,PIIANN,115.0,89.65084
2023-09-11 10:00:00,pm10,PIIANN,588.0,531.88715
2024-03-09 16:00:00,pm10,PIIANN,96.33,75.45462
2022-12-10 04:00:00,pm10,PIIANN,106.0,110.614105
2023-10-07 13:00:00,pm10,PIIANN,60.75,51.230133
2022-05-06 03:00:00,pm10,PIIANN,167.805,253.85867
2021-07-12 23:00:00,pm10,PIIANN,215.0,269.79065
2021-08-01 11:00:00,pm10,PIIANN,169.25,181.11671
2023-10-04 06:00:00,pm10,PIIANN,220.0,218.09193
2023-03-08 04:00:00,pm10,PIIANN,38.0,50.58058
2025-08-01 10:00:00,pm10,PIIANN,174.25,232.9249
2022-11-10 10:00:00,pm10,PIIANN,46.75,58.361603
2023-12-05 08:00:00,pm10,PIIANN,296.25,224.00653
2023-09-02 16:00:00,pm10,PIIANN,167.805,197.18942
2022-10-03 06:00:00,pm10,PIIANN,172.25,175.48666
2023-05-09 08:00:00,pm10,PIIANN,81.0,108.67829
2021-12-10 23:00:00,pm10,PIIANN,206.0,260.18198
2021-01-12 09:00:00,pm10,PIIANN,397.25,303.94064
2021-06-10 22:00:00,pm10,PIIANN,137.25,166.34961
2022-10-11 15:00:00,pm10,PIIANN,199.0,207.22983
2024-07-11 07:00:00,pm10,PIIANN,314.8,341.91644
2023-07-01 16:00:00,pm10,PIIANN,351.0,359.3692
2025-11-03 15:00:00,pm10,PIIANN,204.68,205.20624
2024-02-06 04:00:00,pm10,PIIANN,100.0,173.08263
2023-03-02 11:00:00,pm10,PIIANN,164.0,186.402
2023-09-04 10:00:00,pm10,PIIANN,216.0,314.88568
2024-07-02 00:00:00,pm10,PIIANN,65.25,205.86223
2025-11-04 10:00:00,pm10,PIIANN,218.89,187.01811
2022-11-10 08:00:00,pm10,PIIANN,53.75,44.17122
2025-09-12 00:00:00,pm10,PIIANN,250.05,251.47993
2022-06-06 17:00:00,pm10,PIIANN,167.805,165.7999
2021-12-03 22:00:00,pm10,PIIANN,122.0,229.70892
2022-08-12 02:00:00,pm10,PIIANN,220.25,174.23296
2021-01-04 09:00:00,pm10,PIIANN,218.0,213.96085
2022-05-08 06:00:00,pm10,PIIANN,49.936005,72.00602
2025-03-05 00:00:00,pm10,PIIANN,183.85,244.59889
2025-05-06 09:00:00,pm10,PIIANN,154.06,143.68317
2024-06-12 23:00:00,pm10,PIIANN,272.83,318.77667
2022-03-06 02:00:00,pm10,PIIANN,237.0,236.61174
2021-01-10 16:00:00,pm10,PIIANN,41.0,128.9848
2023-11-06 19:00:00,pm10,PIIANN,221.5,172.64862
2024-05-04 23:00:00,pm10,PIIANN,201.16,214.54251
2021-11-11 01:00:00,pm10,PIIANN,386.25,383.0319
2023-09-11 01:00:00,pm10,PIIANN,394.0,455.98038
2025-08-07 10:00:00,pm10,PIIANN,118.97,92.95185
2022-10-04 11:00:00,pm10,PIIANN,301.75,276.38742
2024-10-03 22:00:00,pm10,PIIANN,226.75,230.06201
2025-03-10 21:00:00,pm10,PIIANN,212.47,146.45897
2024-09-02 06:00:00,pm10,PIIANN,23.499998,60.84375
2021-11-04 07:00:00,pm10,PIIANN,163.75,161.3026
2024-08-01 21:00:00,pm10,PIIANN,572.0,620.83
2021-02-01 19:00:00,pm10,PIIANN,348.25,368.77588
2025-08-03 13:00:00,pm10,PIIANN,127.37,152.82
2023-03-01 19:00:00,pm10,PIIANN,421.75,439.95898
2023-02-11 19:00:00,pm10,PIIANN,663.75,666.6105
2025-09-08 04:00:00,pm10,PIIANN,39.199997,66.37532
2022-11-02 17:00:00,pm10,PIIANN,120.25,148.02145
2024-03-02 12:00:00,pm10,PIIANN,35.0,74.03182
2025-09-03 02:00:00,pm10,PIIANN,292.9,253.32506
2022-10-05 15:00:00,pm10,PIIANN,169.0,179.78543
2025-07-03 02:00:00,pm10,PIIANN,383.78,228.20425
2024-07-02 22:00:00,pm10,PIIANN,55.25,104.67246
2021-05-03 05:00:00,pm10,PIIANN,263.0,208.76025
2025-05-04 20:00:00,pm10,PIIANN,298.96,220.78177
2024-12-12 05:00:00,pm10,PIIANN,255.97,290.2749
2025-07-10 06:00:00,pm10,PIIANN,57.180008,52.316116
2023-05-03 23:00:00,pm10,PIIANN,156.0,154.35928
2021-01-10 07:00:00,pm10,PIIANN,156.5,168.41032
2023-08-12 12:00:00,pm10,PIIANN,227.75,258.2365
2024-08-10 01:00:00,pm10,PIIANN,157.88,173.33156
2024-08-08 06:00:00,pm10,PIIANN,25.800001,54.669174
2022-04-13 02:00:00,pm10,PIIANN,389.24216,342.4338
2024-12-11 10:00:00,pm10,PIIANN,350.04,309.04755
2023-09-02 10:00:00,pm10,PIIANN,222.0,201.04987
2024-03-03 11:00:00,pm10,PIIANN,258.0,160.33685
2024-09-11 16:00:00,pm10,PIIANN,229.52,264.62335
2022-11-09 17:00:00,pm10,PIIANN,64.0,106.42758
2021-02-08 23:00:00,pm10,PIIANN,81.0,90.35665
2024-05-10 18:00:00,pm10,PIIANN,141.51,153.45912
2021-07-03 12:00:00,pm10,PIIANN,287.0,255.42014
2023-09-03 15:00:00,pm10,PIIANN,133.0,118.87565
2023-03-10 17:00:00,pm10,PIIANN,149.0,137.53653
2021-07-08 14:00:00,pm10,PIIANN,50.0,86.64864
2022-07-03 21:00:00,pm10,PIIANN,485.5,441.1193
2024-07-09 09:00:00,pm10,PIIANN,52.990005,54.611816
2023-01-03 01:00:00,pm10,PIIANN,195.0,198.09601
2023-10-04 02:00:00,pm10,PIIANN,226.75,236.19743
2022-07-02 14:00:00,pm10,PIIANN,131.0,151.57532
2021-03-05 10:00:00,pm10,PIIANN,411.5,361.4407
2025-04-09 16:00:00,pm10,PIIANN,49.800003,33.395233
2023-09-08 01:00:00,pm10,PIIANN,120.0,93.429184
2022-05-08 15:00:00,pm10,PIIANN,55.25,87.18512
2023-10-10 19:00:00,pm10,PIIANN,226.25,214.48788
2023-04-11 02:00:00,pm10,PIIANN,298.0,382.15582
2023-05-12 14:00:00,pm10,PIIANN,146.25,224.16402
2025-12-07 17:00:00,pm10,PIIANN,62.36,89.42247
2025-06-06 11:00:00,pm10,PIIANN,154.98,151.98235
2024-05-06 07:00:00,pm10,PIIANN,205.0,209.05719
2023-04-06 18:00:00,pm10,PIIANN,154.0,197.70131
2023-05-11 23:00:00,pm10,PIIANN,425.0,428.68744
2024-06-02 22:00:00,pm10,PIIANN,76.25,133.82883
2022-04-12 22:00:00,pm10,PIIANN,408.25,478.4643
2024-10-03 02:00:00,pm10,PIIANN,238.25,130.46806
2024-01-05 13:00:00,pm10,PIIANN,174.78,149.24554
2022-11-12 01:00:00,pm10,PIIANN,354.0,282.11945
2023-07-05 12:00:00,pm10,PIIANN,151.0,147.72798
2022-01-04 22:00:00,pm10,PIIANN,424.5,415.93323
2023-09-04 22:00:00,pm10,PIIANN,346.0,316.42133
2023-06-05 03:00:00,pm10,PIIANN,343.5,314.63525
2022-04-10 13:00:00,pm10,PIIANN,195.75,165.54402
2024-03-08 01:00:00,pm10,PIIANN,81.0,84.48703
2022-07-05 08:00:00,pm10,PIIANN,312.0,209.63022
2022-12-13 01:00:00,pm10,PIIANN,267.58282,279.3661
2023-04-08 08:00:00,pm10,PIIANN,63.5,89.56754
2021-01-03 22:00:00,pm10,PIIANN,222.0,261.41382
2021-12-08 16:00:00,pm10,PIIANN,172.5,138.00804
2024-10-12 02:00:00,pm10,PIIANN,221.28,215.44426
2022-06-10 00:00:00,pm10,PIIANN,97.25,85.288864
2023-07-06 00:00:00,pm10,PIIANN,994.0,124.84781
2024-12-05 18:00:00,pm10,PIIANN,150.98,147.97566
2024-04-03 06:00:00,pm10,PIIANN,87.75,105.694984
2023-07-09 08:00:00,pm10,PIIANN,94.0,80.93924
2023-01-08 14:00:00,pm10,PIIANN,100.0,77.5977
2025-07-08 10:00:00,pm10,PIIANN,102.22,104.28915
2023-01-01 17:00:00,pm10,PIIANN,140.0,188.79176
2023-05-10 13:00:00,pm10,PIIANN,226.75,181.53696
2025-12-01 11:00:00,pm10,PIIANN,220.56,258.13068
2024-02-06 17:00:00,pm10,PIIANN,173.0,149.48877
2021-03-12 21:00:00,pm10,PIIANN,427.25,449.975
2021-02-12 22:00:00,pm10,PIIANN,200.5,293.91245
2025-12-05 21:00:00,pm10,PIIANN,331.1,262.58038
2022-08-07 07:00:00,pm10,PIIANN,91.25,92.77915
2023-12-12 16:00:00,pm10,PIIANN,208.5,250.08765
2025-01-12 13:00:00,pm10,PIIANN,172.36,251.14937
2024-01-05 05:00:00,pm10,PIIANN,198.67,241.3823
2023-01-07 03:00:00,pm10,PIIANN,34.75,32.561096
2022-04-05 08:00:00,pm10,PIIANN,294.75,333.6625
2024-02-12 12:00:00,pm10,PIIANN,291.86,274.51544
2023-07-01 22:00:00,pm10,PIIANN,642.75,561.8448
2024-04-04 07:00:00,pm10,PIIANN,109.02,132.3324
2023-10-01 22:00:00,pm10,PIIANN,546.5,475.41672
2021-02-04 09:00:00,pm10,PIIANN,224.0,255.06662
2022-07-01 21:00:00,pm10,PIIANN,111.25,201.79645
2021-11-12 02:00:00,pm10,PIIANN,194.0,213.07234
2022-04-06 21:00:00,pm10,PIIANN,167.805,299.87982
2021-03-03 05:00:00,pm10,PIIANN,167.0,137.6452
2021-12-07 14:00:00,pm10,PIIANN,99.25,98.87787
2024-03-04 01:00:00,pm10,PIIANN,127.92,114.32884
2025-06-12 19:00:00,pm10,PIIANN,409.82,272.43475
2021-04-06 15:00:00,pm10,PIIANN,138.0,130.3532
2023-09-01 22:00:00,pm10,PIIANN,801.0,708.6347
2024-11-05 02:00:00,pm10,PIIANN,33.64,99.968376
2021-08-10 08:00:00,pm10,PIIANN,231.0,182.74362
2025-10-12 09:00:00,pm10,PIIANN,221.58,234.14139
2025-12-12 00:00:00,pm10,PIIANN,321.24,296.66522
2021-11-03 20:00:00,pm10,PIIANN,407.0,317.0504
2023-09-03 19:00:00,pm10,PIIANN,235.0,163.06212
2022-09-06 02:00:00,pm10,PIIANN,207.0,150.33957
2022-09-04 11:00:00,pm10,PIIANN,214.0,227.89459
2023-12-07 13:00:00,pm10,PIIANN,70.0,66.03136
2022-10-05 14:00:00,pm10,PIIANN,194.0,177.30832
2022-01-04 01:00:00,pm10,PIIANN,216.75,293.22223
2023-02-11 15:00:00,pm10,PIIANN,666.75,502.44745
2024-06-03 09:00:00,pm10,PIIANN,146.75,125.32561
2025-10-04 01:00:00,pm10,PIIANN,346.81,262.65997
2021-01-05 07:00:00,pm10,PIIANN,268.75,242.45433
2024-10-03 14:00:00,pm10,PIIANN,97.0,103.36953
2024-04-07 04:00:00,pm10,PIIANN,33.559998,53.07669
2022-11-05 05:00:00,pm10,PIIANN,108.75,136.07312
2021-10-09 17:00:00,pm10,PIIANN,58.0,56.063828
2021-02-09 18:00:00,pm10,PIIANN,50.0,68.006714
2021-02-04 16:00:00,pm10,PIIANN,77.0,129.08455
2022-05-01 10:00:00,pm10,PIIANN,503.75,442.20135
2025-11-06 22:00:00,pm10,PIIANN,221.73,303.11053
2025-12-06 10:00:00,pm10,PIIANN,278.23,210.6097
2022-07-11 07:00:00,pm10,PIIANN,309.0,355.89435
2025-08-04 01:00:00,pm10,PIIANN,277.48,271.79773
2024-12-01 23:00:00,pm10,PIIANN,486.33,354.82547
2025-02-06 02:00:00,pm10,PIIANN,83.0,131.99828
2022-10-07 00:00:00,pm10,PIIANN,51.5,152.8395
2022-02-10 21:00:00,pm10,PIIANN,157.75,174.97966
2023-05-08 16:00:00,pm10,PIIANN,84.5,84.345665
2025-02-04 19:00:00,pm10,PIIANN,214.64,233.93582
2025-06-06 02:00:00,pm10,PIIANN,157.7,142.71098
2022-11-08 08:00:00,pm10,PIIANN,49.75,71.45059
2025-01-12 22:00:00,pm10,PIIANN,432.86,453.8303
2023-12-09 15:00:00,pm10,PIIANN,100.75,83.92258
2023-08-10 06:00:00,pm10,PIIANN,190.25,181.3507
2023-08-09 17:00:00,pm10,PIIANN,50.75,54.556595
2025-02-05 02:00:00,pm10,PIIANN,395.75,152.00195
2021-10-08 16:00:00,pm10,PIIANN,167.805,78.96312
2025-09-11 21:00:00,pm10,PIIANN,321.0,362.49557
2025-04-12 07:00:00,pm10,PIIANN,288.97,308.5534
2024-10-04 10:00:00,pm10,PIIANN,288.53,219.4185
2023-07-04 23:00:00,pm10,PIIANN,282.0,294.1205
2025-10-09 08:00:00,pm10,PIIANN,56.070007,60.6855
2023-01-11 16:00:00,pm10,PIIANN,206.25,211.6227
2024-04-07 22:00:00,pm10,PIIANN,144.0,82.31045
2022-07-04 07:00:00,pm10,PIIANN,284.0,364.26566
2023-07-07 07:00:00,pm10,PIIANN,49.5,62.19548
2025-09-03 23:00:00,pm10,PIIANN,335.05,317.3868
2024-06-12 04:00:00,pm10,PIIANN,175.62,189.81755
2023-10-12 07:00:00,pm10,PIIANN,231.5,266.9358
2021-11-06 17:00:00,pm10,PIIANN,323.5,191.41536
2024-01-11 14:00:00,pm10,PIIANN,131.67,181.24242
2024-08-04 22:00:00,pm10,PIIANN,248.93,252.30617
2023-03-03 07:00:00,pm10,PIIANN,148.5,219.14005
2022-06-02 00:00:00,pm10,PIIANN,355.5,177.28865
2021-08-05 00:00:00,pm10,PIIANN,129.25,144.71677
2024-02-08 17:00:00,pm10,PIIANN,61.86,67.34732
2022-12-10 11:00:00,pm10,PIIANN,129.25,149.1438
2023-12-09 22:00:00,pm10,PIIANN,119.0,139.30573
2021-04-03 19:00:00,pm10,PIIANN,503.0,276.18256
2025-07-02 12:00:00,pm10,PIIANN,160.88,157.83627
2024-07-03 07:00:00,pm10,PIIANN,170.25,152.5606
2024-03-11 03:00:00,pm10,PIIANN,340.82,376.81677
2024-09-01 13:00:00,pm10,PIIANN,247.0,237.6532
2025-06-04 04:00:00,pm10,PIIANN,292.25,240.48921
2024-11-02 17:00:00,pm10,PIIANN,65.75,119.48326
2024-09-08 20:00:00,pm10,PIIANN,35.490005,53.34198
2022-01-07 05:00:00,pm10,PIIANN,51.0,57.018158
2022-08-03 04:00:00,pm10,PIIANN,228.75,281.20108
2024-04-07 05:00:00,pm10,PIIANN,29.600004,53.88896
2023-12-09 21:00:00,pm10,PIIANN,137.25,142.90158
2022-11-09 03:00:00,pm10,PIIANN,56.5,77.36594
2023-11-06 17:00:00,pm10,PIIANN,199.5,150.31487
2022-09-02 16:00:00,pm10,PIIANN,76.0,142.00334
2021-08-04 14:00:00,pm10,PIIANN,167.805,155.23811
2024-04-05 12:00:00,pm10,PIIANN,263.12,267.66202
2023-01-10 19:00:00,pm10,PIIANN,195.5,175.27655
2023-06-10 13:00:00,pm10,PIIANN,97.5,139.79126
2021-01-06 06:00:00,pm10,PIIANN,19.999983,112.55056
2025-06-12 21:00:00,pm10,PIIANN,449.08,397.92395
2023-01-11 13:00:00,pm10,PIIANN,227.0,291.3578
2024-02-09 01:00:00,pm10,PIIANN,55.89,62.106888
2023-08-04 16:00:00,pm10,PIIANN,81.0,155.33832
2022-03-02 21:00:00,pm10,PIIANN,206.25,275.52612
2022-08-04 09:00:00,pm10,PIIANN,332.0,276.56784
2025-03-06 22:00:00,pm10,PIIANN,223.31,261.087
2024-06-10 07:00:00,pm10,PIIANN,164.86,140.63776
2021-10-10 18:00:00,pm10,PIIANN,212.75,220.18254
2024-06-11 10:00:00,pm10,PIIANN,327.84,280.6675
2022-08-10 06:00:00,pm10,PIIANN,23.999998,29.450605
2021-10-10 03:00:00,pm10,PIIANN,182.5,196.22438
2021-10-09 22:00:00,pm10,PIIANN,40.25,124.822784
2022-05-10 01:00:00,pm10,PIIANN,186.75,197.887
2023-03-08 05:00:00,pm10,PIIANN,42.000015,95.912506
2021-07-08 23:00:00,pm10,PIIANN,110.0,131.37317
2024-09-07 17:00:00,pm10,PIIANN,63.0,82.09633
2025-06-09 16:00:00,pm10,PIIANN,67.06,57.347565
2022-10-07 19:00:00,pm10,PIIANN,96.0,107.596565
2021-05-10 19:00:00,pm10,PIIANN,79.5,145.71103
2023-05-04 11:00:00,pm10,PIIANN,125.0,227.40746
2023-11-06 06:00:00,pm10,PIIANN,79.25,112.75746
2024-04-09 03:00:00,pm10,PIIANN,29.19,59.029297
2023-04-02 20:00:00,pm10,PIIANN,355.0,268.82285
2024-10-11 23:00:00,pm10,PIIANN,289.71,289.77072
2022-05-06 18:00:00,pm10,PIIANN,167.805,174.64165
2025-03-08 10:00:00,pm10,PIIANN,84.56,51.495575
2022-11-10 11:00:00,pm10,PIIANN,40.0,56.90277
2021-04-03 14:00:00,pm10,PIIANN,173.0,229.9788
2023-02-10 03:00:00,pm10,PIIANN,113.75,109.43871
2025-06-09 15:00:00,pm10,PIIANN,76.2,52.99939
2024-01-12 05:00:00,pm10,PIIANN,280.83,305.8717
2024-06-07 12:00:00,pm10,PIIANN,65.0,57.69989
2024-05-06 18:00:00,pm10,PIIANN,260.0,258.5511
2021-06-02 01:00:00,pm10,PIIANN,215.75,177.04451
2022-03-08 19:00:00,pm10,PIIANN,183.25,157.63625
2025-06-06 00:00:00,pm10,PIIANN,136.06,165.73354
2023-10-12 09:00:00,pm10,PIIANN,217.25,247.36949
2025-10-04 09:00:00,pm10,PIIANN,371.1,278.96384
2024-12-09 19:00:00,pm10,PIIANN,19.609999,31.281141
2024-03-10 17:00:00,pm10,PIIANN,194.0,172.98192
2022-05-08 11:00:00,pm10,PIIANN,66.75,104.44679
2022-09-05 10:00:00,pm10,PIIANN,204.75,206.33424
2021-09-05 07:00:00,pm10,PIIANN,116.0,110.27827
2025-03-03 20:00:00,pm10,PIIANN,308.46,264.74185
2021-06-02 19:00:00,pm10,PIIANN,121.0,188.16234
2024-09-10 23:00:00,pm10,PIIANN,143.72,212.10368
2021-03-03 07:00:00,pm10,PIIANN,296.0,279.10144
2024-04-09 21:00:00,pm10,PIIANN,48.020004,41.599594
2024-12-03 01:00:00,pm10,PIIANN,170.0,118.11476
2025-01-04 00:00:00,pm10,PIIANN,164.27,253.41103
2022-05-05 20:00:00,pm10,PIIANN,389.5,269.57037
2024-07-08 11:00:00,pm10,PIIANN,28.999998,69.493
2023-01-13 02:00:00,pm10,PIIANN,416.96716,414.22324
2025-04-05 09:00:00,pm10,PIIANN,302.59,336.71805
2025-12-11 03:00:00,pm10,PIIANN,631.0,393.1801
2024-07-12 02:00:00,pm10,PIIANN,221.22,225.74666
2022-07-03 22:00:00,pm10,PIIANN,421.75,455.79495
2025-09-10 05:00:00,pm10,PIIANN,83.69,87.26267
2022-08-05 15:00:00,pm10,PIIANN,201.5,193.85179
2025-01-12 14:00:00,pm10,PIIANN,149.83,213.57722
2024-09-04 06:00:00,pm10,PIIANN,195.43,179.26859
2024-03-03 12:00:00,pm10,PIIANN,231.0,161.28429
2022-11-08 03:00:00,pm10,PIIANN,47.0,54.541
2022-05-11 00:00:00,pm10,PIIANN,398.0,159.70694
2022-08-05 07:00:00,pm10,PIIANN,195.75,197.2589
2024-03-04 11:00:00,pm10,PIIANN,144.47,187.6266
2024-05-01 17:00:00,pm10,PIIANN,436.0,418.54062
2025-01-11 09:00:00,pm10,PIIANN,288.74,266.65115
2021-10-10 05:00:00,pm10,PIIANN,144.5,178.81476
2022-02-12 00:00:00,pm10,PIIANN,462.2,335.959
2024-07-02 01:00:00,pm10,PIIANN,62.75,89.17115
2021-07-02 11:00:00,pm10,PIIANN,241.0,263.3352
2023-03-06 11:00:00,pm10,PIIANN,104.0,109.71775
2021-08-01 21:00:00,pm10,PIIANN,389.0,413.86346
2024-12-02 01:00:00,pm10,PIIANN,92.5,165.26097
2023-01-09 19:00:00,pm10,PIIANN,145.0,168.04495
2024-02-02 11:00:00,pm10,PIIANN,167.805,149.2967
2022-02-02 22:00:00,pm10,PIIANN,340.25,343.33124
2023-07-04 06:00:00,pm10,PIIANN,106.0,151.18921
2022-03-10 23:00:00,pm10,PIIANN,161.33,188.77281
2024-09-05 09:00:00,pm10,PIIANN,120.0,168.25307
2024-07-13 01:00:00,pm10,PIIANN,397.66882,332.53198
2021-11-01 11:00:00,pm10,PIIANN,157.0,187.89629
2021-07-10 20:00:00,pm10,PIIANN,249.75,267.48572
2023-01-06 07:00:00,pm10,PIIANN,143.5,100.69707
2022-05-06 02:00:00,pm10,PIIANN,307.49,252.54733
2021-12-07 03:00:00,pm10,PIIANN,51.75,63.243073
2024-09-07 19:00:00,pm10,PIIANN,117.45,118.34408
2022-04-07 13:00:00,pm10,PIIANN,153.0,128.80219
2021-05-02 00:00:00,pm10,PIIANN,76.0,215.51048
2021-02-06 03:00:00,pm10,PIIANN,115.0,85.45717
2023-08-08 19:00:00,pm10,PIIANN,149.0,151.6985
2024-09-08 13:00:00,pm10,PIIANN,50.619995,24.461836
2022-05-06 00:00:00,pm10,PIIANN,321.83,240.95163
2021-10-06 04:00:00,pm10,PIIANN,208.75,243.71906
2021-01-11 11:00:00,pm10,PIIANN,320.0,271.89194
2024-11-10 04:00:00,pm10,PIIANN,109.22,143.04486
2022-04-12 11:00:00,pm10,PIIANN,409.0,407.67627
2023-05-12 16:00:00,pm10,PIIANN,140.0,181.72849
2023-07-03 11:00:00,pm10,PIIANN,186.75,195.59958
2025-09-09 18:00:00,pm10,PIIANN,67.04001,95.289276
2024-12-04 07:00:00,pm10,PIIANN,235.54,191.75432
2024-07-05 05:00:00,pm10,PIIANN,326.0,261.39532
2021-07-06 04:00:00,pm10,PIIANN,77.75,83.555695
2021-12-09 13:00:00,pm10,PIIANN,44.75,57.09694
2022-02-04 17:00:00,pm10,PIIANN,168.25,175.52338
2023-12-04 16:00:00,pm10,PIIANN,137.75,180.59256
2023-12-07 03:00:00,pm10,PIIANN,48.0,46.84114
2025-06-11 02:00:00,pm10,PIIANN,328.55,429.66113
2022-02-11 16:00:00,pm10,PIIANN,376.25,350.7622
2022-09-03 13:00:00,pm10,PIIANN,125.75,143.49669
2023-03-11 06:00:00,pm10,PIIANN,609.75,588.87024
2024-03-08 11:00:00,pm10,PIIANN,55.17,63.378296
2021-09-07 20:00:00,pm10,PIIANN,128.5,151.80222
2024-02-13 00:00:00,pm10,PIIANN,247.81865,242.77815
2023-02-09 07:00:00,pm10,PIIANN,147.0,143.95058
2024-05-03 03:00:00,pm10,PIIANN,123.5,106.76122
2025-07-12 08:00:00,pm10,PIIANN,243.72,244.50049
2025-04-12 00:00:00,pm10,PIIANN,334.1,270.9909
2021-06-12 22:00:00,pm10,PIIANN,287.75,324.9997
2024-09-07 18:00:00,pm10,PIIANN,84.0,97.03941
2022-10-12 11:00:00,pm10,PIIANN,411.5,448.7493
2024-11-12 21:00:00,pm10,PIIANN,459.41,371.22336
2023-10-01 08:00:00,pm10,PIIANN,225.25,320.9418
2023-01-04 00:00:00,pm10,PIIANN,89.75,299.00388
2022-03-10 11:00:00,pm10,PIIANN,147.25,132.36435
2024-02-08 19:00:00,pm10,PIIANN,51.29001,71.74475
2021-08-11 14:00:00,pm10,PIIANN,314.0,346.9137
2023-01-03 15:00:00,pm10,PIIANN,197.75,189.73961
2024-09-04 15:00:00,pm10,PIIANN,82.4,122.50885
2024-04-10 14:00:00,pm10,PIIANN,140.08,128.24046
2025-01-05 12:00:00,pm10,PIIANN,245.8,214.02048
2022-05-05 11:00:00,pm10,PIIANN,195.25,191.88396
2021-12-07 21:00:00,pm10,PIIANN,57.75,99.56813
2025-05-09 03:00:00,pm10,PIIANN,67.020004,50.45929
2025-08-04 16:00:00,pm10,PIIANN,213.25,218.74785
2024-11-02 19:00:00,pm10,PIIANN,89.75,129.90025
2024-01-08 20:00:00,pm10,PIIANN,88.98,77.51797
2021-05-12 07:00:00,pm10,PIIANN,228.0,275.26974
2025-12-10 00:00:00,pm10,PIIANN,242.96,209.9378
2023-06-07 20:00:00,pm10,PIIANN,50.0,65.38757
2021-04-10 13:00:00,pm10,PIIANN,72.875,69.29042
2022-09-02 10:00:00,pm10,PIIANN,125.0,164.21523
2022-02-04 04:00:00,pm10,PIIANN,271.25,261.92853
2024-09-12 20:00:00,pm10,PIIANN,468.57,317.8373
2024-03-10 01:00:00,pm10,PIIANN,195.98,196.36458
2024-12-08 19:00:00,pm10,PIIANN,60.869995,64.77765
2021-08-11 07:00:00,pm10,PIIANN,386.5,392.18936
2025-12-04 04:00:00,pm10,PIIANN,77.26,105.51821
2021-05-04 03:00:00,pm10,PIIANN,144.0,128.96146
2022-12-08 14:00:00,pm10,PIIANN,94.5,70.621216
2022-01-05 03:00:00,pm10,PIIANN,283.25,290.77805
2021-12-06 04:00:00,pm10,PIIANN,72.5,89.16067
2025-09-10 03:00:00,pm10,PIIANN,97.95,83.27637
2025-08-07 06:00:00,pm10,PIIANN,86.36,79.20986
2025-04-09 09:00:00,pm10,PIIANN,61.22,45.258453
2022-01-07 14:00:00,pm10,PIIANN,77.0,64.74226
2022-12-05 06:00:00,pm10,PIIANN,138.5,157.05988
2023-06-07 22:00:00,pm10,PIIANN,61.0,66.72366
2021-09-10 19:00:00,pm10,PIIANN,415.0,365.0408
2022-07-05 07:00:00,pm10,PIIANN,202.25,188.24672
2023-11-09 22:00:00,pm10,PIIANN,111.75,106.038635
2022-12-07 19:00:00,pm10,PIIANN,96.0,116.03827
2025-01-03 19:00:00,pm10,PIIANN,111.58,134.7629
2024-05-07 13:00:00,pm10,PIIANN,63.0,69.12892
2024-05-02 10:00:00,pm10,PIIANN,43.75,82.23069
2023-12-10 10:00:00,pm10,PIIANN,183.25,248.85768
2025-09-08 10:00:00,pm10,PIIANN,27.919996,64.82623
2025-12-09 21:00:00,pm10,PIIANN,215.2,146.00778
2024-07-11 19:00:00,pm10,PIIANN,374.12,365.2062
2021-02-10 18:00:00,pm10,PIIANN,100.75,115.84674
2022-04-04 03:00:00,pm10,PIIANN,441.0,366.80054
2021-12-05 03:00:00,pm10,PIIANN,123.0,68.04518
2025-12-04 21:00:00,pm10,PIIANN,153.97,175.16495
2022-05-09 04:00:00,pm10,PIIANN,55.25,64.97612
2023-07-06 15:00:00,pm10,PIIANN,168.25,209.20387
2024-06-04 08:00:00,pm10,PIIANN,191.33,183.9722
2025-04-09 00:00:00,pm10,PIIANN,41.25,112.636314
2023-08-08 20:00:00,pm10,PIIANN,116.0,162.03816
2023-09-03 21:00:00,pm10,PIIANN,274.5,226.8474
2023-10-12 14:00:00,pm10,PIIANN,208.0,251.52844
2025-03-06 16:00:00,pm10,PIIANN,179.38,151.2565
2022-02-10 02:00:00,pm10,PIIANN,169.25,209.99332
2022-12-06 21:00:00,pm10,PIIANN,410.5,359.05167
2025-03-05 08:00:00,pm10,PIIANN,339.52,212.03214
2025-12-06 16:00:00,pm10,PIIANN,168.28,213.31604
2023-06-05 11:00:00,pm10,PIIANN,164.5,315.9646
2023-07-05 18:00:00,pm10,PIIANN,207.0,176.94838
2022-10-01 18:00:00,pm10,PIIANN,139.75,192.1734
2022-05-03 00:00:00,pm10,PIIANN,83.0,256.04666
2025-09-10 17:00:00,pm10,PIIANN,104.2,105.547386
2021-12-05 11:00:00,pm10,PIIANN,78.0,118.24476
2021-11-03 14:00:00,pm10,PIIANN,219.0,258.23322
2025-12-10 01:00:00,pm10,PIIANN,250.54,168.51634
2025-01-10 15:00:00,pm10,PIIANN,134.26,89.63558
2023-10-12 02:00:00,pm10,PIIANN,291.25,304.3807
2021-09-12 05:00:00,pm10,PIIANN,209.25,237.31552
2021-02-10 21:00:00,pm10,PIIANN,180.0,220.99579
2024-04-10 02:00:00,pm10,PIIANN,207.38,202.86093
2023-05-09 11:00:00,pm10,PIIANN,140.33333,119.98359
2024-02-04 04:00:00,pm10,PIIANN,106.47,109.510635
2024-01-10 09:00:00,pm10,PIIANN,131.86,143.484
2021-02-03 14:00:00,pm10,PIIANN,264.0,179.9461
2025-08-03 01:00:00,pm10,PIIANN,303.63,268.09192
2024-01-05 17:00:00,pm10,PIIANN,178.78,171.51065
2024-03-08 21:00:00,pm10,PIIANN,84.6,90.72029
2023-08-11 16:00:00,pm10,PIIANN,489.33334,413.713
2024-03-06 11:00:00,pm10,PIIANN,218.0,148.32657
2023-07-02 13:00:00,pm10,PIIANN,168.0,197.64922
2022-01-05 15:00:00,pm10,PIIANN,259.75,253.59245
2025-05-13 02:00:00,pm10,PIIANN,338.6863,357.5065
2025-01-01 09:00:00,pm10,PIIANN,206.86,285.83798
2022-05-12 16:00:00,pm10,PIIANN,202.25,274.6251
2022-07-06 01:00:00,pm10,PIIANN,296.22,270.14978
2022-09-10 22:00:00,pm10,PIIANN,20.999998,44.993942
2023-02-02 00:00:00,pm10,PIIANN,190.0,232.33038
2021-04-02 07:00:00,pm10,PIIANN,284.25,293.6925
2023-07-01 09:00:00,pm10,PIIANN,186.25,298.13126
2023-07-12 13:00:00,pm10,PIIANN,238.25,299.58243
2024-08-08 14:00:00,pm10,PIIANN,49.240005,38.34578
2021-10-09 15:00:00,pm10,PIIANN,54.0,56.62288
2022-06-05 06:00:00,pm10,PIIANN,236.75,233.53856
2025-06-04 08:00:00,pm10,PIIANN,251.53,269.75278
2023-04-05 23:00:00,pm10,PIIANN,281.0,249.36507
2022-02-10 22:00:00,pm10,PIIANN,144.0,171.89256
2024-06-03 19:00:00,pm10,PIIANN,102.25,127.574356
2022-02-09 07:00:00,pm10,PIIANN,104.50001,100.98286
2023-09-11 19:00:00,pm10,PIIANN,418.75,431.05594
2021-10-11 18:00:00,pm10,PIIANN,464.75,439.0167
2021-07-09 14:00:00,pm10,PIIANN,98.5,84.928566
2021-04-04 15:00:00,pm10,PIIANN,126.0,139.9251
2024-04-12 19:00:00,pm10,PIIANN,598.92,269.31955
2022-08-04 20:00:00,pm10,PIIANN,772.0,365.4001
2023-08-10 16:00:00,pm10,PIIANN,108.5,109.52629
2025-09-04 03:00:00,pm10,PIIANN,240.82,263.07397
2021-08-01 13:00:00,pm10,PIIANN,221.25,220.93607
2022-09-04 07:00:00,pm10,PIIANN,299.0,291.4452
2023-05-07 16:00:00,pm10,PIIANN,89.0,107.16901
2023-05-07 10:00:00,pm10,PIIANN,124.5,100.29224
2024-01-08 18:00:00,pm10,PIIANN,52.36,51.96727
2021-10-03 07:00:00,pm10,PIIANN,187.0,139.54222
2024-09-02 01:00:00,pm10,PIIANN,32.5,42.95996
2022-02-12 14:00:00,pm10,PIIANN,286.0,296.24442
2023-03-06 09:00:00,pm10,PIIANN,82.5,121.8757
2023-08-08 02:00:00,pm10,PIIANN,88.75,93.1009
2021-11-02 13:00:00,pm10,PIIANN,310.25,298.9844
2024-09-07 09:00:00,pm10,PIIANN,104.0,94.63868
2025-07-06 20:00:00,pm10,PIIANN,381.74,263.03046
2022-05-08 02:00:00,pm10,PIIANN,45.25,78.3567
2025-01-07 15:00:00,pm10,PIIANN,72.5,41.675827
2023-07-09 16:00:00,pm10,PIIANN,118.75,84.308754
2022-07-09 09:00:00,pm10,PIIANN,125.0,122.979324
2021-04-04 06:00:00,pm10,PIIANN,87.99999,128.59053
2021-04-09 00:00:00,pm10,PIIANN,109.83333,97.67593
2025-12-10 11:00:00,pm10,PIIANN,221.26,178.68758
2025-12-08 03:00:00,pm10,PIIANN,63.72,89.71145
2021-02-09 09:00:00,pm10,PIIANN,9.999998,71.00004
2024-06-08 08:00:00,pm10,PIIANN,57.97,73.0793
2022-10-02 11:00:00,pm10,PIIANN,152.25,145.39452
2022-02-02 07:00:00,pm10,PIIANN,238.75,259.6322
2024-06-12 08:00:00,pm10,PIIANN,168.5,166.97444
2024-11-06 17:00:00,pm10,PIIANN,145.0,172.19504
2021-02-05 11:00:00,pm10,PIIANN,228.25,143.93547
2021-05-02 01:00:00,pm10,PIIANN,67.0,140.22757
2024-07-04 13:00:00,pm10,PIIANN,97.3,128.45915
2024-02-07 11:00:00,pm10,PIIANN,128.0,142.29195
2025-10-05 09:00:00,pm10,PIIANN,336.51,359.67236
2024-12-05 03:00:00,pm10,PIIANN,197.0,188.71771
2022-07-03 07:00:00,pm10,PIIANN,226.75,242.65103
2025-06-06 23:00:00,pm10,PIIANN,246.7,271.04996
2022-02-03 20:00:00,pm10,PIIANN,428.19,272.18118
2023-03-08 20:00:00,pm10,PIIANN,125.5,128.50702
2022-01-05 06:00:00,pm10,PIIANN,339.25,280.4806
2025-01-07 05:00:00,pm10,PIIANN,36.990005,75.946556
2025-01-08 21:00:00,pm10,PIIANN,62.690002,57.790237
2023-08-01 22:00:00,pm10,PIIANN,990.0,528.9914
2025-07-04 14:00:00,pm10,PIIANN,154.0,219.46155
2025-04-11 02:00:00,pm10,PIIANN,258.29,314.0403
2025-03-03 21:00:00,pm10,PIIANN,246.44,276.26587
2021-11-09 03:00:00,pm10,PIIANN,26.249998,38.672714
2022-04-06 02:00:00,pm10,PIIANN,263.25,255.23785
2021-05-03 00:00:00,pm10,PIIANN,402.0,274.07108
2023-08-05 07:00:00,pm10,PIIANN,135.0,163.26923
2021-03-08 15:00:00,pm10,PIIANN,31.999998,36.460876
2023-06-04 13:00:00,pm10,PIIANN,115.0,143.34361
2021-07-09 06:00:00,pm10,PIIANN,57.75,59.788605
2021-03-09 09:00:00,pm10,PIIANN,54.25,68.25165
2022-04-08 02:00:00,pm10,PIIANN,75.0,88.319115
2021-08-12 22:00:00,pm10,PIIANN,231.75,317.35242
2024-06-07 14:00:00,pm10,PIIANN,72.0,56.60759
2021-04-09 19:00:00,pm10,PIIANN,167.805,78.864204
2023-11-11 21:00:00,pm10,PIIANN,208.5,235.6692
2024-09-07 04:00:00,pm10,PIIANN,69.0,52.890305
2024-04-12 20:00:00,pm10,PIIANN,379.28,382.29486
2025-01-06 21:00:00,pm10,PIIANN,120.3,177.06369
2024-10-01 16:00:00,pm10,PIIANN,392.74997,318.58347
2022-08-11 21:00:00,pm10,PIIANN,540.0,423.79968
2024-02-05 01:00:00,pm10,PIIANN,186.89,184.80733
2022-03-01 19:00:00,pm10,PIIANN,398.75,356.00436
2025-11-05 22:00:00,pm10,PIIANN,178.0,347.0253
2023-06-12 03:00:00,pm10,PIIANN,269.25,247.61545
2022-06-09 13:00:00,pm10,PIIANN,128.0,117.060936
2025-05-03 15:00:00,pm10,PIIANN,204.16,157.30374
2023-04-12 03:00:00,pm10,PIIANN,216.75,225.66792
2024-02-10 15:00:00,pm10,PIIANN,136.1,143.0861
2022-06-03 10:00:00,pm10,PIIANN,151.25,260.7702
2021-08-04 18:00:00,pm10,PIIANN,113.0,174.71672
2024-04-10 23:00:00,pm10,PIIANN,245.52,254.90942
2023-11-07 04:00:00,pm10,PIIANN,41.0,34.588593
2021-03-02 07:00:00,pm10,PIIANN,304.0,319.8758
2022-04-03 15:00:00,pm10,PIIANN,116.6,121.45397
2021-09-12 09:00:00,pm10,PIIANN,242.75,253.46016
2025-01-11 22:00:00,pm10,PIIANN,519.48,571.57166
2022-01-11 18:00:00,pm10,PIIANN,320.75,344.06232
2024-08-04 03:00:00,pm10,PIIANN,190.54,161.54625
2021-12-04 16:00:00,pm10,PIIANN,157.75,168.35835
2024-03-10 22:00:00,pm10,PIIANN,330.08,288.10834
2024-01-02 14:00:00,pm10,PIIANN,39.90909,96.58518
2021-09-13 01:00:00,pm10,PIIANN,286.6074,277.7243
2022-07-03 11:00:00,pm10,PIIANN,354.25,293.72766
2024-09-11 18:00:00,pm10,PIIANN,268.06,295.35767
2022-04-09 07:00:00,pm10,PIIANN,67.0,81.75085
2025-05-04 22:00:00,pm10,PIIANN,419.01,301.9312
2025-05-04 00:00:00,pm10,PIIANN,256.77,153.26283
2021-08-02 07:00:00,pm10,PIIANN,315.6842,334.9919
2025-03-04 12:00:00,pm10,PIIANN,150.99,197.6838
2023-04-10 09:00:00,pm10,PIIANN,200.75,194.68633
2024-02-08 07:00:00,pm10,PIIANN,40.0,71.725784
2022-04-08 03:00:00,pm10,PIIANN,64.25,86.80918
2021-02-02 07:00:00,pm10,PIIANN,167.805,230.07791
2025-08-05 12:00:00,pm10,PIIANN,181.6,211.24106
2021-01-05 16:00:00,pm10,PIIANN,138.0,165.27359
2023-02-08 14:00:00,pm10,PIIANN,97.0,89.153076
2021-09-10 18:00:00,pm10,PIIANN,428.0,239.25258
2023-11-01 17:00:00,pm10,PIIANN,321.0,353.8375
2022-12-04 04:00:00,pm10,PIIANN,244.5,214.3561
2025-10-05 20:00:00,pm10,PIIANN,179.12,224.71828
2024-10-10 10:00:00,pm10,PIIANN,229.5,191.80617
2024-11-03 20:00:00,pm10,PIIANN,200.5,207.71008
2022-02-10 13:00:00,pm10,PIIANN,131.25,139.69208
2022-05-04 01:00:00,pm10,PIIANN,386.75,375.77115
2022-12-12 04:00:00,pm10,PIIANN,173.25,179.33647
2025-12-05 03:00:00,pm10,PIIANN,117.69,103.38155
2023-11-08 10:00:00,pm10,PIIANN,112.25,116.15433
2022-02-05 10:00:00,pm10,PIIANN,287.25,255.3905
2022-09-05 06:00:00,pm10,PIIANN,147.5,164.78322
2024-08-02 21:00:00,pm10,PIIANN,40.0,118.66844
2021-11-04 03:00:00,pm10,PIIANN,194.75,184.375
2025-03-11 20:00:00,pm10,PIIANN,489.86,429.21652
2025-04-11 12:00:00,pm10,PIIANN,317.52,257.4583
2021-03-11 10:00:00,pm10,PIIANN,300.75,287.83957
2025-05-06 08:00:00,pm10,PIIANN,170.0,151.38232
2024-06-12 13:00:00,pm10,PIIANN,140.47,153.819
2024-05-02 06:00:00,pm10,PIIANN,27.249998,67.93858
2024-08-07 05:00:00,pm10,PIIANN,27.999998,43.747787
2025-06-01 10:00:00,pm10,PIIANN,325.0,278.54596
2021-09-03 10:00:00,pm10,PIIANN,474.0,552.9616
2024-08-07 07:00:00,pm10,PIIANN,46.0,44.657837
2024-03-06 05:00:00,pm10,PIIANN,104.0,123.781525
2022-12-02 02:00:00,pm10,PIIANN,161.0,156.5009
2025-10-11 01:00:00,pm10,PIIANN,305.0,328.69675
2023-09-09 09:00:00,pm10,PIIANN,32.75,33.624054
2024-02-01 14:00:00,pm10,PIIANN,262.25,321.2415
2025-01-04 14:00:00,pm10,PIIANN,133.47,126.04183
2023-03-09 17:00:00,pm10,PIIANN,160.75,141.2127
2023-09-12 05:00:00,pm10,PIIANN,274.0,313.12274
2021-07-10 13:00:00,pm10,PIIANN,164.0,158.48795
2025-12-02 16:00:00,pm10,PIIANN,103.15,160.91437
2023-06-09 15:00:00,pm10,PIIANN,53.0,93.15457
2025-06-12 00:00:00,pm10,PIIANN,331.34,216.20961
2021-01-02 08:00:00,pm10,PIIANN,386.0,344.29504
2025-12-10 21:00:00,pm10,PIIANN,353.04,315.4302
2023-03-03 22:00:00,pm10,PIIANN,170.75,195.00514
2022-08-04 19:00:00,pm10,PIIANN,243.0,223.66435
2021-01-06 03:00:00,pm10,PIIANN,45.5,144.7028
2023-06-04 08:00:00,pm10,PIIANN,162.0,150.93898
2024-07-05 00:00:00,pm10,PIIANN,292.0,250.44073
2023-10-03 20:00:00,pm10,PIIANN,183.25,192.5589
2021-02-09 10:00:00,pm10,PIIANN,24.499998,56.154526
2021-07-08 21:00:00,pm10,PIIANN,142.0,164.26024
2025-06-03 00:00:00,pm10,PIIANN,115.35,186.65605
2024-09-01 20:00:00,pm10,PIIANN,176.75,237.75873
2024-02-05 23:00:00,pm10,PIIANN,304.71,270.17194
2023-10-03 04:00:00,pm10,PIIANN,168.0,171.2595
2023-01-11 06:00:00,pm10,PIIANN,374.25,358.48077
2024-01-08 08:00:00,pm10,PIIANN,28.039991,37.10666
2022-11-11 07:00:00,pm10,PIIANN,648.5,576.06305
2022-09-10 16:00:00,pm10,PIIANN,6.9999986,17.405058
2024-07-10 09:00:00,pm10,PIIANN,136.78,161.1377
2022-02-05 17:00:00,pm10,PIIANN,257.25,235.41882
2024-01-05 16:00:00,pm10,PIIANN,216.62,158.8115
2023-12-09 17:00:00,pm10,PIIANN,70.75,98.52539
2024-07-08 19:00:00,pm10,PIIANN,31.570005,61.145523
2024-10-05 14:00:00,pm10,PIIANN,175.66667,157.82999
2025-06-11 22:00:00,pm10,PIIANN,345.35,364.9156
2024-05-01 19:00:00,pm10,PIIANN,366.0,417.36053
2022-02-10 06:00:00,pm10,PIIANN,172.0,174.2152
2025-09-13 02:00:00,pm10,PIIANN,283.59848,289.95486
2025-08-07 00:00:00,pm10,PIIANN,134.55,189.26428
2025-11-09 18:00:00,pm10,PIIANN,90.22,88.403336
2023-03-07 13:00:00,pm10,PIIANN,130.5,128.97383
2021-11-03 00:00:00,pm10,PIIANN,491.0,243.50397
2021-01-10 09:00:00,pm10,PIIANN,156.75,159.36612
2024-02-01 15:00:00,pm10,PIIANN,252.75,283.07855
2021-07-02 04:00:00,pm10,PIIANN,208.0,207.00867
2024-04-02 08:00:00,pm10,PIIANN,42.000015,110.80099
2021-01-09 20:00:00,pm10,PIIANN,47.25,65.90004
2025-02-03 22:00:00,pm10,PIIANN,304.9,240.93118
2022-10-08 21:00:00,pm10,PIIANN,99.5,135.70517
2025-02-10 20:00:00,pm10,PIIANN,57.380005,121.27582
2022-02-02 08:00:00,pm10,PIIANN,228.5,258.49948
2021-05-02 14:00:00,pm10,PIIANN,142.8,144.82169
2025-08-03 02:00:00,pm10,PIIANN,241.21,252.49896
2025-10-09 04:00:00,pm10,PIIANN,49.820007,55.950043
2023-02-12 17:00:00,pm10,PIIANN,177.5,229.17177
2022-12-01 13:00:00,pm10,PIIANN,181.5,190.35
2021-12-05 09:00:00,pm10,PIIANN,191.25,104.8912
2025-10-12 11:00:00,pm10,PIIANN,236.98,225.13579
2023-02-03 22:00:00,pm10,PIIANN,257.0,358.48123
2021-07-11 18:00:00,pm10,PIIANN,304.0,311.26172
2022-04-12 05:00:00,pm10,PIIANN,404.0,368.4039
2022-02-01 17:00:00,pm10,PIIANN,228.25,277.56845
2023-01-08 13:00:00,pm10,PIIANN,83.5,77.03932
2022-01-05 14:00:00,pm10,PIIANN,284.25,249.29016
2022-11-07 02:00:00,pm10,PIIANN,80.5,56.926727
2022-11-05 17:00:00,pm10,PIIANN,167.805,180.50002
2023-05-01 19:00:00,pm10,PIIANN,481.75,420.71774
2024-06-05 17:00:00,pm10,PIIANN,174.0,162.96043
2023-02-03 06:00:00,pm10,PIIANN,214.0,227.36377
2024-07-06 03:00:00,pm10,PIIANN,211.0,188.34631
2025-06-01 19:00:00,pm10,PIIANN,268.25,297.8285
2024-09-11 14:00:00,pm10,PIIANN,272.11,281.9542
2021-05-01 19:00:00,pm10,PIIANN,118.25,175.97224
2025-01-10 09:00:00,pm10,PIIANN,102.24,72.28876
2024-04-12 17:00:00,pm10,PIIANN,102.21,169.23996
2022-09-06 17:00:00,pm10,PIIANN,289.0,185.40855
2021-08-02 06:00:00,pm10,PIIANN,319.8421,324.49966
2023-04-08 09:00:00,pm10,PIIANN,77.5,89.32421
2024-10-09 17:00:00,pm10,PIIANN,38.380005,97.09037
2024-10-06 04:00:00,pm10,PIIANN,147.0,173.5734
2023-05-04 09:00:00,pm10,PIIANN,262.5,211.03433
2025-09-08 19:00:00,pm10,PIIANN,49.100006,66.151245
2023-07-12 01:00:00,pm10,PIIANN,268.25,210.6253
2023-11-03 16:00:00,pm10,PIIANN,85.25,146.81682
2022-02-12 16:00:00,pm10,PIIANN,263.0,305.48636
2023-02-09 15:00:00,pm10,PIIANN,150.83333,140.84239
2023-08-06 03:00:00,pm10,PIIANN,149.0,201.00526
2022-09-03 12:00:00,pm10,PIIANN,140.25,157.48694
2025-08-05 14:00:00,pm10,PIIANN,174.72,169.67152
2023-10-04 00:00:00,pm10,PIIANN,273.75,214.04477
2022-04-09 17:00:00,pm10,PIIANN,79.75,86.17275
2024-10-12 08:00:00,pm10,PIIANN,192.0,224.46422
2024-01-12 19:00:00,pm10,PIIANN,259.35,317.21313
2025-06-02 23:00:00,pm10,PIIANN,152.68,239.21693
2021-08-06 07:00:00,pm10,PIIANN,210.0,178.09882
2023-01-05 11:00:00,pm10,PIIANN,111.75,119.847015
2024-07-05 19:00:00,pm10,PIIANN,365.71,258.6518
2024-02-03 19:00:00,pm10,PIIANN,77.0,96.004234
2021-12-11 09:00:00,pm10,PIIANN,669.0,700.1109
2024-12-06 21:00:00,pm10,PIIANN,524.0,281.98862
2024-07-10 06:00:00,pm10,PIIANN,665.29,125.06688
2023-07-06 18:00:00,pm10,PIIANN,135.75,192.05814
2024-03-12 04:00:00,pm10,PIIANN,232.114,249.90637
2024-03-09 15:00:00,pm10,PIIANN,85.96,83.77713
2023-11-12 05:00:00,pm10,PIIANN,279.0,326.11716
2022-11-02 18:00:00,pm10,PIIANN,116.75,159.35623
2023-05-07 07:00:00,pm10,PIIANN,82.75,91.8699
2025-01-12 12:00:00,pm10,PIIANN,233.55,292.45172
2022-07-04 19:00:00,pm10,PIIANN,169.75,212.35416
2021-09-05 04:00:00,pm10,PIIANN,84.75,96.35846
2025-10-10 13:00:00,pm10,PIIANN,205.93,132.15349
2023-07-07 06:00:00,pm10,PIIANN,55.0,65.73003
2023-11-04 08:00:00,pm10,PIIANN,446.0,399.14444
2025-06-06 04:00:00,pm10,PIIANN,131.17,162.80638
2024-03-11 20:00:00,pm10,PIIANN,317.28,362.35156
2023-07-09 21:00:00,pm10,PIIANN,160.75,127.94544
2021-08-05 02:00:00,pm10,PIIANN,128.0,121.943184
2021-04-04 23:00:00,pm10,PIIANN,276.0,255.33954
2021-02-12 07:00:00,pm10,PIIANN,439.25,474.8158
2025-02-04 11:00:00,pm10,PIIANN,262.62,271.9563
2022-11-08 15:00:00,pm10,PIIANN,43.0,54.976303
2023-03-02 22:00:00,pm10,PIIANN,379.0,343.3825
2025-04-11 11:00:00,pm10,PIIANN,233.82,345.37213
2025-12-02 08:00:00,pm10,PIIANN,157.38,229.72792
2024-07-08 23:00:00,pm10,PIIANN,30.58,79.5858
2021-02-02 02:00:00,pm10,PIIANN,344.6346,293.17377
2024-11-11 12:00:00,pm10,PIIANN,319.64,318.99484
2022-07-03 15:00:00,pm10,PIIANN,129.5,186.92729
2025-06-04 22:00:00,pm10,PIIANN,376.79,400.81644
2025-05-06 07:00:00,pm10,PIIANN,170.0,159.47911
2021-09-07 15:00:00,pm10,PIIANN,185.0,149.87964
2024-11-10 17:00:00,pm10,PIIANN,109.04,136.0306
2024-09-07 03:00:00,pm10,PIIANN,62.0,47.583405
2025-05-11 07:00:00,pm10,PIIANN,210.15,231.96967
2023-07-05 10:00:00,pm10,PIIANN,129.33333,152.59128
2024-02-09 05:00:00,pm10,PIIANN,44.059998,47.812454
2025-12-11 19:00:00,pm10,PIIANN,431.27,445.0042
2024-08-10 05:00:00,pm10,PIIANN,138.63,149.67422
2022-06-06 03:00:00,pm10,PIIANN,167.805,148.15106
2021-01-02 19:00:00,pm10,PIIANN,365.0,291.95868
2023-02-01 08:00:00,pm10,PIIANN,323.75,311.96802
2023-10-10 21:00:00,pm10,PIIANN,331.75,325.7791
2023-03-07 12:00:00,pm10,PIIANN,178.0,117.61558
2025-11-12 04:00:00,pm10,PIIANN,251.67,289.10507
2021-10-08 17:00:00,pm10,PIIANN,167.805,94.811104
2022-11-03 18:00:00,pm10,PIIANN,127.0,164.80298
2021-04-05 02:00:00,pm10,PIIANN,183.25,179.72752
2021-01-10 08:00:00,pm10,PIIANN,143.5,171.6653
2021-04-02 01:00:00,pm10,PIIANN,237.0,281.33536
2022-06-03 03:00:00,pm10,PIIANN,156.0,115.82756
2025-05-06 16:00:00,pm10,PIIANN,165.13,200.52849
2024-03-03 22:00:00,pm10,PIIANN,185.75,160.26997
2025-08-07 22:00:00,pm10,PIIANN,295.0,155.2563
2022-03-10 06:00:00,pm10,PIIANN,98.0,113.73966
2022-09-05 05:00:00,pm10,PIIANN,134.75,158.71893
2025-12-05 01:00:00,pm10,PIIANN,72.22,124.21315
2024-11-01 16:00:00,pm10,PIIANN,322.0,323.53436
2024-05-06 05:00:00,pm10,PIIANN,186.0,191.13875
2023-04-08 06:00:00,pm10,PIIANN,83.75,87.28244
2024-12-04 20:00:00,pm10,PIIANN,273.64,285.98825
2024-07-06 13:00:00,pm10,PIIANN,193.0,208.52766
2021-07-12 07:00:00,pm10,PIIANN,204.75,246.45384
2022-03-10 14:00:00,pm10,PIIANN,121.0,116.943344
2022-04-10 00:00:00,pm10,PIIANN,118.5,134.931
2023-11-09 16:00:00,pm10,PIIANN,43.0,37.259613
2021-04-10 06:00:00,pm10,PIIANN,61.5,68.47479
2025-09-03 09:00:00,pm10,PIIANN,360.28,311.01263
2023-07-03 22:00:00,pm10,PIIANN,297.75,256.5101
2021-09-05 12:00:00,pm10,PIIANN,126.5,148.94122
2023-11-04 23:00:00,pm10,PIIANN,305.0,331.14142
2021-04-11 19:00:00,pm10,PIIANN,456.5,481.69058
2023-12-04 20:00:00,pm10,PIIANN,448.5,206.77052
2023-12-02 05:00:00,pm10,PIIANN,118.0,155.7263
2021-07-06 17:00:00,pm10,PIIANN,131.5,160.12804
2025-02-02 01:00:00,pm10,PIIANN,268.63,301.4767
2024-10-11 04:00:00,pm10,PIIANN,247.52,291.5293
2023-08-02 11:00:00,pm10,PIIANN,171.0,158.86736
2024-02-10 10:00:00,pm10,PIIANN,157.18,147.9313
2024-11-02 02:00:00,pm10,PIIANN,99.5,170.2144
2024-08-03 14:00:00,pm10,PIIANN,83.75,96.6962
2021-07-06 00:00:00,pm10,PIIANN,163.0,122.68852
2021-12-02 05:00:00,pm10,PIIANN,285.0,315.4581
2023-02-08 21:00:00,pm10,PIIANN,81.0,114.17632
2021-03-04 16:00:00,pm10,PIIANN,108.0,117.484436
2021-07-06 22:00:00,pm10,PIIANN,191.75,178.60431
2023-06-02 07:00:00,pm10,PIIANN,242.0,287.97763
2022-08-04 03:00:00,pm10,PIIANN,353.75,269.59433
2024-05-09 18:00:00,pm10,PIIANN,61.17,66.41017
2021-12-10 13:00:00,pm10,PIIANN,174.5,168.04248
2021-06-10 09:00:00,pm10,PIIANN,132.75,142.83629
2021-09-10 17:00:00,pm10,PIIANN,186.75,177.08432
2023-05-03 07:00:00,pm10,PIIANN,147.0,120.90972
2022-09-05 17:00:00,pm10,PIIANN,157.75,179.0003
2023-06-03 22:00:00,pm10,PIIANN,218.75,238.45445
2021-01-05 13:00:00,pm10,PIIANN,183.125,185.90178
2022-09-03 04:00:00,pm10,PIIANN,125.5,176.624
2021-10-12 18:00:00,pm10,PIIANN,313.0,283.83163
2024-05-12 19:00:00,pm10,PIIANN,420.29,267.69992
2022-04-05 07:00:00,pm10,PIIANN,416.25,229.72786
2024-01-08 23:00:00,pm10,PIIANN,82.85,91.36962
2022-01-08 01:00:00,pm10,PIIANN,60.75,92.13083
2022-06-08 03:00:00,pm10,PIIANN,72.25,107.864655
2024-02-01 19:00:00,pm10,PIIANN,378.25,300.66806
2025-08-07 16:00:00,pm10,PIIANN,103.22,88.799286
2022-04-08 11:00:00,pm10,PIIANN,103.75,121.11298
2021-08-10 10:00:00,pm10,PIIANN,197.25,198.62947
2023-08-08 06:00:00,pm10,PIIANN,112.0,89.58022
2024-07-04 14:00:00,pm10,PIIANN,81.44,122.09984
2024-02-04 00:00:00,pm10,PIIANN,111.73,112.42446
2021-09-08 18:00:00,pm10,PIIANN,167.805,125.240166
2023-04-10 22:00:00,pm10,PIIANN,233.5,236.41774
2023-11-05 07:00:00,pm10,PIIANN,336.66666,338.95288
2023-03-09 12:00:00,pm10,PIIANN,149.0,125.75587
2025-06-05 10:00:00,pm10,PIIANN,75.05,178.0954
2021-07-05 05:00:00,pm10,PIIANN,69.75,101.49921
2023-07-07 09:00:00,pm10,PIIANN,67.5,62.24286
2021-10-04 08:00:00,pm10,PIIANN,256.5,188.78305
2024-09-08 11:00:00,pm10,PIIANN,41.15001,21.528532
2023-08-04 02:00:00,pm10,PIIANN,235.0,222.10895
2021-02-12 05:00:00,pm10,PIIANN,458.75,463.76883
2021-11-03 18:00:00,pm10,PIIANN,231.0,256.50363
2023-11-02 05:00:00,pm10,PIIANN,232.0,222.4031
2022-05-02 12:00:00,pm10,PIIANN,206.5,192.9436
2023-08-04 19:00:00,pm10,PIIANN,119.0,165.7812
2021-07-01 23:00:00,pm10,PIIANN,243.0,267.82208
2023-12-04 01:00:00,pm10,PIIANN,299.25,222.54665
2024-12-10 02:00:00,pm10,PIIANN,137.76,161.20021
2025-04-09 19:00:00,pm10,PIIANN,42.67,52.115005
2025-04-05 03:00:00,pm10,PIIANN,228.52,238.6662
2024-04-06 02:00:00,pm10,PIIANN,157.0,245.5199
2024-12-04 17:00:00,pm10,PIIANN,110.22,185.22989
2022-09-02 13:00:00,pm10,PIIANN,97.0,168.74637
2021-08-04 22:00:00,pm10,PIIANN,358.0,372.59818
2021-05-06 17:00:00,pm10,PIIANN,121.25,132.50682
2023-07-10 03:00:00,pm10,PIIANN,225.75,244.88506
2022-12-12 08:00:00,pm10,PIIANN,169.0,166.3049
2025-02-09 18:00:00,pm10,PIIANN,35.83,26.185987
2024-04-11 10:00:00,pm10,PIIANN,409.01,327.6922
2023-02-04 10:00:00,pm10,PIIANN,111.75,119.48205
2024-12-12 21:00:00,pm10,PIIANN,351.61,425.37637
2025-02-06 09:00:00,pm10,PIIANN,140.0,142.24327
2021-05-12 05:00:00,pm10,PIIANN,206.5,288.90424
2023-09-07 09:00:00,pm10,PIIANN,43.0,35.29689
2025-01-02 14:00:00,pm10,PIIANN,233.79,392.11282
2022-05-08 12:00:00,pm10,PIIANN,66.16667,90.10434
2021-01-02 15:00:00,pm10,PIIANN,135.0,152.33278
2024-11-04 14:00:00,pm10,PIIANN,126.34,173.06929
2021-06-04 19:00:00,pm10,PIIANN,421.6875,361.50604
2025-02-11 01:00:00,pm10,PIIANN,272.02,386.68353
2023-06-03 12:00:00,pm10,PIIANN,123.0,168.0952
2021-10-05 20:00:00,pm10,PIIANN,134.75,182.30634
2022-08-12 20:00:00,pm10,PIIANN,576.5,416.534
2024-03-05 01:00:00,pm10,PIIANN,262.11,212.73834
2024-01-02 11:00:00,pm10,PIIANN,54.5,111.901245
2021-08-09 14:00:00,pm10,PIIANN,242.0,74.12845
2025-05-07 08:00:00,pm10,PIIANN,90.46,104.055374
2022-10-06 18:00:00,pm10,PIIANN,248.5,287.82748
2021-05-08 19:00:00,pm10,PIIANN,99.25,141.81421
2023-07-11 08:00:00,pm10,PIIANN,448.5,434.7863
2025-09-09 07:00:00,pm10,PIIANN,66.19,89.5084
2022-07-09 17:00:00,pm10,PIIANN,93.25,118.04052
2025-10-02 05:00:00,no2,PIIANN,35.33,38.32071
2024-11-12 18:00:00,no2,PIIANN,20.62,25.57631
2023-04-08 21:00:00,no2,PIIANN,17.925,27.560251
2023-03-08 15:00:00,no2,PIIANN,12.692501,12.493586
2021-09-03 05:00:00,no2,PIIANN,16.58,17.287436
2025-06-12 22:00:00,no2,PIIANN,75.53,61.16782
2022-06-12 23:00:00,no2,PIIANN,29.1,35.698177
2025-04-12 13:00:00,no2,PIIANN,47.49,44.110386
2024-10-03 09:00:00,no2,PIIANN,175.69,164.08229
2025-05-12 02:00:00,no2,PIIANN,46.36,44.349373
2025-07-04 03:00:00,no2,PIIANN,33.43,32.424175
2024-08-11 19:00:00,no2,PIIANN,38.94,35.40211
2023-08-08 00:00:00,no2,PIIANN,27.9875,51.4329
2021-11-08 03:00:00,no2,PIIANN,32.158752,31.182505
2022-08-07 18:00:00,no2,PIIANN,8.030001,8.9042015
2024-10-05 12:00:00,no2,PIIANN,37.81,39.557243
2023-10-02 19:00:00,no2,PIIANN,26.6525,32.526226
2025-09-01 17:00:00,no2,PIIANN,33.62,41.412144
2022-06-08 04:00:00,no2,PIIANN,6.3999996,12.275408
2022-12-07 20:00:00,no2,PIIANN,8.440001,11.125214
2022-09-08 08:00:00,no2,PIIANN,8.630001,11.761539
2024-06-03 14:00:00,no2,PIIANN,106.08,95.3905
2024-06-07 03:00:00,no2,PIIANN,34.54,29.7489
2022-02-08 23:00:00,no2,PIIANN,10.800001,10.332022
2023-12-08 05:00:00,no2,PIIANN,30.9925,31.03956
2023-03-02 12:00:00,no2,PIIANN,17.7425,19.960377
2024-08-12 09:00:00,no2,PIIANN,6.960001,6.7468967
2021-09-09 09:00:00,no2,PIIANN,32.158752,31.465536
2024-03-04 06:00:00,no2,PIIANN,58.81,57.532078
2022-04-04 12:00:00,no2,PIIANN,0.9999998,0.0013845487
2022-05-11 06:00:00,no2,PIIANN,13.550001,16.365328
2025-01-08 17:00:00,no2,PIIANN,36.69,31.941492
2022-01-04 10:00:00,no2,PIIANN,1.4000013,1.593292
2024-02-12 00:00:00,no2,PIIANN,25.45,42.649033
2023-06-08 05:00:00,no2,PIIANN,18.235,19.344858
2021-08-08 03:00:00,no2,PIIANN,32.158752,30.330858
2021-09-08 05:00:00,no2,PIIANN,32.158752,30.913284
2022-07-05 04:00:00,no2,PIIANN,19.67,23.242918
2024-06-09 20:00:00,no2,PIIANN,36.26,34.146557
2024-01-12 12:00:00,no2,PIIANN,25.0,26.339619
2021-10-02 12:00:00,no2,PIIANN,27.96,49.726727
2024-11-12 11:00:00,no2,PIIANN,21.88,19.654709
2021-09-05 08:00:00,no2,PIIANN,12.890001,18.128012
2022-06-01 12:00:00,no2,PIIANN,32.158752,34.497063
2023-06-04 00:00:00,no2,PIIANN,6.84,13.0896015
2021-02-11 02:00:00,no2,PIIANN,4.790001,5.2123947
2024-05-04 07:00:00,no2,PIIANN,58.3,61.484203
2022-07-10 04:00:00,no2,PIIANN,17.26,17.952705
2023-04-10 04:00:00,no2,PIIANN,42.02667,41.529312
2024-03-12 11:00:00,no2,PIIANN,2.84,16.850033
2024-05-09 10:00:00,no2,PIIANN,15.860001,20.002066
2022-05-08 08:00:00,no2,PIIANN,6.290001,11.266916
2022-06-01 11:00:00,no2,PIIANN,32.158752,33.435093
2024-11-05 00:00:00,no2,PIIANN,42.05,52.28861
2022-01-09 12:00:00,no2,PIIANN,19.625,11.947639
2024-02-03 09:00:00,no2,PIIANN,126.88,108.92617
2022-08-08 05:00:00,no2,PIIANN,6.8999996,10.209141
2024-11-10 06:00:00,no2,PIIANN,26.6,29.145504
2023-12-02 12:00:00,no2,PIIANN,26.3175,37.79207
2023-02-05 22:00:00,no2,PIIANN,32.7725,11.6407585
2023-03-11 21:00:00,no2,PIIANN,79.2325,76.317566
2025-04-03 23:00:00,no2,PIIANN,33.85,30.110043
2025-08-12 08:00:00,no2,PIIANN,44.29,45.375614
2025-09-11 17:00:00,no2,PIIANN,27.9,33.25309
2023-11-02 04:00:00,no2,PIIANN,17.97,24.663572
2025-06-11 01:00:00,no2,PIIANN,47.17,54.05507
2023-09-11 17:00:00,no2,PIIANN,74.5925,75.15889
2024-06-02 02:00:00,no2,PIIANN,139.06,137.57063
2021-03-12 18:00:00,no2,PIIANN,6.58,4.476177
2023-11-01 11:00:00,no2,PIIANN,26.2675,21.188215
2024-03-04 21:00:00,no2,PIIANN,59.56,53.743595
2022-09-11 12:00:00,no2,PIIANN,24.6,36.605537
2024-02-03 08:00:00,no2,PIIANN,119.71,104.48662
2021-11-07 06:00:00,no2,PIIANN,32.158752,32.383724
2025-10-08 18:00:00,no2,PIIANN,35.84,34.937195
2024-09-08 04:00:00,no2,PIIANN,39.62,35.08027
2024-01-12 09:00:00,no2,PIIANN,24.9,29.604044
2022-06-05 04:00:00,no2,PIIANN,21.89,23.002783
2021-11-02 18:00:00,no2,PIIANN,43.6,42.588795
2022-04-08 22:00:00,no2,PIIANN,8.91,17.129381
2023-04-07 11:00:00,no2,PIIANN,35.0375,32.151867
2023-10-11 11:00:00,no2,PIIANN,49.975,47.315987
2022-10-04 20:00:00,no2,PIIANN,10.880001,13.989626
2025-11-03 18:00:00,no2,PIIANN,40.14,35.011402
2023-12-07 00:00:00,no2,PIIANN,72.915,27.811949
2022-08-13 02:00:00,no2,PIIANN,30.71501,29.393263
2024-05-06 22:00:00,no2,PIIANN,30.77,22.014359
2021-08-10 07:00:00,no2,PIIANN,18.55,18.228958
2023-01-05 17:00:00,no2,PIIANN,7.99,13.916618
2022-03-06 05:00:00,no2,PIIANN,8.92,9.6605625
2021-10-04 21:00:00,no2,PIIANN,19.02,24.599503
2021-08-10 09:00:00,no2,PIIANN,20.41,20.351994
2024-08-09 02:00:00,no2,PIIANN,29.19,31.362757
2025-11-08 02:00:00,no2,PIIANN,36.01,33.215252
2023-06-07 05:00:00,no2,PIIANN,37.36,34.277588
2021-10-02 10:00:00,no2,PIIANN,74.37,135.56654
2025-01-12 18:00:00,no2,PIIANN,39.41,44.07677
2022-05-08 09:00:00,no2,PIIANN,6.210001,10.933376
2025-04-07 19:00:00,no2,PIIANN,45.22,41.360905
2024-01-02 03:00:00,no2,PIIANN,143.94,136.11331
2021-02-02 05:00:00,no2,PIIANN,102.69,125.95556
2024-05-07 05:00:00,no2,PIIANN,12.68,13.315424
2025-09-11 03:00:00,no2,PIIANN,45.21,38.630024
2023-04-09 22:00:00,no2,PIIANN,36.9225,37.06814
2024-03-12 22:00:00,no2,PIIANN,19.07,24.88072
2022-10-11 16:00:00,no2,PIIANN,33.01,24.637226
2021-07-13 00:00:00,no2,PIIANN,2.759651,8.865873
2022-08-03 18:00:00,no2,PIIANN,32.158752,35.797436
2025-07-07 01:00:00,no2,PIIANN,45.66,34.472233
2023-08-01 21:00:00,no2,PIIANN,18.1475,27.042944
2024-10-11 05:00:00,no2,PIIANN,38.94,39.529938
2022-03-01 20:00:00,no2,PIIANN,32.158752,39.903606
2022-11-06 15:00:00,no2,PIIANN,32.158752,30.440615
2025-06-08 11:00:00,no2,PIIANN,36.85,34.763554
2023-08-04 04:00:00,no2,PIIANN,1.4433324,5.44697
2023-12-08 09:00:00,no2,PIIANN,21.06,28.720112
2021-02-03 15:00:00,no2,PIIANN,17.55,17.38488
2025-03-03 16:00:00,no2,PIIANN,38.94,36.634415
2023-08-10 03:00:00,no2,PIIANN,32.158752,26.945534
2025-03-10 17:00:00,no2,PIIANN,30.36,33.004574
2023-05-09 21:00:00,no2,PIIANN,49.0175,53.40013
2022-11-08 10:00:00,no2,PIIANN,6.7199993,12.605278
2025-07-08 03:00:00,no2,PIIANN,36.22,34.460495
2021-12-12 21:00:00,no2,PIIANN,32.158752,38.82963
2022-02-12 09:00:00,no2,PIIANN,48.17,33.161
2021-01-10 06:00:00,no2,PIIANN,20.955,17.776127
2025-06-06 21:00:00,no2,PIIANN,30.74,31.481268
2023-03-10 07:00:00,no2,PIIANN,43.095,43.1028
2024-07-07 20:00:00,no2,PIIANN,19.6,21.06083
2025-07-02 23:00:00,no2,PIIANN,37.03,35.103165
2022-11-02 11:00:00,no2,PIIANN,40.92,40.437313
2021-05-05 04:00:00,no2,PIIANN,16.72,15.095354
2022-04-09 21:00:00,no2,PIIANN,18.04,28.757092
2021-02-02 23:00:00,no2,PIIANN,103.83,113.3453
2023-09-06 04:00:00,no2,PIIANN,52.3575,62.732567
2023-12-06 18:00:00,no2,PIIANN,32.158752,31.735577
2025-12-06 09:00:00,no2,PIIANN,30.78,31.133804
2025-01-08 20:00:00,no2,PIIANN,36.07,32.874542
2025-11-05 21:00:00,no2,PIIANN,28.25,34.996914
2021-09-07 02:00:00,no2,PIIANN,32.158752,31.82816
2022-03-09 01:00:00,no2,PIIANN,26.7,27.262714
2022-05-04 02:00:00,no2,PIIANN,3.3800008,5.2954025
2023-06-01 17:00:00,no2,PIIANN,35.77,37.07392
2021-10-12 03:00:00,no2,PIIANN,9.42,8.068869
2023-11-11 06:00:00,no2,PIIANN,45.02,43.069637
2022-05-04 11:00:00,no2,PIIANN,1.6599996,4.628208
2024-11-12 22:00:00,no2,PIIANN,3.7499998,11.059778
2022-04-09 15:00:00,no2,PIIANN,25.64,27.810421
2021-09-02 16:00:00,no2,PIIANN,28.71,27.352903
2024-01-03 12:00:00,no2,PIIANN,47.93,74.2667
2024-12-07 20:00:00,no2,PIIANN,35.08,36.607494
2023-07-12 21:00:00,no2,PIIANN,92.905,92.34717
2023-04-12 11:00:00,no2,PIIANN,141.9675,128.69899
2022-07-03 23:00:00,no2,PIIANN,32.158752,35.762684
2024-08-11 08:00:00,no2,PIIANN,41.96,44.63833
2023-09-02 15:00:00,no2,PIIANN,32.158752,45.57197
2024-02-03 23:00:00,no2,PIIANN,115.28,109.450775
2023-08-10 19:00:00,no2,PIIANN,32.158752,39.349285
2021-09-02 07:00:00,no2,PIIANN,54.41,50.68003
2023-08-07 07:00:00,no2,PIIANN,50.1675,41.527523
2021-06-12 15:00:00,no2,PIIANN,0.9300001,4.126137
2023-09-08 16:00:00,no2,PIIANN,31.3625,25.51671
2023-12-12 22:00:00,no2,PIIANN,64.0775,70.33234
2025-06-06 14:00:00,no2,PIIANN,30.62,31.661108
2024-07-02 12:00:00,no2,PIIANN,68.95,90.74037
2022-08-10 11:00:00,no2,PIIANN,15.76,20.65623
2021-04-01 16:00:00,no2,PIIANN,52.2,32.69604
2025-04-02 07:00:00,no2,PIIANN,36.36,39.646065
2022-01-10 17:00:00,no2,PIIANN,45.29,35.481194
2025-06-09 12:00:00,no2,PIIANN,27.44,26.228882
2021-04-12 10:00:00,no2,PIIANN,3.5200002,9.81171
2023-03-05 02:00:00,no2,PIIANN,6.465,9.90613
2022-11-01 19:00:00,no2,PIIANN,3.5600011,15.070141
2021-07-06 03:00:00,no2,PIIANN,13.75,14.67935
2025-08-11 16:00:00,no2,PIIANN,54.58,43.521187
2023-02-09 03:00:00,no2,PIIANN,27.075,29.015394
2022-08-03 10:00:00,no2,PIIANN,32.158752,34.534256
2022-04-03 03:00:00,no2,PIIANN,32.158752,43.071888
2023-08-13 02:00:00,no2,PIIANN,85.0416,83.60333
2024-06-05 05:00:00,no2,PIIANN,41.83,42.488583
2022-10-10 22:00:00,no2,PIIANN,6.210001,15.570147
2023-04-09 20:00:00,no2,PIIANN,27.355,32.532974
2024-04-05 16:00:00,no2,PIIANN,48.66,51.4126
2024-06-12 18:00:00,no2,PIIANN,26.08,28.569763
2022-01-08 16:00:00,no2,PIIANN,10.460001,29.146708
2024-10-04 01:00:00,no2,PIIANN,63.42,88.14717
2023-06-06 21:00:00,no2,PIIANN,58.815,47.416676
2021-02-10 13:00:00,no2,PIIANN,13.32,14.157835
2021-10-09 03:00:00,no2,PIIANN,32.158752,29.28759
2022-04-09 08:00:00,no2,PIIANN,30.73,26.459137
2023-06-04 10:00:00,no2,PIIANN,18.1975,19.879206
2023-08-09 03:00:00,no2,PIIANN,25.5975,29.214487
2022-11-07 20:00:00,no2,PIIANN,7.0599995,10.93224
2023-08-03 15:00:00,no2,PIIANN,32.158752,30.442112
2025-11-07 21:00:00,no2,PIIANN,37.73,34.349766
2025-03-11 08:00:00,no2,PIIANN,43.54,46.830097
2022-07-12 01:00:00,no2,PIIANN,24.27,21.117687
2023-09-01 08:00:00,no2,PIIANN,21.79,26.30045
2024-06-07 04:00:00,no2,PIIANN,34.62,30.50704
2021-07-02 08:00:00,no2,PIIANN,34.95,41.29154
2025-09-08 13:00:00,no2,PIIANN,36.14,36.568108
2024-01-05 02:00:00,no2,PIIANN,62.32,54.501137
2025-01-02 06:00:00,no2,PIIANN,32.64,41.516953
2022-07-11 17:00:00,no2,PIIANN,71.46,55.744778
2023-02-07 00:00:00,no2,PIIANN,47.4408,47.82843
2022-11-10 03:00:00,no2,PIIANN,14.720001,16.506578
2022-10-05 13:00:00,no2,PIIANN,16.14,16.26709
2023-02-09 22:00:00,no2,PIIANN,30.2625,38.19833
2021-05-10 22:00:00,no2,PIIANN,11.17,24.062977
2021-03-12 06:00:00,no2,PIIANN,8.57,11.039854
2025-04-10 01:00:00,no2,PIIANN,30.21,27.38512
2024-01-09 22:00:00,no2,PIIANN,38.61,48.638542
2023-02-08 18:00:00,no2,PIIANN,17.4975,16.507772
2025-07-05 14:00:00,no2,PIIANN,20.26,23.851082
2021-02-13 00:00:00,no2,PIIANN,10.616417,10.809961
2022-11-08 17:00:00,no2,PIIANN,8.15,10.893452
2021-02-05 02:00:00,no2,PIIANN,14.220001,18.105844
2025-02-01 20:00:00,no2,PIIANN,25.22,31.75403
2025-07-07 18:00:00,no2,PIIANN,32.158752,34.21067
2025-01-09 12:00:00,no2,PIIANN,40.4,38.211582
2023-06-08 15:00:00,no2,PIIANN,14.477501,14.604942
2024-06-08 00:00:00,no2,PIIANN,31.63,24.492172
2021-07-04 05:00:00,no2,PIIANN,15.5,11.546747
2025-09-08 12:00:00,no2,PIIANN,36.63,36.542427
2021-10-08 03:00:00,no2,PIIANN,32.158752,31.73113
2022-11-05 10:00:00,no2,PIIANN,16.37,15.806885
2025-02-10 08:00:00,no2,PIIANN,11.08,20.38909
2023-12-06 16:00:00,no2,PIIANN,32.158752,31.424784
2024-08-04 21:00:00,no2,PIIANN,50.24,48.357338
2025-08-07 08:00:00,no2,PIIANN,39.1,36.93113
2023-04-11 18:00:00,no2,PIIANN,99.415,83.33169
2025-08-09 10:00:00,no2,PIIANN,27.96,28.433111
2025-03-04 20:00:00,no2,PIIANN,37.63,35.890472
2022-09-12 09:00:00,no2,PIIANN,31.52,22.954954
2021-09-04 04:00:00,no2,PIIANN,26.2,32.996586
2021-12-08 02:00:00,no2,PIIANN,32.158752,30.112951
2025-08-11 00:00:00,no2,PIIANN,39.4,30.465807
2021-05-08 15:00:00,no2,PIIANN,32.158752,32.379463
2023-06-12 18:00:00,no2,PIIANN,79.0225,92.02392
2021-06-12 17:00:00,no2,PIIANN,3.470001,9.344742
2023-02-05 15:00:00,no2,PIIANN,16.4225,15.29904
2021-08-01 23:00:00,no2,PIIANN,35.63,63.03186
2021-02-12 04:00:00,no2,PIIANN,17.62,24.191736
2025-03-02 12:00:00,no2,PIIANN,40.07,40.38856
2021-07-10 01:00:00,no2,PIIANN,14.66,23.026758
2024-04-06 19:00:00,no2,PIIANN,20.88,43.838543
2025-03-06 23:00:00,no2,PIIANN,32.47,29.100256
2025-09-05 18:00:00,no2,PIIANN,28.46,27.958714
2024-06-10 22:00:00,no2,PIIANN,30.59,30.80259
2021-10-08 07:00:00,no2,PIIANN,32.158752,31.229868
2021-12-03 06:00:00,no2,PIIANN,27.97,20.512022
2021-11-07 23:00:00,no2,PIIANN,32.158752,32.986485
2025-09-06 17:00:00,no2,PIIANN,27.34,25.396584
2021-02-05 15:00:00,no2,PIIANN,9.140001,13.509588
2021-06-05 19:00:00,no2,PIIANN,16.42,18.578108
2024-12-02 07:00:00,no2,PIIANN,168.82,167.11519
2022-10-09 08:00:00,no2,PIIANN,28.46,24.215662
2025-09-04 08:00:00,no2,PIIANN,35.09,37.186234
2022-08-06 00:00:00,no2,PIIANN,18.77,22.178892
2021-01-03 07:00:00,no2,PIIANN,41.68,29.878378
2024-09-11 03:00:00,no2,PIIANN,38.63,39.032406
2025-05-09 05:00:00,no2,PIIANN,27.26,25.986076
2024-09-04 12:00:00,no2,PIIANN,53.17,52.82278
2021-12-03 04:00:00,no2,PIIANN,19.87,16.939331
2025-05-09 19:00:00,no2,PIIANN,27.52,25.246244
2024-07-02 21:00:00,no2,PIIANN,152.9,134.66348
2021-02-01 20:00:00,no2,PIIANN,93.01,75.628456
2021-02-09 22:00:00,no2,PIIANN,32.158752,33.97674
2024-01-01 14:00:00,no2,PIIANN,32.158752,46.73501
2024-06-01 15:00:00,no2,PIIANN,60.46,49.203545
2023-05-09 18:00:00,no2,PIIANN,39.57,35.681847
2025-10-07 02:00:00,no2,PIIANN,39.88,33.54038
2022-07-03 14:00:00,no2,PIIANN,32.158752,28.692558
2023-11-06 00:00:00,no2,PIIANN,63.1275,41.483414
2024-01-07 07:00:00,no2,PIIANN,64.74,62.250748
2023-02-07 08:00:00,no2,PIIANN,32.158752,29.502504
2022-02-09 06:00:00,no2,PIIANN,24.65,25.332191
2021-07-11 17:00:00,no2,PIIANN,5.0999985,18.41569
2023-07-08 19:00:00,no2,PIIANN,35.31,32.365036
2025-06-12 17:00:00,no2,PIIANN,39.38,38.204845
2021-05-03 22:00:00,no2,PIIANN,19.69,34.685276
2024-04-03 05:00:00,no2,PIIANN,113.95,110.52361
2021-09-12 22:00:00,no2,PIIANN,11.640001,17.971598
2024-03-11 11:00:00,no2,PIIANN,41.68,46.50136
2023-12-04 12:00:00,no2,PIIANN,30.76,22.433313
2025-12-01 13:00:00,no2,PIIANN,32.34,38.595592
2022-08-04 23:00:00,no2,PIIANN,15.370001,20.399998
2024-01-05 14:00:00,no2,PIIANN,47.7,47.302605
2024-06-04 22:00:00,no2,PIIANN,47.41,44.949432
2023-09-11 11:00:00,no2,PIIANN,89.9875,80.92177
2025-12-12 22:00:00,no2,PIIANN,34.62,22.923195
2024-09-05 16:00:00,no2,PIIANN,36.07,35.526257
2023-04-09 18:00:00,no2,PIIANN,26.195,26.145163
2021-08-07 16:00:00,no2,PIIANN,32.158752,30.540468
2024-09-12 12:00:00,no2,PIIANN,17.98,24.378395
2022-09-12 01:00:00,no2,PIIANN,21.34,13.030798
2023-08-04 09:00:00,no2,PIIANN,24.175,17.774378
2022-04-06 09:00:00,no2,PIIANN,8.74,10.965996
2023-12-08 08:00:00,no2,PIIANN,27.73,30.185287
2025-09-09 00:00:00,no2,PIIANN,27.77,35.12661
2021-04-05 21:00:00,no2,PIIANN,26.62,30.865423
2022-10-09 16:00:00,no2,PIIANN,35.79,30.347221
2025-06-03 21:00:00,no2,PIIANN,37.75,29.06377
2022-07-06 02:00:00,no2,PIIANN,22.2825,21.1586
2021-03-10 17:00:00,no2,PIIANN,12.49,13.803932
2022-12-08 16:00:00,no2,PIIANN,5.7299995,9.69487
2021-09-10 09:00:00,no2,PIIANN,32.74,24.202076
2024-04-11 17:00:00,no2,PIIANN,41.7,48.05531
2025-04-08 15:00:00,no2,PIIANN,36.2,35.15642
2023-08-06 20:00:00,no2,PIIANN,102.1775,85.27566
2022-05-11 03:00:00,no2,PIIANN,15.9,16.40636
2024-09-03 13:00:00,no2,PIIANN,144.93,152.98389
2023-02-02 02:00:00,no2,PIIANN,17.9375,19.583136
2025-09-10 15:00:00,no2,PIIANN,24.02,25.615553
2023-05-02 16:00:00,no2,PIIANN,13.4725,18.868916
2025-02-12 05:00:00,no2,PIIANN,66.85,68.69644
2024-11-11 22:00:00,no2,PIIANN,38.6,39.913727
2023-07-07 05:00:00,no2,PIIANN,4.477501,7.1587467
2025-08-11 15:00:00,no2,PIIANN,54.84,40.077816
2023-09-12 22:00:00,no2,PIIANN,89.1525,98.78686
2024-02-05 17:00:00,no2,PIIANN,48.7,50.07875
2024-11-13 01:00:00,no2,PIIANN,3.4584768,1.5178678
2022-03-11 10:00:00,no2,PIIANN,35.12,34.59261
2025-03-10 05:00:00,no2,PIIANN,22.76,30.354113
2022-11-11 08:00:00,no2,PIIANN,21.59,26.393967
2021-02-11 13:00:00,no2,PIIANN,4.2400017,7.244375
2022-01-08 10:00:00,no2,PIIANN,32.158752,30.519394
2022-11-09 06:00:00,no2,PIIANN,28.02,26.946894
2021-11-03 21:00:00,no2,PIIANN,8.83,47.93824
2024-08-08 12:00:00,no2,PIIANN,31.45,29.428913
2021-12-08 17:00:00,no2,PIIANN,32.158752,32.012577
2023-09-12 15:00:00,no2,PIIANN,93.565,86.207275
2025-01-13 00:00:00,no2,PIIANN,66.90464,64.12933
2022-08-01 17:00:00,no2,PIIANN,32.158752,33.079975
2025-01-07 17:00:00,no2,PIIANN,43.56,39.54874
2025-02-03 00:00:00,no2,PIIANN,34.86,32.59327
2024-02-09 07:00:00,no2,PIIANN,51.01,53.502106
2024-01-12 07:00:00,no2,PIIANN,24.78,29.648626
2021-06-05 16:00:00,no2,PIIANN,7.7700005,12.819738
2025-02-08 16:00:00,no2,PIIANN,36.38,32.72026
2023-03-13 02:00:00,no2,PIIANN,136.78035,135.6809
2024-12-03 17:00:00,no2,PIIANN,205.8,113.02547
2024-02-08 18:00:00,no2,PIIANN,10.140001,14.259293
2021-01-12 05:00:00,no2,PIIANN,23.81,27.614717
2021-12-02 10:00:00,no2,PIIANN,68.96,88.47195
2023-04-08 10:00:00,no2,PIIANN,14.717501,13.826197
2023-08-06 02:00:00,no2,PIIANN,87.1275,81.40166
2023-02-07 01:00:00,no2,PIIANN,46.0616,42.050476
2021-07-03 18:00:00,no2,PIIANN,24.02,26.077467
2022-04-04 16:00:00,no2,PIIANN,0.6800001,7.4481716
2024-08-03 07:00:00,no2,PIIANN,159.34,165.41794
2025-08-08 15:00:00,no2,PIIANN,36.03,33.97701
2022-09-06 16:00:00,no2,PIIANN,32.158752,19.591589
2022-02-04 18:00:00,no2,PIIANN,1.9200017,7.117342
2025-07-07 08:00:00,no2,PIIANN,45.72,43.631725
2021-12-02 04:00:00,no2,PIIANN,102.99,127.28796
2024-11-09 08:00:00,no2,PIIANN,23.46,24.834673
2021-05-05 08:00:00,no2,PIIANN,8.82,15.130867
2025-11-10 04:00:00,no2,PIIANN,39.3,36.09308
2025-12-03 12:00:00,no2,PIIANN,36.89,38.66284
2023-08-11 15:00:00,no2,PIIANN,105.4275,91.100784
2025-09-02 00:00:00,no2,PIIANN,35.88,42.386505
2021-11-12 19:00:00,no2,PIIANN,32.158752,38.62855
2024-07-07 03:00:00,no2,PIIANN,20.07,21.80076
2024-02-11 02:00:00,no2,PIIANN,41.46,46.657646
2021-03-11 06:00:00,no2,PIIANN,4.5999985,6.32666
2023-04-05 18:00:00,no2,PIIANN,16.4925,17.072113
2023-02-12 21:00:00,no2,PIIANN,133.08,129.01645
2022-02-07 09:00:00,no2,PIIANN,7.870001,8.107447
2021-09-09 10:00:00,no2,PIIANN,32.158752,30.736599
2021-10-03 00:00:00,no2,PIIANN,15.42,166.26337
2024-07-06 07:00:00,no2,PIIANN,26.52,27.763977
2024-02-01 16:00:00,no2,PIIANN,154.07,139.38364
2024-03-03 16:00:00,no2,PIIANN,157.78,147.89265
2022-04-04 23:00:00,no2,PIIANN,2.93,3.7433507
2022-11-07 07:00:00,no2,PIIANN,8.690001,13.024197
2025-05-04 08:00:00,no2,PIIANN,38.07,40.614117
2022-10-06 21:00:00,no2,PIIANN,32.158752,31.149624
2025-12-04 13:00:00,no2,PIIANN,34.88,37.345192
2023-01-10 17:00:00,no2,PIIANN,32.8225,31.044281
2024-01-11 11:00:00,no2,PIIANN,39.06,44.53432
2025-11-09 08:00:00,no2,PIIANN,28.09,29.493507
2025-07-03 17:00:00,no2,PIIANN,35.93,32.73703
2024-04-07 12:00:00,no2,PIIANN,6.790001,13.536959
2022-11-12 08:00:00,no2,PIIANN,20.13,16.895302
2021-01-09 12:00:00,no2,PIIANN,32.158752,31.258848
2022-08-09 15:00:00,no2,PIIANN,36.69,38.47598
2021-09-12 07:00:00,no2,PIIANN,32.158752,31.59744
2022-08-08 14:00:00,no2,PIIANN,12.780001,12.312632
2022-09-02 15:00:00,no2,PIIANN,33.75,33.82771
2024-04-06 23:00:00,no2,PIIANN,29.05,22.422447
2024-06-05 00:00:00,no2,PIIANN,48.76,50.252037
2023-06-09 09:00:00,no2,PIIANN,35.9475,31.973816
2023-11-10 13:00:00,no2,PIIANN,24.9375,29.321857
2023-04-08 22:00:00,no2,PIIANN,15.195,28.92771
2025-06-07 14:00:00,no2,PIIANN,45.27,41.592186
2021-11-06 09:00:00,no2,PIIANN,32.158752,31.96889
2021-10-03 11:00:00,no2,PIIANN,37.68,37.002464
2022-09-04 09:00:00,no2,PIIANN,12.140001,14.18372
2025-07-04 04:00:00,no2,PIIANN,33.82,32.539158
2024-07-09 18:00:00,no2,PIIANN,35.54,36.81446
2022-11-06 19:00:00,no2,PIIANN,32.158752,28.19717
2021-10-10 15:00:00,no2,PIIANN,12.370001,17.474243
2021-10-08 18:00:00,no2,PIIANN,32.158752,31.155178
2023-11-03 02:00:00,no2,PIIANN,2.463333,14.574766
2021-07-02 03:00:00,no2,PIIANN,41.9,44.26671
2025-02-08 02:00:00,no2,PIIANN,36.29,32.917244
2021-12-09 03:00:00,no2,PIIANN,32.158752,29.5921
2022-04-07 00:00:00,no2,PIIANN,7.6900005,6.7087135
2024-03-11 02:00:00,no2,PIIANN,42.18,43.68584
2023-12-08 12:00:00,no2,PIIANN,24.155,24.07578
2021-02-06 12:00:00,no2,PIIANN,8.970001,17.981941
2024-07-04 11:00:00,no2,PIIANN,44.47,46.047825
2025-07-12 03:00:00,no2,PIIANN,74.54,69.19088
2022-06-02 20:00:00,no2,PIIANN,57.68,54.483925
2022-03-10 12:00:00,no2,PIIANN,34.65,32.17049
2021-08-02 10:00:00,no2,PIIANN,32.158752,47.0579
2022-09-03 09:00:00,no2,PIIANN,32.158752,32.13876
2025-09-04 22:00:00,no2,PIIANN,34.62,27.14632
2022-03-03 03:00:00,no2,PIIANN,32.158752,22.98194
2024-11-12 19:00:00,no2,PIIANN,16.62,23.436075
2023-08-12 11:00:00,no2,PIIANN,83.0275,72.060455
2024-07-12 05:00:00,no2,PIIANN,6.800001,11.061306
2025-04-02 05:00:00,no2,PIIANN,36.06,37.66703
2023-10-10 01:00:00,no2,PIIANN,48.675,46.669754
2024-08-10 12:00:00,no2,PIIANN,26.67,26.137337
2025-01-12 05:00:00,no2,PIIANN,42.41,40.020435
2024-05-07 00:00:00,no2,PIIANN,5.299999,29.310131
2022-11-08 13:00:00,no2,PIIANN,7.66,12.673977
2022-12-09 19:00:00,no2,PIIANN,22.42,27.678282
2025-09-05 20:00:00,no2,PIIANN,28.32,30.850683
2024-12-07 04:00:00,no2,PIIANN,39.7,36.421326
2024-03-06 12:00:00,no2,PIIANN,45.62,40.36242
2025-02-13 02:00:00,no2,PIIANN,62.757454,52.924503
2021-05-02 17:00:00,no2,PIIANN,41.66,35.16203
2024-02-01 22:00:00,no2,PIIANN,128.29,135.02489
2024-12-09 14:00:00,no2,PIIANN,34.39,38.041637
2023-05-12 13:00:00,no2,PIIANN,85.08,78.463524
2025-07-10 02:00:00,no2,PIIANN,43.01,37.818142
2022-07-04 18:00:00,no2,PIIANN,32.158752,37.514404
2024-01-04 08:00:00,no2,PIIANN,33.58,38.113705
2022-04-03 11:00:00,no2,PIIANN,32.158752,31.943556
2023-12-07 17:00:00,no2,PIIANN,33.155,34.623535
2021-02-08 12:00:00,no2,PIIANN,32.158752,31.319515
2023-04-10 06:00:00,no2,PIIANN,42.81,42.487778
2022-07-08 09:00:00,no2,PIIANN,10.110001,12.659414
2024-03-03 15:00:00,no2,PIIANN,159.71,141.7346
2023-07-05 03:00:00,no2,PIIANN,6.335001,10.532251
2022-04-07 20:00:00,no2,PIIANN,8.18,6.1458397
2022-07-11 02:00:00,no2,PIIANN,12.620001,15.928329
2021-11-12 09:00:00,no2,PIIANN,32.158752,30.328428
2021-02-06 09:00:00,no2,PIIANN,19.68,21.692558
2021-09-10 04:00:00,no2,PIIANN,15.630001,18.819136
2025-04-12 17:00:00,no2,PIIANN,46.57,47.724064
2024-12-07 06:00:00,no2,PIIANN,35.08,41.75025
2021-02-02 11:00:00,no2,PIIANN,91.19,115.09811
2021-12-09 02:00:00,no2,PIIANN,32.158752,28.57893
2023-10-04 04:00:00,no2,PIIANN,32.158752,28.7669
2023-11-12 08:00:00,no2,PIIANN,63.29,60.66335
2025-12-07 14:00:00,no2,PIIANN,38.55,35.138218
2023-09-05 19:00:00,no2,PIIANN,95.96,61.211
2025-10-02 22:00:00,no2,PIIANN,31.86,32.844547
2024-06-01 18:00:00,no2,PIIANN,88.53,75.91368
2022-07-12 09:00:00,no2,PIIANN,22.755,23.12248
2025-04-07 02:00:00,no2,PIIANN,45.9,38.711853
2022-06-10 04:00:00,no2,PIIANN,24.18,28.005943
2022-08-08 00:00:00,no2,PIIANN,7.3500004,7.31213
2024-03-12 07:00:00,no2,PIIANN,32.158752,26.949677
2025-01-06 15:00:00,no2,PIIANN,36.22,32.914215
2025-11-05 04:00:00,no2,PIIANN,28.37,29.387396
2023-05-03 08:00:00,no2,PIIANN,44.44,24.025934
2021-09-08 01:00:00,no2,PIIANN,32.158752,32.36609
2021-09-11 04:00:00,no2,PIIANN,4.380001,4.7688255
2021-04-08 13:00:00,no2,PIIANN,32.158752,30.672272
2025-10-08 11:00:00,no2,PIIANN,35.74,33.36853
2022-01-02 08:00:00,no2,PIIANN,50.11,35.2828
2021-06-06 19:00:00,no2,PIIANN,33.66,27.926134
2023-12-10 07:00:00,no2,PIIANN,58.12,48.932636
2024-06-01 17:00:00,no2,PIIANN,82.32,65.940926
2024-04-05 15:00:00,no2,PIIANN,47.8,47.40472
2021-09-09 04:00:00,no2,PIIANN,32.158752,31.970942
2024-05-05 09:00:00,no2,PIIANN,55.58,49.33477
2023-07-10 22:00:00,no2,PIIANN,59.1525,45.76339
2024-04-08 16:00:00,no2,PIIANN,14.690001,21.344343
2024-02-02 04:00:00,no2,PIIANN,103.18,90.592186
2025-10-03 15:00:00,no2,PIIANN,36.45,33.817566
2022-10-11 13:00:00,no2,PIIANN,20.73,24.646166
2025-09-05 02:00:00,no2,PIIANN,28.22,24.46525
2022-05-05 21:00:00,no2,PIIANN,37.1,32.713417
2024-06-07 02:00:00,no2,PIIANN,34.44,28.166931
2022-07-11 22:00:00,no2,PIIANN,35.32,46.23498
2023-02-04 14:00:00,no2,PIIANN,14.025,19.080332
2024-11-04 16:00:00,no2,PIIANN,42.27,41.775787
2023-11-07 14:00:00,no2,PIIANN,28.8375,31.546543
2023-03-01 13:00:00,no2,PIIANN,21.4275,23.521738
2022-09-08 22:00:00,no2,PIIANN,9.970001,13.715906
2025-07-03 08:00:00,no2,PIIANN,36.95,36.726562
2025-03-03 00:00:00,no2,PIIANN,34.25,34.353653
2025-11-02 06:00:00,no2,PIIANN,33.96,38.568573
2021-09-09 16:00:00,no2,PIIANN,32.158752,32.143986
2024-11-10 10:00:00,no2,PIIANN,26.28,27.666714
2021-09-04 16:00:00,no2,PIIANN,22.36,20.767715
2023-10-02 10:00:00,no2,PIIANN,53.28,39.55022
2022-09-08 10:00:00,no2,PIIANN,9.290001,11.5662365
2025-08-12 05:00:00,no2,PIIANN,46.31,52.386055
2022-07-12 21:00:00,no2,PIIANN,39.39,28.749369
2023-10-01 17:00:00,no2,PIIANN,27.8475,31.971666
2022-06-07 16:00:00,no2,PIIANN,7.33,9.894522
2024-02-10 23:00:00,no2,PIIANN,27.62,26.667414
2021-01-03 11:00:00,no2,PIIANN,20.15,25.212038
2025-02-12 06:00:00,no2,PIIANN,67.74,69.27537
2021-05-06 15:00:00,no2,PIIANN,13.58,14.266136
2021-10-08 21:00:00,no2,PIIANN,32.158752,27.850937
2025-02-03 05:00:00,no2,PIIANN,34.77,36.528454
2023-12-03 20:00:00,no2,PIIANN,19.045,28.04257
2024-06-10 23:00:00,no2,PIIANN,30.34,31.015076
2022-08-03 16:00:00,no2,PIIANN,32.158752,32.72333
2023-01-12 11:00:00,no2,PIIANN,107.91,97.9974
2021-07-11 15:00:00,no2,PIIANN,3.299999,6.248514
2022-10-04 01:00:00,no2,PIIANN,11.790001,17.049696
2024-02-02 18:00:00,no2,PIIANN,113.85,88.00391
2022-07-06 10:00:00,no2,PIIANN,8.43,12.584644
2021-01-08 22:00:00,no2,PIIANN,32.158752,31.071701
2022-02-06 10:00:00,no2,PIIANN,8.57,9.170151
2024-02-05 21:00:00,no2,PIIANN,59.37,57.790245
2023-09-02 03:00:00,no2,PIIANN,28.3425,34.941666
2025-05-02 21:00:00,no2,PIIANN,38.46,35.87183
2024-05-04 02:00:00,no2,PIIANN,64.26,69.248116
2021-01-04 02:00:00,no2,PIIANN,22.68,17.802576
2025-11-07 19:00:00,no2,PIIANN,37.5,33.876347
2023-10-05 22:00:00,no2,PIIANN,33.725,50.95104
2023-05-05 21:00:00,no2,PIIANN,3.84,43.09788
2024-04-09 10:00:00,no2,PIIANN,31.85,30.951548
2021-07-10 08:00:00,no2,PIIANN,11.390001,14.638796
2021-03-04 02:00:00,no2,PIIANN,29.8,33.34602
2025-10-05 02:00:00,no2,PIIANN,28.21,24.967499
2023-12-01 18:00:00,no2,PIIANN,23.265,28.732737
2021-07-05 18:00:00,no2,PIIANN,20.12,15.493303
2024-11-10 22:00:00,no2,PIIANN,26.21,27.908148
2025-05-06 14:00:00,no2,PIIANN,34.22,30.87037
2023-12-07 23:00:00,no2,PIIANN,52.683334,48.49224
2023-01-12 17:00:00,no2,PIIANN,128.5275,119.05585
2022-12-08 07:00:00,no2,PIIANN,4.959999,10.51812
2025-05-10 14:00:00,no2,PIIANN,30.45,30.819073
2022-06-08 14:00:00,no2,PIIANN,19.46,15.457348
2023-02-04 00:00:00,no2,PIIANN,5.045002,6.032255
2023-07-12 14:00:00,no2,PIIANN,60.945,74.212364
2024-01-10 22:00:00,no2,PIIANN,27.63,28.235847
2021-01-04 13:00:00,no2,PIIANN,15.560001,14.621916
2024-12-11 15:00:00,no2,PIIANN,39.23,40.088425
2021-05-12 18:00:00,no2,PIIANN,3.18,7.9610424
2021-10-11 13:00:00,no2,PIIANN,4.66,0.64974195
2022-01-09 20:00:00,no2,PIIANN,32.66,33.9619
2024-07-06 17:00:00,no2,PIIANN,37.9,35.776936
2022-08-10 18:00:00,no2,PIIANN,18.33,21.900696
2023-11-05 04:00:00,no2,PIIANN,12.665001,16.964159
2022-06-04 06:00:00,no2,PIIANN,2.8899992,7.965578
2021-12-12 12:00:00,no2,PIIANN,32.158752,29.988209
2024-08-03 01:00:00,no2,PIIANN,179.21,169.91783
2022-06-05 08:00:00,no2,PIIANN,25.14,25.44343
2024-04-10 21:00:00,no2,PIIANN,30.3,30.606989
2025-01-02 23:00:00,no2,PIIANN,33.08,29.032177
2025-03-11 22:00:00,no2,PIIANN,46.71,40.72231
2021-02-02 22:00:00,no2,PIIANN,128.87,116.71069
2025-10-04 08:00:00,no2,PIIANN,34.8,35.17328
2023-03-02 14:00:00,no2,PIIANN,15.702501,19.458775
2022-10-12 16:00:00,no2,PIIANN,26.13,30.025127
2024-07-02 14:00:00,no2,PIIANN,50.33,71.89663
2024-04-11 02:00:00,no2,PIIANN,41.9,45.256874
2021-05-03 19:00:00,no2,PIIANN,29.54,33.497612
2023-04-01 12:00:00,no2,PIIANN,17.845,17.100967
2025-04-02 18:00:00,no2,PIIANN,38.76,39.641056
2021-02-04 04:00:00,no2,PIIANN,33.74,35.28674
2025-05-08 23:00:00,no2,PIIANN,36.29,34.13652
2023-07-01 11:00:00,no2,PIIANN,22.7575,18.751726
2023-04-07 18:00:00,no2,PIIANN,62.0125,47.150696
2025-08-04 10:00:00,no2,PIIANN,39.08,34.098103
2021-08-11 19:00:00,no2,PIIANN,6.5599995,16.602154
2022-10-08 17:00:00,no2,PIIANN,9.02,13.971445
2025-03-12 20:00:00,no2,PIIANN,47.08,45.641197
2021-09-07 04:00:00,no2,PIIANN,32.158752,27.655111
2025-02-12 00:00:00,no2,PIIANN,68.0,44.718582
2022-12-01 17:00:00,no2,PIIANN,5.279999,10.546061
2025-01-10 19:00:00,no2,PIIANN,38.91,36.999065
2022-08-02 04:00:00,no2,PIIANN,48.72,51.32045
2021-07-01 19:00:00,no2,PIIANN,46.86,43.058323
2023-03-04 22:00:00,no2,PIIANN,9.137501,13.713995
2023-09-10 10:00:00,no2,PIIANN,18.2125,30.162659
2022-08-06 23:00:00,no2,PIIANN,9.620001,7.813076
2022-06-01 17:00:00,no2,PIIANN,32.158752,39.62209
2021-09-12 21:00:00,no2,PIIANN,12.610001,20.414658
2022-06-12 04:00:00,no2,PIIANN,25.57,20.739582
2024-06-01 23:00:00,no2,PIIANN,78.29,80.31288
2022-01-09 22:00:00,no2,PIIANN,29.95,37.531536
2023-07-07 04:00:00,no2,PIIANN,5.3499985,6.4879456
2023-06-03 04:00:00,no2,PIIANN,22.69,23.852999
2022-02-03 02:00:00,no2,PIIANN,57.24,52.326893
2023-04-05 14:00:00,no2,PIIANN,16.5675,18.814924
2021-09-07 03:00:00,no2,PIIANN,32.158752,28.971092
2022-06-07 09:00:00,no2,PIIANN,8.02,12.443245
2023-08-10 14:00:00,no2,PIIANN,32.158752,30.621357
2023-02-08 09:00:00,no2,PIIANN,13.015001,15.277515
2023-04-03 17:00:00,no2,PIIANN,28.815,28.791279
2021-08-03 09:00:00,no2,PIIANN,17.49,17.508654
2021-09-06 21:00:00,no2,PIIANN,32.158752,35.52263
2023-11-12 13:00:00,no2,PIIANN,111.6325,98.451935
2024-10-09 04:00:00,no2,PIIANN,26.45,19.888678
2023-12-04 00:00:00,no2,PIIANN,12.754,20.732786
2023-12-03 23:00:00,no2,PIIANN,15.93,36.35537
2024-02-02 06:00:00,no2,PIIANN,105.46,98.13962
2022-06-02 07:00:00,no2,PIIANN,84.69,82.693184
2024-06-11 18:00:00,no2,PIIANN,41.62,38.73803
2022-03-04 14:00:00,no2,PIIANN,0.7400015,3.9687955
2023-01-05 12:00:00,no2,PIIANN,18.376667,17.277264
2024-12-10 14:00:00,no2,PIIANN,26.79,30.476313
2025-08-03 22:00:00,no2,PIIANN,34.85,31.197952
2025-04-05 04:00:00,no2,PIIANN,38.11,37.823803
2024-01-09 16:00:00,no2,PIIANN,60.53,58.633934
2023-05-07 23:00:00,no2,PIIANN,50.513332,51.75761
2023-02-08 20:00:00,no2,PIIANN,18.945,19.038252
2024-02-04 15:00:00,no2,PIIANN,20.66,27.903538
2021-03-04 01:00:00,no2,PIIANN,32.04,53.894672
2022-01-02 19:00:00,no2,PIIANN,47.24,51.42855
2025-09-06 19:00:00,no2,PIIANN,26.6,22.513123
2022-12-12 21:00:00,no2,PIIANN,34.25,16.79603
2022-05-02 11:00:00,no2,PIIANN,45.47,42.982117
2024-05-07 12:00:00,no2,PIIANN,34.31,30.396656
2025-12-11 11:00:00,no2,PIIANN,36.67,28.726475
2022-11-09 05:00:00,no2,PIIANN,25.6,27.46107
2025-01-07 14:00:00,no2,PIIANN,42.53,39.836414
2024-04-04 04:00:00,no2,PIIANN,62.86,62.51911
2024-01-04 01:00:00,no2,PIIANN,33.14,52.161648
2023-03-12 14:00:00,no2,PIIANN,136.5325,136.73053
2022-02-13 02:00:00,no2,PIIANN,20.010904,20.844692
2024-03-02 14:00:00,no2,PIIANN,162.76,150.116
2023-04-03 18:00:00,no2,PIIANN,30.1975,28.35634
2022-03-04 08:00:00,no2,PIIANN,1.6199987,6.7422447
2022-05-03 19:00:00,no2,PIIANN,32.158752,38.724445
2022-04-05 10:00:00,no2,PIIANN,32.158752,27.948425
2023-03-08 17:00:00,no2,PIIANN,29.9375,19.40657
2024-11-08 15:00:00,no2,PIIANN,30.76,28.950497
2025-10-04 12:00:00,no2,PIIANN,34.88,32.85946
2023-08-03 16:00:00,no2,PIIANN,32.158752,31.013344
2024-12-09 03:00:00,no2,PIIANN,30.36,24.779863
2023-08-08 07:00:00,no2,PIIANN,21.69,20.840866
2022-10-05 05:00:00,no2,PIIANN,16.13,18.076849
2021-09-09 11:00:00,no2,PIIANN,32.158752,30.812857
2023-05-06 12:00:00,no2,PIIANN,39.085,44.728504
2021-09-11 10:00:00,no2,PIIANN,7.130001,6.6829147
2024-11-03 16:00:00,no2,PIIANN,116.48,128.37888
2025-11-03 21:00:00,no2,PIIANN,39.44,35.56402
2022-03-02 20:00:00,no2,PIIANN,37.1,45.135136
2025-07-06 11:00:00,no2,PIIANN,29.61,28.692076
2022-07-06 17:00:00,no2,PIIANN,8.34,8.44945
2024-05-09 17:00:00,no2,PIIANN,48.91,40.6409
2025-12-01 16:00:00,no2,PIIANN,33.88,38.583015
2023-04-09 09:00:00,no2,PIIANN,32.158752,30.168
2023-09-02 23:00:00,no2,PIIANN,43.593334,46.359608
2025-12-03 13:00:00,no2,PIIANN,36.9,36.976814
2023-03-11 00:00:00,no2,PIIANN,72.21,47.549026
2025-01-05 02:00:00,no2,PIIANN,37.99,34.228043
2022-10-12 21:00:00,no2,PIIANN,31.21,24.29498
2022-06-09 14:00:00,no2,PIIANN,29.96,30.450298
2025-10-10 11:00:00,no2,PIIANN,56.59,53.570335
2021-03-05 16:00:00,no2,PIIANN,4.6399994,9.158083
2024-10-03 16:00:00,no2,PIIANN,186.78,170.3446
2024-06-05 20:00:00,no2,PIIANN,41.13,49.72593
2025-04-07 23:00:00,no2,PIIANN,45.23,40.60729
2023-02-05 06:00:00,no2,PIIANN,10.8325,11.449886
2024-02-07 13:00:00,no2,PIIANN,53.58,49.4881
2022-03-08 17:00:00,no2,PIIANN,16.45,18.756804
2021-03-12 19:00:00,no2,PIIANN,8.050001,8.015171
2022-04-08 14:00:00,no2,PIIANN,13.41,14.808886
2023-01-03 21:00:00,no2,PIIANN,15.797501,26.447426
2022-07-11 19:00:00,no2,PIIANN,51.81,58.81892
2023-07-03 14:00:00,no2,PIIANN,28.68,30.963907
2025-08-08 05:00:00,no2,PIIANN,36.08,35.76218
2025-01-05 01:00:00,no2,PIIANN,38.25,33.107246
2025-01-08 19:00:00,no2,PIIANN,35.92,32.776608
2021-04-09 05:00:00,no2,PIIANN,32.158752,28.2638
2021-06-09 20:00:00,no2,PIIANN,32.158752,32.065643
2022-04-08 19:00:00,no2,PIIANN,12.34,15.370863
2023-01-06 21:00:00,no2,PIIANN,42.27,44.141037
2022-09-13 01:00:00,no2,PIIANN,22.67547,15.033154
2022-09-04 00:00:00,no2,PIIANN,16.79,31.815535
2024-05-06 02:00:00,no2,PIIANN,22.13,30.830751
2025-02-07 17:00:00,no2,PIIANN,43.58,41.41905
2023-02-10 02:00:00,no2,PIIANN,35.5525,35.163433
2022-03-11 06:00:00,no2,PIIANN,17.15,22.6324
2023-08-07 11:00:00,no2,PIIANN,38.665,29.328897
2025-05-12 21:00:00,no2,PIIANN,47.12,47.57004
2022-05-06 01:00:00,no2,PIIANN,9.73,13.018227
2022-11-02 23:00:00,no2,PIIANN,71.7,70.68098
2021-02-06 19:00:00,no2,PIIANN,32.94,25.027435
2025-02-02 02:00:00,no2,PIIANN,34.44,36.220806
2023-05-08 08:00:00,no2,PIIANN,11.8325,18.142347
2024-10-04 07:00:00,no2,PIIANN,57.52,56.473995
2021-02-08 16:00:00,no2,PIIANN,32.158752,34.18414
2023-07-01 18:00:00,no2,PIIANN,32.7875,33.462696
2023-04-03 02:00:00,no2,PIIANN,22.3325,22.78135
2022-06-03 06:00:00,no2,PIIANN,32.158752,32.613697
2022-08-10 15:00:00,no2,PIIANN,18.29,23.755165
2024-01-03 14:00:00,no2,PIIANN,43.44,44.97306
2022-06-11 00:00:00,no2,PIIANN,19.77,21.9374
2025-07-07 21:00:00,no2,PIIANN,39.6,33.618076
2021-10-09 11:00:00,no2,PIIANN,32.158752,30.576427
2024-02-01 20:00:00,no2,PIIANN,153.4,150.39632
2022-03-07 18:00:00,no2,PIIANN,7.6100006,7.2887573
2025-08-02 01:00:00,no2,PIIANN,37.22,38.275753
2022-12-02 08:00:00,no2,PIIANN,44.15,43.31764
2024-05-08 09:00:00,no2,PIIANN,11.92,22.97661
2021-05-02 18:00:00,no2,PIIANN,42.93,45.847908
2021-09-01 21:00:00,no2,PIIANN,31.26,35.609047
2024-02-03 04:00:00,no2,PIIANN,107.11,105.15485
2023-02-08 03:00:00,no2,PIIANN,14.172501,15.566196
2022-01-09 04:00:00,no2,PIIANN,32.158752,28.777554
2024-12-11 04:00:00,no2,PIIANN,38.9,38.233486
2022-09-03 10:00:00,no2,PIIANN,32.158752,30.591568
2023-09-11 22:00:00,no2,PIIANN,65.5725,59.712856
2022-10-09 12:00:00,no2,PIIANN,31.39,26.505993
2025-01-10 22:00:00,no2,PIIANN,14.870001,22.491545
2025-05-02 07:00:00,no2,PIIANN,38.41,38.826157
2023-01-12 04:00:00,no2,PIIANN,96.09,94.98944
2022-10-10 17:00:00,no2,PIIANN,12.190001,19.69981
2021-07-04 19:00:00,no2,PIIANN,54.41,28.638105
2022-09-06 23:00:00,no2,PIIANN,32.158752,21.32945
2025-12-08 09:00:00,no2,PIIANN,36.03,37.30284
2021-02-10 11:00:00,no2,PIIANN,11.6,16.4908
2024-01-10 04:00:00,no2,PIIANN,27.11,28.143002
2024-08-06 16:00:00,no2,PIIANN,39.61,38.925446
2022-03-09 08:00:00,no2,PIIANN,31.16,32.184433
2025-10-06 16:00:00,no2,PIIANN,26.74,25.55187
2022-03-06 01:00:00,no2,PIIANN,9.200001,11.2440605
2024-05-02 15:00:00,no2,PIIANN,80.78,86.9805
2025-08-01 20:00:00,no2,PIIANN,33.16,31.590961
2022-05-03 11:00:00,no2,PIIANN,32.158752,30.441704
2025-04-08 17:00:00,no2,PIIANN,36.1,36.117905
2022-07-09 16:00:00,no2,PIIANN,62.74,36.66285
2023-02-08 02:00:00,no2,PIIANN,13.610001,17.639116
2023-03-06 14:00:00,no2,PIIANN,32.255,32.55272
2025-01-04 19:00:00,no2,PIIANN,35.26,30.29617
2022-06-06 16:00:00,no2,PIIANN,8.640001,7.4273453
2022-06-09 23:00:00,no2,PIIANN,25.68,36.467308
2024-10-10 11:00:00,no2,PIIANN,25.75,27.180607
2023-12-11 01:00:00,no2,PIIANN,62.73,63.36645
2022-09-11 00:00:00,no2,PIIANN,23.78,17.715994
2024-09-07 05:00:00,no2,PIIANN,45.13,43.942574
2021-07-10 17:00:00,no2,PIIANN,24.16,16.725203
2025-07-12 12:00:00,no2,PIIANN,75.52,67.70372
2021-08-07 00:00:00,no2,PIIANN,32.158752,26.56905
2025-12-02 12:00:00,no2,PIIANN,24.84,28.563713
2024-11-03 04:00:00,no2,PIIANN,204.76,194.82735
2023-11-09 21:00:00,no2,PIIANN,38.5975,37.00179
2023-12-03 06:00:00,no2,PIIANN,32.158752,31.92548
2024-06-08 11:00:00,no2,PIIANN,36.32,31.256153
2025-08-10 14:00:00,no2,PIIANN,26.83,23.374268
2024-07-06 05:00:00,no2,PIIANN,31.45,32.72263
2024-07-05 17:00:00,no2,PIIANN,34.82,31.619047
2023-05-03 05:00:00,no2,PIIANN,21.6725,23.174873
2024-06-12 21:00:00,no2,PIIANN,12.24,22.065521
2022-03-11 11:00:00,no2,PIIANN,28.28,31.699593
2022-06-07 21:00:00,no2,PIIANN,7.3500004,7.653925
2021-10-09 02:00:00,no2,PIIANN,32.158752,27.664675
2025-01-02 08:00:00,no2,PIIANN,32.92,40.30629
2021-04-10 18:00:00,no2,PIIANN,0.46166593,1.2693136
2024-05-03 18:00:00,no2,PIIANN,122.97,111.62098
2025-11-07 01:00:00,no2,PIIANN,39.89,33.52088
2024-12-08 05:00:00,no2,PIIANN,0.8499983,16.790714
2025-04-04 19:00:00,no2,PIIANN,38.0,31.900074
2023-03-04 05:00:00,no2,PIIANN,32.158752,25.42828
2025-02-06 03:00:00,no2,PIIANN,36.38,37.27931
2024-06-04 19:00:00,no2,PIIANN,37.22,35.959564
2025-07-08 01:00:00,no2,PIIANN,35.99,32.581333
2023-04-03 10:00:00,no2,PIIANN,32.705,35.00709
2023-06-06 16:00:00,no2,PIIANN,32.158752,63.28831
2025-02-07 19:00:00,no2,PIIANN,44.11,41.48604
2022-12-04 19:00:00,no2,PIIANN,12.09,12.892338
2023-11-11 02:00:00,no2,PIIANN,42.315,41.591995
2024-05-06 19:00:00,no2,PIIANN,28.97,29.453762
2023-06-03 20:00:00,no2,PIIANN,19.03,29.759699
2021-09-10 12:00:00,no2,PIIANN,21.7,22.391418
2025-04-07 20:00:00,no2,PIIANN,45.03,42.426548
2021-07-12 08:00:00,no2,PIIANN,1.8100011,4.9193535
2022-04-03 22:00:00,no2,PIIANN,32.158752,31.337637
2025-08-11 14:00:00,no2,PIIANN,50.04,40.156673
2022-06-11 07:00:00,no2,PIIANN,15.550001,14.40193
2022-11-08 23:00:00,no2,PIIANN,6.33,10.875025
2025-08-05 09:00:00,no2,PIIANN,20.23,21.321442
2022-04-07 16:00:00,no2,PIIANN,8.860001,9.628506
2021-02-04 15:00:00,no2,PIIANN,20.25,21.618471
2023-06-01 20:00:00,no2,PIIANN,29.87,35.427155
2023-07-11 19:00:00,no2,PIIANN,108.395,98.91118
2021-01-05 12:00:00,no2,PIIANN,6.960001,7.3057137
2023-10-08 00:00:00,no2,PIIANN,38.115,44.535202
2021-09-11 06:00:00,no2,PIIANN,4.5600014,7.4634514
2021-06-11 05:00:00,no2,PIIANN,2.5999982,10.267931
2025-10-07 12:00:00,no2,PIIANN,39.46,38.64811
2023-12-03 15:00:00,no2,PIIANN,31.7875,32.72954
2024-06-12 06:00:00,no2,PIIANN,18.2,23.409681
2025-11-09 03:00:00,no2,PIIANN,27.41,28.219622
2024-01-02 04:00:00,no2,PIIANN,144.29,138.72192
2022-08-08 13:00:00,no2,PIIANN,11.280001,13.011789
2023-09-11 10:00:00,no2,PIIANN,98.99,70.86154
2024-03-09 16:00:00,no2,PIIANN,32.97,42.326313
2022-12-10 04:00:00,no2,PIIANN,32.158752,27.103754
2023-10-07 13:00:00,no2,PIIANN,48.0275,44.817337
2022-05-06 03:00:00,no2,PIIANN,9.17,5.231846
2021-07-12 23:00:00,no2,PIIANN,2.6899984,9.602154
2021-08-01 11:00:00,no2,PIIANN,25.97,24.277521
2023-10-04 06:00:00,no2,PIIANN,32.158752,33.012627
2023-03-08 04:00:00,no2,PIIANN,11.907501,12.573444
2025-08-01 10:00:00,no2,PIIANN,35.99,39.927155
2022-11-10 10:00:00,no2,PIIANN,9.34,15.062441
2023-12-05 08:00:00,no2,PIIANN,63.3025,34.196754
2023-09-02 16:00:00,no2,PIIANN,27.806667,43.011044
2022-10-03 06:00:00,no2,PIIANN,32.158752,33.16264
2023-05-09 08:00:00,no2,PIIANN,32.1825,29.266672
2021-12-10 23:00:00,no2,PIIANN,38.81,39.37576
2021-01-12 09:00:00,no2,PIIANN,23.38,23.290575
2021-06-10 22:00:00,no2,PIIANN,14.24,24.306915
2022-10-11 15:00:00,no2,PIIANN,21.32,23.891016
2024-07-11 07:00:00,no2,PIIANN,41.58,45.05035
2023-07-01 16:00:00,no2,PIIANN,29.3475,29.059069
2025-11-03 15:00:00,no2,PIIANN,39.85,37.47209
2024-02-06 04:00:00,no2,PIIANN,31.12,32.833572
2023-03-02 11:00:00,no2,PIIANN,19.0625,20.395817
2023-09-04 10:00:00,no2,PIIANN,3.9949987,32.32111
2024-07-02 00:00:00,no2,PIIANN,141.14,38.865837
2025-11-04 10:00:00,no2,PIIANN,35.24,40.74308
2022-11-10 08:00:00,no2,PIIANN,11.07,18.812178
2025-09-12 00:00:00,no2,PIIANN,37.42,37.188053
2022-06-06 17:00:00,no2,PIIANN,2.8800008,5.733198
2021-12-03 22:00:00,no2,PIIANN,18.31,22.122952
2022-08-12 02:00:00,no2,PIIANN,21.69,27.022913
2021-01-04 09:00:00,no2,PIIANN,18.84,20.420954
2022-05-08 06:00:00,no2,PIIANN,6.450001,12.078035
2025-03-05 00:00:00,no2,PIIANN,38.13,30.971304
2025-05-06 09:00:00,no2,PIIANN,25.97,30.730095
2024-06-12 23:00:00,no2,PIIANN,5.74,11.558273
2022-03-06 02:00:00,no2,PIIANN,9.1,8.144003
2021-01-10 16:00:00,no2,PIIANN,12.92,22.837273
2023-11-06 19:00:00,no2,PIIANN,48.865,43.40522
2024-05-04 23:00:00,no2,PIIANN,43.04,38.94801
2021-11-11 01:00:00,no2,PIIANN,5.2299995,-2.2874224
2023-09-11 01:00:00,no2,PIIANN,60.275,68.70657
2025-08-07 10:00:00,no2,PIIANN,39.29,36.074924
2022-10-04 11:00:00,no2,PIIANN,9.460001,7.2428436
2024-10-03 22:00:00,no2,PIIANN,219.85,202.54666
2025-03-10 21:00:00,no2,PIIANN,22.51,23.332096
2024-09-02 06:00:00,no2,PIIANN,163.34,159.85971
2021-11-04 07:00:00,no2,PIIANN,41.71,34.908127
2024-08-01 21:00:00,no2,PIIANN,138.97,119.76627
2021-02-01 19:00:00,no2,PIIANN,93.5,54.714233
2025-08-03 13:00:00,no2,PIIANN,35.84,35.072784
2023-03-01 19:00:00,no2,PIIANN,23.705,31.34472
2023-02-11 19:00:00,no2,PIIANN,95.615,101.440865
2025-09-08 04:00:00,no2,PIIANN,36.15,38.622578
2022-11-02 17:00:00,no2,PIIANN,30.61,31.164566
2024-03-02 12:00:00,no2,PIIANN,157.36,140.79144
2025-09-03 02:00:00,no2,PIIANN,34.12,36.010754
2022-10-05 15:00:00,no2,PIIANN,18.37,14.838167
2025-07-03 02:00:00,no2,PIIANN,36.12,34.760815
2024-07-02 22:00:00,no2,PIIANN,155.68,148.8496
2021-05-03 05:00:00,no2,PIIANN,59.9,87.16263
2025-05-04 20:00:00,no2,PIIANN,34.82,27.888208
2024-12-12 05:00:00,no2,PIIANN,12.1,11.347803
2025-07-10 06:00:00,no2,PIIANN,43.21,40.17012
2023-05-03 23:00:00,no2,PIIANN,24.396667,27.563372
2021-01-10 07:00:00,no2,PIIANN,25.2625,21.44283
2023-08-12 12:00:00,no2,PIIANN,84.5125,76.144035
2024-08-10 01:00:00,no2,PIIANN,26.79,22.138073
2024-08-08 06:00:00,no2,PIIANN,32.89,30.624733
2022-04-13 02:00:00,no2,PIIANN,29.522583,28.243155
2024-12-11 10:00:00,no2,PIIANN,38.78,40.6779
2023-09-02 10:00:00,no2,PIIANN,77.67,76.21106
2024-03-03 11:00:00,no2,PIIANN,138.44,112.90821
2024-09-11 16:00:00,no2,PIIANN,38.78,38.95204
2022-11-09 17:00:00,no2,PIIANN,26.02,25.249306
2021-02-08 23:00:00,no2,PIIANN,32.158752,33.444996
2024-05-10 18:00:00,no2,PIIANN,30.01,29.000654
2021-07-03 12:00:00,no2,PIIANN,16.26,17.585392
2023-09-03 15:00:00,no2,PIIANN,25.37,31.23697
2023-03-10 17:00:00,no2,PIIANN,33.905,32.38175
2021-07-08 14:00:00,no2,PIIANN,32.158752,33.22983
2022-07-03 21:00:00,no2,PIIANN,32.158752,38.36576
2024-07-09 09:00:00,no2,PIIANN,32.09,36.734943
2023-01-03 01:00:00,no2,PIIANN,4.852501,18.31433
2023-10-04 02:00:00,no2,PIIANN,16.336666,20.513767
2022-07-02 14:00:00,no2,PIIANN,41.84,36.446163
2021-03-05 10:00:00,no2,PIIANN,10.460001,13.879454
2025-04-09 16:00:00,no2,PIIANN,31.76,31.164888
2023-09-08 01:00:00,no2,PIIANN,32.81,35.595497
2022-05-08 15:00:00,no2,PIIANN,20.15,18.428013
2023-10-10 19:00:00,no2,PIIANN,45.36,47.69803
2023-04-11 02:00:00,no2,PIIANN,72.4675,74.62249
2023-05-12 14:00:00,no2,PIIANN,97.6425,83.34966
2025-12-07 17:00:00,no2,PIIANN,37.52,36.93213
2025-06-06 11:00:00,no2,PIIANN,34.06,33.115177
2024-05-06 07:00:00,no2,PIIANN,28.62,26.294535
2023-04-06 18:00:00,no2,PIIANN,60.3875,61.590668
2023-05-11 23:00:00,no2,PIIANN,91.31,82.04717
2024-06-02 22:00:00,no2,PIIANN,148.75,144.32939
2022-04-12 22:00:00,no2,PIIANN,24.05,28.298803
2024-10-03 02:00:00,no2,PIIANN,184.77,179.64052
2024-01-05 13:00:00,no2,PIIANN,48.7,46.551292
2022-11-12 01:00:00,no2,PIIANN,22.08,23.453367
2023-07-05 12:00:00,no2,PIIANN,18.94,18.845882
2022-01-04 22:00:00,no2,PIIANN,3.2700002,6.4839687
2023-09-04 22:00:00,no2,PIIANN,8.910557,11.991697
2023-06-05 03:00:00,no2,PIIANN,32.158752,10.718401
2022-04-10 13:00:00,no2,PIIANN,33.89,30.557138
2024-03-08 01:00:00,no2,PIIANN,12.220001,24.163177
2022-07-05 08:00:00,no2,PIIANN,32.18,23.071096
2022-12-13 01:00:00,no2,PIIANN,25.410776,20.660027
2023-04-08 08:00:00,no2,PIIANN,12.505001,14.368277
2021-01-03 22:00:00,no2,PIIANN,24.2,35.498627
2021-12-08 16:00:00,no2,PIIANN,32.158752,31.524347
2024-10-12 02:00:00,no2,PIIANN,17.03,15.750284
2022-06-10 00:00:00,no2,PIIANN,38.64,31.423029
2023-07-06 00:00:00,no2,PIIANN,43.72,27.101086
2024-12-05 18:00:00,no2,PIIANN,41.91,44.076405
2024-04-03 06:00:00,no2,PIIANN,112.19,109.76864
2023-07-09 08:00:00,no2,PIIANN,31.5325,32.50289
2023-01-08 14:00:00,no2,PIIANN,14.195,15.468924
2025-07-08 10:00:00,no2,PIIANN,36.5,35.874138
2023-01-01 17:00:00,no2,PIIANN,16.72,22.498465
2023-05-10 13:00:00,no2,PIIANN,29.67,32.664577
2025-12-01 11:00:00,no2,PIIANN,33.86,39.410576
2024-02-06 17:00:00,no2,PIIANN,40.8,44.8752
2021-03-12 21:00:00,no2,PIIANN,9.310001,14.475027
2021-02-12 22:00:00,no2,PIIANN,11.1,14.188757
2025-12-05 21:00:00,no2,PIIANN,28.17,32.398243
2022-08-07 07:00:00,no2,PIIANN,8.68,10.123779
2023-12-12 16:00:00,no2,PIIANN,63.5325,71.8575
2025-01-12 13:00:00,no2,PIIANN,40.93,37.111534
2024-01-05 05:00:00,no2,PIIANN,61.67,58.54517
2023-01-07 03:00:00,no2,PIIANN,32.158752,33.248474
2022-04-05 08:00:00,no2,PIIANN,32.158752,28.87461
2024-02-12 12:00:00,no2,PIIANN,29.63,30.010592
2023-07-01 22:00:00,no2,PIIANN,20.155,28.232786
2024-04-04 07:00:00,no2,PIIANN,60.5,63.371124
2023-10-01 22:00:00,no2,PIIANN,27.6375,28.321077
2021-02-04 09:00:00,no2,PIIANN,24.4,29.23599
2022-07-01 21:00:00,no2,PIIANN,32.158752,38.91374
2021-11-12 02:00:00,no2,PIIANN,16.51068,10.409771
2022-04-06 21:00:00,no2,PIIANN,8.32,11.223457
2021-03-03 05:00:00,no2,PIIANN,23.34,19.909285
2021-12-07 14:00:00,no2,PIIANN,32.158752,28.977592
2024-03-04 01:00:00,no2,PIIANN,56.88,72.86414
2025-06-12 19:00:00,no2,PIIANN,39.37,38.264965
2021-04-06 15:00:00,no2,PIIANN,17.22,17.2328
2023-09-01 22:00:00,no2,PIIANN,26.5925,37.673904
2024-11-05 02:00:00,no2,PIIANN,41.88,46.28019
2021-08-10 08:00:00,no2,PIIANN,20.72,19.16066
2025-10-12 09:00:00,no2,PIIANN,45.6,42.525078
2025-12-12 00:00:00,no2,PIIANN,60.49,39.55697
2021-11-03 20:00:00,no2,PIIANN,47.3,48.524166
2023-09-03 19:00:00,no2,PIIANN,28.2125,27.020248
2022-09-06 02:00:00,no2,PIIANN,9.060001,11.728994
2022-09-04 11:00:00,no2,PIIANN,9.290001,7.928032
2023-12-07 13:00:00,no2,PIIANN,30.09,34.51913
2022-10-05 14:00:00,no2,PIIANN,16.04,16.16746
2022-01-04 01:00:00,no2,PIIANN,1.4599988,11.149393
2023-02-11 15:00:00,no2,PIIANN,101.64,96.405815
2024-06-03 09:00:00,no2,PIIANN,130.63,130.51024
2025-10-04 01:00:00,no2,PIIANN,34.9,36.03476
2021-01-05 07:00:00,no2,PIIANN,23.76,16.314278
2024-10-03 14:00:00,no2,PIIANN,174.59,164.50322
2024-04-07 04:00:00,no2,PIIANN,33.1,34.121826
2022-11-05 05:00:00,no2,PIIANN,16.19,15.87237
2021-10-09 17:00:00,no2,PIIANN,32.158752,31.573145
2021-02-09 18:00:00,no2,PIIANN,32.158752,30.927492
2021-02-04 16:00:00,no2,PIIANN,19.2,21.064314
2022-05-01 10:00:00,no2,PIIANN,32.158752,36.089237
2025-11-06 22:00:00,no2,PIIANN,31.05,31.136814
2025-12-06 10:00:00,no2,PIIANN,31.02,29.407032
2022-07-11 07:00:00,no2,PIIANN,16.33,11.84988
2025-08-04 01:00:00,no2,PIIANN,39.21,34.59268
2024-12-01 23:00:00,no2,PIIANN,148.6,142.14258
2025-02-06 02:00:00,no2,PIIANN,36.0,37.85957
2022-10-07 00:00:00,no2,PIIANN,8.08,24.227272
2022-02-10 21:00:00,no2,PIIANN,25.38,37.35617
2023-05-08 16:00:00,no2,PIIANN,14.7125,14.332224
2025-02-04 19:00:00,no2,PIIANN,37.78,32.2029
2025-06-06 02:00:00,no2,PIIANN,34.13,30.548586
2022-11-08 08:00:00,no2,PIIANN,6.2700005,13.7586975
2025-01-12 22:00:00,no2,PIIANN,67.53,48.60389
2023-12-09 15:00:00,no2,PIIANN,23.74,29.269348
2023-08-10 06:00:00,no2,PIIANN,32.158752,30.30579
2023-08-09 17:00:00,no2,PIIANN,14.7125,22.518421
2025-02-05 02:00:00,no2,PIIANN,38.28,31.140404
2021-10-08 16:00:00,no2,PIIANN,32.158752,30.607452
2025-09-11 21:00:00,no2,PIIANN,28.14,29.551899
2025-04-12 07:00:00,no2,PIIANN,47.37,46.894833
2024-10-04 10:00:00,no2,PIIANN,55.01,50.044285
2023-07-04 23:00:00,no2,PIIANN,9.056667,22.103111
2025-10-09 08:00:00,no2,PIIANN,27.39,29.034208
2023-01-11 16:00:00,no2,PIIANN,102.47,102.63972
2024-04-07 22:00:00,no2,PIIANN,9.780001,20.521584
2022-07-04 07:00:00,no2,PIIANN,32.158752,34.313293
2023-07-07 07:00:00,no2,PIIANN,4.637501,8.256479
2025-09-03 23:00:00,no2,PIIANN,35.17,32.374477
2024-06-12 04:00:00,no2,PIIANN,17.68,20.033997
2023-10-12 07:00:00,no2,PIIANN,70.925,73.76678
2021-11-06 17:00:00,no2,PIIANN,32.158752,26.215322
2024-01-11 14:00:00,no2,PIIANN,41.45,43.114014
2024-08-04 22:00:00,no2,PIIANN,53.84,51.972286
2023-03-03 07:00:00,no2,PIIANN,21.175,12.238411
2022-06-02 00:00:00,no2,PIIANN,124.39,36.941807
2021-08-05 00:00:00,no2,PIIANN,30.44,72.09044
2024-02-08 17:00:00,no2,PIIANN,7.5699997,13.785234
2022-12-10 11:00:00,no2,PIIANN,31.2,21.967762
2023-12-09 22:00:00,no2,PIIANN,36.40333,41.822838
2021-04-03 19:00:00,no2,PIIANN,43.11,41.052444
2025-07-02 12:00:00,no2,PIIANN,36.66,37.899845
2024-07-03 07:00:00,no2,PIIANN,158.16,151.66069
2024-03-11 03:00:00,no2,PIIANN,42.05,45.066284
2024-09-01 13:00:00,no2,PIIANN,115.64,111.82003
2025-06-04 04:00:00,no2,PIIANN,34.37,35.36877
2024-11-02 17:00:00,no2,PIIANN,208.92,202.63199
2024-09-08 20:00:00,no2,PIIANN,22.28,23.864351
2022-01-07 05:00:00,no2,PIIANN,20.62,20.03567
2022-08-03 04:00:00,no2,PIIANN,32.158752,36.007988
2024-04-07 05:00:00,no2,PIIANN,28.54,33.603237
2023-12-09 21:00:00,no2,PIIANN,45.2575,34.150166
2022-11-09 03:00:00,no2,PIIANN,27.26,30.465872
2023-11-06 17:00:00,no2,PIIANN,35.275,41.040424
2022-09-02 16:00:00,no2,PIIANN,33.12,33.728806
2021-08-04 14:00:00,no2,PIIANN,17.91,14.6768055
2024-04-05 12:00:00,no2,PIIANN,53.45,51.88631
2023-01-10 19:00:00,no2,PIIANN,45.5,43.56446
2023-06-10 13:00:00,no2,PIIANN,21.496666,28.523544
2021-01-06 06:00:00,no2,PIIANN,10.58,12.751589
2025-06-12 21:00:00,no2,PIIANN,74.96,55.56014
2023-01-11 13:00:00,no2,PIIANN,107.385,88.935776
2024-02-09 01:00:00,no2,PIIANN,40.86,29.252523
2023-08-04 16:00:00,no2,PIIANN,15.407501,21.027712
2022-03-02 21:00:00,no2,PIIANN,34.29,43.308624
2022-08-04 09:00:00,no2,PIIANN,32.158752,31.825663
2025-03-06 22:00:00,no2,PIIANN,32.28,30.727835
2024-06-10 07:00:00,no2,PIIANN,30.57,32.988155
2021-10-10 18:00:00,no2,PIIANN,17.57,28.512005
2024-06-11 10:00:00,no2,PIIANN,41.63,39.748337
2022-08-10 06:00:00,no2,PIIANN,24.99,20.83961
2021-10-10 03:00:00,no2,PIIANN,17.58,23.235115
2021-10-09 22:00:00,no2,PIIANN,32.158752,34.453686
2022-05-10 01:00:00,no2,PIIANN,10.406668,26.325018
2023-03-08 05:00:00,no2,PIIANN,12.0,7.852644
2021-07-08 23:00:00,no2,PIIANN,32.158752,33.611694
2024-09-07 17:00:00,no2,PIIANN,15.17,25.829641
2025-06-09 16:00:00,no2,PIIANN,27.39,29.051254
2022-10-07 19:00:00,no2,PIIANN,8.030001,9.930302
2021-05-10 19:00:00,no2,PIIANN,19.14,35.54967
2023-05-04 11:00:00,no2,PIIANN,14.18,11.713726
2023-11-06 06:00:00,no2,PIIANN,48.0725,41.490005
2024-04-09 03:00:00,no2,PIIANN,51.72,41.01622
2023-04-02 20:00:00,no2,PIIANN,20.21,24.12957
2024-10-11 23:00:00,no2,PIIANN,39.15,33.34259
2022-05-06 18:00:00,no2,PIIANN,8.51,5.972
2025-03-08 10:00:00,no2,PIIANN,36.51,33.88254
2022-11-10 11:00:00,no2,PIIANN,7.74,13.966715
2021-04-03 14:00:00,no2,PIIANN,35.04,38.16719
2023-02-10 03:00:00,no2,PIIANN,32.1775,34.048492
2025-06-09 15:00:00,no2,PIIANN,27.57,30.321358
2024-01-12 05:00:00,no2,PIIANN,25.26,27.526045
2024-06-07 12:00:00,no2,PIIANN,13.75,17.384014
2024-05-06 18:00:00,no2,PIIANN,29.59,35.06879
2021-06-02 01:00:00,no2,PIIANN,76.99,73.684845
2022-03-08 19:00:00,no2,PIIANN,21.6,22.687637
2025-06-06 00:00:00,no2,PIIANN,34.6,22.342806
2023-10-12 09:00:00,no2,PIIANN,77.69,69.79215
2025-10-04 09:00:00,no2,PIIANN,34.87,35.16227
2024-12-09 19:00:00,no2,PIIANN,38.39,33.100323
2024-03-10 17:00:00,no2,PIIANN,19.91,23.310843
2022-05-08 11:00:00,no2,PIIANN,14.140001,11.647472
2022-09-05 10:00:00,no2,PIIANN,16.54,16.133762
2021-09-05 07:00:00,no2,PIIANN,15.220001,17.11632
2025-03-03 20:00:00,no2,PIIANN,38.73,36.29781
2021-06-02 19:00:00,no2,PIIANN,31.83,32.985764
2024-09-10 23:00:00,no2,PIIANN,26.05,26.695122
2021-03-03 07:00:00,no2,PIIANN,25.36,23.963415
2024-04-09 21:00:00,no2,PIIANN,28.12,27.79934
2024-12-03 01:00:00,no2,PIIANN,163.14534,157.17914
2025-01-04 00:00:00,no2,PIIANN,35.07,32.3384
2022-05-05 20:00:00,no2,PIIANN,36.43,29.64163
2024-07-08 11:00:00,no2,PIIANN,30.8,30.45152
2023-01-13 02:00:00,no2,PIIANN,101.41995,97.42716
2025-04-05 09:00:00,no2,PIIANN,38.33,38.333622
2025-12-11 03:00:00,no2,PIIANN,37.76,30.003408
2024-07-12 02:00:00,no2,PIIANN,3.970001,11.639788
2022-07-03 22:00:00,no2,PIIANN,32.158752,42.77356
2025-09-10 05:00:00,no2,PIIANN,32.23,31.36117
2022-08-05 15:00:00,no2,PIIANN,16.48,12.044609
2025-01-12 14:00:00,no2,PIIANN,42.56,39.04575
2024-09-04 06:00:00,no2,PIIANN,63.65,62.24956
2024-03-03 12:00:00,no2,PIIANN,146.04,121.300545
2022-11-08 03:00:00,no2,PIIANN,5.330002,10.330006
2022-05-11 00:00:00,no2,PIIANN,25.4,50.71969
2022-08-05 07:00:00,no2,PIIANN,19.25,19.905598
2024-03-04 11:00:00,no2,PIIANN,57.61,53.62974
2024-05-01 17:00:00,no2,PIIANN,82.39,84.52443
2025-01-11 09:00:00,no2,PIIANN,43.63,47.285625
2021-10-10 05:00:00,no2,PIIANN,12.550001,18.792908
2022-02-12 00:00:00,no2,PIIANN,33.148,36.56993
2024-07-02 01:00:00,no2,PIIANN,138.54,125.8564
2021-07-02 11:00:00,no2,PIIANN,24.46,28.229599
2023-03-06 11:00:00,no2,PIIANN,32.03,34.308304
2021-08-01 21:00:00,no2,PIIANN,91.84,85.33497
2024-12-02 01:00:00,no2,PIIANN,181.66,172.10748
2023-01-09 19:00:00,no2,PIIANN,30.03,29.799582
2024-02-02 11:00:00,no2,PIIANN,79.05,84.53468
2022-02-02 22:00:00,no2,PIIANN,40.91,47.539326
2023-07-04 06:00:00,no2,PIIANN,10.5075,10.3053875
2022-03-10 23:00:00,no2,PIIANN,15.540001,21.06009
2024-09-05 09:00:00,no2,PIIANN,33.14,38.39816
2024-07-13 01:00:00,no2,PIIANN,0.34944135,-1.3573191
2021-11-01 11:00:00,no2,PIIANN,14.42,13.840265
2021-07-10 20:00:00,no2,PIIANN,13.6,22.133408
2023-01-06 07:00:00,no2,PIIANN,31.7775,29.637787
2022-05-06 02:00:00,no2,PIIANN,9.18,6.228256
2021-12-07 03:00:00,no2,PIIANN,32.158752,32.551796
2024-09-07 19:00:00,no2,PIIANN,5.99,18.205477
2022-04-07 13:00:00,no2,PIIANN,8.01,17.63148
2021-05-02 00:00:00,no2,PIIANN,44.34,46.252033
2021-02-06 03:00:00,no2,PIIANN,30.58,29.896917
2023-08-08 19:00:00,no2,PIIANN,34.6475,29.95429
2024-09-08 13:00:00,no2,PIIANN,32.89,35.297474
2022-05-06 00:00:00,no2,PIIANN,10.300001,30.066608
2021-10-06 04:00:00,no2,PIIANN,32.158752,19.899492
2021-01-11 11:00:00,no2,PIIANN,7.7800007,24.633001
2024-11-10 04:00:00,no2,PIIANN,26.52,27.06068
2022-04-12 11:00:00,no2,PIIANN,34.94,30.730349
2023-05-12 16:00:00,no2,PIIANN,120.4075,102.38737
2023-07-03 11:00:00,no2,PIIANN,31.2475,22.18752
2025-09-09 18:00:00,no2,PIIANN,28.26,27.53899
2024-12-04 07:00:00,no2,PIIANN,56.36,51.618824
2024-07-05 05:00:00,no2,PIIANN,35.58,29.89984
2021-07-06 04:00:00,no2,PIIANN,18.38,17.962914
2021-12-09 13:00:00,no2,PIIANN,32.158752,30.454905
2022-02-04 17:00:00,no2,PIIANN,1.9599988,9.855967
2023-12-04 16:00:00,no2,PIIANN,29.755,28.325811
2023-12-07 03:00:00,no2,PIIANN,65.08,60.609028
2025-06-11 02:00:00,no2,PIIANN,47.12,47.9183
2022-02-11 16:00:00,no2,PIIANN,50.15,29.406977
2022-09-03 13:00:00,no2,PIIANN,32.158752,27.077255
2023-03-11 06:00:00,no2,PIIANN,109.735,89.310776
2024-03-08 11:00:00,no2,PIIANN,27.51,20.200125
2021-09-07 20:00:00,no2,PIIANN,32.158752,31.29271
2024-02-13 00:00:00,no2,PIIANN,38.33907,38.326515
2023-02-09 07:00:00,no2,PIIANN,25.545,25.220217
2024-05-03 03:00:00,no2,PIIANN,129.48,124.47448
2025-07-12 08:00:00,no2,PIIANN,75.66,71.51462
2025-04-12 00:00:00,no2,PIIANN,46.94,34.955963
2021-06-12 22:00:00,no2,PIIANN,4.6399994,14.275152
2024-09-07 18:00:00,no2,PIIANN,10.98,21.96464
2022-10-12 11:00:00,no2,PIIANN,41.58,34.30468
2024-11-12 21:00:00,no2,PIIANN,4.5200005,19.041092
2023-10-01 08:00:00,no2,PIIANN,20.2175,19.907175
2023-01-04 00:00:00,no2,PIIANN,14.35,12.005539
2022-03-10 11:00:00,no2,PIIANN,35.59,35.646473
2024-02-08 19:00:00,no2,PIIANN,6.5,15.173275
2021-08-11 14:00:00,no2,PIIANN,4.200001,2.2380292
2023-01-03 15:00:00,no2,PIIANN,43.905,39.854763
2024-09-04 15:00:00,no2,PIIANN,39.71,46.207405
2024-04-10 14:00:00,no2,PIIANN,29.705,29.077923
2025-01-05 12:00:00,no2,PIIANN,38.07,35.820736
2022-05-05 11:00:00,no2,PIIANN,18.87,18.62492
2021-12-07 21:00:00,no2,PIIANN,32.158752,32.246925
2025-05-09 03:00:00,no2,PIIANN,27.36,25.063025
2025-08-04 16:00:00,no2,PIIANN,37.95,32.580936
2024-11-02 19:00:00,no2,PIIANN,209.86,207.40274
2024-01-08 20:00:00,no2,PIIANN,13.628,15.948359
2021-05-12 07:00:00,no2,PIIANN,6.75,14.815371
2025-12-10 00:00:00,no2,PIIANN,41.61,34.129307
2023-06-07 20:00:00,no2,PIIANN,5.375002,12.387417
2021-04-10 13:00:00,no2,PIIANN,8.540001,15.486568
2022-09-02 10:00:00,no2,PIIANN,43.29,35.621517
2022-02-04 04:00:00,no2,PIIANN,2.3100011,3.8767545
2024-09-12 20:00:00,no2,PIIANN,19.2,23.847069
2024-03-10 01:00:00,no2,PIIANN,26.76,31.116732
2024-12-08 19:00:00,no2,PIIANN,20.33,20.273245
2021-08-11 07:00:00,no2,PIIANN,4.630001,6.331522
2025-12-04 04:00:00,no2,PIIANN,35.02,36.111607
2021-05-04 03:00:00,no2,PIIANN,76.47,53.376595
2022-12-08 14:00:00,no2,PIIANN,5.4100018,10.378046
2022-01-05 03:00:00,no2,PIIANN,32.158752,4.372883
2021-12-06 04:00:00,no2,PIIANN,32.158752,26.287252
2025-09-10 03:00:00,no2,PIIANN,31.88,29.773155
2025-08-07 06:00:00,no2,PIIANN,40.78,36.813095
2025-04-09 09:00:00,no2,PIIANN,39.34,35.402657
2022-01-07 14:00:00,no2,PIIANN,19.66,18.845522
2022-12-05 06:00:00,no2,PIIANN,16.06,16.15956
2023-06-07 22:00:00,no2,PIIANN,5.0424995,11.491455
2021-09-10 19:00:00,no2,PIIANN,9.07,20.686512
2022-07-05 07:00:00,no2,PIIANN,25.42,21.037384
2023-11-09 22:00:00,no2,PIIANN,38.5725,38.335915
2022-12-07 19:00:00,no2,PIIANN,7.880001,12.586988
2025-01-03 19:00:00,no2,PIIANN,34.98,37.215923
2024-05-07 13:00:00,no2,PIIANN,34.22,30.826468
2024-05-02 10:00:00,no2,PIIANN,113.07,119.56167
2023-12-10 10:00:00,no2,PIIANN,50.085,60.961426
2025-09-08 10:00:00,no2,PIIANN,37.4,36.46756
2025-12-09 21:00:00,no2,PIIANN,31.4925,28.828186
2024-07-11 19:00:00,no2,PIIANN,41.15,35.70294
2021-02-10 18:00:00,no2,PIIANN,29.02,23.488075
2022-04-04 03:00:00,no2,PIIANN,2.2799985,6.002779
2021-12-05 03:00:00,no2,PIIANN,6.8999996,11.773378
2025-12-04 21:00:00,no2,PIIANN,35.01,34.28332
2022-05-09 04:00:00,no2,PIIANN,24.63,22.435558
2023-07-06 15:00:00,no2,PIIANN,39.6575,46.471752
2024-06-04 08:00:00,no2,PIIANN,45.5,45.526295
2025-04-09 00:00:00,no2,PIIANN,38.6,36.273514
2023-08-08 20:00:00,no2,PIIANN,32.615,32.49622
2023-09-03 21:00:00,no2,PIIANN,16.8425,24.99308
2023-10-12 14:00:00,no2,PIIANN,76.985,83.27853
2025-03-06 16:00:00,no2,PIIANN,32.64,33.148464
2022-02-10 02:00:00,no2,PIIANN,27.086666,30.609083
2022-12-06 21:00:00,no2,PIIANN,32.158752,31.701925
2025-03-05 08:00:00,no2,PIIANN,38.16,38.8256
2025-12-06 16:00:00,no2,PIIANN,30.52,29.609818
2023-06-05 11:00:00,no2,PIIANN,19.7275,23.120745
2023-07-05 18:00:00,no2,PIIANN,25.2175,24.009693
2022-10-01 18:00:00,no2,PIIANN,32.158752,38.510685
2022-05-03 00:00:00,no2,PIIANN,120.2276,93.368034
2025-09-10 17:00:00,no2,PIIANN,20.54,24.789263
2021-12-05 11:00:00,no2,PIIANN,6.6900005,10.673756
2021-11-03 14:00:00,no2,PIIANN,23.4,16.326662
2025-12-10 01:00:00,no2,PIIANN,41.32,35.136013
2025-01-10 15:00:00,no2,PIIANN,31.58,24.495686
2023-10-12 02:00:00,no2,PIIANN,84.385,83.62464
2021-09-12 05:00:00,no2,PIIANN,32.158752,30.706245
2021-02-10 21:00:00,no2,PIIANN,11.294001,12.758097
2024-04-10 02:00:00,no2,PIIANN,19.86,18.374216
2023-05-09 11:00:00,no2,PIIANN,29.57,31.46279
2024-02-04 04:00:00,no2,PIIANN,43.19,40.845222
2024-01-10 09:00:00,no2,PIIANN,27.37,31.457682
2021-02-03 14:00:00,no2,PIIANN,18.08,14.136967
2025-08-03 01:00:00,no2,PIIANN,34.94,38.21363
2024-01-05 17:00:00,no2,PIIANN,47.92,46.578053
2024-03-08 21:00:00,no2,PIIANN,5.0600014,15.35976
2023-08-11 16:00:00,no2,PIIANN,92.75,94.16674
2024-03-06 11:00:00,no2,PIIANN,47.46,39.090298
2023-07-02 13:00:00,no2,PIIANN,30.947,35.118248
2022-01-05 15:00:00,no2,PIIANN,32.158752,28.809898
2025-05-13 02:00:00,no2,PIIANN,47.515602,41.848312
2025-01-01 09:00:00,no2,PIIANN,21.2,30.51159
2022-05-12 16:00:00,no2,PIIANN,24.17,25.888775
2022-07-06 01:00:00,no2,PIIANN,24.985,24.200235
2022-09-10 22:00:00,no2,PIIANN,15.360001,23.346508
2023-02-02 00:00:00,no2,PIIANN,20.3225,15.929281
2021-04-02 07:00:00,no2,PIIANN,36.76,33.993446
2023-07-01 09:00:00,no2,PIIANN,18.055,18.45405
2023-07-12 13:00:00,no2,PIIANN,73.3475,75.78798
2024-08-08 14:00:00,no2,PIIANN,35.54,32.498512
2021-10-09 15:00:00,no2,PIIANN,32.158752,30.61296
2022-06-05 06:00:00,no2,PIIANN,22.12,22.457777
2025-06-04 08:00:00,no2,PIIANN,35.08,35.75105
2023-04-05 23:00:00,no2,PIIANN,63.711113,21.977423
2022-02-10 22:00:00,no2,PIIANN,20.04,34.437237
2024-06-03 19:00:00,no2,PIIANN,149.18,128.87221
2022-02-09 07:00:00,no2,PIIANN,33.46,26.406843
2023-09-11 19:00:00,no2,PIIANN,78.1875,74.46009
2021-10-11 18:00:00,no2,PIIANN,8.200001,16.534138
2021-07-09 14:00:00,no2,PIIANN,32.158752,30.315844
2021-04-04 15:00:00,no2,PIIANN,17.83,21.921135
2024-04-12 19:00:00,no2,PIIANN,26.74,26.405716
2022-08-04 20:00:00,no2,PIIANN,13.060001,67.88814
2023-08-10 16:00:00,no2,PIIANN,32.158752,34.831043
2025-09-04 03:00:00,no2,PIIANN,35.11,37.86269
2021-08-01 13:00:00,no2,PIIANN,41.88,26.337027
2022-09-04 07:00:00,no2,PIIANN,12.18,14.90712
2023-05-07 16:00:00,no2,PIIANN,26.42,23.9223
2023-05-07 10:00:00,no2,PIIANN,33.5375,32.133842
2024-01-08 18:00:00,no2,PIIANN,16.88,21.917929
2021-10-03 07:00:00,no2,PIIANN,39.47,26.804935
2024-09-02 01:00:00,no2,PIIANN,164.03,149.22011
2022-02-12 14:00:00,no2,PIIANN,25.41,32.292732
2023-03-06 09:00:00,no2,PIIANN,40.7,39.192413
2023-08-08 02:00:00,no2,PIIANN,24.395,30.014645
2021-11-02 13:00:00,no2,PIIANN,43.14,43.977074
2024-09-07 09:00:00,no2,PIIANN,40.14,38.827206
2025-07-06 20:00:00,no2,PIIANN,26.83,25.6373
2022-05-08 02:00:00,no2,PIIANN,7.2299995,12.247696
2025-01-07 15:00:00,no2,PIIANN,43.31,38.68236
2023-07-09 16:00:00,no2,PIIANN,37.0325,34.121666
2022-07-09 09:00:00,no2,PIIANN,47.63,39.839268
2021-04-04 06:00:00,no2,PIIANN,38.68,31.32664
2021-04-09 00:00:00,no2,PIIANN,32.158752,29.450953
2025-12-10 11:00:00,no2,PIIANN,49.82,38.29315
2025-12-08 03:00:00,no2,PIIANN,37.12,34.413006
2021-02-09 09:00:00,no2,PIIANN,32.158752,29.96236
2024-06-08 08:00:00,no2,PIIANN,36.24,30.334747
2022-10-02 11:00:00,no2,PIIANN,38.95,38.362953
2022-02-02 07:00:00,no2,PIIANN,33.31,30.863796
2024-06-12 08:00:00,no2,PIIANN,23.78,27.288582
2024-11-06 17:00:00,no2,PIIANN,57.95,57.572792
2021-02-05 11:00:00,no2,PIIANN,9.15,11.120821
2021-05-02 01:00:00,no2,PIIANN,37.91,44.38259
2024-07-04 13:00:00,no2,PIIANN,37.05,39.120033
2024-02-07 11:00:00,no2,PIIANN,51.82,45.796837
2025-10-05 09:00:00,no2,PIIANN,28.31,29.94096
2024-12-05 03:00:00,no2,PIIANN,40.91,40.735012
2022-07-03 07:00:00,no2,PIIANN,32.158752,36.721806
2025-06-06 23:00:00,no2,PIIANN,30.95,31.534554
2022-02-03 20:00:00,no2,PIIANN,32.158752,37.700348
2023-03-08 20:00:00,no2,PIIANN,22.435,36.248997
2022-01-05 06:00:00,no2,PIIANN,32.158752,27.538803
2025-01-07 05:00:00,no2,PIIANN,47.39,42.336037
2025-01-08 21:00:00,no2,PIIANN,36.17,33.4703
2023-08-01 22:00:00,no2,PIIANN,18.0425,29.347294
2025-07-04 14:00:00,no2,PIIANN,38.3,33.410873
2025-04-11 02:00:00,no2,PIIANN,47.02,40.342625
2025-03-03 21:00:00,no2,PIIANN,38.54,37.28209
2021-11-09 03:00:00,no2,PIIANN,32.158752,30.581245
2022-04-06 02:00:00,no2,PIIANN,9.43,14.380754
2021-05-03 00:00:00,no2,PIIANN,165.09999,88.79914
2023-08-05 07:00:00,no2,PIIANN,15.172501,12.49868
2021-03-08 15:00:00,no2,PIIANN,32.158752,32.21507
2023-06-04 13:00:00,no2,PIIANN,18.685,20.095715
2021-07-09 06:00:00,no2,PIIANN,32.158752,28.4592
2021-03-09 09:00:00,no2,PIIANN,32.158752,31.213152
2022-04-08 02:00:00,no2,PIIANN,8.58,12.396481
2021-08-12 22:00:00,no2,PIIANN,32.158752,37.486523
2024-06-07 14:00:00,no2,PIIANN,30.06,22.39266
2021-04-09 19:00:00,no2,PIIANN,32.158752,34.107475
2023-11-11 21:00:00,no2,PIIANN,61.3075,99.322876
2024-09-07 04:00:00,no2,PIIANN,47.98,42.423397
2024-04-12 20:00:00,no2,PIIANN,23.09,22.8065
2025-01-06 21:00:00,no2,PIIANN,36.28,38.76739
2024-10-01 16:00:00,no2,PIIANN,142.64,129.87514
2022-08-11 21:00:00,no2,PIIANN,20.86,28.414848
2024-02-05 01:00:00,no2,PIIANN,59.58,54.524857
2022-03-01 19:00:00,no2,PIIANN,32.158752,40.175533
2025-11-05 22:00:00,no2,PIIANN,28.56,21.724709
2023-06-12 03:00:00,no2,PIIANN,113.885,111.66797
2022-06-09 13:00:00,no2,PIIANN,31.45,29.560507
2025-05-03 15:00:00,no2,PIIANN,37.17,38.28319
2023-04-12 03:00:00,no2,PIIANN,119.99,118.9095
2024-02-10 15:00:00,no2,PIIANN,26.66,32.489937
2022-06-03 10:00:00,no2,PIIANN,32.158752,33.717957
2021-08-04 18:00:00,no2,PIIANN,31.92,27.520676
2024-04-10 23:00:00,no2,PIIANN,30.26,27.626923
2023-11-07 04:00:00,no2,PIIANN,45.6325,43.3878
2021-03-02 07:00:00,no2,PIIANN,38.15,33.229843
2022-04-03 15:00:00,no2,PIIANN,32.158752,38.842308
2021-09-12 09:00:00,no2,PIIANN,5.5,31.853907
2025-01-11 22:00:00,no2,PIIANN,36.32,34.07695
2022-01-11 18:00:00,no2,PIIANN,35.1,46.509464
2024-08-04 03:00:00,no2,PIIANN,61.5,59.582523
2021-12-04 16:00:00,no2,PIIANN,25.22,23.624203
2024-03-10 22:00:00,no2,PIIANN,20.51,21.654165
2024-01-02 14:00:00,no2,PIIANN,40.76,57.541607
2021-09-13 01:00:00,no2,PIIANN,11.412472,5.530464
2022-07-03 11:00:00,no2,PIIANN,32.158752,32.317833
2024-09-11 18:00:00,no2,PIIANN,38.82,38.56503
2022-04-09 07:00:00,no2,PIIANN,27.6,24.28913
2025-05-04 22:00:00,no2,PIIANN,34.4,28.229494
2025-05-04 00:00:00,no2,PIIANN,37.94,32.45383
2021-08-02 07:00:00,no2,PIIANN,71.2279,77.29234
2025-03-04 12:00:00,no2,PIIANN,35.16,36.07102
2023-04-10 09:00:00,no2,PIIANN,47.12,44.600075
2024-02-08 07:00:00,no2,PIIANN,7.1399994,18.806555
2022-04-08 03:00:00,no2,PIIANN,7.8999996,12.801664
2021-02-02 07:00:00,no2,PIIANN,85.31,137.1205
2025-08-05 12:00:00,no2,PIIANN,24.24,24.71963
2021-01-05 16:00:00,no2,PIIANN,11.690001,5.4064407
2023-02-08 14:00:00,no2,PIIANN,13.805,12.877035
2021-09-10 18:00:00,no2,PIIANN,13.630001,33.753952
2023-11-01 17:00:00,no2,PIIANN,24.9575,27.924366
2022-12-04 04:00:00,no2,PIIANN,12.060001,11.760012
2025-10-05 20:00:00,no2,PIIANN,28.34,32.48318
2024-10-10 10:00:00,no2,PIIANN,26.32,27.657515
2024-11-03 20:00:00,no2,PIIANN,162.32,144.52846
2022-02-10 13:00:00,no2,PIIANN,28.56,28.86803
2022-05-04 01:00:00,no2,PIIANN,2.9000013,12.244036
2022-12-12 04:00:00,no2,PIIANN,18.01,15.838524
2025-12-05 03:00:00,no2,PIIANN,28.14,26.239601
2023-11-08 10:00:00,no2,PIIANN,26.1825,28.249472
2022-02-05 10:00:00,no2,PIIANN,32.158752,25.302414
2022-09-05 06:00:00,no2,PIIANN,17.96,20.610134
2024-08-02 21:00:00,no2,PIIANN,152.61,132.25926
2021-11-04 03:00:00,no2,PIIANN,27.74,37.92021
2025-03-11 20:00:00,no2,PIIANN,39.8,37.17086
2025-04-11 12:00:00,no2,PIIANN,31.95,35.213432
2021-03-11 10:00:00,no2,PIIANN,11.050001,8.687851
2025-05-06 08:00:00,no2,PIIANN,30.135,35.65658
2024-06-12 13:00:00,no2,PIIANN,28.06,27.197863
2024-05-02 06:00:00,no2,PIIANN,146.71,139.98323
2024-08-07 05:00:00,no2,PIIANN,31.26,33.69069
2025-06-01 10:00:00,no2,PIIANN,34.27,38.759087
2021-09-03 10:00:00,no2,PIIANN,31.08,17.673344
2024-08-07 07:00:00,no2,PIIANN,20.81,29.849186
2024-03-06 05:00:00,no2,PIIANN,32.74,35.518997
2022-12-02 02:00:00,no2,PIIANN,60.92,60.603558
2025-10-11 01:00:00,no2,PIIANN,37.32,37.300224
2023-09-09 09:00:00,no2,PIIANN,23.02,23.57862
2024-02-01 14:00:00,no2,PIIANN,142.92,122.99365
2025-01-04 14:00:00,no2,PIIANN,37.97,40.408455
2023-03-09 17:00:00,no2,PIIANN,32.158752,32.745567
2023-09-12 05:00:00,no2,PIIANN,79.875,78.730194
2021-07-10 13:00:00,no2,PIIANN,10.440001,12.8025
2025-12-02 16:00:00,no2,PIIANN,25.08,25.833801
2023-06-09 15:00:00,no2,PIIANN,36.0625,31.554232
2025-06-12 00:00:00,no2,PIIANN,46.76,40.37062
2021-01-02 08:00:00,no2,PIIANN,101.77,82.93259
2025-12-10 21:00:00,no2,PIIANN,46.81,43.289062
2023-03-03 22:00:00,no2,PIIANN,25.7075,31.344591
2022-08-04 19:00:00,no2,PIIANN,6.59,204.50394
2021-01-06 03:00:00,no2,PIIANN,12.65,7.2256603
2023-06-04 08:00:00,no2,PIIANN,15.885,17.993944
2024-07-05 00:00:00,no2,PIIANN,36.46,57.195488
2023-10-03 20:00:00,no2,PIIANN,28.0225,29.924898
2021-02-09 10:00:00,no2,PIIANN,32.158752,30.280062
2021-07-08 21:00:00,no2,PIIANN,32.158752,33.02559
2025-06-03 00:00:00,no2,PIIANN,35.06,35.310062
2024-09-01 20:00:00,no2,PIIANN,135.13,129.75926
2024-02-05 23:00:00,no2,PIIANN,60.19,59.66374
2023-10-03 04:00:00,no2,PIIANN,4.7975006,8.05014
2023-01-11 06:00:00,no2,PIIANN,63.1325,72.792984
2024-01-08 08:00:00,no2,PIIANN,19.58,23.327427
2022-11-11 07:00:00,no2,PIIANN,21.71,24.725878
2022-09-10 16:00:00,no2,PIIANN,17.12,20.634552
2024-07-10 09:00:00,no2,PIIANN,30.22,29.766619
2022-02-05 17:00:00,no2,PIIANN,32.158752,25.336864
2024-01-05 16:00:00,no2,PIIANN,48.09,47.829
2023-12-09 17:00:00,no2,PIIANN,21.1075,28.751986
2024-07-08 19:00:00,no2,PIIANN,42.63,37.87884
2024-10-05 14:00:00,no2,PIIANN,42.64,40.748474
2025-06-11 22:00:00,no2,PIIANN,41.02,38.55552
2024-05-01 19:00:00,no2,PIIANN,88.02,85.745766
2022-02-10 06:00:00,no2,PIIANN,32.158752,32.438423
2025-09-13 02:00:00,no2,PIIANN,45.200924,37.81786
2025-08-07 00:00:00,no2,PIIANN,39.9,21.096952
2025-11-09 18:00:00,no2,PIIANN,28.01,26.137947
2023-03-07 13:00:00,no2,PIIANN,19.68,23.12838
2021-11-03 00:00:00,no2,PIIANN,48.25,119.9764
2021-01-10 09:00:00,no2,PIIANN,49.07,27.892746
2024-02-01 15:00:00,no2,PIIANN,150.16,131.64589
2021-07-02 04:00:00,no2,PIIANN,39.8,42.212296
2024-04-02 08:00:00,no2,PIIANN,131.81,143.53506
2021-01-09 20:00:00,no2,PIIANN,32.158752,29.00484
2025-02-03 22:00:00,no2,PIIANN,34.34,28.554642
2022-10-08 21:00:00,no2,PIIANN,9.700001,13.668451
2025-02-10 20:00:00,no2,PIIANN,35.73,34.370983
2022-02-02 08:00:00,no2,PIIANN,33.82,30.518332
2021-05-02 14:00:00,no2,PIIANN,33.1,39.622265
2025-08-03 02:00:00,no2,PIIANN,34.92,36.021996
2025-10-09 04:00:00,no2,PIIANN,27.46,28.251072
2023-02-12 17:00:00,no2,PIIANN,134.0025,124.9626
2022-12-01 13:00:00,no2,PIIANN,5.040001,9.435095
2021-12-05 09:00:00,no2,PIIANN,13.16,14.112341
2025-10-12 11:00:00,no2,PIIANN,43.64,40.349857
2023-02-03 22:00:00,no2,PIIANN,1.9449995,16.436584
2021-07-11 18:00:00,no2,PIIANN,5.119999,17.078571
2022-04-12 05:00:00,no2,PIIANN,18.71,22.139673
2022-02-01 17:00:00,no2,PIIANN,32.158752,40.95502
2023-01-08 13:00:00,no2,PIIANN,16.575,15.628262
2022-01-05 14:00:00,no2,PIIANN,32.158752,28.514233
2022-11-07 02:00:00,no2,PIIANN,7.6800003,5.2284775
2022-11-05 17:00:00,no2,PIIANN,6.9699993,28.128971
2023-05-01 19:00:00,no2,PIIANN,30.605,33.94848
2024-06-05 17:00:00,no2,PIIANN,34.9,35.573963
2023-02-03 06:00:00,no2,PIIANN,32.158752,28.830538
2024-07-06 03:00:00,no2,PIIANN,32.64,31.536268
2025-06-01 19:00:00,no2,PIIANN,31.87,29.94124
2024-09-11 14:00:00,no2,PIIANN,39.01,36.079964
2021-05-01 19:00:00,no2,PIIANN,50.26,35.20258
2025-01-10 09:00:00,no2,PIIANN,5.7800007,16.269587
2024-04-12 17:00:00,no2,PIIANN,31.32,29.67501
2022-09-06 17:00:00,no2,PIIANN,32.158752,23.524733
2021-08-02 06:00:00,no2,PIIANN,74.31895,83.79201
2023-04-08 09:00:00,no2,PIIANN,13.3675,14.019804
2024-10-09 17:00:00,no2,PIIANN,41.85,36.196766
2024-10-06 04:00:00,no2,PIIANN,26.0,24.326122
2023-05-04 09:00:00,no2,PIIANN,6.2425003,11.040058
2025-09-08 19:00:00,no2,PIIANN,35.5,37.059483
2023-07-12 01:00:00,no2,PIIANN,82.595,73.7829
2023-11-03 16:00:00,no2,PIIANN,26.8675,29.994919
2022-02-12 16:00:00,no2,PIIANN,28.46,28.637384
2023-02-09 15:00:00,no2,PIIANN,14.1472225,16.415092
2023-08-06 03:00:00,no2,PIIANN,74.1825,81.90822
2022-09-03 12:00:00,no2,PIIANN,32.158752,27.169966
2025-08-05 14:00:00,no2,PIIANN,24.2,25.37635
2023-10-04 00:00:00,no2,PIIANN,21.214445,26.350544
2022-04-09 17:00:00,no2,PIIANN,30.43,27.535604
2024-10-12 08:00:00,no2,PIIANN,23.01,23.236938
2024-01-12 19:00:00,no2,PIIANN,24.8,30.907782
2025-06-02 23:00:00,no2,PIIANN,36.16,33.504093
2021-08-06 07:00:00,no2,PIIANN,32.158752,30.199696
2023-01-05 11:00:00,no2,PIIANN,16.14,17.734224
2024-07-05 19:00:00,no2,PIIANN,36.08,38.900093
2024-02-03 19:00:00,no2,PIIANN,117.35,104.54678
2021-12-11 09:00:00,no2,PIIANN,11.59,20.478807
2024-12-06 21:00:00,no2,PIIANN,3.6599996,32.027355
2024-07-10 06:00:00,no2,PIIANN,30.18,32.666447
2023-07-06 18:00:00,no2,PIIANN,84.55,50.664238
2024-03-12 04:00:00,no2,PIIANN,32.041668,38.94465
2024-03-09 15:00:00,no2,PIIANN,42.32,44.220818
2023-11-12 05:00:00,no2,PIIANN,66.5175,70.16063
2022-11-02 18:00:00,no2,PIIANN,37.44,34.321472
2023-05-07 07:00:00,no2,PIIANN,31.0925,32.688873
2025-01-12 12:00:00,no2,PIIANN,41.46,39.035122
2022-07-04 19:00:00,no2,PIIANN,32.158752,38.695362
2021-09-05 04:00:00,no2,PIIANN,9.09,11.274307
2025-10-10 13:00:00,no2,PIIANN,52.75,50.810745
2023-07-07 06:00:00,no2,PIIANN,6.2075005,8.40163
2023-11-04 08:00:00,no2,PIIANN,7.9225006,13.348326
2025-06-06 04:00:00,no2,PIIANN,34.48,32.983837
2024-03-11 20:00:00,no2,PIIANN,41.46,41.29469
2023-07-09 21:00:00,no2,PIIANN,42.9575,43.703102
2021-08-05 02:00:00,no2,PIIANN,25.17,27.155155
2021-04-04 23:00:00,no2,PIIANN,21.175,18.627619
2021-02-12 07:00:00,no2,PIIANN,14.860001,17.58224
2025-02-04 11:00:00,no2,PIIANN,37.15,36.79925
2022-11-08 15:00:00,no2,PIIANN,8.300001,12.064152
2023-03-02 22:00:00,no2,PIIANN,17.8,22.919928
2025-04-11 11:00:00,no2,PIIANN,32.51,41.1716
2025-12-02 08:00:00,no2,PIIANN,24.87,27.98632
2024-07-08 23:00:00,no2,PIIANN,38.01,35.05834
2021-02-02 02:00:00,no2,PIIANN,177.7,143.32927
2024-11-11 12:00:00,no2,PIIANN,39.24,35.846592
2022-07-03 15:00:00,no2,PIIANN,32.158752,27.951527
2025-06-04 22:00:00,no2,PIIANN,33.95,34.841976
2025-05-06 07:00:00,no2,PIIANN,34.3,33.70596
2021-09-07 15:00:00,no2,PIIANN,32.158752,26.961016
2024-11-10 17:00:00,no2,PIIANN,25.9,27.054686
2024-09-07 03:00:00,no2,PIIANN,47.63,39.318947
2025-05-11 07:00:00,no2,PIIANN,49.13,48.148125
2023-07-05 10:00:00,no2,PIIANN,18.58,21.24523
2024-02-09 05:00:00,no2,PIIANN,56.18,49.517826
2025-12-11 19:00:00,no2,PIIANN,41.54,36.01662
2024-08-10 05:00:00,no2,PIIANN,26.7,28.265726
2022-06-06 03:00:00,no2,PIIANN,9.220001,10.184145
2021-01-02 19:00:00,no2,PIIANN,77.53,54.406055
2023-02-01 08:00:00,no2,PIIANN,15.977501,15.578722
2023-10-10 21:00:00,no2,PIIANN,55.57,51.574783
2023-03-07 12:00:00,no2,PIIANN,19.046667,28.2264
2025-11-12 04:00:00,no2,PIIANN,54.48,51.983315
2021-10-08 17:00:00,no2,PIIANN,32.158752,30.095324
2022-11-03 18:00:00,no2,PIIANN,28.14,26.708668
2021-04-05 02:00:00,no2,PIIANN,12.450001,14.0221615
2021-01-10 08:00:00,no2,PIIANN,29.57,26.637774
2021-04-02 01:00:00,no2,PIIANN,55.16,53.18704
2022-06-03 03:00:00,no2,PIIANN,32.158752,48.158276
2025-05-06 16:00:00,no2,PIIANN,34.25,28.813013
2024-03-03 22:00:00,no2,PIIANN,144.19,157.8004
2025-08-07 22:00:00,no2,PIIANN,40.84,38.318295
2022-03-10 06:00:00,no2,PIIANN,18.96,21.83425
2022-09-05 05:00:00,no2,PIIANN,16.65,18.80451
2025-12-05 01:00:00,no2,PIIANN,28.28,26.222893
2024-11-01 16:00:00,no2,PIIANN,167.32,154.59114
2024-05-06 05:00:00,no2,PIIANN,18.04,22.179323
2023-04-08 06:00:00,no2,PIIANN,13.8325,14.637323
2024-12-04 20:00:00,no2,PIIANN,48.08,50.663307
2024-07-06 13:00:00,no2,PIIANN,38.53,32.94825
2021-07-12 07:00:00,no2,PIIANN,1.8499982,5.6176624
2022-03-10 14:00:00,no2,PIIANN,30.24,31.424837
2022-04-10 00:00:00,no2,PIIANN,8.633333,20.667788
2023-11-09 16:00:00,no2,PIIANN,29.3875,29.73353
2021-04-10 06:00:00,no2,PIIANN,9.136667,12.040108
2025-09-03 09:00:00,no2,PIIANN,34.69,34.47534
2023-07-03 22:00:00,no2,PIIANN,0.90000135,21.66223
2021-09-05 12:00:00,no2,PIIANN,10.380001,11.466642
2023-11-04 23:00:00,no2,PIIANN,8.35,10.499523
2021-04-11 19:00:00,no2,PIIANN,4.6800003,16.162928
2023-12-04 20:00:00,no2,PIIANN,22.545,28.316128
2023-12-02 05:00:00,no2,PIIANN,37.625,35.809025
2021-07-06 17:00:00,no2,PIIANN,16.45,19.783558
2025-02-02 01:00:00,no2,PIIANN,33.99,33.79393
2024-10-11 04:00:00,no2,PIIANN,38.84,39.305046
2023-08-02 11:00:00,no2,PIIANN,37.1225,47.397076
2024-02-10 10:00:00,no2,PIIANN,27.01,31.569162
2024-11-02 02:00:00,no2,PIIANN,178.42,177.9306
2024-08-03 14:00:00,no2,PIIANN,129.52,134.95526
2021-07-06 00:00:00,no2,PIIANN,19.22,41.544083
2021-12-02 05:00:00,no2,PIIANN,97.05,104.28027
2023-02-08 21:00:00,no2,PIIANN,18.365,20.649315
2021-03-04 16:00:00,no2,PIIANN,24.34,24.63262
2021-07-06 22:00:00,no2,PIIANN,32.158752,26.826487
2023-06-02 07:00:00,no2,PIIANN,9.5975,18.72301
2022-08-04 03:00:00,no2,PIIANN,32.158752,31.943562
2024-05-09 18:00:00,no2,PIIANN,42.54,42.739277
2021-12-10 13:00:00,no2,PIIANN,21.42,34.272137
2021-06-10 09:00:00,no2,PIIANN,12.1,13.286993
2021-09-10 17:00:00,no2,PIIANN,34.82,30.492527
2023-05-03 07:00:00,no2,PIIANN,24.38,23.134708
2022-09-05 17:00:00,no2,PIIANN,15.390001,15.73407
2023-06-03 22:00:00,no2,PIIANN,10.372501,19.736069
2021-01-05 13:00:00,no2,PIIANN,8.5,7.4774876
2022-09-03 04:00:00,no2,PIIANN,32.158752,33.31053
2021-10-12 18:00:00,no2,PIIANN,32.158752,36.330223
2024-05-12 19:00:00,no2,PIIANN,23.7,26.173067
2022-04-05 07:00:00,no2,PIIANN,32.158752,30.559082
2024-01-08 23:00:00,no2,PIIANN,32.158752,23.249401
2022-01-08 01:00:00,no2,PIIANN,9.092354,9.423054
2022-06-08 03:00:00,no2,PIIANN,6.630001,11.284775
2024-02-01 19:00:00,no2,PIIANN,152.97,149.87727
2025-08-07 16:00:00,no2,PIIANN,40.52,34.379185
2022-04-08 11:00:00,no2,PIIANN,8.620001,11.744015
2021-08-10 10:00:00,no2,PIIANN,24.32,19.98525
2023-08-08 06:00:00,no2,PIIANN,21.4075,24.845602
2024-07-04 14:00:00,no2,PIIANN,34.64,37.976624
2024-02-04 00:00:00,no2,PIIANN,34.57,111.68761
2021-09-08 18:00:00,no2,PIIANN,32.158752,31.726677
2023-04-10 22:00:00,no2,PIIANN,46.08,52.92209
2023-11-05 07:00:00,no2,PIIANN,55.66,19.947872
2023-03-09 12:00:00,no2,PIIANN,13.486429,14.283686
2025-06-05 10:00:00,no2,PIIANN,32.61,34.90913
2021-07-05 05:00:00,no2,PIIANN,16.12,16.318773
2023-07-07 09:00:00,no2,PIIANN,5.7474995,7.578409
2021-10-04 08:00:00,no2,PIIANN,55.31,53.14367
2024-09-08 11:00:00,no2,PIIANN,32.28,34.858517
2023-08-04 02:00:00,no2,PIIANN,4.350834,13.584396
2021-02-12 05:00:00,no2,PIIANN,16.12,22.651827
2021-11-03 18:00:00,no2,PIIANN,30.84,24.082378
2023-11-02 05:00:00,no2,PIIANN,17.895,24.456102
2022-05-02 12:00:00,no2,PIIANN,45.61,42.816345
2023-08-04 19:00:00,no2,PIIANN,17.295,21.478422
2021-07-01 23:00:00,no2,PIIANN,38.84,60.220486
2023-12-04 01:00:00,no2,PIIANN,9.578001,10.901562
2024-12-10 02:00:00,no2,PIIANN,26.14,25.313139
2025-04-09 19:00:00,no2,PIIANN,27.17,29.5372
2025-04-05 03:00:00,no2,PIIANN,38.08,37.688656
2024-04-06 02:00:00,no2,PIIANN,23.88,14.730776
2024-12-04 17:00:00,no2,PIIANN,38.13,43.846348
2022-09-02 13:00:00,no2,PIIANN,37.32,39.010967
2021-08-04 22:00:00,no2,PIIANN,108.83,46.252735
2021-05-06 17:00:00,no2,PIIANN,23.28,17.4774
2023-07-10 03:00:00,no2,PIIANN,78.095,63.654457
2022-12-12 08:00:00,no2,PIIANN,20.28,18.64165
2025-02-09 18:00:00,no2,PIIANN,37.66,34.631012
2024-04-11 10:00:00,no2,PIIANN,42.08,45.378887
2023-02-04 10:00:00,no2,PIIANN,21.595,17.635303
2024-12-12 21:00:00,no2,PIIANN,18.01,18.129114
2025-02-06 09:00:00,no2,PIIANN,35.98,37.665684
2021-05-12 05:00:00,no2,PIIANN,7.59,16.425184
2023-09-07 09:00:00,no2,PIIANN,17.275,33.57189
2025-01-02 14:00:00,no2,PIIANN,34.98,39.544834
2022-05-08 12:00:00,no2,PIIANN,19.01,14.423975
2021-01-02 15:00:00,no2,PIIANN,25.18,28.859152
2024-11-04 14:00:00,no2,PIIANN,45.15,47.66949
2021-06-04 19:00:00,no2,PIIANN,59.24,73.47917
2025-02-11 01:00:00,no2,PIIANN,43.53,43.493305
2023-06-03 12:00:00,no2,PIIANN,26.6825,28.70446
2021-10-05 20:00:00,no2,PIIANN,36.61,33.842384
2022-08-12 20:00:00,no2,PIIANN,23.97,21.581942
2024-03-05 01:00:00,no2,PIIANN,60.17,53.18657
2024-01-02 11:00:00,no2,PIIANN,64.6,117.76536
2021-08-09 14:00:00,no2,PIIANN,32.158752,30.482765
2025-05-07 08:00:00,no2,PIIANN,44.49,43.693577
2022-10-06 18:00:00,no2,PIIANN,32.158752,28.87124
2021-05-08 19:00:00,no2,PIIANN,32.158752,34.851963
2023-07-11 08:00:00,no2,PIIANN,89.5275,80.98467
2025-09-09 07:00:00,no2,PIIANN,27.88,30.197702
2022-07-09 17:00:00,no2,PIIANN,49.37,49.91717
2025-10-02 05:00:00,so2,PIIANN,58.78,55.8383
2024-11-12 18:00:00,so2,PIIANN,39.52,41.693516
2023-04-08 21:00:00,so2,PIIANN,11.4,9.503242
2023-03-08 15:00:00,so2,PIIANN,12.1,11.691629
2021-09-03 05:00:00,so2,PIIANN,5.8800006,6.0313783
2025-06-12 22:00:00,so2,PIIANN,28.48,29.620962
2022-06-12 23:00:00,so2,PIIANN,12.07,12.933263
2025-04-12 13:00:00,so2,PIIANN,17.03,17.074377
2024-10-03 09:00:00,so2,PIIANN,39.62,32.50367
2025-05-12 02:00:00,so2,PIIANN,18.73,20.799871
2025-07-04 03:00:00,so2,PIIANN,26.61,28.160473
2024-08-11 19:00:00,so2,PIIANN,45.11,41.615658
2023-08-08 00:00:00,so2,PIIANN,12.7,4.2895103
2021-11-08 03:00:00,so2,PIIANN,9.12,7.414046
2022-08-07 18:00:00,so2,PIIANN,16.8,7.1822724
2024-10-05 12:00:00,so2,PIIANN,60.74,60.70345
2023-10-02 19:00:00,so2,PIIANN,8.55,8.940715
2025-09-01 17:00:00,so2,PIIANN,42.42,43.439995
2022-06-08 04:00:00,so2,PIIANN,12.23,12.74916
2022-12-07 20:00:00,so2,PIIANN,13.15,12.727198
2022-09-08 08:00:00,so2,PIIANN,11.45,12.929816
2024-06-03 14:00:00,so2,PIIANN,32.38,29.796345
2024-06-07 03:00:00,so2,PIIANN,44.44,40.986164
2022-02-08 23:00:00,so2,PIIANN,11.97,10.44331
2023-12-08 05:00:00,so2,PIIANN,12.975,14.272989
2023-03-02 12:00:00,so2,PIIANN,7.7000003,7.4928336
2024-08-12 09:00:00,so2,PIIANN,48.44,46.858814
2021-09-09 09:00:00,so2,PIIANN,5.8000007,12.539598
2024-03-04 06:00:00,so2,PIIANN,19.8,20.709372
2022-04-04 12:00:00,so2,PIIANN,3.7200007,4.0133834
2022-05-11 06:00:00,so2,PIIANN,21.02,21.956186
2025-01-08 17:00:00,so2,PIIANN,18.79,19.593225
2022-01-04 10:00:00,so2,PIIANN,4.3000007,6.2010818
2024-02-12 00:00:00,so2,PIIANN,48.24,52.239395
2023-06-08 05:00:00,so2,PIIANN,11.475,10.716763
2021-08-08 03:00:00,so2,PIIANN,6.35,2.207954
2021-09-08 05:00:00,so2,PIIANN,6.1,6.9412465
2022-07-05 04:00:00,so2,PIIANN,7.22,7.4127784
2024-06-09 20:00:00,so2,PIIANN,49.52,49.97229
2024-01-12 12:00:00,so2,PIIANN,4.1599994,16.903875
2021-10-02 12:00:00,so2,PIIANN,12.48,12.214509
2024-11-12 11:00:00,so2,PIIANN,49.42,40.558865
2021-09-05 08:00:00,so2,PIIANN,2.8800006,1.8327421
2022-06-01 12:00:00,so2,PIIANN,7.1,9.425793
2023-06-04 00:00:00,so2,PIIANN,15.95,11.8918085
2021-02-11 02:00:00,so2,PIIANN,8.07,7.6367383
2024-05-04 07:00:00,so2,PIIANN,23.24,22.477934
2022-07-10 04:00:00,so2,PIIANN,6.5800004,5.3007083
2023-04-10 04:00:00,so2,PIIANN,17.866667,16.53015
2024-03-12 11:00:00,so2,PIIANN,48.91,41.38169
2024-05-09 10:00:00,so2,PIIANN,46.48,47.62885
2022-05-08 08:00:00,so2,PIIANN,12.538,14.147844
2022-06-01 11:00:00,so2,PIIANN,7.3800006,9.717489
2024-11-05 00:00:00,so2,PIIANN,60.51,23.304653
2022-01-09 12:00:00,so2,PIIANN,3.4500003,5.0095716
2024-02-03 09:00:00,so2,PIIANN,29.1,27.777584
2022-08-08 05:00:00,so2,PIIANN,12.2,12.181168
2024-11-10 06:00:00,so2,PIIANN,33.68,33.286823
2023-12-02 12:00:00,so2,PIIANN,8.25,7.609389
2023-02-05 22:00:00,so2,PIIANN,12.9,13.051899
2023-03-11 21:00:00,so2,PIIANN,37.2,30.11206
2025-04-03 23:00:00,so2,PIIANN,57.54,53.32972
2025-08-12 08:00:00,so2,PIIANN,17.42,19.269836
2025-09-11 17:00:00,so2,PIIANN,21.81,23.958227
2023-11-02 04:00:00,so2,PIIANN,9.25,8.784869
2025-06-11 01:00:00,so2,PIIANN,24.01,23.515
2023-09-11 17:00:00,so2,PIIANN,29.375,28.20216
2024-06-02 02:00:00,so2,PIIANN,25.68,23.244171
2021-03-12 18:00:00,so2,PIIANN,8.28,8.29551
2023-11-01 11:00:00,so2,PIIANN,5.5000005,8.630708
2024-03-04 21:00:00,so2,PIIANN,28.87,24.650778
2022-09-11 12:00:00,so2,PIIANN,21.0,22.705452
2024-02-03 08:00:00,so2,PIIANN,29.43,27.982548
2021-11-07 06:00:00,so2,PIIANN,6.5500007,4.9575734
2025-10-08 18:00:00,so2,PIIANN,18.57,18.613873
2024-09-08 04:00:00,so2,PIIANN,26.64,23.278135
2024-01-12 09:00:00,so2,PIIANN,37.46,35.8943
2022-06-05 04:00:00,so2,PIIANN,4.4999995,6.6116204
2021-11-02 18:00:00,so2,PIIANN,13.35,15.416684
2022-04-08 22:00:00,so2,PIIANN,12.75,12.859418
2023-04-07 11:00:00,so2,PIIANN,9.95,9.435036
2023-10-11 11:00:00,so2,PIIANN,27.275,27.187588
2022-10-04 20:00:00,so2,PIIANN,8.05,7.111611
2025-11-03 18:00:00,so2,PIIANN,61.12,60.89579
2023-12-07 00:00:00,so2,PIIANN,14.95,12.50616
2022-08-13 02:00:00,so2,PIIANN,18.19897,15.622079
2024-05-06 22:00:00,so2,PIIANN,34.42,36.607327
2021-08-10 07:00:00,so2,PIIANN,9.95,8.813436
2023-01-05 17:00:00,so2,PIIANN,12.575,11.832099
2022-03-06 05:00:00,so2,PIIANN,6.7500005,8.187133
2021-10-04 21:00:00,so2,PIIANN,2.4999995,2.5813403
2021-08-10 09:00:00,so2,PIIANN,11.18,9.875871
2024-08-09 02:00:00,so2,PIIANN,49.79,40.270138
2025-11-08 02:00:00,so2,PIIANN,20.72,19.24511
2023-06-07 05:00:00,so2,PIIANN,1.8749994,1.8978513
2021-10-02 10:00:00,so2,PIIANN,13.18,12.824144
2025-01-12 18:00:00,so2,PIIANN,17.04,17.130444
2022-05-08 09:00:00,so2,PIIANN,16.8,14.074491
2025-04-07 19:00:00,so2,PIIANN,33.47,33.819138
2024-01-02 03:00:00,so2,PIIANN,26.22,29.820644
2021-02-02 05:00:00,so2,PIIANN,13.22,13.777099
2024-05-07 05:00:00,so2,PIIANN,44.43,41.489765
2025-09-11 03:00:00,so2,PIIANN,21.38,24.070951
2023-04-09 22:00:00,so2,PIIANN,18.175,18.011286
2024-03-12 22:00:00,so2,PIIANN,45.18,45.269764
2022-10-11 16:00:00,so2,PIIANN,22.69,20.24617
2021-07-13 00:00:00,so2,PIIANN,8.419387,9.26299
2022-08-03 18:00:00,so2,PIIANN,16.8,16.056278
2025-07-07 01:00:00,so2,PIIANN,33.84,33.12371
2023-08-01 21:00:00,so2,PIIANN,9.6,12.194593
2024-10-11 05:00:00,so2,PIIANN,44.2,39.65557
2022-03-01 20:00:00,so2,PIIANN,10.23,10.395866
2022-11-06 15:00:00,so2,PIIANN,15.62,10.889364
2025-06-08 11:00:00,so2,PIIANN,18.74,19.585342
2023-08-04 04:00:00,so2,PIIANN,12.8,11.86663
2023-12-08 09:00:00,so2,PIIANN,12.55,13.683504
2021-02-03 15:00:00,so2,PIIANN,3.35,4.0041404
2025-03-03 16:00:00,so2,PIIANN,58.73,59.126915
2023-08-10 03:00:00,so2,PIIANN,22.875,20.310284
2025-03-10 17:00:00,so2,PIIANN,19.65,19.601751
2023-05-09 21:00:00,so2,PIIANN,16.525,18.12839
2022-11-08 10:00:00,so2,PIIANN,46.58,45.13647
2025-07-08 03:00:00,so2,PIIANN,20.27,19.532263
2021-12-12 21:00:00,so2,PIIANN,13.27,12.057814
2022-02-12 09:00:00,so2,PIIANN,13.12,16.34344
2021-01-10 06:00:00,so2,PIIANN,8.5,8.2289295
2025-06-06 21:00:00,so2,PIIANN,28.1,24.9446
2023-03-10 07:00:00,so2,PIIANN,18.625,18.820114
2024-07-07 20:00:00,so2,PIIANN,44.63,41.21456
2025-07-02 23:00:00,so2,PIIANN,49.14,50.08215
2022-11-02 11:00:00,so2,PIIANN,4.2499995,4.2330527
2021-05-05 04:00:00,so2,PIIANN,5.22,4.3297553
2022-04-09 21:00:00,so2,PIIANN,6.18,7.11015
2021-02-02 23:00:00,so2,PIIANN,12.25,15.404981
2023-09-06 04:00:00,so2,PIIANN,16.8,15.837094
2023-12-06 18:00:00,so2,PIIANN,11.95,11.164531
2025-12-06 09:00:00,so2,PIIANN,26.79,26.23678
2025-01-08 20:00:00,so2,PIIANN,18.06,18.914478
2025-11-05 21:00:00,so2,PIIANN,24.42,26.785812
2021-09-07 02:00:00,so2,PIIANN,5.5800004,5.456199
2022-03-09 01:00:00,so2,PIIANN,4.2000003,6.7662396
2022-05-04 02:00:00,so2,PIIANN,7.4,8.039055
2023-06-01 17:00:00,so2,PIIANN,5.5000005,9.835175
2021-10-12 03:00:00,so2,PIIANN,10.25,9.564314
2023-11-11 06:00:00,so2,PIIANN,27.65,26.807842
2022-05-04 11:00:00,so2,PIIANN,4.7200007,6.508471
2024-11-12 22:00:00,so2,PIIANN,42.04,43.29374
2022-04-09 15:00:00,so2,PIIANN,3.6,5.6845126
2021-09-02 16:00:00,so2,PIIANN,13.08,15.766574
2024-01-03 12:00:00,so2,PIIANN,32.58,30.170336
2024-12-07 20:00:00,so2,PIIANN,36.36,38.102444
2023-07-12 21:00:00,so2,PIIANN,21.575,20.738855
2023-04-12 11:00:00,so2,PIIANN,19.5,20.972052
2022-07-03 23:00:00,so2,PIIANN,16.8,16.85782
2024-08-11 08:00:00,so2,PIIANN,31.4,30.283281
2023-09-02 15:00:00,so2,PIIANN,8.9,8.941409
2024-02-03 23:00:00,so2,PIIANN,28.73,29.124945
2023-08-10 19:00:00,so2,PIIANN,22.992857,15.86111
2021-09-02 07:00:00,so2,PIIANN,12.8,12.918613
2023-08-07 07:00:00,so2,PIIANN,2.1249995,2.7679858
2021-06-12 15:00:00,so2,PIIANN,6.82,7.4332023
2023-09-08 16:00:00,so2,PIIANN,12.275,12.6319895
2023-12-12 22:00:00,so2,PIIANN,30.225,26.728273
2025-06-06 14:00:00,so2,PIIANN,26.2,24.509745
2024-07-02 12:00:00,so2,PIIANN,43.25,38.233208
2022-08-10 11:00:00,so2,PIIANN,6.8000007,7.233071
2021-04-01 16:00:00,so2,PIIANN,5.0500007,6.228535
2025-04-02 07:00:00,so2,PIIANN,50.74,49.928284
2022-01-10 17:00:00,so2,PIIANN,6.22,5.092054
2025-06-09 12:00:00,so2,PIIANN,19.96,20.451073
2021-04-12 10:00:00,so2,PIIANN,7.32,9.376442
2023-03-05 02:00:00,so2,PIIANN,12.725,12.757615
2022-11-01 19:00:00,so2,PIIANN,2.650001,6.2048974
2021-07-06 03:00:00,so2,PIIANN,1.3299993,1.923139
2025-08-11 16:00:00,so2,PIIANN,24.08,24.482668
2023-02-09 03:00:00,so2,PIIANN,16.3,15.262849
2022-08-03 10:00:00,so2,PIIANN,16.8,15.256348
2022-04-03 03:00:00,so2,PIIANN,7.7000003,7.903045
2023-08-13 02:00:00,so2,PIIANN,26.871206,27.72105
2024-06-05 05:00:00,so2,PIIANN,14.5,15.048355
2022-10-10 22:00:00,so2,PIIANN,7.28,8.779925
2023-04-09 20:00:00,so2,PIIANN,16.675,15.7726145
2024-04-05 16:00:00,so2,PIIANN,14.78,18.649614
2024-06-12 18:00:00,so2,PIIANN,46.38,49.394253
2022-01-08 16:00:00,so2,PIIANN,10.88,12.699391
2024-10-04 01:00:00,so2,PIIANN,23.37,26.481739
2023-06-06 21:00:00,so2,PIIANN,16.8,18.107403
2021-02-10 13:00:00,so2,PIIANN,6.2000003,7.3774934
2021-10-09 03:00:00,so2,PIIANN,11.52,5.5944686
2022-04-09 08:00:00,so2,PIIANN,3.7200007,4.233682
2023-06-04 10:00:00,so2,PIIANN,11.575,11.40406
2023-08-09 03:00:00,so2,PIIANN,16.95,14.478818
2022-11-07 20:00:00,so2,PIIANN,20.5,16.039303
2023-08-03 15:00:00,so2,PIIANN,16.8,10.667114
2025-11-07 21:00:00,so2,PIIANN,22.7,21.097483
2025-03-11 08:00:00,so2,PIIANN,21.27,21.755568
2022-07-12 01:00:00,so2,PIIANN,11.7,17.558283
2023-09-01 08:00:00,so2,PIIANN,7.475,13.533982
2024-06-07 04:00:00,so2,PIIANN,44.52,41.52392
2021-07-02 08:00:00,so2,PIIANN,12.58,11.6704855
2025-09-08 13:00:00,so2,PIIANN,19.1,19.62398
2024-01-05 02:00:00,so2,PIIANN,12.07,11.036804
2025-01-02 06:00:00,so2,PIIANN,48.82,46.177765
2022-07-11 17:00:00,so2,PIIANN,22.68,22.440758
2023-02-07 00:00:00,so2,PIIANN,9.325,16.784996
2022-11-10 03:00:00,so2,PIIANN,7.02,6.7607493
2022-10-05 13:00:00,so2,PIIANN,12.95,8.557593
2023-02-09 22:00:00,so2,PIIANN,16.725,17.920902
2021-05-10 22:00:00,so2,PIIANN,9.4,10.217366
2021-03-12 06:00:00,so2,PIIANN,3.35,6.691876
2025-04-10 01:00:00,so2,PIIANN,17.62,16.200306
2024-01-09 22:00:00,so2,PIIANN,27.92,28.081884
2023-02-08 18:00:00,so2,PIIANN,10.25,9.302565
2025-07-05 14:00:00,so2,PIIANN,45.02,46.188564
2021-02-13 00:00:00,so2,PIIANN,3.903688,1.6111883
2022-11-08 17:00:00,so2,PIIANN,46.8,45.239105
2021-02-05 02:00:00,so2,PIIANN,6.72,8.607927
2025-02-01 20:00:00,so2,PIIANN,48.31,47.880653
2025-07-07 18:00:00,so2,PIIANN,16.8,34.522243
2025-01-09 12:00:00,so2,PIIANN,21.07,21.53079
2023-06-08 15:00:00,so2,PIIANN,10.25,12.623685
2024-06-08 00:00:00,so2,PIIANN,25.95,41.31072
2021-07-04 05:00:00,so2,PIIANN,1.4999994,0.3148016
2025-09-08 12:00:00,so2,PIIANN,19.76,19.502926
2021-10-08 03:00:00,so2,PIIANN,5.7000003,5.1664176
2022-11-05 10:00:00,so2,PIIANN,9.38,5.7716985
2025-02-10 08:00:00,so2,PIIANN,46.39,46.34007
2023-12-06 16:00:00,so2,PIIANN,11.675,11.713075
2024-08-04 21:00:00,so2,PIIANN,22.51,19.425846
2025-08-07 08:00:00,so2,PIIANN,33.94,33.41782
2023-04-11 18:00:00,so2,PIIANN,29.6,24.827847
2025-08-09 10:00:00,so2,PIIANN,20.16,20.645805
2025-03-04 20:00:00,so2,PIIANN,67.6,65.96296
2022-09-12 09:00:00,so2,PIIANN,12.52,12.439767
2021-09-04 04:00:00,so2,PIIANN,1.2000002,1.8265032
2021-12-08 02:00:00,so2,PIIANN,6.68,6.888705
2025-08-11 00:00:00,so2,PIIANN,24.05,23.571056
2021-05-08 15:00:00,so2,PIIANN,5.28,5.6651597
2023-06-12 18:00:00,so2,PIIANN,17.925,18.182627
2021-06-12 17:00:00,so2,PIIANN,9.38,7.668734
2023-02-05 15:00:00,so2,PIIANN,12.65,12.426482
2021-08-01 23:00:00,so2,PIIANN,2.7499995,4.5771403
2021-02-12 04:00:00,so2,PIIANN,6.3000007,9.326304
2025-03-02 12:00:00,so2,PIIANN,53.2,55.15342
2021-07-10 01:00:00,so2,PIIANN,8.4,10.899742
2024-04-06 19:00:00,so2,PIIANN,35.69,34.860783
2025-03-06 23:00:00,so2,PIIANN,30.35,32.100754
2025-09-05 18:00:00,so2,PIIANN,24.06,23.706865
2024-06-10 22:00:00,so2,PIIANN,38.29,41.837093
2021-10-08 07:00:00,so2,PIIANN,6.22,7.783693
2021-12-03 06:00:00,so2,PIIANN,5.4200006,5.960572
2021-11-07 23:00:00,so2,PIIANN,2.2000003,4.342855
2025-09-06 17:00:00,so2,PIIANN,31.08,30.585407
2021-02-05 15:00:00,so2,PIIANN,0.81999916,3.4280314
2021-06-05 19:00:00,so2,PIIANN,1.8499998,2.6419787
2024-12-02 07:00:00,so2,PIIANN,33.42,32.609608
2022-10-09 08:00:00,so2,PIIANN,4.3800006,4.311933
2025-09-04 08:00:00,so2,PIIANN,60.08,60.12241
2022-08-06 00:00:00,so2,PIIANN,7.613333,8.791613
2021-01-03 07:00:00,so2,PIIANN,0.30000058,3.7947707
2024-09-11 03:00:00,so2,PIIANN,44.01,42.924286
2025-05-09 05:00:00,so2,PIIANN,18.82,17.57383
2024-09-04 12:00:00,so2,PIIANN,19.26,26.032446
2021-12-03 04:00:00,so2,PIIANN,5.1,5.6515794
2025-05-09 19:00:00,so2,PIIANN,20.54,20.504744
2024-07-02 21:00:00,so2,PIIANN,30.3,29.400558
2021-02-01 20:00:00,so2,PIIANN,7.7000003,9.545759
2021-02-09 22:00:00,so2,PIIANN,10.9,11.849704
2024-01-01 14:00:00,so2,PIIANN,19.85,17.99106
2024-06-01 15:00:00,so2,PIIANN,20.7,18.284256
2023-05-09 18:00:00,so2,PIIANN,18.6,15.031598
2025-10-07 02:00:00,so2,PIIANN,34.13,32.33858
2022-07-03 14:00:00,so2,PIIANN,16.8,16.195938
2023-11-06 00:00:00,so2,PIIANN,13.7,16.738464
2024-01-07 07:00:00,so2,PIIANN,46.8,46.30571
2023-02-07 08:00:00,so2,PIIANN,9.35,9.191224
2022-02-09 06:00:00,so2,PIIANN,4.35,4.404836
2021-07-11 17:00:00,so2,PIIANN,15.8,17.361837
2023-07-08 19:00:00,so2,PIIANN,12.35,15.303978
2025-06-12 17:00:00,so2,PIIANN,27.38,24.949512
2021-05-03 22:00:00,so2,PIIANN,6.0800004,7.131554
2024-04-03 05:00:00,so2,PIIANN,28.85,26.894
2021-09-12 22:00:00,so2,PIIANN,11.52,11.681789
2024-03-11 11:00:00,so2,PIIANN,50.31,49.434875
2023-12-04 12:00:00,so2,PIIANN,11.7,12.848845
2025-12-01 13:00:00,so2,PIIANN,45.18,47.76918
2022-08-04 23:00:00,so2,PIIANN,11.83,11.675699
2024-01-05 14:00:00,so2,PIIANN,7.22,10.320662
2024-06-04 22:00:00,so2,PIIANN,26.36,23.14166
2023-09-11 11:00:00,so2,PIIANN,26.775,27.176739
2025-12-12 22:00:00,so2,PIIANN,26.21,24.392878
2024-09-05 16:00:00,so2,PIIANN,64.73,60.58867
2023-04-09 18:00:00,so2,PIIANN,16.9,13.901953
2021-08-07 16:00:00,so2,PIIANN,4.3000007,11.1137085
2024-09-12 12:00:00,so2,PIIANN,39.34,46.71727
2022-09-12 01:00:00,so2,PIIANN,19.25,22.276527
2023-08-04 09:00:00,so2,PIIANN,11.55,10.6396
2022-04-06 09:00:00,so2,PIIANN,8.38,8.189194
2023-12-08 08:00:00,so2,PIIANN,12.675,13.793388
2025-09-09 00:00:00,so2,PIIANN,20.64,22.319738
2021-04-05 21:00:00,so2,PIIANN,4.4999995,2.7569232
2022-10-09 16:00:00,so2,PIIANN,4.2000003,5.7329974
2025-06-03 21:00:00,so2,PIIANN,58.71,59.098972
2022-07-06 02:00:00,so2,PIIANN,7.43,7.8327336
2021-03-10 17:00:00,so2,PIIANN,5.72,6.474898
2022-12-08 16:00:00,so2,PIIANN,47.05,45.754433
2021-09-10 09:00:00,so2,PIIANN,11.98,12.305152
2024-04-11 17:00:00,so2,PIIANN,49.4,47.026722
2025-04-08 15:00:00,so2,PIIANN,18.53,19.33174
2023-08-06 20:00:00,so2,PIIANN,16.8,14.833283
2022-05-11 03:00:00,so2,PIIANN,20.82,20.513575
2024-09-03 13:00:00,so2,PIIANN,31.5,31.072247
2023-02-02 02:00:00,so2,PIIANN,7.8000007,8.091383
2025-09-10 15:00:00,so2,PIIANN,20.58,20.669846
2023-05-02 16:00:00,so2,PIIANN,7.5750003,7.50468
2025-02-12 05:00:00,so2,PIIANN,31.38,28.127186
2024-11-11 22:00:00,so2,PIIANN,48.09,44.412846
2023-07-07 05:00:00,so2,PIIANN,1.6249994,2.5767455
2025-08-11 15:00:00,so2,PIIANN,24.38,23.424623
2023-09-12 22:00:00,so2,PIIANN,25.175,23.445295
2024-02-05 17:00:00,so2,PIIANN,8.51,8.92906
2024-11-13 01:00:00,so2,PIIANN,42.02358,41.59397
2022-03-11 10:00:00,so2,PIIANN,20.0,20.342445
2025-03-10 05:00:00,so2,PIIANN,18.68,18.898148
2022-11-11 08:00:00,so2,PIIANN,20.98,21.052446
2021-02-11 13:00:00,so2,PIIANN,9.05,5.992907
2022-01-08 10:00:00,so2,PIIANN,10.68,11.731597
2022-11-09 06:00:00,so2,PIIANN,4.150001,4.1516395
2021-11-03 21:00:00,so2,PIIANN,6.48,9.0993595
2024-08-08 12:00:00,so2,PIIANN,31.77,32.20203
2021-12-08 17:00:00,so2,PIIANN,4.400001,9.1172285
2023-09-12 15:00:00,so2,PIIANN,16.725,17.618906
2025-01-13 00:00:00,so2,PIIANN,30.51663,31.3187
2022-08-01 17:00:00,so2,PIIANN,7.07,8.656844
2025-01-07 17:00:00,so2,PIIANN,31.54,31.176846
2025-02-03 00:00:00,so2,PIIANN,59.53,53.353577
2024-02-09 07:00:00,so2,PIIANN,27.52,27.537996
2024-01-12 07:00:00,so2,PIIANN,37.12,35.64865
2021-06-05 16:00:00,so2,PIIANN,1.3800005,2.8268657
2025-02-08 16:00:00,so2,PIIANN,18.39,19.729664
2023-03-13 02:00:00,so2,PIIANN,21.661688,24.172358
2024-12-03 17:00:00,so2,PIIANN,33.42,32.53042
2024-02-08 18:00:00,so2,PIIANN,54.09,52.228634
2021-01-12 05:00:00,so2,PIIANN,7.32,7.689256
2021-12-02 10:00:00,so2,PIIANN,12.68,12.794111
2023-04-08 10:00:00,so2,PIIANN,11.45,10.404102
2023-08-06 02:00:00,so2,PIIANN,12.606667,15.587739
2023-02-07 01:00:00,so2,PIIANN,9.25,11.780471
2021-07-03 18:00:00,so2,PIIANN,3.900001,6.083321
2022-04-04 16:00:00,so2,PIIANN,6.68,4.151794
2024-08-03 07:00:00,so2,PIIANN,30.98,30.421206
2025-08-08 15:00:00,so2,PIIANN,18.12,19.26637
2022-09-06 16:00:00,so2,PIIANN,8.18,8.630049
2022-02-04 18:00:00,so2,PIIANN,4.85,4.873346
2025-07-07 08:00:00,so2,PIIANN,33.99,33.299465
2021-12-02 04:00:00,so2,PIIANN,12.1,12.9064045
2024-11-09 08:00:00,so2,PIIANN,40.44,39.264984
2021-05-05 08:00:00,so2,PIIANN,4.6,4.0637336
2025-11-10 04:00:00,so2,PIIANN,21.84,21.25449
2025-12-03 12:00:00,so2,PIIANN,58.34,60.440887
2023-08-11 15:00:00,so2,PIIANN,28.45,28.83188
2025-09-02 00:00:00,so2,PIIANN,53.78,40.27371
2021-11-12 19:00:00,so2,PIIANN,11.55,11.057282
2024-07-07 03:00:00,so2,PIIANN,44.64,41.251125
2024-02-11 02:00:00,so2,PIIANN,52.26,50.65229
2021-03-11 06:00:00,so2,PIIANN,9.35,10.88662
2023-04-05 18:00:00,so2,PIIANN,12.375,11.848158
2023-02-12 21:00:00,so2,PIIANN,23.65,23.437998
2022-02-07 09:00:00,so2,PIIANN,6.5900006,7.2181134
2021-09-09 10:00:00,so2,PIIANN,7.35,10.122484
2021-10-03 00:00:00,so2,PIIANN,4.570001,15.600804
2024-07-06 07:00:00,so2,PIIANN,35.21,32.658764
2024-02-01 16:00:00,so2,PIIANN,20.05,22.164175
2024-03-03 16:00:00,so2,PIIANN,29.9,28.230894
2022-04-04 23:00:00,so2,PIIANN,7.3000007,6.0557046
2022-11-07 07:00:00,so2,PIIANN,14.27,12.638792
2025-05-04 08:00:00,so2,PIIANN,58.2,60.427944
2022-10-06 21:00:00,so2,PIIANN,7.4500003,10.222035
2025-12-04 13:00:00,so2,PIIANN,64.54,61.044235
2023-01-10 17:00:00,so2,PIIANN,16.7,15.850623
2024-01-11 11:00:00,so2,PIIANN,48.95,46.609837
2025-11-09 08:00:00,so2,PIIANN,19.82,19.16506
2025-07-03 17:00:00,so2,PIIANN,56.69,59.945316
2024-04-07 12:00:00,so2,PIIANN,45.56,39.787106
2022-11-12 08:00:00,so2,PIIANN,12.919999,13.123262
2021-01-09 12:00:00,so2,PIIANN,7.2500005,5.4781528
2022-08-09 15:00:00,so2,PIIANN,4.28,5.206323
2021-09-12 07:00:00,so2,PIIANN,9.65,9.19668
2022-08-08 14:00:00,so2,PIIANN,10.85,13.707901
2022-09-02 15:00:00,so2,PIIANN,5.18,7.332583
2024-04-06 23:00:00,so2,PIIANN,35.14,32.69341
2024-06-05 00:00:00,so2,PIIANN,17.04,27.774734
2023-06-09 09:00:00,so2,PIIANN,16.425,16.688507
2023-11-10 13:00:00,so2,PIIANN,16.075,15.702228
2023-04-08 22:00:00,so2,PIIANN,12.075,10.948215
2025-06-07 14:00:00,so2,PIIANN,33.09,33.217697
2021-11-06 09:00:00,so2,PIIANN,2.02,4.5899234
2021-10-03 11:00:00,so2,PIIANN,8.15,7.3827415
2022-09-04 09:00:00,so2,PIIANN,6.52,8.094498
2025-07-04 04:00:00,so2,PIIANN,25.77,27.05877
2024-07-09 18:00:00,so2,PIIANN,49.44,49.38384
2022-11-06 19:00:00,so2,PIIANN,6.2000003,8.608298
2021-10-10 15:00:00,so2,PIIANN,8.15,9.842092
2021-10-08 18:00:00,so2,PIIANN,4.85,6.8890424
2023-11-03 02:00:00,so2,PIIANN,12.5,12.610812
2021-07-02 03:00:00,so2,PIIANN,12.38,10.898839
2025-02-08 02:00:00,so2,PIIANN,19.11,20.491236
2021-12-09 03:00:00,so2,PIIANN,13.65,6.8836875
2022-04-07 00:00:00,so2,PIIANN,7.22,8.316178
2024-03-11 02:00:00,so2,PIIANN,53.32,51.508778
2023-12-08 12:00:00,so2,PIIANN,13.475,13.147286
2021-02-06 12:00:00,so2,PIIANN,6.2500005,4.568687
2024-07-04 11:00:00,so2,PIIANN,19.58,30.872372
2025-07-12 03:00:00,so2,PIIANN,26.89,27.809408
2022-06-02 20:00:00,so2,PIIANN,5.5000005,5.875442
2022-03-10 12:00:00,so2,PIIANN,6.2500005,5.918093
2021-08-02 10:00:00,so2,PIIANN,16.8,14.333397
2022-09-03 09:00:00,so2,PIIANN,16.8,16.551476
2025-09-04 22:00:00,so2,PIIANN,60.66,58.446777
2022-03-03 03:00:00,so2,PIIANN,16.8,3.9772906
2024-11-12 19:00:00,so2,PIIANN,40.13,41.400738
2023-08-12 11:00:00,so2,PIIANN,16.975,16.892262
2024-07-12 05:00:00,so2,PIIANN,49.23,46.328236
2025-04-02 05:00:00,so2,PIIANN,51.18,49.578022
2023-10-10 01:00:00,so2,PIIANN,20.375,16.54544
2024-08-10 12:00:00,so2,PIIANN,28.6,27.27096
2025-01-12 05:00:00,so2,PIIANN,18.79,18.553537
2024-05-07 00:00:00,so2,PIIANN,44.74,33.631805
2022-11-08 13:00:00,so2,PIIANN,46.88,44.584515
2022-12-09 19:00:00,so2,PIIANN,4.77,4.9305778
2025-09-05 20:00:00,so2,PIIANN,24.89,23.04257
2024-12-07 04:00:00,so2,PIIANN,36.31,35.923653
2024-03-06 12:00:00,so2,PIIANN,34.44,34.079082
2025-02-13 02:00:00,so2,PIIANN,20.564987,21.600004
2021-05-02 17:00:00,so2,PIIANN,2.7200007,6.220899
2024-02-01 22:00:00,so2,PIIANN,23.05,26.30306
2024-12-09 14:00:00,so2,PIIANN,51.19,41.53854
2023-05-12 13:00:00,so2,PIIANN,16.125,16.168764
2025-07-10 02:00:00,so2,PIIANN,19.2,18.412374
2022-07-04 18:00:00,so2,PIIANN,4.78,6.5023513
2024-01-04 08:00:00,so2,PIIANN,17.87,18.691483
2022-04-03 11:00:00,so2,PIIANN,6.8800006,4.3974814
2023-12-07 17:00:00,so2,PIIANN,14.75,13.886047
2021-02-08 12:00:00,so2,PIIANN,16.8,15.17877
2023-04-10 06:00:00,so2,PIIANN,17.966667,17.493711
2022-07-08 09:00:00,so2,PIIANN,11.18,12.341241
2024-03-03 15:00:00,so2,PIIANN,29.32,27.116169
2023-07-05 03:00:00,so2,PIIANN,13.4,11.4306965
2022-04-07 20:00:00,so2,PIIANN,7.72,6.4352756
2022-07-11 02:00:00,so2,PIIANN,22.9,19.529284
2021-11-12 09:00:00,so2,PIIANN,8.07,8.407829
2021-02-06 09:00:00,so2,PIIANN,3.9500003,5.9952016
2021-09-10 04:00:00,so2,PIIANN,14.35,13.535979
2025-04-12 17:00:00,so2,PIIANN,15.93,16.122929
2024-12-07 06:00:00,so2,PIIANN,36.4,35.81086
2021-02-02 11:00:00,so2,PIIANN,14.38,13.258933
2021-12-09 02:00:00,so2,PIIANN,9.65,5.9918857
2023-10-04 04:00:00,so2,PIIANN,14.525,14.179268
2023-11-12 08:00:00,so2,PIIANN,22.575,22.94924
2025-12-07 14:00:00,so2,PIIANN,25.45,24.230076
2023-09-05 19:00:00,so2,PIIANN,13.05,11.637952
2025-10-02 22:00:00,so2,PIIANN,53.28,51.61205
2024-06-01 18:00:00,so2,PIIANN,20.95,20.189621
2022-07-12 09:00:00,so2,PIIANN,10.28,9.362484
2025-04-07 02:00:00,so2,PIIANN,33.52,33.5649
2022-06-10 04:00:00,so2,PIIANN,6.3000007,7.4710784
2022-08-08 00:00:00,so2,PIIANN,11.65,13.474015
2024-03-12 07:00:00,so2,PIIANN,16.8,41.832626
2025-01-06 15:00:00,so2,PIIANN,28.77,28.15551
2025-11-05 04:00:00,so2,PIIANN,24.53,25.080679
2023-05-03 08:00:00,so2,PIIANN,11.275,9.667896
2021-09-08 01:00:00,so2,PIIANN,9.82,6.657758
2021-09-11 04:00:00,so2,PIIANN,17.0,16.071712
2021-04-08 13:00:00,so2,PIIANN,7.7500005,6.1514106
2025-10-08 11:00:00,so2,PIIANN,18.67,18.878422
2022-01-02 08:00:00,so2,PIIANN,6.2500005,7.727449
2021-06-06 19:00:00,so2,PIIANN,2.650001,3.6009936
2023-12-10 07:00:00,so2,PIIANN,19.225,18.952707
2024-06-01 17:00:00,so2,PIIANN,21.1,19.307268
2024-04-05 15:00:00,so2,PIIANN,16.58,20.120735
2021-09-09 04:00:00,so2,PIIANN,12.15,12.652599
2024-05-05 09:00:00,so2,PIIANN,31.48,28.835978
2023-07-10 22:00:00,so2,PIIANN,24.85,22.03945
2024-04-08 16:00:00,so2,PIIANN,64.75,60.508087
2024-02-02 04:00:00,so2,PIIANN,27.9,27.766071
2025-10-03 15:00:00,so2,PIIANN,60.04,62.111053
2022-10-11 13:00:00,so2,PIIANN,20.7,19.508818
2025-09-05 02:00:00,so2,PIIANN,26.53,26.927925
2022-05-05 21:00:00,so2,PIIANN,5.8000007,2.5594554
2024-06-07 02:00:00,so2,PIIANN,44.38,40.475933
2022-07-11 22:00:00,so2,PIIANN,33.43,28.093605
2023-02-04 14:00:00,so2,PIIANN,11.125,13.22084
2024-11-04 16:00:00,so2,PIIANN,27.32,26.799353
2023-11-07 14:00:00,so2,PIIANN,1.5500005,3.8613048
2023-03-01 13:00:00,so2,PIIANN,5.6,8.493507
2022-09-08 22:00:00,so2,PIIANN,49.05,46.459915
2025-07-03 08:00:00,so2,PIIANN,58.96,59.197147
2025-03-03 00:00:00,so2,PIIANN,60.97,51.005444
2025-11-02 06:00:00,so2,PIIANN,49.17,48.204216
2021-09-09 16:00:00,so2,PIIANN,10.05,11.300009
2024-11-10 10:00:00,so2,PIIANN,33.03,32.851192
2021-09-04 16:00:00,so2,PIIANN,1.0500005,4.851297
2023-10-02 10:00:00,so2,PIIANN,8.625,8.050329
2022-09-08 10:00:00,so2,PIIANN,11.27,13.652108
2025-08-12 05:00:00,so2,PIIANN,17.3,26.112373
2022-07-12 21:00:00,so2,PIIANN,10.98,13.767346
2023-10-01 17:00:00,so2,PIIANN,5.8000007,11.598077
2022-06-07 16:00:00,so2,PIIANN,17.5,13.767885
2024-02-10 23:00:00,so2,PIIANN,49.57,52.630486
2021-01-03 11:00:00,so2,PIIANN,3.9999995,2.7966323
2025-02-12 06:00:00,so2,PIIANN,30.01,27.897905
2021-05-06 15:00:00,so2,PIIANN,4.2499995,5.6336865
2021-10-08 21:00:00,so2,PIIANN,6.68,5.438931
2025-02-03 05:00:00,so2,PIIANN,59.66,56.994312
2023-12-03 20:00:00,so2,PIIANN,10.55,11.76989
2024-06-10 23:00:00,so2,PIIANN,38.94,40.966145
2022-08-03 16:00:00,so2,PIIANN,16.8,14.957665
2023-01-12 11:00:00,so2,PIIANN,20.15,20.502716
2021-07-11 15:00:00,so2,PIIANN,15.42,17.04048
2022-10-04 01:00:00,so2,PIIANN,12.02,12.98393
2024-02-02 18:00:00,so2,PIIANN,25.7,25.409191
2022-07-06 10:00:00,so2,PIIANN,8.97,11.805392
2021-01-08 22:00:00,so2,PIIANN,16.8,15.699245
2022-02-06 10:00:00,so2,PIIANN,7.28,8.723717
2024-02-05 21:00:00,so2,PIIANN,12.6,11.23129
2023-09-02 03:00:00,so2,PIIANN,10.475,10.140507
2025-05-02 21:00:00,so2,PIIANN,57.56,53.9999
2024-05-04 02:00:00,so2,PIIANN,27.83,24.21706
2021-01-04 02:00:00,so2,PIIANN,4.6,4.701509
2025-11-07 19:00:00,so2,PIIANN,22.18,24.535486
2023-10-05 22:00:00,so2,PIIANN,16.325,15.652968
2023-05-05 21:00:00,so2,PIIANN,14.95,14.590995
2024-04-09 10:00:00,so2,PIIANN,34.88,33.918953
2021-07-10 08:00:00,so2,PIIANN,8.5,8.491712
2021-03-04 02:00:00,so2,PIIANN,5.3000007,8.175803
2025-10-05 02:00:00,so2,PIIANN,24.71,26.979052
2023-12-01 18:00:00,so2,PIIANN,6.0500007,10.544628
2021-07-05 18:00:00,so2,PIIANN,3.8199992,7.0582757
2024-11-10 22:00:00,so2,PIIANN,35.19,37.447968
2025-05-06 14:00:00,so2,PIIANN,23.4,26.483292
2023-12-07 23:00:00,so2,PIIANN,14.933333,13.785001
2023-01-12 17:00:00,so2,PIIANN,17.8,20.700935
2022-12-08 07:00:00,so2,PIIANN,46.95,45.325302
2025-05-10 14:00:00,so2,PIIANN,18.16,18.813637
2022-06-08 14:00:00,so2,PIIANN,10.68,13.525957
2023-02-04 00:00:00,so2,PIIANN,12.2,12.315922
2023-07-12 14:00:00,so2,PIIANN,17.0,17.856773
2024-01-10 22:00:00,so2,PIIANN,50.65,51.05196
2021-01-04 13:00:00,so2,PIIANN,2.7499995,5.0957274
2024-12-11 15:00:00,so2,PIIANN,43.95,42.733917
2021-05-12 18:00:00,so2,PIIANN,8.72,8.715199
2021-10-11 13:00:00,so2,PIIANN,14.7,14.725858
2022-01-09 20:00:00,so2,PIIANN,4.03,5.1633916
2024-07-06 17:00:00,so2,PIIANN,34.57,35.133217
2022-08-10 18:00:00,so2,PIIANN,6.7000003,6.5072255
2023-11-05 04:00:00,so2,PIIANN,15.125,13.937166
2022-06-04 06:00:00,so2,PIIANN,7.0000005,7.8967443
2021-12-12 12:00:00,so2,PIIANN,6.0500007,12.390507
2024-08-03 01:00:00,so2,PIIANN,33.72,28.086624
2022-06-05 08:00:00,so2,PIIANN,6.3700004,5.577214
2024-04-10 21:00:00,so2,PIIANN,50.34,52.259903
2025-01-02 23:00:00,so2,PIIANN,58.44,53.459633
2025-03-11 22:00:00,so2,PIIANN,25.98,27.597603
2021-02-02 22:00:00,so2,PIIANN,13.88,16.303043
2025-10-04 08:00:00,so2,PIIANN,61.43,60.70123
2023-03-02 14:00:00,so2,PIIANN,7.5500007,7.2999797
2022-10-12 16:00:00,so2,PIIANN,12.52,12.797625
2024-07-02 14:00:00,so2,PIIANN,34.58,36.45808
2024-04-11 02:00:00,so2,PIIANN,52.52,51.48549
2021-05-03 19:00:00,so2,PIIANN,5.72,8.589491
2023-04-01 12:00:00,so2,PIIANN,5.225,8.71742
2025-04-02 18:00:00,so2,PIIANN,51.2,51.030243
2021-02-04 04:00:00,so2,PIIANN,7.9200006,6.5714135
2025-05-08 23:00:00,so2,PIIANN,19.15,18.702877
2023-07-01 11:00:00,so2,PIIANN,5.3250003,9.426505
2023-04-07 18:00:00,so2,PIIANN,10.7,7.2829957
2025-08-04 10:00:00,so2,PIIANN,58.05,58.91205
2021-08-11 19:00:00,so2,PIIANN,17.17,17.658022
2022-10-08 17:00:00,so2,PIIANN,46.48,47.513855
2025-03-12 20:00:00,so2,PIIANN,17.6,17.850283
2021-09-07 04:00:00,so2,PIIANN,2.4500003,3.585424
2025-02-12 00:00:00,so2,PIIANN,30.87,22.35448
2022-12-01 17:00:00,so2,PIIANN,2.4199996,3.2499995
2025-01-10 19:00:00,so2,PIIANN,25.37,22.007313
2022-08-02 04:00:00,so2,PIIANN,5.7000003,6.78138
2021-07-01 19:00:00,so2,PIIANN,1.2699999,3.4166045
2023-03-04 22:00:00,so2,PIIANN,11.725,13.850159
2023-09-10 10:00:00,so2,PIIANN,16.925,18.471134
2022-08-06 23:00:00,so2,PIIANN,7.1300006,9.09495
2022-06-01 17:00:00,so2,PIIANN,7.1200004,8.185809
2021-09-12 21:00:00,so2,PIIANN,11.98,11.5807295
2022-06-12 04:00:00,so2,PIIANN,11.55,13.14956
2024-06-01 23:00:00,so2,PIIANN,22.6,19.551483
2022-01-09 22:00:00,so2,PIIANN,3.85,4.6545844
2023-07-07 04:00:00,so2,PIIANN,1.5999998,2.4038196
2023-06-03 04:00:00,so2,PIIANN,9.625,8.742865
2022-02-03 02:00:00,so2,PIIANN,7.48,10.034631
2023-04-05 14:00:00,so2,PIIANN,12.35,12.991772
2021-09-07 03:00:00,so2,PIIANN,2.9999995,4.7180495
2022-06-07 09:00:00,so2,PIIANN,9.88,6.9692264
2023-08-10 14:00:00,so2,PIIANN,15.325,14.775403
2023-02-08 09:00:00,so2,PIIANN,10.5,11.394509
2023-04-03 17:00:00,so2,PIIANN,9.425,9.9766445
2021-08-03 09:00:00,so2,PIIANN,5.7000003,4.7884345
2021-09-06 21:00:00,so2,PIIANN,3.8000007,7.112392
2023-11-12 13:00:00,so2,PIIANN,18.15,19.49513
2024-10-09 04:00:00,so2,PIIANN,41.48,38.137775
2023-12-04 00:00:00,so2,PIIANN,14.7,15.29077
2023-12-03 23:00:00,so2,PIIANN,15.233334,13.807705
2024-02-02 06:00:00,so2,PIIANN,28.48,27.877468
2022-06-02 07:00:00,so2,PIIANN,8.82,10.741418
2024-06-11 18:00:00,so2,PIIANN,30.74,36.576843
2022-03-04 14:00:00,so2,PIIANN,4.0500007,4.863401
2023-01-05 12:00:00,so2,PIIANN,12.466666,12.438436
2024-12-10 14:00:00,so2,PIIANN,33.54,31.717474
2025-08-03 22:00:00,so2,PIIANN,60.04,59.797348
2025-04-05 04:00:00,so2,PIIANN,32.78,33.72987
2024-01-09 16:00:00,so2,PIIANN,27.22,27.401478
2023-05-07 23:00:00,so2,PIIANN,2.1,1.988357
2023-02-08 20:00:00,so2,PIIANN,10.5,9.434882
2024-02-04 15:00:00,so2,PIIANN,18.09,20.285181
2021-03-04 01:00:00,so2,PIIANN,5.6,13.792005
2022-01-02 19:00:00,so2,PIIANN,3.8199992,7.2639174
2025-09-06 19:00:00,so2,PIIANN,27.88,30.329021
2022-12-12 21:00:00,so2,PIIANN,17.12,15.347164
2022-05-02 11:00:00,so2,PIIANN,4.9200006,6.0339704
2024-05-07 12:00:00,so2,PIIANN,44.06,45.044563
2025-12-11 11:00:00,so2,PIIANN,21.08,21.825499
2022-11-09 05:00:00,so2,PIIANN,4.070001,4.371492
2025-01-07 14:00:00,so2,PIIANN,32.02,30.786877
2024-04-04 04:00:00,so2,PIIANN,20.8,22.676756
2024-01-04 01:00:00,so2,PIIANN,19.14,22.323399
2023-03-12 14:00:00,so2,PIIANN,17.525,19.997513
2022-02-13 02:00:00,so2,PIIANN,21.27517,17.526684
2024-03-02 14:00:00,so2,PIIANN,26.18,28.111057
2023-04-03 18:00:00,so2,PIIANN,9.4,10.068853
2022-03-04 08:00:00,so2,PIIANN,4.7000003,7.0772786
2022-05-03 19:00:00,so2,PIIANN,16.8,14.530552
2022-04-05 10:00:00,so2,PIIANN,5.8800006,9.117364
2023-03-08 17:00:00,so2,PIIANN,10.325,9.922085
2024-11-08 15:00:00,so2,PIIANN,39.01,37.791416
2025-10-04 12:00:00,so2,PIIANN,59.8,59.621197
2023-08-03 16:00:00,so2,PIIANN,16.8,13.024673
2024-12-09 03:00:00,so2,PIIANN,16.8,35.772976
2023-08-08 07:00:00,so2,PIIANN,12.775,14.557787
2022-10-05 05:00:00,so2,PIIANN,6.35,6.3747954
2021-09-09 11:00:00,so2,PIIANN,12.82,9.647489
2023-05-06 12:00:00,so2,PIIANN,16.8,13.054936
2021-09-11 10:00:00,so2,PIIANN,14.7,16.567713
2024-11-03 16:00:00,so2,PIIANN,34.35,32.41497
2025-11-03 21:00:00,so2,PIIANN,62.88,62.36583
2022-03-02 20:00:00,so2,PIIANN,5.03,7.4100423
2025-07-06 11:00:00,so2,PIIANN,26.79,25.080606
2022-07-06 17:00:00,so2,PIIANN,9.85375,13.358693
2024-05-09 17:00:00,so2,PIIANN,49.21,45.435223
2025-12-01 16:00:00,so2,PIIANN,45.02,48.74961
2023-04-09 09:00:00,so2,PIIANN,16.3,16.839926
2023-09-02 23:00:00,so2,PIIANN,8.9,9.555648
2025-12-03 13:00:00,so2,PIIANN,58.7,59.122185
2023-03-11 00:00:00,so2,PIIANN,38.65,22.083534
2025-01-05 02:00:00,so2,PIIANN,30.13,33.61917
2022-10-12 21:00:00,so2,PIIANN,27.25,20.728046
2022-06-09 14:00:00,so2,PIIANN,3.9199996,5.2399135
2025-10-10 11:00:00,so2,PIIANN,19.02,19.792656
2021-03-05 16:00:00,so2,PIIANN,1.5500005,2.5424666
2024-10-03 16:00:00,so2,PIIANN,33.67,32.994865
2024-06-05 20:00:00,so2,PIIANN,12.88,13.237051
2025-04-07 23:00:00,so2,PIIANN,33.75,33.43119
2023-02-05 06:00:00,so2,PIIANN,12.425,11.757031
2024-02-07 13:00:00,so2,PIIANN,44.1,46.141598
2022-03-08 17:00:00,so2,PIIANN,11.18,12.475617
2021-03-12 19:00:00,so2,PIIANN,9.38,8.876426
2022-04-08 14:00:00,so2,PIIANN,11.15,13.02122
2023-01-03 21:00:00,so2,PIIANN,14.9,15.98599
2022-07-11 19:00:00,so2,PIIANN,26.5,25.383396
2023-07-03 14:00:00,so2,PIIANN,9.375,9.179883
2025-08-08 05:00:00,so2,PIIANN,18.22,17.7949
2025-01-05 01:00:00,so2,PIIANN,30.47,40.583454
2025-01-08 19:00:00,so2,PIIANN,18.6,19.25566
2021-04-09 05:00:00,so2,PIIANN,13.38,10.438155
2021-06-09 20:00:00,so2,PIIANN,8.12,14.749733
2022-04-08 19:00:00,so2,PIIANN,12.75,12.522948
2023-01-06 21:00:00,so2,PIIANN,16.8,17.464916
2022-09-13 01:00:00,so2,PIIANN,24.916166,19.670527
2022-09-04 00:00:00,so2,PIIANN,11.42,16.683027
2024-05-06 02:00:00,so2,PIIANN,35.47,33.016716
2025-02-07 17:00:00,so2,PIIANN,32.29,31.894083
2023-02-10 02:00:00,so2,PIIANN,16.375,14.461336
2022-03-11 06:00:00,so2,PIIANN,21.0,19.792793
2023-08-07 11:00:00,so2,PIIANN,1.899999,4.138824
2025-05-12 21:00:00,so2,PIIANN,21.98,22.368534
2022-05-06 01:00:00,so2,PIIANN,11.3,10.410151
2022-11-02 23:00:00,so2,PIIANN,6.07,5.8865438
2021-02-06 19:00:00,so2,PIIANN,4.0500007,1.7637285
2025-02-02 02:00:00,so2,PIIANN,57.46,53.5201
2023-05-08 08:00:00,so2,PIIANN,11.225,12.579528
2024-10-04 07:00:00,so2,PIIANN,21.03,21.472332
2021-02-08 16:00:00,so2,PIIANN,3.85,15.793005
2023-07-01 18:00:00,so2,PIIANN,6.5750003,9.776839
2023-04-03 02:00:00,so2,PIIANN,9.525,9.413346
2022-06-03 06:00:00,so2,PIIANN,16.8,15.103311
2022-08-10 15:00:00,so2,PIIANN,6.5000005,5.9993005
2024-01-03 14:00:00,so2,PIIANN,43.25,30.23962
2022-06-11 00:00:00,so2,PIIANN,21.25,9.417527
2025-07-07 21:00:00,so2,PIIANN,33.62,31.00606
2021-10-09 11:00:00,so2,PIIANN,10.62,7.157353
2024-02-01 20:00:00,so2,PIIANN,23.08,26.100916
2022-03-07 18:00:00,so2,PIIANN,7.4,7.592115
2025-08-02 01:00:00,so2,PIIANN,49.0,49.359142
2022-12-02 08:00:00,so2,PIIANN,4.53,6.0478215
2024-05-08 09:00:00,so2,PIIANN,65.06,60.263313
2021-05-02 18:00:00,so2,PIIANN,0.9500002,3.7330394
2021-09-01 21:00:00,so2,PIIANN,4.3000007,6.7599063
2024-02-03 04:00:00,so2,PIIANN,29.52,28.75815
2023-02-08 03:00:00,so2,PIIANN,9.975,10.806012
2022-01-09 04:00:00,so2,PIIANN,3.900001,4.7408786
2024-12-11 04:00:00,so2,PIIANN,47.97,43.423252
2022-09-03 10:00:00,so2,PIIANN,16.8,16.277504
2023-09-11 22:00:00,so2,PIIANN,38.15,33.279243
2022-10-09 12:00:00,so2,PIIANN,4.18,4.3030486
2025-01-10 22:00:00,so2,PIIANN,45.06,22.227388
2025-05-02 07:00:00,so2,PIIANN,51.4,48.81161
2023-01-12 04:00:00,so2,PIIANN,21.325,24.30399
2022-10-10 17:00:00,so2,PIIANN,7.02,8.852086
2021-07-04 19:00:00,so2,PIIANN,2.4299998,1.6349348
2022-09-06 23:00:00,so2,PIIANN,7.1,8.013895
2025-12-08 09:00:00,so2,PIIANN,19.5,19.814547
2021-02-10 11:00:00,so2,PIIANN,5.8800006,8.857469
2024-01-10 04:00:00,so2,PIIANN,37.29,35.669395
2024-08-06 16:00:00,so2,PIIANN,35.23,34.14657
2022-03-09 08:00:00,so2,PIIANN,3.6799998,4.666036
2025-10-06 16:00:00,so2,PIIANN,27.86,28.179161
2022-03-06 01:00:00,so2,PIIANN,7.6,8.330322
2024-05-02 15:00:00,so2,PIIANN,24.35,23.071533
2025-08-01 20:00:00,so2,PIIANN,45.82,46.0359
2022-05-03 11:00:00,so2,PIIANN,16.8,15.382063
2025-04-08 17:00:00,so2,PIIANN,19.2,19.249487
2022-07-09 16:00:00,so2,PIIANN,4.28,5.8451715
2023-02-08 02:00:00,so2,PIIANN,9.95,10.610782
2023-03-06 14:00:00,so2,PIIANN,16.8,16.053892
2025-01-04 19:00:00,so2,PIIANN,58.57,56.77321
2022-06-06 16:00:00,so2,PIIANN,16.95,22.985731
2022-06-09 23:00:00,so2,PIIANN,3.9299998,3.658811
2024-10-10 11:00:00,so2,PIIANN,32.98,32.781963
2023-12-11 01:00:00,so2,PIIANN,29.475,27.8176
2022-09-11 00:00:00,so2,PIIANN,20.65,9.711926
2024-09-07 05:00:00,so2,PIIANN,36.48,35.21992
2021-07-10 17:00:00,so2,PIIANN,8.12,6.8715634
2025-07-12 12:00:00,so2,PIIANN,27.33,26.369513
2021-08-07 00:00:00,so2,PIIANN,6.565334,6.49571
2025-12-02 12:00:00,so2,PIIANN,56.32,55.762875
2024-11-03 04:00:00,so2,PIIANN,33.6,32.554836
2023-11-09 21:00:00,so2,PIIANN,18.966667,18.551153
2023-12-03 06:00:00,so2,PIIANN,14.325,15.738525
2024-06-08 11:00:00,so2,PIIANN,26.68,26.073866
2025-08-10 14:00:00,so2,PIIANN,19.77,19.41199
2024-07-06 05:00:00,so2,PIIANN,34.15,32.467064
2024-07-05 17:00:00,so2,PIIANN,12.25,40.13948
2023-05-03 05:00:00,so2,PIIANN,9.6,9.028433
2024-06-12 21:00:00,so2,PIIANN,48.27,51.219467
2022-03-11 11:00:00,so2,PIIANN,20.02,20.771254
2022-06-07 21:00:00,so2,PIIANN,16.55,11.544085
2021-10-09 02:00:00,so2,PIIANN,6.5500007,5.1348443
2025-01-02 08:00:00,so2,PIIANN,49.23,45.78258
2021-04-10 18:00:00,so2,PIIANN,8.05,10.747956
2024-05-03 18:00:00,so2,PIIANN,29.75,29.49454
2025-11-07 01:00:00,so2,PIIANN,34.2,30.180607
2024-12-08 05:00:00,so2,PIIANN,41.03,37.00263
2025-04-04 19:00:00,so2,PIIANN,63.3,61.910385
2023-03-04 05:00:00,so2,PIIANN,16.775,15.169351
2025-02-06 03:00:00,so2,PIIANN,29.42,28.930895
2024-06-04 19:00:00,so2,PIIANN,18.41,18.158062
2025-07-08 01:00:00,so2,PIIANN,20.3,24.602135
2023-04-03 10:00:00,so2,PIIANN,9.475,9.434214
2023-06-06 16:00:00,so2,PIIANN,16.8,9.960638
2025-02-07 19:00:00,so2,PIIANN,32.8,31.716703
2022-12-04 19:00:00,so2,PIIANN,6.57,6.152206
2023-11-11 02:00:00,so2,PIIANN,29.0,26.995026
2024-05-06 19:00:00,so2,PIIANN,35.42,35.71658
2023-06-03 20:00:00,so2,PIIANN,10.05,11.667513
2021-09-10 12:00:00,so2,PIIANN,11.2,11.1244545
2025-04-07 20:00:00,so2,PIIANN,33.45,33.53962
2021-07-12 08:00:00,so2,PIIANN,7.68,9.209414
2022-04-03 22:00:00,so2,PIIANN,16.8,12.313971
2025-08-11 14:00:00,so2,PIIANN,23.91,24.22675
2022-06-11 07:00:00,so2,PIIANN,20.8,21.84093
2022-11-08 23:00:00,so2,PIIANN,46.67,43.852497
2025-08-05 09:00:00,so2,PIIANN,27.02,26.159998
2022-04-07 16:00:00,so2,PIIANN,7.0000005,9.355589
2021-02-04 15:00:00,so2,PIIANN,4.18,4.6986365
2023-06-01 20:00:00,so2,PIIANN,6.6,10.923981
2023-07-11 19:00:00,so2,PIIANN,31.225,28.82085
2021-01-05 12:00:00,so2,PIIANN,3.3800006,5.582089
2023-10-08 00:00:00,so2,PIIANN,12.725,3.445909
2021-09-11 06:00:00,so2,PIIANN,16.45,16.130295
2021-06-11 05:00:00,so2,PIIANN,12.72,15.170763
2025-10-07 12:00:00,so2,PIIANN,34.32,33.06869
2023-12-03 15:00:00,so2,PIIANN,9.775,10.120422
2024-06-12 06:00:00,so2,PIIANN,45.85,47.18547
2025-11-09 03:00:00,so2,PIIANN,19.81,18.544884
2024-01-02 04:00:00,so2,PIIANN,26.15,27.10568
2022-08-08 13:00:00,so2,PIIANN,10.82,13.30088
2023-09-11 10:00:00,so2,PIIANN,26.825,28.59655
2024-03-09 16:00:00,so2,PIIANN,34.97,31.199612
2022-12-10 04:00:00,so2,PIIANN,8.45,8.492748
2023-10-07 13:00:00,so2,PIIANN,1.7249998,3.4916568
2022-05-06 03:00:00,so2,PIIANN,11.5,11.988047
2021-07-12 23:00:00,so2,PIIANN,8.43,7.791122
2021-08-01 11:00:00,so2,PIIANN,3.5500007,3.6458926
2023-10-04 06:00:00,so2,PIIANN,14.375,14.184291
2023-03-08 04:00:00,so2,PIIANN,9.1,10.308868
2025-08-01 10:00:00,so2,PIIANN,43.26,45.59414
2022-11-10 10:00:00,so2,PIIANN,6.9500003,8.112809
2023-12-05 08:00:00,so2,PIIANN,14.475,13.927558
2023-09-02 16:00:00,so2,PIIANN,8.625,9.033084
2022-10-03 06:00:00,so2,PIIANN,16.8,15.0375
2023-05-09 08:00:00,so2,PIIANN,17.325,17.76858
2021-12-10 23:00:00,so2,PIIANN,9.93,13.674657
2021-01-12 09:00:00,so2,PIIANN,6.6200004,7.920896
2021-06-10 22:00:00,so2,PIIANN,8.52,9.750725
2022-10-11 15:00:00,so2,PIIANN,20.68,19.718147
2024-07-11 07:00:00,so2,PIIANN,32.92,29.974813
2023-07-01 16:00:00,so2,PIIANN,5.3250003,8.134899
2025-11-03 15:00:00,so2,PIIANN,61.46,60.87256
2024-02-06 04:00:00,so2,PIIANN,33.33,33.22024
2023-03-02 11:00:00,so2,PIIANN,7.525,7.735225
2023-09-04 10:00:00,so2,PIIANN,13.3,17.186361
2024-07-02 00:00:00,so2,PIIANN,26.45,18.030926
2025-11-04 10:00:00,so2,PIIANN,61.53,59.365715
2022-11-10 08:00:00,so2,PIIANN,7.28,8.153246
2025-09-12 00:00:00,so2,PIIANN,20.79,25.03519
2022-06-06 17:00:00,so2,PIIANN,22.3,20.448763
2021-12-03 22:00:00,so2,PIIANN,6.5000005,7.5753493
2022-08-12 02:00:00,so2,PIIANN,10.95,10.965762
2021-01-04 09:00:00,so2,PIIANN,5.57,8.582626
2022-05-08 06:00:00,so2,PIIANN,13.026,13.996203
2025-03-05 00:00:00,so2,PIIANN,32.34,63.86535
2025-05-06 09:00:00,so2,PIIANN,30.81,32.201805
2024-06-12 23:00:00,so2,PIIANN,49.13,49.31599
2022-03-06 02:00:00,so2,PIIANN,7.32,9.189951
2021-01-10 16:00:00,so2,PIIANN,6.52,6.5702443
2023-11-06 19:00:00,so2,PIIANN,11.675,9.693196
2024-05-04 23:00:00,so2,PIIANN,22.81,28.26826
2021-11-11 01:00:00,so2,PIIANN,18.95,16.241064
2023-09-11 01:00:00,so2,PIIANN,39.0,35.024082
2025-08-07 10:00:00,so2,PIIANN,33.53,33.99702
2022-10-04 11:00:00,so2,PIIANN,7.1200004,8.025771
2024-10-03 22:00:00,so2,PIIANN,34.38,33.675133
2025-03-10 21:00:00,so2,PIIANN,20.77,19.500229
2024-09-02 06:00:00,so2,PIIANN,27.72,27.209919
2021-11-04 07:00:00,so2,PIIANN,4.150001,3.5342307
2024-08-01 21:00:00,so2,PIIANN,24.28,25.057549
2021-02-01 19:00:00,so2,PIIANN,5.57,9.804804
2025-08-03 13:00:00,so2,PIIANN,57.22,59.806454
2023-03-01 19:00:00,so2,PIIANN,5.7500005,9.719643
2023-02-11 19:00:00,so2,PIIANN,32.4,29.686886
2025-09-08 04:00:00,so2,PIIANN,21.82,20.011913
2022-11-02 17:00:00,so2,PIIANN,3.5799994,3.7166839
2024-03-02 12:00:00,so2,PIIANN,25.9,25.948805
2025-09-03 02:00:00,so2,PIIANN,60.42,56.640064
2022-10-05 15:00:00,so2,PIIANN,15.8,9.6691065
2025-07-03 02:00:00,so2,PIIANN,60.48,52.435265
2024-07-02 22:00:00,so2,PIIANN,30.28,28.74169
2021-05-03 05:00:00,so2,PIIANN,5.18,5.9867625
2025-05-04 20:00:00,so2,PIIANN,63.2,58.90444
2024-12-12 05:00:00,so2,PIIANN,41.16,39.361313
2025-07-10 06:00:00,so2,PIIANN,19.67,19.588428
2023-05-03 23:00:00,so2,PIIANN,9.633333,10.557062
2021-01-10 07:00:00,so2,PIIANN,8.7,8.624352
2023-08-12 12:00:00,so2,PIIANN,16.675,16.73972
2024-08-10 01:00:00,so2,PIIANN,29.16,35.530067
2024-08-08 06:00:00,so2,PIIANN,32.16,30.990475
2022-04-13 02:00:00,so2,PIIANN,15.157043,16.059612
2024-12-11 10:00:00,so2,PIIANN,45.42,41.92519
2023-09-02 10:00:00,so2,PIIANN,8.275,8.34803
2024-03-03 11:00:00,so2,PIIANN,29.22,27.147884
2024-09-11 16:00:00,so2,PIIANN,43.9,40.125645
2022-11-09 17:00:00,so2,PIIANN,4.0500007,4.993007
2021-02-08 23:00:00,so2,PIIANN,5.3800006,4.6133933
2024-05-10 18:00:00,so2,PIIANN,39.49,38.903297
2021-07-03 12:00:00,so2,PIIANN,4.820001,6.1306148
2023-09-03 15:00:00,so2,PIIANN,9.625,11.295904
2023-03-10 17:00:00,so2,PIIANN,16.7,15.309266
2021-07-08 14:00:00,so2,PIIANN,6.85,9.521078
2022-07-03 21:00:00,so2,PIIANN,16.8,16.599386
2024-07-09 09:00:00,so2,PIIANN,49.54,46.69169
2023-01-03 01:00:00,so2,PIIANN,10.75,10.180053
2023-10-04 02:00:00,so2,PIIANN,16.075,15.409001
2022-07-02 14:00:00,so2,PIIANN,4.7849994,2.7468276
2021-03-05 10:00:00,so2,PIIANN,4.1200004,5.1404147
2025-04-09 16:00:00,so2,PIIANN,19.61,19.877617
2023-09-08 01:00:00,so2,PIIANN,12.375,10.663987
2022-05-08 15:00:00,so2,PIIANN,11.05,14.499981
2023-10-10 19:00:00,so2,PIIANN,21.1,15.5275345
2023-04-11 02:00:00,so2,PIIANN,39.75,35.29711
2023-05-12 14:00:00,so2,PIIANN,16.25,17.188808
2025-12-07 17:00:00,so2,PIIANN,25.55,25.548565
2025-06-06 11:00:00,so2,PIIANN,24.26,19.469868
2024-05-06 07:00:00,so2,PIIANN,35.71,35.77525
2023-04-06 18:00:00,so2,PIIANN,16.8,11.105813
2023-05-11 23:00:00,so2,PIIANN,38.066666,30.762419
2024-06-02 22:00:00,so2,PIIANN,27.3,26.133938
2022-04-12 22:00:00,so2,PIIANN,15.9,17.457735
2024-10-03 02:00:00,so2,PIIANN,32.6,31.011248
2024-01-05 13:00:00,so2,PIIANN,7.6,10.573561
2022-11-12 01:00:00,so2,PIIANN,21.35,17.619728
2023-07-05 12:00:00,so2,PIIANN,12.55,11.21736
2022-01-04 22:00:00,so2,PIIANN,7.2000003,6.4838424
2023-09-04 22:00:00,so2,PIIANN,15.025,14.553325
2023-06-05 03:00:00,so2,PIIANN,15.125,12.678006
2022-04-10 13:00:00,so2,PIIANN,6.3800006,5.5683904
2024-03-08 01:00:00,so2,PIIANN,54.31,44.832825
2022-07-05 08:00:00,so2,PIIANN,7.43,6.697366
2022-12-13 01:00:00,so2,PIIANN,14.064989,13.464714
2023-04-08 08:00:00,so2,PIIANN,10.8,10.408445
2021-01-03 22:00:00,so2,PIIANN,1.4199995,3.6756778
2021-12-08 16:00:00,so2,PIIANN,9.12,9.764618
2024-10-12 02:00:00,so2,PIIANN,45.4,44.608143
2022-06-10 00:00:00,so2,PIIANN,6.72,3.2290416
2023-07-06 00:00:00,so2,PIIANN,12.405,12.370548
2024-12-05 18:00:00,so2,PIIANN,19.86,19.208706
2024-04-03 06:00:00,so2,PIIANN,29.02,27.425259
2023-07-09 08:00:00,so2,PIIANN,16.45,17.26149
2023-01-08 14:00:00,so2,PIIANN,2.4638896,6.6051316
2025-07-08 10:00:00,so2,PIIANN,19.98,19.84015
2023-01-01 17:00:00,so2,PIIANN,4.8000007,5.1816573
2023-05-10 13:00:00,so2,PIIANN,17.45,15.595119
2025-12-01 11:00:00,so2,PIIANN,45.72,45.552776
2024-02-06 17:00:00,so2,PIIANN,33.34,31.41268
2021-03-12 21:00:00,so2,PIIANN,10.55,9.863399
2021-02-12 22:00:00,so2,PIIANN,4.0500007,5.6677976
2025-12-05 21:00:00,so2,PIIANN,26.58,24.247833
2022-08-07 07:00:00,so2,PIIANN,9.8,9.178355
2023-12-12 16:00:00,so2,PIIANN,17.275,20.381678
2025-01-12 13:00:00,so2,PIIANN,15.87,16.077547
2024-01-05 05:00:00,so2,PIIANN,11.29,15.386634
2023-01-07 03:00:00,so2,PIIANN,9.25,8.128968
2022-04-05 08:00:00,so2,PIIANN,9.6,6.4577622
2024-02-12 12:00:00,so2,PIIANN,45.44,43.57968
2023-07-01 22:00:00,so2,PIIANN,9.125,10.184987
2024-04-04 07:00:00,so2,PIIANN,20.92,20.828894
2023-10-01 22:00:00,so2,PIIANN,7.1250005,10.174218
2021-02-04 09:00:00,so2,PIIANN,9.78,9.597594
2022-07-01 21:00:00,so2,PIIANN,6.98,9.482212
2021-11-12 02:00:00,so2,PIIANN,8.88,10.113356
2022-04-06 21:00:00,so2,PIIANN,10.87,10.402881
2021-03-03 05:00:00,so2,PIIANN,3.2000003,3.6112323
2021-12-07 14:00:00,so2,PIIANN,3.9999995,2.4889045
2024-03-04 01:00:00,so2,PIIANN,20.35,22.106964
2025-06-12 19:00:00,so2,PIIANN,27.74,26.612963
2021-04-06 15:00:00,so2,PIIANN,2.900001,3.9344764
2023-09-01 22:00:00,so2,PIIANN,10.1,15.411312
2024-11-05 02:00:00,so2,PIIANN,60.42,52.232975
2021-08-10 08:00:00,so2,PIIANN,11.02,9.563497
2025-10-12 09:00:00,so2,PIIANN,23.19,22.148321
2025-12-12 00:00:00,so2,PIIANN,28.29,28.179829
2021-11-03 20:00:00,so2,PIIANN,7.1,8.848147
2023-09-03 19:00:00,so2,PIIANN,9.975,10.894227
2022-09-06 02:00:00,so2,PIIANN,6.85,9.306677
2022-09-04 11:00:00,so2,PIIANN,6.6,7.0385947
2023-12-07 13:00:00,so2,PIIANN,14.4,13.284999
2022-10-05 14:00:00,so2,PIIANN,13.98,9.035698
2022-01-04 01:00:00,so2,PIIANN,6.8000007,9.095948
2023-02-11 15:00:00,so2,PIIANN,26.6,22.531786
2024-06-03 09:00:00,so2,PIIANN,30.45,28.34726
2025-10-04 01:00:00,so2,PIIANN,63.34,63.380955
2021-01-05 07:00:00,so2,PIIANN,5.5500007,5.51833
2024-10-03 14:00:00,so2,PIIANN,33.57,33.00398
2024-04-07 04:00:00,so2,PIIANN,38.99,38.373978
2022-11-05 05:00:00,so2,PIIANN,5.5800004,3.882032
2021-10-09 17:00:00,so2,PIIANN,4.900001,10.364592
2021-02-09 18:00:00,so2,PIIANN,11.0,9.461748
2021-02-04 16:00:00,so2,PIIANN,3.1200004,3.5997615
2022-05-01 10:00:00,so2,PIIANN,11.12,11.850074
2025-11-06 22:00:00,so2,PIIANN,26.4,25.480305
2025-12-06 10:00:00,so2,PIIANN,26.73,26.044495
2022-07-11 07:00:00,so2,PIIANN,21.85,23.2255
2025-08-04 01:00:00,so2,PIIANN,61.3,59.360847
2024-12-01 23:00:00,so2,PIIANN,26.1,26.678593
2025-02-06 02:00:00,so2,PIIANN,29.32,30.088993
2022-10-07 00:00:00,so2,PIIANN,13.0,7.413936
2022-02-10 21:00:00,so2,PIIANN,6.65,8.384959
2023-05-08 16:00:00,so2,PIIANN,10.325,22.867622
2025-02-04 19:00:00,so2,PIIANN,65.46,61.609608
2025-06-06 02:00:00,so2,PIIANN,20.78,26.788742
2022-11-08 08:00:00,so2,PIIANN,46.62,44.678764
2025-01-12 22:00:00,so2,PIIANN,29.44,25.555296
2023-12-09 15:00:00,so2,PIIANN,16.05,16.040762
2023-08-10 06:00:00,so2,PIIANN,18.475,19.273329
2023-08-09 17:00:00,so2,PIIANN,16.725,17.604742
2025-02-05 02:00:00,so2,PIIANN,30.32,36.7501
2021-10-08 16:00:00,so2,PIIANN,9.35,5.2543836
2025-09-11 21:00:00,so2,PIIANN,22.63,23.647532
2025-04-12 07:00:00,so2,PIIANN,16.67,17.026598
2024-10-04 10:00:00,so2,PIIANN,35.43,26.4947
2023-07-04 23:00:00,so2,PIIANN,14.733334,16.064493
2025-10-09 08:00:00,so2,PIIANN,21.97,20.494864
2023-01-11 16:00:00,so2,PIIANN,24.975,22.63183
2024-04-07 22:00:00,so2,PIIANN,44.92,41.863667
2022-07-04 07:00:00,so2,PIIANN,7.0800004,8.4222145
2023-07-07 07:00:00,so2,PIIANN,1.6750005,1.8515486
2025-09-03 23:00:00,so2,PIIANN,58.56,57.59997
2024-06-12 04:00:00,so2,PIIANN,47.58,45.765182
2023-10-12 07:00:00,so2,PIIANN,19.075,21.197554
2021-11-06 17:00:00,so2,PIIANN,4.9200006,3.2011447
2024-01-11 14:00:00,so2,PIIANN,48.68,47.712463
2024-08-04 22:00:00,so2,PIIANN,21.9,20.318296
2023-03-03 07:00:00,so2,PIIANN,10.55,9.75051
2022-06-02 00:00:00,so2,PIIANN,11.05,11.083993
2021-08-05 00:00:00,so2,PIIANN,5.32,1.5353502
2024-02-08 17:00:00,so2,PIIANN,54.11,52.57361
2022-12-10 11:00:00,so2,PIIANN,7.22,7.3284917
2023-12-09 22:00:00,so2,PIIANN,17.633333,19.409267
2021-04-03 19:00:00,so2,PIIANN,6.28,7.6630054
2025-07-02 12:00:00,so2,PIIANN,54.97,51.862312
2024-07-03 07:00:00,so2,PIIANN,32.92,30.14853
2024-03-11 03:00:00,so2,PIIANN,52.86,51.42972
2024-09-01 13:00:00,so2,PIIANN,21.52,22.053905
2025-06-04 04:00:00,so2,PIIANN,63.02,62.24157
2024-11-02 17:00:00,so2,PIIANN,29.85,33.364258
2024-09-08 20:00:00,so2,PIIANN,35.62,32.526894
2022-01-07 05:00:00,so2,PIIANN,5.6,6.8348994
2022-08-03 04:00:00,so2,PIIANN,16.8,12.1062565
2024-04-07 05:00:00,so2,PIIANN,39.12,38.254116
2023-12-09 21:00:00,so2,PIIANN,18.275,19.366854
2022-11-09 03:00:00,so2,PIIANN,4.320001,5.3466907
2023-11-06 17:00:00,so2,PIIANN,10.925,8.980167
2022-09-02 16:00:00,so2,PIIANN,5.03,7.166989
2021-08-04 14:00:00,so2,PIIANN,0.099999815,5.075811
2024-04-05 12:00:00,so2,PIIANN,16.09,28.702436
2023-01-10 19:00:00,so2,PIIANN,16.975,16.063507
2023-06-10 13:00:00,so2,PIIANN,16.8,15.073772
2021-01-06 06:00:00,so2,PIIANN,2.5300002,5.272037
2025-06-12 21:00:00,so2,PIIANN,28.05,29.392105
2023-01-11 13:00:00,so2,PIIANN,23.675,23.124828
2024-02-09 01:00:00,so2,PIIANN,27.5,37.772186
2023-08-04 16:00:00,so2,PIIANN,11.475,11.293074
2022-03-02 21:00:00,so2,PIIANN,4.9500003,7.5408025
2022-08-04 09:00:00,so2,PIIANN,11.1,8.583278
2025-03-06 22:00:00,so2,PIIANN,31.28,32.860043
2024-06-10 07:00:00,so2,PIIANN,37.82,38.93064
2021-10-10 18:00:00,so2,PIIANN,9.45,8.817151
2024-06-11 10:00:00,so2,PIIANN,51.68,52.18777
2022-08-10 06:00:00,so2,PIIANN,6.48,6.169066
2021-10-10 03:00:00,so2,PIIANN,14.15,12.330611
2021-10-09 22:00:00,so2,PIIANN,5.6200004,9.120338
2022-05-10 01:00:00,so2,PIIANN,7.7500005,7.6061454
2023-03-08 05:00:00,so2,PIIANN,9.45,9.130145
2021-07-08 23:00:00,so2,PIIANN,14.02,11.763722
2024-09-07 17:00:00,so2,PIIANN,36.46,36.42387
2025-06-09 16:00:00,so2,PIIANN,19.96,21.679394
2022-10-07 19:00:00,so2,PIIANN,14.15,13.67799
2021-05-10 19:00:00,so2,PIIANN,8.92,7.403812
2023-05-04 11:00:00,so2,PIIANN,11.3,11.310952
2023-11-06 06:00:00,so2,PIIANN,11.35,11.410999
2024-04-09 03:00:00,so2,PIIANN,34.61,36.576813
2023-04-02 20:00:00,so2,PIIANN,8.6,9.465856
2024-10-11 23:00:00,so2,PIIANN,47.57,43.790947
2022-05-06 18:00:00,so2,PIIANN,7.1200004,8.564874
2025-03-08 10:00:00,so2,PIIANN,18.53,19.141596
2022-11-10 11:00:00,so2,PIIANN,6.82,7.966601
2021-04-03 14:00:00,so2,PIIANN,9.43,9.875055
2023-02-10 03:00:00,so2,PIIANN,16.475,15.110416
2025-06-09 15:00:00,so2,PIIANN,19.9,21.035086
2024-01-12 05:00:00,so2,PIIANN,37.2,35.97741
2024-06-07 12:00:00,so2,PIIANN,44.77,44.185417
2024-05-06 18:00:00,so2,PIIANN,37.24,35.122524
2021-06-02 01:00:00,so2,PIIANN,0.4666666,2.2018104
2022-03-08 19:00:00,so2,PIIANN,11.98,12.235733
2025-06-06 00:00:00,so2,PIIANN,22.04,52.360687
2023-10-12 09:00:00,so2,PIIANN,18.275,19.315838
2025-10-04 09:00:00,so2,PIIANN,60.72,60.667435
2024-12-09 19:00:00,so2,PIIANN,51.0,46.564415
2024-03-10 17:00:00,so2,PIIANN,38.08,38.373634
2022-05-08 11:00:00,so2,PIIANN,12.55,15.176534
2022-09-05 10:00:00,so2,PIIANN,8.98,7.5099015
2021-09-05 07:00:00,so2,PIIANN,2.2000003,1.704101
2025-03-03 20:00:00,so2,PIIANN,59.18,60.399162
2021-06-02 19:00:00,so2,PIIANN,12.88,9.238296
2024-09-10 23:00:00,so2,PIIANN,33.72,36.98281
2021-03-03 07:00:00,so2,PIIANN,1.6200002,3.1863704
2024-04-09 21:00:00,so2,PIIANN,49.86,45.394146
2024-12-03 01:00:00,so2,PIIANN,32.38,31.841908
2025-01-04 00:00:00,so2,PIIANN,61.38,59.984776
2022-05-05 20:00:00,so2,PIIANN,5.18,1.3822321
2024-07-08 11:00:00,so2,PIIANN,37.23,37.763813
2023-01-13 02:00:00,so2,PIIANN,20.82697,21.576077
2025-04-05 09:00:00,so2,PIIANN,30.82,33.362408
2025-12-11 03:00:00,so2,PIIANN,24.63,22.277103
2024-07-12 02:00:00,so2,PIIANN,49.45,44.8401
2022-07-03 22:00:00,so2,PIIANN,16.8,16.407536
2025-09-10 05:00:00,so2,PIIANN,20.3,18.697607
2022-08-05 15:00:00,so2,PIIANN,4.4500003,6.48846
2025-01-12 14:00:00,so2,PIIANN,16.46,16.945492
2024-09-04 06:00:00,so2,PIIANN,22.79,22.309666
2024-03-03 12:00:00,so2,PIIANN,29.78,27.051311
2022-11-08 03:00:00,so2,PIIANN,46.7,40.92169
2022-05-11 00:00:00,so2,PIIANN,21.38,10.6670685
2022-08-05 07:00:00,so2,PIIANN,5.32,5.3753314
2024-03-04 11:00:00,so2,PIIANN,20.18,20.209808
2024-05-01 17:00:00,so2,PIIANN,22.45,19.934227
2025-01-11 09:00:00,so2,PIIANN,21.56,22.93889
2021-10-10 05:00:00,so2,PIIANN,13.6,13.531721
2022-02-12 00:00:00,so2,PIIANN,21.86,24.08564
2024-07-02 01:00:00,so2,PIIANN,25.82,23.260515
2021-07-02 11:00:00,so2,PIIANN,12.58,11.632097
2023-03-06 11:00:00,so2,PIIANN,16.8,15.462553
2021-08-01 21:00:00,so2,PIIANN,2.9500003,5.4947104
2024-12-02 01:00:00,so2,PIIANN,34.22,32.691837
2023-01-09 19:00:00,so2,PIIANN,16.225,15.012903
2024-02-02 11:00:00,so2,PIIANN,25.8,25.923147
2022-02-02 22:00:00,so2,PIIANN,4.8800006,8.582864
2023-07-04 06:00:00,so2,PIIANN,12.0,11.024091
2022-03-10 23:00:00,so2,PIIANN,7.6300006,10.62888
2024-09-05 09:00:00,so2,PIIANN,60.88,61.26727
2024-07-13 01:00:00,so2,PIIANN,52.989605,49.40075
2021-11-01 11:00:00,so2,PIIANN,0.5199999,2.4986835
2021-07-10 20:00:00,so2,PIIANN,9.57,8.27487
2023-01-06 07:00:00,so2,PIIANN,16.8,16.954592
2022-05-06 02:00:00,so2,PIIANN,11.95,11.568293
2021-12-07 03:00:00,so2,PIIANN,6.5500007,4.52247
2024-09-07 19:00:00,so2,PIIANN,37.36,35.767967
2022-04-07 13:00:00,so2,PIIANN,6.9200006,10.213943
2021-05-02 00:00:00,so2,PIIANN,8.6,10.242131
2021-02-06 03:00:00,so2,PIIANN,2.2200007,4.257583
2023-08-08 19:00:00,so2,PIIANN,12.725,10.797174
2024-09-08 13:00:00,so2,PIIANN,35.44,31.04879
2022-05-06 00:00:00,so2,PIIANN,10.38,7.0603347
2021-10-06 04:00:00,so2,PIIANN,3.2200007,4.6419826
2021-01-11 11:00:00,so2,PIIANN,8.85,9.24726
2024-11-10 04:00:00,so2,PIIANN,33.48,33.050076
2022-04-12 11:00:00,so2,PIIANN,10.85,11.658199
2023-05-12 16:00:00,so2,PIIANN,16.375,17.392273
2023-07-03 11:00:00,so2,PIIANN,9.725,9.448965
2025-09-09 18:00:00,so2,PIIANN,23.94,23.61581
2024-12-04 07:00:00,so2,PIIANN,22.58,21.776056
2024-07-05 05:00:00,so2,PIIANN,16.8,18.417505
2021-07-06 04:00:00,so2,PIIANN,1.0999998,1.8345884
2021-12-09 13:00:00,so2,PIIANN,7.8000007,12.093403
2022-02-04 17:00:00,so2,PIIANN,3.9700007,4.454761
2023-12-04 16:00:00,so2,PIIANN,11.5,11.586967
2023-12-07 03:00:00,so2,PIIANN,14.55,11.344419
2025-06-11 02:00:00,so2,PIIANN,24.01,19.996735
2022-02-11 16:00:00,so2,PIIANN,20.12,18.067003
2022-09-03 13:00:00,so2,PIIANN,16.8,14.715144
2023-03-11 06:00:00,so2,PIIANN,32.475,29.798687
2024-03-08 11:00:00,so2,PIIANN,54.58,51.43671
2021-09-07 20:00:00,so2,PIIANN,7.1200004,5.0296483
2024-02-13 00:00:00,so2,PIIANN,43.328583,43.326138
2023-02-09 07:00:00,so2,PIIANN,16.975,16.910395
2024-05-03 03:00:00,so2,PIIANN,28.83,27.056423
2025-07-12 08:00:00,so2,PIIANN,26.51,26.70111
2025-04-12 00:00:00,so2,PIIANN,18.25,24.535471
2021-06-12 22:00:00,so2,PIIANN,10.92,9.96922
2024-09-07 18:00:00,so2,PIIANN,36.7,36.214924
2022-10-12 11:00:00,so2,PIIANN,12.55,13.819401
2024-11-12 21:00:00,so2,PIIANN,41.76,43.204327
2023-10-01 08:00:00,so2,PIIANN,5.8750005,11.960249
2023-01-04 00:00:00,so2,PIIANN,11.125,15.628912
2022-03-10 11:00:00,so2,PIIANN,6.22,6.09675
2024-02-08 19:00:00,so2,PIIANN,54.53,52.061176
2021-08-11 14:00:00,so2,PIIANN,15.62,16.989328
2023-01-03 15:00:00,so2,PIIANN,9.25,8.400464
2024-09-04 15:00:00,so2,PIIANN,20.02,21.838163
2024-04-10 14:00:00,so2,PIIANN,47.14,43.157803
2025-01-05 12:00:00,so2,PIIANN,32.26,29.161793
2022-05-05 11:00:00,so2,PIIANN,4.400001,5.4489236
2021-12-07 21:00:00,so2,PIIANN,4.8800006,3.0863109
2025-05-09 03:00:00,so2,PIIANN,18.81,17.423883
2025-08-04 16:00:00,so2,PIIANN,64.04,62.77642
2024-11-02 19:00:00,so2,PIIANN,30.08,33.292267
2024-01-08 20:00:00,so2,PIIANN,52.04,47.56765
2021-05-12 07:00:00,so2,PIIANN,12.4,10.60098
2025-12-10 00:00:00,so2,PIIANN,20.54,22.507807
2023-06-07 20:00:00,so2,PIIANN,1.4500002,1.8870138
2021-04-10 13:00:00,so2,PIIANN,8.22,10.391322
2022-09-02 10:00:00,so2,PIIANN,5.28,7.9518666
2022-02-04 04:00:00,so2,PIIANN,6.43,8.206254
2024-09-12 20:00:00,so2,PIIANN,44.94,47.021294
2024-03-10 01:00:00,so2,PIIANN,49.11,43.21365
2024-12-08 19:00:00,so2,PIIANN,35.52,33.968525
2021-08-11 07:00:00,so2,PIIANN,16.5,16.12329
2025-12-04 04:00:00,so2,PIIANN,64.86,62.205082
2021-05-04 03:00:00,so2,PIIANN,5.85,3.8134894
2022-12-08 14:00:00,so2,PIIANN,46.92,42.91073
2022-01-05 03:00:00,so2,PIIANN,10.1,10.477163
2021-12-06 04:00:00,so2,PIIANN,1.7800001,3.7772727
2025-09-10 03:00:00,so2,PIIANN,20.3,18.007399
2025-08-07 06:00:00,so2,PIIANN,34.04,32.739964
2025-04-09 09:00:00,so2,PIIANN,21.84,21.65068
2022-01-07 14:00:00,so2,PIIANN,6.2500005,7.937473
2022-12-05 06:00:00,so2,PIIANN,6.32,6.3596625
2023-06-07 22:00:00,so2,PIIANN,1.3000005,2.3012729
2021-09-10 19:00:00,so2,PIIANN,12.1,11.271723
2022-07-05 07:00:00,so2,PIIANN,7.3800006,6.7376122
2023-11-09 22:00:00,so2,PIIANN,18.625,18.559269
2022-12-07 19:00:00,so2,PIIANN,12.57,12.583247
2025-01-03 19:00:00,so2,PIIANN,58.62,59.109035
2024-05-07 13:00:00,so2,PIIANN,44.17,45.583485
2024-05-02 10:00:00,so2,PIIANN,24.98,25.749823
2023-12-10 10:00:00,so2,PIIANN,17.35,15.595945
2025-09-08 10:00:00,so2,PIIANN,19.43,19.88351
2025-12-09 21:00:00,so2,PIIANN,20.51,21.00476
2024-07-11 19:00:00,so2,PIIANN,32.03,30.430115
2021-02-10 18:00:00,so2,PIIANN,6.7000003,6.0041814
2022-04-04 03:00:00,so2,PIIANN,7.4,9.015233
2021-12-05 03:00:00,so2,PIIANN,4.18,4.0290656
2025-12-04 21:00:00,so2,PIIANN,65.4,65.559616
2022-05-09 04:00:00,so2,PIIANN,3.8000007,4.1143394
2023-07-06 15:00:00,so2,PIIANN,16.8,12.12015
2024-06-04 08:00:00,so2,PIIANN,23.39,22.60808
2025-04-09 00:00:00,so2,PIIANN,22.62,19.605461
2023-08-08 20:00:00,so2,PIIANN,12.675,11.3818445
2023-09-03 21:00:00,so2,PIIANN,11.075,11.732011
2023-10-12 14:00:00,so2,PIIANN,17.225,16.390726
2025-03-06 16:00:00,so2,PIIANN,30.24,27.55601
2022-02-10 02:00:00,so2,PIIANN,10.5,7.983847
2022-12-06 21:00:00,so2,PIIANN,7.1200004,8.071943
2025-03-05 08:00:00,so2,PIIANN,30.7,32.663517
2025-12-06 16:00:00,so2,PIIANN,27.62,25.44366
2023-06-05 11:00:00,so2,PIIANN,12.6,12.663372
2023-07-05 18:00:00,so2,PIIANN,12.566667,11.501808
2022-10-01 18:00:00,so2,PIIANN,3.650001,5.266461
2022-05-03 00:00:00,so2,PIIANN,10.8088,11.635297
2025-09-10 17:00:00,so2,PIIANN,21.49,21.889994
2021-12-05 11:00:00,so2,PIIANN,4.68,4.315723
2021-11-03 14:00:00,so2,PIIANN,8.68,8.549229
2025-12-10 01:00:00,so2,PIIANN,20.34,21.514235
2025-01-10 15:00:00,so2,PIIANN,21.91,20.256027
2023-10-12 02:00:00,so2,PIIANN,24.75,26.481586
2021-09-12 05:00:00,so2,PIIANN,9.82,9.081048
2021-02-10 21:00:00,so2,PIIANN,9.23,7.6456265
2024-04-10 02:00:00,so2,PIIANN,40.46,41.430233
2023-05-09 11:00:00,so2,PIIANN,16.0,16.103642
2024-02-04 04:00:00,so2,PIIANN,18.8,17.189419
2024-01-10 09:00:00,so2,PIIANN,37.52,36.673405
2021-02-03 14:00:00,so2,PIIANN,3.52,3.5586295
2025-08-03 01:00:00,so2,PIIANN,58.4,55.073692
2024-01-05 17:00:00,so2,PIIANN,6.7500005,8.885946
2024-03-08 21:00:00,so2,PIIANN,65.25,61.00118
2023-08-11 16:00:00,so2,PIIANN,28.4,28.596977
2024-03-06 11:00:00,so2,PIIANN,35.13,33.25588
2023-07-02 13:00:00,so2,PIIANN,7.9,9.199992
2022-01-05 15:00:00,so2,PIIANN,2.8800006,5.568339
2025-05-13 02:00:00,so2,PIIANN,22.437374,23.408707
2025-01-01 09:00:00,so2,PIIANN,48.34,46.771553
2022-05-12 16:00:00,so2,PIIANN,11.48,12.212881
2022-07-06 01:00:00,so2,PIIANN,7.7100005,7.7868257
2022-09-10 22:00:00,so2,PIIANN,6.9200006,8.295114
2023-02-02 00:00:00,so2,PIIANN,7.7000003,4.37174
2021-04-02 07:00:00,so2,PIIANN,12.95,13.533606
2023-07-01 09:00:00,so2,PIIANN,5.6250005,9.629103
2023-07-12 13:00:00,so2,PIIANN,17.6,18.117945
2024-08-08 14:00:00,so2,PIIANN,31.76,30.794996
2021-10-09 15:00:00,so2,PIIANN,11.35,7.9584336
2022-06-05 06:00:00,so2,PIIANN,5.18,6.1957545
2025-06-04 08:00:00,so2,PIIANN,23.86,63.8144
2023-04-05 23:00:00,so2,PIIANN,13.9,12.993728
2022-02-10 22:00:00,so2,PIIANN,6.8000007,9.429461
2024-06-03 19:00:00,so2,PIIANN,30.05,28.727705
2022-02-09 07:00:00,so2,PIIANN,4.18,5.181071
2023-09-11 19:00:00,so2,PIIANN,30.95,29.529348
2021-10-11 18:00:00,so2,PIIANN,16.3,16.081188
2021-07-09 14:00:00,so2,PIIANN,14.7,9.974053
2021-04-04 15:00:00,so2,PIIANN,3.9500003,6.9681907
2024-04-12 19:00:00,so2,PIIANN,37.14,40.214413
2022-08-04 20:00:00,so2,PIIANN,9.1,11.23848
2023-08-10 16:00:00,so2,PIIANN,15.15,13.901797
2025-09-04 03:00:00,so2,PIIANN,60.29,57.109375
2021-08-01 13:00:00,so2,PIIANN,2.5799994,3.3509917
2022-09-04 07:00:00,so2,PIIANN,7.9500003,9.169738
2023-05-07 16:00:00,so2,PIIANN,1.3000005,5.0112433
2023-05-07 10:00:00,so2,PIIANN,9.775,9.115497
2024-01-08 18:00:00,so2,PIIANN,51.7,49.28638
2021-10-03 07:00:00,so2,PIIANN,5.07,6.892752
2024-09-02 01:00:00,so2,PIIANN,28.28,24.836937
2022-02-12 14:00:00,so2,PIIANN,10.72,10.598454
2023-03-06 09:00:00,so2,PIIANN,16.8,15.888079
2023-08-08 02:00:00,so2,PIIANN,12.875,11.040101
2021-11-02 13:00:00,so2,PIIANN,14.15,12.496311
2024-09-07 09:00:00,so2,PIIANN,36.33,35.8155
2025-07-06 20:00:00,so2,PIIANN,28.74,27.813042
2022-05-08 02:00:00,so2,PIIANN,13.9,10.463814
2025-01-07 15:00:00,so2,PIIANN,32.08,30.774906
2023-07-09 16:00:00,so2,PIIANN,16.275,16.045584
2022-07-09 09:00:00,so2,PIIANN,3.9999995,3.9716773
2021-04-04 06:00:00,so2,PIIANN,4.8800006,5.8257155
2021-04-09 00:00:00,so2,PIIANN,8.48,7.6589227
2025-12-10 11:00:00,so2,PIIANN,21.56,19.019743
2025-12-08 03:00:00,so2,PIIANN,19.51,18.551266
2021-02-09 09:00:00,so2,PIIANN,14.98,9.66894
2024-06-08 08:00:00,so2,PIIANN,26.11,26.295319
2022-10-02 11:00:00,so2,PIIANN,4.400001,4.81183
2022-02-02 07:00:00,so2,PIIANN,3.8800006,6.179154
2024-06-12 08:00:00,so2,PIIANN,46.1,47.247456
2024-11-06 17:00:00,so2,PIIANN,35.18,39.013107
2021-02-05 11:00:00,so2,PIIANN,4.8000007,4.019378
2021-05-02 01:00:00,so2,PIIANN,10.32,10.182471
2024-07-04 13:00:00,so2,PIIANN,16.73,23.012608
2024-02-07 11:00:00,so2,PIIANN,44.13,46.380474
2025-10-05 09:00:00,so2,PIIANN,23.69,23.60599
2024-12-05 03:00:00,so2,PIIANN,16.8,22.98782
2022-07-03 07:00:00,so2,PIIANN,16.8,16.2235
2025-06-06 23:00:00,so2,PIIANN,26.84,25.209871
2022-02-03 20:00:00,so2,PIIANN,16.8,17.267334
2023-03-08 20:00:00,so2,PIIANN,10.475,9.289985
2022-01-05 06:00:00,so2,PIIANN,5.4,7.0463433
2025-01-07 05:00:00,so2,PIIANN,32.02,30.310757
2025-01-08 21:00:00,so2,PIIANN,18.18,18.266415
2023-08-01 22:00:00,so2,PIIANN,10.425,12.6001625
2025-07-04 14:00:00,so2,PIIANN,58.24,50.45809
2025-04-11 02:00:00,so2,PIIANN,23.59,24.983028
2025-03-03 21:00:00,so2,PIIANN,59.44,60.91392
2021-11-09 03:00:00,so2,PIIANN,9.32,4.30426
2022-04-06 02:00:00,so2,PIIANN,6.68,9.706101
2021-05-03 00:00:00,so2,PIIANN,7.32,4.710241
2023-08-05 07:00:00,so2,PIIANN,13.325,11.68258
2021-03-08 15:00:00,so2,PIIANN,4.6,6.8049903
2023-06-04 13:00:00,so2,PIIANN,11.275,11.898994
2021-07-09 06:00:00,so2,PIIANN,7.0500007,6.8474402
2021-03-09 09:00:00,so2,PIIANN,10.88,10.40281
2022-04-08 02:00:00,so2,PIIANN,11.15,10.153374
2021-08-12 22:00:00,so2,PIIANN,10.95,11.528163
2024-06-07 14:00:00,so2,PIIANN,44.19,43.961414
2021-04-09 19:00:00,so2,PIIANN,16.8,11.845543
2023-11-11 21:00:00,so2,PIIANN,29.4,29.783836
2024-09-07 04:00:00,so2,PIIANN,36.46,35.18715
2024-04-12 20:00:00,so2,PIIANN,37.7,41.5187
2025-01-06 21:00:00,so2,PIIANN,29.23,31.105122
2024-10-01 16:00:00,so2,PIIANN,20.42,19.362421
2022-08-11 21:00:00,so2,PIIANN,21.0,24.742846
2024-02-05 01:00:00,so2,PIIANN,12.57,15.499748
2022-03-01 19:00:00,so2,PIIANN,8.95,9.547405
2025-11-05 22:00:00,so2,PIIANN,24.35,26.305965
2023-06-12 03:00:00,so2,PIIANN,21.35,22.860409
2022-06-09 13:00:00,so2,PIIANN,3.980001,4.607574
2025-05-03 15:00:00,so2,PIIANN,61.0,54.094456
2023-04-12 03:00:00,so2,PIIANN,20.9,22.967344
2024-02-10 15:00:00,so2,PIIANN,47.14,44.88161
2022-06-03 10:00:00,so2,PIIANN,16.8,16.105106
2021-08-04 18:00:00,so2,PIIANN,1.8000005,3.5874667
2024-04-10 23:00:00,so2,PIIANN,40.39,51.5561
2023-11-07 04:00:00,so2,PIIANN,1.7249998,2.7949042
2021-03-02 07:00:00,so2,PIIANN,10.7,13.490304
2022-04-03 15:00:00,so2,PIIANN,6.8300004,4.3414397
2021-09-12 09:00:00,so2,PIIANN,11.62,9.648953
2025-01-11 22:00:00,so2,PIIANN,21.36,23.295618
2022-01-11 18:00:00,so2,PIIANN,23.9,23.547812
2024-08-04 03:00:00,so2,PIIANN,22.78,22.241333
2021-12-04 16:00:00,so2,PIIANN,4.0500007,6.899243
2024-03-10 22:00:00,so2,PIIANN,42.54,46.06782
2024-01-02 14:00:00,so2,PIIANN,25.25,23.114737
2021-09-13 01:00:00,so2,PIIANN,11.107275,11.717888
2022-07-03 11:00:00,so2,PIIANN,16.8,16.851421
2024-09-11 18:00:00,so2,PIIANN,44.4,40.040108
2022-04-09 07:00:00,so2,PIIANN,3.8000007,4.3791823
2025-05-04 22:00:00,so2,PIIANN,63.89,63.65648
2025-05-04 00:00:00,so2,PIIANN,59.74,52.89225
2021-08-02 07:00:00,so2,PIIANN,11.907369,11.0876045
2025-03-04 12:00:00,so2,PIIANN,61.29,61.23797
2023-04-10 09:00:00,so2,PIIANN,16.85,17.313698
2024-02-08 07:00:00,so2,PIIANN,51.69,48.962223
2022-04-08 03:00:00,so2,PIIANN,11.2,10.893332
2021-02-02 07:00:00,so2,PIIANN,13.62,13.399593
2025-08-05 12:00:00,so2,PIIANN,26.11,26.827232
2021-01-05 16:00:00,so2,PIIANN,4.78,6.8271317
2023-02-08 14:00:00,so2,PIIANN,10.4,11.956316
2021-09-10 18:00:00,so2,PIIANN,11.12,8.189683
2023-11-01 17:00:00,so2,PIIANN,5.5500007,9.54466
2022-12-04 04:00:00,so2,PIIANN,8.95,8.885471
2025-10-05 20:00:00,so2,PIIANN,23.41,25.167727
2024-10-10 10:00:00,so2,PIIANN,33.04,32.995544
2024-11-03 20:00:00,so2,PIIANN,32.5,32.718727
2022-02-10 13:00:00,so2,PIIANN,5.98,4.661409
2022-05-04 01:00:00,so2,PIIANN,7.6200004,9.911968
2022-12-12 04:00:00,so2,PIIANN,12.48,12.515012
2025-12-05 03:00:00,so2,PIIANN,25.16,27.846441
2023-11-08 10:00:00,so2,PIIANN,12.475,13.782494
2022-02-05 10:00:00,so2,PIIANN,6.22,6.326465
2022-09-05 06:00:00,so2,PIIANN,6.9500003,6.5271297
2024-08-02 21:00:00,so2,PIIANN,27.32,26.666931
2021-11-04 03:00:00,so2,PIIANN,1.7200006,3.079227
2025-03-11 20:00:00,so2,PIIANN,27.21,26.525051
2025-04-11 12:00:00,so2,PIIANN,21.93,21.41592
2021-03-11 10:00:00,so2,PIIANN,10.1,10.90335
2025-05-06 08:00:00,so2,PIIANN,31.17,32.349678
2024-06-12 13:00:00,so2,PIIANN,50.57,52.559658
2024-05-02 06:00:00,so2,PIIANN,26.62,24.82093
2024-08-07 05:00:00,so2,PIIANN,44.6,41.729233
2025-06-01 10:00:00,so2,PIIANN,44.6,43.05338
2021-09-03 10:00:00,so2,PIIANN,5.28,6.5300307
2024-08-07 07:00:00,so2,PIIANN,44.82,42.524624
2024-03-06 05:00:00,so2,PIIANN,32.98,30.711405
2022-12-02 02:00:00,so2,PIIANN,5.18,5.8641486
2025-10-11 01:00:00,so2,PIIANN,26.31,26.441168
2023-09-09 09:00:00,so2,PIIANN,16.525,17.375881
2024-02-01 14:00:00,so2,PIIANN,20.42,20.665733
2025-01-04 14:00:00,so2,PIIANN,58.08,54.920242
2023-03-09 17:00:00,so2,PIIANN,16.3,13.984359
2023-09-12 05:00:00,so2,PIIANN,21.8,22.824015
2021-07-10 13:00:00,so2,PIIANN,8.3,7.9130645
2025-12-02 16:00:00,so2,PIIANN,55.66,54.188934
2023-06-09 15:00:00,so2,PIIANN,16.125,16.5981
2025-06-12 00:00:00,so2,PIIANN,22.46,23.333593
2021-01-02 08:00:00,so2,PIIANN,16.18,13.740696
2025-12-10 21:00:00,so2,PIIANN,28.72,25.536938
2023-03-03 22:00:00,so2,PIIANN,9.6,11.611639
2022-08-04 19:00:00,so2,PIIANN,9.82,13.228389
2021-01-06 03:00:00,so2,PIIANN,4.070001,3.5802283
2023-06-04 08:00:00,so2,PIIANN,11.575,10.718911
2024-07-05 00:00:00,so2,PIIANN,15.91,31.026289
2023-10-03 20:00:00,so2,PIIANN,9.95,11.604424
2021-02-09 10:00:00,so2,PIIANN,11.68,10.60905
2021-07-08 21:00:00,so2,PIIANN,10.1,8.602481
2025-06-03 00:00:00,so2,PIIANN,56.62,49.34695
2024-09-01 20:00:00,so2,PIIANN,21.18,23.877697
2024-02-05 23:00:00,so2,PIIANN,15.55,16.149595
2023-10-03 04:00:00,so2,PIIANN,11.25,10.8217325
2023-01-11 06:00:00,so2,PIIANN,30.025,28.974316
2024-01-08 08:00:00,so2,PIIANN,32.47,32.89974
2022-11-11 07:00:00,so2,PIIANN,21.22,21.050388
2022-09-10 16:00:00,so2,PIIANN,6.6200004,7.910258
2024-07-10 09:00:00,so2,PIIANN,36.53,37.28283
2022-02-05 17:00:00,so2,PIIANN,6.32,6.717795
2024-01-05 16:00:00,so2,PIIANN,7.07,9.488609
2023-12-09 17:00:00,so2,PIIANN,16.875,15.882902
2024-07-08 19:00:00,so2,PIIANN,31.96,34.019127
2024-10-05 14:00:00,so2,PIIANN,60.71,57.416588
2025-06-11 22:00:00,so2,PIIANN,24.17,23.216078
2024-05-01 19:00:00,so2,PIIANN,22.5,21.501608
2022-02-10 06:00:00,so2,PIIANN,8.52,9.822597
2025-09-13 02:00:00,so2,PIIANN,25.22612,26.559721
2025-08-07 00:00:00,so2,PIIANN,34.17,26.992792
2025-11-09 18:00:00,so2,PIIANN,21.65,24.71939
2023-03-07 13:00:00,so2,PIIANN,8.875,9.435511
2021-11-03 00:00:00,so2,PIIANN,6.72,14.280514
2021-01-10 09:00:00,so2,PIIANN,9.95,9.948318
2024-02-01 15:00:00,so2,PIIANN,20.23,21.557074
2021-07-02 04:00:00,so2,PIIANN,11.85,11.181867
2024-04-02 08:00:00,so2,PIIANN,28.9,29.218746
2021-01-09 20:00:00,so2,PIIANN,6.98,7.7261834
2025-02-03 22:00:00,so2,PIIANN,61.28,58.90597
2022-10-08 21:00:00,so2,PIIANN,46.5,45.6874
2025-02-10 20:00:00,so2,PIIANN,19.89,19.054485
2022-02-02 08:00:00,so2,PIIANN,3.9199996,6.333408
2021-05-02 14:00:00,so2,PIIANN,8.5,10.238862
2025-08-03 02:00:00,so2,PIIANN,57.68,54.935734
2025-10-09 04:00:00,so2,PIIANN,21.22,19.350817
2023-02-12 17:00:00,so2,PIIANN,17.066668,19.48489
2022-12-01 13:00:00,so2,PIIANN,3.0500007,4.763925
2021-12-05 09:00:00,so2,PIIANN,3.6799998,3.2755923
2025-10-12 11:00:00,so2,PIIANN,15.23,21.028992
2023-02-03 22:00:00,so2,PIIANN,11.325,17.195696
2021-07-11 18:00:00,so2,PIIANN,16.27,17.49004
2022-04-12 05:00:00,so2,PIIANN,17.27,19.95462
2022-02-01 17:00:00,so2,PIIANN,6.9500003,10.048612
2023-01-08 13:00:00,so2,PIIANN,3.0333343,6.5630507
2022-01-05 14:00:00,so2,PIIANN,4.400001,7.444978
2022-11-07 02:00:00,so2,PIIANN,14.6,13.527028
2022-11-05 17:00:00,so2,PIIANN,12.67,12.022091
2023-05-01 19:00:00,so2,PIIANN,6.6,9.282321
2024-06-05 17:00:00,so2,PIIANN,12.01,13.83518
2023-02-03 06:00:00,so2,PIIANN,11.7,13.315719
2024-07-06 03:00:00,so2,PIIANN,34.0,32.02807
2025-06-01 19:00:00,so2,PIIANN,43.97,43.16456
2024-09-11 14:00:00,so2,PIIANN,43.48,42.38523
2021-05-01 19:00:00,so2,PIIANN,4.78,5.5210195
2025-01-10 09:00:00,so2,PIIANN,16.96,18.794016
2024-04-12 17:00:00,so2,PIIANN,37.67,45.583252
2022-09-06 17:00:00,so2,PIIANN,5.6,7.4140143
2021-08-02 06:00:00,so2,PIIANN,12.353684,10.974473
2023-04-08 09:00:00,so2,PIIANN,11.05,10.271259
2024-10-09 17:00:00,so2,PIIANN,38.79,40.23507
2024-10-06 04:00:00,so2,PIIANN,36.57,36.13076
2023-05-04 09:00:00,so2,PIIANN,11.65,11.663426
2025-09-08 19:00:00,so2,PIIANN,18.98,19.181301
2023-07-12 01:00:00,so2,PIIANN,24.525,29.747614
2023-11-03 16:00:00,so2,PIIANN,9.7,10.256164
2022-02-12 16:00:00,so2,PIIANN,10.55,10.016911
2023-02-09 15:00:00,so2,PIIANN,16.1,13.606159
2023-08-06 03:00:00,so2,PIIANN,16.8,14.092483
2022-09-03 12:00:00,so2,PIIANN,16.8,14.930131
2025-08-05 14:00:00,so2,PIIANN,24.18,26.120789
2023-10-04 00:00:00,so2,PIIANN,18.375,12.192655
2022-04-09 17:00:00,so2,PIIANN,3.6,4.77473
2024-10-12 08:00:00,so2,PIIANN,51.49,45.274933
2024-01-12 19:00:00,so2,PIIANN,57.32,55.597603
2025-06-02 23:00:00,so2,PIIANN,49.5,50.150383
2021-08-06 07:00:00,so2,PIIANN,2.3800006,2.676557
2023-01-05 11:00:00,so2,PIIANN,12.45,12.926306
2024-07-05 19:00:00,so2,PIIANN,31.4,28.077885
2024-02-03 19:00:00,so2,PIIANN,29.2,28.41648
2021-12-11 09:00:00,so2,PIIANN,15.42,16.687046
2024-12-06 21:00:00,so2,PIIANN,41.48,40.658363
2024-07-10 06:00:00,so2,PIIANN,38.06,37.290054
2023-07-06 18:00:00,so2,PIIANN,16.8,13.48193
2024-03-12 04:00:00,so2,PIIANN,42.802,42.727345
2024-03-09 15:00:00,so2,PIIANN,31.59,31.365206
2023-11-12 05:00:00,so2,PIIANN,24.9,25.969217
2022-11-02 18:00:00,so2,PIIANN,3.8199992,3.808908
2023-05-07 07:00:00,so2,PIIANN,9.875,9.765179
2025-01-12 12:00:00,so2,PIIANN,16.76,15.955095
2022-07-04 19:00:00,so2,PIIANN,5.3800006,6.5797515
2021-09-05 04:00:00,so2,PIIANN,2.1200004,1.5894884
2025-10-10 13:00:00,so2,PIIANN,19.44,18.429823
2023-07-07 06:00:00,so2,PIIANN,1.524999,2.876966
2023-11-04 08:00:00,so2,PIIANN,13.075,14.399304
2025-06-06 04:00:00,so2,PIIANN,21.1,21.883562
2024-03-11 20:00:00,so2,PIIANN,51.63,49.433674
2023-07-09 21:00:00,so2,PIIANN,18.575,17.99858
2021-08-05 02:00:00,so2,PIIANN,3.400001,3.9553618
2021-04-04 23:00:00,so2,PIIANN,5.1200004,6.239372
2021-02-12 07:00:00,so2,PIIANN,4.18,8.583944
2025-02-04 11:00:00,so2,PIIANN,62.86,60.343746
2022-11-08 15:00:00,so2,PIIANN,47.02,44.847996
2023-03-02 22:00:00,so2,PIIANN,11.775,13.606074
2025-04-11 11:00:00,so2,PIIANN,22.23,21.046383
2025-12-02 08:00:00,so2,PIIANN,51.7,52.55395
2024-07-08 23:00:00,so2,PIIANN,32.37,33.473984
2021-02-02 02:00:00,so2,PIIANN,17.0,21.131723
2024-11-11 12:00:00,so2,PIIANN,44.56,40.6366
2022-07-03 15:00:00,so2,PIIANN,16.8,15.945661
2025-06-04 22:00:00,so2,PIIANN,25.72,26.306519
2025-05-06 07:00:00,so2,PIIANN,31.38,31.32295
2021-09-07 15:00:00,so2,PIIANN,7.1,5.1088147
2024-11-10 17:00:00,so2,PIIANN,33.16,34.41204
2024-09-07 03:00:00,so2,PIIANN,36.47,35.41149
2025-05-11 07:00:00,so2,PIIANN,22.54,24.49731
2023-07-05 10:00:00,so2,PIIANN,12.633333,10.710632
2024-02-09 05:00:00,so2,PIIANN,27.34,26.96298
2025-12-11 19:00:00,so2,PIIANN,26.14,27.676355
2024-08-10 05:00:00,so2,PIIANN,29.22,28.410547
2022-06-06 03:00:00,so2,PIIANN,7.98,9.740227
2021-01-02 19:00:00,so2,PIIANN,9.6,11.593599
2023-02-01 08:00:00,so2,PIIANN,5.2000003,6.1453633
2023-10-10 21:00:00,so2,PIIANN,21.475,20.195887
2023-03-07 12:00:00,so2,PIIANN,8.85,8.729408
2025-11-12 04:00:00,so2,PIIANN,23.68,23.072685
2021-10-08 17:00:00,so2,PIIANN,8.18,6.6068377
2022-11-03 18:00:00,so2,PIIANN,4.35,4.1297946
2021-04-05 02:00:00,so2,PIIANN,5.9200006,5.9684434
2021-01-10 08:00:00,so2,PIIANN,10.38,9.48611
2021-04-02 01:00:00,so2,PIIANN,12.88,13.271865
2022-06-03 03:00:00,so2,PIIANN,16.8,5.57206
2025-05-06 16:00:00,so2,PIIANN,20.69,24.60237
2024-03-03 22:00:00,so2,PIIANN,29.35,30.10508
2025-08-07 22:00:00,so2,PIIANN,33.76,34.214867
2022-03-10 06:00:00,so2,PIIANN,6.32,7.002293
2022-09-05 05:00:00,so2,PIIANN,7.1200004,5.635961
2025-12-05 01:00:00,so2,PIIANN,24.56,39.332283
2024-11-01 16:00:00,so2,PIIANN,20.48,21.823862
2024-05-06 05:00:00,so2,PIIANN,35.63,34.08171
2023-04-08 06:00:00,so2,PIIANN,10.6,10.134525
2024-12-04 20:00:00,so2,PIIANN,26.72,28.291958
2024-07-06 13:00:00,so2,PIIANN,34.46,36.91623
2021-07-12 07:00:00,so2,PIIANN,7.68,9.129936
2022-03-10 14:00:00,so2,PIIANN,6.18,7.093168
2022-04-10 00:00:00,so2,PIIANN,7.3000007,6.6895957
2023-11-09 16:00:00,so2,PIIANN,16.425,16.740198
2021-04-10 06:00:00,so2,PIIANN,12.35,12.196303
2025-09-03 09:00:00,so2,PIIANN,58.82,57.62332
2023-07-03 22:00:00,so2,PIIANN,12.65,12.993545
2021-09-05 12:00:00,so2,PIIANN,2.3299994,3.3376117
2023-11-04 23:00:00,so2,PIIANN,14.633333,15.737459
2021-04-11 19:00:00,so2,PIIANN,14.92,14.941682
2023-12-04 20:00:00,so2,PIIANN,12.725,13.607362
2023-12-02 05:00:00,so2,PIIANN,8.575,8.549546
2021-07-06 17:00:00,so2,PIIANN,3.1200004,6.8283505
2025-02-02 01:00:00,so2,PIIANN,57.51,53.094585
2024-10-11 04:00:00,so2,PIIANN,44.22,39.65605
2023-08-02 11:00:00,so2,PIIANN,7.9250007,7.066419
2024-02-10 10:00:00,so2,PIIANN,46.84,46.793953
2024-11-02 02:00:00,so2,PIIANN,34.48,33.2849
2024-08-03 14:00:00,so2,PIIANN,31.45,32.984737
2021-07-06 00:00:00,so2,PIIANN,3.8800006,3.3417144
2021-12-02 05:00:00,so2,PIIANN,11.85,11.895875
2023-02-08 21:00:00,so2,PIIANN,10.175,9.796792
2021-03-04 16:00:00,so2,PIIANN,6.7000003,6.551994
2021-07-06 22:00:00,so2,PIIANN,4.0799994,6.630117
2023-06-02 07:00:00,so2,PIIANN,11.75,12.072882
2022-08-04 03:00:00,so2,PIIANN,8.1,9.373566
2024-05-09 18:00:00,so2,PIIANN,49.37,46.858547
2021-12-10 13:00:00,so2,PIIANN,9.18,8.769637
2021-06-10 09:00:00,so2,PIIANN,12.5,11.434782
2021-09-10 17:00:00,so2,PIIANN,8.22,8.071083
2023-05-03 07:00:00,so2,PIIANN,10.1,9.415481
2022-09-05 17:00:00,so2,PIIANN,8.17,9.202022
2023-06-03 22:00:00,so2,PIIANN,10.975,13.299174
2021-01-05 13:00:00,so2,PIIANN,1.649999,5.3716807
2022-09-03 04:00:00,so2,PIIANN,16.8,14.410286
2021-10-12 18:00:00,so2,PIIANN,9.57,10.054911
2024-05-12 19:00:00,so2,PIIANN,46.75,46.321945
2022-04-05 07:00:00,so2,PIIANN,7.3000007,5.4117036
2024-01-08 23:00:00,so2,PIIANN,52.1,47.538155
2022-01-08 01:00:00,so2,PIIANN,10.8,9.957419
2022-06-08 03:00:00,so2,PIIANN,12.27,11.537806
2024-02-01 19:00:00,so2,PIIANN,22.45,24.895767
2025-08-07 16:00:00,so2,PIIANN,33.44,35.563763
2022-04-08 11:00:00,so2,PIIANN,11.23,12.991077
2021-08-10 10:00:00,so2,PIIANN,10.7,10.220281
2023-08-08 06:00:00,so2,PIIANN,13.375,13.838678
2024-07-04 14:00:00,so2,PIIANN,17.89,21.566248
2024-02-04 00:00:00,so2,PIIANN,18.62,27.481007
2021-09-08 18:00:00,so2,PIIANN,3.6200004,6.0741525
2023-04-10 22:00:00,so2,PIIANN,19.5,21.1169
2023-11-05 07:00:00,so2,PIIANN,14.6,15.621953
2023-03-09 12:00:00,so2,PIIANN,17.05,14.619133
2025-06-05 10:00:00,so2,PIIANN,32.3,31.202082
2021-07-05 05:00:00,so2,PIIANN,2.0500007,3.0510535
2023-07-07 09:00:00,so2,PIIANN,1.9999994,2.8744693
2021-10-04 08:00:00,so2,PIIANN,2.6,2.2523475
2024-09-08 11:00:00,so2,PIIANN,31.17,26.206795
2023-08-04 02:00:00,so2,PIIANN,13.3,13.261169
2021-02-12 05:00:00,so2,PIIANN,6.1200004,9.003993
2021-11-03 18:00:00,so2,PIIANN,6.7500005,8.024362
2023-11-02 05:00:00,so2,PIIANN,9.9,9.485675
2022-05-02 12:00:00,so2,PIIANN,4.6200004,5.2422976
2023-08-04 19:00:00,so2,PIIANN,11.675,12.195857
2021-07-01 23:00:00,so2,PIIANN,4.9500003,5.074248
2023-12-04 01:00:00,so2,PIIANN,14.8,14.9075575
2024-12-10 02:00:00,so2,PIIANN,34.4,34.537014
2025-04-09 19:00:00,so2,PIIANN,19.12,18.358221
2025-04-05 03:00:00,so2,PIIANN,32.2,35.534733
2024-04-06 02:00:00,so2,PIIANN,34.99,32.796494
2024-12-04 17:00:00,so2,PIIANN,25.91,31.01644
2022-09-02 13:00:00,so2,PIIANN,5.98,8.017227
2021-08-04 22:00:00,so2,PIIANN,2.1,1.3088182
2021-05-06 17:00:00,so2,PIIANN,0.9500002,5.4505887
2023-07-10 03:00:00,so2,PIIANN,25.725,24.563282
2022-12-12 08:00:00,so2,PIIANN,12.08,10.4942045
2025-02-09 18:00:00,so2,PIIANN,17.96,20.37303
2024-04-11 10:00:00,so2,PIIANN,49.92,48.597313
2023-02-04 10:00:00,so2,PIIANN,13.7,13.982586
2024-12-12 21:00:00,so2,PIIANN,45.02,47.69469
2025-02-06 09:00:00,so2,PIIANN,29.55,29.18725
2021-05-12 05:00:00,so2,PIIANN,12.55,10.798065
2023-09-07 09:00:00,so2,PIIANN,1.9999994,3.1012626
2025-01-02 14:00:00,so2,PIIANN,56.36,51.57067
2022-05-08 12:00:00,so2,PIIANN,12.3,14.348566
2021-01-02 15:00:00,so2,PIIANN,12.15,12.450157
2024-11-04 14:00:00,so2,PIIANN,25.71,23.63591
2021-06-04 19:00:00,so2,PIIANN,7.5800004,8.865194
2025-02-11 01:00:00,so2,PIIANN,19.86,25.03152
2023-06-03 12:00:00,so2,PIIANN,9.425,8.5281925
2021-10-05 20:00:00,so2,PIIANN,2.5799994,7.104323
2022-08-12 20:00:00,so2,PIIANN,17.1,14.993494
2024-03-05 01:00:00,so2,PIIANN,13.38,19.120037
2024-01-02 11:00:00,so2,PIIANN,25.62,25.509218
2021-08-09 14:00:00,so2,PIIANN,7.52,9.969439
2025-05-07 08:00:00,so2,PIIANN,33.18,32.33007
2022-10-06 18:00:00,so2,PIIANN,7.48,9.609461
2021-05-08 19:00:00,so2,PIIANN,6.0800004,5.198671
2023-07-11 08:00:00,so2,PIIANN,35.45,33.50985
2025-09-09 07:00:00,so2,PIIANN,20.11,20.2002
2022-07-09 17:00:00,so2,PIIANN,4.150001,5.037351
2025-10-02 05:00:00,co,PIIANN,2.29,2.1293354
2024-11-12 18:00:00,co,PIIANN,1.06,1.1380516
2023-04-08 21:00:00,co,PIIANN,1.2725,1.2771626
2023-03-08 15:00:00,co,PIIANN,0.30750006,0.684938
2021-09-03 05:00:00,co,PIIANN,1.5,1.5162681
2025-06-12 22:00:00,co,PIIANN,1.88,1.7770592
2022-06-12 23:00:00,co,PIIANN,1.12,1.348165
2025-04-12 13:00:00,co,PIIANN,0.64,0.5402378
2024-10-03 09:00:00,co,PIIANN,0.65,0.92406076
2025-05-12 02:00:00,co,PIIANN,2.3,2.3975482
2025-07-04 03:00:00,co,PIIANN,4.49,3.7114465
2024-08-11 19:00:00,co,PIIANN,2.01,1.9671317
2023-08-08 00:00:00,co,PIIANN,0.37,1.2741326
2021-11-08 03:00:00,co,PIIANN,0.23999994,0.27012593
2022-08-07 18:00:00,co,PIIANN,1.06,1.0620582
2024-10-05 12:00:00,co,PIIANN,0.17999999,0.42207682
2023-10-02 19:00:00,co,PIIANN,1.8325,1.6921107
2025-09-01 17:00:00,co,PIIANN,1.24,1.6070901
2022-06-08 04:00:00,co,PIIANN,1.06,1.2087384
2022-12-07 20:00:00,co,PIIANN,1.95,1.7395204
2022-09-08 08:00:00,co,PIIANN,1.26,1.315588
2024-06-03 14:00:00,co,PIIANN,0.3,0.16907649
2024-06-07 03:00:00,co,PIIANN,0.54,0.5164461
2022-02-08 23:00:00,co,PIIANN,4.05,3.073366
2023-12-08 05:00:00,co,PIIANN,0.21999995,0.31058085
2023-03-02 12:00:00,co,PIIANN,0.39999998,0.46316618
2024-08-12 09:00:00,co,PIIANN,3.0,3.209427
2021-09-09 09:00:00,co,PIIANN,0.59000003,0.6561647
2024-03-04 06:00:00,co,PIIANN,0.93,0.9367624
2022-04-04 12:00:00,co,PIIANN,0.83,0.79817915
2022-05-11 06:00:00,co,PIIANN,1.09,0.9949215
2025-01-08 17:00:00,co,PIIANN,0.19999997,0.28827393
2022-01-04 10:00:00,co,PIIANN,1.08,0.92322934
2024-02-12 00:00:00,co,PIIANN,1.65,2.3669682
2023-06-08 05:00:00,co,PIIANN,0.20999996,0.20345299
2021-08-08 03:00:00,co,PIIANN,1.3,1.0620718
2021-09-08 05:00:00,co,PIIANN,0.76,0.6739619
2022-07-05 04:00:00,co,PIIANN,0.84999996,0.8282025
2024-06-09 20:00:00,co,PIIANN,0.55,0.5892631
2024-01-12 12:00:00,co,PIIANN,0.68,0.5874623
2021-10-02 12:00:00,co,PIIANN,0.69,0.97624123
2024-11-12 11:00:00,co,PIIANN,0.87,0.82786876
2021-09-05 08:00:00,co,PIIANN,0.46000004,0.5267209
2022-06-01 12:00:00,co,PIIANN,1.03,1.0383487
2023-06-04 00:00:00,co,PIIANN,5.2475,2.2945538
2021-02-11 02:00:00,co,PIIANN,1.21,1.3095399
2024-05-04 07:00:00,co,PIIANN,0.79,0.5781136
2022-07-10 04:00:00,co,PIIANN,0.28000003,0.352476
2023-04-10 04:00:00,co,PIIANN,1.1266667,1.047553
2024-03-12 11:00:00,co,PIIANN,0.77,0.8860608
2024-05-09 10:00:00,co,PIIANN,0.52,0.62895954
2022-05-08 08:00:00,co,PIIANN,0.6100001,0.6452864
2022-06-01 11:00:00,co,PIIANN,1.12,1.1507963
2024-11-05 00:00:00,co,PIIANN,0.15000002,1.8192544
2022-01-09 12:00:00,co,PIIANN,0.46000004,0.6711497
2024-02-03 09:00:00,co,PIIANN,0.32,0.28572857
2022-08-08 05:00:00,co,PIIANN,0.69,0.61503845
2024-11-10 06:00:00,co,PIIANN,0.86,0.9383274
2023-12-02 12:00:00,co,PIIANN,0.40750003,0.609654
2023-02-05 22:00:00,co,PIIANN,1.32,1.027913
2023-03-11 21:00:00,co,PIIANN,6.5325,5.6851406
2025-04-03 23:00:00,co,PIIANN,0.15000002,0.55357707
2025-08-12 08:00:00,co,PIIANN,0.82,0.6396089
2025-09-11 17:00:00,co,PIIANN,0.48000002,0.86701274
2023-11-02 04:00:00,co,PIIANN,2.3475,2.2069054
2025-06-11 01:00:00,co,PIIANN,0.88,1.3536255
2023-09-11 17:00:00,co,PIIANN,2.4875,2.3174171
2024-06-02 02:00:00,co,PIIANN,0.39999998,0.4783485
2021-03-12 18:00:00,co,PIIANN,4.42,2.8688953
2023-11-01 11:00:00,co,PIIANN,0.7325,0.6142439
2024-03-04 21:00:00,co,PIIANN,2.47,2.5459135
2022-09-11 12:00:00,co,PIIANN,0.62,0.6832464
2024-02-03 08:00:00,co,PIIANN,0.21999995,0.27457732
2021-11-07 06:00:00,co,PIIANN,0.42000008,0.25992757
2025-10-08 18:00:00,co,PIIANN,0.16000001,0.41758263
2024-09-08 04:00:00,co,PIIANN,5.2113677e-08,0.2183985
2024-01-12 09:00:00,co,PIIANN,0.97,0.91146207
2022-06-05 04:00:00,co,PIIANN,2.38,2.5148585
2021-11-02 18:00:00,co,PIIANN,1.27,1.8887472
2022-04-08 22:00:00,co,PIIANN,1.56,1.8923417
2023-04-07 11:00:00,co,PIIANN,0.59999996,0.6221862
2023-10-11 11:00:00,co,PIIANN,0.485,0.56931424
2022-10-04 20:00:00,co,PIIANN,2.88,2.416351
2025-11-03 18:00:00,co,PIIANN,0.73,0.7814398
2023-12-07 00:00:00,co,PIIANN,1.14,1.4910629
2022-08-13 02:00:00,co,PIIANN,2.3099563,2.4307034
2024-05-06 22:00:00,co,PIIANN,0.55,1.0112712
2021-08-10 07:00:00,co,PIIANN,1.18,1.1332849
2023-01-05 17:00:00,co,PIIANN,0.6275,0.80690473
2022-03-06 05:00:00,co,PIIANN,1.19,1.2507275
2021-10-04 21:00:00,co,PIIANN,2.86,3.0419402
2021-08-10 09:00:00,co,PIIANN,1.07,1.2067538
2024-08-09 02:00:00,co,PIIANN,0.6100001,0.5911533
2025-11-08 02:00:00,co,PIIANN,0.72,0.70266205
2023-06-07 05:00:00,co,PIIANN,0.6675,0.5151183
2021-10-02 10:00:00,co,PIIANN,2.15,3.2224948
2025-01-12 18:00:00,co,PIIANN,1.42,1.3350823
2022-05-08 09:00:00,co,PIIANN,0.87,0.70884717
2025-04-07 19:00:00,co,PIIANN,1.14,1.1318867
2024-01-02 03:00:00,co,PIIANN,0.62,0.82240784
2021-02-02 05:00:00,co,PIIANN,2.77,3.0539145
2024-05-07 05:00:00,co,PIIANN,0.8,0.8605663
2025-09-11 03:00:00,co,PIIANN,1.42,1.5009551
2023-04-09 22:00:00,co,PIIANN,0.5775,0.9766525
2024-03-12 22:00:00,co,PIIANN,1.38,1.2156398
2022-10-11 16:00:00,co,PIIANN,1.445,0.8389872
2021-07-13 00:00:00,co,PIIANN,2.839431,2.9546523
2022-08-03 18:00:00,co,PIIANN,0.53,0.98158497
2025-07-07 01:00:00,co,PIIANN,0.8,0.93496346
2023-08-01 21:00:00,co,PIIANN,2.5375,2.679732
2024-10-11 05:00:00,co,PIIANN,1.11,1.0515312
2022-03-01 20:00:00,co,PIIANN,5.04,3.9417288
2022-11-06 15:00:00,co,PIIANN,0.59999996,0.73184687
2025-06-08 11:00:00,co,PIIANN,0.16000001,0.32433075
2023-08-04 04:00:00,co,PIIANN,1.855,2.0477092
2023-12-08 09:00:00,co,PIIANN,0.06250005,0.30617034
2021-02-03 15:00:00,co,PIIANN,0.09999996,0.35054332
2025-03-03 16:00:00,co,PIIANN,0.36,0.5429264
2023-08-10 03:00:00,co,PIIANN,3.0325003,2.8403218
2025-03-10 17:00:00,co,PIIANN,0.27000004,0.36402065
2023-05-09 21:00:00,co,PIIANN,1.625,1.9746546
2022-11-08 10:00:00,co,PIIANN,0.059999995,0.5233705
2025-07-08 03:00:00,co,PIIANN,0.52,0.6717598
2021-12-12 21:00:00,co,PIIANN,7.5,5.3381586
2022-02-12 09:00:00,co,PIIANN,1.39,1.6762497
2021-01-10 06:00:00,co,PIIANN,2.07,1.4295986
2025-06-06 21:00:00,co,PIIANN,1.83,1.6086503
2023-03-10 07:00:00,co,PIIANN,1.19,1.1898394
2024-07-07 20:00:00,co,PIIANN,0.56999993,0.5611637
2025-07-02 23:00:00,co,PIIANN,0.72,1.1430955
2022-11-02 11:00:00,co,PIIANN,0.45,0.48628473
2021-05-05 04:00:00,co,PIIANN,0.52,0.5270018
2022-04-09 21:00:00,co,PIIANN,1.55,1.9677296
2021-02-02 23:00:00,co,PIIANN,4.42,4.318651
2023-09-06 04:00:00,co,PIIANN,0.92,1.2422286
2023-12-06 18:00:00,co,PIIANN,0.9275,1.013264
2025-12-06 09:00:00,co,PIIANN,0.8,0.76865363
2025-01-08 20:00:00,co,PIIANN,0.37,0.56383467
2025-11-05 21:00:00,co,PIIANN,0.5799999,0.921677
2021-09-07 02:00:00,co,PIIANN,0.19999997,0.3432324
2022-03-09 01:00:00,co,PIIANN,0.71,1.0569427
2022-05-04 02:00:00,co,PIIANN,3.83,3.834105
2023-06-01 17:00:00,co,PIIANN,0.9625,1.0869772
2021-10-12 03:00:00,co,PIIANN,2.87,3.0001729
2023-11-11 06:00:00,co,PIIANN,0.46250004,0.62280476
2022-05-04 11:00:00,co,PIIANN,1.36,1.6910522
2024-11-12 22:00:00,co,PIIANN,2.94,2.6430168
2022-04-09 15:00:00,co,PIIANN,0.33000004,0.4298846
2021-09-02 16:00:00,co,PIIANN,0.59000003,0.8478086
2024-01-03 12:00:00,co,PIIANN,0.28000003,0.6142723
2024-12-07 20:00:00,co,PIIANN,1.28,1.3724694
2023-07-12 21:00:00,co,PIIANN,2.1475,2.0837224
2023-04-12 11:00:00,co,PIIANN,0.89,1.0101671
2022-07-03 23:00:00,co,PIIANN,8.45,6.580926
2024-08-11 08:00:00,co,PIIANN,3.14,3.1870027
2023-09-02 15:00:00,co,PIIANN,0.54,0.68272626
2024-02-03 23:00:00,co,PIIANN,0.19999997,0.5251868
2023-08-10 19:00:00,co,PIIANN,2.0714285,1.3950115
2021-09-02 07:00:00,co,PIIANN,2.25,2.462809
2023-08-07 07:00:00,co,PIIANN,0.425,0.3198102
2021-06-12 15:00:00,co,PIIANN,1.34,1.4263606
2023-09-08 16:00:00,co,PIIANN,0.325,0.4847781
2023-12-12 22:00:00,co,PIIANN,4.7725,4.1617236
2025-06-06 14:00:00,co,PIIANN,0.62,0.6132238
2024-07-02 12:00:00,co,PIIANN,0.3,0.18374388
2022-08-10 11:00:00,co,PIIANN,0.39999998,0.3381806
2021-04-01 16:00:00,co,PIIANN,1.77,1.1877726
2025-04-02 07:00:00,co,PIIANN,1.61,1.811978
2022-01-10 17:00:00,co,PIIANN,0.62,0.81552964
2025-06-09 12:00:00,co,PIIANN,0.35000002,0.33432257
2021-04-12 10:00:00,co,PIIANN,2.06,2.3451858
2023-03-05 02:00:00,co,PIIANN,0.96,0.96007955
2022-11-01 19:00:00,co,PIIANN,0.95,1.4566878
2021-07-06 03:00:00,co,PIIANN,0.069999985,0.2509634
2025-08-11 16:00:00,co,PIIANN,0.72,0.7911867
2023-02-09 03:00:00,co,PIIANN,1.0425,1.1020421
2022-08-03 10:00:00,co,PIIANN,3.14,3.9753952
2022-04-03 03:00:00,co,PIIANN,1.43,1.9337027
2023-08-13 02:00:00,co,PIIANN,3.2439842,3.2491195
2024-06-05 05:00:00,co,PIIANN,3.02,1.9552594
2022-10-10 22:00:00,co,PIIANN,0.7,0.9688583
2023-04-09 20:00:00,co,PIIANN,0.5575,0.9892998
2024-04-05 16:00:00,co,PIIANN,0.43,0.40362543
2024-06-12 18:00:00,co,PIIANN,1.04,1.0782715
2022-01-08 16:00:00,co,PIIANN,0.3,0.43863285
2024-10-04 01:00:00,co,PIIANN,2.25,2.2184873
2023-06-06 21:00:00,co,PIIANN,0.9375,2.0454605
2021-02-10 13:00:00,co,PIIANN,0.71,0.8299518
2021-10-09 03:00:00,co,PIIANN,0.63,0.5829473
2022-04-09 08:00:00,co,PIIANN,0.32,0.43959904
2023-06-04 10:00:00,co,PIIANN,0.6475,0.7794309
2023-08-09 03:00:00,co,PIIANN,1.1325,1.2424526
2022-11-07 20:00:00,co,PIIANN,3.33,1.964239
2023-08-03 15:00:00,co,PIIANN,0.87,1.2408552
2025-11-07 21:00:00,co,PIIANN,2.26,1.6342822
2025-03-11 08:00:00,co,PIIANN,0.7,0.5399802
2022-07-12 01:00:00,co,PIIANN,0.94,0.671906
2023-09-01 08:00:00,co,PIIANN,2.1975,2.5884268
2024-06-07 04:00:00,co,PIIANN,0.52,0.57268065
2021-07-02 08:00:00,co,PIIANN,1.08,1.0627875
2025-09-08 13:00:00,co,PIIANN,0.20999996,0.25921816
2024-01-05 02:00:00,co,PIIANN,2.87,2.2123144
2025-01-02 06:00:00,co,PIIANN,2.27,2.176036
2022-07-11 17:00:00,co,PIIANN,2.47,1.6756411
2023-02-07 00:00:00,co,PIIANN,0.3775,1.8818734
2022-11-10 03:00:00,co,PIIANN,0.54,0.42813545
2022-10-05 13:00:00,co,PIIANN,0.73,0.7611279
2023-02-09 22:00:00,co,PIIANN,0.8075,1.1916392
2021-05-10 22:00:00,co,PIIANN,2.35,2.1919615
2021-03-12 06:00:00,co,PIIANN,1.69,1.641144
2025-04-10 01:00:00,co,PIIANN,2.13,1.7086892
2024-01-09 22:00:00,co,PIIANN,0.79,1.0432222
2023-02-08 18:00:00,co,PIIANN,0.50250006,0.69483536
2025-07-05 14:00:00,co,PIIANN,0.46000004,0.62533903
2021-02-13 00:00:00,co,PIIANN,2.3007014,2.5051794
2022-11-08 17:00:00,co,PIIANN,0.37999994,0.59584814
2021-02-05 02:00:00,co,PIIANN,0.29000002,0.29765218
2025-02-01 20:00:00,co,PIIANN,2.05,1.968269
2025-07-07 18:00:00,co,PIIANN,5.2113677e-08,0.22785537
2025-01-09 12:00:00,co,PIIANN,0.19999997,0.17027013
2023-06-08 15:00:00,co,PIIANN,0.19999997,0.8704249
2024-06-08 00:00:00,co,PIIANN,0.86,0.67705774
2021-07-04 05:00:00,co,PIIANN,0.37,0.93376493
2025-09-08 12:00:00,co,PIIANN,0.15000002,0.25074798
2021-10-08 03:00:00,co,PIIANN,0.42000008,0.36885136
2022-11-05 10:00:00,co,PIIANN,0.98,1.1349598
2025-02-10 08:00:00,co,PIIANN,0.44,0.59332246
2023-12-06 16:00:00,co,PIIANN,0.705,0.8932009
2024-08-04 21:00:00,co,PIIANN,2.75,2.689877
2025-08-07 08:00:00,co,PIIANN,0.96,0.8989664
2023-04-11 18:00:00,co,PIIANN,3.6875,3.2515721
2025-08-09 10:00:00,co,PIIANN,0.56,0.57277787
2025-03-04 20:00:00,co,PIIANN,2.24,1.4588782
2022-09-12 09:00:00,co,PIIANN,0.83,0.9004864
2021-09-04 04:00:00,co,PIIANN,1.29,1.0562228
2021-12-08 02:00:00,co,PIIANN,0.17999999,0.2090898
2025-08-11 00:00:00,co,PIIANN,1.86,1.6819379
2021-05-08 15:00:00,co,PIIANN,0.27000004,0.4356599
2023-06-12 18:00:00,co,PIIANN,1.035,0.87194765
2021-06-12 17:00:00,co,PIIANN,3.23,1.9117287
2023-02-05 15:00:00,co,PIIANN,0.4375,0.60385126
2021-08-01 23:00:00,co,PIIANN,2.12,2.2297995
2021-02-12 04:00:00,co,PIIANN,3.6,3.7757213
2025-03-02 12:00:00,co,PIIANN,0.73,0.72871125
2021-07-10 01:00:00,co,PIIANN,1.04,1.3921533
2024-04-06 19:00:00,co,PIIANN,1.2,1.3961985
2025-03-06 23:00:00,co,PIIANN,1.68,1.7154897
2025-09-05 18:00:00,co,PIIANN,0.76,0.96904135
2024-06-10 22:00:00,co,PIIANN,0.84999996,1.4403954
2021-10-08 07:00:00,co,PIIANN,0.46000004,0.57004863
2021-12-03 06:00:00,co,PIIANN,1.45,1.4501479
2021-11-07 23:00:00,co,PIIANN,0.22999994,0.45940626
2025-09-06 17:00:00,co,PIIANN,0.31,0.18676369
2021-02-05 15:00:00,co,PIIANN,0.10799997,0.2742539
2021-06-05 19:00:00,co,PIIANN,0.42000008,1.2906469
2024-12-02 07:00:00,co,PIIANN,1.8,1.7110026
2022-10-09 08:00:00,co,PIIANN,0.69,0.66577476
2025-09-04 08:00:00,co,PIIANN,1.39,1.0247408
2022-08-06 00:00:00,co,PIIANN,1.4226667,1.4109925
2021-01-03 07:00:00,co,PIIANN,0.73,0.6172986
2024-09-11 03:00:00,co,PIIANN,0.96,1.3079245
2025-05-09 05:00:00,co,PIIANN,0.26000005,0.3731978
2024-09-04 12:00:00,co,PIIANN,1.15,0.96533555
2021-12-03 04:00:00,co,PIIANN,1.75,1.6800089
2025-05-09 19:00:00,co,PIIANN,0.48000002,0.44402474
2024-07-02 21:00:00,co,PIIANN,0.88,0.87610054
2021-02-01 20:00:00,co,PIIANN,3.0,3.8052702
2021-02-09 22:00:00,co,PIIANN,2.2,2.6071007
2024-01-01 14:00:00,co,PIIANN,0.65,0.4283113
2024-06-01 15:00:00,co,PIIANN,0.7,0.69210136
2023-05-09 18:00:00,co,PIIANN,0.97,0.98966867
2025-10-07 02:00:00,co,PIIANN,0.46000004,0.31338412
2022-07-03 14:00:00,co,PIIANN,0.89,1.1779237
2023-11-06 00:00:00,co,PIIANN,1.4925,4.214548
2024-01-07 07:00:00,co,PIIANN,0.46000004,0.46537483
2023-02-07 08:00:00,co,PIIANN,0.445,0.49945468
2022-02-09 06:00:00,co,PIIANN,0.6100001,0.5493131
2021-07-11 17:00:00,co,PIIANN,1.62,2.0549328
2023-07-08 19:00:00,co,PIIANN,0.4275,0.79575944
2025-06-12 17:00:00,co,PIIANN,0.40999997,0.54626524
2021-05-03 22:00:00,co,PIIANN,1.03,1.4160087
2024-04-03 05:00:00,co,PIIANN,0.28000003,0.4291185
2021-09-12 22:00:00,co,PIIANN,4.78,5.046866
2024-03-11 11:00:00,co,PIIANN,1.2,1.2785603
2023-12-04 12:00:00,co,PIIANN,0.46750003,0.59938914
2025-12-01 13:00:00,co,PIIANN,1.1,1.3077805
2022-08-04 23:00:00,co,PIIANN,0.87,3.1715267
2024-01-05 14:00:00,co,PIIANN,0.12000006,0.19301932
2024-06-04 22:00:00,co,PIIANN,1.37,2.2282965
2023-09-11 11:00:00,co,PIIANN,1.5875,1.8174667
2025-12-12 22:00:00,co,PIIANN,5.42,4.511803
2024-09-05 16:00:00,co,PIIANN,0.079999976,0.23615699
2023-04-09 18:00:00,co,PIIANN,0.46250004,0.8136826
2021-08-07 16:00:00,co,PIIANN,0.20999996,0.5274863
2024-09-12 12:00:00,co,PIIANN,0.91,0.94128835
2022-09-12 01:00:00,co,PIIANN,2.08,2.4761212
2023-08-04 09:00:00,co,PIIANN,1.0225,1.1737521
2022-04-06 09:00:00,co,PIIANN,1.02,1.2187278
2023-12-08 08:00:00,co,PIIANN,0.12749998,0.28607827
2025-09-09 00:00:00,co,PIIANN,1.57,1.5164645
2021-04-05 21:00:00,co,PIIANN,0.95,1.407803
2022-10-09 16:00:00,co,PIIANN,0.59000003,0.62857574
2025-06-03 21:00:00,co,PIIANN,1.62,1.3232751
2022-07-06 02:00:00,co,PIIANN,3.63625,4.0864067
2021-03-10 17:00:00,co,PIIANN,0.59999996,0.7042638
2022-12-08 16:00:00,co,PIIANN,0.079999976,0.48244154
2021-09-10 09:00:00,co,PIIANN,1.21,1.3279278
2024-04-11 17:00:00,co,PIIANN,0.76,0.89876133
2025-04-08 15:00:00,co,PIIANN,0.16000001,0.4253106
2023-08-06 20:00:00,co,PIIANN,2.7025,2.386745
2022-05-11 03:00:00,co,PIIANN,1.21,1.2393663
2024-09-03 13:00:00,co,PIIANN,0.19999997,0.18698554
2023-02-02 02:00:00,co,PIIANN,0.52,0.55095303
2025-09-10 15:00:00,co,PIIANN,0.030000024,0.21317022
2023-05-02 16:00:00,co,PIIANN,0.28000003,0.44220483
2025-02-12 05:00:00,co,PIIANN,5.77,4.906386
2024-11-11 22:00:00,co,PIIANN,5.35,4.2623715
2023-07-07 05:00:00,co,PIIANN,0.39750004,0.54302096
2025-08-11 15:00:00,co,PIIANN,0.76,0.77308154
2023-09-12 22:00:00,co,PIIANN,2.66,2.8122184
2024-02-05 17:00:00,co,PIIANN,0.31,0.4723575
2024-11-13 01:00:00,co,PIIANN,2.9733949,2.6674182
2022-03-11 10:00:00,co,PIIANN,1.53,1.4622751
2025-03-10 05:00:00,co,PIIANN,0.19999997,0.370614
2022-11-11 08:00:00,co,PIIANN,1.19,1.0230008
2021-02-11 13:00:00,co,PIIANN,0.94,0.90431404
2022-01-08 10:00:00,co,PIIANN,0.49,0.6750869
2022-11-09 06:00:00,co,PIIANN,0.52,0.49811667
2021-11-03 21:00:00,co,PIIANN,3.45,2.8928428
2024-08-08 12:00:00,co,PIIANN,1.06,0.74576026
2021-12-08 17:00:00,co,PIIANN,0.23999994,0.5036633
2023-09-12 15:00:00,co,PIIANN,0.3825,0.48535144
2025-01-13 00:00:00,co,PIIANN,5.031707,4.9973006
2022-08-01 17:00:00,co,PIIANN,0.81,0.88508993
2025-01-07 17:00:00,co,PIIANN,0.42000008,0.5236379
2025-02-03 00:00:00,co,PIIANN,1.23,0.96721303
2024-02-09 07:00:00,co,PIIANN,0.29000002,0.14041309
2024-01-12 07:00:00,co,PIIANN,1.01,0.9600221
2021-06-05 16:00:00,co,PIIANN,0.17999999,0.65623724
2025-02-08 16:00:00,co,PIIANN,0.059999995,0.22507958
2023-03-13 02:00:00,co,PIIANN,2.1440718,2.232852
2024-12-03 17:00:00,co,PIIANN,0.19999997,0.23679022
2024-02-08 18:00:00,co,PIIANN,0.97,0.9132305
2021-01-12 05:00:00,co,PIIANN,3.43,3.535115
2021-12-02 10:00:00,co,PIIANN,2.31,2.2168782
2023-04-08 10:00:00,co,PIIANN,1.335,0.78004074
2023-08-06 02:00:00,co,PIIANN,2.2575,2.3812137
2023-02-07 01:00:00,co,PIIANN,0.37999994,0.7093135
2021-07-03 18:00:00,co,PIIANN,0.95,1.1836884
2022-04-04 16:00:00,co,PIIANN,0.28000003,0.7075579
2024-08-03 07:00:00,co,PIIANN,0.7,0.826456
2025-08-08 15:00:00,co,PIIANN,0.31,0.38537973
2022-09-06 16:00:00,co,PIIANN,0.56,0.7946681
2022-02-04 18:00:00,co,PIIANN,2.77,1.7803181
2025-07-07 08:00:00,co,PIIANN,0.33000004,0.43168002
2021-12-02 04:00:00,co,PIIANN,3.2,3.3491504
2024-11-09 08:00:00,co,PIIANN,0.56999993,0.71651787
2021-05-05 08:00:00,co,PIIANN,0.49,0.5528053
2025-11-10 04:00:00,co,PIIANN,2.17,2.0258214
2025-12-03 12:00:00,co,PIIANN,0.8,0.8005382
2023-08-11 15:00:00,co,PIIANN,1.56,1.2871866
2025-09-02 00:00:00,co,PIIANN,1.9299998,3.23993
2021-11-12 19:00:00,co,PIIANN,4.43,3.3161352
2024-07-07 03:00:00,co,PIIANN,0.55,0.41090012
2024-02-11 02:00:00,co,PIIANN,1.68,1.7803497
2021-03-11 06:00:00,co,PIIANN,1.48,1.5631975
2023-04-05 18:00:00,co,PIIANN,0.7575,0.7910841
2023-02-12 21:00:00,co,PIIANN,2.7475,2.5653825
2022-02-07 09:00:00,co,PIIANN,1.0966667,1.0387821
2021-09-09 10:00:00,co,PIIANN,0.71,0.5915746
2021-10-03 00:00:00,co,PIIANN,0.32,4.2600436
2024-07-06 07:00:00,co,PIIANN,0.29000002,0.6075184
2024-02-01 16:00:00,co,PIIANN,0.59999996,0.76724505
2024-03-03 16:00:00,co,PIIANN,0.19999997,0.32688832
2022-04-04 23:00:00,co,PIIANN,2.385,3.217203
2022-11-07 07:00:00,co,PIIANN,1.29,0.9676148
2025-05-04 08:00:00,co,PIIANN,0.76,0.7969629
2022-10-06 21:00:00,co,PIIANN,3.0700002,3.9849715
2025-12-04 13:00:00,co,PIIANN,0.6100001,0.6340788
2023-01-10 17:00:00,co,PIIANN,0.5799999,0.7437039
2024-01-11 11:00:00,co,PIIANN,0.19999997,0.17285864
2025-11-09 08:00:00,co,PIIANN,0.12000006,0.20715372
2025-07-03 17:00:00,co,PIIANN,0.19999997,0.4150644
2024-04-07 12:00:00,co,PIIANN,1.23,0.922839
2022-11-12 08:00:00,co,PIIANN,0.77,0.82751274
2021-01-09 12:00:00,co,PIIANN,0.69,0.27586764
2022-08-09 15:00:00,co,PIIANN,0.59000003,0.7300845
2021-09-12 07:00:00,co,PIIANN,2.06,2.0290177
2022-08-08 14:00:00,co,PIIANN,0.68,0.7491314
2022-09-02 15:00:00,co,PIIANN,0.23999994,0.46622163
2024-04-06 23:00:00,co,PIIANN,0.95,1.2976657
2024-06-05 00:00:00,co,PIIANN,1.58,2.370854
2023-06-09 09:00:00,co,PIIANN,0.7275,0.7136463
2023-11-10 13:00:00,co,PIIANN,0.525,0.7916814
2023-04-08 22:00:00,co,PIIANN,2.02,1.2887651
2025-06-07 14:00:00,co,PIIANN,0.7,0.6069497
2021-11-06 09:00:00,co,PIIANN,0.47000003,0.50580543
2021-10-03 11:00:00,co,PIIANN,0.81,0.81932104
2022-09-04 09:00:00,co,PIIANN,2.66,3.3324342
2025-07-04 04:00:00,co,PIIANN,4.35,3.7813995
2024-07-09 18:00:00,co,PIIANN,0.48000002,0.43008077
2022-11-06 19:00:00,co,PIIANN,1.44,1.1767392
2021-10-10 15:00:00,co,PIIANN,0.48000002,0.7594476
2021-10-08 18:00:00,co,PIIANN,0.74,0.6234677
2023-11-03 02:00:00,co,PIIANN,3.5025,3.6020837
2021-07-02 03:00:00,co,PIIANN,1.1,1.120621
2025-02-08 02:00:00,co,PIIANN,0.33000004,0.29081488
2021-12-09 03:00:00,co,PIIANN,0.64,0.49896556
2022-04-07 00:00:00,co,PIIANN,2.14,2.147982
2024-03-11 02:00:00,co,PIIANN,2.58,2.494144
2023-12-08 12:00:00,co,PIIANN,0.11500006,0.34412122
2021-02-06 12:00:00,co,PIIANN,0.32,0.48225534
2024-07-04 11:00:00,co,PIIANN,0.68,0.6609685
2025-07-12 03:00:00,co,PIIANN,0.91,1.2548721
2022-06-02 20:00:00,co,PIIANN,1.86,1.8737094
2022-03-10 12:00:00,co,PIIANN,0.45,0.5977769
2021-08-02 10:00:00,co,PIIANN,1.62,1.3986479
2022-09-03 09:00:00,co,PIIANN,0.89,1.1142129
2025-09-04 22:00:00,co,PIIANN,3.0700002,3.285689
2022-03-03 03:00:00,co,PIIANN,0.87,0.27518564
2024-11-12 19:00:00,co,PIIANN,1.53,1.6989102
2023-08-12 11:00:00,co,PIIANN,0.6075,0.4883517
2024-07-12 05:00:00,co,PIIANN,2.55,2.3688889
2025-04-02 05:00:00,co,PIIANN,2.41,2.3381145
2023-10-10 01:00:00,co,PIIANN,2.6325,2.1922379
2024-08-10 12:00:00,co,PIIANN,0.73,0.713467
2025-01-12 05:00:00,co,PIIANN,2.01,1.9809281
2024-05-07 00:00:00,co,PIIANN,1.15,0.30602956
2022-11-08 13:00:00,co,PIIANN,0.23999994,0.5574396
2022-12-09 19:00:00,co,PIIANN,1.09,1.1482955
2025-09-05 20:00:00,co,PIIANN,1.65,1.4308879
2024-12-07 04:00:00,co,PIIANN,0.77,0.72216076
2024-03-06 12:00:00,co,PIIANN,0.39000005,0.47004557
2025-02-13 02:00:00,co,PIIANN,4.7405195,4.434151
2021-05-02 17:00:00,co,PIIANN,0.59999996,0.7258049
2024-02-01 22:00:00,co,PIIANN,1.38,1.9165498
2024-12-09 14:00:00,co,PIIANN,0.34000003,0.12575679
2023-05-12 13:00:00,co,PIIANN,0.4525,0.27711755
2025-07-10 02:00:00,co,PIIANN,0.21999995,0.4644006
2022-07-04 18:00:00,co,PIIANN,0.56999993,1.0683607
2024-01-04 08:00:00,co,PIIANN,0.39999998,0.39708698
2022-04-03 11:00:00,co,PIIANN,0.7,1.5406221
2023-12-07 17:00:00,co,PIIANN,0.675,0.8692989
2021-02-08 12:00:00,co,PIIANN,0.56999993,0.7126948
2023-04-10 06:00:00,co,PIIANN,1.0766667,1.0753157
2022-07-08 09:00:00,co,PIIANN,0.83,0.9595264
2024-03-03 15:00:00,co,PIIANN,0.21999995,0.22228734
2023-07-05 03:00:00,co,PIIANN,1.17,1.271718
2022-04-07 20:00:00,co,PIIANN,2.91,2.0139303
2022-07-11 02:00:00,co,PIIANN,2.24,2.6165855
2021-11-12 09:00:00,co,PIIANN,1.36,1.257264
2021-02-06 09:00:00,co,PIIANN,0.54,0.72068125
2021-09-10 04:00:00,co,PIIANN,2.86,2.9919715
2025-04-12 17:00:00,co,PIIANN,0.7,0.72790354
2024-12-07 06:00:00,co,PIIANN,0.87,0.6829549
2021-02-02 11:00:00,co,PIIANN,1.86,1.8736681
2021-12-09 02:00:00,co,PIIANN,0.6100001,0.5184573
2023-10-04 04:00:00,co,PIIANN,2.8775,3.0667062
2023-11-12 08:00:00,co,PIIANN,1.5425,1.2119547
2025-12-07 14:00:00,co,PIIANN,0.6100001,0.7518868
2023-09-05 19:00:00,co,PIIANN,1.235,1.2726641
2025-10-02 22:00:00,co,PIIANN,5.23,4.0076165
2024-06-01 18:00:00,co,PIIANN,0.9,1.129846
2022-07-12 09:00:00,co,PIIANN,0.69,0.6446709
2025-04-07 02:00:00,co,PIIANN,0.5799999,0.6961594
2022-06-10 04:00:00,co,PIIANN,0.35000002,0.46507567
2022-08-08 00:00:00,co,PIIANN,0.71,1.9377601
2024-03-12 07:00:00,co,PIIANN,0.87,0.91637945
2025-01-06 15:00:00,co,PIIANN,0.94,0.22889511
2025-11-05 04:00:00,co,PIIANN,1.31,1.1978439
2023-05-03 08:00:00,co,PIIANN,0.7975,0.82074606
2021-09-08 01:00:00,co,PIIANN,0.8,0.89169544
2021-09-11 04:00:00,co,PIIANN,2.22,2.370515
2021-04-08 13:00:00,co,PIIANN,0.21999995,0.29296625
2025-10-08 11:00:00,co,PIIANN,0.27000004,0.5027149
2022-01-02 08:00:00,co,PIIANN,1.51,1.138683
2021-06-06 19:00:00,co,PIIANN,0.75,1.3546753
2023-12-10 07:00:00,co,PIIANN,1.44,1.6396185
2024-06-01 17:00:00,co,PIIANN,0.84999996,0.97876143
2024-04-05 15:00:00,co,PIIANN,0.49,0.19889168
2021-09-09 04:00:00,co,PIIANN,0.47000003,0.6243685
2024-05-05 09:00:00,co,PIIANN,1.86,2.5303068
2023-07-10 22:00:00,co,PIIANN,5.5725,3.7951279
2024-04-08 16:00:00,co,PIIANN,0.59999996,0.48855305
2024-02-02 04:00:00,co,PIIANN,1.6,1.4121596
2025-10-03 15:00:00,co,PIIANN,0.63,0.63102883
2022-10-11 13:00:00,co,PIIANN,0.62,0.647953
2025-09-05 02:00:00,co,PIIANN,1.57,1.4542058
2022-05-05 21:00:00,co,PIIANN,5.78,4.45525
2024-06-07 02:00:00,co,PIIANN,0.49,0.5233396
2022-07-11 22:00:00,co,PIIANN,4.7,4.176863
2023-02-04 14:00:00,co,PIIANN,0.34250003,0.7879558
2024-11-04 16:00:00,co,PIIANN,0.39000005,0.26119846
2023-11-07 14:00:00,co,PIIANN,0.6475,0.7773651
2023-03-01 13:00:00,co,PIIANN,0.5775,0.4086616
2022-09-08 22:00:00,co,PIIANN,2.49,2.2504704
2025-07-03 08:00:00,co,PIIANN,2.21,2.0278482
2025-03-03 00:00:00,co,PIIANN,2.0,2.336101
2025-11-02 06:00:00,co,PIIANN,2.3,2.3635542
2021-09-09 16:00:00,co,PIIANN,0.55,0.5911398
2024-11-10 10:00:00,co,PIIANN,0.74,0.78362924
2021-09-04 16:00:00,co,PIIANN,0.23999994,0.40957648
2023-10-02 10:00:00,co,PIIANN,1.095,0.92705727
2022-09-08 10:00:00,co,PIIANN,0.78,1.0856535
2025-08-12 05:00:00,co,PIIANN,1.08,1.2460067
2022-07-12 21:00:00,co,PIIANN,0.8,1.619482
2023-10-01 17:00:00,co,PIIANN,0.845,1.139811
2022-06-07 16:00:00,co,PIIANN,1.09,1.0528363
2024-02-10 23:00:00,co,PIIANN,1.61,2.44926
2021-01-03 11:00:00,co,PIIANN,0.53,0.42382342
2025-02-12 06:00:00,co,PIIANN,5.55,4.83976
2021-05-06 15:00:00,co,PIIANN,0.059999995,0.39590663
2021-10-08 21:00:00,co,PIIANN,1.2,1.9397123
2025-02-03 05:00:00,co,PIIANN,0.56,0.5202875
2023-12-03 20:00:00,co,PIIANN,1.585,1.6166869
2024-06-10 23:00:00,co,PIIANN,1.02,1.3341451
2022-08-03 16:00:00,co,PIIANN,0.29000002,0.8908763
2023-01-12 11:00:00,co,PIIANN,1.44,1.6763244
2021-07-11 15:00:00,co,PIIANN,1.04,1.19445
2022-10-04 01:00:00,co,PIIANN,3.22,3.4870973
2024-02-02 18:00:00,co,PIIANN,0.72,0.86934537
2022-07-06 10:00:00,co,PIIANN,0.72,0.92816484
2021-01-08 22:00:00,co,PIIANN,3.21,2.3072174
2022-02-06 10:00:00,co,PIIANN,0.94,1.0351249
2024-02-05 21:00:00,co,PIIANN,2.22,2.884132
2023-09-02 03:00:00,co,PIIANN,2.4925,2.8015535
2025-05-02 21:00:00,co,PIIANN,1.04,1.1666312
2024-05-04 02:00:00,co,PIIANN,0.83,1.3156241
2021-01-04 02:00:00,co,PIIANN,0.27000004,0.29346645
2025-11-07 19:00:00,co,PIIANN,1.26,0.8667968
2023-10-05 22:00:00,co,PIIANN,4.2275,3.701637
2023-05-05 21:00:00,co,PIIANN,3.61,2.4693513
2024-04-09 10:00:00,co,PIIANN,0.37999994,0.42834598
2021-07-10 08:00:00,co,PIIANN,0.82,0.89290154
2021-03-04 02:00:00,co,PIIANN,0.83,0.13278787
2025-10-05 02:00:00,co,PIIANN,2.16,1.8142015
2023-12-01 18:00:00,co,PIIANN,0.885,0.9604822
2021-07-05 18:00:00,co,PIIANN,0.52,0.7025517
2024-11-10 22:00:00,co,PIIANN,1.78,2.1255178
2025-05-06 14:00:00,co,PIIANN,0.74,0.631299
2023-12-07 23:00:00,co,PIIANN,1.16,1.1145197
2023-01-12 17:00:00,co,PIIANN,1.1425,1.3597251
2022-12-08 07:00:00,co,PIIANN,0.22999994,0.49027652
2025-05-10 14:00:00,co,PIIANN,0.19999997,0.26693028
2022-06-08 14:00:00,co,PIIANN,0.62,0.7537597
2023-02-04 00:00:00,co,PIIANN,2.5525,3.3559892
2023-07-12 14:00:00,co,PIIANN,0.64,0.5535325
2024-01-10 22:00:00,co,PIIANN,2.53,2.4085932
2021-01-04 13:00:00,co,PIIANN,0.26000005,0.28912514
2024-12-11 15:00:00,co,PIIANN,5.2113677e-08,0.16992883
2021-05-12 18:00:00,co,PIIANN,3.84,3.4225793
2021-10-11 13:00:00,co,PIIANN,1.49,1.1904294
2022-01-09 20:00:00,co,PIIANN,0.8,1.2989727
2024-07-06 17:00:00,co,PIIANN,0.21999995,0.064168625
2022-08-10 18:00:00,co,PIIANN,0.39000005,0.597869
2023-11-05 04:00:00,co,PIIANN,2.8950002,3.0172544
2022-06-04 06:00:00,co,PIIANN,2.7300003,3.1645646
2021-12-12 12:00:00,co,PIIANN,1.0,1.0363456
2024-08-03 01:00:00,co,PIIANN,1.5,1.5895972
2022-06-05 08:00:00,co,PIIANN,2.83,2.59933
2024-04-10 21:00:00,co,PIIANN,2.34,1.9861001
2025-01-02 23:00:00,co,PIIANN,2.27,2.596802
2025-03-11 22:00:00,co,PIIANN,5.04,4.6805735
2021-02-02 22:00:00,co,PIIANN,5.02,5.7348323
2025-10-04 08:00:00,co,PIIANN,1.16,1.2222619
2023-03-02 14:00:00,co,PIIANN,0.37999994,0.49994045
2022-10-12 16:00:00,co,PIIANN,0.69,0.90546083
2024-07-02 14:00:00,co,PIIANN,0.19999997,0.20022886
2024-04-11 02:00:00,co,PIIANN,1.94,2.067337
2021-05-03 19:00:00,co,PIIANN,0.79,1.3490244
2023-04-01 12:00:00,co,PIIANN,0.53,0.38448334
2025-04-02 18:00:00,co,PIIANN,1.17,1.2932161
2021-02-04 04:00:00,co,PIIANN,0.49,0.4899702
2025-05-08 23:00:00,co,PIIANN,0.37,0.85798514
2023-07-01 11:00:00,co,PIIANN,0.695,0.55665934
2023-04-07 18:00:00,co,PIIANN,1.9875,1.4273525
2025-08-04 10:00:00,co,PIIANN,1.46,1.3493426
2021-08-11 19:00:00,co,PIIANN,3.33,3.6438785
2022-10-08 17:00:00,co,PIIANN,0.72,0.65722543
2025-03-12 20:00:00,co,PIIANN,2.01,2.0843155
2021-09-07 04:00:00,co,PIIANN,0.13000004,0.17032962
2025-02-12 00:00:00,co,PIIANN,5.36,1.9812615
2022-12-01 17:00:00,co,PIIANN,0.99,1.0543334
2025-01-10 19:00:00,co,PIIANN,1.0,0.9837137
2022-08-02 04:00:00,co,PIIANN,1.83,1.8677019
2021-07-01 19:00:00,co,PIIANN,1.37,1.7995335
2023-03-04 22:00:00,co,PIIANN,1.6125,1.8692032
2023-09-10 10:00:00,co,PIIANN,0.445,0.6573373
2022-08-06 23:00:00,co,PIIANN,1.58,2.836088
2022-06-01 17:00:00,co,PIIANN,1.1,1.254067
2021-09-12 21:00:00,co,PIIANN,5.08,5.118448
2022-06-12 04:00:00,co,PIIANN,1.02,1.2794858
2024-06-01 23:00:00,co,PIIANN,1.17,1.1184515
2022-01-09 22:00:00,co,PIIANN,0.62,1.0412318
2023-07-07 04:00:00,co,PIIANN,0.42000008,0.46904385
2023-06-03 04:00:00,co,PIIANN,0.96,1.0138966
2022-02-03 02:00:00,co,PIIANN,4.02,3.5977747
2023-04-05 14:00:00,co,PIIANN,0.51,0.6597154
2021-09-07 03:00:00,co,PIIANN,0.16000001,0.2641949
2022-06-07 09:00:00,co,PIIANN,1.25,1.0386984
2023-08-10 14:00:00,co,PIIANN,0.20499997,0.36271453
2023-02-08 09:00:00,co,PIIANN,0.17749994,0.3952471
2023-04-03 17:00:00,co,PIIANN,0.6275,0.73446906
2021-08-03 09:00:00,co,PIIANN,1.04,0.9520163
2021-09-06 21:00:00,co,PIIANN,1.95,3.1676483
2023-11-12 13:00:00,co,PIIANN,0.75,0.8258726
2024-10-09 04:00:00,co,PIIANN,0.94,0.9401549
2023-12-04 00:00:00,co,PIIANN,3.5425,4.397256
2023-12-03 23:00:00,co,PIIANN,5.2466664,4.0670094
2024-02-02 06:00:00,co,PIIANN,1.5,1.4087495
2022-06-02 07:00:00,co,PIIANN,3.45,3.0271025
2024-06-11 18:00:00,co,PIIANN,2.5,2.1621594
2022-03-04 14:00:00,co,PIIANN,0.37,0.6076788
2023-01-05 12:00:00,co,PIIANN,0.54,0.7144283
2024-12-10 14:00:00,co,PIIANN,0.6100001,0.53236336
2025-08-03 22:00:00,co,PIIANN,2.7,2.1383982
2025-04-05 04:00:00,co,PIIANN,1.71,1.4844621
2024-01-09 16:00:00,co,PIIANN,0.26000005,0.31313527
2023-05-07 23:00:00,co,PIIANN,1.2533333,1.5969975
2023-02-08 20:00:00,co,PIIANN,0.7825,0.92422503
2024-02-04 15:00:00,co,PIIANN,0.059999995,0.47126615
2021-03-04 01:00:00,co,PIIANN,0.21999995,1.0179439
2022-01-02 19:00:00,co,PIIANN,0.96,1.6778258
2025-09-06 19:00:00,co,PIIANN,0.43,0.5526756
2022-12-12 21:00:00,co,PIIANN,1.99,2.2887163
2022-05-02 11:00:00,co,PIIANN,1.25,1.2245595
2024-05-07 12:00:00,co,PIIANN,0.69,0.72270566
2025-12-11 11:00:00,co,PIIANN,1.24,1.8067689
2022-11-09 05:00:00,co,PIIANN,0.47000003,0.54014224
2025-01-07 14:00:00,co,PIIANN,0.43,0.42005718
2024-04-04 04:00:00,co,PIIANN,0.82,1.0744739
2024-01-04 01:00:00,co,PIIANN,0.20999996,0.12848143
2023-03-12 14:00:00,co,PIIANN,0.7125,0.9003464
2022-02-13 02:00:00,co,PIIANN,4.4516625,4.670164
2024-03-02 14:00:00,co,PIIANN,0.45,0.51178306
2023-04-03 18:00:00,co,PIIANN,0.7225,0.88516253
2022-03-04 08:00:00,co,PIIANN,1.91,1.8687732
2022-05-03 19:00:00,co,PIIANN,0.49,0.75165707
2022-04-05 10:00:00,co,PIIANN,1.4,1.1889603
2023-03-08 17:00:00,co,PIIANN,0.6125,0.6390023
2024-11-08 15:00:00,co,PIIANN,0.65,0.5361872
2025-10-04 12:00:00,co,PIIANN,1.0,0.9981582
2023-08-03 16:00:00,co,PIIANN,0.87,1.1902956
2024-12-09 03:00:00,co,PIIANN,0.84,0.89162254
2023-08-08 07:00:00,co,PIIANN,0.1175,0.3249452
2022-10-05 05:00:00,co,PIIANN,0.9,0.8544447
2021-09-09 11:00:00,co,PIIANN,0.77,0.6123417
2023-05-06 12:00:00,co,PIIANN,1.4375,1.2508966
2021-09-11 10:00:00,co,PIIANN,2.24,2.0008707
2024-11-03 16:00:00,co,PIIANN,0.3,0.23969297
2025-11-03 21:00:00,co,PIIANN,1.96,2.2366245
2022-03-02 20:00:00,co,PIIANN,0.95,1.520074
2025-07-06 11:00:00,co,PIIANN,0.63,0.71524924
2022-07-06 17:00:00,co,PIIANN,0.79125,1.1115692
2024-05-09 17:00:00,co,PIIANN,0.48000002,0.5282964
2025-12-01 16:00:00,co,PIIANN,0.64,0.9929146
2023-04-09 09:00:00,co,PIIANN,0.44,0.7563362
2023-09-02 23:00:00,co,PIIANN,1.8466667,2.0604444
2025-12-03 13:00:00,co,PIIANN,0.63,0.71788245
2023-03-11 00:00:00,co,PIIANN,6.925,2.7876172
2025-01-05 02:00:00,co,PIIANN,0.55,0.71516997
2022-10-12 21:00:00,co,PIIANN,4.16,3.1276784
2022-06-09 14:00:00,co,PIIANN,0.37,0.43912828
2025-10-10 11:00:00,co,PIIANN,0.28000003,0.39054632
2021-03-05 16:00:00,co,PIIANN,0.87,1.5649502
2024-10-03 16:00:00,co,PIIANN,0.15000002,0.2182347
2024-06-05 20:00:00,co,PIIANN,3.96,2.6545281
2025-04-07 23:00:00,co,PIIANN,1.31,1.4753097
2023-02-05 06:00:00,co,PIIANN,0.3625,0.4989819
2024-02-07 13:00:00,co,PIIANN,0.65,0.69006807
2022-03-08 17:00:00,co,PIIANN,1.15,1.1238419
2021-03-12 19:00:00,co,PIIANN,5.31,4.322019
2022-04-08 14:00:00,co,PIIANN,0.69,0.7639166
2023-01-03 21:00:00,co,PIIANN,7.575,4.4804325
2022-07-11 19:00:00,co,PIIANN,3.35,3.67003
2023-07-03 14:00:00,co,PIIANN,0.6675,0.6506172
2025-08-08 05:00:00,co,PIIANN,0.26000005,0.41819316
2025-01-05 01:00:00,co,PIIANN,0.59999996,0.97885334
2025-01-08 19:00:00,co,PIIANN,0.29000002,0.4075656
2021-04-09 05:00:00,co,PIIANN,0.84999996,0.91344357
2021-06-09 20:00:00,co,PIIANN,3.27,1.7536843
2022-04-08 19:00:00,co,PIIANN,1.71,1.0978646
2023-01-06 21:00:00,co,PIIANN,1.8025,1.7108887
2022-09-13 01:00:00,co,PIIANN,3.8559122,4.180562
2022-09-04 00:00:00,co,PIIANN,2.5525,2.030775
2024-05-06 02:00:00,co,PIIANN,0.88,1.00088
2025-02-07 17:00:00,co,PIIANN,0.62,0.75335765
2023-02-10 02:00:00,co,PIIANN,0.5925,0.6582082
2022-03-11 06:00:00,co,PIIANN,1.64,1.3978605
2023-08-07 11:00:00,co,PIIANN,0.79,0.44026023
2025-05-12 21:00:00,co,PIIANN,2.69,2.5409055
2022-05-06 01:00:00,co,PIIANN,1.04,1.9641955
2022-11-02 23:00:00,co,PIIANN,2.5,2.4359999
2021-02-06 19:00:00,co,PIIANN,0.40999997,0.68381953
2025-02-02 02:00:00,co,PIIANN,1.39,1.529422
2023-05-08 08:00:00,co,PIIANN,0.8375,0.53311044
2024-10-04 07:00:00,co,PIIANN,1.91,1.7636578
2021-02-08 16:00:00,co,PIIANN,0.75,0.52882123
2023-07-01 18:00:00,co,PIIANN,1.4575,1.430601
2023-04-03 02:00:00,co,PIIANN,0.845,0.9352697
2022-06-03 06:00:00,co,PIIANN,0.87,1.0201976
2022-08-10 15:00:00,co,PIIANN,0.36,0.3472355
2024-01-03 14:00:00,co,PIIANN,0.21999995,0.26378256
2022-06-11 00:00:00,co,PIIANN,1.41,0.8477545
2025-07-07 21:00:00,co,PIIANN,0.94,0.7984087
2021-10-09 11:00:00,co,PIIANN,0.75,0.58040994
2024-02-01 20:00:00,co,PIIANN,1.7,1.9502535
2022-03-07 18:00:00,co,PIIANN,1.9299998,1.0263282
2025-08-02 01:00:00,co,PIIANN,0.64,0.67315394
2022-12-02 08:00:00,co,PIIANN,0.53,0.60542125
2024-05-08 09:00:00,co,PIIANN,0.74,0.5494239
2021-05-02 18:00:00,co,PIIANN,0.87,1.0744615
2021-09-01 21:00:00,co,PIIANN,1.35,1.9864242
2024-02-03 04:00:00,co,PIIANN,0.3,0.3449896
2023-02-08 03:00:00,co,PIIANN,0.12500004,0.22173552
2022-01-09 04:00:00,co,PIIANN,0.52,0.5655859
2024-12-11 04:00:00,co,PIIANN,5.2113677e-08,-0.022654243
2022-09-03 10:00:00,co,PIIANN,0.81,0.93647856
2023-09-11 22:00:00,co,PIIANN,6.245,5.007739
2022-10-09 12:00:00,co,PIIANN,0.56999993,0.6962315
2025-01-10 22:00:00,co,PIIANN,1.09,1.9011937
2025-05-02 07:00:00,co,PIIANN,0.7,0.6272571
2023-01-12 04:00:00,co,PIIANN,1.9875,2.1354377
2022-10-10 17:00:00,co,PIIANN,0.49,0.5404361
2021-07-04 19:00:00,co,PIIANN,0.93,1.170135
2022-09-06 23:00:00,co,PIIANN,1.1,1.4201782
2025-12-08 09:00:00,co,PIIANN,0.29000002,0.39942175
2021-02-10 11:00:00,co,PIIANN,0.76,0.8759667
2024-01-10 04:00:00,co,PIIANN,0.56,0.64379287
2024-08-06 16:00:00,co,PIIANN,0.22999994,-0.01635117
2022-03-09 08:00:00,co,PIIANN,0.37,0.4643696
2025-10-06 16:00:00,co,PIIANN,0.18999998,0.01624494
2022-03-06 01:00:00,co,PIIANN,2.21,2.3763592
2024-05-02 15:00:00,co,PIIANN,0.3,0.3316968
2025-08-01 20:00:00,co,PIIANN,1.78,1.7998949
2022-05-03 11:00:00,co,PIIANN,0.32,0.59261215
2025-04-08 17:00:00,co,PIIANN,0.23999994,0.4918447
2022-07-09 16:00:00,co,PIIANN,0.54,0.5740719
2023-02-08 02:00:00,co,PIIANN,0.10999995,0.21754543
2023-03-06 14:00:00,co,PIIANN,1.135,0.99692196
2025-01-04 19:00:00,co,PIIANN,0.33000004,0.4218976
2022-06-06 16:00:00,co,PIIANN,0.77,0.76667494
2022-06-09 23:00:00,co,PIIANN,0.46000004,0.74105084
2024-10-10 11:00:00,co,PIIANN,0.68,0.70291114
2023-12-11 01:00:00,co,PIIANN,1.02,1.4881214
2022-09-11 00:00:00,co,PIIANN,0.52,1.0388566
2024-09-07 05:00:00,co,PIIANN,0.66,0.6005342
2021-07-10 17:00:00,co,PIIANN,0.99,1.0189596
2025-07-12 12:00:00,co,PIIANN,0.53,0.17107384
2021-08-07 00:00:00,co,PIIANN,0.99866664,0.94847465
2025-12-02 12:00:00,co,PIIANN,0.37,0.6130861
2024-11-03 04:00:00,co,PIIANN,1.4,1.6527054
2023-11-09 21:00:00,co,PIIANN,2.52,1.9792247
2023-12-03 06:00:00,co,PIIANN,4.0600004,3.9382598
2024-06-08 11:00:00,co,PIIANN,0.8,0.5981582
2025-08-10 14:00:00,co,PIIANN,0.020000033,0.16530518
2024-07-06 05:00:00,co,PIIANN,0.28000003,0.37115896
2024-07-05 17:00:00,co,PIIANN,0.51,0.45573777
2023-05-03 05:00:00,co,PIIANN,0.7275,0.79176956
2024-06-12 21:00:00,co,PIIANN,2.55,2.1352587
2022-03-11 11:00:00,co,PIIANN,1.38,1.4322073
2022-06-07 21:00:00,co,PIIANN,1.69,1.6785667
2021-10-09 02:00:00,co,PIIANN,0.56999993,0.60548764
2025-01-02 08:00:00,co,PIIANN,1.9699999,1.8666835
2021-04-10 18:00:00,co,PIIANN,3.41,1.5149621
2024-05-03 18:00:00,co,PIIANN,0.3,0.39928406
2025-11-07 01:00:00,co,PIIANN,1.52,1.1201249
2024-12-08 05:00:00,co,PIIANN,0.9,0.7698209
2025-04-04 19:00:00,co,PIIANN,0.62,0.6273922
2023-03-04 05:00:00,co,PIIANN,4.965,4.0807047
2025-02-06 03:00:00,co,PIIANN,0.23999994,0.28106135
2024-06-04 19:00:00,co,PIIANN,0.67,0.6139739
2025-07-08 01:00:00,co,PIIANN,0.6100001,0.89339226
2023-04-03 10:00:00,co,PIIANN,0.6050001,0.7769893
2023-06-06 16:00:00,co,PIIANN,0.9,0.88248223
2025-02-07 19:00:00,co,PIIANN,1.06,0.8468556
2022-12-04 19:00:00,co,PIIANN,4.9,3.7768009
2023-11-11 02:00:00,co,PIIANN,1.1825,1.3494989
2024-05-06 19:00:00,co,PIIANN,0.42000008,0.6138636
2023-06-03 20:00:00,co,PIIANN,1.3325,1.1157075
2021-09-10 12:00:00,co,PIIANN,0.8,0.8637473
2025-04-07 20:00:00,co,PIIANN,1.21,1.2931744
2021-07-12 08:00:00,co,PIIANN,1.7,1.7016373
2022-04-03 22:00:00,co,PIIANN,0.78,1.1108855
2025-08-11 14:00:00,co,PIIANN,0.84999996,0.67234933
2022-06-11 07:00:00,co,PIIANN,0.96,0.7963682
2022-11-08 23:00:00,co,PIIANN,0.45,0.8212891
2025-08-05 09:00:00,co,PIIANN,1.12,1.29801
2022-04-07 16:00:00,co,PIIANN,1.05,1.1266001
2021-02-04 15:00:00,co,PIIANN,0.25000006,0.47604448
2023-06-01 20:00:00,co,PIIANN,1.4425,2.1289155
2023-07-11 19:00:00,co,PIIANN,3.2625,2.8671746
2021-01-05 12:00:00,co,PIIANN,0.40999997,0.2056654
2023-10-08 00:00:00,co,PIIANN,0.7,0.98247033
2021-09-11 06:00:00,co,PIIANN,1.92,2.0634935
2021-06-11 05:00:00,co,PIIANN,2.16,2.2517226
2025-10-07 12:00:00,co,PIIANN,0.8,0.6536501
2023-12-03 15:00:00,co,PIIANN,0.7575,0.87845975
2024-06-12 06:00:00,co,PIIANN,0.66,1.2374969
2025-11-09 03:00:00,co,PIIANN,0.17999999,0.34653902
2024-01-02 04:00:00,co,PIIANN,0.5,0.6553231
2022-08-08 13:00:00,co,PIIANN,0.65,0.8368442
2023-09-11 10:00:00,co,PIIANN,1.6975,1.8911748
2024-03-09 16:00:00,co,PIIANN,0.31,0.35987222
2022-12-10 04:00:00,co,PIIANN,0.9,0.9454145
2023-10-07 13:00:00,co,PIIANN,1.085,0.80647045
2022-05-06 03:00:00,co,PIIANN,0.56999993,1.2407948
2021-07-12 23:00:00,co,PIIANN,2.84,3.2040858
2021-08-01 11:00:00,co,PIIANN,0.84,0.7270542
2023-10-04 06:00:00,co,PIIANN,2.385,2.3230453
2023-03-08 04:00:00,co,PIIANN,3.3625,0.17207746
2025-08-01 10:00:00,co,PIIANN,0.63,0.65154153
2022-11-10 10:00:00,co,PIIANN,0.59999996,0.71828574
2023-12-05 08:00:00,co,PIIANN,2.345,2.5528116
2023-09-02 16:00:00,co,PIIANN,0.5,0.83523744
2022-10-03 06:00:00,co,PIIANN,0.81,0.83339703
2023-05-09 08:00:00,co,PIIANN,0.6425,0.66023386
2021-12-10 23:00:00,co,PIIANN,1.53,2.5904336
2021-01-12 09:00:00,co,PIIANN,3.01,2.7797942
2021-06-10 22:00:00,co,PIIANN,1.72,1.7796023
2022-10-11 15:00:00,co,PIIANN,0.53,0.74847656
2024-07-11 07:00:00,co,PIIANN,4.66,4.5600014
2023-07-01 16:00:00,co,PIIANN,0.8125,0.74233335
2025-11-03 15:00:00,co,PIIANN,0.81,0.6849904
2024-02-06 04:00:00,co,PIIANN,0.29000002,0.48708582
2023-03-02 11:00:00,co,PIIANN,0.41250002,0.48440057
2023-09-04 10:00:00,co,PIIANN,2.05,2.2681367
2024-07-02 00:00:00,co,PIIANN,1.3,0.63743746
2025-11-04 10:00:00,co,PIIANN,0.64,0.46095318
2022-11-10 08:00:00,co,PIIANN,0.5799999,0.6297784
2025-09-12 00:00:00,co,PIIANN,1.23,2.024905
2022-06-06 17:00:00,co,PIIANN,1.81,0.8542094
2021-12-03 22:00:00,co,PIIANN,0.55,0.7646066
2022-08-12 02:00:00,co,PIIANN,0.75,0.6960878
2021-01-04 09:00:00,co,PIIANN,0.40999997,0.5031571
2022-05-08 06:00:00,co,PIIANN,0.47000003,0.51597065
2025-03-05 00:00:00,co,PIIANN,1.95,1.9463288
2025-05-06 09:00:00,co,PIIANN,0.49,0.2889306
2024-06-12 23:00:00,co,PIIANN,3.14,2.9917605
2022-03-06 02:00:00,co,PIIANN,1.67,2.1490319
2021-01-10 16:00:00,co,PIIANN,1.64,1.1403432
2023-11-06 19:00:00,co,PIIANN,0.9275,1.1458851
2024-05-04 23:00:00,co,PIIANN,0.94,1.0837181
2021-11-11 01:00:00,co,PIIANN,5.97,4.924428
2023-09-11 01:00:00,co,PIIANN,4.9925,5.5454574
2025-08-07 10:00:00,co,PIIANN,0.88,0.86446786
2022-10-04 11:00:00,co,PIIANN,0.9,0.87484986
2024-10-03 22:00:00,co,PIIANN,1.62,1.6517909
2025-03-10 21:00:00,co,PIIANN,1.66,1.4038025
2024-09-02 06:00:00,co,PIIANN,0.55,0.56966656
2021-11-04 07:00:00,co,PIIANN,0.98,0.9632181
2024-08-01 21:00:00,co,PIIANN,1.85,2.4813786
2021-02-01 19:00:00,co,PIIANN,2.85,3.03825
2025-08-03 13:00:00,co,PIIANN,0.31,0.42049092
2023-03-01 19:00:00,co,PIIANN,0.7425,1.307917
2023-02-11 19:00:00,co,PIIANN,4.47,4.0129704
2025-09-08 04:00:00,co,PIIANN,0.26000005,0.2965719
2022-11-02 17:00:00,co,PIIANN,0.27000004,0.4880842
2024-03-02 12:00:00,co,PIIANN,0.5,0.5906754
2025-09-03 02:00:00,co,PIIANN,3.66,2.8674872
2022-10-05 15:00:00,co,PIIANN,0.68,0.8484088
2025-07-03 02:00:00,co,PIIANN,3.64,2.7078917
2024-07-02 22:00:00,co,PIIANN,0.9,0.9443306
2021-05-03 05:00:00,co,PIIANN,2.01,2.5220966
2025-05-04 20:00:00,co,PIIANN,1.12,0.9763487
2024-12-12 05:00:00,co,PIIANN,1.91,1.934124
2025-07-10 06:00:00,co,PIIANN,0.51,0.47762084
2023-05-03 23:00:00,co,PIIANN,1.1866666,1.3329934
2021-01-10 07:00:00,co,PIIANN,2.53,1.6985081
2023-08-12 12:00:00,co,PIIANN,0.5125,0.41765314
2024-08-10 01:00:00,co,PIIANN,1.04,1.3661166
2024-08-08 06:00:00,co,PIIANN,0.98,0.8776693
2022-04-13 02:00:00,co,PIIANN,2.150046,2.151292
2024-12-11 10:00:00,co,PIIANN,0.020000033,0.02516251
2023-09-02 10:00:00,co,PIIANN,1.4025,1.0983276
2024-03-03 11:00:00,co,PIIANN,0.19999997,0.42277068
2024-09-11 16:00:00,co,PIIANN,0.48000002,0.5560286
2022-11-09 17:00:00,co,PIIANN,0.48000002,0.63767177
2021-02-08 23:00:00,co,PIIANN,1.35,1.4895058
2024-05-10 18:00:00,co,PIIANN,0.86,0.86695075
2021-07-03 12:00:00,co,PIIANN,0.84,0.78270173
2023-09-03 15:00:00,co,PIIANN,0.5799999,0.97569185
2023-03-10 17:00:00,co,PIIANN,0.51,0.7781284
2021-07-08 14:00:00,co,PIIANN,0.66,0.54985416
2022-07-03 21:00:00,co,PIIANN,6.96,4.535541
2024-07-09 09:00:00,co,PIIANN,0.39999998,0.42716432
2023-01-03 01:00:00,co,PIIANN,2.1875,2.3410525
2023-10-04 02:00:00,co,PIIANN,4.0275,4.24467
2022-07-02 14:00:00,co,PIIANN,0.628,0.6092335
2021-03-05 10:00:00,co,PIIANN,0.08999997,0.25381464
2025-04-09 16:00:00,co,PIIANN,0.23999994,0.5594884
2023-09-08 01:00:00,co,PIIANN,0.4225,0.5139219
2022-05-08 15:00:00,co,PIIANN,0.94,0.9637543
2023-10-10 19:00:00,co,PIIANN,2.7475,1.9392633
2023-04-11 02:00:00,co,PIIANN,6.0575,5.665309
2023-05-12 14:00:00,co,PIIANN,0.39750004,0.45478165
2025-12-07 17:00:00,co,PIIANN,0.5799999,0.65879804
2025-06-06 11:00:00,co,PIIANN,0.63,0.57941973
2024-05-06 07:00:00,co,PIIANN,0.27000004,0.57559264
2023-04-06 18:00:00,co,PIIANN,1.7225,1.6430644
2023-05-11 23:00:00,co,PIIANN,4.04,3.8528025
2024-06-02 22:00:00,co,PIIANN,1.25,1.4291126
2022-04-12 22:00:00,co,PIIANN,2.32,2.6149185
2024-10-03 02:00:00,co,PIIANN,1.18,1.5196471
2024-01-05 13:00:00,co,PIIANN,0.16000001,0.2700866
2022-11-12 01:00:00,co,PIIANN,2.67,3.0088532
2023-07-05 12:00:00,co,PIIANN,0.44,0.5137312
2022-01-04 22:00:00,co,PIIANN,5.396,4.261042
2023-09-04 22:00:00,co,PIIANN,3.71,2.6786847
2023-06-05 03:00:00,co,PIIANN,3.135,3.2905228
2022-04-10 13:00:00,co,PIIANN,0.65,0.6808201
2024-03-08 01:00:00,co,PIIANN,0.94,1.091318
2022-07-05 08:00:00,co,PIIANN,2.11,1.8605529
2022-12-13 01:00:00,co,PIIANN,1.2491575,1.5624096
2023-04-08 08:00:00,co,PIIANN,0.5375,0.45512712
2021-01-03 22:00:00,co,PIIANN,0.89,1.4642222
2021-12-08 16:00:00,co,PIIANN,0.21999995,0.45034838
2024-10-12 02:00:00,co,PIIANN,2.13,1.9586742
2022-06-10 00:00:00,co,PIIANN,0.7,0.64038014
2023-07-06 00:00:00,co,PIIANN,1.6975,1.0319041
2024-12-05 18:00:00,co,PIIANN,0.44,0.63158256
2024-04-03 06:00:00,co,PIIANN,0.32,0.4093343
2023-07-09 08:00:00,co,PIIANN,0.5975,0.71576554
2023-01-08 14:00:00,co,PIIANN,0.2325,0.5248853
2025-07-08 10:00:00,co,PIIANN,0.12000006,0.37281913
2023-01-01 17:00:00,co,PIIANN,0.41500008,0.601056
2023-05-10 13:00:00,co,PIIANN,0.68,0.7471484
2025-12-01 11:00:00,co,PIIANN,1.38,1.3079343
2024-02-06 17:00:00,co,PIIANN,0.17999999,0.3789379
2021-03-12 21:00:00,co,PIIANN,6.05,5.903906
2021-02-12 22:00:00,co,PIIANN,2.38,3.1144915
2025-12-05 21:00:00,co,PIIANN,3.24,2.88842
2022-08-07 07:00:00,co,PIIANN,1.08,0.93054706
2023-12-12 16:00:00,co,PIIANN,0.75,0.8845297
2025-01-12 13:00:00,co,PIIANN,0.87,0.92625487
2024-01-05 05:00:00,co,PIIANN,3.66,3.6118023
2023-01-07 03:00:00,co,PIIANN,0.3725,0.47835928
2022-04-05 08:00:00,co,PIIANN,1.4,1.3262227
2024-02-12 12:00:00,co,PIIANN,0.71,0.67417055
2023-07-01 22:00:00,co,PIIANN,2.69,2.9330857
2024-04-04 07:00:00,co,PIIANN,1.01,0.7143748
2023-10-01 22:00:00,co,PIIANN,1.98,2.644845
2021-02-04 09:00:00,co,PIIANN,0.63,0.7471042
2022-07-01 21:00:00,co,PIIANN,1.05,1.7295254
2021-11-12 02:00:00,co,PIIANN,2.12,2.2946
2022-04-06 21:00:00,co,PIIANN,6.33,4.6839557
2021-03-03 05:00:00,co,PIIANN,0.43,0.4127838
2021-12-07 14:00:00,co,PIIANN,0.26000005,0.3852697
2024-03-04 01:00:00,co,PIIANN,0.74,0.8658574
2025-06-12 19:00:00,co,PIIANN,1.05,1.0922462
2021-04-06 15:00:00,co,PIIANN,0.16000001,0.4129097
2023-09-01 22:00:00,co,PIIANN,3.555,4.0839734
2024-11-05 02:00:00,co,PIIANN,0.10999995,0.33206278
2021-08-10 08:00:00,co,PIIANN,1.15,1.1918015
2025-10-12 09:00:00,co,PIIANN,0.59000003,0.4997623
2025-12-12 00:00:00,co,PIIANN,5.96,4.1458373
2021-11-03 20:00:00,co,PIIANN,2.47,2.2668822
2023-09-03 19:00:00,co,PIIANN,1.3075,1.2656548
2022-09-06 02:00:00,co,PIIANN,0.65,0.71386784
2022-09-04 11:00:00,co,PIIANN,1.03,1.4822183
2023-12-07 13:00:00,co,PIIANN,0.795,0.7536095
2022-10-05 14:00:00,co,PIIANN,0.74,0.769621
2022-01-04 01:00:00,co,PIIANN,2.48,3.2051616
2023-02-11 15:00:00,co,PIIANN,2.025,2.0646963
2024-06-03 09:00:00,co,PIIANN,0.39999998,0.450316
2025-10-04 01:00:00,co,PIIANN,1.73,1.8724083
2021-01-05 07:00:00,co,PIIANN,0.71,0.5093318
2024-10-03 14:00:00,co,PIIANN,0.19999997,0.21489803
2024-04-07 04:00:00,co,PIIANN,0.62,0.5705433
2022-11-05 05:00:00,co,PIIANN,0.74,0.69421804
2021-10-09 17:00:00,co,PIIANN,0.89,0.577612
2021-02-09 18:00:00,co,PIIANN,1.89,1.0475667
2021-02-04 16:00:00,co,PIIANN,0.23999994,0.4980486
2022-05-01 10:00:00,co,PIIANN,5.14,4.3140273
2025-11-06 22:00:00,co,PIIANN,1.3,1.8153502
2025-12-06 10:00:00,co,PIIANN,0.79,0.8475492
2022-07-11 07:00:00,co,PIIANN,1.44,1.2564812
2025-08-04 01:00:00,co,PIIANN,2.59,2.9895222
2024-12-01 23:00:00,co,PIIANN,2.37,2.2979438
2025-02-06 02:00:00,co,PIIANN,0.26000005,0.45618027
2022-10-07 00:00:00,co,PIIANN,1.07,1.491078
2022-02-10 21:00:00,co,PIIANN,0.88,1.2220715
2023-05-08 16:00:00,co,PIIANN,0.17999999,0.7332355
2025-02-04 19:00:00,co,PIIANN,0.86,0.9365362
2025-06-06 02:00:00,co,PIIANN,0.79,0.9411575
2022-11-08 08:00:00,co,PIIANN,0.050000004,0.53808194
2025-01-12 22:00:00,co,PIIANN,4.5,3.982068
2023-12-09 15:00:00,co,PIIANN,0.955,0.7286529
2023-08-10 06:00:00,co,PIIANN,1.49,1.8065091
2023-08-09 17:00:00,co,PIIANN,0.39250004,0.4953376
2025-02-05 02:00:00,co,PIIANN,0.35000002,0.2025942
2021-10-08 16:00:00,co,PIIANN,0.34000003,0.32212764
2025-09-11 21:00:00,co,PIIANN,1.44,1.8351907
2025-04-12 07:00:00,co,PIIANN,1.27,1.2068806
2024-10-04 10:00:00,co,PIIANN,1.28,1.5239631
2023-07-04 23:00:00,co,PIIANN,3.5666666,3.3284302
2025-10-09 08:00:00,co,PIIANN,0.23999994,0.31996697
2023-01-11 16:00:00,co,PIIANN,0.9525,0.55799943
2024-04-07 22:00:00,co,PIIANN,1.61,1.5757687
2022-07-04 07:00:00,co,PIIANN,2.05,2.1145132
2023-07-07 07:00:00,co,PIIANN,0.59999996,0.47777575
2025-09-03 23:00:00,co,PIIANN,1.68,1.9587733
2024-06-12 04:00:00,co,PIIANN,1.76,1.7268862
2023-10-12 07:00:00,co,PIIANN,0.8375,0.8544295
2021-11-06 17:00:00,co,PIIANN,0.37,0.8289017
2024-01-11 14:00:00,co,PIIANN,0.040000014,-0.06422181
2024-08-04 22:00:00,co,PIIANN,2.21,2.9110065
2023-03-03 07:00:00,co,PIIANN,1.465,1.5169057
2022-06-02 00:00:00,co,PIIANN,5.49,1.7608658
2021-08-05 00:00:00,co,PIIANN,1.18,1.891006
2024-02-08 17:00:00,co,PIIANN,0.82,0.9040561
2022-12-10 11:00:00,co,PIIANN,0.59000003,0.72530204
2023-12-09 22:00:00,co,PIIANN,2.86,2.4297857
2021-04-03 19:00:00,co,PIIANN,1.66,1.6884563
2025-07-02 12:00:00,co,PIIANN,0.25000006,0.31251234
2024-07-03 07:00:00,co,PIIANN,1.1,1.0936853
2024-03-11 03:00:00,co,PIIANN,2.4,2.2931876
2024-09-01 13:00:00,co,PIIANN,0.59999996,0.56377614
2025-06-04 04:00:00,co,PIIANN,2.11,1.832712
2024-11-02 17:00:00,co,PIIANN,0.98,1.24275
2024-09-08 20:00:00,co,PIIANN,0.8,0.8037148
2022-01-07 05:00:00,co,PIIANN,1.0,0.7891557
2022-08-03 04:00:00,co,PIIANN,5.79,5.3114834
2024-04-07 05:00:00,co,PIIANN,0.7,0.5882289
2023-12-09 21:00:00,co,PIIANN,2.71,1.99374
2022-11-09 03:00:00,co,PIIANN,0.56,0.53350997
2023-11-06 17:00:00,co,PIIANN,0.72,0.9190241
2022-09-02 16:00:00,co,PIIANN,0.23999994,0.51606846
2021-08-04 14:00:00,co,PIIANN,0.25000006,0.2793935
2024-04-05 12:00:00,co,PIIANN,0.79,0.7777775
2023-01-10 19:00:00,co,PIIANN,1.275,1.2997074
2023-06-10 13:00:00,co,PIIANN,0.49,0.45325553
2021-01-06 06:00:00,co,PIIANN,0.059999995,2.4501297
2025-06-12 21:00:00,co,PIIANN,1.5,1.9650828
2023-01-11 13:00:00,co,PIIANN,0.8925,1.3095783
2024-02-09 01:00:00,co,PIIANN,0.53,0.7922389
2023-08-04 16:00:00,co,PIIANN,0.2375,0.46830994
2022-03-02 21:00:00,co,PIIANN,0.65,1.4397097
2022-08-04 09:00:00,co,PIIANN,2.37,2.269768
2025-03-06 22:00:00,co,PIIANN,1.76,1.9194107
2024-06-10 07:00:00,co,PIIANN,0.44,0.7835184
2021-10-10 18:00:00,co,PIIANN,2.85,1.7487856
2024-06-11 10:00:00,co,PIIANN,1.67,1.8197416
2022-08-10 06:00:00,co,PIIANN,0.27000004,0.36778337
2021-10-10 03:00:00,co,PIIANN,0.87,0.957847
2021-10-09 22:00:00,co,PIIANN,1.16,1.5988795
2022-05-10 01:00:00,co,PIIANN,1.6,2.1362548
2023-03-08 05:00:00,co,PIIANN,0.12333339,1.9953637
2021-07-08 23:00:00,co,PIIANN,1.79,2.0553672
2024-09-07 17:00:00,co,PIIANN,1.6,1.0215442
2025-06-09 16:00:00,co,PIIANN,0.34000003,0.3921175
2022-10-07 19:00:00,co,PIIANN,1.17,1.2104129
2021-05-10 19:00:00,co,PIIANN,1.99,1.6754047
2023-05-04 11:00:00,co,PIIANN,0.7175,0.9804225
2023-11-06 06:00:00,co,PIIANN,0.84,0.810262
2024-04-09 03:00:00,co,PIIANN,0.33000004,0.30460823
2023-04-02 20:00:00,co,PIIANN,0.9475,1.1203471
2024-10-11 23:00:00,co,PIIANN,4.2600007,3.189499
2022-05-06 18:00:00,co,PIIANN,1.08,1.035868
2025-03-08 10:00:00,co,PIIANN,0.09999996,0.39334172
2022-11-10 11:00:00,co,PIIANN,0.53,0.68656844
2021-04-03 14:00:00,co,PIIANN,0.23999994,0.4414217
2023-02-10 03:00:00,co,PIIANN,0.72,0.5760302
2025-06-09 15:00:00,co,PIIANN,0.36,0.2544394
2024-01-12 05:00:00,co,PIIANN,1.14,1.0951405
2024-06-07 12:00:00,co,PIIANN,1.05,0.9638254
2024-05-06 18:00:00,co,PIIANN,0.29000002,0.3933372
2021-06-02 01:00:00,co,PIIANN,1.56,1.8665097
2022-03-08 19:00:00,co,PIIANN,3.19,1.8781039
2025-06-06 00:00:00,co,PIIANN,1.48,1.1549412
2023-10-12 09:00:00,co,PIIANN,0.64,0.6066134
2025-10-04 09:00:00,co,PIIANN,1.14,1.1829798
2024-12-09 19:00:00,co,PIIANN,0.39999998,0.26337415
2024-03-10 17:00:00,co,PIIANN,0.54,0.7364054
2022-05-08 11:00:00,co,PIIANN,0.63,0.82855445
2022-09-05 10:00:00,co,PIIANN,1.0,1.0159409
2021-09-05 07:00:00,co,PIIANN,0.5,0.48705256
2025-03-03 20:00:00,co,PIIANN,0.74,1.2103286
2021-06-02 19:00:00,co,PIIANN,0.86,1.3823718
2024-09-10 23:00:00,co,PIIANN,1.15,1.6995955
2021-03-03 07:00:00,co,PIIANN,0.62,0.7089721
2024-04-09 21:00:00,co,PIIANN,0.76,0.7739973
2024-12-03 01:00:00,co,PIIANN,0.7,0.9399039
2025-01-04 00:00:00,co,PIIANN,0.52,1.6518483
2022-05-05 20:00:00,co,PIIANN,5.06,3.1840947
2024-07-08 11:00:00,co,PIIANN,1.0,0.74078
2023-01-13 02:00:00,co,PIIANN,2.3674107,2.4598868
2025-04-05 09:00:00,co,PIIANN,1.63,1.7049931
2025-12-11 03:00:00,co,PIIANN,2.08,2.3203185
2024-07-12 02:00:00,co,PIIANN,3.0600002,2.4734507
2022-07-03 22:00:00,co,PIIANN,8.02,6.168114
2025-09-10 05:00:00,co,PIIANN,0.13000004,0.30892158
2022-08-05 15:00:00,co,PIIANN,0.78,0.8078599
2025-01-12 14:00:00,co,PIIANN,0.72,0.7512604
2024-09-04 06:00:00,co,PIIANN,2.44,2.1815245
2024-03-03 12:00:00,co,PIIANN,0.19999997,0.38245702
2022-11-08 03:00:00,co,PIIANN,0.013999991,0.26774842
2022-05-11 00:00:00,co,PIIANN,1.72,1.4451635
2022-08-05 07:00:00,co,PIIANN,1.34,1.2144529
2024-03-04 11:00:00,co,PIIANN,0.86,0.8403682
2024-05-01 17:00:00,co,PIIANN,1.2,1.2807096
2025-01-11 09:00:00,co,PIIANN,1.06,1.1051384
2021-10-10 05:00:00,co,PIIANN,0.87,0.89786613
2022-02-12 00:00:00,co,PIIANN,2.284,1.7499665
2024-07-02 01:00:00,co,PIIANN,1.08,0.90889764
2021-07-02 11:00:00,co,PIIANN,0.96,0.71825236
2023-03-06 11:00:00,co,PIIANN,1.2325,1.1554415
2021-08-01 21:00:00,co,PIIANN,2.57,3.3721318
2024-12-02 01:00:00,co,PIIANN,2.45,1.7292064
2023-01-09 19:00:00,co,PIIANN,0.8175,1.0331979
2024-02-02 11:00:00,co,PIIANN,0.78,0.7872538
2022-02-02 22:00:00,co,PIIANN,0.62,1.3640989
2023-07-04 06:00:00,co,PIIANN,1.005,1.152857
2022-03-10 23:00:00,co,PIIANN,1.35,1.8054835
2024-09-05 09:00:00,co,PIIANN,0.09999996,0.4058776
2024-07-13 01:00:00,co,PIIANN,5.819256,4.472803
2021-11-01 11:00:00,co,PIIANN,0.76,0.6187251
2021-07-10 20:00:00,co,PIIANN,3.0700002,2.7122514
2023-01-06 07:00:00,co,PIIANN,1.475,1.4359908
2022-05-06 02:00:00,co,PIIANN,0.81,1.5214676
2021-12-07 03:00:00,co,PIIANN,0.17,0.15478389
2024-09-07 19:00:00,co,PIIANN,2.92,1.6732672
2022-04-07 13:00:00,co,PIIANN,1.03,1.02152
2021-05-02 00:00:00,co,PIIANN,0.66,2.8472538
2021-02-06 03:00:00,co,PIIANN,0.99,0.8176686
2023-08-08 19:00:00,co,PIIANN,0.49,0.83830214
2024-09-08 13:00:00,co,PIIANN,0.43,0.17241578
2022-05-06 00:00:00,co,PIIANN,1.1,4.417773
2021-10-06 04:00:00,co,PIIANN,0.47000003,0.54605544
2021-01-11 11:00:00,co,PIIANN,1.69,1.9737965
2024-11-10 04:00:00,co,PIIANN,1.02,1.0504414
2022-04-12 11:00:00,co,PIIANN,1.05,1.1696831
2023-05-12 16:00:00,co,PIIANN,0.35000002,0.58829606
2023-07-03 11:00:00,co,PIIANN,1.3125,1.3001308
2025-09-09 18:00:00,co,PIIANN,0.26000005,0.4291985
2024-12-04 07:00:00,co,PIIANN,1.58,1.1554987
2024-07-05 05:00:00,co,PIIANN,2.61,2.178498
2021-07-06 04:00:00,co,PIIANN,0.17999999,0.1366481
2021-12-09 13:00:00,co,PIIANN,0.5799999,0.67008036
2022-02-04 17:00:00,co,PIIANN,1.22,1.0971514
2023-12-04 16:00:00,co,PIIANN,0.2575,0.5434521
2023-12-07 03:00:00,co,PIIANN,0.7,0.7982888
2025-06-11 02:00:00,co,PIIANN,0.84,1.1566825
2022-02-11 16:00:00,co,PIIANN,1.21,1.0553085
2022-09-03 13:00:00,co,PIIANN,0.16000001,0.44232798
2023-03-11 06:00:00,co,PIIANN,4.1,4.005561
2024-03-08 11:00:00,co,PIIANN,0.72,0.65418524
2021-09-07 20:00:00,co,PIIANN,0.65,0.94006217
2024-02-13 00:00:00,co,PIIANN,2.1171393,2.4802709
2023-02-09 07:00:00,co,PIIANN,0.5925,0.7496101
2024-05-03 03:00:00,co,PIIANN,0.21999995,0.5293452
2025-07-12 08:00:00,co,PIIANN,0.59999996,0.4222358
2025-04-12 00:00:00,co,PIIANN,2.67,1.8658973
2021-06-12 22:00:00,co,PIIANN,4.82,5.3003635
2024-09-07 18:00:00,co,PIIANN,2.25,1.2683709
2022-10-12 11:00:00,co,PIIANN,1.06,1.2243356
2024-11-12 21:00:00,co,PIIANN,2.57,2.1954615
2023-10-01 08:00:00,co,PIIANN,0.9275,1.0788811
2023-01-04 00:00:00,co,PIIANN,0.61500007,6.308841
2022-03-10 11:00:00,co,PIIANN,0.5,0.6366748
2024-02-08 19:00:00,co,PIIANN,2.11,1.0000343
2021-08-11 14:00:00,co,PIIANN,1.24,1.1884
2023-01-03 15:00:00,co,PIIANN,0.93249995,0.9104137
2024-09-04 15:00:00,co,PIIANN,0.35000002,0.3205405
2024-04-10 14:00:00,co,PIIANN,0.5799999,0.4288705
2025-01-05 12:00:00,co,PIIANN,0.5,0.47032928
2022-05-05 11:00:00,co,PIIANN,1.16,1.102525
2021-12-07 21:00:00,co,PIIANN,0.45,0.7467745
2025-05-09 03:00:00,co,PIIANN,0.36,0.4546814
2025-08-04 16:00:00,co,PIIANN,0.72,0.3713153
2024-11-02 19:00:00,co,PIIANN,1.35,1.2501862
2024-01-08 20:00:00,co,PIIANN,2.22,1.2883848
2021-05-12 07:00:00,co,PIIANN,5.82,5.0239773
2025-12-10 00:00:00,co,PIIANN,1.28,2.329586
2023-06-07 20:00:00,co,PIIANN,0.755,0.8559662
2021-04-10 13:00:00,co,PIIANN,0.56999993,0.66080517
2022-09-02 10:00:00,co,PIIANN,0.67,0.78168976
2022-02-04 04:00:00,co,PIIANN,2.39,2.6595612
2024-09-12 20:00:00,co,PIIANN,1.87,1.9431185
2024-03-10 01:00:00,co,PIIANN,1.52,1.5567867
2024-12-08 19:00:00,co,PIIANN,1.1,0.9470912
2021-08-11 07:00:00,co,PIIANN,2.16,2.0816405
2025-12-04 04:00:00,co,PIIANN,0.62,0.5339746
2021-05-04 03:00:00,co,PIIANN,0.86,0.8200943
2022-12-08 14:00:00,co,PIIANN,0.10999995,0.5241302
2022-01-05 03:00:00,co,PIIANN,3.7,4.4839435
2021-12-06 04:00:00,co,PIIANN,0.32,0.2979886
2025-09-10 03:00:00,co,PIIANN,0.20999996,0.39317358
2025-08-07 06:00:00,co,PIIANN,0.94,0.8818728
2025-04-09 09:00:00,co,PIIANN,0.37999994,0.45330912
2022-01-07 14:00:00,co,PIIANN,1.15,0.9571638
2022-12-05 06:00:00,co,PIIANN,1.02,0.7793915
2023-06-07 22:00:00,co,PIIANN,0.65,0.9990697
2021-09-10 19:00:00,co,PIIANN,3.6383333,3.5947158
2022-07-05 07:00:00,co,PIIANN,2.12,1.5046133
2023-11-09 22:00:00,co,PIIANN,2.51,2.2250376
2022-12-07 19:00:00,co,PIIANN,1.76,1.4136176
2025-01-03 19:00:00,co,PIIANN,0.37,0.56300837
2024-05-07 13:00:00,co,PIIANN,0.74,0.7203076
2024-05-02 10:00:00,co,PIIANN,0.45,0.45490402
2023-12-10 10:00:00,co,PIIANN,0.775,0.94611853
2025-09-08 10:00:00,co,PIIANN,0.09999996,0.3081633
2025-12-09 21:00:00,co,PIIANN,1.37,1.3152568
2024-07-11 19:00:00,co,PIIANN,3.21,2.8175142
2021-02-10 18:00:00,co,PIIANN,1.12,1.0617865
2022-04-04 03:00:00,co,PIIANN,2.67,3.3439991
2021-12-05 03:00:00,co,PIIANN,0.17,0.28187215
2025-12-04 21:00:00,co,PIIANN,1.11,1.0575911
2022-05-09 04:00:00,co,PIIANN,0.3,0.3960529
2023-07-06 15:00:00,co,PIIANN,0.7,0.6880025
2024-06-04 08:00:00,co,PIIANN,0.56999993,0.557531
2025-04-09 00:00:00,co,PIIANN,0.40999997,1.064591
2023-08-08 20:00:00,co,PIIANN,0.5225,0.9500247
2023-09-03 21:00:00,co,PIIANN,2.5025,2.127244
2023-10-12 14:00:00,co,PIIANN,0.43,0.41215855
2025-03-06 16:00:00,co,PIIANN,0.53,0.54492706
2022-02-10 02:00:00,co,PIIANN,2.67,2.8956764
2022-12-06 21:00:00,co,PIIANN,4.47,3.5153158
2025-03-05 08:00:00,co,PIIANN,1.21,1.1699305
2025-12-06 16:00:00,co,PIIANN,0.59999996,0.6854771
2023-06-05 11:00:00,co,PIIANN,0.8575,1.0727303
2023-07-05 18:00:00,co,PIIANN,0.4325,0.7687113
2022-10-01 18:00:00,co,PIIANN,1.1,1.178932
2022-05-03 00:00:00,co,PIIANN,0.52,4.883884
2025-09-10 17:00:00,co,PIIANN,0.040000014,0.3558905
2021-12-05 11:00:00,co,PIIANN,0.23999994,0.3336739
2021-11-03 14:00:00,co,PIIANN,0.6100001,0.5829291
2025-12-10 01:00:00,co,PIIANN,1.2,1.3432006
2025-01-10 15:00:00,co,PIIANN,0.31,0.5681263
2023-10-12 02:00:00,co,PIIANN,2.195,2.4341168
2021-09-12 05:00:00,co,PIIANN,2.3,2.4303496
2021-02-10 21:00:00,co,PIIANN,3.42,2.7299068
2024-04-10 02:00:00,co,PIIANN,2.7,2.353239
2023-05-09 11:00:00,co,PIIANN,1.1833333,0.62878615
2024-02-04 04:00:00,co,PIIANN,0.34000003,0.40476483
2024-01-10 09:00:00,co,PIIANN,0.5799999,0.59075266
2021-02-03 14:00:00,co,PIIANN,0.10999995,0.3195641
2025-08-03 01:00:00,co,PIIANN,2.19,2.1442125
2024-01-05 17:00:00,co,PIIANN,0.19999997,0.30090988
2024-03-08 21:00:00,co,PIIANN,1.33,1.1509697
2023-08-11 16:00:00,co,PIIANN,1.5933334,1.7090331
2024-03-06 11:00:00,co,PIIANN,0.37999994,0.44225675
2023-07-02 13:00:00,co,PIIANN,0.35000002,0.22892539
2022-01-05 15:00:00,co,PIIANN,0.54,0.73489636
2025-05-13 02:00:00,co,PIIANN,3.44779,3.3753638
2025-01-01 09:00:00,co,PIIANN,0.53,0.7054562
2022-05-12 16:00:00,co,PIIANN,0.65,0.7713036
2022-07-06 01:00:00,co,PIIANN,4.1775,4.21656
2022-09-10 22:00:00,co,PIIANN,0.43,0.77809733
2023-02-02 00:00:00,co,PIIANN,0.6333333,0.81597364
2021-04-02 07:00:00,co,PIIANN,1.17,0.9237823
2023-07-01 09:00:00,co,PIIANN,0.65,0.51075363
2023-07-12 13:00:00,co,PIIANN,0.71666664,0.61168617
2024-08-08 14:00:00,co,PIIANN,0.98,0.61968195
2021-10-09 15:00:00,co,PIIANN,0.6100001,0.5275035
2022-06-05 06:00:00,co,PIIANN,2.42,2.1007435
2025-06-04 08:00:00,co,PIIANN,0.99,1.0894028
2023-04-05 23:00:00,co,PIIANN,3.3133333,2.7887383
2022-02-10 22:00:00,co,PIIANN,0.99,1.3564701
2024-06-03 19:00:00,co,PIIANN,0.55,0.75514287
2022-02-09 07:00:00,co,PIIANN,0.55,0.5951648
2023-09-11 19:00:00,co,PIIANN,3.095,3.1830566
2021-10-11 18:00:00,co,PIIANN,4.5,3.995379
2021-07-09 14:00:00,co,PIIANN,0.84,0.6776472
2021-04-04 15:00:00,co,PIIANN,0.23999994,0.46128947
2024-04-12 19:00:00,co,PIIANN,1.3,1.3847615
2022-08-04 20:00:00,co,PIIANN,3.634,3.831214
2023-08-10 16:00:00,co,PIIANN,0.3,0.4511441
2025-09-04 03:00:00,co,PIIANN,1.34,1.2166647
2021-08-01 13:00:00,co,PIIANN,1.19,0.8994351
2022-09-04 07:00:00,co,PIIANN,4.11,3.653068
2023-05-07 16:00:00,co,PIIANN,0.5325,1.547302
2023-05-07 10:00:00,co,PIIANN,0.59499997,0.58745867
2024-01-08 18:00:00,co,PIIANN,1.38,0.7794776
2021-10-03 07:00:00,co,PIIANN,1.06,0.60422146
2024-09-02 01:00:00,co,PIIANN,0.7,0.6107793
2022-02-12 14:00:00,co,PIIANN,0.76,0.93782085
2023-03-06 09:00:00,co,PIIANN,1.37,1.4865026
2023-08-08 02:00:00,co,PIIANN,0.24500005,0.18963175
2021-11-02 13:00:00,co,PIIANN,1.96,1.3518084
2024-09-07 09:00:00,co,PIIANN,0.78,0.86335313
2025-07-06 20:00:00,co,PIIANN,1.3,1.4035323
2022-05-08 02:00:00,co,PIIANN,0.63,0.7432681
2025-01-07 15:00:00,co,PIIANN,0.47000003,0.43300742
2023-07-09 16:00:00,co,PIIANN,1.0775,0.98602885
2022-07-09 09:00:00,co,PIIANN,0.56,0.5149927
2021-04-04 06:00:00,co,PIIANN,1.2,1.2285539
2021-04-09 00:00:00,co,PIIANN,0.87,1.3589858
2025-12-10 11:00:00,co,PIIANN,0.44,0.42473215
2025-12-08 03:00:00,co,PIIANN,0.52,0.603166
2021-02-09 09:00:00,co,PIIANN,0.96,0.8141859
2024-06-08 08:00:00,co,PIIANN,0.72,0.66321456
2022-10-02 11:00:00,co,PIIANN,0.5,0.6301909
2022-02-02 07:00:00,co,PIIANN,0.20999996,0.17443614
2024-06-12 08:00:00,co,PIIANN,0.8,0.7836814
2024-11-06 17:00:00,co,PIIANN,0.18999998,0.19760577
2021-02-05 11:00:00,co,PIIANN,0.18999998,0.16361074
2021-05-02 01:00:00,co,PIIANN,0.55,0.98226136
2024-07-04 13:00:00,co,PIIANN,0.36,0.11030143
2024-02-07 11:00:00,co,PIIANN,0.69,0.781729
2025-10-05 09:00:00,co,PIIANN,1.29,1.4775116
2024-12-05 03:00:00,co,PIIANN,1.09,1.5045992
2022-07-03 07:00:00,co,PIIANN,3.35,3.3290405
2025-06-06 23:00:00,co,PIIANN,2.08,1.84567
2022-02-03 20:00:00,co,PIIANN,0.87,1.7467321
2023-03-08 20:00:00,co,PIIANN,0.6125,1.3357455
2022-01-05 06:00:00,co,PIIANN,1.24,1.6621073
2025-01-07 05:00:00,co,PIIANN,0.68,0.8573657
2025-01-08 21:00:00,co,PIIANN,0.36,0.6531373
2023-08-01 22:00:00,co,PIIANN,2.8950002,3.2252493
2025-07-04 14:00:00,co,PIIANN,0.98,0.895379
2025-04-11 02:00:00,co,PIIANN,3.68,3.474253
2025-03-03 21:00:00,co,PIIANN,0.88,1.2229689
2021-11-09 03:00:00,co,PIIANN,0.48000002,0.4898529
2022-04-06 02:00:00,co,PIIANN,1.52,2.6514733
2021-05-03 00:00:00,co,PIIANN,5.49,3.0307198
2023-08-05 07:00:00,co,PIIANN,1.035,1.026555
2021-03-08 15:00:00,co,PIIANN,0.16000001,0.20058481
2023-06-04 13:00:00,co,PIIANN,0.47750002,0.46535337
2021-07-09 06:00:00,co,PIIANN,0.76,0.08760279
2021-03-09 09:00:00,co,PIIANN,0.96,0.79642326
2022-04-08 02:00:00,co,PIIANN,0.83,0.89456826
2021-08-12 22:00:00,co,PIIANN,4.0800004,4.092638
2024-06-07 14:00:00,co,PIIANN,0.64,0.70536375
2021-04-09 19:00:00,co,PIIANN,0.87,1.1322763
2023-11-11 21:00:00,co,PIIANN,1.4975,1.4560966
2024-09-07 04:00:00,co,PIIANN,0.54,0.5543171
2024-04-12 20:00:00,co,PIIANN,1.64,1.9667757
2025-01-06 21:00:00,co,PIIANN,0.74,0.7564847
2024-10-01 16:00:00,co,PIIANN,0.59999996,0.85516924
2022-08-11 21:00:00,co,PIIANN,1.13,2.3198464
2024-02-05 01:00:00,co,PIIANN,2.08,1.6305512
2022-03-01 19:00:00,co,PIIANN,3.68,2.7040148
2025-11-05 22:00:00,co,PIIANN,0.42000008,1.0755022
2023-06-12 03:00:00,co,PIIANN,1.4025,1.4860746
2022-06-09 13:00:00,co,PIIANN,0.39000005,0.39913952
2025-05-03 15:00:00,co,PIIANN,0.059999995,0.356098
2023-04-12 03:00:00,co,PIIANN,1.7375,1.651965
2024-02-10 15:00:00,co,PIIANN,0.42000008,0.43357176
2022-06-03 10:00:00,co,PIIANN,0.63,0.8260023
2021-08-04 18:00:00,co,PIIANN,0.59999996,0.8394634
2024-04-10 23:00:00,co,PIIANN,2.28,2.7517755
2023-11-07 04:00:00,co,PIIANN,0.6625,0.52764714
2021-03-02 07:00:00,co,PIIANN,1.46,1.0975986
2022-04-03 15:00:00,co,PIIANN,0.28000003,0.7828362
2021-09-12 09:00:00,co,PIIANN,1.69,1.7172372
2025-01-11 22:00:00,co,PIIANN,3.09,3.3887854
2022-01-11 18:00:00,co,PIIANN,3.04,2.9623396
2024-08-04 03:00:00,co,PIIANN,2.02,1.9937807
2021-12-04 16:00:00,co,PIIANN,0.34000003,0.47548318
2024-03-10 22:00:00,co,PIIANN,2.92,2.448817
2024-01-02 14:00:00,co,PIIANN,0.3,0.22927777
2021-09-13 01:00:00,co,PIIANN,4.374434,3.891946
2022-07-03 11:00:00,co,PIIANN,2.07,2.4828324
2024-09-11 18:00:00,co,PIIANN,1.27,0.9874091
2022-04-09 07:00:00,co,PIIANN,0.33000004,0.44157207
2025-05-04 22:00:00,co,PIIANN,2.23,1.8128598
2025-05-04 00:00:00,co,PIIANN,2.06,0.5437716
2021-08-02 07:00:00,co,PIIANN,1.75,1.6095324
2025-03-04 12:00:00,co,PIIANN,0.17999999,0.6145684
2023-04-10 09:00:00,co,PIIANN,0.8025,0.9681112
2024-02-08 07:00:00,co,PIIANN,1.34,0.9764018
2022-04-08 03:00:00,co,PIIANN,0.67,0.78377926
2021-02-02 07:00:00,co,PIIANN,3.4,2.6764586
2025-08-05 12:00:00,co,PIIANN,0.68,0.80523866
2021-01-05 16:00:00,co,PIIANN,0.08999997,0.40395236
2023-02-08 14:00:00,co,PIIANN,0.24249999,0.4891675
2021-09-10 18:00:00,co,PIIANN,3.78,2.0871298
2023-11-01 17:00:00,co,PIIANN,0.745,0.97222304
2022-12-04 04:00:00,co,PIIANN,2.79,2.9365585
2025-10-05 20:00:00,co,PIIANN,1.3,1.4680549
2024-10-10 10:00:00,co,PIIANN,0.71,0.76910615
2024-11-03 20:00:00,co,PIIANN,0.72,1.693505
2022-02-10 13:00:00,co,PIIANN,0.5,0.57007736
2022-05-04 01:00:00,co,PIIANN,4.36,2.6165018
2022-12-12 04:00:00,co,PIIANN,0.59999996,0.686246
2025-12-05 03:00:00,co,PIIANN,0.34000003,0.31523615
2023-11-08 10:00:00,co,PIIANN,0.23999994,0.40531003
2022-02-05 10:00:00,co,PIIANN,0.87,0.9208652
2022-09-05 06:00:00,co,PIIANN,1.06,0.7584971
2024-08-02 21:00:00,co,PIIANN,0.59999996,0.84631765
2021-11-04 03:00:00,co,PIIANN,1.37,1.1809735
2025-03-11 20:00:00,co,PIIANN,3.26,2.6694243
2025-04-11 12:00:00,co,PIIANN,1.15,1.2817366
2021-03-11 10:00:00,co,PIIANN,2.02,1.5252024
2025-05-06 08:00:00,co,PIIANN,0.14000003,0.5855853
2024-06-12 13:00:00,co,PIIANN,0.79,0.6661546
2024-05-02 06:00:00,co,PIIANN,0.39999998,0.47823805
2024-08-07 05:00:00,co,PIIANN,0.62,0.55943525
2025-06-01 10:00:00,co,PIIANN,0.82,0.75411147
2021-09-03 10:00:00,co,PIIANN,1.32,1.5647218
2024-08-07 07:00:00,co,PIIANN,0.67,0.617626
2024-03-06 05:00:00,co,PIIANN,0.19999997,0.40262306
2022-12-02 02:00:00,co,PIIANN,1.32,1.5366112
2025-10-11 01:00:00,co,PIIANN,1.59,2.10208
2023-09-09 09:00:00,co,PIIANN,0.485,0.51117665
2024-02-01 14:00:00,co,PIIANN,0.55,0.5146433
2025-01-04 14:00:00,co,PIIANN,0.15000002,0.17518537
2023-03-09 17:00:00,co,PIIANN,0.33000004,0.6336086
2023-09-12 05:00:00,co,PIIANN,1.455,1.6188008
2021-07-10 13:00:00,co,PIIANN,0.78,0.83689994
2025-12-02 16:00:00,co,PIIANN,0.059999995,0.33714318
2023-06-09 15:00:00,co,PIIANN,0.92,0.8929969
2025-06-12 00:00:00,co,PIIANN,3.61,1.6152961
2021-01-02 08:00:00,co,PIIANN,5.68,4.164689
2025-12-10 21:00:00,co,PIIANN,0.95,1.5423104
2023-03-03 22:00:00,co,PIIANN,1.14,1.3719943
2022-08-04 19:00:00,co,PIIANN,3.77,2.3775568
2021-01-06 03:00:00,co,PIIANN,0.96,0.110392265
2023-06-04 08:00:00,co,PIIANN,0.6100001,0.60445446
2024-07-05 00:00:00,co,PIIANN,3.35,2.6745734
2023-10-03 20:00:00,co,PIIANN,1.1275,1.2026144
2021-02-09 10:00:00,co,PIIANN,1.01,0.78640723
2021-07-08 21:00:00,co,PIIANN,2.59,2.462341
2025-06-03 00:00:00,co,PIIANN,0.20999996,0.69549924
2024-09-01 20:00:00,co,PIIANN,0.56999993,1.2803524
2024-02-05 23:00:00,co,PIIANN,2.09,2.4805913
2023-10-03 04:00:00,co,PIIANN,2.065,2.1520495
2023-01-11 06:00:00,co,PIIANN,4.1475,4.142463
2024-01-08 08:00:00,co,PIIANN,0.95,0.6775846
2022-11-11 07:00:00,co,PIIANN,1.21,0.92174417
2022-09-10 16:00:00,co,PIIANN,0.32,0.41453665
2024-07-10 09:00:00,co,PIIANN,0.77,0.71086603
2022-02-05 17:00:00,co,PIIANN,0.66,0.9285659
2024-01-05 16:00:00,co,PIIANN,0.15000002,0.26543218
2023-12-09 17:00:00,co,PIIANN,1.1425,1.1277102
2024-07-08 19:00:00,co,PIIANN,1.16,1.0599985
2024-10-05 14:00:00,co,PIIANN,5.2113677e-08,0.2585674
2025-06-11 22:00:00,co,PIIANN,1.9299998,2.4083905
2024-05-01 19:00:00,co,PIIANN,1.18,1.5269964
2022-02-10 06:00:00,co,PIIANN,1.79,1.67207
2025-09-13 02:00:00,co,PIIANN,2.3244803,2.224405
2025-08-07 00:00:00,co,PIIANN,1.52,2.0638247
2025-11-09 18:00:00,co,PIIANN,0.40999997,0.36565387
2023-03-07 13:00:00,co,PIIANN,0.4525,0.58249927
2021-11-03 00:00:00,co,PIIANN,2.85,3.371959
2021-01-10 09:00:00,co,PIIANN,1.57,1.6455694
2024-02-01 15:00:00,co,PIIANN,0.59999996,0.6069357
2021-07-02 04:00:00,co,PIIANN,1.03,1.1122322
2024-04-02 08:00:00,co,PIIANN,1.6,1.5618825
2021-01-09 20:00:00,co,PIIANN,1.75,1.2937862
2025-02-03 22:00:00,co,PIIANN,2.01,1.6044697
2022-10-08 21:00:00,co,PIIANN,0.48000002,1.2105846
2025-02-10 20:00:00,co,PIIANN,0.36,0.6986665
2022-02-02 08:00:00,co,PIIANN,0.22999994,0.1502407
2021-05-02 14:00:00,co,PIIANN,0.28000003,0.50816023
2025-08-03 02:00:00,co,PIIANN,1.95,1.9256108
2025-10-09 04:00:00,co,PIIANN,0.34000003,0.34358966
2023-02-12 17:00:00,co,PIIANN,0.6775,1.0223422
2022-12-01 13:00:00,co,PIIANN,0.9,0.9381502
2021-12-05 09:00:00,co,PIIANN,0.39000005,0.410604
2025-10-12 11:00:00,co,PIIANN,0.56999993,0.40275466
2023-02-03 22:00:00,co,PIIANN,3.305,3.2564185
2021-07-11 18:00:00,co,PIIANN,2.05,2.4496596
2022-04-12 05:00:00,co,PIIANN,2.57,2.9012122
2022-02-01 17:00:00,co,PIIANN,1.48,1.8195899
2023-01-08 13:00:00,co,PIIANN,0.29249996,0.5042878
2022-01-05 14:00:00,co,PIIANN,0.6100001,0.5929885
2022-11-07 02:00:00,co,PIIANN,1.26,0.99982053
2022-11-05 17:00:00,co,PIIANN,1.34,1.0851033
2023-05-01 19:00:00,co,PIIANN,1.6025,1.5195359
2024-06-05 17:00:00,co,PIIANN,0.15000002,0.32716912
2023-02-03 06:00:00,co,PIIANN,2.8525,3.1602197
2024-07-06 03:00:00,co,PIIANN,0.32,0.45248228
2025-06-01 19:00:00,co,PIIANN,0.92,1.3368585
2024-09-11 14:00:00,co,PIIANN,0.56,0.5394468
2021-05-01 19:00:00,co,PIIANN,2.07,1.5230248
2025-01-10 09:00:00,co,PIIANN,0.31,0.5638729
2024-04-12 17:00:00,co,PIIANN,0.74,0.5650321
2022-09-06 17:00:00,co,PIIANN,1.31,0.86841655
2021-08-02 06:00:00,co,PIIANN,1.77,1.8053145
2023-04-08 09:00:00,co,PIIANN,0.9075,0.5618386
2024-10-09 17:00:00,co,PIIANN,0.47000003,0.56291336
2024-10-06 04:00:00,co,PIIANN,0.69,0.9756568
2023-05-04 09:00:00,co,PIIANN,0.9075,1.0295848
2025-09-08 19:00:00,co,PIIANN,0.44,0.6375102
2023-07-12 01:00:00,co,PIIANN,2.2,2.368228
2023-11-03 16:00:00,co,PIIANN,0.48000002,0.6193761
2022-02-12 16:00:00,co,PIIANN,0.91,1.0784147
2023-02-09 15:00:00,co,PIIANN,0.36777776,0.6788854
2023-08-06 03:00:00,co,PIIANN,2.5725,2.419116
2022-09-03 12:00:00,co,PIIANN,0.42000008,0.681118
2025-08-05 14:00:00,co,PIIANN,0.5799999,0.46221548
2023-10-04 00:00:00,co,PIIANN,5.5275,3.3394465
2022-04-09 17:00:00,co,PIIANN,0.37,0.5474666
2024-10-12 08:00:00,co,PIIANN,1.11,1.1439633
2024-01-12 19:00:00,co,PIIANN,0.83,1.2032812
2025-06-02 23:00:00,co,PIIANN,0.42000008,0.81134415
2021-08-06 07:00:00,co,PIIANN,0.020000033,0.098088674
2023-01-05 11:00:00,co,PIIANN,0.56999993,0.7470213
2024-07-05 19:00:00,co,PIIANN,1.62,1.3406103
2024-02-03 19:00:00,co,PIIANN,0.09999996,0.38836586
2021-12-11 09:00:00,co,PIIANN,3.18,3.580703
2024-12-06 21:00:00,co,PIIANN,1.88,1.3857079
2024-07-10 06:00:00,co,PIIANN,0.66,0.71137536
2023-07-06 18:00:00,co,PIIANN,1.5225,0.9831621
2024-03-12 04:00:00,co,PIIANN,1.388,1.4010803
2024-03-09 15:00:00,co,PIIANN,0.23999994,0.45645583
2023-11-12 05:00:00,co,PIIANN,1.815,1.8128561
2022-11-02 18:00:00,co,PIIANN,0.37,0.63043815
2023-05-07 07:00:00,co,PIIANN,0.5375,0.5336886
2025-01-12 12:00:00,co,PIIANN,1.11,1.1645455
2022-07-04 19:00:00,co,PIIANN,1.29,1.3532898
2021-09-05 04:00:00,co,PIIANN,0.28000003,0.3920483
2025-10-10 13:00:00,co,PIIANN,0.21999995,0.20152299
2023-07-07 06:00:00,co,PIIANN,0.45750004,0.46404582
2023-11-04 08:00:00,co,PIIANN,2.46,2.3233612
2025-06-06 04:00:00,co,PIIANN,0.48000002,0.75061536
2024-03-11 20:00:00,co,PIIANN,1.44,1.8056716
2023-07-09 21:00:00,co,PIIANN,1.61,1.5044991
2021-08-05 02:00:00,co,PIIANN,1.29,1.0984796
2021-04-04 23:00:00,co,PIIANN,3.61,2.8541605
2021-02-12 07:00:00,co,PIIANN,2.89,2.7604768
2025-02-04 11:00:00,co,PIIANN,0.77,0.75722486
2022-11-08 15:00:00,co,PIIANN,0.18999998,0.55054027
2023-03-02 22:00:00,co,PIIANN,2.2475,2.211437
2025-04-11 11:00:00,co,PIIANN,1.39,1.7333267
2025-12-02 08:00:00,co,PIIANN,0.98,1.36378
2024-07-08 23:00:00,co,PIIANN,1.28,1.4832499
2021-02-02 02:00:00,co,PIIANN,5.57,5.7218328
2024-11-11 12:00:00,co,PIIANN,0.81,0.5620684
2022-07-03 15:00:00,co,PIIANN,0.71,0.93516946
2025-06-04 22:00:00,co,PIIANN,3.46,3.149752
2025-05-06 07:00:00,co,PIIANN,0.67,0.65790194
2021-09-07 15:00:00,co,PIIANN,0.29000002,0.489887
2024-11-10 17:00:00,co,PIIANN,0.52,0.5201822
2024-09-07 03:00:00,co,PIIANN,0.52,0.5687651
2025-05-11 07:00:00,co,PIIANN,0.76,0.7448805
2023-07-05 10:00:00,co,PIIANN,0.48666668,0.6596478
2024-02-09 05:00:00,co,PIIANN,0.3,0.30089647
2025-12-11 19:00:00,co,PIIANN,2.29,2.4272194
2024-08-10 05:00:00,co,PIIANN,1.02,1.0130047
2022-06-06 03:00:00,co,PIIANN,0.39999998,0.835741
2021-01-02 19:00:00,co,PIIANN,1.98,2.0706906
2023-02-01 08:00:00,co,PIIANN,0.66,0.5132203
2023-10-10 21:00:00,co,PIIANN,3.58,3.2102978
2023-03-07 12:00:00,co,PIIANN,0.41500008,0.6228052
2025-11-12 04:00:00,co,PIIANN,2.66,2.8767257
2021-10-08 17:00:00,co,PIIANN,0.42000008,0.48111606
2022-11-03 18:00:00,co,PIIANN,0.18999998,0.57418495
2021-04-05 02:00:00,co,PIIANN,0.52,0.5828141
2021-01-10 08:00:00,co,PIIANN,2.07,1.8822836
2021-04-02 01:00:00,co,PIIANN,1.85,2.3621676
2022-06-03 03:00:00,co,PIIANN,0.88,0.86098206
2025-05-06 16:00:00,co,PIIANN,0.79,0.6204638
2024-03-03 22:00:00,co,PIIANN,0.55,0.6769837
2025-08-07 22:00:00,co,PIIANN,1.02,1.1020025
2022-03-10 06:00:00,co,PIIANN,0.7,0.7944063
2022-09-05 05:00:00,co,PIIANN,0.82,0.88636446
2025-12-05 01:00:00,co,PIIANN,0.34000003,0.4644752
2024-11-01 16:00:00,co,PIIANN,0.7,1.0901527
2024-05-06 05:00:00,co,PIIANN,0.69,0.8452642
2023-04-08 06:00:00,co,PIIANN,0.28750002,0.40407664
2024-12-04 20:00:00,co,PIIANN,2.58,2.768375
2024-07-06 13:00:00,co,PIIANN,0.22999994,-0.17442007
2021-07-12 07:00:00,co,PIIANN,1.78,1.7501233
2022-03-10 14:00:00,co,PIIANN,0.39000005,0.568031
2022-04-10 00:00:00,co,PIIANN,1.18,1.0426795
2023-11-09 16:00:00,co,PIIANN,0.7225,0.70138377
2021-04-10 06:00:00,co,PIIANN,1.08,0.88390774
2025-09-03 09:00:00,co,PIIANN,2.71,2.6499295
2023-07-03 22:00:00,co,PIIANN,4.09,2.5291066
2021-09-05 12:00:00,co,PIIANN,0.39999998,0.29753983
2023-11-04 23:00:00,co,PIIANN,3.71,3.6319609
2021-04-11 19:00:00,co,PIIANN,3.18,3.2679896
2023-12-04 20:00:00,co,PIIANN,1.655,1.2254877
2023-12-02 05:00:00,co,PIIANN,0.6325,0.60734963
2021-07-06 17:00:00,co,PIIANN,0.13000004,0.57173836
2025-02-02 01:00:00,co,PIIANN,1.64,1.9678723
2024-10-11 04:00:00,co,PIIANN,1.33,1.292682
2023-08-02 11:00:00,co,PIIANN,0.6525,0.7045571
2024-02-10 10:00:00,co,PIIANN,0.39000005,0.48148865
2024-11-02 02:00:00,co,PIIANN,2.7,2.075887
2024-08-03 14:00:00,co,PIIANN,0.19999997,0.08887368
2021-07-06 00:00:00,co,PIIANN,0.40999997,1.1439713
2021-12-02 05:00:00,co,PIIANN,2.91,2.9368277
2023-02-08 21:00:00,co,PIIANN,0.6675,1.0375395
2021-03-04 16:00:00,co,PIIANN,0.34000003,0.39787745
2021-07-06 22:00:00,co,PIIANN,0.04185181,0.73220915
2023-06-02 07:00:00,co,PIIANN,1.615,1.5389361
2022-08-04 03:00:00,co,PIIANN,3.88,4.0800347
2024-05-09 18:00:00,co,PIIANN,0.73,0.57293904
2021-12-10 13:00:00,co,PIIANN,0.59999996,0.9589822
2021-06-10 09:00:00,co,PIIANN,0.98,1.0209814
2021-09-10 17:00:00,co,PIIANN,1.9,1.0600863
2023-05-03 07:00:00,co,PIIANN,0.7525,0.74334955
2022-09-05 17:00:00,co,PIIANN,0.8,1.0351043
2023-06-03 22:00:00,co,PIIANN,2.29,2.2080371
2021-01-05 13:00:00,co,PIIANN,0.42000008,0.18164031
2022-09-03 04:00:00,co,PIIANN,1.65,1.7543186
2021-10-12 18:00:00,co,PIIANN,2.7300003,2.637957
2024-05-12 19:00:00,co,PIIANN,1.24,1.3310001
2022-04-05 07:00:00,co,PIIANN,1.62,0.90338886
2024-01-08 23:00:00,co,PIIANN,2.17,1.7582306
2022-01-08 01:00:00,co,PIIANN,2.0,1.6189189
2022-06-08 03:00:00,co,PIIANN,1.32,1.4801759
2024-02-01 19:00:00,co,PIIANN,1.52,1.5260544
2025-08-07 16:00:00,co,PIIANN,0.32,0.36181813
2022-04-08 11:00:00,co,PIIANN,0.77,0.8592483
2021-08-10 10:00:00,co,PIIANN,1.0,1.0942702
2023-08-08 06:00:00,co,PIIANN,0.13249998,0.1271048
2024-07-04 14:00:00,co,PIIANN,0.20999996,0.11098116
2024-02-04 00:00:00,co,PIIANN,0.39000005,0.44895136
2021-09-08 18:00:00,co,PIIANN,0.82,0.9261967
2023-04-10 22:00:00,co,PIIANN,2.2125,2.4383926
2023-11-05 07:00:00,co,PIIANN,2.28,2.240315
2023-03-09 12:00:00,co,PIIANN,0.25500005,0.5438271
2025-06-05 10:00:00,co,PIIANN,0.59000003,0.74998444
2021-07-05 05:00:00,co,PIIANN,0.29000002,0.37270164
2023-07-07 09:00:00,co,PIIANN,0.7325,0.6198281
2021-10-04 08:00:00,co,PIIANN,1.18,1.2501862
2024-09-08 11:00:00,co,PIIANN,0.3,0.067208104
2023-08-04 02:00:00,co,PIIANN,2.54,2.8455136
2021-02-12 05:00:00,co,PIIANN,3.25,3.3893437
2021-11-03 18:00:00,co,PIIANN,0.96,1.1849399
2023-11-02 05:00:00,co,PIIANN,2.6425,2.1544428
2022-05-02 12:00:00,co,PIIANN,1.12,1.1825433
2023-08-04 19:00:00,co,PIIANN,0.745,0.71774423
2021-07-01 23:00:00,co,PIIANN,2.7,2.678652
2023-12-04 01:00:00,co,PIIANN,3.32,3.1922376
2024-12-10 02:00:00,co,PIIANN,1.52,1.5791793
2025-04-09 19:00:00,co,PIIANN,0.34000003,0.5410935
2025-04-05 03:00:00,co,PIIANN,1.81,1.5427439
2024-04-06 02:00:00,co,PIIANN,0.99,1.5660373
2024-12-04 17:00:00,co,PIIANN,0.76,0.678087
2022-09-02 13:00:00,co,PIIANN,0.31,0.57941973
2021-08-04 22:00:00,co,PIIANN,2.7300003,2.1455936
2021-05-06 17:00:00,co,PIIANN,0.20999996,0.5632797
2023-07-10 03:00:00,co,PIIANN,4.24,4.1106176
2022-12-12 08:00:00,co,PIIANN,0.54,0.50714856
2025-02-09 18:00:00,co,PIIANN,0.23999994,0.3833506
2024-04-11 10:00:00,co,PIIANN,0.96,0.8903954
2023-02-04 10:00:00,co,PIIANN,1.675,1.6576117
2024-12-12 21:00:00,co,PIIANN,1.82,2.1011498
2025-02-06 09:00:00,co,PIIANN,0.64,0.6975537
2021-05-12 05:00:00,co,PIIANN,6.3099995,5.45824
2023-09-07 09:00:00,co,PIIANN,0.6425,0.3730725
2025-01-02 14:00:00,co,PIIANN,0.98,1.5272858
2022-05-08 12:00:00,co,PIIANN,1.04,0.7211087
2021-01-02 15:00:00,co,PIIANN,0.12000006,0.29657626
2024-11-04 14:00:00,co,PIIANN,0.34000003,0.48650986
2021-06-04 19:00:00,co,PIIANN,2.47,3.1308646
2025-02-11 01:00:00,co,PIIANN,2.56,2.71264
2023-06-03 12:00:00,co,PIIANN,0.70666665,0.86789393
2021-10-05 20:00:00,co,PIIANN,1.4,1.5209984
2022-08-12 20:00:00,co,PIIANN,2.3,2.3612661
2024-03-05 01:00:00,co,PIIANN,1.67,1.8047007
2024-01-02 11:00:00,co,PIIANN,0.21999995,0.42807275
2021-08-09 14:00:00,co,PIIANN,0.6100001,0.49710214
2025-05-07 08:00:00,co,PIIANN,0.59999996,0.62907857
2022-10-06 18:00:00,co,PIIANN,1.25,1.0732387
2021-05-08 19:00:00,co,PIIANN,0.68,0.8809786
2023-07-11 08:00:00,co,PIIANN,3.47,3.2104278
2025-09-09 07:00:00,co,PIIANN,0.54,0.6284838
2022-07-09 17:00:00,co,PIIANN,0.54,0.620026
2025-10-02 05:00:00,o3,PIIANN,18.68,20.468458
2024-11-12 18:00:00,o3,PIIANN,22.4,20.62696
2023-04-08 21:00:00,o3,PIIANN,1.8000005,7.586391
2023-03-08 15:00:00,o3,PIIANN,60.15,52.2858
2021-09-03 05:00:00,o3,PIIANN,20.17,18.862766
2025-06-12 22:00:00,o3,PIIANN,17.48,19.665565
2022-06-12 23:00:00,o3,PIIANN,74.2,69.110504
2025-04-12 13:00:00,o3,PIIANN,21.98,24.920948
2024-10-03 09:00:00,o3,PIIANN,33.67,24.48026
2025-05-12 02:00:00,o3,PIIANN,15.349999,9.876016
2025-07-04 03:00:00,o3,PIIANN,20.01,20.94374
2024-08-11 19:00:00,o3,PIIANN,30.22,25.566862
2023-08-08 00:00:00,o3,PIIANN,4.3749995,9.64684
2021-11-08 03:00:00,o3,PIIANN,38.65,35.008453
2022-08-07 18:00:00,o3,PIIANN,59.7,49.937088
2024-10-05 12:00:00,o3,PIIANN,13.2,33.224293
2023-10-02 19:00:00,o3,PIIANN,16.225,14.321963
2025-09-01 17:00:00,o3,PIIANN,20.03,25.590446
2022-06-08 04:00:00,o3,PIIANN,19.95,21.684395
2022-12-07 20:00:00,o3,PIIANN,23.8,26.336208
2022-09-08 08:00:00,o3,PIIANN,23.4,26.165123
2024-06-03 14:00:00,o3,PIIANN,88.48,72.48328
2024-06-07 03:00:00,o3,PIIANN,10.87,17.30651
2022-02-08 23:00:00,o3,PIIANN,23.67,30.143787
2023-12-08 05:00:00,o3,PIIANN,4.1250014,7.3063655
2023-03-02 12:00:00,o3,PIIANN,26.5,30.519821
2024-08-12 09:00:00,o3,PIIANN,32.98,31.766918
2021-09-09 09:00:00,o3,PIIANN,57.28,51.946026
2024-03-04 06:00:00,o3,PIIANN,1.7800001,2.9756408
2022-04-04 12:00:00,o3,PIIANN,111.75,81.94046
2022-05-11 06:00:00,o3,PIIANN,58.38,48.94251
2025-01-08 17:00:00,o3,PIIANN,23.08,23.000666
2022-01-04 10:00:00,o3,PIIANN,101.7,59.070446
2024-02-12 00:00:00,o3,PIIANN,22.63,22.082922
2023-06-08 05:00:00,o3,PIIANN,2.5750003,4.7467628
2021-08-08 03:00:00,o3,PIIANN,45.2,42.95296
2021-09-08 05:00:00,o3,PIIANN,44.02,40.871758
2022-07-05 04:00:00,o3,PIIANN,5.7499995,7.3654532
2024-06-09 20:00:00,o3,PIIANN,44.36,31.309727
2024-01-12 12:00:00,o3,PIIANN,22.01,22.407097
2021-10-02 12:00:00,o3,PIIANN,144.02,111.8885
2024-11-12 11:00:00,o3,PIIANN,31.78,29.032461
2021-09-05 08:00:00,o3,PIIANN,68.7,48.767277
2022-06-01 12:00:00,o3,PIIANN,33.12,39.11083
2023-06-04 00:00:00,o3,PIIANN,14.499999,16.208326
2021-02-11 02:00:00,o3,PIIANN,23.02,26.872078
2024-05-04 07:00:00,o3,PIIANN,2.560001,3.4820857
2022-07-10 04:00:00,o3,PIIANN,33.22,26.097153
2023-04-10 04:00:00,o3,PIIANN,9.533334,10.814595
2024-03-12 11:00:00,o3,PIIANN,24.12,27.702547
2024-05-09 10:00:00,o3,PIIANN,14.19,17.333761
2022-05-08 08:00:00,o3,PIIANN,22.888,27.968815
2022-06-01 11:00:00,o3,PIIANN,32.83,39.55126
2024-11-05 00:00:00,o3,PIIANN,17.77,7.1362376
2022-01-09 12:00:00,o3,PIIANN,52.55,56.63478
2024-02-03 09:00:00,o3,PIIANN,25.95,28.267794
2022-08-08 05:00:00,o3,PIIANN,23.32,23.107346
2024-11-10 06:00:00,o3,PIIANN,26.76,25.18015
2023-12-02 12:00:00,o3,PIIANN,25.2,35.00974
2023-02-05 22:00:00,o3,PIIANN,15.425,14.71758
2023-03-11 21:00:00,o3,PIIANN,5.9999995,4.0321937
2025-04-03 23:00:00,o3,PIIANN,25.86,22.665668
2025-08-12 08:00:00,o3,PIIANN,10.28,10.469678
2025-09-11 17:00:00,o3,PIIANN,8.179999,13.878331
2023-11-02 04:00:00,o3,PIIANN,20.35,18.448233
2025-06-11 01:00:00,o3,PIIANN,3.3299975,10.964608
2023-09-11 17:00:00,o3,PIIANN,6.1249995,16.988596
2024-06-02 02:00:00,o3,PIIANN,4.7200007,3.3302245
2021-03-12 18:00:00,o3,PIIANN,20.32,17.698668
2023-11-01 11:00:00,o3,PIIANN,10.524999,17.236643
2024-03-04 21:00:00,o3,PIIANN,4.2000003,5.0606303
2022-09-11 12:00:00,o3,PIIANN,58.88,61.649178
2024-02-03 08:00:00,o3,PIIANN,24.97,28.517822
2021-11-07 06:00:00,o3,PIIANN,23.35,23.267544
2025-10-08 18:00:00,o3,PIIANN,31.92,29.556746
2024-09-08 04:00:00,o3,PIIANN,21.83,19.687424
2024-01-12 09:00:00,o3,PIIANN,22.48,22.517944
2022-06-05 04:00:00,o3,PIIANN,4.8800006,6.1698337
2021-11-02 18:00:00,o3,PIIANN,43.52,84.03342
2022-04-08 22:00:00,o3,PIIANN,23.35,26.112944
2023-04-07 11:00:00,o3,PIIANN,49.575,52.036556
2023-10-11 11:00:00,o3,PIIANN,6.6750007,13.785346
2022-10-04 20:00:00,o3,PIIANN,10.093333,7.126432
2025-11-03 18:00:00,o3,PIIANN,37.94,48.867542
2023-12-07 00:00:00,o3,PIIANN,15.075,27.142859
2022-08-13 02:00:00,o3,PIIANN,71.84431,73.61138
2024-05-06 22:00:00,o3,PIIANN,27.86,21.914167
2021-08-10 07:00:00,o3,PIIANN,26.7,28.459572
2023-01-05 17:00:00,o3,PIIANN,14.274999,16.819857
2022-03-06 05:00:00,o3,PIIANN,13.679999,15.870025
2021-10-04 21:00:00,o3,PIIANN,8.679999,12.708688
2021-08-10 09:00:00,o3,PIIANN,31.15,35.202602
2024-08-09 02:00:00,o3,PIIANN,20.15,18.160244
2025-11-08 02:00:00,o3,PIIANN,32.37,32.896835
2023-06-07 05:00:00,o3,PIIANN,3.6249995,8.862514
2021-10-02 10:00:00,o3,PIIANN,62.55,36.735573
2025-01-12 18:00:00,o3,PIIANN,15.349999,9.638959
2022-05-08 09:00:00,o3,PIIANN,23.8,28.140293
2025-04-07 19:00:00,o3,PIIANN,55.47,51.01037
2024-01-02 03:00:00,o3,PIIANN,3.2200007,-2.522305
2021-02-02 05:00:00,o3,PIIANN,18.85,20.880377
2024-05-07 05:00:00,o3,PIIANN,8.179999,15.295796
2025-09-11 03:00:00,o3,PIIANN,8.06,5.1224017
2023-04-09 22:00:00,o3,PIIANN,19.6,21.967264
2024-03-12 22:00:00,o3,PIIANN,23.24,27.381113
2022-10-11 16:00:00,o3,PIIANN,58.61,44.961796
2021-07-13 00:00:00,o3,PIIANN,19.268402,19.309204
2022-08-03 18:00:00,o3,PIIANN,5.150001,23.996216
2025-07-07 01:00:00,o3,PIIANN,55.06,50.453106
2023-08-01 21:00:00,o3,PIIANN,10.599999,7.7679152
2024-10-11 05:00:00,o3,PIIANN,39.98,37.171997
2022-03-01 20:00:00,o3,PIIANN,35.88,23.049854
2022-11-06 15:00:00,o3,PIIANN,24.35,31.787388
2025-06-08 11:00:00,o3,PIIANN,22.4,27.682716
2023-08-04 04:00:00,o3,PIIANN,13.224999,12.743529
2023-12-08 09:00:00,o3,PIIANN,20.3,12.761863
2021-02-03 15:00:00,o3,PIIANN,148.25,133.96272
2025-03-03 16:00:00,o3,PIIANN,49.53,36.320114
2023-08-10 03:00:00,o3,PIIANN,20.525,21.654322
2025-03-10 17:00:00,o3,PIIANN,22.36,27.025103
2023-05-09 21:00:00,o3,PIIANN,18.775,11.3198805
2022-11-08 10:00:00,o3,PIIANN,42.55,44.973732
2025-07-08 03:00:00,o3,PIIANN,23.21,26.002386
2021-12-12 21:00:00,o3,PIIANN,21.48,19.282587
2022-02-12 09:00:00,o3,PIIANN,58.28,57.932816
2021-01-10 06:00:00,o3,PIIANN,37.83,27.69271
2025-06-06 21:00:00,o3,PIIANN,20.6,14.663247
2023-03-10 07:00:00,o3,PIIANN,7.0500007,10.450086
2024-07-07 20:00:00,o3,PIIANN,8.21,15.27612
2025-07-02 23:00:00,o3,PIIANN,20.5,19.341759
2022-11-02 11:00:00,o3,PIIANN,69.57,53.597786
2021-05-05 04:00:00,o3,PIIANN,37.15,55.812748
2022-04-09 21:00:00,o3,PIIANN,58.22,51.308933
2021-02-02 23:00:00,o3,PIIANN,18.65,21.031672
2023-09-06 04:00:00,o3,PIIANN,24.45,22.635181
2023-12-06 18:00:00,o3,PIIANN,82.4,67.078094
2025-12-06 09:00:00,o3,PIIANN,25.0,29.810757
2025-01-08 20:00:00,o3,PIIANN,22.95,20.302034
2025-11-05 21:00:00,o3,PIIANN,49.65,24.802238
2021-09-07 02:00:00,o3,PIIANN,36.55,34.37355
2022-03-09 01:00:00,o3,PIIANN,54.65,53.75811
2022-05-04 02:00:00,o3,PIIANN,1.1799997,7.4066195
2023-06-01 17:00:00,o3,PIIANN,10.45,16.840202
2021-10-12 03:00:00,o3,PIIANN,19.58,20.146193
2023-11-11 06:00:00,o3,PIIANN,6.9500003,8.966865
2022-05-04 11:00:00,o3,PIIANN,78.8,42.579895
2024-11-12 22:00:00,o3,PIIANN,22.76,20.481062
2022-04-09 15:00:00,o3,PIIANN,56.8,55.472103
2021-09-02 16:00:00,o3,PIIANN,125.58,117.945724
2024-01-03 12:00:00,o3,PIIANN,125.52,87.27267
2024-12-07 20:00:00,o3,PIIANN,10.849999,15.831534
2023-07-12 21:00:00,o3,PIIANN,9.075,9.979188
2023-04-12 11:00:00,o3,PIIANN,9.999999,16.93859
2022-07-03 23:00:00,o3,PIIANN,5.230001,9.706494
2024-08-11 08:00:00,o3,PIIANN,21.24,17.978405
2023-09-02 15:00:00,o3,PIIANN,21.4,32.146843
2024-02-03 23:00:00,o3,PIIANN,26.6,39.04742
2023-08-10 19:00:00,o3,PIIANN,27.37857,24.459044
2021-09-02 07:00:00,o3,PIIANN,25.3,27.716217
2023-08-07 07:00:00,o3,PIIANN,9.874999,11.8471575
2021-06-12 15:00:00,o3,PIIANN,56.75,56.59146
2023-09-08 16:00:00,o3,PIIANN,20.15,24.43732
2023-12-12 22:00:00,o3,PIIANN,8.925,7.479652
2025-06-06 14:00:00,o3,PIIANN,51.18,40.125027
2024-07-02 12:00:00,o3,PIIANN,96.07,74.753624
2022-08-10 11:00:00,o3,PIIANN,33.03,28.206247
2021-04-01 16:00:00,o3,PIIANN,10.999999,26.259747
2025-04-02 07:00:00,o3,PIIANN,25.32,26.048597
2022-01-10 17:00:00,o3,PIIANN,32.8,25.91295
2025-06-09 12:00:00,o3,PIIANN,24.48,27.358063
2021-04-12 10:00:00,o3,PIIANN,28.1,31.932878
2023-03-05 02:00:00,o3,PIIANN,14.325,12.909715
2022-11-01 19:00:00,o3,PIIANN,36.45,24.60308
2021-07-06 03:00:00,o3,PIIANN,48.1,58.11862
2025-08-11 16:00:00,o3,PIIANN,18.99,25.933502
2023-02-09 03:00:00,o3,PIIANN,1.2499994,4.590482
2022-08-03 10:00:00,o3,PIIANN,28.78,16.49355
2022-04-03 03:00:00,o3,PIIANN,11.78,18.512268
2023-08-13 02:00:00,o3,PIIANN,8.840663,8.201465
2024-06-05 05:00:00,o3,PIIANN,7.9500003,14.84681
2022-10-10 22:00:00,o3,PIIANN,32.83,28.03066
2023-04-09 20:00:00,o3,PIIANN,21.275,23.339329
2024-04-05 16:00:00,o3,PIIANN,96.0,90.402336
2024-06-12 18:00:00,o3,PIIANN,33.71,30.167953
2022-01-08 16:00:00,o3,PIIANN,25.1,25.02993
2024-10-04 01:00:00,o3,PIIANN,6.86,11.978183
2023-06-06 21:00:00,o3,PIIANN,49.125,49.067356
2021-02-10 13:00:00,o3,PIIANN,43.32,43.300644
2021-10-09 03:00:00,o3,PIIANN,53.28,51.643257
2022-04-09 08:00:00,o3,PIIANN,56.78,58.083572
2023-06-04 10:00:00,o3,PIIANN,14.2,21.307465
2023-08-09 03:00:00,o3,PIIANN,32.425,28.189545
2022-11-07 20:00:00,o3,PIIANN,87.82,68.36812
2023-08-03 15:00:00,o3,PIIANN,23.8,21.855501
2025-11-07 21:00:00,o3,PIIANN,27.77,27.722694
2025-03-11 08:00:00,o3,PIIANN,12.04,13.525945
2022-07-12 01:00:00,o3,PIIANN,73.15,72.63401
2023-09-01 08:00:00,o3,PIIANN,12.524999,14.724963
2024-06-07 04:00:00,o3,PIIANN,9.38,16.121374
2021-07-02 08:00:00,o3,PIIANN,29.88,34.506145
2025-09-08 13:00:00,o3,PIIANN,24.32,24.622335
2024-01-05 02:00:00,o3,PIIANN,12.249999,13.311517
2025-01-02 06:00:00,o3,PIIANN,19.23,16.310938
2022-07-11 17:00:00,o3,PIIANN,59.8,40.958748
2023-02-07 00:00:00,o3,PIIANN,20.8,22.54072
2022-11-10 03:00:00,o3,PIIANN,34.05,26.544483
2022-10-05 13:00:00,o3,PIIANN,53.0,62.623154
2023-02-09 22:00:00,o3,PIIANN,3.9999976,10.044059
2021-05-10 22:00:00,o3,PIIANN,24.55,26.32841
2021-03-12 06:00:00,o3,PIIANN,12.099999,16.157164
2025-04-10 01:00:00,o3,PIIANN,12.729999,27.530916
2024-01-09 22:00:00,o3,PIIANN,64.15,59.576862
2023-02-08 18:00:00,o3,PIIANN,26.35,25.98775
2025-07-05 14:00:00,o3,PIIANN,76.34,41.277924
2021-02-13 00:00:00,o3,PIIANN,11.243896,18.30583
2022-11-08 17:00:00,o3,PIIANN,41.1,38.356514
2021-02-05 02:00:00,o3,PIIANN,34.45,34.507008
2025-02-01 20:00:00,o3,PIIANN,21.56,18.556162
2025-07-07 18:00:00,o3,PIIANN,23.8,36.189693
2025-01-09 12:00:00,o3,PIIANN,24.5,20.4497
2023-06-08 15:00:00,o3,PIIANN,26.25,27.343796
2024-06-08 00:00:00,o3,PIIANN,17.77,16.653154
2021-07-04 05:00:00,o3,PIIANN,66.62,67.09825
2025-09-08 12:00:00,o3,PIIANN,23.08,23.82628
2021-10-08 03:00:00,o3,PIIANN,35.25,32.30959
2022-11-05 10:00:00,o3,PIIANN,42.62,37.483253
2025-02-10 08:00:00,o3,PIIANN,16.12,21.09933
2023-12-06 16:00:00,o3,PIIANN,71.2,65.257034
2024-08-04 21:00:00,o3,PIIANN,7.02,2.8971515
2025-08-07 08:00:00,o3,PIIANN,27.3,29.445074
2023-04-11 18:00:00,o3,PIIANN,6.6,24.510698
2025-08-09 10:00:00,o3,PIIANN,31.83,34.06943
2025-03-04 20:00:00,o3,PIIANN,19.66,15.836034
2022-09-12 09:00:00,o3,PIIANN,73.5,78.30938
2021-09-04 04:00:00,o3,PIIANN,15.899999,21.431086
2021-12-08 02:00:00,o3,PIIANN,41.25,34.396957
2025-08-11 00:00:00,o3,PIIANN,0.63999885,6.727575
2021-05-08 15:00:00,o3,PIIANN,49.85,43.460808
2023-06-12 18:00:00,o3,PIIANN,10.599999,14.930224
2021-06-12 17:00:00,o3,PIIANN,18.75,31.711494
2023-02-05 15:00:00,o3,PIIANN,14.175,19.019032
2021-08-01 23:00:00,o3,PIIANN,38.1,41.287968
2021-02-12 04:00:00,o3,PIIANN,14.38,12.5019865
2025-03-02 12:00:00,o3,PIIANN,32.36,30.094051
2021-07-10 01:00:00,o3,PIIANN,27.2,32.63726
2024-04-06 19:00:00,o3,PIIANN,7.0400004,10.172772
2025-03-06 23:00:00,o3,PIIANN,48.18,39.431564
2025-09-05 18:00:00,o3,PIIANN,45.39,40.587254
2024-06-10 22:00:00,o3,PIIANN,28.39,26.933441
2021-10-08 07:00:00,o3,PIIANN,35.52,37.67223
2021-12-03 06:00:00,o3,PIIANN,13.7,22.792004
2021-11-07 23:00:00,o3,PIIANN,27.48,25.19261
2025-09-06 17:00:00,o3,PIIANN,18.62,21.175758
2021-02-05 15:00:00,o3,PIIANN,129.88,125.58042
2021-06-05 19:00:00,o3,PIIANN,1.7199987,11.925677
2024-12-02 07:00:00,o3,PIIANN,15.229999,15.136666
2022-10-09 08:00:00,o3,PIIANN,61.58,64.94277
2025-09-04 08:00:00,o3,PIIANN,20.72,23.988758
2022-08-06 00:00:00,o3,PIIANN,36.37467,33.39749
2021-01-03 07:00:00,o3,PIIANN,17.400002,19.194822
2024-09-11 03:00:00,o3,PIIANN,30.27,27.588446
2025-05-09 05:00:00,o3,PIIANN,32.6,28.927614
2024-09-04 12:00:00,o3,PIIANN,10.21,25.58598
2021-12-03 04:00:00,o3,PIIANN,22.22,29.831333
2025-05-09 19:00:00,o3,PIIANN,28.11,24.10025
2024-07-02 21:00:00,o3,PIIANN,37.02,59.188335
2021-02-01 20:00:00,o3,PIIANN,20.12,11.902719
2021-02-09 22:00:00,o3,PIIANN,79.6,73.309685
2024-01-01 14:00:00,o3,PIIANN,9.95,12.283635
2024-06-01 15:00:00,o3,PIIANN,16.2,18.313559
2023-05-09 18:00:00,o3,PIIANN,1.4999994,56.000988
2025-10-07 02:00:00,o3,PIIANN,27.1,26.716545
2022-07-03 14:00:00,o3,PIIANN,68.85,52.251522
2023-11-06 00:00:00,o3,PIIANN,2.3250003,16.805075
2024-01-07 07:00:00,o3,PIIANN,10.259999,11.454146
2023-02-07 08:00:00,o3,PIIANN,24.15,28.857637
2022-02-09 06:00:00,o3,PIIANN,53.9,53.774986
2021-07-11 17:00:00,o3,PIIANN,22.4,34.00207
2023-07-08 19:00:00,o3,PIIANN,8.075,12.391414
2025-06-12 17:00:00,o3,PIIANN,21.92,24.315094
2021-05-03 22:00:00,o3,PIIANN,70.22,33.83772
2024-04-03 05:00:00,o3,PIIANN,15.999999,16.527983
2021-09-12 22:00:00,o3,PIIANN,19.85,20.772821
2024-03-11 11:00:00,o3,PIIANN,15.919999,24.496756
2023-12-04 12:00:00,o3,PIIANN,24.95,40.024788
2025-12-01 13:00:00,o3,PIIANN,20.94,21.464846
2022-08-04 23:00:00,o3,PIIANN,23.8,18.086788
2024-01-05 14:00:00,o3,PIIANN,34.05,40.693542
2024-06-04 22:00:00,o3,PIIANN,8.69,3.5521884
2023-09-11 11:00:00,o3,PIIANN,48.1,21.41817
2025-12-12 22:00:00,o3,PIIANN,12.249999,18.758968
2024-09-05 16:00:00,o3,PIIANN,64.43,64.199646
2023-04-09 18:00:00,o3,PIIANN,27.325,24.99085
2021-08-07 16:00:00,o3,PIIANN,64.5,61.28359
2024-09-12 12:00:00,o3,PIIANN,38.32,36.99125
2022-09-12 01:00:00,o3,PIIANN,74.3,75.87142
2023-08-04 09:00:00,o3,PIIANN,13.524999,16.567072
2022-04-06 09:00:00,o3,PIIANN,42.92,25.269455
2023-12-08 08:00:00,o3,PIIANN,8.249999,10.079236
2025-09-09 00:00:00,o3,PIIANN,27.77,24.033266
2021-04-05 21:00:00,o3,PIIANN,8.95,10.72626
2022-10-09 16:00:00,o3,PIIANN,59.65,55.60772
2025-06-03 21:00:00,o3,PIIANN,19.62,18.79353
2022-07-06 02:00:00,o3,PIIANN,4.2187495,6.036533
2021-03-10 17:00:00,o3,PIIANN,33.25,33.034733
2022-12-08 16:00:00,o3,PIIANN,47.28,41.90657
2021-09-10 09:00:00,o3,PIIANN,31.83,33.381428
2024-04-11 17:00:00,o3,PIIANN,22.78,22.062387
2025-04-08 15:00:00,o3,PIIANN,26.53,27.534315
2023-08-06 20:00:00,o3,PIIANN,3.6000018,29.342623
2022-05-11 03:00:00,o3,PIIANN,58.03,47.016308
2024-09-03 13:00:00,o3,PIIANN,71.5,65.11973
2023-02-02 02:00:00,o3,PIIANN,17.5,16.195732
2025-09-10 15:00:00,o3,PIIANN,22.74,22.647953
2023-05-02 16:00:00,o3,PIIANN,22.2,22.019886
2025-02-12 05:00:00,o3,PIIANN,16.05,9.306184
2024-11-11 22:00:00,o3,PIIANN,40.3,33.022495
2023-07-07 05:00:00,o3,PIIANN,6.9500003,8.203336
2025-08-11 15:00:00,o3,PIIANN,23.3,28.320515
2023-09-12 22:00:00,o3,PIIANN,8.45,10.535014
2024-02-05 17:00:00,o3,PIIANN,73.74,37.483566
2024-11-13 01:00:00,o3,PIIANN,22.75307,27.036983
2022-03-11 10:00:00,o3,PIIANN,56.62,63.662636
2025-03-10 05:00:00,o3,PIIANN,15.7699995,18.296228
2022-11-11 08:00:00,o3,PIIANN,58.65,63.090343
2021-02-11 13:00:00,o3,PIIANN,79.85,73.037125
2022-01-08 10:00:00,o3,PIIANN,26.15,30.721502
2022-11-09 06:00:00,o3,PIIANN,61.02,60.973095
2021-11-03 21:00:00,o3,PIIANN,14.149999,16.898338
2024-08-08 12:00:00,o3,PIIANN,22.32,22.501835
2021-12-08 17:00:00,o3,PIIANN,45.9,45.487484
2023-09-12 15:00:00,o3,PIIANN,19.975,24.068151
2025-01-13 00:00:00,o3,PIIANN,15.571181,11.040492
2022-08-01 17:00:00,o3,PIIANN,33.88,32.442104
2025-01-07 17:00:00,o3,PIIANN,48.21,37.32947
2025-02-03 00:00:00,o3,PIIANN,20.78,27.957523
2024-02-09 07:00:00,o3,PIIANN,52.72,60.19727
2024-01-12 07:00:00,o3,PIIANN,21.48,20.02643
2021-06-05 16:00:00,o3,PIIANN,89.45,111.98016
2025-02-08 16:00:00,o3,PIIANN,26.1,26.418291
2023-03-13 02:00:00,o3,PIIANN,7.754741,8.019689
2024-12-03 17:00:00,o3,PIIANN,66.8,66.85992
2024-02-08 18:00:00,o3,PIIANN,42.75,27.245453
2021-01-12 05:00:00,o3,PIIANN,13.05,15.050719
2021-12-02 10:00:00,o3,PIIANN,30.3,38.473377
2023-04-08 10:00:00,o3,PIIANN,9.399999,15.564555
2023-08-06 02:00:00,o3,PIIANN,2.5750003,10.134898
2023-02-07 01:00:00,o3,PIIANN,17.575,20.75028
2021-07-03 18:00:00,o3,PIIANN,62.619995,71.7778
2022-04-04 16:00:00,o3,PIIANN,87.9,87.615295
2024-08-03 07:00:00,o3,PIIANN,13.95,15.803426
2025-08-08 15:00:00,o3,PIIANN,42.6,38.06816
2022-09-06 16:00:00,o3,PIIANN,55.28,62.239185
2022-02-04 18:00:00,o3,PIIANN,1.4000009,20.930122
2025-07-07 08:00:00,o3,PIIANN,30.94,28.162035
2021-12-02 04:00:00,o3,PIIANN,24.32,24.69458
2024-11-09 08:00:00,o3,PIIANN,7.0799994,13.350774
2021-05-05 08:00:00,o3,PIIANN,74.6,65.90301
2025-11-10 04:00:00,o3,PIIANN,17.79,18.953709
2025-12-03 12:00:00,o3,PIIANN,29.01,29.528555
2023-08-11 15:00:00,o3,PIIANN,57.65,81.36152
2025-09-02 00:00:00,o3,PIIANN,18.72,25.234196
2021-11-12 19:00:00,o3,PIIANN,20.3,15.464931
2024-07-07 03:00:00,o3,PIIANN,9.5199995,15.877732
2024-02-11 02:00:00,o3,PIIANN,17.900002,20.445091
2021-03-11 06:00:00,o3,PIIANN,22.42,27.382914
2023-04-05 18:00:00,o3,PIIANN,14.8,16.034433
2023-02-12 21:00:00,o3,PIIANN,7.775001,5.981094
2022-02-07 09:00:00,o3,PIIANN,23.8,30.688847
2021-09-09 10:00:00,o3,PIIANN,56.55,58.154507
2021-10-03 00:00:00,o3,PIIANN,57.35,19.116219
2024-07-06 07:00:00,o3,PIIANN,14.839999,18.923948
2024-02-01 16:00:00,o3,PIIANN,12.3,12.890868
2024-03-03 16:00:00,o3,PIIANN,63.53,49.798645
2022-04-04 23:00:00,o3,PIIANN,1.9300016,14.361741
2022-11-07 07:00:00,o3,PIIANN,100.88,95.23597
2025-05-04 08:00:00,o3,PIIANN,26.94,25.939703
2022-10-06 21:00:00,o3,PIIANN,0.22000067,4.365318
2025-12-04 13:00:00,o3,PIIANN,29.75,26.771517
2023-01-10 17:00:00,o3,PIIANN,48.15,68.44344
2024-01-11 11:00:00,o3,PIIANN,17.7,18.994425
2025-11-09 08:00:00,o3,PIIANN,28.78,25.788269
2025-07-03 17:00:00,o3,PIIANN,34.0,34.12685
2024-04-07 12:00:00,o3,PIIANN,6.78,13.751893
2022-11-12 08:00:00,o3,PIIANN,72.22,75.554504
2021-01-09 12:00:00,o3,PIIANN,78.03,82.74206
2022-08-09 15:00:00,o3,PIIANN,58.48,58.894768
2021-09-12 07:00:00,o3,PIIANN,19.08,26.218678
2022-08-08 14:00:00,o3,PIIANN,22.8,32.03163
2022-09-02 15:00:00,o3,PIIANN,38.78,34.46716
2024-04-06 23:00:00,o3,PIIANN,8.079999,16.903131
2024-06-05 00:00:00,o3,PIIANN,7.36,3.3353057
2023-06-09 09:00:00,o3,PIIANN,18.75,18.187798
2023-11-10 13:00:00,o3,PIIANN,86.425,54.923885
2023-04-08 22:00:00,o3,PIIANN,0.37499943,4.737703
2025-06-07 14:00:00,o3,PIIANN,58.45,51.974697
2021-11-06 09:00:00,o3,PIIANN,31.95,33.646606
2021-10-03 11:00:00,o3,PIIANN,62.5,43.48845
2022-09-04 09:00:00,o3,PIIANN,39.07,31.926023
2025-07-04 04:00:00,o3,PIIANN,20.09,21.307758
2024-07-09 18:00:00,o3,PIIANN,22.98,31.109077
2022-11-06 19:00:00,o3,PIIANN,3.8700004,21.47776
2021-10-10 15:00:00,o3,PIIANN,60.38,56.93438
2021-10-08 18:00:00,o3,PIIANN,40.65,42.237186
2023-11-03 02:00:00,o3,PIIANN,13.849999,14.563655
2021-07-02 03:00:00,o3,PIIANN,25.17,25.47069
2025-02-08 02:00:00,o3,PIIANN,22.22,22.121346
2021-12-09 03:00:00,o3,PIIANN,69.72,69.9106
2022-04-07 00:00:00,o3,PIIANN,9.749999,16.878048
2024-03-11 02:00:00,o3,PIIANN,17.920002,20.962837
2023-12-08 12:00:00,o3,PIIANN,22.15,25.221214
2021-02-06 12:00:00,o3,PIIANN,136.1,81.59938
2024-07-04 11:00:00,o3,PIIANN,21.6,32.27026
2025-07-12 03:00:00,o3,PIIANN,17.06,12.630368
2022-06-02 20:00:00,o3,PIIANN,13.849999,10.321437
2022-03-10 12:00:00,o3,PIIANN,31.88,42.94445
2021-08-02 10:00:00,o3,PIIANN,48.95,44.696156
2022-09-03 09:00:00,o3,PIIANN,10.8,13.729205
2025-09-04 22:00:00,o3,PIIANN,17.1,19.416906
2022-03-03 03:00:00,o3,PIIANN,13.2,10.498727
2024-11-12 19:00:00,o3,PIIANN,22.26,14.64182
2023-08-12 11:00:00,o3,PIIANN,16.65,16.01297
2024-07-12 05:00:00,o3,PIIANN,34.7,31.281765
2025-04-02 05:00:00,o3,PIIANN,24.51,22.884823
2023-10-10 01:00:00,o3,PIIANN,2.275001,11.48257
2024-08-10 12:00:00,o3,PIIANN,33.48,39.126076
2025-01-12 05:00:00,o3,PIIANN,15.399999,13.881383
2024-05-07 00:00:00,o3,PIIANN,9.239999,25.463926
2022-11-08 13:00:00,o3,PIIANN,43.38,44.632195
2022-12-09 19:00:00,o3,PIIANN,59.72,47.47498
2025-09-05 20:00:00,o3,PIIANN,26.7,17.819141
2024-12-07 04:00:00,o3,PIIANN,12.11,14.134337
2024-03-06 12:00:00,o3,PIIANN,14.239999,34.06173
2025-02-13 02:00:00,o3,PIIANN,15.430285,10.729566
2021-05-02 17:00:00,o3,PIIANN,59.8,93.41068
2024-02-01 22:00:00,o3,PIIANN,6.2499995,8.256543
2024-12-09 14:00:00,o3,PIIANN,3.6599994,10.542609
2023-05-12 13:00:00,o3,PIIANN,25.4,30.270962
2025-07-10 02:00:00,o3,PIIANN,12.649999,18.41224
2022-07-04 18:00:00,o3,PIIANN,56.25,58.85102
2024-01-04 08:00:00,o3,PIIANN,3.6300006,2.9920173
2022-04-03 11:00:00,o3,PIIANN,44.8,42.596146
2023-12-07 17:00:00,o3,PIIANN,53.45,79.20734
2021-02-08 12:00:00,o3,PIIANN,39.9,43.26431
2023-04-10 06:00:00,o3,PIIANN,7.8333335,12.439874
2022-07-08 09:00:00,o3,PIIANN,22.98,27.321737
2024-03-03 15:00:00,o3,PIIANN,50.88,63.400066
2023-07-05 03:00:00,o3,PIIANN,13.099999,14.267362
2022-04-07 20:00:00,o3,PIIANN,23.8,20.601229
2022-07-11 02:00:00,o3,PIIANN,58.42,56.67638
2021-11-12 09:00:00,o3,PIIANN,43.03,34.372448
2021-02-06 09:00:00,o3,PIIANN,41.28,28.627693
2021-09-10 04:00:00,o3,PIIANN,28.15,28.172043
2025-04-12 17:00:00,o3,PIIANN,15.39,15.913962
2024-12-07 06:00:00,o3,PIIANN,9.28,12.442695
2021-02-02 11:00:00,o3,PIIANN,74.5,47.167313
2021-12-09 02:00:00,o3,PIIANN,81.45,62.9783
2023-10-04 04:00:00,o3,PIIANN,13.55,16.471745
2023-11-12 08:00:00,o3,PIIANN,8.825,12.922849
2025-12-07 14:00:00,o3,PIIANN,44.41,47.883675
2023-09-05 19:00:00,o3,PIIANN,18.3,21.878323
2025-10-02 22:00:00,o3,PIIANN,19.73,17.93229
2024-06-01 18:00:00,o3,PIIANN,20.45,13.958884
2022-07-12 09:00:00,o3,PIIANN,74.07,80.039604
2025-04-07 02:00:00,o3,PIIANN,56.26,54.395367
2022-06-10 04:00:00,o3,PIIANN,30.85,27.843822
2022-08-08 00:00:00,o3,PIIANN,23.48,26.952972
2024-03-12 07:00:00,o3,PIIANN,23.8,21.698505
2025-01-06 15:00:00,o3,PIIANN,66.78,44.07731
2025-11-05 04:00:00,o3,PIIANN,27.22,25.994146
2023-05-03 08:00:00,o3,PIIANN,23.85,22.158516
2021-09-08 01:00:00,o3,PIIANN,45.15,35.547306
2021-09-11 04:00:00,o3,PIIANN,23.15,19.46506
2021-04-08 13:00:00,o3,PIIANN,38.22,42.809334
2025-10-08 11:00:00,o3,PIIANN,31.89,37.68045
2022-01-02 08:00:00,o3,PIIANN,12.7,17.301186
2021-06-06 19:00:00,o3,PIIANN,50.8,55.689014
2023-12-10 07:00:00,o3,PIIANN,2.400001,5.283088
2024-06-01 17:00:00,o3,PIIANN,17.82,14.588672
2024-04-05 15:00:00,o3,PIIANN,115.22,105.58644
2021-09-09 04:00:00,o3,PIIANN,51.2,41.9867
2024-05-05 09:00:00,o3,PIIANN,67.92,33.3733
2023-07-10 22:00:00,o3,PIIANN,30.7,21.453161
2024-04-08 16:00:00,o3,PIIANN,52.72,48.29598
2024-02-02 04:00:00,o3,PIIANN,17.68,15.204179
2025-10-03 15:00:00,o3,PIIANN,38.51,39.170918
2022-10-11 13:00:00,o3,PIIANN,58.48,58.181442
2025-09-05 02:00:00,o3,PIIANN,25.06,25.4753
2022-05-05 21:00:00,o3,PIIANN,6.6300006,6.341516
2024-06-07 02:00:00,o3,PIIANN,11.63,18.332394
2022-07-11 22:00:00,o3,PIIANN,57.97,51.527782
2023-02-04 14:00:00,o3,PIIANN,18.75,18.80267
2024-11-04 16:00:00,o3,PIIANN,96.66,78.85484
2023-11-07 14:00:00,o3,PIIANN,19.85,24.962337
2023-03-01 13:00:00,o3,PIIANN,20.4,18.761944
2022-09-08 22:00:00,o3,PIIANN,46.88,44.0655
2025-07-03 08:00:00,o3,PIIANN,18.97,23.502945
2025-03-03 00:00:00,o3,PIIANN,21.11,25.676767
2025-11-02 06:00:00,o3,PIIANN,19.65,18.191519
2021-09-09 16:00:00,o3,PIIANN,62.699997,54.912304
2024-11-10 10:00:00,o3,PIIANN,26.61,27.764446
2021-09-04 16:00:00,o3,PIIANN,122.3,128.59073
2023-10-02 10:00:00,o3,PIIANN,63.774998,62.490273
2022-09-08 10:00:00,o3,PIIANN,22.75,28.811096
2025-08-12 05:00:00,o3,PIIANN,10.46,15.519898
2022-07-12 21:00:00,o3,PIIANN,72.92,65.538506
2023-10-01 17:00:00,o3,PIIANN,12.649999,15.196631
2022-06-07 16:00:00,o3,PIIANN,13.599999,26.513226
2024-02-10 23:00:00,o3,PIIANN,41.81,40.430965
2021-01-03 11:00:00,o3,PIIANN,140.08,131.53275
2025-02-12 06:00:00,o3,PIIANN,15.94,11.948596
2021-05-06 15:00:00,o3,PIIANN,135.75,133.64853
2021-10-08 21:00:00,o3,PIIANN,35.88,34.07768
2025-02-03 05:00:00,o3,PIIANN,21.92,20.82355
2023-12-03 20:00:00,o3,PIIANN,14.3,7.557754
2024-06-10 23:00:00,o3,PIIANN,27.89,25.49296
2022-08-03 16:00:00,o3,PIIANN,45.55,45.689575
2023-01-12 11:00:00,o3,PIIANN,12.124999,17.039177
2021-07-11 15:00:00,o3,PIIANN,102.45,95.82507
2022-10-04 01:00:00,o3,PIIANN,23.8,18.18776
2024-02-02 18:00:00,o3,PIIANN,6.52,17.781124
2022-07-06 10:00:00,o3,PIIANN,24.77,19.35229
2021-01-08 22:00:00,o3,PIIANN,38.5,33.992714
2022-02-06 10:00:00,o3,PIIANN,65.98,44.609627
2024-02-05 21:00:00,o3,PIIANN,7.060001,1.1799349
2023-09-02 03:00:00,o3,PIIANN,21.25,22.860332
2025-05-02 21:00:00,o3,PIIANN,22.19,16.857817
2024-05-04 02:00:00,o3,PIIANN,8.819999,6.3635097
2021-01-04 02:00:00,o3,PIIANN,52.05,64.19933
2025-11-07 19:00:00,o3,PIIANN,31.94,30.78046
2023-10-05 22:00:00,o3,PIIANN,18.275,19.135378
2023-05-05 21:00:00,o3,PIIANN,12.474999,6.6760955
2024-04-09 10:00:00,o3,PIIANN,23.7,27.150572
2021-07-10 08:00:00,o3,PIIANN,25.95,28.370964
2021-03-04 02:00:00,o3,PIIANN,21.935,20.139774
2025-10-05 02:00:00,o3,PIIANN,26.68,26.987839
2023-12-01 18:00:00,o3,PIIANN,9.999999,5.69461
2021-07-05 18:00:00,o3,PIIANN,171.4,141.1678
2024-11-10 22:00:00,o3,PIIANN,26.81,20.70536
2025-05-06 14:00:00,o3,PIIANN,61.67,47.057423
2023-12-07 23:00:00,o3,PIIANN,17.400002,24.207693
2023-01-12 17:00:00,o3,PIIANN,6.6,7.7191176
2022-12-08 07:00:00,o3,PIIANN,44.2,42.941944
2025-05-10 14:00:00,o3,PIIANN,31.8,31.298914
2022-06-08 14:00:00,o3,PIIANN,22.4,29.880451
2023-02-04 00:00:00,o3,PIIANN,14.774999,14.865172
2023-07-12 14:00:00,o3,PIIANN,20.675,24.960089
2024-01-10 22:00:00,o3,PIIANN,44.07,37.333282
2021-01-04 13:00:00,o3,PIIANN,92.4,101.61019
2024-12-11 15:00:00,o3,PIIANN,27.86,27.450306
2021-05-12 18:00:00,o3,PIIANN,20.27,19.19394
2021-10-11 13:00:00,o3,PIIANN,156.25002,110.57589
2022-01-09 20:00:00,o3,PIIANN,52.95,42.464455
2024-07-06 17:00:00,o3,PIIANN,41.79,34.713497
2022-08-10 18:00:00,o3,PIIANN,33.18,28.44609
2023-11-05 04:00:00,o3,PIIANN,18.325,19.234558
2022-06-04 06:00:00,o3,PIIANN,0.3800005,8.174319
2021-12-12 12:00:00,o3,PIIANN,48.75,31.224863
2024-08-03 01:00:00,o3,PIIANN,14.0199995,10.718907
2022-06-05 08:00:00,o3,PIIANN,4.820001,15.336171
2024-04-10 21:00:00,o3,PIIANN,51.65,38.57871
2025-01-02 23:00:00,o3,PIIANN,29.19,31.173717
2025-03-11 22:00:00,o3,PIIANN,8.55,13.323611
2021-02-02 22:00:00,o3,PIIANN,19.6,14.890782
2025-10-04 08:00:00,o3,PIIANN,11.569999,16.361904
2023-03-02 14:00:00,o3,PIIANN,24.825,28.091179
2022-10-12 16:00:00,o3,PIIANN,72.82,66.65647
2024-07-02 14:00:00,o3,PIIANN,59.98,72.34911
2024-04-11 02:00:00,o3,PIIANN,17.6,20.034332
2021-05-03 19:00:00,o3,PIIANN,33.17,50.72128
2023-04-01 12:00:00,o3,PIIANN,13.774999,15.556954
2025-04-02 18:00:00,o3,PIIANN,25.73,20.180473
2021-02-04 04:00:00,o3,PIIANN,8.2,10.420302
2025-05-08 23:00:00,o3,PIIANN,27.21,35.1131
2023-07-01 11:00:00,o3,PIIANN,12.124999,18.09504
2023-04-07 18:00:00,o3,PIIANN,25.0,24.45091
2025-08-04 10:00:00,o3,PIIANN,18.95,29.235245
2021-08-11 19:00:00,o3,PIIANN,23.95,20.289434
2022-10-08 17:00:00,o3,PIIANN,43.35,39.456184
2025-03-12 20:00:00,o3,PIIANN,15.239999,9.744302
2021-09-07 04:00:00,o3,PIIANN,30.98,33.433002
2025-02-12 00:00:00,o3,PIIANN,15.479999,8.908874
2022-12-01 17:00:00,o3,PIIANN,39.83,55.481644
2025-01-10 19:00:00,o3,PIIANN,23.49,23.623066
2022-08-02 04:00:00,o3,PIIANN,13.05,11.161662
2021-07-01 19:00:00,o3,PIIANN,35.85,25.03441
2023-03-04 22:00:00,o3,PIIANN,14.524999,9.174012
2023-09-10 10:00:00,o3,PIIANN,16.775,16.60967
2022-08-06 23:00:00,o3,PIIANN,0.35000172,4.8522773
2022-06-01 17:00:00,o3,PIIANN,33.1,27.382566
2021-09-12 21:00:00,o3,PIIANN,20.27,18.438478
2022-06-12 04:00:00,o3,PIIANN,74.53,70.77994
2024-06-01 23:00:00,o3,PIIANN,25.23,21.068014
2022-01-09 22:00:00,o3,PIIANN,53.5,47.7203
2023-07-07 04:00:00,o3,PIIANN,7.1249995,6.443086
2023-06-03 04:00:00,o3,PIIANN,14.274999,14.893249
2022-02-03 02:00:00,o3,PIIANN,11.649999,6.592756
2023-04-05 14:00:00,o3,PIIANN,18.95,25.08976
2021-09-07 03:00:00,o3,PIIANN,32.12,35.634476
2022-06-07 09:00:00,o3,PIIANN,16.12,76.00685
2023-08-10 14:00:00,o3,PIIANN,55.525,60.73332
2023-02-08 09:00:00,o3,PIIANN,18.85,20.438456
2023-04-03 17:00:00,o3,PIIANN,14.55,17.54441
2021-08-03 09:00:00,o3,PIIANN,60.88,62.475277
2021-09-06 21:00:00,o3,PIIANN,20.7,19.742075
2023-11-12 13:00:00,o3,PIIANN,15.575,19.349796
2024-10-09 04:00:00,o3,PIIANN,45.54,32.10021
2023-12-04 00:00:00,o3,PIIANN,13.675,19.539347
2023-12-03 23:00:00,o3,PIIANN,15.766665,18.910122
2024-02-02 06:00:00,o3,PIIANN,19.2,20.552103
2022-06-02 07:00:00,o3,PIIANN,13.3,17.763147
2024-06-11 18:00:00,o3,PIIANN,7.2900004,10.388385
2022-03-04 14:00:00,o3,PIIANN,127.67,124.42368
2023-01-05 12:00:00,o3,PIIANN,14.566667,22.58296
2024-12-10 14:00:00,o3,PIIANN,36.48,38.6233
2025-08-03 22:00:00,o3,PIIANN,16.3,17.785254
2025-04-05 04:00:00,o3,PIIANN,25.68,26.063316
2024-01-09 16:00:00,o3,PIIANN,43.02,29.111773
2023-05-07 23:00:00,o3,PIIANN,2.3666682,6.3128886
2023-02-08 20:00:00,o3,PIIANN,21.625,19.583797
2024-02-04 15:00:00,o3,PIIANN,28.04,32.756886
2021-03-04 01:00:00,o3,PIIANN,20.84,19.187214
2022-01-02 19:00:00,o3,PIIANN,12.319999,13.380666
2025-09-06 19:00:00,o3,PIIANN,19.65,12.002631
2022-12-12 21:00:00,o3,PIIANN,73.58,70.74536
2022-05-02 11:00:00,o3,PIIANN,12.599999,24.717958
2024-05-07 12:00:00,o3,PIIANN,18.91,16.362932
2025-12-11 11:00:00,o3,PIIANN,18.32,14.031976
2022-11-09 05:00:00,o3,PIIANN,62.92,59.217506
2025-01-07 14:00:00,o3,PIIANN,57.89,45.256313
2024-04-04 04:00:00,o3,PIIANN,3.2599978,3.3890166
2024-01-04 01:00:00,o3,PIIANN,6.68,12.836139
2023-03-12 14:00:00,o3,PIIANN,12.349999,17.398756
2022-02-13 02:00:00,o3,PIIANN,58.313377,55.94646
2024-03-02 14:00:00,o3,PIIANN,2.2499995,13.293527
2023-04-03 18:00:00,o3,PIIANN,14.149999,15.568305
2022-03-04 08:00:00,o3,PIIANN,30.7,12.353068
2022-05-03 19:00:00,o3,PIIANN,12.599999,22.014566
2022-04-05 10:00:00,o3,PIIANN,4.7000003,16.334045
2023-03-08 17:00:00,o3,PIIANN,55.325,53.471207
2024-11-08 15:00:00,o3,PIIANN,63.3,21.674744
2025-10-04 12:00:00,o3,PIIANN,25.0,30.144413
2023-08-03 16:00:00,o3,PIIANN,23.8,23.445105
2024-12-09 03:00:00,o3,PIIANN,16.04,19.16634
2023-08-08 07:00:00,o3,PIIANN,2.224998,9.116612
2022-10-05 05:00:00,o3,PIIANN,10.579999,13.678004
2021-09-09 11:00:00,o3,PIIANN,50.85,58.69778
2023-05-06 12:00:00,o3,PIIANN,150.025,118.43991
2021-09-11 10:00:00,o3,PIIANN,62.18,38.57649
2024-11-03 16:00:00,o3,PIIANN,107.78,100.0496
2025-11-03 21:00:00,o3,PIIANN,24.71,21.874462
2022-03-02 20:00:00,o3,PIIANN,13.399999,12.519799
2025-07-06 11:00:00,o3,PIIANN,24.15,44.01229
2022-07-06 17:00:00,o3,PIIANN,35.485,36.141838
2024-05-09 17:00:00,o3,PIIANN,51.49,47.24316
2025-12-01 16:00:00,o3,PIIANN,20.23,22.671944
2023-04-09 09:00:00,o3,PIIANN,38.625,19.840578
2023-09-02 23:00:00,o3,PIIANN,20.666666,26.055237
2025-12-03 13:00:00,o3,PIIANN,34.12,31.244465
2023-03-11 00:00:00,o3,PIIANN,7.025001,6.9881263
2025-01-05 02:00:00,o3,PIIANN,43.08,41.020424
2022-10-12 21:00:00,o3,PIIANN,71.55,67.152115
2022-06-09 14:00:00,o3,PIIANN,59.35,62.433975
2025-10-10 11:00:00,o3,PIIANN,20.52,25.031496
2021-03-05 16:00:00,o3,PIIANN,101.25,95.71033
2024-10-03 16:00:00,o3,PIIANN,88.0,80.955605
2024-06-05 20:00:00,o3,PIIANN,8.679999,5.217588
2025-04-07 23:00:00,o3,PIIANN,60.5,59.618195
2023-02-05 06:00:00,o3,PIIANN,14.499999,14.440335
2024-02-07 13:00:00,o3,PIIANN,12.659999,15.575088
2022-03-08 17:00:00,o3,PIIANN,22.85,22.186697
2021-03-12 19:00:00,o3,PIIANN,21.05,14.920243
2022-04-08 14:00:00,o3,PIIANN,23.15,28.923077
2023-01-03 21:00:00,o3,PIIANN,14.825,19.75125
2022-07-11 19:00:00,o3,PIIANN,59.82,41.275513
2023-07-03 14:00:00,o3,PIIANN,21.4,27.112293
2025-08-08 05:00:00,o3,PIIANN,26.56,23.133873
2025-01-05 01:00:00,o3,PIIANN,43.17,43.37618
2025-01-08 19:00:00,o3,PIIANN,22.79,20.572407
2021-04-09 05:00:00,o3,PIIANN,59.62,58.68127
2021-06-09 20:00:00,o3,PIIANN,66.45,36.26636
2022-04-08 19:00:00,o3,PIIANN,23.35,20.021004
2023-01-06 21:00:00,o3,PIIANN,18.625,24.470772
2022-09-13 01:00:00,o3,PIIANN,74.24197,78.504105
2022-09-04 00:00:00,o3,PIIANN,7.6599994,8.7185335
2024-05-06 02:00:00,o3,PIIANN,6.560001,11.231946
2025-02-07 17:00:00,o3,PIIANN,58.03,57.935837
2023-02-10 02:00:00,o3,PIIANN,26.775,15.941007
2022-03-11 06:00:00,o3,PIIANN,57.38,57.404438
2023-08-07 11:00:00,o3,PIIANN,16.05,19.018114
2025-05-12 21:00:00,o3,PIIANN,17.82,13.83282
2022-05-06 01:00:00,o3,PIIANN,12.3,10.334643
2022-11-02 23:00:00,o3,PIIANN,12.47,21.727434
2021-02-06 19:00:00,o3,PIIANN,32.58,49.84942
2025-02-02 02:00:00,o3,PIIANN,27.92,23.51626
2023-05-08 08:00:00,o3,PIIANN,0.72500175,9.749148
2024-10-04 07:00:00,o3,PIIANN,6.8299994,7.646976
2021-02-08 16:00:00,o3,PIIANN,34.55,31.580463
2023-07-01 18:00:00,o3,PIIANN,9.425,8.086524
2023-04-03 02:00:00,o3,PIIANN,14.099999,15.599149
2022-06-03 06:00:00,o3,PIIANN,7.150001,9.442245
2022-08-10 15:00:00,o3,PIIANN,32.5,32.543556
2024-01-03 14:00:00,o3,PIIANN,178.2,162.86858
2022-06-11 00:00:00,o3,PIIANN,58.28,29.545267
2025-07-07 21:00:00,o3,PIIANN,27.53,26.937296
2021-10-09 11:00:00,o3,PIIANN,51.12,58.471767
2024-02-01 20:00:00,o3,PIIANN,6.0799994,6.6541934
2022-03-07 18:00:00,o3,PIIANN,11.729999,16.181692
2025-08-02 01:00:00,o3,PIIANN,20.03,28.304108
2022-12-02 08:00:00,o3,PIIANN,22.72,20.022285
2024-05-08 09:00:00,o3,PIIANN,57.38,53.305496
2021-05-02 18:00:00,o3,PIIANN,19.85,46.879475
2021-09-01 21:00:00,o3,PIIANN,41.0,31.531715
2024-02-03 04:00:00,o3,PIIANN,24.15,19.43366
2023-02-08 03:00:00,o3,PIIANN,17.925001,19.854687
2022-01-09 04:00:00,o3,PIIANN,54.08,49.438824
2024-12-11 04:00:00,o3,PIIANN,39.76,36.848106
2022-09-03 10:00:00,o3,PIIANN,15.7699995,19.465607
2023-09-11 22:00:00,o3,PIIANN,39.75,66.95437
2022-10-09 12:00:00,o3,PIIANN,61.55,71.08899
2025-01-10 22:00:00,o3,PIIANN,18.94,23.498219
2025-05-02 07:00:00,o3,PIIANN,26.74,24.020987
2023-01-12 04:00:00,o3,PIIANN,8.05,3.8089213
2022-10-10 17:00:00,o3,PIIANN,33.22,29.594185
2021-07-04 19:00:00,o3,PIIANN,12.079999,71.472694
2022-09-06 23:00:00,o3,PIIANN,1.6999983,19.66551
2025-12-08 09:00:00,o3,PIIANN,20.25,22.622766
2021-02-10 11:00:00,o3,PIIANN,35.95,33.816948
2024-01-10 04:00:00,o3,PIIANN,43.02,39.180862
2024-08-06 16:00:00,o3,PIIANN,52.09,53.62884
2022-03-09 08:00:00,o3,PIIANN,53.38,56.793953
2025-10-06 16:00:00,o3,PIIANN,33.985,44.86263
2022-03-06 01:00:00,o3,PIIANN,14.45,11.721677
2024-05-02 15:00:00,o3,PIIANN,23.98,24.118143
2025-08-01 20:00:00,o3,PIIANN,19.92,12.79812
2022-05-03 11:00:00,o3,PIIANN,83.73,58.88942
2025-04-08 17:00:00,o3,PIIANN,24.4,23.481123
2022-07-09 16:00:00,o3,PIIANN,60.45,55.760174
2023-02-08 02:00:00,o3,PIIANN,23.275,16.056744
2023-03-06 14:00:00,o3,PIIANN,42.4,45.57593
2025-01-04 19:00:00,o3,PIIANN,23.16,22.733942
2022-06-06 16:00:00,o3,PIIANN,116.2,102.26201
2022-06-09 23:00:00,o3,PIIANN,58.9,58.62457
2024-10-10 11:00:00,o3,PIIANN,29.23,32.346157
2023-12-11 01:00:00,o3,PIIANN,8.149999,12.485427
2022-09-11 00:00:00,o3,PIIANN,58.95,27.652912
2024-09-07 05:00:00,o3,PIIANN,8.149999,11.15928
2021-07-10 17:00:00,o3,PIIANN,34.3,40.752728
2025-07-12 12:00:00,o3,PIIANN,23.48,25.242804
2021-08-07 00:00:00,o3,PIIANN,17.214668,22.457193
2025-12-02 12:00:00,o3,PIIANN,23.57,24.437807
2024-11-03 04:00:00,o3,PIIANN,13.979999,10.878945
2023-11-09 21:00:00,o3,PIIANN,2.8333335,13.008231
2023-12-03 06:00:00,o3,PIIANN,14.575,16.602541
2024-06-08 11:00:00,o3,PIIANN,20.13,21.597502
2025-08-10 14:00:00,o3,PIIANN,18.93,19.421291
2024-07-06 05:00:00,o3,PIIANN,11.7,19.057404
2024-07-05 17:00:00,o3,PIIANN,100.53,106.2656
2023-05-03 05:00:00,o3,PIIANN,14.149999,15.4639635
2024-06-12 21:00:00,o3,PIIANN,34.0,27.204052
2022-03-11 11:00:00,o3,PIIANN,57.32,65.13691
2022-06-07 21:00:00,o3,PIIANN,13.55,14.596017
2021-10-09 02:00:00,o3,PIIANN,57.4,56.332005
2025-01-02 08:00:00,o3,PIIANN,19.92,17.96678
2021-04-10 18:00:00,o3,PIIANN,30.42,45.380394
2024-05-03 18:00:00,o3,PIIANN,40.33,45.786556
2025-11-07 01:00:00,o3,PIIANN,27.88,26.08949
2024-12-08 05:00:00,o3,PIIANN,14.63,17.911846
2025-04-04 19:00:00,o3,PIIANN,26.62,28.594385
2023-03-04 05:00:00,o3,PIIANN,14.774999,17.073889
2025-02-06 03:00:00,o3,PIIANN,27.68,24.681986
2024-06-04 19:00:00,o3,PIIANN,14.53,18.802633
2025-07-08 01:00:00,o3,PIIANN,33.87,40.05707
2023-04-03 10:00:00,o3,PIIANN,19.675,25.893204
2023-06-06 16:00:00,o3,PIIANN,166.0,154.35518
2025-02-07 19:00:00,o3,PIIANN,57.4,46.863228
2022-12-04 19:00:00,o3,PIIANN,12.12,10.790067
2023-11-11 02:00:00,o3,PIIANN,6.35,8.487416
2024-05-06 19:00:00,o3,PIIANN,11.11,14.029338
2023-06-03 20:00:00,o3,PIIANN,14.075,11.233741
2021-09-10 12:00:00,o3,PIIANN,79.32,72.03009
2025-04-07 20:00:00,o3,PIIANN,50.56,48.520237
2021-07-12 08:00:00,o3,PIIANN,18.62,25.632954
2022-04-03 22:00:00,o3,PIIANN,24.6,26.00332
2025-08-11 14:00:00,o3,PIIANN,25.14,30.119026
2022-06-11 07:00:00,o3,PIIANN,57.82,53.339317
2022-11-08 23:00:00,o3,PIIANN,40.27,37.645397
2025-08-05 09:00:00,o3,PIIANN,29.36,32.692154
2022-04-07 16:00:00,o3,PIIANN,23.8,25.8275
2021-02-04 15:00:00,o3,PIIANN,97.52,89.66892
2023-06-01 20:00:00,o3,PIIANN,9.149999,5.098314
2023-07-11 19:00:00,o3,PIIANN,6.2000003,6.794933
2021-01-05 12:00:00,o3,PIIANN,162.6,158.46492
2023-10-08 00:00:00,o3,PIIANN,1.0999979,22.620611
2021-09-11 06:00:00,o3,PIIANN,22.92,22.844135
2021-06-11 05:00:00,o3,PIIANN,25.9,25.242313
2025-10-07 12:00:00,o3,PIIANN,27.29,28.881176
2023-12-03 15:00:00,o3,PIIANN,18.500002,19.657145
2024-06-12 06:00:00,o3,PIIANN,25.4,26.70849
2025-11-09 03:00:00,o3,PIIANN,30.85,25.76579
2024-01-02 04:00:00,o3,PIIANN,3.0500007,4.9615035
2022-08-08 13:00:00,o3,PIIANN,23.02,33.480164
2023-09-11 10:00:00,o3,PIIANN,14.224999,15.956794
2024-03-09 16:00:00,o3,PIIANN,19.96,28.641027
2022-12-10 04:00:00,o3,PIIANN,33.62,28.505304
2023-10-07 13:00:00,o3,PIIANN,11.8,21.477436
2022-05-06 03:00:00,o3,PIIANN,15.05,9.807376
2021-07-12 23:00:00,o3,PIIANN,19.23,20.995523
2021-08-01 11:00:00,o3,PIIANN,45.62,50.694233
2023-10-04 06:00:00,o3,PIIANN,13.7,15.067483
2023-03-08 04:00:00,o3,PIIANN,19.85,13.127614
2025-08-01 10:00:00,o3,PIIANN,19.68,18.09617
2022-11-10 10:00:00,o3,PIIANN,32.15,35.30527
2023-12-05 08:00:00,o3,PIIANN,18.6,25.194395
2023-09-02 16:00:00,o3,PIIANN,18.85,24.44074
2022-10-03 06:00:00,o3,PIIANN,4.1,7.01148
2023-05-09 08:00:00,o3,PIIANN,27.7,19.490852
2021-12-10 23:00:00,o3,PIIANN,30.7,25.333921
2021-01-12 09:00:00,o3,PIIANN,13.3,22.82554
2021-06-10 22:00:00,o3,PIIANN,33.0,21.964495
2022-10-11 15:00:00,o3,PIIANN,58.72,49.063393
2024-07-11 07:00:00,o3,PIIANN,21.12,19.757803
2023-07-01 16:00:00,o3,PIIANN,27.975,25.008064
2025-11-03 15:00:00,o3,PIIANN,55.37,46.262787
2024-02-06 04:00:00,o3,PIIANN,7.0400004,9.069333
2023-03-02 11:00:00,o3,PIIANN,24.35,26.648752
2023-09-04 10:00:00,o3,PIIANN,13.175,19.158792
2024-07-02 00:00:00,o3,PIIANN,18.85,36.689587
2025-11-04 10:00:00,o3,PIIANN,22.31,25.832638
2022-11-10 08:00:00,o3,PIIANN,33.82,34.636658
2025-09-12 00:00:00,o3,PIIANN,13.409999,7.8605094
2022-06-06 17:00:00,o3,PIIANN,26.3,105.34485
2021-12-03 22:00:00,o3,PIIANN,35.02,34.737415
2022-08-12 02:00:00,o3,PIIANN,75.15,70.51982
2021-01-04 09:00:00,o3,PIIANN,78.08,69.91147
2022-05-08 06:00:00,o3,PIIANN,23.296,26.581276
2025-03-05 00:00:00,o3,PIIANN,23.86,26.168598
2025-05-06 09:00:00,o3,PIIANN,22.46,25.979631
2024-06-12 23:00:00,o3,PIIANN,34.05,33.04036
2022-03-06 02:00:00,o3,PIIANN,13.919999,13.427674
2021-01-10 16:00:00,o3,PIIANN,31.72,33.51357
2023-11-06 19:00:00,o3,PIIANN,72.05,70.02976
2024-05-04 23:00:00,o3,PIIANN,7.980001,7.511287
2021-11-11 01:00:00,o3,PIIANN,23.38,27.503464
2023-09-11 01:00:00,o3,PIIANN,6.150001,-3.660439
2025-08-07 10:00:00,o3,PIIANN,26.14,29.936098
2022-10-04 11:00:00,o3,PIIANN,117.43,95.57058
2024-10-03 22:00:00,o3,PIIANN,13.979999,19.117762
2025-03-10 21:00:00,o3,PIIANN,22.82,21.990921
2024-09-02 06:00:00,o3,PIIANN,4.7000003,4.7610755
2021-11-04 07:00:00,o3,PIIANN,8.679999,14.746968
2024-08-01 21:00:00,o3,PIIANN,28.15,32.421165
2021-02-01 19:00:00,o3,PIIANN,19.88,13.190787
2025-08-03 13:00:00,o3,PIIANN,29.07,28.422596
2023-03-01 19:00:00,o3,PIIANN,5.7499995,0.8982577
2023-02-11 19:00:00,o3,PIIANN,6.275001,18.485622
2025-09-08 04:00:00,o3,PIIANN,21.84,20.602085
2022-11-02 17:00:00,o3,PIIANN,69.32,70.545395
2024-03-02 12:00:00,o3,PIIANN,4.9999995,14.445544
2025-09-03 02:00:00,o3,PIIANN,16.09,20.946884
2022-10-05 15:00:00,o3,PIIANN,47.88,61.503666
2025-07-03 02:00:00,o3,PIIANN,18.58,25.699394
2024-07-02 22:00:00,o3,PIIANN,23.08,33.749702
2021-05-03 05:00:00,o3,PIIANN,17.77,25.552986
2025-05-04 20:00:00,o3,PIIANN,17.15,15.580035
2024-12-12 05:00:00,o3,PIIANN,22.92,20.19546
2025-07-10 06:00:00,o3,PIIANN,13.06,13.646522
2023-05-03 23:00:00,o3,PIIANN,14.166667,20.339653
2021-01-10 07:00:00,o3,PIIANN,41.58,34.424534
2023-08-12 12:00:00,o3,PIIANN,23.925,21.214989
2024-08-10 01:00:00,o3,PIIANN,33.03,35.27429
2024-08-08 06:00:00,o3,PIIANN,22.88,22.822153
2022-04-13 02:00:00,o3,PIIANN,58.34702,58.11052
2024-12-11 10:00:00,o3,PIIANN,40.48,45.649002
2023-09-02 10:00:00,o3,PIIANN,22.1,46.575066
2024-03-03 11:00:00,o3,PIIANN,28.72,33.88828
2024-09-11 16:00:00,o3,PIIANN,40.75,35.29528
2022-11-09 17:00:00,o3,PIIANN,59.62,52.202633
2021-02-08 23:00:00,o3,PIIANN,69.85,47.04087
2024-05-10 18:00:00,o3,PIIANN,28.45,23.53595
2021-07-03 12:00:00,o3,PIIANN,106.05,103.16981
2023-09-03 15:00:00,o3,PIIANN,18.0,23.283863
2023-03-10 17:00:00,o3,PIIANN,36.175,37.94576
2021-07-08 14:00:00,o3,PIIANN,44.98,48.86242
2022-07-03 21:00:00,o3,PIIANN,9.7699995,9.673993
2024-07-09 09:00:00,o3,PIIANN,25.4,30.00964
2023-01-03 01:00:00,o3,PIIANN,14.3,16.939045
2023-10-04 02:00:00,o3,PIIANN,13.749999,14.551484
2022-07-02 14:00:00,o3,PIIANN,40.6,49.341064
2021-03-05 10:00:00,o3,PIIANN,142.82,120.478485
2025-04-09 16:00:00,o3,PIIANN,36.16,33.1316
2023-09-08 01:00:00,o3,PIIANN,12.524999,11.231015
2022-05-08 15:00:00,o3,PIIANN,22.5,27.924026
2023-10-10 19:00:00,o3,PIIANN,0.97500175,16.332363
2023-04-11 02:00:00,o3,PIIANN,6.150001,1.2825369
2023-05-12 14:00:00,o3,PIIANN,22.425,26.62176
2025-12-07 17:00:00,o3,PIIANN,26.01,35.446068
2025-06-06 11:00:00,o3,PIIANN,23.63,37.195484
2024-05-06 07:00:00,o3,PIIANN,11.88,14.867507
2023-04-06 18:00:00,o3,PIIANN,115.925,123.45027
2023-05-11 23:00:00,o3,PIIANN,6.4999995,6.818731
2024-06-02 22:00:00,o3,PIIANN,20.8,18.891191
2022-04-12 22:00:00,o3,PIIANN,56.68,53.395004
2024-10-03 02:00:00,o3,PIIANN,13.78,11.598985
2024-01-05 13:00:00,o3,PIIANN,29.69,39.374218
2022-11-12 01:00:00,o3,PIIANN,74.0,70.5036
2023-07-05 12:00:00,o3,PIIANN,17.425001,26.479841
2022-01-04 22:00:00,o3,PIIANN,2.8000007,8.765967
2023-09-04 22:00:00,o3,PIIANN,13.649999,12.227265
2023-06-05 03:00:00,o3,PIIANN,12.575,12.458531
2022-04-10 13:00:00,o3,PIIANN,31.62,39.27689
2024-03-08 01:00:00,o3,PIIANN,53.89,38.89201
2022-07-05 08:00:00,o3,PIIANN,6.2000003,16.06908
2022-12-13 01:00:00,o3,PIIANN,73.13534,75.19713
2023-04-08 08:00:00,o3,PIIANN,9.825,14.853827
2021-01-03 22:00:00,o3,PIIANN,35.9,19.215313
2021-12-08 16:00:00,o3,PIIANN,48.62,51.64811
2024-10-12 02:00:00,o3,PIIANN,34.22,32.47426
2022-06-10 00:00:00,o3,PIIANN,30.5,57.0846
2023-07-06 00:00:00,o3,PIIANN,60.9,18.613861
2024-12-05 18:00:00,o3,PIIANN,83.08,73.23536
2024-04-03 06:00:00,o3,PIIANN,14.8,17.056053
2023-07-09 08:00:00,o3,PIIANN,22.15,9.61851
2023-01-08 14:00:00,o3,PIIANN,47.125,21.96366
2025-07-08 10:00:00,o3,PIIANN,24.32,28.645437
2023-01-01 17:00:00,o3,PIIANN,5.9999995,24.030348
2023-05-10 13:00:00,o3,PIIANN,104.725,69.39239
2025-12-01 11:00:00,o3,PIIANN,20.37,19.410923
2024-02-06 17:00:00,o3,PIIANN,58.42,44.962437
2021-03-12 21:00:00,o3,PIIANN,19.02,19.056854
2021-02-12 22:00:00,o3,PIIANN,12.149999,15.183513
2025-12-05 21:00:00,o3,PIIANN,26.76,20.364431
2022-08-07 07:00:00,o3,PIIANN,23.8,25.943525
2023-12-12 16:00:00,o3,PIIANN,14.249999,18.249641
2025-01-12 13:00:00,o3,PIIANN,17.47,21.963533
2024-01-05 05:00:00,o3,PIIANN,14.489999,15.112985
2023-01-07 03:00:00,o3,PIIANN,8.774999,14.20704
2022-04-05 08:00:00,o3,PIIANN,4.820001,9.88203
2024-02-12 12:00:00,o3,PIIANN,26.57,26.11009
2023-07-01 22:00:00,o3,PIIANN,10.224999,15.473073
2024-04-04 07:00:00,o3,PIIANN,1.6200002,2.6471038
2023-10-01 22:00:00,o3,PIIANN,9.575,11.221915
2021-02-04 09:00:00,o3,PIIANN,64.85,30.7331
2022-07-01 21:00:00,o3,PIIANN,34.1,25.568413
2021-11-12 02:00:00,o3,PIIANN,19.65,21.314503
2022-04-06 21:00:00,o3,PIIANN,17.07,14.955647
2021-03-03 05:00:00,o3,PIIANN,25.9,56.005302
2021-12-07 14:00:00,o3,PIIANN,32.0,38.54157
2024-03-04 01:00:00,o3,PIIANN,3.8199973,10.304347
2025-06-12 19:00:00,o3,PIIANN,20.39,17.49335
2021-04-06 15:00:00,o3,PIIANN,146.88,122.583984
2023-09-01 22:00:00,o3,PIIANN,10.024999,11.454885
2024-11-05 02:00:00,o3,PIIANN,9.39,21.664566
2021-08-10 08:00:00,o3,PIIANN,27.22,31.45484
2025-10-12 09:00:00,o3,PIIANN,12.78,14.117337
2025-12-12 00:00:00,o3,PIIANN,13.72,3.0257525
2021-11-03 20:00:00,o3,PIIANN,20.42,11.701335
2023-09-03 19:00:00,o3,PIIANN,14.274999,12.746161
2022-09-06 02:00:00,o3,PIIANN,8.3,10.589219
2022-09-04 11:00:00,o3,PIIANN,130.45,96.334236
2023-12-07 13:00:00,o3,PIIANN,83.2,71.23387
2022-10-05 14:00:00,o3,PIIANN,57.85,63.365177
2022-01-04 01:00:00,o3,PIIANN,29.02,19.187805
2023-02-11 15:00:00,o3,PIIANN,97.925,97.775185
2024-06-03 09:00:00,o3,PIIANN,31.28,26.702784
2025-10-04 01:00:00,o3,PIIANN,12.06,20.51445
2021-01-05 07:00:00,o3,PIIANN,24.02,36.524937
2024-10-03 14:00:00,o3,PIIANN,113.17,77.70866
2024-04-07 04:00:00,o3,PIIANN,8.339999,10.559194
2022-11-05 05:00:00,o3,PIIANN,15.399999,19.893118
2021-10-09 17:00:00,o3,PIIANN,48.22,48.38532
2021-02-09 18:00:00,o3,PIIANN,83.4,68.68362
2021-02-04 16:00:00,o3,PIIANN,92.899994,80.452896
2022-05-01 10:00:00,o3,PIIANN,45.68,55.752995
2025-11-06 22:00:00,o3,PIIANN,25.01,23.142921
2025-12-06 10:00:00,o3,PIIANN,25.18,31.743717
2022-07-11 07:00:00,o3,PIIANN,57.58,55.96393
2025-08-04 01:00:00,o3,PIIANN,33.52,43.1832
2024-12-01 23:00:00,o3,PIIANN,43.67,29.162413
2025-02-06 02:00:00,o3,PIIANN,28.6,25.872314
2022-10-07 00:00:00,o3,PIIANN,11.999999,10.765466
2022-02-10 21:00:00,o3,PIIANN,32.33,27.78299
2023-05-08 16:00:00,o3,PIIANN,43.15,41.389095
2025-02-04 19:00:00,o3,PIIANN,20.86,19.185705
2025-06-06 02:00:00,o3,PIIANN,22.94,23.85934
2022-11-08 08:00:00,o3,PIIANN,43.2,44.330315
2025-01-12 22:00:00,o3,PIIANN,15.22,16.10347
2023-12-09 15:00:00,o3,PIIANN,83.375,110.34488
2023-08-10 06:00:00,o3,PIIANN,12.849999,26.533281
2023-08-09 17:00:00,o3,PIIANN,63.675,64.32285
2025-02-05 02:00:00,o3,PIIANN,32.48,37.35059
2021-10-08 16:00:00,o3,PIIANN,51.7,52.437336
2025-09-11 21:00:00,o3,PIIANN,8.38,12.610921
2025-04-12 07:00:00,o3,PIIANN,15.149999,16.745865
2024-10-04 10:00:00,o3,PIIANN,68.68,29.813799
2023-07-04 23:00:00,o3,PIIANN,13.333333,19.819427
2025-10-09 08:00:00,o3,PIIANN,34.56,32.097008
2023-01-11 16:00:00,o3,PIIANN,41.275,104.52569
2024-04-07 22:00:00,o3,PIIANN,9.169999,19.238596
2022-07-04 07:00:00,o3,PIIANN,0.900001,7.6647735
2023-07-07 07:00:00,o3,PIIANN,7.225,10.379655
2025-09-03 23:00:00,o3,PIIANN,16.42,25.013464
2024-06-12 04:00:00,o3,PIIANN,25.56,25.409422
2023-10-12 07:00:00,o3,PIIANN,8.7,11.953956
2021-11-06 17:00:00,o3,PIIANN,69.18,88.306526
2024-01-11 14:00:00,o3,PIIANN,18.9,24.697437
2024-08-04 22:00:00,o3,PIIANN,7.02,4.7852893
2023-03-03 07:00:00,o3,PIIANN,14.399999,16.532135
2022-06-02 00:00:00,o3,PIIANN,13.249999,29.883724
2021-08-05 00:00:00,o3,PIIANN,11.88,14.887994
2024-02-08 17:00:00,o3,PIIANN,31.01,25.597008
2022-12-10 11:00:00,o3,PIIANN,33.83,35.48253
2023-12-09 22:00:00,o3,PIIANN,5.933334,12.843797
2021-04-03 19:00:00,o3,PIIANN,18.98,14.442975
2025-07-02 12:00:00,o3,PIIANN,27.68,24.419851
2024-07-03 07:00:00,o3,PIIANN,13.979999,18.356102
2024-03-11 03:00:00,o3,PIIANN,17.910002,17.966595
2024-09-01 13:00:00,o3,PIIANN,16.68,19.587816
2025-06-04 04:00:00,o3,PIIANN,19.31,23.40179
2024-11-02 17:00:00,o3,PIIANN,6.320001,11.53749
2024-09-08 20:00:00,o3,PIIANN,24.51,26.101322
2022-01-07 05:00:00,o3,PIIANN,23.8,22.278263
2022-08-03 04:00:00,o3,PIIANN,2.4200015,4.149444
2024-04-07 05:00:00,o3,PIIANN,7.68,10.7579565
2023-12-09 21:00:00,o3,PIIANN,5.650001,14.1173315
2022-11-09 03:00:00,o3,PIIANN,62.5,58.300434
2023-11-06 17:00:00,o3,PIIANN,95.525,90.501236
2022-09-02 16:00:00,o3,PIIANN,35.17,33.22643
2021-08-04 14:00:00,o3,PIIANN,159.82,157.40562
2024-04-05 12:00:00,o3,PIIANN,84.81,56.82211
2023-01-10 19:00:00,o3,PIIANN,25.025,24.176893
2023-06-10 13:00:00,o3,PIIANN,93.4,70.16131
2021-01-06 06:00:00,o3,PIIANN,32.05,34.103672
2025-06-12 21:00:00,o3,PIIANN,17.01,15.157573
2023-01-11 13:00:00,o3,PIIANN,105.325,44.805756
2024-02-09 01:00:00,o3,PIIANN,59.37,51.09953
2023-08-04 16:00:00,o3,PIIANN,18.500002,19.166939
2022-03-02 21:00:00,o3,PIIANN,14.319999,15.527364
2022-08-04 09:00:00,o3,PIIANN,0.7000002,10.425618
2025-03-06 22:00:00,o3,PIIANN,39.46,32.181107
2024-06-10 07:00:00,o3,PIIANN,27.18,27.685148
2021-10-10 18:00:00,o3,PIIANN,28.88,29.645887
2024-06-11 10:00:00,o3,PIIANN,22.36,26.714008
2022-08-10 06:00:00,o3,PIIANN,31.25,28.78894
2021-10-10 03:00:00,o3,PIIANN,29.52,29.752697
2021-10-09 22:00:00,o3,PIIANN,58.6,66.49053
2022-05-10 01:00:00,o3,PIIANN,31.35,36.670006
2023-03-08 05:00:00,o3,PIIANN,16.25,22.618214
2021-07-08 23:00:00,o3,PIIANN,45.8,43.07263
2024-09-07 17:00:00,o3,PIIANN,10.2,14.113408
2025-06-09 16:00:00,o3,PIIANN,35.43,32.889725
2022-10-07 19:00:00,o3,PIIANN,60.27,48.265823
2021-05-10 19:00:00,o3,PIIANN,23.72,24.58848
2023-05-04 11:00:00,o3,PIIANN,14.974999,23.41187
2023-11-06 06:00:00,o3,PIIANN,36.375,48.106873
2024-04-09 03:00:00,o3,PIIANN,44.44,29.162624
2023-04-02 20:00:00,o3,PIIANN,17.425001,9.703372
2024-10-11 23:00:00,o3,PIIANN,40.98,37.698322
2022-05-06 18:00:00,o3,PIIANN,22.52,46.76415
2025-03-08 10:00:00,o3,PIIANN,22.79,25.376362
2022-11-10 11:00:00,o3,PIIANN,33.75,34.36413
2021-04-03 14:00:00,o3,PIIANN,140.65,103.609634
2023-02-10 03:00:00,o3,PIIANN,12.925,23.359026
2025-06-09 15:00:00,o3,PIIANN,33.92,31.487728
2024-01-12 05:00:00,o3,PIIANN,21.36,17.838833
2024-06-07 12:00:00,o3,PIIANN,11.5199995,14.634158
2024-05-06 18:00:00,o3,PIIANN,17.71,21.602259
2021-06-02 01:00:00,o3,PIIANN,17.17,19.006813
2022-03-08 19:00:00,o3,PIIANN,23.3,19.646532
2025-06-06 00:00:00,o3,PIIANN,22.34,36.465305
2023-10-12 09:00:00,o3,PIIANN,9.024999,14.803493
2025-10-04 09:00:00,o3,PIIANN,12.81,17.409668
2024-12-09 19:00:00,o3,PIIANN,3.9899993,9.923543
2024-03-10 17:00:00,o3,PIIANN,42.02,35.49813
2022-05-08 11:00:00,o3,PIIANN,23.3,28.886255
2022-09-05 10:00:00,o3,PIIANN,37.8,35.881996
2021-09-05 07:00:00,o3,PIIANN,42.98,47.721214
2025-03-03 20:00:00,o3,PIIANN,25.21,22.469788
2021-06-02 19:00:00,o3,PIIANN,30.8,42.67774
2024-09-10 23:00:00,o3,PIIANN,26.89,21.788416
2021-03-03 07:00:00,o3,PIIANN,23.5,30.827429
2024-04-09 21:00:00,o3,PIIANN,35.78,30.072395
2024-12-03 01:00:00,o3,PIIANN,4.9700007,8.903388
2025-01-04 00:00:00,o3,PIIANN,22.13,27.592484
2022-05-05 20:00:00,o3,PIIANN,7.3700004,4.134338
2024-07-08 11:00:00,o3,PIIANN,19.58,22.087109
2023-01-13 02:00:00,o3,PIIANN,8.124415,7.1438727
2025-04-05 09:00:00,o3,PIIANN,28.97,35.628696
2025-12-11 03:00:00,o3,PIIANN,5.9700007,8.798879
2024-07-12 02:00:00,o3,PIIANN,33.06,32.24028
2022-07-03 22:00:00,o3,PIIANN,6.820001,8.78968
2025-09-10 05:00:00,o3,PIIANN,14.009999,13.3210535
2022-08-05 15:00:00,o3,PIIANN,107.75,112.26013
2025-01-12 14:00:00,o3,PIIANN,19.59,22.68189
2024-09-04 06:00:00,o3,PIIANN,7.0799994,4.8035827
2024-03-03 12:00:00,o3,PIIANN,36.9,36.949924
2022-11-08 03:00:00,o3,PIIANN,43.4,40.996796
2022-05-11 00:00:00,o3,PIIANN,56.95,24.520054
2022-08-05 07:00:00,o3,PIIANN,7.0500007,14.942212
2024-03-04 11:00:00,o3,PIIANN,11.2,19.86701
2024-05-01 17:00:00,o3,PIIANN,21.22,20.418043
2025-01-11 09:00:00,o3,PIIANN,8.679999,7.624685
2021-10-10 05:00:00,o3,PIIANN,27.0,26.320576
2022-02-12 00:00:00,o3,PIIANN,57.97,57.054607
2024-07-02 01:00:00,o3,PIIANN,18.0,12.532575
2021-07-02 11:00:00,o3,PIIANN,124.6,89.93344
2023-03-06 11:00:00,o3,PIIANN,31.3,41.23559
2021-08-01 21:00:00,o3,PIIANN,38.2,30.529957
2024-12-02 01:00:00,o3,PIIANN,20.8,12.788417
2023-01-09 19:00:00,o3,PIIANN,3.6750007,21.090935
2024-02-02 11:00:00,o3,PIIANN,34.4,29.917341
2022-02-02 22:00:00,o3,PIIANN,23.12,19.713863
2023-07-04 06:00:00,o3,PIIANN,14.249999,14.416881
2022-03-10 23:00:00,o3,PIIANN,31.4,32.981583
2024-09-05 09:00:00,o3,PIIANN,16.33,18.48454
2024-07-13 01:00:00,o3,PIIANN,33.908447,31.250944
2021-11-01 11:00:00,o3,PIIANN,96.8,93.10408
2021-07-10 20:00:00,o3,PIIANN,27.6,26.138302
2023-01-06 07:00:00,o3,PIIANN,19.225,21.319399
2022-05-06 02:00:00,o3,PIIANN,12.5199995,10.275197
2021-12-07 03:00:00,o3,PIIANN,22.45,19.826859
2024-09-07 19:00:00,o3,PIIANN,8.319999,14.367219
2022-04-07 13:00:00,o3,PIIANN,8.015384,20.473259
2021-05-02 00:00:00,o3,PIIANN,21.2,16.331352
2021-02-06 03:00:00,o3,PIIANN,4.6,4.6938396
2023-08-08 19:00:00,o3,PIIANN,8.675,9.78872
2024-09-08 13:00:00,o3,PIIANN,25.1,26.649332
2022-05-06 00:00:00,o3,PIIANN,13.749999,8.712321
2021-10-06 04:00:00,o3,PIIANN,37.97,45.38859
2021-01-11 11:00:00,o3,PIIANN,56.1,38.02069
2024-11-10 04:00:00,o3,PIIANN,26.98,24.398243
2022-04-12 11:00:00,o3,PIIANN,56.9,61.111088
2023-05-12 16:00:00,o3,PIIANN,13.349999,19.200554
2023-07-03 11:00:00,o3,PIIANN,14.675,24.149376
2025-09-09 18:00:00,o3,PIIANN,33.8,23.15286
2024-12-04 07:00:00,o3,PIIANN,7.2599998,6.924234
2024-07-05 05:00:00,o3,PIIANN,9.669999,13.300292
2021-07-06 04:00:00,o3,PIIANN,15.45,44.612892
2021-12-09 13:00:00,o3,PIIANN,87.08,87.18336
2022-02-04 17:00:00,o3,PIIANN,20.5,57.87182
2023-12-04 16:00:00,o3,PIIANN,20.175,21.193491
2023-12-07 03:00:00,o3,PIIANN,16.375,15.463094
2025-06-11 02:00:00,o3,PIIANN,2.8199973,7.377584
2022-02-11 16:00:00,o3,PIIANN,58.32,41.646107
2022-09-03 13:00:00,o3,PIIANN,55.92,64.83923
2023-03-11 06:00:00,o3,PIIANN,6.3250003,10.193154
2024-03-08 11:00:00,o3,PIIANN,62.799995,57.717766
2021-09-07 20:00:00,o3,PIIANN,33.92,30.145119
2024-02-13 00:00:00,o3,PIIANN,21.363129,20.181152
2023-02-09 07:00:00,o3,PIIANN,4.5500007,6.9050193
2024-05-03 03:00:00,o3,PIIANN,18.03,12.083795
2025-07-12 08:00:00,o3,PIIANN,17.17,17.642303
2025-04-12 00:00:00,o3,PIIANN,15.179999,5.514049
2021-06-12 22:00:00,o3,PIIANN,19.48,18.324596
2024-09-07 18:00:00,o3,PIIANN,10.409999,14.016191
2022-10-12 11:00:00,o3,PIIANN,72.45,75.806175
2024-11-12 21:00:00,o3,PIIANN,23.16,18.597908
2023-10-01 08:00:00,o3,PIIANN,9.45,14.259799
2023-01-04 00:00:00,o3,PIIANN,14.499999,16.237047
2022-03-10 11:00:00,o3,PIIANN,31.78,39.323914
2024-02-08 19:00:00,o3,PIIANN,42.4,33.8512
2021-08-11 14:00:00,o3,PIIANN,130.02,118.6088
2023-01-03 15:00:00,o3,PIIANN,17.0,20.115276
2024-09-04 15:00:00,o3,PIIANN,51.04,45.53969
2024-04-10 14:00:00,o3,PIIANN,43.17,51.188927
2025-01-05 12:00:00,o3,PIIANN,28.8,36.15474
2022-05-05 11:00:00,o3,PIIANN,36.6,27.48796
2021-12-07 21:00:00,o3,PIIANN,19.65,18.262428
2025-05-09 03:00:00,o3,PIIANN,32.34,30.703024
2025-08-04 16:00:00,o3,PIIANN,59.64,61.047356
2024-11-02 19:00:00,o3,PIIANN,8.62,10.969222
2024-01-08 20:00:00,o3,PIIANN,22.51,24.570778
2021-05-12 07:00:00,o3,PIIANN,28.42,24.13002
2025-12-10 00:00:00,o3,PIIANN,12.37,31.031345
2023-06-07 20:00:00,o3,PIIANN,23.8,18.00872
2021-04-10 13:00:00,o3,PIIANN,35.8,38.042625
2022-09-02 10:00:00,o3,PIIANN,8.12,18.910643
2022-02-04 04:00:00,o3,PIIANN,1.8000005,5.1466937
2024-09-12 20:00:00,o3,PIIANN,35.24,27.794147
2024-03-10 01:00:00,o3,PIIANN,41.94,42.10065
2024-12-08 19:00:00,o3,PIIANN,0.5400004,10.20301
2021-08-11 07:00:00,o3,PIIANN,22.9,26.871286
2025-12-04 04:00:00,o3,PIIANN,18.82,19.939741
2021-05-04 03:00:00,o3,PIIANN,23.8,62.96896
2022-12-08 14:00:00,o3,PIIANN,46.22,47.472637
2022-01-05 03:00:00,o3,PIIANN,4.9500003,6.6146274
2021-12-06 04:00:00,o3,PIIANN,26.52,32.90254
2025-09-10 03:00:00,o3,PIIANN,13.78,14.108336
2025-08-07 06:00:00,o3,PIIANN,28.48,27.28595
2025-04-09 09:00:00,o3,PIIANN,34.74,29.464094
2022-01-07 14:00:00,o3,PIIANN,23.8,32.636673
2022-12-05 06:00:00,o3,PIIANN,9.88,17.587751
2023-06-07 22:00:00,o3,PIIANN,2.900003,19.282906
2021-09-10 19:00:00,o3,PIIANN,29.52,32.388042
2022-07-05 07:00:00,o3,PIIANN,6.35,13.21371
2023-11-09 22:00:00,o3,PIIANN,2.725,10.944451
2022-12-07 19:00:00,o3,PIIANN,23.8,25.506588
2025-01-03 19:00:00,o3,PIIANN,28.92,30.598091
2024-05-07 13:00:00,o3,PIIANN,15.599999,19.058897
2024-05-02 10:00:00,o3,PIIANN,14.38,20.405651
2023-12-10 10:00:00,o3,PIIANN,68.7,33.64568
2025-09-08 10:00:00,o3,PIIANN,22.68,23.881191
2025-12-09 21:00:00,o3,PIIANN,33.26,26.355148
2024-07-11 19:00:00,o3,PIIANN,21.1,23.417727
2021-02-10 18:00:00,o3,PIIANN,33.08,31.124857
2022-04-04 03:00:00,o3,PIIANN,1.4999994,5.017532
2021-12-05 03:00:00,o3,PIIANN,71.0,57.20374
2025-12-04 21:00:00,o3,PIIANN,41.58,36.137497
2022-05-09 04:00:00,o3,PIIANN,58.45,52.6051
2023-07-06 15:00:00,o3,PIIANN,130.425,114.80622
2024-06-04 08:00:00,o3,PIIANN,14.47,10.590926
2025-04-09 00:00:00,o3,PIIANN,24.42,29.238207
2023-08-08 20:00:00,o3,PIIANN,6.725,10.182624
2023-09-03 21:00:00,o3,PIIANN,14.425,14.93221
2023-10-12 14:00:00,o3,PIIANN,26.575,26.61266
2025-03-06 16:00:00,o3,PIIANN,63.42,66.54176
2022-02-10 02:00:00,o3,PIIANN,33.6,33.709972
2022-12-06 21:00:00,o3,PIIANN,2.9199996,5.680324
2025-03-05 08:00:00,o3,PIIANN,26.84,28.682253
2025-12-06 16:00:00,o3,PIIANN,70.8,77.07827
2023-06-05 11:00:00,o3,PIIANN,18.375,21.926758
2023-07-05 18:00:00,o3,PIIANN,20.2,18.313972
2022-10-01 18:00:00,o3,PIIANN,32.62,35.959534
2022-05-03 00:00:00,o3,PIIANN,33.28,13.723878
2025-09-10 17:00:00,o3,PIIANN,20.71,16.166508
2021-12-05 11:00:00,o3,PIIANN,164.0,134.93578
2021-11-03 14:00:00,o3,PIIANN,109.3,106.24262
2025-12-10 01:00:00,o3,PIIANN,12.3,23.059278
2025-01-10 15:00:00,o3,PIIANN,35.28,36.023476
2023-10-12 02:00:00,o3,PIIANN,8.575,6.6192164
2021-09-12 05:00:00,o3,PIIANN,19.45,21.191538
2021-02-10 21:00:00,o3,PIIANN,36.38,38.150608
2024-04-10 02:00:00,o3,PIIANN,41.73,41.745834
2023-05-09 11:00:00,o3,PIIANN,127.13333,101.57955
2024-02-04 04:00:00,o3,PIIANN,3.5400004,2.174335
2024-01-10 09:00:00,o3,PIIANN,42.03,40.382675
2021-02-03 14:00:00,o3,PIIANN,148.15,139.38692
2025-08-03 01:00:00,o3,PIIANN,16.17,24.744589
2024-01-05 17:00:00,o3,PIIANN,36.68,24.936283
2024-03-08 21:00:00,o3,PIIANN,52.84,47.499485
2023-08-11 16:00:00,o3,PIIANN,22.666666,52.26321
2024-03-06 11:00:00,o3,PIIANN,14.87,41.143883
2023-07-02 13:00:00,o3,PIIANN,25.4,36.897285
2022-01-05 15:00:00,o3,PIIANN,25.88,33.858437
2025-05-13 02:00:00,o3,PIIANN,18.34788,12.895522
2025-01-01 09:00:00,o3,PIIANN,21.74,18.135015
2022-05-12 16:00:00,o3,PIIANN,83.95,57.15528
2022-07-06 01:00:00,o3,PIIANN,4.8224998,6.4601474
2022-09-10 22:00:00,o3,PIIANN,33.65,27.805712
2023-02-02 00:00:00,o3,PIIANN,17.5,9.89228
2021-04-02 07:00:00,o3,PIIANN,21.05,26.477736
2023-07-01 09:00:00,o3,PIIANN,9.124999,16.00993
2023-07-12 13:00:00,o3,PIIANN,19.425,24.150887
2024-08-08 14:00:00,o3,PIIANN,22.64,24.891798
2021-10-09 15:00:00,o3,PIIANN,53.08,57.97237
2022-06-05 06:00:00,o3,PIIANN,5.03,9.902762
2025-06-04 08:00:00,o3,PIIANN,20.85,25.402092
2023-04-05 23:00:00,o3,PIIANN,16.666666,22.862041
2022-02-10 22:00:00,o3,PIIANN,31.95,30.932314
2024-06-03 19:00:00,o3,PIIANN,17.12,28.360302
2022-02-09 07:00:00,o3,PIIANN,53.15,54.882664
2023-09-11 19:00:00,o3,PIIANN,13.774999,11.840108
2021-10-11 18:00:00,o3,PIIANN,23.82,21.855883
2021-07-09 14:00:00,o3,PIIANN,86.1,59.925465
2021-04-04 15:00:00,o3,PIIANN,135.88,124.15674
2024-04-12 19:00:00,o3,PIIANN,21.81,16.26363
2022-08-04 20:00:00,o3,PIIANN,2.7760024,8.955068
2023-08-10 16:00:00,o3,PIIANN,56.675,45.71015
2025-09-04 03:00:00,o3,PIIANN,19.3,20.819485
2021-08-01 13:00:00,o3,PIIANN,57.6,54.013027
2022-09-04 07:00:00,o3,PIIANN,23.8,26.39949
2023-05-07 16:00:00,o3,PIIANN,58.966667,50.592213
2023-05-07 10:00:00,o3,PIIANN,37.129166,34.88843
2024-01-08 18:00:00,o3,PIIANN,22.74,21.85079
2021-10-03 07:00:00,o3,PIIANN,14.849999,24.38335
2024-09-02 01:00:00,o3,PIIANN,15.999999,10.192975
2022-02-12 14:00:00,o3,PIIANN,58.18,57.314926
2023-03-06 09:00:00,o3,PIIANN,24.675,25.573473
2023-08-08 02:00:00,o3,PIIANN,7.3250003,11.031737
2021-11-02 13:00:00,o3,PIIANN,175.9,115.570526
2024-09-07 09:00:00,o3,PIIANN,16.12,14.3984995
2025-07-06 20:00:00,o3,PIIANN,19.01,14.222783
2022-05-08 02:00:00,o3,PIIANN,23.35,26.404623
2025-01-07 15:00:00,o3,PIIANN,38.92,53.23861
2023-07-09 16:00:00,o3,PIIANN,39.7,59.264404
2022-07-09 09:00:00,o3,PIIANN,59.05,61.823517
2021-04-04 06:00:00,o3,PIIANN,7.646667,8.217141
2021-04-09 00:00:00,o3,PIIANN,61.52,36.222706
2025-12-10 11:00:00,o3,PIIANN,20.26,22.253347
2025-12-08 03:00:00,o3,PIIANN,34.1,32.446167
2021-02-09 09:00:00,o3,PIIANN,73.28,78.0614
2024-06-08 08:00:00,o3,PIIANN,17.61,19.205265
2022-10-02 11:00:00,o3,PIIANN,34.9,27.768063
2022-02-02 07:00:00,o3,PIIANN,20.4,21.39238
2024-06-12 08:00:00,o3,PIIANN,22.15,28.395605
2024-11-06 17:00:00,o3,PIIANN,60.99,47.442707
2021-02-05 11:00:00,o3,PIIANN,150.12,141.68835
2021-05-02 01:00:00,o3,PIIANN,17.1,22.76763
2024-07-04 13:00:00,o3,PIIANN,13.329999,29.661272
2024-02-07 11:00:00,o3,PIIANN,10.159999,14.777337
2025-10-05 09:00:00,o3,PIIANN,48.14,37.742455
2024-12-05 03:00:00,o3,PIIANN,7.44,7.455482
2022-07-03 07:00:00,o3,PIIANN,5.85,9.46642
2025-06-06 23:00:00,o3,PIIANN,20.64,22.260994
2022-02-03 20:00:00,o3,PIIANN,12.099999,11.72627
2023-03-08 20:00:00,o3,PIIANN,23.05,16.423357
2022-01-05 06:00:00,o3,PIIANN,3.7800002,13.901986
2025-01-07 05:00:00,o3,PIIANN,23.68,21.001781
2025-01-08 21:00:00,o3,PIIANN,23.51,21.86384
2023-08-01 22:00:00,o3,PIIANN,10.149999,14.078137
2025-07-04 14:00:00,o3,PIIANN,37.71,44.250736
2025-04-11 02:00:00,o3,PIIANN,7.9099994,9.145967
2025-03-03 21:00:00,o3,PIIANN,23.64,21.717863
2021-11-09 03:00:00,o3,PIIANN,81.4,67.90898
2022-04-06 02:00:00,o3,PIIANN,10.749999,12.521445
2021-05-03 00:00:00,o3,PIIANN,18.32,21.381838
2023-08-05 07:00:00,o3,PIIANN,18.25,20.643223
2021-03-08 15:00:00,o3,PIIANN,0.29999867,13.29654
2023-06-04 13:00:00,o3,PIIANN,15.474999,27.835955
2021-07-09 06:00:00,o3,PIIANN,67.35,125.75616
2021-03-09 09:00:00,o3,PIIANN,82.0,81.161385
2022-04-08 02:00:00,o3,PIIANN,23.25,23.373987
2021-08-12 22:00:00,o3,PIIANN,20.38,21.304789
2024-06-07 14:00:00,o3,PIIANN,32.84,20.98815
2021-04-09 19:00:00,o3,PIIANN,23.8,45.840427
2023-11-11 21:00:00,o3,PIIANN,8.374999,14.251195
2024-09-07 04:00:00,o3,PIIANN,9.62,11.325107
2024-04-12 20:00:00,o3,PIIANN,22.06,13.671962
2025-01-06 21:00:00,o3,PIIANN,28.91,24.569134
2024-10-01 16:00:00,o3,PIIANN,15.749999,19.940372
2022-08-11 21:00:00,o3,PIIANN,58.9,39.96172
2024-02-05 01:00:00,o3,PIIANN,20.07,17.758858
2022-03-01 19:00:00,o3,PIIANN,36.83,22.875956
2025-11-05 22:00:00,o3,PIIANN,51.08,30.621742
2023-06-12 03:00:00,o3,PIIANN,8.7,7.349357
2022-06-09 13:00:00,o3,PIIANN,59.35,65.89114
2025-05-03 15:00:00,o3,PIIANN,37.34,35.18259
2023-04-12 03:00:00,o3,PIIANN,8.749999,7.3424506
2024-02-10 15:00:00,o3,PIIANN,42.11,41.382214
2022-06-03 10:00:00,o3,PIIANN,29.4,28.17863
2021-08-04 18:00:00,o3,PIIANN,65.47,91.87147
2024-04-10 23:00:00,o3,PIIANN,22.62,37.563534
2023-11-07 04:00:00,o3,PIIANN,10.899999,15.919219
2021-03-02 07:00:00,o3,PIIANN,23.52,34.784256
2022-04-03 15:00:00,o3,PIIANN,76.67,70.763756
2021-09-12 09:00:00,o3,PIIANN,21.02,28.959875
2025-01-11 22:00:00,o3,PIIANN,7.1699996,14.697965
2022-01-11 18:00:00,o3,PIIANN,54.75,39.21669
2024-08-04 03:00:00,o3,PIIANN,7.4099994,6.746877
2021-12-04 16:00:00,o3,PIIANN,156.18,144.65656
2024-03-10 22:00:00,o3,PIIANN,43.86,36.261494
2024-01-02 14:00:00,o3,PIIANN,33.48,34.539143
2021-09-13 01:00:00,o3,PIIANN,20.643927,22.765905
2022-07-03 11:00:00,o3,PIIANN,16.42,18.838036
2024-09-11 18:00:00,o3,PIIANN,40.74,31.313824
2022-04-09 07:00:00,o3,PIIANN,56.82,56.365494
2025-05-04 22:00:00,o3,PIIANN,19.84,17.130207
2025-05-04 00:00:00,o3,PIIANN,21.61,23.811108
2021-08-02 07:00:00,o3,PIIANN,24.82,33.683144
2025-03-04 12:00:00,o3,PIIANN,40.61,41.83326
2023-04-10 09:00:00,o3,PIIANN,28.325,19.770945
2024-02-08 07:00:00,o3,PIIANN,22.66,23.767536
2022-04-08 03:00:00,o3,PIIANN,23.45,22.29961
2021-02-02 07:00:00,o3,PIIANN,19.35,25.848143
2025-08-05 12:00:00,o3,PIIANN,26.78,34.597103
2021-01-05 16:00:00,o3,PIIANN,191.52,155.56856
2023-02-08 14:00:00,o3,PIIANN,50.075,49.896793
2021-09-10 18:00:00,o3,PIIANN,29.78,27.10795
2023-11-01 17:00:00,o3,PIIANN,17.3,16.67502
2022-12-04 04:00:00,o3,PIIANN,23.8,24.8156
2025-10-05 20:00:00,o3,PIIANN,43.67,26.07604
2024-10-10 10:00:00,o3,PIIANN,28.96,29.729254
2024-11-03 20:00:00,o3,PIIANN,10.679999,14.62243
2022-02-10 13:00:00,o3,PIIANN,32.67,36.13167
2022-05-04 01:00:00,o3,PIIANN,1.5199999,11.173854
2022-12-12 04:00:00,o3,PIIANN,73.92,68.047066
2025-12-05 03:00:00,o3,PIIANN,44.59,35.753235
2023-11-08 10:00:00,o3,PIIANN,22.025,18.219666
2022-02-05 10:00:00,o3,PIIANN,17.350002,17.928455
2022-09-05 06:00:00,o3,PIIANN,11.819999,16.094091
2024-08-02 21:00:00,o3,PIIANN,9.5199995,17.217491
2021-11-04 03:00:00,o3,PIIANN,9.05,6.9231086
2025-03-11 20:00:00,o3,PIIANN,14.62,9.4141245
2025-04-11 12:00:00,o3,PIIANN,14.0199995,24.506897
2021-03-11 10:00:00,o3,PIIANN,21.9,32.78838
2025-05-06 08:00:00,o3,PIIANN,27.16,22.741722
2024-06-12 13:00:00,o3,PIIANN,38.34,41.292778
2024-05-02 06:00:00,o3,PIIANN,3.9499984,3.9753757
2024-08-07 05:00:00,o3,PIIANN,7.070001,11.438746
2025-06-01 10:00:00,o3,PIIANN,20.74,19.53933
2021-09-03 10:00:00,o3,PIIANN,57.4,54.54779
2024-08-07 07:00:00,o3,PIIANN,7.4199996,9.936589
2024-03-06 05:00:00,o3,PIIANN,9.499999,15.332585
2022-12-02 02:00:00,o3,PIIANN,12.349999,12.046098
2025-10-11 01:00:00,o3,PIIANN,8.38,12.674144
2023-09-09 09:00:00,o3,PIIANN,13.2,9.577613
2024-02-01 14:00:00,o3,PIIANN,12.229999,11.9649
2025-01-04 14:00:00,o3,PIIANN,25.92,34.724678
2023-03-09 17:00:00,o3,PIIANN,36.9,27.74389
2023-09-12 05:00:00,o3,PIIANN,8.499999,9.890742
2021-07-10 13:00:00,o3,PIIANN,64.25,70.40947
2025-12-02 16:00:00,o3,PIIANN,32.28,29.841232
2023-06-09 15:00:00,o3,PIIANN,96.35,65.68137
2025-06-12 00:00:00,o3,PIIANN,18.54,8.507358
2021-01-02 08:00:00,o3,PIIANN,18.98,29.01267
2025-12-10 21:00:00,o3,PIIANN,14.39,13.363885
2023-03-03 22:00:00,o3,PIIANN,14.05,14.471427
2022-08-04 19:00:00,o3,PIIANN,1.0499986,-3.0590253
2021-01-06 03:00:00,o3,PIIANN,46.15,41.958195
2023-06-04 08:00:00,o3,PIIANN,14.224999,19.928179
2024-07-05 00:00:00,o3,PIIANN,8.729999,6.619827
2023-10-03 20:00:00,o3,PIIANN,14.325,10.738456
2021-02-09 10:00:00,o3,PIIANN,74.1,74.39274
2021-07-08 21:00:00,o3,PIIANN,46.02,33.762962
2025-06-03 00:00:00,o3,PIIANN,26.9,19.453024
2024-09-01 20:00:00,o3,PIIANN,15.079999,14.182427
2024-02-05 23:00:00,o3,PIIANN,6.8700004,9.24569
2023-10-03 04:00:00,o3,PIIANN,14.874999,11.787997
2023-01-11 06:00:00,o3,PIIANN,5.8749995,4.5556655
2024-01-08 08:00:00,o3,PIIANN,8.929999,11.169911
2022-11-11 07:00:00,o3,PIIANN,58.5,61.44797
2022-09-10 16:00:00,o3,PIIANN,33.58,32.218884
2024-07-10 09:00:00,o3,PIIANN,26.9,30.039335
2022-02-05 17:00:00,o3,PIIANN,44.3,39.876774
2024-01-05 16:00:00,o3,PIIANN,35.39,24.500336
2023-12-09 17:00:00,o3,PIIANN,12.8,38.125744
2024-07-08 19:00:00,o3,PIIANN,20.6,23.155561
2024-10-05 14:00:00,o3,PIIANN,26.176666,29.169136
2025-06-11 22:00:00,o3,PIIANN,6.2399993,11.372596
2024-05-01 19:00:00,o3,PIIANN,17.900002,16.383444
2022-02-10 06:00:00,o3,PIIANN,32.53,32.251892
2025-09-13 02:00:00,o3,PIIANN,11.818337,11.547832
2025-08-07 00:00:00,o3,PIIANN,27.48,23.292826
2025-11-09 18:00:00,o3,PIIANN,36.1,26.90415
2023-03-07 13:00:00,o3,PIIANN,63.799995,59.94976
2021-11-03 00:00:00,o3,PIIANN,14.919999,22.152903
2021-01-10 09:00:00,o3,PIIANN,26.72,34.9329
2024-02-01 15:00:00,o3,PIIANN,12.28,13.425031
2021-07-02 04:00:00,o3,PIIANN,25.05,25.305176
2024-04-02 08:00:00,o3,PIIANN,21.6,16.76447
2021-01-09 20:00:00,o3,PIIANN,77.78,61.900833
2025-02-03 22:00:00,o3,PIIANN,21.81,20.851255
2022-10-08 21:00:00,o3,PIIANN,43.47,38.733086
2025-02-10 20:00:00,o3,PIIANN,19.8,20.089708
2022-02-02 08:00:00,o3,PIIANN,21.28,23.639359
2021-05-02 14:00:00,o3,PIIANN,136.6,120.137054
2025-08-03 02:00:00,o3,PIIANN,16.93,21.378893
2025-10-09 04:00:00,o3,PIIANN,35.33,31.328114
2023-02-12 17:00:00,o3,PIIANN,11.899999,9.833728
2022-12-01 13:00:00,o3,PIIANN,58.35,53.685093
2021-12-05 09:00:00,o3,PIIANN,100.25,78.573105
2025-10-12 11:00:00,o3,PIIANN,20.12,17.969446
2023-02-03 22:00:00,o3,PIIANN,14.075,16.166885
2021-07-11 18:00:00,o3,PIIANN,22.02,22.534267
2022-04-12 05:00:00,o3,PIIANN,57.58,51.06006
2022-02-01 17:00:00,o3,PIIANN,33.62,41.1209
2023-01-08 13:00:00,o3,PIIANN,16.075,18.240835
2022-01-05 14:00:00,o3,PIIANN,33.35,45.162548
2022-11-07 02:00:00,o3,PIIANN,93.17999,83.86559
2022-11-05 17:00:00,o3,PIIANN,38.1,22.994095
2023-05-01 19:00:00,o3,PIIANN,8.649999,0.79090446
2024-06-05 17:00:00,o3,PIIANN,116.17,90.52859
2023-02-03 06:00:00,o3,PIIANN,14.55,15.800132
2024-07-06 03:00:00,o3,PIIANN,18.89,19.14392
2025-06-01 19:00:00,o3,PIIANN,19.73,21.935308
2024-09-11 14:00:00,o3,PIIANN,41.52,42.8606
2021-05-01 19:00:00,o3,PIIANN,11.679999,16.23161
2025-01-10 09:00:00,o3,PIIANN,18.88,18.958376
2024-04-12 17:00:00,o3,PIIANN,25.38,31.648783
2022-09-06 17:00:00,o3,PIIANN,22.28,52.217754
2021-08-02 06:00:00,o3,PIIANN,25.02,31.728905
2023-04-08 09:00:00,o3,PIIANN,9.05,14.814322
2024-10-09 17:00:00,o3,PIIANN,14.569999,23.505045
2024-10-06 04:00:00,o3,PIIANN,22.85,20.765198
2023-05-04 09:00:00,o3,PIIANN,14.3,20.456512
2025-09-08 19:00:00,o3,PIIANN,25.95,22.734911
2023-07-12 01:00:00,o3,PIIANN,8.749999,14.423297
2023-11-03 16:00:00,o3,PIIANN,17.850002,18.593847
2022-02-12 16:00:00,o3,PIIANN,57.55,52.829575
2023-02-09 15:00:00,o3,PIIANN,34.68889,36.363262
2023-08-06 03:00:00,o3,PIIANN,2.6999984,6.959945
2022-09-03 12:00:00,o3,PIIANN,57.25,51.102654
2025-08-05 14:00:00,o3,PIIANN,59.64,38.61413
2023-10-04 00:00:00,o3,PIIANN,13.925,18.204876
2022-04-09 17:00:00,o3,PIIANN,57.0,50.50194
2024-10-12 08:00:00,o3,PIIANN,17.410002,32.031315
2024-01-12 19:00:00,o3,PIIANN,22.04,21.242678
2025-06-02 23:00:00,o3,PIIANN,19.71,19.225576
2021-08-06 07:00:00,o3,PIIANN,40.57,40.998623
2023-01-05 11:00:00,o3,PIIANN,14.274999,22.06237
2024-07-05 19:00:00,o3,PIIANN,32.18,32.461937
2024-02-03 19:00:00,o3,PIIANN,47.45,44.264305
2021-12-11 09:00:00,o3,PIIANN,27.05,37.533688
2024-12-06 21:00:00,o3,PIIANN,6.070001,8.789269
2024-07-10 06:00:00,o3,PIIANN,27.18,28.247765
2023-07-06 18:00:00,o3,PIIANN,73.425,111.77551
2024-03-12 04:00:00,o3,PIIANN,21.65,19.23276
2024-03-09 15:00:00,o3,PIIANN,23.86,38.52153
2023-11-12 05:00:00,o3,PIIANN,8.524999,5.431482
2022-11-02 18:00:00,o3,PIIANN,28.02,54.6985
2023-05-07 07:00:00,o3,PIIANN,22.875,24.831802
2025-01-12 12:00:00,o3,PIIANN,16.45,21.497118
2022-07-04 19:00:00,o3,PIIANN,4.4500003,37.844254
2021-09-05 04:00:00,o3,PIIANN,70.27,77.10191
2025-10-10 13:00:00,o3,PIIANN,23.7,27.928963
2023-07-07 06:00:00,o3,PIIANN,7.1750007,8.227525
2023-11-04 08:00:00,o3,PIIANN,13.55,17.493849
2025-06-06 04:00:00,o3,PIIANN,21.96,21.429907
2024-03-11 20:00:00,o3,PIIANN,17.22,17.008682
2023-07-09 21:00:00,o3,PIIANN,3.400001,11.391524
2021-08-05 02:00:00,o3,PIIANN,7.320001,13.994765
2021-04-04 23:00:00,o3,PIIANN,23.8,26.707987
2021-02-12 07:00:00,o3,PIIANN,14.7,20.894789
2025-02-04 11:00:00,o3,PIIANN,29.09,28.517488
2022-11-08 15:00:00,o3,PIIANN,42.68,42.566086
2023-03-02 22:00:00,o3,PIIANN,17.6,20.502205
2025-04-11 11:00:00,o3,PIIANN,14.179999,22.361353
2025-12-02 08:00:00,o3,PIIANN,14.86,13.591325
2024-07-08 23:00:00,o3,PIIANN,17.56,22.06925
2021-02-02 02:00:00,o3,PIIANN,18.8,5.382589
2024-11-11 12:00:00,o3,PIIANN,39.24,44.118332
2022-07-03 15:00:00,o3,PIIANN,90.0,62.260532
2025-06-04 22:00:00,o3,PIIANN,11.599999,5.045345
2025-05-06 07:00:00,o3,PIIANN,19.72,24.355072
2021-09-07 15:00:00,o3,PIIANN,65.35,64.325745
2024-11-10 17:00:00,o3,PIIANN,30.88,29.387783
2024-09-07 03:00:00,o3,PIIANN,10.259999,10.806424
2025-05-11 07:00:00,o3,PIIANN,6.4700007,6.279073
2023-07-05 10:00:00,o3,PIIANN,16.233334,22.035154
2024-02-09 05:00:00,o3,PIIANN,59.5,53.129765
2025-12-11 19:00:00,o3,PIIANN,8.099999,4.7148623
2024-08-10 05:00:00,o3,PIIANN,32.66,30.84772
2022-06-06 03:00:00,o3,PIIANN,22.48,14.063384
2021-01-02 19:00:00,o3,PIIANN,18.25,13.667609
2023-02-01 08:00:00,o3,PIIANN,9.749999,13.664817
2023-10-10 21:00:00,o3,PIIANN,2.025001,9.817143
2023-03-07 12:00:00,o3,PIIANN,52.325,53.230297
2025-11-12 04:00:00,o3,PIIANN,10.37,7.1478515
2021-10-08 17:00:00,o3,PIIANN,48.4,48.205143
2022-11-03 18:00:00,o3,PIIANN,18.470001,35.259586
2021-04-05 02:00:00,o3,PIIANN,77.65,55.020382
2021-01-10 08:00:00,o3,PIIANN,31.12,40.80758
2021-04-02 01:00:00,o3,PIIANN,18.420002,17.57184
2022-06-03 03:00:00,o3,PIIANN,5.03,5.9955535
2025-05-06 16:00:00,o3,PIIANN,109.27,108.53356
2024-03-03 22:00:00,o3,PIIANN,15.679999,22.74966
2025-08-07 22:00:00,o3,PIIANN,55.14,46.42618
2022-03-10 06:00:00,o3,PIIANN,32.22,30.792053
2022-09-05 05:00:00,o3,PIIANN,14.419999,17.095621
2025-12-05 01:00:00,o3,PIIANN,40.04,41.850517
2024-11-01 16:00:00,o3,PIIANN,16.4,18.77063
2024-05-06 05:00:00,o3,PIIANN,8.71,11.112329
2023-04-08 06:00:00,o3,PIIANN,9.675,10.765836
2024-12-04 20:00:00,o3,PIIANN,6.8399997,11.468186
2024-07-06 13:00:00,o3,PIIANN,28.68,41.72398
2021-07-12 07:00:00,o3,PIIANN,18.75,23.71136
2022-03-10 14:00:00,o3,PIIANN,31.45,35.347137
2022-04-10 00:00:00,o3,PIIANN,31.75,52.70111
2023-11-09 16:00:00,o3,PIIANN,40.325,53.029938
2021-04-10 06:00:00,o3,PIIANN,30.58,33.94892
2025-09-03 09:00:00,o3,PIIANN,15.759999,21.245787
2023-07-03 22:00:00,o3,PIIANN,14.724999,13.692119
2021-09-05 12:00:00,o3,PIIANN,169.55,149.57193
2023-11-04 23:00:00,o3,PIIANN,13.599999,21.24673
2021-04-11 19:00:00,o3,PIIANN,23.2,24.860603
2023-12-04 20:00:00,o3,PIIANN,13.599999,9.596709
2023-12-02 05:00:00,o3,PIIANN,17.375002,17.675518
2021-07-06 17:00:00,o3,PIIANN,140.73,124.444405
2025-02-02 01:00:00,o3,PIIANN,27.8,22.16583
2024-10-11 04:00:00,o3,PIIANN,39.98,36.078415
2023-08-02 11:00:00,o3,PIIANN,23.55,32.318108
2024-02-10 10:00:00,o3,PIIANN,48.87,45.275627
2024-11-02 02:00:00,o3,PIIANN,25.22,15.311442
2024-08-03 14:00:00,o3,PIIANN,77.05,65.30713
2021-07-06 00:00:00,o3,PIIANN,50.68,17.107706
2021-12-02 05:00:00,o3,PIIANN,23.83,26.919386
2023-02-08 21:00:00,o3,PIIANN,22.25,19.601412
2021-03-04 16:00:00,o3,PIIANN,130.7,136.96555
2021-07-06 22:00:00,o3,PIIANN,34.67,54.326912
2023-06-02 07:00:00,o3,PIIANN,18.225,23.348537
2022-08-04 03:00:00,o3,PIIANN,1.0499986,4.2927413
2024-05-09 18:00:00,o3,PIIANN,45.35,45.150913
2021-12-10 13:00:00,o3,PIIANN,69.12,78.975204
2021-06-10 09:00:00,o3,PIIANN,25.8,29.101334
2021-09-10 17:00:00,o3,PIIANN,31.12,39.230293
2023-05-03 07:00:00,o3,PIIANN,16.525,18.881584
2022-09-05 17:00:00,o3,PIIANN,69.97,54.219223
2023-06-03 22:00:00,o3,PIIANN,14.224999,15.281022
2021-01-05 13:00:00,o3,PIIANN,180.05,158.36046
2022-09-03 04:00:00,o3,PIIANN,3.6200023,6.3604674
2021-10-12 18:00:00,o3,PIIANN,19.58,18.054714
2024-05-12 19:00:00,o3,PIIANN,25.12,19.576178
2022-04-05 07:00:00,o3,PIIANN,1.2699999,7.4204707
2024-01-08 23:00:00,o3,PIIANN,22.73,26.94313
2022-01-08 01:00:00,o3,PIIANN,25.98,23.068869
2022-06-08 03:00:00,o3,PIIANN,20.15,22.188427
2024-02-01 19:00:00,o3,PIIANN,6.1,7.3596187
2025-08-07 16:00:00,o3,PIIANN,47.25,51.960728
2022-04-08 11:00:00,o3,PIIANN,23.18,30.822067
2021-08-10 10:00:00,o3,PIIANN,37.03,40.091045
2023-08-08 06:00:00,o3,PIIANN,2.1749988,6.7678676
2024-07-04 14:00:00,o3,PIIANN,35.47,27.81772
2024-02-04 00:00:00,o3,PIIANN,4.9199996,26.341537
2021-09-08 18:00:00,o3,PIIANN,36.316666,34.65188
2023-04-10 22:00:00,o3,PIIANN,9.774999,19.43099
2023-11-05 07:00:00,o3,PIIANN,18.4,22.090172
2023-03-09 12:00:00,o3,PIIANN,26.75,54.867523
2025-06-05 10:00:00,o3,PIIANN,26.76,36.392
2021-07-05 05:00:00,o3,PIIANN,16.77,21.51696
2023-07-07 09:00:00,o3,PIIANN,6.6,12.913859
2021-10-04 08:00:00,o3,PIIANN,9.979999,19.550388
2024-09-08 11:00:00,o3,PIIANN,20.93,28.848654
2023-08-04 02:00:00,o3,PIIANN,13.2,15.288669
2021-02-12 05:00:00,o3,PIIANN,14.5199995,15.785943
2021-11-03 18:00:00,o3,PIIANN,31.05,46.30058
2023-11-02 05:00:00,o3,PIIANN,21.125,17.104544
2022-05-02 12:00:00,o3,PIIANN,14.099999,25.257898
2023-08-04 19:00:00,o3,PIIANN,13.175,9.453282
2021-07-01 23:00:00,o3,PIIANN,38.65,38.843235
2023-12-04 01:00:00,o3,PIIANN,13.649999,16.393297
2024-12-10 02:00:00,o3,PIIANN,26.6,24.327032
2025-04-09 19:00:00,o3,PIIANN,31.06,26.673658
2025-04-05 03:00:00,o3,PIIANN,26.96,26.29326
2024-04-06 02:00:00,o3,PIIANN,17.42,25.194126
2024-12-04 17:00:00,o3,PIIANN,56.4,71.50527
2022-09-02 13:00:00,o3,PIIANN,24.35,20.166166
2021-08-04 22:00:00,o3,PIIANN,9.249999,20.406727
2021-05-06 17:00:00,o3,PIIANN,116.85,117.40699
2023-07-10 03:00:00,o3,PIIANN,11.3,14.173495
2022-12-12 08:00:00,o3,PIIANN,72.95,76.87373
2025-02-09 18:00:00,o3,PIIANN,19.57,22.347803
2024-04-11 10:00:00,o3,PIIANN,18.06,23.865396
2023-02-04 10:00:00,o3,PIIANN,16.025,18.174263
2024-12-12 21:00:00,o3,PIIANN,24.31,21.441736
2025-02-06 09:00:00,o3,PIIANN,37.43,35.628994
2021-05-12 05:00:00,o3,PIIANN,20.2,17.599995
2023-09-07 09:00:00,o3,PIIANN,22.25,18.898703
2025-01-02 14:00:00,o3,PIIANN,28.92,30.254404
2022-05-08 12:00:00,o3,PIIANN,23.15,29.623243
2021-01-02 15:00:00,o3,PIIANN,156.0,119.361435
2024-11-04 14:00:00,o3,PIIANN,94.74,55.99308
2021-06-04 19:00:00,o3,PIIANN,8.95,18.966536
2025-02-11 01:00:00,o3,PIIANN,6.640001,12.323188
2023-06-03 12:00:00,o3,PIIANN,25.25,31.66722
2021-10-05 20:00:00,o3,PIIANN,26.8,34.948166
2022-08-12 20:00:00,o3,PIIANN,74.5,73.57142
2024-03-05 01:00:00,o3,PIIANN,6.7200007,9.198514
2024-01-02 11:00:00,o3,PIIANN,20.4,15.5722685
2021-08-09 14:00:00,o3,PIIANN,55.88,59.866077
2025-05-07 08:00:00,o3,PIIANN,53.62,47.30546
2022-10-06 18:00:00,o3,PIIANN,15.599999,29.650515
2021-05-08 19:00:00,o3,PIIANN,43.72,34.41694
2023-07-11 08:00:00,o3,PIIANN,8.524999,10.570537
2025-09-09 07:00:00,o3,PIIANN,21.49,22.10588
2022-07-09 17:00:00,o3,PIIANN,60.6,52.298443
