target_timestamp,target,model,observed,predicted
2022-03-07 00:00:00,aqi,GRU,53.00000285219213,93.540146
2023-08-09 06:00:00,aqi,GRU,98.99999970292458,100.35436
2021-11-07 22:00:00,aqi,GRU,68.00000054791116,78.629715
2024-06-03 02:00:00,aqi,GRU,111.99999990333143,118.96342
2023-02-04 06:00:00,aqi,GRU,80.99999931519821,79.85276
2022-12-05 15:00:00,aqi,GRU,156.9999987229677,157.77426
2024-06-07 18:00:00,aqi,GRU,79.00000038676623,75.55366
2024-12-06 14:00:00,aqi,GRU,92.00000058717306,91.11479
2024-09-10 23:00:00,aqi,GRU,115.99999990987507,119.48041
2024-12-06 12:00:00,aqi,GRU,90.99999968983728,88.358734
2024-12-12 23:00:00,aqi,GRU,140.99999869679309,136.15884
2023-02-10 03:00:00,aqi,GRU,50.000001593304574,53.263813
2024-03-01 19:00:00,aqi,GRU,149.0000001430002,157.28471
2025-07-05 18:00:00,aqi,GRU,93.99999951560504,90.78836
2023-01-10 04:00:00,aqi,GRU,63.99999982480761,66.95066
2023-09-10 07:00:00,aqi,GRU,97.00000005793271,97.77003
2022-09-04 00:00:00,aqi,GRU,138.00000030414512,173.99165
2021-11-12 16:00:00,aqi,GRU,119.99999991641873,123.693
2024-01-08 03:00:00,aqi,GRU,70.99999894055912,69.40202
2023-05-04 07:00:00,aqi,GRU,101.99999988697229,99.78462
2023-04-12 06:00:00,aqi,GRU,52.00000052173655,53.039032
2021-11-10 00:00:00,aqi,GRU,97.00000005793271,42.98107
2023-02-07 08:00:00,aqi,GRU,68.00000054791116,65.736786
2025-10-05 19:00:00,aqi,GRU,94.99999969638094,94.96421
2023-10-12 11:00:00,aqi,GRU,80.99999931519821,78.936165
2023-03-07 11:00:00,aqi,GRU,70.99999894055912,64.72964
2024-05-05 12:00:00,aqi,GRU,82.99999967674998,83.607475
2023-03-04 15:00:00,aqi,GRU,72.0000012710147,69.09771
2025-07-08 12:00:00,aqi,GRU,57.99999730703249,52.870148
2024-07-09 19:00:00,aqi,GRU,78.00000092255024,81.21564
2023-01-08 09:00:00,aqi,GRU,63.00000036059162,61.63706
2024-10-04 03:00:00,aqi,GRU,161.99999891028722,159.8563
2023-11-08 14:00:00,aqi,GRU,88.9999993282855,85.169846
2022-04-07 23:00:00,aqi,GRU,53.99999945016853,54.676556
2023-03-12 15:00:00,aqi,GRU,59.999999101704056,58.933678
2024-10-11 08:00:00,aqi,GRU,118.00000027142686,119.905205
2024-08-11 08:00:00,aqi,GRU,231.99999580028157,224.68323
2025-12-05 01:00:00,aqi,GRU,97.00000005793271,78.50646
2023-03-04 06:00:00,aqi,GRU,69.00000001212715,70.63494
2022-05-04 21:00:00,aqi,GRU,145.9999988841126,145.29678
2021-12-11 15:00:00,aqi,GRU,148.00000067878418,138.77094
2023-04-08 21:00:00,aqi,GRU,88.9999993282855,92.65609
2023-05-10 10:00:00,aqi,GRU,111.99999990333143,110.77884
2024-06-05 20:00:00,aqi,GRU,84.00000057408576,86.519684
2025-01-03 05:00:00,aqi,GRU,127.00000046529004,129.2073
2025-07-08 17:00:00,aqi,GRU,58.99999963748807,59.278805
2025-03-03 16:00:00,aqi,GRU,99.99999988370047,98.80167
2024-05-01 14:00:00,aqi,GRU,119.00000045220274,115.205925
2024-01-12 04:00:00,aqi,GRU,127.99999992950603,127.94136
2024-12-10 18:00:00,aqi,GRU,90.00000022562129,87.21932
2023-09-03 16:00:00,aqi,GRU,53.99999945016853,57.248974
2023-12-02 04:00:00,aqi,GRU,113.00000008410731,115.9038
2024-07-03 10:00:00,aqi,GRU,137.00000083992913,148.67758
2024-08-09 01:00:00,aqi,GRU,76.99999859209466,78.7379
2024-03-08 12:00:00,aqi,GRU,36.99999995977794,34.549576
2025-03-04 17:00:00,aqi,GRU,188.0000021773405,176.99641
2022-05-07 02:00:00,aqi,GRU,55.00000178062411,59.678997
2023-12-10 20:00:00,aqi,GRU,145.9999988841126,139.28088
2022-04-01 20:00:00,aqi,GRU,140.99999869679309,147.92798
2023-11-03 12:00:00,aqi,GRU,94.99999969638094,93.60077
2024-08-08 02:00:00,aqi,GRU,76.99999859209466,77.200584
2024-02-03 05:00:00,aqi,GRU,149.0000001430002,139.26505
2023-06-02 00:00:00,aqi,GRU,163.9999978387192,119.13473
2025-04-04 09:00:00,aqi,GRU,119.99999991641873,124.353645
2023-04-10 09:00:00,aqi,GRU,90.00000022562129,86.760864
2023-04-10 17:00:00,aqi,GRU,115.99999990987507,111.30058
2025-04-04 15:00:00,aqi,GRU,109.00000007756366,112.94216
2024-07-08 13:00:00,aqi,GRU,59.999999101704056,55.53529
2024-08-06 04:00:00,aqi,GRU,97.00000005793271,98.31776
2022-09-06 19:00:00,aqi,GRU,80.99999931519821,78.48256
2024-07-02 21:00:00,aqi,GRU,104.0000000693841,104.22703
2024-07-01 12:00:00,aqi,GRU,101.00000006447635,102.64135
2025-08-03 23:00:00,aqi,GRU,128.99999939372202,141.71465
2021-01-07 10:00:00,aqi,GRU,59.999999101704056,56.002243
2025-06-04 15:00:00,aqi,GRU,84.00000057408576,90.47754
2021-05-08 18:00:00,aqi,GRU,78.00000092255024,76.27407
2022-06-03 20:00:00,aqi,GRU,224.00000008655365,205.74638
2023-06-07 10:00:00,aqi,GRU,65.9999987532396,66.28492
2024-10-08 16:00:00,aqi,GRU,47.00000033441701,49.28866
2025-09-02 18:00:00,aqi,GRU,101.00000006447635,100.56613
2024-12-08 19:00:00,aqi,GRU,45.00000140598503,44.287445
2023-12-08 21:00:00,aqi,GRU,93.99999951560504,94.6703
2021-11-12 09:00:00,aqi,GRU,128.99999939372202,128.50488
2023-08-10 22:00:00,aqi,GRU,111.00000008083549,110.68481
2024-11-02 07:00:00,aqi,GRU,90.00000022562129,88.92701
2023-09-10 23:00:00,aqi,GRU,98.0000002387086,102.11077
2025-10-06 13:00:00,aqi,GRU,85.00000003830175,87.334305
2021-02-07 16:00:00,aqi,GRU,69.00000001212715,64.70118
2024-06-09 07:00:00,aqi,GRU,63.99999982480761,62.966393
2024-06-03 16:00:00,aqi,GRU,120.99999938063472,121.25282
2023-02-07 11:00:00,aqi,GRU,69.99999947634313,68.80698
2023-03-05 15:00:00,aqi,GRU,85.00000003830175,81.178764
2024-05-12 08:00:00,aqi,GRU,113.00000008410731,113.872765
2024-07-06 03:00:00,aqi,GRU,95.99999987715682,91.62964
2024-09-01 18:00:00,aqi,GRU,138.9999997683611,140.34377
2022-01-04 03:00:00,aqi,GRU,247.99999869269578,228.72485
2024-10-09 11:00:00,aqi,GRU,70.99999894055912,70.630486
2023-04-04 18:00:00,aqi,GRU,84.00000057408576,82.157135
2024-04-06 00:00:00,aqi,GRU,108.00000007592774,98.8513
2024-09-03 22:00:00,aqi,GRU,98.99999970292458,103.10589
2025-03-02 14:00:00,aqi,GRU,163.0000012407428,159.63995
2023-07-02 15:00:00,aqi,GRU,111.99999990333143,114.852356
2023-06-11 22:00:00,aqi,GRU,213.9999997119146,207.88898
2025-08-05 03:00:00,aqi,GRU,99.99999988370047,103.54419
2023-09-01 13:00:00,aqi,GRU,97.00000005793271,122.458206
2023-11-02 16:00:00,aqi,GRU,98.0000002387086,97.99706
2024-05-09 07:00:00,aqi,GRU,52.00000052173655,49.066376
2021-04-09 04:00:00,aqi,GRU,55.99999837860051,50.984478
2024-05-05 16:00:00,aqi,GRU,79.00000038676623,83.278694
2022-02-06 17:00:00,aqi,GRU,98.99999970292458,99.221085
2021-03-09 05:00:00,aqi,GRU,47.00000033441701,42.847782
2023-09-04 03:00:00,aqi,GRU,188.9999987753169,148.6698
2022-10-01 22:00:00,aqi,GRU,78.00000092255024,84.666275
2025-10-01 19:00:00,aqi,GRU,133.00000011682556,131.48874
2025-03-06 16:00:00,aqi,GRU,82.99999967674998,82.754
2024-04-01 21:00:00,aqi,GRU,114.99999972909919,121.90531
2025-11-02 00:00:00,aqi,GRU,114.99999972909919,320.68982
2024-06-01 18:00:00,aqi,GRU,149.0000001430002,144.53319
2023-05-03 20:00:00,aqi,GRU,131.00000118839358,132.87253
2024-04-04 19:00:00,aqi,GRU,74.00000019944669,73.5414
2025-10-08 21:00:00,aqi,GRU,53.00000285219213,54.811703
2024-03-04 17:00:00,aqi,GRU,95.99999987715682,95.78598
2024-06-07 01:00:00,aqi,GRU,59.999999101704056,66.160446
2023-02-05 06:00:00,aqi,GRU,57.00000070905609,54.66801
2025-07-08 22:00:00,aqi,GRU,63.00000036059162,64.12746
2021-06-09 08:00:00,aqi,GRU,48.999999262848995,44.183887
2025-07-08 15:00:00,aqi,GRU,58.99999963748807,60.486595
2023-02-10 19:00:00,aqi,GRU,47.00000033441701,43.99991
2025-11-07 11:00:00,aqi,GRU,69.99999947634313,66.14924
2025-01-04 12:00:00,aqi,GRU,90.00000022562129,88.60621
2023-03-02 01:00:00,aqi,GRU,97.00000005793271,125.24078
2023-10-12 10:00:00,aqi,GRU,79.99999985098222,79.63224
2023-09-07 12:00:00,aqi,GRU,122.0000002779705,123.86908
2025-06-05 22:00:00,aqi,GRU,92.00000058717306,89.15583
2024-01-09 10:00:00,aqi,GRU,74.99999966366268,81.40183
2022-05-01 22:00:00,aqi,GRU,209.00000525707424,215.90874
2022-03-05 02:00:00,aqi,GRU,97.00000005793271,129.08482
2022-02-02 17:00:00,aqi,GRU,173.99999821335828,172.87463
2025-01-05 05:00:00,aqi,GRU,85.00000003830175,81.972595
2025-11-05 19:00:00,aqi,GRU,78.00000092255024,78.26003
2022-06-07 20:00:00,aqi,GRU,48.999999262848995,49.886265
2023-06-10 19:00:00,aqi,GRU,103.00000006774819,104.47539
2023-06-05 18:00:00,aqi,GRU,74.99999966366268,76.52324
2024-05-01 08:00:00,aqi,GRU,120.99999938063472,118.04318
2024-01-12 12:00:00,aqi,GRU,132.00000065260957,129.04175
2024-01-10 09:00:00,aqi,GRU,85.00000003830175,85.14157
2023-07-07 15:00:00,aqi,GRU,130.0000002910578,154.56718
2022-12-03 17:00:00,aqi,GRU,175.00000054381385,170.21922
2022-02-01 08:00:00,aqi,GRU,98.99999970292458,90.12407
2023-08-13 02:00:00,aqi,GRU,97.00000005793271,123.19966
2023-10-04 16:00:00,aqi,GRU,171.0000026869499,174.3273
2025-03-06 07:00:00,aqi,GRU,85.00000003830175,78.007904
2023-01-10 20:00:00,aqi,GRU,50.99999819128097,50.354656
2024-02-04 07:00:00,aqi,GRU,152.00000140188774,150.40004
2023-10-11 08:00:00,aqi,GRU,246.00000549674297,230.28204
2024-08-01 20:00:00,aqi,GRU,104.99999998145002,110.260185
2021-09-08 06:00:00,aqi,GRU,82.99999967674998,82.44724
2022-01-04 16:00:00,aqi,GRU,261.9999969241988,261.63412
2024-02-08 13:00:00,aqi,GRU,36.99999995977794,33.723747
2023-03-09 07:00:00,aqi,GRU,101.99999988697229,101.02362
2023-03-02 00:00:00,aqi,GRU,97.00000005793271,128.70671
2025-09-05 03:00:00,aqi,GRU,87.00000039985352,87.58477
2023-12-03 18:00:00,aqi,GRU,99.99999988370047,98.210594
2022-03-04 14:00:00,aqi,GRU,220.0000022296897,220.12415
2024-08-06 22:00:00,aqi,GRU,101.00000006447635,101.53941
2022-09-04 13:00:00,aqi,GRU,134.99999904525754,130.81042
2022-08-03 22:00:00,aqi,GRU,171.9999992849263,167.26268
2025-06-06 21:00:00,aqi,GRU,109.00000007756366,111.79757
2022-06-07 00:00:00,aqi,GRU,48.999999262848995,89.12507
2023-09-12 09:00:00,aqi,GRU,87.00000039985352,88.43845
2022-06-05 04:00:00,aqi,GRU,180.99999732910982,172.50975
2023-04-03 23:00:00,aqi,GRU,166.00000249963037,142.13924
2021-11-11 11:00:00,aqi,GRU,178.9999984006778,172.78523
2023-08-03 19:00:00,aqi,GRU,95.99999987715682,96.65948
2025-08-07 16:00:00,aqi,GRU,74.00000019944669,72.53688
2025-09-05 01:00:00,aqi,GRU,90.00000022562129,91.70612
2024-10-07 12:00:00,aqi,GRU,74.99999966366268,74.480354
2022-01-03 12:00:00,aqi,GRU,137.00000083992913,134.57489
2021-04-07 22:00:00,aqi,GRU,59.999999101704056,57.619843
2023-03-05 21:00:00,aqi,GRU,87.99999986406951,87.972496
2024-06-08 06:00:00,aqi,GRU,40.999997816641894,40.818764
2023-04-01 11:00:00,aqi,GRU,97.00000005793271,115.292114
2024-03-07 03:00:00,aqi,GRU,52.00000052173655,49.216557
2021-04-07 13:00:00,aqi,GRU,64.9999992890236,60.211273
2025-08-02 08:00:00,aqi,GRU,79.00000038676623,80.14935
2022-07-06 20:00:00,aqi,GRU,90.00000022562129,91.70506
2022-11-06 04:00:00,aqi,GRU,73.00000073523069,72.199036
2024-09-12 14:00:00,aqi,GRU,161.99999891028722,161.06221
2024-07-04 16:00:00,aqi,GRU,69.00000001212715,73.2639
2023-06-03 06:00:00,aqi,GRU,128.99999939372202,128.80522
2022-11-01 13:00:00,aqi,GRU,85.00000003830175,79.879
2025-04-04 16:00:00,aqi,GRU,111.00000008083549,111.25271
2024-05-06 20:00:00,aqi,GRU,104.99999998145002,104.185616
2023-12-05 22:00:00,aqi,GRU,108.00000007592774,112.47998
2024-04-07 14:00:00,aqi,GRU,75.99999912787867,71.619514
2022-05-02 22:00:00,aqi,GRU,329.00000975274315,286.93695
2023-08-10 06:00:00,aqi,GRU,114.99999972909919,114.08167
2023-03-05 11:00:00,aqi,GRU,76.99999859209466,72.4437
2023-09-10 20:00:00,aqi,GRU,98.99999970292458,100.2803
2021-05-07 20:00:00,aqi,GRU,88.9999993282855,85.51516
2024-03-06 00:00:00,aqi,GRU,90.99999968983728,127.57381
2023-02-06 20:00:00,aqi,GRU,97.00000005793271,100.602295
2022-06-06 07:00:00,aqi,GRU,93.99999951560504,89.13763
2022-12-07 02:00:00,aqi,GRU,97.00000005793271,103.13238
2023-01-10 22:00:00,aqi,GRU,50.99999819128097,53.140472
2023-08-11 07:00:00,aqi,GRU,227.9999979434176,228.48564
2022-01-03 17:00:00,aqi,GRU,133.99999958104155,134.90894
2022-03-04 04:00:00,aqi,GRU,263.0000049871336,246.23865
2024-09-05 04:00:00,aqi,GRU,98.0000002387086,101.00208
2025-11-08 17:00:00,aqi,GRU,47.00000033441701,49.069134
2022-12-04 21:00:00,aqi,GRU,132.00000065260957,126.48876
2023-03-03 04:00:00,aqi,GRU,224.00000008655365,221.8345
2024-08-12 10:00:00,aqi,GRU,122.0000002779705,124.90871
2023-10-09 08:00:00,aqi,GRU,92.00000058717306,95.479996
2024-12-08 11:00:00,aqi,GRU,43.00000247755305,40.315933
2023-09-01 10:00:00,aqi,GRU,97.00000005793271,131.84978
2022-02-06 23:00:00,aqi,GRU,98.99999970292458,87.90066
2025-04-02 06:00:00,aqi,GRU,114.99999972909919,111.374695
2023-04-04 13:00:00,aqi,GRU,85.00000003830175,81.22582
2023-04-12 09:00:00,aqi,GRU,50.000001593304574,48.862988
2024-04-01 17:00:00,aqi,GRU,119.99999991641873,122.899216
2024-11-10 07:00:00,aqi,GRU,111.99999990333143,114.22659
2024-09-08 08:00:00,aqi,GRU,69.99999947634313,68.44439
2023-09-11 11:00:00,aqi,GRU,237.99999831805673,243.46709
2024-09-03 00:00:00,aqi,GRU,111.99999990333143,109.25606
2024-02-02 22:00:00,aqi,GRU,124.00000063952228,126.68684
2021-03-11 23:00:00,aqi,GRU,97.00000005793271,134.63385
2025-06-02 21:00:00,aqi,GRU,105.99999998308593,106.81227
2023-02-01 19:00:00,aqi,GRU,97.00000005793271,117.57709
2024-11-07 08:00:00,aqi,GRU,67.00000108369517,62.001213
2023-11-02 15:00:00,aqi,GRU,98.99999970292458,98.92152
2023-02-08 15:00:00,aqi,GRU,74.00000019944669,70.8331
2024-12-06 13:00:00,aqi,GRU,92.00000058717306,89.95087
2025-03-02 11:00:00,aqi,GRU,168.00000142806235,172.48814
2023-03-09 02:00:00,aqi,GRU,99.99999988370047,97.7826
2024-07-11 06:00:00,aqi,GRU,134.99999904525754,136.0962
2023-08-09 05:00:00,aqi,GRU,103.00000006774819,100.6154
2024-01-07 23:00:00,aqi,GRU,40.00000121866549,44.286762
2024-07-12 20:00:00,aqi,GRU,127.00000046529004,130.39774
2025-10-02 13:00:00,aqi,GRU,105.99999998308593,110.46845
2023-07-11 02:00:00,aqi,GRU,198.00000255197958,211.49704
2024-07-07 11:00:00,aqi,GRU,98.0000002387086,92.97028
2021-12-10 01:00:00,aqi,GRU,97.00000005793271,78.59068
2021-04-07 08:00:00,aqi,GRU,65.9999987532396,59.97941
2021-01-12 20:00:00,aqi,GRU,103.00000006774819,104.694275
2025-01-02 19:00:00,aqi,GRU,125.00000010373827,132.55203
2023-06-07 21:00:00,aqi,GRU,93.00000005138905,92.09184
2025-10-04 09:00:00,aqi,GRU,74.00000019944669,75.73547
2022-09-04 10:00:00,aqi,GRU,136.00000137571314,136.5376
2024-05-09 17:00:00,aqi,GRU,61.000001432159635,60.340294
2023-08-12 20:00:00,aqi,GRU,90.99999968983728,91.70546
2024-07-08 06:00:00,aqi,GRU,52.00000052173655,51.166676
2024-01-01 19:00:00,aqi,GRU,180.0000007311334,185.26741
2024-01-09 18:00:00,aqi,GRU,74.99999966366268,74.05446
2023-06-02 01:00:00,aqi,GRU,163.0000012407428,157.8278
2023-09-11 18:00:00,aqi,GRU,237.99999831805673,248.95189
2022-04-02 03:00:00,aqi,GRU,233.00000386321636,235.92908
2022-08-04 13:00:00,aqi,GRU,113.00000008410731,112.58812
2023-04-07 04:00:00,aqi,GRU,69.99999947634313,67.15743
2024-09-03 03:00:00,aqi,GRU,105.99999998308593,107.01796
2023-01-12 14:00:00,aqi,GRU,70.99999894055912,69.306946
2024-12-10 12:00:00,aqi,GRU,94.99999969638094,91.519806
2024-08-10 16:00:00,aqi,GRU,119.00000045220274,120.41445
2025-02-06 20:00:00,aqi,GRU,92.00000058717306,85.48403
2021-10-09 14:00:00,aqi,GRU,31.999999772458395,34.530777
2022-01-02 15:00:00,aqi,GRU,156.9999987229677,154.92096
2023-01-07 16:00:00,aqi,GRU,75.99999912787867,82.4353
2022-01-04 19:00:00,aqi,GRU,277.0000032186366,261.51697
2024-05-12 19:00:00,aqi,GRU,115.99999990987507,117.406975
2023-05-11 12:00:00,aqi,GRU,217.99999756877855,228.25063
2022-06-02 11:00:00,aqi,GRU,331.99999954667237,209.90732
2021-11-08 11:00:00,aqi,GRU,67.00000108369517,64.883545
2023-08-08 09:00:00,aqi,GRU,104.0000000693841,98.035255
2023-06-11 03:00:00,aqi,GRU,185.00000091845294,203.38359
2023-08-04 10:00:00,aqi,GRU,175.00000054381385,173.56941
2025-12-07 06:00:00,aqi,GRU,61.000001432159635,56.10249
2023-09-01 18:00:00,aqi,GRU,97.00000005793271,120.5413
2022-12-05 13:00:00,aqi,GRU,158.00000105342326,156.33145
2023-07-04 09:00:00,aqi,GRU,101.00000006447635,98.520645
2023-07-09 10:00:00,aqi,GRU,87.99999986406951,86.19023
2023-01-03 15:00:00,aqi,GRU,181.9999996595654,179.64984
2022-02-07 19:00:00,aqi,GRU,52.00000052173655,47.75517
2022-04-02 13:00:00,aqi,GRU,331.99999954667237,330.81543
2024-02-04 10:00:00,aqi,GRU,145.9999988841126,145.31662
2021-05-09 06:00:00,aqi,GRU,42.00000014709747,39.647667
2024-04-12 09:00:00,aqi,GRU,114.99999972909919,113.207794
2023-09-05 21:00:00,aqi,GRU,97.00000005793271,97.08179
2023-09-01 16:00:00,aqi,GRU,97.00000005793271,121.81933
2023-06-10 04:00:00,aqi,GRU,97.00000005793271,104.046524
2023-04-09 22:00:00,aqi,GRU,97.00000005793271,100.17616
2022-01-06 02:00:00,aqi,GRU,106.99999998472185,100.69948
2024-09-05 03:00:00,aqi,GRU,98.0000002387086,100.06122
2023-08-03 22:00:00,aqi,GRU,92.00000058717306,93.20942
2022-02-02 11:00:00,aqi,GRU,188.9999987753169,188.67325
2023-09-07 16:00:00,aqi,GRU,122.99999974218649,124.834
2024-03-10 08:00:00,aqi,GRU,103.00000006774819,100.63846
2023-10-03 05:00:00,aqi,GRU,98.0000002387086,93.77815
2021-10-08 21:00:00,aqi,GRU,69.99999947634313,72.52879
2024-07-05 01:00:00,aqi,GRU,87.00000039985352,92.672844
2023-11-09 12:00:00,aqi,GRU,94.99999969638094,94.61015
2025-09-04 18:00:00,aqi,GRU,109.00000007756366,111.93933
2023-06-05 11:00:00,aqi,GRU,85.99999950251774,80.65279
2024-08-09 08:00:00,aqi,GRU,76.99999859209466,75.125404
2023-02-11 21:00:00,aqi,GRU,190.00000110577247,177.64713
2024-05-04 16:00:00,aqi,GRU,76.99999859209466,78.37015
2022-08-06 09:00:00,aqi,GRU,90.00000022562129,88.372086
2025-05-02 02:00:00,aqi,GRU,93.99999951560504,92.53818
2023-03-08 02:00:00,aqi,GRU,81.9999987794142,80.89837
2025-11-04 12:00:00,aqi,GRU,153.00000086610373,86.501
2025-06-04 21:00:00,aqi,GRU,75.99999912787867,81.8737
2025-02-08 18:00:00,aqi,GRU,63.99999982480761,57.49862
2024-03-03 05:00:00,aqi,GRU,97.00000005793271,93.50595
2023-06-08 05:00:00,aqi,GRU,109.00000007756366,104.12649
2023-08-10 11:00:00,aqi,GRU,117.00000009065096,116.533745
2024-06-07 21:00:00,aqi,GRU,85.00000003830175,80.59891
2022-06-03 05:00:00,aqi,GRU,206.00000399818668,182.0806
2021-11-08 00:00:00,aqi,GRU,70.99999894055912,65.14745
2023-11-05 05:00:00,aqi,GRU,97.00000005793271,94.33764
2023-08-08 12:00:00,aqi,GRU,105.99999998308593,100.38447
2025-01-05 02:00:00,aqi,GRU,85.99999950251774,84.3888
2024-10-09 17:00:00,aqi,GRU,68.00000054791116,70.06471
2022-04-06 07:00:00,aqi,GRU,101.00000006447635,98.47087
2024-03-02 18:00:00,aqi,GRU,170.00000035649433,171.33304
2023-11-01 15:00:00,aqi,GRU,97.00000005793271,120.95247
2021-11-09 21:00:00,aqi,GRU,38.999998888209916,39.643433
2024-04-02 18:00:00,aqi,GRU,217.99999756877855,223.75595
2024-07-12 05:00:00,aqi,GRU,119.99999991641873,120.98382
2023-02-01 20:00:00,aqi,GRU,97.00000005793271,120.86754
2025-08-02 15:00:00,aqi,GRU,72.0000012710147,77.86063
2025-03-06 14:00:00,aqi,GRU,82.99999967674998,81.66382
2024-08-07 20:00:00,aqi,GRU,95.99999987715682,99.41055
2025-06-02 04:00:00,aqi,GRU,104.99999998145002,107.744965
2023-06-08 02:00:00,aqi,GRU,109.9999999000596,108.36455
2024-03-06 04:00:00,aqi,GRU,87.99999986406951,80.17874
2023-09-11 14:00:00,aqi,GRU,243.00000423785542,243.72803
2023-04-10 05:00:00,aqi,GRU,75.99999912787867,75.85025
2025-10-08 14:00:00,aqi,GRU,50.99999819128097,49.98859
2024-02-08 07:00:00,aqi,GRU,35.99999762932235,35.176575
2023-04-08 22:00:00,aqi,GRU,87.00000039985352,91.92964
2024-01-08 06:00:00,aqi,GRU,67.00000108369517,62.652367
2025-07-07 05:00:00,aqi,GRU,48.999999262848995,50.331635
2025-02-05 14:00:00,aqi,GRU,81.9999987794142,79.27755
2022-06-04 22:00:00,aqi,GRU,114.99999972909919,119.00749
2021-03-12 14:00:00,aqi,GRU,99.99999988370047,91.906654
2023-04-07 09:00:00,aqi,GRU,69.00000001212715,63.968544
2024-02-02 18:00:00,aqi,GRU,108.00000007592774,106.132195
2021-04-12 11:00:00,aqi,GRU,101.00000006447635,94.75081
2025-04-03 15:00:00,aqi,GRU,119.99999991641873,118.53603
2023-08-02 22:00:00,aqi,GRU,149.99999960721618,153.407
2025-10-06 17:00:00,aqi,GRU,81.9999987794142,86.50626
2021-05-09 05:00:00,aqi,GRU,43.00000247755305,40.773598
2021-10-12 16:00:00,aqi,GRU,109.9999999000596,114.14234
2021-01-10 20:00:00,aqi,GRU,70.99999894055912,70.25021
2021-12-07 20:00:00,aqi,GRU,40.999997816641894,47.163452
2024-06-11 00:00:00,aqi,GRU,124.00000063952228,101.59057
2021-02-07 20:00:00,aqi,GRU,69.00000001212715,65.345985
2023-08-02 08:00:00,aqi,GRU,152.00000140188774,147.1081
2021-12-07 09:00:00,aqi,GRU,55.00000178062411,52.837948
2024-05-03 20:00:00,aqi,GRU,109.00000007756366,109.86936
2022-07-05 11:00:00,aqi,GRU,234.00000046119274,237.47299
2025-02-02 08:00:00,aqi,GRU,125.00000010373827,127.10088
2024-01-11 10:00:00,aqi,GRU,138.9999997683611,133.48676
2023-10-08 09:00:00,aqi,GRU,90.99999968983728,90.5379
2024-09-09 14:00:00,aqi,GRU,85.00000003830175,85.25795
2024-08-10 08:00:00,aqi,GRU,111.99999990333143,112.86591
2022-07-06 23:00:00,aqi,GRU,93.00000005138905,87.55551
2022-01-05 14:00:00,aqi,GRU,98.99999970292458,99.63318
2025-10-03 19:00:00,aqi,GRU,158.00000105342326,165.34444
2024-07-07 03:00:00,aqi,GRU,97.00000005793271,94.73468
2022-12-05 01:00:00,aqi,GRU,97.00000005793271,123.514725
2025-03-01 10:00:00,aqi,GRU,138.00000030414512,135.42198
2025-12-07 21:00:00,aqi,GRU,52.00000052173655,52.20848
2022-08-04 12:00:00,aqi,GRU,114.0000002648832,113.19062
2023-04-09 02:00:00,aqi,GRU,95.99999987715682,94.40944
2021-07-08 08:00:00,aqi,GRU,79.99999985098222,76.624115
2021-03-13 02:00:00,aqi,GRU,97.00000005793271,109.89518
2023-07-08 14:00:00,aqi,GRU,90.00000022562129,89.55952
2025-05-03 23:00:00,aqi,GRU,117.00000009065096,105.17098
2023-09-12 08:00:00,aqi,GRU,87.00000039985352,87.663994
2023-07-05 14:00:00,aqi,GRU,108.00000007592774,105.03488
2025-12-02 06:00:00,aqi,GRU,99.99999988370047,98.56846
2024-01-01 10:00:00,aqi,GRU,173.00000161538188,172.01596
2024-11-13 02:00:00,aqi,GRU,97.00000005793271,129.0607
2025-01-05 17:00:00,aqi,GRU,85.00000003830175,85.4189
2021-04-12 00:00:00,aqi,GRU,101.99999988697229,149.39024
2023-05-10 07:00:00,aqi,GRU,114.0000002648832,113.18944
2023-06-12 22:00:00,aqi,GRU,65.9999987532396,70.40908
2025-08-06 08:00:00,aqi,GRU,95.99999987715682,97.34061
2025-03-02 01:00:00,aqi,GRU,166.99999909760675,154.18776
2024-06-03 15:00:00,aqi,GRU,120.99999938063472,120.77439
2023-12-10 08:00:00,aqi,GRU,111.99999990333143,111.9956
2025-09-08 03:00:00,aqi,GRU,68.00000054791116,68.59561
2022-09-04 23:00:00,aqi,GRU,119.99999991641873,117.30012
2023-04-12 00:00:00,aqi,GRU,59.999999101704056,172.91418
2022-02-06 01:00:00,aqi,GRU,101.00000006447635,96.9702
2021-12-08 14:00:00,aqi,GRU,58.99999963748807,55.85494
2025-03-08 03:00:00,aqi,GRU,61.000001432159635,55.03509
2024-06-07 20:00:00,aqi,GRU,81.9999987794142,78.76254
2024-10-01 22:00:00,aqi,GRU,136.00000137571314,136.82324
2024-10-10 08:00:00,aqi,GRU,114.99999972909919,113.45247
2025-03-05 02:00:00,aqi,GRU,81.9999987794142,72.33586
2023-11-02 12:00:00,aqi,GRU,101.99999988697229,104.512665
2024-12-12 08:00:00,aqi,GRU,118.00000027142686,118.0763
2023-06-03 07:00:00,aqi,GRU,134.99999904525754,130.87082
2021-06-08 19:00:00,aqi,GRU,79.99999985098222,81.81506
2024-06-12 10:00:00,aqi,GRU,111.99999990333143,111.3857
2024-06-03 04:00:00,aqi,GRU,114.99999972909919,120.705345
2024-10-02 20:00:00,aqi,GRU,98.99999970292458,99.060646
2024-07-07 21:00:00,aqi,GRU,95.99999987715682,94.54995
2025-11-05 07:00:00,aqi,GRU,88.9999993282855,87.11674
2022-01-02 19:00:00,aqi,GRU,163.0000012407428,161.13443
2021-01-08 02:00:00,aqi,GRU,53.00000285219213,55.34279
2025-10-07 19:00:00,aqi,GRU,84.00000057408576,85.19067
2023-03-11 13:00:00,aqi,GRU,231.99999580028157,225.63034
2025-10-05 02:00:00,aqi,GRU,80.99999931519821,80.01965
2024-01-07 10:00:00,aqi,GRU,43.99999907552945,43.44337
2023-09-10 15:00:00,aqi,GRU,94.99999969638094,96.71098
2023-04-01 10:00:00,aqi,GRU,97.00000005793271,117.05229
2021-10-12 19:00:00,aqi,GRU,111.00000008083549,112.65581
2025-05-02 12:00:00,aqi,GRU,90.00000022562129,90.96213
2022-12-06 12:00:00,aqi,GRU,62.00000089637563,61.623394
2023-04-11 05:00:00,aqi,GRU,244.00000083583183,227.8742
2022-12-06 16:00:00,aqi,GRU,69.00000001212715,66.58009
2025-07-07 13:00:00,aqi,GRU,47.00000033441701,48.61075
2023-02-10 15:00:00,aqi,GRU,47.00000033441701,45.88574
2022-03-05 00:00:00,aqi,GRU,97.00000005793271,166.93999
2022-07-04 16:00:00,aqi,GRU,180.99999732910982,169.52267
2025-03-02 08:00:00,aqi,GRU,183.99999858799737,186.71022
2025-09-03 06:00:00,aqi,GRU,139.9999992325771,140.39786
2024-02-12 19:00:00,aqi,GRU,120.99999938063472,121.21245
2021-08-12 23:00:00,aqi,GRU,108.00000007592774,118.0524
2024-11-04 05:00:00,aqi,GRU,113.00000008410731,111.7499
2024-02-09 06:00:00,aqi,GRU,97.00000005793271,66.68513
2024-10-10 14:00:00,aqi,GRU,114.0000002648832,117.04574
2024-04-10 05:00:00,aqi,GRU,81.9999987794142,80.95576
2021-01-10 23:00:00,aqi,GRU,74.00000019944669,77.919334
2024-04-02 02:00:00,aqi,GRU,173.99999821335828,175.29688
2025-10-08 23:00:00,aqi,GRU,55.00000178062411,56.530247
2025-12-08 22:00:00,aqi,GRU,45.00000140598503,45.97965
2025-04-09 01:00:00,aqi,GRU,97.00000005793271,76.68155
2023-07-12 10:00:00,aqi,GRU,75.99999912787867,73.337555
2023-06-11 12:00:00,aqi,GRU,193.99999896263643,192.31534
2022-10-02 17:00:00,aqi,GRU,99.99999988370047,99.68985
2023-04-12 04:00:00,aqi,GRU,55.00000178062411,57.464104
2024-05-07 10:00:00,aqi,GRU,69.00000001212715,64.15791
2024-11-02 03:00:00,aqi,GRU,92.00000058717306,92.36538
2021-08-08 00:00:00,aqi,GRU,81.9999987794142,79.92385
2024-01-11 11:00:00,aqi,GRU,138.9999997683611,133.14304
2023-02-11 13:00:00,aqi,GRU,183.99999858799737,184.77612
2023-10-02 21:00:00,aqi,GRU,173.00000161538188,177.63304
2023-09-12 21:00:00,aqi,GRU,85.99999950251774,91.339935
2024-09-08 18:00:00,aqi,GRU,67.00000108369517,68.25616
2024-02-01 20:00:00,aqi,GRU,159.99999998185524,169.26054
2021-05-07 15:00:00,aqi,GRU,81.9999987794142,78.73981
2022-08-05 02:00:00,aqi,GRU,240.99999957694428,248.34082
2024-10-07 07:00:00,aqi,GRU,82.99999967674998,80.79761
2024-10-03 16:00:00,aqi,GRU,118.00000027142686,119.30113
2021-06-12 00:00:00,aqi,GRU,173.99999821335828,131.31847
2024-04-11 15:00:00,aqi,GRU,114.99999972909919,109.71462
2024-02-03 00:00:00,aqi,GRU,97.00000005793271,127.982
2025-10-07 21:00:00,aqi,GRU,81.9999987794142,84.813126
2021-01-07 07:00:00,aqi,GRU,58.99999963748807,55.06541
2025-01-06 04:00:00,aqi,GRU,98.99999970292458,90.62821
2024-11-08 02:00:00,aqi,GRU,48.00000266487259,49.72688
2025-03-04 14:00:00,aqi,GRU,173.99999821335828,155.39015
2025-10-05 16:00:00,aqi,GRU,93.99999951560504,94.53289
2024-02-03 19:00:00,aqi,GRU,108.00000007592774,109.00412
2024-04-07 03:00:00,aqi,GRU,72.0000012710147,66.41838
2023-11-08 16:00:00,aqi,GRU,90.00000022562129,93.062256
2023-09-05 17:00:00,aqi,GRU,97.00000005793271,98.937225
2023-07-02 22:00:00,aqi,GRU,118.00000027142686,120.22707
2023-01-11 07:00:00,aqi,GRU,180.99999732910982,176.13419
2024-11-11 01:00:00,aqi,GRU,118.00000027142686,121.29241
2025-02-08 11:00:00,aqi,GRU,63.00000036059162,54.511818
2024-12-05 21:00:00,aqi,GRU,98.0000002387086,95.87732
2024-02-12 06:00:00,aqi,GRU,117.00000009065096,116.798416
2021-09-08 11:00:00,aqi,GRU,82.99999967674998,81.94575
2022-02-06 02:00:00,aqi,GRU,101.00000006447635,97.502914
2021-07-12 23:00:00,aqi,GRU,119.00000045220274,126.90423
2022-01-04 13:00:00,aqi,GRU,254.00000121047088,254.93317
2025-07-03 16:00:00,aqi,GRU,156.00000212499128,152.19064
2023-04-08 03:00:00,aqi,GRU,85.00000003830175,84.010185
2025-05-02 05:00:00,aqi,GRU,90.99999968983728,91.78805
2025-12-04 13:00:00,aqi,GRU,82.99999967674998,77.412895
2024-03-03 04:00:00,aqi,GRU,98.0000002387086,94.49498
2022-09-04 14:00:00,aqi,GRU,134.99999904525754,132.37994
2024-07-07 00:00:00,aqi,GRU,94.99999969638094,90.97178
2024-12-05 00:00:00,aqi,GRU,84.00000057408576,99.18416
2022-05-06 08:00:00,aqi,GRU,97.00000005793271,80.49655
2024-05-10 09:00:00,aqi,GRU,85.00000003830175,79.02307
2023-07-03 09:00:00,aqi,GRU,120.99999938063472,117.438
2024-04-12 08:00:00,aqi,GRU,115.99999990987507,113.20105
2021-01-09 04:00:00,aqi,GRU,36.99999995977794,37.629158
2024-03-01 20:00:00,aqi,GRU,149.0000001430002,153.64734
2024-01-04 04:00:00,aqi,GRU,94.99999969638094,98.12742
2025-06-05 00:00:00,aqi,GRU,95.99999987715682,75.95978
2023-07-11 19:00:00,aqi,GRU,188.9999987753169,167.09558
2023-09-12 06:00:00,aqi,GRU,85.00000003830175,84.20892
2021-02-12 08:00:00,aqi,GRU,99.99999988370047,96.88731
2024-10-02 02:00:00,aqi,GRU,104.0000000693841,109.701805
2022-07-02 10:00:00,aqi,GRU,207.99999719413947,208.52599
2023-05-12 15:00:00,aqi,GRU,50.000001593304574,53.399403
2023-11-11 08:00:00,aqi,GRU,207.99999719413947,212.12045
2024-12-01 08:00:00,aqi,GRU,120.99999938063472,118.30078
2025-10-02 20:00:00,aqi,GRU,114.0000002648832,116.11979
2023-07-10 07:00:00,aqi,GRU,109.00000007756366,108.683174
2024-02-06 16:00:00,aqi,GRU,95.99999987715682,92.27605
2023-11-09 13:00:00,aqi,GRU,95.99999987715682,95.3518
2021-11-08 01:00:00,aqi,GRU,70.99999894055912,67.69411
2025-06-09 02:00:00,aqi,GRU,97.00000005793271,97.91538
2025-12-04 05:00:00,aqi,GRU,85.99999950251774,87.01928
2022-07-04 10:00:00,aqi,GRU,161.99999891028722,159.10013
2023-06-03 20:00:00,aqi,GRU,168.00000142806235,175.4578
2025-10-02 03:00:00,aqi,GRU,95.99999987715682,103.19548
2025-08-04 06:00:00,aqi,GRU,104.0000000693841,104.66883
2025-04-07 05:00:00,aqi,GRU,53.00000285219213,48.6332
2022-04-07 05:00:00,aqi,GRU,48.00000266487259,48.915276
2024-01-03 10:00:00,aqi,GRU,204.99999593525192,195.71854
2024-08-03 07:00:00,aqi,GRU,143.00000049146465,140.3878
2023-01-10 01:00:00,aqi,GRU,69.00000001212715,79.27889
2021-03-08 12:00:00,aqi,GRU,53.00000285219213,50.24896
2024-01-12 09:00:00,aqi,GRU,130.0000002910578,126.47409
2022-02-02 16:00:00,aqi,GRU,173.99999821335828,176.11781
2024-08-03 00:00:00,aqi,GRU,143.99999995568064,113.610245
2023-01-05 20:00:00,aqi,GRU,59.999999101704056,60.457047
2021-01-08 16:00:00,aqi,GRU,55.00000178062411,52.17086
2022-07-07 10:00:00,aqi,GRU,48.00000266487259,47.32288
2022-07-01 15:00:00,aqi,GRU,81.9999987794142,78.38277
2024-11-11 14:00:00,aqi,GRU,111.00000008083549,111.549355
2021-09-07 18:00:00,aqi,GRU,79.00000038676623,81.32981
2025-02-05 23:00:00,aqi,GRU,79.99999985098222,73.77018
2023-10-01 10:00:00,aqi,GRU,97.00000005793271,144.5781
2021-10-09 17:00:00,aqi,GRU,33.00000210291398,34.371742
2021-09-12 14:00:00,aqi,GRU,106.99999998472185,110.921265
2023-06-04 08:00:00,aqi,GRU,104.0000000693841,102.97381
2025-10-05 13:00:00,aqi,GRU,93.99999951560504,92.26335
2022-01-03 13:00:00,aqi,GRU,137.00000083992913,135.08707
2023-06-09 09:00:00,aqi,GRU,85.99999950251774,86.05187
2021-12-07 11:00:00,aqi,GRU,53.00000285219213,51.780632
2025-04-01 18:00:00,aqi,GRU,195.000001293092,206.04105
2025-10-07 17:00:00,aqi,GRU,85.00000003830175,84.52318
2025-05-04 21:00:00,aqi,GRU,152.00000140188774,132.24823
2021-11-12 20:00:00,aqi,GRU,109.9999999000596,114.10221
2025-02-03 05:00:00,aqi,GRU,94.99999969638094,96.12189
2024-12-08 21:00:00,aqi,GRU,47.00000033441701,48.414627
2023-08-01 22:00:00,aqi,GRU,97.00000005793271,165.7789
2023-03-06 10:00:00,aqi,GRU,97.00000005793271,104.78085
2021-03-08 15:00:00,aqi,GRU,53.00000285219213,49.621773
2022-01-07 06:00:00,aqi,GRU,45.99999800396143,47.081295
2024-01-02 22:00:00,aqi,GRU,104.0000000693841,110.46664
2024-08-01 21:00:00,aqi,GRU,106.99999998472185,113.66272
2025-07-03 15:00:00,aqi,GRU,156.00000212499128,152.64522
2021-07-08 03:00:00,aqi,GRU,76.99999859209466,77.86812
2024-03-05 02:00:00,aqi,GRU,220.0000022296897,229.01709
2023-11-12 20:00:00,aqi,GRU,92.00000058717306,94.30372
2025-05-03 15:00:00,aqi,GRU,133.99999958104155,138.1106
2024-11-03 05:00:00,aqi,GRU,149.99999960721618,144.98021
2023-12-02 00:00:00,aqi,GRU,98.0000002387086,132.2513
2022-02-05 12:00:00,aqi,GRU,93.99999951560504,89.56091
2023-07-02 12:00:00,aqi,GRU,113.00000008410731,116.45122
2022-06-04 08:00:00,aqi,GRU,118.00000027142686,119.19098
2024-09-10 03:00:00,aqi,GRU,120.99999938063472,128.29158
2025-04-07 15:00:00,aqi,GRU,43.99999907552945,43.592113
2024-12-08 03:00:00,aqi,GRU,43.99999907552945,45.371593
2025-08-02 01:00:00,aqi,GRU,80.99999931519821,95.30057
2022-06-05 13:00:00,aqi,GRU,185.99999751642935,184.84993
2024-05-05 08:00:00,aqi,GRU,87.99999986406951,87.52716
2025-10-01 18:00:00,aqi,GRU,122.0000002779705,123.69806
2023-02-07 12:00:00,aqi,GRU,69.99999947634313,68.913734
2024-02-06 02:00:00,aqi,GRU,93.99999951560504,82.446236
2024-09-02 05:00:00,aqi,GRU,113.00000008410731,116.27005
2023-10-04 21:00:00,aqi,GRU,173.99999821335828,170.84091
2023-07-12 17:00:00,aqi,GRU,78.00000092255024,78.16917
2025-12-07 12:00:00,aqi,GRU,57.99999730703249,54.248623
2022-08-03 15:00:00,aqi,GRU,170.00000035649433,172.26965
2024-12-12 14:00:00,aqi,GRU,117.00000009065096,116.369415
2024-06-04 08:00:00,aqi,GRU,75.99999912787867,77.422554
2024-01-02 05:00:00,aqi,GRU,153.00000086610373,149.36774
2023-08-09 00:00:00,aqi,GRU,101.99999988697229,92.062004
2023-03-03 13:00:00,aqi,GRU,244.99999743380823,245.70885
2021-07-09 11:00:00,aqi,GRU,55.99999837860051,55.969784
2025-11-02 17:00:00,aqi,GRU,111.00000008083549,110.78487
2024-11-10 05:00:00,aqi,GRU,113.00000008410731,112.92419
2024-06-03 03:00:00,aqi,GRU,114.99999972909919,120.64576
2024-09-01 08:00:00,aqi,GRU,119.99999991641873,120.34298
2025-07-06 22:00:00,aqi,GRU,98.99999970292458,95.1723
2023-11-05 06:00:00,aqi,GRU,97.00000005793271,95.029236
2023-05-07 14:00:00,aqi,GRU,69.00000001212715,67.104
2022-02-06 03:00:00,aqi,GRU,99.99999988370047,97.10466
2025-04-02 01:00:00,aqi,GRU,132.00000065260957,121.54255
2022-08-06 00:00:00,aqi,GRU,93.00000005138905,120.36083
2021-07-09 15:00:00,aqi,GRU,55.00000178062411,56.399765
2025-08-04 18:00:00,aqi,GRU,113.00000008410731,114.76898
2025-01-03 01:00:00,aqi,GRU,138.00000030414512,139.28546
2023-02-12 01:00:00,aqi,GRU,68.00000054791116,69.35552
2023-02-03 12:00:00,aqi,GRU,185.99999751642935,187.9105
2022-02-01 23:00:00,aqi,GRU,104.0000000693841,109.88106
2025-08-06 05:00:00,aqi,GRU,97.00000005793271,97.38827
2024-09-09 03:00:00,aqi,GRU,79.00000038676623,84.37895
2025-11-08 11:00:00,aqi,GRU,50.99999819128097,48.123234
2024-11-07 05:00:00,aqi,GRU,65.9999987532396,62.67543
2021-08-12 07:00:00,aqi,GRU,111.99999990333143,111.34172
2023-07-05 01:00:00,aqi,GRU,73.00000073523069,86.5294
2024-11-11 07:00:00,aqi,GRU,114.0000002648832,114.426636
2022-05-03 17:00:00,aqi,GRU,195.9999978910684,201.02374
2021-06-13 02:00:00,aqi,GRU,97.00000005793271,116.47079
2023-02-06 05:00:00,aqi,GRU,97.00000005793271,109.03258
2022-04-01 19:00:00,aqi,GRU,142.00000102724866,150.54062
2022-07-04 01:00:00,aqi,GRU,120.99999938063472,120.86247
2025-09-07 05:00:00,aqi,GRU,67.00000108369517,68.22048
2021-12-12 13:00:00,aqi,GRU,109.00000007756366,108.756996
2023-06-02 23:00:00,aqi,GRU,156.00000212499128,162.94437
2023-12-12 05:00:00,aqi,GRU,85.99999950251774,89.22961
2024-02-12 13:00:00,aqi,GRU,119.99999991641873,118.98638
2021-07-07 10:00:00,aqi,GRU,90.99999968983728,86.360214
2025-07-07 17:00:00,aqi,GRU,45.99999800396143,51.844513
2024-05-06 23:00:00,aqi,GRU,101.99999988697229,94.82506
2023-09-05 11:00:00,aqi,GRU,90.99999968983728,92.354546
2022-03-07 21:00:00,aqi,GRU,48.00000266487259,46.712574
2023-07-10 11:00:00,aqi,GRU,109.9999999000596,106.55907
2024-12-07 08:00:00,aqi,GRU,55.99999837860051,54.35072
2024-09-04 10:00:00,aqi,GRU,145.9999988841126,148.99176
2023-08-05 01:00:00,aqi,GRU,103.00000006774819,101.84008
2021-04-12 10:00:00,aqi,GRU,101.00000006447635,94.55679
2023-02-09 22:00:00,aqi,GRU,101.00000006447635,98.45144
2024-04-04 07:00:00,aqi,GRU,73.00000073523069,75.38757
2022-05-07 00:00:00,aqi,GRU,53.99999945016853,87.762794
2022-05-05 14:00:00,aqi,GRU,97.00000005793271,106.77254
2024-08-01 09:00:00,aqi,GRU,104.99999998145002,100.916336
2024-09-12 01:00:00,aqi,GRU,111.00000008083549,110.4327
2024-01-03 06:00:00,aqi,GRU,195.9999978910684,185.45613
2023-11-07 10:00:00,aqi,GRU,127.99999992950603,131.08513
2023-01-11 17:00:00,aqi,GRU,207.0000005961631,206.23575
2022-03-03 10:00:00,aqi,GRU,159.99999998185524,158.67493
2023-02-09 08:00:00,aqi,GRU,101.00000006447635,99.95049
2025-01-05 18:00:00,aqi,GRU,84.00000057408576,85.56967
2025-04-04 17:00:00,aqi,GRU,111.00000008083549,109.40192
2025-01-05 10:00:00,aqi,GRU,85.99999950251774,81.1869
2024-03-02 05:00:00,aqi,GRU,168.00000142806235,158.80809
2023-02-12 19:00:00,aqi,GRU,62.00000089637563,63.354515
2023-06-01 16:00:00,aqi,GRU,97.00000005793271,113.14277
2023-07-11 04:00:00,aqi,GRU,192.00000003420445,194.66006
2022-06-06 22:00:00,aqi,GRU,95.99999987715682,93.7283
2022-02-05 05:00:00,aqi,GRU,88.9999993282855,85.36254
2024-09-03 09:00:00,aqi,GRU,93.99999951560504,97.34229
2024-06-06 22:00:00,aqi,GRU,94.99999969638094,91.44895
2022-01-07 02:00:00,aqi,GRU,48.00000266487259,51.882423
2022-12-06 22:00:00,aqi,GRU,74.00000019944669,73.60323
2023-02-05 16:00:00,aqi,GRU,63.99999982480761,61.175575
2023-05-10 15:00:00,aqi,GRU,106.99999998472185,105.63419
2024-04-03 14:00:00,aqi,GRU,85.99999950251774,80.96204
2023-01-11 05:00:00,aqi,GRU,173.00000161538188,167.6068
2022-06-02 04:00:00,aqi,GRU,333.9999927426252,340.453
2021-01-13 00:00:00,aqi,GRU,97.00000005793271,103.200066
2025-01-08 16:00:00,aqi,GRU,68.00000054791116,64.23683
2024-11-10 12:00:00,aqi,GRU,104.99999998145002,102.315765
2022-05-02 21:00:00,aqi,GRU,329.00000975274315,308.58875
2022-08-06 12:00:00,aqi,GRU,90.99999968983728,90.112854
2022-06-03 23:00:00,aqi,GRU,224.00000008655365,190.60062
2023-08-10 10:00:00,aqi,GRU,118.00000027142686,117.05813
2023-06-10 23:00:00,aqi,GRU,105.99999998308593,112.60265
2021-12-07 14:00:00,aqi,GRU,48.999999262848995,51.09974
2023-01-04 01:00:00,aqi,GRU,78.00000092255024,78.28351
2024-09-10 14:00:00,aqi,GRU,115.99999990987507,115.580025
2021-04-08 03:00:00,aqi,GRU,59.999999101704056,54.451504
2023-04-04 03:00:00,aqi,GRU,84.00000057408576,83.12826
2024-07-04 21:00:00,aqi,GRU,68.00000054791116,70.598694
2023-07-11 07:00:00,aqi,GRU,186.99999984688492,184.53714
2024-05-06 09:00:00,aqi,GRU,109.00000007756366,106.7754
2025-06-06 03:00:00,aqi,GRU,111.00000008083549,109.50681
2024-11-05 11:00:00,aqi,GRU,82.99999967674998,84.61838
2022-09-02 21:00:00,aqi,GRU,114.0000002648832,118.72789
2021-01-08 18:00:00,aqi,GRU,53.00000285219213,52.08995
2025-05-02 03:00:00,aqi,GRU,93.00000005138905,93.15787
2023-11-04 06:00:00,aqi,GRU,153.00000086610373,156.33266
2021-11-07 23:00:00,aqi,GRU,68.00000054791116,66.418465
2024-04-01 12:00:00,aqi,GRU,130.0000002910578,131.32002
2022-07-06 15:00:00,aqi,GRU,84.00000057408576,89.227715
2022-10-04 19:00:00,aqi,GRU,103.00000006774819,102.53365
2023-06-02 10:00:00,aqi,GRU,158.99999765139967,154.88773
2025-09-05 07:00:00,aqi,GRU,81.9999987794142,80.62791
2021-11-08 09:00:00,aqi,GRU,68.00000054791116,64.232735
2021-07-09 19:00:00,aqi,GRU,52.00000052173655,52.636856
2024-06-06 15:00:00,aqi,GRU,95.99999987715682,96.47683
2022-07-04 09:00:00,aqi,GRU,158.00000105342326,162.94327
2021-09-10 00:00:00,aqi,GRU,97.00000005793271,48.522137
2023-01-11 21:00:00,aqi,GRU,206.00000399818668,201.4052
2025-07-06 19:00:00,aqi,GRU,101.99999988697229,104.45889
2025-06-07 19:00:00,aqi,GRU,48.00000266487259,47.384422
2024-12-02 23:00:00,aqi,GRU,104.99999998145002,112.25799
2023-03-01 17:00:00,aqi,GRU,97.00000005793271,112.34549
2024-09-01 19:00:00,aqi,GRU,139.9999992325771,141.78233
2023-06-10 18:00:00,aqi,GRU,101.99999988697229,100.25162
2024-07-09 05:00:00,aqi,GRU,68.00000054791116,69.11004
2022-06-05 19:00:00,aqi,GRU,193.99999896263643,196.73022
2022-03-02 04:00:00,aqi,GRU,171.9999992849263,167.13869
2021-11-08 06:00:00,aqi,GRU,69.00000001212715,66.55289
2024-05-13 02:00:00,aqi,GRU,97.00000005793271,124.55927
2024-06-10 04:00:00,aqi,GRU,74.00000019944669,77.28609
2023-09-11 23:00:00,aqi,GRU,234.99999705916912,192.73276
2021-03-12 10:00:00,aqi,GRU,98.99999970292458,91.02533
2022-12-05 08:00:00,aqi,GRU,153.00000086610373,148.63208
2022-01-05 23:00:00,aqi,GRU,88.9999993282855,80.10696
2023-11-09 00:00:00,aqi,GRU,98.99999970292458,99.833725
2025-11-03 22:00:00,aqi,GRU,97.00000005793271,147.02144
2025-08-05 07:00:00,aqi,GRU,99.99999988370047,100.16591
2024-05-04 12:00:00,aqi,GRU,78.00000092255024,78.24772
2022-12-04 23:00:00,aqi,GRU,131.00000118839358,120.7394
2022-08-06 15:00:00,aqi,GRU,88.9999993282855,93.058075
2023-01-05 05:00:00,aqi,GRU,58.99999963748807,57.730812
2023-02-05 17:00:00,aqi,GRU,97.00000005793271,62.496803
2025-12-01 13:00:00,aqi,GRU,338.0000020644475,351.3074
2023-03-12 18:00:00,aqi,GRU,61.000001432159635,59.602146
2022-04-04 01:00:00,aqi,GRU,171.0000026869499,168.72957
2024-01-11 01:00:00,aqi,GRU,145.9999988841126,127.91463
2025-10-05 21:00:00,aqi,GRU,93.99999951560504,92.28454
2024-09-11 16:00:00,aqi,GRU,133.00000011682556,138.89825
2024-06-11 23:00:00,aqi,GRU,127.00000046529004,129.19365
2024-11-10 01:00:00,aqi,GRU,115.99999990987507,112.02601
2024-10-02 13:00:00,aqi,GRU,99.99999988370047,97.49615
2024-05-10 05:00:00,aqi,GRU,85.99999950251774,82.413124
2021-06-11 16:00:00,aqi,GRU,119.99999991641873,117.854355
2023-12-04 07:00:00,aqi,GRU,95.99999987715682,92.45256
2025-11-05 15:00:00,aqi,GRU,79.99999985098222,80.17559
2022-07-03 05:00:00,aqi,GRU,219.0000056317133,215.9002
2021-01-12 23:00:00,aqi,GRU,101.99999988697229,104.033165
2023-03-10 15:00:00,aqi,GRU,36.99999995977794,44.2122
2022-05-06 23:00:00,aqi,GRU,92.00000058717306,89.3447
2021-10-09 16:00:00,aqi,GRU,33.00000210291398,34.34845
2024-10-03 14:00:00,aqi,GRU,114.0000002648832,114.3108
2022-03-03 09:00:00,aqi,GRU,158.00000105342326,152.28903
2022-10-03 02:00:00,aqi,GRU,193.00000236466002,199.00528
2025-03-08 11:00:00,aqi,GRU,53.99999945016853,46.6556
2022-06-01 13:00:00,aqi,GRU,130.0000002910578,131.86441
2023-09-09 22:00:00,aqi,GRU,103.00000006774819,107.36153
2023-07-12 23:00:00,aqi,GRU,81.9999987794142,88.17004
2023-07-04 00:00:00,aqi,GRU,99.99999988370047,87.96332
2024-05-02 10:00:00,aqi,GRU,118.00000027142686,127.0503
2023-11-01 13:00:00,aqi,GRU,97.00000005793271,125.71828
2022-11-04 17:00:00,aqi,GRU,109.9999999000596,107.60381
2022-07-04 19:00:00,aqi,GRU,178.00000180270143,188.9032
2023-07-03 10:00:00,aqi,GRU,119.00000045220274,113.45994
2025-08-06 01:00:00,aqi,GRU,98.0000002387086,97.57529
2021-08-09 18:00:00,aqi,GRU,47.00000033441701,46.95237
2023-07-02 20:00:00,aqi,GRU,111.99999990333143,117.73502
2022-04-06 20:00:00,aqi,GRU,93.99999951560504,94.8701
2025-02-03 11:00:00,aqi,GRU,98.0000002387086,95.12638
2023-05-13 02:00:00,aqi,GRU,97.00000005793271,96.98906
2021-11-09 10:00:00,aqi,GRU,35.00000103134596,33.722176
2024-10-06 13:00:00,aqi,GRU,79.00000038676623,80.66652
2025-09-06 00:00:00,aqi,GRU,93.00000005138905,82.05793
2025-01-07 10:00:00,aqi,GRU,45.99999800396143,41.55954
2025-12-06 14:00:00,aqi,GRU,76.99999859209466,76.447044
2023-06-01 22:00:00,aqi,GRU,97.00000005793271,129.68668
2025-05-07 18:00:00,aqi,GRU,40.00000121866549,42.898315
2023-01-05 07:00:00,aqi,GRU,59.999999101704056,55.891193
2021-08-07 08:00:00,aqi,GRU,80.99999931519821,78.901764
2023-03-11 11:00:00,aqi,GRU,221.9999954256425,217.99344
2024-02-11 12:00:00,aqi,GRU,204.99999593525192,200.11551
2022-10-06 21:00:00,aqi,GRU,76.99999859209466,77.77956
2021-02-10 02:00:00,aqi,GRU,76.99999859209466,75.47916
2022-06-04 04:00:00,aqi,GRU,132.00000065260957,128.82796
2023-03-03 21:00:00,aqi,GRU,254.00000121047088,236.23068
2025-09-08 15:00:00,aqi,GRU,64.9999992890236,65.0604
2025-10-02 15:00:00,aqi,GRU,106.99999998472185,111.48842
2024-05-13 01:00:00,aqi,GRU,97.00000005793271,123.70078
2023-03-04 21:00:00,aqi,GRU,80.99999931519821,83.674255
2022-02-06 04:00:00,aqi,GRU,101.00000006447635,96.622955
2024-01-07 08:00:00,aqi,GRU,45.99999800396143,47.133152
2021-02-08 04:00:00,aqi,GRU,45.99999800396143,47.47559
2025-01-06 23:00:00,aqi,GRU,92.00000058717306,84.80936
2024-02-07 07:00:00,aqi,GRU,38.999998888209916,37.6304
2022-03-01 21:00:00,aqi,GRU,119.00000045220274,128.31061
2022-06-06 21:00:00,aqi,GRU,94.99999969638094,93.85791
2021-06-07 13:00:00,aqi,GRU,87.00000039985352,83.13291
2021-01-07 17:00:00,aqi,GRU,63.00000036059162,61.353107
2022-09-02 19:00:00,aqi,GRU,122.99999974218649,122.926506
2023-08-05 15:00:00,aqi,GRU,85.00000003830175,86.09972
2021-10-12 03:00:00,aqi,GRU,104.0000000693841,103.135925
2024-10-02 06:00:00,aqi,GRU,103.00000006774819,102.16305
2024-12-06 18:00:00,aqi,GRU,92.00000058717306,92.9624
2024-08-09 21:00:00,aqi,GRU,72.0000012710147,75.40146
2024-01-08 12:00:00,aqi,GRU,57.00000070905609,53.584827
2022-09-03 20:00:00,aqi,GRU,173.99999821335828,172.08884
2024-10-11 15:00:00,aqi,GRU,122.0000002779705,124.74756
2024-05-03 00:00:00,aqi,GRU,106.99999998472185,89.49179
2024-05-05 07:00:00,aqi,GRU,88.9999993282855,88.85583
2023-08-12 12:00:00,aqi,GRU,90.99999968983728,89.639946
2021-04-11 10:00:00,aqi,GRU,193.99999896263643,188.80287
2022-02-05 03:00:00,aqi,GRU,88.9999993282855,83.782036
2023-04-11 20:00:00,aqi,GRU,226.00000474746483,235.87979
2025-03-04 00:00:00,aqi,GRU,185.00000091845294,103.945724
2024-09-08 19:00:00,aqi,GRU,65.9999987532396,67.817
2025-08-09 01:00:00,aqi,GRU,97.00000005793271,96.294685
2025-06-09 01:00:00,aqi,GRU,97.00000005793271,82.65166
2024-12-05 09:00:00,aqi,GRU,93.00000005138905,93.444664
2024-11-10 19:00:00,aqi,GRU,95.99999987715682,96.26024
2023-02-07 15:00:00,aqi,GRU,70.99999894055912,68.90658
2024-09-11 00:00:00,aqi,GRU,190.00000110577247,120.87444
2021-06-11 11:00:00,aqi,GRU,114.0000002648832,111.5362
2024-01-08 20:00:00,aqi,GRU,40.00000121866549,43.574257
2022-04-04 13:00:00,aqi,GRU,149.99999960721618,153.08936
2025-12-08 23:00:00,aqi,GRU,45.00000140598503,46.13434
2021-01-12 09:00:00,aqi,GRU,101.00000006447635,97.54688
2022-07-05 09:00:00,aqi,GRU,227.0000013454412,226.0034
2024-06-02 07:00:00,aqi,GRU,80.99999931519821,80.43265
2024-02-04 13:00:00,aqi,GRU,142.00000102724866,142.47498
2025-03-05 05:00:00,aqi,GRU,84.00000057408576,78.97782
2025-03-02 19:00:00,aqi,GRU,158.99999765139967,160.92416
2021-07-12 02:00:00,aqi,GRU,143.99999995568064,148.90184
2022-06-07 18:00:00,aqi,GRU,48.999999262848995,50.948566
2021-01-07 21:00:00,aqi,GRU,64.9999992890236,61.77975
2024-02-05 22:00:00,aqi,GRU,210.00000185505064,186.36545
2023-08-08 05:00:00,aqi,GRU,93.99999951560504,93.355255
2024-12-02 17:00:00,aqi,GRU,97.00000005793271,88.21416
2024-08-05 23:00:00,aqi,GRU,98.99999970292458,97.52806
2022-06-01 11:00:00,aqi,GRU,134.99999904525754,142.59491
2022-08-04 04:00:00,aqi,GRU,139.9999992325771,140.64053
2024-01-02 17:00:00,aqi,GRU,111.99999990333143,110.873405
2023-05-09 12:00:00,aqi,GRU,94.99999969638094,94.03739
2023-06-10 17:00:00,aqi,GRU,101.00000006447635,98.68881
2021-11-09 13:00:00,aqi,GRU,35.99999762932235,34.268883
2025-03-08 07:00:00,aqi,GRU,57.00000070905609,50.504616
2024-08-12 12:00:00,aqi,GRU,119.99999991641873,125.3687
2025-02-02 21:00:00,aqi,GRU,156.9999987229677,154.5688
2024-11-10 02:00:00,aqi,GRU,114.99999972909919,116.178955
2023-03-03 11:00:00,aqi,GRU,246.00000549674297,238.60582
2025-10-03 02:00:00,aqi,GRU,156.00000212499128,151.10759
2021-04-11 13:00:00,aqi,GRU,190.00000110577247,193.32097
2024-08-02 06:00:00,aqi,GRU,97.00000005793271,95.902466
2021-10-09 10:00:00,aqi,GRU,35.00000103134596,37.66288
2021-09-08 20:00:00,aqi,GRU,85.00000003830175,86.93832
2024-11-08 00:00:00,aqi,GRU,48.00000266487259,61.953453
2023-08-01 11:00:00,aqi,GRU,97.00000005793271,121.58978
2022-05-02 07:00:00,aqi,GRU,333.9999927426252,329.07574
2024-10-12 06:00:00,aqi,GRU,190.00000110577247,181.85718
2024-08-07 07:00:00,aqi,GRU,87.00000039985352,83.55781
2025-12-02 16:00:00,aqi,GRU,95.99999987715682,92.95765
2025-03-01 21:00:00,aqi,GRU,159.99999998185524,154.10437
2025-01-03 06:00:00,aqi,GRU,125.99999956795426,123.64973
2021-08-08 22:00:00,aqi,GRU,82.99999967674998,83.999275
2025-07-03 06:00:00,aqi,GRU,125.99999956795426,122.8465
2024-11-04 11:00:00,aqi,GRU,115.99999990987507,114.912
2023-08-04 21:00:00,aqi,GRU,183.00000199002096,183.45757
2021-08-12 17:00:00,aqi,GRU,104.0000000693841,107.204666
2021-12-08 22:00:00,aqi,GRU,58.99999963748807,60.875885
2022-09-03 17:00:00,aqi,GRU,166.00000249963037,170.87703
2024-01-10 03:00:00,aqi,GRU,78.00000092255024,83.95192
2025-02-03 04:00:00,aqi,GRU,94.99999969638094,96.09828
2024-10-09 14:00:00,aqi,GRU,69.00000001212715,70.109245
2024-09-09 05:00:00,aqi,GRU,81.9999987794142,84.47802
2024-07-11 01:00:00,aqi,GRU,127.00000046529004,134.28444
2025-06-08 18:00:00,aqi,GRU,52.00000052173655,48.097298
2023-07-09 18:00:00,aqi,GRU,94.99999969638094,95.01757
2024-07-03 21:00:00,aqi,GRU,143.99999995568064,147.81047
2024-12-03 08:00:00,aqi,GRU,113.00000008410731,122.56259
2024-11-03 00:00:00,aqi,GRU,127.00000046529004,91.167366
2022-06-07 13:00:00,aqi,GRU,50.000001593304574,48.34671
2023-06-01 20:00:00,aqi,GRU,97.00000005793271,126.13749
2024-03-08 15:00:00,aqi,GRU,36.99999995977794,34.152153
2024-06-03 09:00:00,aqi,GRU,118.00000027142686,119.549095
2023-07-04 03:00:00,aqi,GRU,97.00000005793271,102.04464
2021-06-07 19:00:00,aqi,GRU,93.00000005138905,92.19751
2023-11-01 19:00:00,aqi,GRU,97.00000005793271,117.85769
2022-05-07 14:00:00,aqi,GRU,50.99999819128097,49.067528
2023-12-10 13:00:00,aqi,GRU,118.00000027142686,114.73368
2024-08-06 23:00:00,aqi,GRU,101.99999988697229,99.75652
2023-12-08 17:00:00,aqi,GRU,88.9999993282855,88.7325
2024-06-12 09:00:00,aqi,GRU,111.99999990333143,111.208855
2025-09-02 15:00:00,aqi,GRU,99.99999988370047,96.27831
2024-12-12 00:00:00,aqi,GRU,111.00000008083549,135.58417
2024-05-11 06:00:00,aqi,GRU,127.99999992950603,126.83408
2023-09-08 18:00:00,aqi,GRU,92.00000058717306,97.059715
2024-11-12 16:00:00,aqi,GRU,114.0000002648832,117.16524
2023-08-03 10:00:00,aqi,GRU,101.00000006447635,97.913315
2023-06-12 04:00:00,aqi,GRU,50.000001593304574,55.979507
2024-04-08 03:00:00,aqi,GRU,35.00000103134596,37.580185
2024-01-08 16:00:00,aqi,GRU,50.99999819128097,50.38404
2023-02-03 21:00:00,aqi,GRU,186.99999984688492,180.04825
2023-10-04 13:00:00,aqi,GRU,171.0000026869499,171.19656
2024-06-10 05:00:00,aqi,GRU,74.00000019944669,77.56438
2024-05-10 00:00:00,aqi,GRU,87.00000039985352,66.47349
2025-03-08 16:00:00,aqi,GRU,48.999999262848995,44.62455
2023-12-02 22:00:00,aqi,GRU,170.00000035649433,171.64726
2022-04-02 01:00:00,aqi,GRU,213.0000031139382,214.6871
2021-05-09 02:00:00,aqi,GRU,45.99999800396143,47.16832
2023-05-11 00:00:00,aqi,GRU,237.00000172008032,106.58788
2022-03-02 07:00:00,aqi,GRU,168.99999802603872,157.9985
2024-07-11 12:00:00,aqi,GRU,163.9999978387192,161.21707
2023-06-11 00:00:00,aqi,GRU,195.9999978910684,112.197296
2022-01-06 04:00:00,aqi,GRU,105.99999998308593,101.47537
2025-07-03 01:00:00,aqi,GRU,97.00000005793271,113.79709
2025-02-07 03:00:00,aqi,GRU,48.999999262848995,44.99637
2024-01-09 01:00:00,aqi,GRU,97.00000005793271,83.98069
2021-04-12 08:00:00,aqi,GRU,101.00000006447635,97.0602
2023-04-02 15:00:00,aqi,GRU,106.99999998472185,106.83803
2024-06-10 16:00:00,aqi,GRU,85.99999950251774,85.29259
2025-01-04 17:00:00,aqi,GRU,90.00000022562129,89.37398
2024-11-10 17:00:00,aqi,GRU,98.0000002387086,98.83665
2023-11-03 05:00:00,aqi,GRU,98.99999970292458,105.658966
2024-01-09 06:00:00,aqi,GRU,97.00000005793271,109.52809
2022-11-05 13:00:00,aqi,GRU,97.00000005793271,114.48213
2021-07-12 11:00:00,aqi,GRU,124.00000063952228,124.945206
2023-11-03 11:00:00,aqi,GRU,94.99999969638094,92.22169
2023-05-03 00:00:00,aqi,GRU,166.00000249963037,138.24243
2025-10-01 11:00:00,aqi,GRU,109.00000007756366,107.651245
2025-08-06 22:00:00,aqi,GRU,92.00000058717306,90.80629
2023-12-09 01:00:00,aqi,GRU,98.0000002387086,97.6121
2023-12-11 07:00:00,aqi,GRU,115.99999990987507,113.674835
2021-04-09 11:00:00,aqi,GRU,53.00000285219213,49.63453
2024-04-07 16:00:00,aqi,GRU,75.99999912787867,72.36384
2024-03-02 11:00:00,aqi,GRU,173.00000161538188,171.12564
2023-09-03 15:00:00,aqi,GRU,53.99999945016853,56.940437
2021-04-11 23:00:00,aqi,GRU,163.0000012407428,154.36868
2024-04-07 08:00:00,aqi,GRU,73.00000073523069,67.26679
2024-11-06 18:00:00,aqi,GRU,79.00000038676623,81.180275
2025-12-07 02:00:00,aqi,GRU,63.00000036059162,62.38799
2024-12-06 16:00:00,aqi,GRU,93.00000005138905,91.95942
2021-11-12 01:00:00,aqi,GRU,122.99999974218649,105.82121
2021-05-12 08:00:00,aqi,GRU,171.0000026869499,165.36671
2023-01-07 23:00:00,aqi,GRU,76.99999859209466,75.43651
2021-01-07 15:00:00,aqi,GRU,61.000001432159635,59.909702
2022-06-03 06:00:00,aqi,GRU,217.00000097080215,204.66586
2022-03-03 01:00:00,aqi,GRU,149.99999960721618,146.36993
2023-09-11 12:00:00,aqi,GRU,240.00000297896787,243.72409
2022-12-01 12:00:00,aqi,GRU,84.00000057408576,79.18563
2025-10-07 22:00:00,aqi,GRU,80.99999931519821,83.67487
2023-11-02 02:00:00,aqi,GRU,131.00000118839358,146.51344
2023-06-05 13:00:00,aqi,GRU,81.9999987794142,81.07892
2025-01-06 17:00:00,aqi,GRU,93.99999951560504,93.76109
2025-05-06 10:00:00,aqi,GRU,109.9999999000596,107.151855
2025-01-05 11:00:00,aqi,GRU,87.00000039985352,81.44316
2024-01-09 04:00:00,aqi,GRU,97.00000005793271,110.14445
2023-08-03 13:00:00,aqi,GRU,101.99999988697229,97.63904
2023-11-04 14:00:00,aqi,GRU,142.00000102724866,142.48692
2021-11-09 03:00:00,aqi,GRU,33.99999870089037,39.01947
2024-05-01 20:00:00,aqi,GRU,133.99999958104155,139.53246
2022-10-02 05:00:00,aqi,GRU,94.99999969638094,93.51481
2024-06-09 20:00:00,aqi,GRU,58.99999963748807,59.52193
2022-01-05 17:00:00,aqi,GRU,95.99999987715682,99.68469
2021-10-12 22:00:00,aqi,GRU,114.99999972909919,118.43583
2021-08-11 18:00:00,aqi,GRU,122.0000002779705,120.16977
2023-08-03 07:00:00,aqi,GRU,95.99999987715682,94.73118
2024-01-07 22:00:00,aqi,GRU,40.999997816641894,45.327923
2025-09-03 05:00:00,aqi,GRU,138.00000030414512,138.73904
2024-06-08 01:00:00,aqi,GRU,42.00000014709747,56.450485
2024-06-05 04:00:00,aqi,GRU,78.00000092255024,79.786545
2023-02-08 05:00:00,aqi,GRU,74.99999966366268,75.08742
2025-05-05 11:00:00,aqi,GRU,87.00000039985352,87.50495
2023-09-02 23:00:00,aqi,GRU,277.0000032186366,231.34106
2024-10-02 11:00:00,aqi,GRU,99.99999988370047,99.68149
2023-01-01 16:00:00,aqi,GRU,97.00000005793271,111.75143
2023-09-10 02:00:00,aqi,GRU,104.0000000693841,104.68593
2024-08-12 19:00:00,aqi,GRU,115.99999990987507,122.23792
2021-03-08 09:00:00,aqi,GRU,53.99999945016853,48.153816
2023-12-12 09:00:00,aqi,GRU,87.00000039985352,84.308556
2024-04-03 12:00:00,aqi,GRU,80.99999931519821,79.8629
2023-11-05 11:00:00,aqi,GRU,97.00000005793271,97.643654
2025-08-05 09:00:00,aqi,GRU,98.99999970292458,98.55787
2023-03-08 18:00:00,aqi,GRU,80.99999931519821,81.85424
2024-01-02 09:00:00,aqi,GRU,131.00000118839358,137.0607
2024-11-02 23:00:00,aqi,GRU,81.9999987794142,88.80836
2024-12-04 11:00:00,aqi,GRU,119.99999991641873,117.41044
2022-08-02 07:00:00,aqi,GRU,122.0000002779705,120.705734
2024-02-09 21:00:00,aqi,GRU,52.00000052173655,56.467766
2025-07-01 20:00:00,aqi,GRU,111.99999990333143,113.51773
2023-01-02 09:00:00,aqi,GRU,90.99999968983728,86.13948
2024-05-09 04:00:00,aqi,GRU,48.999999262848995,50.681187
2025-12-01 14:00:00,aqi,GRU,337.00000546647107,352.35788
2025-02-08 06:00:00,aqi,GRU,62.00000089637563,55.546402
2024-06-12 18:00:00,aqi,GRU,109.00000007756366,111.3872
2024-03-04 03:00:00,aqi,GRU,109.9999999000596,116.73949
2025-10-05 22:00:00,aqi,GRU,93.99999951560504,92.41796
2023-03-03 07:00:00,aqi,GRU,234.99999705916912,228.72295
2025-10-05 17:00:00,aqi,GRU,93.99999951560504,95.0106
2023-06-08 14:00:00,aqi,GRU,98.99999970292458,98.91602
2023-12-09 10:00:00,aqi,GRU,90.99999968983728,88.43159
2025-09-01 12:00:00,aqi,GRU,106.99999998472185,108.70756
2024-07-01 11:00:00,aqi,GRU,101.99999988697229,105.90021
2023-07-01 16:00:00,aqi,GRU,97.00000005793271,117.0666
2023-01-02 14:00:00,aqi,GRU,87.00000039985352,88.33543
2024-03-10 13:00:00,aqi,GRU,98.99999970292458,96.043526
2024-09-09 15:00:00,aqi,GRU,85.00000003830175,85.9873
2023-02-09 00:00:00,aqi,GRU,99.99999988370047,82.55158
2022-05-03 16:00:00,aqi,GRU,197.00000022152398,196.59892
2021-09-12 16:00:00,aqi,GRU,109.00000007756366,110.980934
2022-12-04 12:00:00,aqi,GRU,128.99999939372202,125.90674
2024-11-11 21:00:00,aqi,GRU,118.00000027142686,126.368576
2024-01-06 14:00:00,aqi,GRU,94.99999969638094,92.667656
2024-07-12 03:00:00,aqi,GRU,115.99999990987507,111.1303
2021-07-12 14:00:00,aqi,GRU,125.99999956795426,128.58858
2024-07-10 16:00:00,aqi,GRU,97.00000005793271,99.07125
2024-07-07 20:00:00,aqi,GRU,95.99999987715682,94.76685
2024-10-05 03:00:00,aqi,GRU,99.99999988370047,99.33355
2023-08-04 15:00:00,aqi,GRU,183.00000199002096,188.24713
2023-09-03 13:00:00,aqi,GRU,53.99999945016853,55.63204
2025-11-07 14:00:00,aqi,GRU,69.99999947634313,66.9447
2024-03-10 10:00:00,aqi,GRU,101.99999988697229,97.913925
2021-08-08 17:00:00,aqi,GRU,82.99999967674998,84.71212
2023-04-02 13:00:00,aqi,GRU,97.00000005793271,108.98273
2024-09-03 16:00:00,aqi,GRU,93.00000005138905,93.548615
2025-03-03 05:00:00,aqi,GRU,105.99999998308593,103.61184
2023-04-10 16:00:00,aqi,GRU,115.99999990987507,109.07939
2024-11-06 16:00:00,aqi,GRU,76.99999859209466,79.94392
2023-07-10 15:00:00,aqi,GRU,109.9999999000596,108.56397
2025-02-03 22:00:00,aqi,GRU,101.00000006447635,100.12064
2022-06-05 14:00:00,aqi,GRU,188.9999987753169,189.15326
2021-09-12 03:00:00,aqi,GRU,105.99999998308593,108.450745
2025-05-06 01:00:00,aqi,GRU,97.00000005793271,86.35213
2024-07-06 05:00:00,aqi,GRU,93.99999951560504,94.20423
2021-01-10 08:00:00,aqi,GRU,55.00000178062411,51.73158
2025-04-01 10:00:00,aqi,GRU,192.00000003420445,177.7142
2024-11-10 10:00:00,aqi,GRU,105.99999998308593,103.913506
2025-06-01 14:00:00,aqi,GRU,128.99999939372202,133.0979
2025-07-02 02:00:00,aqi,GRU,94.99999969638094,109.52333
2021-07-11 21:00:00,aqi,GRU,106.99999998472185,113.99513
2023-09-10 22:00:00,aqi,GRU,98.99999970292458,103.19269
2022-10-04 04:00:00,aqi,GRU,114.99999972909919,116.60592
2023-02-05 20:00:00,aqi,GRU,68.00000054791116,70.45813
2023-04-04 09:00:00,aqi,GRU,85.00000003830175,83.291885
2024-01-06 05:00:00,aqi,GRU,98.99999970292458,93.68706
2023-10-03 14:00:00,aqi,GRU,85.99999950251774,84.78735
2024-11-08 21:00:00,aqi,GRU,43.99999907552945,45.94596
2023-02-09 23:00:00,aqi,GRU,99.99999988370047,97.04474
2024-07-11 17:00:00,aqi,GRU,188.9999987753169,187.19566
2023-11-06 00:00:00,aqi,GRU,97.00000005793271,100.7424
2022-06-06 20:00:00,aqi,GRU,93.99999951560504,94.80687
2023-07-12 00:00:00,aqi,GRU,68.00000054791116,175.80832
2024-04-11 01:00:00,aqi,GRU,156.9999987229677,158.83568
2023-10-09 06:00:00,aqi,GRU,97.00000005793271,98.71896
2023-09-09 05:00:00,aqi,GRU,98.0000002387086,99.523605
2024-12-12 02:00:00,aqi,GRU,111.00000008083549,106.15424
2025-04-06 17:00:00,aqi,GRU,78.00000092255024,78.061325
2022-09-02 09:00:00,aqi,GRU,136.00000137571314,137.45305
2023-09-03 01:00:00,aqi,GRU,79.99999985098222,86.55739
2022-01-06 06:00:00,aqi,GRU,104.99999998145002,101.22303
2023-09-05 13:00:00,aqi,GRU,93.00000005138905,95.25019
2024-02-13 02:00:00,aqi,GRU,97.00000005793271,119.011925
2023-06-09 03:00:00,aqi,GRU,95.99999987715682,96.124115
2024-11-11 19:00:00,aqi,GRU,118.00000027142686,118.88525
2021-12-09 07:00:00,aqi,GRU,42.00000014709747,39.115913
2022-11-06 14:00:00,aqi,GRU,70.99999894055912,75.04712
2024-04-09 02:00:00,aqi,GRU,33.99999870089037,39.883705
2022-10-06 14:00:00,aqi,GRU,74.99999966366268,77.52497
2024-11-11 03:00:00,aqi,GRU,117.00000009065096,125.260345
2022-01-05 10:00:00,aqi,GRU,103.00000006774819,97.170654
2024-01-01 15:00:00,aqi,GRU,171.0000026869499,172.9633
2023-02-10 21:00:00,aqi,GRU,45.99999800396143,44.462433
2022-12-04 02:00:00,aqi,GRU,113.00000008410731,108.73842
2023-04-03 10:00:00,aqi,GRU,195.9999978910684,197.02515
2022-01-01 12:00:00,aqi,GRU,79.00000038676623,77.189384
2024-02-05 21:00:00,aqi,GRU,202.00000040884353,188.56758
2024-01-10 15:00:00,aqi,GRU,87.99999986406951,84.39136
2022-02-02 14:00:00,aqi,GRU,176.99999947224583,187.21759
2023-01-03 13:00:00,aqi,GRU,173.00000161538188,172.23225
2021-08-07 11:00:00,aqi,GRU,79.99999985098222,77.125984
2024-02-10 05:00:00,aqi,GRU,81.9999987794142,79.5808
2024-11-06 12:00:00,aqi,GRU,79.99999985098222,80.36765
2024-01-11 08:00:00,aqi,GRU,139.9999992325771,130.829
2025-11-01 11:00:00,aqi,GRU,271.9999972988379,287.75235
2023-02-03 15:00:00,aqi,GRU,97.00000005793271,188.00464
2024-04-04 04:00:00,aqi,GRU,78.00000092255024,80.22995
2025-07-06 06:00:00,aqi,GRU,105.99999998308593,105.89253
2022-03-01 16:00:00,aqi,GRU,111.99999990333143,108.59347
2021-03-12 06:00:00,aqi,GRU,98.0000002387086,100.99059
2021-01-10 05:00:00,aqi,GRU,48.999999262848995,50.98895
2023-05-03 12:00:00,aqi,GRU,136.00000137571314,137.8122
2024-01-12 13:00:00,aqi,GRU,128.99999939372202,129.31268
2025-03-05 18:00:00,aqi,GRU,85.99999950251774,80.85611
2024-10-07 21:00:00,aqi,GRU,63.99999982480761,66.51669
2023-07-07 08:00:00,aqi,GRU,125.00000010373827,123.94646
2023-09-03 18:00:00,aqi,GRU,53.00000285219213,57.73368
2024-05-02 05:00:00,aqi,GRU,156.9999987229677,156.90868
2025-10-02 22:00:00,aqi,GRU,114.0000002648832,121.47541
2024-10-06 12:00:00,aqi,GRU,79.00000038676623,80.48842
2022-07-07 08:00:00,aqi,GRU,48.00000266487259,48.423424
2023-10-10 08:00:00,aqi,GRU,93.00000005138905,93.04499
2025-04-06 22:00:00,aqi,GRU,88.9999993282855,83.84513
2022-12-03 06:00:00,aqi,GRU,147.0000012145682,142.12918
2022-12-02 00:00:00,aqi,GRU,101.99999988697229,111.23968
2025-04-07 19:00:00,aqi,GRU,40.999997816641894,40.59758
2021-08-08 19:00:00,aqi,GRU,82.99999967674998,83.49417
2022-03-03 19:00:00,aqi,GRU,158.00000105342326,153.78595
2025-08-08 09:00:00,aqi,GRU,64.9999992890236,60.160934
2022-01-07 07:00:00,aqi,GRU,45.99999800396143,45.667603
2024-02-08 06:00:00,aqi,GRU,35.99999762932235,36.48587
2025-01-08 10:00:00,aqi,GRU,69.00000001212715,63.08051
2024-01-08 22:00:00,aqi,GRU,45.99999800396143,47.78025
2023-04-02 22:00:00,aqi,GRU,108.00000007592774,153.6889
2025-09-05 05:00:00,aqi,GRU,84.00000057408576,82.557625
2022-02-07 02:00:00,aqi,GRU,48.999999262848995,47.14782
2024-01-01 11:00:00,aqi,GRU,171.9999992849263,170.18158
2023-05-07 07:00:00,aqi,GRU,62.00000089637563,62.562725
2025-08-08 15:00:00,aqi,GRU,65.9999987532396,64.06084
2022-09-01 21:00:00,aqi,GRU,72.0000012710147,71.07439
2021-05-12 00:00:00,aqi,GRU,128.99999939372202,146.08281
2024-05-03 02:00:00,aqi,GRU,108.00000007592774,107.07964
2025-02-03 00:00:00,aqi,GRU,98.99999970292458,156.77835
2024-04-10 22:00:00,aqi,GRU,87.99999986406951,87.44454
2022-04-06 15:00:00,aqi,GRU,95.99999987715682,95.94151
2025-12-03 12:00:00,aqi,GRU,185.99999751642935,177.86086
2024-03-09 07:00:00,aqi,GRU,33.99999870089037,34.303642
2024-12-01 15:00:00,aqi,GRU,120.99999938063472,118.45477
2023-01-03 23:00:00,aqi,GRU,200.00000148041156,164.45396
2024-12-02 16:00:00,aqi,GRU,92.00000058717306,87.820694
2024-03-10 18:00:00,aqi,GRU,90.00000022562129,94.0084
2025-02-06 09:00:00,aqi,GRU,85.00000003830175,82.78972
2023-08-05 13:00:00,aqi,GRU,84.00000057408576,83.645386
2022-11-06 06:00:00,aqi,GRU,73.00000073523069,72.43348
2022-12-05 17:00:00,aqi,GRU,158.00000105342326,159.63504
2023-01-12 21:00:00,aqi,GRU,69.00000001212715,68.16694
2024-08-09 04:00:00,aqi,GRU,78.00000092255024,79.63101
2021-03-12 04:00:00,aqi,GRU,99.99999988370047,95.97486
2023-12-08 01:00:00,aqi,GRU,95.99999987715682,93.19189
2024-05-05 17:00:00,aqi,GRU,78.00000092255024,82.645424
2024-06-04 10:00:00,aqi,GRU,78.00000092255024,77.40473
2021-06-12 12:00:00,aqi,GRU,166.00000249963037,163.25641
2023-12-01 22:00:00,aqi,GRU,97.00000005793271,133.54272
2024-02-05 08:00:00,aqi,GRU,149.99999960721618,146.3413
2023-03-05 04:00:00,aqi,GRU,74.00000019944669,71.31265
2023-05-11 14:00:00,aqi,GRU,214.999996309891,217.75562
2023-05-03 05:00:00,aqi,GRU,150.99999907143217,145.88853
2025-05-05 21:00:00,aqi,GRU,101.00000006447635,100.539795
2025-09-04 19:00:00,aqi,GRU,104.0000000693841,109.96471
2023-08-12 08:00:00,aqi,GRU,88.9999993282855,87.75215
2025-12-02 22:00:00,aqi,GRU,95.99999987715682,99.88822
2021-05-09 01:00:00,aqi,GRU,45.99999800396143,54.69273
2023-05-12 10:00:00,aqi,GRU,50.000001593304574,50.012184
2024-06-01 17:00:00,aqi,GRU,149.0000001430002,149.19977
2021-09-11 19:00:00,aqi,GRU,119.99999991641873,122.62245
2022-05-06 05:00:00,aqi,GRU,85.99999950251774,99.36234
2023-01-12 08:00:00,aqi,GRU,73.00000073523069,71.434006
2021-04-13 01:00:00,aqi,GRU,97.00000005793271,120.25191
2022-05-05 12:00:00,aqi,GRU,97.00000005793271,108.21442
2021-12-11 16:00:00,aqi,GRU,154.00000033031972,147.02924
2025-07-04 07:00:00,aqi,GRU,70.99999894055912,76.1854
2022-11-06 03:00:00,aqi,GRU,73.00000073523069,71.45758
2024-09-05 07:00:00,aqi,GRU,97.00000005793271,99.03493
2023-05-08 00:00:00,aqi,GRU,85.99999950251774,75.60329
2022-07-08 01:00:00,aqi,GRU,97.00000005793271,81.25113
2024-04-06 03:00:00,aqi,GRU,113.00000008410731,111.02585
2022-12-04 19:00:00,aqi,GRU,131.00000118839358,128.89812
2023-09-03 17:00:00,aqi,GRU,53.99999945016853,57.7718
2024-08-09 14:00:00,aqi,GRU,74.00000019944669,74.94064
2023-01-12 06:00:00,aqi,GRU,74.99999966366268,74.12989
2025-01-07 08:00:00,aqi,GRU,45.99999800396143,41.433716
2023-07-11 21:00:00,aqi,GRU,193.00000236466002,191.14107
2023-03-09 15:00:00,aqi,GRU,99.99999988370047,98.43736
2022-06-02 21:00:00,aqi,GRU,291.0000014501396,296.2476
2025-01-08 02:00:00,aqi,GRU,72.0000012710147,69.88297
2025-05-07 11:00:00,aqi,GRU,45.00000140598503,40.65148
2024-12-11 06:00:00,aqi,GRU,137.00000083992913,134.86568
2022-10-06 20:00:00,aqi,GRU,75.99999912787867,78.55106
2023-09-03 07:00:00,aqi,GRU,59.999999101704056,63.855568
2024-12-02 04:00:00,aqi,GRU,84.00000057408576,82.05739
2021-04-12 09:00:00,aqi,GRU,101.00000006447635,94.475525
2025-03-07 16:00:00,aqi,GRU,48.00000266487259,52.679638
2023-07-11 12:00:00,aqi,GRU,190.99999770374887,196.26155
2024-09-03 20:00:00,aqi,GRU,95.99999987715682,95.45647
2024-02-06 22:00:00,aqi,GRU,90.00000022562129,88.092964
2022-12-03 18:00:00,aqi,GRU,175.00000054381385,173.09418
2021-03-12 15:00:00,aqi,GRU,101.00000006447635,93.07479
2024-12-07 09:00:00,aqi,GRU,57.00000070905609,53.937138
2024-03-05 18:00:00,aqi,GRU,154.00000033031972,162.81815
2024-11-01 23:00:00,aqi,GRU,118.00000027142686,123.75167
2024-10-08 19:00:00,aqi,GRU,47.00000033441701,49.385876
2024-01-12 03:00:00,aqi,GRU,128.99999939372202,126.85647
2024-04-12 03:00:00,aqi,GRU,117.00000009065096,115.49611
2021-11-12 22:00:00,aqi,GRU,109.9999999000596,115.191284
2025-10-06 00:00:00,aqi,GRU,95.99999987715682,91.038925
2025-02-05 04:00:00,aqi,GRU,81.9999987794142,79.21406
2022-08-07 03:00:00,aqi,GRU,48.999999262848995,54.58315
2022-07-02 09:00:00,aqi,GRU,217.00000097080215,217.30273
2023-03-01 22:00:00,aqi,GRU,97.00000005793271,125.73927
2023-06-03 16:00:00,aqi,GRU,161.0000023123108,164.00995
2024-05-01 18:00:00,aqi,GRU,118.00000027142686,117.545944
2022-11-03 01:00:00,aqi,GRU,198.99999914995595,204.55455
2024-08-10 19:00:00,aqi,GRU,120.99999938063472,120.82549
2023-11-08 21:00:00,aqi,GRU,97.00000005793271,99.61844
2021-03-09 14:00:00,aqi,GRU,53.00000285219213,50.544266
2025-09-02 04:00:00,aqi,GRU,87.99999986406951,96.831566
2022-03-07 00:00:00,aqi,PINN,53.00000285219213,93.273735
2023-08-09 06:00:00,aqi,PINN,98.99999970292458,99.89867
2021-11-07 22:00:00,aqi,PINN,68.00000054791116,69.18341
2024-06-03 02:00:00,aqi,PINN,111.99999990333143,115.437645
2023-02-04 06:00:00,aqi,PINN,80.99999931519821,82.28295
2022-12-05 15:00:00,aqi,PINN,156.9999987229677,154.82791
2024-06-07 18:00:00,aqi,PINN,79.00000038676623,78.14229
2024-12-06 14:00:00,aqi,PINN,92.00000058717306,89.37541
2024-09-10 23:00:00,aqi,PINN,115.99999990987507,116.97348
2024-12-06 12:00:00,aqi,PINN,90.99999968983728,87.82292
2024-12-12 23:00:00,aqi,PINN,140.99999869679309,137.17802
2023-02-10 03:00:00,aqi,PINN,50.000001593304574,56.927853
2024-03-01 19:00:00,aqi,PINN,149.0000001430002,151.19304
2025-07-05 18:00:00,aqi,PINN,93.99999951560504,90.68498
2023-01-10 04:00:00,aqi,PINN,63.99999982480761,69.09541
2023-09-10 07:00:00,aqi,PINN,97.00000005793271,98.95115
2022-09-04 00:00:00,aqi,PINN,138.00000030414512,175.02776
2021-11-12 16:00:00,aqi,PINN,119.99999991641873,121.04987
2024-01-08 03:00:00,aqi,PINN,70.99999894055912,72.479614
2023-05-04 07:00:00,aqi,PINN,101.99999988697229,101.83472
2023-04-12 06:00:00,aqi,PINN,52.00000052173655,54.62509
2021-11-10 00:00:00,aqi,PINN,97.00000005793271,45.277817
2023-02-07 08:00:00,aqi,PINN,68.00000054791116,68.35118
2025-10-05 19:00:00,aqi,PINN,94.99999969638094,93.098495
2023-10-12 11:00:00,aqi,PINN,80.99999931519821,79.57429
2023-03-07 11:00:00,aqi,PINN,70.99999894055912,68.52426
2024-05-05 12:00:00,aqi,PINN,82.99999967674998,82.64812
2023-03-04 15:00:00,aqi,PINN,72.0000012710147,73.49582
2025-07-08 12:00:00,aqi,PINN,57.99999730703249,58.786694
2024-07-09 19:00:00,aqi,PINN,78.00000092255024,81.45636
2023-01-08 09:00:00,aqi,PINN,63.00000036059162,64.49512
2024-10-04 03:00:00,aqi,PINN,161.99999891028722,156.5102
2023-11-08 14:00:00,aqi,PINN,88.9999993282855,85.60702
2022-04-07 23:00:00,aqi,PINN,53.99999945016853,55.38627
2023-03-12 15:00:00,aqi,PINN,59.999999101704056,62.81391
2024-10-11 08:00:00,aqi,PINN,118.00000027142686,118.605
2024-08-11 08:00:00,aqi,PINN,231.99999580028157,229.17213
2025-12-05 01:00:00,aqi,PINN,97.00000005793271,84.80423
2023-03-04 06:00:00,aqi,PINN,69.00000001212715,74.28851
2022-05-04 21:00:00,aqi,PINN,145.9999988841126,145.83879
2021-12-11 15:00:00,aqi,PINN,148.00000067878418,136.6315
2023-04-08 21:00:00,aqi,PINN,88.9999993282855,92.02819
2023-05-10 10:00:00,aqi,PINN,111.99999990333143,112.29795
2024-06-05 20:00:00,aqi,PINN,84.00000057408576,85.38942
2025-01-03 05:00:00,aqi,PINN,127.00000046529004,132.68898
2025-07-08 17:00:00,aqi,PINN,58.99999963748807,62.506664
2025-03-03 16:00:00,aqi,PINN,99.99999988370047,101.38377
2024-05-01 14:00:00,aqi,PINN,119.00000045220274,118.7877
2024-01-12 04:00:00,aqi,PINN,127.99999992950603,131.7891
2024-12-10 18:00:00,aqi,PINN,90.00000022562129,90.41088
2023-09-03 16:00:00,aqi,PINN,53.99999945016853,55.388332
2023-12-02 04:00:00,aqi,PINN,113.00000008410731,119.99832
2024-07-03 10:00:00,aqi,PINN,137.00000083992913,144.04088
2024-08-09 01:00:00,aqi,PINN,76.99999859209466,81.00319
2024-03-08 12:00:00,aqi,PINN,36.99999995977794,40.594116
2025-03-04 17:00:00,aqi,PINN,188.0000021773405,176.65083
2022-05-07 02:00:00,aqi,PINN,55.00000178062411,59.782555
2023-12-10 20:00:00,aqi,PINN,145.9999988841126,139.83374
2022-04-01 20:00:00,aqi,PINN,140.99999869679309,147.18019
2023-11-03 12:00:00,aqi,PINN,94.99999969638094,94.62347
2024-08-08 02:00:00,aqi,PINN,76.99999859209466,76.76584
2024-02-03 05:00:00,aqi,PINN,149.0000001430002,137.70097
2023-06-02 00:00:00,aqi,PINN,163.9999978387192,120.09287
2025-04-04 09:00:00,aqi,PINN,119.99999991641873,125.337616
2023-04-10 09:00:00,aqi,PINN,90.00000022562129,90.12355
2023-04-10 17:00:00,aqi,PINN,115.99999990987507,112.859055
2025-04-04 15:00:00,aqi,PINN,109.00000007756366,112.81486
2024-07-08 13:00:00,aqi,PINN,59.999999101704056,60.827946
2024-08-06 04:00:00,aqi,PINN,97.00000005793271,95.31569
2022-09-06 19:00:00,aqi,PINN,80.99999931519821,77.59708
2024-07-02 21:00:00,aqi,PINN,104.0000000693841,104.34423
2024-07-01 12:00:00,aqi,PINN,101.00000006447635,106.96047
2025-08-03 23:00:00,aqi,PINN,128.99999939372202,140.25046
2021-01-07 10:00:00,aqi,PINN,59.999999101704056,59.50964
2025-06-04 15:00:00,aqi,PINN,84.00000057408576,88.001816
2021-05-08 18:00:00,aqi,PINN,78.00000092255024,75.8664
2022-06-03 20:00:00,aqi,PINN,224.00000008655365,222.66234
2023-06-07 10:00:00,aqi,PINN,65.9999987532396,68.36531
2024-10-08 16:00:00,aqi,PINN,47.00000033441701,52.51424
2025-09-02 18:00:00,aqi,PINN,101.00000006447635,100.256355
2024-12-08 19:00:00,aqi,PINN,45.00000140598503,46.380486
2023-12-08 21:00:00,aqi,PINN,93.99999951560504,92.06098
2021-11-12 09:00:00,aqi,PINN,128.99999939372202,124.77418
2023-08-10 22:00:00,aqi,PINN,111.00000008083549,105.98599
2024-11-02 07:00:00,aqi,PINN,90.00000022562129,88.398964
2023-09-10 23:00:00,aqi,PINN,98.0000002387086,103.11269
2025-10-06 13:00:00,aqi,PINN,85.00000003830175,87.97672
2021-02-07 16:00:00,aqi,PINN,69.00000001212715,67.22075
2024-06-09 07:00:00,aqi,PINN,63.99999982480761,64.41649
2024-06-03 16:00:00,aqi,PINN,120.99999938063472,120.84945
2023-02-07 11:00:00,aqi,PINN,69.99999947634313,70.92314
2023-03-05 15:00:00,aqi,PINN,85.00000003830175,84.13075
2024-05-12 08:00:00,aqi,PINN,113.00000008410731,115.869774
2024-07-06 03:00:00,aqi,PINN,95.99999987715682,90.52151
2024-09-01 18:00:00,aqi,PINN,138.9999997683611,137.3669
2022-01-04 03:00:00,aqi,PINN,247.99999869269578,240.3204
2024-10-09 11:00:00,aqi,PINN,70.99999894055912,72.56167
2023-04-04 18:00:00,aqi,PINN,84.00000057408576,84.282875
2024-04-06 00:00:00,aqi,PINN,108.00000007592774,97.21323
2024-09-03 22:00:00,aqi,PINN,98.99999970292458,102.08114
2025-03-02 14:00:00,aqi,PINN,163.0000012407428,163.04005
2023-07-02 15:00:00,aqi,PINN,111.99999990333143,111.02442
2023-06-11 22:00:00,aqi,PINN,213.9999997119146,209.4736
2025-08-05 03:00:00,aqi,PINN,99.99999988370047,104.40668
2023-09-01 13:00:00,aqi,PINN,97.00000005793271,113.58421
2023-11-02 16:00:00,aqi,PINN,98.0000002387086,98.245926
2024-05-09 07:00:00,aqi,PINN,52.00000052173655,52.738132
2021-04-09 04:00:00,aqi,PINN,55.99999837860051,55.20072
2024-05-05 16:00:00,aqi,PINN,79.00000038676623,83.42105
2022-02-06 17:00:00,aqi,PINN,98.99999970292458,100.69084
2021-03-09 05:00:00,aqi,PINN,47.00000033441701,45.632324
2023-09-04 03:00:00,aqi,PINN,188.9999987753169,141.99596
2022-10-01 22:00:00,aqi,PINN,78.00000092255024,86.72049
2025-10-01 19:00:00,aqi,PINN,133.00000011682556,122.417465
2025-03-06 16:00:00,aqi,PINN,82.99999967674998,83.95786
2024-04-01 21:00:00,aqi,PINN,114.99999972909919,120.50325
2025-11-02 00:00:00,aqi,PINN,114.99999972909919,294.2616
2024-06-01 18:00:00,aqi,PINN,149.0000001430002,144.97275
2023-05-03 20:00:00,aqi,PINN,131.00000118839358,129.50755
2024-04-04 19:00:00,aqi,PINN,74.00000019944669,75.54912
2025-10-08 21:00:00,aqi,PINN,53.00000285219213,54.404037
2024-03-04 17:00:00,aqi,PINN,95.99999987715682,98.41221
2024-06-07 01:00:00,aqi,PINN,59.999999101704056,65.443565
2023-02-05 06:00:00,aqi,PINN,57.00000070905609,59.223755
2025-07-08 22:00:00,aqi,PINN,63.00000036059162,64.78172
2021-06-09 08:00:00,aqi,PINN,48.999999262848995,50.51426
2025-07-08 15:00:00,aqi,PINN,58.99999963748807,64.30636
2023-02-10 19:00:00,aqi,PINN,47.00000033441701,49.461716
2025-11-07 11:00:00,aqi,PINN,69.99999947634313,70.93071
2025-01-04 12:00:00,aqi,PINN,90.00000022562129,90.94909
2023-03-02 01:00:00,aqi,PINN,97.00000005793271,136.67728
2023-10-12 10:00:00,aqi,PINN,79.99999985098222,81.1265
2023-09-07 12:00:00,aqi,PINN,122.0000002779705,124.152466
2025-06-05 22:00:00,aqi,PINN,92.00000058717306,86.37158
2024-01-09 10:00:00,aqi,PINN,74.99999966366268,82.40496
2022-05-01 22:00:00,aqi,PINN,209.00000525707424,217.0305
2022-03-05 02:00:00,aqi,PINN,97.00000005793271,130.72049
2022-02-02 17:00:00,aqi,PINN,173.99999821335828,168.18573
2025-01-05 05:00:00,aqi,PINN,85.00000003830175,83.89779
2025-11-05 19:00:00,aqi,PINN,78.00000092255024,79.11092
2022-06-07 20:00:00,aqi,PINN,48.999999262848995,50.315525
2023-06-10 19:00:00,aqi,PINN,103.00000006774819,104.77208
2023-06-05 18:00:00,aqi,PINN,74.99999966366268,77.085655
2024-05-01 08:00:00,aqi,PINN,120.99999938063472,124.685005
2024-01-12 12:00:00,aqi,PINN,132.00000065260957,133.59659
2024-01-10 09:00:00,aqi,PINN,85.00000003830175,85.62287
2023-07-07 15:00:00,aqi,PINN,130.0000002910578,154.55045
2022-12-03 17:00:00,aqi,PINN,175.00000054381385,168.57368
2022-02-01 08:00:00,aqi,PINN,98.99999970292458,96.39233
2023-08-13 02:00:00,aqi,PINN,97.00000005793271,122.307205
2023-10-04 16:00:00,aqi,PINN,171.0000026869499,165.89589
2025-03-06 07:00:00,aqi,PINN,85.00000003830175,82.19881
2023-01-10 20:00:00,aqi,PINN,50.99999819128097,53.513508
2024-02-04 07:00:00,aqi,PINN,152.00000140188774,148.57672
2023-10-11 08:00:00,aqi,PINN,246.00000549674297,240.8181
2024-08-01 20:00:00,aqi,PINN,104.99999998145002,106.48338
2021-09-08 06:00:00,aqi,PINN,82.99999967674998,82.90413
2022-01-04 16:00:00,aqi,PINN,261.9999969241988,257.25992
2024-02-08 13:00:00,aqi,PINN,36.99999995977794,40.3412
2023-03-09 07:00:00,aqi,PINN,101.99999988697229,100.60696
2023-03-02 00:00:00,aqi,PINN,97.00000005793271,138.22014
2025-09-05 03:00:00,aqi,PINN,87.00000039985352,90.64251
2023-12-03 18:00:00,aqi,PINN,99.99999988370047,98.95864
2022-03-04 14:00:00,aqi,PINN,220.0000022296897,215.67535
2024-08-06 22:00:00,aqi,PINN,101.00000006447635,99.5041
2022-09-04 13:00:00,aqi,PINN,134.99999904525754,131.1787
2022-08-03 22:00:00,aqi,PINN,171.9999992849263,172.83235
2025-06-06 21:00:00,aqi,PINN,109.00000007756366,104.88767
2022-06-07 00:00:00,aqi,PINN,48.999999262848995,89.883514
2023-09-12 09:00:00,aqi,PINN,87.00000039985352,88.15334
2022-06-05 04:00:00,aqi,PINN,180.99999732910982,188.43433
2023-04-03 23:00:00,aqi,PINN,166.00000249963037,143.38313
2021-11-11 11:00:00,aqi,PINN,178.9999984006778,175.3671
2023-08-03 19:00:00,aqi,PINN,95.99999987715682,96.838394
2025-08-07 16:00:00,aqi,PINN,74.00000019944669,74.46716
2025-09-05 01:00:00,aqi,PINN,90.00000022562129,88.33003
2024-10-07 12:00:00,aqi,PINN,74.99999966366268,76.71984
2022-01-03 12:00:00,aqi,PINN,137.00000083992913,134.8358
2021-04-07 22:00:00,aqi,PINN,59.999999101704056,59.51979
2023-03-05 21:00:00,aqi,PINN,87.99999986406951,89.170906
2024-06-08 06:00:00,aqi,PINN,40.999997816641894,43.776985
2023-04-01 11:00:00,aqi,PINN,97.00000005793271,121.45655
2024-03-07 03:00:00,aqi,PINN,52.00000052173655,53.616737
2021-04-07 13:00:00,aqi,PINN,64.9999992890236,65.29823
2025-08-02 08:00:00,aqi,PINN,79.00000038676623,82.0764
2022-07-06 20:00:00,aqi,PINN,90.00000022562129,88.80995
2022-11-06 04:00:00,aqi,PINN,73.00000073523069,70.23736
2024-09-12 14:00:00,aqi,PINN,161.99999891028722,160.32071
2024-07-04 16:00:00,aqi,PINN,69.00000001212715,74.60388
2023-06-03 06:00:00,aqi,PINN,128.99999939372202,127.76338
2022-11-01 13:00:00,aqi,PINN,85.00000003830175,83.2666
2025-04-04 16:00:00,aqi,PINN,111.00000008083549,110.28387
2024-05-06 20:00:00,aqi,PINN,104.99999998145002,103.51346
2023-12-05 22:00:00,aqi,PINN,108.00000007592774,113.246346
2024-04-07 14:00:00,aqi,PINN,75.99999912787867,75.65206
2022-05-02 22:00:00,aqi,PINN,329.00000975274315,315.83777
2023-08-10 06:00:00,aqi,PINN,114.99999972909919,114.396965
2023-03-05 11:00:00,aqi,PINN,76.99999859209466,76.665115
2023-09-10 20:00:00,aqi,PINN,98.99999970292458,97.15127
2021-05-07 20:00:00,aqi,PINN,88.9999993282855,86.64645
2024-03-06 00:00:00,aqi,PINN,90.99999968983728,127.82135
2023-02-06 20:00:00,aqi,PINN,97.00000005793271,99.1742
2022-06-06 07:00:00,aqi,PINN,93.99999951560504,90.05357
2022-12-07 02:00:00,aqi,PINN,97.00000005793271,94.00406
2023-01-10 22:00:00,aqi,PINN,50.99999819128097,55.43929
2023-08-11 07:00:00,aqi,PINN,227.9999979434176,224.62701
2022-01-03 17:00:00,aqi,PINN,133.99999958104155,135.84654
2022-03-04 04:00:00,aqi,PINN,263.0000049871336,253.70001
2024-09-05 04:00:00,aqi,PINN,98.0000002387086,101.876884
2025-11-08 17:00:00,aqi,PINN,47.00000033441701,51.9866
2022-12-04 21:00:00,aqi,PINN,132.00000065260957,126.5886
2023-03-03 04:00:00,aqi,PINN,224.00000008655365,226.45175
2024-08-12 10:00:00,aqi,PINN,122.0000002779705,122.35547
2023-10-09 08:00:00,aqi,PINN,92.00000058717306,95.3223
2024-12-08 11:00:00,aqi,PINN,43.00000247755305,44.98245
2023-09-01 10:00:00,aqi,PINN,97.00000005793271,128.95602
2022-02-06 23:00:00,aqi,PINN,98.99999970292458,86.07584
2025-04-02 06:00:00,aqi,PINN,114.99999972909919,111.88634
2023-04-04 13:00:00,aqi,PINN,85.00000003830175,85.69759
2023-04-12 09:00:00,aqi,PINN,50.000001593304574,53.8348
2024-04-01 17:00:00,aqi,PINN,119.99999991641873,122.94659
2024-11-10 07:00:00,aqi,PINN,111.99999990333143,110.31612
2024-09-08 08:00:00,aqi,PINN,69.99999947634313,71.737724
2023-09-11 11:00:00,aqi,PINN,237.99999831805673,235.54361
2024-09-03 00:00:00,aqi,PINN,111.99999990333143,105.87572
2024-02-02 22:00:00,aqi,PINN,124.00000063952228,131.04623
2021-03-11 23:00:00,aqi,PINN,97.00000005793271,137.79767
2025-06-02 21:00:00,aqi,PINN,105.99999998308593,107.71282
2023-02-01 19:00:00,aqi,PINN,97.00000005793271,117.248634
2024-11-07 08:00:00,aqi,PINN,67.00000108369517,66.55598
2023-11-02 15:00:00,aqi,PINN,98.99999970292458,99.639046
2023-02-08 15:00:00,aqi,PINN,74.00000019944669,74.209816
2024-12-06 13:00:00,aqi,PINN,92.00000058717306,88.56504
2025-03-02 11:00:00,aqi,PINN,168.00000142806235,166.2867
2023-03-09 02:00:00,aqi,PINN,99.99999988370047,96.57497
2024-07-11 06:00:00,aqi,PINN,134.99999904525754,135.74448
2023-08-09 05:00:00,aqi,PINN,103.00000006774819,100.47851
2024-01-07 23:00:00,aqi,PINN,40.00000121866549,46.646057
2024-07-12 20:00:00,aqi,PINN,127.00000046529004,127.954285
2025-10-02 13:00:00,aqi,PINN,105.99999998308593,108.08964
2023-07-11 02:00:00,aqi,PINN,198.00000255197958,205.89471
2024-07-07 11:00:00,aqi,PINN,98.0000002387086,95.57725
2021-12-10 01:00:00,aqi,PINN,97.00000005793271,77.037575
2021-04-07 08:00:00,aqi,PINN,65.9999987532396,63.512314
2021-01-12 20:00:00,aqi,PINN,103.00000006774819,109.04392
2025-01-02 19:00:00,aqi,PINN,125.00000010373827,128.44667
2023-06-07 21:00:00,aqi,PINN,93.00000005138905,90.80872
2025-10-04 09:00:00,aqi,PINN,74.00000019944669,76.211
2022-09-04 10:00:00,aqi,PINN,136.00000137571314,136.20746
2024-05-09 17:00:00,aqi,PINN,61.000001432159635,65.14498
2023-08-12 20:00:00,aqi,PINN,90.99999968983728,86.05895
2024-07-08 06:00:00,aqi,PINN,52.00000052173655,53.828564
2024-01-01 19:00:00,aqi,PINN,180.0000007311334,178.81772
2024-01-09 18:00:00,aqi,PINN,74.99999966366268,75.78257
2023-06-02 01:00:00,aqi,PINN,163.0000012407428,159.404
2023-09-11 18:00:00,aqi,PINN,237.99999831805673,235.76273
2022-04-02 03:00:00,aqi,PINN,233.00000386321636,235.06938
2022-08-04 13:00:00,aqi,PINN,113.00000008410731,111.745476
2023-04-07 04:00:00,aqi,PINN,69.99999947634313,67.270325
2024-09-03 03:00:00,aqi,PINN,105.99999998308593,102.79093
2023-01-12 14:00:00,aqi,PINN,70.99999894055912,70.83058
2024-12-10 12:00:00,aqi,PINN,94.99999969638094,96.62357
2024-08-10 16:00:00,aqi,PINN,119.00000045220274,119.26274
2025-02-06 20:00:00,aqi,PINN,92.00000058717306,86.66518
2021-10-09 14:00:00,aqi,PINN,31.999999772458395,39.382538
2022-01-02 15:00:00,aqi,PINN,156.9999987229677,148.47552
2023-01-07 16:00:00,aqi,PINN,75.99999912787867,78.25947
2022-01-04 19:00:00,aqi,PINN,277.0000032186366,258.15338
2024-05-12 19:00:00,aqi,PINN,115.99999990987507,114.77635
2023-05-11 12:00:00,aqi,PINN,217.99999756877855,217.55226
2022-06-02 11:00:00,aqi,PINN,331.99999954667237,229.24895
2021-11-08 11:00:00,aqi,PINN,67.00000108369517,67.73831
2023-08-08 09:00:00,aqi,PINN,104.0000000693841,101.15322
2023-06-11 03:00:00,aqi,PINN,185.00000091845294,199.11359
2023-08-04 10:00:00,aqi,PINN,175.00000054381385,171.15977
2025-12-07 06:00:00,aqi,PINN,61.000001432159635,60.115723
2023-09-01 18:00:00,aqi,PINN,97.00000005793271,115.6228
2022-12-05 13:00:00,aqi,PINN,158.00000105342326,152.88762
2023-07-04 09:00:00,aqi,PINN,101.00000006447635,98.709114
2023-07-09 10:00:00,aqi,PINN,87.99999986406951,87.84831
2023-01-03 15:00:00,aqi,PINN,181.9999996595654,176.14983
2022-02-07 19:00:00,aqi,PINN,52.00000052173655,50.277
2022-04-02 13:00:00,aqi,PINN,331.99999954667237,329.07733
2024-02-04 10:00:00,aqi,PINN,145.9999988841126,144.22243
2021-05-09 06:00:00,aqi,PINN,42.00000014709747,43.36468
2024-04-12 09:00:00,aqi,PINN,114.99999972909919,116.5575
2023-09-05 21:00:00,aqi,PINN,97.00000005793271,96.457634
2023-09-01 16:00:00,aqi,PINN,97.00000005793271,113.82775
2023-06-10 04:00:00,aqi,PINN,97.00000005793271,103.40941
2023-04-09 22:00:00,aqi,PINN,97.00000005793271,98.85995
2022-01-06 02:00:00,aqi,PINN,106.99999998472185,104.670746
2024-09-05 03:00:00,aqi,PINN,98.0000002387086,99.67888
2023-08-03 22:00:00,aqi,PINN,92.00000058717306,93.43635
2022-02-02 11:00:00,aqi,PINN,188.9999987753169,185.97491
2023-09-07 16:00:00,aqi,PINN,122.99999974218649,124.79772
2024-03-10 08:00:00,aqi,PINN,103.00000006774819,102.65488
2023-10-03 05:00:00,aqi,PINN,98.0000002387086,95.23089
2021-10-08 21:00:00,aqi,PINN,69.99999947634313,70.04718
2024-07-05 01:00:00,aqi,PINN,87.00000039985352,93.118675
2023-11-09 12:00:00,aqi,PINN,94.99999969638094,93.847694
2025-09-04 18:00:00,aqi,PINN,109.00000007756366,107.93699
2023-06-05 11:00:00,aqi,PINN,85.99999950251774,82.74998
2024-08-09 08:00:00,aqi,PINN,76.99999859209466,77.058556
2023-02-11 21:00:00,aqi,PINN,190.00000110577247,196.1912
2024-05-04 16:00:00,aqi,PINN,76.99999859209466,80.17654
2022-08-06 09:00:00,aqi,PINN,90.00000022562129,86.998116
2025-05-02 02:00:00,aqi,PINN,93.99999951560504,88.011314
2023-03-08 02:00:00,aqi,PINN,81.9999987794142,80.33415
2025-11-04 12:00:00,aqi,PINN,153.00000086610373,87.38966
2025-06-04 21:00:00,aqi,PINN,75.99999912787867,75.854126
2025-02-08 18:00:00,aqi,PINN,63.99999982480761,63.26047
2024-03-03 05:00:00,aqi,PINN,97.00000005793271,95.86607
2023-06-08 05:00:00,aqi,PINN,109.00000007756366,103.61487
2023-08-10 11:00:00,aqi,PINN,117.00000009065096,115.93928
2024-06-07 21:00:00,aqi,PINN,85.00000003830175,80.79223
2022-06-03 05:00:00,aqi,PINN,206.00000399818668,192.39859
2021-11-08 00:00:00,aqi,PINN,70.99999894055912,66.97251
2023-11-05 05:00:00,aqi,PINN,97.00000005793271,97.31905
2023-08-08 12:00:00,aqi,PINN,105.99999998308593,105.03927
2025-01-05 02:00:00,aqi,PINN,85.99999950251774,91.15931
2024-10-09 17:00:00,aqi,PINN,68.00000054791116,70.43707
2022-04-06 07:00:00,aqi,PINN,101.00000006447635,99.75797
2024-03-02 18:00:00,aqi,PINN,170.00000035649433,165.61494
2023-11-01 15:00:00,aqi,PINN,97.00000005793271,111.07956
2021-11-09 21:00:00,aqi,PINN,38.999998888209916,41.045647
2024-04-02 18:00:00,aqi,PINN,217.99999756877855,218.15811
2024-07-12 05:00:00,aqi,PINN,119.99999991641873,120.80488
2023-02-01 20:00:00,aqi,PINN,97.00000005793271,119.15549
2025-08-02 15:00:00,aqi,PINN,72.0000012710147,77.935684
2025-03-06 14:00:00,aqi,PINN,82.99999967674998,83.05697
2024-08-07 20:00:00,aqi,PINN,95.99999987715682,96.79862
2025-06-02 04:00:00,aqi,PINN,104.99999998145002,107.74608
2023-06-08 02:00:00,aqi,PINN,109.9999999000596,107.38594
2024-03-06 04:00:00,aqi,PINN,87.99999986406951,82.39434
2023-09-11 14:00:00,aqi,PINN,243.00000423785542,233.28186
2023-04-10 05:00:00,aqi,PINN,75.99999912787867,78.32711
2025-10-08 14:00:00,aqi,PINN,50.99999819128097,54.017105
2024-02-08 07:00:00,aqi,PINN,35.99999762932235,38.33628
2023-04-08 22:00:00,aqi,PINN,87.00000039985352,91.780716
2024-01-08 06:00:00,aqi,PINN,67.00000108369517,64.60835
2025-07-07 05:00:00,aqi,PINN,48.999999262848995,49.65773
2025-02-05 14:00:00,aqi,PINN,81.9999987794142,81.18667
2022-06-04 22:00:00,aqi,PINN,114.99999972909919,121.16625
2021-03-12 14:00:00,aqi,PINN,99.99999988370047,97.243095
2023-04-07 09:00:00,aqi,PINN,69.00000001212715,65.92179
2024-02-02 18:00:00,aqi,PINN,108.00000007592774,106.67656
2021-04-12 11:00:00,aqi,PINN,101.00000006447635,99.86513
2025-04-03 15:00:00,aqi,PINN,119.99999991641873,117.73585
2023-08-02 22:00:00,aqi,PINN,149.99999960721618,148.33504
2025-10-06 17:00:00,aqi,PINN,81.9999987794142,86.872116
2021-05-09 05:00:00,aqi,PINN,43.00000247755305,43.564274
2021-10-12 16:00:00,aqi,PINN,109.9999999000596,112.26889
2021-01-10 20:00:00,aqi,PINN,70.99999894055912,71.92345
2021-12-07 20:00:00,aqi,PINN,40.999997816641894,48.563213
2024-06-11 00:00:00,aqi,PINN,124.00000063952228,100.83668
2021-02-07 20:00:00,aqi,PINN,69.00000001212715,66.69028
2023-08-02 08:00:00,aqi,PINN,152.00000140188774,144.73877
2021-12-07 09:00:00,aqi,PINN,55.00000178062411,55.977764
2024-05-03 20:00:00,aqi,PINN,109.00000007756366,104.22604
2022-07-05 11:00:00,aqi,PINN,234.00000046119274,226.65517
2025-02-02 08:00:00,aqi,PINN,125.00000010373827,127.17603
2024-01-11 10:00:00,aqi,PINN,138.9999997683611,133.938
2023-10-08 09:00:00,aqi,PINN,90.99999968983728,89.14293
2024-09-09 14:00:00,aqi,PINN,85.00000003830175,85.92622
2024-08-10 08:00:00,aqi,PINN,111.99999990333143,113.33023
2022-07-06 23:00:00,aqi,PINN,93.00000005138905,79.96302
2022-01-05 14:00:00,aqi,PINN,98.99999970292458,102.77791
2025-10-03 19:00:00,aqi,PINN,158.00000105342326,158.41844
2024-07-07 03:00:00,aqi,PINN,97.00000005793271,96.28105
2022-12-05 01:00:00,aqi,PINN,97.00000005793271,127.72987
2025-03-01 10:00:00,aqi,PINN,138.00000030414512,136.62645
2025-12-07 21:00:00,aqi,PINN,52.00000052173655,53.16373
2022-08-04 12:00:00,aqi,PINN,114.0000002648832,111.43412
2023-04-09 02:00:00,aqi,PINN,95.99999987715682,93.46812
2021-07-08 08:00:00,aqi,PINN,79.99999985098222,78.61507
2021-03-13 02:00:00,aqi,PINN,97.00000005793271,120.137764
2023-07-08 14:00:00,aqi,PINN,90.00000022562129,92.747955
2025-05-03 23:00:00,aqi,PINN,117.00000009065096,109.76408
2023-09-12 08:00:00,aqi,PINN,87.00000039985352,87.819824
2023-07-05 14:00:00,aqi,PINN,108.00000007592774,105.9684
2025-12-02 06:00:00,aqi,PINN,99.99999988370047,100.722
2024-01-01 10:00:00,aqi,PINN,173.00000161538188,175.06622
2024-11-13 02:00:00,aqi,PINN,97.00000005793271,129.68365
2025-01-05 17:00:00,aqi,PINN,85.00000003830175,85.743286
2021-04-12 00:00:00,aqi,PINN,101.99999988697229,154.64272
2023-05-10 07:00:00,aqi,PINN,114.0000002648832,114.455055
2023-06-12 22:00:00,aqi,PINN,65.9999987532396,70.337166
2025-08-06 08:00:00,aqi,PINN,95.99999987715682,97.53485
2025-03-02 01:00:00,aqi,PINN,166.99999909760675,156.7595
2024-06-03 15:00:00,aqi,PINN,120.99999938063472,120.06395
2023-12-10 08:00:00,aqi,PINN,111.99999990333143,113.920944
2025-09-08 03:00:00,aqi,PINN,68.00000054791116,67.85251
2022-09-04 23:00:00,aqi,PINN,119.99999991641873,121.06877
2023-04-12 00:00:00,aqi,PINN,59.999999101704056,170.78725
2022-02-06 01:00:00,aqi,PINN,101.00000006447635,101.271835
2021-12-08 14:00:00,aqi,PINN,58.99999963748807,59.298462
2025-03-08 03:00:00,aqi,PINN,61.000001432159635,57.60667
2024-06-07 20:00:00,aqi,PINN,81.9999987794142,79.70847
2024-10-01 22:00:00,aqi,PINN,136.00000137571314,132.64905
2024-10-10 08:00:00,aqi,PINN,114.99999972909919,114.332825
2025-03-05 02:00:00,aqi,PINN,81.9999987794142,71.82519
2023-11-02 12:00:00,aqi,PINN,101.99999988697229,106.02209
2024-12-12 08:00:00,aqi,PINN,118.00000027142686,116.74661
2023-06-03 07:00:00,aqi,PINN,134.99999904525754,130.41489
2021-06-08 19:00:00,aqi,PINN,79.99999985098222,79.1975
2024-06-12 10:00:00,aqi,PINN,111.99999990333143,111.15606
2024-06-03 04:00:00,aqi,PINN,114.99999972909919,118.19184
2024-10-02 20:00:00,aqi,PINN,98.99999970292458,97.205315
2024-07-07 21:00:00,aqi,PINN,95.99999987715682,94.48406
2025-11-05 07:00:00,aqi,PINN,88.9999993282855,91.02371
2022-01-02 19:00:00,aqi,PINN,163.0000012407428,160.74187
2021-01-08 02:00:00,aqi,PINN,53.00000285219213,54.99746
2025-10-07 19:00:00,aqi,PINN,84.00000057408576,84.953835
2023-03-11 13:00:00,aqi,PINN,231.99999580028157,220.35193
2025-10-05 02:00:00,aqi,PINN,80.99999931519821,81.843605
2024-01-07 10:00:00,aqi,PINN,43.99999907552945,47.688824
2023-09-10 15:00:00,aqi,PINN,94.99999969638094,97.31092
2023-04-01 10:00:00,aqi,PINN,97.00000005793271,121.365974
2021-10-12 19:00:00,aqi,PINN,111.00000008083549,111.21614
2025-05-02 12:00:00,aqi,PINN,90.00000022562129,94.941765
2022-12-06 12:00:00,aqi,PINN,62.00000089637563,63.97946
2023-04-11 05:00:00,aqi,PINN,244.00000083583183,231.74338
2022-12-06 16:00:00,aqi,PINN,69.00000001212715,67.559555
2025-07-07 13:00:00,aqi,PINN,47.00000033441701,52.96022
2023-02-10 15:00:00,aqi,PINN,47.00000033441701,51.159626
2022-03-05 00:00:00,aqi,PINN,97.00000005793271,161.81894
2022-07-04 16:00:00,aqi,PINN,180.99999732910982,168.11948
2025-03-02 08:00:00,aqi,PINN,183.99999858799737,183.58449
2025-09-03 06:00:00,aqi,PINN,139.9999992325771,138.59032
2024-02-12 19:00:00,aqi,PINN,120.99999938063472,121.80273
2021-08-12 23:00:00,aqi,PINN,108.00000007592774,118.05791
2024-11-04 05:00:00,aqi,PINN,113.00000008410731,112.32387
2024-02-09 06:00:00,aqi,PINN,97.00000005793271,65.97643
2024-10-10 14:00:00,aqi,PINN,114.0000002648832,117.10342
2024-04-10 05:00:00,aqi,PINN,81.9999987794142,81.53527
2021-01-10 23:00:00,aqi,PINN,74.00000019944669,80.01269
2024-04-02 02:00:00,aqi,PINN,173.99999821335828,174.7509
2025-10-08 23:00:00,aqi,PINN,55.00000178062411,58.59629
2025-12-08 22:00:00,aqi,PINN,45.00000140598503,48.990807
2025-04-09 01:00:00,aqi,PINN,97.00000005793271,82.97963
2023-07-12 10:00:00,aqi,PINN,75.99999912787867,77.16483
2023-06-11 12:00:00,aqi,PINN,193.99999896263643,187.03464
2022-10-02 17:00:00,aqi,PINN,99.99999988370047,102.90937
2023-04-12 04:00:00,aqi,PINN,55.00000178062411,58.814926
2024-05-07 10:00:00,aqi,PINN,69.00000001212715,68.48343
2024-11-02 03:00:00,aqi,PINN,92.00000058717306,90.30802
2021-08-08 00:00:00,aqi,PINN,81.9999987794142,81.78758
2024-01-11 11:00:00,aqi,PINN,138.9999997683611,133.59387
2023-02-11 13:00:00,aqi,PINN,183.99999858799737,182.09036
2023-10-02 21:00:00,aqi,PINN,173.00000161538188,178.16643
2023-09-12 21:00:00,aqi,PINN,85.99999950251774,88.22847
2024-09-08 18:00:00,aqi,PINN,67.00000108369517,69.61049
2024-02-01 20:00:00,aqi,PINN,159.99999998185524,172.07996
2021-05-07 15:00:00,aqi,PINN,81.9999987794142,82.83898
2022-08-05 02:00:00,aqi,PINN,240.99999957694428,253.46259
2024-10-07 07:00:00,aqi,PINN,82.99999967674998,82.32222
2024-10-03 16:00:00,aqi,PINN,118.00000027142686,118.03343
2021-06-12 00:00:00,aqi,PINN,173.99999821335828,132.22859
2024-04-11 15:00:00,aqi,PINN,114.99999972909919,111.976
2024-02-03 00:00:00,aqi,PINN,97.00000005793271,131.22491
2025-10-07 21:00:00,aqi,PINN,81.9999987794142,84.161995
2021-01-07 07:00:00,aqi,PINN,58.99999963748807,57.78604
2025-01-06 04:00:00,aqi,PINN,98.99999970292458,96.59159
2024-11-08 02:00:00,aqi,PINN,48.00000266487259,52.94839
2025-03-04 14:00:00,aqi,PINN,173.99999821335828,160.75296
2025-10-05 16:00:00,aqi,PINN,93.99999951560504,92.46346
2024-02-03 19:00:00,aqi,PINN,108.00000007592774,112.67188
2024-04-07 03:00:00,aqi,PINN,72.0000012710147,69.72875
2023-11-08 16:00:00,aqi,PINN,90.00000022562129,93.48335
2023-09-05 17:00:00,aqi,PINN,97.00000005793271,98.85642
2023-07-02 22:00:00,aqi,PINN,118.00000027142686,121.94643
2023-01-11 07:00:00,aqi,PINN,180.99999732910982,177.36504
2024-11-11 01:00:00,aqi,PINN,118.00000027142686,122.37222
2025-02-08 11:00:00,aqi,PINN,63.00000036059162,61.43033
2024-12-05 21:00:00,aqi,PINN,98.0000002387086,94.89465
2024-02-12 06:00:00,aqi,PINN,117.00000009065096,118.88001
2021-09-08 11:00:00,aqi,PINN,82.99999967674998,84.25077
2022-02-06 02:00:00,aqi,PINN,101.00000006447635,101.49284
2021-07-12 23:00:00,aqi,PINN,119.00000045220274,126.70679
2022-01-04 13:00:00,aqi,PINN,254.00000121047088,251.36588
2025-07-03 16:00:00,aqi,PINN,156.00000212499128,149.9761
2023-04-08 03:00:00,aqi,PINN,85.00000003830175,82.58213
2025-05-02 05:00:00,aqi,PINN,90.99999968983728,92.19293
2025-12-04 13:00:00,aqi,PINN,82.99999967674998,78.14064
2024-03-03 04:00:00,aqi,PINN,98.0000002387086,96.36132
2022-09-04 14:00:00,aqi,PINN,134.99999904525754,133.32741
2024-07-07 00:00:00,aqi,PINN,94.99999969638094,87.241486
2024-12-05 00:00:00,aqi,PINN,84.00000057408576,100.476814
2022-05-06 08:00:00,aqi,PINN,97.00000005793271,79.816055
2024-05-10 09:00:00,aqi,PINN,85.00000003830175,82.66288
2023-07-03 09:00:00,aqi,PINN,120.99999938063472,116.69389
2024-04-12 08:00:00,aqi,PINN,115.99999990987507,116.61257
2021-01-09 04:00:00,aqi,PINN,36.99999995977794,41.793785
2024-03-01 20:00:00,aqi,PINN,149.0000001430002,153.32867
2024-01-04 04:00:00,aqi,PINN,94.99999969638094,100.17669
2025-06-05 00:00:00,aqi,PINN,95.99999987715682,78.536705
2023-07-11 19:00:00,aqi,PINN,188.9999987753169,172.70506
2023-09-12 06:00:00,aqi,PINN,85.00000003830175,84.09715
2021-02-12 08:00:00,aqi,PINN,99.99999988370047,99.572495
2024-10-02 02:00:00,aqi,PINN,104.0000000693841,108.91055
2022-07-02 10:00:00,aqi,PINN,207.99999719413947,209.54082
2023-05-12 15:00:00,aqi,PINN,50.000001593304574,55.92455
2023-11-11 08:00:00,aqi,PINN,207.99999719413947,206.89253
2024-12-01 08:00:00,aqi,PINN,120.99999938063472,122.3088
2025-10-02 20:00:00,aqi,PINN,114.0000002648832,106.52647
2023-07-10 07:00:00,aqi,PINN,109.00000007756366,108.606064
2024-02-06 16:00:00,aqi,PINN,95.99999987715682,95.95001
2023-11-09 13:00:00,aqi,PINN,95.99999987715682,94.42879
2021-11-08 01:00:00,aqi,PINN,70.99999894055912,70.55077
2025-06-09 02:00:00,aqi,PINN,97.00000005793271,96.596306
2025-12-04 05:00:00,aqi,PINN,85.99999950251774,91.7156
2022-07-04 10:00:00,aqi,PINN,161.99999891028722,155.7495
2023-06-03 20:00:00,aqi,PINN,168.00000142806235,172.70023
2025-10-02 03:00:00,aqi,PINN,95.99999987715682,100.9072
2025-08-04 06:00:00,aqi,PINN,104.0000000693841,102.49259
2025-04-07 05:00:00,aqi,PINN,53.00000285219213,51.520542
2022-04-07 05:00:00,aqi,PINN,48.00000266487259,50.633522
2024-01-03 10:00:00,aqi,PINN,204.99999593525192,193.4837
2024-08-03 07:00:00,aqi,PINN,143.00000049146465,136.46478
2023-01-10 01:00:00,aqi,PINN,69.00000001212715,79.99998
2021-03-08 12:00:00,aqi,PINN,53.00000285219213,55.71986
2024-01-12 09:00:00,aqi,PINN,130.0000002910578,130.2271
2022-02-02 16:00:00,aqi,PINN,173.99999821335828,171.7136
2024-08-03 00:00:00,aqi,PINN,143.99999995568064,112.9295
2023-01-05 20:00:00,aqi,PINN,59.999999101704056,61.780025
2021-01-08 16:00:00,aqi,PINN,55.00000178062411,57.24199
2022-07-07 10:00:00,aqi,PINN,48.00000266487259,49.597427
2022-07-01 15:00:00,aqi,PINN,81.9999987794142,80.99713
2024-11-11 14:00:00,aqi,PINN,111.00000008083549,111.51203
2021-09-07 18:00:00,aqi,PINN,79.00000038676623,80.400604
2025-02-05 23:00:00,aqi,PINN,79.99999985098222,74.81489
2023-10-01 10:00:00,aqi,PINN,97.00000005793271,134.28247
2021-10-09 17:00:00,aqi,PINN,33.00000210291398,37.44574
2021-09-12 14:00:00,aqi,PINN,106.99999998472185,109.83627
2023-06-04 08:00:00,aqi,PINN,104.0000000693841,105.32793
2025-10-05 13:00:00,aqi,PINN,93.99999951560504,92.10264
2022-01-03 13:00:00,aqi,PINN,137.00000083992913,136.41647
2023-06-09 09:00:00,aqi,PINN,85.99999950251774,86.03097
2021-12-07 11:00:00,aqi,PINN,53.00000285219213,56.981445
2025-04-01 18:00:00,aqi,PINN,195.000001293092,197.10039
2025-10-07 17:00:00,aqi,PINN,85.00000003830175,85.432495
2025-05-04 21:00:00,aqi,PINN,152.00000140188774,124.808044
2021-11-12 20:00:00,aqi,PINN,109.9999999000596,111.23185
2025-02-03 05:00:00,aqi,PINN,94.99999969638094,100.61233
2024-12-08 21:00:00,aqi,PINN,47.00000033441701,50.219303
2023-08-01 22:00:00,aqi,PINN,97.00000005793271,161.32237
2023-03-06 10:00:00,aqi,PINN,97.00000005793271,112.18199
2021-03-08 15:00:00,aqi,PINN,53.00000285219213,56.101597
2022-01-07 06:00:00,aqi,PINN,45.99999800396143,47.88407
2024-01-02 22:00:00,aqi,PINN,104.0000000693841,109.06337
2024-08-01 21:00:00,aqi,PINN,106.99999998472185,107.85181
2025-07-03 15:00:00,aqi,PINN,156.00000212499128,147.87791
2021-07-08 03:00:00,aqi,PINN,76.99999859209466,77.64887
2024-03-05 02:00:00,aqi,PINN,220.0000022296897,225.637
2023-11-12 20:00:00,aqi,PINN,92.00000058717306,90.06305
2025-05-03 15:00:00,aqi,PINN,133.99999958104155,138.64073
2024-11-03 05:00:00,aqi,PINN,149.99999960721618,147.1206
2023-12-02 00:00:00,aqi,PINN,98.0000002387086,137.39082
2022-02-05 12:00:00,aqi,PINN,93.99999951560504,95.54193
2023-07-02 12:00:00,aqi,PINN,113.00000008410731,113.775635
2022-06-04 08:00:00,aqi,PINN,118.00000027142686,121.66547
2024-09-10 03:00:00,aqi,PINN,120.99999938063472,128.22525
2025-04-07 15:00:00,aqi,PINN,43.99999907552945,49.38731
2024-12-08 03:00:00,aqi,PINN,43.99999907552945,50.007156
2025-08-02 01:00:00,aqi,PINN,80.99999931519821,90.12821
2022-06-05 13:00:00,aqi,PINN,185.99999751642935,177.00786
2024-05-05 08:00:00,aqi,PINN,87.99999986406951,88.59113
2025-10-01 18:00:00,aqi,PINN,122.0000002779705,120.18009
2023-02-07 12:00:00,aqi,PINN,69.99999947634313,72.23045
2024-02-06 02:00:00,aqi,PINN,93.99999951560504,85.258896
2024-09-02 05:00:00,aqi,PINN,113.00000008410731,115.48392
2023-10-04 21:00:00,aqi,PINN,173.99999821335828,167.97017
2023-07-12 17:00:00,aqi,PINN,78.00000092255024,79.94968
2025-12-07 12:00:00,aqi,PINN,57.99999730703249,60.10007
2022-08-03 15:00:00,aqi,PINN,170.00000035649433,171.36034
2024-12-12 14:00:00,aqi,PINN,117.00000009065096,116.70518
2024-06-04 08:00:00,aqi,PINN,75.99999912787867,79.06569
2024-01-02 05:00:00,aqi,PINN,153.00000086610373,151.74323
2023-08-09 00:00:00,aqi,PINN,101.99999988697229,88.86688
2023-03-03 13:00:00,aqi,PINN,244.99999743380823,241.10089
2021-07-09 11:00:00,aqi,PINN,55.99999837860051,62.591476
2025-11-02 17:00:00,aqi,PINN,111.00000008083549,108.11121
2024-11-10 05:00:00,aqi,PINN,113.00000008410731,110.33477
2024-06-03 03:00:00,aqi,PINN,114.99999972909919,116.530014
2024-09-01 08:00:00,aqi,PINN,119.99999991641873,119.78673
2025-07-06 22:00:00,aqi,PINN,98.99999970292458,94.79519
2023-11-05 06:00:00,aqi,PINN,97.00000005793271,97.11551
2023-05-07 14:00:00,aqi,PINN,69.00000001212715,69.4775
2022-02-06 03:00:00,aqi,PINN,99.99999988370047,99.12466
2025-04-02 01:00:00,aqi,PINN,132.00000065260957,117.0728
2022-08-06 00:00:00,aqi,PINN,93.00000005138905,117.06318
2021-07-09 15:00:00,aqi,PINN,55.00000178062411,60.43683
2025-08-04 18:00:00,aqi,PINN,113.00000008410731,111.269165
2025-01-03 01:00:00,aqi,PINN,138.00000030414512,144.08908
2023-02-12 01:00:00,aqi,PINN,68.00000054791116,67.83689
2023-02-03 12:00:00,aqi,PINN,185.99999751642935,185.12878
2022-02-01 23:00:00,aqi,PINN,104.0000000693841,117.89251
2025-08-06 05:00:00,aqi,PINN,97.00000005793271,96.291824
2024-09-09 03:00:00,aqi,PINN,79.00000038676623,86.75327
2025-11-08 11:00:00,aqi,PINN,50.99999819128097,53.236107
2024-11-07 05:00:00,aqi,PINN,65.9999987532396,65.81999
2021-08-12 07:00:00,aqi,PINN,111.99999990333143,107.97608
2023-07-05 01:00:00,aqi,PINN,73.00000073523069,86.4347
2024-11-11 07:00:00,aqi,PINN,114.0000002648832,112.41139
2022-05-03 17:00:00,aqi,PINN,195.9999978910684,193.75089
2021-06-13 02:00:00,aqi,PINN,97.00000005793271,121.62627
2023-02-06 05:00:00,aqi,PINN,97.00000005793271,105.308655
2022-04-01 19:00:00,aqi,PINN,142.00000102724866,150.01674
2022-07-04 01:00:00,aqi,PINN,120.99999938063472,111.51385
2025-09-07 05:00:00,aqi,PINN,67.00000108369517,70.51333
2021-12-12 13:00:00,aqi,PINN,109.00000007756366,109.03883
2023-06-02 23:00:00,aqi,PINN,156.00000212499128,156.15654
2023-12-12 05:00:00,aqi,PINN,85.99999950251774,91.07282
2024-02-12 13:00:00,aqi,PINN,119.99999991641873,122.64249
2021-07-07 10:00:00,aqi,PINN,90.99999968983728,88.029785
2025-07-07 17:00:00,aqi,PINN,45.99999800396143,53.196136
2024-05-06 23:00:00,aqi,PINN,101.99999988697229,92.603775
2023-09-05 11:00:00,aqi,PINN,90.99999968983728,95.48699
2022-03-07 21:00:00,aqi,PINN,48.00000266487259,49.02537
2023-07-10 11:00:00,aqi,PINN,109.9999999000596,108.703186
2024-12-07 08:00:00,aqi,PINN,55.99999837860051,58.486523
2024-09-04 10:00:00,aqi,PINN,145.9999988841126,143.61488
2023-08-05 01:00:00,aqi,PINN,103.00000006774819,98.176315
2021-04-12 10:00:00,aqi,PINN,101.00000006447635,98.34711
2023-02-09 22:00:00,aqi,PINN,101.00000006447635,96.196304
2024-04-04 07:00:00,aqi,PINN,73.00000073523069,76.36181
2022-05-07 00:00:00,aqi,PINN,53.99999945016853,86.54832
2022-05-05 14:00:00,aqi,PINN,97.00000005793271,110.40183
2024-08-01 09:00:00,aqi,PINN,104.99999998145002,105.38977
2024-09-12 01:00:00,aqi,PINN,111.00000008083549,113.91244
2024-01-03 06:00:00,aqi,PINN,195.9999978910684,183.3048
2023-11-07 10:00:00,aqi,PINN,127.99999992950603,127.0493
2023-01-11 17:00:00,aqi,PINN,207.0000005961631,200.98886
2022-03-03 10:00:00,aqi,PINN,159.99999998185524,156.3411
2023-02-09 08:00:00,aqi,PINN,101.00000006447635,99.39863
2025-01-05 18:00:00,aqi,PINN,84.00000057408576,86.00154
2025-04-04 17:00:00,aqi,PINN,111.00000008083549,109.96022
2025-01-05 10:00:00,aqi,PINN,85.99999950251774,83.887924
2024-03-02 05:00:00,aqi,PINN,168.00000142806235,163.59946
2023-02-12 19:00:00,aqi,PINN,62.00000089637563,64.5279
2023-06-01 16:00:00,aqi,PINN,97.00000005793271,115.72565
2023-07-11 04:00:00,aqi,PINN,192.00000003420445,190.1587
2022-06-06 22:00:00,aqi,PINN,95.99999987715682,91.04505
2022-02-05 05:00:00,aqi,PINN,88.9999993282855,91.24162
2024-09-03 09:00:00,aqi,PINN,93.99999951560504,93.69346
2024-06-06 22:00:00,aqi,PINN,94.99999969638094,89.99668
2022-01-07 02:00:00,aqi,PINN,48.00000266487259,51.92313
2022-12-06 22:00:00,aqi,PINN,74.00000019944669,69.912636
2023-02-05 16:00:00,aqi,PINN,63.99999982480761,64.57149
2023-05-10 15:00:00,aqi,PINN,106.99999998472185,108.45996
2024-04-03 14:00:00,aqi,PINN,85.99999950251774,83.88153
2023-01-11 05:00:00,aqi,PINN,173.00000161538188,169.45895
2022-06-02 04:00:00,aqi,PINN,333.9999927426252,336.0047
2021-01-13 00:00:00,aqi,PINN,97.00000005793271,108.65477
2025-01-08 16:00:00,aqi,PINN,68.00000054791116,67.80484
2024-11-10 12:00:00,aqi,PINN,104.99999998145002,104.6471
2022-05-02 21:00:00,aqi,PINN,329.00000975274315,328.27533
2022-08-06 12:00:00,aqi,PINN,90.99999968983728,90.556114
2022-06-03 23:00:00,aqi,PINN,224.00000008655365,216.22316
2023-08-10 10:00:00,aqi,PINN,118.00000027142686,116.21357
2023-06-10 23:00:00,aqi,PINN,105.99999998308593,110.56707
2021-12-07 14:00:00,aqi,PINN,48.999999262848995,55.258957
2023-01-04 01:00:00,aqi,PINN,78.00000092255024,77.563896
2024-09-10 14:00:00,aqi,PINN,115.99999990987507,114.1065
2021-04-08 03:00:00,aqi,PINN,59.999999101704056,57.14008
2023-04-04 03:00:00,aqi,PINN,84.00000057408576,85.63448
2024-07-04 21:00:00,aqi,PINN,68.00000054791116,67.75416
2023-07-11 07:00:00,aqi,PINN,186.99999984688492,180.41194
2024-05-06 09:00:00,aqi,PINN,109.00000007756366,106.162285
2025-06-06 03:00:00,aqi,PINN,111.00000008083549,110.62484
2024-11-05 11:00:00,aqi,PINN,82.99999967674998,83.98751
2022-09-02 21:00:00,aqi,PINN,114.0000002648832,118.224304
2021-01-08 18:00:00,aqi,PINN,53.00000285219213,56.322548
2025-05-02 03:00:00,aqi,PINN,93.00000005138905,93.47359
2023-11-04 06:00:00,aqi,PINN,153.00000086610373,157.50696
2021-11-07 23:00:00,aqi,PINN,68.00000054791116,65.51455
2024-04-01 12:00:00,aqi,PINN,130.0000002910578,134.52907
2022-07-06 15:00:00,aqi,PINN,84.00000057408576,87.552414
2022-10-04 19:00:00,aqi,PINN,103.00000006774819,100.42608
2023-06-02 10:00:00,aqi,PINN,158.99999765139967,152.53935
2025-09-05 07:00:00,aqi,PINN,81.9999987794142,80.869545
2021-11-08 09:00:00,aqi,PINN,68.00000054791116,66.640755
2021-07-09 19:00:00,aqi,PINN,52.00000052173655,54.515762
2024-06-06 15:00:00,aqi,PINN,95.99999987715682,95.16004
2022-07-04 09:00:00,aqi,PINN,158.00000105342326,158.90816
2021-09-10 00:00:00,aqi,PINN,97.00000005793271,50.125847
2023-01-11 21:00:00,aqi,PINN,206.00000399818668,209.16724
2025-07-06 19:00:00,aqi,PINN,101.99999988697229,103.11283
2025-06-07 19:00:00,aqi,PINN,48.00000266487259,47.892475
2024-12-02 23:00:00,aqi,PINN,104.99999998145002,115.42802
2023-03-01 17:00:00,aqi,PINN,97.00000005793271,115.16037
2024-09-01 19:00:00,aqi,PINN,139.9999992325771,137.5707
2023-06-10 18:00:00,aqi,PINN,101.99999988697229,102.31077
2024-07-09 05:00:00,aqi,PINN,68.00000054791116,70.57531
2022-06-05 19:00:00,aqi,PINN,193.99999896263643,201.10234
2022-03-02 04:00:00,aqi,PINN,171.9999992849263,170.03033
2021-11-08 06:00:00,aqi,PINN,69.00000001212715,67.80296
2024-05-13 02:00:00,aqi,PINN,97.00000005793271,128.038
2024-06-10 04:00:00,aqi,PINN,74.00000019944669,76.91614
2023-09-11 23:00:00,aqi,PINN,234.99999705916912,206.95016
2021-03-12 10:00:00,aqi,PINN,98.99999970292458,95.61611
2022-12-05 08:00:00,aqi,PINN,153.00000086610373,146.91461
2022-01-05 23:00:00,aqi,PINN,88.9999993282855,85.64083
2023-11-09 00:00:00,aqi,PINN,98.99999970292458,99.34755
2025-11-03 22:00:00,aqi,PINN,97.00000005793271,148.80006
2025-08-05 07:00:00,aqi,PINN,99.99999988370047,100.445045
2024-05-04 12:00:00,aqi,PINN,78.00000092255024,80.910805
2022-12-04 23:00:00,aqi,PINN,131.00000118839358,122.632706
2022-08-06 15:00:00,aqi,PINN,88.9999993282855,91.400116
2023-01-05 05:00:00,aqi,PINN,58.99999963748807,61.597687
2023-02-05 17:00:00,aqi,PINN,97.00000005793271,65.34864
2025-12-01 13:00:00,aqi,PINN,338.0000020644475,333.14188
2023-03-12 18:00:00,aqi,PINN,61.000001432159635,63.889103
2022-04-04 01:00:00,aqi,PINN,171.0000026869499,175.28773
2024-01-11 01:00:00,aqi,PINN,145.9999988841126,127.183945
2025-10-05 21:00:00,aqi,PINN,93.99999951560504,90.304726
2024-09-11 16:00:00,aqi,PINN,133.00000011682556,134.1828
2024-06-11 23:00:00,aqi,PINN,127.00000046529004,127.822205
2024-11-10 01:00:00,aqi,PINN,115.99999990987507,113.10774
2024-10-02 13:00:00,aqi,PINN,99.99999988370047,97.068115
2024-05-10 05:00:00,aqi,PINN,85.99999950251774,83.11766
2021-06-11 16:00:00,aqi,PINN,119.99999991641873,116.45682
2023-12-04 07:00:00,aqi,PINN,95.99999987715682,94.85286
2025-11-05 15:00:00,aqi,PINN,79.99999985098222,82.15414
2022-07-03 05:00:00,aqi,PINN,219.0000056317133,217.23306
2021-01-12 23:00:00,aqi,PINN,101.99999988697229,109.84789
2023-03-10 15:00:00,aqi,PINN,36.99999995977794,50.037426
2022-05-06 23:00:00,aqi,PINN,92.00000058717306,88.05043
2021-10-09 16:00:00,aqi,PINN,33.00000210291398,38.49193
2024-10-03 14:00:00,aqi,PINN,114.0000002648832,114.66966
2022-03-03 09:00:00,aqi,PINN,158.00000105342326,152.32692
2022-10-03 02:00:00,aqi,PINN,193.00000236466002,194.17735
2025-03-08 11:00:00,aqi,PINN,53.99999945016853,53.78236
2022-06-01 13:00:00,aqi,PINN,130.0000002910578,131.65733
2023-09-09 22:00:00,aqi,PINN,103.00000006774819,105.93905
2023-07-12 23:00:00,aqi,PINN,81.9999987794142,86.10483
2023-07-04 00:00:00,aqi,PINN,99.99999988370047,87.49451
2024-05-02 10:00:00,aqi,PINN,118.00000027142686,127.811516
2023-11-01 13:00:00,aqi,PINN,97.00000005793271,115.09673
2022-11-04 17:00:00,aqi,PINN,109.9999999000596,110.25512
2022-07-04 19:00:00,aqi,PINN,178.00000180270143,179.70085
2023-07-03 10:00:00,aqi,PINN,119.00000045220274,112.06852
2025-08-06 01:00:00,aqi,PINN,98.0000002387086,102.13212
2021-08-09 18:00:00,aqi,PINN,47.00000033441701,45.419518
2023-07-02 20:00:00,aqi,PINN,111.99999990333143,110.952126
2022-04-06 20:00:00,aqi,PINN,93.99999951560504,93.35524
2025-02-03 11:00:00,aqi,PINN,98.0000002387086,97.98179
2023-05-13 02:00:00,aqi,PINN,97.00000005793271,102.10208
2021-11-09 10:00:00,aqi,PINN,35.00000103134596,38.830803
2024-10-06 13:00:00,aqi,PINN,79.00000038676623,80.25292
2025-09-06 00:00:00,aqi,PINN,93.00000005138905,84.11868
2025-01-07 10:00:00,aqi,PINN,45.99999800396143,46.65206
2025-12-06 14:00:00,aqi,PINN,76.99999859209466,78.52299
2023-06-01 22:00:00,aqi,PINN,97.00000005793271,125.66022
2025-05-07 18:00:00,aqi,PINN,40.00000121866549,46.937115
2023-01-05 07:00:00,aqi,PINN,59.999999101704056,61.138977
2021-08-07 08:00:00,aqi,PINN,80.99999931519821,81.02483
2023-03-11 11:00:00,aqi,PINN,221.9999954256425,217.16309
2024-02-11 12:00:00,aqi,PINN,204.99999593525192,199.56496
2022-10-06 21:00:00,aqi,PINN,76.99999859209466,76.86242
2021-02-10 02:00:00,aqi,PINN,76.99999859209466,79.93116
2022-06-04 04:00:00,aqi,PINN,132.00000065260957,129.83067
2023-03-03 21:00:00,aqi,PINN,254.00000121047088,253.36183
2025-09-08 15:00:00,aqi,PINN,64.9999992890236,67.64479
2025-10-02 15:00:00,aqi,PINN,106.99999998472185,108.93452
2024-05-13 01:00:00,aqi,PINN,97.00000005793271,125.169106
2023-03-04 21:00:00,aqi,PINN,80.99999931519821,85.33341
2022-02-06 04:00:00,aqi,PINN,101.00000006447635,98.2158
2024-01-07 08:00:00,aqi,PINN,45.99999800396143,49.1374
2021-02-08 04:00:00,aqi,PINN,45.99999800396143,50.332016
2025-01-06 23:00:00,aqi,PINN,92.00000058717306,86.338875
2024-02-07 07:00:00,aqi,PINN,38.999998888209916,39.579216
2022-03-01 21:00:00,aqi,PINN,119.00000045220274,129.60118
2022-06-06 21:00:00,aqi,PINN,94.99999969638094,92.734314
2021-06-07 13:00:00,aqi,PINN,87.00000039985352,86.40682
2021-01-07 17:00:00,aqi,PINN,63.00000036059162,62.9437
2022-09-02 19:00:00,aqi,PINN,122.99999974218649,122.161865
2023-08-05 15:00:00,aqi,PINN,85.00000003830175,86.43557
2021-10-12 03:00:00,aqi,PINN,104.0000000693841,106.95606
2024-10-02 06:00:00,aqi,PINN,103.00000006774819,99.85211
2024-12-06 18:00:00,aqi,PINN,92.00000058717306,92.48019
2024-08-09 21:00:00,aqi,PINN,72.0000012710147,74.06292
2024-01-08 12:00:00,aqi,PINN,57.00000070905609,58.060368
2022-09-03 20:00:00,aqi,PINN,173.99999821335828,165.22299
2024-10-11 15:00:00,aqi,PINN,122.0000002779705,121.57498
2024-05-03 00:00:00,aqi,PINN,106.99999998472185,90.3973
2024-05-05 07:00:00,aqi,PINN,88.9999993282855,89.68353
2023-08-12 12:00:00,aqi,PINN,90.99999968983728,92.245476
2021-04-11 10:00:00,aqi,PINN,193.99999896263643,193.30167
2022-02-05 03:00:00,aqi,PINN,88.9999993282855,85.69773
2023-04-11 20:00:00,aqi,PINN,226.00000474746483,240.15945
2025-03-04 00:00:00,aqi,PINN,185.00000091845294,111.23814
2024-09-08 19:00:00,aqi,PINN,65.9999987532396,67.334015
2025-08-09 01:00:00,aqi,PINN,97.00000005793271,95.44401
2025-06-09 01:00:00,aqi,PINN,97.00000005793271,83.49166
2024-12-05 09:00:00,aqi,PINN,93.00000005138905,90.360016
2024-11-10 19:00:00,aqi,PINN,95.99999987715682,98.911964
2023-02-07 15:00:00,aqi,PINN,70.99999894055912,72.53858
2024-09-11 00:00:00,aqi,PINN,190.00000110577247,121.23302
2021-06-11 11:00:00,aqi,PINN,114.0000002648832,113.02856
2024-01-08 20:00:00,aqi,PINN,40.00000121866549,45.05412
2022-04-04 13:00:00,aqi,PINN,149.99999960721618,149.17029
2025-12-08 23:00:00,aqi,PINN,45.00000140598503,49.30681
2021-01-12 09:00:00,aqi,PINN,101.00000006447635,97.85093
2022-07-05 09:00:00,aqi,PINN,227.0000013454412,220.8604
2024-06-02 07:00:00,aqi,PINN,80.99999931519821,82.52844
2024-02-04 13:00:00,aqi,PINN,142.00000102724866,141.62263
2025-03-05 05:00:00,aqi,PINN,84.00000057408576,84.904686
2025-03-02 19:00:00,aqi,PINN,158.99999765139967,156.135
2021-07-12 02:00:00,aqi,PINN,143.99999995568064,148.22609
2022-06-07 18:00:00,aqi,PINN,48.999999262848995,52.104477
2021-01-07 21:00:00,aqi,PINN,64.9999992890236,61.149086
2024-02-05 22:00:00,aqi,PINN,210.00000185505064,197.69987
2023-08-08 05:00:00,aqi,PINN,93.99999951560504,91.9745
2024-12-02 17:00:00,aqi,PINN,97.00000005793271,88.278656
2024-08-05 23:00:00,aqi,PINN,98.99999970292458,99.18307
2022-06-01 11:00:00,aqi,PINN,134.99999904525754,144.33049
2022-08-04 04:00:00,aqi,PINN,139.9999992325771,143.80338
2024-01-02 17:00:00,aqi,PINN,111.99999990333143,112.16165
2023-05-09 12:00:00,aqi,PINN,94.99999969638094,95.85235
2023-06-10 17:00:00,aqi,PINN,101.00000006447635,100.94922
2021-11-09 13:00:00,aqi,PINN,35.99999762932235,40.560356
2025-03-08 07:00:00,aqi,PINN,57.00000070905609,53.6403
2024-08-12 12:00:00,aqi,PINN,119.99999991641873,122.06806
2025-02-02 21:00:00,aqi,PINN,156.9999987229677,152.29218
2024-11-10 02:00:00,aqi,PINN,114.99999972909919,114.46472
2023-03-03 11:00:00,aqi,PINN,246.00000549674297,240.36838
2025-10-03 02:00:00,aqi,PINN,156.00000212499128,148.85146
2021-04-11 13:00:00,aqi,PINN,190.00000110577247,191.4784
2024-08-02 06:00:00,aqi,PINN,97.00000005793271,94.70425
2021-10-09 10:00:00,aqi,PINN,35.00000103134596,42.427986
2021-09-08 20:00:00,aqi,PINN,85.00000003830175,84.48543
2024-11-08 00:00:00,aqi,PINN,48.00000266487259,64.29518
2023-08-01 11:00:00,aqi,PINN,97.00000005793271,116.874
2022-05-02 07:00:00,aqi,PINN,333.9999927426252,333.8466
2024-10-12 06:00:00,aqi,PINN,190.00000110577247,180.93086
2024-08-07 07:00:00,aqi,PINN,87.00000039985352,85.05453
2025-12-02 16:00:00,aqi,PINN,95.99999987715682,92.93416
2025-03-01 21:00:00,aqi,PINN,159.99999998185524,160.61246
2025-01-03 06:00:00,aqi,PINN,125.99999956795426,126.76489
2021-08-08 22:00:00,aqi,PINN,82.99999967674998,81.98982
2025-07-03 06:00:00,aqi,PINN,125.99999956795426,125.39787
2024-11-04 11:00:00,aqi,PINN,115.99999990987507,113.79081
2023-08-04 21:00:00,aqi,PINN,183.00000199002096,182.1148
2021-08-12 17:00:00,aqi,PINN,104.0000000693841,105.650276
2021-12-08 22:00:00,aqi,PINN,58.99999963748807,60.334427
2022-09-03 17:00:00,aqi,PINN,166.00000249963037,164.96423
2024-01-10 03:00:00,aqi,PINN,78.00000092255024,88.34968
2025-02-03 04:00:00,aqi,PINN,94.99999969638094,100.42733
2024-10-09 14:00:00,aqi,PINN,69.00000001212715,71.87017
2024-09-09 05:00:00,aqi,PINN,81.9999987794142,84.85031
2024-07-11 01:00:00,aqi,PINN,127.00000046529004,134.49548
2025-06-08 18:00:00,aqi,PINN,52.00000052173655,52.508083
2023-07-09 18:00:00,aqi,PINN,94.99999969638094,93.24669
2024-07-03 21:00:00,aqi,PINN,143.99999995568064,142.11621
2024-12-03 08:00:00,aqi,PINN,113.00000008410731,119.91831
2024-11-03 00:00:00,aqi,PINN,127.00000046529004,92.116936
2022-06-07 13:00:00,aqi,PINN,50.000001593304574,52.722084
2023-06-01 20:00:00,aqi,PINN,97.00000005793271,118.35248
2024-03-08 15:00:00,aqi,PINN,36.99999995977794,41.215652
2024-06-03 09:00:00,aqi,PINN,118.00000027142686,120.315445
2023-07-04 03:00:00,aqi,PINN,97.00000005793271,97.283195
2021-06-07 19:00:00,aqi,PINN,93.00000005138905,93.61388
2023-11-01 19:00:00,aqi,PINN,97.00000005793271,106.30668
2022-05-07 14:00:00,aqi,PINN,50.99999819128097,53.571503
2023-12-10 13:00:00,aqi,PINN,118.00000027142686,114.58885
2024-08-06 23:00:00,aqi,PINN,101.99999988697229,97.87555
2023-12-08 17:00:00,aqi,PINN,88.9999993282855,88.74059
2024-06-12 09:00:00,aqi,PINN,111.99999990333143,111.17789
2025-09-02 15:00:00,aqi,PINN,99.99999988370047,99.09508
2024-12-12 00:00:00,aqi,PINN,111.00000008083549,129.36201
2024-05-11 06:00:00,aqi,PINN,127.99999992950603,128.9652
2023-09-08 18:00:00,aqi,PINN,92.00000058717306,94.98102
2024-11-12 16:00:00,aqi,PINN,114.0000002648832,117.59946
2023-08-03 10:00:00,aqi,PINN,101.00000006447635,96.89956
2023-06-12 04:00:00,aqi,PINN,50.000001593304574,58.437767
2024-04-08 03:00:00,aqi,PINN,35.00000103134596,40.361237
2024-01-08 16:00:00,aqi,PINN,50.99999819128097,55.22502
2023-02-03 21:00:00,aqi,PINN,186.99999984688492,186.95305
2023-10-04 13:00:00,aqi,PINN,171.0000026869499,162.57394
2024-06-10 05:00:00,aqi,PINN,74.00000019944669,78.02176
2024-05-10 00:00:00,aqi,PINN,87.00000039985352,69.866425
2025-03-08 16:00:00,aqi,PINN,48.999999262848995,52.27902
2023-12-02 22:00:00,aqi,PINN,170.00000035649433,169.15239
2022-04-02 01:00:00,aqi,PINN,213.0000031139382,218.95888
2021-05-09 02:00:00,aqi,PINN,45.99999800396143,47.80861
2023-05-11 00:00:00,aqi,PINN,237.00000172008032,109.25566
2022-03-02 07:00:00,aqi,PINN,168.99999802603872,165.94836
2024-07-11 12:00:00,aqi,PINN,163.9999978387192,158.48965
2023-06-11 00:00:00,aqi,PINN,195.9999978910684,111.594376
2022-01-06 04:00:00,aqi,PINN,105.99999998308593,100.10436
2025-07-03 01:00:00,aqi,PINN,97.00000005793271,115.05986
2025-02-07 03:00:00,aqi,PINN,48.999999262848995,49.57357
2024-01-09 01:00:00,aqi,PINN,97.00000005793271,87.85316
2021-04-12 08:00:00,aqi,PINN,101.00000006447635,97.76409
2023-04-02 15:00:00,aqi,PINN,106.99999998472185,108.03615
2024-06-10 16:00:00,aqi,PINN,85.99999950251774,88.280716
2025-01-04 17:00:00,aqi,PINN,90.00000022562129,90.7984
2024-11-10 17:00:00,aqi,PINN,98.0000002387086,100.97943
2023-11-03 05:00:00,aqi,PINN,98.99999970292458,105.24924
2024-01-09 06:00:00,aqi,PINN,97.00000005793271,105.014915
2022-11-05 13:00:00,aqi,PINN,97.00000005793271,107.9496
2021-07-12 11:00:00,aqi,PINN,124.00000063952228,122.388466
2023-11-03 11:00:00,aqi,PINN,94.99999969638094,93.66591
2023-05-03 00:00:00,aqi,PINN,166.00000249963037,135.71944
2025-10-01 11:00:00,aqi,PINN,109.00000007756366,110.29664
2025-08-06 22:00:00,aqi,PINN,92.00000058717306,88.27513
2023-12-09 01:00:00,aqi,PINN,98.0000002387086,94.590294
2023-12-11 07:00:00,aqi,PINN,115.99999990987507,112.74672
2021-04-09 11:00:00,aqi,PINN,53.00000285219213,57.93112
2024-04-07 16:00:00,aqi,PINN,75.99999912787867,76.21211
2024-03-02 11:00:00,aqi,PINN,173.00000161538188,167.98795
2023-09-03 15:00:00,aqi,PINN,53.99999945016853,55.541378
2021-04-11 23:00:00,aqi,PINN,163.0000012407428,152.83876
2024-04-07 08:00:00,aqi,PINN,73.00000073523069,70.32571
2024-11-06 18:00:00,aqi,PINN,79.00000038676623,79.42413
2025-12-07 02:00:00,aqi,PINN,63.00000036059162,65.7862
2024-12-06 16:00:00,aqi,PINN,93.00000005138905,90.65149
2021-11-12 01:00:00,aqi,PINN,122.99999974218649,109.722145
2021-05-12 08:00:00,aqi,PINN,171.0000026869499,167.53358
2023-01-07 23:00:00,aqi,PINN,76.99999859209466,81.240204
2021-01-07 15:00:00,aqi,PINN,61.000001432159635,62.618996
2022-06-03 06:00:00,aqi,PINN,217.00000097080215,208.82677
2022-03-03 01:00:00,aqi,PINN,149.99999960721618,159.48718
2023-09-11 12:00:00,aqi,PINN,240.00000297896787,234.5511
2022-12-01 12:00:00,aqi,PINN,84.00000057408576,84.24072
2025-10-07 22:00:00,aqi,PINN,80.99999931519821,83.644485
2023-11-02 02:00:00,aqi,PINN,131.00000118839358,144.97847
2023-06-05 13:00:00,aqi,PINN,81.9999987794142,84.41783
2025-01-06 17:00:00,aqi,PINN,93.99999951560504,94.88439
2025-05-06 10:00:00,aqi,PINN,109.9999999000596,108.73566
2025-01-05 11:00:00,aqi,PINN,87.00000039985352,83.77833
2024-01-09 04:00:00,aqi,PINN,97.00000005793271,108.47033
2023-08-03 13:00:00,aqi,PINN,101.99999988697229,97.42385
2023-11-04 14:00:00,aqi,PINN,142.00000102724866,139.37842
2021-11-09 03:00:00,aqi,PINN,33.99999870089037,41.11921
2024-05-01 20:00:00,aqi,PINN,133.99999958104155,133.87004
2022-10-02 05:00:00,aqi,PINN,94.99999969638094,93.52027
2024-06-09 20:00:00,aqi,PINN,58.99999963748807,59.379997
2022-01-05 17:00:00,aqi,PINN,95.99999987715682,100.7234
2021-10-12 22:00:00,aqi,PINN,114.99999972909919,120.43194
2021-08-11 18:00:00,aqi,PINN,122.0000002779705,121.51236
2023-08-03 07:00:00,aqi,PINN,95.99999987715682,92.6337
2024-01-07 22:00:00,aqi,PINN,40.999997816641894,47.28806
2025-09-03 05:00:00,aqi,PINN,138.00000030414512,138.4399
2024-06-08 01:00:00,aqi,PINN,42.00000014709747,55.54026
2024-06-05 04:00:00,aqi,PINN,78.00000092255024,79.67613
2023-02-08 05:00:00,aqi,PINN,74.99999966366268,75.537994
2025-05-05 11:00:00,aqi,PINN,87.00000039985352,88.72516
2023-09-02 23:00:00,aqi,PINN,277.0000032186366,211.91818
2024-10-02 11:00:00,aqi,PINN,99.99999988370047,98.760445
2023-01-01 16:00:00,aqi,PINN,97.00000005793271,112.14807
2023-09-10 02:00:00,aqi,PINN,104.0000000693841,105.12658
2024-08-12 19:00:00,aqi,PINN,115.99999990987507,119.832985
2021-03-08 09:00:00,aqi,PINN,53.99999945016853,53.46824
2023-12-12 09:00:00,aqi,PINN,87.00000039985352,86.942406
2024-04-03 12:00:00,aqi,PINN,80.99999931519821,79.80177
2023-11-05 11:00:00,aqi,PINN,97.00000005793271,97.86257
2025-08-05 09:00:00,aqi,PINN,98.99999970292458,101.00946
2023-03-08 18:00:00,aqi,PINN,80.99999931519821,81.897675
2024-01-02 09:00:00,aqi,PINN,131.00000118839358,139.45433
2024-11-02 23:00:00,aqi,PINN,81.9999987794142,88.916046
2024-12-04 11:00:00,aqi,PINN,119.99999991641873,115.26733
2022-08-02 07:00:00,aqi,PINN,122.0000002779705,120.16779
2024-02-09 21:00:00,aqi,PINN,52.00000052173655,57.579212
2025-07-01 20:00:00,aqi,PINN,111.99999990333143,110.37392
2023-01-02 09:00:00,aqi,PINN,90.99999968983728,86.98871
2024-05-09 04:00:00,aqi,PINN,48.999999262848995,53.637302
2025-12-01 14:00:00,aqi,PINN,337.00000546647107,332.5922
2025-02-08 06:00:00,aqi,PINN,62.00000089637563,59.63346
2024-06-12 18:00:00,aqi,PINN,109.00000007756366,110.08654
2024-03-04 03:00:00,aqi,PINN,109.9999999000596,114.23159
2025-10-05 22:00:00,aqi,PINN,93.99999951560504,90.70012
2023-03-03 07:00:00,aqi,PINN,234.99999705916912,233.61363
2025-10-05 17:00:00,aqi,PINN,93.99999951560504,93.43438
2023-06-08 14:00:00,aqi,PINN,98.99999970292458,99.388725
2023-12-09 10:00:00,aqi,PINN,90.99999968983728,89.004196
2025-09-01 12:00:00,aqi,PINN,106.99999998472185,109.67175
2024-07-01 11:00:00,aqi,PINN,101.99999988697229,105.855896
2023-07-01 16:00:00,aqi,PINN,97.00000005793271,112.38261
2023-01-02 14:00:00,aqi,PINN,87.00000039985352,91.14009
2024-03-10 13:00:00,aqi,PINN,98.99999970292458,97.99505
2024-09-09 15:00:00,aqi,PINN,85.00000003830175,86.15692
2023-02-09 00:00:00,aqi,PINN,99.99999988370047,81.61399
2022-05-03 16:00:00,aqi,PINN,197.00000022152398,191.22423
2021-09-12 16:00:00,aqi,PINN,109.00000007756366,109.991516
2022-12-04 12:00:00,aqi,PINN,128.99999939372202,128.09097
2024-11-11 21:00:00,aqi,PINN,118.00000027142686,126.84312
2024-01-06 14:00:00,aqi,PINN,94.99999969638094,93.470604
2024-07-12 03:00:00,aqi,PINN,115.99999990987507,113.03498
2021-07-12 14:00:00,aqi,PINN,125.99999956795426,126.584175
2024-07-10 16:00:00,aqi,PINN,97.00000005793271,99.045975
2024-07-07 20:00:00,aqi,PINN,95.99999987715682,95.39187
2024-10-05 03:00:00,aqi,PINN,99.99999988370047,95.33576
2023-08-04 15:00:00,aqi,PINN,183.00000199002096,177.72768
2023-09-03 13:00:00,aqi,PINN,53.99999945016853,55.497684
2025-11-07 14:00:00,aqi,PINN,69.99999947634313,70.83874
2024-03-10 10:00:00,aqi,PINN,101.99999988697229,99.70722
2021-08-08 17:00:00,aqi,PINN,82.99999967674998,85.60285
2023-04-02 13:00:00,aqi,PINN,97.00000005793271,110.285515
2024-09-03 16:00:00,aqi,PINN,93.00000005138905,93.2075
2025-03-03 05:00:00,aqi,PINN,105.99999998308593,105.92471
2023-04-10 16:00:00,aqi,PINN,115.99999990987507,109.687836
2024-11-06 16:00:00,aqi,PINN,76.99999859209466,77.81709
2023-07-10 15:00:00,aqi,PINN,109.9999999000596,108.3955
2025-02-03 22:00:00,aqi,PINN,101.00000006447635,101.25523
2022-06-05 14:00:00,aqi,PINN,188.9999987753169,181.01913
2021-09-12 03:00:00,aqi,PINN,105.99999998308593,105.68213
2025-05-06 01:00:00,aqi,PINN,97.00000005793271,96.77538
2024-07-06 05:00:00,aqi,PINN,93.99999951560504,92.69553
2021-01-10 08:00:00,aqi,PINN,55.00000178062411,55.91187
2025-04-01 10:00:00,aqi,PINN,192.00000003420445,177.58542
2024-11-10 10:00:00,aqi,PINN,105.99999998308593,104.490425
2025-06-01 14:00:00,aqi,PINN,128.99999939372202,130.40758
2025-07-02 02:00:00,aqi,PINN,94.99999969638094,103.874794
2021-07-11 21:00:00,aqi,PINN,106.99999998472185,113.62473
2023-09-10 22:00:00,aqi,PINN,98.99999970292458,103.688126
2022-10-04 04:00:00,aqi,PINN,114.99999972909919,114.498726
2023-02-05 20:00:00,aqi,PINN,68.00000054791116,70.877365
2023-04-04 09:00:00,aqi,PINN,85.00000003830175,86.66775
2024-01-06 05:00:00,aqi,PINN,98.99999970292458,95.50694
2023-10-03 14:00:00,aqi,PINN,85.99999950251774,84.946625
2024-11-08 21:00:00,aqi,PINN,43.99999907552945,47.057804
2023-02-09 23:00:00,aqi,PINN,99.99999988370047,94.18385
2024-07-11 17:00:00,aqi,PINN,188.9999987753169,180.18277
2023-11-06 00:00:00,aqi,PINN,97.00000005793271,101.01338
2022-06-06 20:00:00,aqi,PINN,93.99999951560504,94.18566
2023-07-12 00:00:00,aqi,PINN,68.00000054791116,163.4514
2024-04-11 01:00:00,aqi,PINN,156.9999987229677,159.93095
2023-10-09 06:00:00,aqi,PINN,97.00000005793271,98.26489
2023-09-09 05:00:00,aqi,PINN,98.0000002387086,98.24535
2024-12-12 02:00:00,aqi,PINN,111.00000008083549,109.55074
2025-04-06 17:00:00,aqi,PINN,78.00000092255024,81.062416
2022-09-02 09:00:00,aqi,PINN,136.00000137571314,136.2789
2023-09-03 01:00:00,aqi,PINN,79.99999985098222,77.0637
2022-01-06 06:00:00,aqi,PINN,104.99999998145002,100.44976
2023-09-05 13:00:00,aqi,PINN,93.00000005138905,96.87918
2024-02-13 02:00:00,aqi,PINN,97.00000005793271,119.956894
2023-06-09 03:00:00,aqi,PINN,95.99999987715682,95.036835
2024-11-11 19:00:00,aqi,PINN,118.00000027142686,117.019424
2021-12-09 07:00:00,aqi,PINN,42.00000014709747,41.99475
2022-11-06 14:00:00,aqi,PINN,70.99999894055912,75.97321
2024-04-09 02:00:00,aqi,PINN,33.99999870089037,44.960026
2022-10-06 14:00:00,aqi,PINN,74.99999966366268,78.59684
2024-11-11 03:00:00,aqi,PINN,117.00000009065096,127.09071
2022-01-05 10:00:00,aqi,PINN,103.00000006774819,101.5409
2024-01-01 15:00:00,aqi,PINN,171.0000026869499,170.64792
2023-02-10 21:00:00,aqi,PINN,45.99999800396143,45.08378
2022-12-04 02:00:00,aqi,PINN,113.00000008410731,111.87896
2023-04-03 10:00:00,aqi,PINN,195.9999978910684,194.63875
2022-01-01 12:00:00,aqi,PINN,79.00000038676623,82.03903
2024-02-05 21:00:00,aqi,PINN,202.00000040884353,193.83105
2024-01-10 15:00:00,aqi,PINN,87.99999986406951,86.09043
2022-02-02 14:00:00,aqi,PINN,176.99999947224583,177.72917
2023-01-03 13:00:00,aqi,PINN,173.00000161538188,167.69028
2021-08-07 11:00:00,aqi,PINN,79.99999985098222,80.44352
2024-02-10 05:00:00,aqi,PINN,81.9999987794142,83.39641
2024-11-06 12:00:00,aqi,PINN,79.99999985098222,79.8194
2024-01-11 08:00:00,aqi,PINN,139.9999992325771,132.00146
2025-11-01 11:00:00,aqi,PINN,271.9999972988379,274.42657
2023-02-03 15:00:00,aqi,PINN,97.00000005793271,184.29385
2024-04-04 04:00:00,aqi,PINN,78.00000092255024,81.326706
2025-07-06 06:00:00,aqi,PINN,105.99999998308593,104.720924
2022-03-01 16:00:00,aqi,PINN,111.99999990333143,111.55098
2021-03-12 06:00:00,aqi,PINN,98.0000002387086,102.64838
2021-01-10 05:00:00,aqi,PINN,48.999999262848995,52.701782
2023-05-03 12:00:00,aqi,PINN,136.00000137571314,137.27141
2024-01-12 13:00:00,aqi,PINN,128.99999939372202,133.37766
2025-03-05 18:00:00,aqi,PINN,85.99999950251774,84.25964
2024-10-07 21:00:00,aqi,PINN,63.99999982480761,65.4457
2023-07-07 08:00:00,aqi,PINN,125.00000010373827,126.93931
2023-09-03 18:00:00,aqi,PINN,53.00000285219213,56.099533
2024-05-02 05:00:00,aqi,PINN,156.9999987229677,153.88255
2025-10-02 22:00:00,aqi,PINN,114.0000002648832,118.460205
2024-10-06 12:00:00,aqi,PINN,79.00000038676623,80.52893
2022-07-07 08:00:00,aqi,PINN,48.00000266487259,50.804996
2023-10-10 08:00:00,aqi,PINN,93.00000005138905,96.353065
2025-04-06 22:00:00,aqi,PINN,88.9999993282855,84.10325
2022-12-03 06:00:00,aqi,PINN,147.0000012145682,142.198
2022-12-02 00:00:00,aqi,PINN,101.99999988697229,118.33355
2025-04-07 19:00:00,aqi,PINN,40.999997816641894,44.728485
2021-08-08 19:00:00,aqi,PINN,82.99999967674998,82.821815
2022-03-03 19:00:00,aqi,PINN,158.00000105342326,155.86964
2025-08-08 09:00:00,aqi,PINN,64.9999992890236,63.974407
2022-01-07 07:00:00,aqi,PINN,45.99999800396143,47.72046
2024-02-08 06:00:00,aqi,PINN,35.99999762932235,38.691086
2025-01-08 10:00:00,aqi,PINN,69.00000001212715,67.51621
2024-01-08 22:00:00,aqi,PINN,45.99999800396143,52.102142
2023-04-02 22:00:00,aqi,PINN,108.00000007592774,156.11739
2025-09-05 05:00:00,aqi,PINN,84.00000057408576,84.19422
2022-02-07 02:00:00,aqi,PINN,48.999999262848995,48.893852
2024-01-01 11:00:00,aqi,PINN,171.9999992849263,172.20274
2023-05-07 07:00:00,aqi,PINN,62.00000089637563,63.256096
2025-08-08 15:00:00,aqi,PINN,65.9999987532396,67.54075
2022-09-01 21:00:00,aqi,PINN,72.0000012710147,83.80171
2021-05-12 00:00:00,aqi,PINN,128.99999939372202,149.26949
2024-05-03 02:00:00,aqi,PINN,108.00000007592774,105.58854
2025-02-03 00:00:00,aqi,PINN,98.99999970292458,158.84834
2024-04-10 22:00:00,aqi,PINN,87.99999986406951,89.762886
2022-04-06 15:00:00,aqi,PINN,95.99999987715682,95.78606
2025-12-03 12:00:00,aqi,PINN,185.99999751642935,173.38876
2024-03-09 07:00:00,aqi,PINN,33.99999870089037,38.76097
2024-12-01 15:00:00,aqi,PINN,120.99999938063472,117.47643
2023-01-03 23:00:00,aqi,PINN,200.00000148041156,160.04332
2024-12-02 16:00:00,aqi,PINN,92.00000058717306,88.3176
2024-03-10 18:00:00,aqi,PINN,90.00000022562129,96.06202
2025-02-06 09:00:00,aqi,PINN,85.00000003830175,85.65039
2023-08-05 13:00:00,aqi,PINN,84.00000057408576,84.90527
2022-11-06 06:00:00,aqi,PINN,73.00000073523069,71.114204
2022-12-05 17:00:00,aqi,PINN,158.00000105342326,154.5973
2023-01-12 21:00:00,aqi,PINN,69.00000001212715,68.67353
2024-08-09 04:00:00,aqi,PINN,78.00000092255024,80.4265
2021-03-12 04:00:00,aqi,PINN,99.99999988370047,100.405304
2023-12-08 01:00:00,aqi,PINN,95.99999987715682,93.461006
2024-05-05 17:00:00,aqi,PINN,78.00000092255024,82.59559
2024-06-04 10:00:00,aqi,PINN,78.00000092255024,80.38523
2021-06-12 12:00:00,aqi,PINN,166.00000249963037,160.9347
2023-12-01 22:00:00,aqi,PINN,97.00000005793271,126.12
2024-02-05 08:00:00,aqi,PINN,149.99999960721618,146.7543
2023-03-05 04:00:00,aqi,PINN,74.00000019944669,75.94687
2023-05-11 14:00:00,aqi,PINN,214.999996309891,206.32065
2023-05-03 05:00:00,aqi,PINN,150.99999907143217,148.85097
2025-05-05 21:00:00,aqi,PINN,101.00000006447635,91.78811
2025-09-04 19:00:00,aqi,PINN,104.0000000693841,106.92086
2023-08-12 08:00:00,aqi,PINN,88.9999993282855,89.607475
2025-12-02 22:00:00,aqi,PINN,95.99999987715682,104.97137
2021-05-09 01:00:00,aqi,PINN,45.99999800396143,51.548183
2023-05-12 10:00:00,aqi,PINN,50.000001593304574,56.126686
2024-06-01 17:00:00,aqi,PINN,149.0000001430002,148.3177
2021-09-11 19:00:00,aqi,PINN,119.99999991641873,120.374306
2022-05-06 05:00:00,aqi,PINN,85.99999950251774,101.46581
2023-01-12 08:00:00,aqi,PINN,73.00000073523069,72.75511
2021-04-13 01:00:00,aqi,PINN,97.00000005793271,119.66131
2022-05-05 12:00:00,aqi,PINN,97.00000005793271,112.69775
2021-12-11 16:00:00,aqi,PINN,154.00000033031972,141.90584
2025-07-04 07:00:00,aqi,PINN,70.99999894055912,75.15614
2022-11-06 03:00:00,aqi,PINN,73.00000073523069,69.24636
2024-09-05 07:00:00,aqi,PINN,97.00000005793271,99.18317
2023-05-08 00:00:00,aqi,PINN,85.99999950251774,74.26014
2022-07-08 01:00:00,aqi,PINN,97.00000005793271,82.71214
2024-04-06 03:00:00,aqi,PINN,113.00000008410731,110.826744
2022-12-04 19:00:00,aqi,PINN,131.00000118839358,127.56739
2023-09-03 17:00:00,aqi,PINN,53.99999945016853,55.49102
2024-08-09 14:00:00,aqi,PINN,74.00000019944669,76.9319
2023-01-12 06:00:00,aqi,PINN,74.99999966366268,74.8172
2025-01-07 08:00:00,aqi,PINN,45.99999800396143,45.778667
2023-07-11 21:00:00,aqi,PINN,193.00000236466002,194.34566
2023-03-09 15:00:00,aqi,PINN,99.99999988370047,99.72348
2022-06-02 21:00:00,aqi,PINN,291.0000014501396,293.3635
2025-01-08 02:00:00,aqi,PINN,72.0000012710147,73.028015
2025-05-07 11:00:00,aqi,PINN,45.00000140598503,47.365395
2024-12-11 06:00:00,aqi,PINN,137.00000083992913,133.12852
2022-10-06 20:00:00,aqi,PINN,75.99999912787867,77.24067
2023-09-03 07:00:00,aqi,PINN,59.999999101704056,64.47948
2024-12-02 04:00:00,aqi,PINN,84.00000057408576,82.08877
2021-04-12 09:00:00,aqi,PINN,101.00000006447635,96.95981
2025-03-07 16:00:00,aqi,PINN,48.00000266487259,52.641827
2023-07-11 12:00:00,aqi,PINN,190.99999770374887,187.26703
2024-09-03 20:00:00,aqi,PINN,95.99999987715682,93.49756
2024-02-06 22:00:00,aqi,PINN,90.00000022562129,87.119194
2022-12-03 18:00:00,aqi,PINN,175.00000054381385,171.01299
2021-03-12 15:00:00,aqi,PINN,101.00000006447635,96.807976
2024-12-07 09:00:00,aqi,PINN,57.00000070905609,57.868073
2024-03-05 18:00:00,aqi,PINN,154.00000033031972,157.39528
2024-11-01 23:00:00,aqi,PINN,118.00000027142686,125.557274
2024-10-08 19:00:00,aqi,PINN,47.00000033441701,49.707928
2024-01-12 03:00:00,aqi,PINN,128.99999939372202,131.50453
2024-04-12 03:00:00,aqi,PINN,117.00000009065096,119.87617
2021-11-12 22:00:00,aqi,PINN,109.9999999000596,115.95943
2025-10-06 00:00:00,aqi,PINN,95.99999987715682,93.64239
2025-02-05 04:00:00,aqi,PINN,81.9999987794142,81.502106
2022-08-07 03:00:00,aqi,PINN,48.999999262848995,55.298935
2022-07-02 09:00:00,aqi,PINN,217.00000097080215,217.39346
2023-03-01 22:00:00,aqi,PINN,97.00000005793271,128.16722
2023-06-03 16:00:00,aqi,PINN,161.0000023123108,158.04205
2024-05-01 18:00:00,aqi,PINN,118.00000027142686,116.25246
2022-11-03 01:00:00,aqi,PINN,198.99999914995595,211.98611
2024-08-10 19:00:00,aqi,PINN,120.99999938063472,121.1872
2023-11-08 21:00:00,aqi,PINN,97.00000005793271,96.408714
2021-03-09 14:00:00,aqi,PINN,53.00000285219213,54.9556
2025-09-02 04:00:00,aqi,PINN,87.99999986406951,94.66838
2022-03-07 00:00:00,aqi,PIIANN,53.00000285219213,90.62575
2023-08-09 06:00:00,aqi,PIIANN,98.99999970292458,100.304756
2021-11-07 22:00:00,aqi,PIIANN,68.00000054791116,65.39834
2024-06-03 02:00:00,aqi,PIIANN,111.99999990333143,120.08368
2023-02-04 06:00:00,aqi,PIIANN,80.99999931519821,81.62221
2022-12-05 15:00:00,aqi,PIIANN,156.9999987229677,157.14137
2024-06-07 18:00:00,aqi,PIIANN,79.00000038676623,78.492874
2024-12-06 14:00:00,aqi,PIIANN,92.00000058717306,88.29661
2024-09-10 23:00:00,aqi,PIIANN,115.99999990987507,118.96806
2024-12-06 12:00:00,aqi,PIIANN,90.99999968983728,87.17882
2024-12-12 23:00:00,aqi,PIIANN,140.99999869679309,140.10536
2023-02-10 03:00:00,aqi,PIIANN,50.000001593304574,57.87341
2024-03-01 19:00:00,aqi,PIIANN,149.0000001430002,153.80992
2025-07-05 18:00:00,aqi,PIIANN,93.99999951560504,89.51036
2023-01-10 04:00:00,aqi,PIIANN,63.99999982480761,68.604034
2023-09-10 07:00:00,aqi,PIIANN,97.00000005793271,98.563805
2022-09-04 00:00:00,aqi,PIIANN,138.00000030414512,169.10522
2021-11-12 16:00:00,aqi,PIIANN,119.99999991641873,120.982216
2024-01-08 03:00:00,aqi,PIIANN,70.99999894055912,74.041046
2023-05-04 07:00:00,aqi,PIIANN,101.99999988697229,102.17168
2023-04-12 06:00:00,aqi,PIIANN,52.00000052173655,53.578835
2021-11-10 00:00:00,aqi,PIIANN,97.00000005793271,43.882618
2023-02-07 08:00:00,aqi,PIIANN,68.00000054791116,69.07665
2025-10-05 19:00:00,aqi,PIIANN,94.99999969638094,91.74235
2023-10-12 11:00:00,aqi,PIIANN,80.99999931519821,76.991165
2023-03-07 11:00:00,aqi,PIIANN,70.99999894055912,68.09745
2024-05-05 12:00:00,aqi,PIIANN,82.99999967674998,80.97455
2023-03-04 15:00:00,aqi,PIIANN,72.0000012710147,70.42898
2025-07-08 12:00:00,aqi,PIIANN,57.99999730703249,55.62994
2024-07-09 19:00:00,aqi,PIIANN,78.00000092255024,80.76872
2023-01-08 09:00:00,aqi,PIIANN,63.00000036059162,63.83196
2024-10-04 03:00:00,aqi,PIIANN,161.99999891028722,157.00926
2023-11-08 14:00:00,aqi,PIIANN,88.9999993282855,84.11364
2022-04-07 23:00:00,aqi,PIIANN,53.99999945016853,55.68448
2023-03-12 15:00:00,aqi,PIIANN,59.999999101704056,59.936977
2024-10-11 08:00:00,aqi,PIIANN,118.00000027142686,117.95901
2024-08-11 08:00:00,aqi,PIIANN,231.99999580028157,231.06996
2025-12-05 01:00:00,aqi,PIIANN,97.00000005793271,87.28955
2023-03-04 06:00:00,aqi,PIIANN,69.00000001212715,73.913345
2022-05-04 21:00:00,aqi,PIIANN,145.9999988841126,150.20395
2021-12-11 15:00:00,aqi,PIIANN,148.00000067878418,136.09088
2023-04-08 21:00:00,aqi,PIIANN,88.9999993282855,94.642105
2023-05-10 10:00:00,aqi,PIIANN,111.99999990333143,113.89036
2024-06-05 20:00:00,aqi,PIIANN,84.00000057408576,85.723976
2025-01-03 05:00:00,aqi,PIIANN,127.00000046529004,132.57079
2025-07-08 17:00:00,aqi,PIIANN,58.99999963748807,59.348446
2025-03-03 16:00:00,aqi,PIIANN,99.99999988370047,101.55143
2024-05-01 14:00:00,aqi,PIIANN,119.00000045220274,118.913704
2024-01-12 04:00:00,aqi,PIIANN,127.99999992950603,131.99178
2024-12-10 18:00:00,aqi,PIIANN,90.00000022562129,87.58738
2023-09-03 16:00:00,aqi,PIIANN,53.99999945016853,51.017643
2023-12-02 04:00:00,aqi,PIIANN,113.00000008410731,120.92026
2024-07-03 10:00:00,aqi,PIIANN,137.00000083992913,144.81764
2024-08-09 01:00:00,aqi,PIIANN,76.99999859209466,82.22983
2024-03-08 12:00:00,aqi,PIIANN,36.99999995977794,38.863564
2025-03-04 17:00:00,aqi,PIIANN,188.0000021773405,180.78488
2022-05-07 02:00:00,aqi,PIIANN,55.00000178062411,60.653584
2023-12-10 20:00:00,aqi,PIIANN,145.9999988841126,142.20015
2022-04-01 20:00:00,aqi,PIIANN,140.99999869679309,149.40164
2023-11-03 12:00:00,aqi,PIIANN,94.99999969638094,91.75417
2024-08-08 02:00:00,aqi,PIIANN,76.99999859209466,76.297386
2024-02-03 05:00:00,aqi,PIIANN,149.0000001430002,138.74136
2023-06-02 00:00:00,aqi,PIIANN,163.9999978387192,124.396416
2025-04-04 09:00:00,aqi,PIIANN,119.99999991641873,127.620384
2023-04-10 09:00:00,aqi,PIIANN,90.00000022562129,91.221245
2023-04-10 17:00:00,aqi,PIIANN,115.99999990987507,114.208115
2025-04-04 15:00:00,aqi,PIIANN,109.00000007756366,115.49392
2024-07-08 13:00:00,aqi,PIIANN,59.999999101704056,57.652626
2024-08-06 04:00:00,aqi,PIIANN,97.00000005793271,95.88275
2022-09-06 19:00:00,aqi,PIIANN,80.99999931519821,74.48536
2024-07-02 21:00:00,aqi,PIIANN,104.0000000693841,103.63278
2024-07-01 12:00:00,aqi,PIIANN,101.00000006447635,102.91596
2025-08-03 23:00:00,aqi,PIIANN,128.99999939372202,133.96483
2021-01-07 10:00:00,aqi,PIIANN,59.999999101704056,58.894295
2025-06-04 15:00:00,aqi,PIIANN,84.00000057408576,86.73771
2021-05-08 18:00:00,aqi,PIIANN,78.00000092255024,75.65586
2022-06-03 20:00:00,aqi,PIIANN,224.00000008655365,222.56038
2023-06-07 10:00:00,aqi,PIIANN,65.9999987532396,67.45292
2024-10-08 16:00:00,aqi,PIIANN,47.00000033441701,47.91724
2025-09-02 18:00:00,aqi,PIIANN,101.00000006447635,98.427315
2024-12-08 19:00:00,aqi,PIIANN,45.00000140598503,44.36316
2023-12-08 21:00:00,aqi,PIIANN,93.99999951560504,94.40626
2021-11-12 09:00:00,aqi,PIIANN,128.99999939372202,124.561646
2023-08-10 22:00:00,aqi,PIIANN,111.00000008083549,107.15866
2024-11-02 07:00:00,aqi,PIIANN,90.00000022562129,87.1191
2023-09-10 23:00:00,aqi,PIIANN,98.0000002387086,107.095825
2025-10-06 13:00:00,aqi,PIIANN,85.00000003830175,85.18096
2021-02-07 16:00:00,aqi,PIIANN,69.00000001212715,66.03754
2024-06-09 07:00:00,aqi,PIIANN,63.99999982480761,64.08345
2024-06-03 16:00:00,aqi,PIIANN,120.99999938063472,120.621445
2023-02-07 11:00:00,aqi,PIIANN,69.99999947634313,68.171616
2023-03-05 15:00:00,aqi,PIIANN,85.00000003830175,84.84323
2024-05-12 08:00:00,aqi,PIIANN,113.00000008410731,116.555115
2024-07-06 03:00:00,aqi,PIIANN,95.99999987715682,91.59002
2024-09-01 18:00:00,aqi,PIIANN,138.9999997683611,138.45743
2022-01-04 03:00:00,aqi,PIIANN,247.99999869269578,243.92935
2024-10-09 11:00:00,aqi,PIIANN,70.99999894055912,69.737114
2023-04-04 18:00:00,aqi,PIIANN,84.00000057408576,83.131714
2024-04-06 00:00:00,aqi,PIIANN,108.00000007592774,98.32078
2024-09-03 22:00:00,aqi,PIIANN,98.99999970292458,104.21824
2025-03-02 14:00:00,aqi,PIIANN,163.0000012407428,161.68457
2023-07-02 15:00:00,aqi,PIIANN,111.99999990333143,111.11594
2023-06-11 22:00:00,aqi,PIIANN,213.9999997119146,207.95102
2025-08-05 03:00:00,aqi,PIIANN,99.99999988370047,104.18942
2023-09-01 13:00:00,aqi,PIIANN,97.00000005793271,109.59795
2023-11-02 16:00:00,aqi,PIIANN,98.0000002387086,96.546814
2024-05-09 07:00:00,aqi,PIIANN,52.00000052173655,52.699123
2021-04-09 04:00:00,aqi,PIIANN,55.99999837860051,56.27834
2024-05-05 16:00:00,aqi,PIIANN,79.00000038676623,80.197266
2022-02-06 17:00:00,aqi,PIIANN,98.99999970292458,99.95008
2021-03-09 05:00:00,aqi,PIIANN,47.00000033441701,45.8274
2023-09-04 03:00:00,aqi,PIIANN,188.9999987753169,144.41873
2022-10-01 22:00:00,aqi,PIIANN,78.00000092255024,87.686226
2025-10-01 19:00:00,aqi,PIIANN,133.00000011682556,123.284584
2025-03-06 16:00:00,aqi,PIIANN,82.99999967674998,84.401596
2024-04-01 21:00:00,aqi,PIIANN,114.99999972909919,122.67464
2025-11-02 00:00:00,aqi,PIIANN,114.99999972909919,280.3089
2024-06-01 18:00:00,aqi,PIIANN,149.0000001430002,146.94093
2023-05-03 20:00:00,aqi,PIIANN,131.00000118839358,130.764
2024-04-04 19:00:00,aqi,PIIANN,74.00000019944669,75.61985
2025-10-08 21:00:00,aqi,PIIANN,53.00000285219213,52.977825
2024-03-04 17:00:00,aqi,PIIANN,95.99999987715682,97.53207
2024-06-07 01:00:00,aqi,PIIANN,59.999999101704056,65.04731
2023-02-05 06:00:00,aqi,PIIANN,57.00000070905609,59.405487
2025-07-08 22:00:00,aqi,PIIANN,63.00000036059162,66.30245
2021-06-09 08:00:00,aqi,PIIANN,48.999999262848995,49.12684
2025-07-08 15:00:00,aqi,PIIANN,58.99999963748807,59.81502
2023-02-10 19:00:00,aqi,PIIANN,47.00000033441701,48.74522
2025-11-07 11:00:00,aqi,PIIANN,69.99999947634313,68.79367
2025-01-04 12:00:00,aqi,PIIANN,90.00000022562129,88.21999
2023-03-02 01:00:00,aqi,PIIANN,97.00000005793271,145.52243
2023-10-12 10:00:00,aqi,PIIANN,79.99999985098222,79.06262
2023-09-07 12:00:00,aqi,PIIANN,122.0000002779705,124.75569
2025-06-05 22:00:00,aqi,PIIANN,92.00000058717306,86.16295
2024-01-09 10:00:00,aqi,PIIANN,74.99999966366268,83.254105
2022-05-01 22:00:00,aqi,PIIANN,209.00000525707424,219.0454
2022-03-05 02:00:00,aqi,PIIANN,97.00000005793271,127.091286
2022-02-02 17:00:00,aqi,PIIANN,173.99999821335828,168.51633
2025-01-05 05:00:00,aqi,PIIANN,85.00000003830175,83.55361
2025-11-05 19:00:00,aqi,PIIANN,78.00000092255024,78.59236
2022-06-07 20:00:00,aqi,PIIANN,48.999999262848995,48.125248
2023-06-10 19:00:00,aqi,PIIANN,103.00000006774819,105.63886
2023-06-05 18:00:00,aqi,PIIANN,74.99999966366268,76.76869
2024-05-01 08:00:00,aqi,PIIANN,120.99999938063472,124.80201
2024-01-12 12:00:00,aqi,PIIANN,132.00000065260957,130.19798
2024-01-10 09:00:00,aqi,PIIANN,85.00000003830175,85.81188
2023-07-07 15:00:00,aqi,PIIANN,130.0000002910578,156.08818
2022-12-03 17:00:00,aqi,PIIANN,175.00000054381385,167.8831
2022-02-01 08:00:00,aqi,PIIANN,98.99999970292458,95.159744
2023-08-13 02:00:00,aqi,PIIANN,97.00000005793271,123.93036
2023-10-04 16:00:00,aqi,PIIANN,171.0000026869499,165.45686
2025-03-06 07:00:00,aqi,PIIANN,85.00000003830175,83.69391
2023-01-10 20:00:00,aqi,PIIANN,50.99999819128097,52.217125
2024-02-04 07:00:00,aqi,PIIANN,152.00000140188774,150.05022
2023-10-11 08:00:00,aqi,PIIANN,246.00000549674297,243.85814
2024-08-01 20:00:00,aqi,PIIANN,104.99999998145002,107.448074
2021-09-08 06:00:00,aqi,PIIANN,82.99999967674998,82.1973
2022-01-04 16:00:00,aqi,PIIANN,261.9999969241988,253.11
2024-02-08 13:00:00,aqi,PIIANN,36.99999995977794,38.162453
2023-03-09 07:00:00,aqi,PIIANN,101.99999988697229,101.8391
2023-03-02 00:00:00,aqi,PIIANN,97.00000005793271,144.78058
2025-09-05 03:00:00,aqi,PIIANN,87.00000039985352,92.085144
2023-12-03 18:00:00,aqi,PIIANN,99.99999988370047,99.06298
2022-03-04 14:00:00,aqi,PIIANN,220.0000022296897,218.6695
2024-08-06 22:00:00,aqi,PIIANN,101.00000006447635,100.71135
2022-09-04 13:00:00,aqi,PIIANN,134.99999904525754,129.61308
2022-08-03 22:00:00,aqi,PIIANN,171.9999992849263,170.68333
2025-06-06 21:00:00,aqi,PIIANN,109.00000007756366,108.33426
2022-06-07 00:00:00,aqi,PIIANN,48.999999262848995,88.52919
2023-09-12 09:00:00,aqi,PIIANN,87.00000039985352,85.90962
2022-06-05 04:00:00,aqi,PIIANN,180.99999732910982,188.8899
2023-04-03 23:00:00,aqi,PIIANN,166.00000249963037,130.20375
2021-11-11 11:00:00,aqi,PIIANN,178.9999984006778,173.79663
2023-08-03 19:00:00,aqi,PIIANN,95.99999987715682,94.680725
2025-08-07 16:00:00,aqi,PIIANN,74.00000019944669,70.60357
2025-09-05 01:00:00,aqi,PIIANN,90.00000022562129,90.687004
2024-10-07 12:00:00,aqi,PIIANN,74.99999966366268,74.24765
2022-01-03 12:00:00,aqi,PIIANN,137.00000083992913,134.04172
2021-04-07 22:00:00,aqi,PIIANN,59.999999101704056,60.821136
2023-03-05 21:00:00,aqi,PIIANN,87.99999986406951,90.75561
2024-06-08 06:00:00,aqi,PIIANN,40.999997816641894,42.995407
2023-04-01 11:00:00,aqi,PIIANN,97.00000005793271,122.87468
2024-03-07 03:00:00,aqi,PIIANN,52.00000052173655,54.43775
2021-04-07 13:00:00,aqi,PIIANN,64.9999992890236,64.49432
2025-08-02 08:00:00,aqi,PIIANN,79.00000038676623,78.81047
2022-07-06 20:00:00,aqi,PIIANN,90.00000022562129,88.06801
2022-11-06 04:00:00,aqi,PIIANN,73.00000073523069,69.306145
2024-09-12 14:00:00,aqi,PIIANN,161.99999891028722,157.30937
2024-07-04 16:00:00,aqi,PIIANN,69.00000001212715,70.52087
2023-06-03 06:00:00,aqi,PIIANN,128.99999939372202,129.99506
2022-11-01 13:00:00,aqi,PIIANN,85.00000003830175,79.70173
2025-04-04 16:00:00,aqi,PIIANN,111.00000008083549,113.04744
2024-05-06 20:00:00,aqi,PIIANN,104.99999998145002,106.02779
2023-12-05 22:00:00,aqi,PIIANN,108.00000007592774,115.86346
2024-04-07 14:00:00,aqi,PIIANN,75.99999912787867,75.25244
2022-05-02 22:00:00,aqi,PIIANN,329.00000975274315,311.02185
2023-08-10 06:00:00,aqi,PIIANN,114.99999972909919,114.0868
2023-03-05 11:00:00,aqi,PIIANN,76.99999859209466,77.08069
2023-09-10 20:00:00,aqi,PIIANN,98.99999970292458,96.96889
2021-05-07 20:00:00,aqi,PIIANN,88.9999993282855,87.84602
2024-03-06 00:00:00,aqi,PIIANN,90.99999968983728,117.33398
2023-02-06 20:00:00,aqi,PIIANN,97.00000005793271,97.41231
2022-06-06 07:00:00,aqi,PIIANN,93.99999951560504,91.20954
2022-12-07 02:00:00,aqi,PIIANN,97.00000005793271,90.99652
2023-01-10 22:00:00,aqi,PIIANN,50.99999819128097,56.486824
2023-08-11 07:00:00,aqi,PIIANN,227.9999979434176,226.70605
2022-01-03 17:00:00,aqi,PIIANN,133.99999958104155,134.98674
2022-03-04 04:00:00,aqi,PIIANN,263.0000049871336,251.42084
2024-09-05 04:00:00,aqi,PIIANN,98.0000002387086,102.04239
2025-11-08 17:00:00,aqi,PIIANN,47.00000033441701,48.17865
2022-12-04 21:00:00,aqi,PIIANN,132.00000065260957,127.61874
2023-03-03 04:00:00,aqi,PIIANN,224.00000008655365,229.523
2024-08-12 10:00:00,aqi,PIIANN,122.0000002779705,122.016846
2023-10-09 08:00:00,aqi,PIIANN,92.00000058717306,94.30396
2024-12-08 11:00:00,aqi,PIIANN,43.00000247755305,42.39338
2023-09-01 10:00:00,aqi,PIIANN,97.00000005793271,128.14894
2022-02-06 23:00:00,aqi,PIIANN,98.99999970292458,81.84608
2025-04-02 06:00:00,aqi,PIIANN,114.99999972909919,112.655045
2023-04-04 13:00:00,aqi,PIIANN,85.00000003830175,83.636116
2023-04-12 09:00:00,aqi,PIIANN,50.000001593304574,52.15636
2024-04-01 17:00:00,aqi,PIIANN,119.99999991641873,124.21473
2024-11-10 07:00:00,aqi,PIIANN,111.99999990333143,108.587204
2024-09-08 08:00:00,aqi,PIIANN,69.99999947634313,70.20718
2023-09-11 11:00:00,aqi,PIIANN,237.99999831805673,237.75076
2024-09-03 00:00:00,aqi,PIIANN,111.99999990333143,109.64345
2024-02-02 22:00:00,aqi,PIIANN,124.00000063952228,134.93307
2021-03-11 23:00:00,aqi,PIIANN,97.00000005793271,143.14206
2025-06-02 21:00:00,aqi,PIIANN,105.99999998308593,107.86386
2023-02-01 19:00:00,aqi,PIIANN,97.00000005793271,119.79722
2024-11-07 08:00:00,aqi,PIIANN,67.00000108369517,66.21135
2023-11-02 15:00:00,aqi,PIIANN,98.99999970292458,97.84884
2023-02-08 15:00:00,aqi,PIIANN,74.00000019944669,71.82656
2024-12-06 13:00:00,aqi,PIIANN,92.00000058717306,87.682816
2025-03-02 11:00:00,aqi,PIIANN,168.00000142806235,165.84982
2023-03-09 02:00:00,aqi,PIIANN,99.99999988370047,100.32012
2024-07-11 06:00:00,aqi,PIIANN,134.99999904525754,136.18263
2023-08-09 05:00:00,aqi,PIIANN,103.00000006774819,101.05903
2024-01-07 23:00:00,aqi,PIIANN,40.00000121866549,47.863674
2024-07-12 20:00:00,aqi,PIIANN,127.00000046529004,129.10075
2025-10-02 13:00:00,aqi,PIIANN,105.99999998308593,107.07083
2023-07-11 02:00:00,aqi,PIIANN,198.00000255197958,209.51822
2024-07-07 11:00:00,aqi,PIIANN,98.0000002387086,94.98223
2021-12-10 01:00:00,aqi,PIIANN,97.00000005793271,73.87067
2021-04-07 08:00:00,aqi,PIIANN,65.9999987532396,64.49995
2021-01-12 20:00:00,aqi,PIIANN,103.00000006774819,111.13452
2025-01-02 19:00:00,aqi,PIIANN,125.00000010373827,130.48592
2023-06-07 21:00:00,aqi,PIIANN,93.00000005138905,94.12364
2025-10-04 09:00:00,aqi,PIIANN,74.00000019944669,74.3378
2022-09-04 10:00:00,aqi,PIIANN,136.00000137571314,134.43694
2024-05-09 17:00:00,aqi,PIIANN,61.000001432159635,63.837475
2023-08-12 20:00:00,aqi,PIIANN,90.99999968983728,85.62068
2024-07-08 06:00:00,aqi,PIIANN,52.00000052173655,52.703262
2024-01-01 19:00:00,aqi,PIIANN,180.0000007311334,182.6385
2024-01-09 18:00:00,aqi,PIIANN,74.99999966366268,76.30963
2023-06-02 01:00:00,aqi,PIIANN,163.0000012407428,166.9224
2023-09-11 18:00:00,aqi,PIIANN,237.99999831805673,237.0972
2022-04-02 03:00:00,aqi,PIIANN,233.00000386321636,238.25716
2022-08-04 13:00:00,aqi,PIIANN,113.00000008410731,111.2193
2023-04-07 04:00:00,aqi,PIIANN,69.99999947634313,68.75092
2024-09-03 03:00:00,aqi,PIIANN,105.99999998308593,103.27107
2023-01-12 14:00:00,aqi,PIIANN,70.99999894055912,68.2581
2024-12-10 12:00:00,aqi,PIIANN,94.99999969638094,93.24276
2024-08-10 16:00:00,aqi,PIIANN,119.00000045220274,115.24259
2025-02-06 20:00:00,aqi,PIIANN,92.00000058717306,89.181404
2021-10-09 14:00:00,aqi,PIIANN,31.999999772458395,33.844666
2022-01-02 15:00:00,aqi,PIIANN,156.9999987229677,150.81737
2023-01-07 16:00:00,aqi,PIIANN,75.99999912787867,70.31604
2022-01-04 19:00:00,aqi,PIIANN,277.0000032186366,256.21884
2024-05-12 19:00:00,aqi,PIIANN,115.99999990987507,115.447525
2023-05-11 12:00:00,aqi,PIIANN,217.99999756877855,221.8491
2022-06-02 11:00:00,aqi,PIIANN,331.99999954667237,240.74365
2021-11-08 11:00:00,aqi,PIIANN,67.00000108369517,64.948845
2023-08-08 09:00:00,aqi,PIIANN,104.0000000693841,98.23864
2023-06-11 03:00:00,aqi,PIIANN,185.00000091845294,204.13007
2023-08-04 10:00:00,aqi,PIIANN,175.00000054381385,173.14001
2025-12-07 06:00:00,aqi,PIIANN,61.000001432159635,58.944294
2023-09-01 18:00:00,aqi,PIIANN,97.00000005793271,114.23566
2022-12-05 13:00:00,aqi,PIIANN,158.00000105342326,155.42734
2023-07-04 09:00:00,aqi,PIIANN,101.00000006447635,99.47481
2023-07-09 10:00:00,aqi,PIIANN,87.99999986406951,85.14904
2023-01-03 15:00:00,aqi,PIIANN,181.9999996595654,178.17084
2022-02-07 19:00:00,aqi,PIIANN,52.00000052173655,48.717815
2022-04-02 13:00:00,aqi,PIIANN,331.99999954667237,329.819
2024-02-04 10:00:00,aqi,PIIANN,145.9999988841126,145.16579
2021-05-09 06:00:00,aqi,PIIANN,42.00000014709747,42.817883
2024-04-12 09:00:00,aqi,PIIANN,114.99999972909919,116.89906
2023-09-05 21:00:00,aqi,PIIANN,97.00000005793271,95.40506
2023-09-01 16:00:00,aqi,PIIANN,97.00000005793271,112.178856
2023-06-10 04:00:00,aqi,PIIANN,97.00000005793271,104.895454
2023-04-09 22:00:00,aqi,PIIANN,97.00000005793271,100.497116
2022-01-06 02:00:00,aqi,PIIANN,106.99999998472185,105.99625
2024-09-05 03:00:00,aqi,PIIANN,98.0000002387086,101.17608
2023-08-03 22:00:00,aqi,PIIANN,92.00000058717306,93.838295
2022-02-02 11:00:00,aqi,PIIANN,188.9999987753169,187.82365
2023-09-07 16:00:00,aqi,PIIANN,122.99999974218649,127.10521
2024-03-10 08:00:00,aqi,PIIANN,103.00000006774819,104.34554
2023-10-03 05:00:00,aqi,PIIANN,98.0000002387086,95.16325
2021-10-08 21:00:00,aqi,PIIANN,69.99999947634313,68.67365
2024-07-05 01:00:00,aqi,PIIANN,87.00000039985352,97.014694
2023-11-09 12:00:00,aqi,PIIANN,94.99999969638094,91.64856
2025-09-04 18:00:00,aqi,PIIANN,109.00000007756366,106.794685
2023-06-05 11:00:00,aqi,PIIANN,85.99999950251774,81.095055
2024-08-09 08:00:00,aqi,PIIANN,76.99999859209466,75.62411
2023-02-11 21:00:00,aqi,PIIANN,190.00000110577247,198.24146
2024-05-04 16:00:00,aqi,PIIANN,76.99999859209466,76.49225
2022-08-06 09:00:00,aqi,PIIANN,90.00000022562129,84.88726
2025-05-02 02:00:00,aqi,PIIANN,93.99999951560504,91.00099
2023-03-08 02:00:00,aqi,PIIANN,81.9999987794142,82.2295
2025-11-04 12:00:00,aqi,PIIANN,153.00000086610373,85.16802
2025-06-04 21:00:00,aqi,PIIANN,75.99999912787867,77.8637
2025-02-08 18:00:00,aqi,PIIANN,63.99999982480761,63.155235
2024-03-03 05:00:00,aqi,PIIANN,97.00000005793271,95.58513
2023-06-08 05:00:00,aqi,PIIANN,109.00000007756366,101.98116
2023-08-10 11:00:00,aqi,PIIANN,117.00000009065096,114.74128
2024-06-07 21:00:00,aqi,PIIANN,85.00000003830175,82.35489
2022-06-03 05:00:00,aqi,PIIANN,206.00000399818668,196.04503
2021-11-08 00:00:00,aqi,PIIANN,70.99999894055912,65.99813
2023-11-05 05:00:00,aqi,PIIANN,97.00000005793271,98.504745
2023-08-08 12:00:00,aqi,PIIANN,105.99999998308593,101.398796
2025-01-05 02:00:00,aqi,PIIANN,85.99999950251774,94.356384
2024-10-09 17:00:00,aqi,PIIANN,68.00000054791116,66.66901
2022-04-06 07:00:00,aqi,PIIANN,101.00000006447635,100.73326
2024-03-02 18:00:00,aqi,PIIANN,170.00000035649433,168.34737
2023-11-01 15:00:00,aqi,PIIANN,97.00000005793271,107.89227
2021-11-09 21:00:00,aqi,PIIANN,38.999998888209916,38.871803
2024-04-02 18:00:00,aqi,PIIANN,217.99999756877855,219.29552
2024-07-12 05:00:00,aqi,PIIANN,119.99999991641873,121.62486
2023-02-01 20:00:00,aqi,PIIANN,97.00000005793271,122.94102
2025-08-02 15:00:00,aqi,PIIANN,72.0000012710147,71.941696
2025-03-06 14:00:00,aqi,PIIANN,82.99999967674998,82.851494
2024-08-07 20:00:00,aqi,PIIANN,95.99999987715682,97.88625
2025-06-02 04:00:00,aqi,PIIANN,104.99999998145002,107.33434
2023-06-08 02:00:00,aqi,PIIANN,109.9999999000596,108.574135
2024-03-06 04:00:00,aqi,PIIANN,87.99999986406951,85.096214
2023-09-11 14:00:00,aqi,PIIANN,243.00000423785542,236.15416
2023-04-10 05:00:00,aqi,PIIANN,75.99999912787867,79.92711
2025-10-08 14:00:00,aqi,PIIANN,50.99999819128097,49.48257
2024-02-08 07:00:00,aqi,PIIANN,35.99999762932235,37.59498
2023-04-08 22:00:00,aqi,PIIANN,87.00000039985352,95.21348
2024-01-08 06:00:00,aqi,PIIANN,67.00000108369517,64.717224
2025-07-07 05:00:00,aqi,PIIANN,48.999999262848995,47.718437
2025-02-05 14:00:00,aqi,PIIANN,81.9999987794142,80.78226
2022-06-04 22:00:00,aqi,PIIANN,114.99999972909919,123.83623
2021-03-12 14:00:00,aqi,PIIANN,99.99999988370047,93.46774
2023-04-07 09:00:00,aqi,PIIANN,69.00000001212715,64.86552
2024-02-02 18:00:00,aqi,PIIANN,108.00000007592774,107.95192
2021-04-12 11:00:00,aqi,PIIANN,101.00000006447635,98.227684
2025-04-03 15:00:00,aqi,PIIANN,119.99999991641873,119.465126
2023-08-02 22:00:00,aqi,PIIANN,149.99999960721618,147.9937
2025-10-06 17:00:00,aqi,PIIANN,81.9999987794142,84.50506
2021-05-09 05:00:00,aqi,PIIANN,43.00000247755305,43.122364
2021-10-12 16:00:00,aqi,PIIANN,109.9999999000596,110.77116
2021-01-10 20:00:00,aqi,PIIANN,70.99999894055912,72.86035
2021-12-07 20:00:00,aqi,PIIANN,40.999997816641894,46.87574
2024-06-11 00:00:00,aqi,PIIANN,124.00000063952228,104.76061
2021-02-07 20:00:00,aqi,PIIANN,69.00000001212715,67.37453
2023-08-02 08:00:00,aqi,PIIANN,152.00000140188774,146.53273
2021-12-07 09:00:00,aqi,PIIANN,55.00000178062411,54.043377
2024-05-03 20:00:00,aqi,PIIANN,109.00000007756366,106.95262
2022-07-05 11:00:00,aqi,PIIANN,234.00000046119274,229.21912
2025-02-02 08:00:00,aqi,PIIANN,125.00000010373827,126.51749
2024-01-11 10:00:00,aqi,PIIANN,138.9999997683611,134.69348
2023-10-08 09:00:00,aqi,PIIANN,90.99999968983728,87.27708
2024-09-09 14:00:00,aqi,PIIANN,85.00000003830175,82.33299
2024-08-10 08:00:00,aqi,PIIANN,111.99999990333143,112.7164
2022-07-06 23:00:00,aqi,PIIANN,93.00000005138905,77.92883
2022-01-05 14:00:00,aqi,PIIANN,98.99999970292458,100.3291
2025-10-03 19:00:00,aqi,PIIANN,158.00000105342326,157.6985
2024-07-07 03:00:00,aqi,PIIANN,97.00000005793271,98.09472
2022-12-05 01:00:00,aqi,PIIANN,97.00000005793271,126.27667
2025-03-01 10:00:00,aqi,PIIANN,138.00000030414512,137.09029
2025-12-07 21:00:00,aqi,PIIANN,52.00000052173655,52.723225
2022-08-04 12:00:00,aqi,PIIANN,114.0000002648832,111.30585
2023-04-09 02:00:00,aqi,PIIANN,95.99999987715682,97.08115
2021-07-08 08:00:00,aqi,PIIANN,79.99999985098222,76.93733
2021-03-13 02:00:00,aqi,PIIANN,97.00000005793271,120.83635
2023-07-08 14:00:00,aqi,PIIANN,90.00000022562129,90.120476
2025-05-03 23:00:00,aqi,PIIANN,117.00000009065096,109.62836
2023-09-12 08:00:00,aqi,PIIANN,87.00000039985352,86.45851
2023-07-05 14:00:00,aqi,PIIANN,108.00000007592774,103.94085
2025-12-02 06:00:00,aqi,PIIANN,99.99999988370047,100.78101
2024-01-01 10:00:00,aqi,PIIANN,173.00000161538188,174.81093
2024-11-13 02:00:00,aqi,PIIANN,97.00000005793271,133.64355
2025-01-05 17:00:00,aqi,PIIANN,85.00000003830175,85.607956
2021-04-12 00:00:00,aqi,PIIANN,101.99999988697229,151.36977
2023-05-10 07:00:00,aqi,PIIANN,114.0000002648832,117.20367
2023-06-12 22:00:00,aqi,PIIANN,65.9999987532396,71.36791
2025-08-06 08:00:00,aqi,PIIANN,95.99999987715682,96.30417
2025-03-02 01:00:00,aqi,PIIANN,166.99999909760675,158.57588
2024-06-03 15:00:00,aqi,PIIANN,120.99999938063472,119.5038
2023-12-10 08:00:00,aqi,PIIANN,111.99999990333143,114.54233
2025-09-08 03:00:00,aqi,PIIANN,68.00000054791116,66.92568
2022-09-04 23:00:00,aqi,PIIANN,119.99999991641873,116.31435
2023-04-12 00:00:00,aqi,PIIANN,59.999999101704056,141.49869
2022-02-06 01:00:00,aqi,PIIANN,101.00000006447635,105.09702
2021-12-08 14:00:00,aqi,PIIANN,58.99999963748807,56.570053
2025-03-08 03:00:00,aqi,PIIANN,61.000001432159635,57.77802
2024-06-07 20:00:00,aqi,PIIANN,81.9999987794142,80.94026
2024-10-01 22:00:00,aqi,PIIANN,136.00000137571314,134.07523
2024-10-10 08:00:00,aqi,PIIANN,114.99999972909919,114.86492
2025-03-05 02:00:00,aqi,PIIANN,81.9999987794142,69.999
2023-11-02 12:00:00,aqi,PIIANN,101.99999988697229,104.00566
2024-12-12 08:00:00,aqi,PIIANN,118.00000027142686,116.91042
2023-06-03 07:00:00,aqi,PIIANN,134.99999904525754,132.93988
2021-06-08 19:00:00,aqi,PIIANN,79.99999985098222,77.51774
2024-06-12 10:00:00,aqi,PIIANN,111.99999990333143,111.17023
2024-06-03 04:00:00,aqi,PIIANN,114.99999972909919,121.5686
2024-10-02 20:00:00,aqi,PIIANN,98.99999970292458,96.77491
2024-07-07 21:00:00,aqi,PIIANN,95.99999987715682,95.96212
2025-11-05 07:00:00,aqi,PIIANN,88.9999993282855,91.33547
2022-01-02 19:00:00,aqi,PIIANN,163.0000012407428,160.23111
2021-01-08 02:00:00,aqi,PIIANN,53.00000285219213,54.969883
2025-10-07 19:00:00,aqi,PIIANN,84.00000057408576,83.83263
2023-03-11 13:00:00,aqi,PIIANN,231.99999580028157,224.98201
2025-10-05 02:00:00,aqi,PIIANN,80.99999931519821,83.725945
2024-01-07 10:00:00,aqi,PIIANN,43.99999907552945,46.70006
2023-09-10 15:00:00,aqi,PIIANN,94.99999969638094,95.029785
2023-04-01 10:00:00,aqi,PIIANN,97.00000005793271,123.88518
2021-10-12 19:00:00,aqi,PIIANN,111.00000008083549,112.0771
2025-05-02 12:00:00,aqi,PIIANN,90.00000022562129,91.50057
2022-12-06 12:00:00,aqi,PIIANN,62.00000089637563,61.714592
2023-04-11 05:00:00,aqi,PIIANN,244.00000083583183,237.16302
2022-12-06 16:00:00,aqi,PIIANN,69.00000001212715,63.481625
2025-07-07 13:00:00,aqi,PIIANN,47.00000033441701,49.32578
2023-02-10 15:00:00,aqi,PIIANN,47.00000033441701,49.057766
2022-03-05 00:00:00,aqi,PIIANN,97.00000005793271,152.63083
2022-07-04 16:00:00,aqi,PIIANN,180.99999732910982,174.3931
2025-03-02 08:00:00,aqi,PIIANN,183.99999858799737,183.51952
2025-09-03 06:00:00,aqi,PIIANN,139.9999992325771,138.48277
2024-02-12 19:00:00,aqi,PIIANN,120.99999938063472,121.87247
2021-08-12 23:00:00,aqi,PIIANN,108.00000007592774,121.16837
2024-11-04 05:00:00,aqi,PIIANN,113.00000008410731,113.99109
2024-02-09 06:00:00,aqi,PIIANN,97.00000005793271,67.18188
2024-10-10 14:00:00,aqi,PIIANN,114.0000002648832,116.013664
2024-04-10 05:00:00,aqi,PIIANN,81.9999987794142,83.70558
2021-01-10 23:00:00,aqi,PIIANN,74.00000019944669,84.443016
2024-04-02 02:00:00,aqi,PIIANN,173.99999821335828,176.04596
2025-10-08 23:00:00,aqi,PIIANN,55.00000178062411,58.7131
2025-12-08 22:00:00,aqi,PIIANN,45.00000140598503,48.95409
2025-04-09 01:00:00,aqi,PIIANN,97.00000005793271,82.77667
2023-07-12 10:00:00,aqi,PIIANN,75.99999912787867,73.009315
2023-06-11 12:00:00,aqi,PIIANN,193.99999896263643,189.47072
2022-10-02 17:00:00,aqi,PIIANN,99.99999988370047,98.22204
2023-04-12 04:00:00,aqi,PIIANN,55.00000178062411,60.561512
2024-05-07 10:00:00,aqi,PIIANN,69.00000001212715,68.48631
2024-11-02 03:00:00,aqi,PIIANN,92.00000058717306,90.58585
2021-08-08 00:00:00,aqi,PIIANN,81.9999987794142,84.05317
2024-01-11 11:00:00,aqi,PIIANN,138.9999997683611,134.22435
2023-02-11 13:00:00,aqi,PIIANN,183.99999858799737,182.97772
2023-10-02 21:00:00,aqi,PIIANN,173.00000161538188,177.90758
2023-09-12 21:00:00,aqi,PIIANN,85.99999950251774,89.38046
2024-09-08 18:00:00,aqi,PIIANN,67.00000108369517,66.636765
2024-02-01 20:00:00,aqi,PIIANN,159.99999998185524,174.8281
2021-05-07 15:00:00,aqi,PIIANN,81.9999987794142,82.17598
2022-08-05 02:00:00,aqi,PIIANN,240.99999957694428,249.65794
2024-10-07 07:00:00,aqi,PIIANN,82.99999967674998,82.08739
2024-10-03 16:00:00,aqi,PIIANN,118.00000027142686,116.183395
2021-06-12 00:00:00,aqi,PIIANN,173.99999821335828,133.73997
2024-04-11 15:00:00,aqi,PIIANN,114.99999972909919,112.05127
2024-02-03 00:00:00,aqi,PIIANN,97.00000005793271,131.16002
2025-10-07 21:00:00,aqi,PIIANN,81.9999987794142,84.061676
2021-01-07 07:00:00,aqi,PIIANN,58.99999963748807,58.128624
2025-01-06 04:00:00,aqi,PIIANN,98.99999970292458,98.87294
2024-11-08 02:00:00,aqi,PIIANN,48.00000266487259,53.295856
2025-03-04 14:00:00,aqi,PIIANN,173.99999821335828,164.90616
2025-10-05 16:00:00,aqi,PIIANN,93.99999951560504,89.233765
2024-02-03 19:00:00,aqi,PIIANN,108.00000007592774,112.20955
2024-04-07 03:00:00,aqi,PIIANN,72.0000012710147,71.98972
2023-11-08 16:00:00,aqi,PIIANN,90.00000022562129,92.64366
2023-09-05 17:00:00,aqi,PIIANN,97.00000005793271,96.12427
2023-07-02 22:00:00,aqi,PIIANN,118.00000027142686,126.115715
2023-01-11 07:00:00,aqi,PIIANN,180.99999732910982,178.87912
2024-11-11 01:00:00,aqi,PIIANN,118.00000027142686,126.40402
2025-02-08 11:00:00,aqi,PIIANN,63.00000036059162,60.646576
2024-12-05 21:00:00,aqi,PIIANN,98.0000002387086,96.09992
2024-02-12 06:00:00,aqi,PIIANN,117.00000009065096,119.29253
2021-09-08 11:00:00,aqi,PIIANN,82.99999967674998,81.88079
2022-02-06 02:00:00,aqi,PIIANN,101.00000006447635,104.96328
2021-07-12 23:00:00,aqi,PIIANN,119.00000045220274,130.81276
2022-01-04 13:00:00,aqi,PIIANN,254.00000121047088,248.96329
2025-07-03 16:00:00,aqi,PIIANN,156.00000212499128,152.54173
2023-04-08 03:00:00,aqi,PIIANN,85.00000003830175,84.17808
2025-05-02 05:00:00,aqi,PIIANN,90.99999968983728,91.46944
2025-12-04 13:00:00,aqi,PIIANN,82.99999967674998,75.54145
2024-03-03 04:00:00,aqi,PIIANN,98.0000002387086,96.548615
2022-09-04 14:00:00,aqi,PIIANN,134.99999904525754,130.53159
2024-07-07 00:00:00,aqi,PIIANN,94.99999969638094,86.91249
2024-12-05 00:00:00,aqi,PIIANN,84.00000057408576,100.761604
2022-05-06 08:00:00,aqi,PIIANN,97.00000005793271,80.11178
2024-05-10 09:00:00,aqi,PIIANN,85.00000003830175,82.978355
2023-07-03 09:00:00,aqi,PIIANN,120.99999938063472,117.07476
2024-04-12 08:00:00,aqi,PIIANN,115.99999990987507,117.78419
2021-01-09 04:00:00,aqi,PIIANN,36.99999995977794,41.670486
2024-03-01 20:00:00,aqi,PIIANN,149.0000001430002,155.22232
2024-01-04 04:00:00,aqi,PIIANN,94.99999969638094,103.85308
2025-06-05 00:00:00,aqi,PIIANN,95.99999987715682,78.353775
2023-07-11 19:00:00,aqi,PIIANN,188.9999987753169,177.17017
2023-09-12 06:00:00,aqi,PIIANN,85.00000003830175,82.69138
2021-02-12 08:00:00,aqi,PIIANN,99.99999988370047,99.26097
2024-10-02 02:00:00,aqi,PIIANN,104.0000000693841,109.52114
2022-07-02 10:00:00,aqi,PIIANN,207.99999719413947,209.46982
2023-05-12 15:00:00,aqi,PIIANN,50.000001593304574,50.47139
2023-11-11 08:00:00,aqi,PIIANN,207.99999719413947,208.24869
2024-12-01 08:00:00,aqi,PIIANN,120.99999938063472,122.95404
2025-10-02 20:00:00,aqi,PIIANN,114.0000002648832,108.33872
2023-07-10 07:00:00,aqi,PIIANN,109.00000007756366,108.57786
2024-02-06 16:00:00,aqi,PIIANN,95.99999987715682,97.04816
2023-11-09 13:00:00,aqi,PIIANN,95.99999987715682,92.105545
2021-11-08 01:00:00,aqi,PIIANN,70.99999894055912,69.63224
2025-06-09 02:00:00,aqi,PIIANN,97.00000005793271,95.64133
2025-12-04 05:00:00,aqi,PIIANN,85.99999950251774,91.30291
2022-07-04 10:00:00,aqi,PIIANN,161.99999891028722,156.42947
2023-06-03 20:00:00,aqi,PIIANN,168.00000142806235,174.48611
2025-10-02 03:00:00,aqi,PIIANN,95.99999987715682,100.907814
2025-08-04 06:00:00,aqi,PIIANN,104.0000000693841,102.94649
2025-04-07 05:00:00,aqi,PIIANN,53.00000285219213,52.16117
2022-04-07 05:00:00,aqi,PIIANN,48.00000266487259,49.81995
2024-01-03 10:00:00,aqi,PIIANN,204.99999593525192,195.05481
2024-08-03 07:00:00,aqi,PIIANN,143.00000049146465,137.94812
2023-01-10 01:00:00,aqi,PIIANN,69.00000001212715,80.82247
2021-03-08 12:00:00,aqi,PIIANN,53.00000285219213,53.914696
2024-01-12 09:00:00,aqi,PIIANN,130.0000002910578,129.54672
2022-02-02 16:00:00,aqi,PIIANN,173.99999821335828,171.71959
2024-08-03 00:00:00,aqi,PIIANN,143.99999995568064,117.042564
2023-01-05 20:00:00,aqi,PIIANN,59.999999101704056,58.39793
2021-01-08 16:00:00,aqi,PIIANN,55.00000178062411,54.38155
2022-07-07 10:00:00,aqi,PIIANN,48.00000266487259,46.112946
2022-07-01 15:00:00,aqi,PIIANN,81.9999987794142,78.09772
2024-11-11 14:00:00,aqi,PIIANN,111.00000008083549,110.23686
2021-09-07 18:00:00,aqi,PIIANN,79.00000038676623,77.1994
2025-02-05 23:00:00,aqi,PIIANN,79.99999985098222,76.37376
2023-10-01 10:00:00,aqi,PIIANN,97.00000005793271,133.4472
2021-10-09 17:00:00,aqi,PIIANN,33.00000210291398,31.777845
2021-09-12 14:00:00,aqi,PIIANN,106.99999998472185,105.96334
2023-06-04 08:00:00,aqi,PIIANN,104.0000000693841,105.716415
2025-10-05 13:00:00,aqi,PIIANN,93.99999951560504,88.9815
2022-01-03 13:00:00,aqi,PIIANN,137.00000083992913,135.25403
2023-06-09 09:00:00,aqi,PIIANN,85.99999950251774,85.82516
2021-12-07 11:00:00,aqi,PIIANN,53.00000285219213,53.972176
2025-04-01 18:00:00,aqi,PIIANN,195.000001293092,195.82726
2025-10-07 17:00:00,aqi,PIIANN,85.00000003830175,83.19071
2025-05-04 21:00:00,aqi,PIIANN,152.00000140188774,127.040344
2021-11-12 20:00:00,aqi,PIIANN,109.9999999000596,113.077805
2025-02-03 05:00:00,aqi,PIIANN,94.99999969638094,101.55589
2024-12-08 21:00:00,aqi,PIIANN,47.00000033441701,49.85556
2023-08-01 22:00:00,aqi,PIIANN,97.00000005793271,171.59996
2023-03-06 10:00:00,aqi,PIIANN,97.00000005793271,113.46335
2021-03-08 15:00:00,aqi,PIIANN,53.00000285219213,53.775116
2022-01-07 06:00:00,aqi,PIIANN,45.99999800396143,45.878403
2024-01-02 22:00:00,aqi,PIIANN,104.0000000693841,112.53305
2024-08-01 21:00:00,aqi,PIIANN,106.99999998472185,109.27139
2025-07-03 15:00:00,aqi,PIIANN,156.00000212499128,150.70874
2021-07-08 03:00:00,aqi,PIIANN,76.99999859209466,78.643616
2024-03-05 02:00:00,aqi,PIIANN,220.0000022296897,229.12073
2023-11-12 20:00:00,aqi,PIIANN,92.00000058717306,90.68797
2025-05-03 15:00:00,aqi,PIIANN,133.99999958104155,135.04424
2024-11-03 05:00:00,aqi,PIIANN,149.99999960721618,148.54343
2023-12-02 00:00:00,aqi,PIIANN,98.0000002387086,139.54791
2022-02-05 12:00:00,aqi,PIIANN,93.99999951560504,94.06251
2023-07-02 12:00:00,aqi,PIIANN,113.00000008410731,113.73101
2022-06-04 08:00:00,aqi,PIIANN,118.00000027142686,121.459496
2024-09-10 03:00:00,aqi,PIIANN,120.99999938063472,129.4267
2025-04-07 15:00:00,aqi,PIIANN,43.99999907552945,47.519077
2024-12-08 03:00:00,aqi,PIIANN,43.99999907552945,50.535553
2025-08-02 01:00:00,aqi,PIIANN,80.99999931519821,90.25982
2022-06-05 13:00:00,aqi,PIIANN,185.99999751642935,178.41606
2024-05-05 08:00:00,aqi,PIIANN,87.99999986406951,87.479935
2025-10-01 18:00:00,aqi,PIIANN,122.0000002779705,121.02109
2023-02-07 12:00:00,aqi,PIIANN,69.99999947634313,69.51065
2024-02-06 02:00:00,aqi,PIIANN,93.99999951560504,82.17412
2024-09-02 05:00:00,aqi,PIIANN,113.00000008410731,114.81118
2023-10-04 21:00:00,aqi,PIIANN,173.99999821335828,168.06674
2023-07-12 17:00:00,aqi,PIIANN,78.00000092255024,76.27096
2025-12-07 12:00:00,aqi,PIIANN,57.99999730703249,57.875496
2022-08-03 15:00:00,aqi,PIIANN,170.00000035649433,171.50075
2024-12-12 14:00:00,aqi,PIIANN,117.00000009065096,114.291084
2024-06-04 08:00:00,aqi,PIIANN,75.99999912787867,77.21206
2024-01-02 05:00:00,aqi,PIIANN,153.00000086610373,151.75865
2023-08-09 00:00:00,aqi,PIIANN,101.99999988697229,89.510895
2023-03-03 13:00:00,aqi,PIIANN,244.99999743380823,242.98627
2021-07-09 11:00:00,aqi,PIIANN,55.99999837860051,59.07555
2025-11-02 17:00:00,aqi,PIIANN,111.00000008083549,107.6329
2024-11-10 05:00:00,aqi,PIIANN,113.00000008410731,110.2604
2024-06-03 03:00:00,aqi,PIIANN,114.99999972909919,119.741066
2024-09-01 08:00:00,aqi,PIIANN,119.99999991641873,119.967354
2025-07-06 22:00:00,aqi,PIIANN,98.99999970292458,96.8392
2023-11-05 06:00:00,aqi,PIIANN,97.00000005793271,97.66405
2023-05-07 14:00:00,aqi,PIIANN,69.00000001212715,67.94601
2022-02-06 03:00:00,aqi,PIIANN,99.99999988370047,102.422424
2025-04-02 01:00:00,aqi,PIIANN,132.00000065260957,117.70028
2022-08-06 00:00:00,aqi,PIIANN,93.00000005138905,116.08496
2021-07-09 15:00:00,aqi,PIIANN,55.00000178062411,56.068962
2025-08-04 18:00:00,aqi,PIIANN,113.00000008410731,110.60259
2025-01-03 01:00:00,aqi,PIIANN,138.00000030414512,145.05858
2023-02-12 01:00:00,aqi,PIIANN,68.00000054791116,67.62859
2023-02-03 12:00:00,aqi,PIIANN,185.99999751642935,185.82451
2022-02-01 23:00:00,aqi,PIIANN,104.0000000693841,123.33586
2025-08-06 05:00:00,aqi,PIIANN,97.00000005793271,96.39397
2024-09-09 03:00:00,aqi,PIIANN,79.00000038676623,88.35793
2025-11-08 11:00:00,aqi,PIIANN,50.99999819128097,49.881462
2024-11-07 05:00:00,aqi,PIIANN,65.9999987532396,65.524414
2021-08-12 07:00:00,aqi,PIIANN,111.99999990333143,107.96795
2023-07-05 01:00:00,aqi,PIIANN,73.00000073523069,88.80174
2024-11-11 07:00:00,aqi,PIIANN,114.0000002648832,111.99429
2022-05-03 17:00:00,aqi,PIIANN,195.9999978910684,194.555
2021-06-13 02:00:00,aqi,PIIANN,97.00000005793271,124.5157
2023-02-06 05:00:00,aqi,PIIANN,97.00000005793271,104.362335
2022-04-01 19:00:00,aqi,PIIANN,142.00000102724866,152.7721
2022-07-04 01:00:00,aqi,PIIANN,120.99999938063472,100.56936
2025-09-07 05:00:00,aqi,PIIANN,67.00000108369517,68.72529
2021-12-12 13:00:00,aqi,PIIANN,109.00000007756366,109.10209
2023-06-02 23:00:00,aqi,PIIANN,156.00000212499128,156.71371
2023-12-12 05:00:00,aqi,PIIANN,85.99999950251774,91.35467
2024-02-12 13:00:00,aqi,PIIANN,119.99999991641873,119.373405
2021-07-07 10:00:00,aqi,PIIANN,90.99999968983728,86.54347
2025-07-07 17:00:00,aqi,PIIANN,45.99999800396143,51.623676
2024-05-06 23:00:00,aqi,PIIANN,101.99999988697229,92.13734
2023-09-05 11:00:00,aqi,PIIANN,90.99999968983728,94.27861
2022-03-07 21:00:00,aqi,PIIANN,48.00000266487259,47.819023
2023-07-10 11:00:00,aqi,PIIANN,109.9999999000596,108.15716
2024-12-07 08:00:00,aqi,PIIANN,55.99999837860051,57.88911
2024-09-04 10:00:00,aqi,PIIANN,145.9999988841126,144.61469
2023-08-05 01:00:00,aqi,PIIANN,103.00000006774819,93.78718
2021-04-12 10:00:00,aqi,PIIANN,101.00000006447635,97.298996
2023-02-09 22:00:00,aqi,PIIANN,101.00000006447635,96.779884
2024-04-04 07:00:00,aqi,PIIANN,73.00000073523069,75.647026
2022-05-07 00:00:00,aqi,PIIANN,53.99999945016853,85.54915
2022-05-05 14:00:00,aqi,PIIANN,97.00000005793271,109.83929
2024-08-01 09:00:00,aqi,PIIANN,104.99999998145002,103.01135
2024-09-12 01:00:00,aqi,PIIANN,111.00000008083549,117.889366
2024-01-03 06:00:00,aqi,PIIANN,195.9999978910684,184.99448
2023-11-07 10:00:00,aqi,PIIANN,127.99999992950603,129.3419
2023-01-11 17:00:00,aqi,PIIANN,207.0000005961631,203.72726
2022-03-03 10:00:00,aqi,PIIANN,159.99999998185524,160.23795
2023-02-09 08:00:00,aqi,PIIANN,101.00000006447635,100.60282
2025-01-05 18:00:00,aqi,PIIANN,84.00000057408576,86.2078
2025-04-04 17:00:00,aqi,PIIANN,111.00000008083549,112.6701
2025-01-05 10:00:00,aqi,PIIANN,85.99999950251774,83.97823
2024-03-02 05:00:00,aqi,PIIANN,168.00000142806235,166.3513
2023-02-12 19:00:00,aqi,PIIANN,62.00000089637563,62.203197
2023-06-01 16:00:00,aqi,PIIANN,97.00000005793271,113.26137
2023-07-11 04:00:00,aqi,PIIANN,192.00000003420445,193.1974
2022-06-06 22:00:00,aqi,PIIANN,95.99999987715682,87.45965
2022-02-05 05:00:00,aqi,PIIANN,88.9999993282855,91.04831
2024-09-03 09:00:00,aqi,PIIANN,93.99999951560504,92.58864
2024-06-06 22:00:00,aqi,PIIANN,94.99999969638094,90.782394
2022-01-07 02:00:00,aqi,PIIANN,48.00000266487259,50.582447
2022-12-06 22:00:00,aqi,PIIANN,74.00000019944669,69.294464
2023-02-05 16:00:00,aqi,PIIANN,63.99999982480761,61.97399
2023-05-10 15:00:00,aqi,PIIANN,106.99999998472185,107.41845
2024-04-03 14:00:00,aqi,PIIANN,85.99999950251774,82.59304
2023-01-11 05:00:00,aqi,PIIANN,173.00000161538188,172.1789
2022-06-02 04:00:00,aqi,PIIANN,333.9999927426252,335.38654
2021-01-13 00:00:00,aqi,PIIANN,97.00000005793271,109.96406
2025-01-08 16:00:00,aqi,PIIANN,68.00000054791116,66.49716
2024-11-10 12:00:00,aqi,PIIANN,104.99999998145002,102.81049
2022-05-02 21:00:00,aqi,PIIANN,329.00000975274315,326.26758
2022-08-06 12:00:00,aqi,PIIANN,90.99999968983728,87.106735
2022-06-03 23:00:00,aqi,PIIANN,224.00000008655365,207.4486
2023-08-10 10:00:00,aqi,PIIANN,118.00000027142686,115.11258
2023-06-10 23:00:00,aqi,PIIANN,105.99999998308593,115.50926
2021-12-07 14:00:00,aqi,PIIANN,48.999999262848995,50.144226
2023-01-04 01:00:00,aqi,PIIANN,78.00000092255024,73.888145
2024-09-10 14:00:00,aqi,PIIANN,115.99999990987507,111.68022
2021-04-08 03:00:00,aqi,PIIANN,59.999999101704056,58.22349
2023-04-04 03:00:00,aqi,PIIANN,84.00000057408576,87.73394
2024-07-04 21:00:00,aqi,PIIANN,68.00000054791116,67.09289
2023-07-11 07:00:00,aqi,PIIANN,186.99999984688492,183.1749
2024-05-06 09:00:00,aqi,PIIANN,109.00000007756366,108.12303
2025-06-06 03:00:00,aqi,PIIANN,111.00000008083549,112.65808
2024-11-05 11:00:00,aqi,PIIANN,82.99999967674998,83.566284
2022-09-02 21:00:00,aqi,PIIANN,114.0000002648832,118.77788
2021-01-08 18:00:00,aqi,PIIANN,53.00000285219213,54.347836
2025-05-02 03:00:00,aqi,PIIANN,93.00000005138905,95.662796
2023-11-04 06:00:00,aqi,PIIANN,153.00000086610373,158.34294
2021-11-07 23:00:00,aqi,PIIANN,68.00000054791116,63.949375
2024-04-01 12:00:00,aqi,PIIANN,130.0000002910578,133.75488
2022-07-06 15:00:00,aqi,PIIANN,84.00000057408576,83.315735
2022-10-04 19:00:00,aqi,PIIANN,103.00000006774819,97.787224
2023-06-02 10:00:00,aqi,PIIANN,158.99999765139967,155.47282
2025-09-05 07:00:00,aqi,PIIANN,81.9999987794142,78.82376
2021-11-08 09:00:00,aqi,PIIANN,68.00000054791116,64.2975
2021-07-09 19:00:00,aqi,PIIANN,52.00000052173655,51.330994
2024-06-06 15:00:00,aqi,PIIANN,95.99999987715682,95.15051
2022-07-04 09:00:00,aqi,PIIANN,158.00000105342326,160.99722
2021-09-10 00:00:00,aqi,PIIANN,97.00000005793271,48.29181
2023-01-11 21:00:00,aqi,PIIANN,206.00000399818668,209.78273
2025-07-06 19:00:00,aqi,PIIANN,101.99999988697229,104.137955
2025-06-07 19:00:00,aqi,PIIANN,48.00000266487259,46.819595
2024-12-02 23:00:00,aqi,PIIANN,104.99999998145002,121.403885
2023-03-01 17:00:00,aqi,PIIANN,97.00000005793271,114.98523
2024-09-01 19:00:00,aqi,PIIANN,139.9999992325771,139.00568
2023-06-10 18:00:00,aqi,PIIANN,101.99999988697229,102.44309
2024-07-09 05:00:00,aqi,PIIANN,68.00000054791116,70.75359
2022-06-05 19:00:00,aqi,PIIANN,193.99999896263643,203.37141
2022-03-02 04:00:00,aqi,PIIANN,171.9999992849263,173.37202
2021-11-08 06:00:00,aqi,PIIANN,69.00000001212715,66.22402
2024-05-13 02:00:00,aqi,PIIANN,97.00000005793271,133.41939
2024-06-10 04:00:00,aqi,PIIANN,74.00000019944669,76.83656
2023-09-11 23:00:00,aqi,PIIANN,234.99999705916912,191.91379
2021-03-12 10:00:00,aqi,PIIANN,98.99999970292458,93.52913
2022-12-05 08:00:00,aqi,PIIANN,153.00000086610373,149.2691
2022-01-05 23:00:00,aqi,PIIANN,88.9999993282855,84.21794
2023-11-09 00:00:00,aqi,PIIANN,98.99999970292458,101.340355
2025-11-03 22:00:00,aqi,PIIANN,97.00000005793271,146.70497
2025-08-05 07:00:00,aqi,PIIANN,99.99999988370047,99.398315
2024-05-04 12:00:00,aqi,PIIANN,78.00000092255024,78.07243
2022-12-04 23:00:00,aqi,PIIANN,131.00000118839358,119.436874
2022-08-06 15:00:00,aqi,PIIANN,88.9999993282855,86.65588
2023-01-05 05:00:00,aqi,PIIANN,58.99999963748807,61.542625
2023-02-05 17:00:00,aqi,PIIANN,97.00000005793271,62.95443
2025-12-01 13:00:00,aqi,PIIANN,338.0000020644475,332.84363
2023-03-12 18:00:00,aqi,PIIANN,61.000001432159635,62.176563
2022-04-04 01:00:00,aqi,PIIANN,171.0000026869499,179.65242
2024-01-11 01:00:00,aqi,PIIANN,145.9999988841126,131.24576
2025-10-05 21:00:00,aqi,PIIANN,93.99999951560504,90.85649
2024-09-11 16:00:00,aqi,PIIANN,133.00000011682556,132.3713
2024-06-11 23:00:00,aqi,PIIANN,127.00000046529004,128.65395
2024-11-10 01:00:00,aqi,PIIANN,115.99999990987507,117.689095
2024-10-02 13:00:00,aqi,PIIANN,99.99999988370047,94.84653
2024-05-10 05:00:00,aqi,PIIANN,85.99999950251774,85.19175
2021-06-11 16:00:00,aqi,PIIANN,119.99999991641873,115.19201
2023-12-04 07:00:00,aqi,PIIANN,95.99999987715682,94.393364
2025-11-05 15:00:00,aqi,PIIANN,79.99999985098222,79.78689
2022-07-03 05:00:00,aqi,PIIANN,219.0000056317133,219.70052
2021-01-12 23:00:00,aqi,PIIANN,101.99999988697229,111.72575
2023-03-10 15:00:00,aqi,PIIANN,36.99999995977794,46.676655
2022-05-06 23:00:00,aqi,PIIANN,92.00000058717306,86.267006
2021-10-09 16:00:00,aqi,PIIANN,33.00000210291398,32.817863
2024-10-03 14:00:00,aqi,PIIANN,114.0000002648832,111.76421
2022-03-03 09:00:00,aqi,PIIANN,158.00000105342326,156.10332
2022-10-03 02:00:00,aqi,PIIANN,193.00000236466002,201.34964
2025-03-08 11:00:00,aqi,PIIANN,53.99999945016853,52.469223
2022-06-01 13:00:00,aqi,PIIANN,130.0000002910578,133.00642
2023-09-09 22:00:00,aqi,PIIANN,103.00000006774819,107.789986
2023-07-12 23:00:00,aqi,PIIANN,81.9999987794142,88.93996
2023-07-04 00:00:00,aqi,PIIANN,99.99999988370047,93.23429
2024-05-02 10:00:00,aqi,PIIANN,118.00000027142686,129.35883
2023-11-01 13:00:00,aqi,PIIANN,97.00000005793271,112.87424
2022-11-04 17:00:00,aqi,PIIANN,109.9999999000596,108.15096
2022-07-04 19:00:00,aqi,PIIANN,178.00000180270143,180.2971
2023-07-03 10:00:00,aqi,PIIANN,119.00000045220274,112.04482
2025-08-06 01:00:00,aqi,PIIANN,98.0000002387086,103.12183
2021-08-09 18:00:00,aqi,PIIANN,47.00000033441701,39.367455
2023-07-02 20:00:00,aqi,PIIANN,111.99999990333143,111.64667
2022-04-06 20:00:00,aqi,PIIANN,93.99999951560504,92.29222
2025-02-03 11:00:00,aqi,PIIANN,98.0000002387086,97.67669
2023-05-13 02:00:00,aqi,PIIANN,97.00000005793271,97.56353
2021-11-09 10:00:00,aqi,PIIANN,35.00000103134596,34.50933
2024-10-06 13:00:00,aqi,PIIANN,79.00000038676623,78.22435
2025-09-06 00:00:00,aqi,PIIANN,93.00000005138905,85.148445
2025-01-07 10:00:00,aqi,PIIANN,45.99999800396143,44.5833
2025-12-06 14:00:00,aqi,PIIANN,76.99999859209466,76.82574
2023-06-01 22:00:00,aqi,PIIANN,97.00000005793271,129.29495
2025-05-07 18:00:00,aqi,PIIANN,40.00000121866549,45.255154
2023-01-05 07:00:00,aqi,PIIANN,59.999999101704056,60.6834
2021-08-07 08:00:00,aqi,PIIANN,80.99999931519821,80.21497
2023-03-11 11:00:00,aqi,PIIANN,221.9999954256425,220.8293
2024-02-11 12:00:00,aqi,PIIANN,204.99999593525192,200.97464
2022-10-06 21:00:00,aqi,PIIANN,76.99999859209466,73.67016
2021-02-10 02:00:00,aqi,PIIANN,76.99999859209466,82.52124
2022-06-04 04:00:00,aqi,PIIANN,132.00000065260957,130.43954
2023-03-03 21:00:00,aqi,PIIANN,254.00000121047088,254.48492
2025-09-08 15:00:00,aqi,PIIANN,64.9999992890236,63.345043
2025-10-02 15:00:00,aqi,PIIANN,106.99999998472185,108.15082
2024-05-13 01:00:00,aqi,PIIANN,97.00000005793271,129.4845
2023-03-04 21:00:00,aqi,PIIANN,80.99999931519821,87.39398
2022-02-06 04:00:00,aqi,PIIANN,101.00000006447635,100.33288
2024-01-07 08:00:00,aqi,PIIANN,45.99999800396143,48.292526
2021-02-08 04:00:00,aqi,PIIANN,45.99999800396143,49.94617
2025-01-06 23:00:00,aqi,PIIANN,92.00000058717306,86.5684
2024-02-07 07:00:00,aqi,PIIANN,38.999998888209916,38.983612
2022-03-01 21:00:00,aqi,PIIANN,119.00000045220274,133.52303
2022-06-06 21:00:00,aqi,PIIANN,94.99999969638094,89.69103
2021-06-07 13:00:00,aqi,PIIANN,87.00000039985352,85.091774
2021-01-07 17:00:00,aqi,PIIANN,63.00000036059162,61.5822
2022-09-02 19:00:00,aqi,PIIANN,122.99999974218649,121.55185
2023-08-05 15:00:00,aqi,PIIANN,85.00000003830175,82.545364
2021-10-12 03:00:00,aqi,PIIANN,104.0000000693841,108.53675
2024-10-02 06:00:00,aqi,PIIANN,103.00000006774819,98.99415
2024-12-06 18:00:00,aqi,PIIANN,92.00000058717306,92.09132
2024-08-09 21:00:00,aqi,PIIANN,72.0000012710147,74.33577
2024-01-08 12:00:00,aqi,PIIANN,57.00000070905609,56.716984
2022-09-03 20:00:00,aqi,PIIANN,173.99999821335828,167.66772
2024-10-11 15:00:00,aqi,PIIANN,122.0000002779705,120.300186
2024-05-03 00:00:00,aqi,PIIANN,106.99999998472185,95.01337
2024-05-05 07:00:00,aqi,PIIANN,88.9999993282855,89.05704
2023-08-12 12:00:00,aqi,PIIANN,90.99999968983728,87.94243
2021-04-11 10:00:00,aqi,PIIANN,193.99999896263643,195.07771
2022-02-05 03:00:00,aqi,PIIANN,88.9999993282855,87.04973
2023-04-11 20:00:00,aqi,PIIANN,226.00000474746483,239.64935
2025-03-04 00:00:00,aqi,PIIANN,185.00000091845294,109.585396
2024-09-08 19:00:00,aqi,PIIANN,65.9999987532396,65.48568
2025-08-09 01:00:00,aqi,PIIANN,97.00000005793271,95.238655
2025-06-09 01:00:00,aqi,PIIANN,97.00000005793271,82.84768
2024-12-05 09:00:00,aqi,PIIANN,93.00000005138905,91.29303
2024-11-10 19:00:00,aqi,PIIANN,95.99999987715682,96.9305
2023-02-07 15:00:00,aqi,PIIANN,70.99999894055912,69.5392
2024-09-11 00:00:00,aqi,PIIANN,190.00000110577247,124.94422
2021-06-11 11:00:00,aqi,PIIANN,114.0000002648832,110.509796
2024-01-08 20:00:00,aqi,PIIANN,40.00000121866549,43.189934
2022-04-04 13:00:00,aqi,PIIANN,149.99999960721618,148.82129
2025-12-08 23:00:00,aqi,PIIANN,45.00000140598503,49.724655
2021-01-12 09:00:00,aqi,PIIANN,101.00000006447635,97.920296
2022-07-05 09:00:00,aqi,PIIANN,227.0000013454412,224.58078
2024-06-02 07:00:00,aqi,PIIANN,80.99999931519821,83.507515
2024-02-04 13:00:00,aqi,PIIANN,142.00000102724866,141.02623
2025-03-05 05:00:00,aqi,PIIANN,84.00000057408576,86.05105
2025-03-02 19:00:00,aqi,PIIANN,158.99999765139967,158.54112
2021-07-12 02:00:00,aqi,PIIANN,143.99999995568064,149.81163
2022-06-07 18:00:00,aqi,PIIANN,48.999999262848995,48.833965
2021-01-07 21:00:00,aqi,PIIANN,64.9999992890236,61.828075
2024-02-05 22:00:00,aqi,PIIANN,210.00000185505064,195.19641
2023-08-08 05:00:00,aqi,PIIANN,93.99999951560504,89.30782
2024-12-02 17:00:00,aqi,PIIANN,97.00000005793271,87.58996
2024-08-05 23:00:00,aqi,PIIANN,98.99999970292458,98.445656
2022-06-01 11:00:00,aqi,PIIANN,134.99999904525754,146.74269
2022-08-04 04:00:00,aqi,PIIANN,139.9999992325771,144.2921
2024-01-02 17:00:00,aqi,PIIANN,111.99999990333143,111.15943
2023-05-09 12:00:00,aqi,PIIANN,94.99999969638094,94.41285
2023-06-10 17:00:00,aqi,PIIANN,101.00000006447635,100.22143
2021-11-09 13:00:00,aqi,PIIANN,35.99999762932235,35.868416
2025-03-08 07:00:00,aqi,PIIANN,57.00000070905609,53.00533
2024-08-12 12:00:00,aqi,PIIANN,119.99999991641873,122.08021
2025-02-02 21:00:00,aqi,PIIANN,156.9999987229677,154.16035
2024-11-10 02:00:00,aqi,PIIANN,114.99999972909919,117.35443
2023-03-03 11:00:00,aqi,PIIANN,246.00000549674297,243.1783
2025-10-03 02:00:00,aqi,PIIANN,156.00000212499128,148.9208
2021-04-11 13:00:00,aqi,PIIANN,190.00000110577247,191.71098
2024-08-02 06:00:00,aqi,PIIANN,97.00000005793271,93.66417
2021-10-09 10:00:00,aqi,PIIANN,35.00000103134596,38.31334
2021-09-08 20:00:00,aqi,PIIANN,85.00000003830175,82.3505
2024-11-08 00:00:00,aqi,PIIANN,48.00000266487259,65.48844
2023-08-01 11:00:00,aqi,PIIANN,97.00000005793271,115.07525
2022-05-02 07:00:00,aqi,PIIANN,333.9999927426252,332.09875
2024-10-12 06:00:00,aqi,PIIANN,190.00000110577247,181.0838
2024-08-07 07:00:00,aqi,PIIANN,87.00000039985352,85.083176
2025-12-02 16:00:00,aqi,PIIANN,95.99999987715682,91.851944
2025-03-01 21:00:00,aqi,PIIANN,159.99999998185524,162.0013
2025-01-03 06:00:00,aqi,PIIANN,125.99999956795426,127.087494
2021-08-08 22:00:00,aqi,PIIANN,82.99999967674998,82.56859
2025-07-03 06:00:00,aqi,PIIANN,125.99999956795426,127.83809
2024-11-04 11:00:00,aqi,PIIANN,115.99999990987507,114.91443
2023-08-04 21:00:00,aqi,PIIANN,183.00000199002096,181.39156
2021-08-12 17:00:00,aqi,PIIANN,104.0000000693841,102.91732
2021-12-08 22:00:00,aqi,PIIANN,58.99999963748807,61.026093
2022-09-03 17:00:00,aqi,PIIANN,166.00000249963037,165.29865
2024-01-10 03:00:00,aqi,PIIANN,78.00000092255024,92.550476
2025-02-03 04:00:00,aqi,PIIANN,94.99999969638094,101.26796
2024-10-09 14:00:00,aqi,PIIANN,69.00000001212715,68.10641
2024-09-09 05:00:00,aqi,PIIANN,81.9999987794142,84.7652
2024-07-11 01:00:00,aqi,PIIANN,127.00000046529004,138.13806
2025-06-08 18:00:00,aqi,PIIANN,52.00000052173655,50.931446
2023-07-09 18:00:00,aqi,PIIANN,94.99999969638094,89.79896
2024-07-03 21:00:00,aqi,PIIANN,143.99999995568064,144.97195
2024-12-03 08:00:00,aqi,PIIANN,113.00000008410731,120.11717
2024-11-03 00:00:00,aqi,PIIANN,127.00000046529004,95.98906
2022-06-07 13:00:00,aqi,PIIANN,50.000001593304574,48.795364
2023-06-01 20:00:00,aqi,PIIANN,97.00000005793271,119.47845
2024-03-08 15:00:00,aqi,PIIANN,36.99999995977794,39.01763
2024-06-03 09:00:00,aqi,PIIANN,118.00000027142686,118.48342
2023-07-04 03:00:00,aqi,PIIANN,97.00000005793271,98.18505
2021-06-07 19:00:00,aqi,PIIANN,93.00000005138905,94.40601
2023-11-01 19:00:00,aqi,PIIANN,97.00000005793271,103.91098
2022-05-07 14:00:00,aqi,PIIANN,50.99999819128097,51.337563
2023-12-10 13:00:00,aqi,PIIANN,118.00000027142686,114.88013
2024-08-06 23:00:00,aqi,PIIANN,101.99999988697229,98.065506
2023-12-08 17:00:00,aqi,PIIANN,88.9999993282855,88.38911
2024-06-12 09:00:00,aqi,PIIANN,111.99999990333143,111.88637
2025-09-02 15:00:00,aqi,PIIANN,99.99999988370047,96.16164
2024-12-12 00:00:00,aqi,PIIANN,111.00000008083549,121.58967
2024-05-11 06:00:00,aqi,PIIANN,127.99999992950603,130.71075
2023-09-08 18:00:00,aqi,PIIANN,92.00000058717306,94.2535
2024-11-12 16:00:00,aqi,PIIANN,114.0000002648832,113.33177
2023-08-03 10:00:00,aqi,PIIANN,101.00000006447635,95.031906
2023-06-12 04:00:00,aqi,PIIANN,50.000001593304574,58.114677
2024-04-08 03:00:00,aqi,PIIANN,35.00000103134596,40.838165
2024-01-08 16:00:00,aqi,PIIANN,50.99999819128097,53.080257
2023-02-03 21:00:00,aqi,PIIANN,186.99999984688492,187.6857
2023-10-04 13:00:00,aqi,PIIANN,171.0000026869499,163.76494
2024-06-10 05:00:00,aqi,PIIANN,74.00000019944669,77.43728
2024-05-10 00:00:00,aqi,PIIANN,87.00000039985352,73.37217
2025-03-08 16:00:00,aqi,PIIANN,48.999999262848995,50.564583
2023-12-02 22:00:00,aqi,PIIANN,170.00000035649433,170.51794
2022-04-02 01:00:00,aqi,PIIANN,213.0000031139382,226.10309
2021-05-09 02:00:00,aqi,PIIANN,45.99999800396143,47.98291
2023-05-11 00:00:00,aqi,PIIANN,237.00000172008032,116.859215
2022-03-02 07:00:00,aqi,PIIANN,168.99999802603872,165.4881
2024-07-11 12:00:00,aqi,PIIANN,163.9999978387192,159.21411
2023-06-11 00:00:00,aqi,PIIANN,195.9999978910684,117.35799
2022-01-06 04:00:00,aqi,PIIANN,105.99999998308593,100.395676
2025-07-03 01:00:00,aqi,PIIANN,97.00000005793271,116.54068
2025-02-07 03:00:00,aqi,PIIANN,48.999999262848995,50.055275
2024-01-09 01:00:00,aqi,PIIANN,97.00000005793271,89.16717
2021-04-12 08:00:00,aqi,PIIANN,101.00000006447635,97.462746
2023-04-02 15:00:00,aqi,PIIANN,106.99999998472185,107.73607
2024-06-10 16:00:00,aqi,PIIANN,85.99999950251774,86.132256
2025-01-04 17:00:00,aqi,PIIANN,90.00000022562129,88.229675
2024-11-10 17:00:00,aqi,PIIANN,98.0000002387086,98.07424
2023-11-03 05:00:00,aqi,PIIANN,98.99999970292458,105.219406
2024-01-09 06:00:00,aqi,PIIANN,97.00000005793271,106.72774
2022-11-05 13:00:00,aqi,PIIANN,97.00000005793271,105.24158
2021-07-12 11:00:00,aqi,PIIANN,124.00000063952228,119.62044
2023-11-03 11:00:00,aqi,PIIANN,94.99999969638094,91.124886
2023-05-03 00:00:00,aqi,PIIANN,166.00000249963037,130.2224
2025-10-01 11:00:00,aqi,PIIANN,109.00000007756366,106.239456
2025-08-06 22:00:00,aqi,PIIANN,92.00000058717306,89.82189
2023-12-09 01:00:00,aqi,PIIANN,98.0000002387086,95.34388
2023-12-11 07:00:00,aqi,PIIANN,115.99999990987507,112.54222
2021-04-09 11:00:00,aqi,PIIANN,53.00000285219213,56.299007
2024-04-07 16:00:00,aqi,PIIANN,75.99999912787867,76.44051
2024-03-02 11:00:00,aqi,PIIANN,173.00000161538188,169.24686
2023-09-03 15:00:00,aqi,PIIANN,53.99999945016853,50.973602
2021-04-11 23:00:00,aqi,PIIANN,163.0000012407428,144.98517
2024-04-07 08:00:00,aqi,PIIANN,73.00000073523069,71.61005
2024-11-06 18:00:00,aqi,PIIANN,79.00000038676623,77.45298
2025-12-07 02:00:00,aqi,PIIANN,63.00000036059162,65.80891
2024-12-06 16:00:00,aqi,PIIANN,93.00000005138905,89.48489
2021-11-12 01:00:00,aqi,PIIANN,122.99999974218649,108.37739
2021-05-12 08:00:00,aqi,PIIANN,171.0000026869499,170.33662
2023-01-07 23:00:00,aqi,PIIANN,76.99999859209466,84.13529
2021-01-07 15:00:00,aqi,PIIANN,61.000001432159635,60.84205
2022-06-03 06:00:00,aqi,PIIANN,217.00000097080215,210.30255
2022-03-03 01:00:00,aqi,PIIANN,149.99999960721618,157.74377
2023-09-11 12:00:00,aqi,PIIANN,240.00000297896787,237.02904
2022-12-01 12:00:00,aqi,PIIANN,84.00000057408576,79.278336
2025-10-07 22:00:00,aqi,PIIANN,80.99999931519821,84.49592
2023-11-02 02:00:00,aqi,PIIANN,131.00000118839358,146.55429
2023-06-05 13:00:00,aqi,PIIANN,81.9999987794142,82.49785
2025-01-06 17:00:00,aqi,PIIANN,93.99999951560504,95.13993
2025-05-06 10:00:00,aqi,PIIANN,109.9999999000596,109.32729
2025-01-05 11:00:00,aqi,PIIANN,87.00000039985352,83.4713
2024-01-09 04:00:00,aqi,PIIANN,97.00000005793271,111.03968
2023-08-03 13:00:00,aqi,PIIANN,101.99999988697229,94.426796
2023-11-04 14:00:00,aqi,PIIANN,142.00000102724866,138.34431
2021-11-09 03:00:00,aqi,PIIANN,33.99999870089037,38.78032
2024-05-01 20:00:00,aqi,PIIANN,133.99999958104155,135.66878
2022-10-02 05:00:00,aqi,PIIANN,94.99999969638094,93.45915
2024-06-09 20:00:00,aqi,PIIANN,58.99999963748807,59.271103
2022-01-05 17:00:00,aqi,PIIANN,95.99999987715682,97.811516
2021-10-12 22:00:00,aqi,PIIANN,114.99999972909919,122.72695
2021-08-11 18:00:00,aqi,PIIANN,122.0000002779705,119.61007
2023-08-03 07:00:00,aqi,PIIANN,95.99999987715682,92.777176
2024-01-07 22:00:00,aqi,PIIANN,40.999997816641894,47.926743
2025-09-03 05:00:00,aqi,PIIANN,138.00000030414512,138.68423
2024-06-08 01:00:00,aqi,PIIANN,42.00000014709747,55.757103
2024-06-05 04:00:00,aqi,PIIANN,78.00000092255024,78.87731
2023-02-08 05:00:00,aqi,PIIANN,74.99999966366268,77.17625
2025-05-05 11:00:00,aqi,PIIANN,87.00000039985352,88.003365
2023-09-02 23:00:00,aqi,PIIANN,277.0000032186366,185.24118
2024-10-02 11:00:00,aqi,PIIANN,99.99999988370047,96.76734
2023-01-01 16:00:00,aqi,PIIANN,97.00000005793271,111.54737
2023-09-10 02:00:00,aqi,PIIANN,104.0000000693841,106.34386
2024-08-12 19:00:00,aqi,PIIANN,115.99999990987507,120.080635
2021-03-08 09:00:00,aqi,PIIANN,53.99999945016853,53.152042
2023-12-12 09:00:00,aqi,PIIANN,87.00000039985352,86.60714
2024-04-03 12:00:00,aqi,PIIANN,80.99999931519821,78.62738
2023-11-05 11:00:00,aqi,PIIANN,97.00000005793271,97.13908
2025-08-05 09:00:00,aqi,PIIANN,98.99999970292458,99.92428
2023-03-08 18:00:00,aqi,PIIANN,80.99999931519821,82.77385
2024-01-02 09:00:00,aqi,PIIANN,131.00000118839358,140.67763
2024-11-02 23:00:00,aqi,PIIANN,81.9999987794142,91.87072
2024-12-04 11:00:00,aqi,PIIANN,119.99999991641873,116.0854
2022-08-02 07:00:00,aqi,PIIANN,122.0000002779705,120.16826
2024-02-09 21:00:00,aqi,PIIANN,52.00000052173655,58.599606
2025-07-01 20:00:00,aqi,PIIANN,111.99999990333143,109.33427
2023-01-02 09:00:00,aqi,PIIANN,90.99999968983728,86.9155
2024-05-09 04:00:00,aqi,PIIANN,48.999999262848995,54.97955
2025-12-01 14:00:00,aqi,PIIANN,337.00000546647107,332.4796
2025-02-08 06:00:00,aqi,PIIANN,62.00000089637563,59.65207
2024-06-12 18:00:00,aqi,PIIANN,109.00000007756366,109.74562
2024-03-04 03:00:00,aqi,PIIANN,109.9999999000596,117.8574
2025-10-05 22:00:00,aqi,PIIANN,93.99999951560504,91.35376
2023-03-03 07:00:00,aqi,PIIANN,234.99999705916912,236.52986
2025-10-05 17:00:00,aqi,PIIANN,93.99999951560504,90.568275
2023-06-08 14:00:00,aqi,PIIANN,98.99999970292458,94.81399
2023-12-09 10:00:00,aqi,PIIANN,90.99999968983728,88.13084
2025-09-01 12:00:00,aqi,PIIANN,106.99999998472185,104.99567
2024-07-01 11:00:00,aqi,PIIANN,101.99999988697229,103.08188
2023-07-01 16:00:00,aqi,PIIANN,97.00000005793271,109.56827
2023-01-02 14:00:00,aqi,PIIANN,87.00000039985352,91.90231
2024-03-10 13:00:00,aqi,PIIANN,98.99999970292458,98.23116
2024-09-09 15:00:00,aqi,PIIANN,85.00000003830175,82.47615
2023-02-09 00:00:00,aqi,PIIANN,99.99999988370047,83.22852
2022-05-03 16:00:00,aqi,PIIANN,197.00000022152398,190.53957
2021-09-12 16:00:00,aqi,PIIANN,109.00000007756366,107.34528
2022-12-04 12:00:00,aqi,PIIANN,128.99999939372202,127.24892
2024-11-11 21:00:00,aqi,PIIANN,118.00000027142686,128.28146
2024-01-06 14:00:00,aqi,PIIANN,94.99999969638094,94.29254
2024-07-12 03:00:00,aqi,PIIANN,115.99999990987507,117.84077
2021-07-12 14:00:00,aqi,PIIANN,125.99999956795426,123.38305
2024-07-10 16:00:00,aqi,PIIANN,97.00000005793271,95.07281
2024-07-07 20:00:00,aqi,PIIANN,95.99999987715682,96.599236
2024-10-05 03:00:00,aqi,PIIANN,99.99999988370047,96.25333
2023-08-04 15:00:00,aqi,PIIANN,183.00000199002096,178.241
2023-09-03 13:00:00,aqi,PIIANN,53.99999945016853,51.106922
2025-11-07 14:00:00,aqi,PIIANN,69.99999947634313,67.85876
2024-03-10 10:00:00,aqi,PIIANN,101.99999988697229,100.34321
2021-08-08 17:00:00,aqi,PIIANN,82.99999967674998,82.84277
2023-04-02 13:00:00,aqi,PIIANN,97.00000005793271,110.73676
2024-09-03 16:00:00,aqi,PIIANN,93.00000005138905,90.34064
2025-03-03 05:00:00,aqi,PIIANN,105.99999998308593,107.7955
2023-04-10 16:00:00,aqi,PIIANN,115.99999990987507,110.43714
2024-11-06 16:00:00,aqi,PIIANN,76.99999859209466,75.30019
2023-07-10 15:00:00,aqi,PIIANN,109.9999999000596,107.65612
2025-02-03 22:00:00,aqi,PIIANN,101.00000006447635,103.67012
2022-06-05 14:00:00,aqi,PIIANN,188.9999987753169,182.22484
2021-09-12 03:00:00,aqi,PIIANN,105.99999998308593,106.34803
2025-05-06 01:00:00,aqi,PIIANN,97.00000005793271,98.35379
2024-07-06 05:00:00,aqi,PIIANN,93.99999951560504,93.41092
2021-01-10 08:00:00,aqi,PIIANN,55.00000178062411,54.785374
2025-04-01 10:00:00,aqi,PIIANN,192.00000003420445,179.17854
2024-11-10 10:00:00,aqi,PIIANN,105.99999998308593,103.75959
2025-06-01 14:00:00,aqi,PIIANN,128.99999939372202,130.94357
2025-07-02 02:00:00,aqi,PIIANN,94.99999969638094,102.355995
2021-07-11 21:00:00,aqi,PIIANN,106.99999998472185,115.73508
2023-09-10 22:00:00,aqi,PIIANN,98.99999970292458,106.52807
2022-10-04 04:00:00,aqi,PIIANN,114.99999972909919,115.58311
2023-02-05 20:00:00,aqi,PIIANN,68.00000054791116,70.03407
2023-04-04 09:00:00,aqi,PIIANN,85.00000003830175,85.82634
2024-01-06 05:00:00,aqi,PIIANN,98.99999970292458,98.31766
2023-10-03 14:00:00,aqi,PIIANN,85.99999950251774,81.814026
2024-11-08 21:00:00,aqi,PIIANN,43.99999907552945,45.578526
2023-02-09 23:00:00,aqi,PIIANN,99.99999988370047,94.36305
2024-07-11 17:00:00,aqi,PIIANN,188.9999987753169,183.18562
2023-11-06 00:00:00,aqi,PIIANN,97.00000005793271,102.56989
2022-06-06 20:00:00,aqi,PIIANN,93.99999951560504,91.766045
2023-07-12 00:00:00,aqi,PIIANN,68.00000054791116,147.41727
2024-04-11 01:00:00,aqi,PIIANN,156.9999987229677,165.01175
2023-10-09 06:00:00,aqi,PIIANN,97.00000005793271,97.68669
2023-09-09 05:00:00,aqi,PIIANN,98.0000002387086,97.97641
2024-12-12 02:00:00,aqi,PIIANN,111.00000008083549,111.91497
2025-04-06 17:00:00,aqi,PIIANN,78.00000092255024,82.22235
2022-09-02 09:00:00,aqi,PIIANN,136.00000137571314,136.52638
2023-09-03 01:00:00,aqi,PIIANN,79.99999985098222,77.39478
2022-01-06 06:00:00,aqi,PIIANN,104.99999998145002,101.06492
2023-09-05 13:00:00,aqi,PIIANN,93.00000005138905,94.815315
2024-02-13 02:00:00,aqi,PIIANN,97.00000005793271,121.697205
2023-06-09 03:00:00,aqi,PIIANN,95.99999987715682,95.0792
2024-11-11 19:00:00,aqi,PIIANN,118.00000027142686,116.97823
2021-12-09 07:00:00,aqi,PIIANN,42.00000014709747,39.344353
2022-11-06 14:00:00,aqi,PIIANN,70.99999894055912,72.42114
2024-04-09 02:00:00,aqi,PIIANN,33.99999870089037,46.934032
2022-10-06 14:00:00,aqi,PIIANN,74.99999966366268,73.988174
2024-11-11 03:00:00,aqi,PIIANN,117.00000009065096,129.74786
2022-01-05 10:00:00,aqi,PIIANN,103.00000006774819,100.29477
2024-01-01 15:00:00,aqi,PIIANN,171.0000026869499,172.93622
2023-02-10 21:00:00,aqi,PIIANN,45.99999800396143,45.4618
2022-12-04 02:00:00,aqi,PIIANN,113.00000008410731,113.653275
2023-04-03 10:00:00,aqi,PIIANN,195.9999978910684,196.6435
2022-01-01 12:00:00,aqi,PIIANN,79.00000038676623,79.16155
2024-02-05 21:00:00,aqi,PIIANN,202.00000040884353,194.30257
2024-01-10 15:00:00,aqi,PIIANN,87.99999986406951,85.38083
2022-02-02 14:00:00,aqi,PIIANN,176.99999947224583,180.21622
2023-01-03 13:00:00,aqi,PIIANN,173.00000161538188,171.35428
2021-08-07 11:00:00,aqi,PIIANN,79.99999985098222,78.41081
2024-02-10 05:00:00,aqi,PIIANN,81.9999987794142,85.99577
2024-11-06 12:00:00,aqi,PIIANN,79.99999985098222,78.27598
2024-01-11 08:00:00,aqi,PIIANN,139.9999992325771,132.9904
2025-11-01 11:00:00,aqi,PIIANN,271.9999972988379,271.69043
2023-02-03 15:00:00,aqi,PIIANN,97.00000005793271,185.8432
2024-04-04 04:00:00,aqi,PIIANN,78.00000092255024,82.55918
2025-07-06 06:00:00,aqi,PIIANN,105.99999998308593,105.00521
2022-03-01 16:00:00,aqi,PIIANN,111.99999990333143,111.63198
2021-03-12 06:00:00,aqi,PIIANN,98.0000002387086,104.3156
2021-01-10 05:00:00,aqi,PIIANN,48.999999262848995,52.160976
2023-05-03 12:00:00,aqi,PIIANN,136.00000137571314,132.74702
2024-01-12 13:00:00,aqi,PIIANN,128.99999939372202,129.46782
2025-03-05 18:00:00,aqi,PIIANN,85.99999950251774,85.76907
2024-10-07 21:00:00,aqi,PIIANN,63.99999982480761,64.81393
2023-07-07 08:00:00,aqi,PIIANN,125.00000010373827,124.59415
2023-09-03 18:00:00,aqi,PIIANN,53.00000285219213,51.663673
2024-05-02 05:00:00,aqi,PIIANN,156.9999987229677,157.61949
2025-10-02 22:00:00,aqi,PIIANN,114.0000002648832,122.271866
2024-10-06 12:00:00,aqi,PIIANN,79.00000038676623,78.61993
2022-07-07 08:00:00,aqi,PIIANN,48.00000266487259,47.874485
2023-10-10 08:00:00,aqi,PIIANN,93.00000005138905,95.90626
2025-04-06 22:00:00,aqi,PIIANN,88.9999993282855,85.865845
2022-12-03 06:00:00,aqi,PIIANN,147.0000012145682,142.63718
2022-12-02 00:00:00,aqi,PIIANN,101.99999988697229,123.32286
2025-04-07 19:00:00,aqi,PIIANN,40.999997816641894,44.26478
2021-08-08 19:00:00,aqi,PIIANN,82.99999967674998,80.89478
2022-03-03 19:00:00,aqi,PIIANN,158.00000105342326,155.53174
2025-08-08 09:00:00,aqi,PIIANN,64.9999992890236,61.32468
2022-01-07 07:00:00,aqi,PIIANN,45.99999800396143,45.438797
2024-02-08 06:00:00,aqi,PIIANN,35.99999762932235,38.18371
2025-01-08 10:00:00,aqi,PIIANN,69.00000001212715,66.88695
2024-01-08 22:00:00,aqi,PIIANN,45.99999800396143,52.434696
2023-04-02 22:00:00,aqi,PIIANN,108.00000007592774,162.34209
2025-09-05 05:00:00,aqi,PIIANN,84.00000057408576,83.19235
2022-02-07 02:00:00,aqi,PIIANN,48.999999262848995,48.671055
2024-01-01 11:00:00,aqi,PIIANN,171.9999992849263,173.23576
2023-05-07 07:00:00,aqi,PIIANN,62.00000089637563,62.086
2025-08-08 15:00:00,aqi,PIIANN,65.9999987532396,63.691093
2022-09-01 21:00:00,aqi,PIIANN,72.0000012710147,82.29285
2021-05-12 00:00:00,aqi,PIIANN,128.99999939372202,149.24294
2024-05-03 02:00:00,aqi,PIIANN,108.00000007592774,108.560295
2025-02-03 00:00:00,aqi,PIIANN,98.99999970292458,160.00285
2024-04-10 22:00:00,aqi,PIIANN,87.99999986406951,92.838005
2022-04-06 15:00:00,aqi,PIIANN,95.99999987715682,94.230896
2025-12-03 12:00:00,aqi,PIIANN,185.99999751642935,173.95502
2024-03-09 07:00:00,aqi,PIIANN,33.99999870089037,38.05845
2024-12-01 15:00:00,aqi,PIIANN,120.99999938063472,117.49506
2023-01-03 23:00:00,aqi,PIIANN,200.00000148041156,144.81502
2024-12-02 16:00:00,aqi,PIIANN,92.00000058717306,87.264015
2024-03-10 18:00:00,aqi,PIIANN,90.00000022562129,97.46505
2025-02-06 09:00:00,aqi,PIIANN,85.00000003830175,86.419876
2023-08-05 13:00:00,aqi,PIIANN,84.00000057408576,81.320045
2022-11-06 06:00:00,aqi,PIIANN,73.00000073523069,69.85782
2022-12-05 17:00:00,aqi,PIIANN,158.00000105342326,157.90303
2023-01-12 21:00:00,aqi,PIIANN,69.00000001212715,68.939156
2024-08-09 04:00:00,aqi,PIIANN,78.00000092255024,80.77725
2021-03-12 04:00:00,aqi,PIIANN,99.99999988370047,101.99976
2023-12-08 01:00:00,aqi,PIIANN,95.99999987715682,96.01822
2024-05-05 17:00:00,aqi,PIIANN,78.00000092255024,79.62688
2024-06-04 10:00:00,aqi,PIIANN,78.00000092255024,78.00991
2021-06-12 12:00:00,aqi,PIIANN,166.00000249963037,163.23529
2023-12-01 22:00:00,aqi,PIIANN,97.00000005793271,130.49802
2024-02-05 08:00:00,aqi,PIIANN,149.99999960721618,148.84596
2023-03-05 04:00:00,aqi,PIIANN,74.00000019944669,77.39638
2023-05-11 14:00:00,aqi,PIIANN,214.999996309891,209.08736
2023-05-03 05:00:00,aqi,PIIANN,150.99999907143217,149.86584
2025-05-05 21:00:00,aqi,PIIANN,101.00000006447635,94.25815
2025-09-04 19:00:00,aqi,PIIANN,104.0000000693841,106.25912
2023-08-12 08:00:00,aqi,PIIANN,88.9999993282855,87.02515
2025-12-02 22:00:00,aqi,PIIANN,95.99999987715682,107.4954
2021-05-09 01:00:00,aqi,PIIANN,45.99999800396143,52.86676
2023-05-12 10:00:00,aqi,PIIANN,50.000001593304574,53.050354
2024-06-01 17:00:00,aqi,PIIANN,149.0000001430002,149.31871
2021-09-11 19:00:00,aqi,PIIANN,119.99999991641873,120.435555
2022-05-06 05:00:00,aqi,PIIANN,85.99999950251774,99.81377
2023-01-12 08:00:00,aqi,PIIANN,73.00000073523069,72.00995
2021-04-13 01:00:00,aqi,PIIANN,97.00000005793271,117.43328
2022-05-05 12:00:00,aqi,PIIANN,97.00000005793271,111.81264
2021-12-11 16:00:00,aqi,PIIANN,154.00000033031972,142.38516
2025-07-04 07:00:00,aqi,PIIANN,70.99999894055912,74.54632
2022-11-06 03:00:00,aqi,PIIANN,73.00000073523069,68.748146
2024-09-05 07:00:00,aqi,PIIANN,97.00000005793271,98.66304
2023-05-08 00:00:00,aqi,PIIANN,85.99999950251774,74.76226
2022-07-08 01:00:00,aqi,PIIANN,97.00000005793271,80.432
2024-04-06 03:00:00,aqi,PIIANN,113.00000008410731,114.8845
2022-12-04 19:00:00,aqi,PIIANN,131.00000118839358,127.89315
2023-09-03 17:00:00,aqi,PIIANN,53.99999945016853,51.219498
2024-08-09 14:00:00,aqi,PIIANN,74.00000019944669,73.30756
2023-01-12 06:00:00,aqi,PIIANN,74.99999966366268,74.16689
2025-01-07 08:00:00,aqi,PIIANN,45.99999800396143,44.48057
2023-07-11 21:00:00,aqi,PIIANN,193.00000236466002,196.57002
2023-03-09 15:00:00,aqi,PIIANN,99.99999988370047,100.27576
2022-06-02 21:00:00,aqi,PIIANN,291.0000014501396,293.10147
2025-01-08 02:00:00,aqi,PIIANN,72.0000012710147,75.52975
2025-05-07 11:00:00,aqi,PIIANN,45.00000140598503,45.566475
2024-12-11 06:00:00,aqi,PIIANN,137.00000083992913,134.03725
2022-10-06 20:00:00,aqi,PIIANN,75.99999912787867,73.555595
2023-09-03 07:00:00,aqi,PIIANN,59.999999101704056,62.130272
2024-12-02 04:00:00,aqi,PIIANN,84.00000057408576,82.69111
2021-04-12 09:00:00,aqi,PIIANN,101.00000006447635,97.09501
2025-03-07 16:00:00,aqi,PIIANN,48.00000266487259,48.161716
2023-07-11 12:00:00,aqi,PIIANN,190.99999770374887,190.09526
2024-09-03 20:00:00,aqi,PIIANN,95.99999987715682,93.427895
2024-02-06 22:00:00,aqi,PIIANN,90.00000022562129,88.27831
2022-12-03 18:00:00,aqi,PIIANN,175.00000054381385,171.08144
2021-03-12 15:00:00,aqi,PIIANN,101.00000006447635,93.160034
2024-12-07 09:00:00,aqi,PIIANN,57.00000070905609,56.85217
2024-03-05 18:00:00,aqi,PIIANN,154.00000033031972,158.04456
2024-11-01 23:00:00,aqi,PIIANN,118.00000027142686,129.33243
2024-10-08 19:00:00,aqi,PIIANN,47.00000033441701,46.63435
2024-01-12 03:00:00,aqi,PIIANN,128.99999939372202,133.00499
2024-04-12 03:00:00,aqi,PIIANN,117.00000009065096,122.04521
2021-11-12 22:00:00,aqi,PIIANN,109.9999999000596,118.85086
2025-10-06 00:00:00,aqi,PIIANN,95.99999987715682,94.595955
2025-02-05 04:00:00,aqi,PIIANN,81.9999987794142,81.399414
2022-08-07 03:00:00,aqi,PIIANN,48.999999262848995,53.380207
2022-07-02 09:00:00,aqi,PIIANN,217.00000097080215,218.03635
2023-03-01 22:00:00,aqi,PIIANN,97.00000005793271,134.37672
2023-06-03 16:00:00,aqi,PIIANN,161.0000023123108,159.78477
2024-05-01 18:00:00,aqi,PIIANN,118.00000027142686,118.21176
2022-11-03 01:00:00,aqi,PIIANN,198.99999914995595,219.21654
2024-08-10 19:00:00,aqi,PIIANN,120.99999938063472,119.93801
2023-11-08 21:00:00,aqi,PIIANN,97.00000005793271,98.514046
2021-03-09 14:00:00,aqi,PIIANN,53.00000285219213,52.210464
2025-09-02 04:00:00,aqi,PIIANN,87.99999986406951,93.853065
