target_timestamp,target,model,observed,predicted
2024-03-04 18:00:00,pm25,PIIANN,12.0,9.911255
2023-09-02 21:00:00,pm25,PIIANN,18.0,23.40703
2022-07-04 18:00:00,pm25,PIIANN,9.75,5.4790606
2023-07-11 23:00:00,pm25,PIIANN,17.0,14.854872
2021-09-02 05:00:00,pm25,PIIANN,29.25,31.881617
2023-03-11 08:00:00,pm25,PIIANN,33.0,20.088211
2023-05-05 19:00:00,pm25,PIIANN,16.25,13.775177
2023-09-11 14:00:00,pm25,PIIANN,30.25,26.064814
2022-04-01 20:00:00,pm25,PIIANN,29.5,42.75091
2022-01-11 17:00:00,pm25,PIIANN,5.4999995,11.2841835
2021-02-02 22:00:00,pm25,PIIANN,61.0,48.07867
2025-10-09 16:00:00,pm25,PIIANN,42.44,37.83939
2024-09-04 01:00:00,pm25,PIIANN,7.9999995,12.881167
2025-05-06 19:00:00,pm25,PIIANN,25.0,22.192907
2021-03-08 21:00:00,pm25,PIIANN,10.5,11.295371
2023-07-06 12:00:00,pm25,PIIANN,27.25,17.750895
2023-12-04 06:00:00,pm25,PIIANN,40.0,40.68153
2022-04-04 04:00:00,pm25,PIIANN,2.4999995,8.510706
2022-09-03 12:00:00,pm25,PIIANN,52.0,41.752583
2024-01-07 01:00:00,pm25,PIIANN,10.5,9.596328
2024-03-09 01:00:00,pm25,PIIANN,9.0,7.6119056
2022-12-05 19:00:00,pm25,PIIANN,13.0,22.719368
2023-11-10 05:00:00,pm25,PIIANN,9.0,8.300636
2022-02-02 11:00:00,pm25,PIIANN,13.75,13.395789
2023-09-05 20:00:00,pm25,PIIANN,34.25,35.263298
2021-12-11 19:00:00,pm25,PIIANN,12.5,8.516216
2023-04-12 10:00:00,pm25,PIIANN,19.0,2.5385356
2022-01-11 13:00:00,pm25,PIIANN,9.5,9.936638
2021-03-02 07:00:00,pm25,PIIANN,41.75,51.283943
2022-04-12 05:00:00,pm25,PIIANN,20.0,20.75018
2021-12-07 01:00:00,pm25,PIIANN,3.9999995,4.364084
2024-04-05 04:00:00,pm25,PIIANN,0.99999964,7.413839
2022-02-03 09:00:00,pm25,PIIANN,51.0,61.729633
2025-07-04 02:00:00,pm25,PIIANN,10.0,4.616773
2025-07-03 07:00:00,pm25,PIIANN,113.75,116.46865
2022-06-11 08:00:00,pm25,PIIANN,37.25,38.46181
2023-03-01 18:00:00,pm25,PIIANN,41.25,36.431026
2021-09-02 17:00:00,pm25,PIIANN,41.0,38.167667
2022-08-09 02:00:00,pm25,PIIANN,7.4999995,7.455953
2021-09-05 04:00:00,pm25,PIIANN,19.0,11.437301
2022-01-04 20:00:00,pm25,PIIANN,8.25,5.412082
2023-02-04 11:00:00,pm25,PIIANN,11.75,14.513732
2023-08-06 19:00:00,pm25,PIIANN,11.0,19.113934
2022-11-08 13:00:00,pm25,PIIANN,6.9999995,10.643768
2022-04-02 13:00:00,pm25,PIIANN,9.0,15.116297
2025-01-08 15:00:00,pm25,PIIANN,21.67,336.24033
2021-10-05 04:00:00,pm25,PIIANN,19.0,10.921662
2022-02-11 01:00:00,pm25,PIIANN,0.99999964,5.6823936
2025-02-03 00:00:00,pm25,PIIANN,14.25,13.907901
2023-04-11 09:00:00,pm25,PIIANN,15.0,10.672869
2022-10-09 06:00:00,pm25,PIIANN,7.9999995,2.7789264
2023-06-02 09:00:00,pm25,PIIANN,74.25,57.115757
2025-02-06 09:00:00,pm25,PIIANN,17.75,14.388953
2021-10-06 19:00:00,pm25,PIIANN,42.75,15.880517
2024-10-06 02:00:00,pm25,PIIANN,10.0,10.129257
2024-12-06 03:00:00,pm25,PIIANN,14.5,14.945886
2023-11-06 10:00:00,pm25,PIIANN,2.7499995,0.6473385
2024-10-12 17:00:00,pm25,PIIANN,61.25,69.595695
2023-09-03 23:00:00,pm25,PIIANN,37.25,27.972673
2022-04-07 20:00:00,pm25,PIIANN,20.25,14.884208
2024-02-08 13:00:00,pm25,PIIANN,13.5,21.317604
2023-12-07 14:00:00,pm25,PIIANN,15.25,14.564919
2024-02-12 20:00:00,pm25,PIIANN,35.25,27.636322
2021-02-10 14:00:00,pm25,PIIANN,19.0,10.194822
2023-09-09 00:00:00,pm25,PIIANN,6.2499995,10.749373
2023-08-03 00:00:00,pm25,PIIANN,29.25,32.50024
2021-02-07 08:00:00,pm25,PIIANN,6.9999995,5.89648
2023-03-01 19:00:00,pm25,PIIANN,45.0,41.157104
2021-12-01 11:00:00,pm25,PIIANN,31.0,37.39116
2024-06-03 20:00:00,pm25,PIIANN,40.5,40.918987
2024-05-01 15:00:00,pm25,PIIANN,39.25,29.073238
2021-11-02 02:00:00,pm25,PIIANN,38.5,40.70621
2022-03-10 07:00:00,pm25,PIIANN,36.0,29.316317
2022-03-02 21:00:00,pm25,PIIANN,9.75,12.122288
2021-04-05 06:00:00,pm25,PIIANN,6.9999995,13.962498
2023-12-03 11:00:00,pm25,PIIANN,26.5,29.229568
2023-08-04 06:00:00,pm25,PIIANN,9.75,5.052566
2025-04-02 03:00:00,pm25,PIIANN,20.75,28.54182
2025-12-04 21:00:00,pm25,PIIANN,42.75,54.02715
2022-05-05 00:00:00,pm25,PIIANN,31.0,11.268527
2025-01-08 23:00:00,pm25,PIIANN,11.91,22.323368
2022-05-11 21:00:00,pm25,PIIANN,12.5,18.311169
2025-08-10 14:00:00,pm25,PIIANN,13.58,24.13039
2025-07-05 12:00:00,pm25,PIIANN,25.75,16.364916
2023-09-12 04:00:00,pm25,PIIANN,46.5,48.008595
2021-01-12 07:00:00,pm25,PIIANN,32.75,39.53279
2022-12-01 18:00:00,pm25,PIIANN,7.4999995,5.667066
2023-11-10 07:00:00,pm25,PIIANN,33.0,26.861992
2022-02-09 17:00:00,pm25,PIIANN,22.0,34.928993
2025-04-01 10:00:00,pm25,PIIANN,91.75,95.09981
2024-03-01 17:00:00,pm25,PIIANN,62.0,69.62925
2023-09-01 15:00:00,pm25,PIIANN,24.4375,28.563913
2025-01-01 22:00:00,pm25,PIIANN,81.75,88.11548
2024-01-09 22:00:00,pm25,PIIANN,26.0,20.503666
2023-02-01 23:00:00,pm25,PIIANN,20.75,25.386923
2024-04-02 15:00:00,pm25,PIIANN,9.25,3.9500194
2021-01-08 08:00:00,pm25,PIIANN,3.2499995,5.5612216
2022-02-01 09:00:00,pm25,PIIANN,8.5,15.623762
2024-06-03 07:00:00,pm25,PIIANN,90.0,87.035835
2023-01-10 22:00:00,pm25,PIIANN,12.25,8.553724
2024-06-03 01:00:00,pm25,PIIANN,26.0,24.507738
2024-02-03 11:00:00,pm25,PIIANN,51.5,43.646297
2021-10-07 10:00:00,pm25,PIIANN,8.5,1.9921299
2023-08-03 23:00:00,pm25,PIIANN,29.5,26.256298
2022-04-04 10:00:00,pm25,PIIANN,4.4999995,9.632445
2023-11-08 16:00:00,pm25,PIIANN,24.0,15.529604
2024-06-07 02:00:00,pm25,PIIANN,19.0,16.18541
2022-11-07 16:00:00,pm25,PIIANN,14.0,25.169064
2025-12-07 07:00:00,pm25,PIIANN,26.25,20.884937
2024-07-05 11:00:00,pm25,PIIANN,15.5,16.930109
2022-06-04 19:00:00,pm25,PIIANN,4.9999995,7.5135055
2025-07-10 04:00:00,pm25,PIIANN,21.28,79.553276
2021-09-03 11:00:00,pm25,PIIANN,19.0,19.784834
2023-06-03 23:00:00,pm25,PIIANN,28.5,28.550909
2021-02-09 18:00:00,pm25,PIIANN,32.25,38.506996
2024-01-06 13:00:00,pm25,PIIANN,23.0,27.786455
2024-06-11 08:00:00,pm25,PIIANN,43.5,64.82677
2024-03-06 02:00:00,pm25,PIIANN,14.0,12.3150425
2021-10-01 18:00:00,pm25,PIIANN,40.25,50.495358
2024-02-03 20:00:00,pm25,PIIANN,41.5,43.020164
2021-12-06 23:00:00,pm25,PIIANN,5.9999995,0.5807625
2021-03-12 14:00:00,pm25,PIIANN,28.75,34.303596
2022-10-12 10:00:00,pm25,PIIANN,13.25,5.9156604
2023-05-11 19:00:00,pm25,PIIANN,3.9999995,4.0716834
2024-06-10 14:00:00,pm25,PIIANN,17.75,16.254112
2024-04-01 21:00:00,pm25,PIIANN,61.25,66.729454
2023-03-07 03:00:00,pm25,PIIANN,7.7499995,4.498285
2021-10-06 10:00:00,pm25,PIIANN,1.9999996,2.1437182
2021-02-12 10:00:00,pm25,PIIANN,19.25,26.177298
2021-03-02 14:00:00,pm25,PIIANN,39.0,48.934002
2023-06-09 21:00:00,pm25,PIIANN,16.5,25.558012
2022-10-07 22:00:00,pm25,PIIANN,10.0,5.9231086
2023-04-09 15:00:00,pm25,PIIANN,28.0,22.914398
2023-02-03 10:00:00,pm25,PIIANN,35.75,52.694103
2025-08-04 10:00:00,pm25,PIIANN,16.75,24.718052
2021-09-10 14:00:00,pm25,PIIANN,2.9999995,-1.7781471
2023-02-03 13:00:00,pm25,PIIANN,28.0,17.495821
2021-08-12 02:00:00,pm25,PIIANN,3.7499995,9.723585
2021-12-04 10:00:00,pm25,PIIANN,8.75,7.2195907
2024-05-11 21:00:00,pm25,PIIANN,67.75,58.40242
2025-05-03 16:00:00,pm25,PIIANN,11.25,7.3708034
2024-02-03 23:00:00,pm25,PIIANN,32.25,27.844591
2021-10-01 14:00:00,pm25,PIIANN,36.25,41.18901
2023-08-02 10:00:00,pm25,PIIANN,29.0,47.171787
2021-03-03 10:00:00,pm25,PIIANN,48.0,49.22583
2024-07-03 04:00:00,pm25,PIIANN,30.5,29.80659
2024-06-04 10:00:00,pm25,PIIANN,16.5,14.045416
2025-02-02 13:00:00,pm25,PIIANN,28.25,26.590176
2022-11-10 23:00:00,pm25,PIIANN,4.7499995,5.3269687
2022-09-06 17:00:00,pm25,PIIANN,16.75,21.16693
2023-07-06 03:00:00,pm25,PIIANN,11.0,5.228683
2024-01-03 16:00:00,pm25,PIIANN,38.5,28.856943
2021-04-08 14:00:00,pm25,PIIANN,1.9999996,9.071608
2024-01-08 17:00:00,pm25,PIIANN,20.25,18.688595
2025-08-10 22:00:00,pm25,PIIANN,15.42,19.079865
2024-09-01 11:00:00,pm25,PIIANN,42.5,34.54911
2024-03-03 07:00:00,pm25,PIIANN,51.5,38.934345
2022-10-04 02:00:00,pm25,PIIANN,0.99999964,16.01094
2022-10-03 14:00:00,pm25,PIIANN,30.25,27.82825
2025-02-01 14:00:00,pm25,PIIANN,47.75,41.434803
2021-04-02 09:00:00,pm25,PIIANN,83.25,106.85609
2024-11-08 19:00:00,pm25,PIIANN,10.5,11.522216
2024-01-09 04:00:00,pm25,PIIANN,15.0,13.088381
2022-07-04 23:00:00,pm25,PIIANN,5.9999995,10.111821
2021-12-05 05:00:00,pm25,PIIANN,19.0,11.947458
2024-04-02 11:00:00,pm25,PIIANN,13.25,21.364977
2023-11-04 21:00:00,pm25,PIIANN,18.5,14.525741
2025-11-09 06:00:00,pm25,PIIANN,13.59,12.728882
2023-03-08 07:00:00,pm25,PIIANN,13.25,27.32341
2025-05-03 13:00:00,pm25,PIIANN,13.75,17.015665
2021-04-07 16:00:00,pm25,PIIANN,11.75,13.09258
2022-07-10 10:00:00,pm25,PIIANN,27.25,19.711535
2022-10-09 16:00:00,pm25,PIIANN,5.2499995,4.3179603
2021-09-08 14:00:00,pm25,PIIANN,14.5,10.678654
2024-03-08 07:00:00,pm25,PIIANN,18.5,13.404369
2022-04-08 03:00:00,pm25,PIIANN,14.25,12.876005
2021-04-04 02:00:00,pm25,PIIANN,12.75,16.008501
2022-05-07 09:00:00,pm25,PIIANN,2.9999995,13.48978
2025-10-01 18:00:00,pm25,PIIANN,52.0,67.56451
2023-05-02 04:00:00,pm25,PIIANN,57.25,68.93949
2023-12-08 09:00:00,pm25,PIIANN,21.0,15.139596
2022-09-03 17:00:00,pm25,PIIANN,38.25,37.24613
2024-03-09 11:00:00,pm25,PIIANN,23.0,23.672867
2024-10-12 10:00:00,pm25,PIIANN,61.0,58.53411
2021-04-09 01:00:00,pm25,PIIANN,5.7499995,7.6637187
2024-09-06 13:00:00,pm25,PIIANN,8.75,6.576143
2021-09-10 06:00:00,pm25,PIIANN,2.9999995,3.8276668
2024-01-09 11:00:00,pm25,PIIANN,5.7499995,9.447941
2023-03-09 07:00:00,pm25,PIIANN,6.4999995,7.3792243
2025-08-12 07:00:00,pm25,PIIANN,96.0,87.16938
2022-04-10 03:00:00,pm25,PIIANN,36.5,50.51093
2021-04-09 20:00:00,pm25,PIIANN,8.25,12.739936
2021-04-05 02:00:00,pm25,PIIANN,1.7499996,4.224273
2021-09-12 10:00:00,pm25,PIIANN,1.9999996,2.5009894
2025-04-12 19:00:00,pm25,PIIANN,62.0,50.908546
2022-05-03 08:00:00,pm25,PIIANN,46.75,54.130154
2024-04-12 13:00:00,pm25,PIIANN,21.25,12.83593
2022-12-10 10:00:00,pm25,PIIANN,10.0,7.5545573
2024-03-05 02:00:00,pm25,PIIANN,4.9999995,8.21283
2022-12-07 22:00:00,pm25,PIIANN,10.0,18.861952
2023-09-07 13:00:00,pm25,PIIANN,8.5,19.639652
2021-12-09 13:00:00,pm25,PIIANN,5.7499995,6.669126
2022-11-09 15:00:00,pm25,PIIANN,9.75,7.113048
2022-07-06 10:00:00,pm25,PIIANN,20.0,21.694708
2021-09-05 02:00:00,pm25,PIIANN,9.625,8.390898
2021-04-04 08:00:00,pm25,PIIANN,20.5,25.859715
2023-03-04 14:00:00,pm25,PIIANN,2.4999995,13.330646
2025-05-11 17:00:00,pm25,PIIANN,31.25,37.685555
2022-04-04 18:00:00,pm25,PIIANN,1.9999996,2.2571406
2025-05-06 01:00:00,pm25,PIIANN,10.25,14.454218
2022-04-07 00:00:00,pm25,PIIANN,12.75,3.720697
2022-02-07 03:00:00,pm25,PIIANN,5.4999995,2.8602653
2022-06-10 11:00:00,pm25,PIIANN,21.25,11.989011
2024-03-10 13:00:00,pm25,PIIANN,22.25,22.866573
2024-06-12 09:00:00,pm25,PIIANN,41.75,37.708076
2021-05-04 00:00:00,pm25,PIIANN,12.5,20.219542
2023-11-12 09:00:00,pm25,PIIANN,19.0,25.25173
2023-07-10 13:00:00,pm25,PIIANN,16.25,17.355564
2023-05-09 08:00:00,pm25,PIIANN,22.25,15.36087
2024-03-03 15:00:00,pm25,PIIANN,37.5,26.123087
2025-10-03 07:00:00,pm25,PIIANN,27.75,25.687609
2021-10-10 15:00:00,pm25,PIIANN,7.9999995,11.95258
2023-07-01 12:00:00,pm25,PIIANN,48.5,52.44876
2025-07-07 16:00:00,pm25,PIIANN,17.25,25.639826
2024-04-06 08:00:00,pm25,PIIANN,24.5,24.725796
2023-02-06 05:00:00,pm25,PIIANN,29.0,24.157822
2025-09-02 01:00:00,pm25,PIIANN,49.5,46.57772
2022-07-01 20:00:00,pm25,PIIANN,9.75,15.365464
2021-07-12 04:00:00,pm25,PIIANN,36.0,51.48991
2022-07-11 04:00:00,pm25,PIIANN,56.75,44.02282
2025-07-09 01:00:00,pm25,PIIANN,28.96,16.351707
2024-02-08 23:00:00,pm25,PIIANN,6.9999995,12.368293
2025-08-04 18:00:00,pm25,PIIANN,9.0,10.970363
2024-05-10 23:00:00,pm25,PIIANN,29.5,26.777212
2021-02-09 19:00:00,pm25,PIIANN,34.5,44.77536
2024-08-11 20:00:00,pm25,PIIANN,15.0,9.937636
2024-10-06 03:00:00,pm25,PIIANN,8.75,10.214663
2025-01-04 18:00:00,pm25,PIIANN,37.75,40.869545
2025-09-07 18:00:00,pm25,PIIANN,32.75,45.26254
2021-12-06 20:00:00,pm25,PIIANN,13.0,7.6601596
2023-09-05 01:00:00,pm25,PIIANN,28.5,17.512844
2022-09-07 04:00:00,pm25,PIIANN,11.75,6.1202445
2022-07-05 12:00:00,pm25,PIIANN,47.5,34.378
2021-07-12 07:00:00,pm25,PIIANN,61.25,49.316383
2021-06-01 13:00:00,pm25,PIIANN,3.2499995,6.1199946
2021-06-12 19:00:00,pm25,PIIANN,42.0,47.28567
2024-04-04 14:00:00,pm25,PIIANN,5.9999995,6.8369346
2024-05-10 17:00:00,pm25,PIIANN,36.25,31.322443
2021-02-05 11:00:00,pm25,PIIANN,5.399999,0.60454714
2025-08-06 11:00:00,pm25,PIIANN,31.75,42.29946
2021-10-11 00:00:00,pm25,PIIANN,71.75,13.712353
2025-10-11 00:00:00,pm25,PIIANN,62.25,15.807828
2022-01-06 10:00:00,pm25,PIIANN,25.75,16.044668
2025-12-10 01:00:00,pm25,PIIANN,28.68,26.238121
2023-11-09 10:00:00,pm25,PIIANN,12.0,8.988714
2024-06-09 19:00:00,pm25,PIIANN,33.0,20.742914
2024-05-02 00:00:00,pm25,PIIANN,13.25,20.605093
2022-10-11 16:00:00,pm25,PIIANN,22.5,15.167594
2023-06-09 01:00:00,pm25,PIIANN,13.5,16.357208
2025-03-02 20:00:00,pm25,PIIANN,14.25,19.727055
2021-10-02 22:00:00,pm25,PIIANN,38.0,30.455978
2021-10-06 14:00:00,pm25,PIIANN,9.25,3.7587008
2025-10-11 15:00:00,pm25,PIIANN,52.0,57.66728
2023-02-04 16:00:00,pm25,PIIANN,11.75,15.678277
2024-03-02 22:00:00,pm25,PIIANN,19.0,15.945018
2021-08-02 21:00:00,pm25,PIIANN,39.75,29.76028
2022-09-06 14:00:00,pm25,PIIANN,16.0,11.197677
2022-08-07 18:00:00,pm25,PIIANN,5.4999995,11.183468
2022-12-01 17:00:00,pm25,PIIANN,2.7499995,5.1089835
2024-08-12 20:00:00,pm25,PIIANN,29.5,26.374878
2022-12-08 09:00:00,pm25,PIIANN,23.194445,16.852118
2024-12-05 14:00:00,pm25,PIIANN,19.0,5.187555
2025-08-01 14:00:00,pm25,PIIANN,47.0,45.763687
2022-06-05 03:00:00,pm25,PIIANN,14.75,12.253304
2025-02-11 06:00:00,pm25,PIIANN,31.5,28.554129
2022-03-07 14:00:00,pm25,PIIANN,20.75,27.620031
2021-01-02 03:00:00,pm25,PIIANN,21.75,25.640007
2023-12-03 06:00:00,pm25,PIIANN,59.25,74.387856
2024-11-04 07:00:00,pm25,PIIANN,28.0,31.264744
2022-03-07 12:00:00,pm25,PIIANN,21.75,23.009054
2022-03-01 22:00:00,pm25,PIIANN,38.5,41.939484
2024-06-12 03:00:00,pm25,PIIANN,8.25,22.583454
2025-10-07 04:00:00,pm25,PIIANN,35.0,24.33433
2025-07-10 06:00:00,pm25,PIIANN,22.28,22.132092
2025-08-09 12:00:00,pm25,PIIANN,9.73,16.68209
2021-01-07 11:00:00,pm25,PIIANN,9.0,2.3173976
2023-06-07 03:00:00,pm25,PIIANN,5.7499995,2.6404681
2023-01-08 22:00:00,pm25,PIIANN,43.25,46.808094
2021-01-09 10:00:00,pm25,PIIANN,19.0,21.951237
2021-12-12 08:00:00,pm25,PIIANN,8.25,10.384742
2023-06-01 18:00:00,pm25,PIIANN,39.5,41.69836
2021-08-05 19:00:00,pm25,PIIANN,19.0,8.4962845
2024-05-04 18:00:00,pm25,PIIANN,6.7499995,3.2749248
2024-03-05 21:00:00,pm25,PIIANN,12.5,12.603655
2021-11-04 18:00:00,pm25,PIIANN,13.25,16.497122
2023-08-01 09:00:00,pm25,PIIANN,139.25,125.99852
2021-02-04 11:00:00,pm25,PIIANN,40.0,37.45427
2023-05-03 10:00:00,pm25,PIIANN,34.75,41.74448
2024-04-11 06:00:00,pm25,PIIANN,5.9999995,9.087637
2024-09-03 08:00:00,pm25,PIIANN,53.0,50.858463
2023-05-02 15:00:00,pm25,PIIANN,25.5,31.415205
2023-09-09 14:00:00,pm25,PIIANN,14.0,5.871824
2025-10-04 13:00:00,pm25,PIIANN,22.0,35.764076
2022-12-08 10:00:00,pm25,PIIANN,21.63889,21.04249
2025-05-05 04:00:00,pm25,PIIANN,24.25,16.293577
2024-10-12 00:00:00,pm25,PIIANN,61.25,41.699997
2025-12-10 20:00:00,pm25,PIIANN,41.93,76.21398
2024-06-05 09:00:00,pm25,PIIANN,15.5,14.4300585
2024-04-01 12:00:00,pm25,PIIANN,51.5,38.04319
2022-03-10 14:00:00,pm25,PIIANN,26.5,15.253804
2022-03-13 01:00:00,pm25,PIIANN,4.4217715,14.140979
2025-10-12 23:00:00,pm25,PIIANN,104.0,106.3648
2023-04-05 00:00:00,pm25,PIIANN,3.4999995,6.9134345
2022-10-03 09:00:00,pm25,PIIANN,74.75,74.53001
2025-02-08 10:00:00,pm25,PIIANN,12.63,17.34629
2022-10-11 21:00:00,pm25,PIIANN,41.0,37.422424
2025-09-09 19:00:00,pm25,PIIANN,37.28,36.51856
2024-08-07 17:00:00,pm25,PIIANN,18.5,27.882437
2022-02-09 18:00:00,pm25,PIIANN,27.0,25.073122
2025-04-08 17:00:00,pm25,PIIANN,17.69,21.093401
2025-11-06 04:00:00,pm25,PIIANN,15.25,9.446629
2022-04-09 19:00:00,pm25,PIIANN,10.25,5.149862
2021-04-02 17:00:00,pm25,PIIANN,33.75,32.668617
2021-03-01 11:00:00,pm25,PIIANN,46.5,48.298244
2022-05-08 02:00:00,pm25,PIIANN,15.25,10.603557
2022-06-06 10:00:00,pm25,PIIANN,15.5,4.9269633
2023-10-02 13:00:00,pm25,PIIANN,39.25,29.875065
2023-11-06 03:00:00,pm25,PIIANN,1.9999996,14.445456
2022-02-03 01:00:00,pm25,PIIANN,21.25,16.57068
2025-12-03 23:00:00,pm25,PIIANN,9.0,11.07445
2023-05-02 05:00:00,pm25,PIIANN,63.25,90.467636
2025-02-04 20:00:00,pm25,PIIANN,23.25,31.003025
2023-03-12 13:00:00,pm25,PIIANN,1.9999996,6.548248
2021-05-07 14:00:00,pm25,PIIANN,5.9999995,2.053228
2021-12-11 10:00:00,pm25,PIIANN,23.25,28.079166
2023-06-11 09:00:00,pm25,PIIANN,12.75,14.149754
2024-10-04 00:00:00,pm25,PIIANN,22.75,31.316616
2025-04-06 07:00:00,pm25,PIIANN,20.75,13.699848
2025-03-03 19:00:00,pm25,PIIANN,17.25,14.019562
2025-11-10 01:00:00,pm25,PIIANN,12.82,15.4098
2022-06-02 17:00:00,pm25,PIIANN,11.5,11.4132395
2025-12-08 11:00:00,pm25,PIIANN,7.85,13.67873
2025-04-02 08:00:00,pm25,PIIANN,65.5,73.604416
2025-06-12 09:00:00,pm25,PIIANN,94.35,98.95856
2021-08-07 14:00:00,pm25,PIIANN,16.5,7.148969
2023-02-02 17:00:00,pm25,PIIANN,48.5,52.65157
2023-07-04 11:00:00,pm25,PIIANN,0.99999964,3.972835
2024-07-12 17:00:00,pm25,PIIANN,14.75,8.592211
2021-09-10 10:00:00,pm25,PIIANN,7.2499995,5.3463645
2025-03-09 00:00:00,pm25,PIIANN,19.46,3.3918777
2024-10-13 00:00:00,pm25,PIIANN,64.21718,52.163036
2025-06-08 21:00:00,pm25,PIIANN,6.8399997,9.558138
2021-08-10 21:00:00,pm25,PIIANN,28.5,28.327412
2021-09-10 12:00:00,pm25,PIIANN,2.3333335,-2.2368379
2021-07-11 02:00:00,pm25,PIIANN,2.9999995,1.9988762
2021-04-10 09:00:00,pm25,PIIANN,15.5,19.417746
2021-04-03 15:00:00,pm25,PIIANN,11.75,11.553107
2021-12-02 05:00:00,pm25,PIIANN,34.25,33.027454
2022-03-04 21:00:00,pm25,PIIANN,4.7499995,9.626992
2023-04-11 13:00:00,pm25,PIIANN,5.2499995,9.292692
2023-04-02 08:00:00,pm25,PIIANN,51.5,57.905293
2021-05-09 18:00:00,pm25,PIIANN,4.4999995,18.979233
2023-11-05 19:00:00,pm25,PIIANN,59.0,74.99776
2024-12-10 16:00:00,pm25,PIIANN,2.2499995,3.9169993
2022-03-12 03:00:00,pm25,PIIANN,2.9999995,20.294016
2024-09-10 10:00:00,pm25,PIIANN,12.0,13.911742
2023-05-11 22:00:00,pm25,PIIANN,1.9999996,10.227822
2023-05-09 03:00:00,pm25,PIIANN,13.75,6.1701655
2023-02-11 12:00:00,pm25,PIIANN,2.4999995,11.536285
2024-05-10 20:00:00,pm25,PIIANN,25.0,23.235695
2024-05-05 15:00:00,pm25,PIIANN,10.0,14.474354
2021-01-05 16:00:00,pm25,PIIANN,1.9999996,11.863307
2024-02-11 23:00:00,pm25,PIIANN,20.5,20.479113
2023-04-09 01:00:00,pm25,PIIANN,7.6666656,5.825025
2022-12-10 19:00:00,pm25,PIIANN,5.9999995,7.737367
2023-08-01 17:00:00,pm25,PIIANN,73.0,98.881935
2022-10-07 20:00:00,pm25,PIIANN,7.4999995,6.603763
2022-07-10 00:00:00,pm25,PIIANN,16.75,8.058357
2022-11-06 08:00:00,pm25,PIIANN,21.5,12.717042
2021-12-05 17:00:00,pm25,PIIANN,3.7499995,2.802074
2021-09-03 10:00:00,pm25,PIIANN,19.0,21.425758
2024-02-09 10:00:00,pm25,PIIANN,14.75,31.723484
2023-12-04 04:00:00,pm25,PIIANN,30.25,48.42746
2023-09-11 09:00:00,pm25,PIIANN,62.0,48.54036
2025-08-10 07:00:00,pm25,PIIANN,34.33,30.298927
2025-11-11 06:00:00,pm25,PIIANN,40.4,41.80525
2022-10-07 01:00:00,pm25,PIIANN,6.9999995,6.141834
2024-02-08 05:00:00,pm25,PIIANN,21.0,13.205429
2022-03-01 15:00:00,pm25,PIIANN,40.75,33.863567
2022-10-08 19:00:00,pm25,PIIANN,11.5,11.588929
2022-03-07 10:00:00,pm25,PIIANN,17.75,25.399982
2022-02-07 14:00:00,pm25,PIIANN,13.25,13.910737
2024-05-11 13:00:00,pm25,PIIANN,49.0,38.447857
2024-09-11 04:00:00,pm25,PIIANN,18.0,17.996696
2023-04-08 23:00:00,pm25,PIIANN,9.0,24.32563
2025-01-02 20:00:00,pm25,PIIANN,18.5,18.226572
2024-05-05 04:00:00,pm25,PIIANN,9.0,7.1290298
2022-01-07 15:00:00,pm25,PIIANN,14.75,17.366426
2025-08-06 09:00:00,pm25,PIIANN,25.0,38.701797
2025-05-10 23:00:00,pm25,PIIANN,14.49,18.027754
2022-05-03 13:00:00,pm25,PIIANN,20.75,15.067325
2021-01-09 11:00:00,pm25,PIIANN,19.0,17.421896
2022-09-10 13:00:00,pm25,PIIANN,4.6666656,2.1820006
2023-06-02 01:00:00,pm25,PIIANN,51.5,59.566265
2025-12-05 10:00:00,pm25,PIIANN,34.0,32.81267
2022-06-12 20:00:00,pm25,PIIANN,150.5,147.05054
2024-01-01 13:00:00,pm25,PIIANN,69.75,72.055756
2025-02-07 17:00:00,pm25,PIIANN,34.5,32.74553
2023-08-05 23:00:00,pm25,PIIANN,7.7499995,11.748257
2021-06-09 14:00:00,pm25,PIIANN,1.9999996,1.2256066
2021-06-11 08:00:00,pm25,PIIANN,5.9999995,18.417404
2025-03-04 12:00:00,pm25,PIIANN,24.0,17.870605
2022-06-05 06:00:00,pm25,PIIANN,15.25,18.165226
2022-10-10 00:00:00,pm25,PIIANN,9.0,2.5175605
2025-07-09 00:00:00,pm25,PIIANN,31.9,13.401673
2023-09-08 22:00:00,pm25,PIIANN,26.5,31.558598
2022-05-01 10:00:00,pm25,PIIANN,47.25,44.242023
2022-02-06 18:00:00,pm25,PIIANN,35.25,23.730755
2022-04-02 15:00:00,pm25,PIIANN,9.75,11.244743
2022-10-09 12:00:00,pm25,PIIANN,7.4999995,5.9282775
2023-07-04 03:00:00,pm25,PIIANN,3.9999995,4.306068
2023-08-02 02:00:00,pm25,PIIANN,40.25,41.408173
2025-07-01 21:00:00,pm25,PIIANN,48.75,64.192856
2025-07-04 08:00:00,pm25,PIIANN,24.5,19.549534
2021-02-13 00:00:00,pm25,PIIANN,30.017532,31.743967
2023-11-02 23:00:00,pm25,PIIANN,56.0,54.525772
2024-06-09 17:00:00,pm25,PIIANN,17.75,14.464798
2021-11-01 21:00:00,pm25,PIIANN,32.25,27.940922
2025-02-09 10:00:00,pm25,PIIANN,13.58,19.897179
2023-09-04 09:00:00,pm25,PIIANN,7.9999995,13.868755
2023-03-07 07:00:00,pm25,PIIANN,27.75,21.456436
2021-07-03 13:00:00,pm25,PIIANN,8.75,9.360582
2022-12-08 22:00:00,pm25,PIIANN,25.0,17.435658
2022-10-08 21:00:00,pm25,PIIANN,15.75,8.805872
2025-12-01 08:00:00,pm25,PIIANN,64.0,59.730434
2024-01-09 09:00:00,pm25,PIIANN,7.4999995,16.54622
2021-05-03 21:00:00,pm25,PIIANN,21.5,24.874458
2021-10-09 21:00:00,pm25,PIIANN,10.25,19.813286
2023-12-03 12:00:00,pm25,PIIANN,25.75,23.285654
2022-06-08 11:00:00,pm25,PIIANN,12.0,4.416473
2024-03-09 09:00:00,pm25,PIIANN,21.0,21.849354
2021-12-04 04:00:00,pm25,PIIANN,4.4999995,12.884114
2022-03-09 19:00:00,pm25,PIIANN,28.0,52.92746
2025-06-05 09:00:00,pm25,PIIANN,21.5,19.088037
2025-12-04 12:00:00,pm25,PIIANN,31.0,28.578262
2024-11-06 08:00:00,pm25,PIIANN,10.5,14.955296
2022-12-06 07:00:00,pm25,PIIANN,17.0,18.201479
2021-02-10 05:00:00,pm25,PIIANN,0.99999964,5.089681
2023-11-02 07:00:00,pm25,PIIANN,76.0,70.01069
2025-03-07 10:00:00,pm25,PIIANN,18.5,25.269926
2021-12-07 03:00:00,pm25,PIIANN,5.9999995,2.629068
2024-06-04 05:00:00,pm25,PIIANN,8.5,12.219346
2025-03-12 00:00:00,pm25,PIIANN,6.9999995,22.238228
2023-12-11 01:00:00,pm25,PIIANN,63.25,80.18072
2023-03-10 00:00:00,pm25,PIIANN,4.2499995,5.4898963
2023-03-10 07:00:00,pm25,PIIANN,10.25,11.929306
2023-07-06 04:00:00,pm25,PIIANN,18.25,7.9248214
2021-04-08 08:00:00,pm25,PIIANN,1.2499996,5.8974185
2022-05-02 05:00:00,pm25,PIIANN,24.75,27.76163
2021-03-08 05:00:00,pm25,PIIANN,10.25,14.316707
2022-05-03 16:00:00,pm25,PIIANN,25.25,20.914352
2022-03-04 16:00:00,pm25,PIIANN,8.75,10.814089
2025-08-07 06:00:00,pm25,PIIANN,21.75,34.705784
2021-05-08 02:00:00,pm25,PIIANN,7.9999995,8.966736
2025-11-09 17:00:00,pm25,PIIANN,11.73,10.944513
2025-02-05 04:00:00,pm25,PIIANN,11.0,166.82872
2024-02-03 13:00:00,pm25,PIIANN,49.25,30.397306
2022-06-12 13:00:00,pm25,PIIANN,100.25,110.03189
2021-03-01 23:00:00,pm25,PIIANN,19.0,39.470238
2021-08-01 15:00:00,pm25,PIIANN,10.0,4.494512
2022-08-08 22:00:00,pm25,PIIANN,21.25,19.097383
2022-09-01 14:00:00,pm25,PIIANN,5.7499995,7.3568454
2024-11-06 14:00:00,pm25,PIIANN,0.99999964,5.923324
2025-10-04 03:00:00,pm25,PIIANN,12.0,17.767092
2023-06-10 13:00:00,pm25,PIIANN,27.75,21.83627
2023-02-04 09:00:00,pm25,PIIANN,11.0,11.427072
2022-06-02 13:00:00,pm25,PIIANN,12.5,13.2454605
2023-12-11 14:00:00,pm25,PIIANN,90.5,98.54793
2023-06-03 18:00:00,pm25,PIIANN,25.0,26.21984
2025-01-06 02:00:00,pm25,PIIANN,16.25,10.592931
2023-07-09 21:00:00,pm25,PIIANN,4.9999995,9.795632
2023-05-02 00:00:00,pm25,PIIANN,35.5,41.673843
2022-04-09 07:00:00,pm25,PIIANN,1.7499996,8.283779
2025-04-05 01:00:00,pm25,PIIANN,9.25,15.008051
2023-12-05 09:00:00,pm25,PIIANN,54.0,50.414524
2021-09-12 20:00:00,pm25,PIIANN,7.2499995,15.327316
2024-11-11 02:00:00,pm25,PIIANN,35.25,34.45216
2021-12-08 10:00:00,pm25,PIIANN,5.2499995,8.638447
2022-11-11 19:00:00,pm25,PIIANN,5.9999995,10.912104
2021-12-09 00:00:00,pm25,PIIANN,6.2499995,8.37611
2024-09-11 13:00:00,pm25,PIIANN,4.9999995,12.138554
2025-12-11 07:00:00,pm25,PIIANN,66.8,67.02707
2023-11-09 05:00:00,pm25,PIIANN,6.2499995,7.0833964
2023-10-04 18:00:00,pm25,PIIANN,14.25,14.662244
2025-03-05 05:00:00,pm25,PIIANN,10.75,11.607489
2021-10-05 05:00:00,pm25,PIIANN,0.99999964,10.99772
2022-10-11 07:00:00,pm25,PIIANN,19.75,21.150936
2021-06-05 21:00:00,pm25,PIIANN,5.0344825,2.471025
2023-06-10 19:00:00,pm25,PIIANN,41.0,30.252153
2025-08-05 02:00:00,pm25,PIIANN,21.75,26.47082
2024-08-07 11:00:00,pm25,PIIANN,20.25,24.719137
2024-02-04 07:00:00,pm25,PIIANN,19.5,19.797709
2022-11-06 21:00:00,pm25,PIIANN,11.5,16.755371
2025-06-02 04:00:00,pm25,PIIANN,53.0,50.95714
2022-08-03 04:00:00,pm25,PIIANN,42.25,38.240505
2025-11-04 21:00:00,pm25,PIIANN,40.75,54.127876
2025-03-12 14:00:00,pm25,PIIANN,22.415,24.652885
2021-04-12 11:00:00,pm25,PIIANN,31.5,37.51079
2022-08-03 10:00:00,pm25,PIIANN,40.75,39.256596
2025-10-04 11:00:00,pm25,PIIANN,53.25,26.896078
2023-03-08 05:00:00,pm25,PIIANN,22.0,43.014435
2023-05-10 09:00:00,pm25,PIIANN,34.5,24.814676
2022-03-06 05:00:00,pm25,PIIANN,18.5,46.70875
2024-07-03 10:00:00,pm25,PIIANN,39.25,35.736767
2025-12-04 05:00:00,pm25,PIIANN,42.75,38.476154
2025-01-12 06:00:00,pm25,PIIANN,1.3000008,14.80485
2024-12-11 10:00:00,pm25,PIIANN,11.532,19.729181
2022-07-01 13:00:00,pm25,PIIANN,2.4999995,7.9381385
2022-08-05 12:00:00,pm25,PIIANN,48.0,37.400986
2021-11-11 03:00:00,pm25,PIIANN,10.0,14.845138
2024-06-01 16:00:00,pm25,PIIANN,18.75,13.353177
2022-09-02 10:00:00,pm25,PIIANN,24.75,33.185284
2021-12-02 07:00:00,pm25,PIIANN,84.75,68.569695
2021-08-10 22:00:00,pm25,PIIANN,7.9999995,21.4291
2023-06-09 17:00:00,pm25,PIIANN,11.25,7.4583793
2021-08-07 21:00:00,pm25,PIIANN,7.9999995,17.152016
2024-01-10 18:00:00,pm25,PIIANN,6.4999995,4.839483
2021-09-03 05:00:00,pm25,PIIANN,19.0,24.51811
2022-08-02 04:00:00,pm25,PIIANN,34.5,31.6741
2024-07-10 18:00:00,pm25,PIIANN,15.75,13.090259
2021-04-04 17:00:00,pm25,PIIANN,17.75,21.498915
2021-10-07 06:00:00,pm25,PIIANN,0.99999964,2.929172
2023-01-06 18:00:00,pm25,PIIANN,19.5,29.706667
2021-10-12 20:00:00,pm25,PIIANN,5.4999995,11.021152
2021-12-10 01:00:00,pm25,PIIANN,13.25,10.657302
2023-08-08 13:00:00,pm25,PIIANN,24.25,18.519304
2024-01-06 03:00:00,pm25,PIIANN,13.5,10.388537
2025-08-02 05:00:00,pm25,PIIANN,73.75,79.42106
2023-04-04 03:00:00,pm25,PIIANN,2.9999995,4.578048
2022-04-06 04:00:00,pm25,PIIANN,13.75,6.9039893
2023-03-04 05:00:00,pm25,PIIANN,9.5,9.6850195
2023-03-04 03:00:00,pm25,PIIANN,3.9999995,6.019901
2022-05-02 01:00:00,pm25,PIIANN,15.5,10.785858
2021-11-10 02:00:00,pm25,PIIANN,5.7499995,5.122501
2025-06-05 04:00:00,pm25,PIIANN,15.75,15.89196
2025-03-11 20:00:00,pm25,PIIANN,25.05,21.05232
2024-10-10 09:00:00,pm25,PIIANN,5.6666656,9.05633
2023-10-01 20:00:00,pm25,PIIANN,19.0,32.09981
2022-11-07 21:00:00,pm25,PIIANN,1.9999996,1.4810997
2023-10-02 07:00:00,pm25,PIIANN,76.0,78.455536
2022-05-07 16:00:00,pm25,PIIANN,2.7499995,4.4087176
2025-02-07 12:00:00,pm25,PIIANN,24.75,44.255287
2023-02-10 18:00:00,pm25,PIIANN,12.0,15.08111
2024-06-01 14:00:00,pm25,PIIANN,21.75,18.943563
2021-09-03 13:00:00,pm25,PIIANN,1.9999996,9.97925
2025-07-12 16:00:00,pm25,PIIANN,47.0,45.98756
2024-01-10 19:00:00,pm25,PIIANN,14.5,6.0065894
2022-02-10 12:00:00,pm25,PIIANN,12.5,10.817067
2021-04-11 20:00:00,pm25,PIIANN,874.0,412.7291
2024-03-02 09:00:00,pm25,PIIANN,26.0,29.932697
2023-05-10 18:00:00,pm25,PIIANN,25.5,21.004091
2024-04-11 15:00:00,pm25,PIIANN,5.2499995,1.3111302
2021-12-10 18:00:00,pm25,PIIANN,26.75,28.052197
2021-11-04 17:00:00,pm25,PIIANN,12.25,19.001251
2021-02-11 00:00:00,pm25,PIIANN,19.0,15.94253
2024-09-01 14:00:00,pm25,PIIANN,43.5,37.01183
2023-11-11 21:00:00,pm25,PIIANN,135.5,133.80252
2022-06-08 14:00:00,pm25,PIIANN,7.2499995,0.77692187
2022-09-01 11:00:00,pm25,PIIANN,8.75,12.032883
2021-08-04 10:00:00,pm25,PIIANN,22.75,27.046463
2021-01-10 06:00:00,pm25,PIIANN,22.0,17.836061
2022-05-05 06:00:00,pm25,PIIANN,46.75,53.987305
2024-03-04 10:00:00,pm25,PIIANN,21.25,21.25388
2025-05-04 14:00:00,pm25,PIIANN,10.5,13.857296
2021-06-08 20:00:00,pm25,PIIANN,41.25,31.427284
2021-01-02 14:00:00,pm25,PIIANN,23.75,22.70839
2021-02-09 20:00:00,pm25,PIIANN,29.5,39.797676
2021-02-11 18:00:00,pm25,PIIANN,3.2499995,10.026008
2024-07-08 23:00:00,pm25,PIIANN,6.2499995,18.3535
2025-05-02 00:00:00,pm25,PIIANN,26.0,61.775883
2023-12-03 14:00:00,pm25,PIIANN,26.5,24.620974
2022-03-06 13:00:00,pm25,PIIANN,23.5,17.209185
2022-06-12 02:00:00,pm25,PIIANN,111.25,114.125824
2025-08-12 17:00:00,pm25,PIIANN,54.15,68.56688
2022-06-08 02:00:00,pm25,PIIANN,31.25,35.02049
2022-11-08 06:00:00,pm25,PIIANN,13.75,8.7055855
2022-12-08 06:00:00,pm25,PIIANN,7.2499995,15.996638
2024-09-04 12:00:00,pm25,PIIANN,22.75,19.156376
2025-10-01 23:00:00,pm25,PIIANN,45.75,54.803806
2023-10-07 19:00:00,pm25,PIIANN,20.0,18.032812
2022-07-12 12:00:00,pm25,PIIANN,100.75,119.91138
2025-01-10 07:00:00,pm25,PIIANN,28.99,36.20878
2024-10-04 17:00:00,pm25,PIIANN,22.5,25.337954
2024-05-12 00:00:00,pm25,PIIANN,6.4999995,58.123188
2024-11-11 20:00:00,pm25,PIIANN,43.75,38.824722
2022-08-02 00:00:00,pm25,PIIANN,29.0,9.190273
2025-08-04 03:00:00,pm25,PIIANN,4.9999995,5.773746
2023-12-11 03:00:00,pm25,PIIANN,67.25,80.76376
2022-03-05 00:00:00,pm25,PIIANN,12.25,8.211597
2022-11-12 10:00:00,pm25,PIIANN,38.922817,34.13584
2024-12-02 05:00:00,pm25,PIIANN,33.25,39.225395
2021-08-01 12:00:00,pm25,PIIANN,13.0,26.467573
2024-06-02 01:00:00,pm25,PIIANN,33.25,42.13414
2022-07-08 11:00:00,pm25,PIIANN,17.0,6.220098
2025-03-04 07:00:00,pm25,PIIANN,16.25,16.859152
2021-11-05 00:00:00,pm25,PIIANN,5.1562495,4.4430785
2021-11-06 07:00:00,pm25,PIIANN,3.9999995,5.312511
2024-03-06 04:00:00,pm25,PIIANN,20.25,12.627584
2022-01-03 15:00:00,pm25,PIIANN,12.75,15.992475
2022-04-06 12:00:00,pm25,PIIANN,31.5,22.354849
2022-05-04 21:00:00,pm25,PIIANN,2.7499995,3.299623
2022-01-08 16:00:00,pm25,PIIANN,17.75,19.831867
2022-11-02 04:00:00,pm25,PIIANN,19.0,21.65619
2025-09-02 05:00:00,pm25,PIIANN,64.5,68.10964
2024-09-05 05:00:00,pm25,PIIANN,1.9999996,8.746061
2021-07-02 10:00:00,pm25,PIIANN,50.75,74.14686
2021-11-01 22:00:00,pm25,PIIANN,32.5,39.906765
2023-07-11 18:00:00,pm25,PIIANN,4.9999995,1.6410252
2025-04-12 17:00:00,pm25,PIIANN,23.0,37.931015
2025-11-09 10:00:00,pm25,PIIANN,9.75,19.485104
2025-03-04 21:00:00,pm25,PIIANN,14.25,17.440588
2024-09-11 16:00:00,pm25,PIIANN,26.75,7.174621
2021-12-07 16:00:00,pm25,PIIANN,11.0,14.511749
2024-12-11 04:00:00,pm25,PIIANN,6.9999995,13.430006
2021-12-05 19:00:00,pm25,PIIANN,12.75,3.2739158
2024-04-09 14:00:00,pm25,PIIANN,16.5,16.82901
2021-08-05 12:00:00,pm25,PIIANN,1.2499996,-0.5038265
2021-02-03 17:00:00,pm25,PIIANN,25.0,27.322252
2025-01-03 05:00:00,pm25,PIIANN,25.0,25.677235
2021-11-04 03:00:00,pm25,PIIANN,13.25,20.087175
2021-01-02 00:00:00,pm25,PIIANN,26.25,30.236546
2023-12-05 22:00:00,pm25,PIIANN,33.0,28.23605
2023-12-06 05:00:00,pm25,PIIANN,3.9999995,4.490907
2025-06-12 03:00:00,pm25,PIIANN,63.2,94.24288
2021-04-01 19:00:00,pm25,PIIANN,17.75,29.13688
2023-09-01 22:00:00,pm25,PIIANN,19.0,29.565544
2022-11-10 09:00:00,pm25,PIIANN,14.25,9.957424
2022-11-10 10:00:00,pm25,PIIANN,7.4999995,4.674377
2023-10-01 12:00:00,pm25,PIIANN,19.0,21.75169
2024-08-05 02:00:00,pm25,PIIANN,8.6875,10.818866
2025-03-05 23:00:00,pm25,PIIANN,15.0,14.8079605
2021-11-08 16:00:00,pm25,PIIANN,17.0,19.379839
2022-05-03 03:00:00,pm25,PIIANN,23.75,19.797838
2023-02-07 02:00:00,pm25,PIIANN,18.25,11.589138
2022-04-08 15:00:00,pm25,PIIANN,21.0,10.537881
2023-07-05 23:00:00,pm25,PIIANN,15.25,20.026022
2022-04-08 00:00:00,pm25,PIIANN,19.5,6.69284
2021-12-03 08:00:00,pm25,PIIANN,26.5,34.77606
2021-07-08 03:00:00,pm25,PIIANN,3.2499995,5.0994353
2025-06-04 17:00:00,pm25,PIIANN,12.5,10.004141
2022-07-12 01:00:00,pm25,PIIANN,114.25,122.58412
2023-01-11 10:00:00,pm25,PIIANN,49.25,53.407463
2025-09-12 22:00:00,pm25,PIIANN,89.0,79.565094
2021-02-05 15:00:00,pm25,PIIANN,19.0,6.2146487
2022-10-06 23:00:00,pm25,PIIANN,11.0,20.948515
2022-09-02 22:00:00,pm25,PIIANN,19.75,22.77234
2023-11-05 13:00:00,pm25,PIIANN,87.25,62.72692
2025-11-03 06:00:00,pm25,PIIANN,28.5,31.11736
2022-05-09 04:00:00,pm25,PIIANN,9.0,6.324363
2023-10-03 21:00:00,pm25,PIIANN,32.25,38.898354
2021-01-10 21:00:00,pm25,PIIANN,4.9999995,10.474756
2021-03-04 01:00:00,pm25,PIIANN,19.25,20.047054
2025-05-10 13:00:00,pm25,PIIANN,10.63,21.818083
2021-09-13 00:00:00,pm25,PIIANN,2.0762115,9.957864
2021-09-05 03:00:00,pm25,PIIANN,19.0,6.1708446
2022-09-11 17:00:00,pm25,PIIANN,16.25,26.44034
2023-09-04 11:00:00,pm25,PIIANN,11.0,10.188342
2024-03-08 10:00:00,pm25,PIIANN,11.25,11.690139
2025-10-02 14:00:00,pm25,PIIANN,53.25,46.73932
2023-07-08 13:00:00,pm25,PIIANN,16.0,15.082137
2024-01-08 00:00:00,pm25,PIIANN,11.75,8.671055
2024-11-11 01:00:00,pm25,PIIANN,42.0,39.785614
2024-08-02 20:00:00,pm25,PIIANN,29.75,35.51445
2023-03-08 14:00:00,pm25,PIIANN,7.2499995,17.02693
2025-03-05 14:00:00,pm25,PIIANN,52.0,40.027557
2023-03-05 05:00:00,pm25,PIIANN,5.9999995,10.556815
2023-07-10 04:00:00,pm25,PIIANN,10.0,10.203771
2024-09-10 14:00:00,pm25,PIIANN,4.4999995,5.5052314
2022-09-09 14:00:00,pm25,PIIANN,12.75,3.155126
2021-02-09 17:00:00,pm25,PIIANN,33.25,32.366096
2021-09-12 22:00:00,pm25,PIIANN,3.4999995,12.456151
2025-01-05 01:00:00,pm25,PIIANN,7.7499995,4.086559
2023-04-10 17:00:00,pm25,PIIANN,34.25,35.936687
2025-08-12 23:00:00,pm25,PIIANN,77.0,83.02409
2022-05-04 03:00:00,pm25,PIIANN,19.0,4.907291
2025-02-11 19:00:00,pm25,PIIANN,65.6,70.425865
2022-08-09 12:00:00,pm25,PIIANN,9.5,7.379022
2023-11-09 18:00:00,pm25,PIIANN,28.25,19.187262
2023-08-02 16:00:00,pm25,PIIANN,20.0,28.462187
2022-12-10 22:00:00,pm25,PIIANN,2.9999995,3.1723247
2022-07-10 20:00:00,pm25,PIIANN,46.5,53.17517
2021-01-04 02:00:00,pm25,PIIANN,7.4999995,4.210111
2024-01-03 01:00:00,pm25,PIIANN,33.75,25.36012
2025-02-04 13:00:00,pm25,PIIANN,20.0,21.758318
2023-01-01 09:00:00,pm25,PIIANN,96.25,83.20853
2021-09-03 08:00:00,pm25,PIIANN,19.0,28.1343
2025-05-06 17:00:00,pm25,PIIANN,27.5,32.242424
2024-10-11 19:00:00,pm25,PIIANN,38.75,31.249102
2025-05-10 01:00:00,pm25,PIIANN,19.77,24.031164
2021-11-02 04:00:00,pm25,PIIANN,36.25,39.267994
2023-06-06 19:00:00,pm25,PIIANN,30.5,26.652405
2021-04-05 04:00:00,pm25,PIIANN,3.7499995,5.761184
2025-03-04 18:00:00,pm25,PIIANN,13.0,11.250697
2021-11-03 20:00:00,pm25,PIIANN,13.0,12.952697
2024-06-08 15:00:00,pm25,PIIANN,4.4999995,1.1525799
2021-05-12 19:00:00,pm25,PIIANN,61.5,63.5586
2021-09-08 22:00:00,pm25,PIIANN,0.99999964,17.485735
2024-09-07 14:00:00,pm25,PIIANN,18.0,11.384296
2022-11-04 16:00:00,pm25,PIIANN,19.0,11.851815
2021-11-10 13:00:00,pm25,PIIANN,21.5,14.963232
2025-07-12 00:00:00,pm25,PIIANN,58.0,48.60184
2025-05-06 14:00:00,pm25,PIIANN,37.5,23.826498
2024-04-09 18:00:00,pm25,PIIANN,19.0,14.632182
2025-11-06 08:00:00,pm25,PIIANN,26.0,14.577293
2022-10-07 21:00:00,pm25,PIIANN,11.75,4.80854
2025-05-02 02:00:00,pm25,PIIANN,28.5,21.08747
2021-07-02 23:00:00,pm25,PIIANN,25.0,19.07384
2024-02-04 04:00:00,pm25,PIIANN,16.0,13.193276
2023-04-06 01:00:00,pm25,PIIANN,13.25,15.037631
2023-05-08 04:00:00,pm25,PIIANN,21.25,31.429964
2025-03-08 01:00:00,pm25,PIIANN,12.82,20.603275
2024-06-07 01:00:00,pm25,PIIANN,19.0,9.716858
2022-01-11 23:00:00,pm25,PIIANN,46.0,20.670961
2025-05-08 01:00:00,pm25,PIIANN,1.0799996,13.53809
2022-09-04 18:00:00,pm25,PIIANN,19.0,8.806385
2021-03-12 20:00:00,pm25,PIIANN,55.25,99.507866
2023-04-03 04:00:00,pm25,PIIANN,30.0,42.676098
2022-02-08 12:00:00,pm25,PIIANN,32.5,38.64986
2022-02-08 09:00:00,pm25,PIIANN,20.75,12.011792
2021-10-08 12:00:00,pm25,PIIANN,19.0,-4.593207
2025-10-12 09:00:00,pm25,PIIANN,97.0,103.352905
2022-06-11 05:00:00,pm25,PIIANN,33.0,34.89014
2025-01-08 17:00:00,pm25,PIIANN,25.72,83.49531
2025-12-08 02:00:00,pm25,PIIANN,5.7900004,1.7919651
2025-09-10 04:00:00,pm25,PIIANN,21.46,65.42631
2024-08-07 10:00:00,pm25,PIIANN,20.5,27.412014
2022-12-12 13:00:00,pm25,PIIANN,5.7499995,15.565185
2023-06-10 22:00:00,pm25,PIIANN,24.5,32.548042
2025-07-05 09:00:00,pm25,PIIANN,25.75,16.961687
2025-03-08 19:00:00,pm25,PIIANN,23.01,20.400286
2025-08-05 09:00:00,pm25,PIIANN,37.0,29.783188
2021-12-04 12:00:00,pm25,PIIANN,4.7499995,6.449846
2023-08-02 23:00:00,pm25,PIIANN,21.75,38.81557
2023-03-07 06:00:00,pm25,PIIANN,25.0,16.635708
2023-12-09 21:00:00,pm25,PIIANN,19.75,18.060417
2022-07-03 06:00:00,pm25,PIIANN,23.0,20.739489
2024-07-04 03:00:00,pm25,PIIANN,7.9999995,12.632789
2022-07-02 22:00:00,pm25,PIIANN,18.5,31.698092
2021-09-04 19:00:00,pm25,PIIANN,25.5,23.600203
2023-08-10 20:00:00,pm25,PIIANN,6.7499995,10.307998
2023-08-05 03:00:00,pm25,PIIANN,6.2499995,11.5343
2023-10-02 06:00:00,pm25,PIIANN,87.5,78.52082
2023-08-02 05:00:00,pm25,PIIANN,118.5,94.558495
2021-07-06 23:00:00,pm25,PIIANN,7.7499995,8.740364
2024-02-10 07:00:00,pm25,PIIANN,25.0,14.884876
2021-09-09 00:00:00,pm25,PIIANN,2.4999995,-0.6426815
2023-01-10 19:00:00,pm25,PIIANN,7.9999995,10.633802
2023-11-04 06:00:00,pm25,PIIANN,26.25,47.6964
2023-11-12 11:00:00,pm25,PIIANN,28.75,23.020027
2021-10-08 05:00:00,pm25,PIIANN,4.9999995,0.8495518
2024-01-08 06:00:00,pm25,PIIANN,6.9999995,20.629183
2023-11-03 13:00:00,pm25,PIIANN,36.25,32.971317
2022-10-02 08:00:00,pm25,PIIANN,65.0,69.84488
2024-01-11 14:00:00,pm25,PIIANN,27.75,49.763126
2021-05-08 18:00:00,pm25,PIIANN,16.5,16.502506
2023-06-06 17:00:00,pm25,PIIANN,24.75,20.82808
2025-01-10 15:00:00,pm25,PIIANN,1.0500008,25.375103
2022-12-06 02:00:00,pm25,PIIANN,11.5,7.5656524
2023-11-11 12:00:00,pm25,PIIANN,57.25,60.78994
2025-09-10 13:00:00,pm25,PIIANN,25.16,29.94696
2023-09-09 11:00:00,pm25,PIIANN,11.25,5.9731536
2024-10-03 04:00:00,pm25,PIIANN,30.25,17.64431
2023-12-10 22:00:00,pm25,PIIANN,22.75,27.073269
2023-12-10 01:00:00,pm25,PIIANN,11.0,8.978121
2023-11-05 01:00:00,pm25,PIIANN,23.75,8.748095
2024-11-03 12:00:00,pm25,PIIANN,32.75,31.402294
2025-10-02 09:00:00,pm25,PIIANN,120.75,115.35836
2025-09-07 15:00:00,pm25,PIIANN,37.5,20.950708
2022-08-11 16:00:00,pm25,PIIANN,33.25,33.328335
2024-11-09 19:00:00,pm25,PIIANN,35.0,33.530315
2025-11-03 05:00:00,pm25,PIIANN,32.5,28.478476
2023-01-03 22:00:00,pm25,PIIANN,36.0,32.216003
2022-06-09 06:00:00,pm25,PIIANN,18.25,12.055068
2025-03-06 11:00:00,pm25,PIIANN,26.0,41.701923
2022-11-08 01:00:00,pm25,PIIANN,6.7499995,10.520035
2024-11-10 19:00:00,pm25,PIIANN,15.5,10.086412
2023-11-05 00:00:00,pm25,PIIANN,12.5,12.774587
2025-06-04 08:00:00,pm25,PIIANN,24.0,25.186054
2021-02-03 15:00:00,pm25,PIIANN,25.0,24.786606
2022-05-12 14:00:00,pm25,PIIANN,68.25,71.803986
2025-06-03 09:00:00,pm25,PIIANN,38.25,29.212997
2025-01-04 19:00:00,pm25,PIIANN,43.0,44.03244
2022-06-04 14:00:00,pm25,PIIANN,5.4999995,5.6118026
2022-08-04 21:00:00,pm25,PIIANN,2.9999995,6.5465274
2024-02-09 15:00:00,pm25,PIIANN,11.0,11.035756
2022-10-06 21:00:00,pm25,PIIANN,23.0,36.60235
2021-02-02 07:00:00,pm25,PIIANN,69.25,79.34652
2021-03-11 13:00:00,pm25,PIIANN,40.5,40.22302
2024-01-05 06:00:00,pm25,PIIANN,0.99999964,15.954992
2022-07-04 16:00:00,pm25,PIIANN,9.25,7.1598907
2025-02-06 21:00:00,pm25,PIIANN,29.5,32.3115
2023-05-06 08:00:00,pm25,PIIANN,34.75,26.231544
2025-01-05 11:00:00,pm25,PIIANN,19.25,17.297846
2021-08-08 07:00:00,pm25,PIIANN,20.0,21.998966
2025-09-10 11:00:00,pm25,PIIANN,18.89,27.64228
2025-12-07 18:00:00,pm25,PIIANN,14.5,26.921963
2021-10-12 10:00:00,pm25,PIIANN,18.0,22.164473
2022-07-10 18:00:00,pm25,PIIANN,35.0,37.13268
2022-04-07 04:00:00,pm25,PIIANN,4.7499995,7.139274
2025-04-09 21:00:00,pm25,PIIANN,70.22,21.637186
2024-03-12 01:00:00,pm25,PIIANN,29.5,24.531666
2025-06-03 08:00:00,pm25,PIIANN,38.25,29.619963
2025-12-02 05:00:00,pm25,PIIANN,69.5,68.31434
2023-09-05 17:00:00,pm25,PIIANN,35.5,29.330917
2023-08-09 00:00:00,pm25,PIIANN,21.875,24.027338
2021-09-07 12:00:00,pm25,PIIANN,7.4999995,-0.06275214
2022-01-08 01:00:00,pm25,PIIANN,12.25,1.5773007
2022-03-09 12:00:00,pm25,PIIANN,19.25,19.20561
2024-01-05 02:00:00,pm25,PIIANN,4.9999995,7.4012847
2024-08-12 01:00:00,pm25,PIIANN,16.5,20.053276
2025-03-05 01:00:00,pm25,PIIANN,6.7499995,6.1115394
2023-04-11 18:00:00,pm25,PIIANN,3.7499995,1.5643021
2025-02-04 01:00:00,pm25,PIIANN,31.25,28.29696
2023-12-08 07:00:00,pm25,PIIANN,21.5,12.063716
2023-05-09 04:00:00,pm25,PIIANN,12.75,8.09157
2023-08-11 11:00:00,pm25,PIIANN,31.5,25.579756
2025-05-05 03:00:00,pm25,PIIANN,18.5,14.368804
2024-12-08 17:00:00,pm25,PIIANN,9.5,13.405594
2023-04-06 07:00:00,pm25,PIIANN,19.0,17.332037
2025-04-08 12:00:00,pm25,PIIANN,13.77,22.15817
2025-02-02 09:00:00,pm25,PIIANN,36.0,41.844124
2024-02-08 12:00:00,pm25,PIIANN,16.75,18.909252
2021-05-03 07:00:00,pm25,PIIANN,62.75,100.02081
2023-03-12 08:00:00,pm25,PIIANN,1.9999996,7.1182685
2025-01-07 07:00:00,pm25,PIIANN,18.25,20.37399
2024-09-01 13:00:00,pm25,PIIANN,44.0,36.321503
2023-01-12 05:00:00,pm25,PIIANN,33.0,25.432259
2023-03-07 10:00:00,pm25,PIIANN,16.75,16.88017
2025-12-05 16:00:00,pm25,PIIANN,42.5,44.126755
2024-08-06 07:00:00,pm25,PIIANN,4.9999995,11.316435
2022-09-08 15:00:00,pm25,PIIANN,7.4999995,8.805239
2025-01-02 05:00:00,pm25,PIIANN,18.5,22.554758
2022-06-11 01:00:00,pm25,PIIANN,23.25,25.182598
2024-03-10 03:00:00,pm25,PIIANN,6.7499995,8.614931
2025-04-05 06:00:00,pm25,PIIANN,15.0,14.770956
2023-09-03 00:00:00,pm25,PIIANN,28.0,9.108835
2024-08-10 07:00:00,pm25,PIIANN,26.5,16.94457
2022-12-11 17:00:00,pm25,PIIANN,2.7499995,5.7808642
2025-10-12 04:00:00,pm25,PIIANN,96.0,93.82637
2023-06-05 12:00:00,pm25,PIIANN,24.0,16.108532
2025-02-08 02:00:00,pm25,PIIANN,23.34,13.210473
2023-01-03 07:00:00,pm25,PIIANN,41.25,48.69593
2021-02-02 23:00:00,pm25,PIIANN,58.0,45.732
2024-12-09 02:00:00,pm25,PIIANN,7.4999995,9.489487
2022-02-07 06:00:00,pm25,PIIANN,5.2499995,7.7997603
2025-01-09 11:00:00,pm25,PIIANN,10.78,18.893337
2022-07-12 09:00:00,pm25,PIIANN,133.0,139.723
2025-08-12 10:00:00,pm25,PIIANN,73.15,87.647736
2022-02-01 10:00:00,pm25,PIIANN,12.75,10.991819
2024-03-12 02:00:00,pm25,PIIANN,29.5,30.447403
2023-09-06 09:00:00,pm25,PIIANN,9.5,12.714971
2021-08-07 01:00:00,pm25,PIIANN,7.2499995,2.4967818
2021-06-04 20:00:00,pm25,PIIANN,24.5,27.018784
2023-06-04 06:00:00,pm25,PIIANN,4.2499995,6.393804
2024-02-05 02:00:00,pm25,PIIANN,4.7000003,7.5631747
2021-05-02 19:00:00,pm25,PIIANN,33.5,47.539177
2023-05-08 23:00:00,pm25,PIIANN,41.0,27.31677
2021-05-05 03:00:00,pm25,PIIANN,19.0,7.9387126
2024-06-04 15:00:00,pm25,PIIANN,13.75,11.52358
2025-08-11 01:00:00,pm25,PIIANN,75.25,52.995506
2022-09-12 10:00:00,pm25,PIIANN,59.333332,62.93259
2022-04-08 05:00:00,pm25,PIIANN,20.0,16.655272
2021-05-01 21:00:00,pm25,PIIANN,2.9999995,9.583551
2024-08-13 01:00:00,pm25,PIIANN,33.559082,37.21247
2023-08-06 18:00:00,pm25,PIIANN,15.75,19.5607
2024-09-02 14:00:00,pm25,PIIANN,28.75,25.755821
2023-07-06 21:00:00,pm25,PIIANN,29.25,25.615322
2025-08-02 18:00:00,pm25,PIIANN,53.25,56.092403
2025-08-03 03:00:00,pm25,PIIANN,68.5,92.98914
2023-02-09 11:00:00,pm25,PIIANN,13.0,10.080398
2025-11-05 17:00:00,pm25,PIIANN,35.75,37.712128
2021-10-02 08:00:00,pm25,PIIANN,116.25,98.42542
2021-06-04 17:00:00,pm25,PIIANN,17.5,26.46022
2023-12-09 03:00:00,pm25,PIIANN,6.9999995,4.7476516
2025-03-10 15:00:00,pm25,PIIANN,20.74,22.691847
2023-12-12 23:00:00,pm25,PIIANN,45.5,34.848507
2024-08-02 08:00:00,pm25,PIIANN,69.75,68.75985
2024-02-09 08:00:00,pm25,PIIANN,44.0,21.27041
2021-11-07 11:00:00,pm25,PIIANN,3.9999995,3.2222571
2024-06-06 15:00:00,pm25,PIIANN,16.75,5.8177085
2022-06-10 23:00:00,pm25,PIIANN,17.5,22.152624
2023-10-06 16:00:00,pm25,PIIANN,32.25,15.166285
2023-09-06 05:00:00,pm25,PIIANN,7.2499995,14.628287
2021-02-05 02:00:00,pm25,PIIANN,6.4999995,1.9810978
2023-07-05 00:00:00,pm25,PIIANN,23.5,4.3113284
2025-03-11 09:00:00,pm25,PIIANN,32.9,29.044163
2023-11-05 06:00:00,pm25,PIIANN,52.75,51.132736
2025-03-03 12:00:00,pm25,PIIANN,17.25,20.901213
2023-06-08 16:00:00,pm25,PIIANN,15.5,9.126669
2025-07-05 17:00:00,pm25,PIIANN,13.0,16.178673
2021-08-01 14:00:00,pm25,PIIANN,6.2499995,4.7071548
2025-12-06 16:00:00,pm25,PIIANN,18.0,21.799711
2023-07-09 19:00:00,pm25,PIIANN,11.75,14.119258
2025-05-07 07:00:00,pm25,PIIANN,16.5,15.277379
2021-11-06 19:00:00,pm25,PIIANN,12.75,9.192574
2022-04-04 13:00:00,pm25,PIIANN,1.3333336,3.7738109
2024-08-10 21:00:00,pm25,PIIANN,12.0,10.172942
2021-05-11 15:00:00,pm25,PIIANN,7.9999995,25.725182
2024-02-04 08:00:00,pm25,PIIANN,19.5,20.866823
2024-04-08 19:00:00,pm25,PIIANN,4.7499995,9.1954
2024-04-10 12:00:00,pm25,PIIANN,14.5,9.792319
2024-06-08 19:00:00,pm25,PIIANN,8.5,5.5091605
2024-03-02 08:00:00,pm25,PIIANN,38.25,32.523716
2022-06-05 20:00:00,pm25,PIIANN,21.0,17.751978
2022-09-05 03:00:00,pm25,PIIANN,42.25,23.264574
2021-03-05 10:00:00,pm25,PIIANN,1.9999996,5.7633567
2023-05-10 07:00:00,pm25,PIIANN,29.5,22.069038
2023-08-07 05:00:00,pm25,PIIANN,7.9999995,12.618364
2025-04-11 23:00:00,pm25,PIIANN,26.4,19.116873
2025-11-02 04:00:00,pm25,PIIANN,51.0,57.255302
2021-06-12 13:00:00,pm25,PIIANN,38.5,36.302715
2021-03-05 16:00:00,pm25,PIIANN,0.99999964,5.527332
2022-02-11 00:00:00,pm25,PIIANN,13.75,22.33501
2023-08-03 04:00:00,pm25,PIIANN,28.0,31.516209
2022-02-04 17:00:00,pm25,PIIANN,1.9999996,7.8086867
2023-10-06 07:00:00,pm25,PIIANN,10.5,10.901807
2023-12-05 19:00:00,pm25,PIIANN,42.5,49.16764
2023-02-07 15:00:00,pm25,PIIANN,23.75,21.491701
2025-10-02 21:00:00,pm25,PIIANN,51.75,53.506622
2023-12-08 03:00:00,pm25,PIIANN,12.0,13.732063
2021-11-02 15:00:00,pm25,PIIANN,17.25,17.042257
2023-02-09 00:00:00,pm25,PIIANN,6.9999995,11.080056
2024-03-03 21:00:00,pm25,PIIANN,44.0,45.237877
2022-02-11 22:00:00,pm25,PIIANN,32.5,34.76632
2022-05-07 14:00:00,pm25,PIIANN,1.9999996,3.5357852
2021-03-12 21:00:00,pm25,PIIANN,50.75,76.48502
2023-12-08 23:00:00,pm25,PIIANN,29.0,22.396698
2023-07-04 12:00:00,pm25,PIIANN,0.99999964,4.394733
2023-11-12 21:00:00,pm25,PIIANN,42.5,33.898205
2021-09-12 13:00:00,pm25,PIIANN,0.99999964,-0.48373643
2022-08-05 02:00:00,pm25,PIIANN,23.75,18.221188
2024-11-12 03:00:00,pm25,PIIANN,61.25,56.54786
2024-11-05 21:00:00,pm25,PIIANN,3.9999995,7.0200133
2025-01-09 23:00:00,pm25,PIIANN,30.92,26.591942
2024-05-04 06:00:00,pm25,PIIANN,19.0,10.7592745
2022-09-03 23:00:00,pm25,PIIANN,29.5,29.767756
2021-12-04 07:00:00,pm25,PIIANN,5.7499995,7.2915416
2021-02-03 14:00:00,pm25,PIIANN,27.5,23.559313
2023-10-07 12:00:00,pm25,PIIANN,9.75,8.301821
2024-08-01 22:00:00,pm25,PIIANN,55.0,53.931473
2025-03-09 13:00:00,pm25,PIIANN,13.65,16.83143
2023-02-13 02:00:00,pm25,PIIANN,4.8454547,12.776153
2021-05-02 20:00:00,pm25,PIIANN,37.25,39.13799
2021-02-08 14:00:00,pm25,PIIANN,6.2499995,13.855034
2025-12-03 22:00:00,pm25,PIIANN,9.75,11.471095
2024-10-03 18:00:00,pm25,PIIANN,33.75,25.289598
2021-11-02 05:00:00,pm25,PIIANN,39.75,41.477966
2025-09-09 06:00:00,pm25,PIIANN,30.84,25.913023
2021-12-04 02:00:00,pm25,PIIANN,3.9999995,7.560489
2023-12-05 10:00:00,pm25,PIIANN,47.5,47.457626
2023-12-04 17:00:00,pm25,PIIANN,51.75,34.73044
2025-12-08 22:00:00,pm25,PIIANN,23.19,20.888975
2023-08-01 23:00:00,pm25,PIIANN,52.25,59.102577
2023-09-03 07:00:00,pm25,PIIANN,57.25,51.252327
2023-07-10 14:00:00,pm25,PIIANN,9.5,15.599046
2025-05-08 03:00:00,pm25,PIIANN,14.48,7.6965384
2021-04-10 07:00:00,pm25,PIIANN,11.0,11.551788
2022-05-10 11:00:00,pm25,PIIANN,54.0,39.867695
2024-07-12 11:00:00,pm25,PIIANN,6.2499995,14.313515
2025-02-11 02:00:00,pm25,PIIANN,35.55,50.399117
2024-11-04 17:00:00,pm25,PIIANN,19.5,21.056519
2024-06-05 11:00:00,pm25,PIIANN,15.0,15.776267
2024-11-08 23:00:00,pm25,PIIANN,9.5,11.4505005
2024-01-11 23:00:00,pm25,PIIANN,15.25,122.70526
2022-03-12 07:00:00,pm25,PIIANN,17.5,37.124477
2021-08-09 06:00:00,pm25,PIIANN,11.75,9.340078
2022-11-07 18:00:00,pm25,PIIANN,11.0,28.68998
2022-01-11 02:00:00,pm25,PIIANN,2.9999995,5.2614017
2021-01-05 13:00:00,pm25,PIIANN,7.7499995,6.6176295
2024-11-03 20:00:00,pm25,PIIANN,27.25,31.402832
2023-08-11 22:00:00,pm25,PIIANN,14.75,16.88622
2024-08-03 16:00:00,pm25,PIIANN,34.25,28.965067
2022-02-09 15:00:00,pm25,PIIANN,15.75,-0.027227776
2024-01-11 11:00:00,pm25,PIIANN,35.25,75.38228
2024-04-03 07:00:00,pm25,PIIANN,70.5,71.049416
2023-12-07 12:00:00,pm25,PIIANN,21.25,20.662352
2024-01-01 14:00:00,pm25,PIIANN,68.5,70.35348
2022-01-06 19:00:00,pm25,PIIANN,41.0,38.832397
2023-03-05 10:00:00,pm25,PIIANN,11.5,12.352156
2025-03-01 17:00:00,pm25,PIIANN,71.25,63.93741
2023-08-07 10:00:00,pm25,PIIANN,16.0,15.718761
2025-11-11 00:00:00,pm25,PIIANN,48.0,19.983255
2021-07-07 18:00:00,pm25,PIIANN,8.5,9.148457
2024-10-11 20:00:00,pm25,PIIANN,46.75,36.22991
2025-07-09 21:00:00,pm25,PIIANN,34.23,45.51382
2021-12-03 18:00:00,pm25,PIIANN,6.2499995,4.569074
2022-02-06 13:00:00,pm25,PIIANN,24.5,15.428738
2024-03-05 16:00:00,pm25,PIIANN,8.5,18.088549
2024-10-02 07:00:00,pm25,PIIANN,57.25,42.55672
2025-06-11 13:00:00,pm25,PIIANN,38.1,35.88823
2023-05-02 19:00:00,pm25,PIIANN,51.5,54.75871
2022-08-03 19:00:00,pm25,PIIANN,42.0,37.195736
2024-08-03 01:00:00,pm25,PIIANN,24.0,18.206537
2023-01-13 01:00:00,pm25,PIIANN,38.70405,38.671886
2022-04-04 05:00:00,pm25,PIIANN,4.4999995,8.267902
2024-04-03 05:00:00,pm25,PIIANN,65.25,69.17763
2023-01-05 05:00:00,pm25,PIIANN,6.9999995,11.57667
2022-06-01 13:00:00,pm25,PIIANN,15.5,13.971702
2023-02-12 13:00:00,pm25,PIIANN,3.9999995,28.427544
2024-04-10 14:00:00,pm25,PIIANN,27.0,13.478154
2024-09-03 09:00:00,pm25,PIIANN,51.25,43.611706
2025-03-11 13:00:00,pm25,PIIANN,25.1,38.531708
2024-05-10 15:00:00,pm25,PIIANN,35.0,32.390526
2023-11-06 17:00:00,pm25,PIIANN,2.9999995,6.8382335
2024-08-10 16:00:00,pm25,PIIANN,10.75,8.506275
2025-01-04 17:00:00,pm25,PIIANN,36.75,39.878
2021-05-11 04:00:00,pm25,PIIANN,66.0,136.51302
2021-05-10 06:00:00,pm25,PIIANN,3.4999995,3.6447787
2021-12-10 00:00:00,pm25,PIIANN,13.75,1.5253407
2023-03-04 22:00:00,pm25,PIIANN,3.7499995,8.438717
2023-11-08 07:00:00,pm25,PIIANN,17.25,9.057375
2021-11-10 10:00:00,pm25,PIIANN,8.25,9.659721
2024-10-07 23:00:00,pm25,PIIANN,7.9999995,14.63177
2021-08-05 01:00:00,pm25,PIIANN,16.785715,8.26354
2023-10-04 09:00:00,pm25,PIIANN,22.25,17.978367
2022-11-05 13:00:00,pm25,PIIANN,31.0,29.443336
2023-11-06 06:00:00,pm25,PIIANN,2.2499995,5.8350387
2021-04-07 10:00:00,pm25,PIIANN,15.25,15.194891
2021-11-09 09:00:00,pm25,PIIANN,8.75,8.50374
2025-01-10 19:00:00,pm25,PIIANN,23.4,24.805727
2023-03-05 12:00:00,pm25,PIIANN,14.0,8.993185
2022-03-08 22:00:00,pm25,PIIANN,27.0,30.676516
2022-08-11 08:00:00,pm25,PIIANN,81.0,62.32631
2021-06-13 00:00:00,pm25,PIIANN,43.17783,39.593292
2023-09-11 06:00:00,pm25,PIIANN,64.0,50.899605
2025-03-11 10:00:00,pm25,PIIANN,49.5,31.451296
2025-07-08 14:00:00,pm25,PIIANN,19.0,35.162117
2022-09-07 18:00:00,pm25,PIIANN,13.25,12.80566
2025-12-01 18:00:00,pm25,PIIANN,31.25,37.087666
2023-08-07 18:00:00,pm25,PIIANN,49.25,24.234228
2022-05-07 13:00:00,pm25,PIIANN,2.4999995,4.591123
2023-02-08 18:00:00,pm25,PIIANN,31.0,27.399248
2023-09-04 18:00:00,pm25,PIIANN,14.75,13.9323635
2022-08-09 04:00:00,pm25,PIIANN,6.2499995,4.2890315
2023-04-08 04:00:00,pm25,PIIANN,14.0,14.620166
2023-12-05 02:00:00,pm25,PIIANN,58.0,48.763523
2023-07-08 11:00:00,pm25,PIIANN,13.75,14.974576
2023-05-03 09:00:00,pm25,PIIANN,53.25,53.41022
2022-01-09 03:00:00,pm25,PIIANN,7.9999995,11.400525
2025-05-09 11:00:00,pm25,PIIANN,17.55,19.420765
2025-04-10 16:00:00,pm25,PIIANN,7.8700004,15.298971
2023-07-09 14:00:00,pm25,PIIANN,5.2499995,7.4566245
2025-04-05 15:00:00,pm25,PIIANN,27.5,27.416271
2021-09-11 02:00:00,pm25,PIIANN,67.25,52.45745
2021-07-09 20:00:00,pm25,PIIANN,7.9999995,10.598737
2021-02-07 14:00:00,pm25,PIIANN,19.25,9.067942
2023-05-04 07:00:00,pm25,PIIANN,7.9999995,8.308741
2021-03-11 17:00:00,pm25,PIIANN,15.75,27.984379
2021-01-10 07:00:00,pm25,PIIANN,36.5,26.443808
2024-03-01 09:00:00,pm25,PIIANN,113.0,105.45356
2021-01-03 22:00:00,pm25,PIIANN,18.75,14.466764
2023-06-11 01:00:00,pm25,PIIANN,8.833334,10.410913
2021-09-09 15:00:00,pm25,PIIANN,5.7499995,7.703319
2024-01-08 22:00:00,pm25,PIIANN,6.9999995,19.341423
2023-08-02 21:00:00,pm25,PIIANN,28.5,44.442444
2021-02-10 19:00:00,pm25,PIIANN,19.0,26.060759
2022-02-06 15:00:00,pm25,PIIANN,22.0,19.247171
2023-12-10 10:00:00,pm25,PIIANN,13.25,18.85111
2024-10-11 14:00:00,pm25,PIIANN,27.0,19.50925
2022-07-08 16:00:00,pm25,PIIANN,2.4999995,5.7391543
2024-06-11 22:00:00,pm25,PIIANN,7.2499995,16.963274
2022-01-03 09:00:00,pm25,PIIANN,37.5,39.00689
2025-02-01 20:00:00,pm25,PIIANN,82.0,75.19144
2024-10-10 16:00:00,pm25,PIIANN,4.7499995,-0.48255387
2023-07-05 06:00:00,pm25,PIIANN,8.5,23.445524
2025-01-05 15:00:00,pm25,PIIANN,18.25,20.658731
2021-02-04 16:00:00,pm25,PIIANN,31.25,29.610634
2025-11-06 03:00:00,pm25,PIIANN,12.0,7.904552
2025-04-09 08:00:00,pm25,PIIANN,24.17,24.306017
2025-07-11 01:00:00,pm25,PIIANN,27.1,16.067123
2025-12-01 10:00:00,pm25,PIIANN,53.25,53.29789
2024-06-09 03:00:00,pm25,PIIANN,5.2499995,11.586821
2023-10-08 23:00:00,pm25,PIIANN,18.75,4.5700965
2022-09-12 22:00:00,pm25,PIIANN,19.0,23.387781
2024-01-12 07:00:00,pm25,PIIANN,4.9999995,6.950317
2025-04-01 08:00:00,pm25,PIIANN,123.5,101.53049
2025-12-03 08:00:00,pm25,PIIANN,38.5,32.638237
2024-11-05 18:00:00,pm25,PIIANN,3.9999995,6.8685164
2022-05-05 15:00:00,pm25,PIIANN,17.0,25.174442
2024-10-06 22:00:00,pm25,PIIANN,13.75,13.3488455
2025-05-01 22:00:00,pm25,PIIANN,73.0,80.11004
2024-09-11 03:00:00,pm25,PIIANN,9.75,13.233081
2023-05-09 15:00:00,pm25,PIIANN,22.25,20.341246
2024-03-05 22:00:00,pm25,PIIANN,10.5,12.19628
2022-07-10 12:00:00,pm25,PIIANN,40.25,51.110424
2021-02-10 16:00:00,pm25,PIIANN,19.0,21.138092
2024-03-12 00:00:00,pm25,PIIANN,23.75,13.208599
2021-12-04 03:00:00,pm25,PIIANN,4.2499995,7.426719
2023-12-08 01:00:00,pm25,PIIANN,31.0,16.763563
2025-08-04 00:00:00,pm25,PIIANN,10.75,18.643963
2025-07-10 01:00:00,pm25,PIIANN,31.3,38.957317
2021-09-06 06:00:00,pm25,PIIANN,10.0,4.4799247
2023-11-05 16:00:00,pm25,PIIANN,86.75,84.84016
2022-09-05 05:00:00,pm25,PIIANN,64.0,43.07224
2022-05-01 17:00:00,pm25,PIIANN,20.0,29.696106
2022-11-03 12:00:00,pm25,PIIANN,34.75,27.598768
2024-06-11 10:00:00,pm25,PIIANN,24.5,34.37476
2022-02-01 22:00:00,pm25,PIIANN,29.75,19.711447
2024-07-11 16:00:00,pm25,PIIANN,4.4999995,8.039751
2021-06-10 12:00:00,pm25,PIIANN,3.9999995,-2.1797223
2021-02-09 22:00:00,pm25,PIIANN,19.0,23.062754
2023-01-07 12:00:00,pm25,PIIANN,6.2499995,10.314082
2024-02-06 04:00:00,pm25,PIIANN,21.0,34.322765
2025-04-11 12:00:00,pm25,PIIANN,23.9,37.093876
2023-05-06 05:00:00,pm25,PIIANN,31.5,28.080364
2023-02-10 15:00:00,pm25,PIIANN,15.25,13.219065
2023-12-04 01:00:00,pm25,PIIANN,16.25,19.774208
2021-11-05 15:00:00,pm25,PIIANN,11.0,4.958341
2022-05-09 06:00:00,pm25,PIIANN,12.0,10.451018
2025-04-02 22:00:00,pm25,PIIANN,21.25,20.257614
2025-06-11 20:00:00,pm25,PIIANN,27.65,22.982708
2025-04-12 21:00:00,pm25,PIIANN,74.00287,78.754425
2022-03-01 16:00:00,pm25,PIIANN,44.5,36.63326
2025-10-02 18:00:00,pm25,PIIANN,52.25,56.09186
2024-05-01 12:00:00,pm25,PIIANN,45.75,55.625675
2022-03-03 19:00:00,pm25,PIIANN,39.0,36.90865
2024-03-06 15:00:00,pm25,PIIANN,25.75,23.412638
2023-05-10 11:00:00,pm25,PIIANN,32.0,23.694233
2023-03-03 19:00:00,pm25,PIIANN,43.75,43.31087
2024-02-12 13:00:00,pm25,PIIANN,28.75,26.761747
2025-02-06 01:00:00,pm25,PIIANN,16.25,8.8029
2023-01-07 18:00:00,pm25,PIIANN,22.25,19.713213
2024-07-09 23:00:00,pm25,PIIANN,14.0,12.284028
2024-09-06 19:00:00,pm25,PIIANN,16.0,26.552927
2022-07-07 12:00:00,pm25,PIIANN,6.9999995,4.9602504
2023-06-07 15:00:00,pm25,PIIANN,10.5,8.645441
2024-07-05 14:00:00,pm25,PIIANN,8.75,11.234503
2025-09-06 18:00:00,pm25,PIIANN,27.0,12.053619
2025-04-03 11:00:00,pm25,PIIANN,20.75,18.678854
2022-06-09 00:00:00,pm25,PIIANN,4.2499995,7.2298236
2024-08-03 03:00:00,pm25,PIIANN,30.75,20.846664
2021-02-11 11:00:00,pm25,PIIANN,15.0,12.321005
2023-08-07 13:00:00,pm25,PIIANN,4.9999995,8.052641
2021-02-01 23:00:00,pm25,PIIANN,35.5,25.782368
2022-09-05 16:00:00,pm25,PIIANN,48.0,55.288033
2023-10-01 15:00:00,pm25,PIIANN,19.0,28.652124
2025-07-07 14:00:00,pm25,PIIANN,19.0,28.855408
2024-04-11 21:00:00,pm25,PIIANN,11.0,7.949125
2025-04-10 12:00:00,pm25,PIIANN,0.14000092,13.555997
2021-11-12 23:00:00,pm25,PIIANN,4.9999995,14.0128355
2021-12-11 17:00:00,pm25,PIIANN,9.5,1.4012619
2023-02-05 13:00:00,pm25,PIIANN,19.0,11.399177
2025-08-12 21:00:00,pm25,PIIANN,79.4,73.064316
2022-12-06 16:00:00,pm25,PIIANN,15.75,5.7753997
2021-09-07 02:00:00,pm25,PIIANN,1.9999996,11.111568
2025-06-10 00:00:00,pm25,PIIANN,15.64,24.626389
2025-01-05 02:00:00,pm25,PIIANN,10.0,9.251518
2023-08-07 16:00:00,pm25,PIIANN,13.75,10.016259
2022-05-10 19:00:00,pm25,PIIANN,77.75,58.139885
2022-07-06 22:00:00,pm25,PIIANN,18.0,11.473218
2022-06-06 06:00:00,pm25,PIIANN,9.25,19.887089
2023-12-08 18:00:00,pm25,PIIANN,18.0,19.056381
2025-03-06 01:00:00,pm25,PIIANN,14.5,12.54753
2023-05-03 08:00:00,pm25,PIIANN,58.25,58.2372
2024-03-07 19:00:00,pm25,PIIANN,27.25,28.556656
2022-09-04 00:00:00,pm25,PIIANN,1.9999996,27.087986
2022-05-10 13:00:00,pm25,PIIANN,51.0,36.561035
2023-09-10 03:00:00,pm25,PIIANN,4.2499995,0.8252274
2025-05-07 13:00:00,pm25,PIIANN,10.5,14.443466
2021-07-05 16:00:00,pm25,PIIANN,19.0,7.4057097
2023-07-08 19:00:00,pm25,PIIANN,19.75,24.520115
2025-12-11 04:00:00,pm25,PIIANN,71.55,57.923668
2022-03-03 03:00:00,pm25,PIIANN,20.75,16.374554
2021-10-03 07:00:00,pm25,PIIANN,7.4999995,10.3179655
2023-05-11 02:00:00,pm25,PIIANN,6.9999995,4.3364806
2021-10-08 10:00:00,pm25,PIIANN,1.8000008,-3.9727826
2021-10-02 13:00:00,pm25,PIIANN,31.75,30.504261
2023-07-03 20:00:00,pm25,PIIANN,25.5,35.114227
2023-01-09 04:00:00,pm25,PIIANN,6.7499995,4.359979
2023-12-06 13:00:00,pm25,PIIANN,7.2499995,3.911346
2023-12-09 12:00:00,pm25,PIIANN,8.75,12.877017
2023-06-11 08:00:00,pm25,PIIANN,16.75,15.581436
2022-07-05 13:00:00,pm25,PIIANN,33.0,37.899162
2021-09-07 05:00:00,pm25,PIIANN,2.9999995,3.8017287
2025-11-07 18:00:00,pm25,PIIANN,21.5,34.276493
2024-05-04 13:00:00,pm25,PIIANN,6.4999995,10.420014
2023-08-03 18:00:00,pm25,PIIANN,35.75,30.385199
2021-05-04 05:00:00,pm25,PIIANN,15.0,18.003323
2025-06-09 07:00:00,pm25,PIIANN,19.55,15.22541
2021-07-04 12:00:00,pm25,PIIANN,24.25,23.317686
2024-02-12 04:00:00,pm25,PIIANN,20.75,15.35358
2024-05-01 13:00:00,pm25,PIIANN,37.75,39.68036
2024-11-09 18:00:00,pm25,PIIANN,31.25,30.989624
2021-03-03 07:00:00,pm25,PIIANN,73.0,69.5332
2023-10-05 22:00:00,pm25,PIIANN,7.9999995,13.137872
2023-03-09 22:00:00,pm25,PIIANN,3.4166675,7.355369
2025-07-10 14:00:00,pm25,PIIANN,15.72,21.489426
2021-09-04 09:00:00,pm25,PIIANN,28.75,40.650856
2025-05-07 10:00:00,pm25,PIIANN,16.5,12.934395
2023-07-09 01:00:00,pm25,PIIANN,12.0,12.060824
2021-01-11 21:00:00,pm25,PIIANN,7.4999995,10.680103
2021-06-05 17:00:00,pm25,PIIANN,19.0,-5.397658
2022-11-09 02:00:00,pm25,PIIANN,6.4999995,8.848974
2025-09-07 08:00:00,pm25,PIIANN,25.75,22.420618
2023-04-10 15:00:00,pm25,PIIANN,44.25,29.132807
2025-12-05 14:00:00,pm25,PIIANN,50.0,37.25834
2025-02-11 12:00:00,pm25,PIIANN,17.15,27.690498
2021-08-12 19:00:00,pm25,PIIANN,3.4999995,12.065311
2021-08-12 10:00:00,pm25,PIIANN,5.7499995,27.331072
2022-04-02 21:00:00,pm25,PIIANN,8.25,11.5422
2023-06-07 23:00:00,pm25,PIIANN,19.0,10.763058
2024-12-09 03:00:00,pm25,PIIANN,7.2499995,9.340738
2022-06-11 23:00:00,pm25,PIIANN,46.25,47.806385
2024-01-03 08:00:00,pm25,PIIANN,80.75,55.515945
2025-11-08 19:00:00,pm25,PIIANN,8.810001,14.912265
2022-04-06 23:00:00,pm25,PIIANN,9.0,3.7847285
2021-05-12 00:00:00,pm25,PIIANN,50.5,48.29077
2023-02-10 17:00:00,pm25,PIIANN,8.25,17.300705
2022-12-08 02:00:00,pm25,PIIANN,10.25,7.2556834
2022-12-03 22:00:00,pm25,PIIANN,26.75,28.393236
2023-02-04 21:00:00,pm25,PIIANN,14.0,14.129651
2025-04-02 21:00:00,pm25,PIIANN,21.0,23.82565
2024-07-02 04:00:00,pm25,PIIANN,67.75,71.48434
2025-12-10 07:00:00,pm25,PIIANN,45.48,44.740643
2023-10-04 14:00:00,pm25,PIIANN,12.5,10.540313
2025-09-09 17:00:00,pm25,PIIANN,46.78,26.883213
2024-04-05 06:00:00,pm25,PIIANN,4.2499995,8.201235
2022-07-09 09:00:00,pm25,PIIANN,15.0,12.550251
2022-07-01 16:00:00,pm25,PIIANN,7.7499995,8.851353
2022-11-03 15:00:00,pm25,PIIANN,27.25,24.983953
2023-02-01 17:00:00,pm25,PIIANN,21.25,18.401093
2021-02-08 00:00:00,pm25,PIIANN,5.7499995,8.081095
2024-10-11 17:00:00,pm25,PIIANN,34.25,26.327053
2022-09-12 23:00:00,pm25,PIIANN,19.0,22.736422
2024-04-05 07:00:00,pm25,PIIANN,9.75,8.790119
2022-02-03 08:00:00,pm25,PIIANN,69.75,58.878597
2022-04-08 14:00:00,pm25,PIIANN,12.75,11.47866
2021-02-05 03:00:00,pm25,PIIANN,17.0,6.7403483
2021-02-12 03:00:00,pm25,PIIANN,38.0,40.160816
2023-10-03 15:00:00,pm25,PIIANN,28.0,32.685886
2023-09-06 22:00:00,pm25,PIIANN,10.75,11.083533
2021-02-12 05:00:00,pm25,PIIANN,35.75,47.087486
2023-08-03 02:00:00,pm25,PIIANN,27.5,23.293493
2021-10-09 20:00:00,pm25,PIIANN,26.25,22.10184
2023-05-06 04:00:00,pm25,PIIANN,29.25,20.217884
2021-06-10 06:00:00,pm25,PIIANN,8.5,9.118095
2025-01-02 00:00:00,pm25,PIIANN,16.25,64.05276
2023-05-09 01:00:00,pm25,PIIANN,5.9999995,8.7626705
2022-11-11 16:00:00,pm25,PIIANN,6.9999995,7.340099
2025-12-06 14:00:00,pm25,PIIANN,29.75,19.855705
2025-02-06 19:00:00,pm25,PIIANN,49.25,21.21031
2024-07-12 14:00:00,pm25,PIIANN,5.9999995,8.029238
2023-06-09 03:00:00,pm25,PIIANN,2.4999995,5.867252
2025-07-02 08:00:00,pm25,PIIANN,141.5,114.372475
2023-03-12 23:00:00,pm25,PIIANN,5.0900645,6.651941
2024-04-07 19:00:00,pm25,PIIANN,16.0,11.548392
2025-09-11 02:00:00,pm25,PIIANN,65.25,71.85499
2025-08-02 09:00:00,pm25,PIIANN,123.0,106.88257
2023-09-10 14:00:00,pm25,PIIANN,7.2499995,9.9309025
2024-05-10 06:00:00,pm25,PIIANN,19.75,12.5936985
2021-01-11 01:00:00,pm25,PIIANN,19.0,11.337089
2024-02-08 21:00:00,pm25,PIIANN,21.75,26.389158
2025-12-05 07:00:00,pm25,PIIANN,42.0,35.94401
2021-12-11 13:00:00,pm25,PIIANN,6.9999995,3.2124038
2022-01-09 22:00:00,pm25,PIIANN,19.0,22.236376
2023-03-09 16:00:00,pm25,PIIANN,29.25,18.803509
2024-12-09 11:00:00,pm25,PIIANN,11.0,15.500151
2023-03-05 14:00:00,pm25,PIIANN,7.2499995,5.0711627
2023-09-03 20:00:00,pm25,PIIANN,34.0,37.94345
2021-04-09 08:00:00,pm25,PIIANN,8.25,11.269005
2023-12-04 13:00:00,pm25,PIIANN,24.75,17.494871
2021-08-05 20:00:00,pm25,PIIANN,19.0,11.626296
2021-06-12 14:00:00,pm25,PIIANN,47.75,40.01999
2022-07-08 08:00:00,pm25,PIIANN,3.9999995,7.5380282
2024-05-07 02:00:00,pm25,PIIANN,8.950001,9.74699
2025-05-10 11:00:00,pm25,PIIANN,20.29,26.845047
2022-08-03 01:00:00,pm25,PIIANN,35.5,30.8425
2022-07-02 13:00:00,pm25,PIIANN,23.5,25.519009
2024-10-06 14:00:00,pm25,PIIANN,2.2499995,1.903648
2021-09-05 21:00:00,pm25,PIIANN,19.0,11.895536
2023-08-08 22:00:00,pm25,PIIANN,30.0,16.90521
2023-10-08 01:00:00,pm25,PIIANN,20.25,18.677776
2024-03-06 17:00:00,pm25,PIIANN,9.25,18.955276
2023-12-06 22:00:00,pm25,PIIANN,15.25,9.925823
2023-06-09 15:00:00,pm25,PIIANN,7.2499995,7.1730285
2025-02-04 15:00:00,pm25,PIIANN,20.0,19.055754
2022-04-08 04:00:00,pm25,PIIANN,16.5,14.357444
2023-03-11 15:00:00,pm25,PIIANN,5.2499995,13.313314
2023-06-11 21:00:00,pm25,PIIANN,3.0608687,4.1990027
2025-02-05 22:00:00,pm25,PIIANN,10.75,12.381551
2021-01-02 15:00:00,pm25,PIIANN,25.5,26.4066
2025-03-07 19:00:00,pm25,PIIANN,20.75,16.680975
2022-11-01 16:00:00,pm25,PIIANN,1.9999996,2.20639
2023-02-11 18:00:00,pm25,PIIANN,2.7499995,4.8492503
2024-05-09 08:00:00,pm25,PIIANN,26.25,34.081177
2021-02-12 22:00:00,pm25,PIIANN,45.5,46.580933
2022-02-09 03:00:00,pm25,PIIANN,19.0,17.543045
2021-06-02 12:00:00,pm25,PIIANN,31.0,35.244488
2023-09-09 12:00:00,pm25,PIIANN,8.5,5.680385
2023-05-11 14:00:00,pm25,PIIANN,7.7499995,2.5843863
2021-05-11 20:00:00,pm25,PIIANN,134.25,96.62869
2025-12-07 03:00:00,pm25,PIIANN,11.25,14.93807
2024-07-02 09:00:00,pm25,PIIANN,83.5,85.59813
2025-06-08 08:00:00,pm25,PIIANN,19.0,17.067022
2023-07-05 10:00:00,pm25,PIIANN,20.0,13.629954
2022-02-03 05:00:00,pm25,PIIANN,39.75,38.52195
2024-10-02 10:00:00,pm25,PIIANN,47.75,48.768856
2024-07-08 20:00:00,pm25,PIIANN,16.5,10.88241
2021-07-08 15:00:00,pm25,PIIANN,12.25,10.401595
2025-10-11 01:00:00,pm25,PIIANN,49.05,65.59602
2022-05-04 01:00:00,pm25,PIIANN,5.1666656,2.473043
2023-04-06 04:00:00,pm25,PIIANN,7.7499995,15.905077
2023-12-05 18:00:00,pm25,PIIANN,48.5,49.158916
2025-09-11 23:00:00,pm25,PIIANN,67.75,62.31312
2023-02-07 23:00:00,pm25,PIIANN,15.25,11.922676
2025-03-08 05:00:00,pm25,PIIANN,14.75,24.429283
2022-06-11 04:00:00,pm25,PIIANN,33.5,41.143124
2024-10-05 05:00:00,pm25,PIIANN,19.0,15.3500395
2024-08-05 17:00:00,pm25,PIIANN,2.7499995,7.734983
2024-12-09 05:00:00,pm25,PIIANN,16.5,14.639161
2023-01-04 23:00:00,pm25,PIIANN,7.4999995,9.417809
2024-08-11 02:00:00,pm25,PIIANN,1.9999996,6.2101207
2021-11-02 11:00:00,pm25,PIIANN,24.75,58.39926
2023-07-06 06:00:00,pm25,PIIANN,23.25,16.571693
2024-03-04 06:00:00,pm25,PIIANN,9.5,19.310696
2024-11-12 15:00:00,pm25,PIIANN,38.0,45.833263
2021-08-04 18:00:00,pm25,PIIANN,23.0,27.352173
2024-03-12 12:00:00,pm25,PIIANN,32.5,25.923868
2022-11-10 16:00:00,pm25,PIIANN,4.2499995,0.07297669
2025-08-07 12:00:00,pm25,PIIANN,28.25,53.66448
2022-08-03 21:00:00,pm25,PIIANN,51.5,42.563957
2021-06-04 22:00:00,pm25,PIIANN,22.25,18.39361
2025-11-07 11:00:00,pm25,PIIANN,28.0,27.0099
2023-11-13 00:00:00,pm25,PIIANN,38.557735,33.52549
2025-03-02 08:00:00,pm25,PIIANN,45.75,42.42591
2025-07-09 14:00:00,pm25,PIIANN,21.22,14.684215
2024-02-01 16:00:00,pm25,PIIANN,67.0,51.421513
2022-01-04 19:00:00,pm25,PIIANN,3.7499995,6.3943133
2024-08-06 19:00:00,pm25,PIIANN,8.25,9.740591
2021-07-06 02:00:00,pm25,PIIANN,19.0,11.554021
2024-01-05 09:00:00,pm25,PIIANN,12.0,14.099038
2024-04-05 22:00:00,pm25,PIIANN,9.0,9.487005
2024-06-07 14:00:00,pm25,PIIANN,17.0,24.812782
2021-09-06 09:00:00,pm25,PIIANN,7.2499995,3.1762729
2023-08-09 22:00:00,pm25,PIIANN,7.9999995,10.30839
2022-01-10 23:00:00,pm25,PIIANN,25.75,22.930185
2023-01-09 06:00:00,pm25,PIIANN,16.0,15.868812
2022-01-03 16:00:00,pm25,PIIANN,12.75,14.226751
2023-07-05 22:00:00,pm25,PIIANN,22.5,22.387455
2023-07-04 19:00:00,pm25,PIIANN,9.25,5.294269
2022-11-07 20:00:00,pm25,PIIANN,3.9999995,10.751902
2024-05-05 19:00:00,pm25,PIIANN,16.0,10.971267
2024-02-06 07:00:00,pm25,PIIANN,17.25,21.274174
2022-04-11 19:00:00,pm25,PIIANN,18.25,22.121864
2025-08-13 01:00:00,pm25,PIIANN,76.91904,89.85894
2025-06-10 22:00:00,pm25,PIIANN,23.49,16.704594
2023-03-12 10:00:00,pm25,PIIANN,0.99999964,5.4616446
2025-04-09 07:00:00,pm25,PIIANN,31.2,19.9987
2024-02-02 00:00:00,pm25,PIIANN,9.5,24.911243
2021-03-11 05:00:00,pm25,PIIANN,1.9999996,6.352287
2025-02-10 22:00:00,pm25,PIIANN,88.66,42.484535
2025-05-01 18:00:00,pm25,PIIANN,58.5,57.49611
2023-10-11 15:00:00,pm25,PIIANN,68.5,58.565006
2022-04-08 22:00:00,pm25,PIIANN,23.25,23.70682
2022-02-12 22:00:00,pm25,PIIANN,3.0523257,12.565475
2021-05-07 08:00:00,pm25,PIIANN,19.0,12.854151
2022-09-11 14:00:00,pm25,PIIANN,20.25,18.60632
2022-02-11 10:00:00,pm25,PIIANN,10.0,9.340469
2022-05-03 07:00:00,pm25,PIIANN,50.5,46.237465
2023-11-01 19:00:00,pm25,PIIANN,40.5,66.201805
2023-12-03 21:00:00,pm25,PIIANN,45.5,34.66504
2025-06-03 18:00:00,pm25,PIIANN,58.0,43.45564
2023-08-08 06:00:00,pm25,PIIANN,11.0,9.553579
2021-11-07 20:00:00,pm25,PIIANN,2.3333335,4.20305
2022-08-11 04:00:00,pm25,PIIANN,64.75,47.674377
2021-12-10 10:00:00,pm25,PIIANN,4.4999995,1.3452946
2022-08-02 05:00:00,pm25,PIIANN,43.0,49.49661
2025-01-12 05:00:00,pm25,PIIANN,1.8999993,13.297291
2023-02-06 13:00:00,pm25,PIIANN,21.5,28.969742
2022-12-07 16:00:00,pm25,PIIANN,5.9999995,7.9692073
2025-10-05 14:00:00,pm25,PIIANN,44.5,34.23861
2023-10-10 19:00:00,pm25,PIIANN,21.25,30.844326
2025-08-04 05:00:00,pm25,PIIANN,4.9999995,7.763866
2025-07-03 17:00:00,pm25,PIIANN,54.0,53.50829
2023-06-11 11:00:00,pm25,PIIANN,7.9999995,5.9295936
2021-12-06 04:00:00,pm25,PIIANN,16.25,8.22887
2022-08-12 03:00:00,pm25,PIIANN,109.75,116.919716
2022-06-07 14:00:00,pm25,PIIANN,10.5,10.284853
2024-11-06 20:00:00,pm25,PIIANN,13.75,12.699722
2024-03-05 05:00:00,pm25,PIIANN,6.4999995,8.6928425
2022-04-05 08:00:00,pm25,PIIANN,19.0,19.765862
2022-01-10 16:00:00,pm25,PIIANN,22.0,10.890009
2024-08-10 11:00:00,pm25,PIIANN,15.0,18.437965
2021-01-02 19:00:00,pm25,PIIANN,33.75,42.85824
2024-02-02 13:00:00,pm25,PIIANN,13.25,12.411004
2025-09-09 08:00:00,pm25,PIIANN,39.51,24.141348
2025-08-06 13:00:00,pm25,PIIANN,38.5,51.874012
2022-09-09 10:00:00,pm25,PIIANN,19.5,21.416977
2022-08-08 21:00:00,pm25,PIIANN,25.5,14.662446
2024-07-01 18:00:00,pm25,PIIANN,17.75,11.262856
2024-11-09 11:00:00,pm25,PIIANN,39.25,38.682755
2022-06-12 15:00:00,pm25,PIIANN,98.75,107.40012
2021-07-05 11:00:00,pm25,PIIANN,19.0,7.3599105
2024-03-08 02:00:00,pm25,PIIANN,3.2499995,3.8893924
2022-12-12 12:00:00,pm25,PIIANN,10.0,18.892448
2023-12-11 06:00:00,pm25,PIIANN,98.0,100.178696
2022-08-12 17:00:00,pm25,PIIANN,84.75,77.0975
2025-05-03 22:00:00,pm25,PIIANN,15.5,12.170372
2023-03-02 11:00:00,pm25,PIIANN,38.5,38.083546
2022-03-11 23:00:00,pm25,PIIANN,0.99999964,9.822827
2024-08-03 09:00:00,pm25,PIIANN,49.5,43.12593
2022-10-12 11:00:00,pm25,PIIANN,12.25,8.664644
2022-07-12 00:00:00,pm25,PIIANN,111.5,35.263203
2024-04-10 20:00:00,pm25,PIIANN,29.25,22.949532
2023-11-06 19:00:00,pm25,PIIANN,22.75,10.602657
2022-03-02 16:00:00,pm25,PIIANN,5.4999995,10.235754
2023-04-10 18:00:00,pm25,PIIANN,21.0,33.95098
2025-12-10 08:00:00,pm25,PIIANN,48.32,43.540756
2022-05-09 15:00:00,pm25,PIIANN,9.75,8.023294
2025-07-06 11:00:00,pm25,PIIANN,45.25,47.352463
2021-09-09 22:00:00,pm25,PIIANN,32.75,11.040109
2021-05-02 18:00:00,pm25,PIIANN,41.25,54.512352
2025-11-07 03:00:00,pm25,PIIANN,22.0,21.148722
2025-04-04 10:00:00,pm25,PIIANN,20.5,19.133387
2023-04-07 14:00:00,pm25,PIIANN,10.0,7.027801
2024-03-04 03:00:00,pm25,PIIANN,6.7499995,12.660512
2023-03-08 21:00:00,pm25,PIIANN,13.25,38.99016
2021-12-11 11:00:00,pm25,PIIANN,23.5,22.115595
2023-11-10 09:00:00,pm25,PIIANN,32.5,30.864449
2025-06-05 12:00:00,pm25,PIIANN,22.25,18.056187
2025-10-03 10:00:00,pm25,PIIANN,26.5,26.648071
2024-04-06 22:00:00,pm25,PIIANN,21.5,22.711737
2022-10-10 23:00:00,pm25,PIIANN,3.4999995,1.9706074
2022-11-07 09:00:00,pm25,PIIANN,13.125,12.0749855
2023-02-09 05:00:00,pm25,PIIANN,11.0,8.833542
2021-12-10 04:00:00,pm25,PIIANN,5.2499995,7.0728774
2023-10-01 10:00:00,pm25,PIIANN,19.0,30.822023
2025-12-09 11:00:00,pm25,PIIANN,28.26,29.403933
2025-10-06 05:00:00,pm25,PIIANN,16.25,13.234767
2025-10-08 19:00:00,pm25,PIIANN,4.479999,17.580938
2023-02-02 04:00:00,pm25,PIIANN,25.75,26.168903
2024-07-11 09:00:00,pm25,PIIANN,10.75,11.021046
2023-12-12 18:00:00,pm25,PIIANN,45.25,39.13376
2023-03-06 13:00:00,pm25,PIIANN,29.5,29.183071
2023-01-06 08:00:00,pm25,PIIANN,30.0,28.55916
2022-01-04 12:00:00,pm25,PIIANN,4.2499995,11.603613
2025-05-11 23:00:00,pm25,PIIANN,27.3,6.1707454
2023-08-10 11:00:00,pm25,PIIANN,25.0,14.198169
2022-09-08 11:00:00,pm25,PIIANN,10.25,6.566049
2023-09-03 09:00:00,pm25,PIIANN,41.25,48.34621
2024-03-01 16:00:00,pm25,PIIANN,113.0,27.07527
2025-03-09 12:00:00,pm25,PIIANN,17.36,15.526731
2025-11-07 15:00:00,pm25,PIIANN,20.75,37.896557
2022-09-07 02:00:00,pm25,PIIANN,11.25,8.909346
2023-01-12 14:00:00,pm25,PIIANN,24.75,19.12827
2023-05-08 08:00:00,pm25,PIIANN,20.0,16.265995
2025-12-08 10:00:00,pm25,PIIANN,9.630001,15.766821
2021-02-10 11:00:00,pm25,PIIANN,4.190477,-1.1347545
2025-11-04 18:00:00,pm25,PIIANN,30.0,40.21222
2024-02-05 06:00:00,pm25,PIIANN,5.9999995,6.3277545
2022-04-09 13:00:00,pm25,PIIANN,29.5,28.064564
2021-01-03 03:00:00,pm25,PIIANN,20.0,11.987192
2021-03-06 01:00:00,pm25,PIIANN,1.1599995,8.105513
2022-05-10 08:00:00,pm25,PIIANN,48.75,34.97232
2023-01-02 08:00:00,pm25,PIIANN,75.75,68.19104
2023-11-11 09:00:00,pm25,PIIANN,83.75,89.977394
2022-09-03 22:00:00,pm25,PIIANN,29.75,36.774673
2024-09-05 12:00:00,pm25,PIIANN,1.9999996,3.1364474
2025-12-06 04:00:00,pm25,PIIANN,22.5,11.701744
2022-12-02 00:00:00,pm25,PIIANN,3.1599994,3.9167514
2022-06-11 22:00:00,pm25,PIIANN,49.0,47.224155
2023-07-02 16:00:00,pm25,PIIANN,26.25,37.624287
2021-08-11 23:00:00,pm25,PIIANN,57.75,66.528824
2025-11-11 21:00:00,pm25,PIIANN,81.65,47.92538
2024-10-03 12:00:00,pm25,PIIANN,27.0,24.68831
2022-12-06 17:00:00,pm25,PIIANN,22.0,6.967382
2022-09-04 03:00:00,pm25,PIIANN,1.9999996,2.717401
2023-06-01 08:00:00,pm25,PIIANN,37.0,47.65674
2025-06-10 17:00:00,pm25,PIIANN,20.35,23.80956
2022-02-10 13:00:00,pm25,PIIANN,11.25,6.5692973
2024-09-12 18:00:00,pm25,PIIANN,52.5,46.537186
2025-09-05 16:00:00,pm25,PIIANN,23.0,28.950006
2024-02-09 03:00:00,pm25,PIIANN,2.4999995,4.0436816
2025-10-12 15:00:00,pm25,PIIANN,67.0,65.73005
2024-11-08 11:00:00,pm25,PIIANN,8.25,6.729503
2024-10-07 05:00:00,pm25,PIIANN,10.0,13.088765
2022-08-04 08:00:00,pm25,PIIANN,10.25,20.90029
2025-09-12 18:00:00,pm25,PIIANN,53.2,45.727863
2021-05-02 03:00:00,pm25,PIIANN,44.0,68.23771
2025-03-05 03:00:00,pm25,PIIANN,10.25,8.916988
2022-10-10 18:00:00,pm25,PIIANN,3.9999995,2.6717315
2022-12-07 13:00:00,pm25,PIIANN,11.0,11.506621
2024-10-07 13:00:00,pm25,PIIANN,12.0,8.462036
2023-01-02 00:00:00,pm25,PIIANN,43.25,19.449657
2021-01-07 10:00:00,pm25,PIIANN,8.25,1.5137554
2024-01-07 16:00:00,pm25,PIIANN,18.75,13.957515
2022-08-06 18:00:00,pm25,PIIANN,30.5,37.1204
2022-01-07 08:00:00,pm25,PIIANN,12.5,6.980558
2021-10-04 03:00:00,pm25,PIIANN,12.5,16.370298
2022-03-12 11:00:00,pm25,PIIANN,2.9999995,4.912679
2025-06-04 04:00:00,pm25,PIIANN,25.25,30.587626
2022-11-08 17:00:00,pm25,PIIANN,5.2499995,14.575017
2023-01-06 07:00:00,pm25,PIIANN,26.25,27.115896
2023-04-10 19:00:00,pm25,PIIANN,24.75,26.97396
2025-12-10 10:00:00,pm25,PIIANN,54.68,48.43706
2025-08-07 14:00:00,pm25,PIIANN,16.75,45.303913
2025-03-04 19:00:00,pm25,PIIANN,16.25,13.311827
2024-05-02 20:00:00,pm25,PIIANN,39.75,32.52486
2024-04-04 15:00:00,pm25,PIIANN,2.4999995,6.3753276
2023-06-04 15:00:00,pm25,PIIANN,3.9999995,9.704783
2022-06-10 16:00:00,pm25,PIIANN,25.25,16.558226
2023-09-03 14:00:00,pm25,PIIANN,27.75,28.381712
2021-04-10 14:00:00,pm25,PIIANN,19.0,2.1503215
2024-11-03 00:00:00,pm25,PIIANN,40.5,35.605556
2023-06-05 07:00:00,pm25,PIIANN,25.5,20.91396
2025-04-11 05:00:00,pm25,PIIANN,37.16,52.708668
2024-09-02 23:00:00,pm25,PIIANN,24.75,29.025671
2024-06-01 19:00:00,pm25,PIIANN,6.7499995,9.656732
2025-04-09 04:00:00,pm25,PIIANN,19.3,11.654567
2022-09-11 06:00:00,pm25,PIIANN,89.25,79.06712
2025-08-12 00:00:00,pm25,PIIANN,51.25,52.33164
2022-05-12 16:00:00,pm25,PIIANN,77.75,74.564186
2021-01-05 07:00:00,pm25,PIIANN,16.25,21.745726
2021-07-01 12:00:00,pm25,PIIANN,30.5,35.124615
2021-07-10 22:00:00,pm25,PIIANN,5.2499995,4.530046
2022-09-03 11:00:00,pm25,PIIANN,57.75,49.185825
2022-03-12 02:00:00,pm25,PIIANN,2.9999995,30.618994
2024-12-07 04:00:00,pm25,PIIANN,14.25,12.3947115
2023-10-06 08:00:00,pm25,PIIANN,5.2499995,11.794133
2025-02-04 11:00:00,pm25,PIIANN,26.0,29.282774
2021-07-11 11:00:00,pm25,PIIANN,5.9999995,3.2648673
2025-05-02 03:00:00,pm25,PIIANN,30.75,28.012636
2023-09-07 21:00:00,pm25,PIIANN,1.2499996,9.946572
2025-02-09 17:00:00,pm25,PIIANN,15.7,21.033274
2023-08-02 14:00:00,pm25,PIIANN,20.0,23.834902
2022-02-07 20:00:00,pm25,PIIANN,16.75,13.220944
2025-03-07 11:00:00,pm25,PIIANN,20.0,23.585394
2024-03-09 03:00:00,pm25,PIIANN,17.0,8.94182
2022-08-06 03:00:00,pm25,PIIANN,19.75,17.404081
2023-02-11 21:00:00,pm25,PIIANN,2.9999995,6.643993
2021-02-03 04:00:00,pm25,PIIANN,23.25,21.46762
2022-06-09 23:00:00,pm25,PIIANN,3.9999995,2.3687491
2022-09-08 23:00:00,pm25,PIIANN,13.75,10.77167
2024-11-10 17:00:00,pm25,PIIANN,11.0,4.2112746
2022-10-07 07:00:00,pm25,PIIANN,9.25,2.6951842
2021-09-03 23:00:00,pm25,PIIANN,5.2499995,12.474825
2024-12-09 10:00:00,pm25,PIIANN,8.75,17.398998
2024-05-06 01:00:00,pm25,PIIANN,10.75,14.297939
2022-08-08 18:00:00,pm25,PIIANN,10.25,8.748198
2023-05-03 01:00:00,pm25,PIIANN,28.0,20.26828
2021-11-10 04:00:00,pm25,PIIANN,4.9999995,3.7258239
2025-07-02 04:00:00,pm25,PIIANN,68.0,67.303345
2024-03-08 05:00:00,pm25,PIIANN,14.5,12.137851
2021-01-04 13:00:00,pm25,PIIANN,37.5,33.181923
2023-03-11 13:00:00,pm25,PIIANN,13.5,13.739979
2025-06-11 15:00:00,pm25,PIIANN,36.65,34.13094
2025-11-02 05:00:00,pm25,PIIANN,52.0,55.700397
2023-04-06 16:00:00,pm25,PIIANN,17.5,14.565807
2023-10-01 22:00:00,pm25,PIIANN,19.0,30.341692
2021-11-02 03:00:00,pm25,PIIANN,34.0,44.293453
2024-02-04 22:00:00,pm25,PIIANN,7.2499995,9.788723
2024-05-05 00:00:00,pm25,PIIANN,4.9999995,12.192379
2023-12-02 21:00:00,pm25,PIIANN,54.0,59.726574
2024-06-06 04:00:00,pm25,PIIANN,12.25,11.445295
2023-12-01 20:00:00,pm25,PIIANN,32.0,40.64917
2025-10-04 17:00:00,pm25,PIIANN,40.75,31.694048
2022-09-08 19:00:00,pm25,PIIANN,14.25,12.535414
2021-09-09 11:00:00,pm25,PIIANN,5.7499995,5.5094905
2022-06-11 16:00:00,pm25,PIIANN,35.0,37.195793
2021-01-10 10:00:00,pm25,PIIANN,10.25,6.789993
2024-01-07 18:00:00,pm25,PIIANN,18.0,18.229221
2021-06-11 05:00:00,pm25,PIIANN,7.7499995,6.8370414
2024-08-04 13:00:00,pm25,PIIANN,19.25,18.901937
2025-09-05 20:00:00,pm25,PIIANN,29.0,38.23949
2022-01-04 11:00:00,pm25,PIIANN,5.4999995,12.07685
2021-12-06 22:00:00,pm25,PIIANN,5.9999995,0.80876124
2023-10-08 00:00:00,pm25,PIIANN,6.9999995,2.556625
2023-04-04 16:00:00,pm25,PIIANN,2.2499995,9.720188
2023-03-04 04:00:00,pm25,PIIANN,6.9999995,6.9810348
2022-05-12 09:00:00,pm25,PIIANN,65.5,73.80792
2025-05-11 05:00:00,pm25,PIIANN,28.7,28.893229
2022-07-09 17:00:00,pm25,PIIANN,16.25,17.98155
2022-04-10 16:00:00,pm25,PIIANN,24.75,26.564772
2023-10-12 22:00:00,pm25,PIIANN,19.0,25.270342
2021-06-03 06:00:00,pm25,PIIANN,63.25,102.21687
2021-05-02 14:00:00,pm25,PIIANN,41.25,30.827692
2024-07-02 12:00:00,pm25,PIIANN,59.75,46.8901
2021-02-12 02:00:00,pm25,PIIANN,32.75,42.105045
2023-03-10 05:00:00,pm25,PIIANN,10.0,9.74151
2023-06-11 20:00:00,pm25,PIIANN,2.9999995,2.9859347
2023-04-10 20:00:00,pm25,PIIANN,24.75,24.443752
2023-09-06 18:00:00,pm25,PIIANN,38.75,20.19572
2021-01-10 14:00:00,pm25,PIIANN,1.9999996,8.326376
2021-11-13 02:00:00,pm25,PIIANN,5.181871,13.956655
2022-11-12 14:00:00,pm25,PIIANN,19.0,22.603746
2021-10-05 19:00:00,pm25,PIIANN,19.0,-1.2301964
2025-07-05 06:00:00,pm25,PIIANN,17.75,22.956863
2025-02-10 14:00:00,pm25,PIIANN,7.8399997,25.698164
2022-01-04 03:00:00,pm25,PIIANN,5.4999995,5.7224517
2024-04-08 09:00:00,pm25,PIIANN,7.4999995,5.8326163
2025-09-02 10:00:00,pm25,PIIANN,77.0,75.055244
2023-12-10 12:00:00,pm25,PIIANN,10.75,21.160517
2023-09-07 19:00:00,pm25,PIIANN,16.0,21.683432
2023-08-04 02:00:00,pm25,PIIANN,4.9999995,5.3175693
2022-05-04 16:00:00,pm25,PIIANN,4.9999995,1.5885445
2023-07-03 17:00:00,pm25,PIIANN,27.75,25.86661
2022-04-02 09:00:00,pm25,PIIANN,37.25,32.561867
2023-12-10 15:00:00,pm25,PIIANN,12.75,16.551159
2023-04-09 14:00:00,pm25,PIIANN,25.5,22.141983
2023-09-06 04:00:00,pm25,PIIANN,14.5,10.355719
2022-12-05 02:00:00,pm25,PIIANN,20.75,15.121384
2025-12-06 01:00:00,pm25,PIIANN,11.75,3.5322547
2024-04-05 10:00:00,pm25,PIIANN,13.0,14.06343
2021-12-06 01:00:00,pm25,PIIANN,5.9999995,5.4085917
2021-01-10 05:00:00,pm25,PIIANN,15.75,17.053562
2021-02-03 10:00:00,pm25,PIIANN,29.25,33.349438
2025-06-05 18:00:00,pm25,PIIANN,11.5,11.6602125
2025-09-01 11:00:00,pm25,PIIANN,75.25,91.224106
2023-11-03 08:00:00,pm25,PIIANN,93.75,66.32495
2024-12-06 15:00:00,pm25,PIIANN,7.4999995,7.633432
2025-03-06 21:00:00,pm25,PIIANN,25.75,28.160461
2022-06-07 09:00:00,pm25,PIIANN,9.75,10.94024
2022-10-12 21:00:00,pm25,PIIANN,26.0,29.727228
2024-12-10 13:00:00,pm25,PIIANN,1.9999996,5.0829425
2025-08-02 16:00:00,pm25,PIIANN,57.5,52.210228
2023-01-04 15:00:00,pm25,PIIANN,11.0,16.07525
2023-02-03 14:00:00,pm25,PIIANN,33.75,18.983408
2022-09-10 15:00:00,pm25,PIIANN,3.9999995,1.0753227
2024-07-09 12:00:00,pm25,PIIANN,17.25,16.933123
2025-04-04 02:00:00,pm25,PIIANN,19.25,17.476439
2025-05-12 16:00:00,pm25,PIIANN,79.0,89.74799
2021-05-11 17:00:00,pm25,PIIANN,10.75,26.166033
2024-10-09 11:00:00,pm25,PIIANN,19.0,16.955276
2022-09-06 07:00:00,pm25,PIIANN,16.25,14.231897
2021-06-11 09:00:00,pm25,PIIANN,5.9999995,11.325607
2024-03-03 16:00:00,pm25,PIIANN,37.25,26.589916
2024-04-04 09:00:00,pm25,PIIANN,10.5,14.423936
2024-11-08 18:00:00,pm25,PIIANN,9.5,13.574985
2022-05-09 10:00:00,pm25,PIIANN,18.75,6.277391
2024-06-10 20:00:00,pm25,PIIANN,23.25,17.56286
2021-10-12 15:00:00,pm25,PIIANN,2.9999995,13.890325
2023-09-06 10:00:00,pm25,PIIANN,10.25,11.519616
2021-01-03 07:00:00,pm25,PIIANN,27.25,45.01807
2022-12-12 21:00:00,pm25,PIIANN,55.5,40.752
2025-05-09 06:00:00,pm25,PIIANN,19.32,11.266889
2025-01-02 08:00:00,pm25,PIIANN,54.5,36.17566
2024-12-11 01:00:00,pm25,PIIANN,17.0,24.011929
2024-09-09 12:00:00,pm25,PIIANN,16.5,25.13337
2021-10-01 10:00:00,pm25,PIIANN,55.75,52.96027
2024-03-04 18:00:00,pm10,PIIANN,38.75,48.165394
2023-09-02 21:00:00,pm10,PIIANN,56.75,76.30289
2022-07-04 18:00:00,pm10,PIIANN,31.0,31.710663
2023-07-11 23:00:00,pm10,PIIANN,38.75,21.096443
2021-09-02 05:00:00,pm10,PIIANN,58.75,70.438034
2023-03-11 08:00:00,pm10,PIIANN,47.25,37.710537
2023-05-05 19:00:00,pm10,PIIANN,44.5,57.42254
2023-09-11 14:00:00,pm10,PIIANN,56.75,73.57024
2022-04-01 20:00:00,pm10,PIIANN,73.75,96.10469
2022-01-11 17:00:00,pm10,PIIANN,16.0,36.59362
2021-02-02 22:00:00,pm10,PIIANN,99.0,92.41817
2025-10-09 16:00:00,pm10,PIIANN,141.99,136.98817
2024-09-04 01:00:00,pm10,PIIANN,29.0,29.947548
2025-05-06 19:00:00,pm10,PIIANN,146.5,113.35622
2021-03-08 21:00:00,pm10,PIIANN,51.25,55.336926
2023-07-06 12:00:00,pm10,PIIANN,78.0,69.34072
2023-12-04 06:00:00,pm10,PIIANN,167.25,119.54265
2022-04-04 04:00:00,pm10,PIIANN,11.5,14.981075
2022-09-03 12:00:00,pm10,PIIANN,108.0,110.00147
2024-01-07 01:00:00,pm10,PIIANN,123.25,51.80099
2024-03-09 01:00:00,pm10,PIIANN,18.25,35.47622
2022-12-05 19:00:00,pm10,PIIANN,26.25,72.42861
2023-11-10 05:00:00,pm10,PIIANN,37.5,28.272007
2022-02-02 11:00:00,pm10,PIIANN,34.25,68.085144
2023-09-05 20:00:00,pm10,PIIANN,65.5,96.729935
2021-12-11 19:00:00,pm10,PIIANN,24.75,30.61866
2023-04-12 10:00:00,pm10,PIIANN,8.5,12.496952
2022-01-11 13:00:00,pm10,PIIANN,10.5,47.25387
2021-03-02 07:00:00,pm10,PIIANN,108.5,99.79882
2022-04-12 05:00:00,pm10,PIIANN,33.5,32.71851
2021-12-07 01:00:00,pm10,PIIANN,15.75,28.479118
2024-04-05 04:00:00,pm10,PIIANN,11.249996,32.686962
2022-02-03 09:00:00,pm10,PIIANN,112.0,130.0432
2025-07-04 02:00:00,pm10,PIIANN,25.75,26.065666
2025-07-03 07:00:00,pm10,PIIANN,228.0,219.10391
2022-06-11 08:00:00,pm10,PIIANN,75.0,76.47598
2023-03-01 18:00:00,pm10,PIIANN,105.75,110.21848
2021-09-02 17:00:00,pm10,PIIANN,105.75,97.419495
2022-08-09 02:00:00,pm10,PIIANN,18.0,50.07142
2021-09-05 04:00:00,pm10,PIIANN,3.5000038,27.207447
2022-01-04 20:00:00,pm10,PIIANN,25.75,21.096092
2023-02-04 11:00:00,pm10,PIIANN,44.75,45.07387
2023-08-06 19:00:00,pm10,PIIANN,67.75,83.5918
2022-11-08 13:00:00,pm10,PIIANN,81.0,67.38294
2022-04-02 13:00:00,pm10,PIIANN,38.5,54.681595
2025-01-08 15:00:00,pm10,PIIANN,166.24,451.86694
2021-10-05 04:00:00,pm10,PIIANN,2.0000038,25.76593
2022-02-11 01:00:00,pm10,PIIANN,4.500004,33.93099
2025-02-03 00:00:00,pm10,PIIANN,46.0,42.064945
2023-04-11 09:00:00,pm10,PIIANN,16.5,19.844383
2022-10-09 06:00:00,pm10,PIIANN,35.750004,29.431473
2023-06-02 09:00:00,pm10,PIIANN,142.25,138.43187
2025-02-06 09:00:00,pm10,PIIANN,117.25,82.80455
2021-10-06 19:00:00,pm10,PIIANN,73.5,52.992462
2024-10-06 02:00:00,pm10,PIIANN,23.75,35.84943
2024-12-06 03:00:00,pm10,PIIANN,26.25,42.90344
2023-11-06 10:00:00,pm10,PIIANN,23.25,48.265896
2024-10-12 17:00:00,pm10,PIIANN,123.75,132.78932
2023-09-03 23:00:00,pm10,PIIANN,78.75,73.596344
2022-04-07 20:00:00,pm10,PIIANN,82.5,59.061165
2024-02-08 13:00:00,pm10,PIIANN,67.25,91.62712
2023-12-07 14:00:00,pm10,PIIANN,63.5,76.128
2024-02-12 20:00:00,pm10,PIIANN,64.5,73.72959
2021-02-10 14:00:00,pm10,PIIANN,29.75,40.03868
2023-09-09 00:00:00,pm10,PIIANN,39.75,59.302517
2023-08-03 00:00:00,pm10,PIIANN,76.75,75.87132
2021-02-07 08:00:00,pm10,PIIANN,33.0,28.545063
2023-03-01 19:00:00,pm10,PIIANN,100.75,114.94551
2021-12-01 11:00:00,pm10,PIIANN,78.0,47.63994
2024-06-03 20:00:00,pm10,PIIANN,88.75,100.88287
2024-05-01 15:00:00,pm10,PIIANN,67.25,79.23851
2021-11-02 02:00:00,pm10,PIIANN,86.0,82.35379
2022-03-10 07:00:00,pm10,PIIANN,76.75,83.9932
2022-03-02 21:00:00,pm10,PIIANN,35.999996,52.5556
2021-04-05 06:00:00,pm10,PIIANN,30.25,39.58954
2023-12-03 11:00:00,pm10,PIIANN,95.25,97.08078
2023-08-04 06:00:00,pm10,PIIANN,38.75,19.141201
2025-04-02 03:00:00,pm10,PIIANN,80.75,82.56036
2025-12-04 21:00:00,pm10,PIIANN,173.75,129.36919
2022-05-05 00:00:00,pm10,PIIANN,112.5,22.835342
2025-01-08 23:00:00,pm10,PIIANN,68.62,78.95471
2022-05-11 21:00:00,pm10,PIIANN,29.5,34.5678
2025-08-10 14:00:00,pm10,PIIANN,85.09,96.814026
2025-07-05 12:00:00,pm10,PIIANN,84.25,77.61941
2023-09-12 04:00:00,pm10,PIIANN,73.75,76.87808
2021-01-12 07:00:00,pm10,PIIANN,48.25,57.90062
2022-12-01 18:00:00,pm10,PIIANN,39.5,26.529411
2023-11-10 07:00:00,pm10,PIIANN,82.0,60.883415
2022-02-09 17:00:00,pm10,PIIANN,38.0,75.331955
2025-04-01 10:00:00,pm10,PIIANN,153.0,163.10606
2024-03-01 17:00:00,pm10,PIIANN,108.0,143.43929
2023-09-01 15:00:00,pm10,PIIANN,111.125,109.878456
2025-01-01 22:00:00,pm10,PIIANN,107.75,129.89114
2024-01-09 22:00:00,pm10,PIIANN,76.0,54.86546
2023-02-01 23:00:00,pm10,PIIANN,71.75,76.642525
2024-04-02 15:00:00,pm10,PIIANN,55.0,59.7848
2021-01-08 08:00:00,pm10,PIIANN,29.0,34.44042
2022-02-01 09:00:00,pm10,PIIANN,37.25,35.422943
2024-06-03 07:00:00,pm10,PIIANN,206.0,213.99283
2023-01-10 22:00:00,pm10,PIIANN,32.0,35.888405
2024-06-03 01:00:00,pm10,PIIANN,49.5,73.10987
2024-02-03 11:00:00,pm10,PIIANN,105.5,118.037445
2021-10-07 10:00:00,pm10,PIIANN,32.5,34.217793
2023-08-03 23:00:00,pm10,PIIANN,73.75,75.649704
2022-04-04 10:00:00,pm10,PIIANN,39.75,26.361835
2023-11-08 16:00:00,pm10,PIIANN,56.5,61.378258
2024-06-07 02:00:00,pm10,PIIANN,58.75,51.400608
2022-11-07 16:00:00,pm10,PIIANN,72.25,65.93778
2025-12-07 07:00:00,pm10,PIIANN,77.5,77.427734
2024-07-05 11:00:00,pm10,PIIANN,63.5,63.65913
2022-06-04 19:00:00,pm10,PIIANN,24.75,34.570423
2025-07-10 04:00:00,pm10,PIIANN,39.64,255.96323
2021-09-03 11:00:00,pm10,PIIANN,29.5,40.43669
2023-06-03 23:00:00,pm10,PIIANN,87.0,84.41327
2021-02-09 18:00:00,pm10,PIIANN,91.5,72.48869
2024-01-06 13:00:00,pm10,PIIANN,109.25,90.67786
2024-06-11 08:00:00,pm10,PIIANN,80.25,115.53506
2024-03-06 02:00:00,pm10,PIIANN,25.5,47.09767
2021-10-01 18:00:00,pm10,PIIANN,79.0,86.53691
2024-02-03 20:00:00,pm10,PIIANN,75.5,102.25385
2021-12-06 23:00:00,pm10,PIIANN,12.25,26.464916
2021-03-12 14:00:00,pm10,PIIANN,67.75,76.533195
2022-10-12 10:00:00,pm10,PIIANN,27.749996,20.387272
2023-05-11 19:00:00,pm10,PIIANN,29.5,9.88541
2024-06-10 14:00:00,pm10,PIIANN,29.75,63.59709
2024-04-01 21:00:00,pm10,PIIANN,83.0,139.01987
2023-03-07 03:00:00,pm10,PIIANN,12.75,37.877876
2021-10-06 10:00:00,pm10,PIIANN,52.75,34.629375
2021-02-12 10:00:00,pm10,PIIANN,60.0,49.302986
2021-03-02 14:00:00,pm10,PIIANN,106.5,119.75126
2023-06-09 21:00:00,pm10,PIIANN,91.25,93.21991
2022-10-07 22:00:00,pm10,PIIANN,31.75,36.400856
2023-04-09 15:00:00,pm10,PIIANN,82.5,64.84554
2023-02-03 10:00:00,pm10,PIIANN,124.25,112.80485
2025-08-04 10:00:00,pm10,PIIANN,78.0,70.26847
2021-09-10 14:00:00,pm10,PIIANN,27.0,31.159222
2023-02-03 13:00:00,pm10,PIIANN,87.5,72.478226
2021-08-12 02:00:00,pm10,PIIANN,16.0,18.393696
2021-12-04 10:00:00,pm10,PIIANN,42.0,32.926346
2024-05-11 21:00:00,pm10,PIIANN,144.75,118.1476
2025-05-03 16:00:00,pm10,PIIANN,74.25,64.60336
2024-02-03 23:00:00,pm10,PIIANN,61.75,72.240074
2021-10-01 14:00:00,pm10,PIIANN,89.0,75.37126
2023-08-02 10:00:00,pm10,PIIANN,60.5,133.936
2021-03-03 10:00:00,pm10,PIIANN,101.5,117.22796
2024-07-03 04:00:00,pm10,PIIANN,72.25,88.00414
2024-06-04 10:00:00,pm10,PIIANN,68.5,42.79725
2025-02-02 13:00:00,pm10,PIIANN,89.25,77.99338
2022-11-10 23:00:00,pm10,PIIANN,20.5,27.063644
2022-09-06 17:00:00,pm10,PIIANN,87.25,72.180565
2023-07-06 03:00:00,pm10,PIIANN,34.0,44.995235
2024-01-03 16:00:00,pm10,PIIANN,97.75,93.58786
2021-04-08 14:00:00,pm10,PIIANN,53.0,58.220787
2024-01-08 17:00:00,pm10,PIIANN,102.25,96.743225
2025-08-10 22:00:00,pm10,PIIANN,70.58,73.52854
2024-09-01 11:00:00,pm10,PIIANN,81.5,83.86738
2024-03-03 07:00:00,pm10,PIIANN,107.0,92.55532
2022-10-04 02:00:00,pm10,PIIANN,16.5,29.491276
2022-10-03 14:00:00,pm10,PIIANN,65.0,88.36524
2025-02-01 14:00:00,pm10,PIIANN,87.75,86.36401
2021-04-02 09:00:00,pm10,PIIANN,183.25,186.38461
2024-11-08 19:00:00,pm10,PIIANN,57.0,47.361336
2024-01-09 04:00:00,pm10,PIIANN,44.25,49.641014
2022-07-04 23:00:00,pm10,PIIANN,28.5,30.511616
2021-12-05 05:00:00,pm10,PIIANN,7.5,26.843994
2024-04-02 11:00:00,pm10,PIIANN,41.25,83.861725
2023-11-04 21:00:00,pm10,PIIANN,61.75,63.923225
2025-11-09 06:00:00,pm10,PIIANN,29.600002,58.311512
2023-03-08 07:00:00,pm10,PIIANN,81.5,115.358765
2025-05-03 13:00:00,pm10,PIIANN,63.25,83.72572
2021-04-07 16:00:00,pm10,PIIANN,46.0,42.858383
2022-07-10 10:00:00,pm10,PIIANN,40.0,48.45892
2022-10-09 16:00:00,pm10,PIIANN,33.75,44.84588
2021-09-08 14:00:00,pm10,PIIANN,47.5,47.427963
2024-03-08 07:00:00,pm10,PIIANN,46.5,53.444263
2022-04-08 03:00:00,pm10,PIIANN,39.25,43.094254
2021-04-04 02:00:00,pm10,PIIANN,56.0,53.373928
2022-05-07 09:00:00,pm10,PIIANN,40.75,54.4498
2025-10-01 18:00:00,pm10,PIIANN,97.75,119.18527
2023-05-02 04:00:00,pm10,PIIANN,425.5,192.31415
2023-12-08 09:00:00,pm10,PIIANN,68.5,61.03546
2022-09-03 17:00:00,pm10,PIIANN,102.75,108.70093
2024-03-09 11:00:00,pm10,PIIANN,83.5,65.67524
2024-10-12 10:00:00,pm10,PIIANN,114.75,115.0072
2021-04-09 01:00:00,pm10,PIIANN,22.25,41.941135
2024-09-06 13:00:00,pm10,PIIANN,50.25,39.03926
2021-09-10 06:00:00,pm10,PIIANN,22.25,26.61848
2024-01-09 11:00:00,pm10,PIIANN,38.5,53.166607
2023-03-09 07:00:00,pm10,PIIANN,20.5,28.158184
2025-08-12 07:00:00,pm10,PIIANN,136.9,141.61433
2022-04-10 03:00:00,pm10,PIIANN,94.25,115.82309
2021-04-09 20:00:00,pm10,PIIANN,44.25,48.640965
2021-04-05 02:00:00,pm10,PIIANN,6.5,23.264355
2021-09-12 10:00:00,pm10,PIIANN,17.0,11.287704
2025-04-12 19:00:00,pm10,PIIANN,82.85,77.89411
2022-05-03 08:00:00,pm10,PIIANN,107.25,109.372284
2024-04-12 13:00:00,pm10,PIIANN,25.5,41.778374
2022-12-10 10:00:00,pm10,PIIANN,46.249996,49.109074
2024-03-05 02:00:00,pm10,PIIANN,15.0,29.819443
2022-12-07 22:00:00,pm10,PIIANN,51.25,84.596214
2023-09-07 13:00:00,pm10,PIIANN,119.75,122.169205
2021-12-09 13:00:00,pm10,PIIANN,43.5,41.64237
2022-11-09 15:00:00,pm10,PIIANN,32.0,51.05141
2022-07-06 10:00:00,pm10,PIIANN,94.75,69.44399
2021-09-05 02:00:00,pm10,PIIANN,3.2500038,24.734627
2021-04-04 08:00:00,pm10,PIIANN,72.75,61.337368
2023-03-04 14:00:00,pm10,PIIANN,46.249996,56.94733
2025-05-11 17:00:00,pm10,PIIANN,79.5,99.66483
2022-04-04 18:00:00,pm10,PIIANN,30.75,11.33886
2025-05-06 01:00:00,pm10,PIIANN,45.0,70.33892
2022-04-07 00:00:00,pm10,PIIANN,31.75,37.32443
2022-02-07 03:00:00,pm10,PIIANN,11.249996,24.08078
2022-06-10 11:00:00,pm10,PIIANN,28.5,52.402485
2024-03-10 13:00:00,pm10,PIIANN,62.0,72.219246
2024-06-12 09:00:00,pm10,PIIANN,70.75,74.569374
2021-05-04 00:00:00,pm10,PIIANN,59.0,47.8146
2023-11-12 09:00:00,pm10,PIIANN,58.75,45.1701
2023-07-10 13:00:00,pm10,PIIANN,75.5,77.13291
2023-05-09 08:00:00,pm10,PIIANN,65.75,57.063316
2024-03-03 15:00:00,pm10,PIIANN,76.75,85.10277
2025-10-03 07:00:00,pm10,PIIANN,93.75,58.10967
2021-10-10 15:00:00,pm10,PIIANN,22.75,44.12746
2023-07-01 12:00:00,pm10,PIIANN,155.5,144.77643
2025-07-07 16:00:00,pm10,PIIANN,152.25,119.974686
2024-04-06 08:00:00,pm10,PIIANN,60.75,65.31774
2023-02-06 05:00:00,pm10,PIIANN,57.75,85.84876
2025-09-02 01:00:00,pm10,PIIANN,80.25,82.92388
2022-07-01 20:00:00,pm10,PIIANN,40.0,45.787407
2021-07-12 04:00:00,pm10,PIIANN,64.75,82.09545
2022-07-11 04:00:00,pm10,PIIANN,58.75,78.087395
2025-07-09 01:00:00,pm10,PIIANN,44.93,79.32263
2024-02-08 23:00:00,pm10,PIIANN,9.0,56.39624
2025-08-04 18:00:00,pm10,PIIANN,49.75,48.05371
2024-05-10 23:00:00,pm10,PIIANN,52.5,63.667995
2021-02-09 19:00:00,pm10,PIIANN,82.0,84.87114
2024-08-11 20:00:00,pm10,PIIANN,34.25,27.21513
2024-10-06 03:00:00,pm10,PIIANN,25.0,34.221645
2025-01-04 18:00:00,pm10,PIIANN,106.75,118.883606
2025-09-07 18:00:00,pm10,PIIANN,165.0,160.29306
2021-12-06 20:00:00,pm10,PIIANN,34.75,40.212177
2023-09-05 01:00:00,pm10,PIIANN,55.25,58.10211
2022-09-07 04:00:00,pm10,PIIANN,37.5,37.13027
2022-07-05 12:00:00,pm10,PIIANN,112.0,98.25202
2021-07-12 07:00:00,pm10,PIIANN,94.25,83.03251
2021-06-01 13:00:00,pm10,PIIANN,20.75,34.976223
2021-06-12 19:00:00,pm10,PIIANN,73.25,85.32445
2024-04-04 14:00:00,pm10,PIIANN,42.25,41.21131
2024-05-10 17:00:00,pm10,PIIANN,68.25,70.06072
2021-02-05 11:00:00,pm10,PIIANN,12.5,25.028805
2025-08-06 11:00:00,pm10,PIIANN,115.75,124.42755
2021-10-11 00:00:00,pm10,PIIANN,107.5,43.92175
2025-10-11 00:00:00,pm10,PIIANN,137.25,64.051476
2022-01-06 10:00:00,pm10,PIIANN,216.5,64.51829
2025-12-10 01:00:00,pm10,PIIANN,88.93,80.07401
2023-11-09 10:00:00,pm10,PIIANN,43.0,54.20052
2024-06-09 19:00:00,pm10,PIIANN,124.25,82.99179
2024-05-02 00:00:00,pm10,PIIANN,37.0,50.409107
2022-10-11 16:00:00,pm10,PIIANN,63.25,47.793503
2023-06-09 01:00:00,pm10,PIIANN,31.25,62.614414
2025-03-02 20:00:00,pm10,PIIANN,53.5,64.33177
2021-10-02 22:00:00,pm10,PIIANN,89.75,71.26281
2021-10-06 14:00:00,pm10,PIIANN,47.75,40.127514
2025-10-11 15:00:00,pm10,PIIANN,107.0,135.12401
2023-02-04 16:00:00,pm10,PIIANN,57.75,52.12731
2024-03-02 22:00:00,pm10,PIIANN,50.25,60.020973
2021-08-02 21:00:00,pm10,PIIANN,58.75,60.998474
2022-09-06 14:00:00,pm10,PIIANN,73.0,68.505196
2022-08-07 18:00:00,pm10,PIIANN,51.25,40.399864
2022-12-01 17:00:00,pm10,PIIANN,29.0,26.422852
2024-08-12 20:00:00,pm10,PIIANN,47.5,63.69339
2022-12-08 09:00:00,pm10,PIIANN,94.97222,63.36275
2024-12-05 14:00:00,pm10,PIIANN,16.25,22.65443
2025-08-01 14:00:00,pm10,PIIANN,90.25,95.43614
2022-06-05 03:00:00,pm10,PIIANN,58.75,39.826595
2025-02-11 06:00:00,pm10,PIIANN,48.6,87.94278
2022-03-07 14:00:00,pm10,PIIANN,78.75,93.88443
2021-01-02 03:00:00,pm10,PIIANN,43.75,39.445557
2023-12-03 06:00:00,pm10,PIIANN,165.25,174.19447
2024-11-04 07:00:00,pm10,PIIANN,71.75,66.84079
2022-03-07 12:00:00,pm10,PIIANN,114.0,74.740135
2022-03-01 22:00:00,pm10,PIIANN,70.25,88.072296
2024-06-12 03:00:00,pm10,PIIANN,40.25,44.470062
2025-10-07 04:00:00,pm10,PIIANN,130.75,85.36588
2025-07-10 06:00:00,pm10,PIIANN,56.74,89.93373
2025-08-09 12:00:00,pm10,PIIANN,62.58,96.86187
2021-01-07 11:00:00,pm10,PIIANN,34.5,37.91723
2023-06-07 03:00:00,pm10,PIIANN,28.25,39.47605
2023-01-08 22:00:00,pm10,PIIANN,210.0,149.44145
2021-01-09 10:00:00,pm10,PIIANN,70.75,63.856197
2021-12-12 08:00:00,pm10,PIIANN,23.75,26.501293
2023-06-01 18:00:00,pm10,PIIANN,117.25,137.10497
2021-08-05 19:00:00,pm10,PIIANN,19.499996,24.501339
2024-05-04 18:00:00,pm10,PIIANN,37.5,24.201035
2024-03-05 21:00:00,pm10,PIIANN,41.5,51.86196
2021-11-04 18:00:00,pm10,PIIANN,45.5,54.70216
2023-08-01 09:00:00,pm10,PIIANN,213.50002,232.1899
2021-02-04 11:00:00,pm10,PIIANN,139.25,103.759674
2023-05-03 10:00:00,pm10,PIIANN,97.5,104.77147
2024-04-11 06:00:00,pm10,PIIANN,13.75,16.687592
2024-09-03 08:00:00,pm10,PIIANN,110.24999,136.70944
2023-05-02 15:00:00,pm10,PIIANN,89.25,95.22276
2023-09-09 14:00:00,pm10,PIIANN,55.5,56.64014
2025-10-04 13:00:00,pm10,PIIANN,99.5,116.58901
2022-12-08 10:00:00,pm10,PIIANN,95.19444,65.69719
2025-05-05 04:00:00,pm10,PIIANN,42.25,63.88252
2024-10-12 00:00:00,pm10,PIIANN,102.25,73.70633
2025-12-10 20:00:00,pm10,PIIANN,72.32,227.55267
2024-06-05 09:00:00,pm10,PIIANN,73.5,44.85054
2024-04-01 12:00:00,pm10,PIIANN,95.25,97.305626
2022-03-10 14:00:00,pm10,PIIANN,60.75,63.878902
2022-03-13 01:00:00,pm10,PIIANN,35.85941,42.5499
2025-10-12 23:00:00,pm10,PIIANN,157.55,163.19484
2023-04-05 00:00:00,pm10,PIIANN,25.0,30.13744
2022-10-03 09:00:00,pm10,PIIANN,131.25,158.31383
2025-02-08 10:00:00,pm10,PIIANN,97.73,87.31836
2022-10-11 21:00:00,pm10,PIIANN,62.5,63.772236
2025-09-09 19:00:00,pm10,PIIANN,293.7,135.60983
2024-08-07 17:00:00,pm10,PIIANN,191.75,97.29334
2022-02-09 18:00:00,pm10,PIIANN,43.0,62.79864
2025-04-08 17:00:00,pm10,PIIANN,75.27,99.10741
2025-11-06 04:00:00,pm10,PIIANN,43.75,46.817913
2022-04-09 19:00:00,pm10,PIIANN,21.25,38.030277
2021-04-02 17:00:00,pm10,PIIANN,103.5,93.4227
2021-03-01 11:00:00,pm10,PIIANN,67.0,91.34262
2022-05-08 02:00:00,pm10,PIIANN,39.5,36.7057
2022-06-06 10:00:00,pm10,PIIANN,52.5,41.55248
2023-10-02 13:00:00,pm10,PIIANN,103.0,113.52692
2023-11-06 03:00:00,pm10,PIIANN,39.0,77.16303
2022-02-03 01:00:00,pm10,PIIANN,83.0,50.21238
2025-12-03 23:00:00,pm10,PIIANN,44.75,44.214653
2023-05-02 05:00:00,pm10,PIIANN,327.75,245.16704
2025-02-04 20:00:00,pm10,PIIANN,84.25,87.04887
2023-03-12 13:00:00,pm10,PIIANN,20.25,17.05619
2021-05-07 14:00:00,pm10,PIIANN,28.75,29.029926
2021-12-11 10:00:00,pm10,PIIANN,37.5,58.663
2023-06-11 09:00:00,pm10,PIIANN,19.250004,28.596352
2024-10-04 00:00:00,pm10,PIIANN,49.0,69.72391
2025-04-06 07:00:00,pm10,PIIANN,82.75,76.16678
2025-03-03 19:00:00,pm10,PIIANN,54.75,61.288383
2025-11-10 01:00:00,pm10,PIIANN,50.82,70.83019
2022-06-02 17:00:00,pm10,PIIANN,58.75,49.444077
2025-12-08 11:00:00,pm10,PIIANN,51.47,63.981277
2025-04-02 08:00:00,pm10,PIIANN,124.0,151.35713
2025-06-12 09:00:00,pm10,PIIANN,140.25,155.33041
2021-08-07 14:00:00,pm10,PIIANN,73.25,45.930725
2023-02-02 17:00:00,pm10,PIIANN,127.5,137.36916
2023-07-04 11:00:00,pm10,PIIANN,28.75,20.51062
2024-07-12 17:00:00,pm10,PIIANN,37.5,40.74399
2021-09-10 10:00:00,pm10,PIIANN,32.75,35.386314
2025-03-09 00:00:00,pm10,PIIANN,32.87,57.577682
2024-10-13 00:00:00,pm10,PIIANN,95.48523,93.3686
2025-06-08 21:00:00,pm10,PIIANN,988.64,72.20091
2021-08-10 21:00:00,pm10,PIIANN,54.5,70.28099
2021-09-10 12:00:00,pm10,PIIANN,29.0,26.524422
2021-07-11 02:00:00,pm10,PIIANN,7.25,20.015675
2021-04-10 09:00:00,pm10,PIIANN,46.249996,44.383213
2021-04-03 15:00:00,pm10,PIIANN,39.5,54.600826
2021-12-02 05:00:00,pm10,PIIANN,158.25,80.66054
2022-03-04 21:00:00,pm10,PIIANN,18.0,32.10262
2023-04-11 13:00:00,pm10,PIIANN,18.25,25.709091
2023-04-02 08:00:00,pm10,PIIANN,119.75,124.56183
2021-05-09 18:00:00,pm10,PIIANN,12.5,65.93244
2023-11-05 19:00:00,pm10,PIIANN,104.75,151.45615
2024-12-10 16:00:00,pm10,PIIANN,6.250004,16.780209
2022-03-12 03:00:00,pm10,PIIANN,39.5,25.916687
2024-09-10 10:00:00,pm10,PIIANN,21.0,28.502205
2023-05-11 22:00:00,pm10,PIIANN,31.5,18.404644
2023-05-09 03:00:00,pm10,PIIANN,21.25,34.201775
2023-02-11 12:00:00,pm10,PIIANN,19.0,42.825874
2024-05-10 20:00:00,pm10,PIIANN,47.25,55.956223
2024-05-05 15:00:00,pm10,PIIANN,56.25,62.037888
2021-01-05 16:00:00,pm10,PIIANN,31.0,51.022064
2024-02-11 23:00:00,pm10,PIIANN,41.0,46.8692
2023-04-09 01:00:00,pm10,PIIANN,8.25,24.684467
2022-12-10 19:00:00,pm10,PIIANN,26.5,39.684288
2023-08-01 17:00:00,pm10,PIIANN,150.5,179.11165
2022-10-07 20:00:00,pm10,PIIANN,30.0,38.842068
2022-07-10 00:00:00,pm10,PIIANN,32.5,43.3723
2022-11-06 08:00:00,pm10,PIIANN,67.0,38.97129
2021-12-05 17:00:00,pm10,PIIANN,25.5,31.297787
2021-09-03 10:00:00,pm10,PIIANN,33.5,39.74493
2024-02-09 10:00:00,pm10,PIIANN,71.0,80.75647
2023-12-04 04:00:00,pm10,PIIANN,182.5,137.51294
2023-09-11 09:00:00,pm10,PIIANN,74.5,100.32093
2025-08-10 07:00:00,pm10,PIIANN,85.02,89.89379
2025-11-11 06:00:00,pm10,PIIANN,52.65,87.86219
2022-10-07 01:00:00,pm10,PIIANN,26.75,41.822777
2024-02-08 05:00:00,pm10,PIIANN,55.0,59.455814
2022-03-01 15:00:00,pm10,PIIANN,92.0,93.87841
2022-10-08 19:00:00,pm10,PIIANN,75.25,61.122486
2022-03-07 10:00:00,pm10,PIIANN,87.0,73.89247
2022-02-07 14:00:00,pm10,PIIANN,62.5,62.410866
2024-05-11 13:00:00,pm10,PIIANN,112.0,94.55139
2024-09-11 04:00:00,pm10,PIIANN,46.0,39.82443
2023-04-08 23:00:00,pm10,PIIANN,50.5,77.619965
2025-01-02 20:00:00,pm10,PIIANN,57.5,52.267357
2024-05-05 04:00:00,pm10,PIIANN,23.25,29.494823
2022-01-07 15:00:00,pm10,PIIANN,71.5,68.362206
2025-08-06 09:00:00,pm10,PIIANN,81.75,132.93884
2025-05-10 23:00:00,pm10,PIIANN,31.280003,92.25625
2022-05-03 13:00:00,pm10,PIIANN,104.0,74.87136
2021-01-09 11:00:00,pm10,PIIANN,99.75,65.39307
2022-09-10 13:00:00,pm10,PIIANN,15.25,22.3886
2023-06-02 01:00:00,pm10,PIIANN,279.0,144.02106
2025-12-05 10:00:00,pm10,PIIANN,173.5,104.36912
2022-06-12 20:00:00,pm10,PIIANN,204.75,238.57121
2024-01-01 13:00:00,pm10,PIIANN,117.75,132.02124
2025-02-07 17:00:00,pm10,PIIANN,171.75,124.256836
2023-08-05 23:00:00,pm10,PIIANN,32.5,51.23356
2021-06-09 14:00:00,pm10,PIIANN,46.249996,36.692
2021-06-11 08:00:00,pm10,PIIANN,12.0,27.37693
2025-03-04 12:00:00,pm10,PIIANN,43.75,61.020695
2022-06-05 06:00:00,pm10,PIIANN,58.75,47.135822
2022-10-10 00:00:00,pm10,PIIANN,10.0,28.833736
2025-07-09 00:00:00,pm10,PIIANN,66.58,77.44182
2023-09-08 22:00:00,pm10,PIIANN,72.0,91.4712
2022-05-01 10:00:00,pm10,PIIANN,101.5,99.604515
2022-02-06 18:00:00,pm10,PIIANN,87.25,71.72403
2022-04-02 15:00:00,pm10,PIIANN,40.0,48.834606
2022-10-09 12:00:00,pm10,PIIANN,31.75,42.25166
2023-07-04 03:00:00,pm10,PIIANN,13.5,14.874004
2023-08-02 02:00:00,pm10,PIIANN,264.0,118.13427
2025-07-01 21:00:00,pm10,PIIANN,86.25,105.384964
2025-07-04 08:00:00,pm10,PIIANN,60.5,61.07944
2021-02-13 00:00:00,pm10,PIIANN,59.736362,60.31588
2023-11-02 23:00:00,pm10,PIIANN,111.25,129.41644
2024-06-09 17:00:00,pm10,PIIANN,100.25,69.93437
2021-11-01 21:00:00,pm10,PIIANN,62.0,47.971687
2025-02-09 10:00:00,pm10,PIIANN,52.78,83.26651
2023-09-04 09:00:00,pm10,PIIANN,52.0,45.3371
2023-03-07 07:00:00,pm10,PIIANN,36.5,61.680172
2021-07-03 13:00:00,pm10,PIIANN,43.75,44.404503
2022-12-08 22:00:00,pm10,PIIANN,63.75,50.30116
2022-10-08 21:00:00,pm10,PIIANN,65.75,45.252113
2025-12-01 08:00:00,pm10,PIIANN,108.5,108.16881
2024-01-09 09:00:00,pm10,PIIANN,41.0,60.077755
2021-05-03 21:00:00,pm10,PIIANN,59.75,54.06515
2021-10-09 21:00:00,pm10,PIIANN,43.5,56.382015
2023-12-03 12:00:00,pm10,PIIANN,101.75,88.116066
2022-06-08 11:00:00,pm10,PIIANN,37.25,40.320534
2024-03-09 09:00:00,pm10,PIIANN,42.75,53.12559
2021-12-04 04:00:00,pm10,PIIANN,12.75,29.76754
2022-03-09 19:00:00,pm10,PIIANN,47.75,97.55877
2025-06-05 09:00:00,pm10,PIIANN,72.75,69.07757
2025-12-04 12:00:00,pm10,PIIANN,140.25,111.57009
2024-11-06 08:00:00,pm10,PIIANN,50.25,43.3387
2022-12-06 07:00:00,pm10,PIIANN,53.25,45.184963
2021-02-10 05:00:00,pm10,PIIANN,8.5,26.019108
2023-11-02 07:00:00,pm10,PIIANN,281.5,182.32452
2025-03-07 10:00:00,pm10,PIIANN,106.25,91.01934
2021-12-07 03:00:00,pm10,PIIANN,23.0,25.306213
2024-06-04 05:00:00,pm10,PIIANN,23.75,33.006054
2025-03-12 00:00:00,pm10,PIIANN,80.31,81.76615
2023-12-11 01:00:00,pm10,PIIANN,98.5,127.92821
2023-03-10 00:00:00,pm10,PIIANN,32.75,27.686256
2023-03-10 07:00:00,pm10,PIIANN,55.5,42.15363
2023-07-06 04:00:00,pm10,PIIANN,33.75,50.173206
2021-04-08 08:00:00,pm10,PIIANN,33.25,33.044853
2022-05-02 05:00:00,pm10,PIIANN,105.75,80.256645
2021-03-08 05:00:00,pm10,PIIANN,39.5,49.044426
2022-05-03 16:00:00,pm10,PIIANN,108.5,87.59323
2022-03-04 16:00:00,pm10,PIIANN,65.0,35.435886
2025-08-07 06:00:00,pm10,PIIANN,147.25,116.85738
2021-05-08 02:00:00,pm10,PIIANN,51.0,51.43944
2025-11-09 17:00:00,pm10,PIIANN,76.22,76.24655
2025-02-05 04:00:00,pm10,PIIANN,37.0,265.84894
2024-02-03 13:00:00,pm10,PIIANN,113.0,97.93073
2022-06-12 13:00:00,pm10,PIIANN,210.5,210.08484
2021-03-01 23:00:00,pm10,PIIANN,42.0,62.36818
2021-08-01 15:00:00,pm10,PIIANN,29.75,22.371433
2022-08-08 22:00:00,pm10,PIIANN,82.25,67.951065
2022-09-01 14:00:00,pm10,PIIANN,29.0,37.365765
2024-11-06 14:00:00,pm10,PIIANN,30.75,43.745052
2025-10-04 03:00:00,pm10,PIIANN,44.25,65.84457
2023-06-10 13:00:00,pm10,PIIANN,81.5,83.13269
2023-02-04 09:00:00,pm10,PIIANN,45.0,35.02213
2022-06-02 13:00:00,pm10,PIIANN,55.5,48.73733
2023-12-11 14:00:00,pm10,PIIANN,154.75,162.8833
2023-06-03 18:00:00,pm10,PIIANN,98.75,97.53362
2025-01-06 02:00:00,pm10,PIIANN,55.75,46.83476
2023-07-09 21:00:00,pm10,PIIANN,13.75,49.147938
2023-05-02 00:00:00,pm10,PIIANN,139.75,110.28217
2022-04-09 07:00:00,pm10,PIIANN,27.500004,37.610485
2025-04-05 01:00:00,pm10,PIIANN,35.25,52.582672
2023-12-05 09:00:00,pm10,PIIANN,142.75,136.37599
2021-09-12 20:00:00,pm10,PIIANN,45.75,38.256603
2024-11-11 02:00:00,pm10,PIIANN,61.75,66.76934
2021-12-08 10:00:00,pm10,PIIANN,63.25,37.470505
2022-11-11 19:00:00,pm10,PIIANN,23.0,26.058254
2021-12-09 00:00:00,pm10,PIIANN,41.5,43.178814
2024-09-11 13:00:00,pm10,PIIANN,34.0,37.122875
2025-12-11 07:00:00,pm10,PIIANN,96.0,124.7413
2023-11-09 05:00:00,pm10,PIIANN,32.0,36.921276
2023-10-04 18:00:00,pm10,PIIANN,61.25,71.79906
2025-03-05 05:00:00,pm10,PIIANN,42.5,43.098618
2021-10-05 05:00:00,pm10,PIIANN,6.000004,26.134888
2022-10-11 07:00:00,pm10,PIIANN,28.5,38.683144
2021-06-05 21:00:00,pm10,PIIANN,12.25,15.198479
2023-06-10 19:00:00,pm10,PIIANN,100.5,94.273155
2025-08-05 02:00:00,pm10,PIIANN,51.75,67.31354
2024-08-07 11:00:00,pm10,PIIANN,78.5,63.748302
2024-02-04 07:00:00,pm10,PIIANN,51.75,52.126167
2022-11-06 21:00:00,pm10,PIIANN,50.75,47.30329
2025-06-02 04:00:00,pm10,PIIANN,108.0,110.397064
2022-08-03 04:00:00,pm10,PIIANN,88.75,67.37521
2025-11-04 21:00:00,pm10,PIIANN,279.0,149.74966
2025-03-12 14:00:00,pm10,PIIANN,30.995003,50.277832
2021-04-12 11:00:00,pm10,PIIANN,78.75,86.45845
2022-08-03 10:00:00,pm10,PIIANN,71.75,93.78891
2025-10-04 11:00:00,pm10,PIIANN,281.75,97.958954
2023-03-08 05:00:00,pm10,PIIANN,167.0,151.30968
2023-05-10 09:00:00,pm10,PIIANN,72.0,83.00499
2022-03-06 05:00:00,pm10,PIIANN,53.75,82.97799
2024-07-03 10:00:00,pm10,PIIANN,118.75,105.32493
2025-12-04 05:00:00,pm10,PIIANN,89.75,104.04034
2025-01-12 06:00:00,pm10,PIIANN,7.0,25.229939
2024-12-11 10:00:00,pm10,PIIANN,18.268002,45.85404
2022-07-01 13:00:00,pm10,PIIANN,50.75,46.481113
2022-08-05 12:00:00,pm10,PIIANN,90.0,91.70402
2021-11-11 03:00:00,pm10,PIIANN,19.0,53.131535
2024-06-01 16:00:00,pm10,PIIANN,46.5,44.464466
2022-09-02 10:00:00,pm10,PIIANN,105.75,82.33343
2021-12-02 07:00:00,pm10,PIIANN,168.0,132.26718
2021-08-10 22:00:00,pm10,PIIANN,18.0,59.16626
2023-06-09 17:00:00,pm10,PIIANN,55.75,58.467537
2021-08-07 21:00:00,pm10,PIIANN,79.0,49.302444
2024-01-10 18:00:00,pm10,PIIANN,24.0,21.028786
2021-09-03 05:00:00,pm10,PIIANN,22.5,31.81374
2022-08-02 04:00:00,pm10,PIIANN,153.5,73.727066
2024-07-10 18:00:00,pm10,PIIANN,36.5,40.61619
2021-04-04 17:00:00,pm10,PIIANN,79.75,68.79749
2021-10-07 06:00:00,pm10,PIIANN,11.249996,25.481304
2023-01-06 18:00:00,pm10,PIIANN,93.0,107.69671
2021-10-12 20:00:00,pm10,PIIANN,25.75,26.944176
2021-12-10 01:00:00,pm10,PIIANN,26.25,45.40026
2023-08-08 13:00:00,pm10,PIIANN,85.75,84.426346
2024-01-06 03:00:00,pm10,PIIANN,32.75,49.43766
2025-08-02 05:00:00,pm10,PIIANN,157.25,145.6152
2023-04-04 03:00:00,pm10,PIIANN,23.0,19.70351
2022-04-06 04:00:00,pm10,PIIANN,46.0,40.27784
2023-03-04 05:00:00,pm10,PIIANN,21.5,27.382423
2023-03-04 03:00:00,pm10,PIIANN,21.0,21.78749
2022-05-02 01:00:00,pm10,PIIANN,30.75,26.89833
2021-11-10 02:00:00,pm10,PIIANN,17.0,31.487999
2025-06-05 04:00:00,pm10,PIIANN,52.0,51.800556
2025-03-11 20:00:00,pm10,PIIANN,66.75,90.99271
2024-10-10 09:00:00,pm10,PIIANN,58.75,16.8876
2023-10-01 20:00:00,pm10,PIIANN,104.25,116.47394
2022-11-07 21:00:00,pm10,PIIANN,21.25,32.526886
2023-10-02 07:00:00,pm10,PIIANN,148.25,182.06807
2022-05-07 16:00:00,pm10,PIIANN,43.5,48.710033
2025-02-07 12:00:00,pm10,PIIANN,131.0,147.38976
2023-02-10 18:00:00,pm10,PIIANN,52.0,56.286343
2024-06-01 14:00:00,pm10,PIIANN,37.25,51.638805
2021-09-03 13:00:00,pm10,PIIANN,26.25,33.53551
2025-07-12 16:00:00,pm10,PIIANN,111.45,104.51282
2024-01-10 19:00:00,pm10,PIIANN,40.0,21.074188
2022-02-10 12:00:00,pm10,PIIANN,37.25,49.617188
2021-04-11 20:00:00,pm10,PIIANN,694.0,529.8001
2024-03-02 09:00:00,pm10,PIIANN,56.5,89.42043
2023-05-10 18:00:00,pm10,PIIANN,73.25,85.88474
2024-04-11 15:00:00,pm10,PIIANN,29.0,18.402359
2021-12-10 18:00:00,pm10,PIIANN,90.5,69.527916
2021-11-04 17:00:00,pm10,PIIANN,56.25,61.689934
2021-02-11 00:00:00,pm10,PIIANN,2.0000038,33.71037
2024-09-01 14:00:00,pm10,PIIANN,84.5,96.32955
2023-11-11 21:00:00,pm10,PIIANN,183.5,201.31451
2022-06-08 14:00:00,pm10,PIIANN,33.5,40.74297
2022-09-01 11:00:00,pm10,PIIANN,41.75,37.623894
2021-08-04 10:00:00,pm10,PIIANN,90.25,81.13318
2021-01-10 06:00:00,pm10,PIIANN,36.5,27.023159
2022-05-05 06:00:00,pm10,PIIANN,137.75,172.16765
2024-03-04 10:00:00,pm10,PIIANN,98.25,70.07563
2025-05-04 14:00:00,pm10,PIIANN,35.25,62.409866
2021-06-08 20:00:00,pm10,PIIANN,69.75,71.382
2021-01-02 14:00:00,pm10,PIIANN,87.0,80.77285
2021-02-09 20:00:00,pm10,PIIANN,75.5,78.74872
2021-02-11 18:00:00,pm10,PIIANN,13.5,16.859135
2024-07-08 23:00:00,pm10,PIIANN,35.5,47.60944
2025-05-02 00:00:00,pm10,PIIANN,59.5,93.16185
2023-12-03 14:00:00,pm10,PIIANN,98.25,91.84965
2022-03-06 13:00:00,pm10,PIIANN,96.25,73.07091
2022-06-12 02:00:00,pm10,PIIANN,170.0,186.80023
2025-08-12 17:00:00,pm10,PIIANN,124.5,127.82306
2022-06-08 02:00:00,pm10,PIIANN,50.5,85.490685
2022-11-08 06:00:00,pm10,PIIANN,55.75,44.63016
2022-12-08 06:00:00,pm10,PIIANN,55.5,62.576748
2024-09-04 12:00:00,pm10,PIIANN,55.5,54.868366
2025-10-01 23:00:00,pm10,PIIANN,84.75,87.568794
2023-10-07 19:00:00,pm10,PIIANN,48.0,48.017235
2022-07-12 12:00:00,pm10,PIIANN,217.5,215.09036
2025-01-10 07:00:00,pm10,PIIANN,86.97,110.606346
2024-10-04 17:00:00,pm10,PIIANN,67.25,79.00628
2024-05-12 00:00:00,pm10,PIIANN,22.5,111.16912
2024-11-11 20:00:00,pm10,PIIANN,62.75,83.54762
2022-08-02 00:00:00,pm10,PIIANN,109.0,20.466072
2025-08-04 03:00:00,pm10,PIIANN,19.0,22.825588
2023-12-11 03:00:00,pm10,PIIANN,94.75,120.455
2022-03-05 00:00:00,pm10,PIIANN,37.75,26.158215
2022-11-12 10:00:00,pm10,PIIANN,47.0,67.21587
2024-12-02 05:00:00,pm10,PIIANN,60.25,81.678894
2021-08-01 12:00:00,pm10,PIIANN,17.25,40.926735
2024-06-02 01:00:00,pm10,PIIANN,67.5,98.20867
2022-07-08 11:00:00,pm10,PIIANN,37.75,43.43468
2025-03-04 07:00:00,pm10,PIIANN,40.25,59.686203
2021-11-05 00:00:00,pm10,PIIANN,2.0000038,22.40298
2021-11-06 07:00:00,pm10,PIIANN,30.25,27.415085
2024-03-06 04:00:00,pm10,PIIANN,27.749996,41.6965
2022-01-03 15:00:00,pm10,PIIANN,68.25,70.38529
2022-04-06 12:00:00,pm10,PIIANN,109.0,70.17191
2022-05-04 21:00:00,pm10,PIIANN,20.0,7.0670395
2022-01-08 16:00:00,pm10,PIIANN,45.5,64.59951
2022-11-02 04:00:00,pm10,PIIANN,58.75,71.34153
2025-09-02 05:00:00,pm10,PIIANN,162.75002,132.17804
2024-09-05 05:00:00,pm10,PIIANN,21.0,21.835224
2021-07-02 10:00:00,pm10,PIIANN,122.75,126.569466
2021-11-01 22:00:00,pm10,PIIANN,63.0,48.961082
2023-07-11 18:00:00,pm10,PIIANN,43.75,12.528164
2025-04-12 17:00:00,pm10,PIIANN,45.85,61.170006
2025-11-09 10:00:00,pm10,PIIANN,64.6,79.049576
2025-03-04 21:00:00,pm10,PIIANN,54.75,56.722282
2024-09-11 16:00:00,pm10,PIIANN,47.75,33.318268
2021-12-07 16:00:00,pm10,PIIANN,60.25,52.692562
2024-12-11 04:00:00,pm10,PIIANN,18.600002,35.144028
2021-12-05 19:00:00,pm10,PIIANN,20.5,26.99134
2024-04-09 14:00:00,pm10,PIIANN,48.25,73.385925
2021-08-05 12:00:00,pm10,PIIANN,20.25,22.70311
2021-02-03 17:00:00,pm10,PIIANN,61.5,69.94573
2025-01-03 05:00:00,pm10,PIIANN,59.5,60.709145
2021-11-04 03:00:00,pm10,PIIANN,49.5,45.697475
2021-01-02 00:00:00,pm10,PIIANN,52.5,41.134075
2023-12-05 22:00:00,pm10,PIIANN,87.75,87.48888
2023-12-06 05:00:00,pm10,PIIANN,24.0,27.54131
2025-06-12 03:00:00,pm10,PIIANN,100.9,146.58781
2021-04-01 19:00:00,pm10,PIIANN,54.25,46.929188
2023-09-01 22:00:00,pm10,PIIANN,141.75,114.945946
2022-11-10 09:00:00,pm10,PIIANN,36.5,38.274788
2022-11-10 10:00:00,pm10,PIIANN,26.5,27.66692
2023-10-01 12:00:00,pm10,PIIANN,123.25,111.22613
2024-08-05 02:00:00,pm10,PIIANN,5.750004,27.11485
2025-03-05 23:00:00,pm10,PIIANN,43.75,57.612278
2021-11-08 16:00:00,pm10,PIIANN,80.0,54.22235
2022-05-03 03:00:00,pm10,PIIANN,81.5,66.96116
2023-02-07 02:00:00,pm10,PIIANN,68.75,61.01606
2022-04-08 15:00:00,pm10,PIIANN,51.0,44.76688
2023-07-05 23:00:00,pm10,PIIANN,40.75,64.414055
2022-04-08 00:00:00,pm10,PIIANN,43.0,40.61785
2021-12-03 08:00:00,pm10,PIIANN,68.5,102.08622
2021-07-08 03:00:00,pm10,PIIANN,21.25,28.967106
2025-06-04 17:00:00,pm10,PIIANN,37.5,51.55363
2022-07-12 01:00:00,pm10,PIIANN,253.0,210.48901
2023-01-11 10:00:00,pm10,PIIANN,83.25,112.65348
2025-09-12 22:00:00,pm10,PIIANN,164.55,126.52523
2021-02-05 15:00:00,pm10,PIIANN,11.249996,29.958462
2022-10-06 23:00:00,pm10,PIIANN,50.5,51.019127
2022-09-02 22:00:00,pm10,PIIANN,67.5,58.90403
2023-11-05 13:00:00,pm10,PIIANN,181.75,139.76706
2025-11-03 06:00:00,pm10,PIIANN,61.25,62.156277
2022-05-09 04:00:00,pm10,PIIANN,15.0,36.526543
2023-10-03 21:00:00,pm10,PIIANN,87.0,103.873146
2021-01-10 21:00:00,pm10,PIIANN,34.25,29.736996
2021-03-04 01:00:00,pm10,PIIANN,54.25,48.591152
2025-05-10 13:00:00,pm10,PIIANN,61.63,94.82039
2021-09-13 00:00:00,pm10,PIIANN,18.904736,20.94395
2021-09-05 03:00:00,pm10,PIIANN,3.7500038,22.72145
2022-09-11 17:00:00,pm10,PIIANN,67.25,67.70563
2023-09-04 11:00:00,pm10,PIIANN,61.75,49.767437
2024-03-08 10:00:00,pm10,PIIANN,66.75,60.48171
2025-10-02 14:00:00,pm10,PIIANN,102.75,108.178764
2023-07-08 13:00:00,pm10,PIIANN,93.25,84.13145
2024-01-08 00:00:00,pm10,PIIANN,45.25,50.725456
2024-11-11 01:00:00,pm10,PIIANN,65.75,77.10948
2024-08-02 20:00:00,pm10,PIIANN,69.5,93.75701
2023-03-08 14:00:00,pm10,PIIANN,70.0,107.578896
2025-03-05 14:00:00,pm10,PIIANN,143.5,115.0813
2023-03-05 05:00:00,pm10,PIIANN,28.0,41.04687
2023-07-10 04:00:00,pm10,PIIANN,38.5,45.855583
2024-09-10 14:00:00,pm10,PIIANN,9.0,24.85979
2022-09-09 14:00:00,pm10,PIIANN,23.25,39.808456
2021-02-09 17:00:00,pm10,PIIANN,78.25,59.339447
2021-09-12 22:00:00,pm10,PIIANN,21.75,26.573395
2025-01-05 01:00:00,pm10,PIIANN,87.5,34.713364
2023-04-10 17:00:00,pm10,PIIANN,97.75,110.3437
2025-08-12 23:00:00,pm10,PIIANN,125.05,130.70363
2022-05-04 03:00:00,pm10,PIIANN,31.25,8.648525
2025-02-11 19:00:00,pm10,PIIANN,628.5,216.57298
2022-08-09 12:00:00,pm10,PIIANN,37.5,42.75445
2023-11-09 18:00:00,pm10,PIIANN,85.5,58.415405
2023-08-02 16:00:00,pm10,PIIANN,82.0,91.30554
2022-12-10 22:00:00,pm10,PIIANN,15.75,29.59871
2022-07-10 20:00:00,pm10,PIIANN,70.75,85.32362
2021-01-04 02:00:00,pm10,PIIANN,28.75,32.10864
2024-01-03 01:00:00,pm10,PIIANN,62.0,66.90092
2025-02-04 13:00:00,pm10,PIIANN,78.25,88.07084
2023-01-01 09:00:00,pm10,PIIANN,142.25,158.61908
2021-09-03 08:00:00,pm10,PIIANN,32.25,42.845943
2025-05-06 17:00:00,pm10,PIIANN,141.0,117.17144
2024-10-11 19:00:00,pm10,PIIANN,70.0,77.72464
2025-05-10 01:00:00,pm10,PIIANN,988.64,77.928764
2021-11-02 04:00:00,pm10,PIIANN,91.0,88.52398
2023-06-06 19:00:00,pm10,PIIANN,66.25,99.90429
2021-04-05 04:00:00,pm10,PIIANN,14.5,24.775059
2025-03-04 18:00:00,pm10,PIIANN,55.5,47.639107
2021-11-03 20:00:00,pm10,PIIANN,33.0,31.072884
2024-06-08 15:00:00,pm10,PIIANN,37.75,28.222466
2021-05-12 19:00:00,pm10,PIIANN,96.0,110.96949
2021-09-08 22:00:00,pm10,PIIANN,30.5,38.979584
2024-09-07 14:00:00,pm10,PIIANN,45.0,51.58298
2022-11-04 16:00:00,pm10,PIIANN,14.75,42.460335
2021-11-10 13:00:00,pm10,PIIANN,70.0,40.948936
2025-07-12 00:00:00,pm10,PIIANN,83.95,100.856186
2025-05-06 14:00:00,pm10,PIIANN,140.75,103.24205
2024-04-09 18:00:00,pm10,PIIANN,87.75,58.929718
2025-11-06 08:00:00,pm10,PIIANN,69.25,70.03318
2022-10-07 21:00:00,pm10,PIIANN,38.25,35.552006
2025-05-02 02:00:00,pm10,PIIANN,58.75,58.949608
2021-07-02 23:00:00,pm10,PIIANN,52.75,49.87303
2024-02-04 04:00:00,pm10,PIIANN,50.75,39.80061
2023-04-06 01:00:00,pm10,PIIANN,43.25,74.29685
2023-05-08 04:00:00,pm10,PIIANN,66.0,123.37857
2025-03-08 01:00:00,pm10,PIIANN,51.7,89.93049
2024-06-07 01:00:00,pm10,PIIANN,16.400002,41.53573
2022-01-11 23:00:00,pm10,PIIANN,5.000004,46.947582
2025-05-08 01:00:00,pm10,PIIANN,9.84,68.11242
2022-09-04 18:00:00,pm10,PIIANN,30.0,15.568569
2021-03-12 20:00:00,pm10,PIIANN,141.0,146.96588
2023-04-03 04:00:00,pm10,PIIANN,112.5,105.318825
2022-02-08 12:00:00,pm10,PIIANN,92.5,88.532425
2022-02-08 09:00:00,pm10,PIIANN,78.75,44.680225
2021-10-08 12:00:00,pm10,PIIANN,19.250004,15.203949
2025-10-12 09:00:00,pm10,PIIANN,164.6,157.87627
2022-06-11 05:00:00,pm10,PIIANN,69.25,77.88565
2025-01-08 17:00:00,pm10,PIIANN,174.76,163.84952
2025-12-08 02:00:00,pm10,PIIANN,47.72,36.889633
2025-09-10 04:00:00,pm10,PIIANN,87.02,224.63791
2024-08-07 10:00:00,pm10,PIIANN,72.75,59.29878
2022-12-12 13:00:00,pm10,PIIANN,14.75,49.933315
2023-06-10 22:00:00,pm10,PIIANN,77.5,93.19947
2025-07-05 09:00:00,pm10,PIIANN,70.5,65.03661
2025-03-08 19:00:00,pm10,PIIANN,36.8,103.55694
2025-08-05 09:00:00,pm10,PIIANN,96.5,75.96129
2021-12-04 12:00:00,pm10,PIIANN,39.5,39.737667
2023-08-02 23:00:00,pm10,PIIANN,71.25,90.106514
2023-03-07 06:00:00,pm10,PIIANN,33.75,51.905636
2023-12-09 21:00:00,pm10,PIIANN,50.0,64.544945
2022-07-03 06:00:00,pm10,PIIANN,56.5,47.04187
2024-07-04 03:00:00,pm10,PIIANN,21.75,34.24202
2022-07-02 22:00:00,pm10,PIIANN,70.75,73.48788
2021-09-04 19:00:00,pm10,PIIANN,75.0,65.173996
2023-08-10 20:00:00,pm10,PIIANN,33.0,38.117966
2023-08-05 03:00:00,pm10,PIIANN,23.0,52.354572
2023-10-02 06:00:00,pm10,PIIANN,158.5,190.70926
2023-08-02 05:00:00,pm10,PIIANN,738.5,234.15707
2021-07-06 23:00:00,pm10,PIIANN,20.75,25.894817
2024-02-10 07:00:00,pm10,PIIANN,52.0,30.576614
2021-09-09 00:00:00,pm10,PIIANN,32.25,19.542843
2023-01-10 19:00:00,pm10,PIIANN,37.25,44.129578
2023-11-04 06:00:00,pm10,PIIANN,198.25,137.9296
2023-11-12 11:00:00,pm10,PIIANN,62.75,52.57196
2021-10-08 05:00:00,pm10,PIIANN,7.5,18.716522
2024-01-08 06:00:00,pm10,PIIANN,67.0,78.24554
2023-11-03 13:00:00,pm10,PIIANN,118.0,110.18034
2022-10-02 08:00:00,pm10,PIIANN,145.5,128.2952
2024-01-11 14:00:00,pm10,PIIANN,33.25,72.26619
2021-05-08 18:00:00,pm10,PIIANN,74.75,63.378902
2023-06-06 17:00:00,pm10,PIIANN,90.5,93.27889
2025-01-10 15:00:00,pm10,PIIANN,50.82,100.2614
2022-12-06 02:00:00,pm10,PIIANN,21.75,41.798786
2023-11-11 12:00:00,pm10,PIIANN,112.0,117.58569
2025-09-10 13:00:00,pm10,PIIANN,97.66,104.2527
2023-09-09 11:00:00,pm10,PIIANN,43.5,50.07287
2024-10-03 04:00:00,pm10,PIIANN,47.75,58.365208
2023-12-10 22:00:00,pm10,PIIANN,75.0,51.74689
2023-12-10 01:00:00,pm10,PIIANN,31.75,41.394302
2023-11-05 01:00:00,pm10,PIIANN,49.25,47.84123
2024-11-03 12:00:00,pm10,PIIANN,75.5,86.567924
2025-10-02 09:00:00,pm10,PIIANN,199.75,215.1738
2025-09-07 15:00:00,pm10,PIIANN,230.00002,106.55825
2022-08-11 16:00:00,pm10,PIIANN,68.0,73.079636
2024-11-09 19:00:00,pm10,PIIANN,97.75,102.56103
2025-11-03 05:00:00,pm10,PIIANN,58.75,59.08679
2023-01-03 22:00:00,pm10,PIIANN,78.25,77.35159
2022-06-09 06:00:00,pm10,PIIANN,44.25,44.430126
2025-03-06 11:00:00,pm10,PIIANN,207.25,124.49109
2022-11-08 01:00:00,pm10,PIIANN,53.5,47.299812
2024-11-10 19:00:00,pm10,PIIANN,38.75,24.558575
2023-11-05 00:00:00,pm10,PIIANN,31.25,57.933754
2025-06-04 08:00:00,pm10,PIIANN,60.5,77.80808
2021-02-03 15:00:00,pm10,PIIANN,58.75,70.82326
2022-05-12 14:00:00,pm10,PIIANN,141.75,149.87997
2025-06-03 09:00:00,pm10,PIIANN,125.25,92.20021
2025-01-04 19:00:00,pm10,PIIANN,102.5,119.805244
2022-06-04 14:00:00,pm10,PIIANN,28.75,34.00382
2022-08-04 21:00:00,pm10,PIIANN,27.0,26.891502
2024-02-09 15:00:00,pm10,PIIANN,64.25,55.77038
2022-10-06 21:00:00,pm10,PIIANN,76.5,69.446785
2021-02-02 07:00:00,pm10,PIIANN,121.75,136.00417
2021-03-11 13:00:00,pm10,PIIANN,50.25,57.595776
2024-01-05 06:00:00,pm10,PIIANN,15.5,23.473892
2022-07-04 16:00:00,pm10,PIIANN,25.25,39.634342
2025-02-06 21:00:00,pm10,PIIANN,124.75,114.67819
2023-05-06 08:00:00,pm10,PIIANN,106.25,100.18162
2025-01-05 11:00:00,pm10,PIIANN,113.0,73.11428
2021-08-08 07:00:00,pm10,PIIANN,35.0,53.541832
2025-09-10 11:00:00,pm10,PIIANN,87.0,99.48444
2025-12-07 18:00:00,pm10,PIIANN,86.25,103.91468
2021-10-12 10:00:00,pm10,PIIANN,61.5,49.387028
2022-07-10 18:00:00,pm10,PIIANN,42.25,64.77763
2022-04-07 04:00:00,pm10,PIIANN,28.75,34.26085
2025-04-09 21:00:00,pm10,PIIANN,152.98,103.69727
2024-03-12 01:00:00,pm10,PIIANN,50.0,52.276825
2025-06-03 08:00:00,pm10,PIIANN,96.75,88.34017
2025-12-02 05:00:00,pm10,PIIANN,145.5,171.99904
2023-09-05 17:00:00,pm10,PIIANN,75.5,91.492035
2023-08-09 00:00:00,pm10,PIIANN,50.75,74.69562
2021-09-07 12:00:00,pm10,PIIANN,20.5,29.443924
2022-01-08 01:00:00,pm10,PIIANN,16.75,28.589638
2022-03-09 12:00:00,pm10,PIIANN,46.249996,56.51957
2024-01-05 02:00:00,pm10,PIIANN,4.250004,20.007565
2024-08-12 01:00:00,pm10,PIIANN,51.25,42.52992
2025-03-05 01:00:00,pm10,PIIANN,37.0,46.65034
2023-04-11 18:00:00,pm10,PIIANN,16.0,12.470341
2025-02-04 01:00:00,pm10,PIIANN,61.25,76.20106
2023-12-08 07:00:00,pm10,PIIANN,40.75,49.455853
2023-05-09 04:00:00,pm10,PIIANN,21.25,34.97276
2023-08-11 11:00:00,pm10,PIIANN,53.0,50.02204
2025-05-05 03:00:00,pm10,PIIANN,46.249996,58.821125
2024-12-08 17:00:00,pm10,PIIANN,53.0,49.314484
2023-04-06 07:00:00,pm10,PIIANN,64.25,77.896385
2025-04-08 12:00:00,pm10,PIIANN,76.1,92.14426
2025-02-02 09:00:00,pm10,PIIANN,85.5,98.4846
2024-02-08 12:00:00,pm10,PIIANN,135.25,83.80441
2021-05-03 07:00:00,pm10,PIIANN,135.75,199.11606
2023-03-12 08:00:00,pm10,PIIANN,27.0,15.349232
2025-01-07 07:00:00,pm10,PIIANN,104.25,81.143616
2024-09-01 13:00:00,pm10,PIIANN,87.5,92.95003
2023-01-12 05:00:00,pm10,PIIANN,49.75,33.02595
2023-03-07 10:00:00,pm10,PIIANN,37.5,57.717422
2025-12-05 16:00:00,pm10,PIIANN,112.0,118.66332
2024-08-06 07:00:00,pm10,PIIANN,18.25,36.22292
2022-09-08 15:00:00,pm10,PIIANN,51.75,63.228626
2025-01-02 05:00:00,pm10,PIIANN,45.25,50.67571
2022-06-11 01:00:00,pm10,PIIANN,38.0,46.25305
2024-03-10 03:00:00,pm10,PIIANN,15.5,25.741753
2025-04-05 06:00:00,pm10,PIIANN,41.75,52.014942
2023-09-03 00:00:00,pm10,PIIANN,82.25,41.967575
2024-08-10 07:00:00,pm10,PIIANN,31.25,36.874657
2022-12-11 17:00:00,pm10,PIIANN,17.75,16.929855
2025-10-12 04:00:00,pm10,PIIANN,153.8,145.05376
2023-06-05 12:00:00,pm10,PIIANN,70.25,62.62613
2025-02-08 02:00:00,pm10,PIIANN,54.82,56.019505
2023-01-03 07:00:00,pm10,PIIANN,115.0,102.082115
2021-02-02 23:00:00,pm10,PIIANN,96.5,87.80299
2024-12-09 02:00:00,pm10,PIIANN,45.0,51.805725
2022-02-07 06:00:00,pm10,PIIANN,22.25,35.65779
2025-01-09 11:00:00,pm10,PIIANN,54.14,69.71902
2022-07-12 09:00:00,pm10,PIIANN,215.5,242.12524
2025-08-12 10:00:00,pm10,PIIANN,137.85,147.75812
2022-02-01 10:00:00,pm10,PIIANN,45.5,30.829823
2024-03-12 02:00:00,pm10,PIIANN,49.25,66.62627
2023-09-06 09:00:00,pm10,PIIANN,84.5,69.72723
2021-08-07 01:00:00,pm10,PIIANN,27.749996,28.36961
2021-06-04 20:00:00,pm10,PIIANN,76.25,74.89276
2023-06-04 06:00:00,pm10,PIIANN,27.749996,24.177505
2024-02-05 02:00:00,pm10,PIIANN,3.0000038,22.68143
2021-05-02 19:00:00,pm10,PIIANN,109.25,114.68416
2023-05-08 23:00:00,pm10,PIIANN,88.5,94.79786
2021-05-05 03:00:00,pm10,PIIANN,16.5,31.580929
2024-06-04 15:00:00,pm10,PIIANN,56.25,47.60379
2025-08-11 01:00:00,pm10,PIIANN,165.0,107.099915
2022-09-12 10:00:00,pm10,PIIANN,74.333336,107.093185
2022-04-08 05:00:00,pm10,PIIANN,46.0,50.872646
2021-05-01 21:00:00,pm10,PIIANN,10.75,28.980865
2024-08-13 01:00:00,pm10,PIIANN,53.597374,59.758076
2023-08-06 18:00:00,pm10,PIIANN,71.0,85.36893
2024-09-02 14:00:00,pm10,PIIANN,60.75,90.964005
2023-07-06 21:00:00,pm10,PIIANN,119.5,91.63476
2025-08-02 18:00:00,pm10,PIIANN,92.75,107.85072
2025-08-03 03:00:00,pm10,PIIANN,346.0,203.28862
2023-02-09 11:00:00,pm10,PIIANN,57.0,51.659798
2025-11-05 17:00:00,pm10,PIIANN,122.75,116.307365
2021-10-02 08:00:00,pm10,PIIANN,183.5,153.7939
2021-06-04 17:00:00,pm10,PIIANN,67.75,80.84158
2023-12-09 03:00:00,pm10,PIIANN,44.5,37.283173
2025-03-10 15:00:00,pm10,PIIANN,56.35,95.53219
2023-12-12 23:00:00,pm10,PIIANN,96.5,97.71032
2024-08-02 08:00:00,pm10,PIIANN,128.75,175.86734
2024-02-09 08:00:00,pm10,PIIANN,90.5,58.234447
2021-11-07 11:00:00,pm10,PIIANN,39.0,30.45079
2024-06-06 15:00:00,pm10,PIIANN,68.0,31.198528
2022-06-10 23:00:00,pm10,PIIANN,37.25,57.605404
2023-10-06 16:00:00,pm10,PIIANN,100.0,84.49251
2023-09-06 05:00:00,pm10,PIIANN,50.75,71.48559
2021-02-05 02:00:00,pm10,PIIANN,11.000004,27.418922
2023-07-05 00:00:00,pm10,PIIANN,77.75,16.920273
2025-03-11 09:00:00,pm10,PIIANN,84.75,92.557976
2023-11-05 06:00:00,pm10,PIIANN,103.5,132.76219
2025-03-03 12:00:00,pm10,PIIANN,69.5,81.16691
2023-06-08 16:00:00,pm10,PIIANN,77.0,78.879845
2025-07-05 17:00:00,pm10,PIIANN,56.0,67.25588
2021-08-01 14:00:00,pm10,PIIANN,21.25,20.333885
2025-12-06 16:00:00,pm10,PIIANN,88.0,86.345085
2023-07-09 19:00:00,pm10,PIIANN,61.0,72.658714
2025-05-07 07:00:00,pm10,PIIANN,54.0,72.06878
2021-11-06 19:00:00,pm10,PIIANN,55.75,46.505833
2022-04-04 13:00:00,pm10,PIIANN,24.0,20.71051
2024-08-10 21:00:00,pm10,PIIANN,22.25,23.061256
2021-05-11 15:00:00,pm10,PIIANN,55.5,41.914497
2024-02-04 08:00:00,pm10,PIIANN,67.5,54.26956
2024-04-08 19:00:00,pm10,PIIANN,23.0,33.500366
2024-04-10 12:00:00,pm10,PIIANN,31.0,42.04041
2024-06-08 19:00:00,pm10,PIIANN,43.75,27.332718
2024-03-02 08:00:00,pm10,PIIANN,73.75,94.28191
2022-06-05 20:00:00,pm10,PIIANN,40.0,47.16495
2022-09-05 03:00:00,pm10,PIIANN,85.25,75.31195
2021-03-05 10:00:00,pm10,PIIANN,22.5,33.545628
2023-05-10 07:00:00,pm10,PIIANN,66.25,69.84097
2023-08-07 05:00:00,pm10,PIIANN,67.75,61.616302
2025-04-11 23:00:00,pm10,PIIANN,45.95,65.097946
2025-11-02 04:00:00,pm10,PIIANN,87.25,106.90529
2021-06-12 13:00:00,pm10,PIIANN,77.25,81.82408
2021-03-05 16:00:00,pm10,PIIANN,25.25,30.054596
2022-02-11 00:00:00,pm10,PIIANN,5.000004,72.27978
2023-08-03 04:00:00,pm10,PIIANN,91.5,90.162964
2022-02-04 17:00:00,pm10,PIIANN,36.75,28.970135
2023-10-06 07:00:00,pm10,PIIANN,50.0,64.643036
2023-12-05 19:00:00,pm10,PIIANN,87.5,124.570816
2023-02-07 15:00:00,pm10,PIIANN,80.0,88.24243
2025-10-02 21:00:00,pm10,PIIANN,97.25,98.99003
2023-12-08 03:00:00,pm10,PIIANN,35.999996,54.34869
2021-11-02 15:00:00,pm10,PIIANN,42.25,59.04506
2023-02-09 00:00:00,pm10,PIIANN,40.25,84.67119
2024-03-03 21:00:00,pm10,PIIANN,85.25,102.85344
2022-02-11 22:00:00,pm10,PIIANN,42.75,60.84144
2022-05-07 14:00:00,pm10,PIIANN,35.750004,47.704636
2021-03-12 21:00:00,pm10,PIIANN,164.25,114.663414
2023-12-08 23:00:00,pm10,PIIANN,65.5,65.629005
2023-07-04 12:00:00,pm10,PIIANN,32.5,23.910095
2023-11-12 21:00:00,pm10,PIIANN,66.75,66.243935
2021-09-12 13:00:00,pm10,PIIANN,24.0,20.908272
2022-08-05 02:00:00,pm10,PIIANN,47.75,65.11235
2024-11-12 03:00:00,pm10,PIIANN,78.0,95.50209
2024-11-05 21:00:00,pm10,PIIANN,24.5,17.050697
2025-01-09 23:00:00,pm10,PIIANN,81.22,89.056244
2024-05-04 06:00:00,pm10,PIIANN,19.75,27.488785
2022-09-03 23:00:00,pm10,PIIANN,67.75,72.023575
2021-12-04 07:00:00,pm10,PIIANN,32.5,21.811539
2021-02-03 14:00:00,pm10,PIIANN,58.75,69.24701
2023-10-07 12:00:00,pm10,PIIANN,30.75,49.24582
2024-08-01 22:00:00,pm10,PIIANN,84.75,90.85135
2025-03-09 13:00:00,pm10,PIIANN,80.13,78.14349
2023-02-13 02:00:00,pm10,PIIANN,15.191555,26.293842
2021-05-02 20:00:00,pm10,PIIANN,100.25,97.98959
2021-02-08 14:00:00,pm10,PIIANN,52.5,66.73315
2025-12-03 22:00:00,pm10,PIIANN,43.5,40.305065
2024-10-03 18:00:00,pm10,PIIANN,69.25,72.11326
2021-11-02 05:00:00,pm10,PIIANN,117.5,88.239365
2025-09-09 06:00:00,pm10,PIIANN,73.41,93.930916
2021-12-04 02:00:00,pm10,PIIANN,9.0,32.163284
2023-12-05 10:00:00,pm10,PIIANN,149.75,137.90962
2023-12-04 17:00:00,pm10,PIIANN,116.0,112.4638
2025-12-08 22:00:00,pm10,PIIANN,83.03,87.35258
2023-08-01 23:00:00,pm10,PIIANN,100.25,99.706154
2023-09-03 07:00:00,pm10,PIIANN,160.0,128.80414
2023-07-10 14:00:00,pm10,PIIANN,64.0,76.682205
2025-05-08 03:00:00,pm10,PIIANN,29.380001,59.308784
2021-04-10 07:00:00,pm10,PIIANN,46.5,38.832584
2022-05-10 11:00:00,pm10,PIIANN,82.75,97.3473
2024-07-12 11:00:00,pm10,PIIANN,29.5,49.139637
2025-02-11 02:00:00,pm10,PIIANN,499.95,141.11664
2024-11-04 17:00:00,pm10,PIIANN,65.75,64.21446
2024-06-05 11:00:00,pm10,PIIANN,89.25,60.026375
2024-11-08 23:00:00,pm10,PIIANN,39.0,41.401215
2024-01-11 23:00:00,pm10,PIIANN,66.25,182.6341
2022-03-12 07:00:00,pm10,PIIANN,63.75,58.153328
2021-08-09 06:00:00,pm10,PIIANN,62.5,43.156116
2022-11-07 18:00:00,pm10,PIIANN,44.5,82.335106
2022-01-11 02:00:00,pm10,PIIANN,1.0000038,11.376541
2021-01-05 13:00:00,pm10,PIIANN,43.0,38.452587
2024-11-03 20:00:00,pm10,PIIANN,82.5,84.228676
2023-08-11 22:00:00,pm10,PIIANN,37.5,40.558083
2024-08-03 16:00:00,pm10,PIIANN,74.25,99.042656
2022-02-09 15:00:00,pm10,PIIANN,25.25,30.902348
2024-01-11 11:00:00,pm10,PIIANN,49.25,101.432274
2024-04-03 07:00:00,pm10,PIIANN,194.0,173.7714
2023-12-07 12:00:00,pm10,PIIANN,84.5,79.38441
2024-01-01 14:00:00,pm10,PIIANN,113.75,132.59889
2022-01-06 19:00:00,pm10,PIIANN,95.75,92.115875
2023-03-05 10:00:00,pm10,PIIANN,31.25,37.592888
2025-03-01 17:00:00,pm10,PIIANN,113.25,119.957924
2023-08-07 10:00:00,pm10,PIIANN,79.0,80.23462
2025-11-11 00:00:00,pm10,PIIANN,63.0,78.08598
2021-07-07 18:00:00,pm10,PIIANN,45.5,44.349922
2024-10-11 20:00:00,pm10,PIIANN,80.0,77.51906
2025-07-09 21:00:00,pm10,PIIANN,113.36,199.18675
2021-12-03 18:00:00,pm10,PIIANN,29.75,31.776215
2022-02-06 13:00:00,pm10,PIIANN,100.75,69.739426
2024-03-05 16:00:00,pm10,PIIANN,72.25,72.990875
2024-10-02 07:00:00,pm10,PIIANN,158.0,98.74882
2025-06-11 13:00:00,pm10,PIIANN,76.0,110.89319
2023-05-02 19:00:00,pm10,PIIANN,104.0,125.195595
2022-08-03 19:00:00,pm10,PIIANN,81.25,96.70439
2024-08-03 01:00:00,pm10,PIIANN,47.25,51.12061
2023-01-13 01:00:00,pm10,PIIANN,77.5744,75.44184
2022-04-04 05:00:00,pm10,PIIANN,16.5,13.298656
2024-04-03 05:00:00,pm10,PIIANN,160.25,168.56406
2023-01-05 05:00:00,pm10,PIIANN,11.000004,37.827805
2022-06-01 13:00:00,pm10,PIIANN,48.75,58.75337
2023-02-12 13:00:00,pm10,PIIANN,15.75,75.96184
2024-04-10 14:00:00,pm10,PIIANN,46.249996,47.870438
2024-09-03 09:00:00,pm10,PIIANN,91.5,123.11321
2025-03-11 13:00:00,pm10,PIIANN,92.15,122.38961
2024-05-10 15:00:00,pm10,PIIANN,67.5,73.95285
2023-11-06 17:00:00,pm10,PIIANN,59.0,53.028442
2024-08-10 16:00:00,pm10,PIIANN,28.25,30.593044
2025-01-04 17:00:00,pm10,PIIANN,105.25,117.502205
2021-05-11 04:00:00,pm10,PIIANN,82.75,203.78041
2021-05-10 06:00:00,pm10,PIIANN,5.000004,17.56538
2021-12-10 00:00:00,pm10,PIIANN,34.75,29.28437
2023-03-04 22:00:00,pm10,PIIANN,26.25,32.772717
2023-11-08 07:00:00,pm10,PIIANN,46.75,33.85694
2021-11-10 10:00:00,pm10,PIIANN,42.5,42.043896
2024-10-07 23:00:00,pm10,PIIANN,50.0,52.318993
2021-08-05 01:00:00,pm10,PIIANN,7.0,22.588894
2023-10-04 09:00:00,pm10,PIIANN,85.0,65.05006
2022-11-05 13:00:00,pm10,PIIANN,110.5,92.448296
2023-11-06 06:00:00,pm10,PIIANN,20.5,53.858513
2021-04-07 10:00:00,pm10,PIIANN,50.75,48.66067
2021-11-09 09:00:00,pm10,PIIANN,56.0,41.68742
2025-01-10 19:00:00,pm10,PIIANN,72.32,100.0399
2023-03-05 12:00:00,pm10,PIIANN,33.0,36.43063
2022-03-08 22:00:00,pm10,PIIANN,47.0,71.73834
2022-08-11 08:00:00,pm10,PIIANN,125.5,108.390816
2021-06-13 00:00:00,pm10,PIIANN,69.12471,73.66491
2023-09-11 06:00:00,pm10,PIIANN,72.0,87.85299
2025-03-11 10:00:00,pm10,PIIANN,136.0,98.525505
2025-07-08 14:00:00,pm10,PIIANN,101.44,140.73183
2022-09-07 18:00:00,pm10,PIIANN,72.75,59.016884
2025-12-01 18:00:00,pm10,PIIANN,60.0,77.398186
2023-08-07 18:00:00,pm10,PIIANN,119.25,100.85967
2022-05-07 13:00:00,pm10,PIIANN,41.75,48.489204
2023-02-08 18:00:00,pm10,PIIANN,133.5,118.931114
2023-09-04 18:00:00,pm10,PIIANN,67.75,63.349987
2022-08-09 04:00:00,pm10,PIIANN,15.75,35.645687
2023-04-08 04:00:00,pm10,PIIANN,42.0,74.83472
2023-12-05 02:00:00,pm10,PIIANN,113.0,126.41961
2023-07-08 11:00:00,pm10,PIIANN,113.0,73.39275
2023-05-03 09:00:00,pm10,PIIANN,113.25,123.34906
2022-01-09 03:00:00,pm10,PIIANN,25.25,39.373978
2025-05-09 11:00:00,pm10,PIIANN,45.93,80.377686
2025-04-10 16:00:00,pm10,PIIANN,60.92,85.54255
2023-07-09 14:00:00,pm10,PIIANN,42.5,65.54581
2025-04-05 15:00:00,pm10,PIIANN,95.5,98.8667
2021-09-11 02:00:00,pm10,PIIANN,81.75,81.43055
2021-07-09 20:00:00,pm10,PIIANN,43.0,45.038742
2021-02-07 14:00:00,pm10,PIIANN,56.0,45.22943
2023-05-04 07:00:00,pm10,PIIANN,29.5,27.270031
2021-03-11 17:00:00,pm10,PIIANN,42.75,46.10361
2021-01-10 07:00:00,pm10,PIIANN,68.5,47.369297
2024-03-01 09:00:00,pm10,PIIANN,202.0,199.96524
2021-01-03 22:00:00,pm10,PIIANN,37.5,37.406685
2023-06-11 01:00:00,pm10,PIIANN,11.5,24.870388
2021-09-09 15:00:00,pm10,PIIANN,58.0,57.013943
2024-01-08 22:00:00,pm10,PIIANN,41.0,76.05041
2023-08-02 21:00:00,pm10,PIIANN,88.5,109.70411
2021-02-10 19:00:00,pm10,PIIANN,33.0,51.226723
2022-02-06 15:00:00,pm10,PIIANN,89.0,68.70864
2023-12-10 10:00:00,pm10,PIIANN,65.0,47.699158
2024-10-11 14:00:00,pm10,PIIANN,50.0,62.73496
2022-07-08 16:00:00,pm10,PIIANN,29.5,44.908287
2024-06-11 22:00:00,pm10,PIIANN,16.0,46.27161
2022-01-03 09:00:00,pm10,PIIANN,76.75,87.91008
2025-02-01 20:00:00,pm10,PIIANN,148.25,138.13512
2024-10-10 16:00:00,pm10,PIIANN,9.25,16.233742
2023-07-05 06:00:00,pm10,PIIANN,49.25,84.62579
2025-01-05 15:00:00,pm10,PIIANN,84.75,81.08868
2021-02-04 16:00:00,pm10,PIIANN,111.0,94.94098
2025-11-06 03:00:00,pm10,PIIANN,39.75,43.16778
2025-04-09 08:00:00,pm10,PIIANN,59.95,82.39974
2025-07-11 01:00:00,pm10,PIIANN,44.2,57.572655
2025-12-01 10:00:00,pm10,PIIANN,91.5,102.48114
2024-06-09 03:00:00,pm10,PIIANN,5.000004,46.427464
2023-10-08 23:00:00,pm10,PIIANN,44.5,40.96514
2022-09-12 22:00:00,pm10,PIIANN,20.0,71.25191
2024-01-12 07:00:00,pm10,PIIANN,13.75,12.878239
2025-04-01 08:00:00,pm10,PIIANN,172.5,178.492
2025-12-03 08:00:00,pm10,PIIANN,72.0,62.301136
2024-11-05 18:00:00,pm10,PIIANN,35.999996,22.012539
2022-05-05 15:00:00,pm10,PIIANN,55.0,89.33867
2024-10-06 22:00:00,pm10,PIIANN,51.5,60.63641
2025-05-01 22:00:00,pm10,PIIANN,105.75,116.67847
2024-09-11 03:00:00,pm10,PIIANN,39.75,25.346367
2023-05-09 15:00:00,pm10,PIIANN,85.75,80.60253
2024-03-05 22:00:00,pm10,PIIANN,38.75,47.536434
2022-07-10 12:00:00,pm10,PIIANN,74.75,86.99414
2021-02-10 16:00:00,pm10,PIIANN,46.249996,53.77777
2024-03-12 00:00:00,pm10,PIIANN,53.0,28.801731
2021-12-04 03:00:00,pm10,PIIANN,11.75,27.665558
2023-12-08 01:00:00,pm10,PIIANN,73.75,66.8199
2025-08-04 00:00:00,pm10,PIIANN,24.5,65.131
2025-07-10 01:00:00,pm10,PIIANN,63.27,102.0977
2021-09-06 06:00:00,pm10,PIIANN,32.25,24.375523
2023-11-05 16:00:00,pm10,PIIANN,163.5,177.13902
2022-09-05 05:00:00,pm10,PIIANN,106.75,108.43354
2022-05-01 17:00:00,pm10,PIIANN,70.25,84.58566
2022-11-03 12:00:00,pm10,PIIANN,80.25,83.67409
2024-06-11 10:00:00,pm10,PIIANN,55.75,73.773125
2022-02-01 22:00:00,pm10,PIIANN,45.75,50.94066
2024-07-11 16:00:00,pm10,PIIANN,12.75,26.294067
2021-06-10 12:00:00,pm10,PIIANN,3.2500038,26.132038
2021-02-09 22:00:00,pm10,PIIANN,61.25,59.6048
2023-01-07 12:00:00,pm10,PIIANN,61.75,61.04132
2024-02-06 04:00:00,pm10,PIIANN,106.25,109.151794
2025-04-11 12:00:00,pm10,PIIANN,47.15,111.492004
2023-05-06 05:00:00,pm10,PIIANN,74.75,95.322426
2023-02-10 15:00:00,pm10,PIIANN,65.75,53.50157
2023-12-04 01:00:00,pm10,PIIANN,84.75,56.337254
2021-11-05 15:00:00,pm10,PIIANN,21.75,30.99155
2022-05-09 06:00:00,pm10,PIIANN,29.25,46.04545
2025-04-02 22:00:00,pm10,PIIANN,49.75,56.024647
2025-06-11 20:00:00,pm10,PIIANN,31.55,91.46983
2025-04-12 21:00:00,pm10,PIIANN,94.6336,114.96703
2022-03-01 16:00:00,pm10,PIIANN,94.75,97.72888
2025-10-02 18:00:00,pm10,PIIANN,114.25,112.30654
2024-05-01 12:00:00,pm10,PIIANN,73.25,110.697586
2022-03-03 19:00:00,pm10,PIIANN,85.0,103.87415
2024-03-06 15:00:00,pm10,PIIANN,70.5,67.35306
2023-05-10 11:00:00,pm10,PIIANN,70.5,86.93246
2023-03-03 19:00:00,pm10,PIIANN,142.75,114.4684
2024-02-12 13:00:00,pm10,PIIANN,72.75,69.31077
2025-02-06 01:00:00,pm10,PIIANN,53.75,52.08662
2023-01-07 18:00:00,pm10,PIIANN,113.75,82.73158
2024-07-09 23:00:00,pm10,PIIANN,33.75,50.653866
2024-09-06 19:00:00,pm10,PIIANN,53.25,71.54493
2022-07-07 12:00:00,pm10,PIIANN,45.75,41.90753
2023-06-07 15:00:00,pm10,PIIANN,60.0,65.87634
2024-07-05 14:00:00,pm10,PIIANN,43.75,58.164886
2025-09-06 18:00:00,pm10,PIIANN,90.25,97.0807
2025-04-03 11:00:00,pm10,PIIANN,116.75,77.78178
2022-06-09 00:00:00,pm10,PIIANN,16.75,41.685966
2024-08-03 03:00:00,pm10,PIIANN,55.75,59.143642
2021-02-11 11:00:00,pm10,PIIANN,17.75,24.551098
2023-08-07 13:00:00,pm10,PIIANN,66.0,68.6733
2021-02-01 23:00:00,pm10,PIIANN,65.5,55.2736
2022-09-05 16:00:00,pm10,PIIANN,153.75,116.665085
2023-10-01 15:00:00,pm10,PIIANN,105.75,116.77941
2025-07-07 14:00:00,pm10,PIIANN,135.0,128.74936
2024-04-11 21:00:00,pm10,PIIANN,33.25,18.633705
2025-04-10 12:00:00,pm10,PIIANN,31.91,77.49495
2021-11-12 23:00:00,pm10,PIIANN,25.5,29.467552
2021-12-11 17:00:00,pm10,PIIANN,20.0,26.782257
2023-02-05 13:00:00,pm10,PIIANN,11.000004,40.590927
2025-08-12 21:00:00,pm10,PIIANN,119.45,121.846756
2022-12-06 16:00:00,pm10,PIIANN,51.25,51.08738
2021-09-07 02:00:00,pm10,PIIANN,2.5000038,18.600433
2025-06-10 00:00:00,pm10,PIIANN,34.81,97.57554
2025-01-05 02:00:00,pm10,PIIANN,168.75,49.97517
2023-08-07 16:00:00,pm10,PIIANN,82.5,73.61323
2022-05-10 19:00:00,pm10,PIIANN,111.0,105.52168
2022-07-06 22:00:00,pm10,PIIANN,39.5,44.47838
2022-06-06 06:00:00,pm10,PIIANN,20.0,43.26162
2023-12-08 18:00:00,pm10,PIIANN,26.25,74.51961
2025-03-06 01:00:00,pm10,PIIANN,99.0,63.247902
2023-05-03 08:00:00,pm10,PIIANN,113.75,134.09367
2024-03-07 19:00:00,pm10,PIIANN,93.75,101.45014
2022-09-04 00:00:00,pm10,PIIANN,11.249996,65.995674
2022-05-10 13:00:00,pm10,PIIANN,70.25,92.28668
2023-09-10 03:00:00,pm10,PIIANN,19.0,17.540234
2025-05-07 13:00:00,pm10,PIIANN,77.75,87.73653
2021-07-05 16:00:00,pm10,PIIANN,14.5,33.643936
2023-07-08 19:00:00,pm10,PIIANN,72.25,89.78552
2025-12-11 04:00:00,pm10,PIIANN,101.05,116.03857
2022-03-03 03:00:00,pm10,PIIANN,46.249996,44.39447
2021-10-03 07:00:00,pm10,PIIANN,30.75,40.56958
2023-05-11 02:00:00,pm10,PIIANN,9.0,12.8386
2021-10-08 10:00:00,pm10,PIIANN,11.249996,5.097126
2021-10-02 13:00:00,pm10,PIIANN,69.0,80.96193
2023-07-03 20:00:00,pm10,PIIANN,88.5,104.89765
2023-01-09 04:00:00,pm10,PIIANN,30.75,34.268646
2023-12-06 13:00:00,pm10,PIIANN,53.75,43.870834
2023-12-09 12:00:00,pm10,PIIANN,57.25,69.04499
2023-06-11 08:00:00,pm10,PIIANN,41.75,30.675388
2022-07-05 13:00:00,pm10,PIIANN,81.5,106.00903
2021-09-07 05:00:00,pm10,PIIANN,4.750004,25.754688
2025-11-07 18:00:00,pm10,PIIANN,138.0,119.09093
2024-05-04 13:00:00,pm10,PIIANN,50.75,42.08875
2023-08-03 18:00:00,pm10,PIIANN,122.75,107.13992
2021-05-04 05:00:00,pm10,PIIANN,57.25,53.06695
2025-06-09 07:00:00,pm10,PIIANN,31.27,52.308678
2021-07-04 12:00:00,pm10,PIIANN,80.25,79.36226
2024-02-12 04:00:00,pm10,PIIANN,27.500004,34.363693
2024-05-01 13:00:00,pm10,PIIANN,69.5,90.03413
2024-11-09 18:00:00,pm10,PIIANN,104.25,101.12424
2021-03-03 07:00:00,pm10,PIIANN,156.75,152.59541
2023-10-05 22:00:00,pm10,PIIANN,42.0,50.493595
2023-03-09 22:00:00,pm10,PIIANN,7.0,32.07802
2025-07-10 14:00:00,pm10,PIIANN,44.98,89.59212
2021-09-04 09:00:00,pm10,PIIANN,83.25,95.490005
2025-05-07 10:00:00,pm10,PIIANN,80.75,77.48003
2023-07-09 01:00:00,pm10,PIIANN,65.75,52.44897
2021-01-11 21:00:00,pm10,PIIANN,23.0,11.233631
2021-06-05 17:00:00,pm10,PIIANN,7.0,13.010918
2022-11-09 02:00:00,pm10,PIIANN,24.5,41.883724
2025-09-07 08:00:00,pm10,PIIANN,85.5,81.25522
2023-04-10 15:00:00,pm10,PIIANN,119.0,99.63939
2025-12-05 14:00:00,pm10,PIIANN,120.75,110.15136
2025-02-11 12:00:00,pm10,PIIANN,80.7,94.08753
2021-08-12 19:00:00,pm10,PIIANN,24.5,31.20908
2021-08-12 10:00:00,pm10,PIIANN,31.75,55.345898
2022-04-02 21:00:00,pm10,PIIANN,35.750004,41.03823
2023-06-07 23:00:00,pm10,PIIANN,75.25,59.252777
2024-12-09 03:00:00,pm10,PIIANN,38.25,53.8731
2022-06-11 23:00:00,pm10,PIIANN,58.75,73.931725
2024-01-03 08:00:00,pm10,PIIANN,158.25,126.05691
2025-11-08 19:00:00,pm10,PIIANN,51.19,80.07585
2022-04-06 23:00:00,pm10,PIIANN,44.0,38.81288
2021-05-12 00:00:00,pm10,PIIANN,118.75,75.45939
2023-02-10 17:00:00,pm10,PIIANN,60.0,60.1762
2022-12-08 02:00:00,pm10,PIIANN,42.5,44.55152
2022-12-03 22:00:00,pm10,PIIANN,72.5,76.40983
2023-02-04 21:00:00,pm10,PIIANN,40.75,42.82227
2025-04-02 21:00:00,pm10,PIIANN,46.249996,64.995735
2024-07-02 04:00:00,pm10,PIIANN,138.5,151.14287
2025-12-10 07:00:00,pm10,PIIANN,81.22,119.88315
2023-10-04 14:00:00,pm10,PIIANN,59.5,68.7241
2025-09-09 17:00:00,pm10,PIIANN,126.18,121.30127
2024-04-05 06:00:00,pm10,PIIANN,19.250004,34.565716
2022-07-09 09:00:00,pm10,PIIANN,53.0,53.39067
2022-07-01 16:00:00,pm10,PIIANN,49.25,49.555683
2022-11-03 15:00:00,pm10,PIIANN,79.25,86.688545
2023-02-01 17:00:00,pm10,PIIANN,69.5,76.77332
2021-02-08 00:00:00,pm10,PIIANN,32.5,29.050552
2024-10-11 17:00:00,pm10,PIIANN,72.25,72.973236
2022-09-12 23:00:00,pm10,PIIANN,29.0,67.69619
2024-04-05 07:00:00,pm10,PIIANN,27.25,34.917732
2022-02-03 08:00:00,pm10,PIIANN,133.25,128.89566
2022-04-08 14:00:00,pm10,PIIANN,37.5,50.949306
2021-02-05 03:00:00,pm10,PIIANN,20.25,34.94914
2021-02-12 03:00:00,pm10,PIIANN,70.25,67.17298
2023-10-03 15:00:00,pm10,PIIANN,113.0,107.33275
2023-09-06 22:00:00,pm10,PIIANN,79.5,70.20271
2021-02-12 05:00:00,pm10,PIIANN,68.5,79.394684
2023-08-03 02:00:00,pm10,PIIANN,85.25,66.4518
2021-10-09 20:00:00,pm10,PIIANN,65.75,61.452934
2023-05-06 04:00:00,pm10,PIIANN,63.75,79.829155
2021-06-10 06:00:00,pm10,PIIANN,15.0,36.248714
2025-01-02 00:00:00,pm10,PIIANN,39.5,94.0255
2023-05-09 01:00:00,pm10,PIIANN,27.0,43.321083
2022-11-11 16:00:00,pm10,PIIANN,18.25,30.006176
2025-12-06 14:00:00,pm10,PIIANN,72.5,87.03076
2025-02-06 19:00:00,pm10,PIIANN,135.5,97.820114
2024-07-12 14:00:00,pm10,PIIANN,30.0,41.476013
2023-06-09 03:00:00,pm10,PIIANN,23.75,48.053005
2025-07-02 08:00:00,pm10,PIIANN,222.0,210.09682
2023-03-12 23:00:00,pm10,PIIANN,5.000004,14.108971
2024-04-07 19:00:00,pm10,PIIANN,58.0,50.687237
2025-09-11 02:00:00,pm10,PIIANN,118.7,140.47942
2025-08-02 09:00:00,pm10,PIIANN,196.0,202.51996
2023-09-10 14:00:00,pm10,PIIANN,41.5,47.06178
2024-05-10 06:00:00,pm10,PIIANN,50.75,31.855839
2021-01-11 01:00:00,pm10,PIIANN,4.000004,27.489769
2024-02-08 21:00:00,pm10,PIIANN,69.25,87.94235
2025-12-05 07:00:00,pm10,PIIANN,79.0,88.28975
2021-12-11 13:00:00,pm10,PIIANN,18.5,29.230675
2022-01-09 22:00:00,pm10,PIIANN,51.25,47.741543
2023-03-09 16:00:00,pm10,PIIANN,70.75,57.283546
2024-12-09 11:00:00,pm10,PIIANN,77.0,83.949135
2023-03-05 14:00:00,pm10,PIIANN,20.75,34.5544
2023-09-03 20:00:00,pm10,PIIANN,90.0,107.76712
2021-04-09 08:00:00,pm10,PIIANN,20.0,40.89895
2023-12-04 13:00:00,pm10,PIIANN,82.5,82.958954
2021-08-05 20:00:00,pm10,PIIANN,15.75,23.810944
2021-06-12 14:00:00,pm10,PIIANN,73.75,87.71802
2022-07-08 08:00:00,pm10,PIIANN,24.25,33.652145
2024-05-07 02:00:00,pm10,PIIANN,21.359997,32.653557
2025-05-10 11:00:00,pm10,PIIANN,48.91,97.879486
2022-08-03 01:00:00,pm10,PIIANN,70.0,59.60514
2022-07-02 13:00:00,pm10,PIIANN,96.75,89.361755
2024-10-06 14:00:00,pm10,PIIANN,31.5,39.958874
2021-09-05 21:00:00,pm10,PIIANN,13.25,24.139877
2023-08-08 22:00:00,pm10,PIIANN,77.5,64.50468
2023-10-08 01:00:00,pm10,PIIANN,291.5,87.56769
2024-03-06 17:00:00,pm10,PIIANN,49.0,61.363297
2023-12-06 22:00:00,pm10,PIIANN,66.75,56.96111
2023-06-09 15:00:00,pm10,PIIANN,44.0,63.46522
2025-02-04 15:00:00,pm10,PIIANN,67.25,85.34697
2022-04-08 04:00:00,pm10,PIIANN,50.25,45.159935
2023-03-11 15:00:00,pm10,PIIANN,13.0,32.909836
2023-06-11 21:00:00,pm10,PIIANN,11.249996,6.916706
2025-02-05 22:00:00,pm10,PIIANN,49.5,52.86161
2021-01-02 15:00:00,pm10,PIIANN,88.25,85.63036
2025-03-07 19:00:00,pm10,PIIANN,89.75,81.88816
2022-11-01 16:00:00,pm10,PIIANN,20.25,21.212555
2023-02-11 18:00:00,pm10,PIIANN,31.25,24.383251
2024-05-09 08:00:00,pm10,PIIANN,74.25,97.01496
2021-02-12 22:00:00,pm10,PIIANN,76.25,79.43362
2022-02-09 03:00:00,pm10,PIIANN,39.75,46.325058
2021-06-02 12:00:00,pm10,PIIANN,107.25,87.47889
2023-09-09 12:00:00,pm10,PIIANN,42.75,52.900005
2023-05-11 14:00:00,pm10,PIIANN,25.0,15.08453
2021-05-11 20:00:00,pm10,PIIANN,179.5,138.98724
2025-12-07 03:00:00,pm10,PIIANN,32.25,58.327843
2024-07-02 09:00:00,pm10,PIIANN,152.0,167.4829
2025-06-08 08:00:00,pm10,PIIANN,52.96,64.39929
2023-07-05 10:00:00,pm10,PIIANN,55.0,58.185047
2022-02-03 05:00:00,pm10,PIIANN,92.25,103.67588
2024-10-02 10:00:00,pm10,PIIANN,98.75,120.69059
2024-07-08 20:00:00,pm10,PIIANN,69.25,33.54664
2021-07-08 15:00:00,pm10,PIIANN,49.0,45.472607
2025-10-11 01:00:00,pm10,PIIANN,109.2,128.97023
2022-05-04 01:00:00,pm10,PIIANN,54.5,8.006634
2023-04-06 04:00:00,pm10,PIIANN,46.0,69.0809
2023-12-05 18:00:00,pm10,PIIANN,98.25,128.09792
2025-09-11 23:00:00,pm10,PIIANN,95.3,120.846466
2023-02-07 23:00:00,pm10,PIIANN,48.75,63.419373
2025-03-08 05:00:00,pm10,PIIANN,46.0,93.65546
2022-06-11 04:00:00,pm10,PIIANN,70.0,72.91227
2024-10-05 05:00:00,pm10,PIIANN,12.25,16.852402
2024-08-05 17:00:00,pm10,PIIANN,17.75,39.818424
2024-12-09 05:00:00,pm10,PIIANN,62.5,63.379417
2023-01-04 23:00:00,pm10,PIIANN,28.0,38.261894
2024-08-11 02:00:00,pm10,PIIANN,6.5,17.22792
2021-11-02 11:00:00,pm10,PIIANN,53.5,109.48937
2023-07-06 06:00:00,pm10,PIIANN,48.25,65.32067
2024-03-04 06:00:00,pm10,PIIANN,39.0,60.56873
2024-11-12 15:00:00,pm10,PIIANN,56.5,94.578705
2021-08-04 18:00:00,pm10,PIIANN,82.75,83.14037
2024-03-12 12:00:00,pm10,PIIANN,70.0,77.5002
2022-11-10 16:00:00,pm10,PIIANN,14.75,28.031467
2025-08-07 12:00:00,pm10,PIIANN,276.5,187.04375
2022-08-03 21:00:00,pm10,PIIANN,95.0,92.196526
2021-06-04 22:00:00,pm10,PIIANN,62.0,58.703293
2025-11-07 11:00:00,pm10,PIIANN,194.25,121.07371
2023-11-13 00:00:00,pm10,PIIANN,59.51097,65.770515
2025-03-02 08:00:00,pm10,PIIANN,88.75,113.20684
2025-07-09 14:00:00,pm10,PIIANN,57.05,82.2538
2024-02-01 16:00:00,pm10,PIIANN,123.5,116.02412
2022-01-04 19:00:00,pm10,PIIANN,31.0,25.027325
2024-08-06 19:00:00,pm10,PIIANN,57.5,50.608643
2021-07-06 02:00:00,pm10,PIIANN,14.583332,28.1016
2024-01-05 09:00:00,pm10,PIIANN,59.5,30.454113
2024-04-05 22:00:00,pm10,PIIANN,44.0,42.358723
2024-06-07 14:00:00,pm10,PIIANN,71.75,66.22627
2021-09-06 09:00:00,pm10,PIIANN,64.0,32.73316
2023-08-09 22:00:00,pm10,PIIANN,44.25,42.892193
2022-01-10 23:00:00,pm10,PIIANN,93.0,68.59035
2023-01-09 06:00:00,pm10,PIIANN,104.5,55.842194
2022-01-03 16:00:00,pm10,PIIANN,67.0,68.136856
2023-07-05 22:00:00,pm10,PIIANN,51.5,70.110916
2023-07-04 19:00:00,pm10,PIIANN,36.5,20.73082
2022-11-07 20:00:00,pm10,PIIANN,39.25,41.111057
2024-05-05 19:00:00,pm10,PIIANN,47.5,46.340733
2024-02-06 07:00:00,pm10,PIIANN,55.25,73.81795
2022-04-11 19:00:00,pm10,PIIANN,52.25,43.971867
2025-08-13 01:00:00,pm10,PIIANN,124.878006,137.84872
2025-06-10 22:00:00,pm10,PIIANN,56.74,70.13869
2023-03-12 10:00:00,pm10,PIIANN,20.25,13.74551
2025-04-09 07:00:00,pm10,PIIANN,69.38,70.62409
2024-02-02 00:00:00,pm10,PIIANN,19.0,60.467678
2021-03-11 05:00:00,pm10,PIIANN,3.2500038,30.31107
2025-02-10 22:00:00,pm10,PIIANN,151.8,130.47197
2025-05-01 18:00:00,pm10,PIIANN,93.25,94.852776
2023-10-11 15:00:00,pm10,PIIANN,121.0,124.048676
2022-04-08 22:00:00,pm10,PIIANN,37.5,65.16313
2022-02-12 22:00:00,pm10,PIIANN,27.500004,19.475773
2021-05-07 08:00:00,pm10,PIIANN,35.0,32.875645
2022-09-11 14:00:00,pm10,PIIANN,62.25,58.33051
2022-02-11 10:00:00,pm10,PIIANN,19.75,25.565945
2022-05-03 07:00:00,pm10,PIIANN,101.75,103.66691
2023-11-01 19:00:00,pm10,PIIANN,107.0,121.032715
2023-12-03 21:00:00,pm10,PIIANN,66.25,91.60639
2025-06-03 18:00:00,pm10,PIIANN,182.0,135.24821
2023-08-08 06:00:00,pm10,PIIANN,37.75,50.729813
2021-11-07 20:00:00,pm10,PIIANN,12.75,25.35923
2022-08-11 04:00:00,pm10,PIIANN,107.75,92.07733
2021-12-10 10:00:00,pm10,PIIANN,46.0,31.65532
2022-08-02 05:00:00,pm10,PIIANN,147.25,114.50618
2025-01-12 05:00:00,pm10,PIIANN,8.799999,25.819233
2023-02-06 13:00:00,pm10,PIIANN,118.25,112.80002
2022-12-07 16:00:00,pm10,PIIANN,60.75,57.549763
2025-10-05 14:00:00,pm10,PIIANN,111.0,106.58798
2023-10-10 19:00:00,pm10,PIIANN,58.5,77.74711
2025-08-04 05:00:00,pm10,PIIANN,19.75,24.526775
2025-07-03 17:00:00,pm10,PIIANN,147.75,117.95236
2023-06-11 11:00:00,pm10,PIIANN,25.25,18.881603
2021-12-06 04:00:00,pm10,PIIANN,54.5,41.825275
2022-08-12 03:00:00,pm10,PIIANN,182.75,201.46686
2022-06-07 14:00:00,pm10,PIIANN,43.5,51.39525
2024-11-06 20:00:00,pm10,PIIANN,56.25,48.14887
2024-03-05 05:00:00,pm10,PIIANN,23.25,29.48027
2022-04-05 08:00:00,pm10,PIIANN,58.75,59.62389
2022-01-10 16:00:00,pm10,PIIANN,50.0,48.85756
2024-08-10 11:00:00,pm10,PIIANN,28.75,41.07015
2021-01-02 19:00:00,pm10,PIIANN,89.75,102.10425
2024-02-02 13:00:00,pm10,PIIANN,44.75,40.3046
2025-09-09 08:00:00,pm10,PIIANN,114.94,97.71664
2025-08-06 13:00:00,pm10,PIIANN,113.5,144.93661
2022-09-09 10:00:00,pm10,PIIANN,45.75,62.755947
2022-08-08 21:00:00,pm10,PIIANN,97.75,56.505962
2024-07-01 18:00:00,pm10,PIIANN,21.25,32.902557
2024-11-09 11:00:00,pm10,PIIANN,77.75,102.080635
2022-06-12 15:00:00,pm10,PIIANN,191.75,203.01485
2021-07-05 11:00:00,pm10,PIIANN,16.5,28.316788
2024-03-08 02:00:00,pm10,PIIANN,8.0,35.994247
2022-12-12 12:00:00,pm10,PIIANN,21.0,49.233047
2023-12-11 06:00:00,pm10,PIIANN,146.0,152.29045
2022-08-12 17:00:00,pm10,PIIANN,147.0,156.50807
2025-05-03 22:00:00,pm10,PIIANN,58.0,56.534973
2023-03-02 11:00:00,pm10,PIIANN,98.0,113.24973
2022-03-11 23:00:00,pm10,PIIANN,7.0,32.405323
2024-08-03 09:00:00,pm10,PIIANN,136.75,112.943474
2022-10-12 11:00:00,pm10,PIIANN,29.0,27.114216
2022-07-12 00:00:00,pm10,PIIANN,252.5,65.69954
2024-04-10 20:00:00,pm10,PIIANN,57.75,54.937748
2023-11-06 19:00:00,pm10,PIIANN,84.0,57.98155
2022-03-02 16:00:00,pm10,PIIANN,29.0,55.226727
2023-04-10 18:00:00,pm10,PIIANN,79.25,105.425064
2025-12-10 08:00:00,pm10,PIIANN,107.61,117.31289
2022-05-09 15:00:00,pm10,PIIANN,42.0,54.169147
2025-07-06 11:00:00,pm10,PIIANN,154.75,123.77046
2021-09-09 22:00:00,pm10,PIIANN,66.0,36.63974
2021-05-02 18:00:00,pm10,PIIANN,116.5,131.50993
2025-11-07 03:00:00,pm10,PIIANN,72.25,79.02999
2025-04-04 10:00:00,pm10,PIIANN,63.75,52.653576
2023-04-07 14:00:00,pm10,PIIANN,39.5,52.045536
2024-03-04 03:00:00,pm10,PIIANN,64.0,33.783257
2023-03-08 21:00:00,pm10,PIIANN,54.75,122.56274
2021-12-11 11:00:00,pm10,PIIANN,28.25,50.447983
2023-11-10 09:00:00,pm10,PIIANN,101.5,80.98134
2025-06-05 12:00:00,pm10,PIIANN,72.0,81.34506
2025-10-03 10:00:00,pm10,PIIANN,95.75,69.34913
2024-04-06 22:00:00,pm10,PIIANN,59.75,74.68368
2022-10-10 23:00:00,pm10,PIIANN,8.5,23.07904
2022-11-07 09:00:00,pm10,PIIANN,55.0,51.60042
2023-02-09 05:00:00,pm10,PIIANN,40.25,41.35418
2021-12-10 04:00:00,pm10,PIIANN,21.75,26.611774
2023-10-01 10:00:00,pm10,PIIANN,154.75,130.38016
2025-12-09 11:00:00,pm10,PIIANN,80.31,106.95062
2025-10-06 05:00:00,pm10,PIIANN,42.25,64.10341
2025-10-08 19:00:00,pm10,PIIANN,29.393333,122.164764
2023-02-02 04:00:00,pm10,PIIANN,59.25,74.69169
2024-07-11 09:00:00,pm10,PIIANN,17.0,22.66262
2023-12-12 18:00:00,pm10,PIIANN,123.5,119.293045
2023-03-06 13:00:00,pm10,PIIANN,126.5,116.18577
2023-01-06 08:00:00,pm10,PIIANN,101.0,84.95437
2022-01-04 12:00:00,pm10,PIIANN,57.25,37.55965
2025-05-11 23:00:00,pm10,PIIANN,38.05,42.993767
2023-08-10 11:00:00,pm10,PIIANN,55.25,53.064304
2022-09-08 11:00:00,pm10,PIIANN,74.75,57.17385
2023-09-03 09:00:00,pm10,PIIANN,117.75,127.91438
2024-03-01 16:00:00,pm10,PIIANN,202.0,82.084724
2025-03-09 12:00:00,pm10,PIIANN,55.11,73.78293
2025-11-07 15:00:00,pm10,PIIANN,142.0,134.6177
2022-09-07 02:00:00,pm10,PIIANN,57.5,43.66019
2023-01-12 14:00:00,pm10,PIIANN,51.75,48.931538
2023-05-08 08:00:00,pm10,PIIANN,90.25,86.81506
2025-12-08 10:00:00,pm10,PIIANN,39.78,64.15665
2021-02-10 11:00:00,pm10,PIIANN,15.75,12.272984
2025-11-04 18:00:00,pm10,PIIANN,97.75,111.67031
2024-02-05 06:00:00,pm10,PIIANN,14.0,16.48671
2022-04-09 13:00:00,pm10,PIIANN,54.75,71.26957
2021-01-03 03:00:00,pm10,PIIANN,38.75,29.081608
2021-03-06 01:00:00,pm10,PIIANN,14.299999,27.026806
2022-05-10 08:00:00,pm10,PIIANN,114.0,101.565384
2023-01-02 08:00:00,pm10,PIIANN,136.5,132.9272
2023-11-11 09:00:00,pm10,PIIANN,128.5,155.62877
2022-09-03 22:00:00,pm10,PIIANN,74.25,83.95589
2024-09-05 12:00:00,pm10,PIIANN,19.250004,21.186932
2025-12-06 04:00:00,pm10,PIIANN,34.5,49.130688
2022-12-02 00:00:00,pm10,PIIANN,15.360001,18.775093
2022-06-11 22:00:00,pm10,PIIANN,58.75,73.93066
2023-07-02 16:00:00,pm10,PIIANN,61.25,116.25106
2021-08-11 23:00:00,pm10,PIIANN,70.75,97.52697
2025-11-11 21:00:00,pm10,PIIANN,132.55,116.78416
2024-10-03 12:00:00,pm10,PIIANN,65.0,78.0637
2022-12-06 17:00:00,pm10,PIIANN,54.0,51.13968
2022-09-04 03:00:00,pm10,PIIANN,34.25,10.760941
2023-06-01 08:00:00,pm10,PIIANN,121.0,132.36537
2025-06-10 17:00:00,pm10,PIIANN,978.26,98.185135
2022-02-10 13:00:00,pm10,PIIANN,37.25,45.77712
2024-09-12 18:00:00,pm10,PIIANN,99.0,113.99488
2025-09-05 16:00:00,pm10,PIIANN,70.75,96.62237
2024-02-09 03:00:00,pm10,PIIANN,13.0,20.889622
2025-10-12 15:00:00,pm10,PIIANN,126.15,124.17908
2024-11-08 11:00:00,pm10,PIIANN,56.0,29.349712
2024-10-07 05:00:00,pm10,PIIANN,25.75,44.49196
2022-08-04 08:00:00,pm10,PIIANN,37.0,59.375908
2025-09-12 18:00:00,pm10,PIIANN,105.34999,111.87311
2021-05-02 03:00:00,pm10,PIIANN,159.0,145.44293
2025-03-05 03:00:00,pm10,PIIANN,33.25,44.3266
2022-10-10 18:00:00,pm10,PIIANN,9.0,22.24588
2022-12-07 13:00:00,pm10,PIIANN,47.5,57.04092
2024-10-07 13:00:00,pm10,PIIANN,65.25,53.77027
2023-01-02 00:00:00,pm10,PIIANN,120.25,63.152607
2021-01-07 10:00:00,pm10,PIIANN,47.25,36.73382
2024-01-07 16:00:00,pm10,PIIANN,98.75,75.249146
2022-08-06 18:00:00,pm10,PIIANN,100.75,95.98989
2022-01-07 08:00:00,pm10,PIIANN,31.5,39.511635
2021-10-04 03:00:00,pm10,PIIANN,40.25,39.989204
2022-03-12 11:00:00,pm10,PIIANN,38.0,29.13755
2025-06-04 04:00:00,pm10,PIIANN,106.25,99.00466
2022-11-08 17:00:00,pm10,PIIANN,67.25,69.87199
2023-01-06 07:00:00,pm10,PIIANN,73.0,84.66191
2023-04-10 19:00:00,pm10,PIIANN,78.0,93.23733
2025-12-10 10:00:00,pm10,PIIANN,131.93,121.59775
2025-08-07 14:00:00,pm10,PIIANN,210.5,163.59496
2025-03-04 19:00:00,pm10,PIIANN,58.75,50.430576
2024-05-02 20:00:00,pm10,PIIANN,91.25,91.04587
2024-04-04 15:00:00,pm10,PIIANN,34.0,39.346745
2023-06-04 15:00:00,pm10,PIIANN,33.75,47.376083
2022-06-10 16:00:00,pm10,PIIANN,45.25,62.03932
2023-09-03 14:00:00,pm10,PIIANN,90.75,103.728546
2021-04-10 14:00:00,pm10,PIIANN,21.5,32.164593
2024-11-03 00:00:00,pm10,PIIANN,55.5,82.18216
2023-06-05 07:00:00,pm10,PIIANN,52.25,66.97556
2025-04-11 05:00:00,pm10,PIIANN,58.68,199.76602
2024-09-02 23:00:00,pm10,PIIANN,59.75,75.50073
2024-06-01 19:00:00,pm10,PIIANN,35.5,35.99312
2025-04-09 04:00:00,pm10,PIIANN,34.81,51.80347
2022-09-11 06:00:00,pm10,PIIANN,140.75,134.48097
2025-08-12 00:00:00,pm10,PIIANN,100.3,107.68209
2022-05-12 16:00:00,pm10,PIIANN,148.75,152.83144
2021-01-05 07:00:00,pm10,PIIANN,38.75,50.84796
2021-07-01 12:00:00,pm10,PIIANN,43.0,65.36349
2021-07-10 22:00:00,pm10,PIIANN,16.5,25.951637
2022-09-03 11:00:00,pm10,PIIANN,122.5,122.81256
2022-03-12 02:00:00,pm10,PIIANN,40.25,35.29006
2024-12-07 04:00:00,pm10,PIIANN,30.0,39.086536
2023-10-06 08:00:00,pm10,PIIANN,74.5,67.011696
2025-02-04 11:00:00,pm10,PIIANN,94.0,98.578926
2021-07-11 11:00:00,pm10,PIIANN,16.0,19.186726
2025-05-02 03:00:00,pm10,PIIANN,103.75,72.28005
2023-09-07 21:00:00,pm10,PIIANN,17.25,67.6494
2025-02-09 17:00:00,pm10,PIIANN,55.73,86.948654
2023-08-02 14:00:00,pm10,PIIANN,63.0,87.258606
2022-02-07 20:00:00,pm10,PIIANN,50.75,48.418438
2025-03-07 11:00:00,pm10,PIIANN,99.5,92.50137
2024-03-09 03:00:00,pm10,PIIANN,23.0,28.70795
2022-08-06 03:00:00,pm10,PIIANN,37.0,52.04629
2023-02-11 21:00:00,pm10,PIIANN,28.0,19.594536
2021-02-03 04:00:00,pm10,PIIANN,74.75,63.42641
2022-06-09 23:00:00,pm10,PIIANN,23.75,28.825233
2022-09-08 23:00:00,pm10,PIIANN,81.25,48.631115
2024-11-10 17:00:00,pm10,PIIANN,9.0,22.813213
2022-10-07 07:00:00,pm10,PIIANN,35.999996,32.53065
2021-09-03 23:00:00,pm10,PIIANN,18.0,35.2095
2024-12-09 10:00:00,pm10,PIIANN,100.25,86.20745
2024-05-06 01:00:00,pm10,PIIANN,25.25,46.733814
2022-08-08 18:00:00,pm10,PIIANN,66.75,56.651855
2023-05-03 01:00:00,pm10,PIIANN,106.0,58.914097
2021-11-10 04:00:00,pm10,PIIANN,20.5,26.764282
2025-07-02 04:00:00,pm10,PIIANN,98.625,125.91895
2024-03-08 05:00:00,pm10,PIIANN,27.25,48.171684
2021-01-04 13:00:00,pm10,PIIANN,112.75,93.532036
2023-03-11 13:00:00,pm10,PIIANN,29.5,34.54484
2025-06-11 15:00:00,pm10,PIIANN,62.85,110.36516
2025-11-02 05:00:00,pm10,PIIANN,89.5,109.11871
2023-04-06 16:00:00,pm10,PIIANN,92.25,97.03495
2023-10-01 22:00:00,pm10,PIIANN,128.75,112.72093
2021-11-02 03:00:00,pm10,PIIANN,67.75,93.99005
2024-02-04 22:00:00,pm10,PIIANN,28.0,35.804512
2024-05-05 00:00:00,pm10,PIIANN,26.75,32.978054
2023-12-02 21:00:00,pm10,PIIANN,159.25,134.18628
2024-06-06 04:00:00,pm10,PIIANN,24.5,31.892014
2023-12-01 20:00:00,pm10,PIIANN,105.25,111.048195
2025-10-04 17:00:00,pm10,PIIANN,101.5,101.89848
2022-09-08 19:00:00,pm10,PIIANN,80.75,55.686794
2021-09-09 11:00:00,pm10,PIIANN,61.75,45.467194
2022-06-11 16:00:00,pm10,PIIANN,111.0,92.251015
2021-01-10 10:00:00,pm10,PIIANN,29.25,26.699524
2024-01-07 18:00:00,pm10,PIIANN,107.75,83.81388
2021-06-11 05:00:00,pm10,PIIANN,23.25,10.383171
2024-08-04 13:00:00,pm10,PIIANN,92.25,64.26083
2025-09-05 20:00:00,pm10,PIIANN,91.25,102.86961
2022-01-04 11:00:00,pm10,PIIANN,58.0,36.309677
2021-12-06 22:00:00,pm10,PIIANN,24.25,29.945747
2023-10-08 00:00:00,pm10,PIIANN,96.5,22.403446
2023-04-04 16:00:00,pm10,PIIANN,42.5,45.39827
2023-03-04 04:00:00,pm10,PIIANN,22.75,23.661808
2022-05-12 09:00:00,pm10,PIIANN,126.74999,132.85173
2025-05-11 05:00:00,pm10,PIIANN,66.05,66.62967
2022-07-09 17:00:00,pm10,PIIANN,43.25,60.396416
2022-04-10 16:00:00,pm10,PIIANN,82.25,78.72925
2023-10-12 22:00:00,pm10,PIIANN,58.75,44.234753
2021-06-03 06:00:00,pm10,PIIANN,278.75,247.24007
2021-05-02 14:00:00,pm10,PIIANN,133.0,94.02937
2024-07-02 12:00:00,pm10,PIIANN,113.0,115.63347
2021-02-12 02:00:00,pm10,PIIANN,67.25,69.55906
2023-03-10 05:00:00,pm10,PIIANN,33.5,38.213463
2023-06-11 20:00:00,pm10,PIIANN,18.25,8.56955
2023-04-10 20:00:00,pm10,PIIANN,66.5,85.38382
2023-09-06 18:00:00,pm10,PIIANN,119.5,84.86934
2021-01-10 14:00:00,pm10,PIIANN,45.5,41.87349
2021-11-13 02:00:00,pm10,PIIANN,25.761547,28.585178
2022-11-12 14:00:00,pm10,PIIANN,33.0,50.74305
2021-10-05 19:00:00,pm10,PIIANN,11.000004,9.309521
2025-07-05 06:00:00,pm10,PIIANN,32.5,63.51502
2025-02-10 14:00:00,pm10,PIIANN,50.82,102.45623
2022-01-04 03:00:00,pm10,PIIANN,22.25,18.566402
2024-04-08 09:00:00,pm10,PIIANN,18.75,30.845177
2025-09-02 10:00:00,pm10,PIIANN,139.5,155.83162
2023-12-10 12:00:00,pm10,PIIANN,66.25,58.942398
2023-09-07 19:00:00,pm10,PIIANN,55.5,94.94462
2023-08-04 02:00:00,pm10,PIIANN,19.250004,12.7500305
2022-05-04 16:00:00,pm10,PIIANN,23.0,13.167957
2023-07-03 17:00:00,pm10,PIIANN,105.75,99.775764
2022-04-02 09:00:00,pm10,PIIANN,82.5,83.019485
2023-12-10 15:00:00,pm10,PIIANN,71.0,58.035843
2023-04-09 14:00:00,pm10,PIIANN,80.75,61.332336
2023-09-06 04:00:00,pm10,PIIANN,67.25,61.018024
2022-12-05 02:00:00,pm10,PIIANN,50.75,56.835537
2025-12-06 01:00:00,pm10,PIIANN,22.0,42.889477
2024-04-05 10:00:00,pm10,PIIANN,86.25,52.064285
2021-12-06 01:00:00,pm10,PIIANN,27.0,30.421474
2021-01-10 05:00:00,pm10,PIIANN,25.5,28.246231
2021-02-03 10:00:00,pm10,PIIANN,75.25,83.38382
2025-06-05 18:00:00,pm10,PIIANN,62.0,65.393745
2025-09-01 11:00:00,pm10,PIIANN,142.25,158.54903
2023-11-03 08:00:00,pm10,PIIANN,193.25,155.37715
2024-12-06 15:00:00,pm10,PIIANN,57.5,45.701725
2025-03-06 21:00:00,pm10,PIIANN,65.25,100.99044
2022-06-07 09:00:00,pm10,PIIANN,39.0,44.198868
2022-10-12 21:00:00,pm10,PIIANN,36.75,59.765106
2024-12-10 13:00:00,pm10,PIIANN,7.0,18.297726
2025-08-02 16:00:00,pm10,PIIANN,94.5,105.00114
2023-01-04 15:00:00,pm10,PIIANN,47.5,65.47937
2023-02-03 14:00:00,pm10,PIIANN,93.75,81.31709
2022-09-10 15:00:00,pm10,PIIANN,18.0,27.344769
2024-07-09 12:00:00,pm10,PIIANN,61.25,72.50719
2025-04-04 02:00:00,pm10,PIIANN,68.0,49.598885
2025-05-12 16:00:00,pm10,PIIANN,110.35,143.22456
2021-05-11 17:00:00,pm10,PIIANN,61.5,43.973965
2024-10-09 11:00:00,pm10,PIIANN,109.75,77.09363
2022-09-06 07:00:00,pm10,PIIANN,66.75,40.02093
2021-06-11 09:00:00,pm10,PIIANN,12.5,18.543045
2024-03-03 16:00:00,pm10,PIIANN,70.5,87.486626
2024-04-04 09:00:00,pm10,PIIANN,65.0,46.36052
2024-11-08 18:00:00,pm10,PIIANN,47.0,51.786366
2022-05-09 10:00:00,pm10,PIIANN,53.5,47.462173
2024-06-10 20:00:00,pm10,PIIANN,30.25,51.289837
2021-10-12 15:00:00,pm10,PIIANN,56.25,46.517807
2023-09-06 10:00:00,pm10,PIIANN,95.0,74.89333
2021-01-03 07:00:00,pm10,PIIANN,75.25,106.84876
2022-12-12 21:00:00,pm10,PIIANN,78.5,78.27774
2025-05-09 06:00:00,pm10,PIIANN,28.04,55.192623
2025-01-02 08:00:00,pm10,PIIANN,110.5,76.60487
2024-12-11 01:00:00,pm10,PIIANN,21.0,53.622047
2024-09-09 12:00:00,pm10,PIIANN,240.25,94.972145
2021-10-01 10:00:00,pm10,PIIANN,103.25,100.47684
2024-03-04 18:00:00,no2,PIIANN,2.75,3.9098918
2023-09-02 21:00:00,no2,PIIANN,8.2,9.3571005
2022-07-04 18:00:00,no2,PIIANN,2.82,2.4874082
2023-07-11 23:00:00,no2,PIIANN,3.4333334,4.024417
2021-09-02 05:00:00,no2,PIIANN,4.62,5.1401763
2023-03-11 08:00:00,no2,PIIANN,6.475,4.6187882
2023-05-05 19:00:00,no2,PIIANN,12.225,8.075148
2023-09-11 14:00:00,no2,PIIANN,1.9750001,2.3350697
2022-04-01 20:00:00,no2,PIIANN,5.1,4.900795
2022-01-11 17:00:00,no2,PIIANN,14.72,8.761865
2021-02-02 22:00:00,no2,PIIANN,2.42,3.2266943
2025-10-09 16:00:00,no2,PIIANN,2.48,3.8992348
2024-09-04 01:00:00,no2,PIIANN,1.8799999,3.1996372
2025-05-06 19:00:00,no2,PIIANN,5.55,5.0534997
2021-03-08 21:00:00,no2,PIIANN,4.0,4.221415
2023-07-06 12:00:00,no2,PIIANN,12.233334,10.334074
2023-12-04 06:00:00,no2,PIIANN,18.425,12.771179
2022-04-04 04:00:00,no2,PIIANN,2.22,2.4091816
2022-09-03 12:00:00,no2,PIIANN,3.2000003,3.247208
2024-01-07 01:00:00,no2,PIIANN,7.15,5.008021
2024-03-09 01:00:00,no2,PIIANN,3.3,3.3356948
2022-12-05 19:00:00,no2,PIIANN,3.2000003,5.627471
2023-11-10 05:00:00,no2,PIIANN,8.65,2.456779
2022-02-02 11:00:00,no2,PIIANN,3.58,3.946432
2023-09-05 20:00:00,no2,PIIANN,8.125,8.456275
2021-12-11 19:00:00,no2,PIIANN,7.08,6.669363
2023-04-12 10:00:00,no2,PIIANN,1.7333333,2.3352532
2022-01-11 13:00:00,no2,PIIANN,9.0,10.2264185
2021-03-02 07:00:00,no2,PIIANN,7.32,5.735359
2022-04-12 05:00:00,no2,PIIANN,3.0,4.580035
2021-12-07 01:00:00,no2,PIIANN,1.6000001,2.7162392
2024-04-05 04:00:00,no2,PIIANN,2.25,2.6296256
2022-02-03 09:00:00,no2,PIIANN,10.55,10.889261
2025-07-04 02:00:00,no2,PIIANN,3.08,4.33367
2025-07-03 07:00:00,no2,PIIANN,22.0,21.391273
2022-06-11 08:00:00,no2,PIIANN,7.1,8.151585
2023-03-01 18:00:00,no2,PIIANN,5.75,5.727351
2021-09-02 17:00:00,no2,PIIANN,6.4,3.418989
2022-08-09 02:00:00,no2,PIIANN,15.08,15.062773
2021-09-05 04:00:00,no2,PIIANN,1.1200001,2.1633215
2022-01-04 20:00:00,no2,PIIANN,3.02,3.145391
2023-02-04 11:00:00,no2,PIIANN,3.2333333,3.51285
2023-08-06 19:00:00,no2,PIIANN,15.025,11.413391
2022-11-08 13:00:00,no2,PIIANN,5.38,5.94925
2022-04-02 13:00:00,no2,PIIANN,2.05,3.1390269
2025-01-08 15:00:00,no2,PIIANN,7.36,14.121978
2021-10-05 04:00:00,no2,PIIANN,0.95,2.1772466
2022-02-11 01:00:00,no2,PIIANN,7.28,8.082568
2025-02-03 00:00:00,no2,PIIANN,2.43,3.7981446
2023-04-11 09:00:00,no2,PIIANN,4.65,3.4673076
2022-10-09 06:00:00,no2,PIIANN,11.92,10.312094
2023-06-02 09:00:00,no2,PIIANN,14.75,16.379993
2025-02-06 09:00:00,no2,PIIANN,5.2,6.7941566
2021-10-06 19:00:00,no2,PIIANN,1.9799998,3.36862
2024-10-06 02:00:00,no2,PIIANN,1.7500002,2.9151404
2024-12-06 03:00:00,no2,PIIANN,5.32,7.041652
2023-11-06 10:00:00,no2,PIIANN,9.775,9.730424
2024-10-12 17:00:00,no2,PIIANN,13.1,12.633874
2023-09-03 23:00:00,no2,PIIANN,2.975,4.932329
2022-04-07 20:00:00,no2,PIIANN,7.88,9.502939
2024-02-08 13:00:00,no2,PIIANN,3.1,4.4399614
2023-12-07 14:00:00,no2,PIIANN,7.5,7.8929515
2024-02-12 20:00:00,no2,PIIANN,4.38,4.6403418
2021-02-10 14:00:00,no2,PIIANN,1.5200002,1.8197019
2023-09-09 00:00:00,no2,PIIANN,3.075,7.6861434
2023-08-03 00:00:00,no2,PIIANN,3.425,9.040981
2021-02-07 08:00:00,no2,PIIANN,3.72,3.6254427
2023-03-01 19:00:00,no2,PIIANN,5.95,6.257105
2021-12-01 11:00:00,no2,PIIANN,4.1,6.0989447
2024-06-03 20:00:00,no2,PIIANN,5.72,6.438492
2024-05-01 15:00:00,no2,PIIANN,3.28,4.4661465
2021-11-02 02:00:00,no2,PIIANN,3.4,4.1051316
2022-03-10 07:00:00,no2,PIIANN,24.95,29.348595
2022-03-02 21:00:00,no2,PIIANN,4.8,5.8351383
2021-04-05 06:00:00,no2,PIIANN,6.12,3.719762
2023-12-03 11:00:00,no2,PIIANN,6.0666666,5.1191087
2023-08-04 06:00:00,no2,PIIANN,6.925,5.0989833
2025-04-02 03:00:00,no2,PIIANN,9.0,9.010602
2025-12-04 21:00:00,no2,PIIANN,5.1,4.747513
2022-05-05 00:00:00,no2,PIIANN,9.93,2.6085694
2025-01-08 23:00:00,no2,PIIANN,3.07,4.103389
2022-05-11 21:00:00,no2,PIIANN,5.52,6.9500027
2025-08-10 14:00:00,no2,PIIANN,2.81,2.5616987
2025-07-05 12:00:00,no2,PIIANN,7.3,6.0540266
2023-09-12 04:00:00,no2,PIIANN,4.05,4.5102553
2021-01-12 07:00:00,no2,PIIANN,2.78,3.4350238
2022-12-01 18:00:00,no2,PIIANN,3.75,2.6730208
2023-11-10 07:00:00,no2,PIIANN,8.325,8.913069
2022-02-09 17:00:00,no2,PIIANN,8.67,6.4474974
2025-04-01 10:00:00,no2,PIIANN,6.02,7.414814
2024-03-01 17:00:00,no2,PIIANN,3.2000003,5.5852838
2023-09-01 15:00:00,no2,PIIANN,4.925,5.7630916
2025-01-01 22:00:00,no2,PIIANN,5.55,5.574342
2024-01-09 22:00:00,no2,PIIANN,6.42,6.890776
2023-02-01 23:00:00,no2,PIIANN,2.525,5.1640234
2024-04-02 15:00:00,no2,PIIANN,20.15,19.0365
2021-01-08 08:00:00,no2,PIIANN,4.62,5.7894874
2022-02-01 09:00:00,no2,PIIANN,3.6,4.164831
2024-06-03 07:00:00,no2,PIIANN,14.75,10.343244
2023-01-10 22:00:00,no2,PIIANN,3.5,5.0406055
2024-06-03 01:00:00,no2,PIIANN,4.32,4.7517
2024-02-03 11:00:00,no2,PIIANN,8.43,6.82325
2021-10-07 10:00:00,no2,PIIANN,3.65,4.3347244
2023-08-03 23:00:00,no2,PIIANN,5.25,4.6966376
2022-04-04 10:00:00,no2,PIIANN,2.0,2.588446
2023-11-08 16:00:00,no2,PIIANN,7.9,7.411654
2024-06-07 02:00:00,no2,PIIANN,7.8,7.19864
2022-11-07 16:00:00,no2,PIIANN,4.68,4.2750397
2025-12-07 07:00:00,no2,PIIANN,6.82,7.5432615
2024-07-05 11:00:00,no2,PIIANN,3.13,3.5296266
2022-06-04 19:00:00,no2,PIIANN,2.42,3.3819165
2025-07-10 04:00:00,no2,PIIANN,2.29,4.496829
2021-09-03 11:00:00,no2,PIIANN,1.3,0.7411148
2023-06-03 23:00:00,no2,PIIANN,5.875,7.9530463
2021-02-09 18:00:00,no2,PIIANN,13.62,12.344997
2024-01-06 13:00:00,no2,PIIANN,5.03,4.942253
2024-06-11 08:00:00,no2,PIIANN,4.0,4.559891
2024-03-06 02:00:00,no2,PIIANN,2.02,3.0143666
2021-10-01 18:00:00,no2,PIIANN,4.53,6.4427423
2024-02-03 20:00:00,no2,PIIANN,4.7,4.9094653
2021-12-06 23:00:00,no2,PIIANN,2.0,3.3087199
2021-03-12 14:00:00,no2,PIIANN,2.9,3.363934
2022-10-12 10:00:00,no2,PIIANN,6.85,6.1207185
2023-05-11 19:00:00,no2,PIIANN,1.95,1.9971268
2024-06-10 14:00:00,no2,PIIANN,2.5199997,3.2100067
2024-04-01 21:00:00,no2,PIIANN,4.42,11.330988
2023-03-07 03:00:00,no2,PIIANN,7.7,6.833772
2021-10-06 10:00:00,no2,PIIANN,3.2199998,2.8201346
2021-02-12 10:00:00,no2,PIIANN,3.12,3.371375
2021-03-02 14:00:00,no2,PIIANN,2.58,2.8068128
2023-06-09 21:00:00,no2,PIIANN,9.275,13.723992
2022-10-07 22:00:00,no2,PIIANN,4.73,7.3070235
2023-04-09 15:00:00,no2,PIIANN,10.6,10.085257
2023-02-03 10:00:00,no2,PIIANN,7.85,9.107148
2025-08-04 10:00:00,no2,PIIANN,4.23,5.4775734
2021-09-10 14:00:00,no2,PIIANN,2.38,4.2632456
2023-02-03 13:00:00,no2,PIIANN,9.225,5.47159
2021-08-12 02:00:00,no2,PIIANN,2.4,2.8805845
2021-12-04 10:00:00,no2,PIIANN,1.4199998,0.9764282
2024-05-11 21:00:00,no2,PIIANN,8.93,6.353543
2025-05-03 16:00:00,no2,PIIANN,3.57,4.3135448
2024-02-03 23:00:00,no2,PIIANN,2.85,5.1404753
2021-10-01 14:00:00,no2,PIIANN,3.47,3.5321007
2023-08-02 10:00:00,no2,PIIANN,8.05,9.751841
2021-03-03 10:00:00,no2,PIIANN,5.03,7.130209
2024-07-03 04:00:00,no2,PIIANN,6.62,7.5237136
2024-06-04 10:00:00,no2,PIIANN,3.925,3.7949483
2025-02-02 13:00:00,no2,PIIANN,4.95,4.896692
2022-11-10 23:00:00,no2,PIIANN,9.1,10.332103
2022-09-06 17:00:00,no2,PIIANN,5.03,4.5159698
2023-07-06 03:00:00,no2,PIIANN,7.6,7.30523
2024-01-03 16:00:00,no2,PIIANN,3.97,3.9116848
2021-04-08 14:00:00,no2,PIIANN,3.5,3.8730257
2024-01-08 17:00:00,no2,PIIANN,5.6,4.724665
2025-08-10 22:00:00,no2,PIIANN,1.74,2.408371
2024-09-01 11:00:00,no2,PIIANN,2.6700003,3.2186246
2024-03-03 07:00:00,no2,PIIANN,10.2,6.562741
2022-10-04 02:00:00,no2,PIIANN,1.6000001,3.0341609
2022-10-03 14:00:00,no2,PIIANN,1.6800001,2.2899795
2025-02-01 14:00:00,no2,PIIANN,4.68,3.444566
2021-04-02 09:00:00,no2,PIIANN,3.72,19.652206
2024-11-08 19:00:00,no2,PIIANN,3.72,5.5042357
2024-01-09 04:00:00,no2,PIIANN,3.92,6.960977
2022-07-04 23:00:00,no2,PIIANN,1.8999999,3.252461
2021-12-05 05:00:00,no2,PIIANN,1.8999999,2.0870862
2024-04-02 11:00:00,no2,PIIANN,27.53,24.905945
2023-11-04 21:00:00,no2,PIIANN,8.525,6.817832
2025-11-09 06:00:00,no2,PIIANN,2.5199997,2.797415
2023-03-08 07:00:00,no2,PIIANN,10.4,10.10096
2025-05-03 13:00:00,no2,PIIANN,4.98,3.7701852
2021-04-07 16:00:00,no2,PIIANN,2.82,2.8177032
2022-07-10 10:00:00,no2,PIIANN,18.77,16.414242
2022-10-09 16:00:00,no2,PIIANN,7.35,6.9795794
2021-09-08 14:00:00,no2,PIIANN,3.3799999,3.1321821
2024-03-08 07:00:00,no2,PIIANN,5.25,6.5214977
2022-04-08 03:00:00,no2,PIIANN,4.62,3.4350493
2021-04-04 02:00:00,no2,PIIANN,1.78,2.3762515
2022-05-07 09:00:00,no2,PIIANN,4.08,5.5219407
2025-10-01 18:00:00,no2,PIIANN,4.3,5.44836
2023-05-02 04:00:00,no2,PIIANN,23.575,16.969921
2023-12-08 09:00:00,no2,PIIANN,11.45,10.725934
2022-09-03 17:00:00,no2,PIIANN,2.22,2.764601
2024-03-09 11:00:00,no2,PIIANN,5.05,7.773718
2024-10-12 10:00:00,no2,PIIANN,7.2,5.9518147
2021-04-09 01:00:00,no2,PIIANN,2.25,3.4362369
2024-09-06 13:00:00,no2,PIIANN,3.15,2.8001692
2021-09-10 06:00:00,no2,PIIANN,4.97,5.1491876
2024-01-09 11:00:00,no2,PIIANN,4.68,3.2814033
2023-03-09 07:00:00,no2,PIIANN,8.6,10.1958
2025-08-12 07:00:00,no2,PIIANN,3.02,4.040165
2022-04-10 03:00:00,no2,PIIANN,38.15,33.54179
2021-04-09 20:00:00,no2,PIIANN,5.32,8.421673
2021-04-05 02:00:00,no2,PIIANN,1.1699998,1.906616
2021-09-12 10:00:00,no2,PIIANN,2.1499999,3.3729389
2025-04-12 19:00:00,no2,PIIANN,6.01,7.4134016
2022-05-03 08:00:00,no2,PIIANN,8.33,9.178354
2024-04-12 13:00:00,no2,PIIANN,3.5,4.6491613
2022-12-10 10:00:00,no2,PIIANN,7.25,7.8020253
2024-03-05 02:00:00,no2,PIIANN,1.78,2.638518
2022-12-07 22:00:00,no2,PIIANN,7.82,9.131924
2023-09-07 13:00:00,no2,PIIANN,6.875,7.4508047
2021-12-09 13:00:00,no2,PIIANN,2.42,1.6183579
2022-11-09 15:00:00,no2,PIIANN,4.38,5.8678484
2022-07-06 10:00:00,no2,PIIANN,4.55,5.9347253
2021-09-05 02:00:00,no2,PIIANN,0.82000035,2.3974586
2021-04-04 08:00:00,no2,PIIANN,3.68,4.8417854
2023-03-04 14:00:00,no2,PIIANN,1.7500002,3.673362
2025-05-11 17:00:00,no2,PIIANN,12.78,9.147088
2022-04-04 18:00:00,no2,PIIANN,2.58,2.3353214
2025-05-06 01:00:00,no2,PIIANN,2.72,1.3187401
2022-04-07 00:00:00,no2,PIIANN,3.78,3.800033
2022-02-07 03:00:00,no2,PIIANN,7.52,5.6651797
2022-06-10 11:00:00,no2,PIIANN,14.63,15.6591835
2024-03-10 13:00:00,no2,PIIANN,3.35,4.0685673
2024-06-12 09:00:00,no2,PIIANN,7.75,7.5756717
2021-05-04 00:00:00,no2,PIIANN,0.95,3.4810147
2023-11-12 09:00:00,no2,PIIANN,3.975,6.8367677
2023-07-10 13:00:00,no2,PIIANN,6.325,5.6493735
2023-05-09 08:00:00,no2,PIIANN,9.75,9.381006
2024-03-03 15:00:00,no2,PIIANN,2.45,2.9985259
2025-10-03 07:00:00,no2,PIIANN,4.6,6.4997234
2021-10-10 15:00:00,no2,PIIANN,5.93,5.0921206
2023-07-01 12:00:00,no2,PIIANN,4.8333335,6.901088
2025-07-07 16:00:00,no2,PIIANN,6.35,5.8942137
2024-04-06 08:00:00,no2,PIIANN,4.25,3.715973
2023-02-06 05:00:00,no2,PIIANN,11.35,10.843936
2025-09-02 01:00:00,no2,PIIANN,3.25,3.8523762
2022-07-01 20:00:00,no2,PIIANN,4.07,4.2493896
2021-07-12 04:00:00,no2,PIIANN,19.25,14.248091
2022-07-11 04:00:00,no2,PIIANN,9.22,9.14273
2025-07-09 01:00:00,no2,PIIANN,1.3399999,3.3445973
2024-02-08 23:00:00,no2,PIIANN,6.4,4.6897597
2025-08-04 18:00:00,no2,PIIANN,4.95,4.8461475
2024-05-10 23:00:00,no2,PIIANN,5.15,4.215405
2021-02-09 19:00:00,no2,PIIANN,12.92,13.421181
2024-08-11 20:00:00,no2,PIIANN,2.8,3.7285311
2024-10-06 03:00:00,no2,PIIANN,2.12,2.8231184
2025-01-04 18:00:00,no2,PIIANN,4.6,4.8278475
2025-09-07 18:00:00,no2,PIIANN,9.1,9.860997
2021-12-06 20:00:00,no2,PIIANN,2.5000002,1.4968345
2023-09-05 01:00:00,no2,PIIANN,7.85,8.460624
2022-09-07 04:00:00,no2,PIIANN,4.05,4.9679995
2022-07-05 12:00:00,no2,PIIANN,3.25,4.4187446
2021-07-12 07:00:00,no2,PIIANN,16.88,14.332861
2021-06-01 13:00:00,no2,PIIANN,3.08,3.9264889
2021-06-12 19:00:00,no2,PIIANN,8.88,8.19909
2024-04-04 14:00:00,no2,PIIANN,3.02,2.88169
2024-05-10 17:00:00,no2,PIIANN,4.58,7.454391
2021-02-05 11:00:00,no2,PIIANN,0.7999999,0.4962041
2025-08-06 11:00:00,no2,PIIANN,5.82,6.2481756
2021-10-11 00:00:00,no2,PIIANN,5.12,8.813036
2025-10-11 00:00:00,no2,PIIANN,4.54,2.904632
2022-01-06 10:00:00,no2,PIIANN,4.25,4.859152
2025-12-10 01:00:00,no2,PIIANN,2.38,1.425216
2023-11-09 10:00:00,no2,PIIANN,6.875,6.222478
2024-06-09 19:00:00,no2,PIIANN,14.2,9.992061
2024-05-02 00:00:00,no2,PIIANN,21.1,3.556863
2022-10-11 16:00:00,no2,PIIANN,6.95,5.4132752
2023-06-09 01:00:00,no2,PIIANN,6.85,6.922593
2025-03-02 20:00:00,no2,PIIANN,4.43,4.4948473
2021-10-02 22:00:00,no2,PIIANN,5.32,5.3596053
2021-10-06 14:00:00,no2,PIIANN,2.17,2.6821918
2025-10-11 15:00:00,no2,PIIANN,3.65,4.038227
2023-02-04 16:00:00,no2,PIIANN,3.8,3.443816
2024-03-02 22:00:00,no2,PIIANN,21.8,21.36999
2021-08-02 21:00:00,no2,PIIANN,4.62,5.2135043
2022-09-06 14:00:00,no2,PIIANN,3.4,3.723515
2022-08-07 18:00:00,no2,PIIANN,7.95,5.400548
2022-12-01 17:00:00,no2,PIIANN,2.47,2.012144
2024-08-12 20:00:00,no2,PIIANN,3.45,4.792253
2022-12-08 09:00:00,no2,PIIANN,8.9,13.640547
2024-12-05 14:00:00,no2,PIIANN,0.6000001,1.3548663
2025-08-01 14:00:00,no2,PIIANN,5.3,3.616336
2022-06-05 03:00:00,no2,PIIANN,1.9799998,2.7768505
2025-02-11 06:00:00,no2,PIIANN,1.8999999,3.1282492
2022-03-07 14:00:00,no2,PIIANN,3.77,4.4874706
2021-01-02 03:00:00,no2,PIIANN,1.9799998,4.2386446
2023-12-03 06:00:00,no2,PIIANN,19.6,18.161274
2024-11-04 07:00:00,no2,PIIANN,1.5000002,3.6960127
2022-03-07 12:00:00,no2,PIIANN,4.9,4.0722084
2022-03-01 22:00:00,no2,PIIANN,3.48,4.190701
2024-06-12 03:00:00,no2,PIIANN,6.3,6.5947566
2025-10-07 04:00:00,no2,PIIANN,7.6,6.119273
2025-07-10 06:00:00,no2,PIIANN,2.06,1.3052084
2025-08-09 12:00:00,no2,PIIANN,3.0300002,3.5294704
2021-01-07 11:00:00,no2,PIIANN,3.3,2.1351426
2023-06-07 03:00:00,no2,PIIANN,5.7,7.374101
2023-01-08 22:00:00,no2,PIIANN,18.95,20.058311
2021-01-09 10:00:00,no2,PIIANN,8.6,7.8559985
2021-12-12 08:00:00,no2,PIIANN,4.2,4.789372
2023-06-01 18:00:00,no2,PIIANN,6.55,6.4983625
2021-08-05 19:00:00,no2,PIIANN,2.53,2.7878616
2024-05-04 18:00:00,no2,PIIANN,3.43,5.969049
2024-03-05 21:00:00,no2,PIIANN,2.85,4.566307
2021-11-04 18:00:00,no2,PIIANN,1.22,2.0224607
2023-08-01 09:00:00,no2,PIIANN,10.05,10.002527
2021-02-04 11:00:00,no2,PIIANN,4.85,4.7035685
2023-05-03 10:00:00,no2,PIIANN,5.525,7.493702
2024-04-11 06:00:00,no2,PIIANN,3.92,4.2403617
2024-09-03 08:00:00,no2,PIIANN,5.7,8.067511
2023-05-02 15:00:00,no2,PIIANN,9.4,7.1434083
2023-09-09 14:00:00,no2,PIIANN,6.3,6.884368
2025-10-04 13:00:00,no2,PIIANN,4.05,4.7992115
2022-12-08 10:00:00,no2,PIIANN,9.66,9.235228
2025-05-05 04:00:00,no2,PIIANN,4.3,5.355165
2024-10-12 00:00:00,no2,PIIANN,6.18,3.1840527
2025-12-10 20:00:00,no2,PIIANN,1.5800002,4.6243277
2024-06-05 09:00:00,no2,PIIANN,4.28,4.3219814
2024-04-01 12:00:00,no2,PIIANN,4.03,3.4875648
2022-03-10 14:00:00,no2,PIIANN,10.82,10.114901
2022-03-13 01:00:00,no2,PIIANN,2.8960612,3.548593
2025-10-12 23:00:00,no2,PIIANN,4.59,5.363543
2023-04-05 00:00:00,no2,PIIANN,11.2,3.9702446
2022-10-03 09:00:00,no2,PIIANN,4.7,10.069236
2025-02-08 10:00:00,no2,PIIANN,5.57,4.8309183
2022-10-11 21:00:00,no2,PIIANN,8.12,16.44065
2025-09-09 19:00:00,no2,PIIANN,3.13,3.8965657
2024-08-07 17:00:00,no2,PIIANN,12.32,11.13862
2022-02-09 18:00:00,no2,PIIANN,12.58,8.641605
2025-04-08 17:00:00,no2,PIIANN,2.6799998,3.7666905
2025-11-06 04:00:00,no2,PIIANN,3.52,5.7710285
2022-04-09 19:00:00,no2,PIIANN,8.5,6.7165265
2021-04-02 17:00:00,no2,PIIANN,3.32,2.9963837
2021-03-01 11:00:00,no2,PIIANN,4.53,6.6531267
2022-05-08 02:00:00,no2,PIIANN,0.20000002,4.3525457
2022-06-06 10:00:00,no2,PIIANN,5.38,4.007405
2023-10-02 13:00:00,no2,PIIANN,16.0,7.9763026
2023-11-06 03:00:00,no2,PIIANN,16.275,23.800089
2022-02-03 01:00:00,no2,PIIANN,3.25,4.1734176
2025-12-03 23:00:00,no2,PIIANN,7.68,5.6027884
2023-05-02 05:00:00,no2,PIIANN,26.575,20.380781
2025-02-04 20:00:00,no2,PIIANN,2.88,4.986946
2023-03-12 13:00:00,no2,PIIANN,1.575,1.8426588
2021-05-07 14:00:00,no2,PIIANN,1.8799999,2.9006438
2021-12-11 10:00:00,no2,PIIANN,9.38,8.553198
2023-06-11 09:00:00,no2,PIIANN,2.2,2.5585225
2024-10-04 00:00:00,no2,PIIANN,1.9799998,2.9953268
2025-04-06 07:00:00,no2,PIIANN,4.92,6.0915165
2025-03-03 19:00:00,no2,PIIANN,5.45,5.56488
2025-11-10 01:00:00,no2,PIIANN,1.7100003,1.8229644
2022-06-02 17:00:00,no2,PIIANN,2.25,1.99495
2025-12-08 11:00:00,no2,PIIANN,4.98,5.0081053
2025-04-02 08:00:00,no2,PIIANN,9.57,10.435507
2025-06-12 09:00:00,no2,PIIANN,3.7,5.5162582
2021-08-07 14:00:00,no2,PIIANN,2.3499997,3.15346
2023-02-02 17:00:00,no2,PIIANN,10.15,11.805991
2023-07-04 11:00:00,no2,PIIANN,3.1,2.7436814
2024-07-12 17:00:00,no2,PIIANN,4.47,4.0148697
2021-09-10 10:00:00,no2,PIIANN,6.35,4.710684
2025-03-09 00:00:00,no2,PIIANN,1.7500002,4.606786
2024-10-13 00:00:00,no2,PIIANN,5.1765866,3.9581208
2025-06-08 21:00:00,no2,PIIANN,4.71,6.472729
2021-08-10 21:00:00,no2,PIIANN,5.65,7.75017
2021-09-10 12:00:00,no2,PIIANN,6.43,3.5762484
2021-07-11 02:00:00,no2,PIIANN,3.75,4.4639196
2021-04-10 09:00:00,no2,PIIANN,3.92,7.5433025
2021-04-03 15:00:00,no2,PIIANN,1.1200001,0.8704683
2021-12-02 05:00:00,no2,PIIANN,23.48,12.531139
2022-03-04 21:00:00,no2,PIIANN,2.92,2.92527
2023-04-11 13:00:00,no2,PIIANN,2.0,3.15177
2023-04-02 08:00:00,no2,PIIANN,7.65,9.391809
2021-05-09 18:00:00,no2,PIIANN,5.52,4.117496
2023-11-05 19:00:00,no2,PIIANN,9.55,15.901959
2024-12-10 16:00:00,no2,PIIANN,2.2,2.6226304
2022-03-12 03:00:00,no2,PIIANN,4.85,4.7121673
2024-09-10 10:00:00,no2,PIIANN,2.85,4.3572774
2023-05-11 22:00:00,no2,PIIANN,0.6000001,2.1260173
2023-05-09 03:00:00,no2,PIIANN,9.075,8.610055
2023-02-11 12:00:00,no2,PIIANN,2.4333336,3.0547931
2024-05-10 20:00:00,no2,PIIANN,5.68,6.1059885
2024-05-05 15:00:00,no2,PIIANN,3.3,3.5652616
2021-01-05 16:00:00,no2,PIIANN,1.1200001,2.0097742
2024-02-11 23:00:00,no2,PIIANN,1.4800003,3.2994995
2023-04-09 01:00:00,no2,PIIANN,5.15,5.455922
2022-12-10 19:00:00,no2,PIIANN,11.38,14.960316
2023-08-01 17:00:00,no2,PIIANN,5.0,4.3087645
2022-10-07 20:00:00,no2,PIIANN,9.68,9.173868
2022-07-10 00:00:00,no2,PIIANN,8.48,15.474896
2022-11-06 08:00:00,no2,PIIANN,5.03,4.8457494
2021-12-05 17:00:00,no2,PIIANN,0.11999961,1.713969
2021-09-03 10:00:00,no2,PIIANN,1.0800002,1.2763093
2024-02-09 10:00:00,no2,PIIANN,4.38,5.127232
2023-12-04 04:00:00,no2,PIIANN,12.95,16.917833
2023-09-11 09:00:00,no2,PIIANN,9.15,6.9830956
2025-08-10 07:00:00,no2,PIIANN,1.4600003,2.1661043
2025-11-11 06:00:00,no2,PIIANN,1.8900001,3.2287436
2022-10-07 01:00:00,no2,PIIANN,3.47,5.455101
2024-02-08 05:00:00,no2,PIIANN,5.78,5.7621307
2022-03-01 15:00:00,no2,PIIANN,3.5,3.772673
2022-10-08 19:00:00,no2,PIIANN,24.52,17.297163
2022-03-07 10:00:00,no2,PIIANN,4.4,5.2258224
2022-02-07 14:00:00,no2,PIIANN,3.0300002,3.6519732
2024-05-11 13:00:00,no2,PIIANN,8.62,5.5226793
2024-09-11 04:00:00,no2,PIIANN,8.5,8.379946
2023-04-08 23:00:00,no2,PIIANN,7.65,7.729864
2025-01-02 20:00:00,no2,PIIANN,3.45,3.0173688
2024-05-05 04:00:00,no2,PIIANN,2.8,3.6148527
2022-01-07 15:00:00,no2,PIIANN,3.18,4.667558
2025-08-06 09:00:00,no2,PIIANN,6.42,5.0530105
2025-05-10 23:00:00,no2,PIIANN,1.6800001,0.67681473
2022-05-03 13:00:00,no2,PIIANN,2.85,4.0275316
2021-01-09 11:00:00,no2,PIIANN,8.07,7.411175
2022-09-10 13:00:00,no2,PIIANN,4.28,5.660924
2023-06-02 01:00:00,no2,PIIANN,28.85,12.9619465
2025-12-05 10:00:00,no2,PIIANN,6.55,5.892783
2022-06-12 20:00:00,no2,PIIANN,7.93,8.0659685
2024-01-01 13:00:00,no2,PIIANN,4.22,2.6835232
2025-02-07 17:00:00,no2,PIIANN,8.9,6.2366056
2023-08-05 23:00:00,no2,PIIANN,8.775,7.8876524
2021-06-09 14:00:00,no2,PIIANN,4.25,4.448849
2021-06-11 08:00:00,no2,PIIANN,2.88,4.0585794
2025-03-04 12:00:00,no2,PIIANN,12.55,9.412246
2022-06-05 06:00:00,no2,PIIANN,3.18,3.524485
2022-10-10 00:00:00,no2,PIIANN,13.48,8.416371
2025-07-09 00:00:00,no2,PIIANN,2.03,1.5663188
2023-09-08 22:00:00,no2,PIIANN,6.4,8.93902
2022-05-01 10:00:00,no2,PIIANN,7.15,7.5674186
2022-02-06 18:00:00,no2,PIIANN,5.65,4.4444966
2022-04-02 15:00:00,no2,PIIANN,2.62,2.6392422
2022-10-09 12:00:00,no2,PIIANN,6.83,7.6276045
2023-07-04 03:00:00,no2,PIIANN,2.775,3.955412
2023-08-02 02:00:00,no2,PIIANN,20.575,13.634593
2025-07-01 21:00:00,no2,PIIANN,4.88,4.453615
2025-07-04 08:00:00,no2,PIIANN,5.55,6.3559275
2021-02-13 00:00:00,no2,PIIANN,2.8484416,3.916755
2023-11-02 23:00:00,no2,PIIANN,16.025,13.16976
2024-06-09 17:00:00,no2,PIIANN,11.02,7.465377
2021-11-01 21:00:00,no2,PIIANN,6.32,5.5224476
2025-02-09 10:00:00,no2,PIIANN,2.88,3.1666312
2023-09-04 09:00:00,no2,PIIANN,3.7,4.999839
2023-03-07 07:00:00,no2,PIIANN,14.2,10.202759
2021-07-03 13:00:00,no2,PIIANN,1.5200002,1.085973
2022-12-08 22:00:00,no2,PIIANN,12.1,18.152176
2022-10-08 21:00:00,no2,PIIANN,17.0,15.159188
2025-12-01 08:00:00,no2,PIIANN,5.28,5.6493983
2024-01-09 09:00:00,no2,PIIANN,3.3799999,3.568722
2021-05-03 21:00:00,no2,PIIANN,4.6,5.160806
2021-10-09 21:00:00,no2,PIIANN,5.6,5.081591
2023-12-03 12:00:00,no2,PIIANN,4.4666667,4.0121655
2022-06-08 11:00:00,no2,PIIANN,0.7,4.3328357
2024-03-09 09:00:00,no2,PIIANN,7.2,7.733936
2021-12-04 04:00:00,no2,PIIANN,0.62000006,1.8670828
2022-03-09 19:00:00,no2,PIIANN,11.82,10.310069
2025-06-05 09:00:00,no2,PIIANN,5.57,4.9970603
2025-12-04 12:00:00,no2,PIIANN,5.15,4.475117
2024-11-06 08:00:00,no2,PIIANN,5.68,6.515498
2022-12-06 07:00:00,no2,PIIANN,5.78,4.727674
2021-02-10 05:00:00,no2,PIIANN,2.9,3.446744
2023-11-02 07:00:00,no2,PIIANN,24.975,16.535448
2025-03-07 10:00:00,no2,PIIANN,5.18,6.2341557
2021-12-07 03:00:00,no2,PIIANN,2.7,2.8798196
2024-06-04 05:00:00,no2,PIIANN,7.0,5.3647504
2025-03-12 00:00:00,no2,PIIANN,3.14,4.3373547
2023-12-11 01:00:00,no2,PIIANN,0.39999983,2.4261932
2023-03-10 00:00:00,no2,PIIANN,2.925,6.067513
2023-03-10 07:00:00,no2,PIIANN,5.4,5.527743
2023-07-06 04:00:00,no2,PIIANN,10.65,7.9632077
2021-04-08 08:00:00,no2,PIIANN,3.55,5.1486382
2022-05-02 05:00:00,no2,PIIANN,13.47,14.206271
2021-03-08 05:00:00,no2,PIIANN,5.12,5.434057
2022-05-03 16:00:00,no2,PIIANN,3.6,3.764235
2022-03-04 16:00:00,no2,PIIANN,1.8,2.2800245
2025-08-07 06:00:00,no2,PIIANN,7.15,8.184794
2021-05-08 02:00:00,no2,PIIANN,7.3,5.670038
2025-11-09 17:00:00,no2,PIIANN,7.36,4.617391
2025-02-05 04:00:00,no2,PIIANN,2.55,4.579311
2024-02-03 13:00:00,no2,PIIANN,6.25,4.8157783
2022-06-12 13:00:00,no2,PIIANN,12.350001,11.505436
2021-03-01 23:00:00,no2,PIIANN,1.8,3.4867842
2021-08-01 15:00:00,no2,PIIANN,7.08,4.365904
2022-08-08 22:00:00,no2,PIIANN,4.62,4.6601834
2022-09-01 14:00:00,no2,PIIANN,1.1800001,1.4820774
2024-11-06 14:00:00,no2,PIIANN,4.47,5.2415943
2025-10-04 03:00:00,no2,PIIANN,8.65,7.4924407
2023-06-10 13:00:00,no2,PIIANN,7.05,6.231672
2023-02-04 09:00:00,no2,PIIANN,3.275,3.748766
2022-06-02 13:00:00,no2,PIIANN,1.5000002,1.2422092
2023-12-11 14:00:00,no2,PIIANN,1.2,1.3104804
2023-06-03 18:00:00,no2,PIIANN,5.975,5.1713657
2025-01-06 02:00:00,no2,PIIANN,5.98,1.2336323
2023-07-09 21:00:00,no2,PIIANN,8.575,6.399709
2023-05-02 00:00:00,no2,PIIANN,12.725001,3.441842
2022-04-09 07:00:00,no2,PIIANN,5.35,4.386473
2025-04-05 01:00:00,no2,PIIANN,1.1000001,3.5165558
2023-12-05 09:00:00,no2,PIIANN,14.0,10.794207
2021-09-12 20:00:00,no2,PIIANN,4.22,5.9943795
2024-11-11 02:00:00,no2,PIIANN,3.45,3.3635132
2021-12-08 10:00:00,no2,PIIANN,5.55,3.2837775
2022-11-11 19:00:00,no2,PIIANN,6.05,5.858931
2021-12-09 00:00:00,no2,PIIANN,2.17,5.1252947
2024-09-11 13:00:00,no2,PIIANN,3.5,3.8373764
2025-12-11 07:00:00,no2,PIIANN,2.64,3.329831
2023-11-09 05:00:00,no2,PIIANN,5.75,6.053095
2023-10-04 18:00:00,no2,PIIANN,7.3,6.4479666
2025-03-05 05:00:00,no2,PIIANN,2.62,4.4235067
2021-10-05 05:00:00,no2,PIIANN,2.3300002,2.7689323
2022-10-11 07:00:00,no2,PIIANN,7.28,7.4930353
2021-06-05 21:00:00,no2,PIIANN,1.5000002,2.4369056
2023-06-10 19:00:00,no2,PIIANN,9.85,9.79522
2025-08-05 02:00:00,no2,PIIANN,4.75,4.5407033
2024-08-07 11:00:00,no2,PIIANN,12.52,10.862562
2024-02-04 07:00:00,no2,PIIANN,4.72,4.946326
2022-11-06 21:00:00,no2,PIIANN,4.35,5.798782
2025-06-02 04:00:00,no2,PIIANN,5.88,8.252753
2022-08-03 04:00:00,no2,PIIANN,3.12,2.711542
2025-11-04 21:00:00,no2,PIIANN,5.55,6.443965
2025-03-12 14:00:00,no2,PIIANN,2.01,4.1272416
2021-04-12 11:00:00,no2,PIIANN,5.35,4.736762
2022-08-03 10:00:00,no2,PIIANN,2.7,3.7740273
2025-10-04 11:00:00,no2,PIIANN,6.2,5.9253
2023-03-08 05:00:00,no2,PIIANN,10.6,10.852493
2023-05-10 09:00:00,no2,PIIANN,7.85,8.500234
2022-03-06 05:00:00,no2,PIIANN,6.05,4.655394
2024-07-03 10:00:00,no2,PIIANN,4.18,5.5291
2025-12-04 05:00:00,no2,PIIANN,7.75,6.5038996
2025-01-12 06:00:00,no2,PIIANN,2.6899998,2.4934506
2024-12-11 10:00:00,no2,PIIANN,6.15,5.641478
2022-07-01 13:00:00,no2,PIIANN,2.3499997,2.8701663
2022-08-05 12:00:00,no2,PIIANN,2.88,2.8893306
2021-11-11 03:00:00,no2,PIIANN,0.9199998,2.970164
2024-06-01 16:00:00,no2,PIIANN,3.57,4.679199
2022-09-02 10:00:00,no2,PIIANN,3.15,3.1455915
2021-12-02 07:00:00,no2,PIIANN,20.48,21.186184
2021-08-10 22:00:00,no2,PIIANN,3.12,5.348282
2023-06-09 17:00:00,no2,PIIANN,9.225,6.060655
2021-08-07 21:00:00,no2,PIIANN,5.7,4.6359572
2024-01-10 18:00:00,no2,PIIANN,3.02,3.0893903
2021-09-03 05:00:00,no2,PIIANN,3.48,3.0746064
2022-08-02 04:00:00,no2,PIIANN,8.38,4.414414
2024-07-10 18:00:00,no2,PIIANN,2.78,3.663139
2021-04-04 17:00:00,no2,PIIANN,0.8500001,0.8560731
2021-10-07 06:00:00,no2,PIIANN,6.1,6.3916273
2023-01-06 18:00:00,no2,PIIANN,11.425,8.619364
2021-10-12 20:00:00,no2,PIIANN,2.95,3.1468751
2021-12-10 01:00:00,no2,PIIANN,3.78,3.5721946
2023-08-08 13:00:00,no2,PIIANN,7.85,7.3890605
2024-01-06 03:00:00,no2,PIIANN,3.72,3.3948443
2025-08-02 05:00:00,no2,PIIANN,9.22,7.1572204
2023-04-04 03:00:00,no2,PIIANN,4.125,3.9788804
2022-04-06 04:00:00,no2,PIIANN,3.6,4.087603
2023-03-04 05:00:00,no2,PIIANN,1.7250001,2.582316
2023-03-04 03:00:00,no2,PIIANN,2.0,3.0705407
2022-05-02 01:00:00,no2,PIIANN,1.8,2.4216254
2021-11-10 02:00:00,no2,PIIANN,5.22,5.9438105
2025-06-05 04:00:00,no2,PIIANN,5.88,4.6122975
2025-03-11 20:00:00,no2,PIIANN,5.96,7.277676
2024-10-10 09:00:00,no2,PIIANN,5.78,5.548336
2023-10-01 20:00:00,no2,PIIANN,11.9,8.537036
2022-11-07 21:00:00,no2,PIIANN,4.05,6.0711384
2023-10-02 07:00:00,no2,PIIANN,19.15,15.089488
2022-05-07 16:00:00,no2,PIIANN,3.65,4.7437444
2025-02-07 12:00:00,no2,PIIANN,5.5,6.065646
2023-02-10 18:00:00,no2,PIIANN,6.475,6.2995257
2024-06-01 14:00:00,no2,PIIANN,4.5,5.981767
2021-09-03 13:00:00,no2,PIIANN,1.0800002,0.2721221
2025-07-12 16:00:00,no2,PIIANN,4.06,4.1212506
2024-01-10 19:00:00,no2,PIIANN,3.45,3.6626525
2022-02-10 12:00:00,no2,PIIANN,12.87,15.04751
2021-04-11 20:00:00,no2,PIIANN,15.27,17.232225
2024-03-02 09:00:00,no2,PIIANN,30.58,23.25723
2023-05-10 18:00:00,no2,PIIANN,7.875,7.6431265
2024-04-11 15:00:00,no2,PIIANN,2.12,2.3324769
2021-12-10 18:00:00,no2,PIIANN,8.1,5.198437
2021-11-04 17:00:00,no2,PIIANN,0.6499998,1.8121717
2021-02-11 00:00:00,no2,PIIANN,1.2700002,2.5990102
2024-09-01 14:00:00,no2,PIIANN,2.3499997,4.1409116
2023-11-11 21:00:00,no2,PIIANN,2.625,4.2822137
2022-06-08 14:00:00,no2,PIIANN,0.2500002,1.4826062
2022-09-01 11:00:00,no2,PIIANN,2.1499999,2.0326784
2021-08-04 10:00:00,no2,PIIANN,2.1,2.7861793
2021-01-10 06:00:00,no2,PIIANN,12.1,7.16062
2022-05-05 06:00:00,no2,PIIANN,19.549997,14.66548
2024-03-04 10:00:00,no2,PIIANN,4.25,4.83794
2025-05-04 14:00:00,no2,PIIANN,3.8,4.9570174
2021-06-08 20:00:00,no2,PIIANN,3.95,4.5856614
2021-01-02 14:00:00,no2,PIIANN,3.18,2.395942
2021-02-09 20:00:00,no2,PIIANN,11.35,12.349251
2021-02-11 18:00:00,no2,PIIANN,6.6,4.102044
2024-07-08 23:00:00,no2,PIIANN,5.15,5.97651
2025-05-02 00:00:00,no2,PIIANN,4.92,3.2942762
2023-12-03 14:00:00,no2,PIIANN,3.6,3.6593528
2022-03-06 13:00:00,no2,PIIANN,3.68,3.5835896
2022-06-12 02:00:00,no2,PIIANN,2.9,3.6037526
2025-08-12 17:00:00,no2,PIIANN,8.91,6.41431
2022-06-08 02:00:00,no2,PIIANN,7.375,6.665784
2022-11-08 06:00:00,no2,PIIANN,17.85,14.474264
2022-12-08 06:00:00,no2,PIIANN,20.12,17.797882
2024-09-04 12:00:00,no2,PIIANN,1.7,2.290938
2025-10-01 23:00:00,no2,PIIANN,2.97,3.0088859
2023-10-07 19:00:00,no2,PIIANN,8.35,10.635824
2022-07-12 12:00:00,no2,PIIANN,8.67,7.4213552
2025-01-10 07:00:00,no2,PIIANN,2.37,2.4448893
2024-10-04 17:00:00,no2,PIIANN,2.85,2.8842347
2024-05-12 00:00:00,no2,PIIANN,6.85,4.668945
2024-11-11 20:00:00,no2,PIIANN,3.75,3.9977298
2022-08-02 00:00:00,no2,PIIANN,2.58,2.1144805
2025-08-04 03:00:00,no2,PIIANN,2.95,4.011678
2023-12-11 03:00:00,no2,PIIANN,1.1499999,4.250185
2022-03-05 00:00:00,no2,PIIANN,1.5000002,1.6339767
2022-11-12 10:00:00,no2,PIIANN,6.98,7.3025775
2024-12-02 05:00:00,no2,PIIANN,3.35,4.88451
2021-08-01 12:00:00,no2,PIIANN,3.55,4.185615
2024-06-02 01:00:00,no2,PIIANN,24.45,17.038475
2022-07-08 11:00:00,no2,PIIANN,4.62,4.978474
2025-03-04 07:00:00,no2,PIIANN,5.38,4.367757
2021-11-05 00:00:00,no2,PIIANN,0.4500005,1.870383
2021-11-06 07:00:00,no2,PIIANN,5.9,6.870391
2024-03-06 04:00:00,no2,PIIANN,8.72,4.1488996
2022-01-03 15:00:00,no2,PIIANN,1.9799998,2.2558699
2022-04-06 12:00:00,no2,PIIANN,5.0,5.919997
2022-05-04 21:00:00,no2,PIIANN,3.62,3.410425
2022-01-08 16:00:00,no2,PIIANN,5.98,6.1561375
2022-11-02 04:00:00,no2,PIIANN,4.62,6.15333
2025-09-02 05:00:00,no2,PIIANN,10.18,8.297712
2024-09-05 05:00:00,no2,PIIANN,4.53,3.3736022
2021-07-02 10:00:00,no2,PIIANN,4.8,7.3981175
2021-11-01 22:00:00,no2,PIIANN,5.07,6.192241
2023-07-11 18:00:00,no2,PIIANN,4.35,3.3523688
2025-04-12 17:00:00,no2,PIIANN,12.62,5.132314
2025-11-09 10:00:00,no2,PIIANN,4.96,3.2003543
2025-03-04 21:00:00,no2,PIIANN,7.4,6.6916246
2024-09-11 16:00:00,no2,PIIANN,4.97,3.818425
2021-12-07 16:00:00,no2,PIIANN,4.42,4.332197
2024-12-11 04:00:00,no2,PIIANN,4.38,4.0884123
2021-12-05 19:00:00,no2,PIIANN,1.2,1.6954558
2024-04-09 14:00:00,no2,PIIANN,3.72,5.0709915
2021-08-05 12:00:00,no2,PIIANN,0.7999999,0.6714284
2021-02-03 17:00:00,no2,PIIANN,3.82,2.0986478
2025-01-03 05:00:00,no2,PIIANN,3.6,3.4092278
2021-11-04 03:00:00,no2,PIIANN,3.08,3.1134868
2021-01-02 00:00:00,no2,PIIANN,1.7500002,3.029966
2023-12-05 22:00:00,no2,PIIANN,6.95,11.152064
2023-12-06 05:00:00,no2,PIIANN,17.5,9.83861
2025-06-12 03:00:00,no2,PIIANN,2.98,2.8052802
2021-04-01 19:00:00,no2,PIIANN,6.25,7.5462284
2023-09-01 22:00:00,no2,PIIANN,16.1,12.700286
2022-11-10 09:00:00,no2,PIIANN,10.88,18.605453
2022-11-10 10:00:00,no2,PIIANN,7.9,11.483244
2023-10-01 12:00:00,no2,PIIANN,5.5333333,6.9817142
2024-08-05 02:00:00,no2,PIIANN,3.58,2.758635
2025-03-05 23:00:00,no2,PIIANN,2.28,3.2920797
2021-11-08 16:00:00,no2,PIIANN,6.68,4.569671
2022-05-03 03:00:00,no2,PIIANN,7.1,7.1662254
2023-02-07 02:00:00,no2,PIIANN,7.475,9.04109
2022-04-08 15:00:00,no2,PIIANN,0.5499999,2.310692
2023-07-05 23:00:00,no2,PIIANN,8.625,6.0462475
2022-04-08 00:00:00,no2,PIIANN,4.0923076,5.6850533
2021-12-03 08:00:00,no2,PIIANN,5.8,7.986726
2021-07-08 03:00:00,no2,PIIANN,2.75,3.3944995
2025-06-04 17:00:00,no2,PIIANN,2.02,3.4307017
2022-07-12 01:00:00,no2,PIIANN,9.4,9.007758
2023-01-11 10:00:00,no2,PIIANN,2.5000002,3.3960652
2025-09-12 22:00:00,no2,PIIANN,4.01,6.008594
2021-02-05 15:00:00,no2,PIIANN,0.6000001,0.43447945
2022-10-06 23:00:00,no2,PIIANN,2.62,4.8053837
2022-09-02 22:00:00,no2,PIIANN,3.0,2.9921637
2023-11-05 13:00:00,no2,PIIANN,12.75,9.276472
2025-11-03 06:00:00,no2,PIIANN,3.4,3.9442651
2022-05-09 04:00:00,no2,PIIANN,14.18,9.115763
2023-10-03 21:00:00,no2,PIIANN,6.875,6.3553777
2021-01-10 21:00:00,no2,PIIANN,3.75,4.3551235
2021-03-04 01:00:00,no2,PIIANN,1.2,2.1392424
2025-05-10 13:00:00,no2,PIIANN,2.26,2.3322845
2021-09-13 00:00:00,no2,PIIANN,2.9181986,3.9013722
2021-09-05 03:00:00,no2,PIIANN,0.4500005,2.6198792
2022-09-11 17:00:00,no2,PIIANN,6.82,7.5615883
2023-09-04 11:00:00,no2,PIIANN,4.633333,4.516743
2024-03-08 10:00:00,no2,PIIANN,2.7,4.2338495
2025-10-02 14:00:00,no2,PIIANN,3.2199998,2.9303424
2023-07-08 13:00:00,no2,PIIANN,5.0,6.4004264
2024-01-08 00:00:00,no2,PIIANN,3.75,3.5891793
2024-11-11 01:00:00,no2,PIIANN,2.18,3.567408
2024-08-02 20:00:00,no2,PIIANN,3.97,3.9897377
2023-03-08 14:00:00,no2,PIIANN,7.7,8.483244
2025-03-05 14:00:00,no2,PIIANN,4.2,4.4880323
2023-03-05 05:00:00,no2,PIIANN,12.825,13.732938
2023-07-10 04:00:00,no2,PIIANN,4.775,5.095435
2024-09-10 14:00:00,no2,PIIANN,2.88,2.6935372
2022-09-09 14:00:00,no2,PIIANN,5.9,7.283399
2021-02-09 17:00:00,no2,PIIANN,12.2,11.017901
2021-09-12 22:00:00,no2,PIIANN,3.5,4.31959
2025-01-05 01:00:00,no2,PIIANN,3.0,4.1933694
2023-04-10 17:00:00,no2,PIIANN,7.4,7.3891735
2025-08-12 23:00:00,no2,PIIANN,4.25,3.8388522
2022-05-04 03:00:00,no2,PIIANN,1.55,1.3678267
2025-02-11 19:00:00,no2,PIIANN,3.25,4.943763
2022-08-09 12:00:00,no2,PIIANN,18.57,17.051943
2023-11-09 18:00:00,no2,PIIANN,9.75,9.971601
2023-08-02 16:00:00,no2,PIIANN,8.1,6.3302174
2022-12-10 22:00:00,no2,PIIANN,9.95,12.794675
2022-07-10 20:00:00,no2,PIIANN,29.2,25.647858
2021-01-04 02:00:00,no2,PIIANN,1.9199998,2.8502119
2024-01-03 01:00:00,no2,PIIANN,4.47,4.181719
2025-02-04 13:00:00,no2,PIIANN,2.17,3.0288477
2023-01-01 09:00:00,no2,PIIANN,10.45,14.052188
2021-09-03 08:00:00,no2,PIIANN,1.9199998,3.7806559
2025-05-06 17:00:00,no2,PIIANN,4.32,5.531224
2024-10-11 19:00:00,no2,PIIANN,2.62,4.1571336
2025-05-10 01:00:00,no2,PIIANN,0.95,1.5741007
2021-11-02 04:00:00,no2,PIIANN,6.58,5.157765
2023-06-06 19:00:00,no2,PIIANN,15.95,12.308742
2021-04-05 04:00:00,no2,PIIANN,4.55,2.2617671
2025-03-04 18:00:00,no2,PIIANN,5.98,5.734829
2021-11-03 20:00:00,no2,PIIANN,4.08,4.1831455
2024-06-08 15:00:00,no2,PIIANN,3.0499997,4.182228
2021-05-12 19:00:00,no2,PIIANN,5.65,4.4808664
2021-09-08 22:00:00,no2,PIIANN,2.58,3.2265828
2024-09-07 14:00:00,no2,PIIANN,13.35,10.41883
2022-11-04 16:00:00,no2,PIIANN,1.0000002,2.0877867
2021-11-10 13:00:00,no2,PIIANN,4.4,3.5430462
2025-07-12 00:00:00,no2,PIIANN,3.37,4.874904
2025-05-06 14:00:00,no2,PIIANN,4.45,6.5691276
2024-04-09 18:00:00,no2,PIIANN,6.48,5.8806734
2025-11-06 08:00:00,no2,PIIANN,5.9,6.277949
2022-10-07 21:00:00,no2,PIIANN,7.38,8.745104
2025-05-02 02:00:00,no2,PIIANN,4.95,5.220594
2021-07-02 23:00:00,no2,PIIANN,2.02,3.627311
2024-02-04 04:00:00,no2,PIIANN,5.2,4.098963
2023-04-06 01:00:00,no2,PIIANN,5.6,6.843456
2023-05-08 04:00:00,no2,PIIANN,14.95,13.145104
2025-03-08 01:00:00,no2,PIIANN,1.95,3.2730165
2024-06-07 01:00:00,no2,PIIANN,7.4,6.5653605
2022-01-11 23:00:00,no2,PIIANN,7.8,8.215948
2025-05-08 01:00:00,no2,PIIANN,3.0,4.62395
2022-09-04 18:00:00,no2,PIIANN,3.0300002,2.027732
2021-03-12 20:00:00,no2,PIIANN,12.68,13.65399
2023-04-03 04:00:00,no2,PIIANN,4.525,6.055885
2022-02-08 12:00:00,no2,PIIANN,19.292305,18.98267
2022-02-08 09:00:00,no2,PIIANN,27.0,16.68063
2021-10-08 12:00:00,no2,PIIANN,4.32,4.0485954
2025-10-12 09:00:00,no2,PIIANN,6.78,4.633835
2022-06-11 05:00:00,no2,PIIANN,10.12,15.388169
2025-01-08 17:00:00,no2,PIIANN,9.2,6.4342294
2025-12-08 02:00:00,no2,PIIANN,4.18,5.7484856
2025-09-10 04:00:00,no2,PIIANN,1.51,2.800186
2024-08-07 10:00:00,no2,PIIANN,13.28,9.368777
2022-12-12 13:00:00,no2,PIIANN,6.82,7.6624374
2023-06-10 22:00:00,no2,PIIANN,8.775,8.133636
2025-07-05 09:00:00,no2,PIIANN,6.7,8.205193
2025-03-08 19:00:00,no2,PIIANN,3.3799999,3.8876567
2025-08-05 09:00:00,no2,PIIANN,9.95,8.648568
2021-12-04 12:00:00,no2,PIIANN,0.6499998,2.0456824
2023-08-02 23:00:00,no2,PIIANN,8.375,8.888242
2023-03-07 06:00:00,no2,PIIANN,11.175,8.613661
2023-12-09 21:00:00,no2,PIIANN,5.825,6.880342
2022-07-03 06:00:00,no2,PIIANN,2.0,1.6443894
2024-07-04 03:00:00,no2,PIIANN,4.03,4.3972344
2022-07-02 22:00:00,no2,PIIANN,3.82,3.6884985
2021-09-04 19:00:00,no2,PIIANN,5.57,4.5454154
2023-08-10 20:00:00,no2,PIIANN,5.875,5.208489
2023-08-05 03:00:00,no2,PIIANN,14.05,11.512555
2023-10-02 06:00:00,no2,PIIANN,17.875,16.26216
2023-08-02 05:00:00,no2,PIIANN,24.35,22.781382
2021-07-06 23:00:00,no2,PIIANN,2.78,2.526572
2024-02-10 07:00:00,no2,PIIANN,1.72,3.5840783
2021-09-09 00:00:00,no2,PIIANN,1.3,2.869394
2023-01-10 19:00:00,no2,PIIANN,5.175,6.17335
2023-11-04 06:00:00,no2,PIIANN,17.424997,16.376844
2023-11-12 11:00:00,no2,PIIANN,5.266667,3.895867
2021-10-08 05:00:00,no2,PIIANN,11.9,7.1102
2024-01-08 06:00:00,no2,PIIANN,3.98,4.542772
2023-11-03 13:00:00,no2,PIIANN,6.725,4.3367696
2022-10-02 08:00:00,no2,PIIANN,13.1,13.562077
2024-01-11 14:00:00,no2,PIIANN,2.25,3.023711
2021-05-08 18:00:00,no2,PIIANN,4.53,4.593697
2023-06-06 17:00:00,no2,PIIANN,10.725,9.319608
2025-01-10 15:00:00,no2,PIIANN,1.1900003,2.8093438
2022-12-06 02:00:00,no2,PIIANN,2.3300002,3.6729875
2023-11-11 12:00:00,no2,PIIANN,1.6333334,1.5612276
2025-09-10 13:00:00,no2,PIIANN,3.2099998,2.396376
2023-09-09 11:00:00,no2,PIIANN,6.1666665,6.1997433
2024-10-03 04:00:00,no2,PIIANN,3.52,3.6636896
2023-12-10 22:00:00,no2,PIIANN,1.2500002,2.1471233
2023-12-10 01:00:00,no2,PIIANN,1.1250002,3.5403488
2023-11-05 01:00:00,no2,PIIANN,9.95,7.0827284
2024-11-03 12:00:00,no2,PIIANN,2.97,2.7893806
2025-10-02 09:00:00,no2,PIIANN,4.15,8.5322895
2025-09-07 15:00:00,no2,PIIANN,8.8,7.7806616
2022-08-11 16:00:00,no2,PIIANN,15.62,11.118879
2024-11-09 19:00:00,no2,PIIANN,4.18,6.7064176
2025-11-03 05:00:00,no2,PIIANN,2.9,3.9329321
2023-01-03 22:00:00,no2,PIIANN,3.875,5.6375475
2022-06-09 06:00:00,no2,PIIANN,13.08,8.677624
2025-03-06 11:00:00,no2,PIIANN,6.7,7.2799687
2022-11-08 01:00:00,no2,PIIANN,11.32,13.199782
2024-11-10 19:00:00,no2,PIIANN,2.42,3.7561164
2023-11-05 00:00:00,no2,PIIANN,7.4,8.01941
2025-06-04 08:00:00,no2,PIIANN,4.85,5.227975
2021-02-03 15:00:00,no2,PIIANN,2.03,1.5045922
2022-05-12 14:00:00,no2,PIIANN,4.65,4.2942233
2025-06-03 09:00:00,no2,PIIANN,8.7,6.8731756
2025-01-04 19:00:00,no2,PIIANN,7.28,5.1277914
2022-06-04 14:00:00,no2,PIIANN,1.0000002,1.6982434
2022-08-04 21:00:00,no2,PIIANN,3.42,3.285803
2024-02-09 15:00:00,no2,PIIANN,3.25,3.654869
2022-10-06 21:00:00,no2,PIIANN,5.35,7.1582255
2021-02-02 07:00:00,no2,PIIANN,9.6,8.599891
2021-03-11 13:00:00,no2,PIIANN,8.55,9.96427
2024-01-05 06:00:00,no2,PIIANN,1.8500001,3.425748
2022-07-04 16:00:00,no2,PIIANN,1.3,2.5426373
2025-02-06 21:00:00,no2,PIIANN,5.22,4.955193
2023-05-06 08:00:00,no2,PIIANN,13.675,11.838921
2025-01-05 11:00:00,no2,PIIANN,4.0,3.0630035
2021-08-08 07:00:00,no2,PIIANN,4.0,3.8193567
2025-09-10 11:00:00,no2,PIIANN,2.83,2.2247033
2025-12-07 18:00:00,no2,PIIANN,5.05,6.2619677
2021-10-12 10:00:00,no2,PIIANN,3.92,5.342458
2022-07-10 18:00:00,no2,PIIANN,20.45,13.476595
2022-04-07 04:00:00,no2,PIIANN,4.3,5.119965
2025-04-09 21:00:00,no2,PIIANN,2.55,2.615998
2024-03-12 01:00:00,no2,PIIANN,2.6799998,2.950536
2025-06-03 08:00:00,no2,PIIANN,7.18,8.229027
2025-12-02 05:00:00,no2,PIIANN,14.85,13.821586
2023-09-05 17:00:00,no2,PIIANN,10.075,6.8379297
2023-08-09 00:00:00,no2,PIIANN,10.35,7.9821215
2021-09-07 12:00:00,no2,PIIANN,3.5,4.8047175
2022-01-08 01:00:00,no2,PIIANN,3.42,4.0324807
2022-03-09 12:00:00,no2,PIIANN,6.2,5.1094913
2024-01-05 02:00:00,no2,PIIANN,1.5000002,2.8416646
2024-08-12 01:00:00,no2,PIIANN,5.15,3.9645824
2025-03-05 01:00:00,no2,PIIANN,2.08,4.248558
2023-04-11 18:00:00,no2,PIIANN,2.975,2.1220176
2025-02-04 01:00:00,no2,PIIANN,3.37,2.8519137
2023-12-08 07:00:00,no2,PIIANN,14.775,10.173814
2023-05-09 04:00:00,no2,PIIANN,8.575,8.7695875
2023-08-11 11:00:00,no2,PIIANN,3.1,2.7645686
2025-05-05 03:00:00,no2,PIIANN,4.5,5.0078034
2024-12-08 17:00:00,no2,PIIANN,6.08,7.117863
2023-04-06 07:00:00,no2,PIIANN,11.625,8.1874485
2025-04-08 12:00:00,no2,PIIANN,2.84,4.1603165
2025-02-02 09:00:00,no2,PIIANN,5.15,6.664125
2024-02-08 12:00:00,no2,PIIANN,3.72,4.2417593
2021-05-03 07:00:00,no2,PIIANN,12.85,11.729079
2023-03-12 08:00:00,no2,PIIANN,1.5000002,1.5881674
2025-01-07 07:00:00,no2,PIIANN,6.3,5.966986
2024-09-01 13:00:00,no2,PIIANN,4.5,3.5345438
2023-01-12 05:00:00,no2,PIIANN,4.45,3.01816
2023-03-07 10:00:00,no2,PIIANN,7.975,8.032264
2025-12-05 16:00:00,no2,PIIANN,6.95,5.75165
2024-08-06 07:00:00,no2,PIIANN,2.58,3.186059
2022-09-08 15:00:00,no2,PIIANN,0.29999992,4.6936684
2025-01-02 05:00:00,no2,PIIANN,4.45,4.1507792
2022-06-11 01:00:00,no2,PIIANN,9.1,9.408466
2024-03-10 03:00:00,no2,PIIANN,1.8500001,3.031408
2025-04-05 06:00:00,no2,PIIANN,2.8,4.419887
2023-09-03 00:00:00,no2,PIIANN,3.925,8.496666
2024-08-10 07:00:00,no2,PIIANN,7.12,8.267174
2022-12-11 17:00:00,no2,PIIANN,4.15,5.4607773
2025-10-12 04:00:00,no2,PIIANN,3.09,3.1914198
2023-06-05 12:00:00,no2,PIIANN,9.6,8.679766
2025-02-08 02:00:00,no2,PIIANN,2.78,3.8685124
2023-01-03 07:00:00,no2,PIIANN,7.575,6.340853
2021-02-02 23:00:00,no2,PIIANN,2.0,2.73388
2024-12-09 02:00:00,no2,PIIANN,4.55,4.1890783
2022-02-07 06:00:00,no2,PIIANN,4.15,5.312501
2025-01-09 11:00:00,no2,PIIANN,3.42,3.132306
2022-07-12 09:00:00,no2,PIIANN,8.65,7.819163
2025-08-12 10:00:00,no2,PIIANN,5.48,4.353739
2022-02-01 10:00:00,no2,PIIANN,3.12,3.0918865
2024-03-12 02:00:00,no2,PIIANN,1.3799999,3.0689142
2023-09-06 09:00:00,no2,PIIANN,11.25,10.933034
2021-08-07 01:00:00,no2,PIIANN,4.9,4.277006
2021-06-04 20:00:00,no2,PIIANN,2.5199997,2.603834
2023-06-04 06:00:00,no2,PIIANN,5.625,4.7469006
2024-02-05 02:00:00,no2,PIIANN,1.7500002,2.8101752
2021-05-02 19:00:00,no2,PIIANN,4.97,5.2177906
2023-05-08 23:00:00,no2,PIIANN,7.325,7.33165
2021-05-05 03:00:00,no2,PIIANN,1.9199998,2.657569
2024-06-04 15:00:00,no2,PIIANN,4.03,3.8572328
2025-08-11 01:00:00,no2,PIIANN,5.89,7.9310765
2022-09-12 10:00:00,no2,PIIANN,12.3,7.240428
2022-04-08 05:00:00,no2,PIIANN,4.62,4.4908085
2021-05-01 21:00:00,no2,PIIANN,4.75,9.034336
2024-08-13 01:00:00,no2,PIIANN,3.1164114,3.1816008
2023-08-06 18:00:00,no2,PIIANN,12.325,9.818999
2024-09-02 14:00:00,no2,PIIANN,2.88,2.7832866
2023-07-06 21:00:00,no2,PIIANN,11.3,19.866657
2025-08-02 18:00:00,no2,PIIANN,2.98,3.6689649
2025-08-03 03:00:00,no2,PIIANN,19.62,17.439571
2023-02-09 11:00:00,no2,PIIANN,7.9,6.111386
2025-11-05 17:00:00,no2,PIIANN,4.57,5.494787
2021-10-02 08:00:00,no2,PIIANN,7.62,21.284561
2021-06-04 17:00:00,no2,PIIANN,1.0800002,1.725663
2023-12-09 03:00:00,no2,PIIANN,6.45,6.7048125
2025-03-10 15:00:00,no2,PIIANN,2.6,3.1566632
2023-12-12 23:00:00,no2,PIIANN,1.7333333,1.8823926
2024-08-02 08:00:00,no2,PIIANN,8.52,7.9890857
2024-02-09 08:00:00,no2,PIIANN,6.52,6.449506
2021-11-07 11:00:00,no2,PIIANN,2.88,3.1110215
2024-06-06 15:00:00,no2,PIIANN,5.98,5.7708554
2022-06-10 23:00:00,no2,PIIANN,7.75,10.911099
2023-10-06 16:00:00,no2,PIIANN,10.575,8.912551
2023-09-06 05:00:00,no2,PIIANN,12.2,10.490081
2021-02-05 02:00:00,no2,PIIANN,2.6799998,2.4200468
2023-07-05 00:00:00,no2,PIIANN,13.95,3.1596303
2025-03-11 09:00:00,no2,PIIANN,5.63,5.152291
2023-11-05 06:00:00,no2,PIIANN,19.2,16.884323
2025-03-03 12:00:00,no2,PIIANN,4.57,4.6334567
2023-06-08 16:00:00,no2,PIIANN,6.55,6.641526
2025-07-05 17:00:00,no2,PIIANN,4.7,7.113864
2021-08-01 14:00:00,no2,PIIANN,5.05,3.5077243
2025-12-06 16:00:00,no2,PIIANN,7.5,9.011099
2023-07-09 19:00:00,no2,PIIANN,6.75,7.7312083
2025-05-07 07:00:00,no2,PIIANN,4.95,7.4685593
2021-11-06 19:00:00,no2,PIIANN,7.55,4.5010724
2022-04-04 13:00:00,no2,PIIANN,1.0200002,1.3740585
2024-08-10 21:00:00,no2,PIIANN,3.75,4.345579
2021-05-11 15:00:00,no2,PIIANN,5.05,5.4227057
2024-02-04 08:00:00,no2,PIIANN,4.58,4.348975
2024-04-08 19:00:00,no2,PIIANN,9.3,5.9539948
2024-04-10 12:00:00,no2,PIIANN,3.72,3.842252
2024-06-08 19:00:00,no2,PIIANN,4.08,5.0859737
2024-03-02 08:00:00,no2,PIIANN,25.45,25.529655
2022-06-05 20:00:00,no2,PIIANN,4.08,4.1572485
2022-09-05 03:00:00,no2,PIIANN,7.7,5.226308
2021-03-05 10:00:00,no2,PIIANN,0.82000035,1.4935277
2023-05-10 07:00:00,no2,PIIANN,10.3,8.759616
2023-08-07 05:00:00,no2,PIIANN,9.35,10.493698
2025-04-11 23:00:00,no2,PIIANN,5.43,4.8739395
2025-11-02 04:00:00,no2,PIIANN,4.65,4.23278
2021-06-12 13:00:00,no2,PIIANN,5.65,4.278585
2021-03-05 16:00:00,no2,PIIANN,1.2,0.73614186
2022-02-11 00:00:00,no2,PIIANN,7.0,30.645597
2023-08-03 04:00:00,no2,PIIANN,4.75,5.67696
2022-02-04 17:00:00,no2,PIIANN,2.1499999,3.1844735
2023-10-06 07:00:00,no2,PIIANN,10.875,9.682345
2023-12-05 19:00:00,no2,PIIANN,11.4,9.66011
2023-02-07 15:00:00,no2,PIIANN,9.925,9.04001
2025-10-02 21:00:00,no2,PIIANN,3.45,3.193203
2023-12-08 03:00:00,no2,PIIANN,8.775,7.4097805
2021-11-02 15:00:00,no2,PIIANN,2.1,1.9644072
2023-02-09 00:00:00,no2,PIIANN,4.425,11.270311
2024-03-03 21:00:00,no2,PIIANN,5.03,3.5682828
2022-02-11 22:00:00,no2,PIIANN,19.33,19.702656
2022-05-07 14:00:00,no2,PIIANN,3.1,4.305739
2021-03-12 21:00:00,no2,PIIANN,13.58,11.409205
2023-12-08 23:00:00,no2,PIIANN,20.5,24.582073
2023-07-04 12:00:00,no2,PIIANN,1.3666666,2.6798387
2023-11-12 21:00:00,no2,PIIANN,1.6000001,2.6702936
2021-09-12 13:00:00,no2,PIIANN,1.6000001,1.6240733
2022-08-05 02:00:00,no2,PIIANN,2.0,3.5436618
2024-11-12 03:00:00,no2,PIIANN,5.98,4.6393347
2024-11-05 21:00:00,no2,PIIANN,1.3,1.7168868
2025-01-09 23:00:00,no2,PIIANN,1.74,2.4798694
2024-05-04 06:00:00,no2,PIIANN,4.8,3.4769378
2022-09-03 23:00:00,no2,PIIANN,3.55,4.5679984
2021-12-04 07:00:00,no2,PIIANN,2.5199997,3.1620884
2021-02-03 14:00:00,no2,PIIANN,1.9799998,1.5253952
2023-10-07 12:00:00,no2,PIIANN,12.033334,9.440593
2024-08-01 22:00:00,no2,PIIANN,2.7,3.6315203
2025-03-09 13:00:00,no2,PIIANN,3.12,3.400204
2023-02-13 02:00:00,no2,PIIANN,2.4103246,1.5971992
2021-05-02 20:00:00,no2,PIIANN,4.2,5.145914
2021-02-08 14:00:00,no2,PIIANN,2.3499997,4.075616
2025-12-03 22:00:00,no2,PIIANN,6.43,5.0298553
2024-10-03 18:00:00,no2,PIIANN,2.2,3.1050358
2021-11-02 05:00:00,no2,PIIANN,5.88,6.4192395
2025-09-09 06:00:00,no2,PIIANN,2.29,3.0926993
2021-12-04 02:00:00,no2,PIIANN,0.3500001,2.1470397
2023-12-05 10:00:00,no2,PIIANN,12.575,10.812402
2023-12-04 17:00:00,no2,PIIANN,9.05,7.7833734
2025-12-08 22:00:00,no2,PIIANN,3.86,5.079317
2023-08-01 23:00:00,no2,PIIANN,3.3,5.9128194
2023-09-03 07:00:00,no2,PIIANN,19.0,17.451525
2023-07-10 14:00:00,no2,PIIANN,5.2,5.6036134
2025-05-08 03:00:00,no2,PIIANN,4.89,5.4804106
2021-04-10 07:00:00,no2,PIIANN,8.25,10.840388
2022-05-10 11:00:00,no2,PIIANN,26.07,32.243694
2024-07-12 11:00:00,no2,PIIANN,3.7,3.9115014
2025-02-11 02:00:00,no2,PIIANN,1.7,4.5528927
2024-11-04 17:00:00,no2,PIIANN,2.08,3.111818
2024-06-05 11:00:00,no2,PIIANN,4.6,3.769071
2024-11-08 23:00:00,no2,PIIANN,2.25,3.3858457
2024-01-11 23:00:00,no2,PIIANN,2.6700003,5.8622303
2022-03-12 07:00:00,no2,PIIANN,8.7,9.595475
2021-08-09 06:00:00,no2,PIIANN,6.4,6.318661
2022-11-07 18:00:00,no2,PIIANN,5.93,5.753673
2022-01-11 02:00:00,no2,PIIANN,6.82,5.059723
2021-01-05 13:00:00,no2,PIIANN,1.0200002,0.71139973
2024-11-03 20:00:00,no2,PIIANN,6.85,5.897375
2023-08-11 22:00:00,no2,PIIANN,1.8750002,2.2214968
2024-08-03 16:00:00,no2,PIIANN,1.9199998,3.1059525
2022-02-09 15:00:00,no2,PIIANN,4.85,4.582799
2024-01-11 11:00:00,no2,PIIANN,2.78,4.365507
2024-04-03 07:00:00,no2,PIIANN,14.6,12.831371
2023-12-07 12:00:00,no2,PIIANN,8.066667,9.511945
2024-01-01 14:00:00,no2,PIIANN,2.3300002,3.1068325
2022-01-06 19:00:00,no2,PIIANN,8.5,5.077712
2023-03-05 10:00:00,no2,PIIANN,11.95,7.9617796
2025-03-01 17:00:00,no2,PIIANN,5.3,5.8398685
2023-08-07 10:00:00,no2,PIIANN,8.075,9.111513
2025-11-11 00:00:00,no2,PIIANN,3.49,1.2741444
2021-07-07 18:00:00,no2,PIIANN,3.7,3.0933237
2024-10-11 20:00:00,no2,PIIANN,3.72,3.9304101
2025-07-09 21:00:00,no2,PIIANN,2.83,2.660644
2021-12-03 18:00:00,no2,PIIANN,2.85,3.227823
2022-02-06 13:00:00,no2,PIIANN,3.08,2.7913473
2024-03-05 16:00:00,no2,PIIANN,5.92,4.858062
2024-10-02 07:00:00,no2,PIIANN,10.7,6.1253214
2025-06-11 13:00:00,no2,PIIANN,10.2,6.4946055
2023-05-02 19:00:00,no2,PIIANN,6.775,8.287632
2022-08-03 19:00:00,no2,PIIANN,3.95,3.4486365
2024-08-03 01:00:00,no2,PIIANN,3.42,3.1916957
2023-01-13 01:00:00,no2,PIIANN,1.6602848,2.0952055
2022-04-04 05:00:00,no2,PIIANN,3.55,2.818995
2024-04-03 05:00:00,no2,PIIANN,14.0,12.5925455
2023-01-05 05:00:00,no2,PIIANN,5.725,5.5019293
2022-06-01 13:00:00,no2,PIIANN,2.3300002,2.8046472
2023-02-12 13:00:00,no2,PIIANN,0.2500002,2.1399145
2024-04-10 14:00:00,no2,PIIANN,4.78,4.8673477
2024-09-03 09:00:00,no2,PIIANN,3.85,5.558284
2025-03-11 13:00:00,no2,PIIANN,7.08,6.4147925
2024-05-10 15:00:00,no2,PIIANN,7.38,8.735433
2023-11-06 17:00:00,no2,PIIANN,10.975,9.114249
2024-08-10 16:00:00,no2,PIIANN,2.5199997,3.2221148
2025-01-04 17:00:00,no2,PIIANN,4.08,4.1265683
2021-05-11 04:00:00,no2,PIIANN,5.95,4.0461483
2021-05-10 06:00:00,no2,PIIANN,4.38,4.4292555
2021-12-10 00:00:00,no2,PIIANN,3.88,2.0447028
2023-03-04 22:00:00,no2,PIIANN,4.325,3.9895287
2023-11-08 07:00:00,no2,PIIANN,11.525,9.658751
2021-11-10 10:00:00,no2,PIIANN,8.75,6.630484
2024-10-07 23:00:00,no2,PIIANN,2.45,4.7954793
2021-08-05 01:00:00,no2,PIIANN,0.27999994,2.248613
2023-10-04 09:00:00,no2,PIIANN,4.95,6.3537946
2022-11-05 13:00:00,no2,PIIANN,3.55,5.4154572
2023-11-06 06:00:00,no2,PIIANN,20.4,16.65187
2021-04-07 10:00:00,no2,PIIANN,3.12,4.078622
2021-11-09 09:00:00,no2,PIIANN,3.98,3.0326445
2025-01-10 19:00:00,no2,PIIANN,2.48,2.933082
2023-03-05 12:00:00,no2,PIIANN,8.933333,10.588079
2022-03-08 22:00:00,no2,PIIANN,3.075,1.9063113
2022-08-11 08:00:00,no2,PIIANN,14.8,12.25008
2021-06-13 00:00:00,no2,PIIANN,5.91,6.576788
2023-09-11 06:00:00,no2,PIIANN,3.775,4.8713717
2025-03-11 10:00:00,no2,PIIANN,13.45,5.032061
2025-07-08 14:00:00,no2,PIIANN,0.3199999,1.3391402
2022-09-07 18:00:00,no2,PIIANN,6.95,5.400681
2025-12-01 18:00:00,no2,PIIANN,9.1,7.5280113
2023-08-07 18:00:00,no2,PIIANN,9.075,11.271615
2022-05-07 13:00:00,no2,PIIANN,2.92,4.392976
2023-02-08 18:00:00,no2,PIIANN,16.525,10.893485
2023-09-04 18:00:00,no2,PIIANN,4.425,5.184309
2022-08-09 04:00:00,no2,PIIANN,12.9,13.542533
2023-04-08 04:00:00,no2,PIIANN,8.35,8.436907
2023-12-05 02:00:00,no2,PIIANN,17.875,9.750727
2023-07-08 11:00:00,no2,PIIANN,7.6,6.4161615
2023-05-03 09:00:00,no2,PIIANN,6.825,11.466537
2022-01-09 03:00:00,no2,PIIANN,14.15,13.278763
2025-05-09 11:00:00,no2,PIIANN,5.34,2.786188
2025-04-10 16:00:00,no2,PIIANN,6.28,3.6047935
2023-07-09 14:00:00,no2,PIIANN,5.675,5.6510367
2025-04-05 15:00:00,no2,PIIANN,2.58,3.5889642
2021-09-11 02:00:00,no2,PIIANN,2.82,5.471008
2021-07-09 20:00:00,no2,PIIANN,5.25,7.2177663
2021-02-07 14:00:00,no2,PIIANN,2.12,1.9820538
2023-05-04 07:00:00,no2,PIIANN,3.2250001,4.9760857
2021-03-11 17:00:00,no2,PIIANN,6.12,6.2717237
2021-01-10 07:00:00,no2,PIIANN,15.52,11.703319
2024-03-01 09:00:00,no2,PIIANN,11.8,12.44474
2021-01-03 22:00:00,no2,PIIANN,4.88,5.285291
2023-06-11 01:00:00,no2,PIIANN,2.391667,3.9494145
2021-09-09 15:00:00,no2,PIIANN,3.08,3.841088
2024-01-08 22:00:00,no2,PIIANN,2.55,3.688326
2023-08-02 21:00:00,no2,PIIANN,7.625,8.739427
2021-02-10 19:00:00,no2,PIIANN,3.08,3.7608674
2022-02-06 15:00:00,no2,PIIANN,4.22,2.8749704
2023-12-10 10:00:00,no2,PIIANN,1.7333333,1.8986175
2024-10-11 14:00:00,no2,PIIANN,3.0499997,3.0280743
2022-07-08 16:00:00,no2,PIIANN,4.62,3.9976604
2024-06-11 22:00:00,no2,PIIANN,7.95,4.153443
2022-01-03 09:00:00,no2,PIIANN,7.98,7.6633096
2025-02-01 20:00:00,no2,PIIANN,11.65,9.076731
2024-10-10 16:00:00,no2,PIIANN,2.6,3.714319
2023-07-05 06:00:00,no2,PIIANN,14.625,13.634291
2025-01-05 15:00:00,no2,PIIANN,3.3,3.5939274
2021-02-04 16:00:00,no2,PIIANN,3.72,2.6563075
2025-11-06 03:00:00,no2,PIIANN,4.0,4.1440706
2025-04-09 08:00:00,no2,PIIANN,1.9199998,2.2930052
2025-07-11 01:00:00,no2,PIIANN,3.63,4.3667107
2025-12-01 10:00:00,no2,PIIANN,5.9,4.6337504
2024-06-09 03:00:00,no2,PIIANN,4.22,3.5668137
2023-10-08 23:00:00,no2,PIIANN,13.375,13.319271
2022-09-12 22:00:00,no2,PIIANN,3.92,3.5442054
2024-01-12 07:00:00,no2,PIIANN,3.12,2.1883404
2025-04-01 08:00:00,no2,PIIANN,13.0,9.51634
2025-12-03 08:00:00,no2,PIIANN,9.22,6.932524
2024-11-05 18:00:00,no2,PIIANN,0.5699999,2.4205413
2022-05-05 15:00:00,no2,PIIANN,1.1000001,2.0980215
2024-10-06 22:00:00,no2,PIIANN,8.38,9.104125
2025-05-01 22:00:00,no2,PIIANN,4.6,4.170873
2024-09-11 03:00:00,no2,PIIANN,9.52,6.617005
2023-05-09 15:00:00,no2,PIIANN,11.95,11.823137
2024-03-05 22:00:00,no2,PIIANN,3.9,3.6106586
2022-07-10 12:00:00,no2,PIIANN,13.33,23.627815
2021-02-10 16:00:00,no2,PIIANN,1.4199998,2.4485843
2024-03-12 00:00:00,no2,PIIANN,2.48,2.4110847
2021-12-04 03:00:00,no2,PIIANN,0.37999985,2.062886
2023-12-08 01:00:00,no2,PIIANN,9.425,10.767223
2025-08-04 00:00:00,no2,PIIANN,1.55,5.925707
2025-07-10 01:00:00,no2,PIIANN,2.48,3.1303797
2021-09-06 06:00:00,no2,PIIANN,4.68,5.495302
2023-11-05 16:00:00,no2,PIIANN,8.4,8.03036
2022-09-05 05:00:00,no2,PIIANN,14.38,9.110105
2022-05-01 17:00:00,no2,PIIANN,4.18,5.005886
2022-11-03 12:00:00,no2,PIIANN,2.18,1.5652106
2024-06-11 10:00:00,no2,PIIANN,2.45,3.0221364
2022-02-01 22:00:00,no2,PIIANN,2.7,2.9704747
2024-07-11 16:00:00,no2,PIIANN,6.52,5.905621
2021-06-10 12:00:00,no2,PIIANN,1.5800002,3.7218037
2021-02-09 22:00:00,no2,PIIANN,8.4,9.960754
2023-01-07 12:00:00,no2,PIIANN,9.733334,8.392024
2024-02-06 04:00:00,no2,PIIANN,4.65,7.542921
2025-04-11 12:00:00,no2,PIIANN,4.8,4.857015
2023-05-06 05:00:00,no2,PIIANN,14.8,13.862177
2023-02-10 15:00:00,no2,PIIANN,5.15,5.214962
2023-12-04 01:00:00,no2,PIIANN,15.75,9.852559
2021-11-05 15:00:00,no2,PIIANN,0.52000016,0.82214373
2022-05-09 06:00:00,no2,PIIANN,18.98,17.001781
2025-04-02 22:00:00,no2,PIIANN,4.27,4.581866
2025-06-11 20:00:00,no2,PIIANN,3.67,4.5704827
2025-04-12 21:00:00,no2,PIIANN,5.33,5.442904
2022-03-01 16:00:00,no2,PIIANN,3.85,4.1359687
2025-10-02 18:00:00,no2,PIIANN,3.6,4.74943
2024-05-01 12:00:00,no2,PIIANN,5.37,7.149254
2022-03-03 19:00:00,no2,PIIANN,4.45,4.1379566
2024-03-06 15:00:00,no2,PIIANN,6.95,8.277028
2023-05-10 11:00:00,no2,PIIANN,8.733334,6.485398
2023-03-03 19:00:00,no2,PIIANN,11.025,8.574346
2024-02-12 13:00:00,no2,PIIANN,3.85,4.288989
2025-02-06 01:00:00,no2,PIIANN,2.95,0.7995264
2023-01-07 18:00:00,no2,PIIANN,10.575,10.6869545
2024-07-09 23:00:00,no2,PIIANN,5.42,3.7632308
2024-09-06 19:00:00,no2,PIIANN,2.85,4.923523
2022-07-07 12:00:00,no2,PIIANN,4.67,5.0017962
2023-06-07 15:00:00,no2,PIIANN,7.4,6.5694947
2024-07-05 14:00:00,no2,PIIANN,2.62,3.50914
2025-09-06 18:00:00,no2,PIIANN,13.38,6.147936
2025-04-03 11:00:00,no2,PIIANN,4.28,4.374448
2022-06-09 00:00:00,no2,PIIANN,3.45,5.2081265
2024-08-03 03:00:00,no2,PIIANN,4.05,4.7648616
2021-02-11 11:00:00,no2,PIIANN,10.07,11.125497
2023-08-07 13:00:00,no2,PIIANN,5.95,5.936019
2021-02-01 23:00:00,no2,PIIANN,2.72,3.0968766
2022-09-05 16:00:00,no2,PIIANN,11.42,8.587155
2023-10-01 15:00:00,no2,PIIANN,5.1,7.209654
2025-07-07 14:00:00,no2,PIIANN,4.22,5.762222
2024-04-11 21:00:00,no2,PIIANN,2.78,2.9663243
2025-04-10 12:00:00,no2,PIIANN,2.83,3.1029692
2021-11-12 23:00:00,no2,PIIANN,2.2,3.4844959
2021-12-11 17:00:00,no2,PIIANN,4.45,5.0131254
2023-02-05 13:00:00,no2,PIIANN,5.475,6.446861
2025-08-12 21:00:00,no2,PIIANN,4.56,5.064048
2022-12-06 16:00:00,no2,PIIANN,3.3,3.3876407
2021-09-07 02:00:00,no2,PIIANN,5.7,4.54941
2025-06-10 00:00:00,no2,PIIANN,1.4199998,1.9695642
2025-01-05 02:00:00,no2,PIIANN,2.02,4.361726
2023-08-07 16:00:00,no2,PIIANN,10.05,8.33687
2022-05-10 19:00:00,no2,PIIANN,35.599995,32.42411
2022-07-06 22:00:00,no2,PIIANN,2.98,4.534782
2022-06-06 06:00:00,no2,PIIANN,7.5,3.2506526
2023-12-08 18:00:00,no2,PIIANN,11.3,12.107801
2025-03-06 01:00:00,no2,PIIANN,3.9,0.6958696
2023-05-03 08:00:00,no2,PIIANN,12.225,13.646006
2024-03-07 19:00:00,no2,PIIANN,5.92,7.180656
2022-09-04 00:00:00,no2,PIIANN,1.1200001,4.275287
2022-05-10 13:00:00,no2,PIIANN,27.28,28.681778
2023-09-10 03:00:00,no2,PIIANN,4.25,4.394113
2025-05-07 13:00:00,no2,PIIANN,4.42,5.1791077
2021-07-05 16:00:00,no2,PIIANN,1.0800002,1.2317765
2023-07-08 19:00:00,no2,PIIANN,10.925,9.154672
2025-12-11 04:00:00,no2,PIIANN,2.9,3.2526402
2022-03-03 03:00:00,no2,PIIANN,1.3199999,1.9107373
2021-10-03 07:00:00,no2,PIIANN,3.9,5.398632
2023-05-11 02:00:00,no2,PIIANN,1.8750002,5.0754185
2021-10-08 10:00:00,no2,PIIANN,5.2,4.0689363
2021-10-02 13:00:00,no2,PIIANN,2.4,2.206244
2023-07-03 20:00:00,no2,PIIANN,5.625,6.722804
2023-01-09 04:00:00,no2,PIIANN,9.5,7.2591896
2023-12-06 13:00:00,no2,PIIANN,10.425,8.637509
2023-12-09 12:00:00,no2,PIIANN,5.733333,5.9634075
2023-06-11 08:00:00,no2,PIIANN,1.6499999,4.068489
2022-07-05 13:00:00,no2,PIIANN,2.3,3.4693592
2021-09-07 05:00:00,no2,PIIANN,4.35,4.1433835
2025-11-07 18:00:00,no2,PIIANN,7.82,7.5874653
2024-05-04 13:00:00,no2,PIIANN,3.2199998,2.9324343
2023-08-03 18:00:00,no2,PIIANN,7.925,6.5680847
2021-05-04 05:00:00,no2,PIIANN,1.6000001,2.1875
2025-06-09 07:00:00,no2,PIIANN,1.3,2.3804057
2021-07-04 12:00:00,no2,PIIANN,1.2,1.4296715
2024-02-12 04:00:00,no2,PIIANN,5.22,3.9141626
2024-05-01 13:00:00,no2,PIIANN,4.7,5.561142
2024-11-09 18:00:00,no2,PIIANN,6.3,6.8301334
2021-03-03 07:00:00,no2,PIIANN,17.999998,16.013931
2023-10-05 22:00:00,no2,PIIANN,6.875,8.0111265
2023-03-09 22:00:00,no2,PIIANN,6.7,6.4512424
2025-07-10 14:00:00,no2,PIIANN,3.93,4.798618
2021-09-04 09:00:00,no2,PIIANN,3.32,5.325744
2025-05-07 10:00:00,no2,PIIANN,3.9,4.7874975
2023-07-09 01:00:00,no2,PIIANN,7.025,6.391379
2021-01-11 21:00:00,no2,PIIANN,10.0,7.9501266
2021-06-05 17:00:00,no2,PIIANN,0.7799999,1.3715503
2022-11-09 02:00:00,no2,PIIANN,7.7,7.5131025
2025-09-07 08:00:00,no2,PIIANN,7.4,9.075353
2023-04-10 15:00:00,no2,PIIANN,8.425,6.529579
2025-12-05 14:00:00,no2,PIIANN,6.22,6.3278503
2025-02-11 12:00:00,no2,PIIANN,4.24,3.5224938
2021-08-12 19:00:00,no2,PIIANN,3.82,4.790922
2021-08-12 10:00:00,no2,PIIANN,3.0499997,5.3382726
2022-04-02 21:00:00,no2,PIIANN,3.18,4.3554277
2023-06-07 23:00:00,no2,PIIANN,11.3,10.820297
2024-12-09 03:00:00,no2,PIIANN,4.18,4.988152
2022-06-11 23:00:00,no2,PIIANN,2.3499997,4.7278867
2024-01-03 08:00:00,no2,PIIANN,8.6,13.89676
2025-11-08 19:00:00,no2,PIIANN,5.65,6.71167
2022-04-06 23:00:00,no2,PIIANN,3.02,4.476295
2021-05-12 00:00:00,no2,PIIANN,7.5,2.9879081
2023-02-10 17:00:00,no2,PIIANN,5.925,5.866842
2022-12-08 02:00:00,no2,PIIANN,13.25,7.611997
2022-12-03 22:00:00,no2,PIIANN,9.65,5.0985107
2023-02-04 21:00:00,no2,PIIANN,3.65,3.9988801
2025-04-02 21:00:00,no2,PIIANN,4.6,4.4194555
2024-07-02 04:00:00,no2,PIIANN,11.4,9.570926
2025-12-10 07:00:00,no2,PIIANN,2.31,3.236875
2023-10-04 14:00:00,no2,PIIANN,3.775,4.5358915
2025-09-09 17:00:00,no2,PIIANN,2.42,3.5318918
2024-04-05 06:00:00,no2,PIIANN,3.6,3.3147113
2022-07-09 09:00:00,no2,PIIANN,12.95,13.177535
2022-07-01 16:00:00,no2,PIIANN,2.58,2.8457932
2022-11-03 15:00:00,no2,PIIANN,2.3300002,1.6354182
2023-02-01 17:00:00,no2,PIIANN,3.3750002,4.258423
2021-02-08 00:00:00,no2,PIIANN,1.8799999,5.7121997
2024-10-11 17:00:00,no2,PIIANN,2.12,4.2296658
2022-09-12 23:00:00,no2,PIIANN,3.75,3.7972913
2024-04-05 07:00:00,no2,PIIANN,2.6,3.980027
2022-02-03 08:00:00,no2,PIIANN,13.95,12.451691
2022-04-08 14:00:00,no2,PIIANN,0.7,2.7355528
2021-02-05 03:00:00,no2,PIIANN,1.8999999,3.128329
2021-02-12 03:00:00,no2,PIIANN,4.82,3.7956128
2023-10-03 15:00:00,no2,PIIANN,5.3,5.305112
2023-09-06 22:00:00,no2,PIIANN,12.275,14.66527
2021-02-12 05:00:00,no2,PIIANN,3.72,6.375055
2023-08-03 02:00:00,no2,PIIANN,4.35,4.5950084
2021-10-09 20:00:00,no2,PIIANN,3.68,6.976088
2023-05-06 04:00:00,no2,PIIANN,15.275,9.144273
2021-06-10 06:00:00,no2,PIIANN,9.8,9.708415
2025-01-02 00:00:00,no2,PIIANN,1.0800002,5.255282
2023-05-09 01:00:00,no2,PIIANN,6.325,6.9897795
2022-11-11 16:00:00,no2,PIIANN,6.38,5.783354
2025-12-06 14:00:00,no2,PIIANN,5.88,8.716222
2025-02-06 19:00:00,no2,PIIANN,5.35,6.0030627
2024-07-12 14:00:00,no2,PIIANN,4.03,3.3568847
2023-06-09 03:00:00,no2,PIIANN,5.55,6.7788424
2025-07-02 08:00:00,no2,PIIANN,13.02,11.011951
2023-03-12 23:00:00,no2,PIIANN,0.20622274,0.81263036
2024-04-07 19:00:00,no2,PIIANN,8.6285715,9.7296
2025-09-11 02:00:00,no2,PIIANN,3.8,4.231984
2025-08-02 09:00:00,no2,PIIANN,9.1,8.920289
2023-09-10 14:00:00,no2,PIIANN,5.575,5.014242
2024-05-10 06:00:00,no2,PIIANN,3.62,4.3460016
2021-01-11 01:00:00,no2,PIIANN,0.39999983,2.96144
2024-02-08 21:00:00,no2,PIIANN,7.8,8.904296
2025-12-05 07:00:00,no2,PIIANN,5.52,4.9383187
2021-12-11 13:00:00,no2,PIIANN,3.0,3.1411805
2022-01-09 22:00:00,no2,PIIANN,18.05,25.69898
2023-03-09 16:00:00,no2,PIIANN,6.8,7.0417128
2024-12-09 11:00:00,no2,PIIANN,4.3,2.792327
2023-03-05 14:00:00,no2,PIIANN,7.2,8.577593
2023-09-03 20:00:00,no2,PIIANN,5.95,6.8288493
2021-04-09 08:00:00,no2,PIIANN,5.93,6.8465395
2023-12-04 13:00:00,no2,PIIANN,6.3,5.051042
2021-08-05 20:00:00,no2,PIIANN,2.5000002,3.0001175
2021-06-12 14:00:00,no2,PIIANN,3.78,5.4331493
2022-07-08 08:00:00,no2,PIIANN,4.62,4.7181168
2024-05-07 02:00:00,no2,PIIANN,4.8704,5.0031934
2025-05-10 11:00:00,no2,PIIANN,1.4100001,2.282832
2022-08-03 01:00:00,no2,PIIANN,1.0800002,1.7569411
2022-07-02 13:00:00,no2,PIIANN,2.2,2.4068148
2024-10-06 14:00:00,no2,PIIANN,9.25,4.2970486
2021-09-05 21:00:00,no2,PIIANN,1.5200002,2.1358123
2023-08-08 22:00:00,no2,PIIANN,9.475,7.2411985
2023-10-08 01:00:00,no2,PIIANN,21.75,15.785161
2024-03-06 17:00:00,no2,PIIANN,9.62,7.995834
2023-12-06 22:00:00,no2,PIIANN,8.375,12.585003
2023-06-09 15:00:00,no2,PIIANN,4.025,5.7308946
2025-02-04 15:00:00,no2,PIIANN,2.58,3.439825
2022-04-08 04:00:00,no2,PIIANN,4.62,4.359347
2023-03-11 15:00:00,no2,PIIANN,1.3,3.6364322
2023-06-11 21:00:00,no2,PIIANN,2.775,1.9143493
2025-02-05 22:00:00,no2,PIIANN,2.1499999,3.7085125
2021-01-02 15:00:00,no2,PIIANN,3.35,2.982371
2025-03-07 19:00:00,no2,PIIANN,6.0,7.2714005
2022-11-01 16:00:00,no2,PIIANN,1.95,2.0817146
2023-02-11 18:00:00,no2,PIIANN,1.7250001,2.5025465
2024-05-09 08:00:00,no2,PIIANN,5.98,6.617404
2021-02-12 22:00:00,no2,PIIANN,3.78,4.489137
2022-02-09 03:00:00,no2,PIIANN,15.08,13.160486
2021-06-02 12:00:00,no2,PIIANN,3.45,2.9455276
2023-09-09 12:00:00,no2,PIIANN,7.366667,6.175299
2023-05-11 14:00:00,no2,PIIANN,1.3500001,2.2948647
2021-05-11 20:00:00,no2,PIIANN,10.25,9.530028
2025-12-07 03:00:00,no2,PIIANN,5.35,6.5483513
2024-07-02 09:00:00,no2,PIIANN,11.1,9.636137
2025-06-08 08:00:00,no2,PIIANN,0.2700002,2.2011087
2023-07-05 10:00:00,no2,PIIANN,8.65,9.69755
2022-02-03 05:00:00,no2,PIIANN,14.32,11.058789
2024-10-02 10:00:00,no2,PIIANN,1.7500002,4.143103
2024-07-08 20:00:00,no2,PIIANN,11.88,8.337197
2021-07-08 15:00:00,no2,PIIANN,2.92,2.4443886
2025-10-11 01:00:00,no2,PIIANN,4.78,6.075992
2022-05-04 01:00:00,no2,PIIANN,0.7300002,2.0216155
2023-04-06 04:00:00,no2,PIIANN,5.175,7.135748
2023-12-05 18:00:00,no2,PIIANN,9.4,9.456914
2025-09-11 23:00:00,no2,PIIANN,4.46,2.2995446
2023-02-07 23:00:00,no2,PIIANN,8.4,8.371427
2025-03-08 05:00:00,no2,PIIANN,4.17,3.8978312
2022-06-11 04:00:00,no2,PIIANN,16.0,16.894306
2024-10-05 05:00:00,no2,PIIANN,2.42,4.1886196
2024-08-05 17:00:00,no2,PIIANN,3.3799999,4.0587354
2024-12-09 05:00:00,no2,PIIANN,6.2,6.292651
2023-01-04 23:00:00,no2,PIIANN,3.3,3.8046563
2024-08-11 02:00:00,no2,PIIANN,2.5000002,2.9228103
2021-11-02 11:00:00,no2,PIIANN,2.88,2.9670603
2023-07-06 06:00:00,no2,PIIANN,15.85,11.095541
2024-03-04 06:00:00,no2,PIIANN,7.42,4.88113
2024-11-12 15:00:00,no2,PIIANN,11.98,10.67747
2021-08-04 18:00:00,no2,PIIANN,2.9,2.9902468
2024-03-12 12:00:00,no2,PIIANN,2.2,4.557085
2022-11-10 16:00:00,no2,PIIANN,6.98,6.035724
2025-08-07 12:00:00,no2,PIIANN,6.42,6.005389
2022-08-03 21:00:00,no2,PIIANN,4.7,4.2268276
2021-06-04 22:00:00,no2,PIIANN,2.08,2.968638
2025-11-07 11:00:00,no2,PIIANN,3.6,6.0675106
2023-11-13 00:00:00,no2,PIIANN,1.1551845,1.9623816
2025-03-02 08:00:00,no2,PIIANN,7.8,7.469763
2025-07-09 14:00:00,no2,PIIANN,3.2099998,3.2656095
2024-02-01 16:00:00,no2,PIIANN,3.5,4.4130516
2022-01-04 19:00:00,no2,PIIANN,3.0499997,3.067534
2024-08-06 19:00:00,no2,PIIANN,3.9,4.561263
2021-07-06 02:00:00,no2,PIIANN,0.8666665,2.175739
2024-01-05 09:00:00,no2,PIIANN,4.53,2.59602
2024-04-05 22:00:00,no2,PIIANN,4.53,5.4228563
2024-06-07 14:00:00,no2,PIIANN,4.62,5.979009
2021-09-06 09:00:00,no2,PIIANN,3.32,3.5628169
2023-08-09 22:00:00,no2,PIIANN,5.425,6.0713444
2022-01-10 23:00:00,no2,PIIANN,30.920002,24.293251
2023-01-09 06:00:00,no2,PIIANN,12.2,11.058677
2022-01-03 16:00:00,no2,PIIANN,1.9199998,2.5836952
2023-07-05 22:00:00,no2,PIIANN,5.475,8.372162
2023-07-04 19:00:00,no2,PIIANN,3.0249999,3.3468516
2022-11-07 20:00:00,no2,PIIANN,5.38,6.4127054
2024-05-05 19:00:00,no2,PIIANN,3.82,4.1729064
2024-02-06 07:00:00,no2,PIIANN,3.12,4.965662
2022-04-11 19:00:00,no2,PIIANN,6.42,11.471001
2025-08-13 01:00:00,no2,PIIANN,4.241904,3.5643156
2025-06-10 22:00:00,no2,PIIANN,2.3300002,1.6343415
2023-03-12 10:00:00,no2,PIIANN,1.1666667,1.4052541
2025-04-09 07:00:00,no2,PIIANN,1.3300002,2.3923268
2024-02-02 00:00:00,no2,PIIANN,2.12,4.616146
2021-03-11 05:00:00,no2,PIIANN,1.6499999,2.2365134
2025-02-10 22:00:00,no2,PIIANN,1.8900001,1.618304
2025-05-01 18:00:00,no2,PIIANN,5.98,4.6315036
2023-10-11 15:00:00,no2,PIIANN,0.9750001,2.3597033
2022-04-08 22:00:00,no2,PIIANN,4.62,2.515613
2022-02-12 22:00:00,no2,PIIANN,3.78,6.263267
2021-05-07 08:00:00,no2,PIIANN,4.1,3.5211422
2022-09-11 14:00:00,no2,PIIANN,5.82,4.387328
2022-02-11 10:00:00,no2,PIIANN,11.4,9.09315
2022-05-03 07:00:00,no2,PIIANN,9.68,8.757744
2023-11-01 19:00:00,no2,PIIANN,13.375,7.898783
2023-12-03 21:00:00,no2,PIIANN,3.875,3.5836425
2025-06-03 18:00:00,no2,PIIANN,8.45,7.0579305
2023-08-08 06:00:00,no2,PIIANN,6.4,6.9483094
2021-11-07 20:00:00,no2,PIIANN,3.65,4.0771666
2022-08-11 04:00:00,no2,PIIANN,11.27,13.273482
2021-12-10 10:00:00,no2,PIIANN,4.6,4.461367
2022-08-02 05:00:00,no2,PIIANN,12.85,8.009067
2025-01-12 05:00:00,no2,PIIANN,2.3,2.45926
2023-02-06 13:00:00,no2,PIIANN,8.0,7.620543
2022-12-07 16:00:00,no2,PIIANN,3.2199998,4.228707
2025-10-05 14:00:00,no2,PIIANN,3.0,4.227004
2023-10-10 19:00:00,no2,PIIANN,3.0249999,4.4041553
2025-08-04 05:00:00,no2,PIIANN,6.1,4.5681343
2025-07-03 17:00:00,no2,PIIANN,7.08,5.7157035
2023-06-11 11:00:00,no2,PIIANN,3.8333333,2.1523004
2021-12-06 04:00:00,no2,PIIANN,4.97,4.33978
2022-08-12 03:00:00,no2,PIIANN,7.18,7.4450264
2022-06-07 14:00:00,no2,PIIANN,2.98,4.3764486
2024-11-06 20:00:00,no2,PIIANN,4.68,6.90365
2024-03-05 05:00:00,no2,PIIANN,2.2,3.3000014
2022-04-05 08:00:00,no2,PIIANN,4.62,5.2266874
2022-01-10 16:00:00,no2,PIIANN,12.4,8.921743
2024-08-10 11:00:00,no2,PIIANN,2.98,4.162527
2021-01-02 19:00:00,no2,PIIANN,4.85,4.8019404
2024-02-02 13:00:00,no2,PIIANN,1.8700001,3.2074683
2025-09-09 08:00:00,no2,PIIANN,2.46,3.2944498
2025-08-06 13:00:00,no2,PIIANN,5.1,6.209464
2022-09-09 10:00:00,no2,PIIANN,10.5,12.106546
2022-08-08 21:00:00,no2,PIIANN,4.62,4.8651986
2024-07-01 18:00:00,no2,PIIANN,4.8,5.4863048
2024-11-09 11:00:00,no2,PIIANN,4.48,5.1384454
2022-06-12 15:00:00,no2,PIIANN,6.92,10.181393
2021-07-05 11:00:00,no2,PIIANN,0.87999934,1.1922333
2024-03-08 02:00:00,no2,PIIANN,4.58,6.7626576
2022-12-12 12:00:00,no2,PIIANN,7.2,7.0466437
2023-12-11 06:00:00,no2,PIIANN,4.525,6.643505
2022-08-12 17:00:00,no2,PIIANN,10.35,11.629347
2025-05-03 22:00:00,no2,PIIANN,4.97,6.146926
2023-03-02 11:00:00,no2,PIIANN,6.633333,7.0758724
2022-03-11 23:00:00,no2,PIIANN,6.45,5.7404485
2024-08-03 09:00:00,no2,PIIANN,4.75,4.8975735
2022-10-12 11:00:00,no2,PIIANN,7.97,7.2841196
2022-07-12 00:00:00,no2,PIIANN,8.7,9.82579
2024-04-10 20:00:00,no2,PIIANN,4.08,5.3476434
2023-11-06 19:00:00,no2,PIIANN,15.9,13.354522
2022-03-02 16:00:00,no2,PIIANN,2.95,3.0568182
2023-04-10 18:00:00,no2,PIIANN,8.65,7.3467317
2025-12-10 08:00:00,no2,PIIANN,1.9400003,2.9184482
2022-05-09 15:00:00,no2,PIIANN,4.6,6.321403
2025-07-06 11:00:00,no2,PIIANN,5.55,6.5289216
2021-09-09 22:00:00,no2,PIIANN,2.1499999,3.8364983
2021-05-02 18:00:00,no2,PIIANN,4.82,5.246639
2025-11-07 03:00:00,no2,PIIANN,7.12,5.428432
2025-04-04 10:00:00,no2,PIIANN,7.45,6.7974434
2023-04-07 14:00:00,no2,PIIANN,6.55,6.9067597
2024-03-04 03:00:00,no2,PIIANN,3.35,3.478131
2023-03-08 21:00:00,no2,PIIANN,7.75,8.678501
2021-12-11 11:00:00,no2,PIIANN,5.05,8.43207
2023-11-10 09:00:00,no2,PIIANN,3.65,4.7213726
2025-06-05 12:00:00,no2,PIIANN,4.7,3.948557
2025-10-03 10:00:00,no2,PIIANN,1.8999999,4.486003
2024-04-06 22:00:00,no2,PIIANN,6.52,8.885941
2022-10-10 23:00:00,no2,PIIANN,5.68,9.355043
2022-11-07 09:00:00,no2,PIIANN,4.57,5.9520984
2023-02-09 05:00:00,no2,PIIANN,7.4,6.4331675
2021-12-10 04:00:00,no2,PIIANN,5.58,5.8391867
2023-10-01 10:00:00,no2,PIIANN,7.3,10.80236
2025-12-09 11:00:00,no2,PIIANN,2.73,3.5186644
2025-10-06 05:00:00,no2,PIIANN,4.78,5.775882
2025-10-08 19:00:00,no2,PIIANN,4.46,5.0006194
2023-02-02 04:00:00,no2,PIIANN,5.025,5.1121645
2024-07-11 09:00:00,no2,PIIANN,8.88,6.2493076
2023-12-12 18:00:00,no2,PIIANN,3.2000003,4.4593916
2023-03-06 13:00:00,no2,PIIANN,8.525,7.3008766
2023-01-06 08:00:00,no2,PIIANN,11.65,10.303864
2022-01-04 12:00:00,no2,PIIANN,1.9799998,2.4445827
2025-05-11 23:00:00,no2,PIIANN,5.37,4.054809
2023-08-10 11:00:00,no2,PIIANN,6.133333,4.162845
2022-09-08 11:00:00,no2,PIIANN,4.62,3.9508162
2023-09-03 09:00:00,no2,PIIANN,5.25,11.2386875
2024-03-01 16:00:00,no2,PIIANN,4.62,4.974892
2025-03-09 12:00:00,no2,PIIANN,2.5099998,3.5095632
2025-11-07 15:00:00,no2,PIIANN,6.57,6.3351154
2022-09-07 02:00:00,no2,PIIANN,5.35,9.088317
2023-01-12 14:00:00,no2,PIIANN,0.8750002,2.351373
2023-05-08 08:00:00,no2,PIIANN,8.475,10.213716
2025-12-08 10:00:00,no2,PIIANN,4.43,4.485909
2021-02-10 11:00:00,no2,PIIANN,1.3999999,2.2622738
2025-11-04 18:00:00,no2,PIIANN,5.48,6.648011
2024-02-05 06:00:00,no2,PIIANN,3.48,3.4558837
2022-04-09 13:00:00,no2,PIIANN,2.98,5.293385
2021-01-03 03:00:00,no2,PIIANN,5.68,2.8303354
2021-03-06 01:00:00,no2,PIIANN,0.996,1.3572857
2022-05-10 08:00:00,no2,PIIANN,39.38,33.359444
2023-01-02 08:00:00,no2,PIIANN,4.62,5.7639036
2023-11-11 09:00:00,no2,PIIANN,1.5000002,4.002108
2022-09-03 22:00:00,no2,PIIANN,4.3,4.822027
2024-09-05 12:00:00,no2,PIIANN,2.1300004,2.6838808
2025-12-06 04:00:00,no2,PIIANN,3.18,4.934993
2022-12-02 00:00:00,no2,PIIANN,1.9059999,1.8369653
2022-06-11 22:00:00,no2,PIIANN,3.02,7.1871905
2023-07-02 16:00:00,no2,PIIANN,22.15,18.933136
2021-08-11 23:00:00,no2,PIIANN,4.32,8.241054
2025-11-11 21:00:00,no2,PIIANN,3.43,3.4406896
2024-10-03 12:00:00,no2,PIIANN,3.67,2.5833733
2022-12-06 17:00:00,no2,PIIANN,3.3799999,3.855277
2022-09-04 03:00:00,no2,PIIANN,1.6200001,2.1748774
2023-06-01 08:00:00,no2,PIIANN,6.4,7.2164664
2025-06-10 17:00:00,no2,PIIANN,5.04,4.3201475
2022-02-10 13:00:00,no2,PIIANN,11.4,14.099284
2024-09-12 18:00:00,no2,PIIANN,5.9,5.8938394
2025-09-05 16:00:00,no2,PIIANN,4.92,5.235208
2024-02-09 03:00:00,no2,PIIANN,2.5000002,3.453682
2025-10-12 15:00:00,no2,PIIANN,5.59,5.675656
2024-11-08 11:00:00,no2,PIIANN,4.1,3.0377436
2024-10-07 05:00:00,no2,PIIANN,4.97,4.5794716
2022-08-04 08:00:00,no2,PIIANN,1.6499999,3.7245564
2025-09-12 18:00:00,no2,PIIANN,4.8,4.879356
2021-05-02 03:00:00,no2,PIIANN,7.18,5.81368
2025-03-05 03:00:00,no2,PIIANN,1.7500002,3.712884
2022-10-10 18:00:00,no2,PIIANN,9.68,7.191154
2022-12-07 13:00:00,no2,PIIANN,2.45,3.4642305
2024-10-07 13:00:00,no2,PIIANN,5.08,4.0591865
2023-01-02 00:00:00,no2,PIIANN,3.5307693,3.789335
2021-01-07 10:00:00,no2,PIIANN,2.3499997,2.840321
2024-01-07 16:00:00,no2,PIIANN,7.98,6.8975344
2022-08-06 18:00:00,no2,PIIANN,5.42,5.635017
2022-01-07 08:00:00,no2,PIIANN,5.78,7.2958255
2021-10-04 03:00:00,no2,PIIANN,2.9,2.0644407
2022-03-12 11:00:00,no2,PIIANN,2.8700001,3.8671455
2025-06-04 04:00:00,no2,PIIANN,7.38,7.0775986
2022-11-08 17:00:00,no2,PIIANN,14.0,10.811034
2023-01-06 07:00:00,no2,PIIANN,11.65,10.874255
2023-04-10 19:00:00,no2,PIIANN,6.7,7.9769425
2025-12-10 10:00:00,no2,PIIANN,2.18,3.1455142
2025-08-07 14:00:00,no2,PIIANN,6.62,6.4141526
2025-03-04 19:00:00,no2,PIIANN,7.12,6.1635094
2024-05-02 20:00:00,no2,PIIANN,25.5,24.83099
2024-04-04 15:00:00,no2,PIIANN,2.8,3.1298206
2023-06-04 15:00:00,no2,PIIANN,2.525,3.392742
2022-06-10 16:00:00,no2,PIIANN,16.48,10.525414
2023-09-03 14:00:00,no2,PIIANN,4.375,5.204217
2021-04-10 14:00:00,no2,PIIANN,1.2,2.1846664
2024-11-03 00:00:00,no2,PIIANN,2.38,3.2589273
2023-06-05 07:00:00,no2,PIIANN,14.225,12.047293
2025-04-11 05:00:00,no2,PIIANN,3.6,4.2492156
2024-09-02 23:00:00,no2,PIIANN,2.3300002,2.4739292
2024-06-01 19:00:00,no2,PIIANN,8.88,4.290257
2025-04-09 04:00:00,no2,PIIANN,1.3300002,2.2873962
2022-09-11 06:00:00,no2,PIIANN,16.15,11.218773
2025-08-12 00:00:00,no2,PIIANN,7.18,3.658568
2022-05-12 16:00:00,no2,PIIANN,3.85,4.0681753
2021-01-05 07:00:00,no2,PIIANN,3.45,5.0224376
2021-07-01 12:00:00,no2,PIIANN,11.8,10.952089
2021-07-10 22:00:00,no2,PIIANN,2.72,2.835789
2022-09-03 11:00:00,no2,PIIANN,3.8,4.8138766
2022-03-12 02:00:00,no2,PIIANN,3.85,5.9206367
2024-12-07 04:00:00,no2,PIIANN,2.85,4.3031654
2023-10-06 08:00:00,no2,PIIANN,8.85,10.20054
2025-02-04 11:00:00,no2,PIIANN,4.32,3.5542884
2021-07-11 11:00:00,no2,PIIANN,7.25,5.670347
2025-05-02 03:00:00,no2,PIIANN,10.65,6.468259
2023-09-07 21:00:00,no2,PIIANN,9.3,9.109273
2025-02-09 17:00:00,no2,PIIANN,5.55,3.3997784
2023-08-02 14:00:00,no2,PIIANN,7.35,5.0828724
2022-02-07 20:00:00,no2,PIIANN,8.57,5.798757
2025-03-07 11:00:00,no2,PIIANN,6.0,5.7039733
2024-03-09 03:00:00,no2,PIIANN,6.38,5.4442835
2022-08-06 03:00:00,no2,PIIANN,4.15,4.944674
2023-02-11 21:00:00,no2,PIIANN,1.7666667,1.8920233
2021-02-03 04:00:00,no2,PIIANN,6.3,6.860092
2022-06-09 23:00:00,no2,PIIANN,6.5,6.3641095
2022-09-08 23:00:00,no2,PIIANN,4.62,4.682422
2024-11-10 17:00:00,no2,PIIANN,2.1,3.621433
2022-10-07 07:00:00,no2,PIIANN,3.7,4.863245
2021-09-03 23:00:00,no2,PIIANN,1.95,2.8658445
2024-12-09 10:00:00,no2,PIIANN,2.6,3.1641624
2024-05-06 01:00:00,no2,PIIANN,2.47,4.1867228
2022-08-08 18:00:00,no2,PIIANN,4.62,5.191086
2023-05-03 01:00:00,no2,PIIANN,3.9,5.667594
2021-11-10 04:00:00,no2,PIIANN,4.2,5.3742657
2025-07-02 04:00:00,no2,PIIANN,5.275,4.827037
2024-03-08 05:00:00,no2,PIIANN,6.65,6.7941113
2021-01-04 13:00:00,no2,PIIANN,3.65,2.9921148
2023-03-11 13:00:00,no2,PIIANN,6.325,3.9003284
2025-06-11 15:00:00,no2,PIIANN,7.02,6.4934106
2025-11-02 05:00:00,no2,PIIANN,3.85,5.4560385
2023-04-06 16:00:00,no2,PIIANN,12.8,9.733566
2023-10-01 22:00:00,no2,PIIANN,13.85,11.492244
2021-11-02 03:00:00,no2,PIIANN,5.4,3.958093
2024-02-04 22:00:00,no2,PIIANN,3.18,2.7742784
2024-05-05 00:00:00,no2,PIIANN,2.92,5.0395455
2023-12-02 21:00:00,no2,PIIANN,17.775,13.062126
2024-06-06 04:00:00,no2,PIIANN,4.6,4.0651474
2023-12-01 20:00:00,no2,PIIANN,9.625,8.831115
2025-10-04 17:00:00,no2,PIIANN,5.6,5.145788
2022-09-08 19:00:00,no2,PIIANN,4.62,5.3086367
2021-09-09 11:00:00,no2,PIIANN,4.12,3.3781402
2022-06-11 16:00:00,no2,PIIANN,4.78,6.6240153
2021-01-10 10:00:00,no2,PIIANN,3.25,2.5712392
2024-01-07 18:00:00,no2,PIIANN,7.05,7.370394
2021-06-11 05:00:00,no2,PIIANN,5.78,5.1990333
2024-08-04 13:00:00,no2,PIIANN,3.9,3.206976
2025-09-05 20:00:00,no2,PIIANN,5.15,6.2722054
2022-01-04 11:00:00,no2,PIIANN,2.2,2.5652688
2021-12-06 22:00:00,no2,PIIANN,3.0,3.1560543
2023-10-08 00:00:00,no2,PIIANN,18.65,6.6434817
2023-04-04 16:00:00,no2,PIIANN,4.925,3.8956676
2023-03-04 04:00:00,no2,PIIANN,1.3,2.8966386
2022-05-12 09:00:00,no2,PIIANN,5.0,5.077378
2025-05-11 05:00:00,no2,PIIANN,4.88,5.786095
2022-07-09 17:00:00,no2,PIIANN,17.22,9.760029
2022-04-10 16:00:00,no2,PIIANN,14.8,13.571913
2023-10-12 22:00:00,no2,PIIANN,2.225,2.6698902
2021-06-03 06:00:00,no2,PIIANN,13.65,12.294424
2021-05-02 14:00:00,no2,PIIANN,2.8,3.1955285
2024-07-02 12:00:00,no2,PIIANN,7.13,5.2063956
2021-02-12 02:00:00,no2,PIIANN,2.3,3.395534
2023-03-10 05:00:00,no2,PIIANN,4.95,5.1834044
2023-06-11 20:00:00,no2,PIIANN,1.3666666,2.660613
2023-04-10 20:00:00,no2,PIIANN,6.575,7.174442
2023-09-06 18:00:00,no2,PIIANN,22.25,12.058827
2021-01-10 14:00:00,no2,PIIANN,2.3300002,1.9036901
2021-11-13 02:00:00,no2,PIIANN,2.2139955,3.4847486
2022-11-12 14:00:00,no2,PIIANN,6.2,6.1804123
2021-10-05 19:00:00,no2,PIIANN,0.52000016,1.919615
2025-07-05 06:00:00,no2,PIIANN,13.98,10.610305
2025-02-10 14:00:00,no2,PIIANN,1.8999999,3.0217898
2022-01-04 03:00:00,no2,PIIANN,1.1800001,2.1556191
2024-04-08 09:00:00,no2,PIIANN,2.98,3.19225
2025-09-02 10:00:00,no2,PIIANN,4.93,5.728868
2023-12-10 12:00:00,no2,PIIANN,1.8999999,1.6923826
2023-09-07 19:00:00,no2,PIIANN,6.7,7.5007706
2023-08-04 02:00:00,no2,PIIANN,2.525,3.0348039
2022-05-04 16:00:00,no2,PIIANN,1.2700002,1.9006922
2023-07-03 17:00:00,no2,PIIANN,5.55,5.191553
2022-04-02 09:00:00,no2,PIIANN,5.78,8.396891
2023-12-10 15:00:00,no2,PIIANN,0.5000002,2.0074682
2023-04-09 14:00:00,no2,PIIANN,10.975,9.3287
2023-09-06 04:00:00,no2,PIIANN,11.4,8.268217
2022-12-05 02:00:00,no2,PIIANN,7.85,7.860357
2025-12-06 01:00:00,no2,PIIANN,3.32,2.4539342
2024-04-05 10:00:00,no2,PIIANN,4.4,3.9463553
2021-12-06 01:00:00,no2,PIIANN,1.0000002,2.6970456
2021-01-10 05:00:00,no2,PIIANN,6.75,7.626357
2021-02-03 10:00:00,no2,PIIANN,3.6,5.7302485
2025-06-05 18:00:00,no2,PIIANN,5.8,4.613458
2025-09-01 11:00:00,no2,PIIANN,7.18,7.2518787
2023-11-03 08:00:00,no2,PIIANN,13.05,17.962557
2024-12-06 15:00:00,no2,PIIANN,5.92,5.4188538
2025-03-06 21:00:00,no2,PIIANN,6.28,6.728723
2022-06-07 09:00:00,no2,PIIANN,4.82,5.2055564
2022-10-12 21:00:00,no2,PIIANN,14.0,12.462502
2024-12-10 13:00:00,no2,PIIANN,1.2,2.6440957
2025-08-02 16:00:00,no2,PIIANN,5.13,2.814279
2023-01-04 15:00:00,no2,PIIANN,1.8500001,3.7002635
2023-02-03 14:00:00,no2,PIIANN,9.475,6.351532
2022-09-10 15:00:00,no2,PIIANN,3.15,5.072961
2024-07-09 12:00:00,no2,PIIANN,2.8,5.493273
2025-04-04 02:00:00,no2,PIIANN,10.27,8.010623
2025-05-12 16:00:00,no2,PIIANN,5.42,5.6028914
2021-05-11 17:00:00,no2,PIIANN,10.48,5.8598304
2024-10-09 11:00:00,no2,PIIANN,4.47,2.8823771
2022-09-06 07:00:00,no2,PIIANN,6.42,7.08781
2021-06-11 09:00:00,no2,PIIANN,2.78,3.442799
2024-03-03 16:00:00,no2,PIIANN,3.28,3.2289934
2024-04-04 09:00:00,no2,PIIANN,3.98,3.3620443
2024-11-08 18:00:00,no2,PIIANN,4.55,4.8168426
2022-05-09 10:00:00,no2,PIIANN,6.15,9.098345
2024-06-10 20:00:00,no2,PIIANN,4.32,4.0278525
2021-10-12 15:00:00,no2,PIIANN,2.62,2.1886582
2023-09-06 10:00:00,no2,PIIANN,13.025,10.315798
2021-01-03 07:00:00,no2,PIIANN,13.5,11.9215555
2022-12-12 21:00:00,no2,PIIANN,25.88,18.91402
2025-05-09 06:00:00,no2,PIIANN,1.8599999,2.4793355
2025-01-02 08:00:00,no2,PIIANN,7.2,8.060843
2024-12-11 01:00:00,no2,PIIANN,3.65,4.9908223
2024-09-09 12:00:00,no2,PIIANN,5.68,5.1803966
2021-10-01 10:00:00,no2,PIIANN,7.05,8.846792
2024-03-04 18:00:00,so2,PIIANN,4.0,1.627799
2023-09-02 21:00:00,so2,PIIANN,3.3,2.4506662
2022-07-04 18:00:00,so2,PIIANN,5.07,3.6709075
2023-07-11 23:00:00,so2,PIIANN,2.575,3.0903924
2021-09-02 05:00:00,so2,PIIANN,3.32,3.6965442
2023-03-11 08:00:00,so2,PIIANN,0.44999984,1.7960038
2023-05-05 19:00:00,so2,PIIANN,0.40000013,1.3212464
2023-09-11 14:00:00,so2,PIIANN,1.925,3.0968006
2022-04-01 20:00:00,so2,PIIANN,1.0999999,3.7020013
2022-01-11 17:00:00,so2,PIIANN,1.3,1.6439714
2021-02-02 22:00:00,so2,PIIANN,2.95,3.0855577
2025-10-09 16:00:00,so2,PIIANN,1.0899999,1.853169
2024-09-04 01:00:00,so2,PIIANN,2.0500002,2.4922678
2025-05-06 19:00:00,so2,PIIANN,4.47,3.1043525
2021-03-08 21:00:00,so2,PIIANN,3.75,2.5388231
2023-07-06 12:00:00,so2,PIIANN,3.3,4.938895
2023-12-04 06:00:00,so2,PIIANN,1.0,2.2909405
2022-04-04 04:00:00,so2,PIIANN,1.6199999,1.5730696
2022-09-03 12:00:00,so2,PIIANN,3.35,2.1432126
2024-01-07 01:00:00,so2,PIIANN,2.72,3.8915784
2024-03-09 01:00:00,so2,PIIANN,7.22,5.3860555
2022-12-05 19:00:00,so2,PIIANN,3.18,4.0451136
2023-11-10 05:00:00,so2,PIIANN,1.375,3.3730392
2022-02-02 11:00:00,so2,PIIANN,5.107333,4.112162
2023-09-05 20:00:00,so2,PIIANN,2.7,2.406911
2021-12-11 19:00:00,so2,PIIANN,2.35,2.6112661
2023-04-12 10:00:00,so2,PIIANN,2.7333333,1.9031062
2022-01-11 13:00:00,so2,PIIANN,0.70000005,1.8214191
2021-03-02 07:00:00,so2,PIIANN,3.82,4.865694
2022-04-12 05:00:00,so2,PIIANN,3.05,3.939692
2021-12-07 01:00:00,so2,PIIANN,2.72,4.3279805
2024-04-05 04:00:00,so2,PIIANN,0.32999995,1.9252884
2022-02-03 09:00:00,so2,PIIANN,16.249998,8.503923
2025-07-04 02:00:00,so2,PIIANN,4.35,3.3529491
2025-07-03 07:00:00,so2,PIIANN,8.4,7.3498898
2022-06-11 08:00:00,so2,PIIANN,2.22,2.2139962
2023-03-01 18:00:00,so2,PIIANN,3.32,3.4858677
2021-09-02 17:00:00,so2,PIIANN,4.6,3.1295085
2022-08-09 02:00:00,so2,PIIANN,1.82,1.4103568
2021-09-05 04:00:00,so2,PIIANN,4.95,1.9431323
2022-01-04 20:00:00,so2,PIIANN,3.28,3.7061136
2023-02-04 11:00:00,so2,PIIANN,4.1,3.481577
2023-08-06 19:00:00,so2,PIIANN,2.5,3.3395808
2022-11-08 13:00:00,so2,PIIANN,1.3799999,2.7525952
2022-04-02 13:00:00,so2,PIIANN,3.32,3.1743248
2025-01-08 15:00:00,so2,PIIANN,2.1,11.020716
2021-10-05 04:00:00,so2,PIIANN,3.0,2.9634485
2022-02-11 01:00:00,so2,PIIANN,0.29999974,1.847259
2025-02-03 00:00:00,so2,PIIANN,4.75,3.0775008
2023-04-11 09:00:00,so2,PIIANN,2.525,3.2401068
2022-10-09 06:00:00,so2,PIIANN,3.1,4.4410067
2023-06-02 09:00:00,so2,PIIANN,2.675,4.095381
2025-02-06 09:00:00,so2,PIIANN,2.62,3.7239182
2021-10-06 19:00:00,so2,PIIANN,3.65,1.9616787
2024-10-06 02:00:00,so2,PIIANN,3.75,2.9338038
2024-12-06 03:00:00,so2,PIIANN,3.0,3.4587338
2023-11-06 10:00:00,so2,PIIANN,0.6333332,1.6956394
2024-10-12 17:00:00,so2,PIIANN,14.25,11.025663
2023-09-03 23:00:00,so2,PIIANN,5.55,4.19858
2022-04-07 20:00:00,so2,PIIANN,4.1,3.2884054
2024-02-08 13:00:00,so2,PIIANN,4.58,4.554171
2023-12-07 14:00:00,so2,PIIANN,2.225,3.3433535
2024-02-12 20:00:00,so2,PIIANN,3.4,2.6701024
2021-02-10 14:00:00,so2,PIIANN,1.05,2.407087
2023-09-09 00:00:00,so2,PIIANN,1.725,3.264383
2023-08-03 00:00:00,so2,PIIANN,3.2416666,5.0004807
2021-02-07 08:00:00,so2,PIIANN,3.2,3.9080436
2023-03-01 19:00:00,so2,PIIANN,3.32,3.469296
2021-12-01 11:00:00,so2,PIIANN,12.58,3.7225177
2024-06-03 20:00:00,so2,PIIANN,3.0,3.9403358
2024-05-01 15:00:00,so2,PIIANN,3.12,3.5246654
2021-11-02 02:00:00,so2,PIIANN,0.29999974,1.5584557
2022-03-10 07:00:00,so2,PIIANN,1.88,2.8474972
2022-03-02 21:00:00,so2,PIIANN,3.32,3.0350523
2021-04-05 06:00:00,so2,PIIANN,2.72,2.9434087
2023-12-03 11:00:00,so2,PIIANN,1.25,2.286164
2023-08-04 06:00:00,so2,PIIANN,6.6,4.940005
2025-04-02 03:00:00,so2,PIIANN,6.2,3.7107866
2025-12-04 21:00:00,so2,PIIANN,4.47,4.0609784
2022-05-05 00:00:00,so2,PIIANN,4.3,1.2063737
2025-01-08 23:00:00,so2,PIIANN,1.9300001,1.4751699
2022-05-11 21:00:00,so2,PIIANN,0.51999974,2.7116742
2025-08-10 14:00:00,so2,PIIANN,0.54999995,1.5342209
2025-07-05 12:00:00,so2,PIIANN,2.6,1.7962967
2023-09-12 04:00:00,so2,PIIANN,3.85,2.9890118
2021-01-12 07:00:00,so2,PIIANN,3.6,3.9729192
2022-12-01 18:00:00,so2,PIIANN,3.32,3.0243225
2023-11-10 07:00:00,so2,PIIANN,0.43333367,2.2189245
2022-02-09 17:00:00,so2,PIIANN,6.4,9.621318
2025-04-01 10:00:00,so2,PIIANN,5.95,4.800178
2024-03-01 17:00:00,so2,PIIANN,3.45,3.9512522
2023-09-01 15:00:00,so2,PIIANN,3.32,3.3128126
2025-01-01 22:00:00,so2,PIIANN,6.9,6.507575
2024-01-09 22:00:00,so2,PIIANN,2.3,3.549519
2023-02-01 23:00:00,so2,PIIANN,3.32,3.1993368
2024-04-02 15:00:00,so2,PIIANN,3.58,3.2069833
2021-01-08 08:00:00,so2,PIIANN,2.72,3.3679805
2022-02-01 09:00:00,so2,PIIANN,3.2,2.5960658
2024-06-03 07:00:00,so2,PIIANN,3.2,3.9587598
2023-01-10 22:00:00,so2,PIIANN,1.05,2.694551
2024-06-03 01:00:00,so2,PIIANN,0.100000165,2.1728358
2024-02-03 11:00:00,so2,PIIANN,4.27,2.3114817
2021-10-07 10:00:00,so2,PIIANN,3.18,2.4092684
2023-08-03 23:00:00,so2,PIIANN,2.3,2.229452
2022-04-04 10:00:00,so2,PIIANN,5.5,4.648246
2023-11-08 16:00:00,so2,PIIANN,6.25,2.6379132
2024-06-07 02:00:00,so2,PIIANN,1.234,1.6849215
2022-11-07 16:00:00,so2,PIIANN,8.75,7.1236625
2025-12-07 07:00:00,so2,PIIANN,3.92,3.9724553
2024-07-05 11:00:00,so2,PIIANN,1.1299999,2.092011
2022-06-04 19:00:00,so2,PIIANN,2.0025,2.0150988
2025-07-10 04:00:00,so2,PIIANN,1.24,1.7349654
2021-09-03 11:00:00,so2,PIIANN,4.8,1.7419302
2023-06-03 23:00:00,so2,PIIANN,0.6500001,2.8786595
2021-02-09 18:00:00,so2,PIIANN,4.9,5.429499
2024-01-06 13:00:00,so2,PIIANN,3.22,4.226382
2024-06-11 08:00:00,so2,PIIANN,5.15,6.6581326
2024-03-06 02:00:00,so2,PIIANN,2.85,1.655935
2021-10-01 18:00:00,so2,PIIANN,3.95,3.227418
2024-02-03 20:00:00,so2,PIIANN,4.85,3.1176646
2021-12-06 23:00:00,so2,PIIANN,0.8799999,1.3807466
2021-03-12 14:00:00,so2,PIIANN,4.32,5.752948
2022-10-12 10:00:00,so2,PIIANN,2.97,3.290558
2023-05-11 19:00:00,so2,PIIANN,2.3,2.8048341
2024-06-10 14:00:00,so2,PIIANN,2.82,3.5228922
2024-04-01 21:00:00,so2,PIIANN,0.81999993,2.2453384
2023-03-07 03:00:00,so2,PIIANN,2.9,3.0488377
2021-10-06 10:00:00,so2,PIIANN,0.29999974,1.7156969
2021-02-12 10:00:00,so2,PIIANN,6.58,6.224627
2021-03-02 14:00:00,so2,PIIANN,0.95000005,2.9788506
2023-06-09 21:00:00,so2,PIIANN,1.625,2.8193655
2022-10-07 22:00:00,so2,PIIANN,1.6799998,2.1112092
2023-04-09 15:00:00,so2,PIIANN,2.1250002,2.608551
2023-02-03 10:00:00,so2,PIIANN,3.1,3.1529906
2025-08-04 10:00:00,so2,PIIANN,3.22,3.606221
2021-09-10 14:00:00,so2,PIIANN,1.52,2.37169
2023-02-03 13:00:00,so2,PIIANN,7.8,2.892401
2021-08-12 02:00:00,so2,PIIANN,3.0,3.1853666
2021-12-04 10:00:00,so2,PIIANN,5.98,5.7588854
2024-05-11 21:00:00,so2,PIIANN,4.98,5.422509
2025-05-03 16:00:00,so2,PIIANN,4.32,3.6682675
2024-02-03 23:00:00,so2,PIIANN,2.42,3.670054
2021-10-01 14:00:00,so2,PIIANN,2.58,4.7112722
2023-08-02 10:00:00,so2,PIIANN,3.6333334,4.2163334
2021-03-03 10:00:00,so2,PIIANN,0.25000027,1.7833759
2024-07-03 04:00:00,so2,PIIANN,3.0,3.5331624
2024-06-04 10:00:00,so2,PIIANN,4.95,3.1934466
2025-02-02 13:00:00,so2,PIIANN,3.9,4.229804
2022-11-10 23:00:00,so2,PIIANN,2.2,2.7468987
2022-09-06 17:00:00,so2,PIIANN,14.45,8.764842
2023-07-06 03:00:00,so2,PIIANN,4.025,4.382011
2024-01-03 16:00:00,so2,PIIANN,0.78,2.9515476
2021-04-08 14:00:00,so2,PIIANN,5.22,4.517982
2024-01-08 17:00:00,so2,PIIANN,2.7,2.7847426
2025-08-10 22:00:00,so2,PIIANN,1.7199999,1.6135571
2024-09-01 11:00:00,so2,PIIANN,3.47,2.9568748
2024-03-03 07:00:00,so2,PIIANN,2.5,3.5701299
2022-10-04 02:00:00,so2,PIIANN,0.9200001,2.097183
2022-10-03 14:00:00,so2,PIIANN,4.85,3.7516332
2025-02-01 14:00:00,so2,PIIANN,5.1,4.237916
2021-04-02 09:00:00,so2,PIIANN,11.38,12.157262
2024-11-08 19:00:00,so2,PIIANN,2.58,3.3135097
2024-01-09 04:00:00,so2,PIIANN,4.5,3.6300771
2022-07-04 23:00:00,so2,PIIANN,1.3499999,1.6596715
2021-12-05 05:00:00,so2,PIIANN,7.18,6.5683575
2024-04-02 11:00:00,so2,PIIANN,3.67,2.8143039
2023-11-04 21:00:00,so2,PIIANN,0.875,1.7864462
2025-11-09 06:00:00,so2,PIIANN,1.6599998,2.331871
2023-03-08 07:00:00,so2,PIIANN,5.025,4.251829
2025-05-03 13:00:00,so2,PIIANN,5.0,2.9488573
2021-04-07 16:00:00,so2,PIIANN,1.9199998,2.6187613
2022-07-10 10:00:00,so2,PIIANN,5.7,4.784308
2022-10-09 16:00:00,so2,PIIANN,2.52,1.9822575
2021-09-08 14:00:00,so2,PIIANN,9.196,8.167546
2024-03-08 07:00:00,so2,PIIANN,3.55,3.8370657
2022-04-08 03:00:00,so2,PIIANN,6.48,6.4698067
2021-04-04 02:00:00,so2,PIIANN,1.45,2.461683
2022-05-07 09:00:00,so2,PIIANN,6.92,4.0095515
2025-10-01 18:00:00,so2,PIIANN,3.72,4.8968263
2023-05-02 04:00:00,so2,PIIANN,0.79999995,2.2138016
2023-12-08 09:00:00,so2,PIIANN,3.425,3.9674695
2022-09-03 17:00:00,so2,PIIANN,0.44999984,2.3386014
2024-03-09 11:00:00,so2,PIIANN,5.4,4.042293
2024-10-12 10:00:00,so2,PIIANN,5.4,6.0657167
2021-04-09 01:00:00,so2,PIIANN,4.62,3.641919
2024-09-06 13:00:00,so2,PIIANN,4.6,4.077985
2021-09-10 06:00:00,so2,PIIANN,3.72,3.9453325
2024-01-09 11:00:00,so2,PIIANN,6.82,4.375467
2023-03-09 07:00:00,so2,PIIANN,0.9333334,2.530621
2025-08-12 07:00:00,so2,PIIANN,3.12,4.1625624
2022-04-10 03:00:00,so2,PIIANN,5.38,4.203197
2021-04-09 20:00:00,so2,PIIANN,4.72,6.3668966
2021-04-05 02:00:00,so2,PIIANN,0.6199999,2.2117004
2021-09-12 10:00:00,so2,PIIANN,5.82,5.685786
2025-04-12 19:00:00,so2,PIIANN,3.88,4.348555
2022-05-03 08:00:00,so2,PIIANN,23.17,13.479498
2024-04-12 13:00:00,so2,PIIANN,3.1,4.2075434
2022-12-10 10:00:00,so2,PIIANN,3.6,1.682611
2024-03-05 02:00:00,so2,PIIANN,1.87,2.1634996
2022-12-07 22:00:00,so2,PIIANN,1.49,2.2602077
2023-09-07 13:00:00,so2,PIIANN,4.275,3.5254028
2021-12-09 13:00:00,so2,PIIANN,4.5,4.0237775
2022-11-09 15:00:00,so2,PIIANN,2.58,3.810618
2022-07-06 10:00:00,so2,PIIANN,0.9200001,2.0761669
2021-09-05 02:00:00,so2,PIIANN,0.3799999,1.9689375
2021-04-04 08:00:00,so2,PIIANN,4.35,4.399791
2023-03-04 14:00:00,so2,PIIANN,4.775,2.416463
2025-05-11 17:00:00,so2,PIIANN,1.53,4.164112
2022-04-04 18:00:00,so2,PIIANN,2.92,2.089365
2025-05-06 01:00:00,so2,PIIANN,3.45,2.999952
2022-04-07 00:00:00,so2,PIIANN,4.4,4.6697903
2022-02-07 03:00:00,so2,PIIANN,2.07,2.566878
2022-06-10 11:00:00,so2,PIIANN,5.57,3.6689172
2024-03-10 13:00:00,so2,PIIANN,2.95,3.3548508
2024-06-12 09:00:00,so2,PIIANN,7.4,4.995992
2021-05-04 00:00:00,so2,PIIANN,1.7199999,3.1595538
2023-11-12 09:00:00,so2,PIIANN,3.125,3.7971754
2023-07-10 13:00:00,so2,PIIANN,4.325,4.9030595
2023-05-09 08:00:00,so2,PIIANN,3.15,2.2714436
2024-03-03 15:00:00,so2,PIIANN,1.0,3.3362577
2025-10-03 07:00:00,so2,PIIANN,7.1,5.954181
2021-10-10 15:00:00,so2,PIIANN,1.5799999,1.843094
2023-07-01 12:00:00,so2,PIIANN,3.4,3.3114474
2025-07-07 16:00:00,so2,PIIANN,3.0,4.225507
2024-04-06 08:00:00,so2,PIIANN,3.6,2.3494818
2023-02-06 05:00:00,so2,PIIANN,4.525,3.8527822
2025-09-02 01:00:00,so2,PIIANN,4.3,3.2998753
2022-07-01 20:00:00,so2,PIIANN,3.02,2.611108
2021-07-12 04:00:00,so2,PIIANN,2.0500002,3.754351
2022-07-11 04:00:00,so2,PIIANN,0.95000005,2.8944018
2025-07-09 01:00:00,so2,PIIANN,1.1499999,1.8839874
2024-02-08 23:00:00,so2,PIIANN,3.68,3.757535
2025-08-04 18:00:00,so2,PIIANN,6.02,4.0264463
2024-05-10 23:00:00,so2,PIIANN,4.3,4.17001
2021-02-09 19:00:00,so2,PIIANN,4.15,5.1508613
2024-08-11 20:00:00,so2,PIIANN,4.88,3.4211383
2024-10-06 03:00:00,so2,PIIANN,3.5,3.71531
2025-01-04 18:00:00,so2,PIIANN,4.85,3.0002623
2025-09-07 18:00:00,so2,PIIANN,2.55,4.1932273
2021-12-06 20:00:00,so2,PIIANN,2.7,6.2040844
2023-09-05 01:00:00,so2,PIIANN,0.15000011,1.8006723
2022-09-07 04:00:00,so2,PIIANN,3.95,5.3256793
2022-07-05 12:00:00,so2,PIIANN,2.9,2.468853
2021-07-12 07:00:00,so2,PIIANN,1.52,2.8548417
2021-06-01 13:00:00,so2,PIIANN,1.3999999,4.670864
2021-06-12 19:00:00,so2,PIIANN,2.88,3.1808584
2024-04-04 14:00:00,so2,PIIANN,1.98,2.8250697
2024-05-10 17:00:00,so2,PIIANN,2.62,2.667233
2021-02-05 11:00:00,so2,PIIANN,5.28,5.989389
2025-08-06 11:00:00,so2,PIIANN,4.15,4.881402
2021-10-11 00:00:00,so2,PIIANN,11.02,2.5615754
2025-10-11 00:00:00,so2,PIIANN,4.8,1.0764613
2022-01-06 10:00:00,so2,PIIANN,5.72,6.3246064
2025-12-10 01:00:00,so2,PIIANN,1.23,1.2977462
2023-11-09 10:00:00,so2,PIIANN,2.8666666,1.1536038
2024-06-09 19:00:00,so2,PIIANN,3.88,3.1543307
2024-05-02 00:00:00,so2,PIIANN,1.6799998,2.1291242
2022-10-11 16:00:00,so2,PIIANN,3.22,1.979246
2023-06-09 01:00:00,so2,PIIANN,2.175,2.9308276
2025-03-02 20:00:00,so2,PIIANN,5.72,4.0187945
2021-10-02 22:00:00,so2,PIIANN,2.9,3.0184793
2021-10-06 14:00:00,so2,PIIANN,2.8,1.9701148
2025-10-11 15:00:00,so2,PIIANN,4.67,3.464427
2023-02-04 16:00:00,so2,PIIANN,5.3,4.5326786
2024-03-02 22:00:00,so2,PIIANN,1.0999999,3.783935
2021-08-02 21:00:00,so2,PIIANN,3.32,3.372003
2022-09-06 14:00:00,so2,PIIANN,3.55,2.3714917
2022-08-07 18:00:00,so2,PIIANN,5.0,2.5515492
2022-12-01 17:00:00,so2,PIIANN,3.32,3.0758255
2024-08-12 20:00:00,so2,PIIANN,4.68,4.0530925
2022-12-08 09:00:00,so2,PIIANN,8.3,5.5005617
2024-12-05 14:00:00,so2,PIIANN,0.5,2.196329
2025-08-01 14:00:00,so2,PIIANN,7.22,4.9407306
2022-06-05 03:00:00,so2,PIIANN,2.02,2.259615
2025-02-11 06:00:00,so2,PIIANN,4.8,3.4149733
2022-03-07 14:00:00,so2,PIIANN,0.95000005,3.266185
2021-01-02 03:00:00,so2,PIIANN,3.18,3.5475185
2023-12-03 06:00:00,so2,PIIANN,4.15,6.13994
2024-11-04 07:00:00,so2,PIIANN,1.2,3.6889498
2022-03-07 12:00:00,so2,PIIANN,4.42,7.0379634
2022-03-01 22:00:00,so2,PIIANN,2.1,2.6483521
2024-06-12 03:00:00,so2,PIIANN,6.22,3.922657
2025-10-07 04:00:00,so2,PIIANN,4.92,4.3662424
2025-07-10 06:00:00,so2,PIIANN,1.6399999,1.1045365
2025-08-09 12:00:00,so2,PIIANN,0.95000005,1.1581972
2021-01-07 11:00:00,so2,PIIANN,4.97,5.0201283
2023-06-07 03:00:00,so2,PIIANN,2.8,3.11668
2023-01-08 22:00:00,so2,PIIANN,4.25,3.7149236
2021-01-09 10:00:00,so2,PIIANN,2.4,3.2289968
2021-12-12 08:00:00,so2,PIIANN,3.25,4.0517077
2023-06-01 18:00:00,so2,PIIANN,2.4,1.5198898
2021-08-05 19:00:00,so2,PIIANN,3.97,4.3300714
2024-05-04 18:00:00,so2,PIIANN,2.3,2.8003113
2024-03-05 21:00:00,so2,PIIANN,2.22,1.866313
2021-11-04 18:00:00,so2,PIIANN,1.9199998,1.9979663
2023-08-01 09:00:00,so2,PIIANN,1.75,2.5092752
2021-02-04 11:00:00,so2,PIIANN,6.9,9.363635
2023-05-03 10:00:00,so2,PIIANN,4.633333,4.4629264
2024-04-11 06:00:00,so2,PIIANN,3.2,5.0360975
2024-09-03 08:00:00,so2,PIIANN,2.5,3.0657823
2023-05-02 15:00:00,so2,PIIANN,7.15,4.588805
2023-09-09 14:00:00,so2,PIIANN,2.65,1.8443671
2025-10-04 13:00:00,so2,PIIANN,5.62,5.153738
2022-12-08 10:00:00,so2,PIIANN,8.29,7.3226805
2025-05-05 04:00:00,so2,PIIANN,2.38,3.5497224
2024-10-12 00:00:00,so2,PIIANN,3.82,4.3599825
2025-12-10 20:00:00,so2,PIIANN,1.7400001,2.591961
2024-06-05 09:00:00,so2,PIIANN,4.42,3.466258
2024-04-01 12:00:00,so2,PIIANN,2.88,3.5864651
2022-03-10 14:00:00,so2,PIIANN,1.4199998,3.286705
2022-03-13 01:00:00,so2,PIIANN,1.0075274,1.7143259
2025-10-12 23:00:00,so2,PIIANN,5.08,5.199669
2023-04-05 00:00:00,so2,PIIANN,0.3666666,3.653654
2022-10-03 09:00:00,so2,PIIANN,4.03,4.733097
2025-02-08 10:00:00,so2,PIIANN,1.1199999,1.6330647
2022-10-11 21:00:00,so2,PIIANN,3.62,4.260263
2025-09-09 19:00:00,so2,PIIANN,2.61,1.3788822
2024-08-07 17:00:00,so2,PIIANN,4.65,4.4104023
2022-02-09 18:00:00,so2,PIIANN,7.97,7.0492644
2025-04-08 17:00:00,so2,PIIANN,1.1599998,1.900298
2025-11-06 04:00:00,so2,PIIANN,5.65,6.4650793
2022-04-09 19:00:00,so2,PIIANN,6.0,6.100129
2021-04-02 17:00:00,so2,PIIANN,5.22,3.675908
2021-03-01 11:00:00,so2,PIIANN,7.7,2.051782
2022-05-08 02:00:00,so2,PIIANN,7.1,6.195798
2022-06-06 10:00:00,so2,PIIANN,3.8,3.7940953
2023-10-02 13:00:00,so2,PIIANN,1.9499999,2.613164
2023-11-06 03:00:00,so2,PIIANN,1.7,2.7100022
2022-02-03 01:00:00,so2,PIIANN,2.17,3.493767
2025-12-03 23:00:00,so2,PIIANN,1.6499999,4.0358753
2023-05-02 05:00:00,so2,PIIANN,2.625,2.4609468
2025-02-04 20:00:00,so2,PIIANN,3.65,5.8930564
2023-03-12 13:00:00,so2,PIIANN,0.95000005,2.2689154
2021-05-07 14:00:00,so2,PIIANN,6.62,7.0020313
2021-12-11 10:00:00,so2,PIIANN,9.35,8.673651
2023-06-11 09:00:00,so2,PIIANN,6.0,3.1598275
2024-10-04 00:00:00,so2,PIIANN,1.98,1.0584486
2025-04-06 07:00:00,so2,PIIANN,5.32,4.7347736
2025-03-03 19:00:00,so2,PIIANN,3.97,3.3018792
2025-11-10 01:00:00,so2,PIIANN,0.40000013,1.0094688
2022-06-02 17:00:00,so2,PIIANN,3.32,2.9064426
2025-12-08 11:00:00,so2,PIIANN,3.04,2.3764358
2025-04-02 08:00:00,so2,PIIANN,3.68,3.8620062
2025-06-12 09:00:00,so2,PIIANN,2.4,3.9766695
2021-08-07 14:00:00,so2,PIIANN,4.03,3.3152208
2023-02-02 17:00:00,so2,PIIANN,2.6333334,4.0608687
2023-07-04 11:00:00,so2,PIIANN,4.5,3.3117216
2024-07-12 17:00:00,so2,PIIANN,2.7,3.7223158
2021-09-10 10:00:00,so2,PIIANN,2.52,2.8227932
2025-03-09 00:00:00,so2,PIIANN,1.25,2.30884
2024-10-13 00:00:00,so2,PIIANN,2.6206126,2.8634732
2025-06-08 21:00:00,so2,PIIANN,1.1599998,1.5762248
2021-08-10 21:00:00,so2,PIIANN,2.9,2.8631103
2021-09-10 12:00:00,so2,PIIANN,2.52,2.088857
2021-07-11 02:00:00,so2,PIIANN,6.32,6.3588943
2021-04-10 09:00:00,so2,PIIANN,9.8,6.137748
2021-04-03 15:00:00,so2,PIIANN,2.25,4.072959
2021-12-02 05:00:00,so2,PIIANN,2.55,3.257299
2022-03-04 21:00:00,so2,PIIANN,3.25,1.9945921
2023-04-11 13:00:00,so2,PIIANN,1.3999999,2.9689472
2023-04-02 08:00:00,so2,PIIANN,3.85,5.9813848
2021-05-09 18:00:00,so2,PIIANN,5.98,4.3442435
2023-11-05 19:00:00,so2,PIIANN,1.4597223,8.594092
2024-12-10 16:00:00,so2,PIIANN,5.18,4.002806
2022-03-12 03:00:00,so2,PIIANN,5.05,3.5050352
2024-09-10 10:00:00,so2,PIIANN,3.65,4.933715
2023-05-11 22:00:00,so2,PIIANN,3.475,2.4063625
2023-05-09 03:00:00,so2,PIIANN,4.5,3.6369476
2023-02-11 12:00:00,so2,PIIANN,0.91666675,1.998288
2024-05-10 20:00:00,so2,PIIANN,5.1,4.4462805
2024-05-05 15:00:00,so2,PIIANN,3.55,1.8115748
2021-01-05 16:00:00,so2,PIIANN,2.78,3.2122624
2024-02-11 23:00:00,so2,PIIANN,2.42,2.7329898
2023-04-09 01:00:00,so2,PIIANN,1.825,2.105873
2022-12-10 19:00:00,so2,PIIANN,4.65,3.303669
2023-08-01 17:00:00,so2,PIIANN,3.32,2.7369254
2022-10-07 20:00:00,so2,PIIANN,1.9199998,3.7578034
2022-07-10 00:00:00,so2,PIIANN,3.95,0.9513612
2022-11-06 08:00:00,so2,PIIANN,8.52,11.567882
2021-12-05 17:00:00,so2,PIIANN,0.6199999,2.716434
2021-09-03 10:00:00,so2,PIIANN,0.5,1.918054
2024-02-09 10:00:00,so2,PIIANN,3.15,3.2479644
2023-12-04 04:00:00,so2,PIIANN,1.975,1.705078
2023-09-11 09:00:00,so2,PIIANN,2.8,3.8446143
2025-08-10 07:00:00,so2,PIIANN,1.3699999,1.1153605
2025-11-11 06:00:00,so2,PIIANN,4.03,3.6602247
2022-10-07 01:00:00,so2,PIIANN,4.3,3.53923
2024-02-08 05:00:00,so2,PIIANN,5.05,4.7197013
2022-03-01 15:00:00,so2,PIIANN,3.52,3.9942224
2022-10-08 19:00:00,so2,PIIANN,6.7,5.429441
2022-03-07 10:00:00,so2,PIIANN,8.43,6.5705075
2022-02-07 14:00:00,so2,PIIANN,3.3,4.082306
2024-05-11 13:00:00,so2,PIIANN,11.55,6.1937943
2024-09-11 04:00:00,so2,PIIANN,4.25,3.9092984
2023-04-08 23:00:00,so2,PIIANN,4.1,3.8259337
2025-01-02 20:00:00,so2,PIIANN,4.78,6.843359
2024-05-05 04:00:00,so2,PIIANN,2.95,2.7612789
2022-01-07 15:00:00,so2,PIIANN,1.0699999,1.7568816
2025-08-06 09:00:00,so2,PIIANN,6.75,6.2143397
2025-05-10 23:00:00,so2,PIIANN,0.79999995,1.4939795
2022-05-03 13:00:00,so2,PIIANN,6.12,8.627572
2021-01-09 11:00:00,so2,PIIANN,1.4199998,2.796348
2022-09-10 13:00:00,so2,PIIANN,4.82,7.870152
2023-06-02 01:00:00,so2,PIIANN,4.05,4.834841
2025-12-05 10:00:00,so2,PIIANN,6.72,3.8229978
2022-06-12 20:00:00,so2,PIIANN,4.42,6.325116
2024-01-01 13:00:00,so2,PIIANN,4.0,4.4217706
2025-02-07 17:00:00,so2,PIIANN,2.17,3.566933
2023-08-05 23:00:00,so2,PIIANN,0.20000006,1.513248
2021-06-09 14:00:00,so2,PIIANN,4.68,4.806847
2021-06-11 08:00:00,so2,PIIANN,4.97,6.672528
2025-03-04 12:00:00,so2,PIIANN,5.75,4.151189
2022-06-05 06:00:00,so2,PIIANN,1.9,1.7445887
2022-10-10 00:00:00,so2,PIIANN,1.9300001,5.311525
2025-07-09 00:00:00,so2,PIIANN,0.9100001,2.2769704
2023-09-08 22:00:00,so2,PIIANN,4.025,4.602404
2022-05-01 10:00:00,so2,PIIANN,10.6,8.72907
2022-02-06 18:00:00,so2,PIIANN,2.28,3.5131867
2022-04-02 15:00:00,so2,PIIANN,3.32,3.1617844
2022-10-09 12:00:00,so2,PIIANN,2.5,6.190445
2023-07-04 03:00:00,so2,PIIANN,4.0,2.9196777
2023-08-02 02:00:00,so2,PIIANN,0.75,3.5121517
2025-07-01 21:00:00,so2,PIIANN,3.12,3.6168456
2025-07-04 08:00:00,so2,PIIANN,2.75,4.2384048
2021-02-13 00:00:00,so2,PIIANN,1.496943,1.6515307
2023-11-02 23:00:00,so2,PIIANN,3.9,3.0431144
2024-06-09 17:00:00,so2,PIIANN,3.52,3.2130373
2021-11-01 21:00:00,so2,PIIANN,3.32,3.1083665
2025-02-09 10:00:00,so2,PIIANN,2.46,2.3934484
2023-09-04 09:00:00,so2,PIIANN,3.075,2.4020655
2023-03-07 07:00:00,so2,PIIANN,2.875,3.5939965
2021-07-03 13:00:00,so2,PIIANN,0.89999986,2.9551558
2022-12-08 22:00:00,so2,PIIANN,7.3,6.14227
2022-10-08 21:00:00,so2,PIIANN,2.47,3.1456585
2025-12-01 08:00:00,so2,PIIANN,4.32,6.1712055
2024-01-09 09:00:00,so2,PIIANN,3.78,3.378754
2021-05-03 21:00:00,so2,PIIANN,3.6,3.7065854
2021-10-09 21:00:00,so2,PIIANN,0.5,1.818529
2023-12-03 12:00:00,so2,PIIANN,1.5,1.8363556
2022-06-08 11:00:00,so2,PIIANN,3.97,3.708384
2024-03-09 09:00:00,so2,PIIANN,2.92,3.2065637
2021-12-04 04:00:00,so2,PIIANN,3.28,2.6892738
2022-03-09 19:00:00,so2,PIIANN,9.8,13.991347
2025-06-05 09:00:00,so2,PIIANN,4.65,3.0968182
2025-12-04 12:00:00,so2,PIIANN,2.88,2.9307652
2024-11-06 08:00:00,so2,PIIANN,4.47,5.283912
2022-12-06 07:00:00,so2,PIIANN,9.8,8.966513
2021-02-10 05:00:00,so2,PIIANN,1.2219999,2.4065757
2023-11-02 07:00:00,so2,PIIANN,6.75,4.37776
2025-03-07 10:00:00,so2,PIIANN,3.4,3.1455352
2021-12-07 03:00:00,so2,PIIANN,2.55,4.159701
2024-06-04 05:00:00,so2,PIIANN,1.9499999,2.0794475
2025-03-12 00:00:00,so2,PIIANN,2.28,3.2317312
2023-12-11 01:00:00,so2,PIIANN,2.2,3.2021873
2023-03-10 00:00:00,so2,PIIANN,3.65,2.266372
2023-03-10 07:00:00,so2,PIIANN,3.8,2.9400077
2023-07-06 04:00:00,so2,PIIANN,4.05,4.1399317
2021-04-08 08:00:00,so2,PIIANN,1.6799998,6.461806
2022-05-02 05:00:00,so2,PIIANN,3.32,3.3400962
2021-03-08 05:00:00,so2,PIIANN,3.72,4.4136453
2022-05-03 16:00:00,so2,PIIANN,4.1,4.471508
2022-03-04 16:00:00,so2,PIIANN,0.674,1.1563423
2025-08-07 06:00:00,so2,PIIANN,3.4,6.1037865
2021-05-08 02:00:00,so2,PIIANN,5.28,4.075559
2025-11-09 17:00:00,so2,PIIANN,1.8399999,1.36356
2025-02-05 04:00:00,so2,PIIANN,4.28,5.402056
2024-02-03 13:00:00,so2,PIIANN,0.5,2.2750814
2022-06-12 13:00:00,so2,PIIANN,5.7,4.292764
2021-03-01 23:00:00,so2,PIIANN,0.89999986,1.3513005
2021-08-01 15:00:00,so2,PIIANN,0.68000007,2.8762805
2022-08-08 22:00:00,so2,PIIANN,0.46000007,1.7605795
2022-09-01 14:00:00,so2,PIIANN,2.15,2.662038
2024-11-06 14:00:00,so2,PIIANN,2.65,2.8286479
2025-10-04 03:00:00,so2,PIIANN,2.82,2.0868409
2023-06-10 13:00:00,so2,PIIANN,2.725,3.7172022
2023-02-04 09:00:00,so2,PIIANN,3.4,3.1596904
2022-06-02 13:00:00,so2,PIIANN,3.32,2.954654
2023-12-11 14:00:00,so2,PIIANN,3.825,4.612012
2023-06-03 18:00:00,so2,PIIANN,3.175,1.9952059
2025-01-06 02:00:00,so2,PIIANN,4.3,3.474238
2023-07-09 21:00:00,so2,PIIANN,2.6,3.3929737
2023-05-02 00:00:00,so2,PIIANN,3.975,1.6823289
2022-04-09 07:00:00,so2,PIIANN,4.88,3.1935308
2025-04-05 01:00:00,so2,PIIANN,2.0,3.2284913
2023-12-05 09:00:00,so2,PIIANN,2.45,2.7386327
2021-09-12 20:00:00,so2,PIIANN,4.35,2.0829883
2024-11-11 02:00:00,so2,PIIANN,3.6,4.5886383
2021-12-08 10:00:00,so2,PIIANN,1.6699998,3.113724
2022-11-11 19:00:00,so2,PIIANN,6.2,4.298239
2021-12-09 00:00:00,so2,PIIANN,4.95,3.0232925
2024-09-11 13:00:00,so2,PIIANN,3.2,5.5438547
2025-12-11 07:00:00,so2,PIIANN,7.23,5.271075
2023-11-09 05:00:00,so2,PIIANN,4.1,4.459689
2023-10-04 18:00:00,so2,PIIANN,1.7999998,2.466178
2025-03-05 05:00:00,so2,PIIANN,3.88,4.3668118
2021-10-05 05:00:00,so2,PIIANN,3.35,3.6750684
2022-10-11 07:00:00,so2,PIIANN,2.12,3.443229
2021-06-05 21:00:00,so2,PIIANN,3.38,2.8022885
2023-06-10 19:00:00,so2,PIIANN,0.5999999,2.364433
2025-08-05 02:00:00,so2,PIIANN,5.82,3.2091947
2024-08-07 11:00:00,so2,PIIANN,5.72,4.160825
2024-02-04 07:00:00,so2,PIIANN,3.58,3.1869726
2022-11-06 21:00:00,so2,PIIANN,7.1,6.370283
2025-06-02 04:00:00,so2,PIIANN,4.78,4.67524
2022-08-03 04:00:00,so2,PIIANN,2.25,3.6963413
2025-11-04 21:00:00,so2,PIIANN,7.57,5.6978445
2025-03-12 14:00:00,so2,PIIANN,2.77,3.9423008
2021-04-12 11:00:00,so2,PIIANN,16.18,8.839914
2022-08-03 10:00:00,so2,PIIANN,4.45,4.6598935
2025-10-04 11:00:00,so2,PIIANN,5.85,3.8929112
2023-03-08 05:00:00,so2,PIIANN,5.175,3.551356
2023-05-10 09:00:00,so2,PIIANN,4.1,3.2322314
2022-03-06 05:00:00,so2,PIIANN,35.95,29.047884
2024-07-03 10:00:00,so2,PIIANN,2.57,2.9564075
2025-12-04 05:00:00,so2,PIIANN,3.65,4.2413144
2025-01-12 06:00:00,so2,PIIANN,4.66,3.6715338
2024-12-11 10:00:00,so2,PIIANN,2.93,4.499024
2022-07-01 13:00:00,so2,PIIANN,0.36999968,3.4257848
2022-08-05 12:00:00,so2,PIIANN,0.70000005,2.5040421
2021-11-11 03:00:00,so2,PIIANN,1.1499999,2.4475143
2024-06-01 16:00:00,so2,PIIANN,0.89999986,2.956336
2022-09-02 10:00:00,so2,PIIANN,3.32,3.3400614
2021-12-02 07:00:00,so2,PIIANN,5.08,4.481783
2021-08-10 22:00:00,so2,PIIANN,2.52,3.1198554
2023-06-09 17:00:00,so2,PIIANN,4.95,4.50353
2021-08-07 21:00:00,so2,PIIANN,5.3,4.280474
2024-01-10 18:00:00,so2,PIIANN,4.75,5.329282
2021-09-03 05:00:00,so2,PIIANN,1.6199999,2.3472385
2022-08-02 04:00:00,so2,PIIANN,3.32,3.4087086
2024-07-10 18:00:00,so2,PIIANN,5.45,3.2458026
2021-04-04 17:00:00,so2,PIIANN,3.8,3.9638646
2021-10-07 06:00:00,so2,PIIANN,0.56999993,1.606153
2023-01-06 18:00:00,so2,PIIANN,4.05,3.7413824
2021-10-12 20:00:00,so2,PIIANN,1.82,1.4121697
2021-12-10 01:00:00,so2,PIIANN,2.45,3.278897
2023-08-08 13:00:00,so2,PIIANN,3.2,3.0216553
2024-01-06 03:00:00,so2,PIIANN,2.15,2.2065556
2025-08-02 05:00:00,so2,PIIANN,4.65,4.324424
2023-04-04 03:00:00,so2,PIIANN,6.525,5.4258013
2022-04-06 04:00:00,so2,PIIANN,14.68,5.424522
2023-03-04 05:00:00,so2,PIIANN,3.025,3.443048
2023-03-04 03:00:00,so2,PIIANN,4.775,4.0903883
2022-05-02 01:00:00,so2,PIIANN,6.108,4.6922464
2021-11-10 02:00:00,so2,PIIANN,1.0933332,1.4664552
2025-06-05 04:00:00,so2,PIIANN,5.0,4.052488
2025-03-11 20:00:00,so2,PIIANN,4.99,3.5082068
2024-10-10 09:00:00,so2,PIIANN,5.28,4.626324
2023-10-01 20:00:00,so2,PIIANN,2.7,2.4671416
2022-11-07 21:00:00,so2,PIIANN,1.5999999,4.594433
2023-10-02 07:00:00,so2,PIIANN,5.925,4.6827817
2022-05-07 16:00:00,so2,PIIANN,2.35,2.657169
2025-02-07 12:00:00,so2,PIIANN,6.28,4.5991344
2023-02-10 18:00:00,so2,PIIANN,2.25,3.4913306
2024-06-01 14:00:00,so2,PIIANN,3.28,3.8236144
2021-09-03 13:00:00,so2,PIIANN,0.20000006,2.2267456
2025-07-12 16:00:00,so2,PIIANN,5.36,3.0491734
2024-01-10 19:00:00,so2,PIIANN,3.4,4.51328
2022-02-10 12:00:00,so2,PIIANN,1.75,4.436748
2021-04-11 20:00:00,so2,PIIANN,62.55,32.257805
2024-03-02 09:00:00,so2,PIIANN,1.0,1.8938458
2023-05-10 18:00:00,so2,PIIANN,0.67499995,3.3792067
2024-04-11 15:00:00,so2,PIIANN,5.25,4.530461
2021-12-10 18:00:00,so2,PIIANN,2.0500002,2.2673976
2021-11-04 17:00:00,so2,PIIANN,2.0500002,2.0033016
2021-02-11 00:00:00,so2,PIIANN,4.68,2.2399251
2024-09-01 14:00:00,so2,PIIANN,2.92,3.600713
2023-11-11 21:00:00,so2,PIIANN,4.55,5.048554
2022-06-08 14:00:00,so2,PIIANN,3.08,3.1897943
2022-09-01 11:00:00,so2,PIIANN,5.08,4.960791
2021-08-04 10:00:00,so2,PIIANN,5.3,4.7126393
2021-01-10 06:00:00,so2,PIIANN,3.32,4.0640087
2022-05-05 06:00:00,so2,PIIANN,1.55,2.0302157
2024-03-04 10:00:00,so2,PIIANN,2.9,2.5865908
2025-05-04 14:00:00,so2,PIIANN,5.45,3.9788148
2021-06-08 20:00:00,so2,PIIANN,4.8,5.4210215
2021-01-02 14:00:00,so2,PIIANN,2.1,2.9666257
2021-02-09 20:00:00,so2,PIIANN,4.4,4.3206
2021-02-11 18:00:00,so2,PIIANN,1.6499999,3.5575793
2024-07-08 23:00:00,so2,PIIANN,5.8,4.5455875
2025-05-02 00:00:00,so2,PIIANN,5.08,4.67534
2023-12-03 14:00:00,so2,PIIANN,1.9499999,1.920634
2022-03-06 13:00:00,so2,PIIANN,4.12,5.4481735
2022-06-12 02:00:00,so2,PIIANN,0.29999974,1.9305301
2025-08-12 17:00:00,so2,PIIANN,2.68,4.364234
2022-06-08 02:00:00,so2,PIIANN,1.5,2.3722851
2022-11-08 06:00:00,so2,PIIANN,3.52,3.3410728
2022-12-08 06:00:00,so2,PIIANN,3.52,4.335226
2024-09-04 12:00:00,so2,PIIANN,1.5799999,2.4679608
2025-10-01 23:00:00,so2,PIIANN,3.95,4.4827247
2023-10-07 19:00:00,so2,PIIANN,2.775,3.1991394
2022-07-12 12:00:00,so2,PIIANN,11.32,9.971858
2025-01-10 07:00:00,so2,PIIANN,1.7400001,1.7560855
2024-10-04 17:00:00,so2,PIIANN,1.0999999,2.3392303
2024-05-12 00:00:00,so2,PIIANN,5.95,4.0575714
2024-11-11 20:00:00,so2,PIIANN,3.65,4.510875
2022-08-02 00:00:00,so2,PIIANN,3.818,3.7151086
2025-08-04 03:00:00,so2,PIIANN,6.72,5.051682
2023-12-11 03:00:00,so2,PIIANN,3.7,3.1887
2022-03-05 00:00:00,so2,PIIANN,2.35,2.872701
2022-11-12 10:00:00,so2,PIIANN,2.335,2.2735627
2024-12-02 05:00:00,so2,PIIANN,4.8,4.1055875
2021-08-01 12:00:00,so2,PIIANN,3.4,13.608805
2024-06-02 01:00:00,so2,PIIANN,3.48,2.7136595
2022-07-08 11:00:00,so2,PIIANN,3.97,2.3864937
2025-03-04 07:00:00,so2,PIIANN,5.38,5.1743374
2021-11-05 00:00:00,so2,PIIANN,2.28,2.764721
2021-11-06 07:00:00,so2,PIIANN,8.5,9.554885
2024-03-06 04:00:00,so2,PIIANN,2.75,3.1732776
2022-01-03 15:00:00,so2,PIIANN,11.95,8.955542
2022-04-06 12:00:00,so2,PIIANN,2.78,4.101172
2022-05-04 21:00:00,so2,PIIANN,0.48000005,2.8753958
2022-01-08 16:00:00,so2,PIIANN,2.78,2.9350019
2022-11-02 04:00:00,so2,PIIANN,3.32,3.7087796
2025-09-02 05:00:00,so2,PIIANN,4.38,3.5945728
2024-09-05 05:00:00,so2,PIIANN,0.34999993,1.6842909
2021-07-02 10:00:00,so2,PIIANN,16.65,14.617987
2021-11-01 22:00:00,so2,PIIANN,2.45,3.6386538
2023-07-11 18:00:00,so2,PIIANN,3.475,2.5543451
2025-04-12 17:00:00,so2,PIIANN,3.97,5.029229
2025-11-09 10:00:00,so2,PIIANN,1.3999999,1.8796208
2025-03-04 21:00:00,so2,PIIANN,4.53,4.103081
2024-09-11 16:00:00,so2,PIIANN,3.58,3.7454064
2021-12-07 16:00:00,so2,PIIANN,3.3,6.2517505
2024-12-11 04:00:00,so2,PIIANN,4.7,5.315453
2021-12-05 19:00:00,so2,PIIANN,0.9200001,1.7545617
2024-04-09 14:00:00,so2,PIIANN,2.9,2.4915771
2021-08-05 12:00:00,so2,PIIANN,2.38,3.9351296
2021-02-03 17:00:00,so2,PIIANN,0.72,1.5662377
2025-01-03 05:00:00,so2,PIIANN,0.8499999,3.8686428
2021-11-04 03:00:00,so2,PIIANN,2.85,2.8429084
2021-01-02 00:00:00,so2,PIIANN,3.2,4.1983705
2023-12-05 22:00:00,so2,PIIANN,1.3,4.4114146
2023-12-06 05:00:00,so2,PIIANN,1.575,2.6600728
2025-06-12 03:00:00,so2,PIIANN,3.64,3.5334125
2021-04-01 19:00:00,so2,PIIANN,2.6,3.42055
2023-09-01 22:00:00,so2,PIIANN,1.3,2.29852
2022-11-10 09:00:00,so2,PIIANN,3.2,3.4464102
2022-11-10 10:00:00,so2,PIIANN,3.83,3.2069206
2023-10-01 12:00:00,so2,PIIANN,4.975,2.5098114
2024-08-05 02:00:00,so2,PIIANN,1.55,2.4614031
2025-03-05 23:00:00,so2,PIIANN,4.2,4.0988855
2021-11-08 16:00:00,so2,PIIANN,5.12,6.7957053
2022-05-03 03:00:00,so2,PIIANN,5.4,4.48374
2023-02-07 02:00:00,so2,PIIANN,4.45,2.151688
2022-04-08 15:00:00,so2,PIIANN,1.6499999,2.5411334
2023-07-05 23:00:00,so2,PIIANN,0.67499995,1.8659085
2022-04-08 00:00:00,so2,PIIANN,7.22,4.4188867
2021-12-03 08:00:00,so2,PIIANN,6.05,4.560223
2021-07-08 03:00:00,so2,PIIANN,3.52,3.298314
2025-06-04 17:00:00,so2,PIIANN,3.18,3.8978364
2022-07-12 01:00:00,so2,PIIANN,2.82,4.368241
2023-01-11 10:00:00,so2,PIIANN,2.9666667,2.1661975
2025-09-12 22:00:00,so2,PIIANN,4.91,4.3894887
2021-02-05 15:00:00,so2,PIIANN,4.45,4.7102265
2022-10-06 23:00:00,so2,PIIANN,4.25,4.377707
2022-09-02 22:00:00,so2,PIIANN,4.25,4.334956
2023-11-05 13:00:00,so2,PIIANN,1.4749999,3.3627052
2025-11-03 06:00:00,so2,PIIANN,5.5,5.5407743
2022-05-09 04:00:00,so2,PIIANN,5.1,5.98966
2023-10-03 21:00:00,so2,PIIANN,1.925,2.6381738
2021-01-10 21:00:00,so2,PIIANN,1.0999999,1.8306822
2021-03-04 01:00:00,so2,PIIANN,2.85,2.571742
2025-05-10 13:00:00,so2,PIIANN,1.44,1.4972816
2021-09-13 00:00:00,so2,PIIANN,4.0877137,3.657766
2021-09-05 03:00:00,so2,PIIANN,0.75,1.7630979
2022-09-11 17:00:00,so2,PIIANN,2.82,2.7060454
2023-09-04 11:00:00,so2,PIIANN,1.0999999,2.10498
2024-03-08 10:00:00,so2,PIIANN,6.0,3.549772
2025-10-02 14:00:00,so2,PIIANN,5.5,5.6170278
2023-07-08 13:00:00,so2,PIIANN,3.275,3.3935232
2024-01-08 00:00:00,so2,PIIANN,3.08,4.4031234
2024-11-11 01:00:00,so2,PIIANN,4.58,5.1969967
2024-08-02 20:00:00,so2,PIIANN,3.1,3.277743
2023-03-08 14:00:00,so2,PIIANN,2.5,3.5181038
2025-03-05 14:00:00,so2,PIIANN,8.15,7.759282
2023-03-05 05:00:00,so2,PIIANN,0.72,1.5181053
2023-07-10 04:00:00,so2,PIIANN,4.5,5.5097523
2024-09-10 14:00:00,so2,PIIANN,2.1,3.2238019
2022-09-09 14:00:00,so2,PIIANN,3.72,4.9087653
2021-02-09 17:00:00,so2,PIIANN,5.38,5.1115127
2021-09-12 22:00:00,so2,PIIANN,4.55,3.7987626
2025-01-05 01:00:00,so2,PIIANN,5.03,4.021881
2023-04-10 17:00:00,so2,PIIANN,4.55,3.2028315
2025-08-12 23:00:00,so2,PIIANN,2.87,3.3981266
2022-05-04 03:00:00,so2,PIIANN,3.72,3.6097555
2025-02-11 19:00:00,so2,PIIANN,4.74,4.1101627
2022-08-09 12:00:00,so2,PIIANN,3.25,4.6596603
2023-11-09 18:00:00,so2,PIIANN,3.375,3.835302
2023-08-02 16:00:00,so2,PIIANN,6.25,3.6298876
2022-12-10 22:00:00,so2,PIIANN,1.45,2.779121
2022-07-10 20:00:00,so2,PIIANN,6.68,7.054604
2021-01-04 02:00:00,so2,PIIANN,2.88,2.6193428
2024-01-03 01:00:00,so2,PIIANN,3.9,3.3911228
2025-02-04 13:00:00,so2,PIIANN,5.78,3.9574654
2023-01-01 09:00:00,so2,PIIANN,3.875,2.6893377
2021-09-03 08:00:00,so2,PIIANN,0.5999999,2.9010136
2025-05-06 17:00:00,so2,PIIANN,3.47,2.9449308
2024-10-11 19:00:00,so2,PIIANN,5.2,3.7218149
2025-05-10 01:00:00,so2,PIIANN,1.71,2.0365818
2021-11-02 04:00:00,so2,PIIANN,1.5,1.5871592
2023-06-06 19:00:00,so2,PIIANN,1.375,2.3076131
2021-04-05 04:00:00,so2,PIIANN,2.25,2.1256976
2025-03-04 18:00:00,so2,PIIANN,1.3999999,2.4112458
2021-11-03 20:00:00,so2,PIIANN,0.75,2.781092
2024-06-08 15:00:00,so2,PIIANN,5.85,4.374359
2021-05-12 19:00:00,so2,PIIANN,8.98,8.199055
2021-09-08 22:00:00,so2,PIIANN,5.38,3.2576957
2024-09-07 14:00:00,so2,PIIANN,2.6,3.6526756
2022-11-04 16:00:00,so2,PIIANN,4.3,3.7432067
2021-11-10 13:00:00,so2,PIIANN,3.77,2.458849
2025-07-12 00:00:00,so2,PIIANN,2.43,2.7248404
2025-05-06 14:00:00,so2,PIIANN,6.05,3.7786012
2024-04-09 18:00:00,so2,PIIANN,3.1,3.5535784
2025-11-06 08:00:00,so2,PIIANN,3.1,5.367224
2022-10-07 21:00:00,so2,PIIANN,1.23,2.6635146
2025-05-02 02:00:00,so2,PIIANN,6.62,3.5104437
2021-07-02 23:00:00,so2,PIIANN,4.12,3.449684
2024-02-04 04:00:00,so2,PIIANN,3.02,3.6367795
2023-04-06 01:00:00,so2,PIIANN,4.05,3.051081
2023-05-08 04:00:00,so2,PIIANN,2.6,2.2856288
2025-03-08 01:00:00,so2,PIIANN,1.1099999,2.001855
2024-06-07 01:00:00,so2,PIIANN,1.0226667,1.6725798
2022-01-11 23:00:00,so2,PIIANN,2.33,3.3532557
2025-05-08 01:00:00,so2,PIIANN,2.58,2.9858067
2022-09-04 18:00:00,so2,PIIANN,2.25,2.7841043
2021-03-12 20:00:00,so2,PIIANN,20.17,17.965631
2023-04-03 04:00:00,so2,PIIANN,1.2749999,1.7839892
2022-02-08 12:00:00,so2,PIIANN,1.0,2.141758
2022-02-08 09:00:00,so2,PIIANN,1.05,2.7404933
2021-10-08 12:00:00,so2,PIIANN,3.25,4.7867413
2025-10-12 09:00:00,so2,PIIANN,2.85,3.2458894
2022-06-11 05:00:00,so2,PIIANN,0.9200001,3.1718116
2025-01-08 17:00:00,so2,PIIANN,1.3299999,1.7388608
2025-12-08 02:00:00,so2,PIIANN,1.56,1.9678146
2025-09-10 04:00:00,so2,PIIANN,0.99,1.3939195
2024-08-07 10:00:00,so2,PIIANN,4.45,3.6527026
2022-12-12 13:00:00,so2,PIIANN,4.58,5.929215
2023-06-10 22:00:00,so2,PIIANN,1.7750001,1.2240765
2025-07-05 09:00:00,so2,PIIANN,3.02,3.5243587
2025-03-08 19:00:00,so2,PIIANN,1.04,1.2720006
2025-08-05 09:00:00,so2,PIIANN,5.95,4.7243385
2021-12-04 12:00:00,so2,PIIANN,3.35,4.601709
2023-08-02 23:00:00,so2,PIIANN,6.15,4.0284114
2023-03-07 06:00:00,so2,PIIANN,3.25,3.8406472
2023-12-09 21:00:00,so2,PIIANN,3.225,3.5752957
2022-07-03 06:00:00,so2,PIIANN,2.17,3.2821634
2024-07-04 03:00:00,so2,PIIANN,3.52,3.0255322
2022-07-02 22:00:00,so2,PIIANN,3.32,3.1366103
2021-09-04 19:00:00,so2,PIIANN,0.18000008,1.4312675
2023-08-10 20:00:00,so2,PIIANN,3.0,2.5816343
2023-08-05 03:00:00,so2,PIIANN,0.25000027,1.2976427
2023-10-02 06:00:00,so2,PIIANN,4.425,4.987313
2023-08-02 05:00:00,so2,PIIANN,6.025,5.490548
2021-07-06 23:00:00,so2,PIIANN,3.75,1.9159267
2024-02-10 07:00:00,so2,PIIANN,3.52,4.353571
2021-09-09 00:00:00,so2,PIIANN,3.25,4.667092
2023-01-10 19:00:00,so2,PIIANN,1.925,3.413425
2023-11-04 06:00:00,so2,PIIANN,0.20000006,1.1702144
2023-11-12 11:00:00,so2,PIIANN,3.2,3.358305
2021-10-08 05:00:00,so2,PIIANN,6.07,4.053692
2024-01-08 06:00:00,so2,PIIANN,2.5,3.4055026
2023-11-03 13:00:00,so2,PIIANN,3.15,3.6036396
2022-10-02 08:00:00,so2,PIIANN,15.88,13.65716
2024-01-11 14:00:00,so2,PIIANN,3.12,4.0910344
2021-05-08 18:00:00,so2,PIIANN,4.9,4.042435
2023-06-06 17:00:00,so2,PIIANN,0.43333367,2.7504268
2025-01-10 15:00:00,so2,PIIANN,2.09,2.061155
2022-12-06 02:00:00,so2,PIIANN,2.25,2.350047
2023-11-11 12:00:00,so2,PIIANN,2.775,2.344076
2025-09-10 13:00:00,so2,PIIANN,1.3699999,1.6744843
2023-09-09 11:00:00,so2,PIIANN,3.5,3.7283309
2024-10-03 04:00:00,so2,PIIANN,2.85,2.1500428
2023-12-10 22:00:00,so2,PIIANN,3.25,2.3639138
2023-12-10 01:00:00,so2,PIIANN,2.925,3.7271225
2023-11-05 01:00:00,so2,PIIANN,1.0,1.8394662
2024-11-03 12:00:00,so2,PIIANN,3.08,3.7326314
2025-10-02 09:00:00,so2,PIIANN,4.08,5.124346
2025-09-07 15:00:00,so2,PIIANN,1.6499999,3.2590435
2022-08-11 16:00:00,so2,PIIANN,3.75,3.5066595
2024-11-09 19:00:00,so2,PIIANN,2.98,3.952805
2025-11-03 05:00:00,so2,PIIANN,5.72,4.8813877
2023-01-03 22:00:00,so2,PIIANN,3.2,2.8230543
2022-06-09 06:00:00,so2,PIIANN,2.4,4.075075
2025-03-06 11:00:00,so2,PIIANN,7.6,5.5578675
2022-11-08 01:00:00,so2,PIIANN,6.6,5.249136
2024-11-10 19:00:00,so2,PIIANN,1.4199998,3.28535
2023-11-05 00:00:00,so2,PIIANN,0.54999995,3.7763648
2025-06-04 08:00:00,so2,PIIANN,4.95,4.3548207
2021-02-03 15:00:00,so2,PIIANN,0.99,1.5100334
2022-05-12 14:00:00,so2,PIIANN,0.100000165,1.2303846
2025-06-03 09:00:00,so2,PIIANN,4.0,4.172558
2025-01-04 19:00:00,so2,PIIANN,6.48,3.9634442
2022-06-04 14:00:00,so2,PIIANN,4.62,2.9877415
2022-08-04 21:00:00,so2,PIIANN,1.3499999,1.4526258
2024-02-09 15:00:00,so2,PIIANN,5.15,4.5959826
2022-10-06 21:00:00,so2,PIIANN,4.77,5.6749578
2021-02-02 07:00:00,so2,PIIANN,5.9,5.9652176
2021-03-11 13:00:00,so2,PIIANN,21.02,12.933132
2024-01-05 06:00:00,so2,PIIANN,3.72,2.331814
2022-07-04 16:00:00,so2,PIIANN,4.5,1.8722097
2025-02-06 21:00:00,so2,PIIANN,3.8,5.4722776
2023-05-06 08:00:00,so2,PIIANN,4.45,2.9981494
2025-01-05 11:00:00,so2,PIIANN,10.15,5.8284698
2021-08-08 07:00:00,so2,PIIANN,7.25,7.242517
2025-09-10 11:00:00,so2,PIIANN,1.98,1.4748921
2025-12-07 18:00:00,so2,PIIANN,0.75,3.0455468
2021-10-12 10:00:00,so2,PIIANN,2.68,5.445789
2022-07-10 18:00:00,so2,PIIANN,8.62,8.8219
2022-04-07 04:00:00,so2,PIIANN,3.78,5.5288496
2025-04-09 21:00:00,so2,PIIANN,1.22,1.261116
2024-03-12 01:00:00,so2,PIIANN,3.72,3.3398535
2025-06-03 08:00:00,so2,PIIANN,4.62,4.8251553
2025-12-02 05:00:00,so2,PIIANN,3.6,3.5878224
2023-09-05 17:00:00,so2,PIIANN,2.1250002,2.8501608
2023-08-09 00:00:00,so2,PIIANN,3.675,4.341482
2021-09-07 12:00:00,so2,PIIANN,0.98,1.6977563
2022-01-08 01:00:00,so2,PIIANN,2.02,3.6722894
2022-03-09 12:00:00,so2,PIIANN,9.65,11.191064
2024-01-05 02:00:00,so2,PIIANN,1.3799999,2.1432574
2024-08-12 01:00:00,so2,PIIANN,3.92,3.6815894
2025-03-05 01:00:00,so2,PIIANN,3.52,3.7498615
2023-04-11 18:00:00,so2,PIIANN,3.325,3.6194985
2025-02-04 01:00:00,so2,PIIANN,4.38,4.082915
2023-12-08 07:00:00,so2,PIIANN,6.2,4.721344
2023-05-09 04:00:00,so2,PIIANN,1.5249999,4.1159368
2023-08-11 11:00:00,so2,PIIANN,2.6666667,3.9078875
2025-05-05 03:00:00,so2,PIIANN,3.5,3.7974095
2024-12-08 17:00:00,so2,PIIANN,2.1,3.9950917
2023-04-06 07:00:00,so2,PIIANN,2.1250002,2.6190999
2025-04-08 12:00:00,so2,PIIANN,2.13,2.0176299
2025-02-02 09:00:00,so2,PIIANN,5.38,5.183709
2024-02-08 12:00:00,so2,PIIANN,5.05,5.168647
2021-05-03 07:00:00,so2,PIIANN,2.85,2.7207785
2023-03-12 08:00:00,so2,PIIANN,2.55,2.2809784
2025-01-07 07:00:00,so2,PIIANN,2.75,3.5796068
2024-09-01 13:00:00,so2,PIIANN,4.53,3.144133
2023-01-12 05:00:00,so2,PIIANN,0.7249999,2.744977
2023-03-07 10:00:00,so2,PIIANN,2.2,3.065749
2025-12-05 16:00:00,so2,PIIANN,2.4,4.666549
2024-08-06 07:00:00,so2,PIIANN,3.88,3.896335
2022-09-08 15:00:00,so2,PIIANN,1.7999998,2.0040557
2025-01-02 05:00:00,so2,PIIANN,3.55,3.8021462
2022-06-11 01:00:00,so2,PIIANN,7.8,5.0264783
2024-03-10 03:00:00,so2,PIIANN,6.12,4.6962433
2025-04-05 06:00:00,so2,PIIANN,4.25,6.2710695
2023-09-03 00:00:00,so2,PIIANN,2.3,4.186786
2024-08-10 07:00:00,so2,PIIANN,6.88,4.689089
2022-12-11 17:00:00,so2,PIIANN,1.9499999,1.8977096
2025-10-12 04:00:00,so2,PIIANN,3.83,5.29819
2023-06-05 12:00:00,so2,PIIANN,0.40000013,1.9659506
2025-02-08 02:00:00,so2,PIIANN,1.1099999,1.8210151
2023-01-03 07:00:00,so2,PIIANN,2.35,2.6076381
2021-02-02 23:00:00,so2,PIIANN,3.03,3.0450368
2024-12-09 02:00:00,so2,PIIANN,2.9,4.8060393
2022-02-07 06:00:00,so2,PIIANN,1.6599998,2.3920605
2025-01-09 11:00:00,so2,PIIANN,0.76,1.8280606
2022-07-12 09:00:00,so2,PIIANN,4.85,3.6606233
2025-08-12 10:00:00,so2,PIIANN,2.33,3.722597
2022-02-01 10:00:00,so2,PIIANN,2.3,2.685321
2024-03-12 02:00:00,so2,PIIANN,4.4,3.646184
2023-09-06 09:00:00,so2,PIIANN,1.2,3.407632
2021-08-07 01:00:00,so2,PIIANN,6.75,5.5439434
2021-06-04 20:00:00,so2,PIIANN,4.2,5.483528
2023-06-04 06:00:00,so2,PIIANN,6.025,4.4814157
2024-02-05 02:00:00,so2,PIIANN,3.12,1.8595874
2021-05-02 19:00:00,so2,PIIANN,3.42,4.6392407
2023-05-08 23:00:00,so2,PIIANN,1.2249999,2.360144
2021-05-05 03:00:00,so2,PIIANN,2.22,2.594681
2024-06-04 15:00:00,so2,PIIANN,2.4,1.9540942
2025-08-11 01:00:00,so2,PIIANN,2.57,2.8125675
2022-09-12 10:00:00,so2,PIIANN,3.83,7.3295455
2022-04-08 05:00:00,so2,PIIANN,4.15,4.9931803
2021-05-01 21:00:00,so2,PIIANN,1.02,2.4223394
2024-08-13 01:00:00,so2,PIIANN,6.3287745,6.23074
2023-08-06 18:00:00,so2,PIIANN,3.525,3.964828
2024-09-02 14:00:00,so2,PIIANN,3.05,2.1353242
2023-07-06 21:00:00,so2,PIIANN,3.4,2.849866
2025-08-02 18:00:00,so2,PIIANN,4.08,5.257783
2025-08-03 03:00:00,so2,PIIANN,4.53,5.1815643
2023-02-09 11:00:00,so2,PIIANN,2.6333334,2.0886185
2025-11-05 17:00:00,so2,PIIANN,1.6699998,2.7312794
2021-10-02 08:00:00,so2,PIIANN,6.68,7.1077538
2021-06-04 17:00:00,so2,PIIANN,5.45,4.1046786
2023-12-09 03:00:00,so2,PIIANN,4.125,3.5309331
2025-03-10 15:00:00,so2,PIIANN,2.0500002,2.386563
2023-12-12 23:00:00,so2,PIIANN,4.175,2.9854133
2024-08-02 08:00:00,so2,PIIANN,2.3,2.6281135
2024-02-09 08:00:00,so2,PIIANN,2.7,2.930493
2021-11-07 11:00:00,so2,PIIANN,3.35,3.5811763
2024-06-06 15:00:00,so2,PIIANN,1.75,2.7135897
2022-06-10 23:00:00,so2,PIIANN,1.3199999,1.9573567
2023-10-06 16:00:00,so2,PIIANN,6.775,3.956224
2023-09-06 05:00:00,so2,PIIANN,2.7625,2.7549672
2021-02-05 02:00:00,so2,PIIANN,0.79999995,1.790421
2023-07-05 00:00:00,so2,PIIANN,0.5,4.6732635
2025-03-11 09:00:00,so2,PIIANN,4.73,2.9529455
2023-11-05 06:00:00,so2,PIIANN,2.0,1.5302029
2025-03-03 12:00:00,so2,PIIANN,4.38,2.6149313
2023-06-08 16:00:00,so2,PIIANN,1.425,3.2788475
2025-07-05 17:00:00,so2,PIIANN,4.62,4.6530504
2021-08-01 14:00:00,so2,PIIANN,1.8500001,3.581557
2025-12-06 16:00:00,so2,PIIANN,3.18,2.805442
2023-07-09 19:00:00,so2,PIIANN,3.6,4.0383825
2025-05-07 07:00:00,so2,PIIANN,4.47,3.6165304
2021-11-06 19:00:00,so2,PIIANN,0.34999993,1.8727283
2022-04-04 13:00:00,so2,PIIANN,0.40000013,2.4147348
2024-08-10 21:00:00,so2,PIIANN,1.88,3.9570248
2021-05-11 15:00:00,so2,PIIANN,25.38,17.423395
2024-02-04 08:00:00,so2,PIIANN,3.4,3.2962272
2024-04-08 19:00:00,so2,PIIANN,3.88,3.1709638
2024-04-10 12:00:00,so2,PIIANN,1.8500001,3.5971715
2024-06-08 19:00:00,so2,PIIANN,5.78,3.970233
2024-03-02 08:00:00,so2,PIIANN,0.93000007,2.110769
2022-06-05 20:00:00,so2,PIIANN,3.12,2.2072535
2022-09-05 03:00:00,so2,PIIANN,7.8,6.1599054
2021-03-05 10:00:00,so2,PIIANN,2.45,3.0347
2023-05-10 07:00:00,so2,PIIANN,3.3,3.5397274
2023-08-07 05:00:00,so2,PIIANN,3.575,3.3784714
2025-04-11 23:00:00,so2,PIIANN,2.91,3.878445
2025-11-02 04:00:00,so2,PIIANN,2.75,4.2075906
2021-06-12 13:00:00,so2,PIIANN,3.95,5.3108335
2021-03-05 16:00:00,so2,PIIANN,4.8,3.646484
2022-02-11 00:00:00,so2,PIIANN,0.79999995,2.1929402
2023-08-03 04:00:00,so2,PIIANN,1.975,1.7743394
2022-02-04 17:00:00,so2,PIIANN,0.6633334,1.7618207
2023-10-06 07:00:00,so2,PIIANN,4.375,3.7072055
2023-12-05 19:00:00,so2,PIIANN,4.025,3.2716231
2023-02-07 15:00:00,so2,PIIANN,0.66666675,3.1052504
2025-10-02 21:00:00,so2,PIIANN,5.18,4.613277
2023-12-08 03:00:00,so2,PIIANN,1.0249999,2.1650956
2021-11-02 15:00:00,so2,PIIANN,2.4,2.8925226
2023-02-09 00:00:00,so2,PIIANN,1.7750001,2.7312984
2024-03-03 21:00:00,so2,PIIANN,2.78,2.9070215
2022-02-11 22:00:00,so2,PIIANN,1.6499999,3.5907838
2022-05-07 14:00:00,so2,PIIANN,0.9200001,3.6386735
2021-03-12 21:00:00,so2,PIIANN,17.72,17.218382
2023-12-08 23:00:00,so2,PIIANN,2.65,3.4082675
2023-07-04 12:00:00,so2,PIIANN,3.05,3.4290297
2023-11-12 21:00:00,so2,PIIANN,3.0,2.480046
2021-09-12 13:00:00,so2,PIIANN,2.1,3.497681
2022-08-05 02:00:00,so2,PIIANN,1.98,2.3952682
2024-11-12 03:00:00,so2,PIIANN,6.85,5.3348603
2024-11-05 21:00:00,so2,PIIANN,0.40000013,1.2629895
2025-01-09 23:00:00,so2,PIIANN,1.26,1.0191095
2024-05-04 06:00:00,so2,PIIANN,2.3,1.4853666
2022-09-03 23:00:00,so2,PIIANN,3.78,3.2317166
2021-12-04 07:00:00,so2,PIIANN,3.42,4.7608914
2021-02-03 14:00:00,so2,PIIANN,0.8599999,1.6602571
2023-10-07 12:00:00,so2,PIIANN,3.4,4.0127406
2024-08-01 22:00:00,so2,PIIANN,2.08,2.5571728
2025-03-09 13:00:00,so2,PIIANN,0.81999993,1.9686782
2023-02-13 02:00:00,so2,PIIANN,3.2410147,2.967685
2021-05-02 20:00:00,so2,PIIANN,7.07,3.6885657
2021-02-08 14:00:00,so2,PIIANN,5.2,5.383647
2025-12-03 22:00:00,so2,PIIANN,3.9,6.2761574
2024-10-03 18:00:00,so2,PIIANN,2.65,3.3091702
2021-11-02 05:00:00,so2,PIIANN,2.28,2.0889132
2025-09-09 06:00:00,so2,PIIANN,0.89999986,1.4628971
2021-12-04 02:00:00,so2,PIIANN,0.54999995,2.556711
2023-12-05 10:00:00,so2,PIIANN,1.5666666,2.9995587
2023-12-04 17:00:00,so2,PIIANN,0.61666656,1.5418186
2025-12-08 22:00:00,so2,PIIANN,0.9100001,0.82766986
2023-08-01 23:00:00,so2,PIIANN,3.4,4.0204453
2023-09-03 07:00:00,so2,PIIANN,3.575,3.522436
2023-07-10 14:00:00,so2,PIIANN,2.95,3.9957957
2025-05-08 03:00:00,so2,PIIANN,1.8299999,2.3370762
2021-04-10 07:00:00,so2,PIIANN,1.3,2.3840497
2022-05-10 11:00:00,so2,PIIANN,5.27,4.32042
2024-07-12 11:00:00,so2,PIIANN,6.8,4.164049
2025-02-11 02:00:00,so2,PIIANN,4.2,3.6848056
2024-11-04 17:00:00,so2,PIIANN,2.75,3.1432898
2024-06-05 11:00:00,so2,PIIANN,0.72,2.5250568
2024-11-08 23:00:00,so2,PIIANN,5.12,4.5605493
2024-01-11 23:00:00,so2,PIIANN,5.68,6.2592964
2022-03-12 07:00:00,so2,PIIANN,4.2,5.0037613
2021-08-09 06:00:00,so2,PIIANN,4.53,4.150267
2022-11-07 18:00:00,so2,PIIANN,9.919999,8.192787
2022-01-11 02:00:00,so2,PIIANN,7.92,8.017429
2021-01-05 13:00:00,so2,PIIANN,1.9199998,3.1012883
2024-11-03 20:00:00,so2,PIIANN,2.48,3.6446247
2023-08-11 22:00:00,so2,PIIANN,2.325,2.2104962
2024-08-03 16:00:00,so2,PIIANN,1.5799999,1.3929908
2022-02-09 15:00:00,so2,PIIANN,7.5000005,4.2814517
2024-01-11 11:00:00,so2,PIIANN,3.97,3.8625617
2024-04-03 07:00:00,so2,PIIANN,1.23,1.8248909
2023-12-07 12:00:00,so2,PIIANN,4.65,5.004698
2024-01-01 14:00:00,so2,PIIANN,1.7300001,4.3966584
2022-01-06 19:00:00,so2,PIIANN,7.25,5.4008136
2023-03-05 10:00:00,so2,PIIANN,2.0333333,2.2746718
2025-03-01 17:00:00,so2,PIIANN,4.7,5.8309317
2023-08-07 10:00:00,so2,PIIANN,4.0666666,2.4371212
2025-11-11 00:00:00,so2,PIIANN,3.99,1.7680695
2021-07-07 18:00:00,so2,PIIANN,4.6,4.722866
2024-10-11 20:00:00,so2,PIIANN,5.55,4.161108
2025-07-09 21:00:00,so2,PIIANN,1.1399999,0.3186026
2021-12-03 18:00:00,so2,PIIANN,2.78,3.4919136
2022-02-06 13:00:00,so2,PIIANN,6.7,5.367244
2024-03-05 16:00:00,so2,PIIANN,3.88,2.9590514
2024-10-02 07:00:00,so2,PIIANN,2.12,4.364703
2025-06-11 13:00:00,so2,PIIANN,5.36,4.136646
2023-05-02 19:00:00,so2,PIIANN,1.6333332,3.0048106
2022-08-03 19:00:00,so2,PIIANN,2.4,2.4245536
2024-08-03 01:00:00,so2,PIIANN,3.98,3.809775
2023-01-13 01:00:00,so2,PIIANN,1.4848468,2.146158
2022-04-04 05:00:00,so2,PIIANN,3.45,2.101106
2024-04-03 05:00:00,so2,PIIANN,0.7850001,1.410532
2023-01-05 05:00:00,so2,PIIANN,1.2749999,1.9633979
2022-06-01 13:00:00,so2,PIIANN,1.23,2.7830863
2023-02-12 13:00:00,so2,PIIANN,0.5999999,2.7205265
2024-04-10 14:00:00,so2,PIIANN,1.9,2.2660275
2024-09-03 09:00:00,so2,PIIANN,2.25,2.6974564
2025-03-11 13:00:00,so2,PIIANN,4.42,3.502427
2024-05-10 15:00:00,so2,PIIANN,0.8799999,3.669903
2023-11-06 17:00:00,so2,PIIANN,0.70000005,2.9922025
2024-08-10 16:00:00,so2,PIIANN,5.8,5.3811746
2025-01-04 17:00:00,so2,PIIANN,2.18,3.574743
2021-05-11 04:00:00,so2,PIIANN,4.53,3.3376203
2021-05-10 06:00:00,so2,PIIANN,4.32,3.4477255
2021-12-10 00:00:00,so2,PIIANN,2.62,3.175821
2023-03-04 22:00:00,so2,PIIANN,3.7,5.681638
2023-11-08 07:00:00,so2,PIIANN,5.025,4.689727
2021-11-10 10:00:00,so2,PIIANN,2.88,2.937681
2024-10-07 23:00:00,so2,PIIANN,0.8499999,1.6910362
2021-08-05 01:00:00,so2,PIIANN,3.9,3.0144966
2023-10-04 09:00:00,so2,PIIANN,0.20000006,1.8655546
2022-11-05 13:00:00,so2,PIIANN,4.05,3.603166
2023-11-06 06:00:00,so2,PIIANN,3.725,3.4509997
2021-04-07 10:00:00,so2,PIIANN,6.68,7.1167746
2021-11-09 09:00:00,so2,PIIANN,0.8499999,3.2799354
2025-01-10 19:00:00,so2,PIIANN,1.3299999,1.8621831
2023-03-05 12:00:00,so2,PIIANN,0.95000005,2.2126713
2022-03-08 22:00:00,so2,PIIANN,3.6,4.409759
2022-08-11 08:00:00,so2,PIIANN,2.0,1.8670964
2021-06-13 00:00:00,so2,PIIANN,0.30565503,1.038286
2023-09-11 06:00:00,so2,PIIANN,3.65,5.157601
2025-03-11 10:00:00,so2,PIIANN,3.67,3.5676277
2025-07-08 14:00:00,so2,PIIANN,0.44999984,1.650332
2022-09-07 18:00:00,so2,PIIANN,1.0699999,1.7006445
2025-12-01 18:00:00,so2,PIIANN,7.78,8.272941
2023-08-07 18:00:00,so2,PIIANN,3.7,3.4447072
2022-05-07 13:00:00,so2,PIIANN,2.58,4.750977
2023-02-08 18:00:00,so2,PIIANN,5.6,3.7109656
2023-09-04 18:00:00,so2,PIIANN,0.20000006,1.3133085
2022-08-09 04:00:00,so2,PIIANN,4.15,2.6818027
2023-04-08 04:00:00,so2,PIIANN,5.45,2.7817066
2023-12-05 02:00:00,so2,PIIANN,0.66666675,1.7592378
2023-07-08 11:00:00,so2,PIIANN,3.5,4.7191234
2023-05-03 09:00:00,so2,PIIANN,5.25,4.471796
2022-01-09 03:00:00,so2,PIIANN,0.72,2.2003407
2025-05-09 11:00:00,so2,PIIANN,1.6699998,1.7357795
2025-04-10 16:00:00,so2,PIIANN,1.3599999,1.0966787
2023-07-09 14:00:00,so2,PIIANN,2.475,1.8537081
2025-04-05 15:00:00,so2,PIIANN,3.62,3.5189965
2021-09-11 02:00:00,so2,PIIANN,3.62,4.617416
2021-07-09 20:00:00,so2,PIIANN,6.58,4.788601
2021-02-07 14:00:00,so2,PIIANN,4.18,3.0339987
2023-05-04 07:00:00,so2,PIIANN,4.35,3.2377775
2021-03-11 17:00:00,so2,PIIANN,8.62,11.0204115
2021-01-10 07:00:00,so2,PIIANN,3.32,4.089555
2024-03-01 09:00:00,so2,PIIANN,1.3499999,3.1002204
2021-01-03 22:00:00,so2,PIIANN,2.9,2.7362077
2023-06-11 01:00:00,so2,PIIANN,1.7750001,1.9027207
2021-09-09 15:00:00,so2,PIIANN,2.55,2.4288466
2024-01-08 22:00:00,so2,PIIANN,3.05,3.2989306
2023-08-02 21:00:00,so2,PIIANN,2.325,3.4770238
2021-02-10 19:00:00,so2,PIIANN,2.58,2.4621909
2022-02-06 15:00:00,so2,PIIANN,7.05,6.559785
2023-12-10 10:00:00,so2,PIIANN,5.233333,4.485193
2024-10-11 14:00:00,so2,PIIANN,4.55,4.586849
2022-07-08 16:00:00,so2,PIIANN,2.55,2.9734783
2024-06-11 22:00:00,so2,PIIANN,2.95,2.5750284
2022-01-03 09:00:00,so2,PIIANN,13.75,6.637043
2025-02-01 20:00:00,so2,PIIANN,4.27,4.5681324
2024-10-10 16:00:00,so2,PIIANN,5.5,4.3047504
2023-07-05 06:00:00,so2,PIIANN,2.55,1.4504099
2025-01-05 15:00:00,so2,PIIANN,3.1,4.9126987
2021-02-04 16:00:00,so2,PIIANN,6.02,4.5108337
2025-11-06 03:00:00,so2,PIIANN,7.25,5.3883805
2025-04-09 08:00:00,so2,PIIANN,1.71,1.4405603
2025-07-11 01:00:00,so2,PIIANN,1.1699998,2.0564075
2025-12-01 10:00:00,so2,PIIANN,4.25,4.6815853
2024-06-09 03:00:00,so2,PIIANN,3.42,3.2034652
2023-10-08 23:00:00,so2,PIIANN,4.025,3.960798
2022-09-12 22:00:00,so2,PIIANN,5.72,2.715531
2024-01-12 07:00:00,so2,PIIANN,3.35,3.7757137
2025-04-01 08:00:00,so2,PIIANN,5.5,4.742545
2025-12-03 08:00:00,so2,PIIANN,7.38,5.1862884
2024-11-05 18:00:00,so2,PIIANN,1.1699998,2.9464324
2022-05-05 15:00:00,so2,PIIANN,11.9,8.135651
2024-10-06 22:00:00,so2,PIIANN,4.25,6.6130652
2025-05-01 22:00:00,so2,PIIANN,5.28,4.913921
2024-09-11 03:00:00,so2,PIIANN,4.2,3.8068779
2023-05-09 15:00:00,so2,PIIANN,1.175,3.1391256
2024-03-05 22:00:00,so2,PIIANN,4.1,1.9911685
2022-07-10 12:00:00,so2,PIIANN,6.98,8.794117
2021-02-10 16:00:00,so2,PIIANN,1.6799998,2.732534
2024-03-12 00:00:00,so2,PIIANN,2.85,4.30376
2021-12-04 03:00:00,so2,PIIANN,2.02,1.6256363
2023-12-08 01:00:00,so2,PIIANN,3.975,2.8759282
2025-08-04 00:00:00,so2,PIIANN,4.07,3.4603899
2025-07-10 01:00:00,so2,PIIANN,1.05,1.3642404
2021-09-06 06:00:00,so2,PIIANN,6.2,10.772815
2023-11-05 16:00:00,so2,PIIANN,2.85,3.3046434
2022-09-05 05:00:00,so2,PIIANN,3.875,4.151069
2022-05-01 17:00:00,so2,PIIANN,5.35,6.086847
2022-11-03 12:00:00,so2,PIIANN,3.7,2.3767464
2024-06-11 10:00:00,so2,PIIANN,4.03,4.655966
2022-02-01 22:00:00,so2,PIIANN,1.25,1.6263294
2024-07-11 16:00:00,so2,PIIANN,4.1,4.0561852
2021-06-10 12:00:00,so2,PIIANN,3.95,3.3351078
2021-02-09 22:00:00,so2,PIIANN,5.15,4.2688828
2023-01-07 12:00:00,so2,PIIANN,3.625,2.6189804
2024-02-06 04:00:00,so2,PIIANN,2.15,3.2591417
2025-04-11 12:00:00,so2,PIIANN,5.33,3.3307052
2023-05-06 05:00:00,so2,PIIANN,5.05,5.0910487
2023-02-10 15:00:00,so2,PIIANN,2.2,2.603185
2023-12-04 01:00:00,so2,PIIANN,2.35,2.707589
2021-11-05 15:00:00,so2,PIIANN,5.3,5.160263
2022-05-09 06:00:00,so2,PIIANN,4.53,4.6401315
2025-04-02 22:00:00,so2,PIIANN,5.07,2.6880662
2025-06-11 20:00:00,so2,PIIANN,4.77,3.0574768
2025-04-12 21:00:00,so2,PIIANN,5.02,4.5058546
2022-03-01 16:00:00,so2,PIIANN,3.25,3.8125083
2025-10-02 18:00:00,so2,PIIANN,5.12,5.7786202
2024-05-01 12:00:00,so2,PIIANN,4.9,4.705952
2022-03-03 19:00:00,so2,PIIANN,3.75,3.2829695
2024-03-06 15:00:00,so2,PIIANN,3.2,3.188239
2023-05-10 11:00:00,so2,PIIANN,2.8666666,2.7732747
2023-03-03 19:00:00,so2,PIIANN,2.075,2.851185
2024-02-12 13:00:00,so2,PIIANN,4.32,4.394006
2025-02-06 01:00:00,so2,PIIANN,4.25,2.826376
2023-01-07 18:00:00,so2,PIIANN,2.475,3.6791964
2024-07-09 23:00:00,so2,PIIANN,4.55,3.9446533
2024-09-06 19:00:00,so2,PIIANN,4.88,4.404738
2022-07-07 12:00:00,so2,PIIANN,1.5,4.5714517
2023-06-07 15:00:00,so2,PIIANN,3.05,2.9033024
2024-07-05 14:00:00,so2,PIIANN,0.8499999,1.3631918
2025-09-06 18:00:00,so2,PIIANN,4.45,2.6248963
2025-04-03 11:00:00,so2,PIIANN,4.85,3.0933666
2022-06-09 00:00:00,so2,PIIANN,3.22,2.1817558
2024-08-03 03:00:00,so2,PIIANN,2.88,3.2293766
2021-02-11 11:00:00,so2,PIIANN,1.82,3.1562972
2023-08-07 13:00:00,so2,PIIANN,5.075,3.9297078
2021-02-01 23:00:00,so2,PIIANN,1.0,1.9814854
2022-09-05 16:00:00,so2,PIIANN,9.05,9.838926
2023-10-01 15:00:00,so2,PIIANN,5.25,4.001862
2025-07-07 14:00:00,so2,PIIANN,4.62,4.3802896
2024-04-11 21:00:00,so2,PIIANN,4.18,3.556171
2025-04-10 12:00:00,so2,PIIANN,0.96000004,1.8319229
2021-11-12 23:00:00,so2,PIIANN,0.6500001,1.4938791
2021-12-11 17:00:00,so2,PIIANN,2.25,2.3158364
2023-02-05 13:00:00,so2,PIIANN,2.275,1.7860744
2025-08-12 21:00:00,so2,PIIANN,4.52,4.0711975
2022-12-06 16:00:00,so2,PIIANN,3.7,4.8378773
2021-09-07 02:00:00,so2,PIIANN,0.51999974,2.5573187
2025-06-10 00:00:00,so2,PIIANN,1.23,1.0576768
2025-01-05 02:00:00,so2,PIIANN,4.92,4.312453
2023-08-07 16:00:00,so2,PIIANN,2.075,3.3919718
2022-05-10 19:00:00,so2,PIIANN,5.5,4.338248
2022-07-06 22:00:00,so2,PIIANN,1.5999999,3.283819
2022-06-06 06:00:00,so2,PIIANN,7.4,6.167204
2023-12-08 18:00:00,so2,PIIANN,0.79999995,3.1769009
2025-03-06 01:00:00,so2,PIIANN,5.48,3.2564101
2023-05-03 08:00:00,so2,PIIANN,4.5,4.29188
2024-03-07 19:00:00,so2,PIIANN,4.4,3.2419882
2022-09-04 00:00:00,so2,PIIANN,2.17,3.1394641
2022-05-10 13:00:00,so2,PIIANN,0.5,3.097764
2023-09-10 03:00:00,so2,PIIANN,4.25,2.8693175
2025-05-07 13:00:00,so2,PIIANN,3.78,2.789885
2021-07-05 16:00:00,so2,PIIANN,1.88,3.3402333
2023-07-08 19:00:00,so2,PIIANN,3.675,3.7304556
2025-12-11 04:00:00,so2,PIIANN,2.13,3.2309809
2022-03-03 03:00:00,so2,PIIANN,7.18,5.8922715
2021-10-03 07:00:00,so2,PIIANN,1.5,1.5555298
2023-05-11 02:00:00,so2,PIIANN,2.475,3.2600324
2021-10-08 10:00:00,so2,PIIANN,4.62,4.6966004
2021-10-02 13:00:00,so2,PIIANN,3.22,4.227902
2023-07-03 20:00:00,so2,PIIANN,3.325,3.068618
2023-01-09 04:00:00,so2,PIIANN,4.3,2.4669623
2023-12-06 13:00:00,so2,PIIANN,0.9666667,1.8960917
2023-12-09 12:00:00,so2,PIIANN,3.4,2.742401
2023-06-11 08:00:00,so2,PIIANN,4.125,2.2546892
2022-07-05 13:00:00,so2,PIIANN,3.92,3.1373339
2021-09-07 05:00:00,so2,PIIANN,4.55,4.0446897
2025-11-07 18:00:00,so2,PIIANN,3.95,4.5962777
2024-05-04 13:00:00,so2,PIIANN,5.82,4.158693
2023-08-03 18:00:00,so2,PIIANN,1.7999998,2.5046177
2021-05-04 05:00:00,so2,PIIANN,3.65,3.091273
2025-06-09 07:00:00,so2,PIIANN,1.1099999,1.4588914
2021-07-04 12:00:00,so2,PIIANN,3.28,4.0770655
2024-02-12 04:00:00,so2,PIIANN,3.25,7.612582
2024-05-01 13:00:00,so2,PIIANN,3.6,4.4752803
2024-11-09 18:00:00,so2,PIIANN,4.35,3.8549037
2021-03-03 07:00:00,so2,PIIANN,4.8,3.7074022
2023-10-05 22:00:00,so2,PIIANN,0.6500001,1.5693588
2023-03-09 22:00:00,so2,PIIANN,3.25,4.7345405
2025-07-10 14:00:00,so2,PIIANN,1.22,1.194129
2021-09-04 09:00:00,so2,PIIANN,6.72,5.329499
2025-05-07 10:00:00,so2,PIIANN,1.78,2.67646
2023-07-09 01:00:00,so2,PIIANN,2.55,2.409164
2021-01-11 21:00:00,so2,PIIANN,5.57,6.887788
2021-06-05 17:00:00,so2,PIIANN,2.9,3.9941165
2022-11-09 02:00:00,so2,PIIANN,4.2,3.591184
2025-09-07 08:00:00,so2,PIIANN,3.82,3.1637025
2023-04-10 15:00:00,so2,PIIANN,1.975,3.0084376
2025-12-05 14:00:00,so2,PIIANN,4.97,4.4727583
2025-02-11 12:00:00,so2,PIIANN,1.3299999,3.4481728
2021-08-12 19:00:00,so2,PIIANN,2.72,2.5839348
2021-08-12 10:00:00,so2,PIIANN,2.62,5.2977343
2022-04-02 21:00:00,so2,PIIANN,3.32,2.972146
2023-06-07 23:00:00,so2,PIIANN,3.625,2.9917026
2024-12-09 03:00:00,so2,PIIANN,0.68000007,3.262657
2022-06-11 23:00:00,so2,PIIANN,0.7125001,1.423006
2024-01-03 08:00:00,so2,PIIANN,4.58,4.781542
2025-11-08 19:00:00,so2,PIIANN,3.06,1.4793656
2022-04-06 23:00:00,so2,PIIANN,4.88,5.455981
2021-05-12 00:00:00,so2,PIIANN,7.8,4.567491
2023-02-10 17:00:00,so2,PIIANN,3.575,3.2314947
2022-12-08 02:00:00,so2,PIIANN,2.75,2.7459412
2022-12-03 22:00:00,so2,PIIANN,2.5,2.931716
2023-02-04 21:00:00,so2,PIIANN,3.75,3.789512
2025-04-02 21:00:00,so2,PIIANN,1.6799998,3.313646
2024-07-02 04:00:00,so2,PIIANN,1.7199999,3.3822563
2025-12-10 07:00:00,so2,PIIANN,1.47,2.02898
2023-10-04 14:00:00,so2,PIIANN,0.82500005,2.0481489
2025-09-09 17:00:00,so2,PIIANN,1.3799999,0.7302079
2024-04-05 06:00:00,so2,PIIANN,3.08,1.3493905
2022-07-09 09:00:00,so2,PIIANN,4.35,2.7920854
2022-07-01 16:00:00,so2,PIIANN,1.444,1.6595669
2022-11-03 15:00:00,so2,PIIANN,4.32,4.242377
2023-02-01 17:00:00,so2,PIIANN,3.32,3.4421153
2021-02-08 00:00:00,so2,PIIANN,3.88,5.9096107
2024-10-11 17:00:00,so2,PIIANN,2.0,3.557682
2022-09-12 23:00:00,so2,PIIANN,5.7,3.8000662
2024-04-05 07:00:00,so2,PIIANN,4.22,2.6979449
2022-02-03 08:00:00,so2,PIIANN,10.95,5.755212
2022-04-08 14:00:00,so2,PIIANN,1.03,2.7470565
2021-02-05 03:00:00,so2,PIIANN,0.5999999,1.941544
2021-02-12 03:00:00,so2,PIIANN,0.70000005,1.6378736
2023-10-03 15:00:00,so2,PIIANN,2.1708336,2.636772
2023-09-06 22:00:00,so2,PIIANN,4.8,4.6088843
2021-02-12 05:00:00,so2,PIIANN,3.88,3.8900483
2023-08-03 02:00:00,so2,PIIANN,0.5,1.5086181
2021-10-09 20:00:00,so2,PIIANN,0.98,2.2392166
2023-05-06 04:00:00,so2,PIIANN,5.2,4.1624737
2021-06-10 06:00:00,so2,PIIANN,5.32,5.4450293
2025-01-02 00:00:00,so2,PIIANN,3.58,5.735521
2023-05-09 01:00:00,so2,PIIANN,2.15,2.696519
2022-11-11 16:00:00,so2,PIIANN,3.38,1.3759742
2025-12-06 14:00:00,so2,PIIANN,4.15,3.3434377
2025-02-06 19:00:00,so2,PIIANN,5.18,5.197367
2024-07-12 14:00:00,so2,PIIANN,2.38,2.6607733
2023-06-09 03:00:00,so2,PIIANN,2.325,1.9505384
2025-07-02 08:00:00,so2,PIIANN,4.68,7.3688197
2023-03-12 23:00:00,so2,PIIANN,1.625,3.2020245
2024-04-07 19:00:00,so2,PIIANN,4.742857,4.3520794
2025-09-11 02:00:00,so2,PIIANN,2.15,1.4750636
2025-08-02 09:00:00,so2,PIIANN,5.2,5.2084675
2023-09-10 14:00:00,so2,PIIANN,3.325,2.8745131
2024-05-10 06:00:00,so2,PIIANN,3.22,2.7744842
2021-01-11 01:00:00,so2,PIIANN,3.1,2.895068
2024-02-08 21:00:00,so2,PIIANN,4.7,3.518693
2025-12-05 07:00:00,so2,PIIANN,5.7,5.5034513
2021-12-11 13:00:00,so2,PIIANN,2.72,4.352812
2022-01-09 22:00:00,so2,PIIANN,5.25,4.452845
2023-03-09 16:00:00,so2,PIIANN,1.5249999,3.2765357
2024-12-09 11:00:00,so2,PIIANN,1.7199999,1.9074893
2023-03-05 14:00:00,so2,PIIANN,1.5333333,1.7313496
2023-09-03 20:00:00,so2,PIIANN,5.925,3.8322952
2021-04-09 08:00:00,so2,PIIANN,3.72,3.4097455
2023-12-04 13:00:00,so2,PIIANN,0.70000005,1.2143178
2021-08-05 20:00:00,so2,PIIANN,4.2,3.932806
2021-06-12 14:00:00,so2,PIIANN,6.1,4.6867557
2022-07-08 08:00:00,so2,PIIANN,2.65,7.8138814
2024-05-07 02:00:00,so2,PIIANN,1.6199999,2.0473797
2025-05-10 11:00:00,so2,PIIANN,0.9200001,1.4980645
2022-08-03 01:00:00,so2,PIIANN,3.88,2.9946997
2022-07-02 13:00:00,so2,PIIANN,3.32,3.1164935
2024-10-06 14:00:00,so2,PIIANN,3.45,4.144437
2021-09-05 21:00:00,so2,PIIANN,3.4,2.9641902
2023-08-08 22:00:00,so2,PIIANN,5.3,4.5276113
2023-10-08 01:00:00,so2,PIIANN,2.925,3.5375395
2024-03-06 17:00:00,so2,PIIANN,2.72,3.383909
2023-12-06 22:00:00,so2,PIIANN,4.525,1.9194103
2023-06-09 15:00:00,so2,PIIANN,5.525,3.2341766
2025-02-04 15:00:00,so2,PIIANN,3.32,3.864492
2022-04-08 04:00:00,so2,PIIANN,4.62,6.5068064
2023-03-11 15:00:00,so2,PIIANN,4.425,2.974838
2023-06-11 21:00:00,so2,PIIANN,3.95,3.5917945
2025-02-05 22:00:00,so2,PIIANN,5.4,4.4998617
2021-01-02 15:00:00,so2,PIIANN,2.5,2.660607
2025-03-07 19:00:00,so2,PIIANN,5.0,4.3602552
2022-11-01 16:00:00,so2,PIIANN,3.32,2.6067905
2023-02-11 18:00:00,so2,PIIANN,1.2,1.9657651
2024-05-09 08:00:00,so2,PIIANN,3.7,3.2188632
2021-02-12 22:00:00,so2,PIIANN,1.2,2.079714
2022-02-09 03:00:00,so2,PIIANN,3.75,4.6579413
2021-06-02 12:00:00,so2,PIIANN,3.6,9.858885
2023-09-09 12:00:00,so2,PIIANN,2.2,3.2872617
2023-05-11 14:00:00,so2,PIIANN,2.9,3.175229
2021-05-11 20:00:00,so2,PIIANN,12.1,17.121855
2025-12-07 03:00:00,so2,PIIANN,5.43,4.785487
2024-07-02 09:00:00,so2,PIIANN,3.6,3.9424508
2025-06-08 08:00:00,so2,PIIANN,1.8299999,2.4425855
2023-07-05 10:00:00,so2,PIIANN,1.3333333,1.8538352
2022-02-03 05:00:00,so2,PIIANN,3.48,4.244717
2024-10-02 10:00:00,so2,PIIANN,2.47,2.921604
2024-07-08 20:00:00,so2,PIIANN,3.22,4.455518
2021-07-08 15:00:00,so2,PIIANN,1.3499999,2.1297727
2025-10-11 01:00:00,so2,PIIANN,4.45,4.3985634
2022-05-04 01:00:00,so2,PIIANN,4.08,2.215218
2023-04-06 04:00:00,so2,PIIANN,3.1,4.7017913
2023-12-05 18:00:00,so2,PIIANN,3.975,2.5104952
2025-09-11 23:00:00,so2,PIIANN,5.62,4.543681
2023-02-07 23:00:00,so2,PIIANN,1.4749999,2.327722
2025-03-08 05:00:00,so2,PIIANN,1.8399999,1.891689
2022-06-11 04:00:00,so2,PIIANN,2.08,8.148137
2024-10-05 05:00:00,so2,PIIANN,1.3199999,2.5004847
2024-08-05 17:00:00,so2,PIIANN,2.6,3.5363002
2024-12-09 05:00:00,so2,PIIANN,1.45,2.1873496
2023-01-04 23:00:00,so2,PIIANN,3.875,4.9003744
2024-08-11 02:00:00,so2,PIIANN,5.82,5.020721
2021-11-02 11:00:00,so2,PIIANN,10.82,6.6098204
2023-07-06 06:00:00,so2,PIIANN,4.225,4.7718444
2024-03-04 06:00:00,so2,PIIANN,3.03,1.1807723
2024-11-12 15:00:00,so2,PIIANN,4.28,5.1893306
2021-08-04 18:00:00,so2,PIIANN,5.15,4.2141924
2024-03-12 12:00:00,so2,PIIANN,4.18,3.8455288
2022-11-10 16:00:00,so2,PIIANN,3.37,3.795136
2025-08-07 12:00:00,so2,PIIANN,5.2,4.214589
2022-08-03 21:00:00,so2,PIIANN,2.4,2.6553452
2021-06-04 22:00:00,so2,PIIANN,4.45,4.4536643
2025-11-07 11:00:00,so2,PIIANN,2.8,2.0791633
2023-11-13 00:00:00,so2,PIIANN,1.5237875,2.0837612
2025-03-02 08:00:00,so2,PIIANN,5.72,3.097974
2025-07-09 14:00:00,so2,PIIANN,0.93000007,1.6251068
2024-02-01 16:00:00,so2,PIIANN,1.6299999,2.6872783
2022-01-04 19:00:00,so2,PIIANN,4.5,3.7697868
2024-08-06 19:00:00,so2,PIIANN,4.9,4.2164717
2021-07-06 02:00:00,so2,PIIANN,2.2083333,2.6216667
2024-01-05 09:00:00,so2,PIIANN,10.78,6.659917
2024-04-05 22:00:00,so2,PIIANN,1.52,1.2356625
2024-06-07 14:00:00,so2,PIIANN,3.77,3.817712
2021-09-06 09:00:00,so2,PIIANN,8.25,7.032284
2023-08-09 22:00:00,so2,PIIANN,3.075,2.186161
2022-01-10 23:00:00,so2,PIIANN,0.5999999,1.1148541
2023-01-09 06:00:00,so2,PIIANN,1.5999999,4.773659
2022-01-03 16:00:00,so2,PIIANN,3.4,8.536356
2023-07-05 22:00:00,so2,PIIANN,1.2249999,1.7376803
2023-07-04 19:00:00,so2,PIIANN,5.375,4.4753118
2022-11-07 20:00:00,so2,PIIANN,4.22,8.778322
2024-05-05 19:00:00,so2,PIIANN,3.48,1.7877823
2024-02-06 07:00:00,so2,PIIANN,4.32,3.432987
2022-04-11 19:00:00,so2,PIIANN,3.58,4.6125207
2025-08-13 01:00:00,so2,PIIANN,2.8837855,3.4496694
2025-06-10 22:00:00,so2,PIIANN,1.3399999,1.236042
2023-03-12 10:00:00,so2,PIIANN,1.7,2.754254
2025-04-09 07:00:00,so2,PIIANN,1.04,1.3718646
2024-02-02 00:00:00,so2,PIIANN,1.6499999,3.4635692
2021-03-11 05:00:00,so2,PIIANN,2.15,2.6274548
2025-02-10 22:00:00,so2,PIIANN,2.02,1.728419
2025-05-01 18:00:00,so2,PIIANN,3.68,4.1202903
2023-10-11 15:00:00,so2,PIIANN,1.0999999,3.5104115
2022-04-08 22:00:00,so2,PIIANN,5.68,5.3310986
2022-02-12 22:00:00,so2,PIIANN,0.95000005,2.3139129
2021-05-07 08:00:00,so2,PIIANN,3.32,4.641705
2022-09-11 14:00:00,so2,PIIANN,1.75,3.16162
2022-02-11 10:00:00,so2,PIIANN,0.32999995,1.6623383
2022-05-03 07:00:00,so2,PIIANN,18.1,7.936249
2023-11-01 19:00:00,so2,PIIANN,31.049997,25.212444
2023-12-03 21:00:00,so2,PIIANN,1.8749999,1.6247139
2025-06-03 18:00:00,so2,PIIANN,3.72,2.9022403
2023-08-08 06:00:00,so2,PIIANN,3.2,2.794627
2021-11-07 20:00:00,so2,PIIANN,4.22,7.0083237
2022-08-11 04:00:00,so2,PIIANN,2.3,4.730688
2021-12-10 10:00:00,so2,PIIANN,1.98,3.6311157
2022-08-02 05:00:00,so2,PIIANN,3.32,3.7602053
2025-01-12 05:00:00,so2,PIIANN,3.34,3.5206378
2023-02-06 13:00:00,so2,PIIANN,2.35,3.702489
2022-12-07 16:00:00,so2,PIIANN,4.88,1.8263326
2025-10-05 14:00:00,so2,PIIANN,2.98,3.9818263
2023-10-10 19:00:00,so2,PIIANN,3.925,3.2972417
2025-08-04 05:00:00,so2,PIIANN,2.52,4.7165203
2025-07-03 17:00:00,so2,PIIANN,5.82,5.775414
2023-06-11 11:00:00,so2,PIIANN,2.0,3.2182207
2021-12-06 04:00:00,so2,PIIANN,7.52,4.322
2022-08-12 03:00:00,so2,PIIANN,7.05,5.0784564
2022-06-07 14:00:00,so2,PIIANN,1.7999998,4.674193
2024-11-06 20:00:00,so2,PIIANN,0.8499999,3.366162
2024-03-05 05:00:00,so2,PIIANN,5.6,3.6195607
2022-04-05 08:00:00,so2,PIIANN,3.32,3.7110026
2022-01-10 16:00:00,so2,PIIANN,3.78,3.7762294
2024-08-10 11:00:00,so2,PIIANN,2.2,3.2419863
2021-01-02 19:00:00,so2,PIIANN,3.62,4.429748
2024-02-02 13:00:00,so2,PIIANN,1.02,2.1623774
2025-09-09 08:00:00,so2,PIIANN,0.069999956,1.1398456
2025-08-06 13:00:00,so2,PIIANN,4.92,3.961166
2022-09-09 10:00:00,so2,PIIANN,7.8,6.320995
2022-08-08 21:00:00,so2,PIIANN,0.29999974,3.6260414
2024-07-01 18:00:00,so2,PIIANN,2.02,3.7079895
2024-11-09 11:00:00,so2,PIIANN,2.35,4.170527
2022-06-12 15:00:00,so2,PIIANN,1.3799999,5.319497
2021-07-05 11:00:00,so2,PIIANN,4.4,4.1284013
2024-03-08 02:00:00,so2,PIIANN,4.12,4.359199
2022-12-12 12:00:00,so2,PIIANN,4.75,7.8579893
2023-12-11 06:00:00,so2,PIIANN,0.95000005,3.8908865
2022-08-12 17:00:00,so2,PIIANN,0.73,2.7919028
2025-05-03 22:00:00,so2,PIIANN,3.5,3.6613805
2023-03-02 11:00:00,so2,PIIANN,1.45,1.9972278
2022-03-11 23:00:00,so2,PIIANN,2.95,3.6724877
2024-08-03 09:00:00,so2,PIIANN,1.3199999,2.1580992
2022-10-12 11:00:00,so2,PIIANN,3.87,3.0444503
2022-07-12 00:00:00,so2,PIIANN,2.95,4.919313
2024-04-10 20:00:00,so2,PIIANN,4.42,4.210249
2023-11-06 19:00:00,so2,PIIANN,4.85,3.6376894
2022-03-02 16:00:00,so2,PIIANN,3.32,2.8403249
2023-04-10 18:00:00,so2,PIIANN,3.95,3.6757073
2025-12-10 08:00:00,so2,PIIANN,1.1299999,2.0643518
2022-05-09 15:00:00,so2,PIIANN,2.0,3.326948
2025-07-06 11:00:00,so2,PIIANN,6.02,5.7189317
2021-09-09 22:00:00,so2,PIIANN,9.38,6.8473067
2021-05-02 18:00:00,so2,PIIANN,4.22,5.9316425
2025-11-07 03:00:00,so2,PIIANN,4.85,3.7042482
2025-04-04 10:00:00,so2,PIIANN,4.6,3.141738
2023-04-07 14:00:00,so2,PIIANN,3.575,1.8380438
2024-03-04 03:00:00,so2,PIIANN,3.32,3.6167262
2023-03-08 21:00:00,so2,PIIANN,2.0,2.269644
2021-12-11 11:00:00,so2,PIIANN,9.22,8.624328
2023-11-10 09:00:00,so2,PIIANN,3.075,1.8341863
2025-06-05 12:00:00,so2,PIIANN,5.82,1.8256214
2025-10-03 10:00:00,so2,PIIANN,5.45,5.5075517
2024-04-06 22:00:00,so2,PIIANN,3.78,1.3907113
2022-10-10 23:00:00,so2,PIIANN,1.7999998,2.6555688
2022-11-07 09:00:00,so2,PIIANN,1.8299999,2.2370815
2023-02-09 05:00:00,so2,PIIANN,3.45,4.325652
2021-12-10 04:00:00,so2,PIIANN,3.88,3.5931451
2023-10-01 10:00:00,so2,PIIANN,4.133333,3.7478592
2025-12-09 11:00:00,so2,PIIANN,1.3,1.9571869
2025-10-06 05:00:00,so2,PIIANN,2.9,3.0742474
2025-10-08 19:00:00,so2,PIIANN,1.55,0.69727564
2023-02-02 04:00:00,so2,PIIANN,2.4,2.2318463
2024-07-11 09:00:00,so2,PIIANN,3.0,3.8188903
2023-12-12 18:00:00,so2,PIIANN,2.95,1.9298999
2023-03-06 13:00:00,so2,PIIANN,4.425,4.1133795
2023-01-06 08:00:00,so2,PIIANN,7.0,7.6648183
2022-01-04 12:00:00,so2,PIIANN,2.45,2.0469751
2025-05-11 23:00:00,so2,PIIANN,4.39,3.8308022
2023-08-10 11:00:00,so2,PIIANN,5.0333333,3.4909985
2022-09-08 11:00:00,so2,PIIANN,4.53,3.998968
2023-09-03 09:00:00,so2,PIIANN,3.275,3.5061212
2024-03-01 16:00:00,so2,PIIANN,3.32,3.2081463
2025-03-09 12:00:00,so2,PIIANN,1.25,2.282969
2025-11-07 15:00:00,so2,PIIANN,6.35,4.5515637
2022-09-07 02:00:00,so2,PIIANN,6.12,4.7439146
2023-01-12 14:00:00,so2,PIIANN,2.6,3.225546
2023-05-08 08:00:00,so2,PIIANN,2.825,1.9094088
2025-12-08 10:00:00,so2,PIIANN,2.56,1.8057001
2021-02-10 11:00:00,so2,PIIANN,2.475,3.4077628
2025-11-04 18:00:00,so2,PIIANN,5.45,4.6830435
2024-02-05 06:00:00,so2,PIIANN,2.33,3.5577166
2022-04-09 13:00:00,so2,PIIANN,15.88,16.975275
2021-01-03 03:00:00,so2,PIIANN,3.8,3.6808226
2021-03-06 01:00:00,so2,PIIANN,4.1584,3.7490819
2022-05-10 08:00:00,so2,PIIANN,4.65,2.5223777
2023-01-02 08:00:00,so2,PIIANN,6.0,6.779318
2023-11-11 09:00:00,so2,PIIANN,3.475,3.1194623
2022-09-03 22:00:00,so2,PIIANN,3.78,3.2746582
2024-09-05 12:00:00,so2,PIIANN,0.70000005,2.4527626
2025-12-06 04:00:00,so2,PIIANN,4.45,3.7976954
2022-12-02 00:00:00,so2,PIIANN,3.32,3.3078725
2022-06-11 22:00:00,so2,PIIANN,0.77499986,1.4094319
2023-07-02 16:00:00,so2,PIIANN,4.5,4.982591
2021-08-11 23:00:00,so2,PIIANN,4.98,4.8352995
2025-11-11 21:00:00,so2,PIIANN,1.3299999,2.454346
2024-10-03 12:00:00,so2,PIIANN,3.78,3.3412445
2022-12-06 17:00:00,so2,PIIANN,4.1,4.4440603
2022-09-04 03:00:00,so2,PIIANN,2.68,3.0617855
2023-06-01 08:00:00,so2,PIIANN,2.25,2.0879948
2025-06-10 17:00:00,so2,PIIANN,0.26000002,0.7638519
2022-02-10 13:00:00,so2,PIIANN,0.100000165,2.882145
2024-09-12 18:00:00,so2,PIIANN,3.02,2.7438378
2025-09-05 16:00:00,so2,PIIANN,5.82,3.8233757
2024-02-09 03:00:00,so2,PIIANN,6.95,4.63838
2025-10-12 15:00:00,so2,PIIANN,2.34,2.984485
2024-11-08 11:00:00,so2,PIIANN,4.08,4.8723493
2024-10-07 05:00:00,so2,PIIANN,5.78,5.766687
2022-08-04 08:00:00,so2,PIIANN,2.97,5.452383
2025-09-12 18:00:00,so2,PIIANN,4.57,3.290432
2021-05-02 03:00:00,so2,PIIANN,5.5,4.8704176
2025-03-05 03:00:00,so2,PIIANN,4.78,4.0767813
2022-10-10 18:00:00,so2,PIIANN,6.62,4.688017
2022-12-07 13:00:00,so2,PIIANN,2.0500002,3.1748202
2024-10-07 13:00:00,so2,PIIANN,1.27,3.549175
2023-01-02 00:00:00,so2,PIIANN,1.5999999,4.5634613
2021-01-07 10:00:00,so2,PIIANN,5.12,5.200358
2024-01-07 16:00:00,so2,PIIANN,2.65,4.120155
2022-08-06 18:00:00,so2,PIIANN,4.95,5.577034
2022-01-07 08:00:00,so2,PIIANN,3.47,2.253778
2021-10-04 03:00:00,so2,PIIANN,3.32,2.1198897
2022-03-12 11:00:00,so2,PIIANN,7.03,5.348137
2025-06-04 04:00:00,so2,PIIANN,4.05,5.13388
2022-11-08 17:00:00,so2,PIIANN,2.62,2.7076037
2023-01-06 07:00:00,so2,PIIANN,9.5,5.5203586
2023-04-10 19:00:00,so2,PIIANN,3.8,3.3901088
2025-12-10 10:00:00,so2,PIIANN,2.0,2.2656271
2025-08-07 14:00:00,so2,PIIANN,4.1,4.4864416
2025-03-04 19:00:00,so2,PIIANN,3.6,2.3235376
2024-05-02 20:00:00,so2,PIIANN,0.20000006,2.2597673
2024-04-04 15:00:00,so2,PIIANN,1.3799999,2.3418252
2023-06-04 15:00:00,so2,PIIANN,4.475,3.2806842
2022-06-10 16:00:00,so2,PIIANN,4.85,2.189968
2023-09-03 14:00:00,so2,PIIANN,3.55,3.197449
2021-04-10 14:00:00,so2,PIIANN,1.78,3.4480758
2024-11-03 00:00:00,so2,PIIANN,1.48,1.6871397
2023-06-05 07:00:00,so2,PIIANN,0.4666665,1.2348406
2025-04-11 05:00:00,so2,PIIANN,2.36,1.963565
2024-09-02 23:00:00,so2,PIIANN,0.3799999,1.6965324
2024-06-01 19:00:00,so2,PIIANN,2.68,2.028373
2025-04-09 04:00:00,so2,PIIANN,0.8699999,2.067694
2022-09-11 06:00:00,so2,PIIANN,1.25,2.683559
2025-08-12 00:00:00,so2,PIIANN,3.56,4.3217764
2022-05-12 16:00:00,so2,PIIANN,0.8499999,1.1675961
2021-01-05 07:00:00,so2,PIIANN,1.3199999,1.7788792
2021-07-01 12:00:00,so2,PIIANN,17.15,13.69065
2021-07-10 22:00:00,so2,PIIANN,6.95,3.5003579
2022-09-03 11:00:00,so2,PIIANN,0.29999974,2.480149
2022-03-12 02:00:00,so2,PIIANN,4.28,3.4359503
2024-12-07 04:00:00,so2,PIIANN,5.18,5.928814
2023-10-06 08:00:00,so2,PIIANN,4.9,4.2295203
2025-02-04 11:00:00,so2,PIIANN,2.62,3.1191096
2021-07-11 11:00:00,so2,PIIANN,5.58,4.4652553
2025-05-02 03:00:00,so2,PIIANN,7.5000005,5.189361
2023-09-07 21:00:00,so2,PIIANN,2.95,2.748498
2025-02-09 17:00:00,so2,PIIANN,1.9199998,2.0354424
2023-08-02 14:00:00,so2,PIIANN,2.8,2.3698897
2022-02-07 20:00:00,so2,PIIANN,4.1,6.357767
2025-03-07 11:00:00,so2,PIIANN,4.18,3.2404096
2024-03-09 03:00:00,so2,PIIANN,3.5,5.024681
2022-08-06 03:00:00,so2,PIIANN,10.5199995,9.581406
2023-02-11 21:00:00,so2,PIIANN,2.85,2.4786878
2021-02-03 04:00:00,so2,PIIANN,1.55,1.7362161
2022-06-09 23:00:00,so2,PIIANN,0.70000005,1.5142941
2022-09-08 23:00:00,so2,PIIANN,0.79999995,1.6575723
2024-11-10 17:00:00,so2,PIIANN,4.35,3.2617555
2022-10-07 07:00:00,so2,PIIANN,1.55,3.2877107
2021-09-03 23:00:00,so2,PIIANN,1.4199998,1.9859687
2024-12-09 10:00:00,so2,PIIANN,1.55,2.0266738
2024-05-06 01:00:00,so2,PIIANN,4.03,3.4018736
2022-08-08 18:00:00,so2,PIIANN,0.48500016,1.5943091
2023-05-03 01:00:00,so2,PIIANN,3.6,3.0451047
2021-11-10 04:00:00,so2,PIIANN,2.38,2.2448459
2025-07-02 04:00:00,so2,PIIANN,4.425,4.430211
2024-03-08 05:00:00,so2,PIIANN,4.08,4.1534986
2021-01-04 13:00:00,so2,PIIANN,12.3,11.007426
2023-03-11 13:00:00,so2,PIIANN,3.6,1.4478748
2025-06-11 15:00:00,so2,PIIANN,4.13,4.034023
2025-11-02 05:00:00,so2,PIIANN,2.38,3.4041264
2023-04-06 16:00:00,so2,PIIANN,0.7125001,2.0898116
2023-10-01 22:00:00,so2,PIIANN,4.1,3.2274961
2021-11-02 03:00:00,so2,PIIANN,0.89999986,1.2867074
2024-02-04 22:00:00,so2,PIIANN,2.17,2.456742
2024-05-05 00:00:00,so2,PIIANN,3.18,1.692056
2023-12-02 21:00:00,so2,PIIANN,1.75,3.230752
2024-06-06 04:00:00,so2,PIIANN,1.0999999,1.1762147
2023-12-01 20:00:00,so2,PIIANN,3.32,1.9870886
2025-10-04 17:00:00,so2,PIIANN,2.08,3.6533542
2022-09-08 19:00:00,so2,PIIANN,3.62,4.585109
2021-09-09 11:00:00,so2,PIIANN,5.12,4.77827
2022-06-11 16:00:00,so2,PIIANN,2.35,1.7036829
2021-01-10 10:00:00,so2,PIIANN,3.32,3.0995834
2024-01-07 18:00:00,so2,PIIANN,4.58,2.4225385
2021-06-11 05:00:00,so2,PIIANN,4.42,4.9627547
2024-08-04 13:00:00,so2,PIIANN,2.47,1.7300534
2025-09-05 20:00:00,so2,PIIANN,1.7,2.9464512
2022-01-04 11:00:00,so2,PIIANN,1.725,1.8522414
2021-12-06 22:00:00,so2,PIIANN,0.34999993,1.7036351
2023-10-08 00:00:00,so2,PIIANN,2.55,2.4634383
2023-04-04 16:00:00,so2,PIIANN,4.85,3.8876667
2023-03-04 04:00:00,so2,PIIANN,3.075,4.38884
2022-05-12 09:00:00,so2,PIIANN,0.8133333,2.4209323
2025-05-11 05:00:00,so2,PIIANN,3.13,3.044644
2022-07-09 17:00:00,so2,PIIANN,2.65,2.8102667
2022-04-10 16:00:00,so2,PIIANN,7.45,3.6678813
2023-10-12 22:00:00,so2,PIIANN,3.65,2.2449012
2021-06-03 06:00:00,so2,PIIANN,4.93,3.4422293
2021-05-02 14:00:00,so2,PIIANN,4.47,4.757109
2024-07-02 12:00:00,so2,PIIANN,3.22,3.8681667
2021-02-12 02:00:00,so2,PIIANN,0.6333332,1.6610472
2023-03-10 05:00:00,so2,PIIANN,1.45,2.8731923
2023-06-11 20:00:00,so2,PIIANN,4.55,2.9165459
2023-04-10 20:00:00,so2,PIIANN,3.15,3.338785
2023-09-06 18:00:00,so2,PIIANN,3.55,4.907298
2021-01-10 14:00:00,so2,PIIANN,1.98,2.9449294
2021-11-13 02:00:00,so2,PIIANN,0.6666281,1.5256786
2022-11-12 14:00:00,so2,PIIANN,3.47,4.0913615
2021-10-05 19:00:00,so2,PIIANN,5.5,4.697085
2025-07-05 06:00:00,so2,PIIANN,3.78,2.7853444
2025-02-10 14:00:00,so2,PIIANN,1.98,2.3209674
2022-01-04 03:00:00,so2,PIIANN,5.32,4.7474833
2024-04-08 09:00:00,so2,PIIANN,2.17,4.411383
2025-09-02 10:00:00,so2,PIIANN,6.12,5.79023
2023-12-10 12:00:00,so2,PIIANN,5.725,6.0043426
2023-09-07 19:00:00,so2,PIIANN,3.4,2.623582
2023-08-04 02:00:00,so2,PIIANN,3.825,2.4211802
2022-05-04 16:00:00,so2,PIIANN,6.65,2.5543015
2023-07-03 17:00:00,so2,PIIANN,2.275,2.944706
2022-04-02 09:00:00,so2,PIIANN,3.32,3.064615
2023-12-10 15:00:00,so2,PIIANN,2.175,4.298621
2023-04-09 14:00:00,so2,PIIANN,2.55,2.8787172
2023-09-06 04:00:00,so2,PIIANN,1.7750001,3.6743126
2022-12-05 02:00:00,so2,PIIANN,5.75,4.8724937
2025-12-06 01:00:00,so2,PIIANN,2.33,2.6372778
2024-04-05 10:00:00,so2,PIIANN,3.95,2.3464031
2021-12-06 01:00:00,so2,PIIANN,3.6,2.6691313
2021-01-10 05:00:00,so2,PIIANN,3.32,4.192093
2021-02-03 10:00:00,so2,PIIANN,3.3,1.4485321
2025-06-05 18:00:00,so2,PIIANN,1.52,2.986036
2025-09-01 11:00:00,so2,PIIANN,5.42,7.2728853
2023-11-03 08:00:00,so2,PIIANN,3.25,4.2046824
2024-12-06 15:00:00,so2,PIIANN,1.7199999,1.9772408
2025-03-06 21:00:00,so2,PIIANN,2.85,4.761419
2022-06-07 09:00:00,so2,PIIANN,4.45,2.6241243
2022-10-12 21:00:00,so2,PIIANN,1.55,1.9752518
2024-12-10 13:00:00,so2,PIIANN,3.58,4.101086
2025-08-02 16:00:00,so2,PIIANN,5.55,4.1090593
2023-01-04 15:00:00,so2,PIIANN,3.875,3.5485194
2023-02-03 14:00:00,so2,PIIANN,3.975,4.886617
2022-09-10 15:00:00,so2,PIIANN,2.08,3.807525
2024-07-09 12:00:00,so2,PIIANN,5.05,2.9033844
2025-04-04 02:00:00,so2,PIIANN,5.65,4.1979084
2025-05-12 16:00:00,so2,PIIANN,4.08,3.3774326
2021-05-11 17:00:00,so2,PIIANN,25.0,17.897833
2024-10-09 11:00:00,so2,PIIANN,2.92,3.898814
2022-09-06 07:00:00,so2,PIIANN,10.68,15.391819
2021-06-11 09:00:00,so2,PIIANN,4.45,5.8920364
2024-03-03 16:00:00,so2,PIIANN,3.05,2.4887414
2024-04-04 09:00:00,so2,PIIANN,3.38,3.1683462
2024-11-08 18:00:00,so2,PIIANN,2.65,4.211697
2022-05-09 10:00:00,so2,PIIANN,3.9,4.842286
2024-06-10 20:00:00,so2,PIIANN,3.18,3.695547
2021-10-12 15:00:00,so2,PIIANN,3.88,4.8890686
2023-09-06 10:00:00,so2,PIIANN,2.5666666,2.1176684
2021-01-03 07:00:00,so2,PIIANN,6.1,5.383341
2022-12-12 21:00:00,so2,PIIANN,1.98,2.373957
2025-05-09 06:00:00,so2,PIIANN,2.07,1.366154
2025-01-02 08:00:00,so2,PIIANN,2.25,4.489073
2024-12-11 01:00:00,so2,PIIANN,4.25,4.174832
2024-09-09 12:00:00,so2,PIIANN,6.55,4.93375
2021-10-01 10:00:00,so2,PIIANN,6.93,5.5024285
2024-03-04 18:00:00,co,PIIANN,0.34999996,0.37916052
2023-09-02 21:00:00,co,PIIANN,0.4025,0.44695792
2022-07-04 18:00:00,co,PIIANN,0.37999997,0.37043628
2023-07-11 23:00:00,co,PIIANN,0.535,0.53781813
2021-09-02 05:00:00,co,PIIANN,0.555,0.59298724
2023-03-11 08:00:00,co,PIIANN,0.5325,0.48679146
2023-05-05 19:00:00,co,PIIANN,0.825,0.7809733
2023-09-11 14:00:00,co,PIIANN,0.5525,0.5554184
2022-04-01 20:00:00,co,PIIANN,0.40999997,0.6780733
2022-01-11 17:00:00,co,PIIANN,0.52,0.5392824
2021-02-02 22:00:00,co,PIIANN,0.555,0.4521947
2025-10-09 16:00:00,co,PIIANN,0.45,0.54241884
2024-09-04 01:00:00,co,PIIANN,0.3,0.35426176
2025-05-06 19:00:00,co,PIIANN,0.58,0.55972743
2021-03-08 21:00:00,co,PIIANN,0.45,0.47233355
2023-07-06 12:00:00,co,PIIANN,0.5875,0.66435945
2023-12-04 06:00:00,co,PIIANN,0.9649999,0.8621349
2022-04-04 04:00:00,co,PIIANN,0.33,0.29845366
2022-09-03 12:00:00,co,PIIANN,0.45,0.49820864
2024-01-07 01:00:00,co,PIIANN,0.61,0.6164264
2024-03-09 01:00:00,co,PIIANN,0.63,0.6704617
2022-12-05 19:00:00,co,PIIANN,0.75,1.9953858
2023-11-10 05:00:00,co,PIIANN,0.48,0.42497686
2022-02-02 11:00:00,co,PIIANN,0.36,0.5067615
2023-09-05 20:00:00,co,PIIANN,0.91,0.82248074
2021-12-11 19:00:00,co,PIIANN,0.92,0.80733013
2023-04-12 10:00:00,co,PIIANN,1.14,0.6072538
2022-01-11 13:00:00,co,PIIANN,0.43,0.6316671
2021-03-02 07:00:00,co,PIIANN,0.555,0.5704994
2022-04-12 05:00:00,co,PIIANN,1.48,1.2746884
2021-12-07 01:00:00,co,PIIANN,0.37,0.3943486
2024-04-05 04:00:00,co,PIIANN,0.28,0.31878737
2022-02-03 09:00:00,co,PIIANN,0.64,0.7564635
2025-07-04 02:00:00,co,PIIANN,0.58,0.5387995
2025-07-03 07:00:00,co,PIIANN,1.07,0.92988205
2022-06-11 08:00:00,co,PIIANN,0.42,0.32986844
2023-03-01 18:00:00,co,PIIANN,0.3625,0.4695774
2021-09-02 17:00:00,co,PIIANN,0.555,0.5655178
2022-08-09 02:00:00,co,PIIANN,0.32,0.29825526
2021-09-05 04:00:00,co,PIIANN,0.27,0.2817879
2022-01-04 20:00:00,co,PIIANN,0.37999997,0.38156796
2023-02-04 11:00:00,co,PIIANN,0.4175,0.39537448
2023-08-06 19:00:00,co,PIIANN,0.5825,0.54807323
2022-11-08 13:00:00,co,PIIANN,0.080000006,0.2446773
2022-04-02 13:00:00,co,PIIANN,0.31,0.38054842
2025-01-08 15:00:00,co,PIIANN,0.68,0.7479619
2021-10-05 04:00:00,co,PIIANN,0.28,0.26881802
2022-02-11 01:00:00,co,PIIANN,0.37999997,0.25786865
2025-02-03 00:00:00,co,PIIANN,0.62,0.56562316
2023-04-11 09:00:00,co,PIIANN,0.57666665,0.53492904
2022-10-09 06:00:00,co,PIIANN,0.32,0.3910432
2023-06-02 09:00:00,co,PIIANN,0.6333333,0.63762623
2025-02-06 09:00:00,co,PIIANN,0.59,0.57684165
2021-10-06 19:00:00,co,PIIANN,0.51,0.50125134
2024-10-06 02:00:00,co,PIIANN,0.69,0.6030416
2024-12-06 03:00:00,co,PIIANN,0.49,0.5741376
2023-11-06 10:00:00,co,PIIANN,0.555,0.5058221
2024-10-12 17:00:00,co,PIIANN,0.86,0.8557805
2023-09-03 23:00:00,co,PIIANN,0.4675,0.48931637
2022-04-07 20:00:00,co,PIIANN,0.22,0.49323323
2024-02-08 13:00:00,co,PIIANN,0.62,0.6697673
2023-12-07 14:00:00,co,PIIANN,0.40749997,0.50475705
2024-02-12 20:00:00,co,PIIANN,0.75,0.7469888
2021-02-10 14:00:00,co,PIIANN,0.37999997,0.35385695
2023-09-09 00:00:00,co,PIIANN,0.5475,0.56339175
2023-08-03 00:00:00,co,PIIANN,0.46,0.47885552
2021-02-07 08:00:00,co,PIIANN,0.36,0.32674903
2023-03-01 19:00:00,co,PIIANN,0.37499997,0.47676867
2021-12-01 11:00:00,co,PIIANN,3.4800003,2.911163
2024-06-03 20:00:00,co,PIIANN,0.44,0.53048474
2024-05-01 15:00:00,co,PIIANN,0.57,0.6372355
2021-11-02 02:00:00,co,PIIANN,0.555,0.86740255
2022-03-10 07:00:00,co,PIIANN,0.36,0.39309046
2022-03-02 21:00:00,co,PIIANN,0.4,0.48483482
2021-04-05 06:00:00,co,PIIANN,0.32,0.24757501
2023-12-03 11:00:00,co,PIIANN,0.58,0.58974904
2023-08-04 06:00:00,co,PIIANN,0.4125,0.44181597
2025-04-02 03:00:00,co,PIIANN,0.8,0.676675
2025-12-04 21:00:00,co,PIIANN,0.84,0.74467343
2022-05-05 00:00:00,co,PIIANN,0.64,0.31774864
2025-01-08 23:00:00,co,PIIANN,0.6,0.5641519
2022-05-11 21:00:00,co,PIIANN,0.33,0.40887228
2025-08-10 14:00:00,co,PIIANN,0.47,0.5314034
2025-07-05 12:00:00,co,PIIANN,0.7,0.63482237
2023-09-12 04:00:00,co,PIIANN,0.52,0.54582024
2021-01-12 07:00:00,co,PIIANN,0.555,0.5466847
2022-12-01 18:00:00,co,PIIANN,0.45,0.40733013
2023-11-10 07:00:00,co,PIIANN,0.54,0.52623516
2022-02-09 17:00:00,co,PIIANN,0.37999997,0.42102975
2025-04-01 10:00:00,co,PIIANN,0.86,0.8987383
2024-03-01 17:00:00,co,PIIANN,0.86,0.7849495
2023-09-01 15:00:00,co,PIIANN,0.29522726,0.36580124
2025-01-01 22:00:00,co,PIIANN,0.89,0.91469014
2024-01-09 22:00:00,co,PIIANN,0.73,0.8146761
2023-02-01 23:00:00,co,PIIANN,0.2675,0.3567241
2024-04-02 15:00:00,co,PIIANN,0.13,0.34202957
2021-01-08 08:00:00,co,PIIANN,0.48,0.38070735
2022-02-01 09:00:00,co,PIIANN,0.34999996,0.42248046
2024-06-03 07:00:00,co,PIIANN,0.44,0.5559717
2023-01-10 22:00:00,co,PIIANN,0.42,0.4757015
2024-06-03 01:00:00,co,PIIANN,0.31,0.49711418
2024-02-03 11:00:00,co,PIIANN,0.65,0.8951297
2021-10-07 10:00:00,co,PIIANN,0.37999997,0.4180102
2023-08-03 23:00:00,co,PIIANN,0.4475,0.4622499
2022-04-04 10:00:00,co,PIIANN,0.34,0.39339748
2023-11-08 16:00:00,co,PIIANN,0.565,0.6384604
2024-06-07 02:00:00,co,PIIANN,0.58,0.5269899
2022-11-07 16:00:00,co,PIIANN,0.071111105,0.3263299
2025-12-07 07:00:00,co,PIIANN,0.8,0.7439345
2024-07-05 11:00:00,co,PIIANN,0.44,0.44532022
2022-06-04 19:00:00,co,PIIANN,0.34,0.40398392
2025-07-10 04:00:00,co,PIIANN,0.75,0.7393345
2021-09-03 11:00:00,co,PIIANN,0.555,0.469597
2023-06-03 23:00:00,co,PIIANN,0.505,0.50685257
2021-02-09 18:00:00,co,PIIANN,0.97,0.8748531
2024-01-06 13:00:00,co,PIIANN,0.56,0.65261394
2024-06-11 08:00:00,co,PIIANN,0.86,0.7734644
2024-03-06 02:00:00,co,PIIANN,0.5,0.25449646
2021-10-01 18:00:00,co,PIIANN,1.75,2.1525223
2024-02-03 20:00:00,co,PIIANN,0.37999997,0.4286148
2021-12-06 23:00:00,co,PIIANN,0.3,0.32462585
2021-03-12 14:00:00,co,PIIANN,0.23000002,0.29839954
2022-10-12 10:00:00,co,PIIANN,1.0,0.7086315
2023-05-11 19:00:00,co,PIIANN,0.3975,0.40166503
2024-06-10 14:00:00,co,PIIANN,0.72,0.728924
2024-04-01 21:00:00,co,PIIANN,0.54,0.73113596
2023-03-07 03:00:00,co,PIIANN,0.4975,0.4841731
2021-10-06 10:00:00,co,PIIANN,0.33,0.30688584
2021-02-12 10:00:00,co,PIIANN,0.17000002,0.21550187
2021-03-02 14:00:00,co,PIIANN,0.555,0.5307511
2023-06-09 21:00:00,co,PIIANN,0.6425,0.6961535
2022-10-07 22:00:00,co,PIIANN,0.04999998,0.21552214
2023-04-09 15:00:00,co,PIIANN,0.635,0.6191764
2023-02-03 10:00:00,co,PIIANN,4.1766667,1.9165109
2025-08-04 10:00:00,co,PIIANN,0.64,0.6242978
2021-09-10 14:00:00,co,PIIANN,0.4,0.37608537
2023-02-03 13:00:00,co,PIIANN,0.34666666,1.2436463
2021-08-12 02:00:00,co,PIIANN,0.4,0.4603868
2021-12-04 10:00:00,co,PIIANN,0.36,0.3530464
2024-05-11 21:00:00,co,PIIANN,0.93,0.8597703
2025-05-03 16:00:00,co,PIIANN,0.55,0.62871575
2024-02-03 23:00:00,co,PIIANN,0.33,0.43676308
2021-10-01 14:00:00,co,PIIANN,2.555,1.8583595
2023-08-02 10:00:00,co,PIIANN,0.61333334,0.52546644
2021-03-03 10:00:00,co,PIIANN,0.555,0.4847537
2024-07-03 04:00:00,co,PIIANN,0.39,0.44377106
2024-06-04 10:00:00,co,PIIANN,0.4,0.37537226
2025-02-02 13:00:00,co,PIIANN,0.7,0.7063712
2022-11-10 23:00:00,co,PIIANN,0.36,0.4352523
2022-09-06 17:00:00,co,PIIANN,0.34999996,0.5030531
2023-07-06 03:00:00,co,PIIANN,0.5275,0.5066087
2024-01-03 16:00:00,co,PIIANN,0.36,0.39083543
2021-04-08 14:00:00,co,PIIANN,0.31,0.3769634
2024-01-08 17:00:00,co,PIIANN,0.64,0.5891223
2025-08-10 22:00:00,co,PIIANN,0.62,0.6080569
2024-09-01 11:00:00,co,PIIANN,0.49,0.53946537
2024-03-03 07:00:00,co,PIIANN,0.42,0.44183698
2022-10-04 02:00:00,co,PIIANN,2.32,1.3023335
2022-10-03 14:00:00,co,PIIANN,0.42,0.42645946
2025-02-01 14:00:00,co,PIIANN,0.76,0.7082205
2021-04-02 09:00:00,co,PIIANN,0.555,0.5647096
2024-11-08 19:00:00,co,PIIANN,0.66,0.6364548
2024-01-09 04:00:00,co,PIIANN,0.74,0.7413389
2022-07-04 23:00:00,co,PIIANN,0.34,0.3905519
2021-12-05 05:00:00,co,PIIANN,0.32,0.33736286
2024-04-02 11:00:00,co,PIIANN,0.6,0.56419975
2023-11-04 21:00:00,co,PIIANN,0.945,0.8791868
2025-11-09 06:00:00,co,PIIANN,0.52,0.6387006
2023-03-08 07:00:00,co,PIIANN,0.5775,0.56209046
2025-05-03 13:00:00,co,PIIANN,0.75,0.69124144
2021-04-07 16:00:00,co,PIIANN,0.42,0.46447074
2022-07-10 10:00:00,co,PIIANN,0.73,0.47775465
2022-10-09 16:00:00,co,PIIANN,0.25,0.34185103
2021-09-08 14:00:00,co,PIIANN,0.78,0.49757525
2024-03-08 07:00:00,co,PIIANN,0.72,0.67313904
2022-04-08 03:00:00,co,PIIANN,0.555,0.33149472
2021-04-04 02:00:00,co,PIIANN,0.31,0.2793997
2022-05-07 09:00:00,co,PIIANN,0.15,0.3374138
2025-10-01 18:00:00,co,PIIANN,0.68,0.814639
2023-05-02 04:00:00,co,PIIANN,0.3975,0.40079504
2023-12-08 09:00:00,co,PIIANN,0.56,0.59386945
2022-09-03 17:00:00,co,PIIANN,0.4,0.40075865
2024-03-09 11:00:00,co,PIIANN,0.77,0.7346381
2024-10-12 10:00:00,co,PIIANN,0.92,0.8278395
2021-04-09 01:00:00,co,PIIANN,0.43,0.35562742
2024-09-06 13:00:00,co,PIIANN,0.34999996,0.5323389
2021-09-10 06:00:00,co,PIIANN,0.34999996,0.32581168
2024-01-09 11:00:00,co,PIIANN,0.65,0.6265635
2023-03-09 07:00:00,co,PIIANN,0.58,0.5700877
2025-08-12 07:00:00,co,PIIANN,1.32,1.3732381
2022-04-10 03:00:00,co,PIIANN,0.46,0.48289186
2021-04-09 20:00:00,co,PIIANN,0.51,0.64531785
2021-04-05 02:00:00,co,PIIANN,0.24000001,0.23272446
2021-09-12 10:00:00,co,PIIANN,0.36,0.40207267
2025-04-12 19:00:00,co,PIIANN,1.34,1.2980975
2022-05-03 08:00:00,co,PIIANN,0.56,0.5783604
2024-04-12 13:00:00,co,PIIANN,0.67,0.68814415
2022-12-10 10:00:00,co,PIIANN,0.45,0.29548934
2024-03-05 02:00:00,co,PIIANN,0.3,0.3539622
2022-12-07 22:00:00,co,PIIANN,0.58,0.6066653
2023-09-07 13:00:00,co,PIIANN,0.435,0.4921351
2021-12-09 13:00:00,co,PIIANN,0.39,0.38565868
2022-11-09 15:00:00,co,PIIANN,0.28,0.36869738
2022-07-06 10:00:00,co,PIIANN,0.020000007,0.18827301
2021-09-05 02:00:00,co,PIIANN,0.26,0.25499368
2021-04-04 08:00:00,co,PIIANN,0.37999997,0.3860756
2023-03-04 14:00:00,co,PIIANN,0.335,0.35072535
2025-05-11 17:00:00,co,PIIANN,1.0,0.9352329
2022-04-04 18:00:00,co,PIIANN,0.36,0.300128
2025-05-06 01:00:00,co,PIIANN,0.64,0.53364396
2022-04-07 00:00:00,co,PIIANN,0.27,0.24532285
2022-02-07 03:00:00,co,PIIANN,0.73,0.6055431
2022-06-10 11:00:00,co,PIIANN,0.5,0.63424426
2024-03-10 13:00:00,co,PIIANN,0.6,0.589348
2024-06-12 09:00:00,co,PIIANN,0.86,0.8503595
2021-05-04 00:00:00,co,PIIANN,0.33,0.50036246
2023-11-12 09:00:00,co,PIIANN,1.0366666,0.99061507
2023-07-10 13:00:00,co,PIIANN,0.585,0.60387474
2023-05-09 08:00:00,co,PIIANN,0.59,0.5651487
2024-03-03 15:00:00,co,PIIANN,0.17000002,0.40087056
2025-10-03 07:00:00,co,PIIANN,0.61,0.6622614
2021-10-10 15:00:00,co,PIIANN,0.010000016,0.26131332
2023-07-01 12:00:00,co,PIIANN,0.455,0.4830112
2025-07-07 16:00:00,co,PIIANN,0.53,0.54557747
2024-04-06 08:00:00,co,PIIANN,0.63,0.39142352
2023-02-06 05:00:00,co,PIIANN,0.595,0.59197754
2025-09-02 01:00:00,co,PIIANN,0.78,0.7065829
2022-07-01 20:00:00,co,PIIANN,0.39,0.529518
2021-07-12 04:00:00,co,PIIANN,0.56,0.7116366
2022-07-11 04:00:00,co,PIIANN,0.43,0.6519394
2025-07-09 01:00:00,co,PIIANN,0.58,0.600346
2024-02-08 23:00:00,co,PIIANN,0.74,0.76705325
2025-08-04 18:00:00,co,PIIANN,0.63,0.575707
2024-05-10 23:00:00,co,PIIANN,0.94,0.8698737
2021-02-09 19:00:00,co,PIIANN,1.03,0.9763868
2024-08-11 20:00:00,co,PIIANN,0.69,0.67040676
2024-10-06 03:00:00,co,PIIANN,0.68,0.6406795
2025-01-04 18:00:00,co,PIIANN,0.83,0.60643387
2025-09-07 18:00:00,co,PIIANN,0.72,0.59879875
2021-12-06 20:00:00,co,PIIANN,0.42,0.42941642
2023-09-05 01:00:00,co,PIIANN,0.92,0.85654885
2022-09-07 04:00:00,co,PIIANN,0.4,0.6557575
2022-07-05 12:00:00,co,PIIANN,0.37,0.3919892
2021-07-12 07:00:00,co,PIIANN,0.94,0.7626544
2021-06-01 13:00:00,co,PIIANN,0.555,0.33337963
2021-06-12 19:00:00,co,PIIANN,0.8,0.76302475
2024-04-04 14:00:00,co,PIIANN,0.26,0.37409595
2024-05-10 17:00:00,co,PIIANN,0.95,0.8514965
2021-02-05 11:00:00,co,PIIANN,0.26,0.2728626
2025-08-06 11:00:00,co,PIIANN,0.55,0.62084115
2021-10-11 00:00:00,co,PIIANN,0.76,0.5588715
2025-10-11 00:00:00,co,PIIANN,0.94,0.5359627
2022-01-06 10:00:00,co,PIIANN,1.54,1.2228415
2025-12-10 01:00:00,co,PIIANN,0.52,0.56345046
2023-11-09 10:00:00,co,PIIANN,0.63666666,0.4791445
2024-06-09 19:00:00,co,PIIANN,1.06,0.77428716
2024-05-02 00:00:00,co,PIIANN,0.55,0.62017673
2022-10-11 16:00:00,co,PIIANN,0.32,0.34060335
2023-06-09 01:00:00,co,PIIANN,0.605,0.5585825
2025-03-02 20:00:00,co,PIIANN,0.71,0.69973224
2021-10-02 22:00:00,co,PIIANN,0.555,0.49876565
2021-10-06 14:00:00,co,PIIANN,0.34999996,0.37435788
2025-10-11 15:00:00,co,PIIANN,0.92,0.9242104
2023-02-04 16:00:00,co,PIIANN,0.435,0.34511492
2024-03-02 22:00:00,co,PIIANN,0.44,0.6055836
2021-08-02 21:00:00,co,PIIANN,0.555,0.514017
2022-09-06 14:00:00,co,PIIANN,0.555,0.49944574
2022-08-07 18:00:00,co,PIIANN,0.5,0.45757422
2022-12-01 17:00:00,co,PIIANN,0.37999997,0.36489323
2024-08-12 20:00:00,co,PIIANN,0.77,0.7760596
2022-12-08 09:00:00,co,PIIANN,0.23000002,0.23604944
2024-12-05 14:00:00,co,PIIANN,0.32,0.31763273
2025-08-01 14:00:00,co,PIIANN,0.92,0.7493544
2022-06-05 03:00:00,co,PIIANN,0.06000003,0.20321944
2025-02-11 06:00:00,co,PIIANN,0.66,0.73080415
2022-03-07 14:00:00,co,PIIANN,0.080000006,0.23759556
2021-01-02 03:00:00,co,PIIANN,0.555,2.4807868
2023-12-03 06:00:00,co,PIIANN,0.7125,0.67139864
2024-11-04 07:00:00,co,PIIANN,0.12,0.43214953
2022-03-07 12:00:00,co,PIIANN,0.25,0.21194223
2022-03-01 22:00:00,co,PIIANN,0.37999997,0.490903
2024-06-12 03:00:00,co,PIIANN,0.78,0.7719284
2025-10-07 04:00:00,co,PIIANN,0.65,0.67041636
2025-07-10 06:00:00,co,PIIANN,0.65,0.7051088
2025-08-09 12:00:00,co,PIIANN,0.45,0.5558614
2021-01-07 11:00:00,co,PIIANN,0.44,0.35627598
2023-06-07 03:00:00,co,PIIANN,0.415,0.4266389
2023-01-08 22:00:00,co,PIIANN,0.8025,0.7776352
2021-01-09 10:00:00,co,PIIANN,0.77,0.6539006
2021-12-12 08:00:00,co,PIIANN,0.29,0.4930379
2023-06-01 18:00:00,co,PIIANN,0.40499997,0.33260465
2021-08-05 19:00:00,co,PIIANN,0.39,0.39364365
2024-05-04 18:00:00,co,PIIANN,0.48,0.37691492
2024-03-05 21:00:00,co,PIIANN,0.39,0.43130744
2021-11-04 18:00:00,co,PIIANN,0.36,0.36568332
2023-08-01 09:00:00,co,PIIANN,0.72333336,0.71447027
2021-02-04 11:00:00,co,PIIANN,0.55,0.60581756
2023-05-03 10:00:00,co,PIIANN,0.6433333,0.5460632
2024-04-11 06:00:00,co,PIIANN,0.6,0.59726614
2024-09-03 08:00:00,co,PIIANN,0.28,0.5122159
2023-05-02 15:00:00,co,PIIANN,0.3875,0.4693445
2023-09-09 14:00:00,co,PIIANN,0.4775,0.4760033
2025-10-04 13:00:00,co,PIIANN,0.68,0.6928609
2022-12-08 10:00:00,co,PIIANN,0.22750005,0.24543053
2025-05-05 04:00:00,co,PIIANN,0.64,0.5792927
2024-10-12 00:00:00,co,PIIANN,0.84,0.76129484
2025-12-10 20:00:00,co,PIIANN,0.57,0.68193686
2024-06-05 09:00:00,co,PIIANN,0.47,0.44781032
2024-04-01 12:00:00,co,PIIANN,0.74,0.64969385
2022-03-10 14:00:00,co,PIIANN,0.29,0.37417275
2022-03-13 01:00:00,co,PIIANN,0.031487968,0.2501995
2025-10-12 23:00:00,co,PIIANN,0.94,1.1186509
2023-04-05 00:00:00,co,PIIANN,0.9525,0.36376795
2022-10-03 09:00:00,co,PIIANN,0.45,0.6733903
2025-02-08 10:00:00,co,PIIANN,0.62,0.53342307
2022-10-11 21:00:00,co,PIIANN,0.4,0.6091018
2025-09-09 19:00:00,co,PIIANN,0.7,0.57065326
2024-08-07 17:00:00,co,PIIANN,0.7,0.72982186
2022-02-09 18:00:00,co,PIIANN,0.7,0.46129474
2025-04-08 17:00:00,co,PIIANN,0.45,0.5966655
2025-11-06 04:00:00,co,PIIANN,0.62,0.6172017
2022-04-09 19:00:00,co,PIIANN,0.37999997,0.37580153
2021-04-02 17:00:00,co,PIIANN,0.555,0.5674708
2021-03-01 11:00:00,co,PIIANN,0.555,0.5426526
2022-05-08 02:00:00,co,PIIANN,0.34636363,0.30825788
2022-06-06 10:00:00,co,PIIANN,0.010000016,0.65312666
2023-10-02 13:00:00,co,PIIANN,0.4775,0.55605704
2023-11-06 03:00:00,co,PIIANN,0.555,0.55263436
2022-02-03 01:00:00,co,PIIANN,0.37,0.41170013
2025-12-03 23:00:00,co,PIIANN,0.71,0.70559806
2023-05-02 05:00:00,co,PIIANN,0.445,0.44855678
2025-02-04 20:00:00,co,PIIANN,0.71,0.7228576
2023-03-12 13:00:00,co,PIIANN,0.43,0.43110248
2021-05-07 14:00:00,co,PIIANN,1.31,0.96641374
2021-12-11 10:00:00,co,PIIANN,1.09,1.3338915
2023-06-11 09:00:00,co,PIIANN,0.49666667,0.45829722
2024-10-04 00:00:00,co,PIIANN,0.32,0.3646421
2025-04-06 07:00:00,co,PIIANN,0.64,0.5802444
2025-03-03 19:00:00,co,PIIANN,0.77,0.647616
2025-11-10 01:00:00,co,PIIANN,0.62,0.58376014
2022-06-02 17:00:00,co,PIIANN,0.31,0.36075786
2025-12-08 11:00:00,co,PIIANN,0.6,0.611391
2025-04-02 08:00:00,co,PIIANN,0.9,0.8338212
2025-06-12 09:00:00,co,PIIANN,1.21,1.0553412
2021-08-07 14:00:00,co,PIIANN,0.42,0.4320946
2023-02-02 17:00:00,co,PIIANN,0.5025,0.5801653
2023-07-04 11:00:00,co,PIIANN,0.37749997,0.37149066
2024-07-12 17:00:00,co,PIIANN,0.62,0.61779886
2021-09-10 10:00:00,co,PIIANN,0.7,0.43391445
2025-03-09 00:00:00,co,PIIANN,0.59,0.6479913
2024-10-13 00:00:00,co,PIIANN,0.8792779,0.84749764
2025-06-08 21:00:00,co,PIIANN,0.52,0.5585591
2021-08-10 21:00:00,co,PIIANN,0.63,0.9424475
2021-09-10 12:00:00,co,PIIANN,0.34999996,0.54923356
2021-07-11 02:00:00,co,PIIANN,0.33,0.4205051
2021-04-10 09:00:00,co,PIIANN,0.44,0.5462569
2021-04-03 15:00:00,co,PIIANN,0.555,0.5048359
2021-12-02 05:00:00,co,PIIANN,0.555,0.64362115
2022-03-04 21:00:00,co,PIIANN,0.37999997,0.4170222
2023-04-11 13:00:00,co,PIIANN,0.525,0.5406495
2023-04-02 08:00:00,co,PIIANN,0.4925,0.4928873
2021-05-09 18:00:00,co,PIIANN,0.5,0.5406371
2023-11-05 19:00:00,co,PIIANN,0.605,0.90098804
2024-12-10 16:00:00,co,PIIANN,0.55,0.52645874
2022-03-12 03:00:00,co,PIIANN,0.73,2.3355842
2024-09-10 10:00:00,co,PIIANN,0.69,0.695096
2023-05-11 22:00:00,co,PIIANN,0.4275,0.43544027
2023-05-09 03:00:00,co,PIIANN,0.5,0.51794267
2023-02-11 12:00:00,co,PIIANN,0.52,0.57933664
2024-05-10 20:00:00,co,PIIANN,0.9599999,0.9111594
2024-05-05 15:00:00,co,PIIANN,0.4,0.40118685
2021-01-05 16:00:00,co,PIIANN,0.33,0.37193012
2024-02-11 23:00:00,co,PIIANN,0.61,0.60754955
2023-04-09 01:00:00,co,PIIANN,0.3925,0.44154733
2022-12-10 19:00:00,co,PIIANN,0.39,0.42204642
2023-08-01 17:00:00,co,PIIANN,0.5975,0.6693721
2022-10-07 20:00:00,co,PIIANN,0.12,0.6526182
2022-07-10 00:00:00,co,PIIANN,0.26,0.34236348
2022-11-06 08:00:00,co,PIIANN,1.16,1.0251725
2021-12-05 17:00:00,co,PIIANN,0.3,0.33455643
2021-09-03 10:00:00,co,PIIANN,0.555,0.47901002
2024-02-09 10:00:00,co,PIIANN,0.64,0.6923695
2023-12-04 04:00:00,co,PIIANN,0.94,0.839101
2023-09-11 09:00:00,co,PIIANN,0.62666667,0.6391528
2025-08-10 07:00:00,co,PIIANN,0.5,0.58872044
2025-11-11 06:00:00,co,PIIANN,0.78,0.9040592
2022-10-07 01:00:00,co,PIIANN,0.010000016,0.5770793
2024-02-08 05:00:00,co,PIIANN,0.66,0.6577379
2022-03-01 15:00:00,co,PIIANN,0.45,0.5160936
2022-10-08 19:00:00,co,PIIANN,0.555,0.6244531
2022-03-07 10:00:00,co,PIIANN,0.20000002,0.25049835
2022-02-07 14:00:00,co,PIIANN,0.27,0.3270828
2024-05-11 13:00:00,co,PIIANN,1.0,0.8459966
2024-09-11 04:00:00,co,PIIANN,0.72,0.75276023
2023-04-08 23:00:00,co,PIIANN,0.5875,0.6229637
2025-01-02 20:00:00,co,PIIANN,0.69,0.6815937
2024-05-05 04:00:00,co,PIIANN,0.34999996,0.37046275
2022-01-07 15:00:00,co,PIIANN,0.23000002,0.21947229
2025-08-06 09:00:00,co,PIIANN,0.53,0.70632386
2025-05-10 23:00:00,co,PIIANN,0.61,0.59653115
2022-05-03 13:00:00,co,PIIANN,0.26,0.348069
2021-01-09 11:00:00,co,PIIANN,0.71,0.6965636
2022-09-10 13:00:00,co,PIIANN,0.48,0.4495169
2023-06-02 01:00:00,co,PIIANN,0.445,0.48932484
2025-12-05 10:00:00,co,PIIANN,0.68,0.69441986
2022-06-12 20:00:00,co,PIIANN,0.56,0.56835306
2024-01-01 13:00:00,co,PIIANN,0.48,0.72656405
2025-02-07 17:00:00,co,PIIANN,0.6,0.57348263
2023-08-05 23:00:00,co,PIIANN,0.9549999,0.8460983
2021-06-09 14:00:00,co,PIIANN,0.44,0.45869085
2021-06-11 08:00:00,co,PIIANN,0.37,0.4132544
2025-03-04 12:00:00,co,PIIANN,0.83,0.82435614
2022-06-05 06:00:00,co,PIIANN,0.20000002,0.26934722
2022-10-10 00:00:00,co,PIIANN,0.18,0.31208408
2025-07-09 00:00:00,co,PIIANN,0.6,0.6367529
2023-09-08 22:00:00,co,PIIANN,0.56,0.62979317
2022-05-01 10:00:00,co,PIIANN,0.58,0.63497436
2022-02-06 18:00:00,co,PIIANN,0.24199998,0.36508885
2022-04-02 15:00:00,co,PIIANN,0.31,0.36436793
2022-10-09 12:00:00,co,PIIANN,0.37999997,0.44914633
2023-07-04 03:00:00,co,PIIANN,0.32,0.35688323
2023-08-02 02:00:00,co,PIIANN,0.415,0.5310307
2025-07-01 21:00:00,co,PIIANN,0.74,0.7337478
2025-07-04 08:00:00,co,PIIANN,0.6,0.69368285
2021-02-13 00:00:00,co,PIIANN,0.14078772,0.19853899
2023-11-02 23:00:00,co,PIIANN,0.455,0.5350771
2024-06-09 17:00:00,co,PIIANN,0.74,0.683432
2021-11-01 21:00:00,co,PIIANN,2.84,0.6462175
2025-02-09 10:00:00,co,PIIANN,0.59,0.5577551
2023-09-04 09:00:00,co,PIIANN,0.84,0.7549496
2023-03-07 07:00:00,co,PIIANN,0.6525,0.6159652
2021-07-03 13:00:00,co,PIIANN,0.555,0.49519143
2022-12-08 22:00:00,co,PIIANN,0.21000001,0.39677984
2022-10-08 21:00:00,co,PIIANN,0.75,0.50475687
2025-12-01 08:00:00,co,PIIANN,0.84,0.8560015
2024-01-09 09:00:00,co,PIIANN,0.64,0.6397537
2021-05-03 21:00:00,co,PIIANN,0.555,0.5287112
2021-10-09 21:00:00,co,PIIANN,0.53,0.40990254
2023-12-03 12:00:00,co,PIIANN,0.6125,0.56498265
2022-06-08 11:00:00,co,PIIANN,1.25,1.1690211
2024-03-09 09:00:00,co,PIIANN,0.75,0.7057428
2021-12-04 04:00:00,co,PIIANN,0.34999996,0.37319228
2022-03-09 19:00:00,co,PIIANN,0.51,0.43412685
2025-06-05 09:00:00,co,PIIANN,0.67,0.63996756
2025-12-04 12:00:00,co,PIIANN,0.65,0.676781
2024-11-06 08:00:00,co,PIIANN,0.78,0.95837486
2022-12-06 07:00:00,co,PIIANN,0.555,0.5258896
2021-02-10 05:00:00,co,PIIANN,0.4,0.4187783
2023-11-02 07:00:00,co,PIIANN,0.5825,0.6055415
2025-03-07 10:00:00,co,PIIANN,0.74,0.6546425
2021-12-07 03:00:00,co,PIIANN,0.37999997,0.36827922
2024-06-04 05:00:00,co,PIIANN,0.28,0.3690418
2025-03-12 00:00:00,co,PIIANN,1.11,0.87694675
2023-12-11 01:00:00,co,PIIANN,0.5525,0.647067
2023-03-10 00:00:00,co,PIIANN,0.415,0.54105
2023-03-10 07:00:00,co,PIIANN,0.4775,0.49250054
2023-07-06 04:00:00,co,PIIANN,0.5125,0.5133657
2021-04-08 08:00:00,co,PIIANN,0.39,0.33374822
2022-05-02 05:00:00,co,PIIANN,0.46,0.44166532
2021-03-08 05:00:00,co,PIIANN,0.43,0.41076574
2022-05-03 16:00:00,co,PIIANN,0.36,0.3629313
2022-03-04 16:00:00,co,PIIANN,0.32,0.33569682
2025-08-07 06:00:00,co,PIIANN,0.61,0.60486513
2021-05-08 02:00:00,co,PIIANN,0.33,0.3878062
2025-11-09 17:00:00,co,PIIANN,0.31,0.43948776
2025-02-05 04:00:00,co,PIIANN,0.7,0.7970839
2024-02-03 13:00:00,co,PIIANN,0.16,0.62921506
2022-06-12 13:00:00,co,PIIANN,0.54,0.34269866
2021-03-01 23:00:00,co,PIIANN,0.555,0.5033538
2021-08-01 15:00:00,co,PIIANN,0.555,0.5205869
2022-08-08 22:00:00,co,PIIANN,0.82,0.6234892
2022-09-01 14:00:00,co,PIIANN,0.26,0.2956272
2024-11-06 14:00:00,co,PIIANN,0.65,0.5297425
2025-10-04 03:00:00,co,PIIANN,0.57,0.59459674
2023-06-10 13:00:00,co,PIIANN,0.6575,0.6565762
2023-02-04 09:00:00,co,PIIANN,0.35333332,0.3848949
2022-06-02 13:00:00,co,PIIANN,0.31,0.33049557
2023-12-11 14:00:00,co,PIIANN,0.6275,0.7371316
2023-06-03 18:00:00,co,PIIANN,0.4625,0.46376282
2025-01-06 02:00:00,co,PIIANN,0.64,0.47615388
2023-07-09 21:00:00,co,PIIANN,0.53,0.5715609
2023-05-02 00:00:00,co,PIIANN,0.43,0.3585353
2022-04-09 07:00:00,co,PIIANN,0.28,0.298335
2025-04-05 01:00:00,co,PIIANN,0.56,0.5292852
2023-12-05 09:00:00,co,PIIANN,0.6166667,0.6280103
2021-09-12 20:00:00,co,PIIANN,0.4,0.45937616
2024-11-11 02:00:00,co,PIIANN,0.72,0.6719755
2021-12-08 10:00:00,co,PIIANN,0.37,0.32691318
2022-11-11 19:00:00,co,PIIANN,0.39,0.46179962
2021-12-09 00:00:00,co,PIIANN,0.46,0.4293574
2024-09-11 13:00:00,co,PIIANN,0.7,0.7096905
2025-12-11 07:00:00,co,PIIANN,1.0,0.92110324
2023-11-09 05:00:00,co,PIIANN,0.4475,0.4886485
2023-10-04 18:00:00,co,PIIANN,1.07,0.7630549
2025-03-05 05:00:00,co,PIIANN,0.58,0.59731376
2021-10-05 05:00:00,co,PIIANN,0.3,0.29104853
2022-10-11 07:00:00,co,PIIANN,0.44,0.42365918
2021-06-05 21:00:00,co,PIIANN,0.28,0.34855586
2023-06-10 19:00:00,co,PIIANN,0.77,0.7010507
2025-08-05 02:00:00,co,PIIANN,0.72,0.70916766
2024-08-07 11:00:00,co,PIIANN,0.82,0.8439741
2024-02-04 07:00:00,co,PIIANN,0.42,0.4067986
2022-11-06 21:00:00,co,PIIANN,1.86,1.6079539
2025-06-02 04:00:00,co,PIIANN,0.64,0.61541
2022-08-03 04:00:00,co,PIIANN,0.37,0.38154057
2025-11-04 21:00:00,co,PIIANN,0.9,0.7882077
2025-03-12 14:00:00,co,PIIANN,1.28,0.9929212
2021-04-12 11:00:00,co,PIIANN,0.36,0.38542578
2022-08-03 10:00:00,co,PIIANN,0.40999997,0.51169896
2025-10-04 11:00:00,co,PIIANN,0.62,0.6397054
2023-03-08 05:00:00,co,PIIANN,0.5725,0.5118799
2023-05-10 09:00:00,co,PIIANN,0.6166667,0.61235744
2022-03-06 05:00:00,co,PIIANN,0.3733333,0.72318405
2024-07-03 10:00:00,co,PIIANN,1.55,0.46602333
2025-12-04 05:00:00,co,PIIANN,0.85,0.7170956
2025-01-12 06:00:00,co,PIIANN,0.64,0.80241174
2024-12-11 10:00:00,co,PIIANN,0.88,0.8239206
2022-07-01 13:00:00,co,PIIANN,0.25,0.39573038
2022-08-05 12:00:00,co,PIIANN,0.55,0.44976303
2021-11-11 03:00:00,co,PIIANN,0.5,0.58291864
2024-06-01 16:00:00,co,PIIANN,0.47,0.54841334
2022-09-02 10:00:00,co,PIIANN,0.33,0.4119005
2021-12-02 07:00:00,co,PIIANN,0.555,0.61771303
2021-08-10 22:00:00,co,PIIANN,0.6,0.64784604
2023-06-09 17:00:00,co,PIIANN,0.5225,0.48900276
2021-08-07 21:00:00,co,PIIANN,0.36,0.39938828
2024-01-10 18:00:00,co,PIIANN,0.56,0.5734555
2021-09-03 05:00:00,co,PIIANN,0.555,0.5205998
2022-08-02 04:00:00,co,PIIANN,0.36,0.37686273
2024-07-10 18:00:00,co,PIIANN,0.64,0.57702947
2021-04-04 17:00:00,co,PIIANN,0.32,0.35411468
2021-10-07 06:00:00,co,PIIANN,0.40999997,0.32573596
2023-01-06 18:00:00,co,PIIANN,0.6125,0.5975647
2021-10-12 20:00:00,co,PIIANN,0.32,0.46406528
2021-12-10 01:00:00,co,PIIANN,0.24000001,0.31332678
2023-08-08 13:00:00,co,PIIANN,0.555,0.5233138
2024-01-06 03:00:00,co,PIIANN,0.21000001,0.7411937
2025-08-02 05:00:00,co,PIIANN,0.74,0.7014414
2023-04-04 03:00:00,co,PIIANN,0.3275,0.33649674
2022-04-06 04:00:00,co,PIIANN,0.83,0.7863829
2023-03-04 05:00:00,co,PIIANN,0.3975,0.38636646
2023-03-04 03:00:00,co,PIIANN,0.355,0.36353892
2022-05-02 01:00:00,co,PIIANN,0.32,0.3668173
2021-11-10 02:00:00,co,PIIANN,0.11000001,0.13119191
2025-06-05 04:00:00,co,PIIANN,0.69,0.6023633
2025-03-11 20:00:00,co,PIIANN,0.88,0.8732055
2024-10-10 09:00:00,co,PIIANN,0.73,0.69031036
2023-10-01 20:00:00,co,PIIANN,0.86,0.4653789
2022-11-07 21:00:00,co,PIIANN,0.555,0.5095141
2023-10-02 07:00:00,co,PIIANN,0.63,0.7500132
2022-05-07 16:00:00,co,PIIANN,0.46,0.5231385
2025-02-07 12:00:00,co,PIIANN,0.65,0.6384675
2023-02-10 18:00:00,co,PIIANN,0.495,0.48580822
2024-06-01 14:00:00,co,PIIANN,0.46,0.6175529
2021-09-03 13:00:00,co,PIIANN,0.555,0.49455258
2025-07-12 16:00:00,co,PIIANN,0.95,0.8869982
2024-01-10 19:00:00,co,PIIANN,0.6,0.58394706
2022-02-10 12:00:00,co,PIIANN,0.36,0.42871305
2021-04-11 20:00:00,co,PIIANN,1.02,0.7771243
2024-03-02 09:00:00,co,PIIANN,0.59,0.53338385
2023-05-10 18:00:00,co,PIIANN,0.5825,0.5763924
2024-04-11 15:00:00,co,PIIANN,0.55,0.5479648
2021-12-10 18:00:00,co,PIIANN,0.20000002,0.1932382
2021-11-04 17:00:00,co,PIIANN,0.32,0.34415713
2021-02-11 00:00:00,co,PIIANN,0.36,0.3748601
2024-09-01 14:00:00,co,PIIANN,0.46,0.5253802
2023-11-11 21:00:00,co,PIIANN,0.6275,0.7184311
2022-06-08 14:00:00,co,PIIANN,0.195,0.6497978
2022-09-01 11:00:00,co,PIIANN,0.24000001,0.35294515
2021-08-04 10:00:00,co,PIIANN,0.42,0.43835887
2021-01-10 06:00:00,co,PIIANN,0.78,0.6038847
2022-05-05 06:00:00,co,PIIANN,0.6,0.5726809
2024-03-04 10:00:00,co,PIIANN,2.03,0.41989887
2025-05-04 14:00:00,co,PIIANN,0.66,0.67627984
2021-06-08 20:00:00,co,PIIANN,0.46,0.52104557
2021-01-02 14:00:00,co,PIIANN,0.555,0.5329959
2021-02-09 20:00:00,co,PIIANN,0.91,0.99505275
2021-02-11 18:00:00,co,PIIANN,0.58,0.49447814
2024-07-08 23:00:00,co,PIIANN,0.92,0.89618826
2025-05-02 00:00:00,co,PIIANN,0.55,0.7319761
2023-12-03 14:00:00,co,PIIANN,0.5425,0.55470103
2022-03-06 13:00:00,co,PIIANN,0.555,0.41074672
2022-06-12 02:00:00,co,PIIANN,0.68,0.37311265
2025-08-12 17:00:00,co,PIIANN,1.01,1.0242988
2022-06-08 02:00:00,co,PIIANN,0.3,0.22285318
2022-11-08 06:00:00,co,PIIANN,0.86,0.65619725
2022-12-08 06:00:00,co,PIIANN,0.28,0.17182574
2024-09-04 12:00:00,co,PIIANN,0.3,0.455965
2025-10-01 23:00:00,co,PIIANN,0.81,0.8515126
2023-10-07 19:00:00,co,PIIANN,0.5775,0.6544229
2022-07-12 12:00:00,co,PIIANN,0.63,0.6428499
2025-01-10 07:00:00,co,PIIANN,0.62,0.602665
2024-10-04 17:00:00,co,PIIANN,0.34,0.39501747
2024-05-12 00:00:00,co,PIIANN,0.72,0.8326274
2024-11-11 20:00:00,co,PIIANN,0.85,0.8076304
2022-08-02 00:00:00,co,PIIANN,0.34,0.38204965
2025-08-04 03:00:00,co,PIIANN,0.62,0.5806566
2023-12-11 03:00:00,co,PIIANN,0.4925,0.59663624
2022-03-05 00:00:00,co,PIIANN,0.28,0.37977606
2022-11-12 10:00:00,co,PIIANN,0.35333332,0.6015536
2024-12-02 05:00:00,co,PIIANN,0.47,0.5050115
2021-08-01 12:00:00,co,PIIANN,0.4911111,0.5477597
2024-06-02 01:00:00,co,PIIANN,0.5,0.59866714
2022-07-08 11:00:00,co,PIIANN,0.61,0.52233946
2025-03-04 07:00:00,co,PIIANN,0.57,0.6416708
2021-11-05 00:00:00,co,PIIANN,0.29,0.30764094
2021-11-06 07:00:00,co,PIIANN,0.34,0.36046472
2024-03-06 04:00:00,co,PIIANN,0.48,0.5001319
2022-01-03 15:00:00,co,PIIANN,0.34999996,0.5221439
2022-04-06 12:00:00,co,PIIANN,0.77,0.5595615
2022-05-04 21:00:00,co,PIIANN,0.34999996,0.35874727
2022-01-08 16:00:00,co,PIIANN,1.1,0.28854343
2022-11-02 04:00:00,co,PIIANN,0.555,0.5188658
2025-09-02 05:00:00,co,PIIANN,0.72,0.70828223
2024-09-05 05:00:00,co,PIIANN,0.32,0.33753982
2021-07-02 10:00:00,co,PIIANN,0.555,0.56432724
2021-11-01 22:00:00,co,PIIANN,2.7913725,2.215136
2023-07-11 18:00:00,co,PIIANN,0.45,0.4226957
2025-04-12 17:00:00,co,PIIANN,1.54,1.1770719
2025-11-09 10:00:00,co,PIIANN,0.55,0.50743645
2025-03-04 21:00:00,co,PIIANN,0.81,0.84718364
2024-09-11 16:00:00,co,PIIANN,0.68,0.646661
2021-12-07 16:00:00,co,PIIANN,0.37,0.43034554
2024-12-11 04:00:00,co,PIIANN,0.69,0.71023875
2021-12-05 19:00:00,co,PIIANN,0.12,0.35980445
2024-04-09 14:00:00,co,PIIANN,0.7,0.6579229
2021-08-05 12:00:00,co,PIIANN,0.32,0.28308958
2021-02-03 17:00:00,co,PIIANN,0.555,0.5650477
2025-01-03 05:00:00,co,PIIANN,0.65,0.6465568
2021-11-04 03:00:00,co,PIIANN,0.34999996,0.37911588
2021-01-02 00:00:00,co,PIIANN,2.9315,2.392095
2023-12-05 22:00:00,co,PIIANN,0.72,0.7910556
2023-12-06 05:00:00,co,PIIANN,0.555,0.5748592
2025-06-12 03:00:00,co,PIIANN,1.03,1.1503168
2021-04-01 19:00:00,co,PIIANN,2.93,2.6877072
2023-09-01 22:00:00,co,PIIANN,0.555,0.55125356
2022-11-10 09:00:00,co,PIIANN,0.56,0.5766147
2022-11-10 10:00:00,co,PIIANN,0.59,0.518439
2023-10-01 12:00:00,co,PIIANN,0.445,0.5132979
2024-08-05 02:00:00,co,PIIANN,0.37,0.37034506
2025-03-05 23:00:00,co,PIIANN,0.68,0.72804266
2021-11-08 16:00:00,co,PIIANN,0.55,0.57708144
2022-05-03 03:00:00,co,PIIANN,0.32,0.3632577
2023-02-07 02:00:00,co,PIIANN,0.4825,0.48511502
2022-04-08 15:00:00,co,PIIANN,0.555,0.54248154
2023-07-05 23:00:00,co,PIIANN,0.9325,0.88326514
2022-04-08 00:00:00,co,PIIANN,0.306,0.2916347
2021-12-03 08:00:00,co,PIIANN,0.555,0.57980204
2021-07-08 03:00:00,co,PIIANN,0.32,0.3123387
2025-06-04 17:00:00,co,PIIANN,0.6,0.6118244
2022-07-12 01:00:00,co,PIIANN,0.55,0.6061168
2023-01-11 10:00:00,co,PIIANN,0.68333334,0.6138211
2025-09-12 22:00:00,co,PIIANN,0.7,0.97827965
2021-02-05 15:00:00,co,PIIANN,0.25,0.25322947
2022-10-06 23:00:00,co,PIIANN,0.84,2.104783
2022-09-02 22:00:00,co,PIIANN,0.51,0.87204266
2023-11-05 13:00:00,co,PIIANN,1.16,1.0222216
2025-11-03 06:00:00,co,PIIANN,0.6,0.6478553
2022-05-09 04:00:00,co,PIIANN,0.29,0.32649598
2023-10-03 21:00:00,co,PIIANN,0.5575,0.55203086
2021-01-10 21:00:00,co,PIIANN,0.5,0.49751255
2021-03-04 01:00:00,co,PIIANN,0.48,0.41783294
2025-05-10 13:00:00,co,PIIANN,0.5,0.59743726
2021-09-13 00:00:00,co,PIIANN,0.31004557,0.3800537
2021-09-05 03:00:00,co,PIIANN,0.27,0.27189392
2022-09-11 17:00:00,co,PIIANN,0.32,0.36779353
2023-09-04 11:00:00,co,PIIANN,0.8225,0.75527567
2024-03-08 10:00:00,co,PIIANN,0.7,0.6413883
2025-10-02 14:00:00,co,PIIANN,0.66,0.7218559
2023-07-08 13:00:00,co,PIIANN,0.4975,0.49033347
2024-01-08 00:00:00,co,PIIANN,0.7,0.7496309
2024-11-11 01:00:00,co,PIIANN,0.72,0.7168729
2024-08-02 20:00:00,co,PIIANN,0.52,0.50193775
2023-03-08 14:00:00,co,PIIANN,0.4675,0.4736953
2025-03-05 14:00:00,co,PIIANN,0.66,0.62434757
2023-03-05 05:00:00,co,PIIANN,0.9025,0.78524846
2023-07-10 04:00:00,co,PIIANN,0.5675,0.5363169
2024-09-10 14:00:00,co,PIIANN,0.54,0.52256745
2022-09-09 14:00:00,co,PIIANN,0.21000001,0.36802834
2021-02-09 17:00:00,co,PIIANN,0.88,0.76157576
2021-09-12 22:00:00,co,PIIANN,0.33,0.4075955
2025-01-05 01:00:00,co,PIIANN,0.6,0.54141504
2023-04-10 17:00:00,co,PIIANN,0.54,0.5878819
2025-08-12 23:00:00,co,PIIANN,0.99,1.0458935
2022-05-04 03:00:00,co,PIIANN,0.22,0.27417845
2025-02-11 19:00:00,co,PIIANN,0.87,0.74313456
2022-08-09 12:00:00,co,PIIANN,0.59,0.5796718
2023-11-09 18:00:00,co,PIIANN,0.6375,0.6140586
2023-08-02 16:00:00,co,PIIANN,0.4525,0.4533516
2022-12-10 22:00:00,co,PIIANN,0.31,0.42499515
2022-07-10 20:00:00,co,PIIANN,1.15,0.8696673
2021-01-04 02:00:00,co,PIIANN,0.34,0.3289749
2024-01-03 01:00:00,co,PIIANN,0.51,0.5053605
2025-02-04 13:00:00,co,PIIANN,0.66,0.656979
2023-01-01 09:00:00,co,PIIANN,2.18,1.3169605
2021-09-03 08:00:00,co,PIIANN,0.555,0.5216894
2025-05-06 17:00:00,co,PIIANN,0.48,0.6050712
2024-10-11 19:00:00,co,PIIANN,0.73,0.69476306
2025-05-10 01:00:00,co,PIIANN,0.7,0.61721736
2021-11-02 04:00:00,co,PIIANN,0.555,0.6468925
2023-06-06 19:00:00,co,PIIANN,0.7375,0.5944638
2021-04-05 04:00:00,co,PIIANN,0.26,0.2237213
2025-03-04 18:00:00,co,PIIANN,0.76,0.66862154
2021-11-03 20:00:00,co,PIIANN,0.555,0.5675826
2024-06-08 15:00:00,co,PIIANN,0.62,0.5803619
2021-05-12 19:00:00,co,PIIANN,0.7,0.68290734
2021-09-08 22:00:00,co,PIIANN,0.46,0.4807175
2024-09-07 14:00:00,co,PIIANN,0.68,0.764257
2022-11-04 16:00:00,co,PIIANN,1.13,0.42534155
2021-11-10 13:00:00,co,PIIANN,0.28,0.3172753
2025-07-12 00:00:00,co,PIIANN,1.1,0.91073364
2025-05-06 14:00:00,co,PIIANN,0.59,0.6571202
2024-04-09 18:00:00,co,PIIANN,0.67,0.66424835
2025-11-06 08:00:00,co,PIIANN,0.66,0.63270956
2022-10-07 21:00:00,co,PIIANN,0.13,0.3029921
2025-05-02 02:00:00,co,PIIANN,0.61,0.5427527
2021-07-02 23:00:00,co,PIIANN,0.555,0.4833571
2024-02-04 04:00:00,co,PIIANN,0.32,0.4197609
2023-04-06 01:00:00,co,PIIANN,0.5375,0.6262221
2023-05-08 04:00:00,co,PIIANN,0.5475,0.47020432
2025-03-08 01:00:00,co,PIIANN,0.44,0.5692833
2024-06-07 01:00:00,co,PIIANN,0.5733333,0.5368402
2022-01-11 23:00:00,co,PIIANN,0.33,0.5050103
2025-05-08 01:00:00,co,PIIANN,0.52,0.559631
2022-09-04 18:00:00,co,PIIANN,0.09999999,0.24581707
2021-03-12 20:00:00,co,PIIANN,0.44,0.63355964
2023-04-03 04:00:00,co,PIIANN,0.4625,0.47030154
2022-02-08 12:00:00,co,PIIANN,0.34,1.1797593
2022-02-08 09:00:00,co,PIIANN,1.1,0.7432984
2021-10-08 12:00:00,co,PIIANN,0.39,0.3406756
2025-10-12 09:00:00,co,PIIANN,1.46,1.331268
2022-06-11 05:00:00,co,PIIANN,0.34,0.36979195
2025-01-08 17:00:00,co,PIIANN,0.48,0.61718524
2025-12-08 02:00:00,co,PIIANN,0.59,0.71472067
2025-09-10 04:00:00,co,PIIANN,0.56,0.6278634
2024-08-07 10:00:00,co,PIIANN,0.85,0.8091529
2022-12-12 13:00:00,co,PIIANN,2.09,0.7625489
2023-06-10 22:00:00,co,PIIANN,0.725,0.72133005
2025-07-05 09:00:00,co,PIIANN,0.73,0.6647924
2025-03-08 19:00:00,co,PIIANN,0.64,0.6189579
2025-08-05 09:00:00,co,PIIANN,0.77,0.72559357
2021-12-04 12:00:00,co,PIIANN,0.34,0.38303643
2023-08-02 23:00:00,co,PIIANN,0.44,0.47218874
2023-03-07 06:00:00,co,PIIANN,0.6,0.5700574
2023-12-09 21:00:00,co,PIIANN,0.5575,0.620169
2022-07-03 06:00:00,co,PIIANN,0.31,0.3024148
2024-07-04 03:00:00,co,PIIANN,0.54,0.42007864
2022-07-02 22:00:00,co,PIIANN,0.43,0.48634437
2021-09-04 19:00:00,co,PIIANN,0.53,0.4330853
2023-08-10 20:00:00,co,PIIANN,0.4925,0.4975444
2023-08-05 03:00:00,co,PIIANN,0.8425,0.7976201
2023-10-02 06:00:00,co,PIIANN,0.6525,0.7449198
2023-08-02 05:00:00,co,PIIANN,0.4475,0.51620495
2021-07-06 23:00:00,co,PIIANN,0.24000001,0.31759703
2024-02-10 07:00:00,co,PIIANN,0.64,0.6365198
2021-09-09 00:00:00,co,PIIANN,0.36,0.41990536
2023-01-10 19:00:00,co,PIIANN,0.485,0.49254256
2023-11-04 06:00:00,co,PIIANN,1.0075,0.8753113
2023-11-12 11:00:00,co,PIIANN,0.715,0.9020336
2021-10-08 05:00:00,co,PIIANN,0.37999997,0.44437838
2024-01-08 06:00:00,co,PIIANN,0.62,0.6191344
2023-11-03 13:00:00,co,PIIANN,0.515,0.51873285
2022-10-02 08:00:00,co,PIIANN,0.57,0.6362215
2024-01-11 14:00:00,co,PIIANN,0.61,0.746019
2021-05-08 18:00:00,co,PIIANN,0.47,0.39378956
2023-06-06 17:00:00,co,PIIANN,0.5275,0.51221454
2025-01-10 15:00:00,co,PIIANN,0.42,0.58973384
2022-12-06 02:00:00,co,PIIANN,2.75,1.1934714
2023-11-11 12:00:00,co,PIIANN,0.6,0.6546326
2025-09-10 13:00:00,co,PIIANN,0.55,0.5659509
2023-09-09 11:00:00,co,PIIANN,0.4875,0.5433414
2024-10-03 04:00:00,co,PIIANN,0.37,0.39146712
2023-12-10 22:00:00,co,PIIANN,0.42,0.42373365
2023-12-10 01:00:00,co,PIIANN,0.3675,0.45596164
2023-11-05 01:00:00,co,PIIANN,0.9325,0.8086836
2024-11-03 12:00:00,co,PIIANN,0.28,0.48260015
2025-10-02 09:00:00,co,PIIANN,0.95,0.8240645
2025-09-07 15:00:00,co,PIIANN,0.66,0.5904559
2022-08-11 16:00:00,co,PIIANN,0.4,0.5060109
2024-11-09 19:00:00,co,PIIANN,0.7,0.6948852
2025-11-03 05:00:00,co,PIIANN,0.61,0.6709314
2023-01-03 22:00:00,co,PIIANN,3.1075,1.8883228
2022-06-09 06:00:00,co,PIIANN,0.36,0.34309644
2025-03-06 11:00:00,co,PIIANN,0.6,0.6341395
2022-11-08 01:00:00,co,PIIANN,0.9599999,0.5730383
2024-11-10 19:00:00,co,PIIANN,0.68,0.6311773
2023-11-05 00:00:00,co,PIIANN,0.9525,0.87230456
2025-06-04 08:00:00,co,PIIANN,0.58,0.6849341
2021-02-03 15:00:00,co,PIIANN,0.555,0.5339901
2022-05-12 14:00:00,co,PIIANN,0.95,0.69285804
2025-06-03 09:00:00,co,PIIANN,0.71,0.7252141
2025-01-04 19:00:00,co,PIIANN,0.76,0.70989996
2022-06-04 14:00:00,co,PIIANN,0.27,0.30570877
2022-08-04 21:00:00,co,PIIANN,0.555,0.52603704
2024-02-09 15:00:00,co,PIIANN,0.6,0.60195315
2022-10-06 21:00:00,co,PIIANN,4.06,2.5078855
2021-02-02 07:00:00,co,PIIANN,0.555,0.625484
2021-03-11 13:00:00,co,PIIANN,0.84,0.87405974
2024-01-05 06:00:00,co,PIIANN,0.32,0.37294126
2022-07-04 16:00:00,co,PIIANN,0.3,0.33597574
2025-02-06 21:00:00,co,PIIANN,0.68,0.6766778
2023-05-06 08:00:00,co,PIIANN,0.65,0.5835712
2025-01-05 11:00:00,co,PIIANN,0.69,0.59621876
2021-08-08 07:00:00,co,PIIANN,0.43,0.3539846
2025-09-10 11:00:00,co,PIIANN,0.62,0.5436362
2025-12-07 18:00:00,co,PIIANN,0.48,0.56555533
2021-10-12 10:00:00,co,PIIANN,0.3,0.5537673
2022-07-10 18:00:00,co,PIIANN,0.72,0.45800686
2022-04-07 04:00:00,co,PIIANN,0.15,0.29596397
2025-04-09 21:00:00,co,PIIANN,0.66,0.62982297
2024-03-12 01:00:00,co,PIIANN,0.72,0.6638064
2025-06-03 08:00:00,co,PIIANN,0.71,0.77271914
2025-12-02 05:00:00,co,PIIANN,0.79,0.7529339
2023-09-05 17:00:00,co,PIIANN,0.8425,0.8129785
2023-08-09 00:00:00,co,PIIANN,0.545,0.6215932
2021-09-07 12:00:00,co,PIIANN,0.46,0.4121383
2022-01-08 01:00:00,co,PIIANN,0.24000001,0.38569325
2022-03-09 12:00:00,co,PIIANN,0.43,0.40471295
2024-01-05 02:00:00,co,PIIANN,0.28,0.26590836
2024-08-12 01:00:00,co,PIIANN,0.69,0.6458485
2025-03-05 01:00:00,co,PIIANN,0.55,0.55101085
2023-04-11 18:00:00,co,PIIANN,0.4525,0.4636045
2025-02-04 01:00:00,co,PIIANN,0.69,0.66570705
2023-12-08 07:00:00,co,PIIANN,0.6325,0.64326304
2023-05-09 04:00:00,co,PIIANN,0.52,0.50808156
2023-08-11 11:00:00,co,PIIANN,0.5675,0.5494341
2025-05-05 03:00:00,co,PIIANN,0.62,0.5885725
2024-12-08 17:00:00,co,PIIANN,0.7,0.72458375
2023-04-06 07:00:00,co,PIIANN,0.4875,0.5045199
2025-04-08 12:00:00,co,PIIANN,0.62,0.59564346
2025-02-02 09:00:00,co,PIIANN,0.7,0.72178215
2024-02-08 12:00:00,co,PIIANN,0.66,0.6677369
2021-05-03 07:00:00,co,PIIANN,0.555,0.5968151
2023-03-12 08:00:00,co,PIIANN,0.37,0.4513199
2025-01-07 07:00:00,co,PIIANN,0.52,0.66351056
2024-09-01 13:00:00,co,PIIANN,0.48,0.52276367
2023-01-12 05:00:00,co,PIIANN,0.535,0.50304127
2023-03-07 10:00:00,co,PIIANN,0.74666667,0.5937967
2025-12-05 16:00:00,co,PIIANN,0.78,0.7511278
2024-08-06 07:00:00,co,PIIANN,0.55,0.5339238
2022-09-08 15:00:00,co,PIIANN,0.75,0.6498231
2025-01-02 05:00:00,co,PIIANN,0.65,0.6422617
2022-06-11 01:00:00,co,PIIANN,0.46,0.41097713
2024-03-10 03:00:00,co,PIIANN,0.54,0.514502
2025-04-05 06:00:00,co,PIIANN,0.59,0.6053302
2023-09-03 00:00:00,co,PIIANN,0.46,0.37834716
2024-08-10 07:00:00,co,PIIANN,0.68,0.70130587
2022-12-11 17:00:00,co,PIIANN,0.34,0.65508616
2025-10-12 04:00:00,co,PIIANN,0.9599999,1.2736851
2023-06-05 12:00:00,co,PIIANN,0.9925,0.9076308
2025-02-08 02:00:00,co,PIIANN,0.58,0.54559016
2023-01-03 07:00:00,co,PIIANN,1.3125,0.93183005
2021-02-02 23:00:00,co,PIIANN,0.555,0.45121896
2024-12-09 02:00:00,co,PIIANN,0.63,0.6318702
2022-02-07 06:00:00,co,PIIANN,0.20000002,0.31515852
2025-01-09 11:00:00,co,PIIANN,2.5299965e-08,0.20309189
2022-07-12 09:00:00,co,PIIANN,0.67,0.6269489
2025-08-12 10:00:00,co,PIIANN,1.39,1.3177797
2022-02-01 10:00:00,co,PIIANN,0.36,0.3914027
2024-03-12 02:00:00,co,PIIANN,0.68,0.67363787
2023-09-06 09:00:00,co,PIIANN,0.54333335,0.52222204
2021-08-07 01:00:00,co,PIIANN,0.36,0.43599117
2021-06-04 20:00:00,co,PIIANN,0.42,0.4457465
2023-06-04 06:00:00,co,PIIANN,0.4575,0.4525624
2024-02-05 02:00:00,co,PIIANN,0.32,0.31984535
2021-05-02 19:00:00,co,PIIANN,0.555,0.5470915
2023-05-08 23:00:00,co,PIIANN,0.545,0.5580952
2021-05-05 03:00:00,co,PIIANN,0.27,0.2852395
2024-06-04 15:00:00,co,PIIANN,0.22,0.2890099
2025-08-11 01:00:00,co,PIIANN,1.06,0.89079916
2022-09-12 10:00:00,co,PIIANN,0.555,0.37142867
2022-04-08 05:00:00,co,PIIANN,0.555,0.5131369
2021-05-01 21:00:00,co,PIIANN,0.46,0.49276412
2024-08-13 01:00:00,co,PIIANN,0.75877464,0.73753625
2023-08-06 18:00:00,co,PIIANN,0.545,0.51845413
2024-09-02 14:00:00,co,PIIANN,0.22,0.44676057
2023-07-06 21:00:00,co,PIIANN,0.73,0.8381366
2025-08-02 18:00:00,co,PIIANN,0.8,0.72937256
2025-08-03 03:00:00,co,PIIANN,0.8,0.7524999
2023-02-09 11:00:00,co,PIIANN,0.585,0.54240227
2025-11-05 17:00:00,co,PIIANN,0.67,0.6613799
2021-10-02 08:00:00,co,PIIANN,0.555,0.7220476
2021-06-04 17:00:00,co,PIIANN,0.34999996,0.3933218
2023-12-09 03:00:00,co,PIIANN,0.55,0.5379072
2025-03-10 15:00:00,co,PIIANN,0.43,0.5607603
2023-12-12 23:00:00,co,PIIANN,0.9175,0.85056967
2024-08-02 08:00:00,co,PIIANN,0.62,0.6572876
2024-02-09 08:00:00,co,PIIANN,0.76,0.6970803
2021-11-07 11:00:00,co,PIIANN,0.25,0.2926659
2024-06-06 15:00:00,co,PIIANN,0.56,0.77848864
2022-06-10 23:00:00,co,PIIANN,0.32,0.37095433
2023-10-06 16:00:00,co,PIIANN,0.5425,0.49734524
2023-09-06 05:00:00,co,PIIANN,0.4625,0.5172501
2021-02-05 02:00:00,co,PIIANN,0.34,0.26960438
2023-07-05 00:00:00,co,PIIANN,0.9275,0.39496773
2025-03-11 09:00:00,co,PIIANN,0.83,0.7021449
2023-11-05 06:00:00,co,PIIANN,0.9625,0.9390026
2025-03-03 12:00:00,co,PIIANN,0.69,0.6529007
2023-06-08 16:00:00,co,PIIANN,0.485,0.4986825
2025-07-05 17:00:00,co,PIIANN,0.63,0.6625679
2021-08-01 14:00:00,co,PIIANN,0.555,0.4771407
2025-12-06 16:00:00,co,PIIANN,0.68,0.68737
2023-07-09 19:00:00,co,PIIANN,0.5525,0.5767914
2025-05-07 07:00:00,co,PIIANN,0.66,0.6269602
2021-11-06 19:00:00,co,PIIANN,0.56,0.40875238
2022-04-04 13:00:00,co,PIIANN,0.25,0.27823865
2024-08-10 21:00:00,co,PIIANN,0.66,0.631908
2021-05-11 15:00:00,co,PIIANN,0.37999997,0.47359985
2024-02-04 08:00:00,co,PIIANN,0.42,0.42324197
2024-04-08 19:00:00,co,PIIANN,0.73,0.6426106
2024-04-10 12:00:00,co,PIIANN,0.64,0.649894
2024-06-08 19:00:00,co,PIIANN,0.62,0.6430229
2024-03-02 08:00:00,co,PIIANN,0.58,0.5211683
2022-06-05 20:00:00,co,PIIANN,0.62,0.5229162
2022-09-05 03:00:00,co,PIIANN,0.39,0.5157035
2021-03-05 10:00:00,co,PIIANN,0.25,0.21650115
2023-05-10 07:00:00,co,PIIANN,0.57,0.6007299
2023-08-07 05:00:00,co,PIIANN,0.465,0.497387
2025-04-11 23:00:00,co,PIIANN,0.9599999,1.000812
2025-11-02 04:00:00,co,PIIANN,0.69,0.6882042
2021-06-12 13:00:00,co,PIIANN,0.66,0.57970744
2021-03-05 16:00:00,co,PIIANN,0.24000001,0.26809245
2022-02-11 00:00:00,co,PIIANN,0.39,0.40180984
2023-08-03 04:00:00,co,PIIANN,0.4725,0.46263203
2022-02-04 17:00:00,co,PIIANN,0.24000001,0.4786875
2023-10-06 07:00:00,co,PIIANN,0.485,0.5119248
2023-12-05 19:00:00,co,PIIANN,0.7,0.67247885
2023-02-07 15:00:00,co,PIIANN,0.6,0.60914844
2025-10-02 21:00:00,co,PIIANN,0.62,0.72929156
2023-12-08 03:00:00,co,PIIANN,0.495,0.51594585
2021-11-02 15:00:00,co,PIIANN,0.555,0.5458259
2023-02-09 00:00:00,co,PIIANN,0.4625,0.5543881
2024-03-03 21:00:00,co,PIIANN,0.34,0.44082227
2022-02-11 22:00:00,co,PIIANN,0.95,1.0102743
2022-05-07 14:00:00,co,PIIANN,0.39,0.4841242
2021-03-12 21:00:00,co,PIIANN,0.61,0.5097792
2023-12-08 23:00:00,co,PIIANN,0.86,0.8325529
2023-07-04 12:00:00,co,PIIANN,0.4225,0.3512888
2023-11-12 21:00:00,co,PIIANN,0.705,0.5938642
2021-09-12 13:00:00,co,PIIANN,0.24000001,0.2662675
2022-08-05 02:00:00,co,PIIANN,0.3,0.41881263
2024-11-12 03:00:00,co,PIIANN,0.8,0.81372577
2024-11-05 21:00:00,co,PIIANN,0.4,0.38901508
2025-01-09 23:00:00,co,PIIANN,0.64,0.6313335
2024-05-04 06:00:00,co,PIIANN,0.36,0.320641
2022-09-03 23:00:00,co,PIIANN,0.39,0.45258164
2021-12-04 07:00:00,co,PIIANN,0.4,0.41725996
2021-02-03 14:00:00,co,PIIANN,0.555,0.52213496
2023-10-07 12:00:00,co,PIIANN,0.53,0.5857395
2024-08-01 22:00:00,co,PIIANN,0.51,0.563217
2025-03-09 13:00:00,co,PIIANN,0.42,0.5354722
2023-02-13 02:00:00,co,PIIANN,0.52832466,0.58855623
2021-05-02 20:00:00,co,PIIANN,0.555,0.52236944
2021-02-08 14:00:00,co,PIIANN,0.34999996,0.36550233
2025-12-03 22:00:00,co,PIIANN,0.71,0.7828004
2024-10-03 18:00:00,co,PIIANN,0.29,0.40201926
2021-11-02 05:00:00,co,PIIANN,0.555,0.5933514
2025-09-09 06:00:00,co,PIIANN,0.53,0.57081217
2021-12-04 02:00:00,co,PIIANN,0.34,0.37331396
2023-12-05 10:00:00,co,PIIANN,0.71,0.6084801
2023-12-04 17:00:00,co,PIIANN,1.125,0.8783789
2025-12-08 22:00:00,co,PIIANN,0.48,0.6543259
2023-08-01 23:00:00,co,PIIANN,0.49,0.61083597
2023-09-03 07:00:00,co,PIIANN,0.665,0.62478083
2023-07-10 14:00:00,co,PIIANN,0.5325,0.5795135
2025-05-08 03:00:00,co,PIIANN,0.54,0.5532902
2021-04-10 07:00:00,co,PIIANN,0.59,0.49838573
2022-05-10 11:00:00,co,PIIANN,0.85,0.76891917
2024-07-12 11:00:00,co,PIIANN,0.72,0.71564454
2025-02-11 02:00:00,co,PIIANN,0.73,0.7989079
2024-11-04 17:00:00,co,PIIANN,0.24000001,0.3337601
2024-06-05 11:00:00,co,PIIANN,0.40999997,0.43316132
2024-11-08 23:00:00,co,PIIANN,0.68,0.6889827
2024-01-11 23:00:00,co,PIIANN,0.61,0.67160964
2022-03-12 07:00:00,co,PIIANN,0.21000001,1.6838279
2021-08-09 06:00:00,co,PIIANN,0.48,0.40930235
2022-11-07 18:00:00,co,PIIANN,0.19333333,0.29030147
2022-01-11 02:00:00,co,PIIANN,0.34,0.4156994
2021-01-05 13:00:00,co,PIIANN,0.34999996,0.33137223
2024-11-03 20:00:00,co,PIIANN,0.31,0.4176624
2023-08-11 22:00:00,co,PIIANN,0.5225,0.5165766
2024-08-03 16:00:00,co,PIIANN,0.28,0.40329918
2022-02-09 15:00:00,co,PIIANN,0.28,0.49049708
2024-01-11 11:00:00,co,PIIANN,0.69,0.8161878
2024-04-03 07:00:00,co,PIIANN,0.47,0.50488925
2023-12-07 12:00:00,co,PIIANN,0.5575,0.63487536
2024-01-01 14:00:00,co,PIIANN,0.40999997,0.6599301
2022-01-06 19:00:00,co,PIIANN,0.4,0.6286615
2023-03-05 10:00:00,co,PIIANN,1.2133334,0.83213586
2025-03-01 17:00:00,co,PIIANN,0.72,0.75399894
2023-08-07 10:00:00,co,PIIANN,0.58666664,0.5462444
2025-11-11 00:00:00,co,PIIANN,0.86,0.6072891
2021-07-07 18:00:00,co,PIIANN,0.42,0.39277637
2024-10-11 20:00:00,co,PIIANN,0.76,0.69809836
2025-07-09 21:00:00,co,PIIANN,0.56,0.60967886
2021-12-03 18:00:00,co,PIIANN,0.555,0.5573876
2022-02-06 13:00:00,co,PIIANN,0.15,0.87024206
2024-03-05 16:00:00,co,PIIANN,0.59,0.40157765
2024-10-02 07:00:00,co,PIIANN,0.52,0.5310225
2025-06-11 13:00:00,co,PIIANN,0.94,0.92032266
2023-05-02 19:00:00,co,PIIANN,0.365,0.4565763
2022-08-03 19:00:00,co,PIIANN,0.56,0.49530953
2024-08-03 01:00:00,co,PIIANN,0.27,0.37535572
2023-01-13 01:00:00,co,PIIANN,0.5574453,0.54054064
2022-04-04 05:00:00,co,PIIANN,0.37,0.3316866
2024-04-03 05:00:00,co,PIIANN,0.34,0.43499276
2023-01-05 05:00:00,co,PIIANN,0.8975,0.80852866
2022-06-01 13:00:00,co,PIIANN,0.32,0.40745476
2023-02-12 13:00:00,co,PIIANN,0.4925,0.6332566
2024-04-10 14:00:00,co,PIIANN,0.66,0.64539456
2024-09-03 09:00:00,co,PIIANN,0.24000001,0.44482073
2025-03-11 13:00:00,co,PIIANN,0.86,0.8460247
2024-05-10 15:00:00,co,PIIANN,0.94,0.8338683
2023-11-06 17:00:00,co,PIIANN,0.555,0.569727
2024-08-10 16:00:00,co,PIIANN,0.58,0.5747376
2025-01-04 17:00:00,co,PIIANN,0.62,0.5858948
2021-05-11 04:00:00,co,PIIANN,0.44,0.5841191
2021-05-10 06:00:00,co,PIIANN,0.45,0.4168325
2021-12-10 00:00:00,co,PIIANN,0.17000002,0.3910667
2023-03-04 22:00:00,co,PIIANN,0.40499997,0.431128
2023-11-08 07:00:00,co,PIIANN,0.6625,0.64499235
2021-11-10 10:00:00,co,PIIANN,0.6,0.3255893
2024-10-07 23:00:00,co,PIIANN,0.65,0.6811698
2021-08-05 01:00:00,co,PIIANN,0.31,0.26555103
2023-10-04 09:00:00,co,PIIANN,0.8833333,0.78724545
2022-11-05 13:00:00,co,PIIANN,0.26,0.40227586
2023-11-06 06:00:00,co,PIIANN,0.555,0.5468812
2021-04-07 10:00:00,co,PIIANN,0.45,0.45004824
2021-11-09 09:00:00,co,PIIANN,0.37999997,0.35955736
2025-01-10 19:00:00,co,PIIANN,0.59,0.6324471
2023-03-05 12:00:00,co,PIIANN,0.9125,0.9176078
2022-03-08 22:00:00,co,PIIANN,0.555,0.5356713
2022-08-11 08:00:00,co,PIIANN,0.54,0.6147836
2021-06-13 00:00:00,co,PIIANN,0.57886106,0.4861363
2023-09-11 06:00:00,co,PIIANN,0.5625,0.59749526
2025-03-11 10:00:00,co,PIIANN,0.94,0.7419797
2025-07-08 14:00:00,co,PIIANN,0.61,0.56873
2022-09-07 18:00:00,co,PIIANN,0.51,0.3893835
2025-12-01 18:00:00,co,PIIANN,0.78,0.8423588
2023-08-07 18:00:00,co,PIIANN,0.55,0.5508051
2022-05-07 13:00:00,co,PIIANN,0.40999997,0.56562954
2023-02-08 18:00:00,co,PIIANN,0.58,0.5062281
2023-09-04 18:00:00,co,PIIANN,0.835,0.7764631
2022-08-09 04:00:00,co,PIIANN,0.32,0.3082049
2023-04-08 04:00:00,co,PIIANN,0.4525,0.47670305
2023-12-05 02:00:00,co,PIIANN,0.5825,0.6396048
2023-07-08 11:00:00,co,PIIANN,0.4875,0.54903567
2023-05-03 09:00:00,co,PIIANN,0.56,0.60317034
2022-01-09 03:00:00,co,PIIANN,0.36,0.3960166
2025-05-09 11:00:00,co,PIIANN,0.76,0.56152505
2025-04-10 16:00:00,co,PIIANN,0.56,0.48107362
2023-07-09 14:00:00,co,PIIANN,0.4275,0.50064814
2025-04-05 15:00:00,co,PIIANN,0.66,0.64264286
2021-09-11 02:00:00,co,PIIANN,0.69,0.71234715
2021-07-09 20:00:00,co,PIIANN,0.5,0.55208534
2021-02-07 14:00:00,co,PIIANN,0.32,0.36397576
2023-05-04 07:00:00,co,PIIANN,0.4525,0.46309766
2021-03-11 17:00:00,co,PIIANN,0.62,0.6643707
2021-01-10 07:00:00,co,PIIANN,0.94,0.78579026
2024-03-01 09:00:00,co,PIIANN,2.1,0.9506301
2021-01-03 22:00:00,co,PIIANN,0.555,0.5235686
2023-06-11 01:00:00,co,PIIANN,0.31,0.3750313
2021-09-09 15:00:00,co,PIIANN,0.57,0.49060896
2024-01-08 22:00:00,co,PIIANN,0.68,0.69702107
2023-08-02 21:00:00,co,PIIANN,0.415,0.44837323
2021-02-10 19:00:00,co,PIIANN,0.44,0.44933692
2022-02-06 15:00:00,co,PIIANN,0.29,0.415649
2023-12-10 10:00:00,co,PIIANN,0.51,0.38957843
2024-10-11 14:00:00,co,PIIANN,0.68,0.6854826
2022-07-08 16:00:00,co,PIIANN,0.34999996,0.28517434
2024-06-11 22:00:00,co,PIIANN,0.86,0.818431
2022-01-03 09:00:00,co,PIIANN,0.52,0.61244774
2025-02-01 20:00:00,co,PIIANN,0.92,0.7953718
2024-10-10 16:00:00,co,PIIANN,0.62,0.54039717
2023-07-05 06:00:00,co,PIIANN,0.9925,0.8606112
2025-01-05 15:00:00,co,PIIANN,0.52,0.59599704
2021-02-04 16:00:00,co,PIIANN,0.54,0.615183
2025-11-06 03:00:00,co,PIIANN,0.6,0.55119157
2025-04-09 08:00:00,co,PIIANN,0.59,0.48950475
2025-07-11 01:00:00,co,PIIANN,0.62,0.61393255
2025-12-01 10:00:00,co,PIIANN,0.77,0.8275293
2024-06-09 03:00:00,co,PIIANN,0.6,0.55991536
2023-10-08 23:00:00,co,PIIANN,0.705,0.73529315
2022-09-12 22:00:00,co,PIIANN,0.71,0.6712048
2024-01-12 07:00:00,co,PIIANN,0.7,0.61555207
2025-04-01 08:00:00,co,PIIANN,1.01,0.9091675
2025-12-03 08:00:00,co,PIIANN,0.77,0.9136866
2024-11-05 18:00:00,co,PIIANN,0.36,0.36493117
2022-05-05 15:00:00,co,PIIANN,0.5018182,0.5105916
2024-10-06 22:00:00,co,PIIANN,0.555,0.7646973
2025-05-01 22:00:00,co,PIIANN,0.83,0.83219606
2024-09-11 03:00:00,co,PIIANN,0.72,0.7066072
2023-05-09 15:00:00,co,PIIANN,0.5625,0.58096623
2024-03-05 22:00:00,co,PIIANN,0.36,0.42012495
2022-07-10 12:00:00,co,PIIANN,0.48,0.6655416
2021-02-10 16:00:00,co,PIIANN,0.33,0.344094
2024-03-12 00:00:00,co,PIIANN,0.73,0.6078194
2021-12-04 03:00:00,co,PIIANN,0.34,0.36582425
2023-12-08 01:00:00,co,PIIANN,0.5825,0.5946021
2025-08-04 00:00:00,co,PIIANN,0.57,0.6243351
2025-07-10 01:00:00,co,PIIANN,0.84,0.7157017
2021-09-06 06:00:00,co,PIIANN,0.46,0.41910815
2023-11-05 16:00:00,co,PIIANN,1.045,1.0178982
2022-09-05 05:00:00,co,PIIANN,0.42,0.50392485
2022-05-01 17:00:00,co,PIIANN,0.34999996,0.5006368
2022-11-03 12:00:00,co,PIIANN,0.40999997,0.4297926
2024-06-11 10:00:00,co,PIIANN,0.84,0.7556886
2022-02-01 22:00:00,co,PIIANN,0.37999997,0.42866862
2024-07-11 16:00:00,co,PIIANN,0.85,0.79248923
2021-06-10 12:00:00,co,PIIANN,0.46,0.6312276
2021-02-09 22:00:00,co,PIIANN,0.64,0.77568877
2023-01-07 12:00:00,co,PIIANN,0.4575,0.4993259
2024-02-06 04:00:00,co,PIIANN,0.37999997,0.6437684
2025-04-11 12:00:00,co,PIIANN,0.95,0.9269869
2023-05-06 05:00:00,co,PIIANN,0.59,0.53721535
2023-02-10 15:00:00,co,PIIANN,0.415,0.42702815
2023-12-04 01:00:00,co,PIIANN,0.9125,0.7743433
2021-11-05 15:00:00,co,PIIANN,0.26,0.30713972
2022-05-09 06:00:00,co,PIIANN,0.27,0.3216043
2025-04-02 22:00:00,co,PIIANN,0.68,0.68833166
2025-06-11 20:00:00,co,PIIANN,1.11,0.7207812
2025-04-12 21:00:00,co,PIIANN,1.38,1.4153801
2022-03-01 16:00:00,co,PIIANN,0.47,0.5173272
2025-10-02 18:00:00,co,PIIANN,0.73,0.72438186
2024-05-01 12:00:00,co,PIIANN,0.68,0.72975767
2022-03-03 19:00:00,co,PIIANN,0.46,0.43915954
2024-03-06 15:00:00,co,PIIANN,0.55,0.50061566
2023-05-10 11:00:00,co,PIIANN,0.6425,0.5851692
2023-03-03 19:00:00,co,PIIANN,0.5425,0.53606844
2024-02-12 13:00:00,co,PIIANN,0.77,0.7465532
2025-02-06 01:00:00,co,PIIANN,0.62,0.40734345
2023-01-07 18:00:00,co,PIIANN,0.55,0.5561827
2024-07-09 23:00:00,co,PIIANN,0.71,0.7073492
2024-09-06 19:00:00,co,PIIANN,0.57,0.6797833
2022-07-07 12:00:00,co,PIIANN,0.070000015,0.8186294
2023-06-07 15:00:00,co,PIIANN,0.59,0.5300842
2024-07-05 14:00:00,co,PIIANN,0.39,0.4009511
2025-09-06 18:00:00,co,PIIANN,0.64,0.5474691
2025-04-03 11:00:00,co,PIIANN,0.78,0.6700309
2022-06-09 00:00:00,co,PIIANN,0.22,0.24015644
2024-08-03 03:00:00,co,PIIANN,0.37999997,0.4018113
2021-02-11 11:00:00,co,PIIANN,0.64,0.8145881
2023-08-07 13:00:00,co,PIIANN,0.4475,0.5171572
2021-02-01 23:00:00,co,PIIANN,0.555,1.1236025
2022-09-05 16:00:00,co,PIIANN,0.71,0.3338669
2023-10-01 15:00:00,co,PIIANN,0.3525,0.4690575
2025-07-07 14:00:00,co,PIIANN,0.6,0.54408664
2024-04-11 21:00:00,co,PIIANN,0.64,0.6178242
2025-04-10 12:00:00,co,PIIANN,0.40999997,0.563785
2021-11-12 23:00:00,co,PIIANN,0.44,0.48594636
2021-12-11 17:00:00,co,PIIANN,0.66,0.6975128
2023-02-05 13:00:00,co,PIIANN,0.8075,0.7262575
2025-08-12 21:00:00,co,PIIANN,1.07,1.0842353
2022-12-06 16:00:00,co,PIIANN,0.94,0.64460176
2021-09-07 02:00:00,co,PIIANN,0.34,0.37505436
2025-06-10 00:00:00,co,PIIANN,0.61,0.4810323
2025-01-05 02:00:00,co,PIIANN,0.62,0.5660846
2023-08-07 16:00:00,co,PIIANN,0.4325,0.48394844
2022-05-10 19:00:00,co,PIIANN,1.21,0.95702523
2022-07-06 22:00:00,co,PIIANN,0.555,0.4630404
2022-06-06 06:00:00,co,PIIANN,1.29,1.1533055
2023-12-08 18:00:00,co,PIIANN,0.5275,0.6369957
2025-03-06 01:00:00,co,PIIANN,0.58,0.4427852
2023-05-03 08:00:00,co,PIIANN,0.64,0.62040544
2024-03-07 19:00:00,co,PIIANN,0.7,0.6748009
2022-09-04 00:00:00,co,PIIANN,0.3623077,0.40600684
2022-05-10 13:00:00,co,PIIANN,0.74,0.7795849
2023-09-10 03:00:00,co,PIIANN,0.4275,0.41014814
2025-05-07 13:00:00,co,PIIANN,0.7,0.59909856
2021-07-05 16:00:00,co,PIIANN,0.27,0.26721832
2023-07-08 19:00:00,co,PIIANN,0.56,0.59329736
2025-12-11 04:00:00,co,PIIANN,0.78,0.68571717
2022-03-03 03:00:00,co,PIIANN,0.3,0.33608112
2021-10-03 07:00:00,co,PIIANN,0.555,0.60545367
2023-05-11 02:00:00,co,PIIANN,0.4975,0.54132307
2021-10-08 10:00:00,co,PIIANN,0.39,0.42842305
2021-10-02 13:00:00,co,PIIANN,0.555,0.5455637
2023-07-03 20:00:00,co,PIIANN,0.5375,0.4955828
2023-01-09 04:00:00,co,PIIANN,0.5225,0.46613285
2023-12-06 13:00:00,co,PIIANN,0.4475,0.4770478
2023-12-09 12:00:00,co,PIIANN,0.4575,0.4909732
2023-06-11 08:00:00,co,PIIANN,0.5125,0.47634998
2022-07-05 13:00:00,co,PIIANN,0.31,0.3907658
2021-09-07 05:00:00,co,PIIANN,0.31,0.36007038
2025-11-07 18:00:00,co,PIIANN,0.66,0.5156192
2024-05-04 13:00:00,co,PIIANN,3.22,0.36409876
2023-08-03 18:00:00,co,PIIANN,0.555,0.47800612
2021-05-04 05:00:00,co,PIIANN,0.33,0.29561818
2025-06-09 07:00:00,co,PIIANN,0.3,0.48463446
2021-07-04 12:00:00,co,PIIANN,0.37999997,0.40309116
2024-02-12 04:00:00,co,PIIANN,0.73,0.70291895
2024-05-01 13:00:00,co,PIIANN,0.62,0.68673176
2024-11-09 18:00:00,co,PIIANN,0.69,0.66020536
2021-03-03 07:00:00,co,PIIANN,0.555,0.58877975
2023-10-05 22:00:00,co,PIIANN,0.94,0.92392087
2023-03-09 22:00:00,co,PIIANN,0.59,0.61696595
2025-07-10 14:00:00,co,PIIANN,0.52,0.65248024
2021-09-04 09:00:00,co,PIIANN,0.37,0.50808936
2025-05-07 10:00:00,co,PIIANN,0.7,0.5255979
2023-07-09 01:00:00,co,PIIANN,0.55,0.51443607
2021-01-11 21:00:00,co,PIIANN,0.84,0.8499857
2021-06-05 17:00:00,co,PIIANN,0.28,0.32115975
2022-11-09 02:00:00,co,PIIANN,0.4,0.28881425
2025-09-07 08:00:00,co,PIIANN,0.69,0.61030495
2023-04-10 15:00:00,co,PIIANN,0.5675,0.58636457
2025-12-05 14:00:00,co,PIIANN,0.94,0.7046536
2025-02-11 12:00:00,co,PIIANN,0.67,0.7022804
2021-08-12 19:00:00,co,PIIANN,0.45,0.4941474
2021-08-12 10:00:00,co,PIIANN,0.44,0.52486783
2022-04-02 21:00:00,co,PIIANN,0.37999997,0.45963654
2023-06-07 23:00:00,co,PIIANN,0.58,0.58297116
2024-12-09 03:00:00,co,PIIANN,0.62,0.618305
2022-06-11 23:00:00,co,PIIANN,1.47,1.0539011
2024-01-03 08:00:00,co,PIIANN,0.43,0.5577105
2025-11-08 19:00:00,co,PIIANN,0.57,0.63009423
2022-04-06 23:00:00,co,PIIANN,0.029999997,0.49812827
2021-05-12 00:00:00,co,PIIANN,0.66,0.38817415
2023-02-10 17:00:00,co,PIIANN,0.4675,0.4603017
2022-12-08 02:00:00,co,PIIANN,0.22,0.3208339
2022-12-03 22:00:00,co,PIIANN,0.62,0.5588765
2023-02-04 21:00:00,co,PIIANN,0.40499997,0.41404438
2025-04-02 21:00:00,co,PIIANN,0.7,0.71979815
2024-07-02 04:00:00,co,PIIANN,2.05,0.60933
2025-12-10 07:00:00,co,PIIANN,0.53,0.68551517
2023-10-04 14:00:00,co,PIIANN,0.8125,0.7280697
2025-09-09 17:00:00,co,PIIANN,0.5,0.5199981
2024-04-05 06:00:00,co,PIIANN,0.32,0.33191445
2022-07-09 09:00:00,co,PIIANN,0.46,0.4119821
2022-07-01 16:00:00,co,PIIANN,0.40999997,0.35332757
2022-11-03 15:00:00,co,PIIANN,0.42,0.44907233
2023-02-01 17:00:00,co,PIIANN,0.25,0.38631147
2021-02-08 00:00:00,co,PIIANN,0.4,0.400486
2024-10-11 17:00:00,co,PIIANN,0.71,0.68508667
2022-09-12 23:00:00,co,PIIANN,0.8,0.75479966
2024-04-05 07:00:00,co,PIIANN,0.34,0.37882277
2022-02-03 08:00:00,co,PIIANN,0.78,0.7617913
2022-04-08 14:00:00,co,PIIANN,0.555,0.56078655
2021-02-05 03:00:00,co,PIIANN,0.32,0.32391348
2021-02-12 03:00:00,co,PIIANN,0.29,0.25517398
2023-10-03 15:00:00,co,PIIANN,0.51,0.5609373
2023-09-06 22:00:00,co,PIIANN,0.615,0.65372264
2021-02-12 05:00:00,co,PIIANN,0.16,0.24232993
2023-08-03 02:00:00,co,PIIANN,0.46,0.42641026
2021-10-09 20:00:00,co,PIIANN,0.46,0.52303624
2023-05-06 04:00:00,co,PIIANN,0.505,0.52290416
2021-06-10 06:00:00,co,PIIANN,1.04,0.7246967
2025-01-02 00:00:00,co,PIIANN,0.62,0.8412067
2023-05-09 01:00:00,co,PIIANN,0.585,0.51718926
2022-11-11 16:00:00,co,PIIANN,0.37,0.5115108
2025-12-06 14:00:00,co,PIIANN,0.69,0.7674784
2025-02-06 19:00:00,co,PIIANN,0.64,0.60524803
2024-07-12 14:00:00,co,PIIANN,0.62,0.6401283
2023-06-09 03:00:00,co,PIIANN,0.5,0.5114153
2025-07-02 08:00:00,co,PIIANN,1.08,0.9938999
2023-03-12 23:00:00,co,PIIANN,0.3725,0.4225441
2024-04-07 19:00:00,co,PIIANN,0.67142856,0.6797204
2025-09-11 02:00:00,co,PIIANN,0.93,0.87708116
2025-08-02 09:00:00,co,PIIANN,1.02,0.88105625
2023-09-10 14:00:00,co,PIIANN,0.44,0.48892766
2024-05-10 06:00:00,co,PIIANN,0.65,0.5982106
2021-01-11 01:00:00,co,PIIANN,0.36,0.33322638
2024-02-08 21:00:00,co,PIIANN,0.77,0.8263595
2025-12-05 07:00:00,co,PIIANN,0.73,0.7737227
2021-12-11 13:00:00,co,PIIANN,0.75,0.7105436
2022-01-09 22:00:00,co,PIIANN,0.49,0.8587231
2023-03-09 16:00:00,co,PIIANN,0.51,0.5466632
2024-12-09 11:00:00,co,PIIANN,0.56,0.5464148
2023-03-05 14:00:00,co,PIIANN,0.8575,0.8141516
2023-09-03 20:00:00,co,PIIANN,0.4875,0.51358616
2021-04-09 08:00:00,co,PIIANN,0.55,0.48886344
2023-12-04 13:00:00,co,PIIANN,0.8825,0.77522767
2021-08-05 20:00:00,co,PIIANN,0.37999997,0.39693478
2021-06-12 14:00:00,co,PIIANN,0.57,0.66412306
2022-07-08 08:00:00,co,PIIANN,0.36,0.2929116
2024-05-07 02:00:00,co,PIIANN,0.3184,0.33023947
2025-05-10 11:00:00,co,PIIANN,0.75,0.6036354
2022-08-03 01:00:00,co,PIIANN,0.34,0.37897518
2022-07-02 13:00:00,co,PIIANN,0.36,0.4104695
2024-10-06 14:00:00,co,PIIANN,1.47,0.99403286
2021-09-05 21:00:00,co,PIIANN,0.26,0.33063188
2023-08-08 22:00:00,co,PIIANN,0.625,0.6382732
2023-10-08 01:00:00,co,PIIANN,0.5025,0.5445983
2024-03-06 17:00:00,co,PIIANN,0.49,0.5679085
2023-12-06 22:00:00,co,PIIANN,0.5775,0.62034184
2023-06-09 15:00:00,co,PIIANN,0.3975,0.46348947
2025-02-04 15:00:00,co,PIIANN,0.66,0.6022625
2022-04-08 04:00:00,co,PIIANN,0.555,0.48361307
2023-03-11 15:00:00,co,PIIANN,0.495,0.5406373
2023-06-11 21:00:00,co,PIIANN,0.45,0.4200324
2025-02-05 22:00:00,co,PIIANN,0.62,0.67218965
2021-01-02 15:00:00,co,PIIANN,0.555,0.54238635
2025-03-07 19:00:00,co,PIIANN,0.61,0.58827555
2022-11-01 16:00:00,co,PIIANN,0.34,0.32010826
2023-02-11 18:00:00,co,PIIANN,0.4125,0.43991432
2024-05-09 08:00:00,co,PIIANN,0.71,0.74324065
2021-02-12 22:00:00,co,PIIANN,0.24000001,0.25718153
2022-02-09 03:00:00,co,PIIANN,0.37999997,0.36312506
2021-06-02 12:00:00,co,PIIANN,0.555,0.585838
2023-09-09 12:00:00,co,PIIANN,0.47,0.5019877
2023-05-11 14:00:00,co,PIIANN,0.3975,0.45126587
2021-05-11 20:00:00,co,PIIANN,0.79,0.66087276
2025-12-07 03:00:00,co,PIIANN,0.57,0.6094336
2024-07-02 09:00:00,co,PIIANN,0.61,1.1680088
2025-06-08 08:00:00,co,PIIANN,0.47,0.64605194
2023-07-05 10:00:00,co,PIIANN,1.0633334,0.85645515
2022-02-03 05:00:00,co,PIIANN,0.55,0.47120035
2024-10-02 10:00:00,co,PIIANN,0.7,0.560126
2024-07-08 20:00:00,co,PIIANN,0.98,0.8394053
2021-07-08 15:00:00,co,PIIANN,0.4,0.3564117
2025-10-11 01:00:00,co,PIIANN,0.76,0.9482863
2022-05-04 01:00:00,co,PIIANN,0.26,0.24977624
2023-04-06 04:00:00,co,PIIANN,0.49,0.51954025
2023-12-05 18:00:00,co,PIIANN,0.68,0.6403713
2025-09-11 23:00:00,co,PIIANN,0.92,0.97425306
2023-02-07 23:00:00,co,PIIANN,0.6075,0.6232529
2025-03-08 05:00:00,co,PIIANN,0.66,0.58370054
2022-06-11 04:00:00,co,PIIANN,0.37999997,0.52949464
2024-10-05 05:00:00,co,PIIANN,0.33,0.32943544
2024-08-05 17:00:00,co,PIIANN,0.32,0.4402874
2024-12-09 05:00:00,co,PIIANN,0.57,0.6052006
2023-01-04 23:00:00,co,PIIANN,0.37749997,0.43543348
2024-08-11 02:00:00,co,PIIANN,0.82,0.7589121
2021-11-02 11:00:00,co,PIIANN,0.555,0.5475582
2023-07-06 06:00:00,co,PIIANN,0.58,0.56017566
2024-03-04 06:00:00,co,PIIANN,0.46,0.31603697
2024-11-12 15:00:00,co,PIIANN,0.9,0.90955395
2021-08-04 18:00:00,co,PIIANN,0.47,0.47921282
2024-03-12 12:00:00,co,PIIANN,0.72,0.7080128
2022-11-10 16:00:00,co,PIIANN,0.29,0.3709231
2025-08-07 12:00:00,co,PIIANN,0.56,0.5079901
2022-08-03 21:00:00,co,PIIANN,0.59,0.59890604
2021-06-04 22:00:00,co,PIIANN,0.37,0.3965671
2025-11-07 11:00:00,co,PIIANN,0.47,0.5463406
2023-11-13 00:00:00,co,PIIANN,0.7424596,0.65067697
2025-03-02 08:00:00,co,PIIANN,0.76,0.7281993
2025-07-09 14:00:00,co,PIIANN,0.5,0.579119
2024-02-01 16:00:00,co,PIIANN,0.51,0.51555663
2022-01-04 19:00:00,co,PIIANN,0.37999997,0.35252777
2024-08-06 19:00:00,co,PIIANN,0.7,0.75777805
2021-07-06 02:00:00,co,PIIANN,0.25333333,0.23894879
2024-01-05 09:00:00,co,PIIANN,0.36,0.32314408
2024-04-05 22:00:00,co,PIIANN,0.46,0.5166978
2024-06-07 14:00:00,co,PIIANN,0.66,0.58089507
2021-09-06 09:00:00,co,PIIANN,0.37,0.39936545
2023-08-09 22:00:00,co,PIIANN,0.495,0.537365
2022-01-10 23:00:00,co,PIIANN,0.68,0.5365004
2023-01-09 06:00:00,co,PIIANN,0.5475,0.5778549
2022-01-03 16:00:00,co,PIIANN,0.385,0.47678372
2023-07-05 22:00:00,co,PIIANN,0.98,0.9352294
2023-07-04 19:00:00,co,PIIANN,0.40749997,0.39209923
2022-11-07 20:00:00,co,PIIANN,0.555,0.51870936
2024-05-05 19:00:00,co,PIIANN,0.39,0.42022172
2024-02-06 07:00:00,co,PIIANN,0.76,0.5554552
2022-04-11 19:00:00,co,PIIANN,0.82,0.7701627
2025-08-13 01:00:00,co,PIIANN,0.9890372,1.0416147
2025-06-10 22:00:00,co,PIIANN,0.65,0.64126796
2023-03-12 10:00:00,co,PIIANN,0.5366667,0.41891536
2025-04-09 07:00:00,co,PIIANN,0.37,0.5211368
2024-02-02 00:00:00,co,PIIANN,0.5,0.5291144
2021-03-11 05:00:00,co,PIIANN,0.48,0.55053914
2025-02-10 22:00:00,co,PIIANN,0.55,0.5784325
2025-05-01 18:00:00,co,PIIANN,0.74,0.7385455
2023-10-11 15:00:00,co,PIIANN,0.57,0.6421729
2022-04-08 22:00:00,co,PIIANN,0.555,0.548738
2022-02-12 22:00:00,co,PIIANN,1.62,1.5569702
2021-05-07 08:00:00,co,PIIANN,0.56,0.34983352
2022-09-11 14:00:00,co,PIIANN,0.33,0.38158792
2022-02-11 10:00:00,co,PIIANN,0.65,0.46727848
2022-05-03 07:00:00,co,PIIANN,0.55,0.5413022
2023-11-01 19:00:00,co,PIIANN,0.415,0.5411294
2023-12-03 21:00:00,co,PIIANN,0.56,0.5691329
2025-06-03 18:00:00,co,PIIANN,0.78,0.64263463
2023-08-08 06:00:00,co,PIIANN,0.5425,0.53221095
2021-11-07 20:00:00,co,PIIANN,0.40999997,0.43750882
2022-08-11 04:00:00,co,PIIANN,0.53,0.4887081
2021-12-10 10:00:00,co,PIIANN,0.6,0.4031081
2022-08-02 05:00:00,co,PIIANN,0.49,0.45344976
2025-01-12 05:00:00,co,PIIANN,0.68,0.80659944
2023-02-06 13:00:00,co,PIIANN,0.5525,0.55284053
2022-12-07 16:00:00,co,PIIANN,0.72,0.54491633
2025-10-05 14:00:00,co,PIIANN,0.71,0.66655403
2023-10-10 19:00:00,co,PIIANN,0.475,0.5434194
2025-08-04 05:00:00,co,PIIANN,0.63,0.6393492
2025-07-03 17:00:00,co,PIIANN,0.82,0.7585609
2023-06-11 11:00:00,co,PIIANN,0.5625,0.4910055
2021-12-06 04:00:00,co,PIIANN,0.4,0.36926934
2022-08-12 03:00:00,co,PIIANN,0.51,0.5731346
2022-06-07 14:00:00,co,PIIANN,0.04999998,0.29517338
2024-11-06 20:00:00,co,PIIANN,0.15,0.6670247
2024-03-05 05:00:00,co,PIIANN,0.42,0.39714852
2022-04-05 08:00:00,co,PIIANN,0.555,0.57898283
2022-01-10 16:00:00,co,PIIANN,0.48,0.47087744
2024-08-10 11:00:00,co,PIIANN,0.7,0.63487417
2021-01-02 19:00:00,co,PIIANN,3.53,0.56210136
2024-02-02 13:00:00,co,PIIANN,0.13,0.44000974
2025-09-09 08:00:00,co,PIIANN,0.57,0.50913185
2025-08-06 13:00:00,co,PIIANN,0.72,0.61426747
2022-09-09 10:00:00,co,PIIANN,0.54,0.6332411
2022-08-08 21:00:00,co,PIIANN,0.76,0.6989719
2024-07-01 18:00:00,co,PIIANN,0.52,0.6112808
2024-11-09 11:00:00,co,PIIANN,0.6,0.63558984
2022-06-12 15:00:00,co,PIIANN,0.53,0.5069601
2021-07-05 11:00:00,co,PIIANN,0.29,0.27160162
2024-03-08 02:00:00,co,PIIANN,0.64,0.686457
2022-12-12 12:00:00,co,PIIANN,1.17,0.4748244
2023-12-11 06:00:00,co,PIIANN,0.705,0.69370526
2022-08-12 17:00:00,co,PIIANN,0.52,0.53719306
2025-05-03 22:00:00,co,PIIANN,0.7,0.7674825
2023-03-02 11:00:00,co,PIIANN,0.3375,0.4993702
2022-03-11 23:00:00,co,PIIANN,0.31,0.51310194
2024-08-03 09:00:00,co,PIIANN,0.40999997,0.47600275
2022-10-12 11:00:00,co,PIIANN,0.6,0.8837786
2022-07-12 00:00:00,co,PIIANN,0.57,0.56833255
2024-04-10 20:00:00,co,PIIANN,0.73,0.7293261
2023-11-06 19:00:00,co,PIIANN,0.555,0.6259797
2022-03-02 16:00:00,co,PIIANN,0.29,0.36839512
2023-04-10 18:00:00,co,PIIANN,0.57,0.5802724
2025-12-10 08:00:00,co,PIIANN,0.63,0.6491751
2022-05-09 15:00:00,co,PIIANN,0.26,0.3753857
2025-07-06 11:00:00,co,PIIANN,0.61,0.6562609
2021-09-09 22:00:00,co,PIIANN,0.4,0.44966266
2021-05-02 18:00:00,co,PIIANN,0.555,0.56210834
2025-11-07 03:00:00,co,PIIANN,0.56,0.6171514
2025-04-04 10:00:00,co,PIIANN,0.76,0.7122438
2023-04-07 14:00:00,co,PIIANN,0.395,0.44226137
2024-03-04 03:00:00,co,PIIANN,0.4,0.31881207
2023-03-08 21:00:00,co,PIIANN,0.5825,0.55631155
2021-12-11 11:00:00,co,PIIANN,1.06,1.1600767
2023-11-10 09:00:00,co,PIIANN,0.45666668,0.43068674
2025-06-05 12:00:00,co,PIIANN,0.68,0.5995002
2025-10-03 10:00:00,co,PIIANN,0.6,0.5918288
2024-04-06 22:00:00,co,PIIANN,0.66,0.31678444
2022-10-10 23:00:00,co,PIIANN,0.3,0.44170588
2022-11-07 09:00:00,co,PIIANN,0.33,0.36868566
2023-02-09 05:00:00,co,PIIANN,0.4775,0.48552918
2021-12-10 04:00:00,co,PIIANN,0.12,0.3312218
2023-10-01 10:00:00,co,PIIANN,0.55333334,0.5817234
2025-12-09 11:00:00,co,PIIANN,0.5,0.54923993
2025-10-06 05:00:00,co,PIIANN,0.76,0.60041195
2025-10-08 19:00:00,co,PIIANN,0.54,0.58196217
2023-02-02 04:00:00,co,PIIANN,0.3175,0.40615287
2024-07-11 09:00:00,co,PIIANN,0.86,0.7838491
2023-12-12 18:00:00,co,PIIANN,0.605,0.6498442
2023-03-06 13:00:00,co,PIIANN,0.545,0.55780905
2023-01-06 08:00:00,co,PIIANN,0.665,0.6225058
2022-01-04 12:00:00,co,PIIANN,0.3,0.32283685
2025-05-11 23:00:00,co,PIIANN,0.92,0.913657
2023-08-10 11:00:00,co,PIIANN,0.4625,0.53350604
2022-09-08 11:00:00,co,PIIANN,0.49,0.46781504
2023-09-03 09:00:00,co,PIIANN,0.5366667,0.5632022
2024-03-01 16:00:00,co,PIIANN,0.555,0.76774985
2025-03-09 12:00:00,co,PIIANN,0.43,0.5627945
2025-11-07 15:00:00,co,PIIANN,0.75,0.59207886
2022-09-07 02:00:00,co,PIIANN,0.79,0.513675
2023-01-12 14:00:00,co,PIIANN,0.4825,0.53665584
2023-05-08 08:00:00,co,PIIANN,0.5125,0.56679374
2025-12-08 10:00:00,co,PIIANN,0.62,0.62026393
2021-02-10 11:00:00,co,PIIANN,0.34999996,0.3539314
2025-11-04 18:00:00,co,PIIANN,0.7,0.66027457
2024-02-05 06:00:00,co,PIIANN,0.33,0.3484243
2022-04-09 13:00:00,co,PIIANN,0.26,0.33053067
2021-01-03 03:00:00,co,PIIANN,0.555,0.54452145
2021-03-06 01:00:00,co,PIIANN,0.22800002,0.18979713
2022-05-10 08:00:00,co,PIIANN,0.59,0.49616867
2023-01-02 08:00:00,co,PIIANN,0.685,0.63453674
2023-11-11 09:00:00,co,PIIANN,0.56,0.6995917
2022-09-03 22:00:00,co,PIIANN,0.44,0.5028372
2024-09-05 12:00:00,co,PIIANN,0.33,0.33824205
2025-12-06 04:00:00,co,PIIANN,0.59,0.62527865
2022-12-02 00:00:00,co,PIIANN,0.24720001,0.33636183
2022-06-11 22:00:00,co,PIIANN,1.31,0.7818011
2023-07-02 16:00:00,co,PIIANN,0.465,0.5023359
2021-08-11 23:00:00,co,PIIANN,0.8,0.9763186
2025-11-11 21:00:00,co,PIIANN,1.0,0.8890095
2024-10-03 12:00:00,co,PIIANN,0.3,0.5405564
2022-12-06 17:00:00,co,PIIANN,0.42,0.80268794
2022-09-04 03:00:00,co,PIIANN,0.555,0.3458394
2023-06-01 08:00:00,co,PIIANN,0.4325,0.35380265
2025-06-10 17:00:00,co,PIIANN,0.53,0.5359013
2022-02-10 13:00:00,co,PIIANN,0.26,0.39674687
2024-09-12 18:00:00,co,PIIANN,0.82,0.7783022
2025-09-05 16:00:00,co,PIIANN,0.69,0.67493373
2024-02-09 03:00:00,co,PIIANN,0.7,0.6425608
2025-10-12 15:00:00,co,PIIANN,0.73,0.92760074
2024-11-08 11:00:00,co,PIIANN,0.65,0.5946497
2024-10-07 05:00:00,co,PIIANN,0.66,0.64414823
2022-08-04 08:00:00,co,PIIANN,0.34,0.42261052
2025-09-12 18:00:00,co,PIIANN,1.07,0.82293063
2021-05-02 03:00:00,co,PIIANN,0.555,1.0268131
2025-03-05 03:00:00,co,PIIANN,0.6,0.55782646
2022-10-10 18:00:00,co,PIIANN,0.55,1.1926696
2022-12-07 13:00:00,co,PIIANN,0.62,0.41089365
2024-10-07 13:00:00,co,PIIANN,0.64,0.5996056
2023-01-02 00:00:00,co,PIIANN,0.605,0.62950295
2021-01-07 10:00:00,co,PIIANN,0.39,0.3623698
2024-01-07 16:00:00,co,PIIANN,0.62,0.6689808
2022-08-06 18:00:00,co,PIIANN,0.24000001,0.3155089
2022-01-07 08:00:00,co,PIIANN,0.25,0.3458914
2021-10-04 03:00:00,co,PIIANN,0.36,0.38440058
2022-03-12 11:00:00,co,PIIANN,0.45,0.5188975
2025-06-04 04:00:00,co,PIIANN,0.71,0.7315191
2022-11-08 17:00:00,co,PIIANN,0.070000015,0.2648181
2023-01-06 07:00:00,co,PIIANN,0.5725,0.63939637
2023-04-10 19:00:00,co,PIIANN,0.5875,0.58805877
2025-12-10 10:00:00,co,PIIANN,0.64,0.6716945
2025-08-07 14:00:00,co,PIIANN,0.61,0.51746523
2025-03-04 19:00:00,co,PIIANN,0.86,0.7217525
2024-05-02 20:00:00,co,PIIANN,0.42,0.68039703
2024-04-04 15:00:00,co,PIIANN,0.25,0.3615038
2023-06-04 15:00:00,co,PIIANN,0.4725,0.42596555
2022-06-10 16:00:00,co,PIIANN,0.29,0.33996812
2023-09-03 14:00:00,co,PIIANN,0.3375,0.4382711
2021-04-10 14:00:00,co,PIIANN,0.33,0.3559359
2024-11-03 00:00:00,co,PIIANN,0.34999996,0.5120275
2023-06-05 07:00:00,co,PIIANN,0.975,0.8708428
2025-04-11 05:00:00,co,PIIANN,0.85,0.8234538
2024-09-02 23:00:00,co,PIIANN,0.4,0.44165668
2024-06-01 19:00:00,co,PIIANN,0.55,0.5365768
2025-04-09 04:00:00,co,PIIANN,0.52,0.6767256
2022-09-11 06:00:00,co,PIIANN,0.54,0.53295475
2025-08-12 00:00:00,co,PIIANN,2.06,0.93650275
2022-05-12 16:00:00,co,PIIANN,0.6333333,0.69893986
2021-01-05 07:00:00,co,PIIANN,0.40999997,0.3884407
2021-07-01 12:00:00,co,PIIANN,0.555,0.56270504
2021-07-10 22:00:00,co,PIIANN,0.57,0.5538157
2022-09-03 11:00:00,co,PIIANN,0.49,0.5875826
2022-03-12 02:00:00,co,PIIANN,2.62,2.5523858
2024-12-07 04:00:00,co,PIIANN,0.68,0.6691859
2023-10-06 08:00:00,co,PIIANN,0.4875,0.5132878
2025-02-04 11:00:00,co,PIIANN,0.71,0.71024835
2021-07-11 11:00:00,co,PIIANN,0.86,0.72396564
2025-05-02 03:00:00,co,PIIANN,0.72,0.5666299
2023-09-07 21:00:00,co,PIIANN,0.505,0.5669682
2025-02-09 17:00:00,co,PIIANN,0.6,0.5293866
2023-08-02 14:00:00,co,PIIANN,0.32,0.48669028
2022-02-07 20:00:00,co,PIIANN,0.72,0.42281103
2025-03-07 11:00:00,co,PIIANN,0.71,0.6710596
2024-03-09 03:00:00,co,PIIANN,0.64,0.6369331
2022-08-06 03:00:00,co,PIIANN,1.22,1.174591
2023-02-11 21:00:00,co,PIIANN,0.4525,0.45587948
2021-02-03 04:00:00,co,PIIANN,0.555,0.53729093
2022-06-09 23:00:00,co,PIIANN,0.23000002,0.28118825
2022-09-08 23:00:00,co,PIIANN,0.070000015,0.22610754
2024-11-10 17:00:00,co,PIIANN,0.61,0.57530546
2022-10-07 07:00:00,co,PIIANN,0.75,0.6458282
2021-09-03 23:00:00,co,PIIANN,0.555,0.5158376
2024-12-09 10:00:00,co,PIIANN,0.6,0.5561129
2024-05-06 01:00:00,co,PIIANN,0.67,0.57889086
2022-08-08 18:00:00,co,PIIANN,0.46,0.40646732
2023-05-03 01:00:00,co,PIIANN,0.4725,0.42787766
2021-11-10 04:00:00,co,PIIANN,0.15,0.18384805
2025-07-02 04:00:00,co,PIIANN,0.87,0.60478485
2024-03-08 05:00:00,co,PIIANN,0.63,0.65583265
2021-01-04 13:00:00,co,PIIANN,0.5,0.4925191
2023-03-11 13:00:00,co,PIIANN,0.63,0.53404963
2025-06-11 15:00:00,co,PIIANN,0.61,0.78631616
2025-11-02 05:00:00,co,PIIANN,0.54,0.6757028
2023-04-06 16:00:00,co,PIIANN,0.47,0.47878253
2023-10-01 22:00:00,co,PIIANN,0.875,0.6530613
2021-11-02 03:00:00,co,PIIANN,0.555,0.6976564
2024-02-04 22:00:00,co,PIIANN,0.31,0.38771093
2024-05-05 00:00:00,co,PIIANN,0.46,0.3108461
2023-12-02 21:00:00,co,PIIANN,0.5525,0.57815593
2024-06-06 04:00:00,co,PIIANN,0.19,0.23115224
2023-12-01 20:00:00,co,PIIANN,0.89,1.0548784
2025-10-04 17:00:00,co,PIIANN,0.67,0.6205504
2022-09-08 19:00:00,co,PIIANN,0.33,0.36802277
2021-09-09 11:00:00,co,PIIANN,0.33,0.34900105
2022-06-11 16:00:00,co,PIIANN,0.18,0.29912782
2021-01-10 10:00:00,co,PIIANN,0.52,0.483578
2024-01-07 18:00:00,co,PIIANN,0.66,0.6465443
2021-06-11 05:00:00,co,PIIANN,0.37999997,0.38440996
2024-08-04 13:00:00,co,PIIANN,0.3,0.37746343
2025-09-05 20:00:00,co,PIIANN,0.76,0.6790265
2022-01-04 11:00:00,co,PIIANN,0.31,0.34590083
2021-12-06 22:00:00,co,PIIANN,0.34999996,0.3998941
2023-10-08 00:00:00,co,PIIANN,0.4975,0.4947704
2023-04-04 16:00:00,co,PIIANN,1.4275,0.35091537
2023-03-04 04:00:00,co,PIIANN,0.395,0.37376794
2022-05-12 09:00:00,co,PIIANN,0.2675,0.5842819
2025-05-11 05:00:00,co,PIIANN,1.28,1.1280715
2022-07-09 17:00:00,co,PIIANN,0.34999996,0.39177758
2022-04-10 16:00:00,co,PIIANN,0.42,0.39585853
2023-10-12 22:00:00,co,PIIANN,0.845,0.7687277
2021-06-03 06:00:00,co,PIIANN,0.555,0.58583534
2021-05-02 14:00:00,co,PIIANN,0.555,0.55169946
2024-07-02 12:00:00,co,PIIANN,0.66,0.8684233
2021-02-12 02:00:00,co,PIIANN,0.24000001,0.2819432
2023-03-10 05:00:00,co,PIIANN,0.4675,0.4652681
2023-06-11 20:00:00,co,PIIANN,0.4025,0.4135923
2023-04-10 20:00:00,co,PIIANN,0.565,0.59723854
2023-09-06 18:00:00,co,PIIANN,0.6125,0.5895353
2021-01-10 14:00:00,co,PIIANN,0.4,0.41529408
2021-11-13 02:00:00,co,PIIANN,0.46018434,0.46566144
2022-11-12 14:00:00,co,PIIANN,0.66,0.60762
2021-10-05 19:00:00,co,PIIANN,0.31,0.3490331
2025-07-05 06:00:00,co,PIIANN,0.66,0.6321809
2025-02-10 14:00:00,co,PIIANN,0.46,0.50863653
2022-01-04 03:00:00,co,PIIANN,0.31,0.3720475
2024-04-08 09:00:00,co,PIIANN,0.6,0.624719
2025-09-02 10:00:00,co,PIIANN,0.9599999,0.8848607
2023-12-10 12:00:00,co,PIIANN,0.435,0.39888677
2023-09-07 19:00:00,co,PIIANN,0.5025,0.5155585
2023-08-04 02:00:00,co,PIIANN,0.36,0.3908625
2022-05-04 16:00:00,co,PIIANN,0.26,0.27231857
2023-07-03 17:00:00,co,PIIANN,0.44,0.4609637
2022-04-02 09:00:00,co,PIIANN,0.43,0.54930973
2023-12-10 15:00:00,co,PIIANN,0.345,0.40083152
2023-04-09 14:00:00,co,PIIANN,0.63,0.60547704
2023-09-06 04:00:00,co,PIIANN,0.4825,0.5376483
2022-12-05 02:00:00,co,PIIANN,0.21333334,0.507714
2025-12-06 01:00:00,co,PIIANN,0.57,0.53331006
2024-04-05 10:00:00,co,PIIANN,0.36,0.347263
2021-12-06 01:00:00,co,PIIANN,0.32,0.28656036
2021-01-10 05:00:00,co,PIIANN,0.6,0.5833573
2021-02-03 10:00:00,co,PIIANN,0.555,0.5002106
2025-06-05 18:00:00,co,PIIANN,0.66,0.61486065
2025-09-01 11:00:00,co,PIIANN,0.84,0.9024319
2023-11-03 08:00:00,co,PIIANN,0.56,0.7250277
2024-12-06 15:00:00,co,PIIANN,0.23000002,0.32280153
2025-03-06 21:00:00,co,PIIANN,0.73,0.69921064
2022-06-07 09:00:00,co,PIIANN,0.57,0.4118935
2022-10-12 21:00:00,co,PIIANN,0.88,0.86801827
2024-12-10 13:00:00,co,PIIANN,0.54,0.57242984
2025-08-02 16:00:00,co,PIIANN,0.74,0.71060014
2023-01-04 15:00:00,co,PIIANN,0.31,0.37729284
2023-02-03 14:00:00,co,PIIANN,1.07,0.9043357
2022-09-10 15:00:00,co,PIIANN,0.12,0.30201787
2024-07-09 12:00:00,co,PIIANN,0.72,0.6826712
2025-04-04 02:00:00,co,PIIANN,0.75,0.6878128
2025-05-12 16:00:00,co,PIIANN,1.08,1.0969901
2021-05-11 17:00:00,co,PIIANN,0.44,0.4787797
2024-10-09 11:00:00,co,PIIANN,0.54,0.588977
2022-09-06 07:00:00,co,PIIANN,0.37,0.39396596
2021-06-11 09:00:00,co,PIIANN,0.4,0.4038864
2024-03-03 16:00:00,co,PIIANN,0.34,0.35988176
2024-04-04 09:00:00,co,PIIANN,0.51,0.40452188
2024-11-08 18:00:00,co,PIIANN,0.64,0.61908334
2022-05-09 10:00:00,co,PIIANN,0.55,0.33411753
2024-06-10 20:00:00,co,PIIANN,0.73,0.7215119
2021-10-12 15:00:00,co,PIIANN,0.57,0.51293296
2023-09-06 10:00:00,co,PIIANN,0.64666665,0.5111607
2021-01-03 07:00:00,co,PIIANN,0.555,0.5649609
2022-12-12 21:00:00,co,PIIANN,1.76,1.2713397
2025-05-09 06:00:00,co,PIIANN,0.45,0.5284246
2025-01-02 08:00:00,co,PIIANN,0.78,0.7176695
2024-12-11 01:00:00,co,PIIANN,0.76,0.7637349
2024-09-09 12:00:00,co,PIIANN,0.58,0.6685595
2021-10-01 10:00:00,co,PIIANN,1.585,1.4659927
2024-03-04 18:00:00,o3,PIIANN,3.62,2.9432087
2023-09-02 21:00:00,o3,PIIANN,2.7699995,4.5770664
2022-07-04 18:00:00,o3,PIIANN,8.91,12.060793
2023-07-11 23:00:00,o3,PIIANN,5.5525,7.0560236
2021-09-02 05:00:00,o3,PIIANN,3.5100002,10.053964
2023-03-11 08:00:00,o3,PIIANN,3.92,6.234935
2023-05-05 19:00:00,o3,PIIANN,8.8025,9.1060705
2023-09-11 14:00:00,o3,PIIANN,10.9875,11.082298
2022-04-01 20:00:00,o3,PIIANN,39.61,37.458675
2022-01-11 17:00:00,o3,PIIANN,0.34000018,1.8844585
2021-02-02 22:00:00,o3,PIIANN,12.04,16.901455
2025-10-09 16:00:00,o3,PIIANN,7.54,8.085421
2024-09-04 01:00:00,o3,PIIANN,5.9399996,7.124201
2025-05-06 19:00:00,o3,PIIANN,11.88,10.109524
2021-03-08 21:00:00,o3,PIIANN,5.8599997,12.03488
2023-07-06 12:00:00,o3,PIIANN,25.42,17.546335
2023-12-04 06:00:00,o3,PIIANN,2.4899998,3.9524317
2022-04-04 04:00:00,o3,PIIANN,11.14,16.59746
2022-09-03 12:00:00,o3,PIIANN,60.81,54.511753
2024-01-07 01:00:00,o3,PIIANN,14.66,12.673117
2024-03-09 01:00:00,o3,PIIANN,13.74,13.126616
2022-12-05 19:00:00,o3,PIIANN,36.88,28.15017
2023-11-10 05:00:00,o3,PIIANN,4.5,6.8120623
2022-02-02 11:00:00,o3,PIIANN,33.67,30.566017
2023-09-05 20:00:00,o3,PIIANN,8.9225,9.835766
2021-12-11 19:00:00,o3,PIIANN,1.6400003,4.6757994
2023-04-12 10:00:00,o3,PIIANN,14.035,13.299251
2022-01-11 13:00:00,o3,PIIANN,2.83,3.0169916
2021-03-02 07:00:00,o3,PIIANN,12.04,13.031392
2022-04-12 05:00:00,o3,PIIANN,7.0299997,5.7236357
2021-12-07 01:00:00,o3,PIIANN,13.3,13.472078
2024-04-05 04:00:00,o3,PIIANN,5.96,8.3583975
2022-02-03 09:00:00,o3,PIIANN,20.62,11.283004
2025-07-04 02:00:00,o3,PIIANN,16.17,14.040461
2025-07-03 07:00:00,o3,PIIANN,14.9,8.956515
2022-06-11 08:00:00,o3,PIIANN,9.66,11.200287
2023-03-01 18:00:00,o3,PIIANN,7.7124996,6.658304
2021-09-02 17:00:00,o3,PIIANN,3.8149996,6.096819
2022-08-09 02:00:00,o3,PIIANN,0.8199997,2.5985584
2021-09-05 04:00:00,o3,PIIANN,28.41,41.31541
2022-01-04 20:00:00,o3,PIIANN,13.7,13.609426
2023-02-04 11:00:00,o3,PIIANN,2.5575,3.744502
2023-08-06 19:00:00,o3,PIIANN,22.05,20.491373
2022-11-08 13:00:00,o3,PIIANN,23.74,22.514664
2022-04-02 13:00:00,o3,PIIANN,30.47,25.257128
2025-01-08 15:00:00,o3,PIIANN,24.22,30.17665
2021-10-05 04:00:00,o3,PIIANN,16.33,41.532166
2022-02-11 01:00:00,o3,PIIANN,1.5,11.214245
2025-02-03 00:00:00,o3,PIIANN,12.58,14.0155
2023-04-11 09:00:00,o3,PIIANN,4.2325,5.815942
2022-10-09 06:00:00,o3,PIIANN,1.1999998,4.510107
2023-06-02 09:00:00,o3,PIIANN,3.9749994,6.634033
2025-02-06 09:00:00,o3,PIIANN,14.56,15.220355
2021-10-06 19:00:00,o3,PIIANN,59.95,34.80369
2024-10-06 02:00:00,o3,PIIANN,15.8,16.463026
2024-12-06 03:00:00,o3,PIIANN,14.95,14.686976
2023-11-06 10:00:00,o3,PIIANN,10.015,8.991633
2024-10-12 17:00:00,o3,PIIANN,14.38,14.104551
2023-09-03 23:00:00,o3,PIIANN,13.0125,14.2119875
2022-04-07 20:00:00,o3,PIIANN,39.393333,52.215405
2024-02-08 13:00:00,o3,PIIANN,10.15,13.967683
2023-12-07 14:00:00,o3,PIIANN,11.2,10.943965
2024-02-12 20:00:00,o3,PIIANN,14.66,16.893188
2021-02-10 14:00:00,o3,PIIANN,6.8899994,15.38181
2023-09-09 00:00:00,o3,PIIANN,7.59,18.71582
2023-08-03 00:00:00,o3,PIIANN,11.6275,5.4383345
2021-02-07 08:00:00,o3,PIIANN,16.2225,12.995088
2023-03-01 19:00:00,o3,PIIANN,9.565,6.7227955
2021-12-01 11:00:00,o3,PIIANN,2.5839996,10.985757
2024-06-03 20:00:00,o3,PIIANN,5.6399994,5.8340216
2024-05-01 15:00:00,o3,PIIANN,12.76,11.457905
2021-11-02 02:00:00,o3,PIIANN,1.7285709,0.33524802
2022-03-10 07:00:00,o3,PIIANN,8.11,6.0523796
2022-03-02 21:00:00,o3,PIIANN,24.76,19.9401
2021-04-05 06:00:00,o3,PIIANN,3.88,69.822845
2023-12-03 11:00:00,o3,PIIANN,4.5324993,5.3947296
2023-08-04 06:00:00,o3,PIIANN,4.66,5.8965235
2025-04-02 03:00:00,o3,PIIANN,17.44,13.79847
2025-12-04 21:00:00,o3,PIIANN,7.0,3.6439018
2022-05-05 00:00:00,o3,PIIANN,9.93,10.678533
2025-01-08 23:00:00,o3,PIIANN,21.1,19.96187
2022-05-11 21:00:00,o3,PIIANN,5.9799995,5.1130915
2025-08-10 14:00:00,o3,PIIANN,4.5299997,5.707554
2025-07-05 12:00:00,o3,PIIANN,6.58,11.999304
2023-09-12 04:00:00,o3,PIIANN,7.945,5.824914
2021-01-12 07:00:00,o3,PIIANN,36.7,37.364437
2022-12-01 18:00:00,o3,PIIANN,11.18,13.236253
2023-11-10 07:00:00,o3,PIIANN,5.4924994,5.257908
2022-02-09 17:00:00,o3,PIIANN,18.44,21.276777
2025-04-01 10:00:00,o3,PIIANN,11.35,10.944644
2024-03-01 17:00:00,o3,PIIANN,11.85,6.647704
2023-09-01 15:00:00,o3,PIIANN,8.14,10.834366
2025-01-01 22:00:00,o3,PIIANN,12.99,15.329655
2024-01-09 22:00:00,o3,PIIANN,15.22,14.833435
2023-02-01 23:00:00,o3,PIIANN,6.5175,9.005466
2024-04-02 15:00:00,o3,PIIANN,4.54,7.1950064
2021-01-08 08:00:00,o3,PIIANN,15.55,15.227669
2022-02-01 09:00:00,o3,PIIANN,12.04,13.618769
2024-06-03 07:00:00,o3,PIIANN,2.9700003,4.9951515
2023-01-10 22:00:00,o3,PIIANN,6.3549995,7.683462
2024-06-03 01:00:00,o3,PIIANN,7.38,8.329553
2024-02-03 11:00:00,o3,PIIANN,10.66,8.498463
2021-10-07 10:00:00,o3,PIIANN,119.3,29.034552
2023-08-03 23:00:00,o3,PIIANN,12.105,14.542603
2022-04-04 10:00:00,o3,PIIANN,11.74,14.843737
2023-11-08 16:00:00,o3,PIIANN,30.02,23.999258
2024-06-07 02:00:00,o3,PIIANN,12.65,13.8003645
2022-11-07 16:00:00,o3,PIIANN,12.04,11.655422
2025-12-07 07:00:00,o3,PIIANN,14.53,13.756842
2024-07-05 11:00:00,o3,PIIANN,5.2,9.281437
2022-06-04 19:00:00,o3,PIIANN,10.58,15.239736
2025-07-10 04:00:00,o3,PIIANN,1.2200003,4.182934
2021-09-03 11:00:00,o3,PIIANN,56.69,52.051514
2023-06-03 23:00:00,o3,PIIANN,12.225,11.368357
2021-02-09 18:00:00,o3,PIIANN,12.04,13.5762205
2024-01-06 13:00:00,o3,PIIANN,3.4700003,9.871146
2024-06-11 08:00:00,o3,PIIANN,11.95,11.061205
2024-03-06 02:00:00,o3,PIIANN,7.98,9.03175
2021-10-01 18:00:00,o3,PIIANN,0.6499996,2.3952827
2024-02-03 20:00:00,o3,PIIANN,9.49,10.397158
2021-12-06 23:00:00,o3,PIIANN,7.2299995,15.567726
2021-03-12 14:00:00,o3,PIIANN,35.52,36.791008
2022-10-12 10:00:00,o3,PIIANN,6.8099995,9.837338
2023-05-11 19:00:00,o3,PIIANN,6.2574997,8.946831
2024-06-10 14:00:00,o3,PIIANN,12.97,14.274799
2024-04-01 21:00:00,o3,PIIANN,17.19,9.722526
2023-03-07 03:00:00,o3,PIIANN,5.6566668,9.208171
2021-10-06 10:00:00,o3,PIIANN,20.95,34.402264
2021-02-12 10:00:00,o3,PIIANN,36.19,36.05092
2021-03-02 14:00:00,o3,PIIANN,12.04,12.497426
2023-06-09 21:00:00,o3,PIIANN,9.8875,8.415007
2022-10-07 22:00:00,o3,PIIANN,12.04,23.980167
2023-04-09 15:00:00,o3,PIIANN,14.3275,11.938438
2023-02-03 10:00:00,o3,PIIANN,6.58,9.302156
2025-08-04 10:00:00,o3,PIIANN,14.46,15.783262
2021-09-10 14:00:00,o3,PIIANN,4.7299995,9.136178
2023-02-03 13:00:00,o3,PIIANN,5.4775,10.246618
2021-08-12 02:00:00,o3,PIIANN,18.74,17.84308
2021-12-04 10:00:00,o3,PIIANN,35.42,46.230885
2024-05-11 21:00:00,o3,PIIANN,12.47,12.353307
2025-05-03 16:00:00,o3,PIIANN,16.34,17.01191
2024-02-03 23:00:00,o3,PIIANN,10.16,12.834317
2021-10-01 14:00:00,o3,PIIANN,1.8099995,5.3437614
2023-08-02 10:00:00,o3,PIIANN,2.8549995,8.696255
2021-03-03 10:00:00,o3,PIIANN,30.5,41.16061
2024-07-03 04:00:00,o3,PIIANN,3.8400002,4.668688
2024-06-04 10:00:00,o3,PIIANN,5.4699993,5.6475105
2025-02-02 13:00:00,o3,PIIANN,14.31,14.738332
2022-11-10 23:00:00,o3,PIIANN,9.41,11.153278
2022-09-06 17:00:00,o3,PIIANN,53.42,49.488144
2023-07-06 03:00:00,o3,PIIANN,17.73,20.57688
2024-01-03 16:00:00,o3,PIIANN,7.3599997,8.605746
2021-04-08 14:00:00,o3,PIIANN,21.18,29.191048
2024-01-08 17:00:00,o3,PIIANN,8.11,9.6248865
2025-08-10 22:00:00,o3,PIIANN,2.1599998,3.3293676
2024-09-01 11:00:00,o3,PIIANN,16.0,17.265102
2024-03-03 07:00:00,o3,PIIANN,6.49,9.808932
2022-10-04 02:00:00,o3,PIIANN,16.57,18.583536
2022-10-03 14:00:00,o3,PIIANN,47.48,40.022495
2025-02-01 14:00:00,o3,PIIANN,7.08,11.813029
2021-04-02 09:00:00,o3,PIIANN,12.54,12.0027
2024-11-08 19:00:00,o3,PIIANN,3.8099995,6.3788204
2024-01-09 04:00:00,o3,PIIANN,19.13,14.459414
2022-07-04 23:00:00,o3,PIIANN,11.8,11.774376
2021-12-05 05:00:00,o3,PIIANN,7.13,37.536087
2024-04-02 11:00:00,o3,PIIANN,5.1799994,7.204768
2023-11-04 21:00:00,o3,PIIANN,8.6675,8.975476
2025-11-09 06:00:00,o3,PIIANN,2.0900002,3.8765144
2023-03-08 07:00:00,o3,PIIANN,5.075,5.689438
2025-05-03 13:00:00,o3,PIIANN,14.29,23.428246
2021-04-07 16:00:00,o3,PIIANN,43.91,13.406415
2022-07-10 10:00:00,o3,PIIANN,38.66,17.883852
2022-10-09 16:00:00,o3,PIIANN,15.24,15.483235
2021-09-08 14:00:00,o3,PIIANN,12.04,15.009638
2024-03-08 07:00:00,o3,PIIANN,15.39,15.624782
2022-04-08 03:00:00,o3,PIIANN,7.76,8.953045
2021-04-04 02:00:00,o3,PIIANN,21.78,16.603155
2022-05-07 09:00:00,o3,PIIANN,45.6,11.155723
2025-10-01 18:00:00,o3,PIIANN,16.28,11.056886
2023-05-02 04:00:00,o3,PIIANN,2.5249996,4.2602367
2023-12-08 09:00:00,o3,PIIANN,13.41,10.566424
2022-09-03 17:00:00,o3,PIIANN,45.7,42.46839
2024-03-09 11:00:00,o3,PIIANN,13.21,15.776297
2024-10-12 10:00:00,o3,PIIANN,13.99,13.552919
2021-04-09 01:00:00,o3,PIIANN,21.155,25.613068
2024-09-06 13:00:00,o3,PIIANN,11.99,13.69981
2021-09-10 06:00:00,o3,PIIANN,9.27,11.294787
2024-01-09 11:00:00,o3,PIIANN,14.6,14.569465
2023-03-09 07:00:00,o3,PIIANN,8.1925,8.931109
2025-08-12 07:00:00,o3,PIIANN,4.8999996,4.039716
2022-04-10 03:00:00,o3,PIIANN,1.4399996,3.723259
2021-04-09 20:00:00,o3,PIIANN,27.12,26.865892
2021-04-05 02:00:00,o3,PIIANN,87.01,65.701775
2021-09-12 10:00:00,o3,PIIANN,20.41,18.584326
2025-04-12 19:00:00,o3,PIIANN,15.15,12.1339855
2022-05-03 08:00:00,o3,PIIANN,26.73,19.59698
2024-04-12 13:00:00,o3,PIIANN,16.98,16.840416
2022-12-10 10:00:00,o3,PIIANN,10.34,9.349289
2024-03-05 02:00:00,o3,PIIANN,5.96,9.002065
2022-12-07 22:00:00,o3,PIIANN,6.88,10.395974
2023-09-07 13:00:00,o3,PIIANN,11.21,12.329492
2021-12-09 13:00:00,o3,PIIANN,86.32,78.16486
2022-11-09 15:00:00,o3,PIIANN,14.53,15.951363
2022-07-06 10:00:00,o3,PIIANN,47.55,42.213036
2021-09-05 02:00:00,o3,PIIANN,8.93,19.19675
2021-04-04 08:00:00,o3,PIIANN,34.22,25.844893
2023-03-04 14:00:00,o3,PIIANN,3.5150003,4.4080963
2025-05-11 17:00:00,o3,PIIANN,22.03,28.730732
2022-04-04 18:00:00,o3,PIIANN,6.6799994,9.956778
2025-05-06 01:00:00,o3,PIIANN,13.2,17.53241
2022-04-07 00:00:00,o3,PIIANN,4.1399994,27.259808
2022-02-07 03:00:00,o3,PIIANN,18.17,20.63969
2022-06-10 11:00:00,o3,PIIANN,24.69,21.72073
2024-03-10 13:00:00,o3,PIIANN,10.14,14.854046
2024-06-12 09:00:00,o3,PIIANN,15.37,14.745029
2021-05-04 00:00:00,o3,PIIANN,33.31,18.303448
2023-11-12 09:00:00,o3,PIIANN,11.745,7.117381
2023-07-10 13:00:00,o3,PIIANN,8.9425,12.902002
2023-05-09 08:00:00,o3,PIIANN,4.5824995,6.479315
2024-03-03 15:00:00,o3,PIIANN,9.3,11.243713
2025-10-03 07:00:00,o3,PIIANN,15.05,13.357594
2021-10-10 15:00:00,o3,PIIANN,37.12,27.459118
2023-07-01 12:00:00,o3,PIIANN,8.025,9.271927
2025-07-07 16:00:00,o3,PIIANN,10.78,15.976901
2024-04-06 08:00:00,o3,PIIANN,13.66,13.6883
2023-02-06 05:00:00,o3,PIIANN,16.405,15.484551
2025-09-02 01:00:00,o3,PIIANN,15.42,12.021651
2022-07-01 20:00:00,o3,PIIANN,22.74,22.303604
2021-07-12 04:00:00,o3,PIIANN,0.8800001,1.9209728
2022-07-11 04:00:00,o3,PIIANN,6.0,8.390534
2025-07-09 01:00:00,o3,PIIANN,3.7600002,7.640869
2024-02-08 23:00:00,o3,PIIANN,14.8,13.190501
2025-08-04 18:00:00,o3,PIIANN,14.52,14.134462
2024-05-10 23:00:00,o3,PIIANN,14.14,15.06801
2021-02-09 19:00:00,o3,PIIANN,12.04,11.094268
2024-08-11 20:00:00,o3,PIIANN,13.23,12.965018
2024-10-06 03:00:00,o3,PIIANN,16.37,17.024223
2025-01-04 18:00:00,o3,PIIANN,15.64,12.490715
2025-09-07 18:00:00,o3,PIIANN,9.21,14.774182
2021-12-06 20:00:00,o3,PIIANN,20.72,48.851734
2023-09-05 01:00:00,o3,PIIANN,8.4125,8.095909
2022-09-07 04:00:00,o3,PIIANN,26.22,19.085745
2022-07-05 12:00:00,o3,PIIANN,66.74,60.122166
2021-07-12 07:00:00,o3,PIIANN,1.0699997,2.4428558
2021-06-01 13:00:00,o3,PIIANN,7.2299995,4.9063272
2021-06-12 19:00:00,o3,PIIANN,16.09,18.194897
2024-04-04 14:00:00,o3,PIIANN,4.1799994,5.611315
2024-05-10 17:00:00,o3,PIIANN,9.2,11.499362
2021-02-05 11:00:00,o3,PIIANN,84.29,67.186584
2025-08-06 11:00:00,o3,PIIANN,9.81,10.527558
2021-10-11 00:00:00,o3,PIIANN,0.19999984,44.797966
2025-10-11 00:00:00,o3,PIIANN,7.55,7.6959953
2022-01-06 10:00:00,o3,PIIANN,38.68,28.30146
2025-12-10 01:00:00,o3,PIIANN,2.0,4.097042
2023-11-09 10:00:00,o3,PIIANN,7.785,8.56231
2024-06-09 19:00:00,o3,PIIANN,13.66,13.402391
2024-05-02 00:00:00,o3,PIIANN,5.5599995,14.63543
2022-10-11 16:00:00,o3,PIIANN,6.2699995,7.678029
2023-06-09 01:00:00,o3,PIIANN,8.16,11.487579
2025-03-02 20:00:00,o3,PIIANN,16.47,15.3048115
2021-10-02 22:00:00,o3,PIIANN,12.04,17.557602
2021-10-06 14:00:00,o3,PIIANN,43.85,28.937832
2025-10-11 15:00:00,o3,PIIANN,11.04,10.878315
2023-02-04 16:00:00,o3,PIIANN,4.5575,3.0008802
2024-03-02 22:00:00,o3,PIIANN,6.2199993,6.1826134
2021-08-02 21:00:00,o3,PIIANN,24.54,22.39951
2022-09-06 14:00:00,o3,PIIANN,47.365,43.963825
2022-08-07 18:00:00,o3,PIIANN,14.082,24.644009
2022-12-01 17:00:00,o3,PIIANN,14.13,13.422856
2024-08-12 20:00:00,o3,PIIANN,15.03,14.283225
2022-12-08 09:00:00,o3,PIIANN,10.96,10.3389015
2024-12-05 14:00:00,o3,PIIANN,7.6099997,6.9236345
2025-08-01 14:00:00,o3,PIIANN,9.59,12.105907
2022-06-05 03:00:00,o3,PIIANN,14.36,14.231313
2025-02-11 06:00:00,o3,PIIANN,3.9399996,5.97672
2022-03-07 14:00:00,o3,PIIANN,23.95,25.960321
2021-01-02 03:00:00,o3,PIIANN,1.3999996,5.7355194
2023-12-03 06:00:00,o3,PIIANN,1.8724995,3.798316
2024-11-04 07:00:00,o3,PIIANN,6.8499994,6.892228
2022-03-07 12:00:00,o3,PIIANN,28.54,16.511906
2022-03-01 22:00:00,o3,PIIANN,40.96,36.824234
2024-06-12 03:00:00,o3,PIIANN,16.0,14.580705
2025-10-07 04:00:00,o3,PIIANN,17.68,16.823574
2025-07-10 06:00:00,o3,PIIANN,1.3999996,2.4678516
2025-08-09 12:00:00,o3,PIIANN,5.8999996,7.4688244
2021-01-07 11:00:00,o3,PIIANN,35.25,50.141705
2023-06-07 03:00:00,o3,PIIANN,8.6866665,9.186712
2023-01-08 22:00:00,o3,PIIANN,3.3824997,2.840147
2021-01-09 10:00:00,o3,PIIANN,12.04,13.271019
2021-12-12 08:00:00,o3,PIIANN,18.07,19.639133
2023-06-01 18:00:00,o3,PIIANN,9.4725,9.787292
2021-08-05 19:00:00,o3,PIIANN,30.22,33.294956
2024-05-04 18:00:00,o3,PIIANN,2.37,3.5462828
2024-03-05 21:00:00,o3,PIIANN,5.7799997,6.5337152
2021-11-04 18:00:00,o3,PIIANN,22.25,22.615555
2023-08-01 09:00:00,o3,PIIANN,5.0275,0.7576771
2021-02-04 11:00:00,o3,PIIANN,37.76,13.839385
2023-05-03 10:00:00,o3,PIIANN,5.1375,5.6470795
2024-04-11 06:00:00,o3,PIIANN,15.83,15.470256
2024-09-03 08:00:00,o3,PIIANN,3.7399998,6.581854
2023-05-02 15:00:00,o3,PIIANN,6.0299997,10.687449
2023-09-09 14:00:00,o3,PIIANN,14.755,12.971746
2025-10-04 13:00:00,o3,PIIANN,11.77,15.8824005
2022-12-08 10:00:00,o3,PIIANN,12.20875,12.876496
2025-05-05 04:00:00,o3,PIIANN,13.02,13.645373
2024-10-12 00:00:00,o3,PIIANN,14.17,10.357222
2025-12-10 20:00:00,o3,PIIANN,4.0999994,1.5354881
2024-06-05 09:00:00,o3,PIIANN,5.4699993,9.4138975
2024-04-01 12:00:00,o3,PIIANN,13.04,10.857704
2022-03-10 14:00:00,o3,PIIANN,31.17,32.926205
2022-03-13 01:00:00,o3,PIIANN,5.635536,7.0114746
2025-10-12 23:00:00,o3,PIIANN,12.22,16.857977
2023-04-05 00:00:00,o3,PIIANN,4.17,5.272786
2022-10-03 09:00:00,o3,PIIANN,39.1,14.865175
2025-02-08 10:00:00,o3,PIIANN,17.31,12.422413
2022-10-11 21:00:00,o3,PIIANN,7.6399994,5.7098227
2025-09-09 19:00:00,o3,PIIANN,4.5,5.472106
2024-08-07 17:00:00,o3,PIIANN,13.77,14.520003
2022-02-09 18:00:00,o3,PIIANN,17.08,19.244127
2025-04-08 17:00:00,o3,PIIANN,21.23,18.402323
2025-11-06 04:00:00,o3,PIIANN,8.98,11.741855
2022-04-09 19:00:00,o3,PIIANN,13.92,16.480492
2021-04-02 17:00:00,o3,PIIANN,12.04,13.206115
2021-03-01 11:00:00,o3,PIIANN,0.060000446,3.0995884
2022-05-08 02:00:00,o3,PIIANN,5.79,14.576033
2022-06-06 10:00:00,o3,PIIANN,49.79,39.858856
2023-10-02 13:00:00,o3,PIIANN,5.8549995,6.244343
2023-11-06 03:00:00,o3,PIIANN,6.743333,2.7489681
2022-02-03 01:00:00,o3,PIIANN,24.64,26.552923
2025-12-03 23:00:00,o3,PIIANN,16.81,17.22577
2023-05-02 05:00:00,o3,PIIANN,0.6075001,1.4069643
2025-02-04 20:00:00,o3,PIIANN,19.03,13.573423
2023-03-12 13:00:00,o3,PIIANN,5.4074993,5.737398
2021-05-07 14:00:00,o3,PIIANN,7.74,6.6690016
2021-12-11 10:00:00,o3,PIIANN,2.0699997,4.874304
2023-06-11 09:00:00,o3,PIIANN,5.585,5.1680813
2024-10-04 00:00:00,o3,PIIANN,6.76,9.813715
2025-04-06 07:00:00,o3,PIIANN,13.56,15.720456
2025-03-03 19:00:00,o3,PIIANN,15.13,13.200675
2025-11-10 01:00:00,o3,PIIANN,2.37,4.550766
2022-06-02 17:00:00,o3,PIIANN,33.29,28.31728
2025-12-08 11:00:00,o3,PIIANN,2.96,4.7289467
2025-04-02 08:00:00,o3,PIIANN,16.4,16.055584
2025-06-12 09:00:00,o3,PIIANN,9.32,7.6827517
2021-08-07 14:00:00,o3,PIIANN,13.98,8.840847
2023-02-02 17:00:00,o3,PIIANN,18.4075,14.252506
2023-07-04 11:00:00,o3,PIIANN,2.5325003,3.6793346
2024-07-12 17:00:00,o3,PIIANN,16.38,14.766016
2021-09-10 10:00:00,o3,PIIANN,3.25,11.574653
2025-03-09 00:00:00,o3,PIIANN,2.25,8.755725
2024-10-13 00:00:00,o3,PIIANN,13.588403,13.125473
2025-06-08 21:00:00,o3,PIIANN,16.64,18.465685
2021-08-10 21:00:00,o3,PIIANN,0.26000026,3.342451
2021-09-10 12:00:00,o3,PIIANN,11.12,7.7401905
2021-07-11 02:00:00,o3,PIIANN,0.16666701,5.781028
2021-04-10 09:00:00,o3,PIIANN,23.25,24.441967
2021-04-03 15:00:00,o3,PIIANN,54.36,60.825745
2021-12-02 05:00:00,o3,PIIANN,4.8,4.51659
2022-03-04 21:00:00,o3,PIIANN,15.39,17.978052
2023-04-11 13:00:00,o3,PIIANN,7.1499996,8.229483
2023-04-02 08:00:00,o3,PIIANN,17.26,17.700935
2021-05-09 18:00:00,o3,PIIANN,36.493332,17.205172
2023-11-05 19:00:00,o3,PIIANN,16.5375,20.283998
2024-12-10 16:00:00,o3,PIIANN,14.82,11.879042
2022-03-12 03:00:00,o3,PIIANN,0.36999992,2.3342628
2024-09-10 10:00:00,o3,PIIANN,13.21,13.301816
2023-05-11 22:00:00,o3,PIIANN,5.9699993,9.954519
2023-05-09 03:00:00,o3,PIIANN,6.296666,8.760069
2023-02-11 12:00:00,o3,PIIANN,5.2275,5.88356
2024-05-10 20:00:00,o3,PIIANN,12.9,13.244484
2024-05-05 15:00:00,o3,PIIANN,5.04,7.3667717
2021-01-05 16:00:00,o3,PIIANN,80.02,75.167534
2024-02-11 23:00:00,o3,PIIANN,15.56,16.33572
2023-04-09 01:00:00,o3,PIIANN,11.74,12.619955
2022-12-10 19:00:00,o3,PIIANN,10.47,12.060461
2023-08-01 17:00:00,o3,PIIANN,13.57,12.457619
2022-10-07 20:00:00,o3,PIIANN,24.608,26.24616
2022-07-10 00:00:00,o3,PIIANN,23.77,3.3763037
2022-11-06 08:00:00,o3,PIIANN,13.11,10.440672
2021-12-05 17:00:00,o3,PIIANN,7.4699993,28.30473
2021-09-03 10:00:00,o3,PIIANN,51.54,55.272915
2024-02-09 10:00:00,o3,PIIANN,13.66,16.423187
2023-12-04 04:00:00,o3,PIIANN,2.5199995,1.9742899
2023-09-11 09:00:00,o3,PIIANN,5.1825,6.9034386
2025-08-10 07:00:00,o3,PIIANN,3.5,2.960535
2025-11-11 06:00:00,o3,PIIANN,6.76,5.845561
2022-10-07 01:00:00,o3,PIIANN,12.54,11.188596
2024-02-08 05:00:00,o3,PIIANN,14.89,14.722854
2022-03-01 15:00:00,o3,PIIANN,36.12,29.627356
2022-10-08 19:00:00,o3,PIIANN,12.16,15.040559
2022-03-07 10:00:00,o3,PIIANN,11.65,23.491966
2022-02-07 14:00:00,o3,PIIANN,14.87,36.701866
2024-05-11 13:00:00,o3,PIIANN,13.7,19.057981
2024-09-11 04:00:00,o3,PIIANN,16.44,12.5626745
2023-04-08 23:00:00,o3,PIIANN,13.0675,18.786915
2025-01-02 20:00:00,o3,PIIANN,16.47,16.70294
2024-05-05 04:00:00,o3,PIIANN,4.8599997,7.906007
2022-01-07 15:00:00,o3,PIIANN,39.22,24.038063
2025-08-06 09:00:00,o3,PIIANN,10.28,13.849468
2025-05-10 23:00:00,o3,PIIANN,3.29,3.9364347
2022-05-03 13:00:00,o3,PIIANN,45.94,40.06551
2021-01-09 11:00:00,o3,PIIANN,12.04,13.575547
2022-09-10 13:00:00,o3,PIIANN,7.6799994,10.42024
2023-06-02 01:00:00,o3,PIIANN,2.04,6.726653
2025-12-05 10:00:00,o3,PIIANN,8.18,12.710637
2022-06-12 20:00:00,o3,PIIANN,17.02,17.823698
2024-01-01 13:00:00,o3,PIIANN,12.98,12.08312
2025-02-07 17:00:00,o3,PIIANN,7.58,11.090641
2023-08-05 23:00:00,o3,PIIANN,8.295,11.277065
2021-06-09 14:00:00,o3,PIIANN,37.675,38.433178
2021-06-11 08:00:00,o3,PIIANN,0.116666816,3.0054913
2025-03-04 12:00:00,o3,PIIANN,15.78,17.433403
2022-06-05 06:00:00,o3,PIIANN,13.22,12.286443
2022-10-10 00:00:00,o3,PIIANN,0.29,12.184514
2025-07-09 00:00:00,o3,PIIANN,4.2,12.619563
2023-09-08 22:00:00,o3,PIIANN,22.9275,22.526628
2022-05-01 10:00:00,o3,PIIANN,40.65,28.436264
2022-02-06 18:00:00,o3,PIIANN,53.81,58.047775
2022-04-02 15:00:00,o3,PIIANN,31.28,25.398489
2022-10-09 12:00:00,o3,PIIANN,14.55,9.095631
2023-07-04 03:00:00,o3,PIIANN,5.1399994,4.7577906
2023-08-02 02:00:00,o3,PIIANN,2.8999996,5.7735653
2025-07-01 21:00:00,o3,PIIANN,11.86,11.509818
2025-07-04 08:00:00,o3,PIIANN,16.0,18.141897
2021-02-13 00:00:00,o3,PIIANN,31.802052,31.078075
2023-11-02 23:00:00,o3,PIIANN,9.1875,8.706998
2024-06-09 17:00:00,o3,PIIANN,11.82,14.210107
2021-11-01 21:00:00,o3,PIIANN,1.46,9.144744
2025-02-09 10:00:00,o3,PIIANN,0.52999973,2.8833675
2023-09-04 09:00:00,o3,PIIANN,4.7375,9.281142
2023-03-07 07:00:00,o3,PIIANN,2.5775003,6.1818705
2021-07-03 13:00:00,o3,PIIANN,0.52999973,31.73271
2022-12-08 22:00:00,o3,PIIANN,23.74,15.842961
2022-10-08 21:00:00,o3,PIIANN,15.75,18.694973
2025-12-01 08:00:00,o3,PIIANN,14.46,16.30968
2024-01-09 09:00:00,o3,PIIANN,16.2,15.556782
2021-05-03 21:00:00,o3,PIIANN,9.04,10.885962
2021-10-09 21:00:00,o3,PIIANN,61.32,58.245262
2023-12-03 12:00:00,o3,PIIANN,5.04,5.8662386
2022-06-08 11:00:00,o3,PIIANN,22.82,18.705614
2024-03-09 09:00:00,o3,PIIANN,15.22,14.712698
2021-12-04 04:00:00,o3,PIIANN,39.32,64.66943
2022-03-09 19:00:00,o3,PIIANN,17.02,19.146732
2025-06-05 09:00:00,o3,PIIANN,11.89,15.05967
2025-12-04 12:00:00,o3,PIIANN,5.9699993,9.658718
2024-11-06 08:00:00,o3,PIIANN,15.76,15.911071
2022-12-06 07:00:00,o3,PIIANN,8.19,10.682731
2021-02-10 05:00:00,o3,PIIANN,12.04,13.031313
2023-11-02 07:00:00,o3,PIIANN,0.33333305,6.098031
2025-03-07 10:00:00,o3,PIIANN,12.2,11.808123
2021-12-07 03:00:00,o3,PIIANN,14.0,7.7054367
2024-06-04 05:00:00,o3,PIIANN,2.6999998,3.554781
2025-03-12 00:00:00,o3,PIIANN,12.22,7.4565973
2023-12-11 01:00:00,o3,PIIANN,23.53,20.140095
2023-03-10 00:00:00,o3,PIIANN,5.7675,10.593522
2023-03-10 07:00:00,o3,PIIANN,3.2325,5.6529245
2023-07-06 04:00:00,o3,PIIANN,14.415,17.239262
2021-04-08 08:00:00,o3,PIIANN,18.16,14.631007
2022-05-02 05:00:00,o3,PIIANN,0.43000033,6.5387573
2021-03-08 05:00:00,o3,PIIANN,17.21,11.553758
2022-05-03 16:00:00,o3,PIIANN,45.81,40.440083
2022-03-04 16:00:00,o3,PIIANN,21.31,20.787603
2025-08-07 06:00:00,o3,PIIANN,12.15,19.73713
2021-05-08 02:00:00,o3,PIIANN,44.67,23.40166
2025-11-09 17:00:00,o3,PIIANN,6.6399994,3.5649986
2025-02-05 04:00:00,o3,PIIANN,17.33,19.01549
2024-02-03 13:00:00,o3,PIIANN,8.19,12.109943
2022-06-12 13:00:00,o3,PIIANN,9.22,12.287645
2021-03-01 23:00:00,o3,PIIANN,12.04,12.988821
2021-08-01 15:00:00,o3,PIIANN,2.6400003,3.7648134
2022-08-08 22:00:00,o3,PIIANN,8.34,12.247762
2022-09-01 14:00:00,o3,PIIANN,24.72,22.707708
2024-11-06 14:00:00,o3,PIIANN,9.53,9.899368
2025-10-04 03:00:00,o3,PIIANN,16.87,15.63388
2023-06-10 13:00:00,o3,PIIANN,16.2775,17.63639
2023-02-04 09:00:00,o3,PIIANN,1.8774996,4.5463123
2022-06-02 13:00:00,o3,PIIANN,31.85,32.616833
2023-12-11 14:00:00,o3,PIIANN,21.8425,18.9737
2023-06-03 18:00:00,o3,PIIANN,9.0825,7.382387
2025-01-06 02:00:00,o3,PIIANN,14.72,18.42462
2023-07-09 21:00:00,o3,PIIANN,7.7775006,10.101692
2023-05-02 00:00:00,o3,PIIANN,15.275,16.25671
2022-04-09 07:00:00,o3,PIIANN,3.7699995,8.460756
2025-04-05 01:00:00,o3,PIIANN,15.45,15.867232
2023-12-05 09:00:00,o3,PIIANN,6.0874996,6.5842237
2021-09-12 20:00:00,o3,PIIANN,20.74,21.093056
2024-11-11 02:00:00,o3,PIIANN,9.5,10.346005
2021-12-08 10:00:00,o3,PIIANN,19.56,76.88623
2022-11-11 19:00:00,o3,PIIANN,5.67,14.096741
2021-12-09 00:00:00,o3,PIIANN,45.84,12.453679
2024-09-11 13:00:00,o3,PIIANN,13.77,12.679214
2025-12-11 07:00:00,o3,PIIANN,11.13,8.013099
2023-11-09 05:00:00,o3,PIIANN,4.2325,7.5524426
2023-10-04 18:00:00,o3,PIIANN,7.855,5.4298973
2025-03-05 05:00:00,o3,PIIANN,16.92,17.207527
2021-10-05 05:00:00,o3,PIIANN,29.49,24.965416
2022-10-11 07:00:00,o3,PIIANN,2.63,6.506012
2021-06-05 21:00:00,o3,PIIANN,31.82,23.639572
2023-06-10 19:00:00,o3,PIIANN,14.45,15.417767
2025-08-05 02:00:00,o3,PIIANN,12.65,13.279603
2024-08-07 11:00:00,o3,PIIANN,13.98,15.1969595
2024-02-04 07:00:00,o3,PIIANN,2.8900003,4.30616
2022-11-06 21:00:00,o3,PIIANN,20.92,23.555138
2025-06-02 04:00:00,o3,PIIANN,14.5,11.422931
2022-08-03 04:00:00,o3,PIIANN,51.56,47.732048
2025-11-04 21:00:00,o3,PIIANN,10.78,7.235116
2025-03-12 14:00:00,o3,PIIANN,10.89,12.232705
2021-04-12 11:00:00,o3,PIIANN,47.54,40.208767
2022-08-03 10:00:00,o3,PIIANN,60.22,47.66396
2025-10-04 11:00:00,o3,PIIANN,12.26,15.585238
2023-03-08 05:00:00,o3,PIIANN,5.1224995,4.6239843
2023-05-10 09:00:00,o3,PIIANN,10.5925,10.496117
2022-03-06 05:00:00,o3,PIIANN,12.54,13.079216
2024-07-03 10:00:00,o3,PIIANN,6.54,8.679437
2025-12-04 05:00:00,o3,PIIANN,11.72,9.458898
2025-01-12 06:00:00,o3,PIIANN,3.7399998,6.583082
2024-12-11 10:00:00,o3,PIIANN,14.41,14.281594
2022-07-01 13:00:00,o3,PIIANN,22.98,19.11781
2022-08-05 12:00:00,o3,PIIANN,58.68,51.199547
2021-11-11 03:00:00,o3,PIIANN,0.29,8.823492
2024-06-01 16:00:00,o3,PIIANN,10.85,13.029871
2022-09-02 10:00:00,o3,PIIANN,52.87,45.903996
2021-12-02 07:00:00,o3,PIIANN,5.5599995,11.0937805
2021-08-10 22:00:00,o3,PIIANN,0.27999976,5.2963943
2023-06-09 17:00:00,o3,PIIANN,11.28,10.105653
2021-08-07 21:00:00,o3,PIIANN,73.37,43.00906
2024-01-10 18:00:00,o3,PIIANN,16.08,14.579555
2021-09-03 05:00:00,o3,PIIANN,51.9,45.44048
2022-08-02 04:00:00,o3,PIIANN,21.28,34.568466
2024-07-10 18:00:00,o3,PIIANN,8.34,9.446388
2021-04-04 17:00:00,o3,PIIANN,4.76,23.465256
2021-10-07 06:00:00,o3,PIIANN,64.91,35.785625
2023-01-06 18:00:00,o3,PIIANN,21.8075,19.005493
2021-10-12 20:00:00,o3,PIIANN,23.5,26.154945
2021-12-10 01:00:00,o3,PIIANN,54.54,44.18869
2023-08-08 13:00:00,o3,PIIANN,29.7,19.352482
2024-01-06 03:00:00,o3,PIIANN,14.53,12.299089
2025-08-02 05:00:00,o3,PIIANN,15.62,11.2340555
2023-04-04 03:00:00,o3,PIIANN,5.703333,8.99608
2022-04-06 04:00:00,o3,PIIANN,20.02,24.20152
2023-03-04 05:00:00,o3,PIIANN,6.5324993,9.238768
2023-03-04 03:00:00,o3,PIIANN,8.42,10.110582
2022-05-02 01:00:00,o3,PIIANN,32.78,32.136703
2021-11-10 02:00:00,o3,PIIANN,48.36,46.928726
2025-06-05 04:00:00,o3,PIIANN,15.28,15.727784
2025-03-11 20:00:00,o3,PIIANN,3.88,9.36063
2024-10-10 09:00:00,o3,PIIANN,16.02,12.177348
2023-10-01 20:00:00,o3,PIIANN,7.0324993,11.643919
2022-11-07 21:00:00,o3,PIIANN,14.75,15.832899
2023-10-02 07:00:00,o3,PIIANN,0.40250018,6.2080603
2022-05-07 16:00:00,o3,PIIANN,24.52,22.567175
2025-02-07 12:00:00,o3,PIIANN,22.57,15.183217
2023-02-10 18:00:00,o3,PIIANN,8.4925,8.2835455
2024-06-01 14:00:00,o3,PIIANN,12.18,14.479255
2021-09-03 13:00:00,o3,PIIANN,48.28,47.936733
2025-07-12 16:00:00,o3,PIIANN,12.88,12.09283
2024-01-10 19:00:00,o3,PIIANN,15.98,14.991712
2022-02-10 12:00:00,o3,PIIANN,32.38,28.03652
2021-04-11 20:00:00,o3,PIIANN,0.47999957,5.182376
2024-03-02 09:00:00,o3,PIIANN,5.0199995,8.341705
2023-05-10 18:00:00,o3,PIIANN,15.235,15.162152
2024-04-11 15:00:00,o3,PIIANN,15.6,14.808114
2021-12-10 18:00:00,o3,PIIANN,71.79,45.262173
2021-11-04 17:00:00,o3,PIIANN,11.56,35.469604
2021-02-11 00:00:00,o3,PIIANN,0.30000022,16.467577
2024-09-01 14:00:00,o3,PIIANN,15.65,15.834744
2023-11-11 21:00:00,o3,PIIANN,20.155,19.19397
2022-06-08 14:00:00,o3,PIIANN,24.74,22.54036
2022-09-01 11:00:00,o3,PIIANN,26.04,22.640553
2021-08-04 10:00:00,o3,PIIANN,40.42,65.58771
2021-01-10 06:00:00,o3,PIIANN,12.04,11.7359
2022-05-05 06:00:00,o3,PIIANN,4.29,5.7978525
2024-03-04 10:00:00,o3,PIIANN,3.7399998,4.3576155
2025-05-04 14:00:00,o3,PIIANN,12.33,17.297699
2021-06-08 20:00:00,o3,PIIANN,93.41,68.160095
2021-01-02 14:00:00,o3,PIIANN,5.04,9.672199
2021-02-09 20:00:00,o3,PIIANN,12.04,10.573751
2021-02-11 18:00:00,o3,PIIANN,0.18999961,3.0213575
2024-07-08 23:00:00,o3,PIIANN,11.26,12.260713
2025-05-02 00:00:00,o3,PIIANN,15.44,9.937652
2023-12-03 14:00:00,o3,PIIANN,4.4325,6.600809
2022-03-06 13:00:00,o3,PIIANN,60.3,53.041695
2022-06-12 02:00:00,o3,PIIANN,21.83,20.594717
2025-08-12 17:00:00,o3,PIIANN,28.42,13.4567375
2022-06-08 02:00:00,o3,PIIANN,5.3899994,9.972989
2022-11-08 06:00:00,o3,PIIANN,3.3499994,4.7332745
2022-12-08 06:00:00,o3,PIIANN,1.1400003,4.5343237
2024-09-04 12:00:00,o3,PIIANN,6.1399994,7.1083517
2025-10-01 23:00:00,o3,PIIANN,15.1,12.28117
2023-10-07 19:00:00,o3,PIIANN,11.3,13.287203
2022-07-12 12:00:00,o3,PIIANN,9.26,10.190753
2025-01-10 07:00:00,o3,PIIANN,1.5100002,3.2611132
2024-10-04 17:00:00,o3,PIIANN,6.7199993,6.632971
2024-05-12 00:00:00,o3,PIIANN,16.32,12.751089
2024-11-11 20:00:00,o3,PIIANN,7.71,9.5103445
2022-08-02 00:00:00,o3,PIIANN,43.48,26.088583
2025-08-04 03:00:00,o3,PIIANN,14.82,13.363699
2023-12-11 03:00:00,o3,PIIANN,21.406666,15.660971
2022-03-05 00:00:00,o3,PIIANN,26.34,20.094566
2022-11-12 10:00:00,o3,PIIANN,3.4099998,5.5504684
2024-12-02 05:00:00,o3,PIIANN,11.28,11.542218
2021-08-01 12:00:00,o3,PIIANN,2.4099998,6.681677
2024-06-02 01:00:00,o3,PIIANN,7.38,8.757731
2022-07-08 11:00:00,o3,PIIANN,23.0,18.015339
2025-03-04 07:00:00,o3,PIIANN,15.18,16.013655
2021-11-05 00:00:00,o3,PIIANN,93.72,14.780752
2021-11-06 07:00:00,o3,PIIANN,31.6,24.088951
2024-03-06 04:00:00,o3,PIIANN,11.86,9.358799
2022-01-03 15:00:00,o3,PIIANN,29.9,29.983839
2022-04-06 12:00:00,o3,PIIANN,60.98,49.30575
2022-05-04 21:00:00,o3,PIIANN,5.9799995,8.08473
2022-01-08 16:00:00,o3,PIIANN,46.07,55.207546
2022-11-02 04:00:00,o3,PIIANN,12.04,12.702953
2025-09-02 05:00:00,o3,PIIANN,16.42,13.463367
2024-09-05 05:00:00,o3,PIIANN,5.26,7.3880186
2021-07-02 10:00:00,o3,PIIANN,4.42,4.8558445
2021-11-01 22:00:00,o3,PIIANN,1.0500002,4.5840616
2023-07-11 18:00:00,o3,PIIANN,4.6274996,6.001874
2025-04-12 17:00:00,o3,PIIANN,15.72,12.363825
2025-11-09 10:00:00,o3,PIIANN,4.8599997,3.8031588
2025-03-04 21:00:00,o3,PIIANN,17.28,20.218119
2024-09-11 16:00:00,o3,PIIANN,12.1,11.565706
2021-12-07 16:00:00,o3,PIIANN,42.83,56.388832
2024-12-11 04:00:00,o3,PIIANN,14.34,13.28292
2021-12-05 19:00:00,o3,PIIANN,63.65,33.284332
2024-04-09 14:00:00,o3,PIIANN,13.39,14.783894
2021-08-05 12:00:00,o3,PIIANN,11.58,47.30362
2021-02-03 17:00:00,o3,PIIANN,2.8999996,4.904064
2025-01-03 05:00:00,o3,PIIANN,11.14,8.437328
2021-11-04 03:00:00,o3,PIIANN,38.48,25.6917
2021-01-02 00:00:00,o3,PIIANN,2.04,11.528486
2023-12-05 22:00:00,o3,PIIANN,19.87,17.432554
2023-12-06 05:00:00,o3,PIIANN,1.9750004,4.889574
2025-06-12 03:00:00,o3,PIIANN,10.44,7.2631063
2021-04-01 19:00:00,o3,PIIANN,0.6199999,1.7654533
2023-09-01 22:00:00,o3,PIIANN,10.6325,8.262716
2022-11-10 09:00:00,o3,PIIANN,10.32,6.8552485
2022-11-10 10:00:00,o3,PIIANN,6.3899994,11.117153
2023-10-01 12:00:00,o3,PIIANN,5.8674994,11.004722
2024-08-05 02:00:00,o3,PIIANN,4.84,8.664389
2025-03-05 23:00:00,o3,PIIANN,14.9,15.99113
2021-11-08 16:00:00,o3,PIIANN,74.05,66.3279
2022-05-03 03:00:00,o3,PIIANN,22.12,24.269365
2023-02-07 02:00:00,o3,PIIANN,9.606667,10.140422
2022-04-08 15:00:00,o3,PIIANN,34.62,24.82238
2023-07-05 23:00:00,o3,PIIANN,9.3475,14.139476
2022-04-08 00:00:00,o3,PIIANN,4.87,17.812271
2021-12-03 08:00:00,o3,PIIANN,18.9,19.883705
2021-07-08 03:00:00,o3,PIIANN,49.47,67.6661
2025-06-04 17:00:00,o3,PIIANN,15.56,15.754405
2022-07-12 01:00:00,o3,PIIANN,10.43,10.264645
2023-01-11 10:00:00,o3,PIIANN,11.4525,11.259057
2025-09-12 22:00:00,o3,PIIANN,23.74,34.569702
2021-02-05 15:00:00,o3,PIIANN,63.41,51.847797
2022-10-06 23:00:00,o3,PIIANN,19.19,17.89805
2022-09-02 22:00:00,o3,PIIANN,47.94,40.63023
2023-11-05 13:00:00,o3,PIIANN,17.7375,12.179234
2025-11-03 06:00:00,o3,PIIANN,13.46,12.855956
2022-05-09 04:00:00,o3,PIIANN,5.8,11.648086
2023-10-03 21:00:00,o3,PIIANN,11.7225,13.055058
2021-01-10 21:00:00,o3,PIIANN,12.04,15.227606
2021-03-04 01:00:00,o3,PIIANN,14.64,42.742317
2025-05-10 13:00:00,o3,PIIANN,4.4799995,4.850769
2021-09-13 00:00:00,o3,PIIANN,23.013626,23.975729
2021-09-05 03:00:00,o3,PIIANN,46.68,17.066427
2022-09-11 17:00:00,o3,PIIANN,4.0999994,5.477538
2023-09-04 11:00:00,o3,PIIANN,4.575,7.7084026
2024-03-08 10:00:00,o3,PIIANN,15.27,15.720925
2025-10-02 14:00:00,o3,PIIANN,11.58,11.857044
2023-07-08 13:00:00,o3,PIIANN,13.7075,15.86767
2024-01-08 00:00:00,o3,PIIANN,12.18,13.130384
2024-11-11 01:00:00,o3,PIIANN,7.7899995,10.960501
2024-08-02 20:00:00,o3,PIIANN,5.08,6.6185102
2023-03-08 14:00:00,o3,PIIANN,14.305,13.597428
2025-03-05 14:00:00,o3,PIIANN,11.4,16.37536
2023-03-05 05:00:00,o3,PIIANN,2.2749996,2.8419485
2023-07-10 04:00:00,o3,PIIANN,6.3449993,9.889768
2024-09-10 14:00:00,o3,PIIANN,12.58,11.688273
2022-09-09 14:00:00,o3,PIIANN,19.46,16.06502
2021-02-09 17:00:00,o3,PIIANN,12.04,14.522515
2021-09-12 22:00:00,o3,PIIANN,21.51,23.545252
2025-01-05 01:00:00,o3,PIIANN,15.46,15.494285
2023-04-10 17:00:00,o3,PIIANN,13.1275,15.362314
2025-08-12 23:00:00,o3,PIIANN,8.82,12.305601
2022-05-04 03:00:00,o3,PIIANN,5.2,11.142487
2025-02-11 19:00:00,o3,PIIANN,7.62,7.222493
2022-08-09 12:00:00,o3,PIIANN,4.6399994,3.3556051
2023-11-09 18:00:00,o3,PIIANN,14.8275,15.52994
2023-08-02 16:00:00,o3,PIIANN,3.6724997,8.074436
2022-12-10 22:00:00,o3,PIIANN,9.86,9.8701
2022-07-10 20:00:00,o3,PIIANN,14.36,12.635656
2021-01-04 02:00:00,o3,PIIANN,30.12,24.158428
2024-01-03 01:00:00,o3,PIIANN,8.45,8.903883
2025-02-04 13:00:00,o3,PIIANN,16.85,14.141247
2023-01-01 09:00:00,o3,PIIANN,0.9375,6.966692
2021-09-03 08:00:00,o3,PIIANN,58.04,50.463173
2025-05-06 17:00:00,o3,PIIANN,12.61,10.788045
2024-10-11 19:00:00,o3,PIIANN,8.03,10.110786
2025-05-10 01:00:00,o3,PIIANN,2.4799995,2.034624
2021-11-02 04:00:00,o3,PIIANN,12.04,11.246581
2023-06-06 19:00:00,o3,PIIANN,33.205,21.65384
2021-04-05 04:00:00,o3,PIIANN,89.88,51.515106
2025-03-04 18:00:00,o3,PIIANN,15.0,14.707071
2021-11-03 20:00:00,o3,PIIANN,9.51,11.661959
2024-06-08 15:00:00,o3,PIIANN,8.34,12.3347435
2021-05-12 19:00:00,o3,PIIANN,31.85,38.453487
2021-09-08 22:00:00,o3,PIIANN,16.66,15.061434
2024-09-07 14:00:00,o3,PIIANN,13.96,12.46599
2022-11-04 16:00:00,o3,PIIANN,13.83,12.347395
2021-11-10 13:00:00,o3,PIIANN,43.73,50.874798
2025-07-12 00:00:00,o3,PIIANN,10.04,3.7503633
2025-05-06 14:00:00,o3,PIIANN,9.42,14.98625
2024-04-09 18:00:00,o3,PIIANN,10.64,12.88527
2025-11-06 08:00:00,o3,PIIANN,117.04,42.71137
2022-10-07 21:00:00,o3,PIIANN,22.412,24.002077
2025-05-02 02:00:00,o3,PIIANN,13.79,13.853787
2021-07-02 23:00:00,o3,PIIANN,6.785,9.99655
2024-02-04 04:00:00,o3,PIIANN,2.8999996,5.612958
2023-04-06 01:00:00,o3,PIIANN,11.1775,10.166966
2023-05-08 04:00:00,o3,PIIANN,4.0,4.918915
2025-03-08 01:00:00,o3,PIIANN,20.23,14.885492
2024-06-07 01:00:00,o3,PIIANN,13.0,13.340793
2022-01-11 23:00:00,o3,PIIANN,0.8000002,1.4705753
2025-05-08 01:00:00,o3,PIIANN,10.19,11.846238
2022-09-04 18:00:00,o3,PIIANN,14.66,15.329133
2021-03-12 20:00:00,o3,PIIANN,17.67,17.86568
2023-04-03 04:00:00,o3,PIIANN,20.5225,13.519535
2022-02-08 12:00:00,o3,PIIANN,38.89,32.994274
2022-02-08 09:00:00,o3,PIIANN,29.82,14.090542
2021-10-08 12:00:00,o3,PIIANN,43.33,27.614782
2025-10-12 09:00:00,o3,PIIANN,10.39,8.733601
2022-06-11 05:00:00,o3,PIIANN,4.3899994,2.1307878
2025-01-08 17:00:00,o3,PIIANN,29.79,24.406776
2025-12-08 02:00:00,o3,PIIANN,2.13,8.237329
2025-09-10 04:00:00,o3,PIIANN,0.85999966,1.8435574
2024-08-07 10:00:00,o3,PIIANN,15.47,15.861482
2022-12-12 13:00:00,o3,PIIANN,6.79,6.860202
2023-06-10 22:00:00,o3,PIIANN,11.8625,13.360462
2025-07-05 09:00:00,o3,PIIANN,8.92,14.641206
2025-03-08 19:00:00,o3,PIIANN,21.76,13.040295
2025-08-05 09:00:00,o3,PIIANN,10.14,14.043783
2021-12-04 12:00:00,o3,PIIANN,13.98,20.12294
2023-08-02 23:00:00,o3,PIIANN,5.8599997,6.242038
2023-03-07 06:00:00,o3,PIIANN,3.6599998,6.2599134
2023-12-09 21:00:00,o3,PIIANN,18.4625,18.838696
2022-07-03 06:00:00,o3,PIIANN,59.66,54.57724
2024-07-04 03:00:00,o3,PIIANN,3.6400003,4.6410236
2022-07-02 22:00:00,o3,PIIANN,39.6,34.179028
2021-09-04 19:00:00,o3,PIIANN,66.94,56.693676
2023-08-10 20:00:00,o3,PIIANN,4.9799995,6.215972
2023-08-05 03:00:00,o3,PIIANN,5.6033335,7.0121975
2023-10-02 06:00:00,o3,PIIANN,0.89000034,6.3729362
2023-08-02 05:00:00,o3,PIIANN,1.0050001,5.088272
2021-07-06 23:00:00,o3,PIIANN,4.21,47.46947
2024-02-10 07:00:00,o3,PIIANN,16.29,15.776112
2021-09-09 00:00:00,o3,PIIANN,75.9,19.706919
2023-01-10 19:00:00,o3,PIIANN,7.2349997,8.025178
2023-11-04 06:00:00,o3,PIIANN,2.3975,5.7818136
2023-11-12 11:00:00,o3,PIIANN,11.8375,10.318638
2021-10-08 05:00:00,o3,PIIANN,16.65,20.715096
2024-01-08 06:00:00,o3,PIIANN,14.34,14.397807
2023-11-03 13:00:00,o3,PIIANN,7.45,8.055656
2022-10-02 08:00:00,o3,PIIANN,25.99,12.674074
2024-01-11 14:00:00,o3,PIIANN,15.1,17.154358
2021-05-08 18:00:00,o3,PIIANN,54.75,62.592262
2023-06-06 17:00:00,o3,PIIANN,28.25,19.62195
2025-01-10 15:00:00,o3,PIIANN,2.6099997,3.5417747
2022-12-06 02:00:00,o3,PIIANN,16.13,18.111485
2023-11-11 12:00:00,o3,PIIANN,17.87,16.874199
2025-09-10 13:00:00,o3,PIIANN,6.4799995,6.642398
2023-09-09 11:00:00,o3,PIIANN,8.3175,8.4429865
2024-10-03 04:00:00,o3,PIIANN,7.3999996,8.918039
2023-12-10 22:00:00,o3,PIIANN,8.205,11.33848
2023-12-10 01:00:00,o3,PIIANN,11.265,12.436503
2023-11-05 01:00:00,o3,PIIANN,6.8199997,10.189801
2024-11-03 12:00:00,o3,PIIANN,9.35,10.280361
2025-10-02 09:00:00,o3,PIIANN,14.95,13.398661
2025-09-07 15:00:00,o3,PIIANN,14.496,15.921928
2022-08-11 16:00:00,o3,PIIANN,4.51,6.379467
2024-11-09 19:00:00,o3,PIIANN,9.83,10.21214
2025-11-03 05:00:00,o3,PIIANN,12.14,14.00736
2023-01-03 22:00:00,o3,PIIANN,12.6675,10.22076
2022-06-09 06:00:00,o3,PIIANN,3.9650002,7.4350243
2025-03-06 11:00:00,o3,PIIANN,13.27,14.662325
2022-11-08 01:00:00,o3,PIIANN,6.24,8.003152
2024-11-10 19:00:00,o3,PIIANN,13.26,13.183714
2023-11-05 00:00:00,o3,PIIANN,7.7875,9.689058
2025-06-04 08:00:00,o3,PIIANN,16.16,18.426647
2021-02-03 15:00:00,o3,PIIANN,3.8400002,9.125229
2022-05-12 14:00:00,o3,PIIANN,9.2,8.60175
2025-06-03 09:00:00,o3,PIIANN,15.02,17.115925
2025-01-04 19:00:00,o3,PIIANN,14.58,13.034216
2022-06-04 14:00:00,o3,PIIANN,18.43,14.791483
2022-08-04 21:00:00,o3,PIIANN,6.8899994,11.185258
2024-02-09 15:00:00,o3,PIIANN,10.57,12.829877
2022-10-06 21:00:00,o3,PIIANN,23.26,21.03267
2021-02-02 07:00:00,o3,PIIANN,4.4699993,13.223438
2021-03-11 13:00:00,o3,PIIANN,0.090000175,3.1293812
2024-01-05 06:00:00,o3,PIIANN,2.8199997,4.945648
2022-07-04 16:00:00,o3,PIIANN,11.78,13.913106
2025-02-06 21:00:00,o3,PIIANN,11.08,9.942568
2023-05-06 08:00:00,o3,PIIANN,12.49,11.138932
2025-01-05 11:00:00,o3,PIIANN,15.8,15.511375
2021-08-08 07:00:00,o3,PIIANN,88.244,76.44173
2025-09-10 11:00:00,o3,PIIANN,3.96,6.1125956
2025-12-07 18:00:00,o3,PIIANN,2.5699997,11.396763
2021-10-12 10:00:00,o3,PIIANN,21.66,17.361202
2022-07-10 18:00:00,o3,PIIANN,22.83,26.281471
2022-04-07 04:00:00,o3,PIIANN,19.213333,17.79789
2025-04-09 21:00:00,o3,PIIANN,3.83,3.3757734
2024-03-12 01:00:00,o3,PIIANN,13.25,15.303334
2025-06-03 08:00:00,o3,PIIANN,16.08,16.110434
2025-12-02 05:00:00,o3,PIIANN,16.27,12.788172
2023-09-05 17:00:00,o3,PIIANN,9.14,9.739704
2023-08-09 00:00:00,o3,PIIANN,3.7924995,23.908653
2021-09-07 12:00:00,o3,PIIANN,31.522,27.880627
2022-01-08 01:00:00,o3,PIIANN,28.77,27.317041
2022-03-09 12:00:00,o3,PIIANN,31.94,25.454863
2024-01-05 02:00:00,o3,PIIANN,3.8499994,5.0994425
2024-08-12 01:00:00,o3,PIIANN,14.8,15.909702
2025-03-05 01:00:00,o3,PIIANN,15.87,16.896955
2023-04-11 18:00:00,o3,PIIANN,5.5424995,8.588634
2025-02-04 01:00:00,o3,PIIANN,13.59,11.048667
2023-12-08 07:00:00,o3,PIIANN,7.1949997,9.803726
2023-05-09 04:00:00,o3,PIIANN,4.7974997,8.3790045
2023-08-11 11:00:00,o3,PIIANN,8.6275,8.629711
2025-05-05 03:00:00,o3,PIIANN,11.95,13.699972
2024-12-08 17:00:00,o3,PIIANN,8.37,11.313134
2023-04-06 07:00:00,o3,PIIANN,7.1549997,9.328086
2025-04-08 12:00:00,o3,PIIANN,16.78,15.03106
2025-02-02 09:00:00,o3,PIIANN,15.81,17.109745
2024-02-08 12:00:00,o3,PIIANN,10.62,14.20543
2021-05-03 07:00:00,o3,PIIANN,6.3099995,40.705494
2023-03-12 08:00:00,o3,PIIANN,5.9174995,6.4452267
2025-01-07 07:00:00,o3,PIIANN,10.19,10.647968
2024-09-01 13:00:00,o3,PIIANN,14.28,16.561071
2023-01-12 05:00:00,o3,PIIANN,3.755,5.540675
2023-03-07 10:00:00,o3,PIIANN,5.16,6.2123976
2025-12-05 16:00:00,o3,PIIANN,1.5,5.2793407
2024-08-06 07:00:00,o3,PIIANN,105.065,63.448742
2022-09-08 15:00:00,o3,PIIANN,24.46,27.072811
2025-01-02 05:00:00,o3,PIIANN,16.75,16.791239
2022-06-11 01:00:00,o3,PIIANN,3.0,7.1882496
2024-03-10 03:00:00,o3,PIIANN,14.0,16.981234
2025-04-05 06:00:00,o3,PIIANN,14.59,15.975465
2023-09-03 00:00:00,o3,PIIANN,12.095,4.3411493
2024-08-10 07:00:00,o3,PIIANN,14.18,12.9921665
2022-12-11 17:00:00,o3,PIIANN,4.2199993,5.8918457
2025-10-12 04:00:00,o3,PIIANN,9.7,7.1488953
2023-06-05 12:00:00,o3,PIIANN,19.0475,14.66872
2025-02-08 02:00:00,o3,PIIANN,15.26,17.64163
2023-01-03 07:00:00,o3,PIIANN,11.5475,10.123416
2021-02-02 23:00:00,o3,PIIANN,12.04,16.023138
2024-12-09 02:00:00,o3,PIIANN,17.27,16.011032
2022-02-07 06:00:00,o3,PIIANN,27.44,27.684235
2025-01-09 11:00:00,o3,PIIANN,1.4300003,3.3699932
2022-07-12 09:00:00,o3,PIIANN,11.51,11.075507
2025-08-12 10:00:00,o3,PIIANN,7.75,6.158599
2022-02-01 10:00:00,o3,PIIANN,12.04,13.101295
2024-03-12 02:00:00,o3,PIIANN,19.92,14.509227
2023-09-06 09:00:00,o3,PIIANN,10.9075,10.249795
2021-08-07 01:00:00,o3,PIIANN,0.9399996,10.378089
2021-06-04 20:00:00,o3,PIIANN,29.56,20.170675
2023-06-04 06:00:00,o3,PIIANN,3.1975002,5.290107
2024-02-05 02:00:00,o3,PIIANN,5.59,8.39534
2021-05-02 19:00:00,o3,PIIANN,12.04,13.919909
2023-05-08 23:00:00,o3,PIIANN,18.8125,18.738382
2021-05-05 03:00:00,o3,PIIANN,46.18,13.53992
2024-06-04 15:00:00,o3,PIIANN,6.42,7.557434
2025-08-11 01:00:00,o3,PIIANN,5.7799997,6.6580048
2022-09-12 10:00:00,o3,PIIANN,8.32,11.562727
2022-04-08 05:00:00,o3,PIIANN,2.9899998,7.921689
2021-05-01 21:00:00,o3,PIIANN,3.1400003,5.635969
2024-08-13 01:00:00,o3,PIIANN,15.504486,13.808672
2023-08-06 18:00:00,o3,PIIANN,25.06,20.540682
2024-09-02 14:00:00,o3,PIIANN,5.3599997,6.879401
2023-07-06 21:00:00,o3,PIIANN,23.4075,14.179368
2025-08-02 18:00:00,o3,PIIANN,16.15,14.143067
2025-08-03 03:00:00,o3,PIIANN,16.1,7.3246727
2023-02-09 11:00:00,o3,PIIANN,17.3475,12.527458
2025-11-05 17:00:00,o3,PIIANN,7.74,9.1854315
2021-10-02 08:00:00,o3,PIIANN,15.46,31.264671
2021-06-04 17:00:00,o3,PIIANN,18.21,18.950306
2023-12-09 03:00:00,o3,PIIANN,6.2733335,9.847575
2025-03-10 15:00:00,o3,PIIANN,4.7799997,6.5281897
2023-12-12 23:00:00,o3,PIIANN,15.2725,14.839812
2024-08-02 08:00:00,o3,PIIANN,3.0999994,9.10563
2024-02-09 08:00:00,o3,PIIANN,14.35,15.515408
2021-11-07 11:00:00,o3,PIIANN,12.04,13.672369
2024-06-06 15:00:00,o3,PIIANN,11.88,13.729868
2022-06-10 23:00:00,o3,PIIANN,17.53,16.716766
2023-10-06 16:00:00,o3,PIIANN,27.44,18.429354
2023-09-06 05:00:00,o3,PIIANN,11.055,12.256604
2021-02-05 02:00:00,o3,PIIANN,71.18,45.38484
2023-07-05 00:00:00,o3,PIIANN,5.0024996,5.40835
2025-03-11 09:00:00,o3,PIIANN,4.84,7.4804077
2023-11-05 06:00:00,o3,PIIANN,2.3824997,4.259943
2025-03-03 12:00:00,o3,PIIANN,17.26,16.484964
2023-06-08 16:00:00,o3,PIIANN,24.5775,17.708515
2025-07-05 17:00:00,o3,PIIANN,6.04,8.532526
2021-08-01 14:00:00,o3,PIIANN,3.54,3.4088488
2025-12-06 16:00:00,o3,PIIANN,4.34,8.17621
2023-07-09 19:00:00,o3,PIIANN,11.3475,11.690446
2025-05-07 07:00:00,o3,PIIANN,16.1,12.664022
2021-11-06 19:00:00,o3,PIIANN,13.8,10.8618765
2022-04-04 13:00:00,o3,PIIANN,9.63,11.679362
2024-08-10 21:00:00,o3,PIIANN,12.32,13.286246
2021-05-11 15:00:00,o3,PIIANN,0.10999968,3.7780685
2024-02-04 08:00:00,o3,PIIANN,3.3000002,4.6871357
2024-04-08 19:00:00,o3,PIIANN,14.62,10.160678
2024-04-10 12:00:00,o3,PIIANN,9.94,16.487917
2024-06-08 19:00:00,o3,PIIANN,9.46,8.086994
2024-03-02 08:00:00,o3,PIIANN,5.8,7.7849355
2022-06-05 20:00:00,o3,PIIANN,24.14,22.268919
2022-09-05 03:00:00,o3,PIIANN,13.04,14.230698
2021-03-05 10:00:00,o3,PIIANN,87.6,65.056366
2023-05-10 07:00:00,o3,PIIANN,5.7174997,7.7922034
2023-08-07 05:00:00,o3,PIIANN,3.6750002,5.5878744
2025-04-11 23:00:00,o3,PIIANN,4.05,4.4676723
2025-11-02 04:00:00,o3,PIIANN,10.94,6.8983927
2021-06-12 13:00:00,o3,PIIANN,29.13,29.71918
2021-03-05 16:00:00,o3,PIIANN,63.37,70.866745
2022-02-11 00:00:00,o3,PIIANN,1.4899998,5.829591
2023-08-03 04:00:00,o3,PIIANN,12.27,11.752114
2022-02-04 17:00:00,o3,PIIANN,17.5,14.573742
2023-10-06 07:00:00,o3,PIIANN,6.9275,8.829819
2023-12-05 19:00:00,o3,PIIANN,25.045,24.285458
2023-02-07 15:00:00,o3,PIIANN,10.325,11.012153
2025-10-02 21:00:00,o3,PIIANN,10.85,12.606265
2023-12-08 03:00:00,o3,PIIANN,13.91,13.574878
2021-11-02 15:00:00,o3,PIIANN,12.04,12.666535
2023-02-09 00:00:00,o3,PIIANN,9.905,8.237475
2024-03-03 21:00:00,o3,PIIANN,11.68,12.29127
2022-02-11 22:00:00,o3,PIIANN,0.18000033,-4.2059927
2022-05-07 14:00:00,o3,PIIANN,28.9,27.054283
2021-03-12 21:00:00,o3,PIIANN,10.88,18.42459
2023-12-08 23:00:00,o3,PIIANN,4.7824993,1.810914
2023-07-04 12:00:00,o3,PIIANN,2.6374998,3.3898697
2023-11-12 21:00:00,o3,PIIANN,15.545,16.71626
2021-09-12 13:00:00,o3,PIIANN,22.76,25.230291
2022-08-05 02:00:00,o3,PIIANN,31.26,29.441692
2024-11-12 03:00:00,o3,PIIANN,14.37,13.079144
2024-11-05 21:00:00,o3,PIIANN,7.1099997,9.905368
2025-01-09 23:00:00,o3,PIIANN,2.63,2.0478144
2024-05-04 06:00:00,o3,PIIANN,2.75,4.3462687
2022-09-03 23:00:00,o3,PIIANN,40.46,34.040024
2021-12-04 07:00:00,o3,PIIANN,30.48,23.820639
2021-02-03 14:00:00,o3,PIIANN,5.91,12.371266
2023-10-07 12:00:00,o3,PIIANN,10.03,9.001912
2024-08-01 22:00:00,o3,PIIANN,18.71,19.766422
2025-03-09 13:00:00,o3,PIIANN,2.54,2.871642
2023-02-13 02:00:00,o3,PIIANN,6.006838,5.7524405
2021-05-02 20:00:00,o3,PIIANN,12.04,15.523746
2021-02-08 14:00:00,o3,PIIANN,10.45,22.625551
2025-12-03 22:00:00,o3,PIIANN,15.83,18.742222
2024-10-03 18:00:00,o3,PIIANN,6.7699995,7.94819
2021-11-02 05:00:00,o3,PIIANN,12.04,12.153477
2025-09-09 06:00:00,o3,PIIANN,2.7799997,5.6325464
2021-12-04 02:00:00,o3,PIIANN,33.01,22.962305
2023-12-05 10:00:00,o3,PIIANN,6.7325,6.5284166
2023-12-04 17:00:00,o3,PIIANN,6.1324997,6.0323896
2025-12-08 22:00:00,o3,PIIANN,9.91,2.0120144
2023-08-01 23:00:00,o3,PIIANN,16.9375,17.303574
2023-09-03 07:00:00,o3,PIIANN,2.9425,5.2016287
2023-07-10 14:00:00,o3,PIIANN,7.795,12.431989
2025-05-08 03:00:00,o3,PIIANN,11.7,11.347888
2021-04-10 07:00:00,o3,PIIANN,22.48,19.17837
2022-05-10 11:00:00,o3,PIIANN,6.74,5.013777
2024-07-12 11:00:00,o3,PIIANN,17.11,16.236076
2025-02-11 02:00:00,o3,PIIANN,4.5199995,-1.8869314
2024-11-04 17:00:00,o3,PIIANN,5.5299997,6.1534653
2024-06-05 11:00:00,o3,PIIANN,5.7,9.735998
2024-11-08 23:00:00,o3,PIIANN,5.74,9.269179
2024-01-11 23:00:00,o3,PIIANN,15.1,12.51675
2022-03-12 07:00:00,o3,PIIANN,0.19999984,0.32294658
2021-08-09 06:00:00,o3,PIIANN,18.17,19.824047
2022-11-07 18:00:00,o3,PIIANN,12.04,11.143567
2022-01-11 02:00:00,o3,PIIANN,3.3000002,6.3261776
2021-01-05 13:00:00,o3,PIIANN,82.7,31.818884
2024-11-03 20:00:00,o3,PIIANN,8.56,10.385696
2023-08-11 22:00:00,o3,PIIANN,10.7575,11.080435
2024-08-03 16:00:00,o3,PIIANN,6.7,9.17331
2022-02-09 15:00:00,o3,PIIANN,21.74,19.685356
2024-01-11 11:00:00,o3,PIIANN,14.68,15.81174
2024-04-03 07:00:00,o3,PIIANN,2.6899996,4.0746775
2023-12-07 12:00:00,o3,PIIANN,11.7875,9.846717
2024-01-01 14:00:00,o3,PIIANN,13.12,13.574366
2022-01-06 19:00:00,o3,PIIANN,49.92,55.791668
2023-03-05 10:00:00,o3,PIIANN,4.9349995,4.732147
2025-03-01 17:00:00,o3,PIIANN,9.04,8.72829
2023-08-07 10:00:00,o3,PIIANN,9.1925,7.501381
2025-11-11 00:00:00,o3,PIIANN,12.33,7.560915
2021-07-07 18:00:00,o3,PIIANN,30.06,41.44756
2024-10-11 20:00:00,o3,PIIANN,6.99,8.474788
2025-07-09 21:00:00,o3,PIIANN,6.7799997,3.404213
2021-12-03 18:00:00,o3,PIIANN,12.11,6.361576
2022-02-06 13:00:00,o3,PIIANN,54.89,45.769695
2024-03-05 16:00:00,o3,PIIANN,6.5999994,6.25965
2024-10-02 07:00:00,o3,PIIANN,3.2200003,6.5524254
2025-06-11 13:00:00,o3,PIIANN,53.8,12.642494
2023-05-02 19:00:00,o3,PIIANN,15.64,11.785083
2022-08-03 19:00:00,o3,PIIANN,44.19,42.597427
2024-08-03 01:00:00,o3,PIIANN,6.4799995,8.693537
2023-01-13 01:00:00,o3,PIIANN,10.382517,9.311417
2022-04-04 05:00:00,o3,PIIANN,6.99,13.993576
2024-04-03 05:00:00,o3,PIIANN,3.2799997,4.01972
2023-01-05 05:00:00,o3,PIIANN,4.4399996,6.9710054
2022-06-01 13:00:00,o3,PIIANN,25.88,23.845837
2023-02-12 13:00:00,o3,PIIANN,6.245,8.041526
2024-04-10 14:00:00,o3,PIIANN,9.17,12.724071
2024-09-03 09:00:00,o3,PIIANN,5.08,7.458212
2025-03-11 13:00:00,o3,PIIANN,14.6,15.196565
2024-05-10 15:00:00,o3,PIIANN,10.72,13.472363
2023-11-06 17:00:00,o3,PIIANN,16.045,9.816194
2024-08-10 16:00:00,o3,PIIANN,12.21,10.3663025
2025-01-04 17:00:00,o3,PIIANN,12.69,13.761708
2021-05-11 04:00:00,o3,PIIANN,0.18000033,-1.3325186
2021-05-10 06:00:00,o3,PIIANN,6.41,16.90398
2021-12-10 00:00:00,o3,PIIANN,55.03,10.518876
2023-03-04 22:00:00,o3,PIIANN,6.3599997,6.7761965
2023-11-08 07:00:00,o3,PIIANN,6.6724997,7.5713234
2021-11-10 10:00:00,o3,PIIANN,67.37,53.474022
2024-10-07 23:00:00,o3,PIIANN,13.22,13.704779
2021-08-05 01:00:00,o3,PIIANN,48.82,39.74173
2023-10-04 09:00:00,o3,PIIANN,5.2,7.9937806
2022-11-05 13:00:00,o3,PIIANN,44.25,34.58438
2023-11-06 06:00:00,o3,PIIANN,5.545,6.141555
2021-04-07 10:00:00,o3,PIIANN,41.44,30.649704
2021-11-09 09:00:00,o3,PIIANN,70.36,73.005516
2025-01-10 19:00:00,o3,PIIANN,2.8099995,2.6945648
2023-03-05 12:00:00,o3,PIIANN,7.0424995,7.3602552
2022-03-08 22:00:00,o3,PIIANN,6.8599997,12.367418
2022-08-11 08:00:00,o3,PIIANN,3.7399998,6.157222
2021-06-13 00:00:00,o3,PIIANN,19.802309,18.410976
2023-09-11 06:00:00,o3,PIIANN,5.5675,7.466486
2025-03-11 10:00:00,o3,PIIANN,21.85,8.334526
2025-07-08 14:00:00,o3,PIIANN,12.04,13.703472
2022-09-07 18:00:00,o3,PIIANN,17.84,19.692955
2025-12-01 18:00:00,o3,PIIANN,15.11,16.05391
2023-08-07 18:00:00,o3,PIIANN,24.6025,15.192432
2022-05-07 13:00:00,o3,PIIANN,28.24,25.798796
2023-02-08 18:00:00,o3,PIIANN,14.345,11.76324
2023-09-04 18:00:00,o3,PIIANN,5.625,6.085662
2022-08-09 04:00:00,o3,PIIANN,1.4899998,4.4013844
2023-04-08 04:00:00,o3,PIIANN,7.005,6.8828382
2023-12-05 02:00:00,o3,PIIANN,5.253333,6.489605
2023-07-08 11:00:00,o3,PIIANN,12.6575,14.533467
2023-05-03 09:00:00,o3,PIIANN,3.915,5.4479084
2022-01-09 03:00:00,o3,PIIANN,2.9799995,3.5199146
2025-05-09 11:00:00,o3,PIIANN,1.9799995,3.8629923
2025-04-10 16:00:00,o3,PIIANN,21.32,6.712303
2023-07-09 14:00:00,o3,PIIANN,11.5575,10.958974
2025-04-05 15:00:00,o3,PIIANN,10.86,13.6383095
2021-09-11 02:00:00,o3,PIIANN,0.2399998,5.7087917
2021-07-09 20:00:00,o3,PIIANN,19.23,13.485303
2021-02-07 14:00:00,o3,PIIANN,16.44,28.400053
2023-05-04 07:00:00,o3,PIIANN,5.2749996,7.0766516
2021-03-11 17:00:00,o3,PIIANN,0.34000018,1.6372967
2021-01-10 07:00:00,o3,PIIANN,12.04,10.508728
2024-03-01 09:00:00,o3,PIIANN,9.74,7.745329
2021-01-03 22:00:00,o3,PIIANN,10.97,14.062416
2023-06-11 01:00:00,o3,PIIANN,6.675,8.614867
2021-09-09 15:00:00,o3,PIIANN,19.82,25.211107
2024-01-08 22:00:00,o3,PIIANN,10.25,9.675665
2023-08-02 21:00:00,o3,PIIANN,5.6875,6.718754
2021-02-10 19:00:00,o3,PIIANN,29.79,52.63383
2022-02-06 15:00:00,o3,PIIANN,63.43,54.30889
2023-12-10 10:00:00,o3,PIIANN,8.2725,7.140024
2024-10-11 14:00:00,o3,PIIANN,10.4,10.942279
2022-07-08 16:00:00,o3,PIIANN,24.67,24.062096
2024-06-11 22:00:00,o3,PIIANN,15.87,13.489847
2022-01-03 09:00:00,o3,PIIANN,25.94,13.028339
2025-02-01 20:00:00,o3,PIIANN,13.6,11.792976
2024-10-10 16:00:00,o3,PIIANN,12.68,8.344061
2023-07-05 06:00:00,o3,PIIANN,4.2625,6.352029
2025-01-05 15:00:00,o3,PIIANN,12.47,15.015983
2021-02-04 16:00:00,o3,PIIANN,11.796667,16.769785
2025-11-06 03:00:00,o3,PIIANN,9.92,12.474971
2025-04-09 08:00:00,o3,PIIANN,1.8000002,1.9855433
2025-07-11 01:00:00,o3,PIIANN,2.9099998,7.165039
2025-12-01 10:00:00,o3,PIIANN,14.34,15.2276745
2024-06-09 03:00:00,o3,PIIANN,13.49,13.90775
2023-10-08 23:00:00,o3,PIIANN,8.9375,5.852626
2022-09-12 22:00:00,o3,PIIANN,13.81,16.539354
2024-01-12 07:00:00,o3,PIIANN,34.67,13.465491
2025-04-01 08:00:00,o3,PIIANN,15.22,9.7227335
2025-12-03 08:00:00,o3,PIIANN,16.54,18.406416
2024-11-05 18:00:00,o3,PIIANN,9.23,7.76443
2022-05-05 15:00:00,o3,PIIANN,24.52,25.093609
2024-10-06 22:00:00,o3,PIIANN,14.74,13.502865
2025-05-01 22:00:00,o3,PIIANN,9.97,8.7064495
2024-09-11 03:00:00,o3,PIIANN,16.91,13.200457
2023-05-09 15:00:00,o3,PIIANN,10.305,9.632433
2024-03-05 22:00:00,o3,PIIANN,5.8,7.4230824
2022-07-10 12:00:00,o3,PIIANN,36.46,37.065212
2021-02-10 16:00:00,o3,PIIANN,90.2,39.094048
2024-03-12 00:00:00,o3,PIIANN,13.39,16.622698
2021-12-04 03:00:00,o3,PIIANN,81.75,32.125767
2023-12-08 01:00:00,o3,PIIANN,13.42,12.552415
2025-08-04 00:00:00,o3,PIIANN,14.9,12.547147
2025-07-10 01:00:00,o3,PIIANN,1.8199997,3.707981
2021-09-06 06:00:00,o3,PIIANN,12.04,17.310331
2023-11-05 16:00:00,o3,PIIANN,15.593333,14.469853
2022-09-05 05:00:00,o3,PIIANN,8.48,16.32975
2022-05-01 17:00:00,o3,PIIANN,32.89,31.751171
2022-11-03 12:00:00,o3,PIIANN,53.56,47.587498
2024-06-11 10:00:00,o3,PIIANN,12.42,10.610413
2022-02-01 22:00:00,o3,PIIANN,12.04,15.733713
2024-07-11 16:00:00,o3,PIIANN,14.58,12.143599
2021-06-10 12:00:00,o3,PIIANN,32.48,27.94291
2021-02-09 22:00:00,o3,PIIANN,12.04,11.047803
2023-01-07 12:00:00,o3,PIIANN,10.455,8.503813
2024-02-06 04:00:00,o3,PIIANN,9.32,10.683801
2025-04-11 12:00:00,o3,PIIANN,3.3999996,8.023014
2023-05-06 05:00:00,o3,PIIANN,8.7775,10.247556
2023-02-10 15:00:00,o3,PIIANN,9.7475,8.205158
2023-12-04 01:00:00,o3,PIIANN,2.6624994,8.221125
2021-11-05 15:00:00,o3,PIIANN,14.72,32.56476
2022-05-09 06:00:00,o3,PIIANN,1.3999996,5.4179153
2025-04-02 22:00:00,o3,PIIANN,15.3,15.500991
2025-06-11 20:00:00,o3,PIIANN,5.9799995,10.917305
2025-04-12 21:00:00,o3,PIIANN,9.28,8.9203415
2022-03-01 16:00:00,o3,PIIANN,35.63,29.979136
2025-10-02 18:00:00,o3,PIIANN,11.57,11.856169
2024-05-01 12:00:00,o3,PIIANN,12.15,11.632291
2022-03-03 19:00:00,o3,PIIANN,39.25,36.24725
2024-03-06 15:00:00,o3,PIIANN,6.8599997,9.994835
2023-05-10 11:00:00,o3,PIIANN,17.815,14.574258
2023-03-03 19:00:00,o3,PIIANN,13.595,10.871167
2024-02-12 13:00:00,o3,PIIANN,22.75,18.032597
2025-02-06 01:00:00,o3,PIIANN,12.85,18.868313
2023-01-07 18:00:00,o3,PIIANN,12.985,11.68283
2024-07-09 23:00:00,o3,PIIANN,15.86,16.466839
2024-09-06 19:00:00,o3,PIIANN,12.95,13.487397
2022-07-07 12:00:00,o3,PIIANN,80.66,14.5001
2023-06-07 15:00:00,o3,PIIANN,11.8125,11.668557
2024-07-05 14:00:00,o3,PIIANN,5.25,8.474748
2025-09-06 18:00:00,o3,PIIANN,12.03,15.219854
2025-04-03 11:00:00,o3,PIIANN,14.38,18.025755
2022-06-09 00:00:00,o3,PIIANN,13.08,12.636627
2024-08-03 03:00:00,o3,PIIANN,5.6399994,7.8727937
2021-02-11 11:00:00,o3,PIIANN,0.29,1.905118
2023-08-07 13:00:00,o3,PIIANN,10.725,11.209083
2021-02-01 23:00:00,o3,PIIANN,12.04,10.590353
2022-09-05 16:00:00,o3,PIIANN,36.24,34.301437
2023-10-01 15:00:00,o3,PIIANN,6.63,10.139392
2025-07-07 14:00:00,o3,PIIANN,16.61,16.267399
2024-04-11 21:00:00,o3,PIIANN,15.48,15.855104
2025-04-10 12:00:00,o3,PIIANN,3.1800003,5.72316
2021-11-12 23:00:00,o3,PIIANN,21.5,19.94625
2021-12-11 17:00:00,o3,PIIANN,0.8199997,3.5698767
2023-02-05 13:00:00,o3,PIIANN,3.6525002,5.934536
2025-08-12 21:00:00,o3,PIIANN,13.81,18.95489
2022-12-06 16:00:00,o3,PIIANN,58.54,48.96242
2021-09-07 02:00:00,o3,PIIANN,45.89,54.864056
2025-06-10 00:00:00,o3,PIIANN,1.6999998,4.3058434
2025-01-05 02:00:00,o3,PIIANN,14.75,15.157875
2023-08-07 16:00:00,o3,PIIANN,11.965,11.468888
2022-05-10 19:00:00,o3,PIIANN,14.01,11.570464
2022-07-06 22:00:00,o3,PIIANN,34.24,37.465084
2022-06-06 06:00:00,o3,PIIANN,25.23,31.88604
2023-12-08 18:00:00,o3,PIIANN,13.5875,14.019415
2025-03-06 01:00:00,o3,PIIANN,14.08,17.921381
2023-05-03 08:00:00,o3,PIIANN,4.45,4.0782633
2024-03-07 19:00:00,o3,PIIANN,4.5,6.7182007
2022-09-04 00:00:00,o3,PIIANN,9.64,34.9227
2022-05-10 13:00:00,o3,PIIANN,8.57,9.048664
2023-09-10 03:00:00,o3,PIIANN,5.79,6.960513
2025-05-07 13:00:00,o3,PIIANN,13.86,11.143069
2021-07-05 16:00:00,o3,PIIANN,19.47,27.994587
2023-07-08 19:00:00,o3,PIIANN,24.19,21.768993
2025-12-11 04:00:00,o3,PIIANN,11.29,9.963835
2022-03-03 03:00:00,o3,PIIANN,42.32,38.446224
2021-10-03 07:00:00,o3,PIIANN,1.6700001,12.140139
2023-05-11 02:00:00,o3,PIIANN,4.9466667,5.196203
2021-10-08 10:00:00,o3,PIIANN,30.92,32.12454
2021-10-02 13:00:00,o3,PIIANN,26.32,28.729004
2023-07-03 20:00:00,o3,PIIANN,10.2475,9.631077
2023-01-09 04:00:00,o3,PIIANN,7.2699995,8.832645
2023-12-06 13:00:00,o3,PIIANN,14.0925,10.033947
2023-12-09 12:00:00,o3,PIIANN,8.7725,8.387697
2023-06-11 08:00:00,o3,PIIANN,4.0199995,4.725806
2022-07-05 13:00:00,o3,PIIANN,52.48,58.062065
2021-09-07 05:00:00,o3,PIIANN,13.87,23.731861
2025-11-07 18:00:00,o3,PIIANN,14.16,19.23436
2024-05-04 13:00:00,o3,PIIANN,4.99,6.9294252
2023-08-03 18:00:00,o3,PIIANN,10.65,8.61223
2021-05-04 05:00:00,o3,PIIANN,30.32,31.986376
2025-06-09 07:00:00,o3,PIIANN,2.3400002,2.3448915
2021-07-04 12:00:00,o3,PIIANN,14.99,21.657455
2024-02-12 04:00:00,o3,PIIANN,11.37,15.80785
2024-05-01 13:00:00,o3,PIIANN,11.93,11.77957
2024-11-09 18:00:00,o3,PIIANN,10.35,10.087325
2021-03-03 07:00:00,o3,PIIANN,41.1,32.56741
2023-10-05 22:00:00,o3,PIIANN,7.6825,9.056387
2023-03-09 22:00:00,o3,PIIANN,14.135,12.332967
2025-07-10 14:00:00,o3,PIIANN,6.1899996,6.68791
2021-09-04 09:00:00,o3,PIIANN,65.68,60.147846
2025-05-07 10:00:00,o3,PIIANN,6.3,11.756913
2023-07-09 01:00:00,o3,PIIANN,7.6875,12.246917
2021-01-11 21:00:00,o3,PIIANN,0.27999976,3.014412
2021-06-05 17:00:00,o3,PIIANN,2.1599998,17.744862
2022-11-09 02:00:00,o3,PIIANN,5.21,11.907253
2025-09-07 08:00:00,o3,PIIANN,13.71,9.621655
2023-04-10 15:00:00,o3,PIIANN,14.915,15.698506
2025-12-05 14:00:00,o3,PIIANN,2.1999998,6.57792
2025-02-11 12:00:00,o3,PIIANN,5.29,8.39552
2021-08-12 19:00:00,o3,PIIANN,17.04,17.86134
2021-08-12 10:00:00,o3,PIIANN,17.45,13.660386
2022-04-02 21:00:00,o3,PIIANN,27.12,22.582106
2023-06-07 23:00:00,o3,PIIANN,5.8125,7.717763
2024-12-09 03:00:00,o3,PIIANN,16.22,16.718481
2022-06-11 23:00:00,o3,PIIANN,15.34,15.094463
2024-01-03 08:00:00,o3,PIIANN,4.51,6.2925205
2025-11-08 19:00:00,o3,PIIANN,1.7200003,7.1539125
2022-04-06 23:00:00,o3,PIIANN,25.34,27.443285
2021-05-12 00:00:00,o3,PIIANN,32.11,2.1653452
2023-02-10 17:00:00,o3,PIIANN,9.54,8.925942
2022-12-08 02:00:00,o3,PIIANN,7.7,14.877752
2022-12-03 22:00:00,o3,PIIANN,19.13,31.40452
2023-02-04 21:00:00,o3,PIIANN,5.9825,6.119872
2025-04-02 21:00:00,o3,PIIANN,14.82,14.194935
2024-07-02 04:00:00,o3,PIIANN,3.1599998,2.301117
2025-12-10 07:00:00,o3,PIIANN,2.8900003,5.6992493
2023-10-04 14:00:00,o3,PIIANN,4.875,7.116969
2025-09-09 17:00:00,o3,PIIANN,5.2799997,6.526779
2024-04-05 06:00:00,o3,PIIANN,5.4699993,7.3601713
2022-07-09 09:00:00,o3,PIIANN,8.45,7.213232
2022-07-01 16:00:00,o3,PIIANN,24.17,20.825348
2022-11-03 15:00:00,o3,PIIANN,48.31,45.89941
2023-02-01 17:00:00,o3,PIIANN,3.7624998,4.7097387
2021-02-08 00:00:00,o3,PIIANN,33.28,15.3222
2024-10-11 17:00:00,o3,PIIANN,8.96,10.0858345
2022-09-12 23:00:00,o3,PIIANN,13.63,17.280115
2024-04-05 07:00:00,o3,PIIANN,5.62,7.9448915
2022-02-03 08:00:00,o3,PIIANN,8.75,7.8562355
2022-04-08 14:00:00,o3,PIIANN,31.92,21.20121
2021-02-05 03:00:00,o3,PIIANN,21.97,58.93138
2021-02-12 03:00:00,o3,PIIANN,26.62,41.983387
2023-10-03 15:00:00,o3,PIIANN,7.88,8.741161
2023-09-06 22:00:00,o3,PIIANN,15.6325,14.4817915
2021-02-12 05:00:00,o3,PIIANN,36.28,30.620611
2023-08-03 02:00:00,o3,PIIANN,12.223333,10.99293
2021-10-09 20:00:00,o3,PIIANN,66.86,56.76707
2023-05-06 04:00:00,o3,PIIANN,9.815,12.993338
2021-06-10 06:00:00,o3,PIIANN,40.71,36.04456
2025-01-02 00:00:00,o3,PIIANN,14.89,12.44393
2023-05-09 01:00:00,o3,PIIANN,8.6575,13.22284
2022-11-11 16:00:00,o3,PIIANN,8.99,10.997586
2025-12-06 14:00:00,o3,PIIANN,7.46,10.847305
2025-02-06 19:00:00,o3,PIIANN,7.71,9.738849
2024-07-12 14:00:00,o3,PIIANN,17.21,15.369559
2023-06-09 03:00:00,o3,PIIANN,6.9333334,8.482987
2025-07-02 08:00:00,o3,PIIANN,16.12,15.308499
2023-03-12 23:00:00,o3,PIIANN,8.28,7.6190796
2024-04-07 19:00:00,o3,PIIANN,5.271428,7.3225813
2025-09-11 02:00:00,o3,PIIANN,4.8,5.92937
2025-08-02 09:00:00,o3,PIIANN,16.39,15.261849
2023-09-10 14:00:00,o3,PIIANN,8.795,8.594911
2024-05-10 06:00:00,o3,PIIANN,14.04,15.024681
2021-01-11 01:00:00,o3,PIIANN,12.04,13.628988
2024-02-08 21:00:00,o3,PIIANN,13.48,9.283089
2025-12-05 07:00:00,o3,PIIANN,14.19,14.737117
2021-12-11 13:00:00,o3,PIIANN,0.64000034,5.0693645
2022-01-09 22:00:00,o3,PIIANN,0.875,-2.5733004
2023-03-09 16:00:00,o3,PIIANN,20.77,18.168587
2024-12-09 11:00:00,o3,PIIANN,12.88,14.042569
2023-03-05 14:00:00,o3,PIIANN,7.09,7.62924
2023-09-03 20:00:00,o3,PIIANN,10.5025,10.700957
2021-04-09 08:00:00,o3,PIIANN,28.98,23.726778
2023-12-04 13:00:00,o3,PIIANN,5.34,6.588957
2021-08-05 20:00:00,o3,PIIANN,26.15,33.054996
2021-06-12 14:00:00,o3,PIIANN,29.15,27.965073
2022-07-08 08:00:00,o3,PIIANN,10.46,12.196166
2024-05-07 02:00:00,o3,PIIANN,14.9588,14.167416
2025-05-10 11:00:00,o3,PIIANN,3.0100002,5.3086185
2022-08-03 01:00:00,o3,PIIANN,54.14,44.2334
2022-07-02 13:00:00,o3,PIIANN,37.76,34.131268
2024-10-06 14:00:00,o3,PIIANN,7.24,14.473513
2021-09-05 21:00:00,o3,PIIANN,31.720001,16.693998
2023-08-08 22:00:00,o3,PIIANN,25.67,23.298067
2023-10-08 01:00:00,o3,PIIANN,5.7124996,10.002948
2024-03-06 17:00:00,o3,PIIANN,6.3499994,8.792396
2023-12-06 22:00:00,o3,PIIANN,10.56,11.514918
2023-06-09 15:00:00,o3,PIIANN,10.065,10.579729
2025-02-04 15:00:00,o3,PIIANN,18.68,17.613451
2022-04-08 04:00:00,o3,PIIANN,3.6599998,10.395817
2023-03-11 15:00:00,o3,PIIANN,5.0525,6.927637
2023-06-11 21:00:00,o3,PIIANN,5.0424995,7.145667
2025-02-05 22:00:00,o3,PIIANN,16.08,17.731878
2021-01-02 15:00:00,o3,PIIANN,8.166,7.088729
2025-03-07 19:00:00,o3,PIIANN,18.09,16.513025
2022-11-01 16:00:00,o3,PIIANN,13.93,13.754216
2023-02-11 18:00:00,o3,PIIANN,6.1825,7.301838
2024-05-09 08:00:00,o3,PIIANN,15.63,17.415005
2021-02-12 22:00:00,o3,PIIANN,40.29,41.564796
2022-02-09 03:00:00,o3,PIIANN,2.3499994,0.48643497
2021-06-02 12:00:00,o3,PIIANN,2.9139996,5.7773943
2023-09-09 12:00:00,o3,PIIANN,10.97,9.202375
2023-05-11 14:00:00,o3,PIIANN,9.255,8.869493
2021-05-11 20:00:00,o3,PIIANN,0.18000033,0.5650501
2025-12-07 03:00:00,o3,PIIANN,19.91,18.732124
2024-07-02 09:00:00,o3,PIIANN,5.29,4.539241
2025-06-08 08:00:00,o3,PIIANN,12.04,9.950065
2023-07-05 10:00:00,o3,PIIANN,8.835,9.508998
2022-02-03 05:00:00,o3,PIIANN,1.2200003,8.490731
2024-10-02 10:00:00,o3,PIIANN,5.24,7.40215
2024-07-08 20:00:00,o3,PIIANN,10.39,11.167903
2021-07-08 15:00:00,o3,PIIANN,76.8,69.37971
2025-10-11 01:00:00,o3,PIIANN,5.6799994,11.508403
2022-05-04 01:00:00,o3,PIIANN,7.46,15.468789
2023-04-06 04:00:00,o3,PIIANN,11.155,11.666512
2023-12-05 18:00:00,o3,PIIANN,27.3925,24.525902
2025-09-11 23:00:00,o3,PIIANN,6.3899994,6.0010595
2023-02-07 23:00:00,o3,PIIANN,10.37,10.562296
2025-03-08 05:00:00,o3,PIIANN,1.3599997,15.686481
2022-06-11 04:00:00,o3,PIIANN,0.77999973,1.8819942
2024-10-05 05:00:00,o3,PIIANN,1.0599995,4.6944246
2024-08-05 17:00:00,o3,PIIANN,6.1799994,8.774089
2024-12-09 05:00:00,o3,PIIANN,15.92,13.982879
2023-01-04 23:00:00,o3,PIIANN,3.0299997,4.654248
2024-08-11 02:00:00,o3,PIIANN,13.62,14.690386
2021-11-02 11:00:00,o3,PIIANN,12.04,8.541621
2023-07-06 06:00:00,o3,PIIANN,10.4875,13.140775
2024-03-04 06:00:00,o3,PIIANN,2.6400003,3.7871637
2024-11-12 15:00:00,o3,PIIANN,14.81,15.461963
2021-08-04 18:00:00,o3,PIIANN,79.6,62.77472
2024-03-12 12:00:00,o3,PIIANN,15.72,17.89128
2022-11-10 16:00:00,o3,PIIANN,13.36,15.387419
2025-08-07 12:00:00,o3,PIIANN,18.7,13.307455
2022-08-03 21:00:00,o3,PIIANN,43.14,41.00984
2021-06-04 22:00:00,o3,PIIANN,29.85,29.528675
2025-11-07 11:00:00,o3,PIIANN,11.6,7.744483
2023-11-13 00:00:00,o3,PIIANN,16.161034,16.406712
2025-03-02 08:00:00,o3,PIIANN,17.02,18.082243
2025-07-09 14:00:00,o3,PIIANN,3.08,4.6158
2024-02-01 16:00:00,o3,PIIANN,14.25,14.078297
2022-01-04 19:00:00,o3,PIIANN,12.49,13.358132
2024-08-06 19:00:00,o3,PIIANN,15.5,15.558129
2021-07-06 02:00:00,o3,PIIANN,35.975,37.773262
2024-01-05 09:00:00,o3,PIIANN,3.5100002,5.490402
2024-04-05 22:00:00,o3,PIIANN,5.34,9.56009
2024-06-07 14:00:00,o3,PIIANN,18.8,11.021677
2021-09-06 09:00:00,o3,PIIANN,12.04,16.703188
2023-08-09 22:00:00,o3,PIIANN,9.0725,10.781343
2022-01-10 23:00:00,o3,PIIANN,1.1300001,2.9955883
2023-01-09 06:00:00,o3,PIIANN,5.4524994,7.6507874
2022-01-03 16:00:00,o3,PIIANN,27.69,28.236832
2023-07-05 22:00:00,o3,PIIANN,12.9425,15.024774
2023-07-04 19:00:00,o3,PIIANN,4.0675,3.1082048
2022-11-07 20:00:00,o3,PIIANN,12.04,13.520296
2024-05-05 19:00:00,o3,PIIANN,5.5999994,6.1976547
2024-02-06 07:00:00,o3,PIIANN,10.09,10.825632
2022-04-11 19:00:00,o3,PIIANN,4.1399994,4.0662556
2025-08-13 01:00:00,o3,PIIANN,8.829366,6.6751747
2025-06-10 22:00:00,o3,PIIANN,2.3400002,6.0474224
2023-03-12 10:00:00,o3,PIIANN,5.4224997,6.8133287
2025-04-09 07:00:00,o3,PIIANN,1.8299999,1.3145132
2024-02-02 00:00:00,o3,PIIANN,4.6799994,16.29835
2021-03-11 05:00:00,o3,PIIANN,0.27999976,2.0925627
2025-02-10 22:00:00,o3,PIIANN,6.7,3.1105223
2025-05-01 18:00:00,o3,PIIANN,9.57,10.775935
2023-10-11 15:00:00,o3,PIIANN,19.265,16.563913
2022-04-08 22:00:00,o3,PIIANN,5.3599997,15.47083
2022-02-12 22:00:00,o3,PIIANN,1.1400003,1.8036175
2021-05-07 08:00:00,o3,PIIANN,21.33,33.036583
2022-09-11 14:00:00,o3,PIIANN,3.5900002,4.766882
2022-02-11 10:00:00,o3,PIIANN,2.7699995,3.8526258
2022-05-03 07:00:00,o3,PIIANN,17.9,18.898684
2023-11-01 19:00:00,o3,PIIANN,8.515,9.98357
2023-12-03 21:00:00,o3,PIIANN,13.4425,12.2189
2025-06-03 18:00:00,o3,PIIANN,4.8,6.0526085
2023-08-08 06:00:00,o3,PIIANN,12.87,13.8360615
2021-11-07 20:00:00,o3,PIIANN,3.0199995,9.937478
2022-08-11 04:00:00,o3,PIIANN,1.8599997,4.036768
2021-12-10 10:00:00,o3,PIIANN,47.74,51.07499
2022-08-02 05:00:00,o3,PIIANN,3.5699997,22.852701
2025-01-12 05:00:00,o3,PIIANN,3.5699997,6.699546
2023-02-06 13:00:00,o3,PIIANN,20.6725,19.490383
2022-12-07 16:00:00,o3,PIIANN,26.15,21.380068
2025-10-05 14:00:00,o3,PIIANN,10.18,12.442448
2023-10-10 19:00:00,o3,PIIANN,24.5225,34.621006
2025-08-04 05:00:00,o3,PIIANN,17.44,16.07393
2025-07-03 17:00:00,o3,PIIANN,3.29,3.4517813
2023-06-11 11:00:00,o3,PIIANN,8.67,6.5715227
2021-12-06 04:00:00,o3,PIIANN,17.23,30.913834
2022-08-12 03:00:00,o3,PIIANN,12.75,11.263968
2022-06-07 14:00:00,o3,PIIANN,51.31,22.567904
2024-11-06 20:00:00,o3,PIIANN,13.39,10.833775
2024-03-05 05:00:00,o3,PIIANN,5.1399994,8.19505
2022-04-05 08:00:00,o3,PIIANN,12.04,15.269407
2022-01-10 16:00:00,o3,PIIANN,24.12,26.460379
2024-08-10 11:00:00,o3,PIIANN,11.24,11.33621
2021-01-02 19:00:00,o3,PIIANN,12.04,14.222808
2024-02-02 13:00:00,o3,PIIANN,5.12,7.058485
2025-09-09 08:00:00,o3,PIIANN,3.7299995,5.808917
2025-08-06 13:00:00,o3,PIIANN,16.84,7.492593
2022-09-09 10:00:00,o3,PIIANN,5.8,5.8838615
2022-08-08 21:00:00,o3,PIIANN,8.96,10.181613
2024-07-01 18:00:00,o3,PIIANN,10.01,9.948187
2024-11-09 11:00:00,o3,PIIANN,13.1,14.841452
2022-06-12 15:00:00,o3,PIIANN,13.96,11.122918
2021-07-05 11:00:00,o3,PIIANN,10.64,18.947643
2024-03-08 02:00:00,o3,PIIANN,15.58,14.243628
2022-12-12 12:00:00,o3,PIIANN,6.74,7.0109634
2023-12-11 06:00:00,o3,PIIANN,9.765,6.810973
2022-08-12 17:00:00,o3,PIIANN,19.0,18.27885
2025-05-03 22:00:00,o3,PIIANN,17.5,15.297186
2023-03-02 11:00:00,o3,PIIANN,9.0075,12.897511
2022-03-11 23:00:00,o3,PIIANN,2.7799997,2.8114796
2024-08-03 09:00:00,o3,PIIANN,5.3099995,7.462839
2022-10-12 11:00:00,o3,PIIANN,6.8899994,8.979218
2022-07-12 00:00:00,o3,PIIANN,12.02,3.9186373
2024-04-10 20:00:00,o3,PIIANN,11.43,12.172382
2023-11-06 19:00:00,o3,PIIANN,17.155,12.125891
2022-03-02 16:00:00,o3,PIIANN,23.65,19.926952
2023-04-10 18:00:00,o3,PIIANN,11.25,13.940921
2025-12-10 08:00:00,o3,PIIANN,3.3900003,5.607443
2022-05-09 15:00:00,o3,PIIANN,25.37,30.937696
2025-07-06 11:00:00,o3,PIIANN,9.57,10.042667
2021-09-09 22:00:00,o3,PIIANN,44.86,39.94722
2021-05-02 18:00:00,o3,PIIANN,12.04,12.308471
2025-11-07 03:00:00,o3,PIIANN,17.6,14.71859
2025-04-04 10:00:00,o3,PIIANN,13.23,19.295916
2023-04-07 14:00:00,o3,PIIANN,8.8575,11.039887
2024-03-04 03:00:00,o3,PIIANN,3.7399998,6.343792
2023-03-08 21:00:00,o3,PIIANN,12.505,14.187175
2021-12-11 11:00:00,o3,PIIANN,2.8400002,4.379325
2023-11-10 09:00:00,o3,PIIANN,9.4625,9.48039
2025-06-05 12:00:00,o3,PIIANN,10.54,14.472923
2025-10-03 10:00:00,o3,PIIANN,16.2,10.548914
2024-04-06 22:00:00,o3,PIIANN,14.02,13.253311
2022-10-10 23:00:00,o3,PIIANN,11.1,9.744994
2022-11-07 09:00:00,o3,PIIANN,12.05,18.175472
2023-02-09 05:00:00,o3,PIIANN,8.3075,9.803709
2021-12-10 04:00:00,o3,PIIANN,56.79,48.796066
2023-10-01 10:00:00,o3,PIIANN,6.1799994,9.052515
2025-12-09 11:00:00,o3,PIIANN,6.3199997,5.9493732
2025-10-06 05:00:00,o3,PIIANN,40.38,13.06177
2025-10-08 19:00:00,o3,PIIANN,5.5699997,8.227722
2023-02-02 04:00:00,o3,PIIANN,16.945,14.523196
2024-07-11 09:00:00,o3,PIIANN,15.85,13.140857
2023-12-12 18:00:00,o3,PIIANN,13.99,11.857802
2023-03-06 13:00:00,o3,PIIANN,18.94,20.536127
2023-01-06 08:00:00,o3,PIIANN,11.32,10.098194
2022-01-04 12:00:00,o3,PIIANN,20.37,18.292227
2025-05-11 23:00:00,o3,PIIANN,5.0999994,6.973934
2023-08-10 11:00:00,o3,PIIANN,6.6025,8.787654
2022-09-08 11:00:00,o3,PIIANN,22.71,22.117977
2023-09-03 09:00:00,o3,PIIANN,3.5550003,6.398795
2024-03-01 16:00:00,o3,PIIANN,2.5100002,10.509236
2025-03-09 12:00:00,o3,PIIANN,1.71,2.9862938
2025-11-07 15:00:00,o3,PIIANN,22.17,16.32411
2022-09-07 02:00:00,o3,PIIANN,9.58,8.30414
2023-01-12 14:00:00,o3,PIIANN,8.2525,8.196654
2023-05-08 08:00:00,o3,PIIANN,5.5275,6.313261
2025-12-08 10:00:00,o3,PIIANN,2.7299995,7.4064245
2021-02-10 11:00:00,o3,PIIANN,12.04,12.745529
2025-11-04 18:00:00,o3,PIIANN,6.17,9.141138
2024-02-05 06:00:00,o3,PIIANN,5.0199995,7.19567
2022-04-09 13:00:00,o3,PIIANN,29.21,24.628944
2021-01-03 03:00:00,o3,PIIANN,32.3,32.153316
2021-03-06 01:00:00,o3,PIIANN,89.9256,74.18559
2022-05-10 08:00:00,o3,PIIANN,0.8500004,3.6530972
2023-01-02 08:00:00,o3,PIIANN,7.845,8.587291
2023-11-11 09:00:00,o3,PIIANN,16.9275,10.284975
2022-09-03 22:00:00,o3,PIIANN,38.02,35.824093
2024-09-05 12:00:00,o3,PIIANN,5.4799995,7.042756
2025-12-06 04:00:00,o3,PIIANN,11.26,9.888145
2022-12-02 00:00:00,o3,PIIANN,20.3776,20.76309
2022-06-11 22:00:00,o3,PIIANN,18.34,15.039421
2023-07-02 16:00:00,o3,PIIANN,7.05,6.001914
2021-08-11 23:00:00,o3,PIIANN,0.26000026,-0.022903418
2025-11-11 21:00:00,o3,PIIANN,10.02,9.104835
2024-10-03 12:00:00,o3,PIIANN,6.45,8.855069
2022-12-06 17:00:00,o3,PIIANN,56.22,52.378628
2022-09-04 03:00:00,o3,PIIANN,14.9,12.276807
2023-06-01 08:00:00,o3,PIIANN,8.9225,10.921564
2025-06-10 17:00:00,o3,PIIANN,4.2299995,7.1813774
2022-02-10 13:00:00,o3,PIIANN,33.2,30.610922
2024-09-12 18:00:00,o3,PIIANN,14.26,13.52918
2025-09-05 16:00:00,o3,PIIANN,5.92,6.291956
2024-02-09 03:00:00,o3,PIIANN,14.35,13.012853
2025-10-12 15:00:00,o3,PIIANN,23.0,22.332855
2024-11-08 11:00:00,o3,PIIANN,3.8199997,9.4847355
2024-10-07 05:00:00,o3,PIIANN,16.21,15.186296
2022-08-04 08:00:00,o3,PIIANN,12.17,12.078058
2025-09-12 18:00:00,o3,PIIANN,98.21,57.115322
2021-05-02 03:00:00,o3,PIIANN,12.04,1.9888554
2025-03-05 03:00:00,o3,PIIANN,16.15,15.760021
2022-10-10 18:00:00,o3,PIIANN,6.5199995,9.099476
2022-12-07 13:00:00,o3,PIIANN,19.28,21.641462
2024-10-07 13:00:00,o3,PIIANN,9.36,12.83987
2023-01-02 00:00:00,o3,PIIANN,16.98,9.32721
2021-01-07 10:00:00,o3,PIIANN,46.29,53.2407
2024-01-07 16:00:00,o3,PIIANN,13.38,13.057763
2022-08-06 18:00:00,o3,PIIANN,42.41,50.85881
2022-01-07 08:00:00,o3,PIIANN,25.79,9.063335
2021-10-04 03:00:00,o3,PIIANN,49.7,15.77044
2022-03-12 11:00:00,o3,PIIANN,0.3149996,2.3746529
2025-06-04 04:00:00,o3,PIIANN,17.95,16.623022
2022-11-08 17:00:00,o3,PIIANN,20.18,21.495737
2023-01-06 07:00:00,o3,PIIANN,8.31,9.486148
2023-04-10 19:00:00,o3,PIIANN,9.3525,12.382557
2025-12-10 10:00:00,o3,PIIANN,4.0299997,7.658188
2025-08-07 14:00:00,o3,PIIANN,14.76,14.919284
2025-03-04 19:00:00,o3,PIIANN,22.9,15.031016
2024-05-02 20:00:00,o3,PIIANN,7.37,8.050739
2024-04-04 15:00:00,o3,PIIANN,3.62,4.8538046
2023-06-04 15:00:00,o3,PIIANN,3.6374998,5.6142206
2022-06-10 16:00:00,o3,PIIANN,25.16,30.071957
2023-09-03 14:00:00,o3,PIIANN,5.0374994,6.9242697
2021-04-10 14:00:00,o3,PIIANN,21.85,25.138798
2024-11-03 00:00:00,o3,PIIANN,7.58,12.84494
2023-06-05 07:00:00,o3,PIIANN,3.4825,7.000224
2025-04-11 05:00:00,o3,PIIANN,4.5,2.8791742
2024-09-02 23:00:00,o3,PIIANN,5.9399996,9.414359
2024-06-01 19:00:00,o3,PIIANN,8.07,11.221999
2025-04-09 04:00:00,o3,PIIANN,1.21,1.3379164
2022-09-11 06:00:00,o3,PIIANN,1.1400003,4.68631
2025-08-12 00:00:00,o3,PIIANN,15.81,7.196785
2022-05-12 16:00:00,o3,PIIANN,13.09,10.072798
2021-01-05 07:00:00,o3,PIIANN,15.13,27.640173
2021-07-01 12:00:00,o3,PIIANN,4.5699997,2.3817654
2021-07-10 22:00:00,o3,PIIANN,12.16,13.490734
2022-09-03 11:00:00,o3,PIIANN,71.24,46.412437
2022-03-12 02:00:00,o3,PIIANN,0.4200001,0.4033213
2024-12-07 04:00:00,o3,PIIANN,13.82,14.0815735
2023-10-06 08:00:00,o3,PIIANN,7.585,8.600075
2025-02-04 11:00:00,o3,PIIANN,14.07,14.813694
2021-07-11 11:00:00,o3,PIIANN,0.47999957,0.3492823
2025-05-02 03:00:00,o3,PIIANN,16.53,12.604577
2023-09-07 21:00:00,o3,PIIANN,9.165,10.852047
2025-02-09 17:00:00,o3,PIIANN,3.67,2.746728
2023-08-02 14:00:00,o3,PIIANN,2.755,9.337852
2022-02-07 20:00:00,o3,PIIANN,56.02,42.736595
2025-03-07 11:00:00,o3,PIIANN,15.05,12.66315
2024-03-09 03:00:00,o3,PIIANN,15.66,14.659917
2022-08-06 03:00:00,o3,PIIANN,17.76,21.288956
2023-02-11 21:00:00,o3,PIIANN,7.0699997,9.438462
2021-02-03 04:00:00,o3,PIIANN,19.16,17.817657
2022-06-09 23:00:00,o3,PIIANN,10.08,14.547609
2022-09-08 23:00:00,o3,PIIANN,9.36,13.479525
2024-11-10 17:00:00,o3,PIIANN,13.3,11.36956
2022-10-07 07:00:00,o3,PIIANN,54.32,27.667185
2021-09-03 23:00:00,o3,PIIANN,67.86,55.53983
2024-12-09 10:00:00,o3,PIIANN,14.23,14.362337
2024-05-06 01:00:00,o3,PIIANN,14.12,12.688396
2022-08-08 18:00:00,o3,PIIANN,14.01,20.648096
2023-05-03 01:00:00,o3,PIIANN,11.935,12.2696705
2021-11-10 04:00:00,o3,PIIANN,50.02,38.660408
2025-07-02 04:00:00,o3,PIIANN,15.955,11.245168
2024-03-08 05:00:00,o3,PIIANN,15.38,14.512415
2021-01-04 13:00:00,o3,PIIANN,82.3,25.478275
2023-03-11 13:00:00,o3,PIIANN,6.91,5.183915
2025-06-11 15:00:00,o3,PIIANN,16.53,22.455591
2025-11-02 05:00:00,o3,PIIANN,11.61,7.4193745
2023-04-06 16:00:00,o3,PIIANN,12.3725,13.611733
2023-10-01 22:00:00,o3,PIIANN,7.2574997,8.67952
2021-11-02 03:00:00,o3,PIIANN,12.04,1.9250412
2024-02-04 22:00:00,o3,PIIANN,3.6099997,5.1580687
2024-05-05 00:00:00,o3,PIIANN,5.3,5.7281504
2023-12-02 21:00:00,o3,PIIANN,4.5575,7.449583
2024-06-06 04:00:00,o3,PIIANN,14.98,11.769127
2023-12-01 20:00:00,o3,PIIANN,9.79,7.4636765
2025-10-04 17:00:00,o3,PIIANN,6.62,13.036946
2022-09-08 19:00:00,o3,PIIANN,15.28,19.230427
2021-09-09 11:00:00,o3,PIIANN,26.06,30.097317
2022-06-11 16:00:00,o3,PIIANN,11.64,12.632026
2021-01-10 10:00:00,o3,PIIANN,12.04,12.691217
2024-01-07 18:00:00,o3,PIIANN,10.81,12.352848
2021-06-11 05:00:00,o3,PIIANN,0.3500004,2.7238483
2024-08-04 13:00:00,o3,PIIANN,6.5999994,8.002082
2025-09-05 20:00:00,o3,PIIANN,7.9,7.9449234
2022-01-04 11:00:00,o3,PIIANN,21.2,18.415821
2021-12-06 22:00:00,o3,PIIANN,5.4799995,40.714603
2023-10-08 00:00:00,o3,PIIANN,10.4125,6.6149054
2023-04-04 16:00:00,o3,PIIANN,4.21,3.8664703
2023-03-04 04:00:00,o3,PIIANN,7.4124994,9.723466
2022-05-12 09:00:00,o3,PIIANN,9.72,14.42417
2025-05-11 05:00:00,o3,PIIANN,3.9499998,-1.7391729
2022-07-09 17:00:00,o3,PIIANN,29.18,36.903336
2022-04-10 16:00:00,o3,PIIANN,33.52,33.711597
2023-10-12 22:00:00,o3,PIIANN,11.775,12.460565
2021-06-03 06:00:00,o3,PIIANN,8.66,13.410675
2021-05-02 14:00:00,o3,PIIANN,12.04,14.548238
2024-07-02 12:00:00,o3,PIIANN,6.8,7.8753295
2021-02-12 02:00:00,o3,PIIANN,43.48,42.404835
2023-03-10 05:00:00,o3,PIIANN,3.4300003,5.675947
2023-06-11 20:00:00,o3,PIIANN,5.5874996,6.952156
2023-04-10 20:00:00,o3,PIIANN,9.5425,11.371064
2023-09-06 18:00:00,o3,PIIANN,13.3075,18.232565
2021-01-10 14:00:00,o3,PIIANN,12.04,12.203014
2021-11-13 02:00:00,o3,PIIANN,21.366697,22.183622
2022-11-12 14:00:00,o3,PIIANN,3.71,4.154477
2021-10-05 19:00:00,o3,PIIANN,37.16,37.7727
2025-07-05 06:00:00,o3,PIIANN,13.7,12.78512
2025-02-10 14:00:00,o3,PIIANN,3.7200003,4.229334
2022-01-04 03:00:00,o3,PIIANN,25.01,25.594221
2024-04-08 09:00:00,o3,PIIANN,12.5,14.947058
2025-09-02 10:00:00,o3,PIIANN,15.8,16.508244
2023-12-10 12:00:00,o3,PIIANN,7.4475,8.554646
2023-09-07 19:00:00,o3,PIIANN,11.2975,17.71811
2023-08-04 02:00:00,o3,PIIANN,5.1466665,5.785866
2022-05-04 16:00:00,o3,PIIANN,7.2,7.601859
2023-07-03 17:00:00,o3,PIIANN,7.925,7.8848677
2022-04-02 09:00:00,o3,PIIANN,24.79,12.830447
2023-12-10 15:00:00,o3,PIIANN,7.3099995,7.1831007
2023-04-09 14:00:00,o3,PIIANN,13.89,10.576316
2023-09-06 04:00:00,o3,PIIANN,11.95,14.333599
2022-12-05 02:00:00,o3,PIIANN,19.11,19.462206
2025-12-06 01:00:00,o3,PIIANN,8.06,12.955906
2024-04-05 10:00:00,o3,PIIANN,12.28,9.018288
2021-12-06 01:00:00,o3,PIIANN,9.78,20.945353
2021-01-10 05:00:00,o3,PIIANN,12.04,12.130669
2021-02-03 10:00:00,o3,PIIANN,12.98,23.883879
2025-06-05 18:00:00,o3,PIIANN,12.35,11.604895
2025-09-01 11:00:00,o3,PIIANN,9.57,11.898657
2023-11-03 08:00:00,o3,PIIANN,5.26,6.22871
2024-12-06 15:00:00,o3,PIIANN,11.75,10.090858
2025-03-06 21:00:00,o3,PIIANN,11.76,13.765075
2022-06-07 09:00:00,o3,PIIANN,16.27,9.541957
2022-10-12 21:00:00,o3,PIIANN,3.6499996,5.2581873
2024-12-10 13:00:00,o3,PIIANN,13.62,12.155681
2025-08-02 16:00:00,o3,PIIANN,15.09,14.399133
2023-01-04 15:00:00,o3,PIIANN,3.0575,3.0761385
2023-02-03 14:00:00,o3,PIIANN,6.0125,10.879108
2022-09-10 15:00:00,o3,PIIANN,6.38,9.972611
2024-07-09 12:00:00,o3,PIIANN,14.83,15.948277
2025-04-04 02:00:00,o3,PIIANN,16.59,16.862179
2025-05-12 16:00:00,o3,PIIANN,19.64,15.006688
2021-05-11 17:00:00,o3,PIIANN,0.2399998,1.9962044
2024-10-09 11:00:00,o3,PIIANN,15.13,16.351164
2022-09-06 07:00:00,o3,PIIANN,12.28,11.861047
2021-06-11 09:00:00,o3,PIIANN,0.019999528,2.5839052
2024-03-03 16:00:00,o3,PIIANN,9.41,10.603226
2024-04-04 09:00:00,o3,PIIANN,4.0699997,6.1706047
2024-11-08 18:00:00,o3,PIIANN,4.21,6.25449
2022-05-09 10:00:00,o3,PIIANN,30.71,20.142994
2024-06-10 20:00:00,o3,PIIANN,5.84,7.712474
2021-10-12 15:00:00,o3,PIIANN,19.29,21.457434
2023-09-06 10:00:00,o3,PIIANN,12.8025,11.224221
2021-01-03 07:00:00,o3,PIIANN,35.48,18.615614
2022-12-12 21:00:00,o3,PIIANN,0.100000404,0.15548423
2025-05-09 06:00:00,o3,PIIANN,1.5199995,1.4695864
2025-01-02 08:00:00,o3,PIIANN,16.72,15.6411915
2024-12-11 01:00:00,o3,PIIANN,13.96,14.5484295
2024-09-09 12:00:00,o3,PIIANN,13.21,15.7986765
2021-10-01 10:00:00,o3,PIIANN,1.21,12.218107
