target_timestamp,target,model,observed,predicted
2022-01-10 13:00:00,aqi,GRU,222.49999950304297,223.48932
2022-02-10 21:00:00,aqi,GRU,201.0000003495685,217.17567
2021-02-08 13:00:00,aqi,GRU,78.00000136962873,74.98654
2023-05-08 20:00:00,aqi,GRU,103.99999515261354,123.72327
2025-11-04 03:00:00,aqi,GRU,254.00000067911637,255.80856
2025-01-12 09:00:00,aqi,GRU,329.9999983719755,337.3516
2022-10-02 16:00:00,aqi,GRU,198.9999996348927,197.55865
2021-04-04 23:00:00,aqi,GRU,266.99999912138884,246.79845
2022-05-06 21:00:00,aqi,GRU,308.9999986217799,303.48694
2024-11-11 07:00:00,aqi,GRU,378.99999572139177,383.8384
2025-11-12 23:00:00,aqi,GRU,353.9999945418446,344.53326
2025-01-05 07:00:00,aqi,GRU,223.00000045710195,223.45361
2022-10-03 20:00:00,aqi,GRU,191.99999868430746,199.09277
2024-01-12 18:00:00,aqi,GRU,328.0000007588598,322.9511
2025-03-05 10:00:00,aqi,GRU,257.00000020035003,259.31787
2024-05-04 09:00:00,aqi,GRU,209.9999989132694,221.70876
2021-06-08 17:00:00,aqi,GRU,135.00000157774815,139.42381
2022-01-04 20:00:00,aqi,GRU,337.00000242412085,335.68982
2025-02-11 10:00:00,aqi,GRU,401.99999928782324,401.28107
2023-09-09 04:00:00,aqi,GRU,64.00000567157852,69.16545
2025-06-05 15:00:00,aqi,GRU,172.9999996487877,173.4715
2023-03-11 01:00:00,aqi,GRU,487.99999590172115,482.38504
2021-10-04 20:00:00,aqi,GRU,284.9999993503507,292.60382
2025-11-05 12:00:00,aqi,GRU,203.0000010642443,209.61456
2024-11-06 10:00:00,aqi,GRU,279.9999991144413,281.13586
2024-02-01 18:00:00,aqi,GRU,343.0000014665881,350.94763
2023-05-06 04:00:00,aqi,GRU,237.00000003210232,249.04164
2024-09-10 12:00:00,aqi,GRU,219.99999938508824,225.25539
2024-05-01 12:00:00,aqi,GRU,353.9999945418446,362.87283
2023-06-08 08:00:00,aqi,GRU,120.00000087001987,125.25891
2024-04-02 16:00:00,aqi,GRU,328.0000007588598,324.21066
2021-04-04 04:00:00,aqi,GRU,229.00000027495923,237.71397
2021-03-09 04:00:00,aqi,GRU,69.99999851092556,71.71431
2023-02-07 09:00:00,aqi,GRU,93.00000207735704,90.94963
2023-06-05 00:00:00,aqi,GRU,258.99999936424575,183.42815
2023-12-06 17:00:00,aqi,GRU,232.0000001838879,223.46626
2021-01-10 22:00:00,aqi,GRU,172.9999996487877,175.82129
2024-02-07 09:00:00,aqi,GRU,201.99999915612634,204.8232
2024-04-02 04:00:00,aqi,GRU,243.9999998196025,228.94945
2023-11-01 21:00:00,aqi,GRU,327.000001952302,319.87564
2022-02-02 18:00:00,aqi,GRU,342.00000266003025,343.2381
2022-03-10 16:00:00,aqi,GRU,135.00000157774815,137.2156
2023-09-07 21:00:00,aqi,GRU,236.00000006245943,108.81012
2023-04-06 22:00:00,aqi,GRU,233.00000015353078,226.02281
2024-02-13 00:00:00,aqi,GRU,236.00000006245943,323.34222
2023-03-04 16:00:00,aqi,GRU,201.99999915612634,239.83221
2025-06-06 01:00:00,aqi,GRU,218.00000022119252,213.6832
2024-07-12 13:00:00,aqi,GRU,269.9999986426225,268.0777
2025-10-03 09:00:00,aqi,GRU,224.9999996209977,239.47401
2025-12-03 17:00:00,aqi,GRU,332.0000021882114,321.18027
2025-10-07 01:00:00,aqi,GRU,78.00000136962873,87.817276
2024-11-04 14:00:00,aqi,GRU,295.0000029237297,289.28146
2025-03-02 22:00:00,aqi,GRU,295.0000029237297,297.3537
2025-09-06 04:00:00,aqi,GRU,269.9999986426225,266.54056
2025-10-06 03:00:00,aqi,GRU,348.0000017024975,325.4716
2023-04-05 11:00:00,aqi,GRU,162.99999917696886,137.95087
2022-08-07 13:00:00,aqi,GRU,99.99999992638215,104.22664
2021-05-08 06:00:00,aqi,GRU,130.00000134183875,127.310875
2021-06-02 07:00:00,aqi,GRU,298.9999981499611,316.8795
2023-12-03 03:00:00,aqi,GRU,261.0000000789215,243.52036
2024-11-10 19:00:00,aqi,GRU,198.00000082833486,195.73291
2024-06-03 01:00:00,aqi,GRU,128.99999633216066,155.7065
2025-12-02 22:00:00,aqi,GRU,266.00000031483097,268.72275
2022-04-08 06:00:00,aqi,GRU,152.99999870514998,152.86383
2025-01-11 02:00:00,aqi,GRU,238.0000000017452,249.61511
2025-12-04 09:00:00,aqi,GRU,236.00000006245943,142.28302
2021-01-06 03:00:00,aqi,GRU,158.99999774761727,166.33946
2025-05-09 11:00:00,aqi,GRU,58.00000042599103,62.859844
2025-01-08 01:00:00,aqi,GRU,236.00000006245943,144.90991
2021-07-03 15:00:00,aqi,GRU,346.9999966928195,338.61108
2024-07-03 18:00:00,aqi,GRU,244.99999978924538,248.07623
2021-09-04 21:00:00,aqi,GRU,251.00000038249271,253.20056
2022-04-10 18:00:00,aqi,GRU,146.9999996626827,154.51048
2021-03-05 04:00:00,aqi,GRU,240.99999991067384,244.55638
2025-04-11 19:00:00,aqi,GRU,349.9999993156132,347.47318
2021-02-01 15:00:00,aqi,GRU,497.00000377010235,507.1333
2023-11-09 08:00:00,aqi,GRU,39.000004492031366,47.726498
2025-11-05 20:00:00,aqi,GRU,178.99999869125497,160.8435
2021-05-10 07:00:00,aqi,GRU,140.0000018136576,132.59502
2023-05-11 07:00:00,aqi,GRU,474.9999928071085,472.1935
2023-11-08 12:00:00,aqi,GRU,167.00000060632044,162.54318
2021-05-03 15:00:00,aqi,GRU,344.9999990797038,327.49316
2023-07-06 19:00:00,aqi,GRU,218.00000022119252,236.09924
2024-06-07 19:00:00,aqi,GRU,173.99999845534555,170.4675
2021-04-12 12:00:00,aqi,GRU,400.99999427814515,400.08875
2022-01-08 01:00:00,aqi,GRU,63.00000066190046,80.74156
2023-05-12 21:00:00,aqi,GRU,332.0000021882114,330.03732
2024-10-07 09:00:00,aqi,GRU,259.99999972158366,254.12904
2021-09-02 00:00:00,aqi,GRU,363.0000024102258,329.68832
2022-02-12 02:00:00,aqi,GRU,393.9999964291201,390.87738
2021-10-08 23:00:00,aqi,GRU,136.99999919086383,142.0917
2022-05-10 05:00:00,aqi,GRU,153.99999751170782,162.46973
2025-02-11 05:00:00,aqi,GRU,396.9999990519138,389.1261
2025-10-03 12:00:00,aqi,GRU,232.0000001838879,228.62881
2024-10-08 01:00:00,aqi,GRU,236.00000006245943,167.10768
2023-01-07 02:00:00,aqi,GRU,74.00000614339737,96.91325
2022-01-05 12:00:00,aqi,GRU,340.9999976503522,323.61014
2021-05-04 05:00:00,aqi,GRU,262.0000004362594,263.82385
2024-02-05 20:00:00,aqi,GRU,259.99999972158366,256.10373
2022-01-12 02:00:00,aqi,GRU,386.0000059766573,383.17178
2021-02-04 03:00:00,aqi,GRU,292.9999991074938,299.105
2024-02-01 15:00:00,aqi,GRU,339.99999884379434,347.28586
2021-08-12 23:00:00,aqi,GRU,293.9999979140516,297.1219
2025-03-08 13:00:00,aqi,GRU,163.99999798352667,171.40349
2025-12-10 08:00:00,aqi,GRU,186.0000027434003,188.57361
2022-08-07 18:00:00,aqi,GRU,96.00000470015078,99.697235
2022-03-10 15:00:00,aqi,GRU,131.99999895495444,136.00392
2022-03-09 11:00:00,aqi,GRU,168.99999821943612,164.81242
2021-11-04 21:00:00,aqi,GRU,297.99999934340326,291.34613
2023-05-01 19:00:00,aqi,GRU,348.0000017024975,356.1633
2024-07-11 05:00:00,aqi,GRU,420.9999952217829,417.39072
2021-09-02 20:00:00,aqi,GRU,236.00000006245943,292.9658
2022-04-03 02:00:00,aqi,GRU,223.00000045710195,242.7687
2021-11-07 16:00:00,aqi,GRU,96.00000470015078,92.2603
2025-04-11 04:00:00,aqi,GRU,339.00000003723653,343.90414
2025-05-02 13:00:00,aqi,GRU,363.99999501366347,356.01163
2025-10-03 21:00:00,aqi,GRU,257.00000020035003,245.64633
2022-12-04 00:00:00,aqi,GRU,358.00000217431636,270.1563
2022-02-08 17:00:00,aqi,GRU,125.0000011059293,121.89436
2025-03-04 17:00:00,aqi,GRU,298.9999981499611,284.57852
2024-07-02 01:00:00,aqi,GRU,163.99999798352667,182.82599
2023-02-03 03:00:00,aqi,GRU,232.0000001838879,238.82591
2024-01-01 23:00:00,aqi,GRU,236.00000006245943,304.00272
2021-09-02 04:00:00,aqi,GRU,348.99999430593516,349.04285
2022-10-02 11:00:00,aqi,GRU,183.9999989271644,181.90062
2024-11-10 05:00:00,aqi,GRU,195.00000130710123,204.21114
2023-02-05 02:00:00,aqi,GRU,78.99999397306638,84.280716
2024-04-03 12:00:00,aqi,GRU,146.9999996626827,154.60097
2021-11-11 02:00:00,aqi,GRU,400.99999427814515,408.07367
2023-07-11 22:00:00,aqi,GRU,427.00000046737034,418.06775
2024-05-10 13:00:00,aqi,GRU,203.0000010642443,199.10403
2023-09-04 09:00:00,aqi,GRU,292.9999991074938,301.55325
2023-05-10 07:00:00,aqi,GRU,351.99999692872893,350.30234
2022-04-11 10:00:00,aqi,GRU,476.00001022302706,492.1541
2022-09-10 09:00:00,aqi,GRU,21.999993764946964,42.425625
2022-04-07 15:00:00,aqi,GRU,128.00000372872304,125.71012
2024-04-12 10:00:00,aqi,GRU,232.0000001838879,246.68272
2022-05-10 08:00:00,aqi,GRU,156.00000132794372,165.46219
2021-12-10 07:00:00,aqi,GRU,262.9999992428173,254.70769
2025-07-03 02:00:00,aqi,GRU,225.99999997833558,211.45728
2024-09-02 19:00:00,aqi,GRU,183.9999989271644,181.43842
2021-01-12 17:00:00,aqi,GRU,396.9999990519138,397.31302
2024-10-12 12:00:00,aqi,GRU,291.0000014943781,283.79572
2021-02-07 07:00:00,aqi,GRU,307.9999998152221,293.26898
2023-12-04 06:00:00,aqi,GRU,363.99999501366347,372.73834
2023-11-05 19:00:00,aqi,GRU,346.00000408938183,329.65317
2025-10-12 21:00:00,aqi,GRU,308.9999986217799,310.88904
2023-12-03 01:00:00,aqi,GRU,248.00000008586903,255.87875
2024-08-10 14:00:00,aqi,GRU,223.00000045710195,225.26114
2024-02-05 13:00:00,aqi,GRU,278.00000150132564,273.8452
2022-11-11 00:00:00,aqi,GRU,296.0000017302875,133.78026
2021-08-10 08:00:00,aqi,GRU,181.00000250749088,183.24065
2024-07-08 09:00:00,aqi,GRU,44.00000472794079,45.46348
2023-05-02 18:00:00,aqi,GRU,274.00000007197406,266.84256
2023-12-09 06:00:00,aqi,GRU,96.00000470015078,91.78522
2021-10-09 19:00:00,aqi,GRU,83.9999942089758,155.46265
2024-12-08 08:00:00,aqi,GRU,47.99999995417218,140.4003
2024-07-05 02:00:00,aqi,GRU,343.99999407002576,352.5714
2021-12-03 00:00:00,aqi,GRU,291.0000014943781,398.21164
2023-04-09 23:00:00,aqi,GRU,179.9999974978128,174.95895
2025-03-12 08:00:00,aqi,GRU,390.9999938063263,400.22327
2022-03-03 01:00:00,aqi,GRU,268.9999998360646,276.51523
2024-09-12 17:00:00,aqi,GRU,244.99999978924538,223.93803
2025-09-04 15:00:00,aqi,GRU,269.9999986426225,261.77686
2024-09-07 18:00:00,aqi,GRU,209.00000010671155,198.20262
2022-05-13 01:00:00,aqi,GRU,236.00000006245943,354.56802
2025-12-04 14:00:00,aqi,GRU,236.00000006245943,200.11153
2022-11-03 08:00:00,aqi,GRU,208.0000013001537,212.3261
2024-08-08 06:00:00,aqi,GRU,47.99999995417218,61.792324
2025-01-05 14:00:00,aqi,GRU,219.99999938508824,221.0979
2024-07-10 23:00:00,aqi,GRU,184.99999773372224,189.89023
2025-12-05 01:00:00,aqi,GRU,236.00000006245943,172.67836
2022-09-04 09:00:00,aqi,GRU,401.99999928782324,400.6348
2022-11-02 05:00:00,aqi,GRU,201.99999915612634,200.24907
2025-11-08 01:00:00,aqi,GRU,153.99999751170782,161.47304
2025-10-03 23:00:00,aqi,GRU,265.0000015082731,254.64557
2023-04-10 06:00:00,aqi,GRU,335.99999741444276,334.0823
2023-01-08 10:00:00,aqi,GRU,121.99999848313556,122.859146
2024-03-02 10:00:00,aqi,GRU,257.00000020035003,258.1466
2025-12-01 15:00:00,aqi,GRU,333.9999998013271,336.08392
2022-01-13 02:00:00,aqi,GRU,236.00000006245943,335.0471
2024-06-07 20:00:00,aqi,GRU,174.9999972619034,168.15219
2022-10-02 04:00:00,aqi,GRU,171.00000203567203,187.91023
2022-01-08 21:00:00,aqi,GRU,110.00000039820102,105.233765
2024-01-01 09:00:00,aqi,GRU,236.00000006245943,306.67334
2025-11-03 02:00:00,aqi,GRU,276.9999995932077,259.33865
2022-01-02 09:00:00,aqi,GRU,236.00000006245943,358.28906
2024-08-04 13:00:00,aqi,GRU,302.00000077275485,298.22235
2022-12-01 13:00:00,aqi,GRU,240.00000003795472,237.9153
2022-08-03 19:00:00,aqi,GRU,348.99999430593516,351.83145
2025-03-07 01:00:00,aqi,GRU,153.99999751170782,180.19234
2021-03-06 23:00:00,aqi,GRU,158.99999774761727,160.29648
2021-10-03 19:00:00,aqi,GRU,183.00000012060656,189.93652
2025-04-07 09:00:00,aqi,GRU,116.0000056437885,113.397064
2024-05-05 01:00:00,aqi,GRU,368.99999524957286,363.2873
2021-01-05 16:00:00,aqi,GRU,258.0000005576879,260.17932
2025-12-12 22:00:00,aqi,GRU,400.0000016747075,385.10406
2025-03-07 10:00:00,aqi,GRU,116.99999824722613,119.29297
2023-11-03 00:00:00,aqi,GRU,254.9999994856742,297.51212
2021-06-01 10:00:00,aqi,GRU,236.00000006245943,277.87445
2024-12-04 06:00:00,aqi,GRU,258.99999936424575,252.61954
2022-01-03 21:00:00,aqi,GRU,253.0000003217785,250.62662
2024-03-07 23:00:00,aqi,GRU,215.99999950651673,197.17818
2021-03-09 19:00:00,aqi,GRU,78.00000136962873,70.58136
2021-10-08 01:00:00,aqi,GRU,126.00000611560736,126.024475
2021-10-05 00:00:00,aqi,GRU,118.99999586034181,263.63138
2023-08-07 07:00:00,aqi,GRU,93.00000207735704,87.10565
2021-10-04 12:00:00,aqi,GRU,279.00000030788345,268.62265
2024-10-02 10:00:00,aqi,GRU,265.0000015082731,262.6608
2024-05-05 08:00:00,aqi,GRU,376.00000550483844,384.0301
2021-10-10 11:00:00,aqi,GRU,248.99999966781692,244.92621
2024-12-07 10:00:00,aqi,GRU,136.00000038430602,136.4685
2023-05-03 02:00:00,aqi,GRU,168.99999821943612,171.38086
2025-12-10 00:00:00,aqi,GRU,236.00000006245943,139.09006
2025-07-10 05:00:00,aqi,GRU,64.00000567157852,69.261444
2023-04-06 06:00:00,aqi,GRU,234.00000012317366,242.43767
2025-03-06 02:00:00,aqi,GRU,190.00000107119178,183.84802
2024-07-08 11:00:00,aqi,GRU,44.99999733137844,41.899136
2024-11-11 16:00:00,aqi,GRU,393.00000382568237,381.27994
2022-12-08 11:00:00,aqi,GRU,236.00000006245943,98.22577
2022-01-09 22:00:00,aqi,GRU,236.00000006245943,191.66054
2023-04-12 05:00:00,aqi,GRU,361.9999974005478,366.14386
2021-01-09 08:00:00,aqi,GRU,236.00000006245943,132.66739
2022-10-10 05:00:00,aqi,GRU,21.000001161509346,37.382915
2022-07-02 00:00:00,aqi,GRU,318.00000028704096,189.71014
2024-09-11 09:00:00,aqi,GRU,373.9999954854823,377.75333
2025-04-05 02:00:00,aqi,GRU,297.99999934340326,282.90558
2021-05-06 17:00:00,aqi,GRU,116.0000056437885,125.49669
2022-05-12 20:00:00,aqi,GRU,361.9999974005478,370.66766
2024-02-06 16:00:00,aqi,GRU,209.00000010671155,210.52061
2022-06-07 15:00:00,aqi,GRU,108.00000278508531,104.65555
2023-12-12 11:00:00,aqi,GRU,380.0000007310698,392.61255
2025-02-01 16:00:00,aqi,GRU,343.99999407002576,347.409
2021-08-12 11:00:00,aqi,GRU,281.0000010225593,282.355
2021-09-05 19:00:00,aqi,GRU,133.00000396463247,135.4462
2024-12-01 18:00:00,aqi,GRU,376.00000550483844,367.98535
2022-09-07 01:00:00,aqi,GRU,98.00000231326646,80.45303
2025-09-09 03:00:00,aqi,GRU,133.00000396463247,134.88844
2022-03-01 22:00:00,aqi,GRU,410.999994749964,398.91553
2022-08-09 08:00:00,aqi,GRU,168.99999821943612,162.85432
2024-09-08 00:00:00,aqi,GRU,236.00000006245943,212.87212
2024-08-02 11:00:00,aqi,GRU,204.99999867735997,204.98349
2023-08-08 17:00:00,aqi,GRU,236.00000006245943,185.07867
2023-02-12 04:00:00,aqi,GRU,403.0000042975013,396.628
2022-06-01 19:00:00,aqi,GRU,236.00000006245943,293.08112
2024-09-02 17:00:00,aqi,GRU,182.00000131404872,183.50006
2021-08-08 05:00:00,aqi,GRU,113.99999562443239,115.981834
2024-07-02 15:00:00,aqi,GRU,214.00000034262098,216.89984
2022-02-04 20:00:00,aqi,GRU,316.0000026739253,314.03897
2025-12-01 21:00:00,aqi,GRU,324.9999981360661,317.17618
2025-07-12 22:00:00,aqi,GRU,363.0000024102258,354.64575
2021-03-08 07:00:00,aqi,GRU,63.00000066190046,52.068493
2021-06-04 19:00:00,aqi,GRU,349.9999993156132,338.36395
2022-08-12 23:00:00,aqi,GRU,311.0000024380158,310.23807
2022-01-12 04:00:00,aqi,GRU,383.0000033538636,383.3969
2021-10-02 11:00:00,aqi,GRU,388.99999619321056,384.33408
2023-12-01 15:00:00,aqi,GRU,401.99999928782324,394.6097
2022-11-05 06:00:00,aqi,GRU,152.99999870514998,152.51695
2023-01-01 14:00:00,aqi,GRU,287.99999887158435,284.62708
2022-10-11 08:00:00,aqi,GRU,289.0000007797023,297.5792
2024-10-06 22:00:00,aqi,GRU,182.00000131404872,175.9441
2022-02-02 13:00:00,aqi,GRU,359.9999997874321,356.533
2025-01-11 06:00:00,aqi,GRU,255.99999984301212,247.21693
2021-08-05 12:00:00,aqi,GRU,200.00000154301065,193.09279
2024-12-01 13:00:00,aqi,GRU,378.0000031179541,375.90982
2025-10-07 17:00:00,aqi,GRU,51.000002576965926,61.79437
2021-01-02 00:00:00,aqi,GRU,236.00000006245943,429.45413
2023-12-13 02:00:00,aqi,GRU,236.00000006245943,348.63916
2023-07-04 03:00:00,aqi,GRU,176.00000227158145,184.8636
2023-03-12 12:00:00,aqi,GRU,358.00000217431636,372.98218
2025-11-10 04:00:00,aqi,GRU,220.99999974242616,219.79506
2023-07-06 00:00:00,aqi,GRU,152.99999870514998,204.1519
2024-10-05 01:00:00,aqi,GRU,163.99999798352667,168.48991
2025-01-07 00:00:00,aqi,GRU,103.00000254917589,232.613
2025-07-07 21:00:00,aqi,GRU,73.00000113371931,69.66821
2025-04-06 05:00:00,aqi,GRU,248.00000008586903,234.43735
2024-03-07 16:00:00,aqi,GRU,235.00000009281655,230.40187
2021-01-12 14:00:00,aqi,GRU,383.0000033538636,387.8433
2022-12-11 03:00:00,aqi,GRU,328.9999995654176,336.8588
2025-09-09 07:00:00,aqi,GRU,141.00000062021542,133.68153
2022-10-12 16:00:00,aqi,GRU,393.9999964291201,392.13342
2021-01-11 05:00:00,aqi,GRU,303.9999983858705,311.29535
2023-12-06 01:00:00,aqi,GRU,162.000000370411,173.02972
2022-11-02 15:00:00,aqi,GRU,216.9999998638546,228.37352
2021-04-03 06:00:00,aqi,GRU,309.9999974283378,325.93973
2025-01-01 17:00:00,aqi,GRU,376.99999810827603,375.22003
2023-02-02 21:00:00,aqi,GRU,255.99999984301212,250.65045
2023-10-08 06:00:00,aqi,GRU,236.00000006245943,197.85252
2022-08-04 03:00:00,aqi,GRU,383.0000033538636,366.926
2024-02-02 23:00:00,aqi,GRU,258.0000005576879,262.85925
2021-07-05 03:00:00,aqi,GRU,111.9999980113167,124.991394
2021-06-03 17:00:00,aqi,GRU,259.99999972158366,270.01337
2024-06-05 12:00:00,aqi,GRU,321.00000290983473,329.1566
2023-05-05 09:00:00,aqi,GRU,223.9999992636598,231.30502
2023-04-05 07:00:00,aqi,GRU,96.00000470015078,92.32832
2024-11-01 19:00:00,aqi,GRU,373.9999954854823,372.7866
2024-12-05 07:00:00,aqi,GRU,287.99999887158435,295.94492
2023-01-10 12:00:00,aqi,GRU,250.0000000251548,237.28833
2022-11-08 20:00:00,aqi,GRU,236.00000006245943,183.4949
2023-02-05 11:00:00,aqi,GRU,71.00000352060363,72.68005
2023-08-05 07:00:00,aqi,GRU,162.000000370411,168.5798
2025-02-11 14:00:00,aqi,GRU,393.00000382568237,392.62607
2022-01-11 16:00:00,aqi,GRU,437.00000093918925,429.88147
2025-03-08 11:00:00,aqi,GRU,161.00000156385317,175.07196
2023-11-10 19:00:00,aqi,GRU,225.99999997833558,228.84605
2022-02-04 05:00:00,aqi,GRU,356.99999716463833,352.90567
2024-09-06 00:00:00,aqi,GRU,268.9999998360646,166.38385
2024-10-05 23:00:00,aqi,GRU,167.00000060632044,183.0848
2022-09-11 17:00:00,aqi,GRU,224.9999996209977,240.85141
2024-03-08 16:00:00,aqi,GRU,71.00000352060363,67.68396
2024-04-08 09:00:00,aqi,GRU,56.99999541631297,62.67613
2024-10-09 08:00:00,aqi,GRU,162.000000370411,168.81621
2024-05-07 01:00:00,aqi,GRU,120.00000087001987,115.3438
2023-12-08 05:00:00,aqi,GRU,172.00000084222984,173.19867
2024-03-09 16:00:00,aqi,GRU,128.00000372872304,118.80518
2024-05-08 01:00:00,aqi,GRU,44.99999733137844,69.99342
2024-09-08 07:00:00,aqi,GRU,236.00000006245943,170.72037
2021-11-10 15:00:00,aqi,GRU,236.00000006245943,225.12216
2023-04-04 06:00:00,aqi,GRU,173.99999845534555,178.46492
2021-01-07 11:00:00,aqi,GRU,338.00000123067866,329.97534
2023-04-03 20:00:00,aqi,GRU,160.0000027572953,164.16742
2025-10-12 03:00:00,aqi,GRU,309.9999974283378,310.6662
2024-03-05 13:00:00,aqi,GRU,324.9999981360661,322.81415
2023-05-02 23:00:00,aqi,GRU,258.0000005576879,232.30547
2023-12-01 12:00:00,aqi,GRU,403.0000042975013,393.46432
2024-10-04 11:00:00,aqi,GRU,262.9999992428173,277.5331
2025-07-02 11:00:00,aqi,GRU,241.99999988031672,249.00714
2022-02-02 17:00:00,aqi,GRU,346.00000408938183,344.95328
2023-09-09 15:00:00,aqi,GRU,42.99999971826273,51.288937
2024-03-07 11:00:00,aqi,GRU,206.00000058547792,201.71538
2024-03-12 09:00:00,aqi,GRU,314.9999976642472,335.1213
2024-03-08 10:00:00,aqi,GRU,74.00000614339737,73.380905
2024-11-03 08:00:00,aqi,GRU,215.99999950651673,226.77449
2021-11-02 23:00:00,aqi,GRU,406.99999952373264,381.51913
2023-01-06 01:00:00,aqi,GRU,108.00000278508531,117.18557
2022-05-03 10:00:00,aqi,GRU,133.00000396463247,145.66289
2023-10-04 13:00:00,aqi,GRU,258.99999936424575,264.42624
2024-11-08 06:00:00,aqi,GRU,94.99999969047272,99.265076
2022-02-04 23:00:00,aqi,GRU,323.9999993295082,283.5616
2024-09-12 15:00:00,aqi,GRU,246.99999972853115,223.00229
2023-07-03 06:00:00,aqi,GRU,246.99999972853115,239.91748
2024-06-08 07:00:00,aqi,GRU,51.000002576965926,52.960552
2024-06-06 21:00:00,aqi,GRU,195.00000130710123,186.63873
2021-08-12 16:00:00,aqi,GRU,284.9999993503507,279.97263
2023-10-10 01:00:00,aqi,GRU,258.99999936424575,245.44273
2024-12-05 04:00:00,aqi,GRU,284.9999993503507,285.52036
2023-01-12 00:00:00,aqi,GRU,438.9999985523049,370.43448
2021-10-06 22:00:00,aqi,GRU,243.9999998196025,227.38057
2024-04-03 17:00:00,aqi,GRU,133.00000396463247,138.4416
2022-03-07 07:00:00,aqi,GRU,86.00000422833193,84.527145
2021-05-08 22:00:00,aqi,GRU,146.9999996626827,144.98286
2023-03-03 14:00:00,aqi,GRU,188.99999916307382,193.42247
2022-09-06 15:00:00,aqi,GRU,297.0000005368454,304.46014
2023-08-10 01:00:00,aqi,GRU,303.9999983858705,280.7318
2022-04-11 22:00:00,aqi,GRU,487.99999590172115,476.8588
2021-06-04 09:00:00,aqi,GRU,319.99999790015664,321.21347
2023-05-09 14:00:00,aqi,GRU,168.99999821943612,168.2014
2021-04-06 17:00:00,aqi,GRU,227.99999991762135,201.22534
2025-07-04 15:00:00,aqi,GRU,313.9999988576894,315.8477
2022-06-09 00:00:00,aqi,GRU,125.0000011059293,216.83655
2021-04-09 23:00:00,aqi,GRU,63.00000066190046,92.86217
2022-10-08 11:00:00,aqi,GRU,136.00000038430602,156.99924
2021-03-04 00:00:00,aqi,GRU,253.0000003217785,273.34076
2023-12-07 23:00:00,aqi,GRU,74.99999874683502,74.17758
2024-12-05 00:00:00,aqi,GRU,251.00000038249271,266.46625
2023-04-02 02:00:00,aqi,GRU,203.0000010642443,207.25807
2021-06-02 10:00:00,aqi,GRU,304.99999719242834,312.91302
2023-05-01 10:00:00,aqi,GRU,339.99999884379434,352.83347
2023-09-03 09:00:00,aqi,GRU,128.99999633216066,139.74033
2025-06-04 02:00:00,aqi,GRU,266.99999912138884,278.7511
2025-03-11 16:00:00,aqi,GRU,334.99999860788495,331.7096
2023-10-08 01:00:00,aqi,GRU,236.00000006245943,180.15576
2021-11-11 16:00:00,aqi,GRU,433.00000571295783,435.86237
2022-05-02 16:00:00,aqi,GRU,232.0000001838879,217.5433
2021-02-08 00:00:00,aqi,GRU,61.999995652222395,277.73462
2025-06-05 07:00:00,aqi,GRU,157.9999989410594,161.28175
2023-03-06 17:00:00,aqi,GRU,188.99999916307382,181.2352
2021-04-10 11:00:00,aqi,GRU,126.00000611560736,129.5084
2022-04-12 16:00:00,aqi,GRU,435.99999592951116,431.68243
2023-05-05 23:00:00,aqi,GRU,248.99999966781692,225.36935
2023-10-04 11:00:00,aqi,GRU,257.00000020035003,265.0283
2025-10-12 22:00:00,aqi,GRU,312.0000012445737,306.95862
2023-12-05 15:00:00,aqi,GRU,332.0000021882114,316.01083
2022-03-10 02:00:00,aqi,GRU,166.00000179976257,191.46432
2023-04-11 17:00:00,aqi,GRU,433.9999983163955,432.60846
2023-07-01 19:00:00,aqi,GRU,366.00000503301953,373.2843
2024-11-02 05:00:00,aqi,GRU,380.0000007310698,382.15015
2021-10-09 04:00:00,aqi,GRU,76.00000375651305,83.574295
2025-04-03 23:00:00,aqi,GRU,167.99999941287825,196.97403
2021-03-12 03:00:00,aqi,GRU,430.9999956936017,442.2728
2024-02-06 14:00:00,aqi,GRU,219.0000005785304,216.5732
2021-03-09 10:00:00,aqi,GRU,66.0000032846942,71.11899
2021-09-05 15:00:00,aqi,GRU,126.999998719045,129.42113
2025-01-05 11:00:00,aqi,GRU,216.9999998638546,221.09178
2022-01-07 00:00:00,aqi,GRU,83.00000160553819,278.5104
2022-10-01 15:00:00,aqi,GRU,172.9999996487877,179.59767
2025-02-12 05:00:00,aqi,GRU,348.99999430593516,366.70013
2022-11-11 20:00:00,aqi,GRU,358.999994777754,362.95264
2021-08-04 05:00:00,aqi,GRU,208.0000013001537,207.0609
2025-05-01 16:00:00,aqi,GRU,393.00000382568237,405.91144
2023-08-06 12:00:00,aqi,GRU,236.00000006245943,233.51259
2024-03-06 05:00:00,aqi,GRU,187.00000154995814,198.16946
2025-07-07 06:00:00,aqi,GRU,106.00000517196963,107.63132
2025-01-07 12:00:00,aqi,GRU,236.00000006245943,135.40886
2024-04-04 04:00:00,aqi,GRU,268.00000102950673,271.02048
2022-04-02 23:00:00,aqi,GRU,101.00000493606021,137.37758
2023-06-04 08:00:00,aqi,GRU,177.0000010781393,185.31375
2023-07-02 16:00:00,aqi,GRU,292.9999991074938,290.12283
2025-06-08 18:00:00,aqi,GRU,236.00000006245943,212.54433
2025-02-08 06:00:00,aqi,GRU,105.00000016229157,97.55496
2022-10-05 02:00:00,aqi,GRU,153.99999751170782,144.29234
2022-06-12 21:00:00,aqi,GRU,388.000003589773,380.89102
2024-01-04 01:00:00,aqi,GRU,236.00000006245943,223.61983
2024-05-09 22:00:00,aqi,GRU,96.9999973035884,105.624374
2025-06-08 21:00:00,aqi,GRU,236.00000006245943,198.9005
2023-08-04 21:00:00,aqi,GRU,236.00000006245943,245.8899
2024-04-08 10:00:00,aqi,GRU,56.00000281287535,59.81303
2022-04-07 20:00:00,aqi,GRU,125.0000011059293,121.90348
2024-10-11 15:00:00,aqi,GRU,356.99999716463833,343.741
2023-04-05 15:00:00,aqi,GRU,151.99999989859214,128.56093
2025-08-06 06:00:00,aqi,GRU,253.0000003217785,243.89482
2023-08-02 21:00:00,aqi,GRU,187.00000154995814,182.9074
2025-12-07 19:00:00,aqi,GRU,188.99999916307382,174.24953
2023-06-02 21:00:00,aqi,GRU,348.0000017024975,345.1058
2025-08-05 22:00:00,aqi,GRU,246.99999972853115,230.04425
2022-01-10 01:00:00,aqi,GRU,209.00000010671155,208.69391
2024-07-03 05:00:00,aqi,GRU,224.9999996209977,236.03003
2023-08-02 10:00:00,aqi,GRU,173.99999845534555,191.15637
2021-01-10 04:00:00,aqi,GRU,148.9999972757984,143.98573
2021-05-12 21:00:00,aqi,GRU,373.9999954854823,372.92227
2023-10-05 04:00:00,aqi,GRU,299.99999695651894,306.7682
2023-01-05 20:00:00,aqi,GRU,76.9999963599507,77.76637
2025-03-07 07:00:00,aqi,GRU,128.99999633216066,132.10394
2021-06-10 01:00:00,aqi,GRU,118.0000032569042,150.42513
2021-08-11 08:00:00,aqi,GRU,400.0000016747075,407.84708
2022-07-11 09:00:00,aqi,GRU,365.0000000233415,375.14435
2025-08-11 01:00:00,aqi,GRU,386.99999858009494,361.80167
2025-10-02 12:00:00,aqi,GRU,339.00000003723653,338.4176
2025-09-08 21:00:00,aqi,GRU,130.99999394527634,132.16216
2025-09-12 08:00:00,aqi,GRU,318.99999909359883,326.44278
2025-05-13 01:00:00,aqi,GRU,236.00000006245943,342.75504
2025-02-07 13:00:00,aqi,GRU,167.00000060632044,166.1338
2021-12-07 09:00:00,aqi,GRU,93.99999468079466,95.91235
2024-01-11 11:00:00,aqi,GRU,366.99999763645724,367.23767
2022-02-06 18:00:00,aqi,GRU,262.9999992428173,253.57912
2022-09-02 15:00:00,aqi,GRU,262.0000004362594,258.80472
2021-02-10 11:00:00,aqi,GRU,168.99999821943612,167.69196
2025-01-09 10:00:00,aqi,GRU,89.9999994545633,83.39267
2021-01-09 13:00:00,aqi,GRU,236.00000006245943,181.82637
2023-08-09 03:00:00,aqi,GRU,106.99999777540728,115.08054
2022-10-10 23:00:00,aqi,GRU,36.00000186923762,57.40228
2023-07-06 03:00:00,aqi,GRU,151.99999989859214,153.00829
2025-08-05 11:00:00,aqi,GRU,246.0000001465833,251.54594
2021-12-07 10:00:00,aqi,GRU,93.99999468079466,96.13379
2024-08-09 07:00:00,aqi,GRU,147.99999846924055,149.71574
2021-07-02 15:00:00,aqi,GRU,292.000000300936,284.47293
2023-04-02 15:00:00,aqi,GRU,236.00000006245943,305.69727
2024-11-07 18:00:00,aqi,GRU,169.99999702599396,164.56685
2024-09-05 11:00:00,aqi,GRU,190.99999987774964,188.81955
2025-06-04 09:00:00,aqi,GRU,297.99999934340326,307.80096
2024-09-02 07:00:00,aqi,GRU,172.9999996487877,178.96895
2024-02-07 14:00:00,aqi,GRU,236.00000006245943,230.26588
2024-01-11 21:00:00,aqi,GRU,328.9999995654176,329.63382
2022-01-11 22:00:00,aqi,GRU,401.99999928782324,395.92163
2022-05-05 07:00:00,aqi,GRU,208.0000013001537,208.60342
2024-04-05 17:00:00,aqi,GRU,368.0000026461353,364.0408
2023-05-07 05:00:00,aqi,GRU,141.9999994267733,139.08446
2023-12-03 04:00:00,aqi,GRU,263.9999996001552,265.28302
2025-10-08 22:00:00,aqi,GRU,158.99999774761727,152.70778
2022-01-11 05:00:00,aqi,GRU,440.00000356198296,440.7142
2021-11-07 22:00:00,aqi,GRU,99.99999992638215,106.82469
2024-08-02 06:00:00,aqi,GRU,215.0000006999589,224.76273
2021-01-07 03:00:00,aqi,GRU,236.00000006245943,221.58295
2023-11-04 22:00:00,aqi,GRU,388.000003589773,369.2227
2025-01-07 17:00:00,aqi,GRU,131.99999895495444,134.5871
2023-01-06 17:00:00,aqi,GRU,155.00000252138588,143.02614
2023-07-11 11:00:00,aqi,GRU,403.99999690093887,417.4296
2024-08-05 20:00:00,aqi,GRU,246.99999972853115,243.20885
2021-10-02 23:00:00,aqi,GRU,368.0000026461353,345.08755
2024-09-11 08:00:00,aqi,GRU,376.00000550483844,381.28152
2024-07-11 11:00:00,aqi,GRU,415.0000023824358,427.75876
2022-12-10 17:00:00,aqi,GRU,123.99999609625125,124.9312
2022-08-02 02:00:00,aqi,GRU,248.00000008586903,251.01955
2022-06-04 11:00:00,aqi,GRU,349.9999993156132,355.61285
2025-10-11 21:00:00,aqi,GRU,428.0000054770484,417.68207
2022-03-04 20:00:00,aqi,GRU,308.9999986217799,306.17554
2021-04-12 18:00:00,aqi,GRU,358.00000217431636,373.6755
2025-02-03 13:00:00,aqi,GRU,178.99999869125497,181.58823
2022-05-11 07:00:00,aqi,GRU,450.0000040338018,449.4501
2025-05-04 00:00:00,aqi,GRU,323.9999993295082,186.24353
2024-07-03 19:00:00,aqi,GRU,243.9999998196025,247.46094
2021-12-04 20:00:00,aqi,GRU,323.9999993295082,317.0244
2021-12-09 02:00:00,aqi,GRU,39.000004492031366,77.94101
2024-01-12 10:00:00,aqi,GRU,353.00000193840697,367.24783
2025-04-08 12:00:00,aqi,GRU,183.9999989271644,186.09323
2025-11-11 07:00:00,aqi,GRU,451.9999892406771,450.79324
2025-07-05 08:00:00,aqi,GRU,201.99999915612634,196.87614
2022-11-05 09:00:00,aqi,GRU,150.00000228547646,153.45059
2023-11-02 18:00:00,aqi,GRU,306.00000220210643,304.5845
2021-09-01 23:00:00,aqi,GRU,340.9999976503522,331.71387
2023-10-02 09:00:00,aqi,GRU,177.99999988469713,180.55101
2025-11-04 14:00:00,aqi,GRU,198.9999996348927,199.25621
2021-08-01 18:00:00,aqi,GRU,246.99999972853115,256.70206
2022-06-09 13:00:00,aqi,GRU,236.00000006245943,147.4355
2025-04-02 02:00:00,aqi,GRU,291.0000014943781,279.63388
2024-07-02 17:00:00,aqi,GRU,215.99999950651673,214.60191
2024-05-04 15:00:00,aqi,GRU,233.00000015353078,224.45734
2022-06-02 20:00:00,aqi,GRU,323.9999993295082,327.92422
2025-07-03 05:00:00,aqi,GRU,266.99999912138884,258.59323
2022-04-02 17:00:00,aqi,GRU,148.9999972757984,166.82613
2023-06-08 21:00:00,aqi,GRU,130.00000134183875,128.17978
2024-03-06 09:00:00,aqi,GRU,172.00000084222984,188.38719
2024-11-06 01:00:00,aqi,GRU,187.00000154995814,208.02457
2022-10-11 05:00:00,aqi,GRU,289.9999995862602,273.07104
2021-05-05 02:00:00,aqi,GRU,174.9999972619034,195.85121
2021-08-07 16:00:00,aqi,GRU,215.99999950651673,224.512
2022-06-10 23:00:00,aqi,GRU,64.99999827501614,90.12796
2023-07-07 16:00:00,aqi,GRU,89.9999994545633,83.7397
2025-09-12 04:00:00,aqi,GRU,323.9999993295082,329.79678
2021-06-09 12:00:00,aqi,GRU,118.99999586034181,127.918594
2023-05-03 16:00:00,aqi,GRU,183.9999989271644,186.28047
2024-09-03 09:00:00,aqi,GRU,181.00000250749088,187.8286
2023-09-11 07:00:00,aqi,GRU,428.0000054770484,426.18253
2022-05-02 03:00:00,aqi,GRU,130.00000134183875,124.054634
2021-05-12 08:00:00,aqi,GRU,339.00000003723653,348.15826
2021-10-06 15:00:00,aqi,GRU,287.00000006502654,279.5705
2022-03-04 06:00:00,aqi,GRU,303.9999983858705,317.35242
2025-01-08 10:00:00,aqi,GRU,236.00000006245943,224.39923
2022-05-11 14:00:00,aqi,GRU,410.999994749964,410.29654
2024-10-09 18:00:00,aqi,GRU,169.99999702599396,157.3125
2022-02-03 21:00:00,aqi,GRU,268.00000102950673,270.8365
2025-06-06 15:00:00,aqi,GRU,190.00000107119178,191.24808
2025-01-11 19:00:00,aqi,GRU,356.99999716463833,355.9649
2021-12-05 07:00:00,aqi,GRU,108.99999538852296,100.53372
2023-06-10 15:00:00,aqi,GRU,307.00000100866424,315.60025
2022-10-10 03:00:00,aqi,GRU,24.00000378430309,35.529476
2024-07-08 12:00:00,aqi,GRU,46.00000234105647,42.02876
2023-11-09 23:00:00,aqi,GRU,64.00000567157852,88.14415
2024-04-12 01:00:00,aqi,GRU,269.9999986426225,307.0921
2025-08-11 04:00:00,aqi,GRU,381.9999983441855,405.5937
2025-11-02 16:00:00,aqi,GRU,381.00000574074784,378.64
2025-07-08 04:00:00,aqi,GRU,201.99999915612634,206.93228
2024-01-02 14:00:00,aqi,GRU,229.99999985690712,243.80486
2022-11-06 08:00:00,aqi,GRU,386.99999858009494,380.76355
2024-10-11 05:00:00,aqi,GRU,358.999994777754,360.18716
2025-02-08 13:00:00,aqi,GRU,111.9999980113167,110.75466
2025-01-10 16:00:00,aqi,GRU,68.00000089780988,74.10692
2021-03-09 22:00:00,aqi,GRU,66.0000032846942,90.04802
2025-11-07 18:00:00,aqi,GRU,158.99999774761727,151.64958
2022-11-03 07:00:00,aqi,GRU,203.0000010642443,208.49576
2023-01-04 03:00:00,aqi,GRU,59.999998039106714,61.410427
2022-11-02 10:00:00,aqi,GRU,222.00000009976407,228.0063
2023-09-11 19:00:00,aqi,GRU,435.99999592951116,440.9516
2023-01-04 07:00:00,aqi,GRU,69.00000590748795,69.69722
2025-11-02 05:00:00,aqi,GRU,358.999994777754,363.36725
2023-07-03 03:00:00,aqi,GRU,235.00000009281655,229.9864
2023-12-03 06:00:00,aqi,GRU,258.0000005576879,265.88474
2024-09-12 19:00:00,aqi,GRU,242.9999998499596,231.0795
2025-01-07 18:00:00,aqi,GRU,133.99999656807012,130.83621
2023-08-02 06:00:00,aqi,GRU,201.99999915612634,214.23157
2023-11-04 08:00:00,aqi,GRU,339.00000003723653,343.17752
2023-08-12 19:00:00,aqi,GRU,349.9999993156132,357.26794
2025-03-03 03:00:00,aqi,GRU,152.99999870514998,163.32288
2021-11-11 12:00:00,aqi,GRU,428.9999980804861,433.81985
2024-07-11 19:00:00,aqi,GRU,438.0000059488673,439.2246
2025-09-12 00:00:00,aqi,GRU,325.9999969426239,368.43655
2023-11-07 06:00:00,aqi,GRU,51.000002576965926,57.99287
2021-08-11 11:00:00,aqi,GRU,403.99999690093887,409.78983
2022-12-04 17:00:00,aqi,GRU,339.00000003723653,330.4441
2023-02-01 22:00:00,aqi,GRU,416.9999999955515,390.28918
2025-11-05 22:00:00,aqi,GRU,188.99999916307382,183.53766
2024-11-11 13:00:00,aqi,GRU,393.00000382568237,384.87216
2021-05-11 08:00:00,aqi,GRU,484.9999932789274,482.98193
2024-05-13 01:00:00,aqi,GRU,236.00000006245943,253.30074
2021-05-07 01:00:00,aqi,GRU,166.00000179976257,167.04213
2025-12-03 19:00:00,aqi,GRU,327.000001952302,325.00235
2021-02-05 19:00:00,aqi,GRU,206.99999939203576,208.47453
2022-10-03 08:00:00,aqi,GRU,234.00000012317366,237.95088
2022-01-02 12:00:00,aqi,GRU,236.00000006245943,334.15234
2023-03-06 06:00:00,aqi,GRU,236.00000006245943,185.58696
2025-05-05 05:00:00,aqi,GRU,239.00000001984995,251.27544
2022-03-03 05:00:00,aqi,GRU,248.00000008586903,253.83832
2023-10-06 16:00:00,aqi,GRU,204.99999867735997,200.8587
2021-06-07 04:00:00,aqi,GRU,182.00000131404872,182.93427
2023-01-12 19:00:00,aqi,GRU,381.00000574074784,387.04163
2024-09-01 23:00:00,aqi,GRU,316.0000026739253,299.60687
2024-02-01 16:00:00,aqi,GRU,339.99999884379434,348.45743
2023-06-02 13:00:00,aqi,GRU,335.99999741444276,341.4888
2023-09-11 21:00:00,aqi,GRU,442.00000117509865,433.85913
2022-03-09 17:00:00,aqi,GRU,174.9999972619034,169.73624
2022-07-04 23:00:00,aqi,GRU,375.0000004951604,335.8591
2023-03-12 15:00:00,aqi,GRU,370.00000025925095,366.34836
2022-12-08 16:00:00,aqi,GRU,236.00000006245943,129.27509
2025-08-05 17:00:00,aqi,GRU,248.00000008586903,249.88449
2021-10-10 15:00:00,aqi,GRU,242.9999998499596,240.30756
2025-09-11 12:00:00,aqi,GRU,430.0000030901641,423.1748
2023-06-11 00:00:00,aqi,GRU,474.0000002036709,272.89612
2023-04-07 08:00:00,aqi,GRU,236.00000006245943,171.23634
2021-05-04 11:00:00,aqi,GRU,257.00000020035003,263.13705
2023-05-01 13:00:00,aqi,GRU,339.99999884379434,351.15347
2021-10-06 02:00:00,aqi,GRU,339.99999884379434,334.46356
2021-09-09 06:00:00,aqi,GRU,69.00000590748795,74.44826
2021-08-10 15:00:00,aqi,GRU,196.00000011365904,196.2293
2024-07-07 04:00:00,aqi,GRU,169.99999702599396,163.24313
2021-09-03 19:00:00,aqi,GRU,299.99999695651894,294.29248
2022-07-02 15:00:00,aqi,GRU,268.00000102950673,266.69928
2022-12-01 14:00:00,aqi,GRU,244.99999978924538,244.4316
2022-07-09 08:00:00,aqi,GRU,147.99999846924055,151.17674
2025-09-02 17:00:00,aqi,GRU,279.00000030788345,280.49588
2022-05-08 10:00:00,aqi,GRU,91.99999706767898,95.838486
2023-12-04 20:00:00,aqi,GRU,312.0000012445737,311.27866
2024-05-06 21:00:00,aqi,GRU,299.99999695651894,296.0062
2024-06-12 15:00:00,aqi,GRU,254.9999994856742,254.61478
2024-08-05 04:00:00,aqi,GRU,344.9999990797038,339.9955
2022-09-02 02:00:00,aqi,GRU,236.00000006245943,287.82108
2025-07-06 07:00:00,aqi,GRU,215.0000006999589,213.47539
2023-11-09 19:00:00,aqi,GRU,53.00000019008161,47.25633
2024-06-02 02:00:00,aqi,GRU,126.999998719045,120.19739
2023-09-04 21:00:00,aqi,GRU,297.99999934340326,287.22482
2025-10-10 16:00:00,aqi,GRU,236.00000006245943,227.0314
2021-07-06 04:00:00,aqi,GRU,190.99999987774964,180.00356
2025-11-02 14:00:00,aqi,GRU,380.0000007310698,380.56717
2022-09-11 19:00:00,aqi,GRU,215.0000006999589,210.67982
2024-12-12 17:00:00,aqi,GRU,356.00000456120074,351.03818
2021-12-10 01:00:00,aqi,GRU,253.0000003217785,239.96065
2025-12-12 00:00:00,aqi,GRU,353.9999945418446,423.94278
2024-05-04 16:00:00,aqi,GRU,234.00000012317366,226.92552
2021-11-05 09:00:00,aqi,GRU,130.00000134183875,132.3528
2023-12-12 04:00:00,aqi,GRU,346.00000408938183,350.16507
2024-09-11 10:00:00,aqi,GRU,371.99999787236663,375.9091
2022-01-05 04:00:00,aqi,GRU,363.0000024102258,367.30847
2023-01-01 22:00:00,aqi,GRU,289.0000007797023,288.91086
2022-04-12 12:00:00,aqi,GRU,443.0000061847767,443.3882
2022-04-06 02:00:00,aqi,GRU,324.9999981360661,325.08963
2022-05-07 13:00:00,aqi,GRU,146.9999996626827,144.66707
2021-02-03 10:00:00,aqi,GRU,266.99999912138884,274.60526
2024-04-09 20:00:00,aqi,GRU,111.00000540787907,114.66186
2022-12-06 11:00:00,aqi,GRU,388.000003589773,381.44464
2025-01-11 05:00:00,aqi,GRU,251.00000038249271,243.86307
2025-06-12 19:00:00,aqi,GRU,381.9999983441855,388.68198
2021-06-08 04:00:00,aqi,GRU,121.00000587969794,115.006195
2021-06-10 17:00:00,aqi,GRU,108.00000278508531,115.13836
2022-08-03 21:00:00,aqi,GRU,348.99999430593516,343.90106
2025-07-06 16:00:00,aqi,GRU,240.99999991067384,240.38504
2023-01-02 04:00:00,aqi,GRU,172.9999996487877,192.30449
2024-11-06 20:00:00,aqi,GRU,303.9999983858705,303.11807
2023-05-12 06:00:00,aqi,GRU,342.00000266003025,351.3943
2025-10-07 06:00:00,aqi,GRU,71.99999612404127,73.34912
2025-11-09 01:00:00,aqi,GRU,88.99999444488523,115.7506
2022-04-12 18:00:00,aqi,GRU,423.9999978445766,427.7169
2022-12-08 21:00:00,aqi,GRU,236.00000006245943,120.90361
2021-10-02 01:00:00,aqi,GRU,236.00000006245943,328.4899
2022-08-07 21:00:00,aqi,GRU,93.99999468079466,83.69331
2023-08-09 16:00:00,aqi,GRU,86.99999683176955,119.97213
2024-02-03 13:00:00,aqi,GRU,151.99999989859214,154.32658
2025-07-13 00:00:00,aqi,GRU,236.00000006245943,341.85535
2024-07-07 16:00:00,aqi,GRU,98.99999491670411,99.94945
2025-01-02 06:00:00,aqi,GRU,353.9999945418446,354.43564
2021-09-11 02:00:00,aqi,GRU,415.9999949858734,426.88278
2025-01-07 20:00:00,aqi,GRU,130.00000134183875,132.55415
2021-04-05 03:00:00,aqi,GRU,307.9999998152221,308.93527
2024-12-07 09:00:00,aqi,GRU,139.00000300709974,131.10167
2021-07-05 04:00:00,aqi,GRU,111.9999980113167,122.867256
2023-07-09 08:00:00,aqi,GRU,105.00000016229157,109.47055
2025-07-05 22:00:00,aqi,GRU,188.99999916307382,189.8193
2025-04-02 10:00:00,aqi,GRU,302.99999957931266,310.6764
2021-02-03 07:00:00,aqi,GRU,299.99999695651894,310.56262
2025-06-11 07:00:00,aqi,GRU,297.0000005368454,309.12595
2024-03-01 17:00:00,aqi,GRU,375.0000004951604,376.54565
2022-09-03 06:00:00,aqi,GRU,286.00000125846867,293.80936
2022-11-03 20:00:00,aqi,GRU,233.00000015353078,230.6076
2024-08-02 19:00:00,aqi,GRU,203.99999987080213,203.8339
2024-09-08 02:00:00,aqi,GRU,236.00000006245943,180.17473
2023-07-01 18:00:00,aqi,GRU,366.99999763645724,371.57294
2024-01-04 12:00:00,aqi,GRU,200.00000154301065,205.75032
2024-04-02 01:00:00,aqi,GRU,223.00000045710195,224.18678
2022-07-05 14:00:00,aqi,GRU,348.0000017024975,344.9763
2025-07-02 23:00:00,aqi,GRU,229.00000027495923,231.01787
2022-06-11 02:00:00,aqi,GRU,366.99999763645724,370.1743
2023-04-10 23:00:00,aqi,GRU,346.00000408938183,318.92166
2021-11-09 16:00:00,aqi,GRU,44.99999733137844,42.001873
2022-01-02 22:00:00,aqi,GRU,236.00000006245943,321.3402
2021-01-07 01:00:00,aqi,GRU,236.00000006245943,220.83403
2021-04-01 20:00:00,aqi,GRU,236.00000006245943,319.32187
2025-11-04 12:00:00,aqi,GRU,198.9999996348927,198.42007
2021-05-07 02:00:00,aqi,GRU,166.00000179976257,168.66493
2021-09-05 21:00:00,aqi,GRU,128.99999633216066,123.80209
2025-04-03 01:00:00,aqi,GRU,203.0000010642443,214.81276
2021-09-02 06:00:00,aqi,GRU,343.0000014665881,350.70712
2022-06-08 03:00:00,aqi,GRU,236.00000006245943,183.0885
2022-07-03 17:00:00,aqi,GRU,296.0000017302875,295.77405
2022-01-06 08:00:00,aqi,GRU,388.99999619321056,392.90063
2021-10-06 01:00:00,aqi,GRU,351.99999692872893,317.1594
2021-11-12 02:00:00,aqi,GRU,339.99999884379434,327.65027
2023-11-08 01:00:00,aqi,GRU,162.000000370411,143.7008
2023-06-09 17:00:00,aqi,GRU,140.0000018136576,143.85173
2021-10-07 07:00:00,aqi,GRU,108.99999538852296,109.58536
2023-12-05 06:00:00,aqi,GRU,339.99999884379434,349.8641
2022-03-10 08:00:00,aqi,GRU,139.00000300709974,147.31075
2023-11-07 15:00:00,aqi,GRU,44.99999733137844,53.543926
2022-03-10 00:00:00,aqi,GRU,183.00000012060656,189.19073
2021-04-04 22:00:00,aqi,GRU,262.9999992428173,255.97577
2024-09-04 13:00:00,aqi,GRU,318.00000028704096,320.76154
2021-06-07 16:00:00,aqi,GRU,183.9999989271644,188.25047
2023-11-02 09:00:00,aqi,GRU,269.9999986426225,268.0795
2022-05-09 00:00:00,aqi,GRU,130.99999394527634,193.60963
2022-03-12 07:00:00,aqi,GRU,393.9999964291201,398.45407
2022-10-05 03:00:00,aqi,GRU,155.00000252138588,160.52634
2024-06-01 14:00:00,aqi,GRU,318.00000028704096,333.58542
2025-04-12 10:00:00,aqi,GRU,335.99999741444276,353.39334
2025-03-05 16:00:00,aqi,GRU,255.99999984301212,249.9181
2021-03-12 08:00:00,aqi,GRU,411.99999975964204,418.67126
2023-11-10 13:00:00,aqi,GRU,254.9999994856742,257.57578
2024-09-03 04:00:00,aqi,GRU,186.0000027434003,196.683
2021-06-07 14:00:00,aqi,GRU,179.9999974978128,185.90758
2023-10-02 22:00:00,aqi,GRU,200.00000154301065,198.36998
2022-01-11 19:00:00,aqi,GRU,420.9999952217829,425.07162
2023-11-03 19:00:00,aqi,GRU,239.00000001984995,236.81303
2024-06-09 21:00:00,aqi,GRU,128.99999633216066,121.88187
2023-05-04 19:00:00,aqi,GRU,176.00000227158145,177.55527
2022-05-08 14:00:00,aqi,GRU,83.9999942089758,88.82507
2024-12-09 13:00:00,aqi,GRU,130.99999394527634,133.3412
2023-06-12 21:00:00,aqi,GRU,324.9999981360661,322.32782
2022-03-05 19:00:00,aqi,GRU,282.99999863567496,275.52005
2023-06-01 16:00:00,aqi,GRU,401.99999928782324,404.2053
2023-04-04 07:00:00,aqi,GRU,236.00000006245943,175.19025
2024-05-11 20:00:00,aqi,GRU,410.0000021465264,407.32535
2025-11-01 23:00:00,aqi,GRU,236.00000006245943,330.05014
2023-05-10 04:00:00,aqi,GRU,349.9999993156132,348.97705
2024-07-03 15:00:00,aqi,GRU,248.00000008586903,252.23001
2022-06-12 00:00:00,aqi,GRU,368.0000026461353,353.63428
2021-05-12 14:00:00,aqi,GRU,339.99999884379434,342.06128
2022-04-10 22:00:00,aqi,GRU,150.49999858719525,167.60152
2024-05-12 01:00:00,aqi,GRU,212.9999999852831,245.62926
2021-12-12 13:00:00,aqi,GRU,271.0000005507404,274.08478
2022-06-05 17:00:00,aqi,GRU,353.00000193840697,339.25577
2022-03-07 17:00:00,aqi,GRU,74.99999874683502,70.35202
2021-07-02 20:00:00,aqi,GRU,316.0000026739253,319.765
2024-03-04 02:00:00,aqi,GRU,219.99999938508824,228.96771
2024-01-08 21:00:00,aqi,GRU,74.00000614339737,64.945816
2023-11-06 14:00:00,aqi,GRU,168.99999821943612,173.72421
2021-05-02 07:00:00,aqi,GRU,236.00000006245943,254.74442
2023-07-07 23:00:00,aqi,GRU,96.00000470015078,97.71442
2024-08-11 19:00:00,aqi,GRU,393.00000382568237,393.4997
2024-04-08 02:00:00,aqi,GRU,58.00000042599103,76.26399
2023-08-13 00:00:00,aqi,GRU,236.00000006245943,337.6299
2023-02-08 02:00:00,aqi,GRU,121.99999848313556,130.43561
2025-12-02 16:00:00,aqi,GRU,279.9999991144413,269.4914
2023-09-03 22:00:00,aqi,GRU,136.99999919086383,155.60098
2024-06-02 00:00:00,aqi,GRU,128.99999633216066,315.12888
2021-07-03 22:00:00,aqi,GRU,318.00000028704096,314.5323
2021-03-10 00:00:00,aqi,GRU,139.00000300709974,84.15965
2022-12-01 09:00:00,aqi,GRU,232.0000001838879,230.36105
2023-11-08 14:00:00,aqi,GRU,166.00000179976257,164.8038
2022-05-04 03:00:00,aqi,GRU,346.00000408938183,363.74933
2024-08-12 13:00:00,aqi,GRU,349.9999993156132,355.21262
2023-12-11 11:00:00,aqi,GRU,243.9999998196025,241.936
2022-03-09 21:00:00,aqi,GRU,168.99999821943612,178.9367
2025-04-13 00:00:00,aqi,GRU,236.00000006245943,358.05112
2021-04-11 08:00:00,aqi,GRU,236.00000006245943,343.5092
2025-08-07 06:00:00,aqi,GRU,103.00000254917589,103.02905
2022-02-13 00:00:00,aqi,GRU,236.00000006245943,366.20248
2021-07-09 00:00:00,aqi,GRU,121.00000587969794,136.68503
2025-11-03 17:00:00,aqi,GRU,312.0000012445737,304.30057
2021-02-03 03:00:00,aqi,GRU,327.000001952302,326.68082
2023-07-09 15:00:00,aqi,GRU,98.99999491670411,112.90143
2021-12-01 12:00:00,aqi,GRU,319.99999790015664,320.26196
2023-02-12 16:00:00,aqi,GRU,373.00000288204467,386.492
2021-03-05 06:00:00,aqi,GRU,258.99999936424575,256.20413
2024-09-01 15:00:00,aqi,GRU,365.0000000233415,367.75943
2023-09-11 15:00:00,aqi,GRU,435.0000033260735,432.56406
2023-11-12 17:00:00,aqi,GRU,339.00000003723653,343.29196
2021-05-10 06:00:00,aqi,GRU,141.9999994267733,140.88988
2022-02-05 22:00:00,aqi,GRU,248.99999966781692,240.15137
2021-07-05 08:00:00,aqi,GRU,125.0000011059293,130.84956
2022-11-06 23:00:00,aqi,GRU,371.99999787236663,318.2765
2022-08-10 19:00:00,aqi,GRU,39.999997095468984,47.736477
2021-12-09 05:00:00,aqi,GRU,39.000004492031366,55.299206
2024-08-05 02:00:00,aqi,GRU,361.9999974005478,341.40417
2025-07-11 00:00:00,aqi,GRU,346.9999966928195,86.68048
2025-04-11 05:00:00,aqi,GRU,339.99999884379434,342.89297
2025-08-08 02:00:00,aqi,GRU,209.9999989132694,217.05891
2022-02-04 11:00:00,aqi,GRU,370.00000025925095,365.30707
2024-01-10 18:00:00,aqi,GRU,215.0000006999589,207.74579
2021-12-05 00:00:00,aqi,GRU,125.0000011059293,280.38818
2024-11-07 08:00:00,aqi,GRU,211.9999996279452,202.70467
2021-12-10 21:00:00,aqi,GRU,293.9999979140516,283.94263
2025-04-03 11:00:00,aqi,GRU,179.9999974978128,189.13797
2024-10-13 02:00:00,aqi,GRU,236.00000006245943,257.77814
2021-01-08 05:00:00,aqi,GRU,101.99999753949783,84.63959
2022-12-03 01:00:00,aqi,GRU,219.0000005785304,218.23627
2022-06-05 09:00:00,aqi,GRU,279.9999991144413,284.63248
2023-11-10 04:00:00,aqi,GRU,236.00000006245943,222.46382
2024-06-09 04:00:00,aqi,GRU,136.99999919086383,128.65698
2024-03-07 09:00:00,aqi,GRU,196.00000011365904,194.41989
2025-02-05 05:00:00,aqi,GRU,232.0000001838879,236.0689
2022-05-11 15:00:00,aqi,GRU,406.99999952373264,404.94162
2022-10-10 07:00:00,aqi,GRU,236.00000006245943,34.644466
2021-08-07 15:00:00,aqi,GRU,215.0000006999589,224.80348
2021-02-07 22:00:00,aqi,GRU,317.0000014804831,307.3253
2023-10-06 09:00:00,aqi,GRU,183.00000012060656,181.96199
2022-06-11 01:00:00,aqi,GRU,368.0000026461353,354.77332
2024-03-04 03:00:00,aqi,GRU,219.99999938508824,220.26913
2024-06-08 19:00:00,aqi,GRU,54.00000519975964,50.434322
2022-04-13 02:00:00,aqi,GRU,236.00000006245943,360.6071
2024-12-05 03:00:00,aqi,GRU,271.99999935729824,269.9679
2025-06-11 14:00:00,aqi,GRU,348.0000017024975,350.86227
2024-06-03 14:00:00,aqi,GRU,169.99999702599396,174.16992
2022-03-11 11:00:00,aqi,GRU,236.00000006245943,454.95795
2023-10-09 04:00:00,aqi,GRU,37.9999994823533,51.15475
2024-08-04 19:00:00,aqi,GRU,307.9999998152221,304.08817
2025-09-02 05:00:00,aqi,GRU,271.99999935729824,277.1147
2021-05-02 19:00:00,aqi,GRU,236.00000006245943,275.84964
2021-03-06 04:00:00,aqi,GRU,133.00000396463247,151.42386
2023-11-02 14:00:00,aqi,GRU,293.9999979140516,295.05045
2022-03-04 02:00:00,aqi,GRU,322.00000171639255,335.1699
2025-05-03 04:00:00,aqi,GRU,146.00000085612487,160.98708
2023-10-11 01:00:00,aqi,GRU,456.0000092793893,455.4904
2021-10-11 15:00:00,aqi,GRU,386.99999858009494,386.2172
2021-02-06 10:00:00,aqi,GRU,137.9999979974217,137.65549
2023-09-13 02:00:00,aqi,GRU,236.00000006245943,337.2485
2021-07-04 23:00:00,aqi,GRU,229.00000027495923,217.81543
2021-09-03 10:00:00,aqi,GRU,303.9999983858705,303.5178
2022-07-05 12:00:00,aqi,GRU,361.00000479711014,344.19666
2025-02-07 06:00:00,aqi,GRU,157.0000001345016,158.57509
2021-03-10 01:00:00,aqi,GRU,126.999998719045,145.14551
2021-02-05 06:00:00,aqi,GRU,225.99999997833558,225.3721
2022-05-08 01:00:00,aqi,GRU,209.00000010671155,175.63408
2023-02-01 14:00:00,aqi,GRU,365.0000000233415,368.44678
2023-01-09 11:00:00,aqi,GRU,188.00000035651598,188.12807
2024-02-10 09:00:00,aqi,GRU,266.99999912138884,269.22452
2021-08-02 07:00:00,aqi,GRU,349.9999993156132,357.39792
2023-04-03 01:00:00,aqi,GRU,177.0000010781393,195.29735
2025-09-03 18:00:00,aqi,GRU,319.99999790015664,317.51013
2021-10-10 23:00:00,aqi,GRU,240.00000003795472,238.87463
2022-07-09 10:00:00,aqi,GRU,151.99999989859214,157.08858
2021-06-11 00:00:00,aqi,GRU,476.00001022302706,142.24838
2023-11-12 06:00:00,aqi,GRU,236.00000006245943,307.96906
2023-01-06 19:00:00,aqi,GRU,157.9999989410594,151.51633
2024-11-09 03:00:00,aqi,GRU,136.99999919086383,146.46133
2022-10-12 19:00:00,aqi,GRU,390.00000120288865,397.65585
2025-03-07 12:00:00,aqi,GRU,118.99999586034181,119.6467
2023-07-07 05:00:00,aqi,GRU,74.99999874683502,81.94081
2025-04-09 20:00:00,aqi,GRU,54.99999780319729,54.219402
2024-12-08 13:00:00,aqi,GRU,53.00000019008161,50.312572
2021-04-06 02:00:00,aqi,GRU,174.9999972619034,185.10326
2023-01-08 01:00:00,aqi,GRU,130.00000134183875,128.2575
2023-08-12 20:00:00,aqi,GRU,348.99999430593516,354.34958
2024-08-10 20:00:00,aqi,GRU,229.00000027495923,228.78403
2024-05-11 18:00:00,aqi,GRU,410.0000021465264,411.07523
2024-03-05 20:00:00,aqi,GRU,337.00000242412085,327.79257
2023-03-11 08:00:00,aqi,GRU,497.99999637354006,483.6565
2025-11-12 13:00:00,aqi,GRU,338.00000123067866,334.7017
2023-02-04 10:00:00,aqi,GRU,136.99999919086383,135.31657
2025-11-10 10:00:00,aqi,GRU,232.0000001838879,232.82455
2021-09-07 08:00:00,aqi,GRU,215.0000006999589,203.86075
2021-12-05 18:00:00,aqi,GRU,157.0000001345016,155.44057
2022-01-09 20:00:00,aqi,GRU,236.00000006245943,196.63068
2023-06-07 15:00:00,aqi,GRU,73.00000113371931,76.042206
2022-07-09 11:00:00,aqi,GRU,151.0000010920343,156.6972
2024-02-04 04:00:00,aqi,GRU,223.9999992636598,228.06096
2024-07-05 09:00:00,aqi,GRU,361.9999974005478,370.50458
2023-04-08 15:00:00,aqi,GRU,133.00000396463247,139.03603
2024-10-11 00:00:00,aqi,GRU,366.00000503301953,188.77275
2021-07-03 02:00:00,aqi,GRU,308.9999986217799,304.4433
2025-01-11 14:00:00,aqi,GRU,309.9999974283378,305.5643
2023-12-13 00:00:00,aqi,GRU,236.00000006245943,370.43542
2024-12-08 22:00:00,aqi,GRU,59.000005435669095,72.67038
2024-04-12 11:00:00,aqi,GRU,231.000000214245,241.18019
2024-06-08 05:00:00,aqi,GRU,49.000004963850216,56.2953
2025-01-03 19:00:00,aqi,GRU,140.0000018136576,148.34064
2025-08-03 19:00:00,aqi,GRU,244.99999978924538,242.84679
2023-08-03 23:00:00,aqi,GRU,206.99999939203576,206.00575
2021-04-10 23:00:00,aqi,GRU,131.99999895495444,149.92824
2022-03-06 18:00:00,aqi,GRU,314.9999976642472,303.54858
2023-02-10 11:00:00,aqi,GRU,211.9999996279452,211.84567
2025-10-07 00:00:00,aqi,GRU,96.9999973035884,283.35034
2025-04-06 18:00:00,aqi,GRU,274.00000007197406,270.00305
2025-04-07 10:00:00,aqi,GRU,116.99999824722613,115.48671
2025-09-01 22:00:00,aqi,GRU,437.00000093918925,426.037
2021-06-09 00:00:00,aqi,GRU,78.00000136962873,124.233574
2023-06-04 03:00:00,aqi,GRU,195.00000130710123,204.93335
2021-08-05 17:00:00,aqi,GRU,191.99999868430746,186.47241
2022-11-05 12:00:00,aqi,GRU,183.9999989271644,161.04564
2021-10-12 20:00:00,aqi,GRU,337.00000242412085,341.42813
2021-12-03 07:00:00,aqi,GRU,278.00000150132564,273.7041
2021-03-09 11:00:00,aqi,GRU,68.00000089780988,70.60202
2025-05-08 23:00:00,aqi,GRU,143.99999703988897,153.64082
2024-03-04 21:00:00,aqi,GRU,240.00000003795472,225.35228
2024-03-10 17:00:00,aqi,GRU,238.0000000017452,235.04814
2022-04-05 21:00:00,aqi,GRU,296.0000017302875,302.09354
2025-07-05 02:00:00,aqi,GRU,209.00000010671155,189.47415
2021-06-01 23:00:00,aqi,GRU,236.00000006245943,316.73413
2022-03-12 09:00:00,aqi,GRU,400.0000016747075,400.52194
2022-08-04 06:00:00,aqi,GRU,375.0000004951604,373.56168
2021-02-02 04:00:00,aqi,GRU,433.9999983163955,421.87302
2021-12-06 16:00:00,aqi,GRU,157.0000001345016,152.57472
2021-11-02 14:00:00,aqi,GRU,405.9999945140546,390.15817
2022-06-05 04:00:00,aqi,GRU,244.99999978924538,257.24698
2025-03-09 10:00:00,aqi,GRU,31.999994236765815,35.85423
2025-11-06 02:00:00,aqi,GRU,354.99999955152265,342.0518
2025-02-11 07:00:00,aqi,GRU,403.99999690093887,400.5168
2022-02-04 16:00:00,aqi,GRU,328.0000007588598,331.2497
2023-06-02 12:00:00,aqi,GRU,335.99999741444276,341.4137
2025-06-04 14:00:00,aqi,GRU,297.0000005368454,299.99002
2023-12-08 19:00:00,aqi,GRU,176.00000227158145,169.94347
2021-02-07 09:00:00,aqi,GRU,308.9999986217799,300.39465
2023-04-12 03:00:00,aqi,GRU,368.0000026461353,357.62076
2023-01-09 06:00:00,aqi,GRU,188.00000035651598,183.89389
2024-04-01 14:00:00,aqi,GRU,393.9999964291201,401.14917
2021-06-10 15:00:00,aqi,GRU,113.00000302099475,119.15878
2021-01-05 07:00:00,aqi,GRU,309.9999974283378,306.6189
2025-03-10 16:00:00,aqi,GRU,76.00000375651305,82.74809
2022-11-11 16:00:00,aqi,GRU,365.0000000233415,356.8135
2023-09-09 19:00:00,aqi,GRU,41.00000210514705,47.323635
2023-02-06 12:00:00,aqi,GRU,186.0000027434003,175.19206
2021-11-10 03:00:00,aqi,GRU,235.00000009281655,231.83275
2022-11-05 21:00:00,aqi,GRU,193.99999939898328,200.74376
2024-01-11 17:00:00,aqi,GRU,339.99999884379434,337.22415
2023-11-09 11:00:00,aqi,GRU,44.00000472794079,51.380367
2024-08-02 01:00:00,aqi,GRU,223.00000045710195,228.47627
2021-07-04 06:00:00,aqi,GRU,319.99999790015664,323.27594
2025-08-08 09:00:00,aqi,GRU,216.9999998638546,208.5148
2023-11-08 11:00:00,aqi,GRU,165.00000299320476,162.62491
2025-08-10 23:00:00,aqi,GRU,66.99999588813182,101.414444
2024-09-11 17:00:00,aqi,GRU,375.0000004951604,365.34647
2021-07-04 14:00:00,aqi,GRU,271.0000005507404,267.40695
2023-10-08 15:00:00,aqi,GRU,161.00000156385317,181.48972
2023-01-06 16:00:00,aqi,GRU,150.00000228547646,134.30391
2024-07-06 07:00:00,aqi,GRU,219.0000005785304,204.42296
2021-08-07 08:00:00,aqi,GRU,201.99999915612634,212.1677
2021-04-01 17:00:00,aqi,GRU,236.00000006245943,305.29608
2024-08-03 23:00:00,aqi,GRU,191.99999868430746,205.9396
2025-09-05 22:00:00,aqi,GRU,190.00000107119178,180.6399
2022-10-06 21:00:00,aqi,GRU,411.99999975964204,388.61716
2024-05-05 20:00:00,aqi,GRU,356.99999716463833,354.4845
2025-05-02 00:00:00,aqi,GRU,368.99999524957286,336.43735
2021-09-03 14:00:00,aqi,GRU,297.99999934340326,293.6675
2023-12-08 04:00:00,aqi,GRU,173.99999845534555,179.73907
2021-12-06 13:00:00,aqi,GRU,171.00000203567203,157.03964
2025-06-04 01:00:00,aqi,GRU,262.9999992428173,257.17838
2025-08-09 11:00:00,aqi,GRU,96.9999973035884,100.91591
2023-03-05 16:00:00,aqi,GRU,130.00000134183875,120.787834
2021-02-03 21:00:00,aqi,GRU,265.0000015082731,280.54645
2021-08-05 03:00:00,aqi,GRU,196.9999989202169,202.59799
2023-02-09 15:00:00,aqi,GRU,216.9999998638546,213.82198
2022-01-08 08:00:00,aqi,GRU,78.99999397306638,79.543594
2022-09-02 00:00:00,aqi,GRU,236.00000006245943,271.5738
2022-06-12 18:00:00,aqi,GRU,388.000003589773,381.31482
2022-12-03 08:00:00,aqi,GRU,209.9999989132694,217.02322
2024-03-02 17:00:00,aqi,GRU,215.0000006999589,228.29988
2025-03-10 21:00:00,aqi,GRU,81.99999659586013,79.643295
2023-12-12 06:00:00,aqi,GRU,351.99999692872893,361.91357
2021-04-07 18:00:00,aqi,GRU,148.9999972757984,149.24034
2023-10-10 05:00:00,aqi,GRU,236.00000006245943,227.65266
2024-07-11 17:00:00,aqi,GRU,432.0000007032798,425.08115
2024-11-03 06:00:00,aqi,GRU,219.0000005785304,226.42754
2021-02-02 11:00:00,aqi,GRU,435.0000033260735,442.9112
2021-07-03 06:00:00,aqi,GRU,339.00000003723653,342.82507
2024-02-10 06:00:00,aqi,GRU,265.0000015082731,266.2363
2025-07-09 07:00:00,aqi,GRU,110.00000039820102,104.33612
2025-11-07 07:00:00,aqi,GRU,111.9999980113167,106.24516
2024-11-12 01:00:00,aqi,GRU,258.99999936424575,268.2867
2022-11-05 02:00:00,aqi,GRU,157.9999989410594,148.6142
2024-03-02 09:00:00,aqi,GRU,258.99999936424575,255.60875
2024-06-06 09:00:00,aqi,GRU,262.9999992428173,261.64536
2021-02-11 20:00:00,aqi,GRU,306.00000220210643,315.98062
2024-12-07 14:00:00,aqi,GRU,131.99999895495444,128.47192
2023-04-06 00:00:00,aqi,GRU,218.00000022119252,150.51329
2021-12-08 14:00:00,aqi,GRU,152.99999870514998,146.00868
2023-06-03 01:00:00,aqi,GRU,160.0000027572953,175.327
2022-07-07 12:00:00,aqi,GRU,236.00000006245943,204.90863
2025-11-03 13:00:00,aqi,GRU,309.9999974283378,308.43015
2021-07-07 20:00:00,aqi,GRU,258.99999936424575,253.64598
2021-04-06 16:00:00,aqi,GRU,201.99999915612634,199.35255
2021-07-01 11:00:00,aqi,GRU,324.9999981360661,327.83755
2022-10-11 04:00:00,aqi,GRU,274.99999887853187,255.1104
2025-10-01 23:00:00,aqi,GRU,428.0000054770484,378.06137
2024-10-07 07:00:00,aqi,GRU,263.9999996001552,248.90436
2021-03-11 21:00:00,aqi,GRU,322.00000171639255,325.62415
2025-06-05 05:00:00,aqi,GRU,151.0000010920343,151.77481
2023-03-04 17:00:00,aqi,GRU,201.99999915612634,209.57184
2025-06-01 12:00:00,aqi,GRU,356.00000456120074,366.68207
2025-08-05 18:00:00,aqi,GRU,246.0000001465833,247.98412
2025-06-07 23:00:00,aqi,GRU,93.00000207735704,113.17797
2022-03-11 10:00:00,aqi,GRU,440.9999961654206,450.85812
2023-06-01 23:00:00,aqi,GRU,398.99999666502947,367.8285
2022-07-12 01:00:00,aqi,GRU,371.99999787236663,372.42905
2024-04-07 10:00:00,aqi,GRU,157.0000001345016,158.5318
2023-05-11 22:00:00,aqi,GRU,476.00001022302706,450.49536
2023-08-02 22:00:00,aqi,GRU,198.00000082833486,193.22452
2023-06-10 06:00:00,aqi,GRU,353.9999945418446,361.74536
2025-05-01 15:00:00,aqi,GRU,398.99999666502947,408.64694
2022-09-07 06:00:00,aqi,GRU,103.99999515261354,99.90248
2022-07-01 19:00:00,aqi,GRU,219.99999938508824,219.97485
2023-08-09 12:00:00,aqi,GRU,101.00000493606021,105.288864
2023-04-07 07:00:00,aqi,GRU,236.00000006245943,159.57661
2024-02-02 20:00:00,aqi,GRU,258.0000005576879,262.7252
2021-04-09 10:00:00,aqi,GRU,56.99999541631297,68.394714
2024-04-05 05:00:00,aqi,GRU,361.00000479711014,364.87823
2024-10-09 19:00:00,aqi,GRU,167.99999941287825,162.82623
2023-04-02 12:00:00,aqi,GRU,236.00000006245943,304.46292
2021-04-11 13:00:00,aqi,GRU,236.00000006245943,419.84735
2022-07-10 09:00:00,aqi,GRU,60.49999434082554,66.41777
2025-10-06 10:00:00,aqi,GRU,342.00000266003025,337.88388
2024-10-02 14:00:00,aqi,GRU,312.0000012445737,306.54672
2024-02-12 13:00:00,aqi,GRU,302.99999957931266,306.83487
2023-03-04 22:00:00,aqi,GRU,193.0000005924254,172.60435
2022-08-04 05:00:00,aqi,GRU,375.0000004951604,375.96277
2023-03-13 00:00:00,aqi,GRU,236.00000006245943,356.36328
2023-06-07 06:00:00,aqi,GRU,83.9999942089758,91.69882
2025-01-04 20:00:00,aqi,GRU,263.9999996001552,277.9653
2022-10-06 14:00:00,aqi,GRU,391.99999881600434,380.60657
2022-02-01 20:00:00,aqi,GRU,428.0000054770484,429.27963
2021-03-07 23:00:00,aqi,GRU,113.99999562443239,114.58406
2021-09-06 14:00:00,aqi,GRU,386.0000059766573,369.44714
2023-03-02 04:00:00,aqi,GRU,266.00000031483097,261.93716
2024-12-12 20:00:00,aqi,GRU,358.00000217431636,357.75616
2021-03-04 03:00:00,aqi,GRU,257.00000020035003,269.4492
2025-12-04 17:00:00,aqi,GRU,236.00000006245943,204.15187
2022-07-06 04:00:00,aqi,GRU,271.0000005507404,275.46722
2023-03-02 17:00:00,aqi,GRU,232.0000001838879,238.70079
2022-05-07 17:00:00,aqi,GRU,142.99999823333113,141.42923
2022-04-03 19:00:00,aqi,GRU,229.00000027495923,224.00615
2025-01-01 12:00:00,aqi,GRU,376.99999810827603,377.5785
2022-05-08 00:00:00,aqi,GRU,188.00000035651598,140.94307
2024-03-03 02:00:00,aqi,GRU,101.00000493606021,111.89682
2021-04-07 10:00:00,aqi,GRU,147.99999846924055,147.56252
2022-03-02 13:00:00,aqi,GRU,340.9999976503522,340.355
2024-10-11 21:00:00,aqi,GRU,363.0000024102258,351.34384
2022-02-13 02:00:00,aqi,GRU,236.00000006245943,354.4241
2023-03-11 19:00:00,aqi,GRU,453.0000066565956,460.58463
2022-03-06 17:00:00,aqi,GRU,311.0000024380158,300.5966
2023-02-10 13:00:00,aqi,GRU,196.00000011365904,202.7553
2021-06-07 10:00:00,aqi,GRU,179.9999974978128,184.36171
2021-01-09 09:00:00,aqi,GRU,236.00000006245943,125.589966
2022-07-07 03:00:00,aqi,GRU,236.00000006245943,182.8482
2023-11-07 22:00:00,aqi,GRU,59.999998039106714,62.538464
2024-04-07 13:00:00,aqi,GRU,113.99999562443239,124.18479
2024-06-10 06:00:00,aqi,GRU,191.99999868430746,182.28435
2023-10-02 06:00:00,aqi,GRU,187.00000154995814,185.07512
2021-12-12 10:00:00,aqi,GRU,278.00000150132564,280.43628
2022-12-11 19:00:00,aqi,GRU,308.9999986217799,315.20096
2023-07-01 11:00:00,aqi,GRU,381.9999983441855,389.5774
2024-03-10 23:00:00,aqi,GRU,229.00000027495923,244.26923
2023-08-10 17:00:00,aqi,GRU,251.99999996444058,244.39362
2021-09-09 05:00:00,aqi,GRU,68.00000089780988,75.40355
2021-02-09 00:00:00,aqi,GRU,236.00000006245943,81.51265
2022-01-02 15:00:00,aqi,GRU,236.00000006245943,330.62366
2025-08-04 03:00:00,aqi,GRU,325.9999969426239,335.74423
2022-07-07 11:00:00,aqi,GRU,236.00000006245943,205.36115
2025-01-10 23:00:00,aqi,GRU,83.9999942089758,104.2793
2023-03-02 11:00:00,aqi,GRU,250.0000000251548,258.03076
2022-01-07 04:00:00,aqi,GRU,78.99999397306638,81.11693
2022-09-05 21:00:00,aqi,GRU,173.99999845534555,201.27544
2021-08-09 06:00:00,aqi,GRU,79.99999898274444,88.15253
2021-04-05 10:00:00,aqi,GRU,248.00000008586903,262.19608
2022-08-05 07:00:00,aqi,GRU,276.9999995932077,276.23236
2021-08-03 07:00:00,aqi,GRU,227.0000003356735,231.11461
2025-08-09 15:00:00,aqi,GRU,98.00000231326646,97.186676
2023-09-11 23:00:00,aqi,GRU,450.0000040338018,405.9276
2021-02-09 16:00:00,aqi,GRU,41.999994708584694,40.44618
2021-01-03 03:00:00,aqi,GRU,227.0000003356735,230.08443
2025-12-08 08:00:00,aqi,GRU,172.00000084222984,170.75139
2025-04-06 03:00:00,aqi,GRU,233.00000015353078,210.12819
2023-07-04 05:00:00,aqi,GRU,179.9999974978128,187.3192
2022-07-11 05:00:00,aqi,GRU,353.9999945418446,359.48157
2022-07-01 09:00:00,aqi,GRU,250.0000000251548,245.43431
2021-07-05 07:00:00,aqi,GRU,116.99999824722613,120.48681
2023-03-09 04:00:00,aqi,GRU,251.99999996444058,248.18636
2023-05-11 06:00:00,aqi,GRU,474.0000002036709,470.05966
2023-11-01 16:00:00,aqi,GRU,307.9999998152221,316.57755
2024-03-01 15:00:00,aqi,GRU,373.9999954854823,376.25827
2023-07-10 01:00:00,aqi,GRU,312.0000012445737,307.40256
2021-03-07 19:00:00,aqi,GRU,118.0000032569042,133.22221
2024-01-08 13:00:00,aqi,GRU,46.00000234105647,40.801968
2023-03-02 21:00:00,aqi,GRU,235.00000009281655,222.82516
2021-05-04 01:00:00,aqi,GRU,266.99999912138884,271.5663
2024-02-02 06:00:00,aqi,GRU,203.99999987080213,201.0132
2024-04-09 22:00:00,aqi,GRU,106.00000517196963,120.29456
2025-10-02 16:00:00,aqi,GRU,340.9999976503522,340.42325
2021-10-12 00:00:00,aqi,GRU,348.99999430593516,376.28992
2025-03-03 19:00:00,aqi,GRU,214.00000034262098,206.70786
2024-07-05 14:00:00,aqi,GRU,381.9999983441855,377.10266
2024-08-08 16:00:00,aqi,GRU,236.00000006245943,59.335644
2022-09-08 11:00:00,aqi,GRU,156.00000132794372,148.57558
2024-01-07 00:00:00,aqi,GRU,302.99999957931266,281.89465
2023-09-04 19:00:00,aqi,GRU,297.0000005368454,296.40652
2024-09-03 16:00:00,aqi,GRU,177.0000010781393,180.68416
2023-12-04 21:00:00,aqi,GRU,303.9999983858705,302.3959
2024-04-07 16:00:00,aqi,GRU,96.9999973035884,96.394714
2023-10-12 07:00:00,aqi,GRU,236.00000006245943,320.01004
2025-06-08 20:00:00,aqi,GRU,236.00000006245943,204.69075
2025-12-04 23:00:00,aqi,GRU,236.00000006245943,188.72238
2023-03-09 20:00:00,aqi,GRU,212.9999999852831,219.07928
2022-01-08 00:00:00,aqi,GRU,64.00000567157852,99.79018
2025-06-07 06:00:00,aqi,GRU,118.99999586034181,122.00372
2025-08-01 13:00:00,aqi,GRU,348.0000017024975,349.5755
2024-06-07 21:00:00,aqi,GRU,173.99999845534555,165.20003
2025-06-10 20:00:00,aqi,GRU,113.99999562443239,120.613625
2022-04-11 17:00:00,aqi,GRU,486.00001069484586,488.3971
2021-08-09 22:00:00,aqi,GRU,63.00000066190046,77.925446
2022-02-07 10:00:00,aqi,GRU,84.99999921865387,84.08328
2025-01-06 05:00:00,aqi,GRU,287.99999887158435,285.71207
2024-07-12 16:00:00,aqi,GRU,269.9999986426225,265.63867
2021-10-12 18:00:00,aqi,GRU,338.00000123067866,338.17578
2023-08-12 03:00:00,aqi,GRU,376.99999810827603,371.54834
2024-11-06 15:00:00,aqi,GRU,306.00000220210643,294.9969
2025-10-03 16:00:00,aqi,GRU,240.99999991067384,239.41425
2021-04-10 15:00:00,aqi,GRU,130.00000134183875,129.45778
2025-11-11 17:00:00,aqi,GRU,460.00000450562067,449.6643
2021-02-11 07:00:00,aqi,GRU,302.99999957931266,303.00986
2021-06-11 22:00:00,aqi,GRU,461.9999897124959,459.86172
2025-05-12 23:00:00,aqi,GRU,370.00000025925095,353.6329
2024-12-02 07:00:00,aqi,GRU,330.99999717853336,335.47278
2025-04-11 18:00:00,aqi,GRU,342.00000266003025,342.18533
2024-08-10 10:00:00,aqi,GRU,209.00000010671155,227.51434
2025-12-08 15:00:00,aqi,GRU,173.99999845534555,171.69923
2021-06-10 08:00:00,aqi,GRU,116.0000056437885,121.892845
2021-07-02 07:00:00,aqi,GRU,274.00000007197406,276.15823
2022-03-01 12:00:00,aqi,GRU,413.0000047693201,415.0971
2021-11-03 09:00:00,aqi,GRU,266.99999912138884,274.28403
2021-07-03 18:00:00,aqi,GRU,344.9999990797038,338.00778
2021-07-10 20:00:00,aqi,GRU,148.9999972757984,150.83063
2025-04-08 06:00:00,aqi,GRU,223.9999992636598,223.85738
2024-05-02 22:00:00,aqi,GRU,130.99999394527634,164.52988
2021-11-04 20:00:00,aqi,GRU,299.99999695651894,292.93732
2024-10-01 16:00:00,aqi,GRU,308.9999986217799,310.64618
2023-08-06 19:00:00,aqi,GRU,198.00000082833486,203.66077
2022-04-07 10:00:00,aqi,GRU,118.0000032569042,115.034706
2021-01-02 19:00:00,aqi,GRU,442.00000117509865,419.57144
2025-09-06 09:00:00,aqi,GRU,306.00000220210643,306.7708
2021-11-13 02:00:00,aqi,GRU,236.00000006245943,312.6463
2022-03-09 04:00:00,aqi,GRU,158.99999774761727,159.76926
2025-05-04 12:00:00,aqi,GRU,233.00000015353078,248.7204
2023-09-07 08:00:00,aqi,GRU,69.00000590748795,60.817104
2021-05-03 16:00:00,aqi,GRU,348.0000017024975,330.69626
2021-09-02 22:00:00,aqi,GRU,236.00000006245943,310.02902
2021-12-07 12:00:00,aqi,GRU,93.00000207735704,93.36995
2024-10-10 08:00:00,aqi,GRU,179.9999974978128,181.84999
2023-11-07 03:00:00,aqi,GRU,236.00000006245943,105.14989
2022-05-01 14:00:00,aqi,GRU,410.999994749964,435.48358
2021-05-10 14:00:00,aqi,GRU,137.9999979974217,139.18904
2023-05-09 23:00:00,aqi,GRU,151.99999989859214,158.92366
2023-12-01 10:00:00,aqi,GRU,390.9999938063263,382.54288
2023-06-02 16:00:00,aqi,GRU,339.99999884379434,339.7827
2023-09-09 14:00:00,aqi,GRU,44.99999733137844,54.135113
2023-01-08 04:00:00,aqi,GRU,133.99999656807012,132.65411
2022-09-12 17:00:00,aqi,GRU,335.99999741444276,335.32053
2021-05-02 15:00:00,aqi,GRU,236.00000006245943,281.90442
2024-02-07 20:00:00,aqi,GRU,225.99999997833558,212.23279
2023-10-05 13:00:00,aqi,GRU,266.00000031483097,266.55563
2024-04-03 05:00:00,aqi,GRU,162.99999917696886,166.89922
2024-07-05 07:00:00,aqi,GRU,358.999994777754,368.57315
2021-04-03 19:00:00,aqi,GRU,370.00000025925095,370.55762
2024-02-10 13:00:00,aqi,GRU,268.9999998360646,263.21313
2024-08-01 17:00:00,aqi,GRU,376.99999810827603,382.64017
2023-04-01 10:00:00,aqi,GRU,371.99999787236663,377.4452
2023-09-02 08:00:00,aqi,GRU,242.9999998499596,247.47946
2025-02-11 04:00:00,aqi,GRU,393.9999964291201,384.0482
2023-09-05 12:00:00,aqi,GRU,284.0000005437929,276.65442
2025-12-03 00:00:00,aqi,GRU,308.9999986217799,256.10547
2025-03-01 18:00:00,aqi,GRU,363.0000024102258,360.2616
2025-04-10 14:00:00,aqi,GRU,116.99999824722613,118.51147
2024-01-08 10:00:00,aqi,GRU,56.99999541631297,61.618267
2023-08-02 17:00:00,aqi,GRU,168.99999821943612,183.24623
2021-08-11 18:00:00,aqi,GRU,410.0000021465264,411.43634
2021-11-07 15:00:00,aqi,GRU,94.99999969047272,92.45334
2024-09-06 20:00:00,aqi,GRU,186.0000027434003,182.69563
2021-09-02 18:00:00,aqi,GRU,236.00000006245943,307.9497
2022-05-06 23:00:00,aqi,GRU,299.99999695651894,254.21944
2024-05-11 23:00:00,aqi,GRU,410.0000021465264,358.8295
2022-04-10 03:00:00,aqi,GRU,145.00000204956703,161.65242
2025-11-04 22:00:00,aqi,GRU,193.99999939898328,199.59625
2023-05-08 18:00:00,aqi,GRU,113.00000302099475,125.335396
2021-09-07 06:00:00,aqi,GRU,223.9999992636598,213.12413
2021-03-04 16:00:00,aqi,GRU,248.99999966781692,242.11218
2023-07-04 10:00:00,aqi,GRU,201.0000003495685,206.76602
2023-12-06 16:00:00,aqi,GRU,227.0000003356735,216.9812
2025-03-03 21:00:00,aqi,GRU,218.00000022119252,212.8371
2025-11-07 15:00:00,aqi,GRU,155.00000252138588,150.43655
2025-10-06 19:00:00,aqi,GRU,339.00000003723653,331.15726
2024-08-08 20:00:00,aqi,GRU,46.00000234105647,113.19085
2022-12-03 12:00:00,aqi,GRU,214.00000034262098,218.1723
2023-07-05 07:00:00,aqi,GRU,276.9999995932077,287.39832
2023-02-06 21:00:00,aqi,GRU,150.00000228547646,143.53134
2022-04-12 21:00:00,aqi,GRU,413.9999973727578,406.5069
2023-07-06 02:00:00,aqi,GRU,151.0000010920343,156.87015
2025-03-08 02:00:00,aqi,GRU,128.00000372872304,124.63792
2024-01-09 15:00:00,aqi,GRU,162.99999917696886,147.58484
2023-10-06 06:00:00,aqi,GRU,182.00000131404872,176.78893
2022-11-07 00:00:00,aqi,GRU,83.9999942089758,296.7516
2024-07-04 02:00:00,aqi,GRU,220.99999974242616,221.3057
2023-08-09 23:00:00,aqi,GRU,81.00000399242248,98.509796
2023-07-10 22:00:00,aqi,GRU,289.9999995862602,271.20493
2023-12-06 12:00:00,aqi,GRU,198.9999996348927,191.46605
2023-06-10 22:00:00,aqi,GRU,303.9999983858705,270.9814
2023-09-10 08:00:00,aqi,GRU,219.0000005785304,217.71614
2022-03-03 03:00:00,aqi,GRU,261.0000000789215,256.88403
2022-11-12 11:00:00,aqi,GRU,236.00000006245943,337.49057
2024-01-08 23:00:00,aqi,GRU,71.00000352060363,99.23123
2023-09-02 09:00:00,aqi,GRU,248.00000008586903,250.44987
2021-04-09 22:00:00,aqi,GRU,58.00000042599103,89.30374
2021-08-11 16:00:00,aqi,GRU,408.0000045334107,404.0819
2021-02-10 02:00:00,aqi,GRU,172.9999996487877,178.89839
2021-04-03 00:00:00,aqi,GRU,268.9999998360646,298.53876
2023-05-11 00:00:00,aqi,GRU,460.9999971090583,253.30084
2024-10-02 00:00:00,aqi,GRU,209.00000010671155,324.55307
2023-08-11 09:00:00,aqi,GRU,438.9999985523049,433.068
2025-06-09 23:00:00,aqi,GRU,101.00000493606021,111.88266
2021-10-09 20:00:00,aqi,GRU,83.9999942089758,87.89566
2021-06-08 14:00:00,aqi,GRU,133.99999656807012,139.64433
2021-08-02 12:00:00,aqi,GRU,358.00000217431636,353.22745
2023-09-10 22:00:00,aqi,GRU,266.99999912138884,262.49048
2025-05-05 17:00:00,aqi,GRU,135.00000157774815,137.22531
2023-06-11 16:00:00,aqi,GRU,443.0000061847767,446.2656
2024-03-04 14:00:00,aqi,GRU,251.99999996444058,259.42416
2021-08-08 01:00:00,aqi,GRU,128.00000372872304,136.51247
2021-05-09 16:00:00,aqi,GRU,86.00000422833193,81.457306
2024-07-12 06:00:00,aqi,GRU,271.99999935729824,279.2272
2023-08-09 08:00:00,aqi,GRU,103.99999515261354,101.16138
2023-05-10 16:00:00,aqi,GRU,236.00000006245943,333.6603
2025-05-01 20:00:00,aqi,GRU,376.99999810827603,385.57318
2023-05-10 11:00:00,aqi,GRU,236.00000006245943,358.81595
2022-01-06 02:00:00,aqi,GRU,324.9999981360661,295.3408
2024-07-08 03:00:00,aqi,GRU,49.000004963850216,52.29182
2024-02-11 17:00:00,aqi,GRU,323.00000052295036,302.14917
2022-02-03 06:00:00,aqi,GRU,269.9999986426225,275.7157
2021-02-03 05:00:00,aqi,GRU,317.0000014804831,324.50336
2022-04-08 20:00:00,aqi,GRU,150.00000228547646,169.10976
2021-11-04 23:00:00,aqi,GRU,297.0000005368454,267.37766
2021-01-12 23:00:00,aqi,GRU,415.9999949858734,391.9798
2021-07-07 17:00:00,aqi,GRU,259.99999972158366,264.2579
2023-05-13 00:00:00,aqi,GRU,236.00000006245943,316.05594
2021-01-11 02:00:00,aqi,GRU,292.9999991074938,308.50336
2024-09-02 21:00:00,aqi,GRU,193.99999939898328,202.33806
2024-12-10 02:00:00,aqi,GRU,229.99999985690712,219.87372
2023-07-05 18:00:00,aqi,GRU,262.9999992428173,253.76411
2022-12-02 06:00:00,aqi,GRU,225.99999997833558,229.9607
2024-01-04 17:00:00,aqi,GRU,196.00000011365904,193.23288
2023-10-07 01:00:00,aqi,GRU,236.00000006245943,118.76557
2023-09-04 10:00:00,aqi,GRU,291.0000014943781,302.80875
2021-04-03 22:00:00,aqi,GRU,368.0000026461353,352.257
2022-05-10 11:00:00,aqi,GRU,173.99999845534555,174.9508
2025-12-10 07:00:00,aqi,GRU,190.99999987774964,192.0187
2021-09-05 08:00:00,aqi,GRU,126.00000611560736,126.66774
2024-09-09 15:00:00,aqi,GRU,268.9999998360646,268.26257
2025-03-01 15:00:00,aqi,GRU,363.99999501366347,366.03885
2022-08-08 03:00:00,aqi,GRU,118.99999586034181,129.46715
2024-01-01 11:00:00,aqi,GRU,236.00000006245943,306.47562
2022-10-13 00:00:00,aqi,GRU,236.00000006245943,359.37198
2024-01-07 06:00:00,aqi,GRU,259.99999972158366,248.96483
2024-09-05 17:00:00,aqi,GRU,176.00000227158145,198.43813
2025-04-10 18:00:00,aqi,GRU,116.99999824722613,114.227715
2022-06-05 11:00:00,aqi,GRU,289.9999995862602,286.13727
2022-09-11 02:00:00,aqi,GRU,390.9999938063263,374.3643
2024-12-03 10:00:00,aqi,GRU,219.0000005785304,234.4685
2024-04-03 07:00:00,aqi,GRU,151.0000010920343,171.60506
2022-01-12 12:00:00,aqi,GRU,236.00000006245943,374.4282
2024-09-11 03:00:00,aqi,GRU,385.0000009669792,394.25348
2022-12-02 01:00:00,aqi,GRU,232.0000001838879,232.43117
2022-05-02 17:00:00,aqi,GRU,237.00000003210232,225.30339
2021-11-06 20:00:00,aqi,GRU,147.99999846924055,140.43886
2024-05-03 13:00:00,aqi,GRU,121.99999848313556,131.45259
2023-02-04 22:00:00,aqi,GRU,190.00000107119178,175.2416
2023-09-12 13:00:00,aqi,GRU,349.9999993156132,350.6376
2023-12-09 16:00:00,aqi,GRU,111.00000540787907,106.44508
2023-02-11 22:00:00,aqi,GRU,478.99998803333995,459.37033
2024-03-10 03:00:00,aqi,GRU,298.9999981499611,295.79758
2025-01-04 08:00:00,aqi,GRU,211.00000082138735,220.29114
2022-06-04 21:00:00,aqi,GRU,363.0000024102258,341.5653
2021-12-03 16:00:00,aqi,GRU,265.0000015082731,256.52945
2021-11-10 10:00:00,aqi,GRU,235.00000009281655,228.59653
2023-06-04 18:00:00,aqi,GRU,169.99999702599396,171.33128
2023-07-03 04:00:00,aqi,GRU,235.00000009281655,248.73758
2022-07-08 05:00:00,aqi,GRU,174.9999972619034,170.39542
2025-03-02 02:00:00,aqi,GRU,353.00000193840697,343.67438
2025-09-08 02:00:00,aqi,GRU,167.99999941287825,181.60422
2022-04-01 22:00:00,aqi,GRU,373.00000288204467,363.94324
2022-01-05 00:00:00,aqi,GRU,373.00000288204467,296.02444
2024-12-02 15:00:00,aqi,GRU,330.99999717853336,332.94897
2025-01-05 23:00:00,aqi,GRU,225.99999997833558,233.06145
2022-06-06 21:00:00,aqi,GRU,244.99999978924538,232.20795
2024-01-07 01:00:00,aqi,GRU,297.0000005368454,257.82278
2022-09-10 00:00:00,aqi,GRU,27.000006407096834,154.21788
2022-11-09 09:00:00,aqi,GRU,113.00000302099475,107.89453
2021-03-03 20:00:00,aqi,GRU,237.00000003210232,254.0068
2023-08-04 06:00:00,aqi,GRU,236.00000006245943,193.03528
2024-05-04 20:00:00,aqi,GRU,239.00000001984995,234.7989
2025-05-09 02:00:00,aqi,GRU,53.00000019008161,59.82748
2022-12-05 07:00:00,aqi,GRU,156.00000132794372,155.49815
2022-10-05 06:00:00,aqi,GRU,156.00000132794372,158.5713
2025-07-03 20:00:00,aqi,GRU,340.9999976503522,334.90674
2021-09-11 05:00:00,aqi,GRU,420.9999952217829,412.92175
2021-01-09 05:00:00,aqi,GRU,236.00000006245943,149.59927
2024-07-04 03:00:00,aqi,GRU,219.0000005785304,217.79257
2023-10-08 21:00:00,aqi,GRU,168.99999821943612,159.9938
2022-02-06 10:00:00,aqi,GRU,262.9999992428173,274.10626
2021-09-11 23:00:00,aqi,GRU,418.9999976086672,387.79654
2022-12-02 10:00:00,aqi,GRU,225.99999997833558,228.94669
2022-10-12 04:00:00,aqi,GRU,349.9999993156132,357.72708
2024-04-11 11:00:00,aqi,GRU,391.99999881600434,406.1791
2022-11-11 01:00:00,aqi,GRU,299.99999695651894,323.02002
2024-10-12 02:00:00,aqi,GRU,216.9999998638546,248.15933
2025-03-05 17:00:00,aqi,GRU,258.99999936424575,248.46318
2024-10-02 21:00:00,aqi,GRU,368.99999524957286,362.39896
2022-11-12 22:00:00,aqi,GRU,236.00000006245943,291.75375
2024-12-02 03:00:00,aqi,GRU,335.99999741444276,336.6858
2021-10-02 07:00:00,aqi,GRU,236.00000006245943,335.42532
2025-06-08 07:00:00,aqi,GRU,236.00000006245943,196.61412
2022-02-04 02:00:00,aqi,GRU,340.9999976503522,344.87238
2025-04-11 14:00:00,aqi,GRU,343.0000014665881,356.85995
2024-11-08 11:00:00,aqi,GRU,98.00000231326646,90.71013
2024-08-04 21:00:00,aqi,GRU,312.0000012445737,307.9155
2022-12-03 05:00:00,aqi,GRU,206.00000058547792,213.21248
2022-05-09 12:00:00,aqi,GRU,118.99999586034181,121.08055
2025-06-11 02:00:00,aqi,GRU,236.00000006245943,273.5034
2023-01-03 19:00:00,aqi,GRU,240.00000003795472,230.03145
2023-07-09 01:00:00,aqi,GRU,133.99999656807012,146.85983
2023-04-05 18:00:00,aqi,GRU,152.99999870514998,141.74051
2024-03-03 23:00:00,aqi,GRU,152.99999870514998,170.57431
2025-09-07 03:00:00,aqi,GRU,169.99999702599396,157.38168
2023-03-11 05:00:00,aqi,GRU,494.00000114730864,484.0804
2022-06-01 21:00:00,aqi,GRU,236.00000006245943,304.9299
2023-01-04 22:00:00,aqi,GRU,96.9999973035884,112.40264
2024-07-12 01:00:00,aqi,GRU,261.0000000789215,295.22318
2022-02-02 08:00:00,aqi,GRU,366.00000503301953,373.00574
2025-12-11 03:00:00,aqi,GRU,443.9999987882143,434.90106
2021-08-06 08:00:00,aqi,GRU,219.99999938508824,224.9232
2025-12-08 19:00:00,aqi,GRU,172.9999996487877,166.30096
2021-01-03 07:00:00,aqi,GRU,246.0000001465833,246.25351
2025-07-03 19:00:00,aqi,GRU,337.00000242412085,331.23245
2021-11-05 19:00:00,aqi,GRU,128.00000372872304,130.39204
2021-06-07 02:00:00,aqi,GRU,183.00000012060656,187.10152
2021-09-04 18:00:00,aqi,GRU,250.0000000251548,245.39708
2023-10-09 17:00:00,aqi,GRU,37.9999994823533,36.876873
2021-09-12 23:00:00,aqi,GRU,351.0000043252913,342.7178
2022-09-01 14:00:00,aqi,GRU,236.00000006245943,257.60837
2021-01-05 12:00:00,aqi,GRU,263.9999996001552,264.4665
2021-12-11 08:00:00,aqi,GRU,478.99998803333995,473.1897
2023-09-12 12:00:00,aqi,GRU,349.9999993156132,353.86777
2024-06-04 11:00:00,aqi,GRU,261.0000000789215,260.87283
2023-10-02 23:00:00,aqi,GRU,209.00000010671155,212.23476
2021-03-03 05:00:00,aqi,GRU,258.0000005576879,259.589
2021-05-11 03:00:00,aqi,GRU,236.00000006245943,410.80603
2025-01-10 19:00:00,aqi,GRU,76.00000375651305,71.234924
2024-05-06 22:00:00,aqi,GRU,299.99999695651894,292.9502
2025-03-05 11:00:00,aqi,GRU,254.9999994856742,259.55157
2024-12-06 16:00:00,aqi,GRU,271.99999935729824,268.7278
2022-04-05 05:00:00,aqi,GRU,337.00000242412085,341.75397
2025-04-04 22:00:00,aqi,GRU,236.00000006245943,328.3061
2024-11-07 10:00:00,aqi,GRU,206.99999939203576,201.31195
2022-11-04 04:00:00,aqi,GRU,373.00000288204467,363.91846
2024-06-04 19:00:00,aqi,GRU,246.99999972853115,254.09395
2022-01-04 06:00:00,aqi,GRU,342.00000266003025,344.9154
2025-11-01 19:00:00,aqi,GRU,236.00000006245943,322.17978
2023-05-07 02:00:00,aqi,GRU,141.9999994267733,133.06429
2025-03-11 15:00:00,aqi,GRU,334.99999860788495,333.04956
2025-02-05 15:00:00,aqi,GRU,198.9999996348927,191.18129
2021-11-06 11:00:00,aqi,GRU,148.9999972757984,143.27975
2024-02-10 08:00:00,aqi,GRU,266.00000031483097,268.03815
2022-12-10 19:00:00,aqi,GRU,123.99999609625125,122.21903
2024-03-05 14:00:00,aqi,GRU,327.000001952302,324.50583
2022-11-05 10:00:00,aqi,GRU,148.9999972757984,153.82281
2023-06-08 02:00:00,aqi,GRU,111.9999980113167,120.87165
2022-11-04 15:00:00,aqi,GRU,358.999994777754,358.09238
2023-04-09 21:00:00,aqi,GRU,181.00000250749088,169.74353
2021-10-10 01:00:00,aqi,GRU,244.99999978924538,246.08664
2021-08-03 10:00:00,aqi,GRU,198.9999996348927,211.77756
2023-12-08 21:00:00,aqi,GRU,176.00000227158145,164.84973
2022-05-04 20:00:00,aqi,GRU,348.0000017024975,346.7478
2022-09-08 12:00:00,aqi,GRU,236.00000006245943,147.47278
2025-05-07 15:00:00,aqi,GRU,121.00000587969794,129.76505
2022-06-10 13:00:00,aqi,GRU,88.99999444488523,96.253006
2025-07-12 18:00:00,aqi,GRU,359.9999997874321,358.5076
2022-10-02 14:00:00,aqi,GRU,193.99999939898328,195.34422
2021-06-06 14:00:00,aqi,GRU,137.9999979974217,143.67589
2021-04-07 15:00:00,aqi,GRU,145.00000204956703,148.09045
2024-10-02 03:00:00,aqi,GRU,208.0000013001537,218.93768
2023-07-08 11:00:00,aqi,GRU,126.00000611560736,131.27563
2021-02-02 09:00:00,aqi,GRU,433.9999983163955,440.62732
2021-12-12 08:00:00,aqi,GRU,279.00000030788345,284.33908
2024-10-09 09:00:00,aqi,GRU,158.99999774761727,158.85738
2025-07-11 17:00:00,aqi,GRU,351.99999692872893,344.85684
2025-11-07 16:00:00,aqi,GRU,157.0000001345016,151.51271
2025-09-09 15:00:00,aqi,GRU,140.0000018136576,137.65218
2021-03-09 07:00:00,aqi,GRU,66.0000032846942,67.15756
2022-12-03 15:00:00,aqi,GRU,216.9999998638546,216.74313
2024-07-06 13:00:00,aqi,GRU,258.99999936424575,267.1413
2022-05-08 09:00:00,aqi,GRU,93.99999468079466,109.50551
2023-05-02 20:00:00,aqi,GRU,257.00000020035003,262.10727
2025-07-10 03:00:00,aqi,GRU,63.00000066190046,80.72116
2023-09-03 01:00:00,aqi,GRU,203.0000010642443,217.5354
2022-07-08 03:00:00,aqi,GRU,158.99999774761727,148.93066
2022-07-04 09:00:00,aqi,GRU,375.0000004951604,380.78568
2025-02-05 21:00:00,aqi,GRU,152.99999870514998,159.04057
2021-01-09 20:00:00,aqi,GRU,236.00000006245943,174.20139
2022-10-12 18:00:00,aqi,GRU,390.9999938063263,398.05276
2022-03-08 04:00:00,aqi,GRU,156.00000132794372,154.02751
2024-10-12 01:00:00,aqi,GRU,216.9999998638546,263.90967
2023-02-04 09:00:00,aqi,GRU,128.99999633216066,135.91339
2024-05-07 10:00:00,aqi,GRU,147.99999846924055,135.61876
2021-08-09 04:00:00,aqi,GRU,83.9999942089758,92.47069
2024-08-12 09:00:00,aqi,GRU,335.99999741444276,352.0688
2021-06-10 02:00:00,aqi,GRU,113.99999562443239,136.4188
2021-03-09 08:00:00,aqi,GRU,66.99999588813182,72.10904
2025-08-02 09:00:00,aqi,GRU,242.9999998499596,249.1772
2025-02-03 01:00:00,aqi,GRU,162.000000370411,175.52795
2022-11-09 12:00:00,aqi,GRU,108.99999538852296,109.04202
2023-06-04 12:00:00,aqi,GRU,173.99999845534555,175.72952
2023-03-09 08:00:00,aqi,GRU,253.0000003217785,247.43231
2021-12-07 15:00:00,aqi,GRU,93.99999468079466,93.059326
2024-08-02 21:00:00,aqi,GRU,196.00000011365904,205.08472
2024-06-09 14:00:00,aqi,GRU,146.9999996626827,139.1402
2025-10-01 11:00:00,aqi,GRU,442.00000117509865,454.7872
2022-01-10 22:00:00,aqi,GRU,240.00000003795472,234.98647
2021-07-06 02:00:00,aqi,GRU,179.9999974978128,176.84563
2022-06-12 08:00:00,aqi,GRU,373.9999954854823,386.0393
2024-04-09 06:00:00,aqi,GRU,105.00000016229157,98.56772
2023-06-13 00:00:00,aqi,GRU,236.00000006245943,319.16333
2022-11-09 11:00:00,aqi,GRU,111.00000540787907,107.306854
2024-02-12 10:00:00,aqi,GRU,301.000001966197,313.04807
2021-04-11 05:00:00,aqi,GRU,323.9999993295082,337.7112
2022-08-09 18:00:00,aqi,GRU,169.99999702599396,168.19983
2022-03-04 05:00:00,aqi,GRU,313.0000000511315,317.62207
2023-12-06 00:00:00,aqi,GRU,167.99999941287825,272.9671
2022-10-11 14:00:00,aqi,GRU,297.0000005368454,293.5297
2024-06-03 16:00:00,aqi,GRU,172.00000084222984,174.36746
2025-03-08 14:00:00,aqi,GRU,163.99999798352667,169.59628
2024-02-03 21:00:00,aqi,GRU,123.99999609625125,137.227
2022-09-03 03:00:00,aqi,GRU,306.00000220210643,315.55023
2021-02-06 20:00:00,aqi,GRU,146.00000085612487,132.06715
2025-04-02 20:00:00,aqi,GRU,368.99999524957286,364.25467
2022-07-06 18:00:00,aqi,GRU,371.99999787236663,365.24838
2025-03-04 05:00:00,aqi,GRU,313.9999988576894,315.7647
2023-11-12 09:00:00,aqi,GRU,366.00000503301953,372.21533
2025-03-12 05:00:00,aqi,GRU,393.9999964291201,403.72314
2022-11-03 13:00:00,aqi,GRU,219.0000005785304,225.552
2021-11-01 19:00:00,aqi,GRU,236.00000006245943,276.47842
2024-02-12 19:00:00,aqi,GRU,311.0000024380158,309.64328
2024-11-07 19:00:00,aqi,GRU,167.00000060632044,165.38593
2022-02-07 04:00:00,aqi,GRU,89.9999994545633,94.158615
2021-06-06 11:00:00,aqi,GRU,131.99999895495444,136.34862
2025-10-01 22:00:00,aqi,GRU,428.0000054770484,395.66946
2024-11-08 21:00:00,aqi,GRU,86.99999683176955,83.71591
2021-08-04 11:00:00,aqi,GRU,220.99999974242616,216.2507
2023-11-04 21:00:00,aqi,GRU,388.000003589773,379.19995
2023-01-02 07:00:00,aqi,GRU,182.00000131404872,183.90434
2025-04-02 14:00:00,aqi,GRU,311.0000024380158,322.42053
2025-05-05 23:00:00,aqi,GRU,123.99999609625125,139.81454
2024-01-06 10:00:00,aqi,GRU,328.0000007588598,314.2554
2023-06-11 11:00:00,aqi,GRU,466.00000975120815,470.57224
2025-01-12 02:00:00,aqi,GRU,330.99999717853336,333.58505
2021-11-02 20:00:00,aqi,GRU,408.9999971368483,410.8929
2023-09-05 09:00:00,aqi,GRU,261.0000000789215,265.88373
2021-08-02 09:00:00,aqi,GRU,353.00000193840697,360.3029
2024-10-07 06:00:00,aqi,GRU,262.0000004362594,240.91537
2022-08-06 00:00:00,aqi,GRU,408.9999971368483,229.32684
2023-02-02 17:00:00,aqi,GRU,261.0000000789215,259.78275
2025-05-02 18:00:00,aqi,GRU,304.99999719242834,320.06784
2023-04-03 21:00:00,aqi,GRU,160.0000027572953,174.66754
2024-12-12 21:00:00,aqi,GRU,361.00000479711014,350.29205
2022-01-10 21:00:00,aqi,GRU,237.00000003210232,226.92361
2022-04-04 03:00:00,aqi,GRU,302.99999957931266,305.84216
2024-07-10 17:00:00,aqi,GRU,173.99999845534555,166.25134
2021-07-03 13:00:00,aqi,GRU,348.99999430593516,344.29645
2024-02-07 06:00:00,aqi,GRU,181.00000250749088,191.9378
2023-07-01 22:00:00,aqi,GRU,373.00000288204467,351.7988
2024-07-03 20:00:00,aqi,GRU,240.99999991067384,245.91978
2021-12-10 20:00:00,aqi,GRU,292.000000300936,285.60565
2023-01-05 07:00:00,aqi,GRU,120.00000087001987,113.8869
2022-06-10 18:00:00,aqi,GRU,76.00000375651305,76.358154
2021-10-08 21:00:00,aqi,GRU,128.00000372872304,130.7772
2025-11-12 03:00:00,aqi,GRU,323.00000052295036,322.4349
2024-02-02 13:00:00,aqi,GRU,232.0000001838879,225.0742
2025-07-03 04:00:00,aqi,GRU,253.0000003217785,245.3396
2022-05-09 19:00:00,aqi,GRU,126.50000241732617,118.40217
2024-06-12 23:00:00,aqi,GRU,251.99999996444058,256.88092
2021-02-02 22:00:00,aqi,GRU,408.9999971368483,407.70358
2023-10-05 00:00:00,aqi,GRU,307.9999998152221,261.22604
2024-01-11 15:00:00,aqi,GRU,351.0000043252913,349.33282
2023-11-04 12:00:00,aqi,GRU,343.99999407002576,343.08182
2022-07-07 01:00:00,aqi,GRU,236.00000006245943,199.88846
2025-06-08 11:00:00,aqi,GRU,236.00000006245943,229.11195
2024-03-06 14:00:00,aqi,GRU,183.9999989271644,182.25084
2021-11-10 11:00:00,aqi,GRU,232.0000001838879,227.41176
2022-01-02 05:00:00,aqi,GRU,422.00000023146094,410.78592
2025-10-09 21:00:00,aqi,GRU,86.99999683176955,86.89563
2024-05-06 10:00:00,aqi,GRU,284.9999993503507,279.07114
2025-12-05 05:00:00,aqi,GRU,158.99999774761727,168.12122
2023-09-01 18:00:00,aqi,GRU,443.9999987882143,441.95
2021-11-07 05:00:00,aqi,GRU,89.9999994545633,96.38692
2025-02-06 03:00:00,aqi,GRU,216.9999998638546,224.68445
2025-12-11 10:00:00,aqi,GRU,440.9999961654206,442.13818
2023-11-05 11:00:00,aqi,GRU,342.00000266003025,336.85962
2024-04-06 12:00:00,aqi,GRU,244.99999978924538,240.23033
2022-02-06 17:00:00,aqi,GRU,259.99999972158366,253.25673
2024-02-03 11:00:00,aqi,GRU,160.0000027572953,159.58723
2023-09-06 15:00:00,aqi,GRU,215.99999950651673,212.44362
2024-05-09 23:00:00,aqi,GRU,103.99999515261354,115.5608
2022-10-02 21:00:00,aqi,GRU,203.0000010642443,214.64856
2022-10-06 13:00:00,aqi,GRU,383.99999595730117,377.4003
2023-08-07 16:00:00,aqi,GRU,69.99999851092556,66.173996
2021-03-10 09:00:00,aqi,GRU,111.00000540787907,114.0966
2022-11-01 14:00:00,aqi,GRU,266.00000031483097,262.3356
2021-02-07 18:00:00,aqi,GRU,346.9999966928195,332.66476
2023-01-02 18:00:00,aqi,GRU,188.00000035651598,235.05423
2022-02-11 05:00:00,aqi,GRU,383.0000033538636,391.07068
2025-12-10 20:00:00,aqi,GRU,177.99999988469713,170.06079
2022-03-09 08:00:00,aqi,GRU,162.99999917696886,158.71825
2022-06-03 03:00:00,aqi,GRU,168.99999821943612,172.32072
2023-02-09 06:00:00,aqi,GRU,204.99999867735997,196.76344
2024-03-09 11:00:00,aqi,GRU,128.00000372872304,118.07378
2022-12-03 09:00:00,aqi,GRU,208.0000013001537,219.40837
2025-05-09 01:00:00,aqi,GRU,51.000002576965926,65.40161
2023-06-07 00:00:00,aqi,GRU,86.99999683176955,177.66177
2021-04-10 00:00:00,aqi,GRU,121.99999848313556,97.52118
2021-06-09 03:00:00,aqi,GRU,88.00000184144761,101.86717
2022-08-09 19:00:00,aqi,GRU,171.00000203567203,164.95424
2021-11-04 16:00:00,aqi,GRU,299.99999695651894,295.43643
2022-06-12 19:00:00,aqi,GRU,388.99999619321056,387.6804
2024-04-12 08:00:00,aqi,GRU,243.9999998196025,258.3105
2025-11-10 07:00:00,aqi,GRU,229.99999985690712,231.62201
2023-10-01 23:00:00,aqi,GRU,366.99999763645724,345.05774
2022-11-04 01:00:00,aqi,GRU,371.99999787236663,364.30466
2024-02-13 02:00:00,aqi,GRU,236.00000006245943,322.09402
2023-10-09 00:00:00,aqi,GRU,41.00000210514705,167.3761
2025-07-08 09:00:00,aqi,GRU,196.00000011365904,201.34952
2025-12-02 03:00:00,aqi,GRU,358.999994777754,349.43405
2024-06-08 17:00:00,aqi,GRU,51.000002576965926,45.041637
2024-06-11 06:00:00,aqi,GRU,418.0000050052296,399.45587
2022-10-09 00:00:00,aqi,GRU,133.00000396463247,141.02815
2021-06-06 02:00:00,aqi,GRU,123.00000349281362,125.757835
2024-01-02 22:00:00,aqi,GRU,174.9999972619034,188.58943
2024-03-12 13:00:00,aqi,GRU,311.0000024380158,311.51852
2025-07-01 14:00:00,aqi,GRU,324.9999981360661,335.51358
2025-04-01 19:00:00,aqi,GRU,400.0000016747075,406.88437
2024-02-10 19:00:00,aqi,GRU,276.0000007866498,265.36053
2022-04-01 10:00:00,aqi,GRU,413.0000047693201,420.16635
2022-05-12 18:00:00,aqi,GRU,358.999994777754,362.63043
2024-03-07 05:00:00,aqi,GRU,214.00000034262098,206.58647
2022-03-10 14:00:00,aqi,GRU,128.00000372872304,134.0324
2025-01-12 11:00:00,aqi,GRU,328.9999995654176,328.0918
2023-01-04 15:00:00,aqi,GRU,156.00000132794372,99.87537
2022-11-03 15:00:00,aqi,GRU,219.99999938508824,220.4556
2025-02-11 17:00:00,aqi,GRU,371.000005268929,376.5389
2022-02-12 08:00:00,aqi,GRU,395.0000014387981,409.27066
2022-05-07 04:00:00,aqi,GRU,133.00000396463247,145.50151
2023-06-05 04:00:00,aqi,GRU,248.99999966781692,271.81192
2024-09-06 17:00:00,aqi,GRU,190.00000107119178,193.54497
2024-03-12 08:00:00,aqi,GRU,319.99999790015664,336.25076
2021-05-12 06:00:00,aqi,GRU,339.00000003723653,365.5714
2024-12-06 23:00:00,aqi,GRU,276.0000007866498,231.73425
2022-01-07 07:00:00,aqi,GRU,58.00000042599103,53.08598
2023-05-13 01:00:00,aqi,GRU,236.00000006245943,299.341
2023-11-12 11:00:00,aqi,GRU,363.0000024102258,365.2418
2024-09-07 14:00:00,aqi,GRU,211.9999996279452,187.1712
2022-10-03 10:00:00,aqi,GRU,225.99999997833558,228.50244
2024-09-12 05:00:00,aqi,GRU,332.0000021882114,325.53912
2022-07-01 15:00:00,aqi,GRU,231.000000214245,232.09142
2022-11-02 21:00:00,aqi,GRU,219.99999938508824,230.89185
2023-06-01 17:00:00,aqi,GRU,401.99999928782324,406.29346
2024-07-05 03:00:00,aqi,GRU,348.99999430593516,348.80872
2025-05-11 01:00:00,aqi,GRU,324.9999981360661,322.54752
2023-01-07 19:00:00,aqi,GRU,91.00000446424136,78.829025
2022-06-12 13:00:00,aqi,GRU,376.99999810827603,376.26886
2025-07-09 13:00:00,aqi,GRU,111.9999980113167,113.83461
2021-05-02 18:00:00,aqi,GRU,236.00000006245943,276.28815
2024-05-09 19:00:00,aqi,GRU,83.00000160553819,79.784805
2021-06-03 19:00:00,aqi,GRU,259.99999972158366,274.36584
2023-01-09 05:00:00,aqi,GRU,190.99999987774964,180.2989
2022-08-06 16:00:00,aqi,GRU,425.00000285425466,424.75235
2025-09-11 04:00:00,aqi,GRU,420.0000026183452,419.20114
2023-07-06 18:00:00,aqi,GRU,211.00000082138735,248.6413
2022-08-05 23:00:00,aqi,GRU,223.00000045710195,230.99527
2025-07-10 09:00:00,aqi,GRU,61.999995652222395,65.714874
2024-02-08 15:00:00,aqi,GRU,88.00000184144761,80.59346
2022-07-07 05:00:00,aqi,GRU,236.00000006245943,189.76813
2024-01-03 17:00:00,aqi,GRU,236.00000006245943,245.72487
2022-09-12 05:00:00,aqi,GRU,329.9999983719755,329.104
2023-08-12 09:00:00,aqi,GRU,378.0000031179541,387.26785
2024-02-03 12:00:00,aqi,GRU,156.00000132794372,155.0108
2021-04-12 14:00:00,aqi,GRU,395.9999940422357,397.04797
2022-03-02 21:00:00,aqi,GRU,343.99999407002576,337.62842
2025-04-02 00:00:00,aqi,GRU,292.9999991074938,379.95233
2022-05-10 02:00:00,aqi,GRU,153.99999751170782,172.38539
2024-05-03 06:00:00,aqi,GRU,139.00000300709974,155.24518
2024-09-08 10:00:00,aqi,GRU,236.00000006245943,189.9642
2025-05-05 02:00:00,aqi,GRU,292.9999991074938,312.7796
2025-03-06 22:00:00,aqi,GRU,193.99999939898328,170.40215
2024-01-12 14:00:00,aqi,GRU,332.0000021882114,331.8718
2025-10-05 07:00:00,aqi,GRU,281.0000010225593,282.92157
2025-10-06 23:00:00,aqi,GRU,348.99999430593516,304.251
2024-03-04 09:00:00,aqi,GRU,244.99999978924538,240.91452
2025-09-07 10:00:00,aqi,GRU,116.0000056437885,118.31521
2021-10-03 23:00:00,aqi,GRU,190.00000107119178,206.59949
2021-01-04 22:00:00,aqi,GRU,281.9999998291171,274.56207
2023-01-10 06:00:00,aqi,GRU,238.0000000017452,234.44821
2024-10-01 15:00:00,aqi,GRU,306.00000220210643,309.8093
2022-06-02 18:00:00,aqi,GRU,328.9999995654176,325.1995
2022-01-05 16:00:00,aqi,GRU,359.9999997874321,329.1309
2025-02-08 19:00:00,aqi,GRU,130.99999394527634,124.10393
2025-08-11 17:00:00,aqi,GRU,395.9999940422357,385.9366
2022-08-10 14:00:00,aqi,GRU,51.000002576965926,48.437313
2022-11-11 06:00:00,aqi,GRU,318.00000028704096,324.35437
2024-08-12 21:00:00,aqi,GRU,381.9999983441855,376.72592
2023-05-06 22:00:00,aqi,GRU,223.00000045710195,203.17955
2023-06-02 08:00:00,aqi,GRU,321.00000290983473,310.68558
2023-12-11 23:00:00,aqi,GRU,263.9999996001552,273.01892
2023-11-09 04:00:00,aqi,GRU,41.999994708584694,59.429974
2023-03-12 19:00:00,aqi,GRU,370.00000025925095,375.44434
2021-12-10 22:00:00,aqi,GRU,299.99999695651894,285.21912
2022-11-06 03:00:00,aqi,GRU,415.9999949858734,414.879
2025-04-10 01:00:00,aqi,GRU,88.00000184144761,103.41774
2025-07-12 17:00:00,aqi,GRU,361.9999974005478,355.12698
2023-03-06 22:00:00,aqi,GRU,184.99999773372224,175.53322
2022-01-03 15:00:00,aqi,GRU,231.000000214245,224.16278
2025-04-10 19:00:00,aqi,GRU,120.00000087001987,112.82661
2023-04-05 13:00:00,aqi,GRU,111.00000540787907,136.27982
2023-04-05 12:00:00,aqi,GRU,105.00000016229157,148.1371
2023-07-04 08:00:00,aqi,GRU,191.99999868430746,191.68538
2023-11-03 21:00:00,aqi,GRU,236.00000006245943,236.09341
2025-03-08 01:00:00,aqi,GRU,130.99999394527634,137.43034
2022-09-05 08:00:00,aqi,GRU,186.0000027434003,185.96233
2022-06-05 23:00:00,aqi,GRU,353.00000193840697,330.81677
2021-12-10 13:00:00,aqi,GRU,266.99999912138884,258.17993
2023-08-09 00:00:00,aqi,GRU,98.00000231326646,173.44928
2022-09-06 21:00:00,aqi,GRU,318.00000028704096,283.70218
2022-03-03 19:00:00,aqi,GRU,208.0000013001537,207.4696
2024-06-09 01:00:00,aqi,GRU,118.0000032569042,109.66849
2021-01-08 06:00:00,aqi,GRU,101.99999753949783,83.451935
2022-06-11 18:00:00,aqi,GRU,348.0000017024975,346.86353
2021-09-09 04:00:00,aqi,GRU,68.00000089780988,73.34804
2023-12-07 05:00:00,aqi,GRU,79.99999898274444,90.02768
2021-08-07 18:00:00,aqi,GRU,212.9999999852831,217.60634
2024-11-09 14:00:00,aqi,GRU,140.0000018136576,137.44418
2024-07-04 19:00:00,aqi,GRU,236.00000006245943,260.24887
2021-05-06 06:00:00,aqi,GRU,146.9999996626827,146.79054
2025-11-10 03:00:00,aqi,GRU,215.99999950651673,170.6368
2022-11-02 23:00:00,aqi,GRU,229.99999985690712,259.73306
2025-07-10 01:00:00,aqi,GRU,61.999995652222395,96.071884
2024-06-09 18:00:00,aqi,GRU,182.00000131404872,148.09119
2025-06-03 19:00:00,aqi,GRU,146.00000085612487,157.7135
2023-06-02 02:00:00,aqi,GRU,263.9999996001552,245.04572
2023-03-09 05:00:00,aqi,GRU,254.00000067911637,245.10538
2021-12-06 23:00:00,aqi,GRU,131.99999895495444,115.556816
2025-06-03 05:00:00,aqi,GRU,181.00000250749088,182.96237
2024-07-02 19:00:00,aqi,GRU,223.00000045710195,218.11296
2022-03-05 10:00:00,aqi,GRU,227.99999991762135,228.88474
2023-04-02 09:00:00,aqi,GRU,236.00000006245943,290.70865
2023-11-03 01:00:00,aqi,GRU,255.99999984301212,261.14706
2023-06-07 05:00:00,aqi,GRU,86.00000422833193,94.54965
2023-12-06 03:00:00,aqi,GRU,162.99999917696886,160.84761
2025-10-09 04:00:00,aqi,GRU,103.99999515261354,107.7518
2024-06-03 10:00:00,aqi,GRU,157.0000001345016,165.10823
2021-11-05 17:00:00,aqi,GRU,126.00000611560736,122.905235
2023-04-11 11:00:00,aqi,GRU,418.0000050052296,428.91718
2021-10-06 19:00:00,aqi,GRU,271.0000005507404,261.9087
2023-10-06 15:00:00,aqi,GRU,203.0000010642443,199.53773
2022-01-05 18:00:00,aqi,GRU,366.99999763645724,336.18826
2023-08-05 03:00:00,aqi,GRU,193.99999939898328,195.28407
2025-12-10 01:00:00,aqi,GRU,236.00000006245943,138.87033
2025-12-02 07:00:00,aqi,GRU,328.0000007588598,340.16574
2023-10-09 18:00:00,aqi,GRU,37.9999994823533,39.45875
2021-02-06 01:00:00,aqi,GRU,236.00000006245943,190.04904
2024-07-09 12:00:00,aqi,GRU,79.99999898274444,71.1349
2021-01-06 05:00:00,aqi,GRU,167.00000060632044,171.59679
2024-11-10 21:00:00,aqi,GRU,203.99999987080213,194.35233
2023-01-08 17:00:00,aqi,GRU,121.00000587969794,113.064766
2025-07-08 08:00:00,aqi,GRU,198.00000082833486,200.37114
2021-04-12 06:00:00,aqi,GRU,391.99999881600434,398.53976
2021-11-08 00:00:00,aqi,GRU,141.9999994267733,111.610306
2022-10-07 06:00:00,aqi,GRU,111.00000540787907,99.889465
2025-08-04 02:00:00,aqi,GRU,332.0000021882114,338.5198
2021-05-08 05:00:00,aqi,GRU,128.99999633216066,123.17836
2022-07-03 06:00:00,aqi,GRU,251.00000038249271,273.11478
2025-07-03 07:00:00,aqi,GRU,289.9999995862602,292.895
2024-01-09 04:00:00,aqi,GRU,152.99999870514998,157.12987
2023-02-09 22:00:00,aqi,GRU,248.00000008586903,233.20673
2023-11-06 01:00:00,aqi,GRU,216.9999998638546,189.04716
2021-04-04 15:00:00,aqi,GRU,233.00000015353078,230.15842
2023-12-06 05:00:00,aqi,GRU,167.99999941287825,174.90724
2022-11-09 07:00:00,aqi,GRU,116.0000056437885,107.916626
2022-01-10 13:00:00,aqi,PINN,222.49999950304297,226.22743
2022-02-10 21:00:00,aqi,PINN,201.0000003495685,217.52838
2021-02-08 13:00:00,aqi,PINN,78.00000136962873,79.44292
2023-05-08 20:00:00,aqi,PINN,103.99999515261354,118.93674
2025-11-04 03:00:00,aqi,PINN,254.00000067911637,250.16852
2025-01-12 09:00:00,aqi,PINN,329.9999983719755,334.59586
2022-10-02 16:00:00,aqi,PINN,198.9999996348927,192.45677
2021-04-04 23:00:00,aqi,PINN,266.99999912138884,250.66985
2022-05-06 21:00:00,aqi,PINN,308.9999986217799,301.35855
2024-11-11 07:00:00,aqi,PINN,378.99999572139177,391.80814
2025-11-12 23:00:00,aqi,PINN,353.9999945418446,351.5229
2025-01-05 07:00:00,aqi,PINN,223.00000045710195,220.60683
2022-10-03 20:00:00,aqi,PINN,191.99999868430746,199.76624
2024-01-12 18:00:00,aqi,PINN,328.0000007588598,326.7954
2025-03-05 10:00:00,aqi,PINN,257.00000020035003,257.91895
2024-05-04 09:00:00,aqi,PINN,209.9999989132694,213.92342
2021-06-08 17:00:00,aqi,PINN,135.00000157774815,141.39076
2022-01-04 20:00:00,aqi,PINN,337.00000242412085,332.0166
2025-02-11 10:00:00,aqi,PINN,401.99999928782324,405.3768
2023-09-09 04:00:00,aqi,PINN,64.00000567157852,73.23665
2025-06-05 15:00:00,aqi,PINN,172.9999996487877,177.97995
2023-03-11 01:00:00,aqi,PINN,487.99999590172115,488.38513
2021-10-04 20:00:00,aqi,PINN,284.9999993503507,289.33862
2025-11-05 12:00:00,aqi,PINN,203.0000010642443,205.25938
2024-11-06 10:00:00,aqi,PINN,279.9999991144413,280.0113
2024-02-01 18:00:00,aqi,PINN,343.0000014665881,346.8665
2023-05-06 04:00:00,aqi,PINN,237.00000003210232,247.71353
2024-09-10 12:00:00,aqi,PINN,219.99999938508824,224.65718
2024-05-01 12:00:00,aqi,PINN,353.9999945418446,360.39697
2023-06-08 08:00:00,aqi,PINN,120.00000087001987,121.63307
2024-04-02 16:00:00,aqi,PINN,328.0000007588598,326.16028
2021-04-04 04:00:00,aqi,PINN,229.00000027495923,230.49228
2021-03-09 04:00:00,aqi,PINN,69.99999851092556,66.710236
2023-02-07 09:00:00,aqi,PINN,93.00000207735704,94.23436
2023-06-05 00:00:00,aqi,PINN,258.99999936424575,182.34264
2023-12-06 17:00:00,aqi,PINN,232.0000001838879,218.26509
2021-01-10 22:00:00,aqi,PINN,172.9999996487877,184.08069
2024-02-07 09:00:00,aqi,PINN,201.99999915612634,203.57285
2024-04-02 04:00:00,aqi,PINN,243.9999998196025,235.40813
2023-11-01 21:00:00,aqi,PINN,327.000001952302,327.08563
2022-02-02 18:00:00,aqi,PINN,342.00000266003025,346.0484
2022-03-10 16:00:00,aqi,PINN,135.00000157774815,131.6741
2023-09-07 21:00:00,aqi,PINN,236.00000006245943,103.367325
2023-04-06 22:00:00,aqi,PINN,233.00000015353078,224.60176
2024-02-13 00:00:00,aqi,PINN,236.00000006245943,318.7769
2023-03-04 16:00:00,aqi,PINN,201.99999915612634,236.83156
2025-06-06 01:00:00,aqi,PINN,218.00000022119252,229.77051
2024-07-12 13:00:00,aqi,PINN,269.9999986426225,264.98654
2025-10-03 09:00:00,aqi,PINN,224.9999996209977,233.46304
2025-12-03 17:00:00,aqi,PINN,332.0000021882114,325.76434
2025-10-07 01:00:00,aqi,PINN,78.00000136962873,88.69275
2024-11-04 14:00:00,aqi,PINN,295.0000029237297,290.46503
2025-03-02 22:00:00,aqi,PINN,295.0000029237297,302.0003
2025-09-06 04:00:00,aqi,PINN,269.9999986426225,273.40497
2025-10-06 03:00:00,aqi,PINN,348.0000017024975,340.53882
2023-04-05 11:00:00,aqi,PINN,162.99999917696886,145.50128
2022-08-07 13:00:00,aqi,PINN,99.99999992638215,103.20732
2021-05-08 06:00:00,aqi,PINN,130.00000134183875,133.61018
2021-06-02 07:00:00,aqi,PINN,298.9999981499611,296.53622
2023-12-03 03:00:00,aqi,PINN,261.0000000789215,249.56961
2024-11-10 19:00:00,aqi,PINN,198.00000082833486,201.94913
2024-06-03 01:00:00,aqi,PINN,128.99999633216066,158.89288
2025-12-02 22:00:00,aqi,PINN,266.00000031483097,269.2076
2022-04-08 06:00:00,aqi,PINN,152.99999870514998,152.31325
2025-01-11 02:00:00,aqi,PINN,238.0000000017452,267.11557
2025-12-04 09:00:00,aqi,PINN,236.00000006245943,140.18149
2021-01-06 03:00:00,aqi,PINN,158.99999774761727,167.94456
2025-05-09 11:00:00,aqi,PINN,58.00000042599103,55.616177
2025-01-08 01:00:00,aqi,PINN,236.00000006245943,150.6101
2021-07-03 15:00:00,aqi,PINN,346.9999966928195,345.9211
2024-07-03 18:00:00,aqi,PINN,244.99999978924538,241.25696
2021-09-04 21:00:00,aqi,PINN,251.00000038249271,251.57376
2022-04-10 18:00:00,aqi,PINN,146.9999996626827,152.77905
2021-03-05 04:00:00,aqi,PINN,240.99999991067384,241.1227
2025-04-11 19:00:00,aqi,PINN,349.9999993156132,345.13794
2021-02-01 15:00:00,aqi,PINN,497.00000377010235,510.38434
2023-11-09 08:00:00,aqi,PINN,39.000004492031366,46.278652
2025-11-05 20:00:00,aqi,PINN,178.99999869125497,165.35175
2021-05-10 07:00:00,aqi,PINN,140.0000018136576,134.08455
2023-05-11 07:00:00,aqi,PINN,474.9999928071085,459.60907
2023-11-08 12:00:00,aqi,PINN,167.00000060632044,160.49858
2021-05-03 15:00:00,aqi,PINN,344.9999990797038,332.88168
2023-07-06 19:00:00,aqi,PINN,218.00000022119252,230.89272
2024-06-07 19:00:00,aqi,PINN,173.99999845534555,175.99576
2021-04-12 12:00:00,aqi,PINN,400.99999427814515,405.45963
2022-01-08 01:00:00,aqi,PINN,63.00000066190046,93.76553
2023-05-12 21:00:00,aqi,PINN,332.0000021882114,329.48813
2024-10-07 09:00:00,aqi,PINN,259.99999972158366,260.63965
2021-09-02 00:00:00,aqi,PINN,363.0000024102258,339.43762
2022-02-12 02:00:00,aqi,PINN,393.9999964291201,380.64474
2021-10-08 23:00:00,aqi,PINN,136.99999919086383,148.64116
2022-05-10 05:00:00,aqi,PINN,153.99999751170782,159.82771
2025-02-11 05:00:00,aqi,PINN,396.9999990519138,399.58017
2025-10-03 12:00:00,aqi,PINN,232.0000001838879,224.06355
2024-10-08 01:00:00,aqi,PINN,236.00000006245943,171.39458
2023-01-07 02:00:00,aqi,PINN,74.00000614339737,103.78438
2022-01-05 12:00:00,aqi,PINN,340.9999976503522,343.56262
2021-05-04 05:00:00,aqi,PINN,262.0000004362594,256.17703
2024-02-05 20:00:00,aqi,PINN,259.99999972158366,255.74342
2022-01-12 02:00:00,aqi,PINN,386.0000059766573,396.59723
2021-02-04 03:00:00,aqi,PINN,292.9999991074938,295.04034
2024-02-01 15:00:00,aqi,PINN,339.99999884379434,343.99756
2021-08-12 23:00:00,aqi,PINN,293.9999979140516,306.5483
2025-03-08 13:00:00,aqi,PINN,163.99999798352667,164.40324
2025-12-10 08:00:00,aqi,PINN,186.0000027434003,188.89005
2022-08-07 18:00:00,aqi,PINN,96.00000470015078,101.40523
2022-03-10 15:00:00,aqi,PINN,131.99999895495444,128.29904
2022-03-09 11:00:00,aqi,PINN,168.99999821943612,158.55025
2021-11-04 21:00:00,aqi,PINN,297.99999934340326,293.46893
2023-05-01 19:00:00,aqi,PINN,348.0000017024975,360.5522
2024-07-11 05:00:00,aqi,PINN,420.9999952217829,424.11374
2021-09-02 20:00:00,aqi,PINN,236.00000006245943,294.04614
2022-04-03 02:00:00,aqi,PINN,223.00000045710195,252.3631
2021-11-07 16:00:00,aqi,PINN,96.00000470015078,99.63016
2025-04-11 04:00:00,aqi,PINN,339.00000003723653,346.21335
2025-05-02 13:00:00,aqi,PINN,363.99999501366347,355.68973
2025-10-03 21:00:00,aqi,PINN,257.00000020035003,253.9904
2022-12-04 00:00:00,aqi,PINN,358.00000217431636,277.5131
2022-02-08 17:00:00,aqi,PINN,125.0000011059293,120.14371
2025-03-04 17:00:00,aqi,PINN,298.9999981499611,286.17432
2024-07-02 01:00:00,aqi,PINN,163.99999798352667,168.65112
2023-02-03 03:00:00,aqi,PINN,232.0000001838879,242.01424
2024-01-01 23:00:00,aqi,PINN,236.00000006245943,309.8816
2021-09-02 04:00:00,aqi,PINN,348.99999430593516,355.81494
2022-10-02 11:00:00,aqi,PINN,183.9999989271644,176.51233
2024-11-10 05:00:00,aqi,PINN,195.00000130710123,205.01399
2023-02-05 02:00:00,aqi,PINN,78.99999397306638,95.38461
2024-04-03 12:00:00,aqi,PINN,146.9999996626827,142.6619
2021-11-11 02:00:00,aqi,PINN,400.99999427814515,423.41812
2023-07-11 22:00:00,aqi,PINN,427.00000046737034,410.09076
2024-05-10 13:00:00,aqi,PINN,203.0000010642443,194.71764
2023-09-04 09:00:00,aqi,PINN,292.9999991074938,292.81702
2023-05-10 07:00:00,aqi,PINN,351.99999692872893,350.2604
2022-04-11 10:00:00,aqi,PINN,476.00001022302706,489.91333
2022-09-10 09:00:00,aqi,PINN,21.999993764946964,39.684673
2022-04-07 15:00:00,aqi,PINN,128.00000372872304,128.07869
2024-04-12 10:00:00,aqi,PINN,232.0000001838879,237.8496
2022-05-10 08:00:00,aqi,PINN,156.00000132794372,158.49945
2021-12-10 07:00:00,aqi,PINN,262.9999992428173,258.59323
2025-07-03 02:00:00,aqi,PINN,225.99999997833558,218.80775
2024-09-02 19:00:00,aqi,PINN,183.9999989271644,177.75705
2021-01-12 17:00:00,aqi,PINN,396.9999990519138,402.15665
2024-10-12 12:00:00,aqi,PINN,291.0000014943781,282.84354
2021-02-07 07:00:00,aqi,PINN,307.9999998152221,292.71512
2023-12-04 06:00:00,aqi,PINN,363.99999501366347,371.8716
2023-11-05 19:00:00,aqi,PINN,346.00000408938183,336.9342
2025-10-12 21:00:00,aqi,PINN,308.9999986217799,324.19986
2023-12-03 01:00:00,aqi,PINN,248.00000008586903,263.56854
2024-08-10 14:00:00,aqi,PINN,223.00000045710195,222.52315
2024-02-05 13:00:00,aqi,PINN,278.00000150132564,271.3474
2022-11-11 00:00:00,aqi,PINN,296.0000017302875,145.11009
2021-08-10 08:00:00,aqi,PINN,181.00000250749088,181.39879
2024-07-08 09:00:00,aqi,PINN,44.00000472794079,43.627544
2023-05-02 18:00:00,aqi,PINN,274.00000007197406,265.24417
2023-12-09 06:00:00,aqi,PINN,96.00000470015078,88.16742
2021-10-09 19:00:00,aqi,PINN,83.9999942089758,151.56934
2024-12-08 08:00:00,aqi,PINN,47.99999995417218,152.15704
2024-07-05 02:00:00,aqi,PINN,343.99999407002576,348.55646
2021-12-03 00:00:00,aqi,PINN,291.0000014943781,401.93344
2023-04-09 23:00:00,aqi,PINN,179.9999974978128,179.21628
2025-03-12 08:00:00,aqi,PINN,390.9999938063263,401.23953
2022-03-03 01:00:00,aqi,PINN,268.9999998360646,279.8136
2024-09-12 17:00:00,aqi,PINN,244.99999978924538,241.23415
2025-09-04 15:00:00,aqi,PINN,269.9999986426225,267.31168
2024-09-07 18:00:00,aqi,PINN,209.00000010671155,214.80843
2022-05-13 01:00:00,aqi,PINN,236.00000006245943,339.03656
2025-12-04 14:00:00,aqi,PINN,236.00000006245943,197.07024
2022-11-03 08:00:00,aqi,PINN,208.0000013001537,208.39432
2024-08-08 06:00:00,aqi,PINN,47.99999995417218,65.72185
2025-01-05 14:00:00,aqi,PINN,219.99999938508824,217.28871
2024-07-10 23:00:00,aqi,PINN,184.99999773372224,208.50383
2025-12-05 01:00:00,aqi,PINN,236.00000006245943,171.22647
2022-09-04 09:00:00,aqi,PINN,401.99999928782324,397.35507
2022-11-02 05:00:00,aqi,PINN,201.99999915612634,196.7836
2025-11-08 01:00:00,aqi,PINN,153.99999751170782,175.51955
2025-10-03 23:00:00,aqi,PINN,265.0000015082731,262.52734
2023-04-10 06:00:00,aqi,PINN,335.99999741444276,333.018
2023-01-08 10:00:00,aqi,PINN,121.99999848313556,121.45208
2024-03-02 10:00:00,aqi,PINN,257.00000020035003,250.8068
2025-12-01 15:00:00,aqi,PINN,333.9999998013271,339.0932
2022-01-13 02:00:00,aqi,PINN,236.00000006245943,369.07108
2024-06-07 20:00:00,aqi,PINN,174.9999972619034,178.1834
2022-10-02 04:00:00,aqi,PINN,171.00000203567203,191.98051
2022-01-08 21:00:00,aqi,PINN,110.00000039820102,107.96535
2024-01-01 09:00:00,aqi,PINN,236.00000006245943,313.6219
2025-11-03 02:00:00,aqi,PINN,276.9999995932077,258.14355
2022-01-02 09:00:00,aqi,PINN,236.00000006245943,363.0544
2024-08-04 13:00:00,aqi,PINN,302.00000077275485,298.46634
2022-12-01 13:00:00,aqi,PINN,240.00000003795472,237.0078
2022-08-03 19:00:00,aqi,PINN,348.99999430593516,351.47845
2025-03-07 01:00:00,aqi,PINN,153.99999751170782,179.62848
2021-03-06 23:00:00,aqi,PINN,158.99999774761727,173.24713
2021-10-03 19:00:00,aqi,PINN,183.00000012060656,187.41832
2025-04-07 09:00:00,aqi,PINN,116.0000056437885,108.87419
2024-05-05 01:00:00,aqi,PINN,368.99999524957286,366.68155
2021-01-05 16:00:00,aqi,PINN,258.0000005576879,267.672
2025-12-12 22:00:00,aqi,PINN,400.0000016747075,396.81995
2025-03-07 10:00:00,aqi,PINN,116.99999824722613,113.19745
2023-11-03 00:00:00,aqi,PINN,254.9999994856742,303.60556
2021-06-01 10:00:00,aqi,PINN,236.00000006245943,300.64752
2024-12-04 06:00:00,aqi,PINN,258.99999936424575,248.11244
2022-01-03 21:00:00,aqi,PINN,253.0000003217785,254.58481
2024-03-07 23:00:00,aqi,PINN,215.99999950651673,206.11255
2021-03-09 19:00:00,aqi,PINN,78.00000136962873,77.0031
2021-10-08 01:00:00,aqi,PINN,126.00000611560736,139.09386
2021-10-05 00:00:00,aqi,PINN,118.99999586034181,264.84393
2023-08-07 07:00:00,aqi,PINN,93.00000207735704,96.235794
2021-10-04 12:00:00,aqi,PINN,279.00000030788345,270.27448
2024-10-02 10:00:00,aqi,PINN,265.0000015082731,249.71149
2024-05-05 08:00:00,aqi,PINN,376.00000550483844,372.3722
2021-10-10 11:00:00,aqi,PINN,248.99999966781692,244.52562
2024-12-07 10:00:00,aqi,PINN,136.00000038430602,139.29689
2023-05-03 02:00:00,aqi,PINN,168.99999821943612,161.48349
2025-12-10 00:00:00,aqi,PINN,236.00000006245943,151.3519
2025-07-10 05:00:00,aqi,PINN,64.00000567157852,71.96437
2023-04-06 06:00:00,aqi,PINN,234.00000012317366,229.50722
2025-03-06 02:00:00,aqi,PINN,190.00000107119178,187.67728
2024-07-08 11:00:00,aqi,PINN,44.99999733137844,41.00456
2024-11-11 16:00:00,aqi,PINN,393.00000382568237,392.0835
2022-12-08 11:00:00,aqi,PINN,236.00000006245943,92.2695
2022-01-09 22:00:00,aqi,PINN,236.00000006245943,199.0052
2023-04-12 05:00:00,aqi,PINN,361.9999974005478,366.45956
2021-01-09 08:00:00,aqi,PINN,236.00000006245943,184.17346
2022-10-10 05:00:00,aqi,PINN,21.000001161509346,44.078045
2022-07-02 00:00:00,aqi,PINN,318.00000028704096,203.1796
2024-09-11 09:00:00,aqi,PINN,373.9999954854823,382.45447
2025-04-05 02:00:00,aqi,PINN,297.99999934340326,276.66312
2021-05-06 17:00:00,aqi,PINN,116.0000056437885,129.25598
2022-05-12 20:00:00,aqi,PINN,361.9999974005478,375.40982
2024-02-06 16:00:00,aqi,PINN,209.00000010671155,211.60684
2022-06-07 15:00:00,aqi,PINN,108.00000278508531,110.84559
2023-12-12 11:00:00,aqi,PINN,380.0000007310698,382.8743
2025-02-01 16:00:00,aqi,PINN,343.99999407002576,352.66275
2021-08-12 11:00:00,aqi,PINN,281.0000010225593,275.4188
2021-09-05 19:00:00,aqi,PINN,133.00000396463247,135.29265
2024-12-01 18:00:00,aqi,PINN,376.00000550483844,374.51645
2022-09-07 01:00:00,aqi,PINN,98.00000231326646,79.84338
2025-09-09 03:00:00,aqi,PINN,133.00000396463247,142.86697
2022-03-01 22:00:00,aqi,PINN,410.999994749964,404.23495
2022-08-09 08:00:00,aqi,PINN,168.99999821943612,162.8721
2024-09-08 00:00:00,aqi,PINN,236.00000006245943,227.03314
2024-08-02 11:00:00,aqi,PINN,204.99999867735997,195.22992
2023-08-08 17:00:00,aqi,PINN,236.00000006245943,173.85194
2023-02-12 04:00:00,aqi,PINN,403.0000042975013,394.83182
2022-06-01 19:00:00,aqi,PINN,236.00000006245943,319.88242
2024-09-02 17:00:00,aqi,PINN,182.00000131404872,176.72707
2021-08-08 05:00:00,aqi,PINN,113.99999562443239,116.63103
2024-07-02 15:00:00,aqi,PINN,214.00000034262098,208.35399
2022-02-04 20:00:00,aqi,PINN,316.0000026739253,308.94455
2025-12-01 21:00:00,aqi,PINN,324.9999981360661,323.9903
2025-07-12 22:00:00,aqi,PINN,363.0000024102258,351.15866
2021-03-08 07:00:00,aqi,PINN,63.00000066190046,62.73527
2021-06-04 19:00:00,aqi,PINN,349.9999993156132,339.62863
2022-08-12 23:00:00,aqi,PINN,311.0000024380158,317.91434
2022-01-12 04:00:00,aqi,PINN,383.0000033538636,388.44144
2021-10-02 11:00:00,aqi,PINN,388.99999619321056,388.89047
2023-12-01 15:00:00,aqi,PINN,401.99999928782324,406.80374
2022-11-05 06:00:00,aqi,PINN,152.99999870514998,152.9279
2023-01-01 14:00:00,aqi,PINN,287.99999887158435,287.19424
2022-10-11 08:00:00,aqi,PINN,289.0000007797023,296.56857
2024-10-06 22:00:00,aqi,PINN,182.00000131404872,189.47578
2022-02-02 13:00:00,aqi,PINN,359.9999997874321,359.31116
2025-01-11 06:00:00,aqi,PINN,255.99999984301212,251.90439
2021-08-05 12:00:00,aqi,PINN,200.00000154301065,195.80455
2024-12-01 13:00:00,aqi,PINN,378.0000031179541,378.52374
2025-10-07 17:00:00,aqi,PINN,51.000002576965926,57.5025
2021-01-02 00:00:00,aqi,PINN,236.00000006245943,444.42242
2023-12-13 02:00:00,aqi,PINN,236.00000006245943,334.3188
2023-07-04 03:00:00,aqi,PINN,176.00000227158145,178.50386
2023-03-12 12:00:00,aqi,PINN,358.00000217431636,369.5274
2025-11-10 04:00:00,aqi,PINN,220.99999974242616,226.48384
2023-07-06 00:00:00,aqi,PINN,152.99999870514998,211.38634
2024-10-05 01:00:00,aqi,PINN,163.99999798352667,176.26535
2025-01-07 00:00:00,aqi,PINN,103.00000254917589,234.72083
2025-07-07 21:00:00,aqi,PINN,73.00000113371931,72.70816
2025-04-06 05:00:00,aqi,PINN,248.00000008586903,237.45729
2024-03-07 16:00:00,aqi,PINN,235.00000009281655,242.31433
2021-01-12 14:00:00,aqi,PINN,383.0000033538636,394.74597
2022-12-11 03:00:00,aqi,PINN,328.9999995654176,343.4255
2025-09-09 07:00:00,aqi,PINN,141.00000062021542,137.61302
2022-10-12 16:00:00,aqi,PINN,393.9999964291201,396.5855
2021-01-11 05:00:00,aqi,PINN,303.9999983858705,311.30255
2023-12-06 01:00:00,aqi,PINN,162.000000370411,145.89424
2022-11-02 15:00:00,aqi,PINN,216.9999998638546,219.2475
2021-04-03 06:00:00,aqi,PINN,309.9999974283378,313.6842
2025-01-01 17:00:00,aqi,PINN,376.99999810827603,379.9941
2023-02-02 21:00:00,aqi,PINN,255.99999984301212,260.45502
2023-10-08 06:00:00,aqi,PINN,236.00000006245943,215.16115
2022-08-04 03:00:00,aqi,PINN,383.0000033538636,368.18893
2024-02-02 23:00:00,aqi,PINN,258.0000005576879,278.1835
2021-07-05 03:00:00,aqi,PINN,111.9999980113167,130.80264
2021-06-03 17:00:00,aqi,PINN,259.99999972158366,268.83368
2024-06-05 12:00:00,aqi,PINN,321.00000290983473,323.1985
2023-05-05 09:00:00,aqi,PINN,223.9999992636598,227.40564
2023-04-05 07:00:00,aqi,PINN,96.00000470015078,95.00188
2024-11-01 19:00:00,aqi,PINN,373.9999954854823,377.19638
2024-12-05 07:00:00,aqi,PINN,287.99999887158435,293.22604
2023-01-10 12:00:00,aqi,PINN,250.0000000251548,247.76991
2022-11-08 20:00:00,aqi,PINN,236.00000006245943,182.06804
2023-02-05 11:00:00,aqi,PINN,71.00000352060363,79.46051
2023-08-05 07:00:00,aqi,PINN,162.000000370411,170.72874
2025-02-11 14:00:00,aqi,PINN,393.00000382568237,397.273
2022-01-11 16:00:00,aqi,PINN,437.00000093918925,432.82016
2025-03-08 11:00:00,aqi,PINN,161.00000156385317,167.85674
2023-11-10 19:00:00,aqi,PINN,225.99999997833558,224.63324
2022-02-04 05:00:00,aqi,PINN,356.99999716463833,350.06686
2024-09-06 00:00:00,aqi,PINN,268.9999998360646,179.06758
2024-10-05 23:00:00,aqi,PINN,167.00000060632044,190.37126
2022-09-11 17:00:00,aqi,PINN,224.9999996209977,250.5052
2024-03-08 16:00:00,aqi,PINN,71.00000352060363,74.30165
2024-04-08 09:00:00,aqi,PINN,56.99999541631297,63.85777
2024-10-09 08:00:00,aqi,PINN,162.000000370411,176.68748
2024-05-07 01:00:00,aqi,PINN,120.00000087001987,118.47359
2023-12-08 05:00:00,aqi,PINN,172.00000084222984,170.39047
2024-03-09 16:00:00,aqi,PINN,128.00000372872304,127.06513
2024-05-08 01:00:00,aqi,PINN,44.99999733137844,68.28035
2024-09-08 07:00:00,aqi,PINN,236.00000006245943,220.65427
2021-11-10 15:00:00,aqi,PINN,236.00000006245943,231.79736
2023-04-04 06:00:00,aqi,PINN,173.99999845534555,167.33568
2021-01-07 11:00:00,aqi,PINN,338.00000123067866,329.33008
2023-04-03 20:00:00,aqi,PINN,160.0000027572953,155.70735
2025-10-12 03:00:00,aqi,PINN,309.9999974283378,313.00897
2024-03-05 13:00:00,aqi,PINN,324.9999981360661,322.51953
2023-05-02 23:00:00,aqi,PINN,258.0000005576879,242.48352
2023-12-01 12:00:00,aqi,PINN,403.0000042975013,398.25714
2024-10-04 11:00:00,aqi,PINN,262.9999992428173,276.9684
2025-07-02 11:00:00,aqi,PINN,241.99999988031672,240.86147
2022-02-02 17:00:00,aqi,PINN,346.00000408938183,351.85678
2023-09-09 15:00:00,aqi,PINN,42.99999971826273,52.657986
2024-03-07 11:00:00,aqi,PINN,206.00000058547792,203.70952
2024-03-12 09:00:00,aqi,PINN,314.9999976642472,328.8267
2024-03-08 10:00:00,aqi,PINN,74.00000614339737,73.83336
2024-11-03 08:00:00,aqi,PINN,215.99999950651673,216.55255
2021-11-02 23:00:00,aqi,PINN,406.99999952373264,372.17114
2023-01-06 01:00:00,aqi,PINN,108.00000278508531,129.08536
2022-05-03 10:00:00,aqi,PINN,133.00000396463247,136.20116
2023-10-04 13:00:00,aqi,PINN,258.99999936424575,257.18112
2024-11-08 06:00:00,aqi,PINN,94.99999969047272,103.07164
2022-02-04 23:00:00,aqi,PINN,323.9999993295082,282.47067
2024-09-12 15:00:00,aqi,PINN,246.99999972853115,235.29813
2023-07-03 06:00:00,aqi,PINN,246.99999972853115,233.77736
2024-06-08 07:00:00,aqi,PINN,51.000002576965926,54.02699
2024-06-06 21:00:00,aqi,PINN,195.00000130710123,193.07553
2021-08-12 16:00:00,aqi,PINN,284.9999993503507,279.62726
2023-10-10 01:00:00,aqi,PINN,258.99999936424575,287.4304
2024-12-05 04:00:00,aqi,PINN,284.9999993503507,282.5579
2023-01-12 00:00:00,aqi,PINN,438.9999985523049,359.84738
2021-10-06 22:00:00,aqi,PINN,243.9999998196025,243.47607
2024-04-03 17:00:00,aqi,PINN,133.00000396463247,128.05605
2022-03-07 07:00:00,aqi,PINN,86.00000422833193,90.01216
2021-05-08 22:00:00,aqi,PINN,146.9999996626827,145.73041
2023-03-03 14:00:00,aqi,PINN,188.99999916307382,185.96877
2022-09-06 15:00:00,aqi,PINN,297.0000005368454,307.76678
2023-08-10 01:00:00,aqi,PINN,303.9999983858705,301.63895
2022-04-11 22:00:00,aqi,PINN,487.99999590172115,468.80536
2021-06-04 09:00:00,aqi,PINN,319.99999790015664,316.10834
2023-05-09 14:00:00,aqi,PINN,168.99999821943612,169.26015
2021-04-06 17:00:00,aqi,PINN,227.99999991762135,207.64604
2025-07-04 15:00:00,aqi,PINN,313.9999988576894,313.4946
2022-06-09 00:00:00,aqi,PINN,125.0000011059293,227.54004
2021-04-09 23:00:00,aqi,PINN,63.00000066190046,118.91241
2022-10-08 11:00:00,aqi,PINN,136.00000038430602,156.6735
2021-03-04 00:00:00,aqi,PINN,253.0000003217785,282.56735
2023-12-07 23:00:00,aqi,PINN,74.99999874683502,89.619385
2024-12-05 00:00:00,aqi,PINN,251.00000038249271,275.51
2023-04-02 02:00:00,aqi,PINN,203.0000010642443,206.06763
2021-06-02 10:00:00,aqi,PINN,304.99999719242834,298.08698
2023-05-01 10:00:00,aqi,PINN,339.99999884379434,345.20306
2023-09-03 09:00:00,aqi,PINN,128.99999633216066,132.28838
2025-06-04 02:00:00,aqi,PINN,266.99999912138884,280.3523
2025-03-11 16:00:00,aqi,PINN,334.99999860788495,335.8955
2023-10-08 01:00:00,aqi,PINN,236.00000006245943,185.41777
2021-11-11 16:00:00,aqi,PINN,433.00000571295783,441.47906
2022-05-02 16:00:00,aqi,PINN,232.0000001838879,218.89667
2021-02-08 00:00:00,aqi,PINN,61.999995652222395,263.1737
2025-06-05 07:00:00,aqi,PINN,157.9999989410594,161.6797
2023-03-06 17:00:00,aqi,PINN,188.99999916307382,183.01735
2021-04-10 11:00:00,aqi,PINN,126.00000611560736,123.05462
2022-04-12 16:00:00,aqi,PINN,435.99999592951116,433.72238
2023-05-05 23:00:00,aqi,PINN,248.99999966781692,218.78534
2023-10-04 11:00:00,aqi,PINN,257.00000020035003,256.90445
2025-10-12 22:00:00,aqi,PINN,312.0000012445737,319.83386
2023-12-05 15:00:00,aqi,PINN,332.0000021882114,320.10425
2022-03-10 02:00:00,aqi,PINN,166.00000179976257,193.05951
2023-04-11 17:00:00,aqi,PINN,433.9999983163955,428.8019
2023-07-01 19:00:00,aqi,PINN,366.00000503301953,375.18835
2024-11-02 05:00:00,aqi,PINN,380.0000007310698,380.29825
2021-10-09 04:00:00,aqi,PINN,76.00000375651305,75.95181
2025-04-03 23:00:00,aqi,PINN,167.99999941287825,194.39053
2021-03-12 03:00:00,aqi,PINN,430.9999956936017,444.78177
2024-02-06 14:00:00,aqi,PINN,219.0000005785304,215.89209
2021-03-09 10:00:00,aqi,PINN,66.0000032846942,70.16702
2021-09-05 15:00:00,aqi,PINN,126.999998719045,131.50551
2025-01-05 11:00:00,aqi,PINN,216.9999998638546,214.69347
2022-01-07 00:00:00,aqi,PINN,83.00000160553819,269.9765
2022-10-01 15:00:00,aqi,PINN,172.9999996487877,174.41087
2025-02-12 05:00:00,aqi,PINN,348.99999430593516,365.17465
2022-11-11 20:00:00,aqi,PINN,358.999994777754,361.93427
2021-08-04 05:00:00,aqi,PINN,208.0000013001537,201.51643
2025-05-01 16:00:00,aqi,PINN,393.00000382568237,403.29724
2023-08-06 12:00:00,aqi,PINN,236.00000006245943,249.88857
2024-03-06 05:00:00,aqi,PINN,187.00000154995814,194.53535
2025-07-07 06:00:00,aqi,PINN,106.00000517196963,105.091385
2025-01-07 12:00:00,aqi,PINN,236.00000006245943,133.37344
2024-04-04 04:00:00,aqi,PINN,268.00000102950673,269.21268
2022-04-02 23:00:00,aqi,PINN,101.00000493606021,151.16312
2023-06-04 08:00:00,aqi,PINN,177.0000010781393,178.44637
2023-07-02 16:00:00,aqi,PINN,292.9999991074938,290.55588
2025-06-08 18:00:00,aqi,PINN,236.00000006245943,210.27884
2025-02-08 06:00:00,aqi,PINN,105.00000016229157,98.01578
2022-10-05 02:00:00,aqi,PINN,153.99999751170782,150.48685
2022-06-12 21:00:00,aqi,PINN,388.000003589773,385.38156
2024-01-04 01:00:00,aqi,PINN,236.00000006245943,216.80705
2024-05-09 22:00:00,aqi,PINN,96.9999973035884,113.07176
2025-06-08 21:00:00,aqi,PINN,236.00000006245943,200.63623
2023-08-04 21:00:00,aqi,PINN,236.00000006245943,240.11473
2024-04-08 10:00:00,aqi,PINN,56.00000281287535,59.863903
2022-04-07 20:00:00,aqi,PINN,125.0000011059293,128.19469
2024-10-11 15:00:00,aqi,PINN,356.99999716463833,359.3923
2023-04-05 15:00:00,aqi,PINN,151.99999989859214,131.88342
2025-08-06 06:00:00,aqi,PINN,253.0000003217785,249.78784
2023-08-02 21:00:00,aqi,PINN,187.00000154995814,177.10625
2025-12-07 19:00:00,aqi,PINN,188.99999916307382,179.53214
2023-06-02 21:00:00,aqi,PINN,348.0000017024975,357.36453
2025-08-05 22:00:00,aqi,PINN,246.99999972853115,238.06567
2022-01-10 01:00:00,aqi,PINN,209.00000010671155,212.99353
2024-07-03 05:00:00,aqi,PINN,224.9999996209977,230.3626
2023-08-02 10:00:00,aqi,PINN,173.99999845534555,179.71205
2021-01-10 04:00:00,aqi,PINN,148.9999972757984,149.60236
2021-05-12 21:00:00,aqi,PINN,373.9999954854823,378.8207
2023-10-05 04:00:00,aqi,PINN,299.99999695651894,304.445
2023-01-05 20:00:00,aqi,PINN,76.9999963599507,90.585785
2025-03-07 07:00:00,aqi,PINN,128.99999633216066,130.0211
2021-06-10 01:00:00,aqi,PINN,118.0000032569042,158.8053
2021-08-11 08:00:00,aqi,PINN,400.0000016747075,408.65588
2022-07-11 09:00:00,aqi,PINN,365.0000000233415,370.57837
2025-08-11 01:00:00,aqi,PINN,386.99999858009494,381.9979
2025-10-02 12:00:00,aqi,PINN,339.00000003723653,334.82693
2025-09-08 21:00:00,aqi,PINN,130.99999394527634,138.79826
2025-09-12 08:00:00,aqi,PINN,318.99999909359883,322.62732
2025-05-13 01:00:00,aqi,PINN,236.00000006245943,322.7809
2025-02-07 13:00:00,aqi,PINN,167.00000060632044,159.49086
2021-12-07 09:00:00,aqi,PINN,93.99999468079466,90.76102
2024-01-11 11:00:00,aqi,PINN,366.99999763645724,373.21985
2022-02-06 18:00:00,aqi,PINN,262.9999992428173,255.83473
2022-09-02 15:00:00,aqi,PINN,262.0000004362594,261.69785
2021-02-10 11:00:00,aqi,PINN,168.99999821943612,166.40173
2025-01-09 10:00:00,aqi,PINN,89.9999994545633,83.134476
2021-01-09 13:00:00,aqi,PINN,236.00000006245943,173.17276
2023-08-09 03:00:00,aqi,PINN,106.99999777540728,116.310585
2022-10-10 23:00:00,aqi,PINN,36.00000186923762,71.22357
2023-07-06 03:00:00,aqi,PINN,151.99999989859214,154.99733
2025-08-05 11:00:00,aqi,PINN,246.0000001465833,242.36145
2021-12-07 10:00:00,aqi,PINN,93.99999468079466,91.09271
2024-08-09 07:00:00,aqi,PINN,147.99999846924055,158.85959
2021-07-02 15:00:00,aqi,PINN,292.000000300936,286.89175
2023-04-02 15:00:00,aqi,PINN,236.00000006245943,291.19708
2024-11-07 18:00:00,aqi,PINN,169.99999702599396,165.4721
2024-09-05 11:00:00,aqi,PINN,190.99999987774964,191.54507
2025-06-04 09:00:00,aqi,PINN,297.99999934340326,299.88495
2024-09-02 07:00:00,aqi,PINN,172.9999996487877,171.7718
2024-02-07 14:00:00,aqi,PINN,236.00000006245943,236.314
2024-01-11 21:00:00,aqi,PINN,328.9999995654176,348.5393
2022-01-11 22:00:00,aqi,PINN,401.99999928782324,406.03915
2022-05-05 07:00:00,aqi,PINN,208.0000013001537,207.28162
2024-04-05 17:00:00,aqi,PINN,368.0000026461353,366.06174
2023-05-07 05:00:00,aqi,PINN,141.9999994267733,140.54439
2023-12-03 04:00:00,aqi,PINN,263.9999996001552,254.35898
2025-10-08 22:00:00,aqi,PINN,158.99999774761727,163.11414
2022-01-11 05:00:00,aqi,PINN,440.00000356198296,442.05273
2021-11-07 22:00:00,aqi,PINN,99.99999992638215,120.56075
2024-08-02 06:00:00,aqi,PINN,215.0000006999589,216.87654
2021-01-07 03:00:00,aqi,PINN,236.00000006245943,227.63632
2023-11-04 22:00:00,aqi,PINN,388.000003589773,370.08118
2025-01-07 17:00:00,aqi,PINN,131.99999895495444,131.51997
2023-01-06 17:00:00,aqi,PINN,155.00000252138588,140.647
2023-07-11 11:00:00,aqi,PINN,403.99999690093887,409.40015
2024-08-05 20:00:00,aqi,PINN,246.99999972853115,249.70854
2021-10-02 23:00:00,aqi,PINN,368.0000026461353,336.4909
2024-09-11 08:00:00,aqi,PINN,376.00000550483844,385.54474
2024-07-11 11:00:00,aqi,PINN,415.0000023824358,427.86423
2022-12-10 17:00:00,aqi,PINN,123.99999609625125,124.101944
2022-08-02 02:00:00,aqi,PINN,248.00000008586903,251.25435
2022-06-04 11:00:00,aqi,PINN,349.9999993156132,351.11768
2025-10-11 21:00:00,aqi,PINN,428.0000054770484,429.90112
2022-03-04 20:00:00,aqi,PINN,308.9999986217799,307.40784
2021-04-12 18:00:00,aqi,PINN,358.00000217431636,373.56592
2025-02-03 13:00:00,aqi,PINN,178.99999869125497,172.86664
2022-05-11 07:00:00,aqi,PINN,450.0000040338018,451.5789
2025-05-04 00:00:00,aqi,PINN,323.9999993295082,181.3419
2024-07-03 19:00:00,aqi,PINN,243.9999998196025,242.58354
2021-12-04 20:00:00,aqi,PINN,323.9999993295082,320.5161
2021-12-09 02:00:00,aqi,PINN,39.000004492031366,79.19168
2024-01-12 10:00:00,aqi,PINN,353.00000193840697,363.00406
2025-04-08 12:00:00,aqi,PINN,183.9999989271644,178.67857
2025-11-11 07:00:00,aqi,PINN,451.9999892406771,449.7479
2025-07-05 08:00:00,aqi,PINN,201.99999915612634,197.67795
2022-11-05 09:00:00,aqi,PINN,150.00000228547646,154.61537
2023-11-02 18:00:00,aqi,PINN,306.00000220210643,306.49207
2021-09-01 23:00:00,aqi,PINN,340.9999976503522,338.1559
2023-10-02 09:00:00,aqi,PINN,177.99999988469713,179.42116
2025-11-04 14:00:00,aqi,PINN,198.9999996348927,197.40811
2021-08-01 18:00:00,aqi,PINN,246.99999972853115,254.7395
2022-06-09 13:00:00,aqi,PINN,236.00000006245943,139.83289
2025-04-02 02:00:00,aqi,PINN,291.0000014943781,272.2172
2024-07-02 17:00:00,aqi,PINN,215.99999950651673,205.65808
2024-05-04 15:00:00,aqi,PINN,233.00000015353078,219.36378
2022-06-02 20:00:00,aqi,PINN,323.9999993295082,320.59604
2025-07-03 05:00:00,aqi,PINN,266.99999912138884,255.39629
2022-04-02 17:00:00,aqi,PINN,148.9999972757984,159.67244
2023-06-08 21:00:00,aqi,PINN,130.00000134183875,132.59535
2024-03-06 09:00:00,aqi,PINN,172.00000084222984,180.18419
2024-11-06 01:00:00,aqi,PINN,187.00000154995814,214.9144
2022-10-11 05:00:00,aqi,PINN,289.9999995862602,276.66605
2021-05-05 02:00:00,aqi,PINN,174.9999972619034,193.07558
2021-08-07 16:00:00,aqi,PINN,215.99999950651673,218.73235
2022-06-10 23:00:00,aqi,PINN,64.99999827501614,99.961075
2023-07-07 16:00:00,aqi,PINN,89.9999994545633,95.132324
2025-09-12 04:00:00,aqi,PINN,323.9999993295082,333.61725
2021-06-09 12:00:00,aqi,PINN,118.99999586034181,130.55466
2023-05-03 16:00:00,aqi,PINN,183.9999989271644,179.84827
2024-09-03 09:00:00,aqi,PINN,181.00000250749088,177.28102
2023-09-11 07:00:00,aqi,PINN,428.0000054770484,423.4922
2022-05-02 03:00:00,aqi,PINN,130.00000134183875,133.12878
2021-05-12 08:00:00,aqi,PINN,339.00000003723653,357.3148
2021-10-06 15:00:00,aqi,PINN,287.00000006502654,290.132
2022-03-04 06:00:00,aqi,PINN,303.9999983858705,308.17896
2025-01-08 10:00:00,aqi,PINN,236.00000006245943,229.61879
2022-05-11 14:00:00,aqi,PINN,410.999994749964,419.914
2024-10-09 18:00:00,aqi,PINN,169.99999702599396,166.72229
2022-02-03 21:00:00,aqi,PINN,268.00000102950673,269.9528
2025-06-06 15:00:00,aqi,PINN,190.00000107119178,187.94653
2025-01-11 19:00:00,aqi,PINN,356.99999716463833,367.04227
2021-12-05 07:00:00,aqi,PINN,108.99999538852296,100.01608
2023-06-10 15:00:00,aqi,PINN,307.00000100866424,314.7377
2022-10-10 03:00:00,aqi,PINN,24.00000378430309,45.944424
2024-07-08 12:00:00,aqi,PINN,46.00000234105647,42.40832
2023-11-09 23:00:00,aqi,PINN,64.00000567157852,108.29996
2024-04-12 01:00:00,aqi,PINN,269.9999986426225,304.9146
2025-08-11 04:00:00,aqi,PINN,381.9999983441855,404.22772
2025-11-02 16:00:00,aqi,PINN,381.00000574074784,381.43085
2025-07-08 04:00:00,aqi,PINN,201.99999915612634,236.89062
2024-01-02 14:00:00,aqi,PINN,229.99999985690712,239.51358
2022-11-06 08:00:00,aqi,PINN,386.99999858009494,379.4989
2024-10-11 05:00:00,aqi,PINN,358.999994777754,364.86456
2025-02-08 13:00:00,aqi,PINN,111.9999980113167,109.73625
2025-01-10 16:00:00,aqi,PINN,68.00000089780988,69.65134
2021-03-09 22:00:00,aqi,PINN,66.0000032846942,98.72388
2025-11-07 18:00:00,aqi,PINN,158.99999774761727,155.7707
2022-11-03 07:00:00,aqi,PINN,203.0000010642443,206.18317
2023-01-04 03:00:00,aqi,PINN,59.999998039106714,65.7948
2022-11-02 10:00:00,aqi,PINN,222.00000009976407,219.48848
2023-09-11 19:00:00,aqi,PINN,435.99999592951116,444.64526
2023-01-04 07:00:00,aqi,PINN,69.00000590748795,69.441925
2025-11-02 05:00:00,aqi,PINN,358.999994777754,360.50623
2023-07-03 03:00:00,aqi,PINN,235.00000009281655,225.1006
2023-12-03 06:00:00,aqi,PINN,258.0000005576879,260.36163
2024-09-12 19:00:00,aqi,PINN,242.9999998499596,239.4638
2025-01-07 18:00:00,aqi,PINN,133.99999656807012,127.23
2023-08-02 06:00:00,aqi,PINN,201.99999915612634,207.39767
2023-11-04 08:00:00,aqi,PINN,339.00000003723653,345.47873
2023-08-12 19:00:00,aqi,PINN,349.9999993156132,359.01587
2025-03-03 03:00:00,aqi,PINN,152.99999870514998,155.93584
2021-11-11 12:00:00,aqi,PINN,428.9999980804861,434.35648
2024-07-11 19:00:00,aqi,PINN,438.0000059488673,449.78705
2025-09-12 00:00:00,aqi,PINN,325.9999969426239,364.39084
2023-11-07 06:00:00,aqi,PINN,51.000002576965926,57.825985
2021-08-11 11:00:00,aqi,PINN,403.99999690093887,410.55127
2022-12-04 17:00:00,aqi,PINN,339.00000003723653,335.8687
2023-02-01 22:00:00,aqi,PINN,416.9999999955515,392.0797
2025-11-05 22:00:00,aqi,PINN,188.99999916307382,187.70363
2024-11-11 13:00:00,aqi,PINN,393.00000382568237,386.60385
2021-05-11 08:00:00,aqi,PINN,484.9999932789274,485.02344
2024-05-13 01:00:00,aqi,PINN,236.00000006245943,244.14645
2021-05-07 01:00:00,aqi,PINN,166.00000179976257,175.58488
2025-12-03 19:00:00,aqi,PINN,327.000001952302,330.144
2021-02-05 19:00:00,aqi,PINN,206.99999939203576,207.96698
2022-10-03 08:00:00,aqi,PINN,234.00000012317366,232.71866
2022-01-02 12:00:00,aqi,PINN,236.00000006245943,337.5703
2023-03-06 06:00:00,aqi,PINN,236.00000006245943,174.94518
2025-05-05 05:00:00,aqi,PINN,239.00000001984995,242.5149
2022-03-03 05:00:00,aqi,PINN,248.00000008586903,250.96928
2023-10-06 16:00:00,aqi,PINN,204.99999867735997,196.6423
2021-06-07 04:00:00,aqi,PINN,182.00000131404872,181.35681
2023-01-12 19:00:00,aqi,PINN,381.00000574074784,387.70163
2024-09-01 23:00:00,aqi,PINN,316.0000026739253,305.36688
2024-02-01 16:00:00,aqi,PINN,339.99999884379434,345.33167
2023-06-02 13:00:00,aqi,PINN,335.99999741444276,336.5776
2023-09-11 21:00:00,aqi,PINN,442.00000117509865,436.29865
2022-03-09 17:00:00,aqi,PINN,174.9999972619034,168.75291
2022-07-04 23:00:00,aqi,PINN,375.0000004951604,344.8571
2023-03-12 15:00:00,aqi,PINN,370.00000025925095,365.3293
2022-12-08 16:00:00,aqi,PINN,236.00000006245943,111.30231
2025-08-05 17:00:00,aqi,PINN,248.00000008586903,246.7659
2021-10-10 15:00:00,aqi,PINN,242.9999998499596,243.08125
2025-09-11 12:00:00,aqi,PINN,430.0000030901641,425.4125
2023-06-11 00:00:00,aqi,PINN,474.0000002036709,286.61044
2023-04-07 08:00:00,aqi,PINN,236.00000006245943,171.57883
2021-05-04 11:00:00,aqi,PINN,257.00000020035003,257.89294
2023-05-01 13:00:00,aqi,PINN,339.99999884379434,348.01993
2021-10-06 02:00:00,aqi,PINN,339.99999884379434,343.74298
2021-09-09 06:00:00,aqi,PINN,69.00000590748795,66.2162
2021-08-10 15:00:00,aqi,PINN,196.00000011365904,196.11198
2024-07-07 04:00:00,aqi,PINN,169.99999702599396,168.28387
2021-09-03 19:00:00,aqi,PINN,299.99999695651894,305.65964
2022-07-02 15:00:00,aqi,PINN,268.00000102950673,269.52747
2022-12-01 14:00:00,aqi,PINN,244.99999978924538,245.27748
2022-07-09 08:00:00,aqi,PINN,147.99999846924055,145.54056
2025-09-02 17:00:00,aqi,PINN,279.00000030788345,280.16882
2022-05-08 10:00:00,aqi,PINN,91.99999706767898,100.40393
2023-12-04 20:00:00,aqi,PINN,312.0000012445737,310.39398
2024-05-06 21:00:00,aqi,PINN,299.99999695651894,301.40018
2024-06-12 15:00:00,aqi,PINN,254.9999994856742,250.93066
2024-08-05 04:00:00,aqi,PINN,344.9999990797038,345.60715
2022-09-02 02:00:00,aqi,PINN,236.00000006245943,297.79486
2025-07-06 07:00:00,aqi,PINN,215.0000006999589,213.08922
2023-11-09 19:00:00,aqi,PINN,53.00000019008161,52.41264
2024-06-02 02:00:00,aqi,PINN,126.999998719045,126.776764
2023-09-04 21:00:00,aqi,PINN,297.99999934340326,290.41483
2025-10-10 16:00:00,aqi,PINN,236.00000006245943,227.69267
2021-07-06 04:00:00,aqi,PINN,190.99999987774964,184.47064
2025-11-02 14:00:00,aqi,PINN,380.0000007310698,383.57388
2022-09-11 19:00:00,aqi,PINN,215.0000006999589,216.49788
2024-12-12 17:00:00,aqi,PINN,356.00000456120074,347.4582
2021-12-10 01:00:00,aqi,PINN,253.0000003217785,268.33856
2025-12-12 00:00:00,aqi,PINN,353.9999945418446,424.27768
2024-05-04 16:00:00,aqi,PINN,234.00000012317366,225.85936
2021-11-05 09:00:00,aqi,PINN,130.00000134183875,128.65997
2023-12-12 04:00:00,aqi,PINN,346.00000408938183,351.53613
2024-09-11 10:00:00,aqi,PINN,371.99999787236663,381.01013
2022-01-05 04:00:00,aqi,PINN,363.0000024102258,373.80783
2023-01-01 22:00:00,aqi,PINN,289.0000007797023,300.29156
2022-04-12 12:00:00,aqi,PINN,443.0000061847767,444.9106
2022-04-06 02:00:00,aqi,PINN,324.9999981360661,324.13754
2022-05-07 13:00:00,aqi,PINN,146.9999996626827,149.62878
2021-02-03 10:00:00,aqi,PINN,266.99999912138884,265.19122
2024-04-09 20:00:00,aqi,PINN,111.00000540787907,120.62878
2022-12-06 11:00:00,aqi,PINN,388.000003589773,387.16653
2025-01-11 05:00:00,aqi,PINN,251.00000038249271,246.49332
2025-06-12 19:00:00,aqi,PINN,381.9999983441855,389.12497
2021-06-08 04:00:00,aqi,PINN,121.00000587969794,116.358475
2021-06-10 17:00:00,aqi,PINN,108.00000278508531,115.03364
2022-08-03 21:00:00,aqi,PINN,348.99999430593516,345.2809
2025-07-06 16:00:00,aqi,PINN,240.99999991067384,245.51039
2023-01-02 04:00:00,aqi,PINN,172.9999996487877,186.02148
2024-11-06 20:00:00,aqi,PINN,303.9999983858705,306.49606
2023-05-12 06:00:00,aqi,PINN,342.00000266003025,344.01532
2025-10-07 06:00:00,aqi,PINN,71.99999612404127,69.56406
2025-11-09 01:00:00,aqi,PINN,88.99999444488523,122.112465
2022-04-12 18:00:00,aqi,PINN,423.9999978445766,424.77847
2022-12-08 21:00:00,aqi,PINN,236.00000006245943,109.919785
2021-10-02 01:00:00,aqi,PINN,236.00000006245943,346.51318
2022-08-07 21:00:00,aqi,PINN,93.99999468079466,95.4971
2023-08-09 16:00:00,aqi,PINN,86.99999683176955,119.16021
2024-02-03 13:00:00,aqi,PINN,151.99999989859214,159.29929
2025-07-13 00:00:00,aqi,PINN,236.00000006245943,336.55347
2024-07-07 16:00:00,aqi,PINN,98.99999491670411,99.60071
2025-01-02 06:00:00,aqi,PINN,353.9999945418446,356.7679
2021-09-11 02:00:00,aqi,PINN,415.9999949858734,431.27933
2025-01-07 20:00:00,aqi,PINN,130.00000134183875,135.37798
2021-04-05 03:00:00,aqi,PINN,307.9999998152221,302.98825
2024-12-07 09:00:00,aqi,PINN,139.00000300709974,140.46484
2021-07-05 04:00:00,aqi,PINN,111.9999980113167,122.35565
2023-07-09 08:00:00,aqi,PINN,105.00000016229157,99.85724
2025-07-05 22:00:00,aqi,PINN,188.99999916307382,191.17241
2025-04-02 10:00:00,aqi,PINN,302.99999957931266,304.81342
2021-02-03 07:00:00,aqi,PINN,299.99999695651894,299.98773
2025-06-11 07:00:00,aqi,PINN,297.0000005368454,303.29266
2024-03-01 17:00:00,aqi,PINN,375.0000004951604,378.43085
2022-09-03 06:00:00,aqi,PINN,286.00000125846867,301.14108
2022-11-03 20:00:00,aqi,PINN,233.00000015353078,232.17851
2024-08-02 19:00:00,aqi,PINN,203.99999987080213,198.7615
2024-09-08 02:00:00,aqi,PINN,236.00000006245943,187.72514
2023-07-01 18:00:00,aqi,PINN,366.99999763645724,373.96936
2024-01-04 12:00:00,aqi,PINN,200.00000154301065,196.53075
2024-04-02 01:00:00,aqi,PINN,223.00000045710195,226.14253
2022-07-05 14:00:00,aqi,PINN,348.0000017024975,360.02448
2025-07-02 23:00:00,aqi,PINN,229.00000027495923,232.28961
2022-06-11 02:00:00,aqi,PINN,366.99999763645724,378.73575
2023-04-10 23:00:00,aqi,PINN,346.00000408938183,302.0999
2021-11-09 16:00:00,aqi,PINN,44.99999733137844,48.14889
2022-01-02 22:00:00,aqi,PINN,236.00000006245943,335.7146
2021-01-07 01:00:00,aqi,PINN,236.00000006245943,200.34102
2021-04-01 20:00:00,aqi,PINN,236.00000006245943,308.60028
2025-11-04 12:00:00,aqi,PINN,198.9999996348927,195.08347
2021-05-07 02:00:00,aqi,PINN,166.00000179976257,174.80693
2021-09-05 21:00:00,aqi,PINN,128.99999633216066,135.29858
2025-04-03 01:00:00,aqi,PINN,203.0000010642443,207.14153
2021-09-02 06:00:00,aqi,PINN,343.0000014665881,352.38303
2022-06-08 03:00:00,aqi,PINN,236.00000006245943,199.0594
2022-07-03 17:00:00,aqi,PINN,296.0000017302875,297.23514
2022-01-06 08:00:00,aqi,PINN,388.99999619321056,391.9774
2021-10-06 01:00:00,aqi,PINN,351.99999692872893,327.1468
2021-11-12 02:00:00,aqi,PINN,339.99999884379434,333.9713
2023-11-08 01:00:00,aqi,PINN,162.000000370411,159.40034
2023-06-09 17:00:00,aqi,PINN,140.0000018136576,148.08812
2021-10-07 07:00:00,aqi,PINN,108.99999538852296,107.797714
2023-12-05 06:00:00,aqi,PINN,339.99999884379434,358.8854
2022-03-10 08:00:00,aqi,PINN,139.00000300709974,139.2619
2023-11-07 15:00:00,aqi,PINN,44.99999733137844,51.38447
2022-03-10 00:00:00,aqi,PINN,183.00000012060656,199.78873
2021-04-04 22:00:00,aqi,PINN,262.9999992428173,255.7417
2024-09-04 13:00:00,aqi,PINN,318.00000028704096,322.66647
2021-06-07 16:00:00,aqi,PINN,183.9999989271644,181.87181
2023-11-02 09:00:00,aqi,PINN,269.9999986426225,267.16635
2022-05-09 00:00:00,aqi,PINN,130.99999394527634,196.3267
2022-03-12 07:00:00,aqi,PINN,393.9999964291201,400.29828
2022-10-05 03:00:00,aqi,PINN,155.00000252138588,166.3379
2024-06-01 14:00:00,aqi,PINN,318.00000028704096,331.80536
2025-04-12 10:00:00,aqi,PINN,335.99999741444276,340.77457
2025-03-05 16:00:00,aqi,PINN,255.99999984301212,255.98094
2021-03-12 08:00:00,aqi,PINN,411.99999975964204,417.50555
2023-11-10 13:00:00,aqi,PINN,254.9999994856742,257.97147
2024-09-03 04:00:00,aqi,PINN,186.0000027434003,188.1223
2021-06-07 14:00:00,aqi,PINN,179.9999974978128,177.90273
2023-10-02 22:00:00,aqi,PINN,200.00000154301065,209.41171
2022-01-11 19:00:00,aqi,PINN,420.9999952217829,428.3198
2023-11-03 19:00:00,aqi,PINN,239.00000001984995,234.21048
2024-06-09 21:00:00,aqi,PINN,128.99999633216066,127.89125
2023-05-04 19:00:00,aqi,PINN,176.00000227158145,174.70416
2022-05-08 14:00:00,aqi,PINN,83.9999942089758,84.90166
2024-12-09 13:00:00,aqi,PINN,130.99999394527634,137.52377
2023-06-12 21:00:00,aqi,PINN,324.9999981360661,331.0314
2022-03-05 19:00:00,aqi,PINN,282.99999863567496,281.85086
2023-06-01 16:00:00,aqi,PINN,401.99999928782324,403.99405
2023-04-04 07:00:00,aqi,PINN,236.00000006245943,170.442
2024-05-11 20:00:00,aqi,PINN,410.0000021465264,418.35916
2025-11-01 23:00:00,aqi,PINN,236.00000006245943,328.32156
2023-05-10 04:00:00,aqi,PINN,349.9999993156132,348.79285
2024-07-03 15:00:00,aqi,PINN,248.00000008586903,241.75238
2022-06-12 00:00:00,aqi,PINN,368.0000026461353,355.1627
2021-05-12 14:00:00,aqi,PINN,339.99999884379434,350.35477
2022-04-10 22:00:00,aqi,PINN,150.49999858719525,174.41797
2024-05-12 01:00:00,aqi,PINN,212.9999999852831,244.06554
2021-12-12 13:00:00,aqi,PINN,271.0000005507404,267.58792
2022-06-05 17:00:00,aqi,PINN,353.00000193840697,349.98807
2022-03-07 17:00:00,aqi,PINN,74.99999874683502,74.77142
2021-07-02 20:00:00,aqi,PINN,316.0000026739253,316.8505
2024-03-04 02:00:00,aqi,PINN,219.99999938508824,233.61502
2024-01-08 21:00:00,aqi,PINN,74.00000614339737,70.77742
2023-11-06 14:00:00,aqi,PINN,168.99999821943612,167.9162
2021-05-02 07:00:00,aqi,PINN,236.00000006245943,243.63127
2023-07-07 23:00:00,aqi,PINN,96.00000470015078,119.76075
2024-08-11 19:00:00,aqi,PINN,393.00000382568237,408.95993
2024-04-08 02:00:00,aqi,PINN,58.00000042599103,77.10025
2023-08-13 00:00:00,aqi,PINN,236.00000006245943,339.86508
2023-02-08 02:00:00,aqi,PINN,121.99999848313556,128.31725
2025-12-02 16:00:00,aqi,PINN,279.9999991144413,271.3573
2023-09-03 22:00:00,aqi,PINN,136.99999919086383,147.25642
2024-06-02 00:00:00,aqi,PINN,128.99999633216066,323.10867
2021-07-03 22:00:00,aqi,PINN,318.00000028704096,313.35104
2021-03-10 00:00:00,aqi,PINN,139.00000300709974,99.55701
2022-12-01 09:00:00,aqi,PINN,232.0000001838879,227.89693
2023-11-08 14:00:00,aqi,PINN,166.00000179976257,163.71631
2022-05-04 03:00:00,aqi,PINN,346.00000408938183,363.47372
2024-08-12 13:00:00,aqi,PINN,349.9999993156132,349.29565
2023-12-11 11:00:00,aqi,PINN,243.9999998196025,244.21762
2022-03-09 21:00:00,aqi,PINN,168.99999821943612,171.53494
2025-04-13 00:00:00,aqi,PINN,236.00000006245943,355.01324
2021-04-11 08:00:00,aqi,PINN,236.00000006245943,339.60083
2025-08-07 06:00:00,aqi,PINN,103.00000254917589,104.13208
2022-02-13 00:00:00,aqi,PINN,236.00000006245943,380.9002
2021-07-09 00:00:00,aqi,PINN,121.00000587969794,145.53407
2025-11-03 17:00:00,aqi,PINN,312.0000012445737,305.97955
2021-02-03 03:00:00,aqi,PINN,327.000001952302,324.48285
2023-07-09 15:00:00,aqi,PINN,98.99999491670411,107.11624
2021-12-01 12:00:00,aqi,PINN,319.99999790015664,324.1018
2023-02-12 16:00:00,aqi,PINN,373.00000288204467,385.62198
2021-03-05 06:00:00,aqi,PINN,258.99999936424575,251.12628
2024-09-01 15:00:00,aqi,PINN,365.0000000233415,371.50955
2023-09-11 15:00:00,aqi,PINN,435.0000033260735,435.58963
2023-11-12 17:00:00,aqi,PINN,339.00000003723653,341.92212
2021-05-10 06:00:00,aqi,PINN,141.9999994267733,138.33597
2022-02-05 22:00:00,aqi,PINN,248.99999966781692,249.58978
2021-07-05 08:00:00,aqi,PINN,125.0000011059293,123.04362
2022-11-06 23:00:00,aqi,PINN,371.99999787236663,316.36688
2022-08-10 19:00:00,aqi,PINN,39.999997095468984,55.912533
2021-12-09 05:00:00,aqi,PINN,39.000004492031366,51.92967
2024-08-05 02:00:00,aqi,PINN,361.9999974005478,349.89246
2025-07-11 00:00:00,aqi,PINN,346.9999966928195,105.830765
2025-04-11 05:00:00,aqi,PINN,339.99999884379434,344.5965
2025-08-08 02:00:00,aqi,PINN,209.9999989132694,229.54106
2022-02-04 11:00:00,aqi,PINN,370.00000025925095,367.032
2024-01-10 18:00:00,aqi,PINN,215.0000006999589,214.97833
2021-12-05 00:00:00,aqi,PINN,125.0000011059293,271.93918
2024-11-07 08:00:00,aqi,PINN,211.9999996279452,205.88934
2021-12-10 21:00:00,aqi,PINN,293.9999979140516,291.50058
2025-04-03 11:00:00,aqi,PINN,179.9999974978128,178.23918
2024-10-13 02:00:00,aqi,PINN,236.00000006245943,282.6777
2021-01-08 05:00:00,aqi,PINN,101.99999753949783,91.01141
2022-12-03 01:00:00,aqi,PINN,219.0000005785304,225.07957
2022-06-05 09:00:00,aqi,PINN,279.9999991144413,283.0298
2023-11-10 04:00:00,aqi,PINN,236.00000006245943,212.91484
2024-06-09 04:00:00,aqi,PINN,136.99999919086383,135.15565
2024-03-07 09:00:00,aqi,PINN,196.00000011365904,203.09386
2025-02-05 05:00:00,aqi,PINN,232.0000001838879,229.35782
2022-05-11 15:00:00,aqi,PINN,406.99999952373264,416.49838
2022-10-10 07:00:00,aqi,PINN,236.00000006245943,37.416973
2021-08-07 15:00:00,aqi,PINN,215.0000006999589,219.15694
2021-02-07 22:00:00,aqi,PINN,317.0000014804831,296.45383
2023-10-06 09:00:00,aqi,PINN,183.00000012060656,175.4056
2022-06-11 01:00:00,aqi,PINN,368.0000026461353,365.91382
2024-03-04 03:00:00,aqi,PINN,219.99999938508824,224.41586
2024-06-08 19:00:00,aqi,PINN,54.00000519975964,59.302288
2022-04-13 02:00:00,aqi,PINN,236.00000006245943,345.60678
2024-12-05 03:00:00,aqi,PINN,271.99999935729824,271.27133
2025-06-11 14:00:00,aqi,PINN,348.0000017024975,352.8955
2024-06-03 14:00:00,aqi,PINN,169.99999702599396,159.93814
2022-03-11 11:00:00,aqi,PINN,236.00000006245943,458.5483
2023-10-09 04:00:00,aqi,PINN,37.9999994823533,55.751186
2024-08-04 19:00:00,aqi,PINN,307.9999998152221,301.4637
2025-09-02 05:00:00,aqi,PINN,271.99999935729824,275.84915
2021-05-02 19:00:00,aqi,PINN,236.00000006245943,255.29207
2021-03-06 04:00:00,aqi,PINN,133.00000396463247,142.70024
2023-11-02 14:00:00,aqi,PINN,293.9999979140516,297.7611
2022-03-04 02:00:00,aqi,PINN,322.00000171639255,331.78683
2025-05-03 04:00:00,aqi,PINN,146.00000085612487,145.36592
2023-10-11 01:00:00,aqi,PINN,456.0000092793893,460.3131
2021-10-11 15:00:00,aqi,PINN,386.99999858009494,403.08566
2021-02-06 10:00:00,aqi,PINN,137.9999979974217,139.94643
2023-09-13 02:00:00,aqi,PINN,236.00000006245943,329.00107
2021-07-04 23:00:00,aqi,PINN,229.00000027495923,212.49492
2021-09-03 10:00:00,aqi,PINN,303.9999983858705,306.64178
2022-07-05 12:00:00,aqi,PINN,361.00000479711014,358.5537
2025-02-07 06:00:00,aqi,PINN,157.0000001345016,159.43356
2021-03-10 01:00:00,aqi,PINN,126.999998719045,163.91801
2021-02-05 06:00:00,aqi,PINN,225.99999997833558,217.72168
2022-05-08 01:00:00,aqi,PINN,209.00000010671155,186.52245
2023-02-01 14:00:00,aqi,PINN,365.0000000233415,370.2795
2023-01-09 11:00:00,aqi,PINN,188.00000035651598,181.1185
2024-02-10 09:00:00,aqi,PINN,266.99999912138884,271.83386
2021-08-02 07:00:00,aqi,PINN,349.9999993156132,350.64728
2023-04-03 01:00:00,aqi,PINN,177.0000010781393,169.8852
2025-09-03 18:00:00,aqi,PINN,319.99999790015664,314.11484
2021-10-10 23:00:00,aqi,PINN,240.00000003795472,269.21826
2022-07-09 10:00:00,aqi,PINN,151.99999989859214,147.27005
2021-06-11 00:00:00,aqi,PINN,476.00001022302706,153.67413
2023-11-12 06:00:00,aqi,PINN,236.00000006245943,317.4215
2023-01-06 19:00:00,aqi,PINN,157.9999989410594,151.46327
2024-11-09 03:00:00,aqi,PINN,136.99999919086383,153.5592
2022-10-12 19:00:00,aqi,PINN,390.00000120288865,402.8981
2025-03-07 12:00:00,aqi,PINN,118.99999586034181,115.15411
2023-07-07 05:00:00,aqi,PINN,74.99999874683502,84.30444
2025-04-09 20:00:00,aqi,PINN,54.99999780319729,57.93977
2024-12-08 13:00:00,aqi,PINN,53.00000019008161,54.921963
2021-04-06 02:00:00,aqi,PINN,174.9999972619034,185.22495
2023-01-08 01:00:00,aqi,PINN,130.00000134183875,137.91685
2023-08-12 20:00:00,aqi,PINN,348.99999430593516,356.33243
2024-08-10 20:00:00,aqi,PINN,229.00000027495923,235.72067
2024-05-11 18:00:00,aqi,PINN,410.0000021465264,422.1867
2024-03-05 20:00:00,aqi,PINN,337.00000242412085,326.20752
2023-03-11 08:00:00,aqi,PINN,497.99999637354006,481.97183
2025-11-12 13:00:00,aqi,PINN,338.00000123067866,338.14883
2023-02-04 10:00:00,aqi,PINN,136.99999919086383,131.64589
2025-11-10 10:00:00,aqi,PINN,232.0000001838879,235.52757
2021-09-07 08:00:00,aqi,PINN,215.0000006999589,209.10384
2021-12-05 18:00:00,aqi,PINN,157.0000001345016,159.50629
2022-01-09 20:00:00,aqi,PINN,236.00000006245943,197.05856
2023-06-07 15:00:00,aqi,PINN,73.00000113371931,85.37352
2022-07-09 11:00:00,aqi,PINN,151.0000010920343,147.23955
2024-02-04 04:00:00,aqi,PINN,223.9999992636598,223.02092
2024-07-05 09:00:00,aqi,PINN,361.9999974005478,365.21518
2023-04-08 15:00:00,aqi,PINN,133.00000396463247,134.52174
2024-10-11 00:00:00,aqi,PINN,366.00000503301953,203.93826
2021-07-03 02:00:00,aqi,PINN,308.9999986217799,307.2605
2025-01-11 14:00:00,aqi,PINN,309.9999974283378,308.25052
2023-12-13 00:00:00,aqi,PINN,236.00000006245943,374.89694
2024-12-08 22:00:00,aqi,PINN,59.000005435669095,83.68361
2024-04-12 11:00:00,aqi,PINN,231.000000214245,234.0652
2024-06-08 05:00:00,aqi,PINN,49.000004963850216,56.86439
2025-01-03 19:00:00,aqi,PINN,140.0000018136576,146.73384
2025-08-03 19:00:00,aqi,PINN,244.99999978924538,239.71426
2023-08-03 23:00:00,aqi,PINN,206.99999939203576,207.24431
2021-04-10 23:00:00,aqi,PINN,131.99999895495444,165.34657
2022-03-06 18:00:00,aqi,PINN,314.9999976642472,307.93906
2023-02-10 11:00:00,aqi,PINN,211.9999996279452,211.96527
2025-10-07 00:00:00,aqi,PINN,96.9999973035884,286.73462
2025-04-06 18:00:00,aqi,PINN,274.00000007197406,270.6393
2025-04-07 10:00:00,aqi,PINN,116.99999824722613,110.626
2025-09-01 22:00:00,aqi,PINN,437.00000093918925,434.63885
2021-06-09 00:00:00,aqi,PINN,78.00000136962873,133.01328
2023-06-04 03:00:00,aqi,PINN,195.00000130710123,199.55305
2021-08-05 17:00:00,aqi,PINN,191.99999868430746,189.81906
2022-11-05 12:00:00,aqi,PINN,183.9999989271644,164.93265
2021-10-12 20:00:00,aqi,PINN,337.00000242412085,338.03546
2021-12-03 07:00:00,aqi,PINN,278.00000150132564,270.0614
2021-03-09 11:00:00,aqi,PINN,68.00000089780988,69.24986
2025-05-08 23:00:00,aqi,PINN,143.99999703988897,150.14531
2024-03-04 21:00:00,aqi,PINN,240.00000003795472,233.44116
2024-03-10 17:00:00,aqi,PINN,238.0000000017452,238.8928
2022-04-05 21:00:00,aqi,PINN,296.0000017302875,310.106
2025-07-05 02:00:00,aqi,PINN,209.00000010671155,198.303
2021-06-01 23:00:00,aqi,PINN,236.00000006245943,317.18243
2022-03-12 09:00:00,aqi,PINN,400.0000016747075,399.1097
2022-08-04 06:00:00,aqi,PINN,375.0000004951604,368.85092
2021-02-02 04:00:00,aqi,PINN,433.9999983163955,424.55048
2021-12-06 16:00:00,aqi,PINN,157.0000001345016,166.75748
2021-11-02 14:00:00,aqi,PINN,405.9999945140546,404.4358
2022-06-05 04:00:00,aqi,PINN,244.99999978924538,265.0599
2025-03-09 10:00:00,aqi,PINN,31.999994236765815,35.818554
2025-11-06 02:00:00,aqi,PINN,354.99999955152265,355.63406
2025-02-11 07:00:00,aqi,PINN,403.99999690093887,406.67596
2022-02-04 16:00:00,aqi,PINN,328.0000007588598,334.36774
2023-06-02 12:00:00,aqi,PINN,335.99999741444276,336.628
2025-06-04 14:00:00,aqi,PINN,297.0000005368454,294.9154
2023-12-08 19:00:00,aqi,PINN,176.00000227158145,170.99138
2021-02-07 09:00:00,aqi,PINN,308.9999986217799,297.77426
2023-04-12 03:00:00,aqi,PINN,368.0000026461353,349.01767
2023-01-09 06:00:00,aqi,PINN,188.00000035651598,175.67296
2024-04-01 14:00:00,aqi,PINN,393.9999964291201,400.08838
2021-06-10 15:00:00,aqi,PINN,113.00000302099475,114.817856
2021-01-05 07:00:00,aqi,PINN,309.9999974283378,304.50735
2025-03-10 16:00:00,aqi,PINN,76.00000375651305,79.28119
2022-11-11 16:00:00,aqi,PINN,365.0000000233415,360.1142
2023-09-09 19:00:00,aqi,PINN,41.00000210514705,57.361492
2023-02-06 12:00:00,aqi,PINN,186.0000027434003,171.84477
2021-11-10 03:00:00,aqi,PINN,235.00000009281655,243.74539
2022-11-05 21:00:00,aqi,PINN,193.99999939898328,205.43367
2024-01-11 17:00:00,aqi,PINN,339.99999884379434,342.03064
2023-11-09 11:00:00,aqi,PINN,44.00000472794079,46.455868
2024-08-02 01:00:00,aqi,PINN,223.00000045710195,223.11235
2021-07-04 06:00:00,aqi,PINN,319.99999790015664,320.153
2025-08-08 09:00:00,aqi,PINN,216.9999998638546,208.46594
2023-11-08 11:00:00,aqi,PINN,165.00000299320476,159.9647
2025-08-10 23:00:00,aqi,PINN,66.99999588813182,108.16916
2024-09-11 17:00:00,aqi,PINN,375.0000004951604,375.78946
2021-07-04 14:00:00,aqi,PINN,271.0000005507404,276.65863
2023-10-08 15:00:00,aqi,PINN,161.00000156385317,174.28456
2023-01-06 16:00:00,aqi,PINN,150.00000228547646,136.14392
2024-07-06 07:00:00,aqi,PINN,219.0000005785304,206.5332
2021-08-07 08:00:00,aqi,PINN,201.99999915612634,203.56508
2021-04-01 17:00:00,aqi,PINN,236.00000006245943,298.12152
2024-08-03 23:00:00,aqi,PINN,191.99999868430746,207.26073
2025-09-05 22:00:00,aqi,PINN,190.00000107119178,194.41344
2022-10-06 21:00:00,aqi,PINN,411.99999975964204,399.17072
2024-05-05 20:00:00,aqi,PINN,356.99999716463833,350.8897
2025-05-02 00:00:00,aqi,PINN,368.99999524957286,325.66562
2021-09-03 14:00:00,aqi,PINN,297.99999934340326,305.63297
2023-12-08 04:00:00,aqi,PINN,173.99999845534555,178.28433
2021-12-06 13:00:00,aqi,PINN,171.00000203567203,165.5761
2025-06-04 01:00:00,aqi,PINN,262.9999992428173,259.97632
2025-08-09 11:00:00,aqi,PINN,96.9999973035884,94.98378
2023-03-05 16:00:00,aqi,PINN,130.00000134183875,128.84738
2021-02-03 21:00:00,aqi,PINN,265.0000015082731,271.70273
2021-08-05 03:00:00,aqi,PINN,196.9999989202169,204.73085
2023-02-09 15:00:00,aqi,PINN,216.9999998638546,209.89935
2022-01-08 08:00:00,aqi,PINN,78.99999397306638,81.590164
2022-09-02 00:00:00,aqi,PINN,236.00000006245943,278.67236
2022-06-12 18:00:00,aqi,PINN,388.000003589773,386.28067
2022-12-03 08:00:00,aqi,PINN,209.9999989132694,210.82814
2024-03-02 17:00:00,aqi,PINN,215.0000006999589,219.56198
2025-03-10 21:00:00,aqi,PINN,81.99999659586013,81.97452
2023-12-12 06:00:00,aqi,PINN,351.99999692872893,356.26712
2021-04-07 18:00:00,aqi,PINN,148.9999972757984,152.7019
2023-10-10 05:00:00,aqi,PINN,236.00000006245943,232.913
2024-07-11 17:00:00,aqi,PINN,432.0000007032798,433.41876
2024-11-03 06:00:00,aqi,PINN,219.0000005785304,217.83765
2021-02-02 11:00:00,aqi,PINN,435.0000033260735,440.9124
2021-07-03 06:00:00,aqi,PINN,339.00000003723653,340.85287
2024-02-10 06:00:00,aqi,PINN,265.0000015082731,274.53873
2025-07-09 07:00:00,aqi,PINN,110.00000039820102,103.92958
2025-11-07 07:00:00,aqi,PINN,111.9999980113167,105.94278
2024-11-12 01:00:00,aqi,PINN,258.99999936424575,277.01318
2022-11-05 02:00:00,aqi,PINN,157.9999989410594,164.86638
2024-03-02 09:00:00,aqi,PINN,258.99999936424575,249.24438
2024-06-06 09:00:00,aqi,PINN,262.9999992428173,260.54013
2021-02-11 20:00:00,aqi,PINN,306.00000220210643,316.14084
2024-12-07 14:00:00,aqi,PINN,131.99999895495444,123.46811
2023-04-06 00:00:00,aqi,PINN,218.00000022119252,164.02583
2021-12-08 14:00:00,aqi,PINN,152.99999870514998,149.5235
2023-06-03 01:00:00,aqi,PINN,160.0000027572953,161.89288
2022-07-07 12:00:00,aqi,PINN,236.00000006245943,235.61784
2025-11-03 13:00:00,aqi,PINN,309.9999974283378,312.8965
2021-07-07 20:00:00,aqi,PINN,258.99999936424575,252.80978
2021-04-06 16:00:00,aqi,PINN,201.99999915612634,207.11403
2021-07-01 11:00:00,aqi,PINN,324.9999981360661,326.9248
2022-10-11 04:00:00,aqi,PINN,274.99999887853187,261.8749
2025-10-01 23:00:00,aqi,PINN,428.0000054770484,381.26138
2024-10-07 07:00:00,aqi,PINN,263.9999996001552,259.30585
2021-03-11 21:00:00,aqi,PINN,322.00000171639255,339.789
2025-06-05 05:00:00,aqi,PINN,151.0000010920343,151.99489
2023-03-04 17:00:00,aqi,PINN,201.99999915612634,209.05959
2025-06-01 12:00:00,aqi,PINN,356.00000456120074,359.39557
2025-08-05 18:00:00,aqi,PINN,246.0000001465833,245.37494
2025-06-07 23:00:00,aqi,PINN,93.00000207735704,130.98346
2022-03-11 10:00:00,aqi,PINN,440.9999961654206,450.76205
2023-06-01 23:00:00,aqi,PINN,398.99999666502947,367.33475
2022-07-12 01:00:00,aqi,PINN,371.99999787236663,375.6408
2024-04-07 10:00:00,aqi,PINN,157.0000001345016,167.11414
2023-05-11 22:00:00,aqi,PINN,476.00001022302706,453.6222
2023-08-02 22:00:00,aqi,PINN,198.00000082833486,193.8233
2023-06-10 06:00:00,aqi,PINN,353.9999945418446,364.3988
2025-05-01 15:00:00,aqi,PINN,398.99999666502947,407.60394
2022-09-07 06:00:00,aqi,PINN,103.99999515261354,99.62302
2022-07-01 19:00:00,aqi,PINN,219.99999938508824,233.29175
2023-08-09 12:00:00,aqi,PINN,101.00000493606021,103.11908
2023-04-07 07:00:00,aqi,PINN,236.00000006245943,155.80724
2024-02-02 20:00:00,aqi,PINN,258.0000005576879,265.89865
2021-04-09 10:00:00,aqi,PINN,56.99999541631297,65.56857
2024-04-05 05:00:00,aqi,PINN,361.00000479711014,352.5575
2024-10-09 19:00:00,aqi,PINN,167.99999941287825,172.16196
2023-04-02 12:00:00,aqi,PINN,236.00000006245943,285.72528
2021-04-11 13:00:00,aqi,PINN,236.00000006245943,412.37863
2022-07-10 09:00:00,aqi,PINN,60.49999434082554,61.023647
2025-10-06 10:00:00,aqi,PINN,342.00000266003025,341.85773
2024-10-02 14:00:00,aqi,PINN,312.0000012445737,308.9315
2024-02-12 13:00:00,aqi,PINN,302.99999957931266,306.92493
2023-03-04 22:00:00,aqi,PINN,193.0000005924254,172.26779
2022-08-04 05:00:00,aqi,PINN,375.0000004951604,372.22235
2023-03-13 00:00:00,aqi,PINN,236.00000006245943,351.9222
2023-06-07 06:00:00,aqi,PINN,83.9999942089758,95.81064
2025-01-04 20:00:00,aqi,PINN,263.9999996001552,276.45056
2022-10-06 14:00:00,aqi,PINN,391.99999881600434,389.4836
2022-02-01 20:00:00,aqi,PINN,428.0000054770484,430.8721
2021-03-07 23:00:00,aqi,PINN,113.99999562443239,123.65936
2021-09-06 14:00:00,aqi,PINN,386.0000059766573,376.28192
2023-03-02 04:00:00,aqi,PINN,266.00000031483097,265.80984
2024-12-12 20:00:00,aqi,PINN,358.00000217431636,353.1293
2021-03-04 03:00:00,aqi,PINN,257.00000020035003,262.03113
2025-12-04 17:00:00,aqi,PINN,236.00000006245943,207.90828
2022-07-06 04:00:00,aqi,PINN,271.0000005507404,272.95364
2023-03-02 17:00:00,aqi,PINN,232.0000001838879,229.51625
2022-05-07 17:00:00,aqi,PINN,142.99999823333113,147.89192
2022-04-03 19:00:00,aqi,PINN,229.00000027495923,220.99893
2025-01-01 12:00:00,aqi,PINN,376.99999810827603,378.69586
2022-05-08 00:00:00,aqi,PINN,188.00000035651598,151.96721
2024-03-03 02:00:00,aqi,PINN,101.00000493606021,112.55455
2021-04-07 10:00:00,aqi,PINN,147.99999846924055,149.6754
2022-03-02 13:00:00,aqi,PINN,340.9999976503522,344.44446
2024-10-11 21:00:00,aqi,PINN,363.0000024102258,364.56085
2022-02-13 02:00:00,aqi,PINN,236.00000006245943,370.49274
2023-03-11 19:00:00,aqi,PINN,453.0000066565956,460.82877
2022-03-06 17:00:00,aqi,PINN,311.0000024380158,305.76657
2023-02-10 13:00:00,aqi,PINN,196.00000011365904,201.51236
2021-06-07 10:00:00,aqi,PINN,179.9999974978128,174.59143
2021-01-09 09:00:00,aqi,PINN,236.00000006245943,162.81168
2022-07-07 03:00:00,aqi,PINN,236.00000006245943,211.83005
2023-11-07 22:00:00,aqi,PINN,59.999998039106714,76.173874
2024-04-07 13:00:00,aqi,PINN,113.99999562443239,134.95656
2024-06-10 06:00:00,aqi,PINN,191.99999868430746,187.93538
2023-10-02 06:00:00,aqi,PINN,187.00000154995814,185.13182
2021-12-12 10:00:00,aqi,PINN,278.00000150132564,271.88126
2022-12-11 19:00:00,aqi,PINN,308.9999986217799,305.1445
2023-07-01 11:00:00,aqi,PINN,381.9999983441855,384.6467
2024-03-10 23:00:00,aqi,PINN,229.00000027495923,255.793
2023-08-10 17:00:00,aqi,PINN,251.99999996444058,247.02498
2021-09-09 05:00:00,aqi,PINN,68.00000089780988,66.02742
2021-02-09 00:00:00,aqi,PINN,236.00000006245943,96.32132
2022-01-02 15:00:00,aqi,PINN,236.00000006245943,328.82162
2025-08-04 03:00:00,aqi,PINN,325.9999969426239,343.38647
2022-07-07 11:00:00,aqi,PINN,236.00000006245943,239.90091
2025-01-10 23:00:00,aqi,PINN,83.9999942089758,112.219345
2023-03-02 11:00:00,aqi,PINN,250.0000000251548,247.38565
2022-01-07 04:00:00,aqi,PINN,78.99999397306638,79.55275
2022-09-05 21:00:00,aqi,PINN,173.99999845534555,207.28442
2021-08-09 06:00:00,aqi,PINN,79.99999898274444,85.768585
2021-04-05 10:00:00,aqi,PINN,248.00000008586903,249.8332
2022-08-05 07:00:00,aqi,PINN,276.9999995932077,278.2737
2021-08-03 07:00:00,aqi,PINN,227.0000003356735,232.09894
2025-08-09 15:00:00,aqi,PINN,98.00000231326646,90.33206
2023-09-11 23:00:00,aqi,PINN,450.0000040338018,393.37012
2021-02-09 16:00:00,aqi,PINN,41.999994708584694,43.256557
2021-01-03 03:00:00,aqi,PINN,227.0000003356735,230.19107
2025-12-08 08:00:00,aqi,PINN,172.00000084222984,170.79666
2025-04-06 03:00:00,aqi,PINN,233.00000015353078,213.43144
2023-07-04 05:00:00,aqi,PINN,179.9999974978128,175.15443
2022-07-11 05:00:00,aqi,PINN,353.9999945418446,355.67636
2022-07-01 09:00:00,aqi,PINN,250.0000000251548,247.79227
2021-07-05 07:00:00,aqi,PINN,116.99999824722613,115.39403
2023-03-09 04:00:00,aqi,PINN,251.99999996444058,244.43173
2023-05-11 06:00:00,aqi,PINN,474.0000002036709,457.95914
2023-11-01 16:00:00,aqi,PINN,307.9999998152221,323.0187
2024-03-01 15:00:00,aqi,PINN,373.9999954854823,377.8279
2023-07-10 01:00:00,aqi,PINN,312.0000012445737,334.30237
2021-03-07 19:00:00,aqi,PINN,118.0000032569042,137.87984
2024-01-08 13:00:00,aqi,PINN,46.00000234105647,67.159195
2023-03-02 21:00:00,aqi,PINN,235.00000009281655,221.87756
2021-05-04 01:00:00,aqi,PINN,266.99999912138884,260.09598
2024-02-02 06:00:00,aqi,PINN,203.99999987080213,196.25877
2024-04-09 22:00:00,aqi,PINN,106.00000517196963,136.25969
2025-10-02 16:00:00,aqi,PINN,340.9999976503522,341.32843
2021-10-12 00:00:00,aqi,PINN,348.99999430593516,370.93723
2025-03-03 19:00:00,aqi,PINN,214.00000034262098,205.9609
2024-07-05 14:00:00,aqi,PINN,381.9999983441855,381.98566
2024-08-08 16:00:00,aqi,PINN,236.00000006245943,64.51874
2022-09-08 11:00:00,aqi,PINN,156.00000132794372,149.3819
2024-01-07 00:00:00,aqi,PINN,302.99999957931266,280.59198
2023-09-04 19:00:00,aqi,PINN,297.0000005368454,294.88757
2024-09-03 16:00:00,aqi,PINN,177.0000010781393,170.02866
2023-12-04 21:00:00,aqi,PINN,303.9999983858705,303.16208
2024-04-07 16:00:00,aqi,PINN,96.9999973035884,100.612976
2023-10-12 07:00:00,aqi,PINN,236.00000006245943,317.0909
2025-06-08 20:00:00,aqi,PINN,236.00000006245943,204.0487
2025-12-04 23:00:00,aqi,PINN,236.00000006245943,194.80815
2023-03-09 20:00:00,aqi,PINN,212.9999999852831,216.82495
2022-01-08 00:00:00,aqi,PINN,64.00000567157852,115.99983
2025-06-07 06:00:00,aqi,PINN,118.99999586034181,119.63103
2025-08-01 13:00:00,aqi,PINN,348.0000017024975,351.28305
2024-06-07 21:00:00,aqi,PINN,173.99999845534555,176.18848
2025-06-10 20:00:00,aqi,PINN,113.99999562443239,122.43335
2022-04-11 17:00:00,aqi,PINN,486.00001069484586,492.95166
2021-08-09 22:00:00,aqi,PINN,63.00000066190046,88.27925
2022-02-07 10:00:00,aqi,PINN,84.99999921865387,83.199005
2025-01-06 05:00:00,aqi,PINN,287.99999887158435,284.93643
2024-07-12 16:00:00,aqi,PINN,269.9999986426225,264.4653
2021-10-12 18:00:00,aqi,PINN,338.00000123067866,340.8745
2023-08-12 03:00:00,aqi,PINN,376.99999810827603,372.4299
2024-11-06 15:00:00,aqi,PINN,306.00000220210643,290.2027
2025-10-03 16:00:00,aqi,PINN,240.99999991067384,238.98166
2021-04-10 15:00:00,aqi,PINN,130.00000134183875,125.56123
2025-11-11 17:00:00,aqi,PINN,460.00000450562067,456.04587
2021-02-11 07:00:00,aqi,PINN,302.99999957931266,297.27325
2021-06-11 22:00:00,aqi,PINN,461.9999897124959,447.20682
2025-05-12 23:00:00,aqi,PINN,370.00000025925095,352.39697
2024-12-02 07:00:00,aqi,PINN,330.99999717853336,331.51926
2025-04-11 18:00:00,aqi,PINN,342.00000266003025,342.27966
2024-08-10 10:00:00,aqi,PINN,209.00000010671155,221.45522
2025-12-08 15:00:00,aqi,PINN,173.99999845534555,168.1948
2021-06-10 08:00:00,aqi,PINN,116.0000056437885,117.24672
2021-07-02 07:00:00,aqi,PINN,274.00000007197406,270.33322
2022-03-01 12:00:00,aqi,PINN,413.0000047693201,418.2404
2021-11-03 09:00:00,aqi,PINN,266.99999912138884,277.3643
2021-07-03 18:00:00,aqi,PINN,344.9999990797038,339.4757
2021-07-10 20:00:00,aqi,PINN,148.9999972757984,157.7358
2025-04-08 06:00:00,aqi,PINN,223.9999992636598,219.70288
2024-05-02 22:00:00,aqi,PINN,130.99999394527634,175.73929
2021-11-04 20:00:00,aqi,PINN,299.99999695651894,294.25784
2024-10-01 16:00:00,aqi,PINN,308.9999986217799,311.6279
2023-08-06 19:00:00,aqi,PINN,198.00000082833486,188.10188
2022-04-07 10:00:00,aqi,PINN,118.0000032569042,113.85472
2021-01-02 19:00:00,aqi,PINN,442.00000117509865,422.21213
2025-09-06 09:00:00,aqi,PINN,306.00000220210643,309.2931
2021-11-13 02:00:00,aqi,PINN,236.00000006245943,307.1788
2022-03-09 04:00:00,aqi,PINN,158.99999774761727,158.33626
2025-05-04 12:00:00,aqi,PINN,233.00000015353078,240.4249
2023-09-07 08:00:00,aqi,PINN,69.00000590748795,72.183716
2021-05-03 16:00:00,aqi,PINN,348.0000017024975,341.70145
2021-09-02 22:00:00,aqi,PINN,236.00000006245943,309.06335
2021-12-07 12:00:00,aqi,PINN,93.00000207735704,90.4308
2024-10-10 08:00:00,aqi,PINN,179.9999974978128,179.59477
2023-11-07 03:00:00,aqi,PINN,236.00000006245943,107.46184
2022-05-01 14:00:00,aqi,PINN,410.999994749964,434.79544
2021-05-10 14:00:00,aqi,PINN,137.9999979974217,138.1148
2023-05-09 23:00:00,aqi,PINN,151.99999989859214,164.37361
2023-12-01 10:00:00,aqi,PINN,390.9999938063263,385.33582
2023-06-02 16:00:00,aqi,PINN,339.99999884379434,335.19202
2023-09-09 14:00:00,aqi,PINN,44.99999733137844,56.343136
2023-01-08 04:00:00,aqi,PINN,133.99999656807012,138.82852
2022-09-12 17:00:00,aqi,PINN,335.99999741444276,337.07123
2021-05-02 15:00:00,aqi,PINN,236.00000006245943,260.5861
2024-02-07 20:00:00,aqi,PINN,225.99999997833558,223.95534
2023-10-05 13:00:00,aqi,PINN,266.00000031483097,267.3298
2024-04-03 05:00:00,aqi,PINN,162.99999917696886,155.01636
2024-07-05 07:00:00,aqi,PINN,358.999994777754,362.8117
2021-04-03 19:00:00,aqi,PINN,370.00000025925095,367.40326
2024-02-10 13:00:00,aqi,PINN,268.9999998360646,264.67123
2024-08-01 17:00:00,aqi,PINN,376.99999810827603,381.66855
2023-04-01 10:00:00,aqi,PINN,371.99999787236663,368.47296
2023-09-02 08:00:00,aqi,PINN,242.9999998499596,242.95517
2025-02-11 04:00:00,aqi,PINN,393.9999964291201,399.8652
2023-09-05 12:00:00,aqi,PINN,284.0000005437929,275.97787
2025-12-03 00:00:00,aqi,PINN,308.9999986217799,257.36185
2025-03-01 18:00:00,aqi,PINN,363.0000024102258,360.69556
2025-04-10 14:00:00,aqi,PINN,116.99999824722613,114.24444
2024-01-08 10:00:00,aqi,PINN,56.99999541631297,63.63757
2023-08-02 17:00:00,aqi,PINN,168.99999821943612,174.35925
2021-08-11 18:00:00,aqi,PINN,410.0000021465264,414.31726
2021-11-07 15:00:00,aqi,PINN,94.99999969047272,98.86136
2024-09-06 20:00:00,aqi,PINN,186.0000027434003,186.96584
2021-09-02 18:00:00,aqi,PINN,236.00000006245943,300.52408
2022-05-06 23:00:00,aqi,PINN,299.99999695651894,251.86465
2024-05-11 23:00:00,aqi,PINN,410.0000021465264,374.23074
2022-04-10 03:00:00,aqi,PINN,145.00000204956703,159.21951
2025-11-04 22:00:00,aqi,PINN,193.99999939898328,194.15378
2023-05-08 18:00:00,aqi,PINN,113.00000302099475,122.65113
2021-09-07 06:00:00,aqi,PINN,223.9999992636598,218.69826
2021-03-04 16:00:00,aqi,PINN,248.99999966781692,241.48369
2023-07-04 10:00:00,aqi,PINN,201.0000003495685,193.63113
2023-12-06 16:00:00,aqi,PINN,227.0000003356735,210.11687
2025-03-03 21:00:00,aqi,PINN,218.00000022119252,210.09663
2025-11-07 15:00:00,aqi,PINN,155.00000252138588,149.19101
2025-10-06 19:00:00,aqi,PINN,339.00000003723653,329.88965
2024-08-08 20:00:00,aqi,PINN,46.00000234105647,122.93476
2022-12-03 12:00:00,aqi,PINN,214.00000034262098,217.47441
2023-07-05 07:00:00,aqi,PINN,276.9999995932077,290.33707
2023-02-06 21:00:00,aqi,PINN,150.00000228547646,149.3193
2022-04-12 21:00:00,aqi,PINN,413.9999973727578,410.90964
2023-07-06 02:00:00,aqi,PINN,151.0000010920343,158.35052
2025-03-08 02:00:00,aqi,PINN,128.00000372872304,128.21387
2024-01-09 15:00:00,aqi,PINN,162.99999917696886,147.54736
2023-10-06 06:00:00,aqi,PINN,182.00000131404872,175.18025
2022-11-07 00:00:00,aqi,PINN,83.9999942089758,288.4388
2024-07-04 02:00:00,aqi,PINN,220.99999974242616,221.0732
2023-08-09 23:00:00,aqi,PINN,81.00000399242248,120.27282
2023-07-10 22:00:00,aqi,PINN,289.9999995862602,285.74243
2023-12-06 12:00:00,aqi,PINN,198.9999996348927,186.42128
2023-06-10 22:00:00,aqi,PINN,303.9999983858705,271.0323
2023-09-10 08:00:00,aqi,PINN,219.0000005785304,218.09515
2022-03-03 03:00:00,aqi,PINN,261.0000000789215,261.8354
2022-11-12 11:00:00,aqi,PINN,236.00000006245943,319.91342
2024-01-08 23:00:00,aqi,PINN,71.00000352060363,106.89157
2023-09-02 09:00:00,aqi,PINN,248.00000008586903,242.0786
2021-04-09 22:00:00,aqi,PINN,58.00000042599103,107.09943
2021-08-11 16:00:00,aqi,PINN,408.0000045334107,416.34378
2021-02-10 02:00:00,aqi,PINN,172.9999996487877,196.98456
2021-04-03 00:00:00,aqi,PINN,268.9999998360646,299.44058
2023-05-11 00:00:00,aqi,PINN,460.9999971090583,256.7043
2024-10-02 00:00:00,aqi,PINN,209.00000010671155,331.01712
2023-08-11 09:00:00,aqi,PINN,438.9999985523049,428.59128
2025-06-09 23:00:00,aqi,PINN,101.00000493606021,125.55728
2021-10-09 20:00:00,aqi,PINN,83.9999942089758,88.64903
2021-06-08 14:00:00,aqi,PINN,133.99999656807012,137.04723
2021-08-02 12:00:00,aqi,PINN,358.00000217431636,350.79382
2023-09-10 22:00:00,aqi,PINN,266.99999912138884,291.84592
2025-05-05 17:00:00,aqi,PINN,135.00000157774815,137.95912
2023-06-11 16:00:00,aqi,PINN,443.0000061847767,438.64377
2024-03-04 14:00:00,aqi,PINN,251.99999996444058,266.59607
2021-08-08 01:00:00,aqi,PINN,128.00000372872304,139.5406
2021-05-09 16:00:00,aqi,PINN,86.00000422833193,83.50218
2024-07-12 06:00:00,aqi,PINN,271.99999935729824,272.79587
2023-08-09 08:00:00,aqi,PINN,103.99999515261354,105.49565
2023-05-10 16:00:00,aqi,PINN,236.00000006245943,330.26627
2025-05-01 20:00:00,aqi,PINN,376.99999810827603,384.56543
2023-05-10 11:00:00,aqi,PINN,236.00000006245943,349.31085
2022-01-06 02:00:00,aqi,PINN,324.9999981360661,296.55908
2024-07-08 03:00:00,aqi,PINN,49.000004963850216,56.446484
2024-02-11 17:00:00,aqi,PINN,323.00000052295036,310.3642
2022-02-03 06:00:00,aqi,PINN,269.9999986426225,272.736
2021-02-03 05:00:00,aqi,PINN,317.0000014804831,317.10025
2022-04-08 20:00:00,aqi,PINN,150.00000228547646,167.4261
2021-11-04 23:00:00,aqi,PINN,297.0000005368454,271.41837
2021-01-12 23:00:00,aqi,PINN,415.9999949858734,389.32196
2021-07-07 17:00:00,aqi,PINN,259.99999972158366,258.58017
2023-05-13 00:00:00,aqi,PINN,236.00000006245943,313.3505
2021-01-11 02:00:00,aqi,PINN,292.9999991074938,318.43503
2024-09-02 21:00:00,aqi,PINN,193.99999939898328,207.61314
2024-12-10 02:00:00,aqi,PINN,229.99999985690712,245.53784
2023-07-05 18:00:00,aqi,PINN,262.9999992428173,253.78395
2022-12-02 06:00:00,aqi,PINN,225.99999997833558,224.5519
2024-01-04 17:00:00,aqi,PINN,196.00000011365904,187.6234
2023-10-07 01:00:00,aqi,PINN,236.00000006245943,116.57099
2023-09-04 10:00:00,aqi,PINN,291.0000014943781,293.75186
2021-04-03 22:00:00,aqi,PINN,368.0000026461353,345.78494
2022-05-10 11:00:00,aqi,PINN,173.99999845534555,167.54767
2025-12-10 07:00:00,aqi,PINN,190.99999987774964,191.97583
2021-09-05 08:00:00,aqi,PINN,126.00000611560736,125.454155
2024-09-09 15:00:00,aqi,PINN,268.9999998360646,267.47766
2025-03-01 15:00:00,aqi,PINN,363.99999501366347,368.36597
2022-08-08 03:00:00,aqi,PINN,118.99999586034181,135.08093
2024-01-01 11:00:00,aqi,PINN,236.00000006245943,306.7277
2022-10-13 00:00:00,aqi,PINN,236.00000006245943,369.644
2024-01-07 06:00:00,aqi,PINN,259.99999972158366,257.79614
2024-09-05 17:00:00,aqi,PINN,176.00000227158145,201.73135
2025-04-10 18:00:00,aqi,PINN,116.99999824722613,115.749466
2022-06-05 11:00:00,aqi,PINN,289.9999995862602,289.44357
2022-09-11 02:00:00,aqi,PINN,390.9999938063263,393.00534
2024-12-03 10:00:00,aqi,PINN,219.0000005785304,221.58492
2024-04-03 07:00:00,aqi,PINN,151.0000010920343,160.69714
2022-01-12 12:00:00,aqi,PINN,236.00000006245943,360.89893
2024-09-11 03:00:00,aqi,PINN,385.0000009669792,404.36603
2022-12-02 01:00:00,aqi,PINN,232.0000001838879,233.19884
2022-05-02 17:00:00,aqi,PINN,237.00000003210232,225.63039
2021-11-06 20:00:00,aqi,PINN,147.99999846924055,151.30292
2024-05-03 13:00:00,aqi,PINN,121.99999848313556,114.93931
2023-02-04 22:00:00,aqi,PINN,190.00000107119178,171.44585
2023-09-12 13:00:00,aqi,PINN,349.9999993156132,350.05566
2023-12-09 16:00:00,aqi,PINN,111.00000540787907,105.16939
2023-02-11 22:00:00,aqi,PINN,478.99998803333995,459.4025
2024-03-10 03:00:00,aqi,PINN,298.9999981499611,305.27444
2025-01-04 08:00:00,aqi,PINN,211.00000082138735,215.57036
2022-06-04 21:00:00,aqi,PINN,363.0000024102258,344.53607
2021-12-03 16:00:00,aqi,PINN,265.0000015082731,257.8729
2021-11-10 10:00:00,aqi,PINN,235.00000009281655,226.9016
2023-06-04 18:00:00,aqi,PINN,169.99999702599396,164.24269
2023-07-03 04:00:00,aqi,PINN,235.00000009281655,245.56274
2022-07-08 05:00:00,aqi,PINN,174.9999972619034,183.97902
2025-03-02 02:00:00,aqi,PINN,353.00000193840697,346.2235
2025-09-08 02:00:00,aqi,PINN,167.99999941287825,194.27179
2022-04-01 22:00:00,aqi,PINN,373.00000288204467,370.6065
2022-01-05 00:00:00,aqi,PINN,373.00000288204467,287.2844
2024-12-02 15:00:00,aqi,PINN,330.99999717853336,332.7741
2025-01-05 23:00:00,aqi,PINN,225.99999997833558,234.8096
2022-06-06 21:00:00,aqi,PINN,244.99999978924538,229.76797
2024-01-07 01:00:00,aqi,PINN,297.0000005368454,261.8361
2022-09-10 00:00:00,aqi,PINN,27.000006407096834,164.35043
2022-11-09 09:00:00,aqi,PINN,113.00000302099475,109.4881
2021-03-03 20:00:00,aqi,PINN,237.00000003210232,241.71199
2023-08-04 06:00:00,aqi,PINN,236.00000006245943,180.13239
2024-05-04 20:00:00,aqi,PINN,239.00000001984995,234.82932
2025-05-09 02:00:00,aqi,PINN,53.00000019008161,61.41505
2022-12-05 07:00:00,aqi,PINN,156.00000132794372,159.245
2022-10-05 06:00:00,aqi,PINN,156.00000132794372,157.9087
2025-07-03 20:00:00,aqi,PINN,340.9999976503522,330.50418
2021-09-11 05:00:00,aqi,PINN,420.9999952217829,421.65323
2021-01-09 05:00:00,aqi,PINN,236.00000006245943,148.79033
2024-07-04 03:00:00,aqi,PINN,219.0000005785304,215.13884
2023-10-08 21:00:00,aqi,PINN,168.99999821943612,163.77365
2022-02-06 10:00:00,aqi,PINN,262.9999992428173,271.0608
2021-09-11 23:00:00,aqi,PINN,418.9999976086672,374.82318
2022-12-02 10:00:00,aqi,PINN,225.99999997833558,223.53328
2022-10-12 04:00:00,aqi,PINN,349.9999993156132,352.84485
2024-04-11 11:00:00,aqi,PINN,391.99999881600434,402.83972
2022-11-11 01:00:00,aqi,PINN,299.99999695651894,343.1105
2024-10-12 02:00:00,aqi,PINN,216.9999998638546,232.72261
2025-03-05 17:00:00,aqi,PINN,258.99999936424575,255.86195
2024-10-02 21:00:00,aqi,PINN,368.99999524957286,369.35486
2022-11-12 22:00:00,aqi,PINN,236.00000006245943,280.37036
2024-12-02 03:00:00,aqi,PINN,335.99999741444276,336.85724
2021-10-02 07:00:00,aqi,PINN,236.00000006245943,346.61426
2025-06-08 07:00:00,aqi,PINN,236.00000006245943,211.73026
2022-02-04 02:00:00,aqi,PINN,340.9999976503522,345.83087
2025-04-11 14:00:00,aqi,PINN,343.0000014665881,356.16376
2024-11-08 11:00:00,aqi,PINN,98.00000231326646,89.98584
2024-08-04 21:00:00,aqi,PINN,312.0000012445737,311.4046
2022-12-03 05:00:00,aqi,PINN,206.00000058547792,210.28938
2022-05-09 12:00:00,aqi,PINN,118.99999586034181,110.805016
2025-06-11 02:00:00,aqi,PINN,236.00000006245943,272.4244
2023-01-03 19:00:00,aqi,PINN,240.00000003795472,227.4136
2023-07-09 01:00:00,aqi,PINN,133.99999656807012,154.22871
2023-04-05 18:00:00,aqi,PINN,152.99999870514998,146.37866
2024-03-03 23:00:00,aqi,PINN,152.99999870514998,171.07797
2025-09-07 03:00:00,aqi,PINN,169.99999702599396,165.17667
2023-03-11 05:00:00,aqi,PINN,494.00000114730864,482.13882
2022-06-01 21:00:00,aqi,PINN,236.00000006245943,323.0548
2023-01-04 22:00:00,aqi,PINN,96.9999973035884,111.11035
2024-07-12 01:00:00,aqi,PINN,261.0000000789215,294.6237
2022-02-02 08:00:00,aqi,PINN,366.00000503301953,371.33124
2025-12-11 03:00:00,aqi,PINN,443.9999987882143,450.56192
2021-08-06 08:00:00,aqi,PINN,219.99999938508824,219.07086
2025-12-08 19:00:00,aqi,PINN,172.9999996487877,170.01736
2021-01-03 07:00:00,aqi,PINN,246.0000001465833,239.4176
2025-07-03 19:00:00,aqi,PINN,337.00000242412085,326.58267
2021-11-05 19:00:00,aqi,PINN,128.00000372872304,132.05931
2021-06-07 02:00:00,aqi,PINN,183.00000012060656,192.60915
2021-09-04 18:00:00,aqi,PINN,250.0000000251548,242.88594
2023-10-09 17:00:00,aqi,PINN,37.9999994823533,41.819668
2021-09-12 23:00:00,aqi,PINN,351.0000043252913,344.91968
2022-09-01 14:00:00,aqi,PINN,236.00000006245943,253.65166
2021-01-05 12:00:00,aqi,PINN,263.9999996001552,268.077
2021-12-11 08:00:00,aqi,PINN,478.99998803333995,481.93793
2023-09-12 12:00:00,aqi,PINN,349.9999993156132,353.16956
2024-06-04 11:00:00,aqi,PINN,261.0000000789215,253.12415
2023-10-02 23:00:00,aqi,PINN,209.00000010671155,227.40575
2021-03-03 05:00:00,aqi,PINN,258.0000005576879,246.00928
2021-05-11 03:00:00,aqi,PINN,236.00000006245943,411.63034
2025-01-10 19:00:00,aqi,PINN,76.00000375651305,73.8107
2024-05-06 22:00:00,aqi,PINN,299.99999695651894,299.76187
2025-03-05 11:00:00,aqi,PINN,254.9999994856742,256.81427
2024-12-06 16:00:00,aqi,PINN,271.99999935729824,268.19037
2022-04-05 05:00:00,aqi,PINN,337.00000242412085,345.66553
2025-04-04 22:00:00,aqi,PINN,236.00000006245943,332.1089
2024-11-07 10:00:00,aqi,PINN,206.99999939203576,201.28587
2022-11-04 04:00:00,aqi,PINN,373.00000288204467,366.0239
2024-06-04 19:00:00,aqi,PINN,246.99999972853115,244.70471
2022-01-04 06:00:00,aqi,PINN,342.00000266003025,340.85007
2025-11-01 19:00:00,aqi,PINN,236.00000006245943,346.57797
2023-05-07 02:00:00,aqi,PINN,141.9999994267733,139.62329
2025-03-11 15:00:00,aqi,PINN,334.99999860788495,339.08514
2025-02-05 15:00:00,aqi,PINN,198.9999996348927,187.86389
2021-11-06 11:00:00,aqi,PINN,148.9999972757984,145.45863
2024-02-10 08:00:00,aqi,PINN,266.00000031483097,274.41806
2022-12-10 19:00:00,aqi,PINN,123.99999609625125,122.27483
2024-03-05 14:00:00,aqi,PINN,327.000001952302,325.18094
2022-11-05 10:00:00,aqi,PINN,148.9999972757984,155.43123
2023-06-08 02:00:00,aqi,PINN,111.9999980113167,127.14962
2022-11-04 15:00:00,aqi,PINN,358.999994777754,368.9954
2023-04-09 21:00:00,aqi,PINN,181.00000250749088,167.83122
2021-10-10 01:00:00,aqi,PINN,244.99999978924538,268.1412
2021-08-03 10:00:00,aqi,PINN,198.9999996348927,209.84276
2023-12-08 21:00:00,aqi,PINN,176.00000227158145,170.89908
2022-05-04 20:00:00,aqi,PINN,348.0000017024975,344.3012
2022-09-08 12:00:00,aqi,PINN,236.00000006245943,150.42732
2025-05-07 15:00:00,aqi,PINN,121.00000587969794,124.989944
2022-06-10 13:00:00,aqi,PINN,88.99999444488523,94.541214
2025-07-12 18:00:00,aqi,PINN,359.9999997874321,363.66412
2022-10-02 14:00:00,aqi,PINN,193.99999939898328,191.5058
2021-06-06 14:00:00,aqi,PINN,137.9999979974217,133.43335
2021-04-07 15:00:00,aqi,PINN,145.00000204956703,146.69678
2024-10-02 03:00:00,aqi,PINN,208.0000013001537,217.23918
2023-07-08 11:00:00,aqi,PINN,126.00000611560736,125.77509
2021-02-02 09:00:00,aqi,PINN,433.9999983163955,441.19626
2021-12-12 08:00:00,aqi,PINN,279.00000030788345,278.61627
2024-10-09 09:00:00,aqi,PINN,158.99999774761727,163.788
2025-07-11 17:00:00,aqi,PINN,351.99999692872893,345.58292
2025-11-07 16:00:00,aqi,PINN,157.0000001345016,150.98169
2025-09-09 15:00:00,aqi,PINN,140.0000018136576,134.33833
2021-03-09 07:00:00,aqi,PINN,66.0000032846942,71.24271
2022-12-03 15:00:00,aqi,PINN,216.9999998638546,216.60355
2024-07-06 13:00:00,aqi,PINN,258.99999936424575,259.42267
2022-05-08 09:00:00,aqi,PINN,93.99999468079466,112.27719
2023-05-02 20:00:00,aqi,PINN,257.00000020035003,256.32455
2025-07-10 03:00:00,aqi,PINN,63.00000066190046,76.86664
2023-09-03 01:00:00,aqi,PINN,203.0000010642443,221.56169
2022-07-08 03:00:00,aqi,PINN,158.99999774761727,150.04198
2022-07-04 09:00:00,aqi,PINN,375.0000004951604,371.83997
2025-02-05 21:00:00,aqi,PINN,152.99999870514998,153.36879
2021-01-09 20:00:00,aqi,PINN,236.00000006245943,140.63649
2022-10-12 18:00:00,aqi,PINN,390.9999938063263,401.94147
2022-03-08 04:00:00,aqi,PINN,156.00000132794372,159.56764
2024-10-12 01:00:00,aqi,PINN,216.9999998638546,256.3143
2023-02-04 09:00:00,aqi,PINN,128.99999633216066,134.17451
2024-05-07 10:00:00,aqi,PINN,147.99999846924055,143.767
2021-08-09 04:00:00,aqi,PINN,83.9999942089758,90.31828
2024-08-12 09:00:00,aqi,PINN,335.99999741444276,340.84937
2021-06-10 02:00:00,aqi,PINN,113.99999562443239,137.89093
2021-03-09 08:00:00,aqi,PINN,66.99999588813182,76.45529
2025-08-02 09:00:00,aqi,PINN,242.9999998499596,240.71829
2025-02-03 01:00:00,aqi,PINN,162.000000370411,160.96985
2022-11-09 12:00:00,aqi,PINN,108.99999538852296,106.551025
2023-06-04 12:00:00,aqi,PINN,173.99999845534555,166.35596
2023-03-09 08:00:00,aqi,PINN,253.0000003217785,245.82916
2021-12-07 15:00:00,aqi,PINN,93.99999468079466,94.57263
2024-08-02 21:00:00,aqi,PINN,196.00000011365904,202.2378
2024-06-09 14:00:00,aqi,PINN,146.9999996626827,143.42368
2025-10-01 11:00:00,aqi,PINN,442.00000117509865,447.48438
2022-01-10 22:00:00,aqi,PINN,240.00000003795472,245.39572
2021-07-06 02:00:00,aqi,PINN,179.9999974978128,187.26595
2022-06-12 08:00:00,aqi,PINN,373.9999954854823,375.86575
2024-04-09 06:00:00,aqi,PINN,105.00000016229157,100.48625
2023-06-13 00:00:00,aqi,PINN,236.00000006245943,317.08102
2022-11-09 11:00:00,aqi,PINN,111.00000540787907,104.65091
2024-02-12 10:00:00,aqi,PINN,301.000001966197,307.7293
2021-04-11 05:00:00,aqi,PINN,323.9999993295082,338.12128
2022-08-09 18:00:00,aqi,PINN,169.99999702599396,170.52196
2022-03-04 05:00:00,aqi,PINN,313.0000000511315,309.80197
2023-12-06 00:00:00,aqi,PINN,167.99999941287825,273.34232
2022-10-11 14:00:00,aqi,PINN,297.0000005368454,292.29135
2024-06-03 16:00:00,aqi,PINN,172.00000084222984,162.79799
2025-03-08 14:00:00,aqi,PINN,163.99999798352667,164.21155
2024-02-03 21:00:00,aqi,PINN,123.99999609625125,144.42914
2022-09-03 03:00:00,aqi,PINN,306.00000220210643,323.73752
2021-02-06 20:00:00,aqi,PINN,146.00000085612487,135.56815
2025-04-02 20:00:00,aqi,PINN,368.99999524957286,367.96768
2022-07-06 18:00:00,aqi,PINN,371.99999787236663,368.97226
2025-03-04 05:00:00,aqi,PINN,313.9999988576894,311.075
2023-11-12 09:00:00,aqi,PINN,366.00000503301953,363.06604
2025-03-12 05:00:00,aqi,PINN,393.9999964291201,404.89886
2022-11-03 13:00:00,aqi,PINN,219.0000005785304,216.5073
2021-11-01 19:00:00,aqi,PINN,236.00000006245943,287.58008
2024-02-12 19:00:00,aqi,PINN,311.0000024380158,308.56424
2024-11-07 19:00:00,aqi,PINN,167.00000060632044,171.98927
2022-02-07 04:00:00,aqi,PINN,89.9999994545633,94.42769
2021-06-06 11:00:00,aqi,PINN,131.99999895495444,126.05678
2025-10-01 22:00:00,aqi,PINN,428.0000054770484,400.10638
2024-11-08 21:00:00,aqi,PINN,86.99999683176955,95.430664
2021-08-04 11:00:00,aqi,PINN,220.99999974242616,211.56563
2023-11-04 21:00:00,aqi,PINN,388.000003589773,383.16913
2023-01-02 07:00:00,aqi,PINN,182.00000131404872,180.11237
2025-04-02 14:00:00,aqi,PINN,311.0000024380158,324.7871
2025-05-05 23:00:00,aqi,PINN,123.99999609625125,147.20914
2024-01-06 10:00:00,aqi,PINN,328.0000007588598,312.46506
2023-06-11 11:00:00,aqi,PINN,466.00000975120815,467.86154
2025-01-12 02:00:00,aqi,PINN,330.99999717853336,342.57565
2021-11-02 20:00:00,aqi,PINN,408.9999971368483,412.40677
2023-09-05 09:00:00,aqi,PINN,261.0000000789215,261.68353
2021-08-02 09:00:00,aqi,PINN,353.00000193840697,354.58496
2024-10-07 06:00:00,aqi,PINN,262.0000004362594,248.28163
2022-08-06 00:00:00,aqi,PINN,408.9999971368483,240.94476
2023-02-02 17:00:00,aqi,PINN,261.0000000789215,252.32108
2025-05-02 18:00:00,aqi,PINN,304.99999719242834,320.48093
2023-04-03 21:00:00,aqi,PINN,160.0000027572953,167.61308
2024-12-12 21:00:00,aqi,PINN,361.00000479711014,348.38635
2022-01-10 21:00:00,aqi,PINN,237.00000003210232,233.68286
2022-04-04 03:00:00,aqi,PINN,302.99999957931266,298.42886
2024-07-10 17:00:00,aqi,PINN,173.99999845534555,162.46523
2021-07-03 13:00:00,aqi,PINN,348.99999430593516,348.82007
2024-02-07 06:00:00,aqi,PINN,181.00000250749088,196.6009
2023-07-01 22:00:00,aqi,PINN,373.00000288204467,352.66492
2024-07-03 20:00:00,aqi,PINN,240.99999991067384,241.20207
2021-12-10 20:00:00,aqi,PINN,292.000000300936,293.44458
2023-01-05 07:00:00,aqi,PINN,120.00000087001987,117.74471
2022-06-10 18:00:00,aqi,PINN,76.00000375651305,83.596054
2021-10-08 21:00:00,aqi,PINN,128.00000372872304,137.32028
2025-11-12 03:00:00,aqi,PINN,323.00000052295036,325.2261
2024-02-02 13:00:00,aqi,PINN,232.0000001838879,217.89824
2025-07-03 04:00:00,aqi,PINN,253.0000003217785,247.48712
2022-05-09 19:00:00,aqi,PINN,126.50000241732617,121.14018
2024-06-12 23:00:00,aqi,PINN,251.99999996444058,256.50092
2021-02-02 22:00:00,aqi,PINN,408.9999971368483,408.04892
2023-10-05 00:00:00,aqi,PINN,307.9999998152221,258.9215
2024-01-11 15:00:00,aqi,PINN,351.0000043252913,355.6879
2023-11-04 12:00:00,aqi,PINN,343.99999407002576,346.6487
2022-07-07 01:00:00,aqi,PINN,236.00000006245943,176.18483
2025-06-08 11:00:00,aqi,PINN,236.00000006245943,237.42574
2024-03-06 14:00:00,aqi,PINN,183.9999989271644,183.13582
2021-11-10 11:00:00,aqi,PINN,232.0000001838879,226.06178
2022-01-02 05:00:00,aqi,PINN,422.00000023146094,424.5483
2025-10-09 21:00:00,aqi,PINN,86.99999683176955,90.00769
2024-05-06 10:00:00,aqi,PINN,284.9999993503507,277.14017
2025-12-05 05:00:00,aqi,PINN,158.99999774761727,169.17781
2023-09-01 18:00:00,aqi,PINN,443.9999987882143,443.84113
2021-11-07 05:00:00,aqi,PINN,89.9999994545633,98.21318
2025-02-06 03:00:00,aqi,PINN,216.9999998638546,220.62254
2025-12-11 10:00:00,aqi,PINN,440.9999961654206,439.98022
2023-11-05 11:00:00,aqi,PINN,342.00000266003025,339.0753
2024-04-06 12:00:00,aqi,PINN,244.99999978924538,244.82097
2022-02-06 17:00:00,aqi,PINN,259.99999972158366,255.6855
2024-02-03 11:00:00,aqi,PINN,160.0000027572953,158.32771
2023-09-06 15:00:00,aqi,PINN,215.99999950651673,212.18018
2024-05-09 23:00:00,aqi,PINN,103.99999515261354,129.61333
2022-10-02 21:00:00,aqi,PINN,203.0000010642443,206.69711
2022-10-06 13:00:00,aqi,PINN,383.99999595730117,385.885
2023-08-07 16:00:00,aqi,PINN,69.99999851092556,78.89111
2021-03-10 09:00:00,aqi,PINN,111.00000540787907,111.67291
2022-11-01 14:00:00,aqi,PINN,266.00000031483097,263.99808
2021-02-07 18:00:00,aqi,PINN,346.9999966928195,340.26193
2023-01-02 18:00:00,aqi,PINN,188.00000035651598,236.62982
2022-02-11 05:00:00,aqi,PINN,383.0000033538636,391.31387
2025-12-10 20:00:00,aqi,PINN,177.99999988469713,175.0121
2022-03-09 08:00:00,aqi,PINN,162.99999917696886,154.62817
2022-06-03 03:00:00,aqi,PINN,168.99999821943612,168.98917
2023-02-09 06:00:00,aqi,PINN,204.99999867735997,194.10336
2024-03-09 11:00:00,aqi,PINN,128.00000372872304,120.67478
2022-12-03 09:00:00,aqi,PINN,208.0000013001537,213.18668
2025-05-09 01:00:00,aqi,PINN,51.000002576965926,62.226635
2023-06-07 00:00:00,aqi,PINN,86.99999683176955,177.00505
2021-04-10 00:00:00,aqi,PINN,121.99999848313556,107.29663
2021-06-09 03:00:00,aqi,PINN,88.00000184144761,101.86691
2022-08-09 19:00:00,aqi,PINN,171.00000203567203,169.77756
2021-11-04 16:00:00,aqi,PINN,299.99999695651894,298.007
2022-06-12 19:00:00,aqi,PINN,388.99999619321056,387.228
2024-04-12 08:00:00,aqi,PINN,243.9999998196025,249.76282
2025-11-10 07:00:00,aqi,PINN,229.99999985690712,237.06517
2023-10-01 23:00:00,aqi,PINN,366.99999763645724,351.834
2022-11-04 01:00:00,aqi,PINN,371.99999787236663,383.04404
2024-02-13 02:00:00,aqi,PINN,236.00000006245943,311.6274
2023-10-09 00:00:00,aqi,PINN,41.00000210514705,173.52167
2025-07-08 09:00:00,aqi,PINN,196.00000011365904,195.73042
2025-12-02 03:00:00,aqi,PINN,358.999994777754,352.88712
2024-06-08 17:00:00,aqi,PINN,51.000002576965926,52.817287
2024-06-11 06:00:00,aqi,PINN,418.0000050052296,410.68823
2022-10-09 00:00:00,aqi,PINN,133.00000396463247,156.82072
2021-06-06 02:00:00,aqi,PINN,123.00000349281362,135.58841
2024-01-02 22:00:00,aqi,PINN,174.9999972619034,202.01051
2024-03-12 13:00:00,aqi,PINN,311.0000024380158,309.67087
2025-07-01 14:00:00,aqi,PINN,324.9999981360661,335.40997
2025-04-01 19:00:00,aqi,PINN,400.0000016747075,408.6175
2024-02-10 19:00:00,aqi,PINN,276.0000007866498,272.05377
2022-04-01 10:00:00,aqi,PINN,413.0000047693201,413.97336
2022-05-12 18:00:00,aqi,PINN,358.999994777754,361.1469
2024-03-07 05:00:00,aqi,PINN,214.00000034262098,209.19698
2022-03-10 14:00:00,aqi,PINN,128.00000372872304,123.80518
2025-01-12 11:00:00,aqi,PINN,328.9999995654176,325.3882
2023-01-04 15:00:00,aqi,PINN,156.00000132794372,95.291046
2022-11-03 15:00:00,aqi,PINN,219.99999938508824,216.96103
2025-02-11 17:00:00,aqi,PINN,371.000005268929,378.8131
2022-02-12 08:00:00,aqi,PINN,395.0000014387981,397.53192
2022-05-07 04:00:00,aqi,PINN,133.00000396463247,141.33716
2023-06-05 04:00:00,aqi,PINN,248.99999966781692,272.81244
2024-09-06 17:00:00,aqi,PINN,190.00000107119178,190.70395
2024-03-12 08:00:00,aqi,PINN,319.99999790015664,330.84818
2021-05-12 06:00:00,aqi,PINN,339.00000003723653,371.63782
2024-12-06 23:00:00,aqi,PINN,276.0000007866498,235.89154
2022-01-07 07:00:00,aqi,PINN,58.00000042599103,58.327938
2023-05-13 01:00:00,aqi,PINN,236.00000006245943,285.53052
2023-11-12 11:00:00,aqi,PINN,363.0000024102258,361.73422
2024-09-07 14:00:00,aqi,PINN,211.9999996279452,207.94313
2022-10-03 10:00:00,aqi,PINN,225.99999997833558,224.27917
2024-09-12 05:00:00,aqi,PINN,332.0000021882114,327.76474
2022-07-01 15:00:00,aqi,PINN,231.000000214245,240.88708
2022-11-02 21:00:00,aqi,PINN,219.99999938508824,218.37788
2023-06-01 17:00:00,aqi,PINN,401.99999928782324,406.41342
2024-07-05 03:00:00,aqi,PINN,348.99999430593516,344.29263
2025-05-11 01:00:00,aqi,PINN,324.9999981360661,350.85226
2023-01-07 19:00:00,aqi,PINN,91.00000446424136,90.737335
2022-06-12 13:00:00,aqi,PINN,376.99999810827603,374.82004
2025-07-09 13:00:00,aqi,PINN,111.9999980113167,104.65364
2021-05-02 18:00:00,aqi,PINN,236.00000006245943,255.73366
2024-05-09 19:00:00,aqi,PINN,83.00000160553819,84.39232
2021-06-03 19:00:00,aqi,PINN,259.99999972158366,271.8822
2023-01-09 05:00:00,aqi,PINN,190.99999987774964,178.43015
2022-08-06 16:00:00,aqi,PINN,425.00000285425466,432.81717
2025-09-11 04:00:00,aqi,PINN,420.0000026183452,421.00565
2023-07-06 18:00:00,aqi,PINN,211.00000082138735,242.83664
2022-08-05 23:00:00,aqi,PINN,223.00000045710195,240.85464
2025-07-10 09:00:00,aqi,PINN,61.999995652222395,61.328686
2024-02-08 15:00:00,aqi,PINN,88.00000184144761,88.24925
2022-07-07 05:00:00,aqi,PINN,236.00000006245943,236.09596
2024-01-03 17:00:00,aqi,PINN,236.00000006245943,237.73163
2022-09-12 05:00:00,aqi,PINN,329.9999983719755,326.95636
2023-08-12 09:00:00,aqi,PINN,378.0000031179541,383.78317
2024-02-03 12:00:00,aqi,PINN,156.00000132794372,156.68721
2021-04-12 14:00:00,aqi,PINN,395.9999940422357,404.62436
2022-03-02 21:00:00,aqi,PINN,343.99999407002576,337.8636
2025-04-02 00:00:00,aqi,PINN,292.9999991074938,364.9779
2022-05-10 02:00:00,aqi,PINN,153.99999751170782,175.14256
2024-05-03 06:00:00,aqi,PINN,139.00000300709974,143.53903
2024-09-08 10:00:00,aqi,PINN,236.00000006245943,226.1111
2025-05-05 02:00:00,aqi,PINN,292.9999991074938,311.84723
2025-03-06 22:00:00,aqi,PINN,193.99999939898328,170.62401
2024-01-12 14:00:00,aqi,PINN,332.0000021882114,331.2078
2025-10-05 07:00:00,aqi,PINN,281.0000010225593,283.44345
2025-10-06 23:00:00,aqi,PINN,348.99999430593516,312.8587
2024-03-04 09:00:00,aqi,PINN,244.99999978924538,239.85957
2025-09-07 10:00:00,aqi,PINN,116.0000056437885,115.61725
2021-10-03 23:00:00,aqi,PINN,190.00000107119178,217.27638
2021-01-04 22:00:00,aqi,PINN,281.9999998291171,273.47446
2023-01-10 06:00:00,aqi,PINN,238.0000000017452,233.56783
2024-10-01 15:00:00,aqi,PINN,306.00000220210643,309.37796
2022-06-02 18:00:00,aqi,PINN,328.9999995654176,324.91904
2022-01-05 16:00:00,aqi,PINN,359.9999997874321,345.35876
2025-02-08 19:00:00,aqi,PINN,130.99999394527634,127.12214
2025-08-11 17:00:00,aqi,PINN,395.9999940422357,389.94083
2022-08-10 14:00:00,aqi,PINN,51.000002576965926,54.673946
2022-11-11 06:00:00,aqi,PINN,318.00000028704096,323.42896
2024-08-12 21:00:00,aqi,PINN,381.9999983441855,386.53812
2023-05-06 22:00:00,aqi,PINN,223.00000045710195,205.42213
2023-06-02 08:00:00,aqi,PINN,321.00000290983473,320.452
2023-12-11 23:00:00,aqi,PINN,263.9999996001552,280.01007
2023-11-09 04:00:00,aqi,PINN,41.999994708584694,63.55546
2023-03-12 19:00:00,aqi,PINN,370.00000025925095,371.7133
2021-12-10 22:00:00,aqi,PINN,299.99999695651894,290.89453
2022-11-06 03:00:00,aqi,PINN,415.9999949858734,418.99048
2025-04-10 01:00:00,aqi,PINN,88.00000184144761,125.05789
2025-07-12 17:00:00,aqi,PINN,361.9999974005478,358.86984
2023-03-06 22:00:00,aqi,PINN,184.99999773372224,180.41438
2022-01-03 15:00:00,aqi,PINN,231.000000214245,228.49437
2025-04-10 19:00:00,aqi,PINN,120.00000087001987,114.86103
2023-04-05 13:00:00,aqi,PINN,111.00000540787907,142.69023
2023-04-05 12:00:00,aqi,PINN,105.00000016229157,156.14552
2023-07-04 08:00:00,aqi,PINN,191.99999868430746,183.47485
2023-11-03 21:00:00,aqi,PINN,236.00000006245943,232.83005
2025-03-08 01:00:00,aqi,PINN,130.99999394527634,153.51163
2022-09-05 08:00:00,aqi,PINN,186.0000027434003,191.06454
2022-06-05 23:00:00,aqi,PINN,353.00000193840697,317.24103
2021-12-10 13:00:00,aqi,PINN,266.99999912138884,262.43893
2023-08-09 00:00:00,aqi,PINN,98.00000231326646,177.12292
2022-09-06 21:00:00,aqi,PINN,318.00000028704096,290.4289
2022-03-03 19:00:00,aqi,PINN,208.0000013001537,208.79893
2024-06-09 01:00:00,aqi,PINN,118.0000032569042,124.85396
2021-01-08 06:00:00,aqi,PINN,101.99999753949783,95.77528
2022-06-11 18:00:00,aqi,PINN,348.0000017024975,359.60135
2021-09-09 04:00:00,aqi,PINN,68.00000089780988,65.6727
2023-12-07 05:00:00,aqi,PINN,79.99999898274444,90.25879
2021-08-07 18:00:00,aqi,PINN,212.9999999852831,216.40286
2024-11-09 14:00:00,aqi,PINN,140.0000018136576,140.04733
2024-07-04 19:00:00,aqi,PINN,236.00000006245943,249.82822
2021-05-06 06:00:00,aqi,PINN,146.9999996626827,148.95433
2025-11-10 03:00:00,aqi,PINN,215.99999950651673,168.94781
2022-11-02 23:00:00,aqi,PINN,229.99999985690712,259.52307
2025-07-10 01:00:00,aqi,PINN,61.999995652222395,103.19415
2024-06-09 18:00:00,aqi,PINN,182.00000131404872,152.96167
2025-06-03 19:00:00,aqi,PINN,146.00000085612487,149.56078
2023-06-02 02:00:00,aqi,PINN,263.9999996001552,266.8376
2023-03-09 05:00:00,aqi,PINN,254.00000067911637,242.33098
2021-12-06 23:00:00,aqi,PINN,131.99999895495444,120.25121
2025-06-03 05:00:00,aqi,PINN,181.00000250749088,165.90585
2024-07-02 19:00:00,aqi,PINN,223.00000045710195,216.13171
2022-03-05 10:00:00,aqi,PINN,227.99999991762135,235.81847
2023-04-02 09:00:00,aqi,PINN,236.00000006245943,277.13898
2023-11-03 01:00:00,aqi,PINN,255.99999984301212,275.18872
2023-06-07 05:00:00,aqi,PINN,86.00000422833193,96.75369
2023-12-06 03:00:00,aqi,PINN,162.99999917696886,165.71931
2025-10-09 04:00:00,aqi,PINN,103.99999515261354,103.65408
2024-06-03 10:00:00,aqi,PINN,157.0000001345016,151.1707
2021-11-05 17:00:00,aqi,PINN,126.00000611560736,123.839775
2023-04-11 11:00:00,aqi,PINN,418.0000050052296,421.16684
2021-10-06 19:00:00,aqi,PINN,271.0000005507404,278.40372
2023-10-06 15:00:00,aqi,PINN,203.0000010642443,195.92517
2022-01-05 18:00:00,aqi,PINN,366.99999763645724,345.62698
2023-08-05 03:00:00,aqi,PINN,193.99999939898328,205.27008
2025-12-10 01:00:00,aqi,PINN,236.00000006245943,132.69504
2025-12-02 07:00:00,aqi,PINN,328.0000007588598,337.1162
2023-10-09 18:00:00,aqi,PINN,37.9999994823533,45.295025
2021-02-06 01:00:00,aqi,PINN,236.00000006245943,193.49887
2024-07-09 12:00:00,aqi,PINN,79.99999898274444,78.47635
2021-01-06 05:00:00,aqi,PINN,167.00000060632044,163.9693
2024-11-10 21:00:00,aqi,PINN,203.99999987080213,202.11397
2023-01-08 17:00:00,aqi,PINN,121.00000587969794,110.512085
2025-07-08 08:00:00,aqi,PINN,198.00000082833486,198.43982
2021-04-12 06:00:00,aqi,PINN,391.99999881600434,400.09738
2021-11-08 00:00:00,aqi,PINN,141.9999994267733,126.023384
2022-10-07 06:00:00,aqi,PINN,111.00000540787907,101.0493
2025-08-04 02:00:00,aqi,PINN,332.0000021882114,349.00156
2021-05-08 05:00:00,aqi,PINN,128.99999633216066,131.12106
2022-07-03 06:00:00,aqi,PINN,251.00000038249271,271.3868
2025-07-03 07:00:00,aqi,PINN,289.9999995862602,284.21606
2024-01-09 04:00:00,aqi,PINN,152.99999870514998,165.34927
2023-02-09 22:00:00,aqi,PINN,248.00000008586903,233.43906
2023-11-06 01:00:00,aqi,PINN,216.9999998638546,190.71358
2021-04-04 15:00:00,aqi,PINN,233.00000015353078,226.61388
2023-12-06 05:00:00,aqi,PINN,167.99999941287825,170.10411
2022-11-09 07:00:00,aqi,PINN,116.0000056437885,115.4104
2022-01-10 13:00:00,aqi,PIIANN,222.49999950304297,228.6909
2022-02-10 21:00:00,aqi,PIIANN,201.0000003495685,211.89944
2021-02-08 13:00:00,aqi,PIIANN,78.00000136962873,83.24295
2023-05-08 20:00:00,aqi,PIIANN,103.99999515261354,111.74742
2025-11-04 03:00:00,aqi,PIIANN,254.00000067911637,257.82776
2025-01-12 09:00:00,aqi,PIIANN,329.9999983719755,329.2336
2022-10-02 16:00:00,aqi,PIIANN,198.9999996348927,202.80164
2021-04-04 23:00:00,aqi,PIIANN,266.99999912138884,274.09314
2022-05-06 21:00:00,aqi,PIIANN,308.9999986217799,315.19086
2024-11-11 07:00:00,aqi,PIIANN,378.99999572139177,379.67142
2025-11-12 23:00:00,aqi,PIIANN,353.9999945418446,352.20074
2025-01-05 07:00:00,aqi,PIIANN,223.00000045710195,226.62636
2022-10-03 20:00:00,aqi,PIIANN,191.99999868430746,194.38531
2024-01-12 18:00:00,aqi,PIIANN,328.0000007588598,324.75943
2025-03-05 10:00:00,aqi,PIIANN,257.00000020035003,255.61865
2024-05-04 09:00:00,aqi,PIIANN,209.9999989132694,216.2019
2021-06-08 17:00:00,aqi,PIIANN,135.00000157774815,136.68466
2022-01-04 20:00:00,aqi,PIIANN,337.00000242412085,338.03458
2025-02-11 10:00:00,aqi,PIIANN,401.99999928782324,393.4967
2023-09-09 04:00:00,aqi,PIIANN,64.00000567157852,64.35275
2025-06-05 15:00:00,aqi,PIIANN,172.9999996487877,174.72552
2023-03-11 01:00:00,aqi,PIIANN,487.99999590172115,473.26392
2021-10-04 20:00:00,aqi,PIIANN,284.9999993503507,291.1232
2025-11-05 12:00:00,aqi,PIIANN,203.0000010642443,210.83806
2024-11-06 10:00:00,aqi,PIIANN,279.9999991144413,284.0873
2024-02-01 18:00:00,aqi,PIIANN,343.0000014665881,339.95505
2023-05-06 04:00:00,aqi,PIIANN,237.00000003210232,246.8409
2024-09-10 12:00:00,aqi,PIIANN,219.99999938508824,225.95094
2024-05-01 12:00:00,aqi,PIIANN,353.9999945418446,351.75665
2023-06-08 08:00:00,aqi,PIIANN,120.00000087001987,123.37568
2024-04-02 16:00:00,aqi,PIIANN,328.0000007588598,320.61798
2021-04-04 04:00:00,aqi,PIIANN,229.00000027495923,229.67384
2021-03-09 04:00:00,aqi,PIIANN,69.99999851092556,64.124084
2023-02-07 09:00:00,aqi,PIIANN,93.00000207735704,89.25139
2023-06-05 00:00:00,aqi,PIIANN,258.99999936424575,179.48761
2023-12-06 17:00:00,aqi,PIIANN,232.0000001838879,228.9917
2021-01-10 22:00:00,aqi,PIIANN,172.9999996487877,174.51338
2024-02-07 09:00:00,aqi,PIIANN,201.99999915612634,205.87605
2024-04-02 04:00:00,aqi,PIIANN,243.9999998196025,227.57547
2023-11-01 21:00:00,aqi,PIIANN,327.000001952302,332.47314
2022-02-02 18:00:00,aqi,PIIANN,342.00000266003025,344.21188
2022-03-10 16:00:00,aqi,PIIANN,135.00000157774815,137.60449
2023-09-07 21:00:00,aqi,PIIANN,236.00000006245943,30.208189
2023-04-06 22:00:00,aqi,PIIANN,233.00000015353078,237.11803
2024-02-13 00:00:00,aqi,PIIANN,236.00000006245943,321.08386
2023-03-04 16:00:00,aqi,PIIANN,201.99999915612634,234.33795
2025-06-06 01:00:00,aqi,PIIANN,218.00000022119252,232.10571
2024-07-12 13:00:00,aqi,PIIANN,269.9999986426225,268.5177
2025-10-03 09:00:00,aqi,PIIANN,224.9999996209977,233.14532
2025-12-03 17:00:00,aqi,PIIANN,332.0000021882114,331.86188
2025-10-07 01:00:00,aqi,PIIANN,78.00000136962873,85.59677
2024-11-04 14:00:00,aqi,PIIANN,295.0000029237297,286.49924
2025-03-02 22:00:00,aqi,PIIANN,295.0000029237297,308.60324
2025-09-06 04:00:00,aqi,PIIANN,269.9999986426225,272.75043
2025-10-06 03:00:00,aqi,PIIANN,348.0000017024975,346.81955
2023-04-05 11:00:00,aqi,PIIANN,162.99999917696886,141.17047
2022-08-07 13:00:00,aqi,PIIANN,99.99999992638215,98.529434
2021-05-08 06:00:00,aqi,PIIANN,130.00000134183875,129.34525
2021-06-02 07:00:00,aqi,PIIANN,298.9999981499611,293.42917
2023-12-03 03:00:00,aqi,PIIANN,261.0000000789215,249.06517
2024-11-10 19:00:00,aqi,PIIANN,198.00000082833486,205.88861
2024-06-03 01:00:00,aqi,PIIANN,128.99999633216066,141.11407
2025-12-02 22:00:00,aqi,PIIANN,266.00000031483097,262.9397
2022-04-08 06:00:00,aqi,PIIANN,152.99999870514998,152.29657
2025-01-11 02:00:00,aqi,PIIANN,238.0000000017452,256.45587
2025-12-04 09:00:00,aqi,PIIANN,236.00000006245943,161.57303
2021-01-06 03:00:00,aqi,PIIANN,158.99999774761727,148.84106
2025-05-09 11:00:00,aqi,PIIANN,58.00000042599103,53.73939
2025-01-08 01:00:00,aqi,PIIANN,236.00000006245943,104.5918
2021-07-03 15:00:00,aqi,PIIANN,346.9999966928195,343.21088
2024-07-03 18:00:00,aqi,PIIANN,244.99999978924538,243.00659
2021-09-04 21:00:00,aqi,PIIANN,251.00000038249271,265.63245
2022-04-10 18:00:00,aqi,PIIANN,146.9999996626827,159.23251
2021-03-05 04:00:00,aqi,PIIANN,240.99999991067384,242.93137
2025-04-11 19:00:00,aqi,PIIANN,349.9999993156132,340.66342
2021-02-01 15:00:00,aqi,PIIANN,497.00000377010235,498.45856
2023-11-09 08:00:00,aqi,PIIANN,39.000004492031366,39.08444
2025-11-05 20:00:00,aqi,PIIANN,178.99999869125497,181.34776
2021-05-10 07:00:00,aqi,PIIANN,140.0000018136576,135.95082
2023-05-11 07:00:00,aqi,PIIANN,474.9999928071085,474.34277
2023-11-08 12:00:00,aqi,PIIANN,167.00000060632044,170.90073
2021-05-03 15:00:00,aqi,PIIANN,344.9999990797038,337.84747
2023-07-06 19:00:00,aqi,PIIANN,218.00000022119252,233.30489
2024-06-07 19:00:00,aqi,PIIANN,173.99999845534555,170.50731
2021-04-12 12:00:00,aqi,PIIANN,400.99999427814515,398.2847
2022-01-08 01:00:00,aqi,PIIANN,63.00000066190046,92.756454
2023-05-12 21:00:00,aqi,PIIANN,332.0000021882114,333.15295
2024-10-07 09:00:00,aqi,PIIANN,259.99999972158366,260.28537
2021-09-02 00:00:00,aqi,PIIANN,363.0000024102258,318.5434
2022-02-12 02:00:00,aqi,PIIANN,393.9999964291201,382.4702
2021-10-08 23:00:00,aqi,PIIANN,136.99999919086383,127.92543
2022-05-10 05:00:00,aqi,PIIANN,153.99999751170782,150.53084
2025-02-11 05:00:00,aqi,PIIANN,396.9999990519138,395.15707
2025-10-03 12:00:00,aqi,PIIANN,232.0000001838879,228.31735
2024-10-08 01:00:00,aqi,PIIANN,236.00000006245943,104.67914
2023-01-07 02:00:00,aqi,PIIANN,74.00000614339737,74.84004
2022-01-05 12:00:00,aqi,PIIANN,340.9999976503522,340.1824
2021-05-04 05:00:00,aqi,PIIANN,262.0000004362594,259.67828
2024-02-05 20:00:00,aqi,PIIANN,259.99999972158366,253.9291
2022-01-12 02:00:00,aqi,PIIANN,386.0000059766573,387.5172
2021-02-04 03:00:00,aqi,PIIANN,292.9999991074938,285.12244
2024-02-01 15:00:00,aqi,PIIANN,339.99999884379434,339.8217
2021-08-12 23:00:00,aqi,PIIANN,293.9999979140516,303.8551
2025-03-08 13:00:00,aqi,PIIANN,163.99999798352667,167.57605
2025-12-10 08:00:00,aqi,PIIANN,186.0000027434003,188.10219
2022-08-07 18:00:00,aqi,PIIANN,96.00000470015078,98.27571
2022-03-10 15:00:00,aqi,PIIANN,131.99999895495444,135.15953
2022-03-09 11:00:00,aqi,PIIANN,168.99999821943612,168.00925
2021-11-04 21:00:00,aqi,PIIANN,297.99999934340326,299.25784
2023-05-01 19:00:00,aqi,PIIANN,348.0000017024975,353.20645
2024-07-11 05:00:00,aqi,PIIANN,420.9999952217829,404.49472
2021-09-02 20:00:00,aqi,PIIANN,236.00000006245943,274.97305
2022-04-03 02:00:00,aqi,PIIANN,223.00000045710195,228.971
2021-11-07 16:00:00,aqi,PIIANN,96.00000470015078,94.34114
2025-04-11 04:00:00,aqi,PIIANN,339.00000003723653,331.04398
2025-05-02 13:00:00,aqi,PIIANN,363.99999501366347,352.66193
2025-10-03 21:00:00,aqi,PIIANN,257.00000020035003,252.6101
2022-12-04 00:00:00,aqi,PIIANN,358.00000217431636,319.0506
2022-02-08 17:00:00,aqi,PIIANN,125.0000011059293,125.37797
2025-03-04 17:00:00,aqi,PIIANN,298.9999981499611,291.5225
2024-07-02 01:00:00,aqi,PIIANN,163.99999798352667,157.76416
2023-02-03 03:00:00,aqi,PIIANN,232.0000001838879,235.29684
2024-01-01 23:00:00,aqi,PIIANN,236.00000006245943,327.85788
2021-09-02 04:00:00,aqi,PIIANN,348.99999430593516,349.15753
2022-10-02 11:00:00,aqi,PIIANN,183.9999989271644,180.81042
2024-11-10 05:00:00,aqi,PIIANN,195.00000130710123,196.37463
2023-02-05 02:00:00,aqi,PIIANN,78.99999397306638,83.80028
2024-04-03 12:00:00,aqi,PIIANN,146.9999996626827,144.70052
2021-11-11 02:00:00,aqi,PIIANN,400.99999427814515,409.6177
2023-07-11 22:00:00,aqi,PIIANN,427.00000046737034,434.58017
2024-05-10 13:00:00,aqi,PIIANN,203.0000010642443,199.23108
2023-09-04 09:00:00,aqi,PIIANN,292.9999991074938,291.77753
2023-05-10 07:00:00,aqi,PIIANN,351.99999692872893,346.41614
2022-04-11 10:00:00,aqi,PIIANN,476.00001022302706,484.22684
2022-09-10 09:00:00,aqi,PIIANN,21.999993764946964,46.139263
2022-04-07 15:00:00,aqi,PIIANN,128.00000372872304,130.1234
2024-04-12 10:00:00,aqi,PIIANN,232.0000001838879,236.71423
2022-05-10 08:00:00,aqi,PIIANN,156.00000132794372,159.56223
2021-12-10 07:00:00,aqi,PIIANN,262.9999992428173,258.58557
2025-07-03 02:00:00,aqi,PIIANN,225.99999997833558,214.9521
2024-09-02 19:00:00,aqi,PIIANN,183.9999989271644,188.31915
2021-01-12 17:00:00,aqi,PIIANN,396.9999990519138,398.99353
2024-10-12 12:00:00,aqi,PIIANN,291.0000014943781,277.55435
2021-02-07 07:00:00,aqi,PIIANN,307.9999998152221,304.83524
2023-12-04 06:00:00,aqi,PIIANN,363.99999501366347,381.67395
2023-11-05 19:00:00,aqi,PIIANN,346.00000408938183,329.74255
2025-10-12 21:00:00,aqi,PIIANN,308.9999986217799,316.4815
2023-12-03 01:00:00,aqi,PIIANN,248.00000008586903,270.86014
2024-08-10 14:00:00,aqi,PIIANN,223.00000045710195,224.41458
2024-02-05 13:00:00,aqi,PIIANN,278.00000150132564,276.63693
2022-11-11 00:00:00,aqi,PIIANN,296.0000017302875,208.04855
2021-08-10 08:00:00,aqi,PIIANN,181.00000250749088,182.33815
2024-07-08 09:00:00,aqi,PIIANN,44.00000472794079,39.2879
2023-05-02 18:00:00,aqi,PIIANN,274.00000007197406,261.3775
2023-12-09 06:00:00,aqi,PIIANN,96.00000470015078,87.12575
2021-10-09 19:00:00,aqi,PIIANN,83.9999942089758,101.06511
2024-12-08 08:00:00,aqi,PIIANN,47.99999995417218,98.477234
2024-07-05 02:00:00,aqi,PIIANN,343.99999407002576,345.86948
2021-12-03 00:00:00,aqi,PIIANN,291.0000014943781,373.0567
2023-04-09 23:00:00,aqi,PIIANN,179.9999974978128,194.30869
2025-03-12 08:00:00,aqi,PIIANN,390.9999938063263,391.08014
2022-03-03 01:00:00,aqi,PIIANN,268.9999998360646,271.13242
2024-09-12 17:00:00,aqi,PIIANN,244.99999978924538,238.8255
2025-09-04 15:00:00,aqi,PIIANN,269.9999986426225,265.11148
2024-09-07 18:00:00,aqi,PIIANN,209.00000010671155,208.7355
2022-05-13 01:00:00,aqi,PIIANN,236.00000006245943,337.79526
2025-12-04 14:00:00,aqi,PIIANN,236.00000006245943,228.38885
2022-11-03 08:00:00,aqi,PIIANN,208.0000013001537,212.95139
2024-08-08 06:00:00,aqi,PIIANN,47.99999995417218,50.58894
2025-01-05 14:00:00,aqi,PIIANN,219.99999938508824,221.82079
2024-07-10 23:00:00,aqi,PIIANN,184.99999773372224,204.3369
2025-12-05 01:00:00,aqi,PIIANN,236.00000006245943,181.17299
2022-09-04 09:00:00,aqi,PIIANN,401.99999928782324,393.6885
2022-11-02 05:00:00,aqi,PIIANN,201.99999915612634,189.66502
2025-11-08 01:00:00,aqi,PIIANN,153.99999751170782,155.8027
2025-10-03 23:00:00,aqi,PIIANN,265.0000015082731,270.35013
2023-04-10 06:00:00,aqi,PIIANN,335.99999741444276,334.9696
2023-01-08 10:00:00,aqi,PIIANN,121.99999848313556,124.541084
2024-03-02 10:00:00,aqi,PIIANN,257.00000020035003,254.61398
2025-12-01 15:00:00,aqi,PIIANN,333.9999998013271,334.13718
2022-01-13 02:00:00,aqi,PIIANN,236.00000006245943,389.28406
2024-06-07 20:00:00,aqi,PIIANN,174.9999972619034,170.43912
2022-10-02 04:00:00,aqi,PIIANN,171.00000203567203,183.6011
2022-01-08 21:00:00,aqi,PIIANN,110.00000039820102,100.89157
2024-01-01 09:00:00,aqi,PIIANN,236.00000006245943,321.66257
2025-11-03 02:00:00,aqi,PIIANN,276.9999995932077,261.0105
2022-01-02 09:00:00,aqi,PIIANN,236.00000006245943,335.7742
2024-08-04 13:00:00,aqi,PIIANN,302.00000077275485,301.1593
2022-12-01 13:00:00,aqi,PIIANN,240.00000003795472,241.86497
2022-08-03 19:00:00,aqi,PIIANN,348.99999430593516,346.49084
2025-03-07 01:00:00,aqi,PIIANN,153.99999751170782,176.03175
2021-03-06 23:00:00,aqi,PIIANN,158.99999774761727,176.23154
2021-10-03 19:00:00,aqi,PIIANN,183.00000012060656,194.28268
2025-04-07 09:00:00,aqi,PIIANN,116.0000056437885,112.084335
2024-05-05 01:00:00,aqi,PIIANN,368.99999524957286,375.88992
2021-01-05 16:00:00,aqi,PIIANN,258.0000005576879,262.369
2025-12-12 22:00:00,aqi,PIIANN,400.0000016747075,403.3259
2025-03-07 10:00:00,aqi,PIIANN,116.99999824722613,114.95842
2023-11-03 00:00:00,aqi,PIIANN,254.9999994856742,307.72906
2021-06-01 10:00:00,aqi,PIIANN,236.00000006245943,284.96033
2024-12-04 06:00:00,aqi,PIIANN,258.99999936424575,253.8922
2022-01-03 21:00:00,aqi,PIIANN,253.0000003217785,240.4011
2024-03-07 23:00:00,aqi,PIIANN,215.99999950651673,202.40173
2021-03-09 19:00:00,aqi,PIIANN,78.00000136962873,74.807434
2021-10-08 01:00:00,aqi,PIIANN,126.00000611560736,127.70763
2021-10-05 00:00:00,aqi,PIIANN,118.99999586034181,235.54094
2023-08-07 07:00:00,aqi,PIIANN,93.00000207735704,88.949005
2021-10-04 12:00:00,aqi,PIIANN,279.00000030788345,281.5767
2024-10-02 10:00:00,aqi,PIIANN,265.0000015082731,260.02408
2024-05-05 08:00:00,aqi,PIIANN,376.00000550483844,370.06818
2021-10-10 11:00:00,aqi,PIIANN,248.99999966781692,252.81616
2024-12-07 10:00:00,aqi,PIIANN,136.00000038430602,155.95757
2023-05-03 02:00:00,aqi,PIIANN,168.99999821943612,158.773
2025-12-10 00:00:00,aqi,PIIANN,236.00000006245943,133.24669
2025-07-10 05:00:00,aqi,PIIANN,64.00000567157852,58.12602
2023-04-06 06:00:00,aqi,PIIANN,234.00000012317366,230.9561
2025-03-06 02:00:00,aqi,PIIANN,190.00000107119178,198.87498
2024-07-08 11:00:00,aqi,PIIANN,44.99999733137844,37.209454
2024-11-11 16:00:00,aqi,PIIANN,393.00000382568237,383.7869
2022-12-08 11:00:00,aqi,PIIANN,236.00000006245943,83.66185
2022-01-09 22:00:00,aqi,PIIANN,236.00000006245943,144.82962
2023-04-12 05:00:00,aqi,PIIANN,361.9999974005478,373.16302
2021-01-09 08:00:00,aqi,PIIANN,236.00000006245943,200.12885
2022-10-10 05:00:00,aqi,PIIANN,21.000001161509346,35.252834
2022-07-02 00:00:00,aqi,PIIANN,318.00000028704096,188.06613
2024-09-11 09:00:00,aqi,PIIANN,373.9999954854823,371.96835
2025-04-05 02:00:00,aqi,PIIANN,297.99999934340326,292.81662
2021-05-06 17:00:00,aqi,PIIANN,116.0000056437885,123.354195
2022-05-12 20:00:00,aqi,PIIANN,361.9999974005478,373.4829
2024-02-06 16:00:00,aqi,PIIANN,209.00000010671155,213.80109
2022-06-07 15:00:00,aqi,PIIANN,108.00000278508531,105.56996
2023-12-12 11:00:00,aqi,PIIANN,380.0000007310698,391.56775
2025-02-01 16:00:00,aqi,PIIANN,343.99999407002576,345.65176
2021-08-12 11:00:00,aqi,PIIANN,281.0000010225593,277.6839
2021-09-05 19:00:00,aqi,PIIANN,133.00000396463247,128.50818
2024-12-01 18:00:00,aqi,PIIANN,376.00000550483844,375.67734
2022-09-07 01:00:00,aqi,PIIANN,98.00000231326646,60.201977
2025-09-09 03:00:00,aqi,PIIANN,133.00000396463247,119.070404
2022-03-01 22:00:00,aqi,PIIANN,410.999994749964,419.40704
2022-08-09 08:00:00,aqi,PIIANN,168.99999821943612,160.7357
2024-09-08 00:00:00,aqi,PIIANN,236.00000006245943,212.18558
2024-08-02 11:00:00,aqi,PIIANN,204.99999867735997,203.0242
2023-08-08 17:00:00,aqi,PIIANN,236.00000006245943,142.28734
2023-02-12 04:00:00,aqi,PIIANN,403.0000042975013,401.16086
2022-06-01 19:00:00,aqi,PIIANN,236.00000006245943,312.80713
2024-09-02 17:00:00,aqi,PIIANN,182.00000131404872,183.80223
2021-08-08 05:00:00,aqi,PIIANN,113.99999562443239,113.21667
2024-07-02 15:00:00,aqi,PIIANN,214.00000034262098,218.27745
2022-02-04 20:00:00,aqi,PIIANN,316.0000026739253,326.06393
2025-12-01 21:00:00,aqi,PIIANN,324.9999981360661,318.8206
2025-07-12 22:00:00,aqi,PIIANN,363.0000024102258,368.3561
2021-03-08 07:00:00,aqi,PIIANN,63.00000066190046,61.041775
2021-06-04 19:00:00,aqi,PIIANN,349.9999993156132,333.30588
2022-08-12 23:00:00,aqi,PIIANN,311.0000024380158,311.96445
2022-01-12 04:00:00,aqi,PIIANN,383.0000033538636,373.31235
2021-10-02 11:00:00,aqi,PIIANN,388.99999619321056,387.31436
2023-12-01 15:00:00,aqi,PIIANN,401.99999928782324,401.51285
2022-11-05 06:00:00,aqi,PIIANN,152.99999870514998,161.17984
2023-01-01 14:00:00,aqi,PIIANN,287.99999887158435,289.18903
2022-10-11 08:00:00,aqi,PIIANN,289.0000007797023,293.4624
2024-10-06 22:00:00,aqi,PIIANN,182.00000131404872,185.41202
2022-02-02 13:00:00,aqi,PIIANN,359.9999997874321,355.06122
2025-01-11 06:00:00,aqi,PIIANN,255.99999984301212,249.5533
2021-08-05 12:00:00,aqi,PIIANN,200.00000154301065,200.36382
2024-12-01 13:00:00,aqi,PIIANN,378.0000031179541,374.82498
2025-10-07 17:00:00,aqi,PIIANN,51.000002576965926,58.72009
2021-01-02 00:00:00,aqi,PIIANN,236.00000006245943,404.57355
2023-12-13 02:00:00,aqi,PIIANN,236.00000006245943,329.89114
2023-07-04 03:00:00,aqi,PIIANN,176.00000227158145,170.83243
2023-03-12 12:00:00,aqi,PIIANN,358.00000217431636,364.7326
2025-11-10 04:00:00,aqi,PIIANN,220.99999974242616,213.28954
2023-07-06 00:00:00,aqi,PIIANN,152.99999870514998,201.46358
2024-10-05 01:00:00,aqi,PIIANN,163.99999798352667,190.59212
2025-01-07 00:00:00,aqi,PIIANN,103.00000254917589,208.1576
2025-07-07 21:00:00,aqi,PIIANN,73.00000113371931,65.13788
2025-04-06 05:00:00,aqi,PIIANN,248.00000008586903,242.53127
2024-03-07 16:00:00,aqi,PIIANN,235.00000009281655,235.0483
2021-01-12 14:00:00,aqi,PIIANN,383.0000033538636,383.00903
2022-12-11 03:00:00,aqi,PIIANN,328.9999995654176,323.88095
2025-09-09 07:00:00,aqi,PIIANN,141.00000062021542,138.50107
2022-10-12 16:00:00,aqi,PIIANN,393.9999964291201,397.35123
2021-01-11 05:00:00,aqi,PIIANN,303.9999983858705,305.96158
2023-12-06 01:00:00,aqi,PIIANN,162.000000370411,128.8231
2022-11-02 15:00:00,aqi,PIIANN,216.9999998638546,225.99379
2021-04-03 06:00:00,aqi,PIIANN,309.9999974283378,306.41382
2025-01-01 17:00:00,aqi,PIIANN,376.99999810827603,376.6251
2023-02-02 21:00:00,aqi,PIIANN,255.99999984301212,265.57812
2023-10-08 06:00:00,aqi,PIIANN,236.00000006245943,215.50949
2022-08-04 03:00:00,aqi,PIIANN,383.0000033538636,376.56024
2024-02-02 23:00:00,aqi,PIIANN,258.0000005576879,268.8306
2021-07-05 03:00:00,aqi,PIIANN,111.9999980113167,111.73387
2021-06-03 17:00:00,aqi,PIIANN,259.99999972158366,265.4503
2024-06-05 12:00:00,aqi,PIIANN,321.00000290983473,322.75845
2023-05-05 09:00:00,aqi,PIIANN,223.9999992636598,224.83492
2023-04-05 07:00:00,aqi,PIIANN,96.00000470015078,86.90546
2024-11-01 19:00:00,aqi,PIIANN,373.9999954854823,373.60236
2024-12-05 07:00:00,aqi,PIIANN,287.99999887158435,291.10553
2023-01-10 12:00:00,aqi,PIIANN,250.0000000251548,249.79399
2022-11-08 20:00:00,aqi,PIIANN,236.00000006245943,107.22272
2023-02-05 11:00:00,aqi,PIIANN,71.00000352060363,80.07947
2023-08-05 07:00:00,aqi,PIIANN,162.000000370411,165.26501
2025-02-11 14:00:00,aqi,PIIANN,393.00000382568237,393.21866
2022-01-11 16:00:00,aqi,PIIANN,437.00000093918925,429.9236
2025-03-08 11:00:00,aqi,PIIANN,161.00000156385317,165.28493
2023-11-10 19:00:00,aqi,PIIANN,225.99999997833558,230.4899
2022-02-04 05:00:00,aqi,PIIANN,356.99999716463833,355.08325
2024-09-06 00:00:00,aqi,PIIANN,268.9999998360646,184.34657
2024-10-05 23:00:00,aqi,PIIANN,167.00000060632044,189.71346
2022-09-11 17:00:00,aqi,PIIANN,224.9999996209977,256.27008
2024-03-08 16:00:00,aqi,PIIANN,71.00000352060363,69.06299
2024-04-08 09:00:00,aqi,PIIANN,56.99999541631297,55.290234
2024-10-09 08:00:00,aqi,PIIANN,162.000000370411,173.21445
2024-05-07 01:00:00,aqi,PIIANN,120.00000087001987,118.83167
2023-12-08 05:00:00,aqi,PIIANN,172.00000084222984,171.856
2024-03-09 16:00:00,aqi,PIIANN,128.00000372872304,120.6648
2024-05-08 01:00:00,aqi,PIIANN,44.99999733137844,38.769314
2024-09-08 07:00:00,aqi,PIIANN,236.00000006245943,194.39882
2021-11-10 15:00:00,aqi,PIIANN,236.00000006245943,235.68703
2023-04-04 06:00:00,aqi,PIIANN,173.99999845534555,169.47987
2021-01-07 11:00:00,aqi,PIIANN,338.00000123067866,330.89188
2023-04-03 20:00:00,aqi,PIIANN,160.0000027572953,158.11044
2025-10-12 03:00:00,aqi,PIIANN,309.9999974283378,302.47537
2024-03-05 13:00:00,aqi,PIIANN,324.9999981360661,326.36707
2023-05-02 23:00:00,aqi,PIIANN,258.0000005576879,219.75938
2023-12-01 12:00:00,aqi,PIIANN,403.0000042975013,395.20816
2024-10-04 11:00:00,aqi,PIIANN,262.9999992428173,271.3227
2025-07-02 11:00:00,aqi,PIIANN,241.99999988031672,241.45389
2022-02-02 17:00:00,aqi,PIIANN,346.00000408938183,348.86487
2023-09-09 15:00:00,aqi,PIIANN,42.99999971826273,37.23724
2024-03-07 11:00:00,aqi,PIIANN,206.00000058547792,204.86809
2024-03-12 09:00:00,aqi,PIIANN,314.9999976642472,325.98694
2024-03-08 10:00:00,aqi,PIIANN,74.00000614339737,68.259125
2024-11-03 08:00:00,aqi,PIIANN,215.99999950651673,215.66357
2021-11-02 23:00:00,aqi,PIIANN,406.99999952373264,361.8876
2023-01-06 01:00:00,aqi,PIIANN,108.00000278508531,128.9079
2022-05-03 10:00:00,aqi,PIIANN,133.00000396463247,136.57858
2023-10-04 13:00:00,aqi,PIIANN,258.99999936424575,267.28445
2024-11-08 06:00:00,aqi,PIIANN,94.99999969047272,90.81549
2022-02-04 23:00:00,aqi,PIIANN,323.9999993295082,289.02512
2024-09-12 15:00:00,aqi,PIIANN,246.99999972853115,224.78592
2023-07-03 06:00:00,aqi,PIIANN,246.99999972853115,228.10938
2024-06-08 07:00:00,aqi,PIIANN,51.000002576965926,48.849834
2024-06-06 21:00:00,aqi,PIIANN,195.00000130710123,204.88539
2021-08-12 16:00:00,aqi,PIIANN,284.9999993503507,280.5852
2023-10-10 01:00:00,aqi,PIIANN,258.99999936424575,285.20868
2024-12-05 04:00:00,aqi,PIIANN,284.9999993503507,281.43585
2023-01-12 00:00:00,aqi,PIIANN,438.9999985523049,359.27997
2021-10-06 22:00:00,aqi,PIIANN,243.9999998196025,249.2102
2024-04-03 17:00:00,aqi,PIIANN,133.00000396463247,135.37256
2022-03-07 07:00:00,aqi,PIIANN,86.00000422833193,89.14517
2021-05-08 22:00:00,aqi,PIIANN,146.9999996626827,138.4757
2023-03-03 14:00:00,aqi,PIIANN,188.99999916307382,190.66365
2022-09-06 15:00:00,aqi,PIIANN,297.0000005368454,308.71994
2023-08-10 01:00:00,aqi,PIIANN,303.9999983858705,305.24118
2022-04-11 22:00:00,aqi,PIIANN,487.99999590172115,478.2301
2021-06-04 09:00:00,aqi,PIIANN,319.99999790015664,318.05615
2023-05-09 14:00:00,aqi,PIIANN,168.99999821943612,165.80174
2021-04-06 17:00:00,aqi,PIIANN,227.99999991762135,204.07863
2025-07-04 15:00:00,aqi,PIIANN,313.9999988576894,313.2872
2022-06-09 00:00:00,aqi,PIIANN,125.0000011059293,163.11247
2021-04-09 23:00:00,aqi,PIIANN,63.00000066190046,141.91208
2022-10-08 11:00:00,aqi,PIIANN,136.00000038430602,149.83328
2021-03-04 00:00:00,aqi,PIIANN,253.0000003217785,295.47714
2023-12-07 23:00:00,aqi,PIIANN,74.99999874683502,89.58856
2024-12-05 00:00:00,aqi,PIIANN,251.00000038249271,284.9964
2023-04-02 02:00:00,aqi,PIIANN,203.0000010642443,194.11407
2021-06-02 10:00:00,aqi,PIIANN,304.99999719242834,299.1109
2023-05-01 10:00:00,aqi,PIIANN,339.99999884379434,342.35394
2023-09-03 09:00:00,aqi,PIIANN,128.99999633216066,139.32993
2025-06-04 02:00:00,aqi,PIIANN,266.99999912138884,263.92728
2025-03-11 16:00:00,aqi,PIIANN,334.99999860788495,333.85022
2023-10-08 01:00:00,aqi,PIIANN,236.00000006245943,144.00435
2021-11-11 16:00:00,aqi,PIIANN,433.00000571295783,434.46454
2022-05-02 16:00:00,aqi,PIIANN,232.0000001838879,219.98282
2021-02-08 00:00:00,aqi,PIIANN,61.999995652222395,194.88501
2025-06-05 07:00:00,aqi,PIIANN,157.9999989410594,160.20891
2023-03-06 17:00:00,aqi,PIIANN,188.99999916307382,187.18266
2021-04-10 11:00:00,aqi,PIIANN,126.00000611560736,129.52567
2022-04-12 16:00:00,aqi,PIIANN,435.99999592951116,431.79395
2023-05-05 23:00:00,aqi,PIIANN,248.99999966781692,237.54327
2023-10-04 11:00:00,aqi,PIIANN,257.00000020035003,266.74353
2025-10-12 22:00:00,aqi,PIIANN,312.0000012445737,326.68707
2023-12-05 15:00:00,aqi,PIIANN,332.0000021882114,323.1581
2022-03-10 02:00:00,aqi,PIIANN,166.00000179976257,178.95409
2023-04-11 17:00:00,aqi,PIIANN,433.9999983163955,430.92282
2023-07-01 19:00:00,aqi,PIIANN,366.00000503301953,367.62305
2024-11-02 05:00:00,aqi,PIIANN,380.0000007310698,368.94846
2021-10-09 04:00:00,aqi,PIIANN,76.00000375651305,65.43266
2025-04-03 23:00:00,aqi,PIIANN,167.99999941287825,214.20654
2021-03-12 03:00:00,aqi,PIIANN,430.9999956936017,440.50644
2024-02-06 14:00:00,aqi,PIIANN,219.0000005785304,219.90205
2021-03-09 10:00:00,aqi,PIIANN,66.0000032846942,71.3067
2021-09-05 15:00:00,aqi,PIIANN,126.999998719045,133.33412
2025-01-05 11:00:00,aqi,PIIANN,216.9999998638546,219.2724
2022-01-07 00:00:00,aqi,PIIANN,83.00000160553819,246.53192
2022-10-01 15:00:00,aqi,PIIANN,172.9999996487877,178.70798
2025-02-12 05:00:00,aqi,PIIANN,348.99999430593516,350.9734
2022-11-11 20:00:00,aqi,PIIANN,358.999994777754,356.60953
2021-08-04 05:00:00,aqi,PIIANN,208.0000013001537,201.69884
2025-05-01 16:00:00,aqi,PIIANN,393.00000382568237,398.4582
2023-08-06 12:00:00,aqi,PIIANN,236.00000006245943,253.0965
2024-03-06 05:00:00,aqi,PIIANN,187.00000154995814,186.83722
2025-07-07 06:00:00,aqi,PIIANN,106.00000517196963,100.04378
2025-01-07 12:00:00,aqi,PIIANN,236.00000006245943,133.63766
2024-04-04 04:00:00,aqi,PIIANN,268.00000102950673,264.75238
2022-04-02 23:00:00,aqi,PIIANN,101.00000493606021,148.4048
2023-06-04 08:00:00,aqi,PIIANN,177.0000010781393,176.64087
2023-07-02 16:00:00,aqi,PIIANN,292.9999991074938,289.88986
2025-06-08 18:00:00,aqi,PIIANN,236.00000006245943,168.77678
2025-02-08 06:00:00,aqi,PIIANN,105.00000016229157,91.08278
2022-10-05 02:00:00,aqi,PIIANN,153.99999751170782,154.1364
2022-06-12 21:00:00,aqi,PIIANN,388.000003589773,396.5005
2024-01-04 01:00:00,aqi,PIIANN,236.00000006245943,242.54916
2024-05-09 22:00:00,aqi,PIIANN,96.9999973035884,90.27461
2025-06-08 21:00:00,aqi,PIIANN,236.00000006245943,123.09145
2023-08-04 21:00:00,aqi,PIIANN,236.00000006245943,204.74525
2024-04-08 10:00:00,aqi,PIIANN,56.00000281287535,50.13699
2022-04-07 20:00:00,aqi,PIIANN,125.0000011059293,128.87566
2024-10-11 15:00:00,aqi,PIIANN,356.99999716463833,349.15347
2023-04-05 15:00:00,aqi,PIIANN,151.99999989859214,126.050835
2025-08-06 06:00:00,aqi,PIIANN,253.0000003217785,249.72664
2023-08-02 21:00:00,aqi,PIIANN,187.00000154995814,177.15068
2025-12-07 19:00:00,aqi,PIIANN,188.99999916307382,181.12286
2023-06-02 21:00:00,aqi,PIIANN,348.0000017024975,346.65222
2025-08-05 22:00:00,aqi,PIIANN,246.99999972853115,248.46771
2022-01-10 01:00:00,aqi,PIIANN,209.00000010671155,227.17197
2024-07-03 05:00:00,aqi,PIIANN,224.9999996209977,217.71452
2023-08-02 10:00:00,aqi,PIIANN,173.99999845534555,179.48366
2021-01-10 04:00:00,aqi,PIIANN,148.9999972757984,144.42487
2021-05-12 21:00:00,aqi,PIIANN,373.9999954854823,374.0815
2023-10-05 04:00:00,aqi,PIIANN,299.99999695651894,303.41388
2023-01-05 20:00:00,aqi,PIIANN,76.9999963599507,77.188324
2025-03-07 07:00:00,aqi,PIIANN,128.99999633216066,133.49922
2021-06-10 01:00:00,aqi,PIIANN,118.0000032569042,181.55148
2021-08-11 08:00:00,aqi,PIIANN,400.0000016747075,403.5585
2022-07-11 09:00:00,aqi,PIIANN,365.0000000233415,370.32162
2025-08-11 01:00:00,aqi,PIIANN,386.99999858009494,361.81903
2025-10-02 12:00:00,aqi,PIIANN,339.00000003723653,330.5309
2025-09-08 21:00:00,aqi,PIIANN,130.99999394527634,116.62954
2025-09-12 08:00:00,aqi,PIIANN,318.99999909359883,318.0986
2025-05-13 01:00:00,aqi,PIIANN,236.00000006245943,302.4334
2025-02-07 13:00:00,aqi,PIIANN,167.00000060632044,160.87685
2021-12-07 09:00:00,aqi,PIIANN,93.99999468079466,92.81311
2024-01-11 11:00:00,aqi,PIIANN,366.99999763645724,366.16266
2022-02-06 18:00:00,aqi,PIIANN,262.9999992428173,259.39505
2022-09-02 15:00:00,aqi,PIIANN,262.0000004362594,257.34888
2021-02-10 11:00:00,aqi,PIIANN,168.99999821943612,170.72903
2025-01-09 10:00:00,aqi,PIIANN,89.9999994545633,85.701935
2021-01-09 13:00:00,aqi,PIIANN,236.00000006245943,123.47786
2023-08-09 03:00:00,aqi,PIIANN,106.99999777540728,94.92763
2022-10-10 23:00:00,aqi,PIIANN,36.00000186923762,92.21869
2023-07-06 03:00:00,aqi,PIIANN,151.99999989859214,155.26102
2025-08-05 11:00:00,aqi,PIIANN,246.0000001465833,245.7303
2021-12-07 10:00:00,aqi,PIIANN,93.99999468079466,93.140976
2024-08-09 07:00:00,aqi,PIIANN,147.99999846924055,152.4674
2021-07-02 15:00:00,aqi,PIIANN,292.000000300936,288.93924
2023-04-02 15:00:00,aqi,PIIANN,236.00000006245943,300.77417
2024-11-07 18:00:00,aqi,PIIANN,169.99999702599396,166.97467
2024-09-05 11:00:00,aqi,PIIANN,190.99999987774964,189.38802
2025-06-04 09:00:00,aqi,PIIANN,297.99999934340326,298.02103
2024-09-02 07:00:00,aqi,PIIANN,172.9999996487877,170.35266
2024-02-07 14:00:00,aqi,PIIANN,236.00000006245943,236.37657
2024-01-11 21:00:00,aqi,PIIANN,328.9999995654176,334.65662
2022-01-11 22:00:00,aqi,PIIANN,401.99999928782324,427.2934
2022-05-05 07:00:00,aqi,PIIANN,208.0000013001537,208.79324
2024-04-05 17:00:00,aqi,PIIANN,368.0000026461353,362.6823
2023-05-07 05:00:00,aqi,PIIANN,141.9999994267733,138.73578
2023-12-03 04:00:00,aqi,PIIANN,263.9999996001552,252.35542
2025-10-08 22:00:00,aqi,PIIANN,158.99999774761727,155.91277
2022-01-11 05:00:00,aqi,PIIANN,440.00000356198296,434.97794
2021-11-07 22:00:00,aqi,PIIANN,99.99999992638215,106.474884
2024-08-02 06:00:00,aqi,PIIANN,215.0000006999589,208.72859
2021-01-07 03:00:00,aqi,PIIANN,236.00000006245943,265.0965
2023-11-04 22:00:00,aqi,PIIANN,388.000003589773,384.15417
2025-01-07 17:00:00,aqi,PIIANN,131.99999895495444,127.50522
2023-01-06 17:00:00,aqi,PIIANN,155.00000252138588,144.5469
2023-07-11 11:00:00,aqi,PIIANN,403.99999690093887,398.79077
2024-08-05 20:00:00,aqi,PIIANN,246.99999972853115,251.487
2021-10-02 23:00:00,aqi,PIIANN,368.0000026461353,333.57343
2024-09-11 08:00:00,aqi,PIIANN,376.00000550483844,375.43646
2024-07-11 11:00:00,aqi,PIIANN,415.0000023824358,419.42166
2022-12-10 17:00:00,aqi,PIIANN,123.99999609625125,126.06859
2022-08-02 02:00:00,aqi,PIIANN,248.00000008586903,237.55162
2022-06-04 11:00:00,aqi,PIIANN,349.9999993156132,344.27197
2025-10-11 21:00:00,aqi,PIIANN,428.0000054770484,431.2179
2022-03-04 20:00:00,aqi,PIIANN,308.9999986217799,313.46228
2021-04-12 18:00:00,aqi,PIIANN,358.00000217431636,369.74548
2025-02-03 13:00:00,aqi,PIIANN,178.99999869125497,179.5115
2022-05-11 07:00:00,aqi,PIIANN,450.0000040338018,448.18066
2025-05-04 00:00:00,aqi,PIIANN,323.9999993295082,201.33076
2024-07-03 19:00:00,aqi,PIIANN,243.9999998196025,242.67107
2021-12-04 20:00:00,aqi,PIIANN,323.9999993295082,319.29422
2021-12-09 02:00:00,aqi,PIIANN,39.000004492031366,75.90636
2024-01-12 10:00:00,aqi,PIIANN,353.00000193840697,357.8727
2025-04-08 12:00:00,aqi,PIIANN,183.9999989271644,183.2132
2025-11-11 07:00:00,aqi,PIIANN,451.9999892406771,445.84726
2025-07-05 08:00:00,aqi,PIIANN,201.99999915612634,198.56215
2022-11-05 09:00:00,aqi,PIIANN,150.00000228547646,160.58678
2023-11-02 18:00:00,aqi,PIIANN,306.00000220210643,307.69522
2021-09-01 23:00:00,aqi,PIIANN,340.9999976503522,317.88498
2023-10-02 09:00:00,aqi,PIIANN,177.99999988469713,178.6443
2025-11-04 14:00:00,aqi,PIIANN,198.9999996348927,201.57791
2021-08-01 18:00:00,aqi,PIIANN,246.99999972853115,245.12596
2022-06-09 13:00:00,aqi,PIIANN,236.00000006245943,160.86374
2025-04-02 02:00:00,aqi,PIIANN,291.0000014943781,271.62506
2024-07-02 17:00:00,aqi,PIIANN,215.99999950651673,213.80824
2024-05-04 15:00:00,aqi,PIIANN,233.00000015353078,229.61662
2022-06-02 20:00:00,aqi,PIIANN,323.9999993295082,317.60675
2025-07-03 05:00:00,aqi,PIIANN,266.99999912138884,257.98102
2022-04-02 17:00:00,aqi,PIIANN,148.9999972757984,160.47124
2023-06-08 21:00:00,aqi,PIIANN,130.00000134183875,127.795715
2024-03-06 09:00:00,aqi,PIIANN,172.00000084222984,182.94229
2024-11-06 01:00:00,aqi,PIIANN,187.00000154995814,201.53677
2022-10-11 05:00:00,aqi,PIIANN,289.9999995862602,275.61572
2021-05-05 02:00:00,aqi,PIIANN,174.9999972619034,193.97958
2021-08-07 16:00:00,aqi,PIIANN,215.99999950651673,226.46964
2022-06-10 23:00:00,aqi,PIIANN,64.99999827501614,84.66753
2023-07-07 16:00:00,aqi,PIIANN,89.9999994545633,84.65387
2025-09-12 04:00:00,aqi,PIIANN,323.9999993295082,320.02933
2021-06-09 12:00:00,aqi,PIIANN,118.99999586034181,126.48325
2023-05-03 16:00:00,aqi,PIIANN,183.9999989271644,184.13951
2024-09-03 09:00:00,aqi,PIIANN,181.00000250749088,177.824
2023-09-11 07:00:00,aqi,PIIANN,428.0000054770484,428.78845
2022-05-02 03:00:00,aqi,PIIANN,130.00000134183875,124.90619
2021-05-12 08:00:00,aqi,PIIANN,339.00000003723653,345.24118
2021-10-06 15:00:00,aqi,PIIANN,287.00000006502654,291.22577
2022-03-04 06:00:00,aqi,PIIANN,303.9999983858705,310.91498
2025-01-08 10:00:00,aqi,PIIANN,236.00000006245943,244.75656
2022-05-11 14:00:00,aqi,PIIANN,410.999994749964,411.03683
2024-10-09 18:00:00,aqi,PIIANN,169.99999702599396,159.00642
2022-02-03 21:00:00,aqi,PIIANN,268.00000102950673,268.25342
2025-06-06 15:00:00,aqi,PIIANN,190.00000107119178,191.84798
2025-01-11 19:00:00,aqi,PIIANN,356.99999716463833,359.5036
2021-12-05 07:00:00,aqi,PIIANN,108.99999538852296,101.85809
2023-06-10 15:00:00,aqi,PIIANN,307.00000100866424,312.15088
2022-10-10 03:00:00,aqi,PIIANN,24.00000378430309,26.9745
2024-07-08 12:00:00,aqi,PIIANN,46.00000234105647,38.5816
2023-11-09 23:00:00,aqi,PIIANN,64.00000567157852,121.44081
2024-04-12 01:00:00,aqi,PIIANN,269.9999986426225,304.97906
2025-08-11 04:00:00,aqi,PIIANN,381.9999983441855,375.03574
2025-11-02 16:00:00,aqi,PIIANN,381.00000574074784,379.87027
2025-07-08 04:00:00,aqi,PIIANN,201.99999915612634,213.15555
2024-01-02 14:00:00,aqi,PIIANN,229.99999985690712,235.56848
2022-11-06 08:00:00,aqi,PIIANN,386.99999858009494,382.9596
2024-10-11 05:00:00,aqi,PIIANN,358.999994777754,357.19482
2025-02-08 13:00:00,aqi,PIIANN,111.9999980113167,117.18725
2025-01-10 16:00:00,aqi,PIIANN,68.00000089780988,73.24924
2021-03-09 22:00:00,aqi,PIIANN,66.0000032846942,82.64699
2025-11-07 18:00:00,aqi,PIIANN,158.99999774761727,158.74823
2022-11-03 07:00:00,aqi,PIIANN,203.0000010642443,208.07257
2023-01-04 03:00:00,aqi,PIIANN,59.999998039106714,44.44842
2022-11-02 10:00:00,aqi,PIIANN,222.00000009976407,216.84563
2023-09-11 19:00:00,aqi,PIIANN,435.99999592951116,444.2593
2023-01-04 07:00:00,aqi,PIIANN,69.00000590748795,63.75201
2025-11-02 05:00:00,aqi,PIIANN,358.999994777754,353.1933
2023-07-03 03:00:00,aqi,PIIANN,235.00000009281655,216.37463
2023-12-03 06:00:00,aqi,PIIANN,258.0000005576879,258.95206
2024-09-12 19:00:00,aqi,PIIANN,242.9999998499596,248.95607
2025-01-07 18:00:00,aqi,PIIANN,133.99999656807012,125.11938
2023-08-02 06:00:00,aqi,PIIANN,201.99999915612634,206.03067
2023-11-04 08:00:00,aqi,PIIANN,339.00000003723653,341.3501
2023-08-12 19:00:00,aqi,PIIANN,349.9999993156132,353.00446
2025-03-03 03:00:00,aqi,PIIANN,152.99999870514998,150.17664
2021-11-11 12:00:00,aqi,PIIANN,428.9999980804861,425.42154
2024-07-11 19:00:00,aqi,PIIANN,438.0000059488673,436.56863
2025-09-12 00:00:00,aqi,PIIANN,325.9999969426239,362.51294
2023-11-07 06:00:00,aqi,PIIANN,51.000002576965926,42.56715
2021-08-11 11:00:00,aqi,PIIANN,403.99999690093887,396.14648
2022-12-04 17:00:00,aqi,PIIANN,339.00000003723653,331.9717
2023-02-01 22:00:00,aqi,PIIANN,416.9999999955515,402.2379
2025-11-05 22:00:00,aqi,PIIANN,188.99999916307382,183.42027
2024-11-11 13:00:00,aqi,PIIANN,393.00000382568237,377.20084
2021-05-11 08:00:00,aqi,PIIANN,484.9999932789274,470.39407
2024-05-13 01:00:00,aqi,PIIANN,236.00000006245943,266.89905
2021-05-07 01:00:00,aqi,PIIANN,166.00000179976257,184.6818
2025-12-03 19:00:00,aqi,PIIANN,327.000001952302,331.09286
2021-02-05 19:00:00,aqi,PIIANN,206.99999939203576,214.75653
2022-10-03 08:00:00,aqi,PIIANN,234.00000012317366,231.39607
2022-01-02 12:00:00,aqi,PIIANN,236.00000006245943,311.12482
2023-03-06 06:00:00,aqi,PIIANN,236.00000006245943,199.90837
2025-05-05 05:00:00,aqi,PIIANN,239.00000001984995,242.93921
2022-03-03 05:00:00,aqi,PIIANN,248.00000008586903,251.35518
2023-10-06 16:00:00,aqi,PIIANN,204.99999867735997,205.35124
2021-06-07 04:00:00,aqi,PIIANN,182.00000131404872,181.57256
2023-01-12 19:00:00,aqi,PIIANN,381.00000574074784,384.81152
2024-09-01 23:00:00,aqi,PIIANN,316.0000026739253,283.83975
2024-02-01 16:00:00,aqi,PIIANN,339.99999884379434,340.73337
2023-06-02 13:00:00,aqi,PIIANN,335.99999741444276,337.53467
2023-09-11 21:00:00,aqi,PIIANN,442.00000117509865,444.50717
2022-03-09 17:00:00,aqi,PIIANN,174.9999972619034,171.71596
2022-07-04 23:00:00,aqi,PIIANN,375.0000004951604,369.6087
2023-03-12 15:00:00,aqi,PIIANN,370.00000025925095,363.05307
2022-12-08 16:00:00,aqi,PIIANN,236.00000006245943,92.30597
2025-08-05 17:00:00,aqi,PIIANN,248.00000008586903,243.51785
2021-10-10 15:00:00,aqi,PIIANN,242.9999998499596,251.60072
2025-09-11 12:00:00,aqi,PIIANN,430.0000030901641,420.54846
2023-06-11 00:00:00,aqi,PIIANN,474.0000002036709,305.29642
2023-04-07 08:00:00,aqi,PIIANN,236.00000006245943,183.33337
2021-05-04 11:00:00,aqi,PIIANN,257.00000020035003,266.1889
2023-05-01 13:00:00,aqi,PIIANN,339.99999884379434,340.63788
2021-10-06 02:00:00,aqi,PIIANN,339.99999884379434,336.9768
2021-09-09 06:00:00,aqi,PIIANN,69.00000590748795,68.59462
2021-08-10 15:00:00,aqi,PIIANN,196.00000011365904,203.4799
2024-07-07 04:00:00,aqi,PIIANN,169.99999702599396,151.48647
2021-09-03 19:00:00,aqi,PIIANN,299.99999695651894,302.91534
2022-07-02 15:00:00,aqi,PIIANN,268.00000102950673,270.2468
2022-12-01 14:00:00,aqi,PIIANN,244.99999978924538,249.77296
2022-07-09 08:00:00,aqi,PIIANN,147.99999846924055,146.97617
2025-09-02 17:00:00,aqi,PIIANN,279.00000030788345,274.90363
2022-05-08 10:00:00,aqi,PIIANN,91.99999706767898,94.27818
2023-12-04 20:00:00,aqi,PIIANN,312.0000012445737,320.07007
2024-05-06 21:00:00,aqi,PIIANN,299.99999695651894,306.4517
2024-06-12 15:00:00,aqi,PIIANN,254.9999994856742,255.55664
2024-08-05 04:00:00,aqi,PIIANN,344.9999990797038,341.308
2022-09-02 02:00:00,aqi,PIIANN,236.00000006245943,261.24518
2025-07-06 07:00:00,aqi,PIIANN,215.0000006999589,218.19254
2023-11-09 19:00:00,aqi,PIIANN,53.00000019008161,39.15562
2024-06-02 02:00:00,aqi,PIIANN,126.999998719045,117.11641
2023-09-04 21:00:00,aqi,PIIANN,297.99999934340326,291.83206
2025-10-10 16:00:00,aqi,PIIANN,236.00000006245943,205.89145
2021-07-06 04:00:00,aqi,PIIANN,190.99999987774964,187.51346
2025-11-02 14:00:00,aqi,PIIANN,380.0000007310698,383.43787
2022-09-11 19:00:00,aqi,PIIANN,215.0000006999589,223.55351
2024-12-12 17:00:00,aqi,PIIANN,356.00000456120074,344.70905
2021-12-10 01:00:00,aqi,PIIANN,253.0000003217785,262.03726
2025-12-12 00:00:00,aqi,PIIANN,353.9999945418446,436.4966
2024-05-04 16:00:00,aqi,PIIANN,234.00000012317366,234.12578
2021-11-05 09:00:00,aqi,PIIANN,130.00000134183875,129.7091
2023-12-12 04:00:00,aqi,PIIANN,346.00000408938183,340.29095
2024-09-11 10:00:00,aqi,PIIANN,371.99999787236663,369.65726
2022-01-05 04:00:00,aqi,PIIANN,363.0000024102258,387.5345
2023-01-01 22:00:00,aqi,PIIANN,289.0000007797023,285.3712
2022-04-12 12:00:00,aqi,PIIANN,443.0000061847767,438.14307
2022-04-06 02:00:00,aqi,PIIANN,324.9999981360661,333.15155
2022-05-07 13:00:00,aqi,PIIANN,146.9999996626827,145.30803
2021-02-03 10:00:00,aqi,PIIANN,266.99999912138884,264.66574
2024-04-09 20:00:00,aqi,PIIANN,111.00000540787907,99.86638
2022-12-06 11:00:00,aqi,PIIANN,388.000003589773,388.96936
2025-01-11 05:00:00,aqi,PIIANN,251.00000038249271,240.5409
2025-06-12 19:00:00,aqi,PIIANN,381.9999983441855,383.1467
2021-06-08 04:00:00,aqi,PIIANN,121.00000587969794,109.96179
2021-06-10 17:00:00,aqi,PIIANN,108.00000278508531,119.07084
2022-08-03 21:00:00,aqi,PIIANN,348.99999430593516,348.66214
2025-07-06 16:00:00,aqi,PIIANN,240.99999991067384,240.38512
2023-01-02 04:00:00,aqi,PIIANN,172.9999996487877,181.84886
2024-11-06 20:00:00,aqi,PIIANN,303.9999983858705,308.53836
2023-05-12 06:00:00,aqi,PIIANN,342.00000266003025,344.08362
2025-10-07 06:00:00,aqi,PIIANN,71.99999612404127,63.96919
2025-11-09 01:00:00,aqi,PIIANN,88.99999444488523,110.9942
2022-04-12 18:00:00,aqi,PIIANN,423.9999978445766,422.6847
2022-12-08 21:00:00,aqi,PIIANN,236.00000006245943,56.3623
2021-10-02 01:00:00,aqi,PIIANN,236.00000006245943,320.71936
2022-08-07 21:00:00,aqi,PIIANN,93.99999468079466,90.78491
2023-08-09 16:00:00,aqi,PIIANN,86.99999683176955,110.02661
2024-02-03 13:00:00,aqi,PIIANN,151.99999989859214,153.04533
2025-07-13 00:00:00,aqi,PIIANN,236.00000006245943,320.38895
2024-07-07 16:00:00,aqi,PIIANN,98.99999491670411,93.09831
2025-01-02 06:00:00,aqi,PIIANN,353.9999945418446,354.37186
2021-09-11 02:00:00,aqi,PIIANN,415.9999949858734,413.02325
2025-01-07 20:00:00,aqi,PIIANN,130.00000134183875,130.71158
2021-04-05 03:00:00,aqi,PIIANN,307.9999998152221,307.24207
2024-12-07 09:00:00,aqi,PIIANN,139.00000300709974,156.97829
2021-07-05 04:00:00,aqi,PIIANN,111.9999980113167,109.11052
2023-07-09 08:00:00,aqi,PIIANN,105.00000016229157,97.54234
2025-07-05 22:00:00,aqi,PIIANN,188.99999916307382,198.99576
2025-04-02 10:00:00,aqi,PIIANN,302.99999957931266,302.40887
2021-02-03 07:00:00,aqi,PIIANN,299.99999695651894,298.02808
2025-06-11 07:00:00,aqi,PIIANN,297.0000005368454,295.03543
2024-03-01 17:00:00,aqi,PIIANN,375.0000004951604,375.40042
2022-09-03 06:00:00,aqi,PIIANN,286.00000125846867,293.25146
2022-11-03 20:00:00,aqi,PIIANN,233.00000015353078,226.40514
2024-08-02 19:00:00,aqi,PIIANN,203.99999987080213,203.46674
2024-09-08 02:00:00,aqi,PIIANN,236.00000006245943,154.22232
2023-07-01 18:00:00,aqi,PIIANN,366.99999763645724,371.2728
2024-01-04 12:00:00,aqi,PIIANN,200.00000154301065,205.61736
2024-04-02 01:00:00,aqi,PIIANN,223.00000045710195,211.80052
2022-07-05 14:00:00,aqi,PIIANN,348.0000017024975,345.20517
2025-07-02 23:00:00,aqi,PIIANN,229.00000027495923,227.20659
2022-06-11 02:00:00,aqi,PIIANN,366.99999763645724,357.81604
2023-04-10 23:00:00,aqi,PIIANN,346.00000408938183,295.333
2021-11-09 16:00:00,aqi,PIIANN,44.99999733137844,43.94737
2022-01-02 22:00:00,aqi,PIIANN,236.00000006245943,296.30325
2021-01-07 01:00:00,aqi,PIIANN,236.00000006245943,191.7012
2021-04-01 20:00:00,aqi,PIIANN,236.00000006245943,277.31906
2025-11-04 12:00:00,aqi,PIIANN,198.9999996348927,200.34229
2021-05-07 02:00:00,aqi,PIIANN,166.00000179976257,173.01616
2021-09-05 21:00:00,aqi,PIIANN,128.99999633216066,132.25618
2025-04-03 01:00:00,aqi,PIIANN,203.0000010642443,208.2504
2021-09-02 06:00:00,aqi,PIIANN,343.0000014665881,343.6085
2022-06-08 03:00:00,aqi,PIIANN,236.00000006245943,149.81737
2022-07-03 17:00:00,aqi,PIIANN,296.0000017302875,286.49207
2022-01-06 08:00:00,aqi,PIIANN,388.99999619321056,391.382
2021-10-06 01:00:00,aqi,PIIANN,351.99999692872893,332.28152
2021-11-12 02:00:00,aqi,PIIANN,339.99999884379434,342.08075
2023-11-08 01:00:00,aqi,PIIANN,162.000000370411,155.93416
2023-06-09 17:00:00,aqi,PIIANN,140.0000018136576,141.79161
2021-10-07 07:00:00,aqi,PIIANN,108.99999538852296,109.04181
2023-12-05 06:00:00,aqi,PIIANN,339.99999884379434,363.80792
2022-03-10 08:00:00,aqi,PIIANN,139.00000300709974,141.2521
2023-11-07 15:00:00,aqi,PIIANN,44.99999733137844,54.52371
2022-03-10 00:00:00,aqi,PIIANN,183.00000012060656,254.85522
2021-04-04 22:00:00,aqi,PIIANN,262.9999992428173,275.6044
2024-09-04 13:00:00,aqi,PIIANN,318.00000028704096,316.10468
2021-06-07 16:00:00,aqi,PIIANN,183.9999989271644,189.95206
2023-11-02 09:00:00,aqi,PIIANN,269.9999986426225,260.59637
2022-05-09 00:00:00,aqi,PIIANN,130.99999394527634,137.6801
2022-03-12 07:00:00,aqi,PIIANN,393.9999964291201,385.2203
2022-10-05 03:00:00,aqi,PIIANN,155.00000252138588,153.56447
2024-06-01 14:00:00,aqi,PIIANN,318.00000028704096,321.96503
2025-04-12 10:00:00,aqi,PIIANN,335.99999741444276,333.64938
2025-03-05 16:00:00,aqi,PIIANN,255.99999984301212,253.97517
2021-03-12 08:00:00,aqi,PIIANN,411.99999975964204,410.002
2023-11-10 13:00:00,aqi,PIIANN,254.9999994856742,262.92728
2024-09-03 04:00:00,aqi,PIIANN,186.0000027434003,178.20224
2021-06-07 14:00:00,aqi,PIIANN,179.9999974978128,185.8377
2023-10-02 22:00:00,aqi,PIIANN,200.00000154301065,209.2288
2022-01-11 19:00:00,aqi,PIIANN,420.9999952217829,417.4583
2023-11-03 19:00:00,aqi,PIIANN,239.00000001984995,238.42163
2024-06-09 21:00:00,aqi,PIIANN,128.99999633216066,116.71389
2023-05-04 19:00:00,aqi,PIIANN,176.00000227158145,177.79324
2022-05-08 14:00:00,aqi,PIIANN,83.9999942089758,78.93739
2024-12-09 13:00:00,aqi,PIIANN,130.99999394527634,133.85812
2023-06-12 21:00:00,aqi,PIIANN,324.9999981360661,349.33435
2022-03-05 19:00:00,aqi,PIIANN,282.99999863567496,273.31433
2023-06-01 16:00:00,aqi,PIIANN,401.99999928782324,403.19595
2023-04-04 07:00:00,aqi,PIIANN,236.00000006245943,171.09229
2024-05-11 20:00:00,aqi,PIIANN,410.0000021465264,407.65695
2025-11-01 23:00:00,aqi,PIIANN,236.00000006245943,331.31818
2023-05-10 04:00:00,aqi,PIIANN,349.9999993156132,349.74332
2024-07-03 15:00:00,aqi,PIIANN,248.00000008586903,247.25835
2022-06-12 00:00:00,aqi,PIIANN,368.0000026461353,342.97342
2021-05-12 14:00:00,aqi,PIIANN,339.99999884379434,342.4072
2022-04-10 22:00:00,aqi,PIIANN,150.49999858719525,154.00272
2024-05-12 01:00:00,aqi,PIIANN,212.9999999852831,250.33704
2021-12-12 13:00:00,aqi,PIIANN,271.0000005507404,274.9175
2022-06-05 17:00:00,aqi,PIIANN,353.00000193840697,343.95612
2022-03-07 17:00:00,aqi,PIIANN,74.99999874683502,75.95798
2021-07-02 20:00:00,aqi,PIIANN,316.0000026739253,305.79916
2024-03-04 02:00:00,aqi,PIIANN,219.99999938508824,219.9972
2024-01-08 21:00:00,aqi,PIIANN,74.00000614339737,64.64876
2023-11-06 14:00:00,aqi,PIIANN,168.99999821943612,173.73424
2021-05-02 07:00:00,aqi,PIIANN,236.00000006245943,242.28897
2023-07-07 23:00:00,aqi,PIIANN,96.00000470015078,111.64563
2024-08-11 19:00:00,aqi,PIIANN,393.00000382568237,395.3501
2024-04-08 02:00:00,aqi,PIIANN,58.00000042599103,45.339016
2023-08-13 00:00:00,aqi,PIIANN,236.00000006245943,334.03082
2023-02-08 02:00:00,aqi,PIIANN,121.99999848313556,109.16208
2025-12-02 16:00:00,aqi,PIIANN,279.9999991144413,272.8014
2023-09-03 22:00:00,aqi,PIIANN,136.99999919086383,123.36657
2024-06-02 00:00:00,aqi,PIIANN,128.99999633216066,294.57974
2021-07-03 22:00:00,aqi,PIIANN,318.00000028704096,328.47214
2021-03-10 00:00:00,aqi,PIIANN,139.00000300709974,111.04532
2022-12-01 09:00:00,aqi,PIIANN,232.0000001838879,226.80135
2023-11-08 14:00:00,aqi,PIIANN,166.00000179976257,172.4906
2022-05-04 03:00:00,aqi,PIIANN,346.00000408938183,349.5186
2024-08-12 13:00:00,aqi,PIIANN,349.9999993156132,351.49496
2023-12-11 11:00:00,aqi,PIIANN,243.9999998196025,245.05997
2022-03-09 21:00:00,aqi,PIIANN,168.99999821943612,164.33546
2025-04-13 00:00:00,aqi,PIIANN,236.00000006245943,317.6259
2021-04-11 08:00:00,aqi,PIIANN,236.00000006245943,331.43268
2025-08-07 06:00:00,aqi,PIIANN,103.00000254917589,107.0643
2022-02-13 00:00:00,aqi,PIIANN,236.00000006245943,373.41534
2021-07-09 00:00:00,aqi,PIIANN,121.00000587969794,149.34361
2025-11-03 17:00:00,aqi,PIIANN,312.0000012445737,307.64096
2021-02-03 03:00:00,aqi,PIIANN,327.000001952302,330.2276
2023-07-09 15:00:00,aqi,PIIANN,98.99999491670411,102.61995
2021-12-01 12:00:00,aqi,PIIANN,319.99999790015664,320.0164
2023-02-12 16:00:00,aqi,PIIANN,373.00000288204467,381.0429
2021-03-05 06:00:00,aqi,PIIANN,258.99999936424575,253.93153
2024-09-01 15:00:00,aqi,PIIANN,365.0000000233415,363.68616
2023-09-11 15:00:00,aqi,PIIANN,435.0000033260735,439.1569
2023-11-12 17:00:00,aqi,PIIANN,339.00000003723653,340.11526
2021-05-10 06:00:00,aqi,PIIANN,141.9999994267733,142.09813
2022-02-05 22:00:00,aqi,PIIANN,248.99999966781692,258.96524
2021-07-05 08:00:00,aqi,PIIANN,125.0000011059293,126.66459
2022-11-06 23:00:00,aqi,PIIANN,371.99999787236663,324.2862
2022-08-10 19:00:00,aqi,PIIANN,39.999997095468984,42.883175
2021-12-09 05:00:00,aqi,PIIANN,39.000004492031366,45.571606
2024-08-05 02:00:00,aqi,PIIANN,361.9999974005478,346.80273
2025-07-11 00:00:00,aqi,PIIANN,346.9999966928195,146.3576
2025-04-11 05:00:00,aqi,PIIANN,339.99999884379434,333.8261
2025-08-08 02:00:00,aqi,PIIANN,209.9999989132694,223.91518
2022-02-04 11:00:00,aqi,PIIANN,370.00000025925095,367.29547
2024-01-10 18:00:00,aqi,PIIANN,215.0000006999589,217.75372
2021-12-05 00:00:00,aqi,PIIANN,125.0000011059293,253.10643
2024-11-07 08:00:00,aqi,PIIANN,211.9999996279452,209.01305
2021-12-10 21:00:00,aqi,PIIANN,293.9999979140516,292.11237
2025-04-03 11:00:00,aqi,PIIANN,179.9999974978128,181.01448
2024-10-13 02:00:00,aqi,PIIANN,236.00000006245943,287.7637
2021-01-08 05:00:00,aqi,PIIANN,101.99999753949783,89.97276
2022-12-03 01:00:00,aqi,PIIANN,219.0000005785304,234.47905
2022-06-05 09:00:00,aqi,PIIANN,279.9999991144413,277.12415
2023-11-10 04:00:00,aqi,PIIANN,236.00000006245943,213.16302
2024-06-09 04:00:00,aqi,PIIANN,136.99999919086383,124.14999
2024-03-07 09:00:00,aqi,PIIANN,196.00000011365904,206.53113
2025-02-05 05:00:00,aqi,PIIANN,232.0000001838879,241.71082
2022-05-11 15:00:00,aqi,PIIANN,406.99999952373264,407.2458
2022-10-10 07:00:00,aqi,PIIANN,236.00000006245943,29.195372
2021-08-07 15:00:00,aqi,PIIANN,215.0000006999589,228.64125
2021-02-07 22:00:00,aqi,PIIANN,317.0000014804831,315.23468
2023-10-06 09:00:00,aqi,PIIANN,183.00000012060656,185.87067
2022-06-11 01:00:00,aqi,PIIANN,368.0000026461353,344.20978
2024-03-04 03:00:00,aqi,PIIANN,219.99999938508824,212.99483
2024-06-08 19:00:00,aqi,PIIANN,54.00000519975964,54.6674
2022-04-13 02:00:00,aqi,PIIANN,236.00000006245943,344.23093
2024-12-05 03:00:00,aqi,PIIANN,271.99999935729824,255.1931
2025-06-11 14:00:00,aqi,PIIANN,348.0000017024975,351.37527
2024-06-03 14:00:00,aqi,PIIANN,169.99999702599396,165.94301
2022-03-11 11:00:00,aqi,PIIANN,236.00000006245943,442.84885
2023-10-09 04:00:00,aqi,PIIANN,37.9999994823533,44.680264
2024-08-04 19:00:00,aqi,PIIANN,307.9999998152221,301.38022
2025-09-02 05:00:00,aqi,PIIANN,271.99999935729824,268.10043
2021-05-02 19:00:00,aqi,PIIANN,236.00000006245943,217.61177
2021-03-06 04:00:00,aqi,PIIANN,133.00000396463247,139.8246
2023-11-02 14:00:00,aqi,PIIANN,293.9999979140516,302.76535
2022-03-04 02:00:00,aqi,PIIANN,322.00000171639255,325.45328
2025-05-03 04:00:00,aqi,PIIANN,146.00000085612487,142.1918
2023-10-11 01:00:00,aqi,PIIANN,456.0000092793893,459.43073
2021-10-11 15:00:00,aqi,PIIANN,386.99999858009494,392.69623
2021-02-06 10:00:00,aqi,PIIANN,137.9999979974217,137.34203
2023-09-13 02:00:00,aqi,PIIANN,236.00000006245943,323.76376
2021-07-04 23:00:00,aqi,PIIANN,229.00000027495923,214.27773
2021-09-03 10:00:00,aqi,PIIANN,303.9999983858705,302.56857
2022-07-05 12:00:00,aqi,PIIANN,361.00000479711014,346.0735
2025-02-07 06:00:00,aqi,PIIANN,157.0000001345016,154.3577
2021-03-10 01:00:00,aqi,PIIANN,126.999998719045,166.46547
2021-02-05 06:00:00,aqi,PIIANN,225.99999997833558,222.46878
2022-05-08 01:00:00,aqi,PIIANN,209.00000010671155,191.53679
2023-02-01 14:00:00,aqi,PIIANN,365.0000000233415,367.11084
2023-01-09 11:00:00,aqi,PIIANN,188.00000035651598,194.11545
2024-02-10 09:00:00,aqi,PIIANN,266.99999912138884,271.1041
2021-08-02 07:00:00,aqi,PIIANN,349.9999993156132,346.06018
2023-04-03 01:00:00,aqi,PIIANN,177.0000010781393,164.43959
2025-09-03 18:00:00,aqi,PIIANN,319.99999790015664,310.68597
2021-10-10 23:00:00,aqi,PIIANN,240.00000003795472,285.7
2022-07-09 10:00:00,aqi,PIIANN,151.99999989859214,152.4132
2021-06-11 00:00:00,aqi,PIIANN,476.00001022302706,192.06859
2023-11-12 06:00:00,aqi,PIIANN,236.00000006245943,329.10287
2023-01-06 19:00:00,aqi,PIIANN,157.9999989410594,150.33006
2024-11-09 03:00:00,aqi,PIIANN,136.99999919086383,129.2343
2022-10-12 19:00:00,aqi,PIIANN,390.00000120288865,394.35965
2025-03-07 12:00:00,aqi,PIIANN,118.99999586034181,116.84434
2023-07-07 05:00:00,aqi,PIIANN,74.99999874683502,72.94444
2025-04-09 20:00:00,aqi,PIIANN,54.99999780319729,56.81706
2024-12-08 13:00:00,aqi,PIIANN,53.00000019008161,50.30148
2021-04-06 02:00:00,aqi,PIIANN,174.9999972619034,186.63667
2023-01-08 01:00:00,aqi,PIIANN,130.00000134183875,131.75568
2023-08-12 20:00:00,aqi,PIIANN,348.99999430593516,350.2538
2024-08-10 20:00:00,aqi,PIIANN,229.00000027495923,234.36456
2024-05-11 18:00:00,aqi,PIIANN,410.0000021465264,421.90344
2024-03-05 20:00:00,aqi,PIIANN,337.00000242412085,323.93677
2023-03-11 08:00:00,aqi,PIIANN,497.99999637354006,485.99335
2025-11-12 13:00:00,aqi,PIIANN,338.00000123067866,326.91782
2023-02-04 10:00:00,aqi,PIIANN,136.99999919086383,130.67435
2025-11-10 10:00:00,aqi,PIIANN,232.0000001838879,233.28813
2021-09-07 08:00:00,aqi,PIIANN,215.0000006999589,215.20815
2021-12-05 18:00:00,aqi,PIIANN,157.0000001345016,159.12332
2022-01-09 20:00:00,aqi,PIIANN,236.00000006245943,167.04543
2023-06-07 15:00:00,aqi,PIIANN,73.00000113371931,69.76683
2022-07-09 11:00:00,aqi,PIIANN,151.0000010920343,150.82718
2024-02-04 04:00:00,aqi,PIIANN,223.9999992636598,215.23418
2024-07-05 09:00:00,aqi,PIIANN,361.9999974005478,350.74796
2023-04-08 15:00:00,aqi,PIIANN,133.00000396463247,135.66312
2024-10-11 00:00:00,aqi,PIIANN,366.00000503301953,245.17209
2021-07-03 02:00:00,aqi,PIIANN,308.9999986217799,300.21338
2025-01-11 14:00:00,aqi,PIIANN,309.9999974283378,303.5404
2023-12-13 00:00:00,aqi,PIIANN,236.00000006245943,341.69565
2024-12-08 22:00:00,aqi,PIIANN,59.000005435669095,67.444855
2024-04-12 11:00:00,aqi,PIIANN,231.000000214245,233.49583
2024-06-08 05:00:00,aqi,PIIANN,49.000004963850216,45.82829
2025-01-03 19:00:00,aqi,PIIANN,140.0000018136576,152.34505
2025-08-03 19:00:00,aqi,PIIANN,244.99999978924538,241.10863
2023-08-03 23:00:00,aqi,PIIANN,206.99999939203576,202.79745
2021-04-10 23:00:00,aqi,PIIANN,131.99999895495444,167.5483
2022-03-06 18:00:00,aqi,PIIANN,314.9999976642472,308.58374
2023-02-10 11:00:00,aqi,PIIANN,211.9999996279452,216.74635
2025-10-07 00:00:00,aqi,PIIANN,96.9999973035884,258.254
2025-04-06 18:00:00,aqi,PIIANN,274.00000007197406,271.57742
2025-04-07 10:00:00,aqi,PIIANN,116.99999824722613,113.030525
2025-09-01 22:00:00,aqi,PIIANN,437.00000093918925,427.9994
2021-06-09 00:00:00,aqi,PIIANN,78.00000136962873,113.12485
2023-06-04 03:00:00,aqi,PIIANN,195.00000130710123,191.40994
2021-08-05 17:00:00,aqi,PIIANN,191.99999868430746,185.07962
2022-11-05 12:00:00,aqi,PIIANN,183.9999989271644,174.51671
2021-10-12 20:00:00,aqi,PIIANN,337.00000242412085,327.79153
2021-12-03 07:00:00,aqi,PIIANN,278.00000150132564,279.03
2021-03-09 11:00:00,aqi,PIIANN,68.00000089780988,68.91281
2025-05-08 23:00:00,aqi,PIIANN,143.99999703988897,140.81302
2024-03-04 21:00:00,aqi,PIIANN,240.00000003795472,247.7519
2024-03-10 17:00:00,aqi,PIIANN,238.0000000017452,241.7869
2022-04-05 21:00:00,aqi,PIIANN,296.0000017302875,320.47214
2025-07-05 02:00:00,aqi,PIIANN,209.00000010671155,216.90875
2021-06-01 23:00:00,aqi,PIIANN,236.00000006245943,283.59998
2022-03-12 09:00:00,aqi,PIIANN,400.0000016747075,389.03348
2022-08-04 06:00:00,aqi,PIIANN,375.0000004951604,370.28055
2021-02-02 04:00:00,aqi,PIIANN,433.9999983163955,426.755
2021-12-06 16:00:00,aqi,PIIANN,157.0000001345016,159.30406
2021-11-02 14:00:00,aqi,PIIANN,405.9999945140546,405.91254
2022-06-05 04:00:00,aqi,PIIANN,244.99999978924538,249.37404
2025-03-09 10:00:00,aqi,PIIANN,31.999994236765815,32.552105
2025-11-06 02:00:00,aqi,PIIANN,354.99999955152265,348.52072
2025-02-11 07:00:00,aqi,PIIANN,403.99999690093887,403.66086
2022-02-04 16:00:00,aqi,PIIANN,328.0000007588598,330.95016
2023-06-02 12:00:00,aqi,PIIANN,335.99999741444276,340.00427
2025-06-04 14:00:00,aqi,PIIANN,297.0000005368454,296.02533
2023-12-08 19:00:00,aqi,PIIANN,176.00000227158145,175.15184
2021-02-07 09:00:00,aqi,PIIANN,308.9999986217799,309.32266
2023-04-12 03:00:00,aqi,PIIANN,368.0000026461353,368.8572
2023-01-09 06:00:00,aqi,PIIANN,188.00000035651598,176.34544
2024-04-01 14:00:00,aqi,PIIANN,393.9999964291201,396.0577
2021-06-10 15:00:00,aqi,PIIANN,113.00000302099475,117.56652
2021-01-05 07:00:00,aqi,PIIANN,309.9999974283378,311.16968
2025-03-10 16:00:00,aqi,PIIANN,76.00000375651305,79.52525
2022-11-11 16:00:00,aqi,PIIANN,365.0000000233415,359.69592
2023-09-09 19:00:00,aqi,PIIANN,41.00000210514705,35.01347
2023-02-06 12:00:00,aqi,PIIANN,186.0000027434003,176.81607
2021-11-10 03:00:00,aqi,PIIANN,235.00000009281655,232.77495
2022-11-05 21:00:00,aqi,PIIANN,193.99999939898328,194.37405
2024-01-11 17:00:00,aqi,PIIANN,339.99999884379434,342.11862
2023-11-09 11:00:00,aqi,PIIANN,44.00000472794079,40.716488
2024-08-02 01:00:00,aqi,PIIANN,223.00000045710195,208.57884
2021-07-04 06:00:00,aqi,PIIANN,319.99999790015664,321.56656
2025-08-08 09:00:00,aqi,PIIANN,216.9999998638546,210.64517
2023-11-08 11:00:00,aqi,PIIANN,165.00000299320476,169.61858
2025-08-10 23:00:00,aqi,PIIANN,66.99999588813182,109.20714
2024-09-11 17:00:00,aqi,PIIANN,375.0000004951604,365.29276
2021-07-04 14:00:00,aqi,PIIANN,271.0000005507404,271.80386
2023-10-08 15:00:00,aqi,PIIANN,161.00000156385317,168.67393
2023-01-06 16:00:00,aqi,PIIANN,150.00000228547646,145.03412
2024-07-06 07:00:00,aqi,PIIANN,219.0000005785304,206.44144
2021-08-07 08:00:00,aqi,PIIANN,201.99999915612634,212.73157
2021-04-01 17:00:00,aqi,PIIANN,236.00000006245943,288.908
2024-08-03 23:00:00,aqi,PIIANN,191.99999868430746,197.96394
2025-09-05 22:00:00,aqi,PIIANN,190.00000107119178,193.9892
2022-10-06 21:00:00,aqi,PIIANN,411.99999975964204,415.57025
2024-05-05 20:00:00,aqi,PIIANN,356.99999716463833,345.93484
2025-05-02 00:00:00,aqi,PIIANN,368.99999524957286,290.25266
2021-09-03 14:00:00,aqi,PIIANN,297.99999934340326,297.65652
2023-12-08 04:00:00,aqi,PIIANN,173.99999845534555,173.96034
2021-12-06 13:00:00,aqi,PIIANN,171.00000203567203,163.35654
2025-06-04 01:00:00,aqi,PIIANN,262.9999992428173,246.44759
2025-08-09 11:00:00,aqi,PIIANN,96.9999973035884,91.397064
2023-03-05 16:00:00,aqi,PIIANN,130.00000134183875,128.7432
2021-02-03 21:00:00,aqi,PIIANN,265.0000015082731,280.17737
2021-08-05 03:00:00,aqi,PIIANN,196.9999989202169,189.82213
2023-02-09 15:00:00,aqi,PIIANN,216.9999998638546,220.55643
2022-01-08 08:00:00,aqi,PIIANN,78.99999397306638,83.5739
2022-09-02 00:00:00,aqi,PIIANN,236.00000006245943,231.76938
2022-06-12 18:00:00,aqi,PIIANN,388.000003589773,386.74222
2022-12-03 08:00:00,aqi,PIIANN,209.9999989132694,213.08633
2024-03-02 17:00:00,aqi,PIIANN,215.0000006999589,225.47037
2025-03-10 21:00:00,aqi,PIIANN,81.99999659586013,78.40506
2023-12-12 06:00:00,aqi,PIIANN,351.99999692872893,347.66534
2021-04-07 18:00:00,aqi,PIIANN,148.9999972757984,155.92743
2023-10-10 05:00:00,aqi,PIIANN,236.00000006245943,243.24574
2024-07-11 17:00:00,aqi,PIIANN,432.0000007032798,428.62234
2024-11-03 06:00:00,aqi,PIIANN,219.0000005785304,215.25307
2021-02-02 11:00:00,aqi,PIIANN,435.0000033260735,438.70944
2021-07-03 06:00:00,aqi,PIIANN,339.00000003723653,333.26144
2024-02-10 06:00:00,aqi,PIIANN,265.0000015082731,269.2187
2025-07-09 07:00:00,aqi,PIIANN,110.00000039820102,101.456345
2025-11-07 07:00:00,aqi,PIIANN,111.9999980113167,106.075775
2024-11-12 01:00:00,aqi,PIIANN,258.99999936424575,269.7791
2022-11-05 02:00:00,aqi,PIIANN,157.9999989410594,159.29076
2024-03-02 09:00:00,aqi,PIIANN,258.99999936424575,250.60144
2024-06-06 09:00:00,aqi,PIIANN,262.9999992428173,261.41687
2021-02-11 20:00:00,aqi,PIIANN,306.00000220210643,302.77133
2024-12-07 14:00:00,aqi,PIIANN,131.99999895495444,136.64886
2023-04-06 00:00:00,aqi,PIIANN,218.00000022119252,184.29866
2021-12-08 14:00:00,aqi,PIIANN,152.99999870514998,156.37881
2023-06-03 01:00:00,aqi,PIIANN,160.0000027572953,150.15132
2022-07-07 12:00:00,aqi,PIIANN,236.00000006245943,208.65555
2025-11-03 13:00:00,aqi,PIIANN,309.9999974283378,310.27744
2021-07-07 20:00:00,aqi,PIIANN,258.99999936424575,258.1261
2021-04-06 16:00:00,aqi,PIIANN,201.99999915612634,205.73277
2021-07-01 11:00:00,aqi,PIIANN,324.9999981360661,321.23364
2022-10-11 04:00:00,aqi,PIIANN,274.99999887853187,257.05292
2025-10-01 23:00:00,aqi,PIIANN,428.0000054770484,370.19122
2024-10-07 07:00:00,aqi,PIIANN,263.9999996001552,256.76645
2021-03-11 21:00:00,aqi,PIIANN,322.00000171639255,335.80426
2025-06-05 05:00:00,aqi,PIIANN,151.0000010920343,147.11128
2023-03-04 17:00:00,aqi,PIIANN,201.99999915612634,198.52606
2025-06-01 12:00:00,aqi,PIIANN,356.00000456120074,349.90103
2025-08-05 18:00:00,aqi,PIIANN,246.0000001465833,243.58289
2025-06-07 23:00:00,aqi,PIIANN,93.00000207735704,98.634094
2022-03-11 10:00:00,aqi,PIIANN,440.9999961654206,438.95126
2023-06-01 23:00:00,aqi,PIIANN,398.99999666502947,348.06387
2022-07-12 01:00:00,aqi,PIIANN,371.99999787236663,363.6441
2024-04-07 10:00:00,aqi,PIIANN,157.0000001345016,157.55621
2023-05-11 22:00:00,aqi,PIIANN,476.00001022302706,491.6013
2023-08-02 22:00:00,aqi,PIIANN,198.00000082833486,184.42162
2023-06-10 06:00:00,aqi,PIIANN,353.9999945418446,360.64142
2025-05-01 15:00:00,aqi,PIIANN,398.99999666502947,403.54733
2022-09-07 06:00:00,aqi,PIIANN,103.99999515261354,98.4778
2022-07-01 19:00:00,aqi,PIIANN,219.99999938508824,223.91873
2023-08-09 12:00:00,aqi,PIIANN,101.00000493606021,98.27875
2023-04-07 07:00:00,aqi,PIIANN,236.00000006245943,168.93835
2024-02-02 20:00:00,aqi,PIIANN,258.0000005576879,255.58243
2021-04-09 10:00:00,aqi,PIIANN,56.99999541631297,60.74011
2024-04-05 05:00:00,aqi,PIIANN,361.00000479711014,356.02927
2024-10-09 19:00:00,aqi,PIIANN,167.99999941287825,155.29636
2023-04-02 12:00:00,aqi,PIIANN,236.00000006245943,301.48514
2021-04-11 13:00:00,aqi,PIIANN,236.00000006245943,398.1178
2022-07-10 09:00:00,aqi,PIIANN,60.49999434082554,53.896145
2025-10-06 10:00:00,aqi,PIIANN,342.00000266003025,347.97177
2024-10-02 14:00:00,aqi,PIIANN,312.0000012445737,314.4807
2024-02-12 13:00:00,aqi,PIIANN,302.99999957931266,308.26578
2023-03-04 22:00:00,aqi,PIIANN,193.0000005924254,171.04378
2022-08-04 05:00:00,aqi,PIIANN,375.0000004951604,371.4572
2023-03-13 00:00:00,aqi,PIIANN,236.00000006245943,331.6521
2023-06-07 06:00:00,aqi,PIIANN,83.9999942089758,88.83676
2025-01-04 20:00:00,aqi,PIIANN,263.9999996001552,277.53824
2022-10-06 14:00:00,aqi,PIIANN,391.99999881600434,391.35938
2022-02-01 20:00:00,aqi,PIIANN,428.0000054770484,419.2677
2021-03-07 23:00:00,aqi,PIIANN,113.99999562443239,96.74249
2021-09-06 14:00:00,aqi,PIIANN,386.0000059766573,376.23688
2023-03-02 04:00:00,aqi,PIIANN,266.00000031483097,266.642
2024-12-12 20:00:00,aqi,PIIANN,358.00000217431636,353.05148
2021-03-04 03:00:00,aqi,PIIANN,257.00000020035003,257.89062
2025-12-04 17:00:00,aqi,PIIANN,236.00000006245943,231.941
2022-07-06 04:00:00,aqi,PIIANN,271.0000005507404,267.97495
2023-03-02 17:00:00,aqi,PIIANN,232.0000001838879,237.0143
2022-05-07 17:00:00,aqi,PIIANN,142.99999823333113,144.2102
2022-04-03 19:00:00,aqi,PIIANN,229.00000027495923,219.50658
2025-01-01 12:00:00,aqi,PIIANN,376.99999810827603,372.24142
2022-05-08 00:00:00,aqi,PIIANN,188.00000035651598,168.07692
2024-03-03 02:00:00,aqi,PIIANN,101.00000493606021,95.74652
2021-04-07 10:00:00,aqi,PIIANN,147.99999846924055,153.37444
2022-03-02 13:00:00,aqi,PIIANN,340.9999976503522,338.58453
2024-10-11 21:00:00,aqi,PIIANN,363.0000024102258,385.1476
2022-02-13 02:00:00,aqi,PIIANN,236.00000006245943,378.87732
2023-03-11 19:00:00,aqi,PIIANN,453.0000066565956,465.49844
2022-03-06 17:00:00,aqi,PIIANN,311.0000024380158,311.07178
2023-02-10 13:00:00,aqi,PIIANN,196.00000011365904,203.43779
2021-06-07 10:00:00,aqi,PIIANN,179.9999974978128,180.6821
2021-01-09 09:00:00,aqi,PIIANN,236.00000006245943,192.04993
2022-07-07 03:00:00,aqi,PIIANN,236.00000006245943,199.54602
2023-11-07 22:00:00,aqi,PIIANN,59.999998039106714,50.080822
2024-04-07 13:00:00,aqi,PIIANN,113.99999562443239,128.79076
2024-06-10 06:00:00,aqi,PIIANN,191.99999868430746,188.88597
2023-10-02 06:00:00,aqi,PIIANN,187.00000154995814,183.5422
2021-12-12 10:00:00,aqi,PIIANN,278.00000150132564,276.39316
2022-12-11 19:00:00,aqi,PIIANN,308.9999986217799,302.59854
2023-07-01 11:00:00,aqi,PIIANN,381.9999983441855,379.4787
2024-03-10 23:00:00,aqi,PIIANN,229.00000027495923,269.39447
2023-08-10 17:00:00,aqi,PIIANN,251.99999996444058,245.60106
2021-09-09 05:00:00,aqi,PIIANN,68.00000089780988,65.96042
2021-02-09 00:00:00,aqi,PIIANN,236.00000006245943,97.77811
2022-01-02 15:00:00,aqi,PIIANN,236.00000006245943,305.59912
2025-08-04 03:00:00,aqi,PIIANN,325.9999969426239,330.20908
2022-07-07 11:00:00,aqi,PIIANN,236.00000006245943,213.91014
2025-01-10 23:00:00,aqi,PIIANN,83.9999942089758,96.037476
2023-03-02 11:00:00,aqi,PIIANN,250.0000000251548,248.85332
2022-01-07 04:00:00,aqi,PIIANN,78.99999397306638,73.978714
2022-09-05 21:00:00,aqi,PIIANN,173.99999845534555,190.62427
2021-08-09 06:00:00,aqi,PIIANN,79.99999898274444,84.62013
2021-04-05 10:00:00,aqi,PIIANN,248.00000008586903,253.88481
2022-08-05 07:00:00,aqi,PIIANN,276.9999995932077,276.949
2021-08-03 07:00:00,aqi,PIIANN,227.0000003356735,232.20932
2025-08-09 15:00:00,aqi,PIIANN,98.00000231326646,85.82187
2023-09-11 23:00:00,aqi,PIIANN,450.0000040338018,407.55057
2021-02-09 16:00:00,aqi,PIIANN,41.999994708584694,41.549786
2021-01-03 03:00:00,aqi,PIIANN,227.0000003356735,235.91199
2025-12-08 08:00:00,aqi,PIIANN,172.00000084222984,167.41867
2025-04-06 03:00:00,aqi,PIIANN,233.00000015353078,229.04074
2023-07-04 05:00:00,aqi,PIIANN,179.9999974978128,175.39616
2022-07-11 05:00:00,aqi,PIIANN,353.9999945418446,343.49335
2022-07-01 09:00:00,aqi,PIIANN,250.0000000251548,245.28441
2021-07-05 07:00:00,aqi,PIIANN,116.99999824722613,116.72487
2023-03-09 04:00:00,aqi,PIIANN,251.99999996444058,241.37494
2023-05-11 06:00:00,aqi,PIIANN,474.0000002036709,476.9366
2023-11-01 16:00:00,aqi,PIIANN,307.9999998152221,313.4337
2024-03-01 15:00:00,aqi,PIIANN,373.9999954854823,376.03082
2023-07-10 01:00:00,aqi,PIIANN,312.0000012445737,327.8538
2021-03-07 19:00:00,aqi,PIIANN,118.0000032569042,146.95712
2024-01-08 13:00:00,aqi,PIIANN,46.00000234105647,66.516235
2023-03-02 21:00:00,aqi,PIIANN,235.00000009281655,228.54674
2021-05-04 01:00:00,aqi,PIIANN,266.99999912138884,272.90576
2024-02-02 06:00:00,aqi,PIIANN,203.99999987080213,193.97813
2024-04-09 22:00:00,aqi,PIIANN,106.00000517196963,113.678116
2025-10-02 16:00:00,aqi,PIIANN,340.9999976503522,335.74557
2021-10-12 00:00:00,aqi,PIIANN,348.99999430593516,358.8458
2025-03-03 19:00:00,aqi,PIIANN,214.00000034262098,211.47581
2024-07-05 14:00:00,aqi,PIIANN,381.9999983441855,373.13928
2024-08-08 16:00:00,aqi,PIIANN,236.00000006245943,43.730175
2022-09-08 11:00:00,aqi,PIIANN,156.00000132794372,143.58754
2024-01-07 00:00:00,aqi,PIIANN,302.99999957931266,266.4279
2023-09-04 19:00:00,aqi,PIIANN,297.0000005368454,290.04572
2024-09-03 16:00:00,aqi,PIIANN,177.0000010781393,176.564
2023-12-04 21:00:00,aqi,PIIANN,303.9999983858705,317.68167
2024-04-07 16:00:00,aqi,PIIANN,96.9999973035884,97.70625
2023-10-12 07:00:00,aqi,PIIANN,236.00000006245943,321.4191
2025-06-08 20:00:00,aqi,PIIANN,236.00000006245943,141.1954
2025-12-04 23:00:00,aqi,PIIANN,236.00000006245943,150.56056
2023-03-09 20:00:00,aqi,PIIANN,212.9999999852831,225.97571
2022-01-08 00:00:00,aqi,PIIANN,64.00000567157852,117.71196
2025-06-07 06:00:00,aqi,PIIANN,118.99999586034181,115.53868
2025-08-01 13:00:00,aqi,PIIANN,348.0000017024975,344.98804
2024-06-07 21:00:00,aqi,PIIANN,173.99999845534555,166.53094
2025-06-10 20:00:00,aqi,PIIANN,113.99999562443239,99.14978
2022-04-11 17:00:00,aqi,PIIANN,486.00001069484586,477.9678
2021-08-09 22:00:00,aqi,PIIANN,63.00000066190046,62.667095
2022-02-07 10:00:00,aqi,PIIANN,84.99999921865387,77.56894
2025-01-06 05:00:00,aqi,PIIANN,287.99999887158435,288.9587
2024-07-12 16:00:00,aqi,PIIANN,269.9999986426225,267.15662
2021-10-12 18:00:00,aqi,PIIANN,338.00000123067866,338.72678
2023-08-12 03:00:00,aqi,PIIANN,376.99999810827603,374.19186
2024-11-06 15:00:00,aqi,PIIANN,306.00000220210643,302.6833
2025-10-03 16:00:00,aqi,PIIANN,240.99999991067384,240.9267
2021-04-10 15:00:00,aqi,PIIANN,130.00000134183875,130.35234
2025-11-11 17:00:00,aqi,PIIANN,460.00000450562067,456.57007
2021-02-11 07:00:00,aqi,PIIANN,302.99999957931266,301.17468
2021-06-11 22:00:00,aqi,PIIANN,461.9999897124959,472.2778
2025-05-12 23:00:00,aqi,PIIANN,370.00000025925095,351.83005
2024-12-02 07:00:00,aqi,PIIANN,330.99999717853336,324.4445
2025-04-11 18:00:00,aqi,PIIANN,342.00000266003025,342.8121
2024-08-10 10:00:00,aqi,PIIANN,209.00000010671155,225.22786
2025-12-08 15:00:00,aqi,PIIANN,173.99999845534555,172.63246
2021-06-10 08:00:00,aqi,PIIANN,116.0000056437885,118.52663
2021-07-02 07:00:00,aqi,PIIANN,274.00000007197406,270.57367
2022-03-01 12:00:00,aqi,PIIANN,413.0000047693201,415.29413
2021-11-03 09:00:00,aqi,PIIANN,266.99999912138884,277.49213
2021-07-03 18:00:00,aqi,PIIANN,344.9999990797038,336.00168
2021-07-10 20:00:00,aqi,PIIANN,148.9999972757984,151.08435
2025-04-08 06:00:00,aqi,PIIANN,223.9999992636598,222.39076
2024-05-02 22:00:00,aqi,PIIANN,130.99999394527634,168.74538
2021-11-04 20:00:00,aqi,PIIANN,299.99999695651894,294.188
2024-10-01 16:00:00,aqi,PIIANN,308.9999986217799,308.40796
2023-08-06 19:00:00,aqi,PIIANN,198.00000082833486,183.79
2022-04-07 10:00:00,aqi,PIIANN,118.0000032569042,108.89748
2021-01-02 19:00:00,aqi,PIIANN,442.00000117509865,413.84998
2025-09-06 09:00:00,aqi,PIIANN,306.00000220210643,305.953
2021-11-13 02:00:00,aqi,PIIANN,236.00000006245943,308.60474
2022-03-09 04:00:00,aqi,PIIANN,158.99999774761727,156.23085
2025-05-04 12:00:00,aqi,PIIANN,233.00000015353078,243.92303
2023-09-07 08:00:00,aqi,PIIANN,69.00000590748795,65.95897
2021-05-03 16:00:00,aqi,PIIANN,348.0000017024975,342.0532
2021-09-02 22:00:00,aqi,PIIANN,236.00000006245943,281.80786
2021-12-07 12:00:00,aqi,PIIANN,93.00000207735704,91.478226
2024-10-10 08:00:00,aqi,PIIANN,179.9999974978128,182.24025
2023-11-07 03:00:00,aqi,PIIANN,236.00000006245943,47.48617
2022-05-01 14:00:00,aqi,PIIANN,410.999994749964,428.5169
2021-05-10 14:00:00,aqi,PIIANN,137.9999979974217,138.34705
2023-05-09 23:00:00,aqi,PIIANN,151.99999989859214,178.73744
2023-12-01 10:00:00,aqi,PIIANN,390.9999938063263,380.3716
2023-06-02 16:00:00,aqi,PIIANN,339.99999884379434,331.05426
2023-09-09 14:00:00,aqi,PIIANN,44.99999733137844,42.966564
2023-01-08 04:00:00,aqi,PIIANN,133.99999656807012,133.0586
2022-09-12 17:00:00,aqi,PIIANN,335.99999741444276,335.7508
2021-05-02 15:00:00,aqi,PIIANN,236.00000006245943,258.84772
2024-02-07 20:00:00,aqi,PIIANN,225.99999997833558,225.73758
2023-10-05 13:00:00,aqi,PIIANN,266.00000031483097,269.97226
2024-04-03 05:00:00,aqi,PIIANN,162.99999917696886,154.52043
2024-07-05 07:00:00,aqi,PIIANN,358.999994777754,357.90063
2021-04-03 19:00:00,aqi,PIIANN,370.00000025925095,365.88745
2024-02-10 13:00:00,aqi,PIIANN,268.9999998360646,267.55978
2024-08-01 17:00:00,aqi,PIIANN,376.99999810827603,372.00543
2023-04-01 10:00:00,aqi,PIIANN,371.99999787236663,366.0892
2023-09-02 08:00:00,aqi,PIIANN,242.9999998499596,239.26785
2025-02-11 04:00:00,aqi,PIIANN,393.9999964291201,385.8228
2023-09-05 12:00:00,aqi,PIIANN,284.0000005437929,282.5956
2025-12-03 00:00:00,aqi,PIIANN,308.9999986217799,240.88194
2025-03-01 18:00:00,aqi,PIIANN,363.0000024102258,357.26337
2025-04-10 14:00:00,aqi,PIIANN,116.99999824722613,119.62443
2024-01-08 10:00:00,aqi,PIIANN,56.99999541631297,61.924618
2023-08-02 17:00:00,aqi,PIIANN,168.99999821943612,174.21071
2021-08-11 18:00:00,aqi,PIIANN,410.0000021465264,411.25574
2021-11-07 15:00:00,aqi,PIIANN,94.99999969047272,94.753235
2024-09-06 20:00:00,aqi,PIIANN,186.0000027434003,187.25513
2021-09-02 18:00:00,aqi,PIIANN,236.00000006245943,301.0042
2022-05-06 23:00:00,aqi,PIIANN,299.99999695651894,275.21365
2024-05-11 23:00:00,aqi,PIIANN,410.0000021465264,350.84576
2022-04-10 03:00:00,aqi,PIIANN,145.00000204956703,137.66512
2025-11-04 22:00:00,aqi,PIIANN,193.99999939898328,196.77687
2023-05-08 18:00:00,aqi,PIIANN,113.00000302099475,114.59866
2021-09-07 06:00:00,aqi,PIIANN,223.9999992636598,222.72772
2021-03-04 16:00:00,aqi,PIIANN,248.99999966781692,246.09729
2023-07-04 10:00:00,aqi,PIIANN,201.0000003495685,198.08597
2023-12-06 16:00:00,aqi,PIIANN,227.0000003356735,224.30635
2025-03-03 21:00:00,aqi,PIIANN,218.00000022119252,214.1458
2025-11-07 15:00:00,aqi,PIIANN,155.00000252138588,152.55971
2025-10-06 19:00:00,aqi,PIIANN,339.00000003723653,333.93973
2024-08-08 20:00:00,aqi,PIIANN,46.00000234105647,68.86029
2022-12-03 12:00:00,aqi,PIIANN,214.00000034262098,219.75647
2023-07-05 07:00:00,aqi,PIIANN,276.9999995932077,292.31055
2023-02-06 21:00:00,aqi,PIIANN,150.00000228547646,156.92345
2022-04-12 21:00:00,aqi,PIIANN,413.9999973727578,413.87573
2023-07-06 02:00:00,aqi,PIIANN,151.0000010920343,167.90355
2025-03-08 02:00:00,aqi,PIIANN,128.00000372872304,143.56572
2024-01-09 15:00:00,aqi,PIIANN,162.99999917696886,154.53513
2023-10-06 06:00:00,aqi,PIIANN,182.00000131404872,174.57776
2022-11-07 00:00:00,aqi,PIIANN,83.9999942089758,228.02075
2024-07-04 02:00:00,aqi,PIIANN,220.99999974242616,209.59544
2023-08-09 23:00:00,aqi,PIIANN,81.00000399242248,149.7774
2023-07-10 22:00:00,aqi,PIIANN,289.9999995862602,307.80872
2023-12-06 12:00:00,aqi,PIIANN,198.9999996348927,195.27307
2023-06-10 22:00:00,aqi,PIIANN,303.9999983858705,292.47324
2023-09-10 08:00:00,aqi,PIIANN,219.0000005785304,221.67552
2022-03-03 03:00:00,aqi,PIIANN,261.0000000789215,264.3458
2022-11-12 11:00:00,aqi,PIIANN,236.00000006245943,311.50613
2024-01-08 23:00:00,aqi,PIIANN,71.00000352060363,110.999435
2023-09-02 09:00:00,aqi,PIIANN,248.00000008586903,238.61913
2021-04-09 22:00:00,aqi,PIIANN,58.00000042599103,94.18811
2021-08-11 16:00:00,aqi,PIIANN,408.0000045334107,412.5948
2021-02-10 02:00:00,aqi,PIIANN,172.9999996487877,189.57544
2021-04-03 00:00:00,aqi,PIIANN,268.9999998360646,278.82483
2023-05-11 00:00:00,aqi,PIIANN,460.9999971090583,287.01895
2024-10-02 00:00:00,aqi,PIIANN,209.00000010671155,304.5886
2023-08-11 09:00:00,aqi,PIIANN,438.9999985523049,422.05267
2025-06-09 23:00:00,aqi,PIIANN,101.00000493606021,110.52656
2021-10-09 20:00:00,aqi,PIIANN,83.9999942089758,70.14325
2021-06-08 14:00:00,aqi,PIIANN,133.99999656807012,136.15446
2021-08-02 12:00:00,aqi,PIIANN,358.00000217431636,351.6653
2023-09-10 22:00:00,aqi,PIIANN,266.99999912138884,290.18274
2025-05-05 17:00:00,aqi,PIIANN,135.00000157774815,138.92761
2023-06-11 16:00:00,aqi,PIIANN,443.0000061847767,439.87497
2024-03-04 14:00:00,aqi,PIIANN,251.99999996444058,263.2739
2021-08-08 01:00:00,aqi,PIIANN,128.00000372872304,119.28046
2021-05-09 16:00:00,aqi,PIIANN,86.00000422833193,80.00482
2024-07-12 06:00:00,aqi,PIIANN,271.99999935729824,272.9711
2023-08-09 08:00:00,aqi,PIIANN,103.99999515261354,102.072205
2023-05-10 16:00:00,aqi,PIIANN,236.00000006245943,325.2364
2025-05-01 20:00:00,aqi,PIIANN,376.99999810827603,380.3004
2023-05-10 11:00:00,aqi,PIIANN,236.00000006245943,347.26178
2022-01-06 02:00:00,aqi,PIIANN,324.9999981360661,310.61172
2024-07-08 03:00:00,aqi,PIIANN,49.000004963850216,38.636105
2024-02-11 17:00:00,aqi,PIIANN,323.00000052295036,307.93933
2022-02-03 06:00:00,aqi,PIIANN,269.9999986426225,269.7994
2021-02-03 05:00:00,aqi,PIIANN,317.0000014804831,315.79086
2022-04-08 20:00:00,aqi,PIIANN,150.00000228547646,165.1608
2021-11-04 23:00:00,aqi,PIIANN,297.0000005368454,278.87057
2021-01-12 23:00:00,aqi,PIIANN,415.9999949858734,383.88477
2021-07-07 17:00:00,aqi,PIIANN,259.99999972158366,264.57123
2023-05-13 00:00:00,aqi,PIIANN,236.00000006245943,304.58066
2021-01-11 02:00:00,aqi,PIIANN,292.9999991074938,303.7955
2024-09-02 21:00:00,aqi,PIIANN,193.99999939898328,198.30426
2024-12-10 02:00:00,aqi,PIIANN,229.99999985690712,226.86162
2023-07-05 18:00:00,aqi,PIIANN,262.9999992428173,248.15884
2022-12-02 06:00:00,aqi,PIIANN,225.99999997833558,220.29292
2024-01-04 17:00:00,aqi,PIIANN,196.00000011365904,193.2388
2023-10-07 01:00:00,aqi,PIIANN,236.00000006245943,48.329464
2023-09-04 10:00:00,aqi,PIIANN,291.0000014943781,294.6085
2021-04-03 22:00:00,aqi,PIIANN,368.0000026461353,370.91302
2022-05-10 11:00:00,aqi,PIIANN,173.99999845534555,168.29951
2025-12-10 07:00:00,aqi,PIIANN,190.99999987774964,189.84178
2021-09-05 08:00:00,aqi,PIIANN,126.00000611560736,127.05342
2024-09-09 15:00:00,aqi,PIIANN,268.9999998360646,268.6959
2025-03-01 15:00:00,aqi,PIIANN,363.99999501366347,361.4322
2022-08-08 03:00:00,aqi,PIIANN,118.99999586034181,112.565575
2024-01-01 11:00:00,aqi,PIIANN,236.00000006245943,314.6292
2022-10-13 00:00:00,aqi,PIIANN,236.00000006245943,357.76996
2024-01-07 06:00:00,aqi,PIIANN,259.99999972158366,262.999
2024-09-05 17:00:00,aqi,PIIANN,176.00000227158145,196.65579
2025-04-10 18:00:00,aqi,PIIANN,116.99999824722613,121.322914
2022-06-05 11:00:00,aqi,PIIANN,289.9999995862602,286.75507
2022-09-11 02:00:00,aqi,PIIANN,390.9999938063263,366.79517
2024-12-03 10:00:00,aqi,PIIANN,219.0000005785304,223.26802
2024-04-03 07:00:00,aqi,PIIANN,151.0000010920343,160.57677
2022-01-12 12:00:00,aqi,PIIANN,236.00000006245943,363.86035
2024-09-11 03:00:00,aqi,PIIANN,385.0000009669792,391.30576
2022-12-02 01:00:00,aqi,PIIANN,232.0000001838879,221.69633
2022-05-02 17:00:00,aqi,PIIANN,237.00000003210232,225.51894
2021-11-06 20:00:00,aqi,PIIANN,147.99999846924055,151.10678
2024-05-03 13:00:00,aqi,PIIANN,121.99999848313556,117.57629
2023-02-04 22:00:00,aqi,PIIANN,190.00000107119178,157.0396
2023-09-12 13:00:00,aqi,PIIANN,349.9999993156132,348.66245
2023-12-09 16:00:00,aqi,PIIANN,111.00000540787907,102.72266
2023-02-11 22:00:00,aqi,PIIANN,478.99998803333995,479.45044
2024-03-10 03:00:00,aqi,PIIANN,298.9999981499611,289.68823
2025-01-04 08:00:00,aqi,PIIANN,211.00000082138735,220.09937
2022-06-04 21:00:00,aqi,PIIANN,363.0000024102258,363.31927
2021-12-03 16:00:00,aqi,PIIANN,265.0000015082731,256.9698
2021-11-10 10:00:00,aqi,PIIANN,235.00000009281655,236.75891
2023-06-04 18:00:00,aqi,PIIANN,169.99999702599396,163.44568
2023-07-03 04:00:00,aqi,PIIANN,235.00000009281655,232.99614
2022-07-08 05:00:00,aqi,PIIANN,174.9999972619034,173.83913
2025-03-02 02:00:00,aqi,PIIANN,353.00000193840697,339.6304
2025-09-08 02:00:00,aqi,PIIANN,167.99999941287825,187.87434
2022-04-01 22:00:00,aqi,PIIANN,373.00000288204467,383.12186
2022-01-05 00:00:00,aqi,PIIANN,373.00000288204467,258.4765
2024-12-02 15:00:00,aqi,PIIANN,330.99999717853336,332.17444
2025-01-05 23:00:00,aqi,PIIANN,225.99999997833558,254.41826
2022-06-06 21:00:00,aqi,PIIANN,244.99999978924538,258.77185
2024-01-07 01:00:00,aqi,PIIANN,297.0000005368454,275.17896
2022-09-10 00:00:00,aqi,PIIANN,27.000006407096834,169.75046
2022-11-09 09:00:00,aqi,PIIANN,113.00000302099475,105.823135
2021-03-03 20:00:00,aqi,PIIANN,237.00000003210232,247.75482
2023-08-04 06:00:00,aqi,PIIANN,236.00000006245943,183.7073
2024-05-04 20:00:00,aqi,PIIANN,239.00000001984995,241.91975
2025-05-09 02:00:00,aqi,PIIANN,53.00000019008161,31.046278
2022-12-05 07:00:00,aqi,PIIANN,156.00000132794372,166.25623
2022-10-05 06:00:00,aqi,PIIANN,156.00000132794372,159.98946
2025-07-03 20:00:00,aqi,PIIANN,340.9999976503522,325.71964
2021-09-11 05:00:00,aqi,PIIANN,420.9999952217829,418.67557
2021-01-09 05:00:00,aqi,PIIANN,236.00000006245943,117.20247
2024-07-04 03:00:00,aqi,PIIANN,219.0000005785304,202.68993
2023-10-08 21:00:00,aqi,PIIANN,168.99999821943612,152.31874
2022-02-06 10:00:00,aqi,PIIANN,262.9999992428173,271.88937
2021-09-11 23:00:00,aqi,PIIANN,418.9999976086672,365.00308
2022-12-02 10:00:00,aqi,PIIANN,225.99999997833558,224.6002
2022-10-12 04:00:00,aqi,PIIANN,349.9999993156132,338.1817
2024-04-11 11:00:00,aqi,PIIANN,391.99999881600434,393.91263
2022-11-11 01:00:00,aqi,PIIANN,299.99999695651894,352.88986
2024-10-12 02:00:00,aqi,PIIANN,216.9999998638546,224.73033
2025-03-05 17:00:00,aqi,PIIANN,258.99999936424575,254.08617
2024-10-02 21:00:00,aqi,PIIANN,368.99999524957286,361.58423
2022-11-12 22:00:00,aqi,PIIANN,236.00000006245943,262.5065
2024-12-02 03:00:00,aqi,PIIANN,335.99999741444276,324.49948
2021-10-02 07:00:00,aqi,PIIANN,236.00000006245943,330.46747
2025-06-08 07:00:00,aqi,PIIANN,236.00000006245943,208.15527
2022-02-04 02:00:00,aqi,PIIANN,340.9999976503522,347.16248
2025-04-11 14:00:00,aqi,PIIANN,343.0000014665881,351.65494
2024-11-08 11:00:00,aqi,PIIANN,98.00000231326646,91.29724
2024-08-04 21:00:00,aqi,PIIANN,312.0000012445737,318.21188
2022-12-03 05:00:00,aqi,PIIANN,206.00000058547792,204.32483
2022-05-09 12:00:00,aqi,PIIANN,118.99999586034181,116.89446
2025-06-11 02:00:00,aqi,PIIANN,236.00000006245943,268.1034
2023-01-03 19:00:00,aqi,PIIANN,240.00000003795472,238.90938
2023-07-09 01:00:00,aqi,PIIANN,133.99999656807012,160.2153
2023-04-05 18:00:00,aqi,PIIANN,152.99999870514998,141.67278
2024-03-03 23:00:00,aqi,PIIANN,152.99999870514998,160.10498
2025-09-07 03:00:00,aqi,PIIANN,169.99999702599396,173.29335
2023-03-11 05:00:00,aqi,PIIANN,494.00000114730864,494.90982
2022-06-01 21:00:00,aqi,PIIANN,236.00000006245943,303.13382
2023-01-04 22:00:00,aqi,PIIANN,96.9999973035884,91.70819
2024-07-12 01:00:00,aqi,PIIANN,261.0000000789215,286.0441
2022-02-02 08:00:00,aqi,PIIANN,366.00000503301953,364.57376
2025-12-11 03:00:00,aqi,PIIANN,443.9999987882143,442.70425
2021-08-06 08:00:00,aqi,PIIANN,219.99999938508824,227.59868
2025-12-08 19:00:00,aqi,PIIANN,172.9999996487877,172.2258
2021-01-03 07:00:00,aqi,PIIANN,246.0000001465833,243.26349
2025-07-03 19:00:00,aqi,PIIANN,337.00000242412085,323.81543
2021-11-05 19:00:00,aqi,PIIANN,128.00000372872304,136.72299
2021-06-07 02:00:00,aqi,PIIANN,183.00000012060656,193.59233
2021-09-04 18:00:00,aqi,PIIANN,250.0000000251548,241.0418
2023-10-09 17:00:00,aqi,PIIANN,37.9999994823533,27.32289
2021-09-12 23:00:00,aqi,PIIANN,351.0000043252913,342.68637
2022-09-01 14:00:00,aqi,PIIANN,236.00000006245943,202.54214
2021-01-05 12:00:00,aqi,PIIANN,263.9999996001552,269.49683
2021-12-11 08:00:00,aqi,PIIANN,478.99998803333995,469.49808
2023-09-12 12:00:00,aqi,PIIANN,349.9999993156132,349.93124
2024-06-04 11:00:00,aqi,PIIANN,261.0000000789215,258.17844
2023-10-02 23:00:00,aqi,PIIANN,209.00000010671155,238.87654
2021-03-03 05:00:00,aqi,PIIANN,258.0000005576879,249.39722
2021-05-11 03:00:00,aqi,PIIANN,236.00000006245943,422.54587
2025-01-10 19:00:00,aqi,PIIANN,76.00000375651305,79.97595
2024-05-06 22:00:00,aqi,PIIANN,299.99999695651894,306.80505
2025-03-05 11:00:00,aqi,PIIANN,254.9999994856742,256.27594
2024-12-06 16:00:00,aqi,PIIANN,271.99999935729824,276.40845
2022-04-05 05:00:00,aqi,PIIANN,337.00000242412085,345.7611
2025-04-04 22:00:00,aqi,PIIANN,236.00000006245943,366.20016
2024-11-07 10:00:00,aqi,PIIANN,206.99999939203576,202.28278
2022-11-04 04:00:00,aqi,PIIANN,373.00000288204467,363.3777
2024-06-04 19:00:00,aqi,PIIANN,246.99999972853115,246.95842
2022-01-04 06:00:00,aqi,PIIANN,342.00000266003025,342.7151
2025-11-01 19:00:00,aqi,PIIANN,236.00000006245943,334.80826
2023-05-07 02:00:00,aqi,PIIANN,141.9999994267733,128.61076
2025-03-11 15:00:00,aqi,PIIANN,334.99999860788495,332.9955
2025-02-05 15:00:00,aqi,PIIANN,198.9999996348927,191.64417
2021-11-06 11:00:00,aqi,PIIANN,148.9999972757984,149.51012
2024-02-10 08:00:00,aqi,PIIANN,266.00000031483097,273.75085
2022-12-10 19:00:00,aqi,PIIANN,123.99999609625125,127.81803
2024-03-05 14:00:00,aqi,PIIANN,327.000001952302,330.51685
2022-11-05 10:00:00,aqi,PIIANN,148.9999972757984,163.66914
2023-06-08 02:00:00,aqi,PIIANN,111.9999980113167,105.827255
2022-11-04 15:00:00,aqi,PIIANN,358.999994777754,366.25314
2023-04-09 21:00:00,aqi,PIIANN,181.00000250749088,176.7831
2021-10-10 01:00:00,aqi,PIIANN,244.99999978924538,262.6296
2021-08-03 10:00:00,aqi,PIIANN,198.9999996348927,207.51334
2023-12-08 21:00:00,aqi,PIIANN,176.00000227158145,169.62074
2022-05-04 20:00:00,aqi,PIIANN,348.0000017024975,342.13477
2022-09-08 12:00:00,aqi,PIIANN,236.00000006245943,144.55023
2025-05-07 15:00:00,aqi,PIIANN,121.00000587969794,120.922
2022-06-10 13:00:00,aqi,PIIANN,88.99999444488523,88.7303
2025-07-12 18:00:00,aqi,PIIANN,359.9999997874321,361.30588
2022-10-02 14:00:00,aqi,PIIANN,193.99999939898328,201.38153
2021-06-06 14:00:00,aqi,PIIANN,137.9999979974217,138.23451
2021-04-07 15:00:00,aqi,PIIANN,145.00000204956703,150.6339
2024-10-02 03:00:00,aqi,PIIANN,208.0000013001537,210.25092
2023-07-08 11:00:00,aqi,PIIANN,126.00000611560736,129.4417
2021-02-02 09:00:00,aqi,PIIANN,433.9999983163955,435.65027
2021-12-12 08:00:00,aqi,PIIANN,279.00000030788345,276.1352
2024-10-09 09:00:00,aqi,PIIANN,158.99999774761727,161.78995
2025-07-11 17:00:00,aqi,PIIANN,351.99999692872893,341.05267
2025-11-07 16:00:00,aqi,PIIANN,157.0000001345016,153.68492
2025-09-09 15:00:00,aqi,PIIANN,140.0000018136576,138.86055
2021-03-09 07:00:00,aqi,PIIANN,66.0000032846942,71.87338
2022-12-03 15:00:00,aqi,PIIANN,216.9999998638546,221.24779
2024-07-06 13:00:00,aqi,PIIANN,258.99999936424575,262.4098
2022-05-08 09:00:00,aqi,PIIANN,93.99999468079466,104.99501
2023-05-02 20:00:00,aqi,PIIANN,257.00000020035003,256.7278
2025-07-10 03:00:00,aqi,PIIANN,63.00000066190046,55.03361
2023-09-03 01:00:00,aqi,PIIANN,203.0000010642443,209.2462
2022-07-08 03:00:00,aqi,PIIANN,158.99999774761727,154.20494
2022-07-04 09:00:00,aqi,PIIANN,375.0000004951604,371.08493
2025-02-05 21:00:00,aqi,PIIANN,152.99999870514998,144.93364
2021-01-09 20:00:00,aqi,PIIANN,236.00000006245943,44.958874
2022-10-12 18:00:00,aqi,PIIANN,390.9999938063263,398.6947
2022-03-08 04:00:00,aqi,PIIANN,156.00000132794372,156.90364
2024-10-12 01:00:00,aqi,PIIANN,216.9999998638546,259.03635
2023-02-04 09:00:00,aqi,PIIANN,128.99999633216066,131.36452
2024-05-07 10:00:00,aqi,PIIANN,147.99999846924055,141.84874
2021-08-09 04:00:00,aqi,PIIANN,83.9999942089758,80.939545
2024-08-12 09:00:00,aqi,PIIANN,335.99999741444276,341.65744
2021-06-10 02:00:00,aqi,PIIANN,113.99999562443239,130.84337
2021-03-09 08:00:00,aqi,PIIANN,66.99999588813182,78.48328
2025-08-02 09:00:00,aqi,PIIANN,242.9999998499596,240.87155
2025-02-03 01:00:00,aqi,PIIANN,162.000000370411,150.49348
2022-11-09 12:00:00,aqi,PIIANN,108.99999538852296,106.046326
2023-06-04 12:00:00,aqi,PIIANN,173.99999845534555,164.84673
2023-03-09 08:00:00,aqi,PIIANN,253.0000003217785,253.66417
2021-12-07 15:00:00,aqi,PIIANN,93.99999468079466,91.710526
2024-08-02 21:00:00,aqi,PIIANN,196.00000011365904,192.87814
2024-06-09 14:00:00,aqi,PIIANN,146.9999996626827,137.23108
2025-10-01 11:00:00,aqi,PIIANN,442.00000117509865,439.2796
2022-01-10 22:00:00,aqi,PIIANN,240.00000003795472,242.32146
2021-07-06 02:00:00,aqi,PIIANN,179.9999974978128,189.66211
2022-06-12 08:00:00,aqi,PIIANN,373.9999954854823,374.28604
2024-04-09 06:00:00,aqi,PIIANN,105.00000016229157,95.401474
2023-06-13 00:00:00,aqi,PIIANN,236.00000006245943,291.16257
2022-11-09 11:00:00,aqi,PIIANN,111.00000540787907,102.68727
2024-02-12 10:00:00,aqi,PIIANN,301.000001966197,302.36673
2021-04-11 05:00:00,aqi,PIIANN,323.9999993295082,330.283
2022-08-09 18:00:00,aqi,PIIANN,169.99999702599396,175.25656
2022-03-04 05:00:00,aqi,PIIANN,313.0000000511315,310.2703
2023-12-06 00:00:00,aqi,PIIANN,167.99999941287825,238.57858
2022-10-11 14:00:00,aqi,PIIANN,297.0000005368454,293.60553
2024-06-03 16:00:00,aqi,PIIANN,172.00000084222984,167.14526
2025-03-08 14:00:00,aqi,PIIANN,163.99999798352667,168.5709
2024-02-03 21:00:00,aqi,PIIANN,123.99999609625125,129.3734
2022-09-03 03:00:00,aqi,PIIANN,306.00000220210643,312.5087
2021-02-06 20:00:00,aqi,PIIANN,146.00000085612487,140.70876
2025-04-02 20:00:00,aqi,PIIANN,368.99999524957286,369.21317
2022-07-06 18:00:00,aqi,PIIANN,371.99999787236663,368.71298
2025-03-04 05:00:00,aqi,PIIANN,313.9999988576894,320.73853
2023-11-12 09:00:00,aqi,PIIANN,366.00000503301953,359.86426
2025-03-12 05:00:00,aqi,PIIANN,393.9999964291201,397.17325
2022-11-03 13:00:00,aqi,PIIANN,219.0000005785304,219.13545
2021-11-01 19:00:00,aqi,PIIANN,236.00000006245943,261.19458
2024-02-12 19:00:00,aqi,PIIANN,311.0000024380158,306.68857
2024-11-07 19:00:00,aqi,PIIANN,167.00000060632044,172.66316
2022-02-07 04:00:00,aqi,PIIANN,89.9999994545633,84.31232
2021-06-06 11:00:00,aqi,PIIANN,131.99999895495444,128.14761
2025-10-01 22:00:00,aqi,PIIANN,428.0000054770484,404.1233
2024-11-08 21:00:00,aqi,PIIANN,86.99999683176955,69.49495
2021-08-04 11:00:00,aqi,PIIANN,220.99999974242616,215.65393
2023-11-04 21:00:00,aqi,PIIANN,388.000003589773,383.92737
2023-01-02 07:00:00,aqi,PIIANN,182.00000131404872,179.50603
2025-04-02 14:00:00,aqi,PIIANN,311.0000024380158,318.1003
2025-05-05 23:00:00,aqi,PIIANN,123.99999609625125,153.79823
2024-01-06 10:00:00,aqi,PIIANN,328.0000007588598,321.17667
2023-06-11 11:00:00,aqi,PIIANN,466.00000975120815,451.86044
2025-01-12 02:00:00,aqi,PIIANN,330.99999717853336,333.3744
2021-11-02 20:00:00,aqi,PIIANN,408.9999971368483,408.45285
2023-09-05 09:00:00,aqi,PIIANN,261.0000000789215,258.159
2021-08-02 09:00:00,aqi,PIIANN,353.00000193840697,352.4083
2024-10-07 06:00:00,aqi,PIIANN,262.0000004362594,237.1753
2022-08-06 00:00:00,aqi,PIIANN,408.9999971368483,280.3017
2023-02-02 17:00:00,aqi,PIIANN,261.0000000789215,261.12064
2025-05-02 18:00:00,aqi,PIIANN,304.99999719242834,314.9953
2023-04-03 21:00:00,aqi,PIIANN,160.0000027572953,158.21236
2024-12-12 21:00:00,aqi,PIIANN,361.00000479711014,349.65836
2022-01-10 21:00:00,aqi,PIIANN,237.00000003210232,229.86258
2022-04-04 03:00:00,aqi,PIIANN,302.99999957931266,288.8092
2024-07-10 17:00:00,aqi,PIIANN,173.99999845534555,169.44688
2021-07-03 13:00:00,aqi,PIIANN,348.99999430593516,350.58026
2024-02-07 06:00:00,aqi,PIIANN,181.00000250749088,197.63602
2023-07-01 22:00:00,aqi,PIIANN,373.00000288204467,358.67578
2024-07-03 20:00:00,aqi,PIIANN,240.99999991067384,241.33322
2021-12-10 20:00:00,aqi,PIIANN,292.000000300936,291.9336
2023-01-05 07:00:00,aqi,PIIANN,120.00000087001987,116.35748
2022-06-10 18:00:00,aqi,PIIANN,76.00000375651305,82.54022
2021-10-08 21:00:00,aqi,PIIANN,128.00000372872304,125.228676
2025-11-12 03:00:00,aqi,PIIANN,323.00000052295036,315.53043
2024-02-02 13:00:00,aqi,PIIANN,232.0000001838879,219.2881
2025-07-03 04:00:00,aqi,PIIANN,253.0000003217785,247.75862
2022-05-09 19:00:00,aqi,PIIANN,126.50000241732617,126.18946
2024-06-12 23:00:00,aqi,PIIANN,251.99999996444058,271.70624
2021-02-02 22:00:00,aqi,PIIANN,408.9999971368483,422.2388
2023-10-05 00:00:00,aqi,PIIANN,307.9999998152221,266.21597
2024-01-11 15:00:00,aqi,PIIANN,351.0000043252913,355.9854
2023-11-04 12:00:00,aqi,PIIANN,343.99999407002576,346.9368
2022-07-07 01:00:00,aqi,PIIANN,236.00000006245943,151.30762
2025-06-08 11:00:00,aqi,PIIANN,236.00000006245943,232.29597
2024-03-06 14:00:00,aqi,PIIANN,183.9999989271644,187.26909
2021-11-10 11:00:00,aqi,PIIANN,232.0000001838879,235.77246
2022-01-02 05:00:00,aqi,PIIANN,422.00000023146094,413.70038
2025-10-09 21:00:00,aqi,PIIANN,86.99999683176955,83.07655
2024-05-06 10:00:00,aqi,PIIANN,284.9999993503507,281.7387
2025-12-05 05:00:00,aqi,PIIANN,158.99999774761727,166.5892
2023-09-01 18:00:00,aqi,PIIANN,443.9999987882143,441.20728
2021-11-07 05:00:00,aqi,PIIANN,89.9999994545633,96.2323
2025-02-06 03:00:00,aqi,PIIANN,216.9999998638546,212.68495
2025-12-11 10:00:00,aqi,PIIANN,440.9999961654206,433.43842
2023-11-05 11:00:00,aqi,PIIANN,342.00000266003025,341.05267
2024-04-06 12:00:00,aqi,PIIANN,244.99999978924538,240.01051
2022-02-06 17:00:00,aqi,PIIANN,259.99999972158366,259.2538
2024-02-03 11:00:00,aqi,PIIANN,160.0000027572953,151.43477
2023-09-06 15:00:00,aqi,PIIANN,215.99999950651673,218.2412
2024-05-09 23:00:00,aqi,PIIANN,103.99999515261354,115.6523
2022-10-02 21:00:00,aqi,PIIANN,203.0000010642443,183.89062
2022-10-06 13:00:00,aqi,PIIANN,383.99999595730117,387.61575
2023-08-07 16:00:00,aqi,PIIANN,69.99999851092556,70.36975
2021-03-10 09:00:00,aqi,PIIANN,111.00000540787907,118.75917
2022-11-01 14:00:00,aqi,PIIANN,266.00000031483097,264.11676
2021-02-07 18:00:00,aqi,PIIANN,346.9999966928195,336.87198
2023-01-02 18:00:00,aqi,PIIANN,188.00000035651598,245.82233
2022-02-11 05:00:00,aqi,PIIANN,383.0000033538636,389.86295
2025-12-10 20:00:00,aqi,PIIANN,177.99999988469713,180.19012
2022-03-09 08:00:00,aqi,PIIANN,162.99999917696886,160.08517
2022-06-03 03:00:00,aqi,PIIANN,168.99999821943612,170.59824
2023-02-09 06:00:00,aqi,PIIANN,204.99999867735997,204.03116
2024-03-09 11:00:00,aqi,PIIANN,128.00000372872304,119.8027
2022-12-03 09:00:00,aqi,PIIANN,208.0000013001537,217.14655
2025-05-09 01:00:00,aqi,PIIANN,51.000002576965926,39.38014
2023-06-07 00:00:00,aqi,PIIANN,86.99999683176955,187.13992
2021-04-10 00:00:00,aqi,PIIANN,121.99999848313556,122.24578
2021-06-09 03:00:00,aqi,PIIANN,88.00000184144761,82.228455
2022-08-09 19:00:00,aqi,PIIANN,171.00000203567203,178.08276
2021-11-04 16:00:00,aqi,PIIANN,299.99999695651894,306.74164
2022-06-12 19:00:00,aqi,PIIANN,388.99999619321056,386.13
2024-04-12 08:00:00,aqi,PIIANN,243.9999998196025,248.90436
2025-11-10 07:00:00,aqi,PIIANN,229.99999985690712,234.77435
2023-10-01 23:00:00,aqi,PIIANN,366.99999763645724,339.78622
2022-11-04 01:00:00,aqi,PIIANN,371.99999787236663,386.57175
2024-02-13 02:00:00,aqi,PIIANN,236.00000006245943,327.66574
2023-10-09 00:00:00,aqi,PIIANN,41.00000210514705,170.65173
2025-07-08 09:00:00,aqi,PIIANN,196.00000011365904,196.93474
2025-12-02 03:00:00,aqi,PIIANN,358.999994777754,352.78674
2024-06-08 17:00:00,aqi,PIIANN,51.000002576965926,47.60516
2024-06-11 06:00:00,aqi,PIIANN,418.0000050052296,399.8858
2022-10-09 00:00:00,aqi,PIIANN,133.00000396463247,172.81757
2021-06-06 02:00:00,aqi,PIIANN,123.00000349281362,124.68308
2024-01-02 22:00:00,aqi,PIIANN,174.9999972619034,184.12471
2024-03-12 13:00:00,aqi,PIIANN,311.0000024380158,310.71188
2025-07-01 14:00:00,aqi,PIIANN,324.9999981360661,326.10037
2025-04-01 19:00:00,aqi,PIIANN,400.0000016747075,397.47916
2024-02-10 19:00:00,aqi,PIIANN,276.0000007866498,272.41135
2022-04-01 10:00:00,aqi,PIIANN,413.0000047693201,409.32077
2022-05-12 18:00:00,aqi,PIIANN,358.999994777754,358.53323
2024-03-07 05:00:00,aqi,PIIANN,214.00000034262098,217.62926
2022-03-10 14:00:00,aqi,PIIANN,128.00000372872304,129.7041
2025-01-12 11:00:00,aqi,PIIANN,328.9999995654176,318.22748
2023-01-04 15:00:00,aqi,PIIANN,156.00000132794372,99.982056
2022-11-03 15:00:00,aqi,PIIANN,219.99999938508824,221.6949
2025-02-11 17:00:00,aqi,PIIANN,371.000005268929,374.20767
2022-02-12 08:00:00,aqi,PIIANN,395.0000014387981,387.38895
2022-05-07 04:00:00,aqi,PIIANN,133.00000396463247,132.77646
2023-06-05 04:00:00,aqi,PIIANN,248.99999966781692,271.30292
2024-09-06 17:00:00,aqi,PIIANN,190.00000107119178,193.89725
2024-03-12 08:00:00,aqi,PIIANN,319.99999790015664,329.77652
2021-05-12 06:00:00,aqi,PIIANN,339.00000003723653,354.03104
2024-12-06 23:00:00,aqi,PIIANN,276.0000007866498,244.58075
2022-01-07 07:00:00,aqi,PIIANN,58.00000042599103,61.570904
2023-05-13 01:00:00,aqi,PIIANN,236.00000006245943,285.48788
2023-11-12 11:00:00,aqi,PIIANN,363.0000024102258,358.29333
2024-09-07 14:00:00,aqi,PIIANN,211.9999996279452,205.90855
2022-10-03 10:00:00,aqi,PIIANN,225.99999997833558,225.53113
2024-09-12 05:00:00,aqi,PIIANN,332.0000021882114,326.88605
2022-07-01 15:00:00,aqi,PIIANN,231.000000214245,236.63658
2022-11-02 21:00:00,aqi,PIIANN,219.99999938508824,200.83392
2023-06-01 17:00:00,aqi,PIIANN,401.99999928782324,405.77908
2024-07-05 03:00:00,aqi,PIIANN,348.99999430593516,346.34543
2025-05-11 01:00:00,aqi,PIIANN,324.9999981360661,377.40485
2023-01-07 19:00:00,aqi,PIIANN,91.00000446424136,88.38318
2022-06-12 13:00:00,aqi,PIIANN,376.99999810827603,372.92398
2025-07-09 13:00:00,aqi,PIIANN,111.9999980113167,102.033875
2021-05-02 18:00:00,aqi,PIIANN,236.00000006245943,231.94252
2024-05-09 19:00:00,aqi,PIIANN,83.00000160553819,82.4442
2021-06-03 19:00:00,aqi,PIIANN,259.99999972158366,267.66742
2023-01-09 05:00:00,aqi,PIIANN,190.99999987774964,171.78636
2022-08-06 16:00:00,aqi,PIIANN,425.00000285425466,427.93784
2025-09-11 04:00:00,aqi,PIIANN,420.0000026183452,403.97922
2023-07-06 18:00:00,aqi,PIIANN,211.00000082138735,242.92323
2022-08-05 23:00:00,aqi,PIIANN,223.00000045710195,253.24585
2025-07-10 09:00:00,aqi,PIIANN,61.999995652222395,55.87727
2024-02-08 15:00:00,aqi,PIIANN,88.00000184144761,85.823746
2022-07-07 05:00:00,aqi,PIIANN,236.00000006245943,217.97433
2024-01-03 17:00:00,aqi,PIIANN,236.00000006245943,233.56859
2022-09-12 05:00:00,aqi,PIIANN,329.9999983719755,326.08365
2023-08-12 09:00:00,aqi,PIIANN,378.0000031179541,379.97272
2024-02-03 12:00:00,aqi,PIIANN,156.00000132794372,150.41023
2021-04-12 14:00:00,aqi,PIIANN,395.9999940422357,402.67435
2022-03-02 21:00:00,aqi,PIIANN,343.99999407002576,336.67892
2025-04-02 00:00:00,aqi,PIIANN,292.9999991074938,320.95227
2022-05-10 02:00:00,aqi,PIIANN,153.99999751170782,162.85571
2024-05-03 06:00:00,aqi,PIIANN,139.00000300709974,143.8212
2024-09-08 10:00:00,aqi,PIIANN,236.00000006245943,189.10014
2025-05-05 02:00:00,aqi,PIIANN,292.9999991074938,309.03378
2025-03-06 22:00:00,aqi,PIIANN,193.99999939898328,169.03532
2024-01-12 14:00:00,aqi,PIIANN,332.0000021882114,331.46777
2025-10-05 07:00:00,aqi,PIIANN,281.0000010225593,280.9965
2025-10-06 23:00:00,aqi,PIIANN,348.99999430593516,333.1345
2024-03-04 09:00:00,aqi,PIIANN,244.99999978924538,248.63402
2025-09-07 10:00:00,aqi,PIIANN,116.0000056437885,115.39265
2021-10-03 23:00:00,aqi,PIIANN,190.00000107119178,228.48134
2021-01-04 22:00:00,aqi,PIIANN,281.9999998291171,286.86597
2023-01-10 06:00:00,aqi,PIIANN,238.0000000017452,235.97607
2024-10-01 15:00:00,aqi,PIIANN,306.00000220210643,307.10736
2022-06-02 18:00:00,aqi,PIIANN,328.9999995654176,323.63306
2022-01-05 16:00:00,aqi,PIIANN,359.9999997874321,339.9307
2025-02-08 19:00:00,aqi,PIIANN,130.99999394527634,129.33626
2025-08-11 17:00:00,aqi,PIIANN,395.9999940422357,388.78262
2022-08-10 14:00:00,aqi,PIIANN,51.000002576965926,43.67309
2022-11-11 06:00:00,aqi,PIIANN,318.00000028704096,319.9199
2024-08-12 21:00:00,aqi,PIIANN,381.9999983441855,398.89044
2023-05-06 22:00:00,aqi,PIIANN,223.00000045710195,212.81508
2023-06-02 08:00:00,aqi,PIIANN,321.00000290983473,310.59375
2023-12-11 23:00:00,aqi,PIIANN,263.9999996001552,285.14667
2023-11-09 04:00:00,aqi,PIIANN,41.999994708584694,45.201397
2023-03-12 19:00:00,aqi,PIIANN,370.00000025925095,369.5481
2021-12-10 22:00:00,aqi,PIIANN,299.99999695651894,293.46024
2022-11-06 03:00:00,aqi,PIIANN,415.9999949858734,412.00665
2025-04-10 01:00:00,aqi,PIIANN,88.00000184144761,139.51793
2025-07-12 17:00:00,aqi,PIIANN,361.9999974005478,356.92065
2023-03-06 22:00:00,aqi,PIIANN,184.99999773372224,188.53648
2022-01-03 15:00:00,aqi,PIIANN,231.000000214245,232.98334
2025-04-10 19:00:00,aqi,PIIANN,120.00000087001987,121.29832
2023-04-05 13:00:00,aqi,PIIANN,111.00000540787907,137.76187
2023-04-05 12:00:00,aqi,PIIANN,105.00000016229157,152.92671
2023-07-04 08:00:00,aqi,PIIANN,191.99999868430746,184.65662
2023-11-03 21:00:00,aqi,PIIANN,236.00000006245943,238.44049
2025-03-08 01:00:00,aqi,PIIANN,130.99999394527634,163.04065
2022-09-05 08:00:00,aqi,PIIANN,186.0000027434003,191.29861
2022-06-05 23:00:00,aqi,PIIANN,353.00000193840697,319.53195
2021-12-10 13:00:00,aqi,PIIANN,266.99999912138884,267.50647
2023-08-09 00:00:00,aqi,PIIANN,98.00000231326646,133.36101
2022-09-06 21:00:00,aqi,PIIANN,318.00000028704096,313.92136
2022-03-03 19:00:00,aqi,PIIANN,208.0000013001537,214.22818
2024-06-09 01:00:00,aqi,PIIANN,118.0000032569042,126.06116
2021-01-08 06:00:00,aqi,PIIANN,101.99999753949783,91.0504
2022-06-11 18:00:00,aqi,PIIANN,348.0000017024975,350.89282
2021-09-09 04:00:00,aqi,PIIANN,68.00000089780988,61.264233
2023-12-07 05:00:00,aqi,PIIANN,79.99999898274444,79.069885
2021-08-07 18:00:00,aqi,PIIANN,212.9999999852831,220.78493
2024-11-09 14:00:00,aqi,PIIANN,140.0000018136576,136.59404
2024-07-04 19:00:00,aqi,PIIANN,236.00000006245943,234.74641
2021-05-06 06:00:00,aqi,PIIANN,146.9999996626827,148.15453
2025-11-10 03:00:00,aqi,PIIANN,215.99999950651673,155.07513
2022-11-02 23:00:00,aqi,PIIANN,229.99999985690712,261.661
2025-07-10 01:00:00,aqi,PIIANN,61.999995652222395,108.27788
2024-06-09 18:00:00,aqi,PIIANN,182.00000131404872,149.99475
2025-06-03 19:00:00,aqi,PIIANN,146.00000085612487,154.99095
2023-06-02 02:00:00,aqi,PIIANN,263.9999996001552,253.40732
2023-03-09 05:00:00,aqi,PIIANN,254.00000067911637,248.93837
2021-12-06 23:00:00,aqi,PIIANN,131.99999895495444,106.72446
2025-06-03 05:00:00,aqi,PIIANN,181.00000250749088,177.56966
2024-07-02 19:00:00,aqi,PIIANN,223.00000045710195,215.1802
2022-03-05 10:00:00,aqi,PIIANN,227.99999991762135,231.94545
2023-04-02 09:00:00,aqi,PIIANN,236.00000006245943,278.76273
2023-11-03 01:00:00,aqi,PIIANN,255.99999984301212,273.92905
2023-06-07 05:00:00,aqi,PIIANN,86.00000422833193,86.59601
2023-12-06 03:00:00,aqi,PIIANN,162.99999917696886,176.1846
2025-10-09 04:00:00,aqi,PIIANN,103.99999515261354,88.890045
2024-06-03 10:00:00,aqi,PIIANN,157.0000001345016,149.47986
2021-11-05 17:00:00,aqi,PIIANN,126.00000611560736,123.01876
2023-04-11 11:00:00,aqi,PIIANN,418.0000050052296,421.7176
2021-10-06 19:00:00,aqi,PIIANN,271.0000005507404,277.82358
2023-10-06 15:00:00,aqi,PIIANN,203.0000010642443,204.41602
2022-01-05 18:00:00,aqi,PIIANN,366.99999763645724,337.8777
2023-08-05 03:00:00,aqi,PIIANN,193.99999939898328,187.51566
2025-12-10 01:00:00,aqi,PIIANN,236.00000006245943,80.75815
2025-12-02 07:00:00,aqi,PIIANN,328.0000007588598,337.3166
2023-10-09 18:00:00,aqi,PIIANN,37.9999994823533,29.906965
2021-02-06 01:00:00,aqi,PIIANN,236.00000006245943,210.26875
2024-07-09 12:00:00,aqi,PIIANN,79.99999898274444,76.1295
2021-01-06 05:00:00,aqi,PIIANN,167.00000060632044,161.51915
2024-11-10 21:00:00,aqi,PIIANN,203.99999987080213,190.8965
2023-01-08 17:00:00,aqi,PIIANN,121.00000587969794,115.92851
2025-07-08 08:00:00,aqi,PIIANN,198.00000082833486,197.00339
2021-04-12 06:00:00,aqi,PIIANN,391.99999881600434,394.2571
2021-11-08 00:00:00,aqi,PIIANN,141.9999994267733,127.512215
2022-10-07 06:00:00,aqi,PIIANN,111.00000540787907,102.70082
2025-08-04 02:00:00,aqi,PIIANN,332.0000021882114,337.06165
2021-05-08 05:00:00,aqi,PIIANN,128.99999633216066,126.09525
2022-07-03 06:00:00,aqi,PIIANN,251.00000038249271,265.12445
2025-07-03 07:00:00,aqi,PIIANN,289.9999995862602,283.00412
2024-01-09 04:00:00,aqi,PIIANN,152.99999870514998,146.70297
2023-02-09 22:00:00,aqi,PIIANN,248.00000008586903,235.81721
2023-11-06 01:00:00,aqi,PIIANN,216.9999998638546,205.30038
2021-04-04 15:00:00,aqi,PIIANN,233.00000015353078,236.03377
2023-12-06 05:00:00,aqi,PIIANN,167.99999941287825,176.02824
2022-11-09 07:00:00,aqi,PIIANN,116.0000056437885,112.66671
