target_timestamp,target,model,observed,predicted
2024-11-04 23:00:00,pm25,PIIANN,8.0,10.1776285
2023-12-12 18:00:00,pm25,PIIANN,26.5,28.87129
2022-03-05 14:00:00,pm25,PIIANN,15.5,14.111296
2021-01-09 14:00:00,pm25,PIIANN,59.75,41.650436
2025-11-11 21:00:00,pm25,PIIANN,78.19,68.633026
2024-09-03 01:00:00,pm25,PIIANN,15.25,10.42938
2024-03-02 05:00:00,pm25,PIIANN,13.75,7.8192105
2023-04-04 14:00:00,pm25,PIIANN,8.0,14.931318
2023-03-12 04:00:00,pm25,PIIANN,8.0,2.809219
2025-11-01 19:00:00,pm25,PIIANN,12.25,13.765406
2025-08-03 19:00:00,pm25,PIIANN,15.5,18.154343
2021-02-10 22:00:00,pm25,PIIANN,15.5,14.571009
2021-07-07 18:00:00,pm25,PIIANN,23.0,20.585398
2022-10-07 10:00:00,pm25,PIIANN,11.75,8.846147
2025-07-08 01:00:00,pm25,PIIANN,13.48,13.14608
2024-09-09 09:00:00,pm25,PIIANN,16.75,14.630482
2025-01-04 19:00:00,pm25,PIIANN,26.25,22.573296
2022-09-04 05:00:00,pm25,PIIANN,15.5,12.528447
2024-02-03 05:00:00,pm25,PIIANN,28.0,23.177912
2024-02-07 17:00:00,pm25,PIIANN,19.25,19.046322
2025-12-04 04:00:00,pm25,PIIANN,25.25,22.2088
2024-02-11 16:00:00,pm25,PIIANN,9.5,2.5034938
2025-12-10 23:00:00,pm25,PIIANN,38.17,43.76433
2025-04-07 01:00:00,pm25,PIIANN,26.0,19.043848
2023-11-01 09:00:00,pm25,PIIANN,47.0,47.880867
2025-09-01 23:00:00,pm25,PIIANN,10.25,19.769997
2022-05-06 01:00:00,pm25,PIIANN,8.0,16.279102
2021-02-02 08:00:00,pm25,PIIANN,120.75,76.88238
2024-07-04 11:00:00,pm25,PIIANN,15.0,9.196349
2021-04-05 23:00:00,pm25,PIIANN,0.9999995,10.271432
2022-04-12 04:00:00,pm25,PIIANN,11.25,12.936186
2024-12-09 08:00:00,pm25,PIIANN,18.5,17.393467
2024-03-09 01:00:00,pm25,PIIANN,6.0000005,4.9381747
2024-05-03 12:00:00,pm25,PIIANN,13.25,13.829163
2024-12-04 09:00:00,pm25,PIIANN,22.0,19.853926
2024-02-07 11:00:00,pm25,PIIANN,13.75,13.547292
2023-02-02 03:00:00,pm25,PIIANN,9.25,14.991418
2025-01-09 18:00:00,pm25,PIIANN,16.57,40.351604
2023-11-11 20:00:00,pm25,PIIANN,34.0,42.926964
2021-01-07 04:00:00,pm25,PIIANN,8.0,12.635241
2021-05-04 14:00:00,pm25,PIIANN,27.75,19.927132
2025-10-03 14:00:00,pm25,PIIANN,15.5,16.171196
2022-05-02 20:00:00,pm25,PIIANN,15.5,18.549416
2024-10-09 10:00:00,pm25,PIIANN,13.25,14.1518345
2024-01-09 14:00:00,pm25,PIIANN,5.2500005,8.520524
2024-08-06 00:00:00,pm25,PIIANN,6.5000005,4.729218
2025-04-11 21:00:00,pm25,PIIANN,23.75,22.37096
2024-07-09 19:00:00,pm25,PIIANN,18.75,21.17481
2021-09-03 10:00:00,pm25,PIIANN,5.2500005,11.409183
2022-11-02 03:00:00,pm25,PIIANN,15.5,22.59977
2023-02-12 21:00:00,pm25,PIIANN,10.5,7.0874104
2021-01-02 19:00:00,pm25,PIIANN,42.0,36.615765
2022-07-06 01:00:00,pm25,PIIANN,13.0,14.380229
2025-04-01 23:00:00,pm25,PIIANN,11.75,24.956024
2025-05-12 15:00:00,pm25,PIIANN,91.4,59.538433
2025-03-10 22:00:00,pm25,PIIANN,30.85,27.628845
2022-03-09 13:00:00,pm25,PIIANN,22.25,19.19196
2025-06-08 11:00:00,pm25,PIIANN,28.23,19.77487
2024-03-05 19:00:00,pm25,PIIANN,6.0000005,9.397371
2023-05-11 22:00:00,pm25,PIIANN,5.5000005,7.7943797
2025-01-07 14:00:00,pm25,PIIANN,22.75,22.887064
2024-06-04 05:00:00,pm25,PIIANN,5.7500005,8.5378
2022-02-10 08:00:00,pm25,PIIANN,9.25,11.833757
2023-08-05 12:00:00,pm25,PIIANN,17.5,11.250001
2024-04-03 21:00:00,pm25,PIIANN,19.25,18.485224
2024-01-06 10:00:00,pm25,PIIANN,23.5,22.666796
2022-10-02 13:00:00,pm25,PIIANN,15.5,31.932323
2025-12-10 15:00:00,pm25,PIIANN,48.92,40.200424
2024-09-07 05:00:00,pm25,PIIANN,12.25,12.331434
2021-01-09 06:00:00,pm25,PIIANN,28.25,19.963068
2023-04-01 13:00:00,pm25,PIIANN,14.5,17.792442
2023-10-05 14:00:00,pm25,PIIANN,17.5,19.065525
2023-02-10 11:00:00,pm25,PIIANN,16.0,10.166868
2023-09-04 17:00:00,pm25,PIIANN,13.499999,13.921208
2025-06-05 17:00:00,pm25,PIIANN,16.0,10.462542
2022-04-08 08:00:00,pm25,PIIANN,21.5,20.326471
2024-07-07 06:00:00,pm25,PIIANN,15.25,11.988965
2024-08-01 14:00:00,pm25,PIIANN,6.0000005,8.531487
2021-11-07 07:00:00,pm25,PIIANN,2.9999995,6.2115893
2023-09-09 06:00:00,pm25,PIIANN,15.0,12.963858
2024-01-06 09:00:00,pm25,PIIANN,20.5,18.560686
2022-11-07 15:00:00,pm25,PIIANN,15.5,15.591928
2022-10-07 19:00:00,pm25,PIIANN,3.4999995,20.397133
2024-12-09 16:00:00,pm25,PIIANN,17.75,16.501316
2024-01-03 03:00:00,pm25,PIIANN,30.0,24.079966
2023-10-03 16:00:00,pm25,PIIANN,23.25,12.554805
2023-11-02 13:00:00,pm25,PIIANN,35.75,39.776592
2021-02-01 22:00:00,pm25,PIIANN,36.0,35.446205
2025-03-09 18:00:00,pm25,PIIANN,29.92,40.58191
2025-10-02 04:00:00,pm25,PIIANN,28.5,27.966688
2021-08-08 05:00:00,pm25,PIIANN,13.999999,12.710986
2024-02-03 12:00:00,pm25,PIIANN,28.5,19.886879
2024-06-10 01:00:00,pm25,PIIANN,15.5,5.0745254
2023-02-11 07:00:00,pm25,PIIANN,12.25,18.039862
2022-02-07 10:00:00,pm25,PIIANN,15.5,18.59347
2021-02-07 13:00:00,pm25,PIIANN,11.75,14.100053
2021-09-10 10:00:00,pm25,PIIANN,17.25,15.096581
2021-05-11 17:00:00,pm25,PIIANN,6.2500014,18.233347
2023-12-10 09:00:00,pm25,PIIANN,9.75,17.72582
2025-02-09 17:00:00,pm25,PIIANN,13.54,28.973515
2025-11-02 06:00:00,pm25,PIIANN,19.25,31.029488
2025-02-12 11:00:00,pm25,PIIANN,14.5,19.895388
2024-07-05 11:00:00,pm25,PIIANN,8.75,10.076028
2022-09-01 09:00:00,pm25,PIIANN,15.5,28.4027
2021-11-03 09:00:00,pm25,PIIANN,8.25,20.917103
2024-06-11 06:00:00,pm25,PIIANN,12.5,27.098818
2024-01-11 02:00:00,pm25,PIIANN,5.5000005,17.70349
2023-01-06 04:00:00,pm25,PIIANN,15.25,8.615565
2025-11-05 11:00:00,pm25,PIIANN,29.75,25.109932
2021-10-01 20:00:00,pm25,PIIANN,39.25,31.29287
2025-12-07 10:00:00,pm25,PIIANN,28.75,23.219349
2022-06-02 04:00:00,pm25,PIIANN,15.5,16.049263
2021-12-05 17:00:00,pm25,PIIANN,7.2499995,96.14843
2022-10-07 08:00:00,pm25,PIIANN,9.0,8.682797
2024-07-12 02:00:00,pm25,PIIANN,12.0,10.429594
2022-09-05 13:00:00,pm25,PIIANN,15.5,30.914087
2021-02-02 22:00:00,pm25,PIIANN,60.75,60.243977
2024-07-03 05:00:00,pm25,PIIANN,7.2499995,12.817246
2024-12-02 04:00:00,pm25,PIIANN,23.0,18.51763
2021-07-03 12:00:00,pm25,PIIANN,20.0,15.75001
2024-07-05 18:00:00,pm25,PIIANN,13.0,8.911935
2024-01-09 10:00:00,pm25,PIIANN,6.7500005,6.6928554
2021-06-06 15:00:00,pm25,PIIANN,15.5,17.211678
2022-11-04 08:00:00,pm25,PIIANN,15.5,16.362286
2025-07-11 20:00:00,pm25,PIIANN,68.5,51.396572
2024-07-07 23:00:00,pm25,PIIANN,4.9999995,6.275123
2023-08-05 06:00:00,pm25,PIIANN,6.7500005,6.531053
2023-04-11 21:00:00,pm25,PIIANN,4.7500005,12.858138
2024-02-12 14:00:00,pm25,PIIANN,14.75,14.04952
2021-08-08 15:00:00,pm25,PIIANN,34.0,25.81493
2021-05-06 15:00:00,pm25,PIIANN,15.5,15.419321
2024-10-03 09:00:00,pm25,PIIANN,22.75,19.844864
2022-05-06 06:00:00,pm25,PIIANN,15.25,14.515036
2023-10-06 01:00:00,pm25,PIIANN,7.5000005,9.062502
2022-03-06 22:00:00,pm25,PIIANN,6.5000005,12.269121
2023-11-06 04:00:00,pm25,PIIANN,6.0000005,8.685083
2023-02-12 19:00:00,pm25,PIIANN,11.0,3.2868953
2023-02-05 04:00:00,pm25,PIIANN,2.6,-1.3507085
2022-12-05 14:00:00,pm25,PIIANN,15.5,15.039265
2021-12-06 02:00:00,pm25,PIIANN,521.00995,299.6322
2022-01-12 16:00:00,pm25,PIIANN,16.0,35.193592
2022-10-05 11:00:00,pm25,PIIANN,15.5,11.828892
2025-09-05 01:00:00,pm25,PIIANN,18.25,18.802462
2025-10-09 14:00:00,pm25,PIIANN,27.06,23.223993
2022-06-04 19:00:00,pm25,PIIANN,15.5,16.93893
2021-11-10 01:00:00,pm25,PIIANN,25.0,13.819038
2024-06-07 09:00:00,pm25,PIIANN,7.2499995,9.503172
2024-03-10 06:00:00,pm25,PIIANN,4.5000005,7.826257
2023-03-04 06:00:00,pm25,PIIANN,6.0000005,7.083549
2021-10-01 12:00:00,pm25,PIIANN,63.25,42.153225
2022-08-02 13:00:00,pm25,PIIANN,15.5,18.482342
2025-08-09 16:00:00,pm25,PIIANN,15.5,16.75992
2022-03-01 21:00:00,pm25,PIIANN,15.5,23.456612
2024-12-10 17:00:00,pm25,PIIANN,8.500001,7.5888143
2022-07-11 11:00:00,pm25,PIIANN,19.33,23.345516
2021-01-07 08:00:00,pm25,PIIANN,8.25,11.695522
2022-09-13 00:00:00,pm25,PIIANN,5.121101,-4.5050855
2023-05-05 08:00:00,pm25,PIIANN,19.5,20.113113
2025-01-08 07:00:00,pm25,PIIANN,42.219997,31.490192
2024-08-12 22:00:00,pm25,PIIANN,13.0,16.51661
2021-04-11 07:00:00,pm25,PIIANN,8.0,18.164207
2024-10-04 16:00:00,pm25,PIIANN,13.999999,13.366004
2022-05-07 17:00:00,pm25,PIIANN,16.25,12.152789
2021-05-04 20:00:00,pm25,PIIANN,32.5,25.76713
2022-10-04 01:00:00,pm25,PIIANN,15.5,18.074825
2022-05-12 02:00:00,pm25,PIIANN,21.5,40.5263
2021-11-05 21:00:00,pm25,PIIANN,2.7857146,37.86388
2024-06-03 16:00:00,pm25,PIIANN,16.0,16.225883
2022-05-05 03:00:00,pm25,PIIANN,15.5,19.793085
2025-02-10 20:00:00,pm25,PIIANN,33.02,33.465263
2024-05-11 06:00:00,pm25,PIIANN,13.75,18.85069
2021-04-05 18:00:00,pm25,PIIANN,5.5000005,9.055578
2024-08-11 13:00:00,pm25,PIIANN,8.75,7.3950486
2024-02-07 18:00:00,pm25,PIIANN,21.25,22.324593
2021-04-07 05:00:00,pm25,PIIANN,17.0,20.69383
2025-04-11 18:00:00,pm25,PIIANN,26.5,31.704313
2024-08-09 00:00:00,pm25,PIIANN,6.0000005,8.744749
2022-08-09 20:00:00,pm25,PIIANN,24.5,28.777716
2024-06-02 22:00:00,pm25,PIIANN,18.25,27.332325
2022-02-05 15:00:00,pm25,PIIANN,15.5,19.33061
2024-02-03 06:00:00,pm25,PIIANN,30.0,32.77291
2021-06-08 12:00:00,pm25,PIIANN,11.0,16.389757
2024-12-06 23:00:00,pm25,PIIANN,13.999999,9.775141
2021-02-02 11:00:00,pm25,PIIANN,54.25,56.841953
2025-11-07 03:00:00,pm25,PIIANN,34.75,25.756119
2022-11-10 18:00:00,pm25,PIIANN,9.0,10.293473
2022-04-08 21:00:00,pm25,PIIANN,22.5,21.555672
2022-03-07 18:00:00,pm25,PIIANN,22.25,18.895393
2022-01-05 18:00:00,pm25,PIIANN,15.5,11.681436
2024-03-03 11:00:00,pm25,PIIANN,16.75,17.586018
2022-03-03 00:00:00,pm25,PIIANN,15.5,14.528787
2025-01-01 19:00:00,pm25,PIIANN,9.5,21.021606
2022-03-06 06:00:00,pm25,PIIANN,14.75,15.229204
2025-02-06 19:00:00,pm25,PIIANN,29.0,22.091852
2025-05-06 15:00:00,pm25,PIIANN,44.5,38.613445
2021-11-06 23:00:00,pm25,PIIANN,15.5,9.888197
2023-05-09 20:00:00,pm25,PIIANN,20.5,29.402855
2021-06-01 18:00:00,pm25,PIIANN,23.25,11.352641
2022-10-01 15:00:00,pm25,PIIANN,15.5,10.07345
2025-10-11 04:00:00,pm25,PIIANN,88.75,74.64691
2023-10-06 14:00:00,pm25,PIIANN,9.75,12.067313
2023-04-09 02:00:00,pm25,PIIANN,4.6666665,14.885673
2021-12-02 03:00:00,pm25,PIIANN,18.5,12.684869
2021-02-09 09:00:00,pm25,PIIANN,2.2499995,11.837117
2022-07-03 23:00:00,pm25,PIIANN,15.5,19.719555
2022-04-02 21:00:00,pm25,PIIANN,15.5,18.095997
2021-10-02 16:00:00,pm25,PIIANN,34.5,27.35649
2024-03-07 00:00:00,pm25,PIIANN,8.25,9.777422
2023-07-08 20:00:00,pm25,PIIANN,16.25,17.737085
2025-11-04 15:00:00,pm25,PIIANN,18.75,16.071016
2022-12-08 08:00:00,pm25,PIIANN,11.0,11.503868
2024-10-12 14:00:00,pm25,PIIANN,19.75,21.856363
2024-11-05 03:00:00,pm25,PIIANN,5.2500005,9.648351
2025-11-02 21:00:00,pm25,PIIANN,14.5,18.136625
2024-09-09 08:00:00,pm25,PIIANN,12.5,11.30996
2025-02-12 14:00:00,pm25,PIIANN,8.333334,7.4805293
2022-12-03 03:00:00,pm25,PIIANN,15.5,27.461206
2023-12-04 12:00:00,pm25,PIIANN,18.75,27.558083
2022-12-10 08:00:00,pm25,PIIANN,14.5,26.497236
2025-08-08 08:00:00,pm25,PIIANN,13.68,12.425721
2023-08-03 22:00:00,pm25,PIIANN,15.25,15.49586
2024-12-11 14:00:00,pm25,PIIANN,6.2500014,4.9062705
2025-05-01 23:00:00,pm25,PIIANN,19.25,25.765068
2025-08-11 05:00:00,pm25,PIIANN,43.5,39.33419
2024-05-02 05:00:00,pm25,PIIANN,14.75,13.04118
2025-11-07 11:00:00,pm25,PIIANN,46.25,42.261562
2022-01-11 00:00:00,pm25,PIIANN,1.9999995,17.579655
2024-06-10 00:00:00,pm25,PIIANN,14.5,20.419052
2021-01-06 08:00:00,pm25,PIIANN,15.5,16.597517
2024-06-12 09:00:00,pm25,PIIANN,9.5,8.974144
2022-10-12 05:00:00,pm25,PIIANN,4.5000005,5.8074565
2023-04-03 12:00:00,pm25,PIIANN,31.0,28.622948
2021-08-11 22:00:00,pm25,PIIANN,43.5,33.594383
2022-05-08 15:00:00,pm25,PIIANN,8.0,7.710852
2021-02-05 07:00:00,pm25,PIIANN,5.7500005,9.953445
2024-03-06 02:00:00,pm25,PIIANN,6.5000005,10.565923
2023-07-11 09:00:00,pm25,PIIANN,7.0000005,6.9286475
2025-08-10 07:00:00,pm25,PIIANN,28.64,26.656948
2023-10-05 07:00:00,pm25,PIIANN,12.0,13.492322
2022-07-03 10:00:00,pm25,PIIANN,15.5,18.8232
2021-10-03 09:00:00,pm25,PIIANN,6.7500005,15.027358
2021-09-04 06:00:00,pm25,PIIANN,27.68421,26.27322
2025-06-04 11:00:00,pm25,PIIANN,20.75,18.17476
2025-11-13 00:00:00,pm25,PIIANN,73.349495,94.91035
2024-05-06 05:00:00,pm25,PIIANN,11.75,11.825718
2024-08-11 04:00:00,pm25,PIIANN,4.9999995,7.8475757
2025-09-09 17:00:00,pm25,PIIANN,27.06,29.465359
2022-12-12 08:00:00,pm25,PIIANN,12.75,13.387503
2023-02-05 09:00:00,pm25,PIIANN,9.0,3.8750873
2022-08-10 10:00:00,pm25,PIIANN,11.25,24.546099
2024-10-02 05:00:00,pm25,PIIANN,14.25,14.223977
2021-12-09 03:00:00,pm25,PIIANN,11.75,11.652936
2022-01-02 20:00:00,pm25,PIIANN,15.5,22.475687
2021-01-08 07:00:00,pm25,PIIANN,12.0,10.820182
2022-02-12 23:00:00,pm25,PIIANN,7.5000005,5.9152684
2022-09-11 12:00:00,pm25,PIIANN,19.5,21.39514
2021-12-09 04:00:00,pm25,PIIANN,9.0,11.127288
2021-03-10 11:00:00,pm25,PIIANN,1.9999995,6.1303887
2024-09-06 20:00:00,pm25,PIIANN,6.5000005,9.016376
2022-09-03 01:00:00,pm25,PIIANN,15.5,20.901752
2022-06-09 12:00:00,pm25,PIIANN,17.75,14.854018
2024-11-03 11:00:00,pm25,PIIANN,13.33,17.64993
2025-08-02 07:00:00,pm25,PIIANN,39.0,45.743153
2021-07-04 23:00:00,pm25,PIIANN,27.25,27.742245
2025-02-11 05:00:00,pm25,PIIANN,30.25,19.962511
2021-08-09 08:00:00,pm25,PIIANN,30.5,22.061945
2024-09-08 01:00:00,pm25,PIIANN,4.9999995,8.820103
2022-02-09 21:00:00,pm25,PIIANN,17.0,18.788862
2022-06-07 03:00:00,pm25,PIIANN,6.2500014,8.541981
2024-04-01 15:00:00,pm25,PIIANN,22.25,22.872393
2021-03-10 15:00:00,pm25,PIIANN,15.5,9.3755865
2023-12-03 05:00:00,pm25,PIIANN,30.0,24.167885
2024-10-08 14:00:00,pm25,PIIANN,9.25,11.872882
2021-04-06 06:00:00,pm25,PIIANN,15.5,16.348537
2021-02-01 17:00:00,pm25,PIIANN,54.75,28.937159
2025-10-10 10:00:00,pm25,PIIANN,39.27,25.199707
2023-11-06 19:00:00,pm25,PIIANN,13.999999,42.28574
2025-09-03 08:00:00,pm25,PIIANN,15.5,23.56112
2025-09-01 09:00:00,pm25,PIIANN,12.25,40.403606
2023-05-11 08:00:00,pm25,PIIANN,12.5,13.2289715
2021-04-12 01:00:00,pm25,PIIANN,53.75,53.69632
2024-04-08 22:00:00,pm25,PIIANN,13.0,8.872265
2023-10-03 07:00:00,pm25,PIIANN,26.0,31.79962
2023-08-09 03:00:00,pm25,PIIANN,7.2499995,5.9100623
2021-07-11 12:00:00,pm25,PIIANN,15.5,13.108294
2025-08-10 10:00:00,pm25,PIIANN,34.84,34.177177
2024-02-07 23:00:00,pm25,PIIANN,10.0,9.098309
2023-01-13 02:00:00,pm25,PIIANN,22.932713,26.905914
2021-06-02 05:00:00,pm25,PIIANN,118.5,57.50024
2025-08-05 23:00:00,pm25,PIIANN,31.0,27.996798
2022-12-04 19:00:00,pm25,PIIANN,15.5,11.758367
2022-02-02 14:00:00,pm25,PIIANN,15.5,12.593095
2024-09-07 10:00:00,pm25,PIIANN,16.75,11.027328
2021-07-03 16:00:00,pm25,PIIANN,11.75,5.870868
2022-08-10 16:00:00,pm25,PIIANN,25.75,27.301495
2023-12-12 01:00:00,pm25,PIIANN,13.25,21.011423
2021-10-05 18:00:00,pm25,PIIANN,1.2499995,12.930345
2025-07-06 11:00:00,pm25,PIIANN,36.0,25.382223
2022-07-06 13:00:00,pm25,PIIANN,11.5,13.898074
2025-05-05 01:00:00,pm25,PIIANN,11.0,10.375959
2022-01-09 00:00:00,pm25,PIIANN,13.999999,9.962716
2024-05-07 05:00:00,pm25,PIIANN,8.75,11.317677
2021-07-01 13:00:00,pm25,PIIANN,16.5,11.01718
2021-02-04 13:00:00,pm25,PIIANN,47.25,36.751877
2021-05-01 14:00:00,pm25,PIIANN,20.0,16.081284
2022-10-09 15:00:00,pm25,PIIANN,10.25,8.885966
2024-09-02 04:00:00,pm25,PIIANN,11.5,10.823635
2024-01-12 08:00:00,pm25,PIIANN,2.7499995,7.2193513
2024-06-09 14:00:00,pm25,PIIANN,8.0,7.6257424
2024-02-12 09:00:00,pm25,PIIANN,9.0,11.025621
2024-04-02 11:00:00,pm25,PIIANN,12.5,11.641616
2022-10-06 12:00:00,pm25,PIIANN,11.0,11.2292
2025-12-07 23:00:00,pm25,PIIANN,54.25,30.119385
2021-04-05 11:00:00,pm25,PIIANN,1.9999995,7.08211
2022-01-02 19:00:00,pm25,PIIANN,15.5,21.725996
2022-08-08 12:00:00,pm25,PIIANN,9.25,10.49752
2022-06-08 07:00:00,pm25,PIIANN,8.25,8.827554
2022-08-07 23:00:00,pm25,PIIANN,17.75,23.906918
2021-12-09 15:00:00,pm25,PIIANN,12.0,11.043866
2022-07-04 14:00:00,pm25,PIIANN,15.5,13.182918
2021-01-04 14:00:00,pm25,PIIANN,41.75,33.931355
2025-12-09 04:00:00,pm25,PIIANN,26.66,28.423727
2024-04-02 12:00:00,pm25,PIIANN,10.5,6.05531
2025-02-07 22:00:00,pm25,PIIANN,4.7500005,7.718621
2021-07-10 09:00:00,pm25,PIIANN,23.5,18.118528
2024-03-09 07:00:00,pm25,PIIANN,15.25,22.074505
2023-02-02 08:00:00,pm25,PIIANN,24.5,20.868284
2024-09-08 00:00:00,pm25,PIIANN,4.9999995,8.165125
2022-06-10 20:00:00,pm25,PIIANN,19.75,19.466318
2025-09-05 15:00:00,pm25,PIIANN,34.75,29.316692
2021-11-09 05:00:00,pm25,PIIANN,22.0,18.025799
2022-11-08 05:00:00,pm25,PIIANN,10.75,6.192451
2025-03-06 20:00:00,pm25,PIIANN,22.75,16.775856
2021-06-06 08:00:00,pm25,PIIANN,15.5,19.673544
2023-12-05 19:00:00,pm25,PIIANN,27.0,30.942842
2023-11-02 05:00:00,pm25,PIIANN,27.25,27.215021
2022-10-08 05:00:00,pm25,PIIANN,14.5,11.313087
2025-12-07 05:00:00,pm25,PIIANN,16.0,10.887092
2024-10-07 15:00:00,pm25,PIIANN,15.25,25.19271
2022-08-01 23:00:00,pm25,PIIANN,15.5,17.32943
2024-01-08 01:00:00,pm25,PIIANN,10.75,10.303708
2021-02-08 11:00:00,pm25,PIIANN,12.0,14.113971
2023-08-12 02:00:00,pm25,PIIANN,13.782744,15.539928
2025-12-02 20:00:00,pm25,PIIANN,16.75,26.3507
2022-11-08 12:00:00,pm25,PIIANN,24.5,11.472611
2021-09-11 17:00:00,pm25,PIIANN,74.0,26.108303
2021-05-01 19:00:00,pm25,PIIANN,10.75,13.079754
2024-08-07 15:00:00,pm25,PIIANN,9.75,12.917139
2022-12-06 19:00:00,pm25,PIIANN,15.75,16.846848
2024-02-05 03:00:00,pm25,PIIANN,4.5000005,4.9447484
2022-11-09 16:00:00,pm25,PIIANN,8.0,8.885229
2023-08-05 20:00:00,pm25,PIIANN,14.75,18.913975
2025-02-08 15:00:00,pm25,PIIANN,51.88,51.575893
2025-10-11 20:00:00,pm25,PIIANN,76.12,65.83603
2025-09-10 16:00:00,pm25,PIIANN,37.35,25.998936
2021-10-07 16:00:00,pm25,PIIANN,10.0,9.852217
2022-06-13 01:00:00,pm25,PIIANN,42.150543,61.808163
2022-03-04 01:00:00,pm25,PIIANN,15.5,12.526842
2021-06-10 23:00:00,pm25,PIIANN,21.25,23.807665
2025-08-10 14:00:00,pm25,PIIANN,18.45,22.348446
2024-12-11 16:00:00,pm25,PIIANN,6.5000005,8.476192
2023-03-11 13:00:00,pm25,PIIANN,10.25,13.37834
2025-07-11 12:00:00,pm25,PIIANN,41.06,33.762493
2021-05-03 00:00:00,pm25,PIIANN,29.75,34.671337
2022-04-07 10:00:00,pm25,PIIANN,9.25,9.582464
2025-01-07 02:00:00,pm25,PIIANN,13.999999,19.005186
2024-09-02 22:00:00,pm25,PIIANN,15.25,15.901852
2022-02-02 22:00:00,pm25,PIIANN,15.5,19.45681
2023-01-05 20:00:00,pm25,PIIANN,5.5000005,5.1979804
2024-08-02 23:00:00,pm25,PIIANN,10.0,12.2699175
2025-01-10 20:00:00,pm25,PIIANN,32.11,39.16347
2025-03-11 04:00:00,pm25,PIIANN,23.0,14.383341
2024-07-03 14:00:00,pm25,PIIANN,15.75,15.077269
2021-01-04 03:00:00,pm25,PIIANN,11.75,8.548284
2025-01-07 18:00:00,pm25,PIIANN,31.25,26.72653
2021-06-05 20:00:00,pm25,PIIANN,4.9999995,10.76871
2022-08-06 02:00:00,pm25,PIIANN,15.5,14.83621
2021-10-02 14:00:00,pm25,PIIANN,37.25,27.572906
2025-10-10 03:00:00,pm25,PIIANN,18.2,19.979881
2022-07-06 08:00:00,pm25,PIIANN,11.5,12.660824
2025-06-08 22:00:00,pm25,PIIANN,21.24,25.987514
2021-09-04 11:00:00,pm25,PIIANN,15.5,17.035538
2025-11-12 09:00:00,pm25,PIIANN,111.30001,123.91283
2024-08-11 07:00:00,pm25,PIIANN,4.9999995,13.027016
2024-01-03 14:00:00,pm25,PIIANN,8.75,12.792429
2021-12-12 02:00:00,pm25,PIIANN,6.5000005,7.411884
2024-08-03 05:00:00,pm25,PIIANN,11.75,8.169296
2021-05-04 04:00:00,pm25,PIIANN,20.0,18.70441
2023-08-03 07:00:00,pm25,PIIANN,22.5,14.668589
2021-02-07 11:00:00,pm25,PIIANN,17.0,16.563211
2021-07-06 12:00:00,pm25,PIIANN,15.5,19.65982
2023-06-06 14:00:00,pm25,PIIANN,9.75,14.775821
2024-05-05 13:00:00,pm25,PIIANN,12.75,15.815707
2021-07-02 23:00:00,pm25,PIIANN,25.5,28.598518
2023-01-10 05:00:00,pm25,PIIANN,6.2500014,8.705824
2023-07-03 06:00:00,pm25,PIIANN,18.5,17.285257
2022-11-08 11:00:00,pm25,PIIANN,17.75,12.669565
2024-10-03 03:00:00,pm25,PIIANN,10.25,8.09591
2022-10-09 17:00:00,pm25,PIIANN,14.5,9.015335
2025-06-08 02:00:00,pm25,PIIANN,11.1,14.321778
2025-09-10 21:00:00,pm25,PIIANN,23.85,24.850496
2025-08-03 00:00:00,pm25,PIIANN,22.81,20.35902
2023-04-03 15:00:00,pm25,PIIANN,11.5,24.19876
2021-02-09 03:00:00,pm25,PIIANN,40.25,29.102457
2025-11-08 15:00:00,pm25,PIIANN,1.980001,11.071398
2023-06-03 06:00:00,pm25,PIIANN,33.0,33.052288
2022-10-08 17:00:00,pm25,PIIANN,17.0,15.180545
2024-12-09 06:00:00,pm25,PIIANN,13.999999,12.246029
2024-07-06 02:00:00,pm25,PIIANN,1.3333335,3.3608832
2024-12-08 19:00:00,pm25,PIIANN,13.999999,15.153267
2024-08-04 12:00:00,pm25,PIIANN,13.499999,9.972577
2022-05-08 09:00:00,pm25,PIIANN,11.0,7.8861165
2024-06-06 23:00:00,pm25,PIIANN,1.9999995,4.0887895
2025-01-03 02:00:00,pm25,PIIANN,14.34,21.379093
2024-12-13 02:00:00,pm25,PIIANN,14.344245,33.534756
2022-11-01 14:00:00,pm25,PIIANN,15.5,12.312339
2024-11-06 10:00:00,pm25,PIIANN,8.75,11.630115
2021-09-12 02:00:00,pm25,PIIANN,4.9999995,11.96453
2023-11-08 16:00:00,pm25,PIIANN,18.25,13.319642
2022-08-10 11:00:00,pm25,PIIANN,15.0,19.885418
2025-08-09 10:00:00,pm25,PIIANN,26.60875,25.431314
2024-03-10 18:00:00,pm25,PIIANN,16.5,24.460451
2022-03-03 15:00:00,pm25,PIIANN,15.5,39.946724
2021-11-11 02:00:00,pm25,PIIANN,39.87,18.332853
2023-12-08 17:00:00,pm25,PIIANN,19.0,20.115147
2021-05-10 15:00:00,pm25,PIIANN,4.3333335,4.5512223
2025-08-10 20:00:00,pm25,PIIANN,14.15,21.228174
2021-11-03 23:00:00,pm25,PIIANN,12.0,9.878354
2025-01-08 00:00:00,pm25,PIIANN,23.85,29.991024
2021-08-09 22:00:00,pm25,PIIANN,12.75,16.29842
2024-06-09 16:00:00,pm25,PIIANN,9.75,11.856384
2022-08-03 09:00:00,pm25,PIIANN,15.5,32.38599
2023-03-04 03:00:00,pm25,PIIANN,7.5000005,6.781116
2025-03-12 06:00:00,pm25,PIIANN,6.0000005,5.5884852
2025-08-12 12:00:00,pm25,PIIANN,78.9,79.66552
2024-10-08 04:00:00,pm25,PIIANN,1.2499995,2.300819
2021-04-08 21:00:00,pm25,PIIANN,36.0,36.10597
2025-08-08 07:00:00,pm25,PIIANN,5.5000005,9.900139
2025-02-11 02:00:00,pm25,PIIANN,27.0,18.225197
2021-11-04 23:00:00,pm25,PIIANN,8.25,10.220352
2023-10-02 22:00:00,pm25,PIIANN,16.0,19.81695
2022-10-10 12:00:00,pm25,PIIANN,10.0,16.828346
2021-08-08 06:00:00,pm25,PIIANN,16.0,13.950976
2022-03-05 12:00:00,pm25,PIIANN,15.5,16.676699
2024-09-10 05:00:00,pm25,PIIANN,6.0000005,9.820148
2025-05-11 15:00:00,pm25,PIIANN,61.25,39.832848
2021-12-09 17:00:00,pm25,PIIANN,39.25,19.454609
2025-01-10 07:00:00,pm25,PIIANN,43.059998,53.706173
2021-03-03 02:00:00,pm25,PIIANN,46.1875,36.19571
2023-07-01 12:00:00,pm25,PIIANN,23.75,25.730253
2025-10-05 03:00:00,pm25,PIIANN,16.5,15.38806
2024-04-08 11:00:00,pm25,PIIANN,10.0,11.238267
2025-09-04 15:00:00,pm25,PIIANN,20.0,12.380859
2025-03-06 08:00:00,pm25,PIIANN,21.5,17.470573
2021-08-10 17:00:00,pm25,PIIANN,8.75,10.690439
2024-09-02 11:00:00,pm25,PIIANN,20.5,15.867433
2024-10-04 18:00:00,pm25,PIIANN,13.999999,17.073221
2024-03-02 22:00:00,pm25,PIIANN,8.500001,12.013052
2024-10-12 03:00:00,pm25,PIIANN,18.5,22.676376
2025-10-06 04:00:00,pm25,PIIANN,12.5,13.265554
2025-07-05 23:00:00,pm25,PIIANN,17.0,15.777056
2025-10-06 18:00:00,pm25,PIIANN,9.25,23.27255
2023-10-02 01:00:00,pm25,PIIANN,9.5,17.743303
2024-01-05 07:00:00,pm25,PIIANN,10.25,8.1212435
2025-07-07 00:00:00,pm25,PIIANN,17.25,29.44389
2022-12-09 21:00:00,pm25,PIIANN,11.75,13.804544
2023-07-09 01:00:00,pm25,PIIANN,5.5000005,8.387113
2023-06-03 17:00:00,pm25,PIIANN,15.5,14.237753
2024-01-01 09:00:00,pm25,PIIANN,36.5,48.849133
2022-05-04 21:00:00,pm25,PIIANN,15.5,16.337551
2024-11-05 20:00:00,pm25,PIIANN,8.500001,6.857805
2022-12-06 16:00:00,pm25,PIIANN,13.499999,9.470532
2024-12-12 01:00:00,pm25,PIIANN,10.0,8.079442
2021-02-10 09:00:00,pm25,PIIANN,8.0,12.4748535
2022-08-05 00:00:00,pm25,PIIANN,15.5,14.064493
2021-08-08 08:00:00,pm25,PIIANN,24.25,19.579575
2021-12-08 03:00:00,pm25,PIIANN,21.75,22.920414
2021-09-02 03:00:00,pm25,PIIANN,42.5,36.50558
2021-10-10 12:00:00,pm25,PIIANN,6.2500014,5.76658
2021-10-01 17:00:00,pm25,PIIANN,41.0,26.008326
2025-11-06 07:00:00,pm25,PIIANN,15.0,13.534926
2022-07-11 05:00:00,pm25,PIIANN,31.750002,28.63131
2022-11-10 03:00:00,pm25,PIIANN,5.5000005,9.770984
2025-08-01 16:00:00,pm25,PIIANN,11.25,30.745378
2021-03-07 04:00:00,pm25,PIIANN,3.4999995,6.9614644
2021-01-05 13:00:00,pm25,PIIANN,18.0,11.362868
2023-01-06 06:00:00,pm25,PIIANN,15.0,17.781338
2023-08-02 05:00:00,pm25,PIIANN,36.25,32.29263
2023-01-09 09:00:00,pm25,PIIANN,19.0,15.666499
2023-05-08 07:00:00,pm25,PIIANN,20.0,13.3635025
2025-01-05 14:00:00,pm25,PIIANN,21.5,13.60503
2024-07-08 14:00:00,pm25,PIIANN,9.75,13.098082
2021-02-02 02:00:00,pm25,PIIANN,54.0,40.22774
2024-10-07 01:00:00,pm25,PIIANN,10.5,2.3924174
2022-02-02 23:00:00,pm25,PIIANN,15.5,17.660778
2024-02-06 09:00:00,pm25,PIIANN,17.25,18.447468
2023-05-10 06:00:00,pm25,PIIANN,15.5,9.466144
2022-07-09 06:00:00,pm25,PIIANN,8.25,7.2577205
2023-08-04 17:00:00,pm25,PIIANN,8.0,8.357677
2022-11-03 14:00:00,pm25,PIIANN,15.5,16.358162
2025-07-10 21:00:00,pm25,PIIANN,28.16,26.629238
2021-10-08 10:00:00,pm25,PIIANN,10.75,9.800226
2023-02-04 20:00:00,pm25,PIIANN,13.499999,35.20361
2024-07-09 02:00:00,pm25,PIIANN,8.0,7.2448974
2022-01-03 21:00:00,pm25,PIIANN,15.5,22.566124
2025-12-10 17:00:00,pm25,PIIANN,42.589996,41.69954
2024-12-04 23:00:00,pm25,PIIANN,7.7500005,13.465286
2022-01-01 16:00:00,pm25,PIIANN,15.5,10.272612
2021-12-04 17:00:00,pm25,PIIANN,11.5,9.451287
2023-03-01 18:00:00,pm25,PIIANN,18.0,16.211569
2025-08-09 03:00:00,pm25,PIIANN,17.73,28.409428
2024-02-11 20:00:00,pm25,PIIANN,21.5,14.742106
2024-06-01 11:00:00,pm25,PIIANN,10.25,13.89157
2021-12-08 18:00:00,pm25,PIIANN,19.5,22.175798
2021-02-10 11:00:00,pm25,PIIANN,0.9999995,4.9479175
2025-12-12 21:00:00,pm25,PIIANN,60.8,68.09419
2025-05-10 15:00:00,pm25,PIIANN,30.44,19.916363
2024-10-10 18:00:00,pm25,PIIANN,7.7500005,10.644398
2024-11-03 19:00:00,pm25,PIIANN,13.75,20.219229
2024-10-09 19:00:00,pm25,PIIANN,20.0,19.287983
2023-06-07 02:00:00,pm25,PIIANN,9.56,5.019318
2023-04-08 14:00:00,pm25,PIIANN,14.25,13.995143
2025-01-01 14:00:00,pm25,PIIANN,9.0,17.752409
2022-02-09 18:00:00,pm25,PIIANN,9.5,14.437823
2022-08-12 09:00:00,pm25,PIIANN,35.0,45.60089
2024-11-09 05:00:00,pm25,PIIANN,6.0000005,7.7100377
2021-07-05 15:00:00,pm25,PIIANN,4.0000014,6.3605113
2022-06-03 09:00:00,pm25,PIIANN,15.5,16.175863
2024-11-08 06:00:00,pm25,PIIANN,5.7500005,8.44315
2021-05-03 02:00:00,pm25,PIIANN,17.5,12.124248
2021-03-05 07:00:00,pm25,PIIANN,5.5000005,15.203541
2021-04-02 05:00:00,pm25,PIIANN,50.25,31.2344
2025-12-04 19:00:00,pm25,PIIANN,36.0,26.637888
2025-09-02 16:00:00,pm25,PIIANN,20.5,21.610888
2021-07-09 15:00:00,pm25,PIIANN,12.5,7.518226
2022-04-10 14:00:00,pm25,PIIANN,21.5,19.08001
2025-06-06 06:00:00,pm25,PIIANN,28.25,24.962572
2023-05-03 03:00:00,pm25,PIIANN,30.75,29.626015
2023-11-06 17:00:00,pm25,PIIANN,17.0,23.506742
2022-03-11 16:00:00,pm25,PIIANN,8.0,5.1844487
2021-06-08 08:00:00,pm25,PIIANN,14.25,18.403685
2023-03-03 14:00:00,pm25,PIIANN,19.0,18.368044
2024-06-06 15:00:00,pm25,PIIANN,10.25,14.925861
2024-11-05 21:00:00,pm25,PIIANN,6.0000005,7.2495055
2022-01-02 16:00:00,pm25,PIIANN,15.5,18.413725
2024-12-11 18:00:00,pm25,PIIANN,3.4999995,6.8556952
2025-03-09 06:00:00,pm25,PIIANN,22.74,13.230851
2023-02-11 06:00:00,pm25,PIIANN,17.25,17.195284
2022-04-02 13:00:00,pm25,PIIANN,15.5,19.653627
2024-02-10 00:00:00,pm25,PIIANN,2.7499995,5.410605
2021-09-08 14:00:00,pm25,PIIANN,29.25,27.668964
2023-08-10 11:00:00,pm25,PIIANN,14.25,13.56634
2024-05-06 06:00:00,pm25,PIIANN,9.25,11.090801
2022-05-09 19:00:00,pm25,PIIANN,22.0,20.08247
2021-03-09 23:00:00,pm25,PIIANN,26.5,19.32235
2025-03-01 20:00:00,pm25,PIIANN,23.25,31.008709
2025-03-08 01:00:00,pm25,PIIANN,32.99,21.243479
2021-12-10 00:00:00,pm25,PIIANN,36.75,8.91009
2021-07-12 11:00:00,pm25,PIIANN,53.5,80.21416
2024-11-08 02:00:00,pm25,PIIANN,10.0,15.3765135
2022-09-02 10:00:00,pm25,PIIANN,15.5,20.342665
2022-05-09 11:00:00,pm25,PIIANN,16.75,18.421526
2021-10-10 13:00:00,pm25,PIIANN,11.75,4.294476
2023-12-01 13:00:00,pm25,PIIANN,15.75,20.260714
2023-03-11 07:00:00,pm25,PIIANN,15.0,12.173872
2022-09-04 20:00:00,pm25,PIIANN,15.5,15.082345
2025-03-09 12:00:00,pm25,PIIANN,11.93,20.866356
2023-01-12 12:00:00,pm25,PIIANN,10.25,6.6131997
2022-06-09 05:00:00,pm25,PIIANN,4.7500005,9.6250925
2023-03-02 09:00:00,pm25,PIIANN,14.25,24.816376
2023-01-08 21:00:00,pm25,PIIANN,30.333334,38.002697
2022-04-06 10:00:00,pm25,PIIANN,19.75,24.68602
2023-08-11 10:00:00,pm25,PIIANN,16.0,13.446711
2025-11-08 03:00:00,pm25,PIIANN,3.9233336,6.6342998
2022-05-09 18:00:00,pm25,PIIANN,19.0,16.670067
2022-04-01 14:00:00,pm25,PIIANN,15.5,25.677074
2024-09-10 10:00:00,pm25,PIIANN,7.0000005,7.1560235
2022-12-02 04:00:00,pm25,PIIANN,15.5,15.196614
2022-05-03 00:00:00,pm25,PIIANN,15.5,13.922394
2023-06-03 02:00:00,pm25,PIIANN,17.25,21.01924
2022-02-02 11:00:00,pm25,PIIANN,15.5,15.1196995
2021-09-06 02:00:00,pm25,PIIANN,4.32,6.715718
2021-11-12 14:00:00,pm25,PIIANN,3.2499995,6.4060197
2021-11-09 09:00:00,pm25,PIIANN,26.0,24.808794
2022-11-03 07:00:00,pm25,PIIANN,15.5,29.539795
2022-12-04 08:00:00,pm25,PIIANN,15.5,22.494404
2022-02-03 05:00:00,pm25,PIIANN,15.5,31.10855
2024-10-02 03:00:00,pm25,PIIANN,11.25,9.423128
2024-04-11 09:00:00,pm25,PIIANN,8.25,10.103068
2021-01-09 10:00:00,pm25,PIIANN,47.75,34.995598
2022-09-03 11:00:00,pm25,PIIANN,15.5,28.471428
2021-06-05 09:00:00,pm25,PIIANN,21.5,54.099434
2025-05-03 22:00:00,pm25,PIIANN,15.5,12.512375
2021-03-11 08:00:00,pm25,PIIANN,15.5,12.921577
2021-05-07 10:00:00,pm25,PIIANN,17.25,14.890186
2021-01-02 03:00:00,pm25,PIIANN,18.5,22.790852
2025-08-04 23:00:00,pm25,PIIANN,21.25,17.999525
2025-10-07 05:00:00,pm25,PIIANN,15.5,15.909334
2024-02-11 11:00:00,pm25,PIIANN,7.5000005,6.6686015
2025-09-02 00:00:00,pm25,PIIANN,21.25,18.337791
2021-10-09 16:00:00,pm25,PIIANN,4.7500005,8.762052
2023-06-01 22:00:00,pm25,PIIANN,24.0,20.021143
2024-10-07 10:00:00,pm25,PIIANN,13.0,27.664371
2021-08-12 20:00:00,pm25,PIIANN,14.5,13.544805
2021-06-07 14:00:00,pm25,PIIANN,36.5,35.094025
2022-11-11 11:00:00,pm25,PIIANN,12.25,4.6151834
2022-11-02 18:00:00,pm25,PIIANN,15.5,18.89292
2021-08-02 21:00:00,pm25,PIIANN,40.5,33.01457
2025-07-11 17:00:00,pm25,PIIANN,51.25,40.42312
2021-09-04 07:00:00,pm25,PIIANN,26.368422,24.670776
2025-12-11 06:00:00,pm25,PIIANN,78.6,68.51164
2025-03-03 01:00:00,pm25,PIIANN,11.3436,18.124985
2025-10-08 21:00:00,pm25,PIIANN,12.62,11.48371
2021-11-04 13:00:00,pm25,PIIANN,18.25,15.691795
2023-02-12 13:00:00,pm25,PIIANN,6.5000005,0.9636092
2021-11-12 19:00:00,pm25,PIIANN,8.500001,15.214452
2022-06-11 07:00:00,pm25,PIIANN,12.25,18.62149
2021-10-08 22:00:00,pm25,PIIANN,28.25,29.093594
2021-01-11 01:00:00,pm25,PIIANN,1.7499995,6.6711516
2024-11-02 00:00:00,pm25,PIIANN,23.0,31.450827
2024-07-10 23:00:00,pm25,PIIANN,10.5,12.300454
2025-08-11 00:00:00,pm25,PIIANN,70.06,19.335474
2022-09-02 17:00:00,pm25,PIIANN,15.5,19.874262
2025-09-07 06:00:00,pm25,PIIANN,15.5,17.892612
2023-11-11 13:00:00,pm25,PIIANN,28.5,27.41078
2025-04-10 00:00:00,pm25,PIIANN,19.87,37.688923
2021-07-04 21:00:00,pm25,PIIANN,29.5,29.4338
2021-06-06 01:00:00,pm25,PIIANN,1.2399993,2.5272117
2021-03-05 04:00:00,pm25,PIIANN,15.5,6.6442676
2022-12-10 04:00:00,pm25,PIIANN,7.0000005,12.104257
2021-11-08 20:00:00,pm25,PIIANN,45.75,41.628403
2022-04-05 12:00:00,pm25,PIIANN,15.5,22.04775
2024-03-07 07:00:00,pm25,PIIANN,17.0,15.239722
2024-07-08 07:00:00,pm25,PIIANN,3.7499995,6.9903436
2024-04-04 22:00:00,pm25,PIIANN,6.7500005,7.972446
2024-11-08 03:00:00,pm25,PIIANN,8.75,10.045456
2021-12-09 18:00:00,pm25,PIIANN,45.25,44.181103
2024-09-01 23:00:00,pm25,PIIANN,20.5,16.601267
2025-11-08 19:00:00,pm25,PIIANN,5.3400006,19.990683
2024-02-11 12:00:00,pm25,PIIANN,5.6700015,4.2933545
2022-04-10 18:00:00,pm25,PIIANN,22.5,34.021698
2021-02-06 03:00:00,pm25,PIIANN,15.5,6.819058
2025-11-05 15:00:00,pm25,PIIANN,34.5,31.374393
2024-04-07 14:00:00,pm25,PIIANN,5.7500005,11.202862
2025-04-01 11:00:00,pm25,PIIANN,22.5,39.176434
2022-02-07 06:00:00,pm25,PIIANN,10.625,8.805951
2024-04-12 01:00:00,pm25,PIIANN,6.5000005,2.37684
2023-01-05 04:00:00,pm25,PIIANN,5.5000005,4.9824557
2023-10-08 23:00:00,pm25,PIIANN,9.5,13.228024
2022-01-05 15:00:00,pm25,PIIANN,15.5,12.2720995
2025-04-02 09:00:00,pm25,PIIANN,22.75,22.174099
2021-02-06 10:00:00,pm25,PIIANN,15.5,15.512623
2021-01-06 18:00:00,pm25,PIIANN,15.5,18.058891
2025-12-05 12:00:00,pm25,PIIANN,38.0,28.037075
2021-11-10 10:00:00,pm25,PIIANN,40.75,23.49348
2024-02-02 11:00:00,pm25,PIIANN,4.7500005,9.421873
2022-04-09 16:00:00,pm25,PIIANN,15.0,13.286585
2024-03-06 06:00:00,pm25,PIIANN,10.75,11.704584
2024-04-12 03:00:00,pm25,PIIANN,6.2500014,8.128825
2025-10-01 16:00:00,pm25,PIIANN,8.25,24.68646
2022-09-05 21:00:00,pm25,PIIANN,15.5,19.334888
2021-07-05 10:00:00,pm25,PIIANN,15.5,14.90782
2024-06-07 08:00:00,pm25,PIIANN,11.5,10.33011
2023-09-01 11:00:00,pm25,PIIANN,13.333332,19.29299
2024-02-08 19:00:00,pm25,PIIANN,24.25,31.855095
2025-10-07 03:00:00,pm25,PIIANN,15.5,17.750021
2023-11-05 01:00:00,pm25,PIIANN,13.0,6.448673
2021-08-01 09:00:00,pm25,PIIANN,17.25,25.006027
2022-06-01 13:00:00,pm25,PIIANN,15.5,14.6150675
2023-05-01 23:00:00,pm25,PIIANN,21.5,21.687574
2021-10-05 10:00:00,pm25,PIIANN,6.0000005,9.338724
2025-09-02 05:00:00,pm25,PIIANN,38.5,28.681496
2024-08-06 05:00:00,pm25,PIIANN,4.5000005,7.1958566
2022-07-03 05:00:00,pm25,PIIANN,15.5,16.543213
2023-03-06 07:00:00,pm25,PIIANN,21.5,21.198023
2021-12-03 13:00:00,pm25,PIIANN,9.5,8.350961
2024-04-09 05:00:00,pm25,PIIANN,11.25,6.5099597
2025-10-01 13:00:00,pm25,PIIANN,12.75,19.73381
2023-12-03 03:00:00,pm25,PIIANN,23.25,21.30494
2023-10-08 17:00:00,pm25,PIIANN,12.75,15.1745
2022-05-05 20:00:00,pm25,PIIANN,15.5,18.72389
2021-06-03 06:00:00,pm25,PIIANN,46.25,38.04666
2021-01-02 14:00:00,pm25,PIIANN,29.25,26.404657
2024-10-03 14:00:00,pm25,PIIANN,11.0,10.196896
2022-07-05 19:00:00,pm25,PIIANN,15.5,20.922747
2022-07-07 14:00:00,pm25,PIIANN,9.0,24.180397
2023-02-03 20:00:00,pm25,PIIANN,31.25,43.111244
2025-05-06 04:00:00,pm25,PIIANN,19.75,18.618608
2025-08-01 17:00:00,pm25,PIIANN,17.5,30.130001
2022-04-09 04:00:00,pm25,PIIANN,11.25,10.451929
2024-03-12 23:00:00,pm25,PIIANN,5.7500005,11.717962
2022-02-09 14:00:00,pm25,PIIANN,6.7500005,8.68871
2024-01-01 10:00:00,pm25,PIIANN,38.25,40.045536
2021-10-07 17:00:00,pm25,PIIANN,12.0,10.472215
2022-01-04 00:00:00,pm25,PIIANN,15.5,34.521122
2024-07-10 16:00:00,pm25,PIIANN,11.25,12.703382
2023-11-03 05:00:00,pm25,PIIANN,29.0,23.997913
2021-09-06 21:00:00,pm25,PIIANN,15.5,18.905148
2024-01-11 14:00:00,pm25,PIIANN,14.25,10.864969
2022-04-01 16:00:00,pm25,PIIANN,15.5,22.56626
2023-01-11 10:00:00,pm25,PIIANN,28.75,26.67373
2025-01-07 04:00:00,pm25,PIIANN,13.999999,9.21033
2024-09-12 13:00:00,pm25,PIIANN,27.0,26.827303
2025-05-10 05:00:00,pm25,PIIANN,29.86,35.11124
2021-02-09 12:00:00,pm25,PIIANN,9.75,12.8265705
2021-01-10 09:00:00,pm25,PIIANN,20.25,23.950205
2022-09-08 16:00:00,pm25,PIIANN,15.25,12.841155
2023-07-08 10:00:00,pm25,PIIANN,9.0,14.835412
2023-09-03 04:00:00,pm25,PIIANN,24.5,26.331831
2024-05-09 05:00:00,pm25,PIIANN,13.0,8.670348
2023-06-11 17:00:00,pm25,PIIANN,2.2499995,-0.3276563
2022-07-03 07:00:00,pm25,PIIANN,15.5,19.213001
2022-06-03 12:00:00,pm25,PIIANN,15.5,17.874073
2024-02-09 02:00:00,pm25,PIIANN,11.0,5.0833488
2023-01-01 20:00:00,pm25,PIIANN,13.999999,14.492168
2024-08-03 16:00:00,pm25,PIIANN,15.5,16.84408
2022-06-10 22:00:00,pm25,PIIANN,18.75,15.850507
2025-07-08 15:00:00,pm25,PIIANN,28.46,27.939548
2022-04-09 03:00:00,pm25,PIIANN,8.25,10.666499
2025-01-11 12:00:00,pm25,PIIANN,45.3,44.429573
2024-06-12 05:00:00,pm25,PIIANN,13.25,13.418877
2024-12-07 12:00:00,pm25,PIIANN,14.75,14.656237
2024-09-04 02:00:00,pm25,PIIANN,9.75,4.7745147
2025-01-09 21:00:00,pm25,PIIANN,56.36,59.988384
2021-10-12 02:00:00,pm25,PIIANN,3.2499995,9.239651
2022-12-09 03:00:00,pm25,PIIANN,21.0,14.52321
2024-07-01 15:00:00,pm25,PIIANN,1.2499995,4.0990214
2021-04-10 18:00:00,pm25,PIIANN,4.7500005,4.966495
2021-11-07 01:00:00,pm25,PIIANN,13.999999,17.971594
2025-08-12 03:00:00,pm25,PIIANN,45.699997,61.52465
2022-05-03 04:00:00,pm25,PIIANN,15.5,17.977661
2024-07-08 10:00:00,pm25,PIIANN,7.5000005,9.455121
2022-11-04 00:00:00,pm25,PIIANN,15.5,17.574083
2024-11-03 06:00:00,pm25,PIIANN,10.75,12.468329
2025-03-06 05:00:00,pm25,PIIANN,13.999999,14.561594
2021-05-12 11:00:00,pm25,PIIANN,58.75,51.17759
2025-07-04 10:00:00,pm25,PIIANN,18.75,19.990637
2021-08-10 12:00:00,pm25,PIIANN,15.0,19.246601
2022-10-01 11:00:00,pm25,PIIANN,15.5,17.772032
2024-04-09 11:00:00,pm25,PIIANN,9.0,12.128863
2021-06-02 20:00:00,pm25,PIIANN,46.75,41.85563
2023-12-10 17:00:00,pm25,PIIANN,23.75,13.665841
2024-01-10 01:00:00,pm25,PIIANN,4.2500005,3.8669047
2025-04-04 09:00:00,pm25,PIIANN,18.0,16.842594
2022-12-07 22:00:00,pm25,PIIANN,15.5,20.318762
2025-03-02 14:00:00,pm25,PIIANN,7.7500005,10.039732
2025-09-03 12:00:00,pm25,PIIANN,15.5,15.752243
2021-02-05 00:00:00,pm25,PIIANN,2.2499995,27.922789
2025-12-01 12:00:00,pm25,PIIANN,5.2500005,16.775745
2024-08-10 02:00:00,pm25,PIIANN,6.7500005,7.409679
2025-08-02 03:00:00,pm25,PIIANN,30.0,25.105745
2021-01-03 11:00:00,pm25,PIIANN,32.0,30.709526
2023-10-05 21:00:00,pm25,PIIANN,8.500001,13.336416
2021-09-12 08:00:00,pm25,PIIANN,12.25,14.567338
2021-10-12 14:00:00,pm25,PIIANN,13.999999,23.835781
2024-12-10 09:00:00,pm25,PIIANN,2.9999995,3.458963
2024-08-09 07:00:00,pm25,PIIANN,13.499999,13.098769
2023-12-06 17:00:00,pm25,PIIANN,17.666666,12.34578
2024-01-05 02:00:00,pm25,PIIANN,1.9999995,7.586143
2023-02-04 10:00:00,pm25,PIIANN,13.499999,12.198855
2025-10-12 00:00:00,pm25,PIIANN,78.69,54.67847
2025-08-01 09:00:00,pm25,PIIANN,15.5,44.743324
2021-03-01 22:00:00,pm25,PIIANN,13.75,19.820387
2022-05-03 06:00:00,pm25,PIIANN,15.5,19.405727
2021-02-06 23:00:00,pm25,PIIANN,15.5,16.071623
2022-10-12 00:00:00,pm25,PIIANN,10.0,13.738544
2022-08-06 16:00:00,pm25,PIIANN,24.0,20.216644
2022-04-04 14:00:00,pm25,PIIANN,15.5,9.922194
2025-04-05 08:00:00,pm25,PIIANN,23.0,15.022422
2021-01-06 04:00:00,pm25,PIIANN,15.5,16.596212
2023-12-09 03:00:00,pm25,PIIANN,13.0,7.927837
2024-03-08 17:00:00,pm25,PIIANN,14.5,11.237352
2021-06-04 04:00:00,pm25,PIIANN,23.0,23.217875
2024-04-07 10:00:00,pm25,PIIANN,11.75,13.368229
2025-02-11 11:00:00,pm25,PIIANN,36.0,30.441435
2021-03-05 20:00:00,pm25,PIIANN,1.9999995,17.201406
2024-05-05 03:00:00,pm25,PIIANN,6.7500005,8.94746
2024-03-12 00:00:00,pm25,PIIANN,13.999999,12.04956
2024-07-01 13:00:00,pm25,PIIANN,12.5,7.228806
2022-03-10 17:00:00,pm25,PIIANN,25.25,21.071953
2024-05-06 13:00:00,pm25,PIIANN,8.75,16.049984
2021-09-10 23:00:00,pm25,PIIANN,34.5,34.314445
2024-02-09 20:00:00,pm25,PIIANN,10.75,12.9133
2022-07-11 09:00:00,pm25,PIIANN,23.5,28.559008
2022-08-10 14:00:00,pm25,PIIANN,22.0,21.998129
2021-10-07 22:00:00,pm25,PIIANN,25.0,21.093523
2024-06-04 04:00:00,pm25,PIIANN,8.25,6.6764474
2021-10-03 22:00:00,pm25,PIIANN,5.5000005,7.021313
2024-07-06 11:00:00,pm25,PIIANN,7.2499995,6.8168263
2023-10-03 02:00:00,pm25,PIIANN,19.5,17.60085
2023-02-07 02:00:00,pm25,PIIANN,16.89,15.74698
2025-08-07 00:00:00,pm25,PIIANN,30.25,8.527307
2021-03-02 06:00:00,pm25,PIIANN,37.25,33.701855
2023-10-03 12:00:00,pm25,PIIANN,16.75,12.17242
2025-07-01 20:00:00,pm25,PIIANN,12.0,24.988232
2025-11-09 02:00:00,pm25,PIIANN,16.86,14.411586
2022-09-10 07:00:00,pm25,PIIANN,20.75,12.824295
2025-05-10 02:00:00,pm25,PIIANN,21.73,26.061348
2025-12-02 16:00:00,pm25,PIIANN,12.5,16.010162
2025-07-10 19:00:00,pm25,PIIANN,19.84,27.484097
2022-12-03 05:00:00,pm25,PIIANN,15.5,24.635893
2024-08-10 08:00:00,pm25,PIIANN,11.0,12.1511345
2023-09-01 08:00:00,pm25,PIIANN,46.5,48.119232
2022-05-07 15:00:00,pm25,PIIANN,13.75,8.990906
2022-09-09 18:00:00,pm25,PIIANN,18.0,16.87803
2024-12-05 06:00:00,pm25,PIIANN,4.9999995,8.508316
2024-08-07 00:00:00,pm25,PIIANN,9.0,5.450314
2022-04-03 19:00:00,pm25,PIIANN,15.5,28.530142
2025-01-05 09:00:00,pm25,PIIANN,19.75,15.421289
2023-12-11 21:00:00,pm25,PIIANN,220.5,170.10567
2021-03-10 20:00:00,pm25,PIIANN,1.6666675,11.861042
2021-12-05 04:00:00,pm25,PIIANN,402.75,300.243
2023-06-11 19:00:00,pm25,PIIANN,3.7499995,1.9293418
2022-04-12 17:00:00,pm25,PIIANN,21.75,32.850536
2023-07-01 20:00:00,pm25,PIIANN,30.5,35.828144
2022-06-10 21:00:00,pm25,PIIANN,22.25,17.02959
2023-03-08 21:00:00,pm25,PIIANN,16.666666,25.591032
2024-01-06 04:00:00,pm25,PIIANN,11.5,12.136923
2025-06-02 22:00:00,pm25,PIIANN,27.25,28.534405
2023-05-10 14:00:00,pm25,PIIANN,23.0,17.793337
2023-05-09 17:00:00,pm25,PIIANN,27.25,31.165249
2025-10-10 05:00:00,pm25,PIIANN,12.79,15.854194
2021-01-09 02:00:00,pm25,PIIANN,15.25,12.131041
2025-11-05 01:00:00,pm25,PIIANN,18.75,16.113022
2022-12-09 09:00:00,pm25,PIIANN,23.0,16.653933
2022-05-09 21:00:00,pm25,PIIANN,18.33,21.913942
2023-04-05 23:00:00,pm25,PIIANN,10.5,12.84787
2024-06-04 11:00:00,pm25,PIIANN,19.75,14.920384
2022-03-05 19:00:00,pm25,PIIANN,15.5,13.735826
2024-01-01 11:00:00,pm25,PIIANN,30.0,41.622684
2024-06-12 11:00:00,pm25,PIIANN,12.5,12.37764
2022-04-07 21:00:00,pm25,PIIANN,23.25,30.438942
2024-09-12 02:00:00,pm25,PIIANN,17.5,17.067228
2021-12-10 08:00:00,pm25,PIIANN,18.0,11.482243
2024-12-08 01:00:00,pm25,PIIANN,4.5000005,2.9573092
2024-04-06 04:00:00,pm25,PIIANN,12.5,13.410515
2023-09-11 23:00:00,pm25,PIIANN,22.0,19.868908
2022-01-01 11:00:00,pm25,PIIANN,15.5,12.615784
2024-07-06 23:00:00,pm25,PIIANN,8.33,5.0022454
2024-12-05 10:00:00,pm25,PIIANN,4.9999995,5.837998
2022-03-04 06:00:00,pm25,PIIANN,15.5,17.136724
2023-07-01 17:00:00,pm25,PIIANN,31.0,28.23144
2024-03-01 23:00:00,pm25,PIIANN,10.25,20.48342
2022-11-01 09:00:00,pm25,PIIANN,15.5,14.902397
2025-10-09 03:00:00,pm25,PIIANN,23.95,30.937748
2021-10-01 10:00:00,pm25,PIIANN,61.25,36.088352
2023-12-04 06:00:00,pm25,PIIANN,18.25,21.393438
2023-05-03 08:00:00,pm25,PIIANN,21.0,31.656462
2025-08-08 14:00:00,pm25,PIIANN,35.61,38.396606
2025-06-04 05:00:00,pm25,PIIANN,16.0,10.826247
2021-10-03 16:00:00,pm25,PIIANN,1.9999995,3.9359546
2024-02-09 12:00:00,pm25,PIIANN,10.0,15.500762
2025-01-08 05:00:00,pm25,PIIANN,28.92,22.27448
2024-04-11 17:00:00,pm25,PIIANN,9.0,10.761823
2025-01-12 10:00:00,pm25,PIIANN,15.5,14.203919
2024-11-04 08:00:00,pm25,PIIANN,9.5,18.256628
2023-11-10 16:00:00,pm25,PIIANN,17.25,14.616719
2025-12-07 22:00:00,pm25,PIIANN,52.75,23.228619
2025-02-03 01:00:00,pm25,PIIANN,12.13,15.35568
2022-04-09 12:00:00,pm25,PIIANN,21.0,13.058386
2025-05-04 23:00:00,pm25,PIIANN,11.0,14.558271
2021-10-03 03:00:00,pm25,PIIANN,4.9999995,4.9535985
2022-07-06 11:00:00,pm25,PIIANN,13.999999,18.055954
2025-03-04 18:00:00,pm25,PIIANN,13.499999,12.049333
2024-11-03 17:00:00,pm25,PIIANN,14.25,18.690683
2021-09-06 01:00:00,pm25,PIIANN,3.8800006,4.918342
2023-11-03 20:00:00,pm25,PIIANN,16.0,20.82658
2021-07-06 09:00:00,pm25,PIIANN,15.5,16.255905
2025-02-09 01:00:00,pm25,PIIANN,34.77,66.41347
2021-11-04 17:00:00,pm25,PIIANN,19.25,12.702243
2023-10-05 04:00:00,pm25,PIIANN,10.25,8.969025
2021-02-08 10:00:00,pm25,PIIANN,13.75,13.9542
2025-11-10 20:00:00,pm25,PIIANN,39.57,45.69315
2022-05-01 16:00:00,pm25,PIIANN,15.5,21.55317
2021-10-06 21:00:00,pm25,PIIANN,15.5,16.370813
2024-04-04 07:00:00,pm25,PIIANN,6.7500005,6.680488
2024-01-09 07:00:00,pm25,PIIANN,8.25,10.70396
2021-05-11 21:00:00,pm25,PIIANN,59.0,59.865707
2022-02-04 20:00:00,pm25,PIIANN,15.5,14.571957
2021-02-10 19:00:00,pm25,PIIANN,15.5,13.443327
2022-01-08 11:00:00,pm25,PIIANN,11.25,13.324844
2023-07-11 21:00:00,pm25,PIIANN,10.5,11.881184
2022-03-11 10:00:00,pm25,PIIANN,7.5000005,8.338587
2022-04-03 18:00:00,pm25,PIIANN,15.5,25.32127
2024-02-09 13:00:00,pm25,PIIANN,7.2499995,13.936478
2024-03-04 08:00:00,pm25,PIIANN,11.0,14.766189
2025-12-03 13:00:00,pm25,PIIANN,9.25,8.057736
2025-04-03 02:00:00,pm25,PIIANN,18.88,25.50095
2025-04-04 17:00:00,pm25,PIIANN,13.0,16.218317
2024-07-09 04:00:00,pm25,PIIANN,1.9999995,1.8580394
2023-09-09 01:00:00,pm25,PIIANN,4.2500005,11.480141
2023-08-11 17:00:00,pm25,PIIANN,13.75,15.092348
2024-06-12 07:00:00,pm25,PIIANN,7.2499995,12.929352
2021-05-05 16:00:00,pm25,PIIANN,2.9999995,7.2219653
2023-12-10 15:00:00,pm25,PIIANN,8.500001,10.802298
2022-05-11 19:00:00,pm25,PIIANN,11.75,14.900396
2024-12-04 02:00:00,pm25,PIIANN,8.0,4.5322795
2023-12-04 18:00:00,pm25,PIIANN,23.75,24.90573
2022-08-07 06:00:00,pm25,PIIANN,5.5000005,5.6083217
2024-12-06 11:00:00,pm25,PIIANN,6.7500005,8.505887
2021-01-07 02:00:00,pm25,PIIANN,10.75,9.071805
2024-01-02 12:00:00,pm25,PIIANN,13.75,7.8539195
2023-05-03 13:00:00,pm25,PIIANN,16.0,14.593784
2023-05-11 14:00:00,pm25,PIIANN,7.0000005,6.6220155
2025-03-10 01:00:00,pm25,PIIANN,39.44,49.296535
2024-04-07 01:00:00,pm25,PIIANN,2.7499995,1.0532432
2022-10-11 16:00:00,pm25,PIIANN,15.75,13.240072
2023-05-01 17:00:00,pm25,PIIANN,16.25,20.645803
2025-07-09 19:00:00,pm25,PIIANN,33.56,27.954111
2023-11-01 17:00:00,pm25,PIIANN,30.0,27.095066
2025-07-06 07:00:00,pm25,PIIANN,24.0,25.70905
2024-04-02 21:00:00,pm25,PIIANN,6.5000005,10.72134
2021-04-03 14:00:00,pm25,PIIANN,15.75,22.438906
2023-11-07 01:00:00,pm25,PIIANN,5.3700004,7.3161235
2021-06-06 09:00:00,pm25,PIIANN,15.5,19.4399
2025-11-04 19:00:00,pm25,PIIANN,18.75,19.244251
2022-03-12 03:00:00,pm25,PIIANN,8.0,14.250335
2024-08-08 09:00:00,pm25,PIIANN,8.25,10.464911
2024-04-07 19:00:00,pm25,PIIANN,19.25,18.060377
2022-03-06 03:00:00,pm25,PIIANN,7.7500005,27.393583
2022-09-06 01:00:00,pm25,PIIANN,13.999999,26.63534
2021-06-12 05:00:00,pm25,PIIANN,63.750004,52.539356
2022-01-04 22:00:00,pm25,PIIANN,15.5,11.517759
2022-06-05 19:00:00,pm25,PIIANN,15.5,19.397451
2023-10-11 14:00:00,pm25,PIIANN,23.5,20.08903
2023-03-02 07:00:00,pm25,PIIANN,22.5,24.097696
2023-11-10 08:00:00,pm25,PIIANN,25.0,21.499918
2023-10-11 16:00:00,pm25,PIIANN,32.0,34.9954
2024-08-08 20:00:00,pm25,PIIANN,8.25,9.223777
2022-12-04 00:00:00,pm25,PIIANN,15.5,21.08287
2023-03-12 23:00:00,pm25,PIIANN,15.5,0.24894664
2022-06-07 18:00:00,pm25,PIIANN,12.0,11.075889
2024-07-06 03:00:00,pm25,PIIANN,1.6666675,22.112461
2021-08-05 12:00:00,pm25,PIIANN,4.5000005,9.160745
2023-11-03 23:00:00,pm25,PIIANN,14.25,13.743901
2024-07-07 01:00:00,pm25,PIIANN,5.2500005,8.496743
2024-01-01 20:00:00,pm25,PIIANN,21.0,41.97619
2022-08-05 04:00:00,pm25,PIIANN,15.5,20.733313
2024-04-11 14:00:00,pm25,PIIANN,8.0,5.1027913
2022-11-07 21:00:00,pm25,PIIANN,6.0000005,6.1909204
2024-06-03 12:00:00,pm25,PIIANN,16.0,23.097197
2025-07-02 03:00:00,pm25,PIIANN,30.25,26.662958
2025-11-03 05:00:00,pm25,PIIANN,21.25,22.172586
2021-05-01 15:00:00,pm25,PIIANN,17.333334,10.480976
2021-10-10 19:00:00,pm25,PIIANN,53.0,33.493256
2023-08-04 15:00:00,pm25,PIIANN,6.0000005,7.059215
2024-08-07 09:00:00,pm25,PIIANN,11.0,15.036256
2024-09-07 23:00:00,pm25,PIIANN,8.75,10.208865
2021-03-11 05:00:00,pm25,PIIANN,4.7500005,5.5470614
2023-08-04 05:00:00,pm25,PIIANN,14.25,11.403378
2022-11-09 04:00:00,pm25,PIIANN,6.5000005,9.060532
2021-03-01 20:00:00,pm25,PIIANN,24.5,22.935566
2022-03-02 01:00:00,pm25,PIIANN,15.5,18.407087
2025-04-06 03:00:00,pm25,PIIANN,9.25,10.405911
2024-06-08 23:00:00,pm25,PIIANN,4.9999995,2.5493617
2021-06-12 14:00:00,pm25,PIIANN,46.75,45.17549
2023-02-03 19:00:00,pm25,PIIANN,30.5,28.32039
2024-08-06 23:00:00,pm25,PIIANN,11.5,4.415994
2021-11-02 14:00:00,pm25,PIIANN,24.5,24.196236
2024-04-05 22:00:00,pm25,PIIANN,6.5000005,6.7036347
2025-06-03 07:00:00,pm25,PIIANN,15.5,19.459164
2025-12-07 13:00:00,pm25,PIIANN,33.25,22.552435
2025-01-07 19:00:00,pm25,PIIANN,40.5,29.834436
2024-01-06 19:00:00,pm25,PIIANN,10.5,15.671435
2022-09-07 06:00:00,pm25,PIIANN,8.500001,8.5402155
2025-11-12 02:00:00,pm25,PIIANN,97.5,114.88448
2021-08-01 11:00:00,pm25,PIIANN,8.500001,9.5506
2023-01-06 23:00:00,pm25,PIIANN,18.0,18.593079
2021-08-09 23:00:00,pm25,PIIANN,8.75,11.622653
2022-11-09 17:00:00,pm25,PIIANN,11.5,7.495399
2024-01-03 05:00:00,pm25,PIIANN,34.0,32.458416
2022-01-10 10:00:00,pm25,PIIANN,12.75,6.6308513
2025-02-04 10:00:00,pm25,PIIANN,20.75,33.379005
2022-02-10 20:00:00,pm25,PIIANN,23.75,29.327053
2025-06-03 02:00:00,pm25,PIIANN,21.83,20.92367
2021-05-07 21:00:00,pm25,PIIANN,6.2500014,12.557442
2021-05-03 04:00:00,pm25,PIIANN,68.0,34.91344
2022-07-10 07:00:00,pm25,PIIANN,11.25,8.625442
2022-12-08 01:00:00,pm25,PIIANN,11.5,8.637537
2023-09-12 11:00:00,pm25,PIIANN,15.5,21.648237
2021-04-10 06:00:00,pm25,PIIANN,61.5,22.021448
2024-11-05 02:00:00,pm25,PIIANN,4.9999995,9.910592
2022-08-02 19:00:00,pm25,PIIANN,15.5,22.059252
2021-07-02 08:00:00,pm25,PIIANN,138.25,115.072754
2025-06-09 04:00:00,pm25,PIIANN,9.46,26.035706
2022-04-04 23:00:00,pm25,PIIANN,15.5,11.644381
2024-02-08 00:00:00,pm25,PIIANN,7.2499995,6.74663
2023-05-11 05:00:00,pm25,PIIANN,15.75,11.930838
2021-10-07 21:00:00,pm25,PIIANN,26.0,20.441488
2023-03-03 22:00:00,pm25,PIIANN,30.5,29.660318
2023-09-01 19:00:00,pm25,PIIANN,29.0,42.49837
2023-08-08 17:00:00,pm25,PIIANN,14.75,16.1763
2025-10-03 13:00:00,pm25,PIIANN,15.5,17.768639
2023-08-05 11:00:00,pm25,PIIANN,13.0,14.870458
2023-09-04 06:00:00,pm25,PIIANN,9.0,10.791541
2022-02-11 08:00:00,pm25,PIIANN,6.0000005,8.8969345
2023-02-03 15:00:00,pm25,PIIANN,14.5,13.352364
2022-07-10 02:00:00,pm25,PIIANN,8.0,5.9021964
2022-06-08 01:00:00,pm25,PIIANN,10.0,16.21053
2022-06-08 09:00:00,pm25,PIIANN,11.25,10.338373
2023-03-06 03:00:00,pm25,PIIANN,21.5,13.484726
2023-11-08 09:00:00,pm25,PIIANN,19.25,21.229767
2024-03-06 23:00:00,pm25,PIIANN,12.0,11.683448
2023-04-03 03:00:00,pm25,PIIANN,30.75,30.436905
2023-02-11 13:00:00,pm25,PIIANN,9.75,15.0314
2024-10-01 15:00:00,pm25,PIIANN,12.25,14.715022
2023-11-11 08:00:00,pm25,PIIANN,28.5,30.103062
2022-09-05 15:00:00,pm25,PIIANN,15.5,29.149748
2021-01-12 08:00:00,pm25,PIIANN,15.5,22.90731
2025-01-05 13:00:00,pm25,PIIANN,23.5,15.076335
2021-05-11 09:00:00,pm25,PIIANN,15.5,19.709196
2022-03-10 15:00:00,pm25,PIIANN,24.25,21.649727
2023-08-10 00:00:00,pm25,PIIANN,9.75,10.925485
2025-10-02 19:00:00,pm25,PIIANN,26.0,30.53545
2021-02-01 16:00:00,pm25,PIIANN,47.75,29.343775
2025-06-09 21:00:00,pm25,PIIANN,65.96,66.44922
2023-07-10 19:00:00,pm25,PIIANN,20.0,28.38783
2022-11-03 01:00:00,pm25,PIIANN,15.5,20.818674
2023-10-01 10:00:00,pm25,PIIANN,31.0,43.875675
2022-11-11 20:00:00,pm25,PIIANN,10.75,5.435221
2021-06-02 07:00:00,pm25,PIIANN,121.50001,94.19677
2022-10-08 04:00:00,pm25,PIIANN,11.75,9.5364065
2024-11-06 01:00:00,pm25,PIIANN,6.5000005,7.9352584
2021-09-07 03:00:00,pm25,PIIANN,8.25,7.0255284
2022-01-09 21:00:00,pm25,PIIANN,12.5,11.072479
2025-03-10 13:00:00,pm25,PIIANN,32.83,24.35702
2022-08-09 21:00:00,pm25,PIIANN,29.0,28.02073
2022-02-10 15:00:00,pm25,PIIANN,15.0,13.239427
2025-12-09 03:00:00,pm25,PIIANN,34.09,26.904654
2025-08-09 00:00:00,pm25,PIIANN,42.0,22.839392
2024-07-03 08:00:00,pm25,PIIANN,27.0,22.53505
2022-04-10 03:00:00,pm25,PIIANN,19.0,24.514807
2021-10-09 15:00:00,pm25,PIIANN,4.2500005,9.793732
2021-07-04 04:00:00,pm25,PIIANN,23.25,23.331066
2023-02-11 16:00:00,pm25,PIIANN,12.25,8.348263
2025-10-08 18:00:00,pm25,PIIANN,16.52,16.627527
2023-05-03 22:00:00,pm25,PIIANN,19.5,18.897081
2025-12-04 15:00:00,pm25,PIIANN,29.0,28.44615
2023-05-05 14:00:00,pm25,PIIANN,8.500001,12.342801
2021-11-10 07:00:00,pm25,PIIANN,25.75,17.367401
2021-04-04 12:00:00,pm25,PIIANN,40.0,32.616318
2023-02-05 03:00:00,pm25,PIIANN,2.400001,2.8457484
2025-10-07 07:00:00,pm25,PIIANN,15.5,18.448769
2025-05-08 23:00:00,pm25,PIIANN,10.82,15.460364
2025-11-02 00:00:00,pm25,PIIANN,31.750002,10.627166
2025-09-05 14:00:00,pm25,PIIANN,32.25,31.67997
2025-10-11 23:00:00,pm25,PIIANN,64.7,56.62283
2023-07-11 04:00:00,pm25,PIIANN,15.75,13.882129
2021-10-04 16:00:00,pm25,PIIANN,29.0,19.388557
2022-07-06 19:00:00,pm25,PIIANN,17.407894,16.32775
2025-01-02 12:00:00,pm25,PIIANN,9.0,16.585526
2024-01-12 10:00:00,pm25,PIIANN,2.7499995,5.624371
2025-11-02 15:00:00,pm25,PIIANN,15.0,18.231771
2025-01-10 16:00:00,pm25,PIIANN,22.85,24.829613
2024-09-02 19:00:00,pm25,PIIANN,17.75,32.328445
2023-01-12 00:00:00,pm25,PIIANN,7.5000005,7.8627353
2023-10-04 23:00:00,pm25,PIIANN,9.75,11.595088
2023-06-02 06:00:00,pm25,PIIANN,28.5,33.684406
2021-05-06 06:00:00,pm25,PIIANN,15.5,20.166718
2024-09-11 14:00:00,pm25,PIIANN,11.0,9.052092
2022-08-08 23:00:00,pm25,PIIANN,18.5,16.646547
2022-08-02 20:00:00,pm25,PIIANN,15.5,24.197226
2022-06-12 14:00:00,pm25,PIIANN,34.75,45.91968
2024-04-09 07:00:00,pm25,PIIANN,15.5,13.201562
2021-12-07 12:00:00,pm25,PIIANN,13.25,12.979087
2021-12-09 20:00:00,pm25,PIIANN,25.5,37.421726
2025-10-11 06:00:00,pm25,PIIANN,115.44,102.513916
2024-12-04 01:00:00,pm25,PIIANN,8.500001,5.753409
2023-02-05 16:00:00,pm25,PIIANN,8.500001,-0.41101888
2023-08-09 16:00:00,pm25,PIIANN,15.25,8.830051
2024-06-08 22:00:00,pm25,PIIANN,6.0000005,3.6208549
2023-03-07 01:00:00,pm25,PIIANN,14.269231,12.580103
2024-02-08 08:00:00,pm25,PIIANN,14.67,11.025888
2021-03-13 01:00:00,pm25,PIIANN,46.38621,47.362648
2025-11-12 11:00:00,pm25,PIIANN,98.8,114.40951
2025-04-05 01:00:00,pm25,PIIANN,10.0,8.806395
2024-11-01 14:00:00,pm25,PIIANN,13.999999,18.182905
2022-12-02 00:00:00,pm25,PIIANN,15.5,15.826969
2023-02-11 00:00:00,pm25,PIIANN,10.0,10.847079
2024-10-03 23:00:00,pm25,PIIANN,13.75,12.764535
2025-04-04 14:00:00,pm25,PIIANN,15.25,15.508323
2024-07-12 23:00:00,pm25,PIIANN,8.25,16.569334
2024-07-10 08:00:00,pm25,PIIANN,16.25,19.89019
2025-02-01 18:00:00,pm25,PIIANN,16.5,23.961473
2022-05-05 11:00:00,pm25,PIIANN,15.5,15.855319
2022-08-03 20:00:00,pm25,PIIANN,15.5,21.7236
2025-07-11 22:00:00,pm25,PIIANN,66.25,49.23565
2023-02-08 12:00:00,pm25,PIIANN,15.0,17.17283
2022-05-10 02:00:00,pm25,PIIANN,20.0,22.382874
2022-05-09 14:00:00,pm25,PIIANN,16.25,20.043459
2021-01-05 08:00:00,pm25,PIIANN,17.25,14.108132
2021-11-05 03:00:00,pm25,PIIANN,8.0,36.023586
2021-12-04 00:00:00,pm25,PIIANN,8.500001,8.021109
2022-10-08 01:00:00,pm25,PIIANN,7.5000005,3.3170695
2022-10-04 07:00:00,pm25,PIIANN,15.5,16.869802
2025-05-10 18:00:00,pm25,PIIANN,29.94,23.131618
2025-08-08 17:00:00,pm25,PIIANN,31.16,38.702713
2023-11-08 18:00:00,pm25,PIIANN,28.5,19.577549
2025-11-11 16:00:00,pm25,PIIANN,72.25,69.02669
2024-07-02 10:00:00,pm25,PIIANN,36.25,31.287718
2024-03-01 17:00:00,pm25,PIIANN,22.25,31.71876
2024-03-02 07:00:00,pm25,PIIANN,24.0,23.338669
2022-09-10 17:00:00,pm25,PIIANN,3.2499995,5.9618297
2021-11-08 10:00:00,pm25,PIIANN,13.999999,16.198797
2024-04-08 06:00:00,pm25,PIIANN,1.7499995,9.520284
2024-07-05 05:00:00,pm25,PIIANN,6.0000005,8.198798
2024-07-04 03:00:00,pm25,PIIANN,18.0,6.8462586
2023-02-03 10:00:00,pm25,PIIANN,13.999999,25.089546
2023-08-08 16:00:00,pm25,PIIANN,17.75,13.52115
2021-03-02 05:00:00,pm25,PIIANN,33.25,34.0034
2025-06-09 16:00:00,pm25,PIIANN,63.34,42.06016
2022-12-02 02:00:00,pm25,PIIANN,15.5,20.547464
2024-12-06 17:00:00,pm25,PIIANN,6.5000005,11.574158
2024-01-09 03:00:00,pm25,PIIANN,1.7499995,6.8094544
2021-03-10 23:00:00,pm25,PIIANN,2.4999995,6.543822
2025-10-01 20:00:00,pm25,PIIANN,13.999999,20.942553
2023-08-01 12:00:00,pm25,PIIANN,38.5,49.588783
2021-08-08 09:00:00,pm25,PIIANN,24.25,21.113993
2022-07-12 01:00:00,pm25,PIIANN,38.25,50.421726
2021-06-11 23:00:00,pm25,PIIANN,6.0000005,14.973351
2023-02-12 08:00:00,pm25,PIIANN,17.75,21.850986
2024-02-11 02:00:00,pm25,PIIANN,13.999999,23.695387
2021-11-03 12:00:00,pm25,PIIANN,8.500001,6.8204064
2024-06-02 18:00:00,pm25,PIIANN,20.0,23.498404
2024-07-02 13:00:00,pm25,PIIANN,21.5,24.797478
2021-07-02 01:00:00,pm25,PIIANN,108.25,58.08355
2021-06-11 12:00:00,pm25,PIIANN,15.5,9.772848
2024-11-03 23:00:00,pm25,PIIANN,14.75,14.602885
2022-03-11 07:00:00,pm25,PIIANN,13.0,13.547841
2022-01-08 15:00:00,pm25,PIIANN,16.75,16.317684
2024-03-08 02:00:00,pm25,PIIANN,10.0,2.1195464
2021-05-08 08:00:00,pm25,PIIANN,18.0,18.712288
2024-05-10 22:00:00,pm25,PIIANN,10.0,9.396435
2022-10-06 06:00:00,pm25,PIIANN,14.25,13.251783
2024-06-08 10:00:00,pm25,PIIANN,13.499999,10.017602
2024-08-10 05:00:00,pm25,PIIANN,1.9999995,8.154025
2021-05-09 07:00:00,pm25,PIIANN,2.9999995,9.221879
2022-03-12 01:00:00,pm25,PIIANN,4.9999995,7.979175
2022-05-02 10:00:00,pm25,PIIANN,15.5,18.51492
2022-02-04 19:00:00,pm25,PIIANN,15.5,14.795021
2021-11-04 02:00:00,pm25,PIIANN,16.0,22.252073
2021-11-06 07:00:00,pm25,PIIANN,15.5,26.659557
2022-01-10 03:00:00,pm25,PIIANN,7.0000005,10.1107025
2022-03-11 21:00:00,pm25,PIIANN,10.0,14.328772
2023-06-03 23:00:00,pm25,PIIANN,20.75,23.406607
2025-09-06 01:00:00,pm25,PIIANN,7.0000005,12.689558
2025-10-05 16:00:00,pm25,PIIANN,29.25,25.7062
2022-04-06 20:00:00,pm25,PIIANN,21.0,25.362604
2023-03-12 15:00:00,pm25,PIIANN,6.0000005,0.92050886
2022-06-09 00:00:00,pm25,PIIANN,4.7500005,16.247456
2022-01-09 13:00:00,pm25,PIIANN,12.75,11.388575
2024-04-01 12:00:00,pm25,PIIANN,18.25,27.677317
2022-02-07 15:00:00,pm25,PIIANN,13.0,8.676983
2022-05-03 10:00:00,pm25,PIIANN,15.5,20.532564
2022-04-10 17:00:00,pm25,PIIANN,24.5,32.639145
2024-03-02 06:00:00,pm25,PIIANN,20.0,14.088323
2022-10-05 06:00:00,pm25,PIIANN,15.5,17.09047
2022-09-11 11:00:00,pm25,PIIANN,21.5,20.93946
2024-10-02 02:00:00,pm25,PIIANN,8.75,7.68568
2025-05-08 19:00:00,pm25,PIIANN,21.08,23.38298
2022-10-02 07:00:00,pm25,PIIANN,15.5,36.634296
2025-07-08 05:00:00,pm25,PIIANN,16.34,17.463314
2022-05-03 09:00:00,pm25,PIIANN,15.5,21.739532
2021-04-06 19:00:00,pm25,PIIANN,15.5,18.582987
2025-06-01 21:00:00,pm25,PIIANN,17.75,29.951012
2023-09-04 08:00:00,pm25,PIIANN,19.75,20.62306
2023-09-09 05:00:00,pm25,PIIANN,14.25,9.872745
2021-12-10 19:00:00,pm25,PIIANN,68.0,44.318527
2024-01-07 21:00:00,pm25,PIIANN,26.5,22.592995
2021-07-05 07:00:00,pm25,PIIANN,15.5,15.297632
2024-02-09 06:00:00,pm25,PIIANN,11.25,13.288677
2025-08-02 15:00:00,pm25,PIIANN,16.5,23.038843
2025-12-04 03:00:00,pm25,PIIANN,25.5,22.586683
2023-01-11 17:00:00,pm25,PIIANN,6.0000005,12.319097
2025-11-09 03:00:00,pm25,PIIANN,19.11,15.240065
2023-08-05 19:00:00,pm25,PIIANN,19.25,17.172789
2022-01-07 16:00:00,pm25,PIIANN,15.5,17.47868
2021-03-11 13:00:00,pm25,PIIANN,31.0,20.875637
2024-01-02 00:00:00,pm25,PIIANN,12.0,29.322151
2024-11-06 04:00:00,pm25,PIIANN,7.5000005,8.674048
2024-09-11 00:00:00,pm25,PIIANN,4.9999995,6.268974
2022-04-12 03:00:00,pm25,PIIANN,10.25,14.745986
2021-12-01 18:00:00,pm25,PIIANN,53.0,33.468452
2022-10-06 04:00:00,pm25,PIIANN,14.75,12.931358
2025-02-01 08:00:00,pm25,PIIANN,13.0,18.27534
2025-04-08 22:00:00,pm25,PIIANN,35.69,30.11522
2025-03-10 10:00:00,pm25,PIIANN,37.88,27.939428
2024-03-05 01:00:00,pm25,PIIANN,12.5,7.6642623
2022-02-09 03:00:00,pm25,PIIANN,10.0,17.840628
2023-11-04 05:00:00,pm25,PIIANN,7.2499995,12.247864
2022-12-06 21:00:00,pm25,PIIANN,10.5,13.8739195
2024-10-11 19:00:00,pm25,PIIANN,10.25,13.999263
2024-09-09 00:00:00,pm25,PIIANN,12.75,0.9439273
2022-01-03 05:00:00,pm25,PIIANN,15.5,17.84189
2022-03-04 09:00:00,pm25,PIIANN,15.5,16.551687
2024-08-11 08:00:00,pm25,PIIANN,1.9999995,10.604465
2025-10-06 00:00:00,pm25,PIIANN,19.0,14.30921
2021-04-01 17:00:00,pm25,PIIANN,33.5,15.288387
2023-11-06 05:00:00,pm25,PIIANN,6.0000005,7.677648
2023-08-11 12:00:00,pm25,PIIANN,21.5,18.517372
2023-04-09 06:00:00,pm25,PIIANN,6.5000005,17.35653
2022-10-01 13:00:00,pm25,PIIANN,15.5,11.60699
2022-07-02 17:00:00,pm25,PIIANN,15.5,15.520216
2021-01-09 09:00:00,pm25,PIIANN,42.0,30.534195
2022-03-02 18:00:00,pm25,PIIANN,15.5,13.029785
2022-02-07 17:00:00,pm25,PIIANN,27.0,11.856378
2025-03-08 21:00:00,pm25,PIIANN,33.27,30.347494
2021-06-09 01:00:00,pm25,PIIANN,6.0000005,8.477498
2024-12-11 07:00:00,pm25,PIIANN,3.4999995,3.9520698
2024-10-06 05:00:00,pm25,PIIANN,6.0000005,13.900796
2022-10-02 06:00:00,pm25,PIIANN,15.5,27.337713
2024-06-03 04:00:00,pm25,PIIANN,21.0,14.427377
2025-11-07 13:00:00,pm25,PIIANN,49.25,37.886208
2024-04-12 02:00:00,pm25,PIIANN,7.5000005,5.4348626
2021-07-05 06:00:00,pm25,PIIANN,15.5,15.03376
2021-02-08 12:00:00,pm25,PIIANN,9.5,14.390296
2025-06-07 19:00:00,pm25,PIIANN,39.0,37.855312
2024-12-09 18:00:00,pm25,PIIANN,25.25,20.133997
2023-04-01 14:00:00,pm25,PIIANN,12.25,17.056608
2022-11-03 23:00:00,pm25,PIIANN,15.5,16.851618
2023-11-08 14:00:00,pm25,PIIANN,18.0,18.039057
2022-07-03 08:00:00,pm25,PIIANN,15.5,19.79038
2024-07-06 12:00:00,pm25,PIIANN,6.7500005,8.189168
2023-07-06 23:00:00,pm25,PIIANN,12.75,14.718279
2025-09-11 10:00:00,pm25,PIIANN,69.94001,78.9699
2023-10-08 10:00:00,pm25,PIIANN,28.5,16.673979
2022-05-03 16:00:00,pm25,PIIANN,15.5,39.86667
2022-12-06 00:00:00,pm25,PIIANN,11.25,15.521992
2025-01-01 09:00:00,pm25,PIIANN,16.0,26.45417
2022-09-05 12:00:00,pm25,PIIANN,15.5,31.60186
2023-06-10 17:00:00,pm25,PIIANN,28.5,30.273664
2022-12-07 13:00:00,pm25,PIIANN,10.25,8.680854
2022-07-09 20:00:00,pm25,PIIANN,13.25,14.8679285
2021-05-08 15:00:00,pm25,PIIANN,9.0,16.475048
2023-07-11 23:00:00,pm25,PIIANN,22.75,13.210667
2021-12-03 17:00:00,pm25,PIIANN,7.5000005,7.505011
2023-09-11 20:00:00,pm25,PIIANN,14.5,8.962419
2025-05-06 14:00:00,pm25,PIIANN,45.5,35.11163
2022-11-09 18:00:00,pm25,PIIANN,15.5,10.060785
2022-04-06 08:00:00,pm25,PIIANN,24.0,13.884523
2021-10-07 23:00:00,pm25,PIIANN,24.0,20.648895
2023-11-05 04:00:00,pm25,PIIANN,9.5,13.016972
2023-05-09 03:00:00,pm25,PIIANN,5.5000005,8.537366
2024-12-06 20:00:00,pm25,PIIANN,20.0,22.695478
2023-01-01 19:00:00,pm25,PIIANN,10.75,13.778887
2023-01-09 17:00:00,pm25,PIIANN,9.75,8.379458
2021-09-12 10:00:00,pm25,PIIANN,4.5000005,10.093789
2022-01-08 12:00:00,pm25,PIIANN,18.75,11.981548
2025-05-08 09:00:00,pm25,PIIANN,22.62,21.450193
2025-11-07 20:00:00,pm25,PIIANN,50.75,40.449665
2024-07-11 09:00:00,pm25,PIIANN,3.2499995,4.8972373
2024-12-09 01:00:00,pm25,PIIANN,9.25,9.837355
2023-01-09 23:00:00,pm25,PIIANN,11.5,7.121902
2021-04-02 17:00:00,pm25,PIIANN,30.25,24.879553
2021-10-08 00:00:00,pm25,PIIANN,8.0,18.716661
2024-02-10 14:00:00,pm25,PIIANN,10.5,13.258985
2021-07-01 18:00:00,pm25,PIIANN,20.75,10.973298
2023-01-03 06:00:00,pm25,PIIANN,18.25,15.281504
2021-11-06 05:00:00,pm25,PIIANN,15.5,39.387222
2023-02-10 10:00:00,pm25,PIIANN,15.666667,10.546136
2024-02-12 00:00:00,pm25,PIIANN,4.5000005,17.902773
2021-07-10 05:00:00,pm25,PIIANN,10.0,9.666148
2022-11-08 06:00:00,pm25,PIIANN,13.999999,10.163399
2023-04-08 20:00:00,pm25,PIIANN,15.333333,15.930285
2021-01-11 03:00:00,pm25,PIIANN,1.2499995,5.866321
2022-10-06 02:00:00,pm25,PIIANN,16.25,10.266993
2021-11-06 10:00:00,pm25,PIIANN,15.5,18.446281
2022-06-01 18:00:00,pm25,PIIANN,15.5,15.743928
2024-01-01 16:00:00,pm25,PIIANN,18.5,39.855175
2022-01-05 11:00:00,pm25,PIIANN,15.5,18.918715
2025-01-08 16:00:00,pm25,PIIANN,40.94,46.70051
2025-05-09 11:00:00,pm25,PIIANN,16.34,20.523823
2022-03-02 10:00:00,pm25,PIIANN,15.5,21.75069
2025-05-07 03:00:00,pm25,PIIANN,17.5,13.540591
2022-02-08 03:00:00,pm25,PIIANN,7.5000005,7.2400327
2025-02-06 16:00:00,pm25,PIIANN,26.25,18.957737
2025-10-02 01:00:00,pm25,PIIANN,20.5,23.661339
2025-11-06 10:00:00,pm25,PIIANN,29.5,24.724264
2021-09-10 11:00:00,pm25,PIIANN,13.999999,18.136017
2024-12-10 01:00:00,pm25,PIIANN,9.0,5.84989
2024-09-10 18:00:00,pm25,PIIANN,6.5000005,11.813162
2024-02-03 15:00:00,pm25,PIIANN,22.25,22.006329
2024-03-05 12:00:00,pm25,PIIANN,21.25,21.261208
2023-12-02 01:00:00,pm25,PIIANN,31.5,34.893715
2021-05-06 22:00:00,pm25,PIIANN,15.5,18.480326
2025-02-09 03:00:00,pm25,PIIANN,16.54,33.635468
2024-05-09 23:00:00,pm25,PIIANN,10.0,8.250323
2025-08-06 01:00:00,pm25,PIIANN,25.75,25.12979
2025-11-08 12:00:00,pm25,PIIANN,6.86,15.236066
2025-12-12 09:00:00,pm25,PIIANN,108.80001,115.958885
2023-07-11 22:00:00,pm25,PIIANN,15.0,10.355827
2022-02-11 18:00:00,pm25,PIIANN,6.2500014,11.819472
2022-01-10 07:00:00,pm25,PIIANN,7.2499995,8.288021
2024-02-03 13:00:00,pm25,PIIANN,26.0,24.168337
2023-03-06 08:00:00,pm25,PIIANN,20.5,21.585217
2021-05-01 12:00:00,pm25,PIIANN,34.5,17.214642
2023-01-12 22:00:00,pm25,PIIANN,18.75,15.659224
2022-06-02 00:00:00,pm25,PIIANN,15.5,17.382036
2023-12-04 08:00:00,pm25,PIIANN,27.0,25.543566
2023-12-02 17:00:00,pm25,PIIANN,18.666666,26.47867
2022-11-11 15:00:00,pm25,PIIANN,7.7500005,3.2726626
2023-04-11 05:00:00,pm25,PIIANN,9.25,10.772124
2024-04-08 13:00:00,pm25,PIIANN,5.7500005,10.706419
2022-01-11 10:00:00,pm25,PIIANN,4.0000014,4.74141
2021-07-02 22:00:00,pm25,PIIANN,28.25,31.349983
2023-10-05 16:00:00,pm25,PIIANN,14.75,13.552476
2023-07-04 22:00:00,pm25,PIIANN,14.25,13.151812
2024-10-09 06:00:00,pm25,PIIANN,2.9999995,5.357371
2021-11-02 09:00:00,pm25,PIIANN,86.25,77.81102
2021-04-10 07:00:00,pm25,PIIANN,131.75,50.977142
2023-02-03 05:00:00,pm25,PIIANN,18.5,21.909487
2023-04-01 20:00:00,pm25,PIIANN,20.0,23.088188
2025-12-03 07:00:00,pm25,PIIANN,31.0,36.795578
2023-02-06 10:00:00,pm25,PIIANN,15.25,29.109217
2024-10-08 09:00:00,pm25,PIIANN,7.5000005,8.1255045
2023-01-04 19:00:00,pm25,PIIANN,7.3333344,3.4479766
2022-06-07 20:00:00,pm25,PIIANN,13.666667,16.560562
2023-09-06 06:00:00,pm25,PIIANN,8.25,34.02139
2021-05-05 11:00:00,pm25,PIIANN,4.9999995,8.868299
2025-06-05 07:00:00,pm25,PIIANN,14.5,14.769316
2025-03-07 22:00:00,pm25,PIIANN,32.0,24.93497
2024-01-06 13:00:00,pm25,PIIANN,19.0,22.741955
2023-09-08 08:00:00,pm25,PIIANN,22.5,17.841887
2025-01-06 13:00:00,pm25,PIIANN,22.75,21.498602
2025-12-02 18:00:00,pm25,PIIANN,20.75,16.872774
2023-10-12 22:00:00,pm25,PIIANN,12.5,10.00057
2021-11-08 01:00:00,pm25,PIIANN,13.999999,8.826284
2023-01-09 22:00:00,pm25,PIIANN,10.25,7.675879
2025-07-05 18:00:00,pm25,PIIANN,18.0,14.800827
2024-12-02 02:00:00,pm25,PIIANN,18.75,14.712575
2023-10-01 22:00:00,pm25,PIIANN,33.25,39.88393
2023-04-05 14:00:00,pm25,PIIANN,10.75,6.2189355
2025-01-01 16:00:00,pm25,PIIANN,11.75,18.67674
2023-03-05 17:00:00,pm25,PIIANN,11.0,9.496842
2024-10-09 14:00:00,pm25,PIIANN,12.75,12.184939
2024-03-03 15:00:00,pm25,PIIANN,15.25,13.113939
2022-10-03 06:00:00,pm25,PIIANN,15.5,37.950165
2024-02-02 14:00:00,pm25,PIIANN,8.75,5.227241
2025-08-06 12:00:00,pm25,PIIANN,23.75,22.04503
2024-03-09 12:00:00,pm25,PIIANN,14.25,12.13181
2024-12-07 00:00:00,pm25,PIIANN,16.5,4.9849114
2024-02-11 17:00:00,pm25,PIIANN,11.75,6.161301
2024-12-03 10:00:00,pm25,PIIANN,18.25,22.08229
2023-08-05 05:00:00,pm25,PIIANN,2.9999995,4.915343
2025-02-07 04:00:00,pm25,PIIANN,14.5,10.204543
2024-02-01 11:00:00,pm25,PIIANN,22.25,31.365944
2024-04-09 03:00:00,pm25,PIIANN,6.2500014,7.400144
2025-09-06 17:00:00,pm25,PIIANN,15.25,26.894869
2021-08-09 18:00:00,pm25,PIIANN,78.5,52.96301
2023-01-02 07:00:00,pm25,PIIANN,34.75,33.76819
2024-08-13 01:00:00,pm25,PIIANN,14.021882,19.511015
2023-08-03 01:00:00,pm25,PIIANN,14.5,14.163939
2022-01-11 02:00:00,pm25,PIIANN,2.9999995,3.1212745
2025-06-01 16:00:00,pm25,PIIANN,11.25,30.555597
2022-09-03 00:00:00,pm25,PIIANN,15.5,19.249435
2022-03-03 10:00:00,pm25,PIIANN,15.5,20.554476
2022-06-06 09:00:00,pm25,PIIANN,13.0,14.128705
2024-08-02 14:00:00,pm25,PIIANN,7.2499995,12.846294
2025-09-13 01:00:00,pm25,PIIANN,92.040184,96.05077
2021-08-04 18:00:00,pm25,PIIANN,30.75,31.493061
2025-01-08 09:00:00,pm25,PIIANN,39.69,54.326366
2021-04-05 00:00:00,pm25,PIIANN,1.9999995,17.851452
2024-04-02 06:00:00,pm25,PIIANN,11.75,11.529684
2022-04-02 20:00:00,pm25,PIIANN,15.5,18.357359
2023-03-12 10:00:00,pm25,PIIANN,3.7499995,5.0096917
2021-11-11 03:00:00,pm25,PIIANN,15.5,18.976252
2021-12-04 20:00:00,pm25,PIIANN,11.75,21.150028
2025-07-03 23:00:00,pm25,PIIANN,15.5,18.930809
2022-09-02 00:00:00,pm25,PIIANN,15.5,16.745554
2021-09-06 00:00:00,pm25,PIIANN,3.44,5.8840966
2024-10-12 17:00:00,pm25,PIIANN,21.0,24.465929
2022-11-04 20:00:00,pm25,PIIANN,15.5,9.943912
2023-05-09 16:00:00,pm25,PIIANN,24.0,22.075504
2024-02-03 04:00:00,pm25,PIIANN,20.5,20.946495
2021-06-10 05:00:00,pm25,PIIANN,11.75,10.749637
2025-09-06 08:00:00,pm25,PIIANN,17.5,11.771788
2022-08-09 06:00:00,pm25,PIIANN,4.5000005,7.3964915
2024-03-07 16:00:00,pm25,PIIANN,13.499999,19.644995
2023-09-03 02:00:00,pm25,PIIANN,19.5,28.127914
2023-03-03 10:00:00,pm25,PIIANN,25.25,40.311386
2023-05-02 23:00:00,pm25,PIIANN,22.5,22.70356
2025-09-09 20:00:00,pm25,PIIANN,36.18,37.54596
2025-04-10 16:00:00,pm25,PIIANN,20.88,40.624252
2022-11-12 07:00:00,pm25,PIIANN,14.25,14.313389
2024-11-01 16:00:00,pm25,PIIANN,21.25,22.559912
2023-01-05 17:00:00,pm25,PIIANN,11.0,4.3955235
2021-02-01 15:00:00,pm25,PIIANN,45.75,29.965527
2025-02-11 03:00:00,pm25,PIIANN,26.0,19.829645
2024-01-11 00:00:00,pm25,PIIANN,40.25,2.2112708
2024-10-12 02:00:00,pm25,PIIANN,19.5,21.029177
2022-09-11 02:00:00,pm25,PIIANN,21.5,30.681591
2023-11-09 14:00:00,pm25,PIIANN,4.0000014,8.890484
2022-08-02 22:00:00,pm25,PIIANN,15.5,21.443922
2024-10-02 22:00:00,pm25,PIIANN,26.75,27.792099
2025-04-06 00:00:00,pm25,PIIANN,13.999999,5.260776
2022-07-11 12:00:00,pm25,PIIANN,18.0,24.341541
2023-02-04 09:00:00,pm25,PIIANN,10.25,11.327942
2025-11-02 01:00:00,pm25,PIIANN,26.5,31.752129
2024-09-07 16:00:00,pm25,PIIANN,16.67,15.30874
2025-01-05 01:00:00,pm25,PIIANN,7.0000005,10.775655
2022-11-07 20:00:00,pm25,PIIANN,6.0000005,22.938992
2025-10-09 23:00:00,pm25,PIIANN,22.42,22.73612
2024-03-05 03:00:00,pm25,PIIANN,4.9999995,9.554263
2022-12-08 15:00:00,pm25,PIIANN,10.25,7.8079658
2023-08-10 15:00:00,pm25,PIIANN,12.75,8.812675
2025-07-04 05:00:00,pm25,PIIANN,12.0,10.469772
2025-09-09 21:00:00,pm25,PIIANN,60.87,43.304104
2024-07-02 02:00:00,pm25,PIIANN,19.25,19.629972
2021-02-13 00:00:00,pm25,PIIANN,30.022728,24.941982
2021-07-10 16:00:00,pm25,PIIANN,33.25,23.548378
2023-09-04 19:00:00,pm25,PIIANN,7.7500005,12.636561
2022-04-12 13:00:00,pm25,PIIANN,17.75,27.807158
2022-11-05 03:00:00,pm25,PIIANN,25.5,18.272753
2023-10-11 13:00:00,pm25,PIIANN,20.75,20.9789
2025-07-02 06:00:00,pm25,PIIANN,36.67,37.126442
2022-04-11 00:00:00,pm25,PIIANN,3.7499995,21.207117
2023-12-10 00:00:00,pm25,PIIANN,10.0,6.1642127
2021-01-11 02:00:00,pm25,PIIANN,1.4999995,5.0967526
2023-06-09 16:00:00,pm25,PIIANN,14.5,15.2198925
2021-11-11 06:00:00,pm25,PIIANN,15.5,20.586582
2022-03-12 14:00:00,pm25,PIIANN,6.5000005,2.0672545
2024-11-04 02:00:00,pm25,PIIANN,10.5,8.99025
2024-11-06 00:00:00,pm25,PIIANN,7.7500005,3.378364
2023-06-06 13:00:00,pm25,PIIANN,9.0,16.72427
2021-05-08 14:00:00,pm25,PIIANN,12.25,16.847624
2023-09-03 15:00:00,pm25,PIIANN,14.5,11.064888
2024-01-03 08:00:00,pm25,PIIANN,32.25,40.064034
2022-12-05 02:00:00,pm25,PIIANN,15.5,9.975702
2021-01-04 16:00:00,pm25,PIIANN,40.5,30.071217
2025-04-10 05:00:00,pm25,PIIANN,16.05,15.852178
2022-11-01 19:00:00,pm25,PIIANN,15.5,18.218174
2025-09-08 07:00:00,pm25,PIIANN,16.81,19.163374
2025-01-07 11:00:00,pm25,PIIANN,20.75,20.805113
2025-05-09 16:00:00,pm25,PIIANN,19.12,16.854464
2024-10-11 22:00:00,pm25,PIIANN,12.5,11.198041
2024-09-09 23:00:00,pm25,PIIANN,11.0,9.219922
2022-03-09 20:00:00,pm25,PIIANN,9.0,18.58522
2025-02-04 11:00:00,pm25,PIIANN,21.0,24.789202
2021-05-10 23:00:00,pm25,PIIANN,19.666666,13.628851
2023-09-05 21:00:00,pm25,PIIANN,15.5,15.840193
2023-01-02 17:00:00,pm25,PIIANN,18.75,26.284077
2021-11-09 06:00:00,pm25,PIIANN,19.75,18.739752
2024-03-04 06:00:00,pm25,PIIANN,11.75,12.11287
2023-01-07 01:00:00,pm25,PIIANN,17.64,18.80669
2021-03-09 11:00:00,pm25,PIIANN,4.9999995,11.684471
2023-08-03 20:00:00,pm25,PIIANN,16.25,19.291039
2021-07-09 22:00:00,pm25,PIIANN,6.0000005,12.8440895
2023-03-10 10:00:00,pm25,PIIANN,20.5,17.947094
2022-02-08 19:00:00,pm25,PIIANN,17.0,17.988342
2025-02-11 12:00:00,pm25,PIIANN,33.25,27.580185
2025-07-07 02:00:00,pm25,PIIANN,11.75,11.849042
2023-10-11 22:00:00,pm25,PIIANN,26.5,28.150234
2022-02-05 14:00:00,pm25,PIIANN,15.5,22.288046
2023-05-11 20:00:00,pm25,PIIANN,7.7500005,7.501838
2025-03-06 18:00:00,pm25,PIIANN,25.25,23.13424
2025-08-11 07:00:00,pm25,PIIANN,56.75,38.585815
2022-08-03 15:00:00,pm25,PIIANN,15.5,15.839244
2022-12-06 23:00:00,pm25,PIIANN,3.7499995,9.459973
2025-11-04 02:00:00,pm25,PIIANN,14.25,11.059373
2021-01-12 09:00:00,pm25,PIIANN,15.5,20.959274
2021-10-11 16:00:00,pm25,PIIANN,49.772728,40.354336
2023-11-12 00:00:00,pm25,PIIANN,12.5,28.634178
2025-06-08 06:00:00,pm25,PIIANN,13.39,16.281618
2023-04-03 11:00:00,pm25,PIIANN,24.5,37.73634
2022-06-05 17:00:00,pm25,PIIANN,15.5,16.270168
2024-12-07 03:00:00,pm25,PIIANN,8.75,11.819237
2025-01-10 10:00:00,pm25,PIIANN,23.84,33.432587
2024-03-03 22:00:00,pm25,PIIANN,16.75,19.425539
2023-04-09 04:00:00,pm25,PIIANN,5.3333335,14.036421
2023-09-11 13:00:00,pm25,PIIANN,17.0,12.0716715
2022-08-09 10:00:00,pm25,PIIANN,16.0,11.5476265
2025-08-06 17:00:00,pm25,PIIANN,14.5,14.698792
2023-01-08 08:00:00,pm25,PIIANN,13.0,15.109772
2021-10-10 20:00:00,pm25,PIIANN,50.0,36.14288
2025-09-10 01:00:00,pm25,PIIANN,19.31,18.43307
2024-05-06 08:00:00,pm25,PIIANN,12.0,11.039912
2021-04-04 06:00:00,pm25,PIIANN,24.25,21.063953
2021-04-04 23:00:00,pm25,PIIANN,20.25,18.86672
2021-09-08 02:00:00,pm25,PIIANN,7.5000005,8.9897785
2025-07-04 22:00:00,pm25,PIIANN,5.5000005,12.270608
2022-11-03 11:00:00,pm25,PIIANN,15.5,21.990807
2024-02-04 20:00:00,pm25,PIIANN,8.25,9.742771
2021-06-11 05:00:00,pm25,PIIANN,15.5,13.038657
2025-08-05 08:00:00,pm25,PIIANN,29.0,22.449638
2021-10-11 10:00:00,pm25,PIIANN,15.5,20.783323
2024-04-11 20:00:00,pm25,PIIANN,9.0,13.004259
2024-10-08 21:00:00,pm25,PIIANN,17.25,15.795471
2025-08-10 05:00:00,pm25,PIIANN,33.56,28.012589
2022-10-11 22:00:00,pm25,PIIANN,19.0,18.90468
2021-11-09 14:00:00,pm25,PIIANN,13.999999,17.953089
2024-10-07 13:00:00,pm25,PIIANN,12.0,20.831055
2024-03-08 06:00:00,pm25,PIIANN,5.7500005,6.1303105
2021-03-04 13:00:00,pm25,PIIANN,47.5,51.39104
2022-07-03 22:00:00,pm25,PIIANN,15.5,19.64294
2022-10-11 04:00:00,pm25,PIIANN,4.9999995,9.906553
2024-12-05 03:00:00,pm25,PIIANN,3.400001,5.6500325
2025-01-02 16:00:00,pm25,PIIANN,4.2500005,10.6978855
2023-08-10 18:00:00,pm25,PIIANN,15.5,10.894694
2021-02-11 03:00:00,pm25,PIIANN,15.5,11.553001
2022-12-12 01:00:00,pm25,PIIANN,12.5,17.47335
2025-07-05 07:00:00,pm25,PIIANN,16.0,14.820902
2024-10-08 03:00:00,pm25,PIIANN,1.7499995,-1.0388741
2021-04-10 02:00:00,pm25,PIIANN,6.5000005,7.194349
2024-12-02 22:00:00,pm25,PIIANN,6.2500014,15.510497
2021-04-11 11:00:00,pm25,PIIANN,126.22222,52.677567
2023-08-09 09:00:00,pm25,PIIANN,7.2499995,9.047884
2022-01-08 19:00:00,pm25,PIIANN,17.25,16.117065
2024-09-02 05:00:00,pm25,PIIANN,18.0,11.455978
2025-01-02 02:00:00,pm25,PIIANN,7.7500005,7.348723
2024-05-06 01:00:00,pm25,PIIANN,8.25,10.485472
2025-12-01 21:00:00,pm25,PIIANN,5.7500005,5.484696
2025-09-03 17:00:00,pm25,PIIANN,15.5,18.582634
2022-04-06 06:00:00,pm25,PIIANN,8.500001,12.444911
2025-05-04 22:00:00,pm25,PIIANN,11.25,13.663042
2022-10-09 14:00:00,pm25,PIIANN,15.25,9.697255
2022-11-12 12:00:00,pm25,PIIANN,9.5,11.0893135
2023-03-08 07:00:00,pm25,PIIANN,17.25,14.5054865
2021-10-11 13:00:00,pm25,PIIANN,66.0,42.09197
2025-09-12 16:00:00,pm25,PIIANN,62.3,72.83409
2021-12-02 13:00:00,pm25,PIIANN,6.7500005,12.957402
2023-06-01 21:00:00,pm25,PIIANN,26.0,24.895393
2025-08-08 16:00:00,pm25,PIIANN,45.89,33.13647
2024-06-03 18:00:00,pm25,PIIANN,13.0,19.664478
2022-08-02 09:00:00,pm25,PIIANN,15.5,32.284157
2025-10-01 15:00:00,pm25,PIIANN,12.5,22.116152
2024-06-07 02:00:00,pm25,PIIANN,0.9999995,-1.8810735
2024-08-02 02:00:00,pm25,PIIANN,11.75,20.317673
2023-10-10 14:00:00,pm25,PIIANN,16.0,17.84923
2021-06-06 14:00:00,pm25,PIIANN,15.5,17.01376
2025-02-08 01:00:00,pm25,PIIANN,32.49,23.142338
2025-10-02 15:00:00,pm25,PIIANN,22.75,26.490469
2024-08-05 14:00:00,pm25,PIIANN,10.25,14.598526
2024-06-11 22:00:00,pm25,PIIANN,8.25,4.5369143
2021-11-07 19:00:00,pm25,PIIANN,4.9999995,12.673443
2021-09-12 16:00:00,pm25,PIIANN,4.5000005,7.7999024
2025-03-03 02:00:00,pm25,PIIANN,11.3504,18.755413
2021-12-10 07:00:00,pm25,PIIANN,11.25,12.290012
2024-07-12 00:00:00,pm25,PIIANN,12.25,3.3942885
2023-09-12 13:00:00,pm25,PIIANN,15.5,18.70423
2024-12-12 16:00:00,pm25,PIIANN,13.0,18.901705
2022-09-02 04:00:00,pm25,PIIANN,15.5,21.84408
2023-01-05 14:00:00,pm25,PIIANN,8.500001,6.3471437
2024-09-04 15:00:00,pm25,PIIANN,16.67,12.660459
2024-06-10 17:00:00,pm25,PIIANN,9.75,11.262709
2022-02-12 15:00:00,pm25,PIIANN,3.4999995,12.116301
2022-11-10 21:00:00,pm25,PIIANN,13.0,16.318722
2022-01-08 23:00:00,pm25,PIIANN,11.5,11.274432
2024-12-09 17:00:00,pm25,PIIANN,19.75,19.570665
2024-05-10 21:00:00,pm25,PIIANN,11.25,12.325879
2024-03-08 12:00:00,pm25,PIIANN,10.0,9.70913
2023-09-05 11:00:00,pm25,PIIANN,17.25,20.69316
2023-08-02 14:00:00,pm25,PIIANN,7.2499995,10.718782
2025-04-04 23:00:00,pm25,PIIANN,10.5,9.710269
2021-08-06 22:00:00,pm25,PIIANN,15.5,17.941729
2023-02-01 14:00:00,pm25,PIIANN,9.25,10.41309
2022-10-12 18:00:00,pm25,PIIANN,13.999999,8.378
2023-03-05 11:00:00,pm25,PIIANN,16.5,9.829091
2023-06-11 01:00:00,pm25,PIIANN,4.5000005,5.9595933
2023-01-04 02:00:00,pm25,PIIANN,19.846153,25.62349
2025-12-05 09:00:00,pm25,PIIANN,32.0,22.864256
2021-05-07 02:00:00,pm25,PIIANN,20.0,11.563754
2025-03-04 17:00:00,pm25,PIIANN,8.75,11.587512
2024-08-06 14:00:00,pm25,PIIANN,11.75,13.691733
2021-07-04 05:00:00,pm25,PIIANN,29.25,23.055143
2021-06-05 04:00:00,pm25,PIIANN,15.5,14.30145
2022-04-01 13:00:00,pm25,PIIANN,15.5,22.20656
2024-03-04 00:00:00,pm25,PIIANN,5.7500005,14.845061
2022-11-07 14:00:00,pm25,PIIANN,15.5,16.332956
2021-01-06 06:00:00,pm25,PIIANN,15.5,18.741781
2024-03-02 20:00:00,pm25,PIIANN,11.0,15.1634035
2022-10-01 22:00:00,pm25,PIIANN,15.5,15.298732
2021-12-12 15:00:00,pm25,PIIANN,9.0,7.898602
2023-11-03 08:00:00,pm25,PIIANN,39.0,44.61962
2023-07-10 11:00:00,pm25,PIIANN,25.25,20.135056
2024-09-10 21:00:00,pm25,PIIANN,1.4999995,6.5491357
2023-06-05 19:00:00,pm25,PIIANN,24.75,19.25952
2021-06-08 00:00:00,pm25,PIIANN,6.7500005,9.259854
2023-06-02 07:00:00,pm25,PIIANN,38.5,35.42294
2024-01-03 02:00:00,pm25,PIIANN,24.0,16.430674
2023-02-06 05:00:00,pm25,PIIANN,20.5,21.42636
2025-12-09 23:00:00,pm25,PIIANN,40.53,35.330353
2024-07-04 05:00:00,pm25,PIIANN,2.2499995,18.142702
2025-08-06 06:00:00,pm25,PIIANN,25.5,24.286589
2021-09-12 11:00:00,pm25,PIIANN,3.2499995,7.225327
2024-03-08 21:00:00,pm25,PIIANN,17.5,17.900019
2024-08-03 15:00:00,pm25,PIIANN,14.5,15.406834
2025-09-08 16:00:00,pm25,PIIANN,28.78,35.65766
2024-12-06 13:00:00,pm25,PIIANN,10.25,10.649049
2023-02-01 15:00:00,pm25,PIIANN,8.25,9.422774
2024-11-11 23:00:00,pm25,PIIANN,6.2500014,6.583095
2023-07-04 05:00:00,pm25,PIIANN,6.2500014,11.682011
2021-01-02 08:00:00,pm25,PIIANN,55.75,38.802917
2024-09-04 08:00:00,pm25,PIIANN,11.5,13.005443
2023-01-03 09:00:00,pm25,PIIANN,21.0,15.941859
2024-02-09 18:00:00,pm25,PIIANN,10.25,13.931057
2022-04-04 16:00:00,pm25,PIIANN,15.5,10.086646
2025-07-11 18:00:00,pm25,PIIANN,61.62,39.99614
2025-05-10 08:00:00,pm25,PIIANN,31.41,31.972298
2021-11-03 19:00:00,pm25,PIIANN,18.25,16.158995
2025-01-03 00:00:00,pm25,PIIANN,13.28,14.512737
2024-06-04 00:00:00,pm25,PIIANN,4.9999995,14.057202
2021-06-05 00:00:00,pm25,PIIANN,25.071428,23.268414
2024-08-01 19:00:00,pm25,PIIANN,17.75,14.594042
2024-11-04 23:00:00,pm10,PIIANN,30.75,36.296135
2023-12-12 18:00:00,pm10,PIIANN,118.25,105.6294
2022-03-05 14:00:00,pm10,PIIANN,71.75,61.932087
2021-01-09 14:00:00,pm10,PIIANN,100.0,119.01421
2025-11-11 21:00:00,pm10,PIIANN,127.2,119.806816
2024-09-03 01:00:00,pm10,PIIANN,56.25,50.889618
2024-03-02 05:00:00,pm10,PIIANN,46.0,40.604813
2023-04-04 14:00:00,pm10,PIIANN,106.0,84.55894
2023-03-12 04:00:00,pm10,PIIANN,11.750001,12.441785
2025-11-01 19:00:00,pm10,PIIANN,73.5,69.50755
2025-08-03 19:00:00,pm10,PIIANN,58.5,50.051918
2021-02-10 22:00:00,pm10,PIIANN,16.25,19.362904
2021-07-07 18:00:00,pm10,PIIANN,71.75,61.118862
2022-10-07 10:00:00,pm10,PIIANN,44.0,51.70533
2025-07-08 01:00:00,pm10,PIIANN,40.270004,31.276901
2024-09-09 09:00:00,pm10,PIIANN,83.0,64.51131
2025-01-04 19:00:00,pm10,PIIANN,65.75,76.233505
2022-09-04 05:00:00,pm10,PIIANN,6.750005,27.826748
2024-02-03 05:00:00,pm10,PIIANN,114.25,100.31247
2024-02-07 17:00:00,pm10,PIIANN,76.5,79.105125
2025-12-04 04:00:00,pm10,PIIANN,63.0,62.992954
2024-02-11 16:00:00,pm10,PIIANN,22.75,29.445606
2025-12-10 23:00:00,pm10,PIIANN,50.56,103.635925
2025-04-07 01:00:00,pm10,PIIANN,64.25,48.82921
2023-11-01 09:00:00,pm10,PIIANN,205.0,163.92436
2025-09-01 23:00:00,pm10,PIIANN,96.25,75.81973
2022-05-06 01:00:00,pm10,PIIANN,46.25,52.19621
2021-02-02 08:00:00,pm10,PIIANN,199.0,182.42801
2024-07-04 11:00:00,pm10,PIIANN,73.0,59.0949
2021-04-05 23:00:00,pm10,PIIANN,19.5,23.052128
2022-04-12 04:00:00,pm10,PIIANN,32.25,34.673763
2024-12-09 08:00:00,pm10,PIIANN,66.0,59.304424
2024-03-09 01:00:00,pm10,PIIANN,11.615384,14.008122
2024-05-03 12:00:00,pm10,PIIANN,87.0,75.54162
2024-12-04 09:00:00,pm10,PIIANN,61.0,70.40656
2024-02-07 11:00:00,pm10,PIIANN,66.0,69.59008
2023-02-02 03:00:00,pm10,PIIANN,49.75,66.17221
2025-01-09 18:00:00,pm10,PIIANN,113.2,122.45441
2023-11-11 20:00:00,pm10,PIIANN,164.75,138.37119
2021-01-07 04:00:00,pm10,PIIANN,36.250004,37.027954
2021-05-04 14:00:00,pm10,PIIANN,79.5,64.176895
2025-10-03 14:00:00,pm10,PIIANN,58.5,51.456455
2022-05-02 20:00:00,pm10,PIIANN,54.25,73.23466
2024-10-09 10:00:00,pm10,PIIANN,61.0,64.536736
2024-01-09 14:00:00,pm10,PIIANN,25.5,40.363434
2024-08-06 00:00:00,pm10,PIIANN,31.0,12.7591715
2025-04-11 21:00:00,pm10,PIIANN,73.4,76.48997
2024-07-09 19:00:00,pm10,PIIANN,110.75,79.06916
2021-09-03 10:00:00,pm10,PIIANN,19.75,36.62489
2022-11-02 03:00:00,pm10,PIIANN,58.5,69.72298
2023-02-12 21:00:00,pm10,PIIANN,24.5,33.59172
2021-01-02 19:00:00,pm10,PIIANN,86.75,107.707535
2022-07-06 01:00:00,pm10,PIIANN,45.5,43.09743
2025-04-01 23:00:00,pm10,PIIANN,102.25,71.54003
2025-05-12 15:00:00,pm10,PIIANN,113.0,121.91029
2025-03-10 22:00:00,pm10,PIIANN,57.44,63.956898
2022-03-09 13:00:00,pm10,PIIANN,72.75,64.81627
2025-06-08 11:00:00,pm10,PIIANN,73.24,47.48161
2024-03-05 19:00:00,pm10,PIIANN,31.75,38.795525
2023-05-11 22:00:00,pm10,PIIANN,15.000001,31.772972
2025-01-07 14:00:00,pm10,PIIANN,57.25,69.56805
2024-06-04 05:00:00,pm10,PIIANN,30.25,29.057446
2022-02-10 08:00:00,pm10,PIIANN,50.5,54.005108
2023-08-05 12:00:00,pm10,PIIANN,77.0,55.157814
2024-04-03 21:00:00,pm10,PIIANN,70.25,81.10532
2024-01-06 10:00:00,pm10,PIIANN,100.5,81.59627
2022-10-02 13:00:00,pm10,PIIANN,145.5,138.21532
2025-12-10 15:00:00,pm10,PIIANN,77.98,91.640625
2024-09-07 05:00:00,pm10,PIIANN,29.75,47.492218
2021-01-09 06:00:00,pm10,PIIANN,56.25,66.01849
2023-04-01 13:00:00,pm10,PIIANN,89.0,79.58384
2023-10-05 14:00:00,pm10,PIIANN,75.75,83.18505
2023-02-10 11:00:00,pm10,PIIANN,81.25,53.757816
2023-09-04 17:00:00,pm10,PIIANN,37.5,62.243896
2025-06-05 17:00:00,pm10,PIIANN,39.0,46.0411
2022-04-08 08:00:00,pm10,PIIANN,80.5,76.0222
2024-07-07 06:00:00,pm10,PIIANN,57.75,46.936928
2024-08-01 14:00:00,pm10,PIIANN,49.0,51.64732
2021-11-07 07:00:00,pm10,PIIANN,18.0,24.620197
2023-09-09 06:00:00,pm10,PIIANN,42.0,53.257576
2024-01-06 09:00:00,pm10,PIIANN,88.75,70.93541
2022-11-07 15:00:00,pm10,PIIANN,58.5,69.33893
2022-10-07 19:00:00,pm10,PIIANN,26.25,67.52771
2024-12-09 16:00:00,pm10,PIIANN,78.25,60.968136
2024-01-03 03:00:00,pm10,PIIANN,115.25,91.78245
2023-10-03 16:00:00,pm10,PIIANN,71.75,74.89662
2023-11-02 13:00:00,pm10,PIIANN,182.25,155.00165
2021-02-01 22:00:00,pm10,PIIANN,55.0,74.29963
2025-03-09 18:00:00,pm10,PIIANN,128.82,128.52084
2025-10-02 04:00:00,pm10,PIIANN,104.25,100.68696
2021-08-08 05:00:00,pm10,PIIANN,38.0,27.870228
2024-02-03 12:00:00,pm10,PIIANN,113.5,85.036255
2024-06-10 01:00:00,pm10,PIIANN,49.75,35.370865
2023-02-11 07:00:00,pm10,PIIANN,58.5,61.631218
2022-02-07 10:00:00,pm10,PIIANN,14.000001,60.792576
2021-02-07 13:00:00,pm10,PIIANN,62.0,52.97614
2021-09-10 10:00:00,pm10,PIIANN,99.75,59.51323
2021-05-11 17:00:00,pm10,PIIANN,20.75,67.541084
2023-12-10 09:00:00,pm10,PIIANN,71.5,77.58817
2025-02-09 17:00:00,pm10,PIIANN,87.62,99.90838
2025-11-02 06:00:00,pm10,PIIANN,85.0,98.712036
2025-02-12 11:00:00,pm10,PIIANN,22.689999,43.454296
2024-07-05 11:00:00,pm10,PIIANN,57.0,40.099266
2022-09-01 09:00:00,pm10,PIIANN,117.25,99.530396
2021-11-03 09:00:00,pm10,PIIANN,57.5,61.147392
2024-06-11 06:00:00,pm10,PIIANN,111.0,93.18494
2024-01-11 02:00:00,pm10,PIIANN,25.4375,60.22053
2023-01-06 04:00:00,pm10,PIIANN,44.0,45.891617
2025-11-05 11:00:00,pm10,PIIANN,74.25,77.3979
2021-10-01 20:00:00,pm10,PIIANN,71.0,73.043884
2025-12-07 10:00:00,pm10,PIIANN,47.5,67.567924
2022-06-02 04:00:00,pm10,PIIANN,36.0,47.532127
2021-12-05 17:00:00,pm10,PIIANN,144.0,188.12346
2022-10-07 08:00:00,pm10,PIIANN,44.5,46.934475
2024-07-12 02:00:00,pm10,PIIANN,29.75,32.886272
2022-09-05 13:00:00,pm10,PIIANN,160.25,129.22765
2021-02-02 22:00:00,pm10,PIIANN,103.75,120.409065
2024-07-03 05:00:00,pm10,PIIANN,37.75,70.964645
2024-12-02 04:00:00,pm10,PIIANN,82.0,71.33646
2021-07-03 12:00:00,pm10,PIIANN,60.0,59.73794
2024-07-05 18:00:00,pm10,PIIANN,47.0,32.20263
2024-01-09 10:00:00,pm10,PIIANN,30.25,34.105083
2021-06-06 15:00:00,pm10,PIIANN,58.5,52.27162
2022-11-04 08:00:00,pm10,PIIANN,28.25,28.262814
2025-07-11 20:00:00,pm10,PIIANN,124.80001,119.88378
2024-07-07 23:00:00,pm10,PIIANN,5.999997,18.826466
2023-08-05 06:00:00,pm10,PIIANN,24.75,30.052254
2023-04-11 21:00:00,pm10,PIIANN,16.0,33.656937
2024-02-12 14:00:00,pm10,PIIANN,68.75,50.038944
2021-08-08 15:00:00,pm10,PIIANN,55.75,60.672142
2021-05-06 15:00:00,pm10,PIIANN,58.5,49.922443
2024-10-03 09:00:00,pm10,PIIANN,107.75,90.07348
2022-05-06 06:00:00,pm10,PIIANN,53.25,66.297806
2023-10-06 01:00:00,pm10,PIIANN,37.5,47.749294
2022-03-06 22:00:00,pm10,PIIANN,57.0,59.835987
2023-11-06 04:00:00,pm10,PIIANN,58.5,52.914318
2023-02-12 19:00:00,pm10,PIIANN,21.75,38.23506
2023-02-05 04:00:00,pm10,PIIANN,7.000001,10.745156
2022-12-05 14:00:00,pm10,PIIANN,65.0,69.68823
2021-12-06 02:00:00,pm10,PIIANN,672.33,644.1136
2022-01-12 16:00:00,pm10,PIIANN,68.666664,92.9728
2022-10-05 11:00:00,pm10,PIIANN,25.5,66.074135
2025-09-05 01:00:00,pm10,PIIANN,46.0,56.120434
2025-10-09 14:00:00,pm10,PIIANN,79.33,75.8687
2022-06-04 19:00:00,pm10,PIIANN,49.0,46.918125
2021-11-10 01:00:00,pm10,PIIANN,32.0,38.878883
2024-06-07 09:00:00,pm10,PIIANN,35.75,41.86541
2024-03-10 06:00:00,pm10,PIIANN,21.5,22.31176
2023-03-04 06:00:00,pm10,PIIANN,51.75,41.269863
2021-10-01 12:00:00,pm10,PIIANN,110.25,108.65801
2022-08-02 13:00:00,pm10,PIIANN,73.75,78.07701
2025-08-09 16:00:00,pm10,PIIANN,58.5,68.51446
2022-03-01 21:00:00,pm10,PIIANN,85.75,80.010895
2024-12-10 17:00:00,pm10,PIIANN,13.750001,22.894386
2022-07-11 11:00:00,pm10,PIIANN,99.0,82.44334
2021-01-07 08:00:00,pm10,PIIANN,55.25,47.96719
2022-09-13 00:00:00,pm10,PIIANN,13.853684,7.066659
2023-05-05 08:00:00,pm10,PIIANN,77.75,64.794304
2025-01-08 07:00:00,pm10,PIIANN,91.8,86.297104
2024-08-12 22:00:00,pm10,PIIANN,66.75,59.425766
2021-04-11 07:00:00,pm10,PIIANN,12.999997,51.29882
2024-10-04 16:00:00,pm10,PIIANN,67.25,71.53649
2022-05-07 17:00:00,pm10,PIIANN,76.25,53.286415
2021-05-04 20:00:00,pm10,PIIANN,74.75,69.36538
2022-10-04 01:00:00,pm10,PIIANN,12.999997,26.041153
2022-05-12 02:00:00,pm10,PIIANN,101.25,99.29645
2021-11-05 21:00:00,pm10,PIIANN,426.0,132.32948
2024-06-03 16:00:00,pm10,PIIANN,77.25,85.57977
2022-05-05 03:00:00,pm10,PIIANN,51.5,69.82491
2025-02-10 20:00:00,pm10,PIIANN,69.31,89.59935
2024-05-11 06:00:00,pm10,PIIANN,92.5,60.598274
2021-04-05 18:00:00,pm10,PIIANN,53.0,33.204224
2024-08-11 13:00:00,pm10,PIIANN,19.0,29.18863
2024-02-07 18:00:00,pm10,PIIANN,80.0,88.43331
2021-04-07 05:00:00,pm10,PIIANN,46.5,46.739433
2025-04-11 18:00:00,pm10,PIIANN,73.8,101.37514
2024-08-09 00:00:00,pm10,PIIANN,27.25,36.788177
2022-08-09 20:00:00,pm10,PIIANN,93.5,85.62509
2024-06-02 22:00:00,pm10,PIIANN,100.0,92.07784
2022-02-05 15:00:00,pm10,PIIANN,90.75,79.01915
2024-02-03 06:00:00,pm10,PIIANN,125.25,126.70789
2021-06-08 12:00:00,pm10,PIIANN,57.75,61.66597
2024-12-06 23:00:00,pm10,PIIANN,50.0,37.80143
2021-02-02 11:00:00,pm10,PIIANN,108.0,119.443306
2025-11-07 03:00:00,pm10,PIIANN,57.5,63.472095
2022-11-10 18:00:00,pm10,PIIANN,38.0,31.984669
2022-04-08 21:00:00,pm10,PIIANN,77.5,72.45233
2022-03-07 18:00:00,pm10,PIIANN,101.75,76.7593
2022-01-05 18:00:00,pm10,PIIANN,37.25,46.84437
2024-03-03 11:00:00,pm10,PIIANN,74.5,80.17349
2022-03-03 00:00:00,pm10,PIIANN,43.75,52.128628
2025-01-01 19:00:00,pm10,PIIANN,96.0,89.04455
2022-03-06 06:00:00,pm10,PIIANN,72.75,51.024372
2025-02-06 19:00:00,pm10,PIIANN,71.75,70.33386
2025-05-06 15:00:00,pm10,PIIANN,111.5,99.0662
2021-11-06 23:00:00,pm10,PIIANN,58.5,34.026974
2023-05-09 20:00:00,pm10,PIIANN,105.0,104.48654
2021-06-01 18:00:00,pm10,PIIANN,31.5,23.843819
2022-10-01 15:00:00,pm10,PIIANN,41.25,41.16381
2025-10-11 04:00:00,pm10,PIIANN,148.8,145.77315
2023-10-06 14:00:00,pm10,PIIANN,92.0,64.21886
2023-04-09 02:00:00,pm10,PIIANN,65.375,34.83528
2021-12-02 03:00:00,pm10,PIIANN,45.5,43.58918
2021-02-09 09:00:00,pm10,PIIANN,32.0,47.46426
2022-07-03 23:00:00,pm10,PIIANN,87.25,65.8666
2022-04-02 21:00:00,pm10,PIIANN,63.5,70.17692
2021-10-02 16:00:00,pm10,PIIANN,71.5,81.67064
2024-03-07 00:00:00,pm10,PIIANN,30.25,25.676235
2023-07-08 20:00:00,pm10,PIIANN,71.25,70.830284
2025-11-04 15:00:00,pm10,PIIANN,46.75,55.202137
2022-12-08 08:00:00,pm10,PIIANN,55.25,55.722385
2024-10-12 14:00:00,pm10,PIIANN,89.5,79.880516
2024-11-05 03:00:00,pm10,PIIANN,8.500001,24.080997
2025-11-02 21:00:00,pm10,PIIANN,55.5,61.84523
2024-09-09 08:00:00,pm10,PIIANN,65.0,54.31645
2025-02-12 14:00:00,pm10,PIIANN,14.500001,19.544338
2022-12-03 03:00:00,pm10,PIIANN,99.25,116.422615
2023-12-04 12:00:00,pm10,PIIANN,119.75001,120.78105
2022-12-10 08:00:00,pm10,PIIANN,66.25,71.048294
2025-08-08 08:00:00,pm10,PIIANN,34.92,47.144573
2023-08-03 22:00:00,pm10,PIIANN,81.75,69.06597
2024-12-11 14:00:00,pm10,PIIANN,8.250001,24.457336
2025-05-01 23:00:00,pm10,PIIANN,123.75001,71.7308
2025-08-11 05:00:00,pm10,PIIANN,67.2,80.995895
2024-05-02 05:00:00,pm10,PIIANN,44.0,34.47131
2025-11-07 11:00:00,pm10,PIIANN,77.25,100.78888
2022-01-11 00:00:00,pm10,PIIANN,14.000001,61.341232
2024-06-10 00:00:00,pm10,PIIANN,54.0,81.70155
2021-01-06 08:00:00,pm10,PIIANN,58.5,52.489697
2024-06-12 09:00:00,pm10,PIIANN,42.5,31.572483
2022-10-12 05:00:00,pm10,PIIANN,16.0,23.27501
2023-04-03 12:00:00,pm10,PIIANN,120.0,110.19637
2021-08-11 22:00:00,pm10,PIIANN,77.916664,52.91913
2022-05-08 15:00:00,pm10,PIIANN,44.0,43.705524
2021-02-05 07:00:00,pm10,PIIANN,67.25,36.373535
2024-03-06 02:00:00,pm10,PIIANN,20.0,36.215046
2023-07-11 09:00:00,pm10,PIIANN,27.0,29.502872
2025-08-10 07:00:00,pm10,PIIANN,80.62,77.7258
2023-10-05 07:00:00,pm10,PIIANN,58.5,55.22816
2022-07-03 10:00:00,pm10,PIIANN,78.75,66.125916
2021-10-03 09:00:00,pm10,PIIANN,26.75,41.051914
2021-09-04 06:00:00,pm10,PIIANN,53.31579,71.584816
2025-06-04 11:00:00,pm10,PIIANN,52.5,54.182293
2025-11-13 00:00:00,pm10,PIIANN,112.87125,166.92714
2024-05-06 05:00:00,pm10,PIIANN,38.250004,43.26419
2024-08-11 04:00:00,pm10,PIIANN,19.25,24.831272
2025-09-09 17:00:00,pm10,PIIANN,59.07,69.6635
2022-12-12 08:00:00,pm10,PIIANN,41.0,44.81445
2023-02-05 09:00:00,pm10,PIIANN,14.000001,27.616276
2022-08-10 10:00:00,pm10,PIIANN,66.5,72.18962
2024-10-02 05:00:00,pm10,PIIANN,58.75,63.52811
2021-12-09 03:00:00,pm10,PIIANN,30.75,43.92795
2022-01-02 20:00:00,pm10,PIIANN,85.0,86.076996
2021-01-08 07:00:00,pm10,PIIANN,29.0,45.426968
2022-02-12 23:00:00,pm10,PIIANN,33.0,17.167076
2022-09-11 12:00:00,pm10,PIIANN,83.25,88.1439
2021-12-09 04:00:00,pm10,PIIANN,22.0,42.632336
2021-03-10 11:00:00,pm10,PIIANN,5.750001,7.7522135
2024-09-06 20:00:00,pm10,PIIANN,44.75,41.27021
2022-09-03 01:00:00,pm10,PIIANN,94.5,75.54812
2022-06-09 12:00:00,pm10,PIIANN,71.75,55.226997
2024-11-03 11:00:00,pm10,PIIANN,89.25,77.9928
2025-08-02 07:00:00,pm10,PIIANN,166.25,144.06862
2021-07-04 23:00:00,pm10,PIIANN,70.0,66.54343
2025-02-11 05:00:00,pm10,PIIANN,45.8,58.60444
2021-08-09 08:00:00,pm10,PIIANN,71.5,65.25228
2024-09-08 01:00:00,pm10,PIIANN,20.5,32.13899
2022-02-09 21:00:00,pm10,PIIANN,48.0,61.161915
2022-06-07 03:00:00,pm10,PIIANN,15.500001,19.959042
2024-04-01 15:00:00,pm10,PIIANN,80.25,86.58366
2021-03-10 15:00:00,pm10,PIIANN,2.2500007,14.042188
2023-12-03 05:00:00,pm10,PIIANN,121.5,99.71085
2024-10-08 14:00:00,pm10,PIIANN,40.75,50.585888
2021-04-06 06:00:00,pm10,PIIANN,58.5,42.164528
2021-02-01 17:00:00,pm10,PIIANN,80.25,78.33122
2025-10-10 10:00:00,pm10,PIIANN,76.94,64.85597
2023-11-06 19:00:00,pm10,PIIANN,58.5,103.561905
2025-09-03 08:00:00,pm10,PIIANN,58.5,81.03237
2025-09-01 09:00:00,pm10,PIIANN,158.0,142.82549
2023-05-11 08:00:00,pm10,PIIANN,26.0,38.5409
2021-04-12 01:00:00,pm10,PIIANN,92.75,122.48154
2024-04-08 22:00:00,pm10,PIIANN,32.0,36.38291
2023-10-03 07:00:00,pm10,PIIANN,127.0,118.79141
2023-08-09 03:00:00,pm10,PIIANN,10.750005,24.37167
2021-07-11 12:00:00,pm10,PIIANN,58.5,31.322552
2025-08-10 10:00:00,pm10,PIIANN,97.74,101.99963
2024-02-07 23:00:00,pm10,PIIANN,37.25,31.969002
2023-01-13 02:00:00,pm10,PIIANN,70.651535,70.995766
2021-06-02 05:00:00,pm10,PIIANN,165.5,134.30537
2025-08-05 23:00:00,pm10,PIIANN,76.75,67.2718
2022-12-04 19:00:00,pm10,PIIANN,27.75,48.965347
2022-02-02 14:00:00,pm10,PIIANN,48.75,62.536526
2024-09-07 10:00:00,pm10,PIIANN,62.25,60.474293
2021-07-03 16:00:00,pm10,PIIANN,45.75,44.638763
2022-08-10 16:00:00,pm10,PIIANN,97.0,99.10674
2023-12-12 01:00:00,pm10,PIIANN,54.5,36.56844
2021-10-05 18:00:00,pm10,PIIANN,33.5,49.78816
2025-07-06 11:00:00,pm10,PIIANN,89.5,81.54436
2022-07-06 13:00:00,pm10,PIIANN,76.0,70.47117
2025-05-05 01:00:00,pm10,PIIANN,27.25,30.261555
2022-01-09 00:00:00,pm10,PIIANN,37.25,27.849731
2024-05-07 05:00:00,pm10,PIIANN,31.75,39.387253
2021-07-01 13:00:00,pm10,PIIANN,39.0,40.048416
2021-02-04 13:00:00,pm10,PIIANN,137.5,98.85359
2021-05-01 14:00:00,pm10,PIIANN,27.0,25.473183
2022-10-09 15:00:00,pm10,PIIANN,48.25,54.32297
2024-09-02 04:00:00,pm10,PIIANN,40.000004,57.68152
2024-01-12 08:00:00,pm10,PIIANN,11.249997,24.76968
2024-06-09 14:00:00,pm10,PIIANN,48.5,49.021614
2024-02-12 09:00:00,pm10,PIIANN,27.25,40.253807
2024-04-02 11:00:00,pm10,PIIANN,19.5,58.10852
2022-10-06 12:00:00,pm10,PIIANN,79.5,68.19258
2025-12-07 23:00:00,pm10,PIIANN,89.75,87.029686
2021-04-05 11:00:00,pm10,PIIANN,34.500004,27.390842
2022-01-02 19:00:00,pm10,PIIANN,88.0,84.67072
2022-08-08 12:00:00,pm10,PIIANN,62.5,52.66228
2022-06-08 07:00:00,pm10,PIIANN,25.5,34.37113
2022-08-07 23:00:00,pm10,PIIANN,85.5,82.36613
2021-12-09 15:00:00,pm10,PIIANN,48.5,63.03657
2022-07-04 14:00:00,pm10,PIIANN,48.25,47.982605
2021-01-04 14:00:00,pm10,PIIANN,90.0,98.79292
2025-12-09 04:00:00,pm10,PIIANN,51.61,67.72435
2024-04-02 12:00:00,pm10,PIIANN,25.25,41.243332
2025-02-07 22:00:00,pm10,PIIANN,12.500005,23.843609
2021-07-10 09:00:00,pm10,PIIANN,32.5,49.6735
2024-03-09 07:00:00,pm10,PIIANN,58.5,63.922897
2023-02-02 08:00:00,pm10,PIIANN,92.5,90.53994
2024-09-08 00:00:00,pm10,PIIANN,44.75,35.302326
2022-06-10 20:00:00,pm10,PIIANN,62.75,75.37429
2025-09-05 15:00:00,pm10,PIIANN,87.5,76.37931
2021-11-09 05:00:00,pm10,PIIANN,41.75,52.644176
2022-11-08 05:00:00,pm10,PIIANN,42.5,37.33914
2025-03-06 20:00:00,pm10,PIIANN,56.5,49.89246
2021-06-06 08:00:00,pm10,PIIANN,58.5,57.022404
2023-12-05 19:00:00,pm10,PIIANN,109.75,123.80898
2023-11-02 05:00:00,pm10,PIIANN,125.0,112.406334
2022-10-08 05:00:00,pm10,PIIANN,33.0,47.424164
2025-12-07 05:00:00,pm10,PIIANN,27.0,45.70293
2024-10-07 15:00:00,pm10,PIIANN,62.25,69.814476
2022-08-01 23:00:00,pm10,PIIANN,54.5,44.914738
2024-01-08 01:00:00,pm10,PIIANN,45.75,36.453945
2021-02-08 11:00:00,pm10,PIIANN,56.25,51.608936
2023-08-12 02:00:00,pm10,PIIANN,42.716736,44.377472
2025-12-02 20:00:00,pm10,PIIANN,58.25,91.22608
2022-11-08 12:00:00,pm10,PIIANN,72.75,61.537933
2021-09-11 17:00:00,pm10,PIIANN,81.0,62.4163
2021-05-01 19:00:00,pm10,PIIANN,29.75,30.59771
2024-08-07 15:00:00,pm10,PIIANN,51.75,53.205017
2022-12-06 19:00:00,pm10,PIIANN,65.75,67.06523
2024-02-05 03:00:00,pm10,PIIANN,8.750001,22.509357
2022-11-09 16:00:00,pm10,PIIANN,47.25,58.638157
2023-08-05 20:00:00,pm10,PIIANN,56.0,65.481186
2025-02-08 15:00:00,pm10,PIIANN,123.26,141.60252
2025-10-11 20:00:00,pm10,PIIANN,142.44,141.2908
2025-09-10 16:00:00,pm10,PIIANN,50.49,71.530205
2021-10-07 16:00:00,pm10,PIIANN,47.0,40.5933
2022-06-13 01:00:00,pm10,PIIANN,172.29503,157.91591
2022-03-04 01:00:00,pm10,PIIANN,16.25,28.597988
2021-06-10 23:00:00,pm10,PIIANN,45.25,41.53394
2025-08-10 14:00:00,pm10,PIIANN,59.11,70.649284
2024-12-11 16:00:00,pm10,PIIANN,15.750001,27.77613
2023-03-11 13:00:00,pm10,PIIANN,22.75,43.725216
2025-07-11 12:00:00,pm10,PIIANN,68.4,83.31662
2021-05-03 00:00:00,pm10,PIIANN,61.5,81.90536
2022-04-07 10:00:00,pm10,PIIANN,29.0,51.071102
2025-01-07 02:00:00,pm10,PIIANN,35.0,53.560387
2024-09-02 22:00:00,pm10,PIIANN,72.25,60.120167
2022-02-02 22:00:00,pm10,PIIANN,64.75,74.92362
2023-01-05 20:00:00,pm10,PIIANN,16.25,25.730377
2024-08-02 23:00:00,pm10,PIIANN,66.25,63.48522
2025-01-10 20:00:00,pm10,PIIANN,103.28,112.68651
2025-03-11 04:00:00,pm10,PIIANN,27.0,40.173557
2024-07-03 14:00:00,pm10,PIIANN,85.25,84.26662
2021-01-04 03:00:00,pm10,PIIANN,29.0,33.3035
2025-01-07 18:00:00,pm10,PIIANN,78.25,74.175766
2021-06-05 20:00:00,pm10,PIIANN,28.0,20.978035
2022-08-06 02:00:00,pm10,PIIANN,51.903847,45.427536
2021-10-02 14:00:00,pm10,PIIANN,74.5,77.938576
2025-10-10 03:00:00,pm10,PIIANN,34.17,54.08527
2022-07-06 08:00:00,pm10,PIIANN,76.75,57.446007
2025-06-08 22:00:00,pm10,PIIANN,44.67,49.603657
2021-09-04 11:00:00,pm10,PIIANN,58.5,69.42697
2025-11-12 09:00:00,pm10,PIIANN,163.99998,227.03915
2024-08-11 07:00:00,pm10,PIIANN,26.75,36.79233
2024-01-03 14:00:00,pm10,PIIANN,65.25,71.235115
2021-12-12 02:00:00,pm10,PIIANN,13.750001,9.134885
2024-08-03 05:00:00,pm10,PIIANN,59.75,54.57396
2021-05-04 04:00:00,pm10,PIIANN,46.75,48.96878
2023-08-03 07:00:00,pm10,PIIANN,90.5,68.54719
2021-02-07 11:00:00,pm10,PIIANN,53.25,58.689487
2021-07-06 12:00:00,pm10,PIIANN,58.5,57.17946
2023-06-06 14:00:00,pm10,PIIANN,68.0,50.501926
2024-05-05 13:00:00,pm10,PIIANN,86.75,61.957603
2021-07-02 23:00:00,pm10,PIIANN,48.25,74.921814
2023-01-10 05:00:00,pm10,PIIANN,28.5,44.893467
2023-07-03 06:00:00,pm10,PIIANN,95.75,77.14627
2022-11-08 11:00:00,pm10,PIIANN,74.5,63.679516
2024-10-03 03:00:00,pm10,PIIANN,38.250004,43.722107
2022-10-09 17:00:00,pm10,PIIANN,56.25,53.425804
2025-06-08 02:00:00,pm10,PIIANN,23.54,38.32
2025-09-10 21:00:00,pm10,PIIANN,45.78,54.361885
2025-08-03 00:00:00,pm10,PIIANN,84.16,69.41442
2023-04-03 15:00:00,pm10,PIIANN,92.75,103.287704
2021-02-09 03:00:00,pm10,PIIANN,58.75,67.734695
2025-11-08 15:00:00,pm10,PIIANN,74.32,45.745155
2023-06-03 06:00:00,pm10,PIIANN,147.5,114.828995
2022-10-08 17:00:00,pm10,PIIANN,75.25,75.29467
2024-12-09 06:00:00,pm10,PIIANN,44.75,44.550114
2024-07-06 02:00:00,pm10,PIIANN,3.0000007,15.105924
2024-12-08 19:00:00,pm10,PIIANN,66.0,69.152855
2024-08-04 12:00:00,pm10,PIIANN,61.75,54.54959
2022-05-08 09:00:00,pm10,PIIANN,34.75,40.967648
2024-06-06 23:00:00,pm10,PIIANN,6.500001,20.93486
2025-01-03 02:00:00,pm10,PIIANN,44.86,49.442436
2024-12-13 02:00:00,pm10,PIIANN,83.897705,73.6163
2022-11-01 14:00:00,pm10,PIIANN,26.0,38.531094
2024-11-06 10:00:00,pm10,PIIANN,32.75,48.38579
2021-09-12 02:00:00,pm10,PIIANN,13.750001,20.61681
2023-11-08 16:00:00,pm10,PIIANN,75.5,73.5864
2022-08-10 11:00:00,pm10,PIIANN,72.5,64.37176
2025-08-09 10:00:00,pm10,PIIANN,62.28625,72.07461
2024-03-10 18:00:00,pm10,PIIANN,76.75,85.92291
2022-03-03 15:00:00,pm10,PIIANN,222.5,175.79042
2021-11-11 02:00:00,pm10,PIIANN,69.97,23.086914
2023-12-08 17:00:00,pm10,PIIANN,81.5,100.43463
2021-05-10 15:00:00,pm10,PIIANN,15.000001,21.34626
2025-08-10 20:00:00,pm10,PIIANN,49.57,58.394737
2021-11-03 23:00:00,pm10,PIIANN,28.5,27.138401
2025-01-08 00:00:00,pm10,PIIANN,74.48,85.24151
2021-08-09 22:00:00,pm10,PIIANN,63.75,54.323452
2024-06-09 16:00:00,pm10,PIIANN,65.75,55.59334
2022-08-03 09:00:00,pm10,PIIANN,121.25,132.67749
2023-03-04 03:00:00,pm10,PIIANN,29.25,37.19633
2025-03-12 06:00:00,pm10,PIIANN,11.000001,14.061116
2025-08-12 12:00:00,pm10,PIIANN,118.00001,133.51784
2024-10-08 04:00:00,pm10,PIIANN,9.499997,12.005475
2021-04-08 21:00:00,pm10,PIIANN,121.5,117.6571
2025-08-08 07:00:00,pm10,PIIANN,30.849998,35.394245
2025-02-11 02:00:00,pm10,PIIANN,57.17,49.009365
2021-11-04 23:00:00,pm10,PIIANN,23.75,28.509129
2023-10-02 22:00:00,pm10,PIIANN,106.75,85.90223
2022-10-10 12:00:00,pm10,PIIANN,29.75,48.530754
2021-08-08 06:00:00,pm10,PIIANN,41.5,38.309063
2022-03-05 12:00:00,pm10,PIIANN,69.25,63.069847
2024-09-10 05:00:00,pm10,PIIANN,27.0,29.639511
2025-05-11 15:00:00,pm10,PIIANN,144.0,120.124176
2021-12-09 17:00:00,pm10,PIIANN,172.25,82.72761
2025-01-10 07:00:00,pm10,PIIANN,94.11,130.56053
2021-03-03 02:00:00,pm10,PIIANN,90.5625,73.719604
2023-07-01 12:00:00,pm10,PIIANN,118.75,107.573265
2025-10-05 03:00:00,pm10,PIIANN,42.0,41.93567
2024-04-08 11:00:00,pm10,PIIANN,30.0,41.140015
2025-09-04 15:00:00,pm10,PIIANN,50.25,45.5034
2025-03-06 08:00:00,pm10,PIIANN,54.25,55.14402
2021-08-10 17:00:00,pm10,PIIANN,96.75,54.4251
2024-09-02 11:00:00,pm10,PIIANN,95.5,69.922195
2024-10-04 18:00:00,pm10,PIIANN,77.25,75.67238
2024-03-02 22:00:00,pm10,PIIANN,50.0,49.824005
2024-10-12 03:00:00,pm10,PIIANN,73.0,68.7676
2025-10-06 04:00:00,pm10,PIIANN,31.0,37.759678
2025-07-05 23:00:00,pm10,PIIANN,43.25,45.483078
2025-10-06 18:00:00,pm10,PIIANN,23.25,68.3935
2023-10-02 01:00:00,pm10,PIIANN,48.5,68.64946
2024-01-05 07:00:00,pm10,PIIANN,24.25,23.99545
2025-07-07 00:00:00,pm10,PIIANN,43.25,71.70194
2022-12-09 21:00:00,pm10,PIIANN,54.0,55.31038
2023-07-09 01:00:00,pm10,PIIANN,23.75,39.35328
2023-06-03 17:00:00,pm10,PIIANN,75.75,78.32236
2024-01-01 09:00:00,pm10,PIIANN,121.75,140.69214
2022-05-04 21:00:00,pm10,PIIANN,25.25,32.75538
2024-11-05 20:00:00,pm10,PIIANN,16.999996,28.958363
2022-12-06 16:00:00,pm10,PIIANN,56.25,55.392067
2024-12-12 01:00:00,pm10,PIIANN,45.75,36.876736
2021-02-10 09:00:00,pm10,PIIANN,13.499997,24.187622
2022-08-05 00:00:00,pm10,PIIANN,66.5,38.136303
2021-08-08 08:00:00,pm10,PIIANN,58.25,55.458473
2021-12-08 03:00:00,pm10,PIIANN,69.0,68.38602
2021-09-02 03:00:00,pm10,PIIANN,58.5,67.60319
2021-10-10 12:00:00,pm10,PIIANN,20.75,34.269306
2021-10-01 17:00:00,pm10,PIIANN,74.5,69.77598
2025-11-06 07:00:00,pm10,PIIANN,37.5,40.253174
2022-07-11 05:00:00,pm10,PIIANN,133.5,86.13133
2022-11-10 03:00:00,pm10,PIIANN,21.0,24.8488
2025-08-01 16:00:00,pm10,PIIANN,139.25,132.77496
2021-03-07 04:00:00,pm10,PIIANN,11.750001,25.862114
2021-01-05 13:00:00,pm10,PIIANN,37.5,34.003483
2023-01-06 06:00:00,pm10,PIIANN,66.0,70.726
2023-08-02 05:00:00,pm10,PIIANN,150.5,120.49557
2023-01-09 09:00:00,pm10,PIIANN,82.75,70.75543
2023-05-08 07:00:00,pm10,PIIANN,71.0,61.33377
2025-01-05 14:00:00,pm10,PIIANN,54.75,58.38885
2024-07-08 14:00:00,pm10,PIIANN,33.75,48.03852
2021-02-02 02:00:00,pm10,PIIANN,84.75,75.42833
2024-10-07 01:00:00,pm10,PIIANN,29.75,25.421783
2022-02-02 23:00:00,pm10,PIIANN,60.75,67.20308
2024-02-06 09:00:00,pm10,PIIANN,84.0,67.17787
2023-05-10 06:00:00,pm10,PIIANN,46.5,58.51456
2022-07-09 06:00:00,pm10,PIIANN,22.75,30.507435
2023-08-04 17:00:00,pm10,PIIANN,32.25,35.069206
2022-11-03 14:00:00,pm10,PIIANN,60.5,71.0549
2025-07-10 21:00:00,pm10,PIIANN,46.0,73.31063
2021-10-08 10:00:00,pm10,PIIANN,42.75,31.667736
2023-02-04 20:00:00,pm10,PIIANN,99.0,138.08133
2024-07-09 02:00:00,pm10,PIIANN,14.000001,41.72516
2022-01-03 21:00:00,pm10,PIIANN,143.75,90.20328
2025-12-10 17:00:00,pm10,PIIANN,98.28,104.682915
2024-12-04 23:00:00,pm10,PIIANN,34.25,38.481155
2022-01-01 16:00:00,pm10,PIIANN,29.75,47.8831
2021-12-04 17:00:00,pm10,PIIANN,41.0,37.638767
2023-03-01 18:00:00,pm10,PIIANN,73.5,82.38142
2025-08-09 03:00:00,pm10,PIIANN,18.98,59.317535
2024-02-11 20:00:00,pm10,PIIANN,102.25,59.45848
2024-06-01 11:00:00,pm10,PIIANN,56.0,66.0452
2021-12-08 18:00:00,pm10,PIIANN,109.25,92.2432
2021-02-10 11:00:00,pm10,PIIANN,9.000005,9.9696665
2025-12-12 21:00:00,pm10,PIIANN,116.0,131.14368
2025-05-10 15:00:00,pm10,PIIANN,49.77,70.18569
2024-10-10 18:00:00,pm10,PIIANN,29.75,29.302536
2024-11-03 19:00:00,pm10,PIIANN,93.5,87.186455
2024-10-09 19:00:00,pm10,PIIANN,83.75,76.45115
2023-06-07 02:00:00,pm10,PIIANN,50.46,31.661522
2023-04-08 14:00:00,pm10,PIIANN,53.75,70.99923
2025-01-01 14:00:00,pm10,PIIANN,77.75,71.135
2022-02-09 18:00:00,pm10,PIIANN,45.5,48.940426
2022-08-12 09:00:00,pm10,PIIANN,134.25,136.01653
2024-11-09 05:00:00,pm10,PIIANN,12.750001,25.008224
2021-07-05 15:00:00,pm10,PIIANN,21.75,16.576508
2022-06-03 09:00:00,pm10,PIIANN,56.25,60.43684
2024-11-08 06:00:00,pm10,PIIANN,15.750001,32.579556
2021-05-03 02:00:00,pm10,PIIANN,51.0,24.778534
2021-03-05 07:00:00,pm10,PIIANN,184.74998,43.810566
2021-04-02 05:00:00,pm10,PIIANN,94.25,81.91375
2025-12-04 19:00:00,pm10,PIIANN,89.75,79.05485
2025-09-02 16:00:00,pm10,PIIANN,92.0,73.62558
2021-07-09 15:00:00,pm10,PIIANN,48.75,37.3765
2022-04-10 14:00:00,pm10,PIIANN,91.25,80.60779
2025-06-06 06:00:00,pm10,PIIANN,70.75,72.61202
2023-05-03 03:00:00,pm10,PIIANN,112.25,101.42526
2023-11-06 17:00:00,pm10,PIIANN,58.5,74.83259
2022-03-11 16:00:00,pm10,PIIANN,33.5,29.605263
2021-06-08 08:00:00,pm10,PIIANN,68.5,58.547855
2023-03-03 14:00:00,pm10,PIIANN,78.0,83.970436
2024-06-06 15:00:00,pm10,PIIANN,52.75,51.759117
2024-11-05 21:00:00,pm10,PIIANN,15.750001,29.231323
2022-01-02 16:00:00,pm10,PIIANN,56.0,77.63053
2024-12-11 18:00:00,pm10,PIIANN,9.000005,23.833317
2025-03-09 06:00:00,pm10,PIIANN,37.27,42.646027
2023-02-11 06:00:00,pm10,PIIANN,58.5,60.263885
2022-04-02 13:00:00,pm10,PIIANN,72.75,86.46095
2024-02-10 00:00:00,pm10,PIIANN,12.000001,25.344894
2021-09-08 14:00:00,pm10,PIIANN,80.0,74.00643
2023-08-10 11:00:00,pm10,PIIANN,80.25,71.424675
2024-05-06 06:00:00,pm10,PIIANN,38.250004,44.344852
2022-05-09 19:00:00,pm10,PIIANN,88.25,68.05809
2021-03-09 23:00:00,pm10,PIIANN,51.0,44.37448
2025-03-01 20:00:00,pm10,PIIANN,129.5,121.16209
2025-03-08 01:00:00,pm10,PIIANN,61.18,59.44784
2021-12-10 00:00:00,pm10,PIIANN,53.0,36.207752
2021-07-12 11:00:00,pm10,PIIANN,112.25,200.28816
2024-11-08 02:00:00,pm10,PIIANN,44.5,58.30852
2022-09-02 10:00:00,pm10,PIIANN,77.75,75.03212
2022-05-09 11:00:00,pm10,PIIANN,70.0,62.38212
2021-10-10 13:00:00,pm10,PIIANN,29.5,31.990726
2023-12-01 13:00:00,pm10,PIIANN,93.25,85.57315
2023-03-11 07:00:00,pm10,PIIANN,66.25,41.56129
2022-09-04 20:00:00,pm10,PIIANN,19.25,31.432026
2025-03-09 12:00:00,pm10,PIIANN,66.23,70.8939
2023-01-12 12:00:00,pm10,PIIANN,48.5,36.584534
2022-06-09 05:00:00,pm10,PIIANN,19.75,33.86059
2023-03-02 09:00:00,pm10,PIIANN,87.25,100.13443
2023-01-08 21:00:00,pm10,PIIANN,146.25,128.06494
2022-04-06 10:00:00,pm10,PIIANN,108.75,104.261826
2023-08-11 10:00:00,pm10,PIIANN,54.75,45.349937
2025-11-08 03:00:00,pm10,PIIANN,13.4800005,16.492393
2022-05-09 18:00:00,pm10,PIIANN,86.25,61.496864
2022-04-01 14:00:00,pm10,PIIANN,133.25,106.58727
2024-09-10 10:00:00,pm10,PIIANN,24.5,31.813145
2022-12-02 04:00:00,pm10,PIIANN,40.250004,48.85325
2022-05-03 00:00:00,pm10,PIIANN,81.5,44.304676
2023-06-03 02:00:00,pm10,PIIANN,76.5,81.25444
2022-02-02 11:00:00,pm10,PIIANN,58.5,74.23571
2021-09-06 02:00:00,pm10,PIIANN,18.79,21.280407
2021-11-12 14:00:00,pm10,PIIANN,39.0,33.88105
2021-11-09 09:00:00,pm10,PIIANN,76.5,75.25096
2022-11-03 07:00:00,pm10,PIIANN,172.0,120.9623
2022-12-04 08:00:00,pm10,PIIANN,50.5,49.817715
2022-02-03 05:00:00,pm10,PIIANN,211.25,125.53173
2024-10-02 03:00:00,pm10,PIIANN,41.0,44.963585
2024-04-11 09:00:00,pm10,PIIANN,41.25,41.81431
2021-01-09 10:00:00,pm10,PIIANN,110.75,115.365845
2022-09-03 11:00:00,pm10,PIIANN,132.25,119.78581
2021-06-05 09:00:00,pm10,PIIANN,40.5,99.91036
2025-05-03 22:00:00,pm10,PIIANN,0.9999969,6.8801126
2021-03-11 08:00:00,pm10,PIIANN,10.000001,16.095425
2021-05-07 10:00:00,pm10,PIIANN,67.25,52.131004
2021-01-02 03:00:00,pm10,PIIANN,47.25,53.530243
2025-08-04 23:00:00,pm10,PIIANN,52.75,51.910675
2025-10-07 05:00:00,pm10,PIIANN,60.5,65.56345
2024-02-11 11:00:00,pm10,PIIANN,19.0,44.25972
2025-09-02 00:00:00,pm10,PIIANN,81.5,74.57649
2021-10-09 16:00:00,pm10,PIIANN,53.25,53.13062
2023-06-01 22:00:00,pm10,PIIANN,73.0,79.37272
2024-10-07 10:00:00,pm10,PIIANN,58.5,72.46337
2021-08-12 20:00:00,pm10,PIIANN,46.5,56.730972
2021-06-07 14:00:00,pm10,PIIANN,63.0,76.02686
2022-11-11 11:00:00,pm10,PIIANN,34.75,23.653065
2022-11-02 18:00:00,pm10,PIIANN,63.25,60.12899
2021-08-02 21:00:00,pm10,PIIANN,58.5,80.91631
2025-07-11 17:00:00,pm10,PIIANN,94.4,101.24178
2021-09-04 07:00:00,pm10,PIIANN,50.63158,70.4204
2025-12-11 06:00:00,pm10,PIIANN,115.200005,126.928276
2025-03-03 01:00:00,pm10,PIIANN,57.56,62.05382
2025-10-08 21:00:00,pm10,PIIANN,13.759999,35.05108
2021-11-04 13:00:00,pm10,PIIANN,55.75,53.006817
2023-02-12 13:00:00,pm10,PIIANN,11.249997,36.40587
2021-11-12 19:00:00,pm10,PIIANN,25.0,37.748775
2022-06-11 07:00:00,pm10,PIIANN,66.5,59.101604
2021-10-08 22:00:00,pm10,PIIANN,79.0,91.60174
2021-01-11 01:00:00,pm10,PIIANN,4.750001,8.467603
2024-11-02 00:00:00,pm10,PIIANN,96.25,86.37239
2024-07-10 23:00:00,pm10,PIIANN,34.500004,35.27988
2025-08-11 00:00:00,pm10,PIIANN,133.2,50.000713
2022-09-02 17:00:00,pm10,PIIANN,89.0,75.66305
2025-09-07 06:00:00,pm10,PIIANN,48.75,70.67397
2023-11-11 13:00:00,pm10,PIIANN,108.0,115.69383
2025-04-10 00:00:00,pm10,PIIANN,55.53,74.92194
2021-07-04 21:00:00,pm10,PIIANN,82.75,77.31503
2021-06-06 01:00:00,pm10,PIIANN,6.7199984,12.216931
2021-03-05 04:00:00,pm10,PIIANN,7.749997,9.488618
2022-12-10 04:00:00,pm10,PIIANN,41.25,33.349308
2021-11-08 20:00:00,pm10,PIIANN,106.0,129.5132
2022-04-05 12:00:00,pm10,PIIANN,72.0,72.313324
2024-03-07 07:00:00,pm10,PIIANN,64.25,44.812885
2024-07-08 07:00:00,pm10,PIIANN,18.0,26.11216
2024-04-04 22:00:00,pm10,PIIANN,28.75,25.75058
2024-11-08 03:00:00,pm10,PIIANN,30.5,41.267258
2021-12-09 18:00:00,pm10,PIIANN,87.0,142.61807
2024-09-01 23:00:00,pm10,PIIANN,70.75,50.954853
2025-11-08 19:00:00,pm10,PIIANN,31.46,62.597637
2024-02-11 12:00:00,pm10,PIIANN,16.75,39.63052
2022-04-10 18:00:00,pm10,PIIANN,107.75,125.47511
2021-02-06 03:00:00,pm10,PIIANN,58.5,21.132633
2025-11-05 15:00:00,pm10,PIIANN,86.75,96.523346
2024-04-07 14:00:00,pm10,PIIANN,35.25,44.33577
2025-04-01 11:00:00,pm10,PIIANN,126.5,125.3771
2022-02-07 06:00:00,pm10,PIIANN,14.000001,28.529179
2024-04-12 01:00:00,pm10,PIIANN,31.5,19.237774
2023-01-05 04:00:00,pm10,PIIANN,15.249997,15.5012865
2023-10-08 23:00:00,pm10,PIIANN,57.0,74.33046
2022-01-05 15:00:00,pm10,PIIANN,53.25,51.010628
2025-04-02 09:00:00,pm10,PIIANN,104.75,85.15565
2021-02-06 10:00:00,pm10,PIIANN,58.5,53.626995
2021-01-06 18:00:00,pm10,PIIANN,58.5,58.284023
2025-12-05 12:00:00,pm10,PIIANN,94.67,81.64378
2021-11-10 10:00:00,pm10,PIIANN,66.5,69.54047
2024-02-02 11:00:00,pm10,PIIANN,62.25,54.97656
2022-04-09 16:00:00,pm10,PIIANN,49.75,57.068752
2024-03-06 06:00:00,pm10,PIIANN,32.5,31.2794
2024-04-12 03:00:00,pm10,PIIANN,22.0,25.387714
2025-10-01 16:00:00,pm10,PIIANN,110.5,108.72257
2022-09-05 21:00:00,pm10,PIIANN,78.0,82.249504
2021-07-05 10:00:00,pm10,PIIANN,39.25,25.198605
2024-06-07 08:00:00,pm10,PIIANN,34.500004,42.53896
2023-09-01 11:00:00,pm10,PIIANN,75.333336,78.00636
2024-02-08 19:00:00,pm10,PIIANN,118.5,97.57433
2025-10-07 03:00:00,pm10,PIIANN,61.25,69.40797
2023-11-05 01:00:00,pm10,PIIANN,30.5,31.567005
2021-08-01 09:00:00,pm10,PIIANN,46.25,53.244892
2022-06-01 13:00:00,pm10,PIIANN,48.75,66.538635
2023-05-01 23:00:00,pm10,PIIANN,95.75,76.67952
2021-10-05 10:00:00,pm10,PIIANN,26.0,38.062454
2025-09-02 05:00:00,pm10,PIIANN,143.75,106.816246
2024-08-06 05:00:00,pm10,PIIANN,12.250001,23.103748
2022-07-03 05:00:00,pm10,PIIANN,42.25,50.27964
2023-03-06 07:00:00,pm10,PIIANN,85.666664,85.7789
2021-12-03 13:00:00,pm10,PIIANN,33.25,36.77127
2024-04-09 05:00:00,pm10,PIIANN,47.75,33.059826
2025-10-01 13:00:00,pm10,PIIANN,109.25,83.95935
2023-12-03 03:00:00,pm10,PIIANN,113.0,95.808464
2023-10-08 17:00:00,pm10,PIIANN,72.0,84.476845
2022-05-05 20:00:00,pm10,PIIANN,69.75,76.09959
2021-06-03 06:00:00,pm10,PIIANN,93.0,100.24601
2021-01-02 14:00:00,pm10,PIIANN,79.75,91.64014
2024-10-03 14:00:00,pm10,PIIANN,50.5,61.898445
2022-07-05 19:00:00,pm10,PIIANN,87.25,78.729195
2022-07-07 14:00:00,pm10,PIIANN,47.0,65.71795
2023-02-03 20:00:00,pm10,PIIANN,161.5,164.45291
2025-05-06 04:00:00,pm10,PIIANN,49.0,45.40873
2025-08-01 17:00:00,pm10,PIIANN,130.0,132.25153
2022-04-09 04:00:00,pm10,PIIANN,26.5,33.006943
2024-03-12 23:00:00,pm10,PIIANN,38.5,34.856693
2022-02-09 14:00:00,pm10,PIIANN,30.0,46.115585
2024-01-01 10:00:00,pm10,PIIANN,134.0,116.48635
2021-10-07 17:00:00,pm10,PIIANN,47.0,39.81131
2022-01-04 00:00:00,pm10,PIIANN,17.25,137.01979
2024-07-10 16:00:00,pm10,PIIANN,46.5,47.53928
2023-11-03 05:00:00,pm10,PIIANN,105.5,108.0515
2021-09-06 21:00:00,pm10,PIIANN,58.5,50.620445
2024-01-11 14:00:00,pm10,PIIANN,45.5,54.094013
2022-04-01 16:00:00,pm10,PIIANN,97.5,90.08747
2023-01-11 10:00:00,pm10,PIIANN,126.5,112.982834
2025-01-07 04:00:00,pm10,PIIANN,35.0,30.5219
2024-09-12 13:00:00,pm10,PIIANN,124.75,99.09371
2025-05-10 05:00:00,pm10,PIIANN,55.46,81.56041
2021-02-09 12:00:00,pm10,PIIANN,41.75,65.61929
2021-01-10 09:00:00,pm10,PIIANN,37.5,63.97082
2022-09-08 16:00:00,pm10,PIIANN,55.0,62.19745
2023-07-08 10:00:00,pm10,PIIANN,64.5,67.38175
2023-09-03 04:00:00,pm10,PIIANN,124.25,98.220764
2024-05-09 05:00:00,pm10,PIIANN,60.0,48.017128
2023-06-11 17:00:00,pm10,PIIANN,8.750001,21.538906
2022-07-03 07:00:00,pm10,PIIANN,66.75,58.097713
2022-06-03 12:00:00,pm10,PIIANN,151.5,72.53005
2024-02-09 02:00:00,pm10,PIIANN,19.75,9.54873
2023-01-01 20:00:00,pm10,PIIANN,54.25,69.418076
2024-08-03 16:00:00,pm10,PIIANN,93.0,89.88653
2022-06-10 22:00:00,pm10,PIIANN,64.75,60.687866
2025-07-08 15:00:00,pm10,PIIANN,73.79,75.95312
2022-04-09 03:00:00,pm10,PIIANN,19.5,32.99815
2025-01-11 12:00:00,pm10,PIIANN,97.2,117.98721
2024-06-12 05:00:00,pm10,PIIANN,36.5,39.185062
2024-12-07 12:00:00,pm10,PIIANN,54.0,58.252674
2024-09-04 02:00:00,pm10,PIIANN,21.5,20.113144
2025-01-09 21:00:00,pm10,PIIANN,212.52,141.32205
2021-10-12 02:00:00,pm10,PIIANN,31.25,13.708283
2022-12-09 03:00:00,pm10,PIIANN,42.0,38.04129
2024-07-01 15:00:00,pm10,PIIANN,26.75,40.164383
2021-04-10 18:00:00,pm10,PIIANN,14.250005,22.556618
2021-11-07 01:00:00,pm10,PIIANN,19.0,45.385777
2025-08-12 03:00:00,pm10,PIIANN,66.0,88.78004
2022-05-03 04:00:00,pm10,PIIANN,61.0,67.63082
2024-07-08 10:00:00,pm10,PIIANN,47.0,39.756737
2022-11-04 00:00:00,pm10,PIIANN,0.9999969,72.17049
2024-11-03 06:00:00,pm10,PIIANN,73.0,63.511353
2025-03-06 05:00:00,pm10,PIIANN,36.0,44.13801
2021-05-12 11:00:00,pm10,PIIANN,113.75,111.60767
2025-07-04 10:00:00,pm10,PIIANN,46.75,44.63431
2021-08-10 12:00:00,pm10,PIIANN,68.25,73.24468
2022-10-01 11:00:00,pm10,PIIANN,59.5,62.084377
2024-04-09 11:00:00,pm10,PIIANN,53.0,56.55528
2021-06-02 20:00:00,pm10,PIIANN,95.25,111.98724
2023-12-10 17:00:00,pm10,PIIANN,78.5,60.43463
2024-01-10 01:00:00,pm10,PIIANN,20.0,20.595535
2025-04-04 09:00:00,pm10,PIIANN,44.5,55.381252
2022-12-07 22:00:00,pm10,PIIANN,55.0,73.15536
2025-03-02 14:00:00,pm10,PIIANN,31.25,55.798336
2025-09-03 12:00:00,pm10,PIIANN,58.5,47.175266
2021-02-05 00:00:00,pm10,PIIANN,39.5,66.93942
2025-12-01 12:00:00,pm10,PIIANN,74.75,77.54006
2024-08-10 02:00:00,pm10,PIIANN,23.0,22.060265
2025-08-02 03:00:00,pm10,PIIANN,110.75,88.75997
2021-01-03 11:00:00,pm10,PIIANN,116.5,94.7794
2023-10-05 21:00:00,pm10,PIIANN,30.75,48.44326
2021-09-12 08:00:00,pm10,PIIANN,30.5,54.309902
2021-10-12 14:00:00,pm10,PIIANN,118.5,99.55661
2024-12-10 09:00:00,pm10,PIIANN,7.000001,19.846024
2024-08-09 07:00:00,pm10,PIIANN,53.25,48.224495
2023-12-06 17:00:00,pm10,PIIANN,89.0,67.12015
2024-01-05 02:00:00,pm10,PIIANN,5.000005,27.821266
2023-02-04 10:00:00,pm10,PIIANN,61.5,48.835236
2025-10-12 00:00:00,pm10,PIIANN,124.0,94.642006
2025-08-01 09:00:00,pm10,PIIANN,184.5,157.76244
2021-03-01 22:00:00,pm10,PIIANN,39.75,53.504986
2022-05-03 06:00:00,pm10,PIIANN,83.25,78.42951
2021-02-06 23:00:00,pm10,PIIANN,58.5,35.62437
2022-10-12 00:00:00,pm10,PIIANN,36.0,45.790028
2022-08-06 16:00:00,pm10,PIIANN,90.25,65.58602
2022-04-04 14:00:00,pm10,PIIANN,37.5,40.10062
2025-04-05 08:00:00,pm10,PIIANN,57.75,54.863842
2021-01-06 04:00:00,pm10,PIIANN,58.5,47.08267
2023-12-09 03:00:00,pm10,PIIANN,41.75,39.0581
2024-03-08 17:00:00,pm10,PIIANN,61.5,49.16245
2021-06-04 04:00:00,pm10,PIIANN,51.5,50.51227
2024-04-07 10:00:00,pm10,PIIANN,52.5,51.481728
2025-02-11 11:00:00,pm10,PIIANN,83.4,92.121376
2021-03-05 20:00:00,pm10,PIIANN,40.75,52.52761
2024-05-05 03:00:00,pm10,PIIANN,24.0,25.188747
2024-03-12 00:00:00,pm10,PIIANN,47.0,41.772
2024-07-01 13:00:00,pm10,PIIANN,27.5,53.258007
2022-03-10 17:00:00,pm10,PIIANN,105.0,88.179825
2024-05-06 13:00:00,pm10,PIIANN,60.25,59.830433
2021-09-10 23:00:00,pm10,PIIANN,61.5,68.90424
2024-02-09 20:00:00,pm10,PIIANN,42.0,50.49206
2022-07-11 09:00:00,pm10,PIIANN,97.5,91.98655
2022-08-10 14:00:00,pm10,PIIANN,96.0,90.51578
2021-10-07 22:00:00,pm10,PIIANN,60.0,54.755558
2024-06-04 04:00:00,pm10,PIIANN,26.5,26.12077
2021-10-03 22:00:00,pm10,PIIANN,25.0,17.54797
2024-07-06 11:00:00,pm10,PIIANN,28.75,28.779537
2023-10-03 02:00:00,pm10,PIIANN,99.0,78.67806
2023-02-07 02:00:00,pm10,PIIANN,76.45,59.59794
2025-08-07 00:00:00,pm10,PIIANN,75.5,29.332584
2021-03-02 06:00:00,pm10,PIIANN,75.5,84.224144
2023-10-03 12:00:00,pm10,PIIANN,67.0,66.121284
2025-07-01 20:00:00,pm10,PIIANN,105.5,110.03371
2025-11-09 02:00:00,pm10,PIIANN,31.489998,44.136593
2022-09-10 07:00:00,pm10,PIIANN,52.0,51.057068
2025-05-10 02:00:00,pm10,PIIANN,51.0,55.28272
2025-12-02 16:00:00,pm10,PIIANN,55.5,67.4691
2025-07-10 19:00:00,pm10,PIIANN,60.57,84.461586
2022-12-03 05:00:00,pm10,PIIANN,121.25,103.256966
2024-08-10 08:00:00,pm10,PIIANN,39.75,40.055058
2023-09-01 08:00:00,pm10,PIIANN,214.75,158.36057
2022-05-07 15:00:00,pm10,PIIANN,48.0,46.79548
2022-09-09 18:00:00,pm10,PIIANN,87.25,75.60056
2024-12-05 06:00:00,pm10,PIIANN,9.000005,25.394958
2024-08-07 00:00:00,pm10,PIIANN,14.000001,26.41927
2022-04-03 19:00:00,pm10,PIIANN,126.0,100.75464
2025-01-05 09:00:00,pm10,PIIANN,49.0,64.96296
2023-12-11 21:00:00,pm10,PIIANN,323.6,405.49274
2021-03-10 20:00:00,pm10,PIIANN,5.499997,11.716111
2021-12-05 04:00:00,pm10,PIIANN,602.75,622.1047
2023-06-11 19:00:00,pm10,PIIANN,12.750001,15.576253
2022-04-12 17:00:00,pm10,PIIANN,94.25,104.59726
2023-07-01 20:00:00,pm10,PIIANN,144.75,127.35548
2022-06-10 21:00:00,pm10,PIIANN,61.0,70.36969
2023-03-08 21:00:00,pm10,PIIANN,77.5,95.89823
2024-01-06 04:00:00,pm10,PIIANN,40.250004,41.238144
2025-06-02 22:00:00,pm10,PIIANN,100.75,78.077515
2023-05-10 14:00:00,pm10,PIIANN,103.5,87.39014
2023-05-09 17:00:00,pm10,PIIANN,126.5,120.392654
2025-10-10 05:00:00,pm10,PIIANN,23.079998,45.521492
2021-01-09 02:00:00,pm10,PIIANN,40.000004,33.203842
2025-11-05 01:00:00,pm10,PIIANN,46.25,44.06924
2022-12-09 09:00:00,pm10,PIIANN,88.75,72.09671
2022-05-09 21:00:00,pm10,PIIANN,57.0,64.07093
2023-04-05 23:00:00,pm10,PIIANN,44.5,42.091934
2024-06-04 11:00:00,pm10,PIIANN,103.0,67.8129
2022-03-05 19:00:00,pm10,PIIANN,52.0,51.35127
2024-01-01 11:00:00,pm10,PIIANN,149.5,123.01555
2024-06-12 11:00:00,pm10,PIIANN,57.75,45.429924
2022-04-07 21:00:00,pm10,PIIANN,116.0,86.05049
2024-09-12 02:00:00,pm10,PIIANN,79.0,61.442715
2021-12-10 08:00:00,pm10,PIIANN,38.250004,57.538628
2024-12-08 01:00:00,pm10,PIIANN,18.5,15.810761
2024-04-06 04:00:00,pm10,PIIANN,34.500004,37.317814
2023-09-11 23:00:00,pm10,PIIANN,78.0,73.29148
2022-01-01 11:00:00,pm10,PIIANN,44.5,54.232986
2024-07-06 23:00:00,pm10,PIIANN,25.75,22.322178
2024-12-05 10:00:00,pm10,PIIANN,16.999996,27.59496
2022-03-04 06:00:00,pm10,PIIANN,20.75,38.218456
2023-07-01 17:00:00,pm10,PIIANN,135.5,117.06629
2024-03-01 23:00:00,pm10,PIIANN,60.5,64.46347
2022-11-01 09:00:00,pm10,PIIANN,37.5,47.921623
2025-10-09 03:00:00,pm10,PIIANN,39.140003,52.90584
2021-10-01 10:00:00,pm10,PIIANN,96.25,78.8414
2023-12-04 06:00:00,pm10,PIIANN,91.75,83.25458
2023-05-03 08:00:00,pm10,PIIANN,118.25,115.48463
2025-08-08 14:00:00,pm10,PIIANN,108.75,119.300156
2025-06-04 05:00:00,pm10,PIIANN,40.5,32.385635
2021-10-03 16:00:00,pm10,PIIANN,34.0,23.441956
2024-02-09 12:00:00,pm10,PIIANN,50.0,54.60726
2025-01-08 05:00:00,pm10,PIIANN,53.86,65.58508
2024-04-11 17:00:00,pm10,PIIANN,44.25,38.745335
2025-01-12 10:00:00,pm10,PIIANN,58.5,50.83581
2024-11-04 08:00:00,pm10,PIIANN,61.25,73.259026
2023-11-10 16:00:00,pm10,PIIANN,69.5,79.31268
2025-12-07 22:00:00,pm10,PIIANN,88.25,75.474304
2025-02-03 01:00:00,pm10,PIIANN,49.97,55.104168
2022-04-09 12:00:00,pm10,PIIANN,65.75,61.110817
2025-05-04 23:00:00,pm10,PIIANN,27.25,31.255138
2021-10-03 03:00:00,pm10,PIIANN,12.500005,9.561219
2022-07-06 11:00:00,pm10,PIIANN,83.5,76.77786
2025-03-04 18:00:00,pm10,PIIANN,33.5,31.948711
2024-11-03 17:00:00,pm10,PIIANN,84.5,85.27536
2021-09-06 01:00:00,pm10,PIIANN,18.86,16.910995
2023-11-03 20:00:00,pm10,PIIANN,83.75,97.88645
2021-07-06 09:00:00,pm10,PIIANN,58.5,50.085938
2025-02-09 01:00:00,pm10,PIIANN,98.41,141.93054
2021-11-04 17:00:00,pm10,PIIANN,47.5,52.545853
2023-10-05 04:00:00,pm10,PIIANN,32.25,36.933994
2021-02-08 10:00:00,pm10,PIIANN,52.0,49.76576
2025-11-10 20:00:00,pm10,PIIANN,70.56,111.632866
2022-05-01 16:00:00,pm10,PIIANN,91.75,105.91142
2021-10-06 21:00:00,pm10,PIIANN,58.5,40.479317
2024-04-04 07:00:00,pm10,PIIANN,41.25,35.962246
2024-01-09 07:00:00,pm10,PIIANN,33.75,35.537865
2021-05-11 21:00:00,pm10,PIIANN,69.0,111.337845
2022-02-04 20:00:00,pm10,PIIANN,37.75,39.666542
2021-02-10 19:00:00,pm10,PIIANN,22.75,25.277397
2022-01-08 11:00:00,pm10,PIIANN,57.0,53.301353
2023-07-11 21:00:00,pm10,PIIANN,24.5,26.099072
2022-03-11 10:00:00,pm10,PIIANN,23.0,38.3143
2022-04-03 18:00:00,pm10,PIIANN,107.25,88.996895
2024-02-09 13:00:00,pm10,PIIANN,48.25,51.99067
2024-03-04 08:00:00,pm10,PIIANN,69.75,61.27519
2025-12-03 13:00:00,pm10,PIIANN,23.25,33.373802
2025-04-03 02:00:00,pm10,PIIANN,90.25,83.93239
2025-04-04 17:00:00,pm10,PIIANN,31.5,59.412834
2024-07-09 04:00:00,pm10,PIIANN,7.250005,21.03101
2023-09-09 01:00:00,pm10,PIIANN,38.250004,47.622284
2023-08-11 17:00:00,pm10,PIIANN,54.0,64.18188
2024-06-12 07:00:00,pm10,PIIANN,20.75,38.35785
2021-05-05 16:00:00,pm10,PIIANN,50.75,26.218632
2023-12-10 15:00:00,pm10,PIIANN,52.5,54.360165
2022-05-11 19:00:00,pm10,PIIANN,47.0,44.76881
2024-12-04 02:00:00,pm10,PIIANN,16.999996,21.877377
2023-12-04 18:00:00,pm10,PIIANN,119.25,114.99474
2022-08-07 06:00:00,pm10,PIIANN,23.5,36.731556
2024-12-06 11:00:00,pm10,PIIANN,36.75,36.73524
2021-01-07 02:00:00,pm10,PIIANN,33.5,23.001896
2024-01-02 12:00:00,pm10,PIIANN,46.25,52.4006
2023-05-03 13:00:00,pm10,PIIANN,70.75,71.4192
2023-05-11 14:00:00,pm10,PIIANN,11.750001,23.350586
2025-03-10 01:00:00,pm10,PIIANN,48.32,105.33001
2024-04-07 01:00:00,pm10,PIIANN,12.250001,17.828285
2022-10-11 16:00:00,pm10,PIIANN,74.25,64.81023
2023-05-01 17:00:00,pm10,PIIANN,95.5,87.92966
2025-07-09 19:00:00,pm10,PIIANN,79.91,78.28948
2023-11-01 17:00:00,pm10,PIIANN,148.0,106.744446
2025-07-06 07:00:00,pm10,PIIANN,60.5,100.080605
2024-04-02 21:00:00,pm10,PIIANN,35.25,34.57207
2021-04-03 14:00:00,pm10,PIIANN,55.75,78.835815
2023-11-07 01:00:00,pm10,PIIANN,58.5,41.645485
2021-06-06 09:00:00,pm10,PIIANN,58.5,54.789436
2025-11-04 19:00:00,pm10,PIIANN,47.0,57.57513
2022-03-12 03:00:00,pm10,PIIANN,35.0,40.576374
2024-08-08 09:00:00,pm10,PIIANN,35.25,41.665207
2024-04-07 19:00:00,pm10,PIIANN,80.75,67.57724
2022-03-06 03:00:00,pm10,PIIANN,79.25,80.24849
2022-09-06 01:00:00,pm10,PIIANN,50.75,76.25204
2021-06-12 05:00:00,pm10,PIIANN,93.0,115.746216
2022-01-04 22:00:00,pm10,PIIANN,23.25,29.412632
2022-06-05 19:00:00,pm10,PIIANN,69.75,75.71213
2023-10-11 14:00:00,pm10,PIIANN,121.0,91.19997
2023-03-02 07:00:00,pm10,PIIANN,84.25,90.32149
2023-11-10 08:00:00,pm10,PIIANN,107.0,89.12141
2023-10-11 16:00:00,pm10,PIIANN,141.5,146.20218
2024-08-08 20:00:00,pm10,PIIANN,46.75,37.11639
2022-12-04 00:00:00,pm10,PIIANN,14.750005,95.757065
2023-03-12 23:00:00,pm10,PIIANN,58.5,8.948064
2022-06-07 18:00:00,pm10,PIIANN,47.0,32.17287
2024-07-06 03:00:00,pm10,PIIANN,4.000001,69.19827
2021-08-05 12:00:00,pm10,PIIANN,26.0,25.618721
2023-11-03 23:00:00,pm10,PIIANN,78.0,68.68415
2024-07-07 01:00:00,pm10,PIIANN,35.5,28.266659
2024-01-01 20:00:00,pm10,PIIANN,82.25,120.74464
2022-08-05 04:00:00,pm10,PIIANN,53.5,63.368484
2024-04-11 14:00:00,pm10,PIIANN,43.25,28.40976
2022-11-07 21:00:00,pm10,PIIANN,32.0,32.128014
2024-06-03 12:00:00,pm10,PIIANN,113.0,106.909
2025-07-02 03:00:00,pm10,PIIANN,122.00001,100.39663
2025-11-03 05:00:00,pm10,PIIANN,53.25,62.45155
2021-05-01 15:00:00,pm10,PIIANN,19.0,21.483986
2021-10-10 19:00:00,pm10,PIIANN,80.0,85.631256
2023-08-04 15:00:00,pm10,PIIANN,52.0,33.855
2024-08-07 09:00:00,pm10,PIIANN,56.75,51.46567
2024-09-07 23:00:00,pm10,PIIANN,41.0,44.728752
2021-03-11 05:00:00,pm10,PIIANN,5.000005,9.501275
2023-08-04 05:00:00,pm10,PIIANN,26.0,27.290634
2022-11-09 04:00:00,pm10,PIIANN,24.5,33.591305
2021-03-01 20:00:00,pm10,PIIANN,55.75,61.500458
2022-03-02 01:00:00,pm10,PIIANN,59.0,63.882652
2025-04-06 03:00:00,pm10,PIIANN,23.25,20.554668
2024-06-08 23:00:00,pm10,PIIANN,15.500001,14.679715
2021-06-12 14:00:00,pm10,PIIANN,80.5,102.70927
2023-02-03 19:00:00,pm10,PIIANN,155.0,123.425224
2024-08-06 23:00:00,pm10,PIIANN,30.5,26.207645
2021-11-02 14:00:00,pm10,PIIANN,50.25,63.343
2024-04-05 22:00:00,pm10,PIIANN,36.250004,24.817898
2025-06-03 07:00:00,pm10,PIIANN,0.9999969,11.84271
2025-12-07 13:00:00,pm10,PIIANN,55.75,57.861294
2025-01-07 19:00:00,pm10,PIIANN,100.25,80.4106
2024-01-06 19:00:00,pm10,PIIANN,43.25,57.937645
2022-09-07 06:00:00,pm10,PIIANN,38.75,45.59558
2025-11-12 02:00:00,pm10,PIIANN,128.0,203.95953
2021-08-01 11:00:00,pm10,PIIANN,24.25,30.258587
2023-01-06 23:00:00,pm10,PIIANN,97.0,79.10374
2021-08-09 23:00:00,pm10,PIIANN,51.25,44.297863
2022-11-09 17:00:00,pm10,PIIANN,50.0,51.85013
2024-01-03 05:00:00,pm10,PIIANN,124.5,115.1935
2022-01-10 10:00:00,pm10,PIIANN,36.0,45.49343
2025-02-04 10:00:00,pm10,PIIANN,51.5,93.13302
2022-02-10 20:00:00,pm10,PIIANN,94.75,90.7658
2025-06-03 02:00:00,pm10,PIIANN,0.9999969,9.436528
2021-05-07 21:00:00,pm10,PIIANN,34.75,35.056896
2021-05-03 04:00:00,pm10,PIIANN,122.00001,92.97318
2022-07-10 07:00:00,pm10,PIIANN,23.0,25.409317
2022-12-08 01:00:00,pm10,PIIANN,31.5,41.609303
2023-09-12 11:00:00,pm10,PIIANN,58.5,64.24421
2021-04-10 06:00:00,pm10,PIIANN,77.5,35.46748
2024-11-05 02:00:00,pm10,PIIANN,9.000005,23.878666
2022-08-02 19:00:00,pm10,PIIANN,102.0,85.60665
2021-07-02 08:00:00,pm10,PIIANN,238.0,238.46638
2025-06-09 04:00:00,pm10,PIIANN,22.259998,55.57811
2022-04-04 23:00:00,pm10,PIIANN,9.750001,24.89877
2024-02-08 00:00:00,pm10,PIIANN,32.0,22.542606
2023-05-11 05:00:00,pm10,PIIANN,33.75,37.212646
2021-10-07 21:00:00,pm10,PIIANN,67.0,59.444836
2023-03-03 22:00:00,pm10,PIIANN,126.25,115.69747
2023-09-01 19:00:00,pm10,PIIANN,132.0,155.51913
2023-08-08 17:00:00,pm10,PIIANN,81.75,76.42063
2025-10-03 13:00:00,pm10,PIIANN,58.5,52.653942
2023-08-05 11:00:00,pm10,PIIANN,62.0,61.052235
2023-09-04 06:00:00,pm10,PIIANN,49.5,35.34055
2022-02-11 08:00:00,pm10,PIIANN,7.000001,12.912042
2023-02-03 15:00:00,pm10,PIIANN,66.0,75.00644
2022-07-10 02:00:00,pm10,PIIANN,38.75,25.463638
2022-06-08 01:00:00,pm10,PIIANN,23.0,60.533817
2022-06-08 09:00:00,pm10,PIIANN,44.5,39.85208
2023-03-06 03:00:00,pm10,PIIANN,59.75,67.09665
2023-11-08 09:00:00,pm10,PIIANN,101.75,94.0618
2024-03-06 23:00:00,pm10,PIIANN,46.0,32.12163
2023-04-03 03:00:00,pm10,PIIANN,139.0,116.12252
2023-02-11 13:00:00,pm10,PIIANN,46.0,55.290592
2024-10-01 15:00:00,pm10,PIIANN,72.25,60.624054
2023-11-11 08:00:00,pm10,PIIANN,120.5,109.09964
2022-09-05 15:00:00,pm10,PIIANN,153.5,119.72742
2021-01-12 08:00:00,pm10,PIIANN,58.5,55.780426
2025-01-05 13:00:00,pm10,PIIANN,59.75,62.008003
2021-05-11 09:00:00,pm10,PIIANN,11.000001,42.30303
2022-03-10 15:00:00,pm10,PIIANN,87.5,90.18634
2023-08-10 00:00:00,pm10,PIIANN,39.25,40.854515
2025-10-02 19:00:00,pm10,PIIANN,116.0,96.4165
2021-02-01 16:00:00,pm10,PIIANN,73.25,83.956215
2025-06-09 21:00:00,pm10,PIIANN,120.57,130.71875
2023-07-10 19:00:00,pm10,PIIANN,85.75,121.96021
2022-11-03 01:00:00,pm10,PIIANN,105.25,79.69253
2023-10-01 10:00:00,pm10,PIIANN,138.0,135.5903
2022-11-11 20:00:00,pm10,PIIANN,14.000001,26.040897
2021-06-02 07:00:00,pm10,PIIANN,237.5,201.92154
2022-10-08 04:00:00,pm10,PIIANN,28.5,42.59887
2024-11-06 01:00:00,pm10,PIIANN,33.75,31.464622
2021-09-07 03:00:00,pm10,PIIANN,15.000001,20.248196
2022-01-09 21:00:00,pm10,PIIANN,45.25,33.346874
2025-03-10 13:00:00,pm10,PIIANN,60.61,65.58484
2022-08-09 21:00:00,pm10,PIIANN,106.25,80.870964
2022-02-10 15:00:00,pm10,PIIANN,69.0,62.74779
2025-12-09 03:00:00,pm10,PIIANN,56.45,63.89164
2025-08-09 00:00:00,pm10,PIIANN,85.17,56.841705
2024-07-03 08:00:00,pm10,PIIANN,173.5,101.84845
2022-04-10 03:00:00,pm10,PIIANN,74.75,80.02836
2021-10-09 15:00:00,pm10,PIIANN,46.0,51.139534
2021-07-04 04:00:00,pm10,PIIANN,54.5,55.118423
2023-02-11 16:00:00,pm10,PIIANN,23.75,33.2924
2025-10-08 18:00:00,pm10,PIIANN,47.07,56.244637
2023-05-03 22:00:00,pm10,PIIANN,94.5,76.49062
2025-12-04 15:00:00,pm10,PIIANN,72.0,86.38468
2023-05-05 14:00:00,pm10,PIIANN,38.0,61.833206
2021-11-10 07:00:00,pm10,PIIANN,44.5,50.60075
2021-04-04 12:00:00,pm10,PIIANN,88.0,87.06794
2023-02-05 03:00:00,pm10,PIIANN,7.000001,18.900723
2025-10-07 07:00:00,pm10,PIIANN,79.0,77.85678
2025-05-08 23:00:00,pm10,PIIANN,33.580006,39.11213
2025-11-02 00:00:00,pm10,PIIANN,113.5,48.09523
2025-09-05 14:00:00,pm10,PIIANN,80.0,83.81226
2025-10-11 23:00:00,pm10,PIIANN,101.8,102.422676
2023-07-11 04:00:00,pm10,PIIANN,55.5,38.611538
2021-10-04 16:00:00,pm10,PIIANN,56.0,59.843163
2022-07-06 19:00:00,pm10,PIIANN,80.5921,65.823494
2025-01-02 12:00:00,pm10,PIIANN,56.75,63.392036
2024-01-12 10:00:00,pm10,PIIANN,9.499997,23.655682
2025-11-02 15:00:00,pm10,PIIANN,51.5,62.34493
2025-01-10 16:00:00,pm10,PIIANN,70.3,82.16485
2024-09-02 19:00:00,pm10,PIIANN,83.25,117.62246
2023-01-12 00:00:00,pm10,PIIANN,18.5,47.380238
2023-10-04 23:00:00,pm10,PIIANN,39.75,43.331192
2023-06-02 06:00:00,pm10,PIIANN,148.25,120.73837
2021-05-06 06:00:00,pm10,PIIANN,58.5,54.795864
2024-09-11 14:00:00,pm10,PIIANN,64.0,45.73467
2022-08-08 23:00:00,pm10,PIIANN,56.75,52.558376
2022-08-02 20:00:00,pm10,PIIANN,88.5,88.26305
2022-06-12 14:00:00,pm10,PIIANN,146.5,140.12169
2024-04-09 07:00:00,pm10,PIIANN,47.5,50.840645
2021-12-07 12:00:00,pm10,PIIANN,39.0,42.555016
2021-12-09 20:00:00,pm10,PIIANN,61.75,101.13737
2025-10-11 06:00:00,pm10,PIIANN,184.59999,207.93547
2024-12-04 01:00:00,pm10,PIIANN,16.75,24.317959
2023-02-05 16:00:00,pm10,PIIANN,19.75,22.403023
2023-08-09 16:00:00,pm10,PIIANN,87.75,43.79126
2024-06-08 22:00:00,pm10,PIIANN,19.25,15.099885
2023-03-07 01:00:00,pm10,PIIANN,63.307693,51.441326
2024-02-08 08:00:00,pm10,PIIANN,47.25,43.587006
2021-03-13 01:00:00,pm10,PIIANN,98.98085,96.60787
2025-11-12 11:00:00,pm10,PIIANN,175.0,204.90233
2025-04-05 01:00:00,pm10,PIIANN,25.25,25.16328
2024-11-01 14:00:00,pm10,PIIANN,77.5,68.167
2022-12-02 00:00:00,pm10,PIIANN,65.5,46.119473
2023-02-11 00:00:00,pm10,PIIANN,45.208332,37.49317
2024-10-03 23:00:00,pm10,PIIANN,56.0,47.577007
2025-04-04 14:00:00,pm10,PIIANN,38.75,60.254875
2024-07-12 23:00:00,pm10,PIIANN,33.5,42.46117
2024-07-10 08:00:00,pm10,PIIANN,63.75,67.20599
2025-02-01 18:00:00,pm10,PIIANN,111.0,110.78887
2022-05-05 11:00:00,pm10,PIIANN,95.5,68.663734
2022-08-03 20:00:00,pm10,PIIANN,84.5,83.43338
2025-07-11 22:00:00,pm10,PIIANN,142.0,112.58084
2023-02-08 12:00:00,pm10,PIIANN,86.0,86.29624
2022-05-10 02:00:00,pm10,PIIANN,77.0,73.77494
2022-05-09 14:00:00,pm10,PIIANN,78.0,70.8848
2021-01-05 08:00:00,pm10,PIIANN,33.0,40.658985
2021-11-05 03:00:00,pm10,PIIANN,69.0,102.68834
2021-12-04 00:00:00,pm10,PIIANN,15.249997,23.376167
2022-10-08 01:00:00,pm10,PIIANN,31.5,34.31811
2022-10-04 07:00:00,pm10,PIIANN,36.5,30.03056
2025-05-10 18:00:00,pm10,PIIANN,69.82,71.81018
2025-08-08 17:00:00,pm10,PIIANN,78.72,100.957375
2023-11-08 18:00:00,pm10,PIIANN,95.25,87.874825
2025-11-11 16:00:00,pm10,PIIANN,128.4,149.55797
2024-07-02 10:00:00,pm10,PIIANN,132.0,113.52718
2024-03-01 17:00:00,pm10,PIIANN,96.25,104.248825
2024-03-02 07:00:00,pm10,PIIANN,102.25,85.70277
2022-09-10 17:00:00,pm10,PIIANN,15.000001,26.577415
2021-11-08 10:00:00,pm10,PIIANN,60.75,62.605583
2024-04-08 06:00:00,pm10,PIIANN,20.5,27.034874
2024-07-05 05:00:00,pm10,PIIANN,33.5,29.56379
2024-07-04 03:00:00,pm10,PIIANN,105.5,29.709858
2023-02-03 10:00:00,pm10,PIIANN,79.25,109.99435
2023-08-08 16:00:00,pm10,PIIANN,72.5,71.03752
2021-03-02 05:00:00,pm10,PIIANN,71.0,79.206
2025-06-09 16:00:00,pm10,PIIANN,117.51,103.14711
2022-12-02 02:00:00,pm10,PIIANN,43.25,59.32581
2024-12-06 17:00:00,pm10,PIIANN,40.250004,40.230526
2024-01-09 03:00:00,pm10,PIIANN,18.0,25.004196
2021-03-10 23:00:00,pm10,PIIANN,13.250001,7.699147
2025-10-01 20:00:00,pm10,PIIANN,87.0,76.975426
2023-08-01 12:00:00,pm10,PIIANN,193.0,164.72858
2021-08-08 09:00:00,pm10,PIIANN,59.5,58.417942
2022-07-12 01:00:00,pm10,PIIANN,151.5,145.40482
2021-06-11 23:00:00,pm10,PIIANN,8.000001,27.193169
2023-02-12 08:00:00,pm10,PIIANN,68.25,74.04099
2024-02-11 02:00:00,pm10,PIIANN,70.75,64.93275
2021-11-03 12:00:00,pm10,PIIANN,47.0,30.841724
2024-06-02 18:00:00,pm10,PIIANN,81.25,88.86074
2024-07-02 13:00:00,pm10,PIIANN,101.25,102.362946
2021-07-02 01:00:00,pm10,PIIANN,175.75,150.17934
2021-06-11 12:00:00,pm10,PIIANN,5.999997,22.191322
2024-11-03 23:00:00,pm10,PIIANN,58.0,67.35543
2022-03-11 07:00:00,pm10,PIIANN,24.0,35.410843
2022-01-08 15:00:00,pm10,PIIANN,74.75,67.208145
2024-03-08 02:00:00,pm10,PIIANN,18.25,2.7964828
2021-05-08 08:00:00,pm10,PIIANN,79.5,60.57644
2024-05-10 22:00:00,pm10,PIIANN,38.250004,38.591385
2022-10-06 06:00:00,pm10,PIIANN,55.75,59.225983
2024-06-08 10:00:00,pm10,PIIANN,47.5,43.989513
2024-08-10 05:00:00,pm10,PIIANN,18.25,28.207932
2021-05-09 07:00:00,pm10,PIIANN,45.0,38.189285
2022-03-12 01:00:00,pm10,PIIANN,27.25,21.449982
2022-05-02 10:00:00,pm10,PIIANN,69.75,75.904045
2022-02-04 19:00:00,pm10,PIIANN,39.25,41.078438
2021-11-04 02:00:00,pm10,PIIANN,47.75,48.449257
2021-11-06 07:00:00,pm10,PIIANN,58.5,71.36269
2022-01-10 03:00:00,pm10,PIIANN,27.25,36.990105
2022-03-11 21:00:00,pm10,PIIANN,27.5,34.498074
2023-06-03 23:00:00,pm10,PIIANN,89.0,88.59626
2025-09-06 01:00:00,pm10,PIIANN,17.25,30.01947
2025-10-05 16:00:00,pm10,PIIANN,73.0,75.13854
2022-04-06 20:00:00,pm10,PIIANN,92.75,102.425156
2023-03-12 15:00:00,pm10,PIIANN,10.750005,16.332916
2022-06-09 00:00:00,pm10,PIIANN,18.0,61.696815
2022-01-09 13:00:00,pm10,PIIANN,32.0,46.472717
2024-04-01 12:00:00,pm10,PIIANN,86.0,104.133316
2022-02-07 15:00:00,pm10,PIIANN,56.0,51.917217
2022-05-03 10:00:00,pm10,PIIANN,88.25,87.64381
2022-04-10 17:00:00,pm10,PIIANN,125.75,122.48859
2024-03-02 06:00:00,pm10,PIIANN,74.25,59.132202
2022-10-05 06:00:00,pm10,PIIANN,50.75,72.91231
2022-09-11 11:00:00,pm10,PIIANN,95.5,85.224014
2024-10-02 02:00:00,pm10,PIIANN,40.5,38.769352
2025-05-08 19:00:00,pm10,PIIANN,36.92,57.983715
2022-10-02 07:00:00,pm10,PIIANN,206.25,140.62506
2025-07-08 05:00:00,pm10,PIIANN,40.600002,46.428333
2022-05-03 09:00:00,pm10,PIIANN,89.25,92.25198
2021-04-06 19:00:00,pm10,PIIANN,58.5,56.53317
2025-06-01 21:00:00,pm10,PIIANN,115.25,104.93345
2023-09-04 08:00:00,pm10,PIIANN,106.25,69.85658
2023-09-09 05:00:00,pm10,PIIANN,44.25,43.644547
2021-12-10 19:00:00,pm10,PIIANN,94.5,103.76052
2024-01-07 21:00:00,pm10,PIIANN,98.0,77.76259
2021-07-05 07:00:00,pm10,PIIANN,27.0,20.615261
2024-02-09 06:00:00,pm10,PIIANN,24.0,35.659138
2025-08-02 15:00:00,pm10,PIIANN,80.75,77.54875
2025-12-04 03:00:00,pm10,PIIANN,64.0,62.013294
2023-01-11 17:00:00,pm10,PIIANN,19.0,81.58662
2025-11-09 03:00:00,pm10,PIIANN,23.239998,43.16927
2023-08-05 19:00:00,pm10,PIIANN,69.5,64.18412
2022-01-07 16:00:00,pm10,PIIANN,51.5,71.03952
2021-03-11 13:00:00,pm10,PIIANN,37.75,44.72487
2024-01-02 00:00:00,pm10,PIIANN,30.5,87.21869
2024-11-06 04:00:00,pm10,PIIANN,24.0,32.317524
2024-09-11 00:00:00,pm10,PIIANN,15.500001,19.59602
2022-04-12 03:00:00,pm10,PIIANN,33.0,41.502083
2021-12-01 18:00:00,pm10,PIIANN,111.0,122.32671
2022-10-06 04:00:00,pm10,PIIANN,41.5,55.532036
2025-02-01 08:00:00,pm10,PIIANN,119.25,89.595604
2025-04-08 22:00:00,pm10,PIIANN,62.34,65.23098
2025-03-10 10:00:00,pm10,PIIANN,60.62,73.18049
2024-03-05 01:00:00,pm10,PIIANN,21.25,26.308174
2022-02-09 03:00:00,pm10,PIIANN,23.0,47.997887
2023-11-04 05:00:00,pm10,PIIANN,39.0,49.09614
2022-12-06 21:00:00,pm10,PIIANN,37.25,47.46941
2024-10-11 19:00:00,pm10,PIIANN,85.75,74.633545
2024-09-09 00:00:00,pm10,PIIANN,64.25,15.789243
2022-01-03 05:00:00,pm10,PIIANN,122.00001,69.38562
2022-03-04 09:00:00,pm10,PIIANN,46.25,42.53291
2024-08-11 08:00:00,pm10,PIIANN,16.500004,33.312386
2025-10-06 00:00:00,pm10,PIIANN,47.25,41.32706
2021-04-01 17:00:00,pm10,PIIANN,60.75,59.64569
2023-11-06 05:00:00,pm10,PIIANN,58.5,49.03375
2023-08-11 12:00:00,pm10,PIIANN,65.75,66.226006
2023-04-09 06:00:00,pm10,PIIANN,58.5,43.489212
2022-10-01 13:00:00,pm10,PIIANN,38.0,43.54665
2022-07-02 17:00:00,pm10,PIIANN,77.5,69.8052
2021-01-09 09:00:00,pm10,PIIANN,100.5,100.74006
2022-03-02 18:00:00,pm10,PIIANN,60.5,65.04453
2022-02-07 17:00:00,pm10,PIIANN,121.0,55.11035
2025-03-08 21:00:00,pm10,PIIANN,73.42,82.00497
2021-06-09 01:00:00,pm10,PIIANN,9.000005,12.933057
2024-12-11 07:00:00,pm10,PIIANN,12.500005,27.101402
2024-10-06 05:00:00,pm10,PIIANN,45.75,37.093918
2022-10-02 06:00:00,pm10,PIIANN,164.75,107.82447
2024-06-03 04:00:00,pm10,PIIANN,84.25,75.4072
2025-11-07 13:00:00,pm10,PIIANN,82.0,91.23709
2024-04-12 02:00:00,pm10,PIIANN,25.75,20.74707
2021-07-05 06:00:00,pm10,PIIANN,15.750001,16.744637
2021-02-08 12:00:00,pm10,PIIANN,56.25,54.01395
2025-06-07 19:00:00,pm10,PIIANN,97.25,101.21373
2024-12-09 18:00:00,pm10,PIIANN,67.25,70.712845
2023-04-01 14:00:00,pm10,PIIANN,76.25,81.89415
2022-11-03 23:00:00,pm10,PIIANN,79.0,71.702354
2023-11-08 14:00:00,pm10,PIIANN,77.0,87.661316
2022-07-03 08:00:00,pm10,PIIANN,74.0,63.919205
2024-07-06 12:00:00,pm10,PIIANN,40.5,35.14899
2023-07-06 23:00:00,pm10,PIIANN,70.5,71.321976
2025-09-11 10:00:00,pm10,PIIANN,125.40001,147.29472
2023-10-08 10:00:00,pm10,PIIANN,93.0,84.21127
2022-05-03 16:00:00,pm10,PIIANN,183.75,164.57909
2022-12-06 00:00:00,pm10,PIIANN,45.5,41.74504
2025-01-01 09:00:00,pm10,PIIANN,108.5,94.846695
2022-09-05 12:00:00,pm10,PIIANN,139.0,131.32382
2023-06-10 17:00:00,pm10,PIIANN,133.75,133.6634
2022-12-07 13:00:00,pm10,PIIANN,60.75,44.23761
2022-07-09 20:00:00,pm10,PIIANN,53.0,61.123978
2021-05-08 15:00:00,pm10,PIIANN,76.75,66.879585
2023-07-11 23:00:00,pm10,PIIANN,72.5,32.661644
2021-12-03 17:00:00,pm10,PIIANN,32.0,34.93378
2023-09-11 20:00:00,pm10,PIIANN,41.0,36.62931
2025-05-06 14:00:00,pm10,PIIANN,113.0,92.2846
2022-11-09 18:00:00,pm10,PIIANN,65.0,54.32157
2022-04-06 08:00:00,pm10,PIIANN,112.25,71.77923
2021-10-07 23:00:00,pm10,PIIANN,57.0,48.830082
2023-11-05 04:00:00,pm10,PIIANN,51.5,51.282574
2023-05-09 03:00:00,pm10,PIIANN,16.75,17.831833
2024-12-06 20:00:00,pm10,PIIANN,82.75,70.69554
2023-01-01 19:00:00,pm10,PIIANN,47.5,69.811195
2023-01-09 17:00:00,pm10,PIIANN,45.5,57.86863
2021-09-12 10:00:00,pm10,PIIANN,37.75,43.197548
2022-01-08 12:00:00,pm10,PIIANN,72.0,53.10332
2025-05-08 09:00:00,pm10,PIIANN,91.74,65.138054
2025-11-07 20:00:00,pm10,PIIANN,85.0,95.70355
2024-07-11 09:00:00,pm10,PIIANN,14.500001,25.651752
2024-12-09 01:00:00,pm10,PIIANN,33.0,24.790455
2023-01-09 23:00:00,pm10,PIIANN,37.25,35.925865
2021-04-02 17:00:00,pm10,PIIANN,102.25,79.47241
2021-10-08 00:00:00,pm10,PIIANN,23.0,47.511723
2024-02-10 14:00:00,pm10,PIIANN,42.0,44.02332
2021-07-01 18:00:00,pm10,PIIANN,29.25,27.837673
2023-01-03 06:00:00,pm10,PIIANN,69.75,78.26464
2021-11-06 05:00:00,pm10,PIIANN,58.5,104.86609
2023-02-10 10:00:00,pm10,PIIANN,66.75,44.7727
2024-02-12 00:00:00,pm10,PIIANN,17.5,53.93304
2021-07-10 05:00:00,pm10,PIIANN,12.000001,24.583233
2022-11-08 06:00:00,pm10,PIIANN,42.25,50.712498
2023-04-08 20:00:00,pm10,PIIANN,69.5,79.57882
2021-01-11 03:00:00,pm10,PIIANN,1.9999969,8.321626
2022-10-06 02:00:00,pm10,PIIANN,38.250004,42.877575
2021-11-06 10:00:00,pm10,PIIANN,58.5,59.316772
2022-06-01 18:00:00,pm10,PIIANN,69.75,63.745125
2024-01-01 16:00:00,pm10,PIIANN,100.75,111.76961
2022-01-05 11:00:00,pm10,PIIANN,79.5,72.34733
2025-01-08 16:00:00,pm10,PIIANN,114.34,128.39294
2025-05-09 11:00:00,pm10,PIIANN,49.84,57.128876
2022-03-02 10:00:00,pm10,PIIANN,93.0,96.33448
2025-05-07 03:00:00,pm10,PIIANN,43.25,42.677
2022-02-08 03:00:00,pm10,PIIANN,18.75,25.849762
2025-02-06 16:00:00,pm10,PIIANN,65.75,65.03865
2025-10-02 01:00:00,pm10,PIIANN,104.5,89.87312
2025-11-06 10:00:00,pm10,PIIANN,73.75,73.52676
2021-09-10 11:00:00,pm10,PIIANN,52.75,72.96304
2024-12-10 01:00:00,pm10,PIIANN,11.000001,19.460754
2024-09-10 18:00:00,pm10,PIIANN,20.25,35.518738
2024-02-03 15:00:00,pm10,PIIANN,97.5,95.1279
2024-03-05 12:00:00,pm10,PIIANN,100.5,71.71713
2023-12-02 01:00:00,pm10,PIIANN,154.0,138.65868
2021-05-06 22:00:00,pm10,PIIANN,58.5,43.60427
2025-02-09 03:00:00,pm10,PIIANN,45.08,56.524464
2024-05-09 23:00:00,pm10,PIIANN,50.25,38.33373
2025-08-06 01:00:00,pm10,PIIANN,64.0,61.44228
2025-11-08 12:00:00,pm10,PIIANN,61.64,52.538673
2025-12-12 09:00:00,pm10,PIIANN,178.0,210.58412
2023-07-11 22:00:00,pm10,PIIANN,45.25,22.860035
2022-02-11 18:00:00,pm10,PIIANN,29.75,18.083126
2022-01-10 07:00:00,pm10,PIIANN,19.5,36.33864
2024-02-03 13:00:00,pm10,PIIANN,106.5,97.507835
2023-03-06 08:00:00,pm10,PIIANN,105.333336,100.52776
2021-05-01 12:00:00,pm10,PIIANN,45.0,29.540497
2023-01-12 22:00:00,pm10,PIIANN,67.75,48.117626
2022-06-02 00:00:00,pm10,PIIANN,39.75,56.60623
2023-12-04 08:00:00,pm10,PIIANN,123.75001,102.111145
2023-12-02 17:00:00,pm10,PIIANN,97.25,106.46163
2022-11-11 15:00:00,pm10,PIIANN,27.25,30.019054
2023-04-11 05:00:00,pm10,PIIANN,10.250001,48.836113
2024-04-08 13:00:00,pm10,PIIANN,36.75,39.520107
2022-01-11 10:00:00,pm10,PIIANN,16.0,12.943585
2021-07-02 22:00:00,pm10,PIIANN,51.75,82.90059
2023-10-05 16:00:00,pm10,PIIANN,59.5,65.764046
2023-07-04 22:00:00,pm10,PIIANN,27.25,30.088142
2024-10-09 06:00:00,pm10,PIIANN,25.25,29.283463
2021-11-02 09:00:00,pm10,PIIANN,154.75,168.81044
2021-04-10 07:00:00,pm10,PIIANN,139.25,85.73678
2023-02-03 05:00:00,pm10,PIIANN,102.0,98.65517
2023-04-01 20:00:00,pm10,PIIANN,76.5,95.445305
2025-12-03 07:00:00,pm10,PIIANN,76.75,92.917435
2023-02-06 10:00:00,pm10,PIIANN,82.0,89.214745
2024-10-08 09:00:00,pm10,PIIANN,20.5,28.169956
2023-01-04 19:00:00,pm10,PIIANN,28.5,29.849873
2022-06-07 20:00:00,pm10,PIIANN,50.666668,48.28936
2023-09-06 06:00:00,pm10,PIIANN,47.0,81.87035
2021-05-05 11:00:00,pm10,PIIANN,29.0,29.40569
2025-06-05 07:00:00,pm10,PIIANN,37.25,49.19477
2025-03-07 22:00:00,pm10,PIIANN,80.25,68.80615
2024-01-06 13:00:00,pm10,PIIANN,97.0,82.92665
2023-09-08 08:00:00,pm10,PIIANN,111.0,85.36281
2025-01-06 13:00:00,pm10,PIIANN,56.75,67.63478
2025-12-02 18:00:00,pm10,PIIANN,83.0,68.5467
2023-10-12 22:00:00,pm10,PIIANN,50.75,39.600666
2021-11-08 01:00:00,pm10,PIIANN,58.0,40.64987
2023-01-09 22:00:00,pm10,PIIANN,43.75,43.349255
2025-07-05 18:00:00,pm10,PIIANN,45.25,52.227306
2024-12-02 02:00:00,pm10,PIIANN,74.5,52.908615
2023-10-01 22:00:00,pm10,PIIANN,150.75,137.38086
2023-04-05 14:00:00,pm10,PIIANN,36.0,40.101585
2025-01-01 16:00:00,pm10,PIIANN,113.25,75.71168
2023-03-05 17:00:00,pm10,PIIANN,45.5,48.03756
2024-10-09 14:00:00,pm10,PIIANN,48.0,56.208775
2024-03-03 15:00:00,pm10,PIIANN,67.5,72.03405
2022-10-03 06:00:00,pm10,PIIANN,181.5,155.45091
2024-02-02 14:00:00,pm10,PIIANN,54.25,56.04641
2025-08-06 12:00:00,pm10,PIIANN,59.25,65.34455
2024-03-09 12:00:00,pm10,PIIANN,48.0,51.359127
2024-12-07 00:00:00,pm10,PIIANN,45.25,28.674831
2024-02-11 17:00:00,pm10,PIIANN,28.5,36.59851
2024-12-03 10:00:00,pm10,PIIANN,104.25,99.269165
2023-08-05 05:00:00,pm10,PIIANN,8.500001,20.180641
2025-02-07 04:00:00,pm10,PIIANN,36.250004,33.656174
2024-02-01 11:00:00,pm10,PIIANN,114.0,108.62735
2024-04-09 03:00:00,pm10,PIIANN,25.0,32.59476
2025-09-06 17:00:00,pm10,PIIANN,38.250004,69.252815
2021-08-09 18:00:00,pm10,PIIANN,108.5,129.33414
2023-01-02 07:00:00,pm10,PIIANN,117.5,117.12962
2024-08-13 01:00:00,pm10,PIIANN,71.72702,62.49967
2023-08-03 01:00:00,pm10,PIIANN,67.75,67.40366
2022-01-11 02:00:00,pm10,PIIANN,10.500001,17.82763
2025-06-01 16:00:00,pm10,PIIANN,127.0,118.34621
2022-09-03 00:00:00,pm10,PIIANN,92.25,66.0309
2022-03-03 10:00:00,pm10,PIIANN,94.75,95.637375
2022-06-06 09:00:00,pm10,PIIANN,58.25,62.280632
2024-08-02 14:00:00,pm10,PIIANN,50.5,72.64028
2025-09-13 01:00:00,pm10,PIIANN,127.83719,156.89655
2021-08-04 18:00:00,pm10,PIIANN,86.75,88.159645
2025-01-08 09:00:00,pm10,PIIANN,112.5,130.41518
2021-04-05 00:00:00,pm10,PIIANN,16.0,42.18208
2024-04-02 06:00:00,pm10,PIIANN,52.0,46.35792
2022-04-02 20:00:00,pm10,PIIANN,68.75,75.94394
2023-03-12 10:00:00,pm10,PIIANN,22.25,33.951008
2021-11-11 03:00:00,pm10,PIIANN,58.5,30.732677
2021-12-04 20:00:00,pm10,PIIANN,43.25,59.898727
2025-07-03 23:00:00,pm10,PIIANN,58.5,34.392883
2022-09-02 00:00:00,pm10,PIIANN,58.25,39.8269
2021-09-06 00:00:00,pm10,PIIANN,18.93,19.3074
2024-10-12 17:00:00,pm10,PIIANN,97.25,86.467995
2022-11-04 20:00:00,pm10,PIIANN,16.25,41.67323
2023-05-09 16:00:00,pm10,PIIANN,117.5,94.88823
2024-02-03 04:00:00,pm10,PIIANN,80.25,89.843925
2021-06-10 05:00:00,pm10,PIIANN,18.0,19.990788
2025-09-06 08:00:00,pm10,PIIANN,43.5,43.50548
2022-08-09 06:00:00,pm10,PIIANN,12.750001,32.53396
2024-03-07 16:00:00,pm10,PIIANN,66.5,63.725426
2023-09-03 02:00:00,pm10,PIIANN,94.5,97.735535
2023-03-03 10:00:00,pm10,PIIANN,126.75,143.7579
2023-05-02 23:00:00,pm10,PIIANN,103.75,82.72148
2025-09-09 20:00:00,pm10,PIIANN,127.12001,69.07791
2025-04-10 16:00:00,pm10,PIIANN,50.93,92.242676
2022-11-12 07:00:00,pm10,PIIANN,37.5,39.49848
2024-11-01 16:00:00,pm10,PIIANN,136.75,96.94916
2023-01-05 17:00:00,pm10,PIIANN,21.25,30.733448
2021-02-01 15:00:00,pm10,PIIANN,74.0,86.83141
2025-02-11 03:00:00,pm10,PIIANN,47.6,58.921783
2024-01-11 00:00:00,pm10,PIIANN,15.979169,14.080113
2024-10-12 02:00:00,pm10,PIIANN,77.0,71.143745
2022-09-11 02:00:00,pm10,PIIANN,82.5,91.19748
2023-11-09 14:00:00,pm10,PIIANN,42.75,47.952625
2022-08-02 22:00:00,pm10,PIIANN,71.75,69.56256
2024-10-02 22:00:00,pm10,PIIANN,107.0,89.70721
2025-04-06 00:00:00,pm10,PIIANN,34.75,11.546102
2022-07-11 12:00:00,pm10,PIIANN,97.0,86.00276
2023-02-04 09:00:00,pm10,PIIANN,78.25,40.240364
2025-11-02 01:00:00,pm10,PIIANN,101.25,108.65468
2024-09-07 16:00:00,pm10,PIIANN,63.0,60.82852
2025-01-05 01:00:00,pm10,PIIANN,16.999996,17.80819
2022-11-07 20:00:00,pm10,PIIANN,26.5,59.743774
2025-10-09 23:00:00,pm10,PIIANN,54.32,65.53383
2024-03-05 03:00:00,pm10,PIIANN,25.0,30.510025
2022-12-08 15:00:00,pm10,PIIANN,51.0,48.301975
2023-08-10 15:00:00,pm10,PIIANN,49.0,58.948452
2025-07-04 05:00:00,pm10,PIIANN,29.5,19.165874
2025-09-09 21:00:00,pm10,PIIANN,96.22,84.91536
2024-07-02 02:00:00,pm10,PIIANN,103.75,80.70569
2021-02-13 00:00:00,pm10,PIIANN,45.53831,49.30256
2021-07-10 16:00:00,pm10,PIIANN,41.5,53.77703
2023-09-04 19:00:00,pm10,PIIANN,47.75,45.071026
2022-04-12 13:00:00,pm10,PIIANN,95.5,88.89448
2022-11-05 03:00:00,pm10,PIIANN,37.0,51.3219
2023-10-11 13:00:00,pm10,PIIANN,103.0,90.44969
2025-07-02 06:00:00,pm10,PIIANN,146.0,117.119026
2022-04-11 00:00:00,pm10,PIIANN,12.500005,65.50266
2023-12-10 00:00:00,pm10,PIIANN,27.25,33.219723
2021-01-11 02:00:00,pm10,PIIANN,3.5000007,7.6429453
2023-06-09 16:00:00,pm10,PIIANN,67.25,72.10762
2021-11-11 06:00:00,pm10,PIIANN,58.5,45.091454
2022-03-12 14:00:00,pm10,PIIANN,26.5,23.543213
2024-11-04 02:00:00,pm10,PIIANN,39.0,47.63865
2024-11-06 00:00:00,pm10,PIIANN,31.5,15.197606
2023-06-06 13:00:00,pm10,PIIANN,68.0,52.77924
2021-05-08 14:00:00,pm10,PIIANN,66.25,69.33942
2023-09-03 15:00:00,pm10,PIIANN,69.25,69.38171
2024-01-03 08:00:00,pm10,PIIANN,136.0,139.18472
2022-12-05 02:00:00,pm10,PIIANN,29.3,35.013348
2021-01-04 16:00:00,pm10,PIIANN,87.5,88.138336
2025-04-10 05:00:00,pm10,PIIANN,23.809998,39.401245
2022-11-01 19:00:00,pm10,PIIANN,43.0,49.39922
2025-09-08 07:00:00,pm10,PIIANN,41.86,54.459015
2025-01-07 11:00:00,pm10,PIIANN,51.75,65.62427
2025-05-09 16:00:00,pm10,PIIANN,61.92,50.41285
2024-10-11 22:00:00,pm10,PIIANN,61.25,46.910828
2024-09-09 23:00:00,pm10,PIIANN,56.5,36.791348
2022-03-09 20:00:00,pm10,PIIANN,43.75,65.72428
2025-02-04 11:00:00,pm10,PIIANN,52.75,72.11034
2021-05-10 23:00:00,pm10,PIIANN,0.9999969,22.620403
2023-09-05 21:00:00,pm10,PIIANN,55.0,59.704105
2023-01-02 17:00:00,pm10,PIIANN,78.0,116.503174
2021-11-09 06:00:00,pm10,PIIANN,55.5,57.29996
2024-03-04 06:00:00,pm10,PIIANN,43.75,43.55837
2023-01-07 01:00:00,pm10,PIIANN,93.52,73.36282
2021-03-09 11:00:00,pm10,PIIANN,37.0,58.91895
2023-08-03 20:00:00,pm10,PIIANN,76.0,85.21754
2021-07-09 22:00:00,pm10,PIIANN,38.5,38.5119
2023-03-10 10:00:00,pm10,PIIANN,108.75,84.922455
2022-02-08 19:00:00,pm10,PIIANN,64.75,60.89632
2025-02-11 12:00:00,pm10,PIIANN,85.6,83.706795
2025-07-07 02:00:00,pm10,PIIANN,29.25,26.261307
2023-10-11 22:00:00,pm10,PIIANN,116.75,95.51792
2022-02-05 14:00:00,pm10,PIIANN,89.75,90.86769
2023-05-11 20:00:00,pm10,PIIANN,15.500001,35.666584
2025-03-06 18:00:00,pm10,PIIANN,62.5,67.29417
2025-08-11 07:00:00,pm10,PIIANN,93.0,94.161446
2022-08-03 15:00:00,pm10,PIIANN,79.25,66.32744
2022-12-06 23:00:00,pm10,PIIANN,35.75,32.71457
2025-11-04 02:00:00,pm10,PIIANN,36.5,29.897575
2021-01-12 09:00:00,pm10,PIIANN,58.5,54.777233
2021-10-11 16:00:00,pm10,PIIANN,56.159092,63.415195
2023-11-12 00:00:00,pm10,PIIANN,50.0,93.38065
2025-06-08 06:00:00,pm10,PIIANN,31.14,40.158897
2023-04-03 11:00:00,pm10,PIIANN,111.5,134.2248
2022-06-05 17:00:00,pm10,PIIANN,78.25,67.53909
2024-12-07 03:00:00,pm10,PIIANN,33.25,35.891087
2025-01-10 10:00:00,pm10,PIIANN,66.08,97.175735
2024-03-03 22:00:00,pm10,PIIANN,76.5,73.709015
2023-04-09 04:00:00,pm10,PIIANN,58.5,37.001163
2023-09-11 13:00:00,pm10,PIIANN,36.75,63.988705
2022-08-09 10:00:00,pm10,PIIANN,48.75,54.140636
2025-08-06 17:00:00,pm10,PIIANN,37.0,55.992928
2023-01-08 08:00:00,pm10,PIIANN,68.25,67.81894
2021-10-10 20:00:00,pm10,PIIANN,155.0,87.10328
2025-09-10 01:00:00,pm10,PIIANN,45.66,31.294022
2024-05-06 08:00:00,pm10,PIIANN,46.5,48.58808
2021-04-04 06:00:00,pm10,PIIANN,59.5,62.52256
2021-04-04 23:00:00,pm10,PIIANN,54.75,45.911606
2021-09-08 02:00:00,pm10,PIIANN,26.5,24.916832
2025-07-04 22:00:00,pm10,PIIANN,14.250005,20.275177
2022-11-03 11:00:00,pm10,PIIANN,62.75,80.905205
2024-02-04 20:00:00,pm10,PIIANN,31.0,42.097458
2021-06-11 05:00:00,pm10,PIIANN,2.7500007,21.612373
2025-08-05 08:00:00,pm10,PIIANN,71.5,60.008102
2021-10-11 10:00:00,pm10,PIIANN,58.5,50.369858
2024-04-11 20:00:00,pm10,PIIANN,48.0,44.420002
2024-10-08 21:00:00,pm10,PIIANN,81.5,62.249393
2025-08-10 05:00:00,pm10,PIIANN,72.39,87.654915
2022-10-11 22:00:00,pm10,PIIANN,72.5,52.992287
2021-11-09 14:00:00,pm10,PIIANN,59.75,66.01817
2024-10-07 13:00:00,pm10,PIIANN,55.5,52.42769
2024-03-08 06:00:00,pm10,PIIANN,24.5,26.681084
2021-03-04 13:00:00,pm10,PIIANN,256.0,136.0455
2022-07-03 22:00:00,pm10,PIIANN,80.75,65.586784
2022-10-11 04:00:00,pm10,PIIANN,28.5,42.35337
2024-12-05 03:00:00,pm10,PIIANN,1.9999969,15.012982
2025-01-02 16:00:00,pm10,PIIANN,35.25,42.146145
2023-08-10 18:00:00,pm10,PIIANN,39.75,53.064087
2021-02-11 03:00:00,pm10,PIIANN,4.000001,8.38767
2022-12-12 01:00:00,pm10,PIIANN,31.5,44.839016
2025-07-05 07:00:00,pm10,PIIANN,41.0,44.534405
2024-10-08 03:00:00,pm10,PIIANN,7.500001,1.6551635
2021-04-10 02:00:00,pm10,PIIANN,26.0,10.024068
2024-12-02 22:00:00,pm10,PIIANN,48.75,47.91436
2021-04-11 11:00:00,pm10,PIIANN,176.44444,104.38328
2023-08-09 09:00:00,pm10,PIIANN,45.0,46.396828
2022-01-08 19:00:00,pm10,PIIANN,52.5,54.3174
2024-09-02 05:00:00,pm10,PIIANN,74.75,62.22765
2025-01-02 02:00:00,pm10,PIIANN,32.0,29.698486
2024-05-06 01:00:00,pm10,PIIANN,24.0,31.983448
2025-12-01 21:00:00,pm10,PIIANN,38.5,40.014164
2025-09-03 17:00:00,pm10,PIIANN,58.5,48.607666
2022-04-06 06:00:00,pm10,PIIANN,61.5,57.45222
2025-05-04 22:00:00,pm10,PIIANN,28.5,31.037262
2022-10-09 14:00:00,pm10,PIIANN,50.5,56.52096
2022-11-12 12:00:00,pm10,PIIANN,39.75,44.922085
2023-03-08 07:00:00,pm10,PIIANN,64.5,68.53179
2021-10-11 13:00:00,pm10,PIIANN,67.0,80.36812
2025-09-12 16:00:00,pm10,PIIANN,108.0,156.9052
2021-12-02 13:00:00,pm10,PIIANN,39.5,47.258583
2023-06-01 21:00:00,pm10,PIIANN,94.0,106.82034
2025-08-08 16:00:00,pm10,PIIANN,111.38,94.49794
2024-06-03 18:00:00,pm10,PIIANN,89.25,95.97135
2022-08-02 09:00:00,pm10,PIIANN,106.5,130.44772
2025-10-01 15:00:00,pm10,PIIANN,125.50001,91.54911
2024-06-07 02:00:00,pm10,PIIANN,3.0000007,-1.1644776
2024-08-02 02:00:00,pm10,PIIANN,57.75,75.72411
2023-10-10 14:00:00,pm10,PIIANN,77.75,77.316765
2021-06-06 14:00:00,pm10,PIIANN,58.5,52.544235
2025-02-08 01:00:00,pm10,PIIANN,72.32,67.52503
2025-10-02 15:00:00,pm10,PIIANN,126.25,74.85474
2024-08-05 14:00:00,pm10,PIIANN,40.75,58.252647
2024-06-11 22:00:00,pm10,PIIANN,28.5,31.430172
2021-11-07 19:00:00,pm10,PIIANN,39.75,40.167046
2021-09-12 16:00:00,pm10,PIIANN,37.25,37.87368
2025-03-03 02:00:00,pm10,PIIANN,56.34,60.953022
2021-12-10 07:00:00,pm10,PIIANN,34.0,55.44375
2024-07-12 00:00:00,pm10,PIIANN,34.0,18.533367
2023-09-12 13:00:00,pm10,PIIANN,58.5,62.306267
2024-12-12 16:00:00,pm10,PIIANN,66.75,59.178913
2022-09-02 04:00:00,pm10,PIIANN,50.25,61.076214
2023-01-05 14:00:00,pm10,PIIANN,32.25,37.76008
2024-09-04 15:00:00,pm10,PIIANN,55.25,55.157455
2024-06-10 17:00:00,pm10,PIIANN,54.0,51.227352
2022-02-12 15:00:00,pm10,PIIANN,27.5,51.698242
2022-11-10 21:00:00,pm10,PIIANN,49.5,41.359505
2022-01-08 23:00:00,pm10,PIIANN,24.75,29.133339
2024-12-09 17:00:00,pm10,PIIANN,62.5,71.56509
2024-05-10 21:00:00,pm10,PIIANN,42.5,48.898106
2024-03-08 12:00:00,pm10,PIIANN,36.75,40.1921
2023-09-05 11:00:00,pm10,PIIANN,89.0,84.74865
2023-08-02 14:00:00,pm10,PIIANN,62.5,63.734478
2025-04-04 23:00:00,pm10,PIIANN,26.75,30.175201
2021-08-06 22:00:00,pm10,PIIANN,58.5,41.06792
2023-02-01 14:00:00,pm10,PIIANN,51.75,55.48461
2022-10-12 18:00:00,pm10,PIIANN,41.5,37.301186
2023-03-05 11:00:00,pm10,PIIANN,57.5,47.446888
2023-06-11 01:00:00,pm10,PIIANN,6.250001,36.781033
2023-01-04 02:00:00,pm10,PIIANN,88.42308,77.64183
2025-12-05 09:00:00,pm10,PIIANN,79.25,76.40612
2021-05-07 02:00:00,pm10,PIIANN,43.75,25.967415
2025-03-04 17:00:00,pm10,PIIANN,22.25,32.060944
2024-08-06 14:00:00,pm10,PIIANN,56.75,51.49721
2021-07-04 05:00:00,pm10,PIIANN,57.5,56.634014
2021-06-05 04:00:00,pm10,PIIANN,9.250001,15.120545
2022-04-01 13:00:00,pm10,PIIANN,136.75,89.9035
2024-03-04 00:00:00,pm10,PIIANN,16.999996,61.429806
2022-11-07 14:00:00,pm10,PIIANN,58.5,71.977104
2021-01-06 06:00:00,pm10,PIIANN,58.5,52.106308
2024-03-02 20:00:00,pm10,PIIANN,50.5,53.193275
2022-10-01 22:00:00,pm10,PIIANN,48.25,48.927807
2021-12-12 15:00:00,pm10,PIIANN,38.75,35.696045
2023-11-03 08:00:00,pm10,PIIANN,185.25,159.53214
2023-07-10 11:00:00,pm10,PIIANN,117.75,99.7386
2024-09-10 21:00:00,pm10,PIIANN,9.750001,19.58995
2023-06-05 19:00:00,pm10,PIIANN,85.5,69.12744
2021-06-08 00:00:00,pm10,PIIANN,16.0,21.856575
2023-06-02 07:00:00,pm10,PIIANN,174.75,131.31413
2024-01-03 02:00:00,pm10,PIIANN,81.0,72.91403
2023-02-06 05:00:00,pm10,PIIANN,65.25,65.17753
2025-12-09 23:00:00,pm10,PIIANN,76.98,77.90558
2024-07-04 05:00:00,pm10,PIIANN,41.0,69.51144
2025-08-06 06:00:00,pm10,PIIANN,63.0,68.38415
2021-09-12 11:00:00,pm10,PIIANN,30.5,39.938904
2024-03-08 21:00:00,pm10,PIIANN,80.0,68.268845
2024-08-03 15:00:00,pm10,PIIANN,97.25,85.77251
2025-09-08 16:00:00,pm10,PIIANN,87.84,112.08619
2024-12-06 13:00:00,pm10,PIIANN,27.75,40.45133
2023-02-01 15:00:00,pm10,PIIANN,50.75,56.05067
2024-11-11 23:00:00,pm10,PIIANN,38.5,33.735905
2023-07-04 05:00:00,pm10,PIIANN,58.5,48.25419
2021-01-02 08:00:00,pm10,PIIANN,114.75,110.764366
2024-09-04 08:00:00,pm10,PIIANN,55.25,54.54345
2023-01-03 09:00:00,pm10,PIIANN,67.25,84.59419
2024-02-09 18:00:00,pm10,PIIANN,57.0,56.65903
2022-04-04 16:00:00,pm10,PIIANN,35.25,34.956535
2025-07-11 18:00:00,pm10,PIIANN,113.0,101.98435
2025-05-10 08:00:00,pm10,PIIANN,70.26,75.85795
2021-11-03 19:00:00,pm10,PIIANN,54.0,47.395912
2025-01-03 00:00:00,pm10,PIIANN,43.12,37.248653
2024-06-04 00:00:00,pm10,PIIANN,25.25,65.72171
2021-06-05 00:00:00,pm10,PIIANN,5.999997,47.678173
2024-08-01 19:00:00,pm10,PIIANN,71.0,56.300327
2024-11-04 23:00:00,no2,PIIANN,5.42,7.583215
2023-12-12 18:00:00,no2,PIIANN,24.725,14.060431
2022-03-05 14:00:00,no2,PIIANN,5.88,7.47881
2021-01-09 14:00:00,no2,PIIANN,15.82,17.32148
2025-11-11 21:00:00,no2,PIIANN,4.2,3.498241
2024-09-03 01:00:00,no2,PIIANN,7.2,7.1502013
2024-03-02 05:00:00,no2,PIIANN,12.55,10.001741
2023-04-04 14:00:00,no2,PIIANN,7.775,7.8260674
2023-03-12 04:00:00,no2,PIIANN,10.1,7.7985854
2025-11-01 19:00:00,no2,PIIANN,10.9,15.922624
2025-08-03 19:00:00,no2,PIIANN,13.1,11.433424
2021-02-10 22:00:00,no2,PIIANN,6.3,6.4737616
2021-07-07 18:00:00,no2,PIIANN,13.42,10.56308
2022-10-07 10:00:00,no2,PIIANN,10.45,9.146811
2025-07-08 01:00:00,no2,PIIANN,7.03,8.03074
2024-09-09 09:00:00,no2,PIIANN,20.4,18.16309
2025-01-04 19:00:00,no2,PIIANN,13.77,13.537265
2022-09-04 05:00:00,no2,PIIANN,8.62,7.565659
2024-02-03 05:00:00,no2,PIIANN,19.82,16.587105
2024-02-07 17:00:00,no2,PIIANN,23.35,19.467718
2025-12-04 04:00:00,no2,PIIANN,13.95,15.106242
2024-02-11 16:00:00,no2,PIIANN,7.35,6.581887
2025-12-10 23:00:00,no2,PIIANN,5.68,6.1022835
2025-04-07 01:00:00,no2,PIIANN,15.7,14.1656885
2023-11-01 09:00:00,no2,PIIANN,20.225,22.984236
2025-09-01 23:00:00,no2,PIIANN,15.08,15.653169
2022-05-06 01:00:00,no2,PIIANN,9.25,10.443235
2021-02-02 08:00:00,no2,PIIANN,15.08,13.660257
2024-07-04 11:00:00,no2,PIIANN,12.0,11.10822
2021-04-05 23:00:00,no2,PIIANN,4.4500003,5.1485825
2022-04-12 04:00:00,no2,PIIANN,9.62,9.403979
2024-12-09 08:00:00,no2,PIIANN,13.78,13.17165
2024-03-09 01:00:00,no2,PIIANN,7.5,10.503079
2024-05-03 12:00:00,no2,PIIANN,9.0,10.946263
2024-12-04 09:00:00,no2,PIIANN,6.72,7.6761956
2024-02-07 11:00:00,no2,PIIANN,13.9,16.36319
2023-02-02 03:00:00,no2,PIIANN,12.55,15.415178
2025-01-09 18:00:00,no2,PIIANN,9.87,11.032498
2023-11-11 20:00:00,no2,PIIANN,14.075,16.73555
2021-01-07 04:00:00,no2,PIIANN,4.5,4.9025426
2021-05-04 14:00:00,no2,PIIANN,3.5800004,3.969562
2025-10-03 14:00:00,no2,PIIANN,14.08,10.915893
2022-05-02 20:00:00,no2,PIIANN,11.87,12.792968
2024-10-09 10:00:00,no2,PIIANN,13.82,14.385879
2024-01-09 14:00:00,no2,PIIANN,10.85,10.216719
2024-08-06 00:00:00,no2,PIIANN,6.95,7.857775
2025-04-11 21:00:00,no2,PIIANN,24.51,18.587275
2024-07-09 19:00:00,no2,PIIANN,24.42,18.751568
2021-09-03 10:00:00,no2,PIIANN,3.15,5.0369844
2022-11-02 03:00:00,no2,PIIANN,10.78,8.793735
2023-02-12 21:00:00,no2,PIIANN,13.6,19.411192
2021-01-02 19:00:00,no2,PIIANN,9.45,9.627885
2022-07-06 01:00:00,no2,PIIANN,9.9,10.097705
2025-04-01 23:00:00,no2,PIIANN,22.6,19.814735
2025-05-12 15:00:00,no2,PIIANN,5.3999996,7.344108
2025-03-10 22:00:00,no2,PIIANN,9.33,9.705724
2022-03-09 13:00:00,no2,PIIANN,9.75,8.638969
2025-06-08 11:00:00,no2,PIIANN,6.28,5.1343675
2024-03-05 19:00:00,no2,PIIANN,10.4,8.189683
2023-05-11 22:00:00,no2,PIIANN,9.45,12.88042
2025-01-07 14:00:00,no2,PIIANN,10.15,11.385355
2024-06-04 05:00:00,no2,PIIANN,10.75,11.3119755
2022-02-10 08:00:00,no2,PIIANN,8.95,10.570662
2023-08-05 12:00:00,no2,PIIANN,12.533334,12.135294
2024-04-03 21:00:00,no2,PIIANN,11.65,12.568377
2024-01-06 10:00:00,no2,PIIANN,18.35,15.180668
2022-10-02 13:00:00,no2,PIIANN,18.65,20.588427
2025-12-10 15:00:00,no2,PIIANN,5.3999996,5.4639163
2024-09-07 05:00:00,no2,PIIANN,27.12,11.399021
2021-01-09 06:00:00,no2,PIIANN,15.08,12.171726
2023-04-01 13:00:00,no2,PIIANN,10.225,10.4197445
2023-10-05 14:00:00,no2,PIIANN,13.425,15.0784
2023-02-10 11:00:00,no2,PIIANN,13.366667,11.216538
2023-09-04 17:00:00,no2,PIIANN,7.85,9.118408
2025-06-05 17:00:00,no2,PIIANN,6.48,8.36687
2022-04-08 08:00:00,no2,PIIANN,14.18,13.262497
2024-07-07 06:00:00,no2,PIIANN,20.92,19.57897
2024-08-01 14:00:00,no2,PIIANN,11.45,14.179764
2021-11-07 07:00:00,no2,PIIANN,6.2,6.7227793
2023-09-09 06:00:00,no2,PIIANN,14.7,16.081245
2024-01-06 09:00:00,no2,PIIANN,15.8,14.729875
2022-11-07 15:00:00,no2,PIIANN,10.78,13.734739
2022-10-07 19:00:00,no2,PIIANN,19.32,11.787634
2024-12-09 16:00:00,no2,PIIANN,13.1,12.889073
2024-01-03 03:00:00,no2,PIIANN,17.25,14.67481
2023-10-03 16:00:00,no2,PIIANN,10.525,9.744119
2023-11-02 13:00:00,no2,PIIANN,22.525,23.367622
2021-02-01 22:00:00,no2,PIIANN,8.75,10.306355
2025-03-09 18:00:00,no2,PIIANN,9.73,10.784345
2025-10-02 04:00:00,no2,PIIANN,9.4,15.989493
2021-08-08 05:00:00,no2,PIIANN,8.5,8.027697
2024-02-03 12:00:00,no2,PIIANN,8.87,9.456204
2024-06-10 01:00:00,no2,PIIANN,19.92,14.6705475
2023-02-11 07:00:00,no2,PIIANN,13.35,14.930412
2022-02-07 10:00:00,no2,PIIANN,8.3,11.69284
2021-02-07 13:00:00,no2,PIIANN,8.52,7.1410465
2021-09-10 10:00:00,no2,PIIANN,9.98,10.802364
2021-05-11 17:00:00,no2,PIIANN,8.92,12.186483
2023-12-10 09:00:00,no2,PIIANN,11.625,15.770878
2025-02-09 17:00:00,no2,PIIANN,9.83,11.087373
2025-11-02 06:00:00,no2,PIIANN,10.45,14.076764
2025-02-12 11:00:00,no2,PIIANN,1.69,1.5595784
2024-07-05 11:00:00,no2,PIIANN,7.97,8.596497
2022-09-01 09:00:00,no2,PIIANN,9.93,13.494654
2021-11-03 09:00:00,no2,PIIANN,7.9199996,10.205675
2024-06-11 06:00:00,no2,PIIANN,9.6,13.545029
2024-01-11 02:00:00,no2,PIIANN,12.4,11.644416
2023-01-06 04:00:00,no2,PIIANN,11.3,9.377907
2025-11-05 11:00:00,no2,PIIANN,10.53,12.610957
2021-10-01 20:00:00,no2,PIIANN,10.68,10.237106
2025-12-07 10:00:00,no2,PIIANN,13.48,13.253494
2022-06-02 04:00:00,no2,PIIANN,9.12,9.045132
2021-12-05 17:00:00,no2,PIIANN,2.1200004,4.557889
2022-10-07 08:00:00,no2,PIIANN,8.9,9.565997
2024-07-12 02:00:00,no2,PIIANN,12.15,11.359717
2022-09-05 13:00:00,no2,PIIANN,15.68,18.162043
2021-02-02 22:00:00,no2,PIIANN,7.18,7.0035996
2024-07-03 05:00:00,no2,PIIANN,10.05,16.18008
2024-12-02 04:00:00,no2,PIIANN,12.22,11.400358
2021-07-03 12:00:00,no2,PIIANN,6.55,5.787104
2024-07-05 18:00:00,no2,PIIANN,10.62,7.6281214
2024-01-09 10:00:00,no2,PIIANN,9.22,10.046026
2021-06-06 15:00:00,no2,PIIANN,4.75,3.9766107
2022-11-04 08:00:00,no2,PIIANN,5.8,7.5978494
2025-07-11 20:00:00,no2,PIIANN,27.860003,25.591076
2024-07-07 23:00:00,no2,PIIANN,8.75,11.6491
2023-08-05 06:00:00,no2,PIIANN,16.325,13.789395
2023-04-11 21:00:00,no2,PIIANN,17.275,18.001804
2024-02-12 14:00:00,no2,PIIANN,8.52,9.079699
2021-08-08 15:00:00,no2,PIIANN,5.05,4.4476976
2021-05-06 15:00:00,no2,PIIANN,2.7000003,2.0641446
2024-10-03 09:00:00,no2,PIIANN,11.0,12.658691
2022-05-06 06:00:00,no2,PIIANN,13.35,13.1154
2023-10-06 01:00:00,no2,PIIANN,16.4,15.911437
2022-03-06 22:00:00,no2,PIIANN,13.15,16.208769
2023-11-06 04:00:00,no2,PIIANN,13.575,13.9377775
2023-02-12 19:00:00,no2,PIIANN,20.2,15.277493
2023-02-05 04:00:00,no2,PIIANN,11.375,14.8095045
2022-12-05 14:00:00,no2,PIIANN,13.48,14.45235
2021-12-06 02:00:00,no2,PIIANN,5.85,2.3348355
2022-01-12 16:00:00,no2,PIIANN,10.67,11.629507
2022-10-05 11:00:00,no2,PIIANN,18.0,18.807995
2025-09-05 01:00:00,no2,PIIANN,10.7,12.570634
2025-10-09 14:00:00,no2,PIIANN,6.42,6.3208365
2022-06-04 19:00:00,no2,PIIANN,8.2,8.8547
2021-11-10 01:00:00,no2,PIIANN,15.42,14.599287
2024-06-07 09:00:00,no2,PIIANN,25.85,23.225252
2024-03-10 06:00:00,no2,PIIANN,13.18,10.568024
2023-03-04 06:00:00,no2,PIIANN,15.75,9.5042925
2021-10-01 12:00:00,no2,PIIANN,26.45,17.098995
2022-08-02 13:00:00,no2,PIIANN,10.58,10.478263
2025-08-09 16:00:00,no2,PIIANN,10.78,12.501802
2022-03-01 21:00:00,no2,PIIANN,10.68,12.297708
2024-12-10 17:00:00,no2,PIIANN,7.55,7.703724
2022-07-11 11:00:00,no2,PIIANN,6.83,8.430779
2021-01-07 08:00:00,no2,PIIANN,10.0,10.464807
2022-09-13 00:00:00,no2,PIIANN,8.18401,9.815324
2023-05-05 08:00:00,no2,PIIANN,10.78,11.976416
2025-01-08 07:00:00,no2,PIIANN,8.92,8.85937
2024-08-12 22:00:00,no2,PIIANN,19.7,16.835098
2021-04-11 07:00:00,no2,PIIANN,10.95,10.712559
2024-10-04 16:00:00,no2,PIIANN,6.2,7.956432
2022-05-07 17:00:00,no2,PIIANN,12.25,11.765033
2021-05-04 20:00:00,no2,PIIANN,8.48,8.401645
2022-10-04 01:00:00,no2,PIIANN,7.3,8.722751
2022-05-12 02:00:00,no2,PIIANN,13.12,9.294979
2021-11-05 21:00:00,no2,PIIANN,2.35,5.732378
2024-06-03 16:00:00,no2,PIIANN,8.88,8.509432
2022-05-05 03:00:00,no2,PIIANN,10.6,14.224232
2025-02-10 20:00:00,no2,PIIANN,6.87,10.451862
2024-05-11 06:00:00,no2,PIIANN,13.35,12.31334
2021-04-05 18:00:00,no2,PIIANN,4.28,5.0375385
2024-08-11 13:00:00,no2,PIIANN,10.1,10.130738
2024-02-07 18:00:00,no2,PIIANN,20.08,22.9292
2021-04-07 05:00:00,no2,PIIANN,7.2,7.040081
2025-04-11 18:00:00,no2,PIIANN,15.41,14.76207
2024-08-09 00:00:00,no2,PIIANN,10.9,17.2112
2022-08-09 20:00:00,no2,PIIANN,21.67,21.758451
2024-06-02 22:00:00,no2,PIIANN,11.45,10.538554
2022-02-05 15:00:00,no2,PIIANN,10.3,12.8786
2024-02-03 06:00:00,no2,PIIANN,19.42,19.353529
2021-06-08 12:00:00,no2,PIIANN,4.9,5.9342904
2024-12-06 23:00:00,no2,PIIANN,11.6,17.531134
2021-02-02 11:00:00,no2,PIIANN,6.8,6.501585
2025-11-07 03:00:00,no2,PIIANN,12.65,11.267283
2022-11-10 18:00:00,no2,PIIANN,5.22,5.5789638
2022-04-08 21:00:00,no2,PIIANN,22.33,20.171467
2022-03-07 18:00:00,no2,PIIANN,10.98,11.180627
2022-01-05 18:00:00,no2,PIIANN,8.55,7.708475
2024-03-03 11:00:00,no2,PIIANN,8.03,8.231042
2022-03-03 00:00:00,no2,PIIANN,8.45,11.687887
2025-01-01 19:00:00,no2,PIIANN,11.75,16.213882
2022-03-06 06:00:00,no2,PIIANN,17.38,14.809639
2025-02-06 19:00:00,no2,PIIANN,14.8,14.170528
2025-05-06 15:00:00,no2,PIIANN,9.18,8.526946
2021-11-06 23:00:00,no2,PIIANN,8.43,14.46965
2023-05-09 20:00:00,no2,PIIANN,24.4,23.18755
2021-06-01 18:00:00,no2,PIIANN,11.35,7.9297514
2022-10-01 15:00:00,no2,PIIANN,6.88,6.515769
2025-10-11 04:00:00,no2,PIIANN,7.2,6.2751956
2023-10-06 14:00:00,no2,PIIANN,13.275,14.577859
2023-04-09 02:00:00,no2,PIIANN,12.975,18.38333
2021-12-02 03:00:00,no2,PIIANN,10.07,9.004965
2021-02-09 09:00:00,no2,PIIANN,7.32,7.3914537
2022-07-03 23:00:00,no2,PIIANN,10.75,11.802525
2022-04-02 21:00:00,no2,PIIANN,11.6,11.941688
2021-10-02 16:00:00,no2,PIIANN,12.55,10.311165
2024-03-07 00:00:00,no2,PIIANN,9.8,17.41934
2023-07-08 20:00:00,no2,PIIANN,18.625,17.574797
2025-11-04 15:00:00,no2,PIIANN,12.6,11.831401
2022-12-08 08:00:00,no2,PIIANN,8.28,9.650267
2024-10-12 14:00:00,no2,PIIANN,6.35,7.683446
2024-11-05 03:00:00,no2,PIIANN,7.8,6.692448
2025-11-02 21:00:00,no2,PIIANN,11.2,11.449034
2024-09-09 08:00:00,no2,PIIANN,18.3,14.742089
2025-02-12 14:00:00,no2,PIIANN,0.6299996,2.5369306
2022-12-03 03:00:00,no2,PIIANN,12.55,15.841846
2023-12-04 12:00:00,no2,PIIANN,14.775,15.938144
2022-12-10 08:00:00,no2,PIIANN,2.48,2.6233716
2025-08-08 08:00:00,no2,PIIANN,7.24,8.769316
2023-08-03 22:00:00,no2,PIIANN,16.5,16.643944
2024-12-11 14:00:00,no2,PIIANN,10.05,12.6764145
2025-05-01 23:00:00,no2,PIIANN,17.6,11.671529
2025-08-11 05:00:00,no2,PIIANN,11.5,8.470063
2024-05-02 05:00:00,no2,PIIANN,11.02,11.182914
2025-11-07 11:00:00,no2,PIIANN,9.2,7.8915324
2022-01-11 00:00:00,no2,PIIANN,5.72,10.964168
2024-06-10 00:00:00,no2,PIIANN,21.15,22.77492
2021-01-06 08:00:00,no2,PIIANN,5.68,7.4050736
2024-06-12 09:00:00,no2,PIIANN,5.1800003,6.848329
2022-10-12 05:00:00,no2,PIIANN,6.0,5.108172
2023-04-03 12:00:00,no2,PIIANN,16.233334,15.701624
2021-08-11 22:00:00,no2,PIIANN,15.3,17.109348
2022-05-08 15:00:00,no2,PIIANN,7.65,9.903549
2021-02-05 07:00:00,no2,PIIANN,3.7199998,7.8612103
2024-03-06 02:00:00,no2,PIIANN,6.0,6.6185255
2023-07-11 09:00:00,no2,PIIANN,10.075,10.419074
2025-08-10 07:00:00,no2,PIIANN,10.56,13.3543215
2023-10-05 07:00:00,no2,PIIANN,17.15,16.31529
2022-07-03 10:00:00,no2,PIIANN,7.9,8.760527
2021-10-03 09:00:00,no2,PIIANN,4.4500003,5.340081
2021-09-04 06:00:00,no2,PIIANN,8.243158,8.934345
2025-06-04 11:00:00,no2,PIIANN,11.37,11.039811
2025-11-13 00:00:00,no2,PIIANN,0.43542713,3.3641953
2024-05-06 05:00:00,no2,PIIANN,17.2,17.405418
2024-08-11 04:00:00,no2,PIIANN,7.9,8.296739
2025-09-09 17:00:00,no2,PIIANN,8.85,8.523074
2022-12-12 08:00:00,no2,PIIANN,11.27,10.555578
2023-02-05 09:00:00,no2,PIIANN,17.6,16.730064
2022-08-10 10:00:00,no2,PIIANN,8.48,7.21324
2024-10-02 05:00:00,no2,PIIANN,8.93,7.919853
2021-12-09 03:00:00,no2,PIIANN,7.05,8.623102
2022-01-02 20:00:00,no2,PIIANN,11.95,12.570239
2021-01-08 07:00:00,no2,PIIANN,10.15,10.137301
2022-02-12 23:00:00,no2,PIIANN,9.93,10.8387165
2022-09-11 12:00:00,no2,PIIANN,24.73,12.45896
2021-12-09 04:00:00,no2,PIIANN,7.25,8.18591
2021-03-10 11:00:00,no2,PIIANN,6.52,6.1177974
2024-09-06 20:00:00,no2,PIIANN,16.7,12.674191
2022-09-03 01:00:00,no2,PIIANN,9.4,10.120967
2022-06-09 12:00:00,no2,PIIANN,11.0,9.033538
2024-11-03 11:00:00,no2,PIIANN,9.6,9.205329
2025-08-02 07:00:00,no2,PIIANN,15.25,18.17606
2021-07-04 23:00:00,no2,PIIANN,7.38,10.329381
2025-02-11 05:00:00,no2,PIIANN,10.94,8.96812
2021-08-09 08:00:00,no2,PIIANN,14.85,12.900319
2024-09-08 01:00:00,no2,PIIANN,16.25,16.364468
2022-02-09 21:00:00,no2,PIIANN,9.68,10.640904
2022-06-07 03:00:00,no2,PIIANN,9.1,9.256898
2024-04-01 15:00:00,no2,PIIANN,11.7,11.739919
2021-03-10 15:00:00,no2,PIIANN,3.85,4.885469
2023-12-03 05:00:00,no2,PIIANN,18.675,16.243587
2024-10-08 14:00:00,no2,PIIANN,12.78,12.910825
2021-04-06 06:00:00,no2,PIIANN,4.9,3.7702727
2021-02-01 17:00:00,no2,PIIANN,13.15,10.975567
2025-10-10 10:00:00,no2,PIIANN,9.08,6.683806
2023-11-06 19:00:00,no2,PIIANN,24.2,21.059626
2025-09-03 08:00:00,no2,PIIANN,24.17,28.920897
2025-09-01 09:00:00,no2,PIIANN,13.7,13.312994
2023-05-11 08:00:00,no2,PIIANN,12.075,13.475833
2021-04-12 01:00:00,no2,PIIANN,13.98,7.606176
2024-04-08 22:00:00,no2,PIIANN,23.65,18.368835
2023-10-03 07:00:00,no2,PIIANN,19.525,18.180286
2023-08-09 03:00:00,no2,PIIANN,19.4,15.001668
2021-07-11 12:00:00,no2,PIIANN,10.78,12.549776
2025-08-10 10:00:00,no2,PIIANN,8.91,9.665109
2024-02-07 23:00:00,no2,PIIANN,11.5,15.319224
2023-01-13 02:00:00,no2,PIIANN,11.033315,10.164597
2021-06-02 05:00:00,no2,PIIANN,14.6,13.103403
2025-08-05 23:00:00,no2,PIIANN,14.65,17.368753
2022-12-04 19:00:00,no2,PIIANN,6.78,8.641791
2022-02-02 14:00:00,no2,PIIANN,8.9,10.334478
2024-09-07 10:00:00,no2,PIIANN,26.800001,27.97791
2021-07-03 16:00:00,no2,PIIANN,5.2,5.1039267
2022-08-10 16:00:00,no2,PIIANN,4.6000004,8.036945
2023-12-12 01:00:00,no2,PIIANN,11.525,11.087612
2021-10-05 18:00:00,no2,PIIANN,1.2000003,2.458282
2025-07-06 11:00:00,no2,PIIANN,10.77,13.135865
2022-07-06 13:00:00,no2,PIIANN,12.05,13.609524
2025-05-05 01:00:00,no2,PIIANN,10.0,10.197634
2022-01-09 00:00:00,no2,PIIANN,8.75,9.344037
2024-05-07 05:00:00,no2,PIIANN,21.18,14.829763
2021-07-01 13:00:00,no2,PIIANN,12.3,10.83449
2021-02-04 13:00:00,no2,PIIANN,12.15,7.685954
2021-05-01 14:00:00,no2,PIIANN,14.6,16.743284
2022-10-09 15:00:00,no2,PIIANN,7.68,9.482833
2024-09-02 04:00:00,no2,PIIANN,14.2,13.032037
2024-01-12 08:00:00,no2,PIIANN,4.1200004,4.722326
2024-06-09 14:00:00,no2,PIIANN,10.73,13.269704
2024-02-12 09:00:00,no2,PIIANN,8.8,13.479467
2024-04-02 11:00:00,no2,PIIANN,7.1,9.124265
2022-10-06 12:00:00,no2,PIIANN,14.53,13.412132
2025-12-07 23:00:00,no2,PIIANN,28.02,22.931917
2021-04-05 11:00:00,no2,PIIANN,4.6999993,4.651835
2022-01-02 19:00:00,no2,PIIANN,11.05,11.882186
2022-08-08 12:00:00,no2,PIIANN,9.12,10.095555
2022-06-08 07:00:00,no2,PIIANN,8.02,7.634763
2022-08-07 23:00:00,no2,PIIANN,20.32,19.742596
2021-12-09 15:00:00,no2,PIIANN,10.32,11.165291
2022-07-04 14:00:00,no2,PIIANN,7.52,8.865517
2021-01-04 14:00:00,no2,PIIANN,12.3,9.551539
2025-12-09 04:00:00,no2,PIIANN,7.28,7.619333
2024-04-02 12:00:00,no2,PIIANN,6.43,6.6917796
2025-02-07 22:00:00,no2,PIIANN,17.18,15.015905
2021-07-10 09:00:00,no2,PIIANN,14.5,14.494186
2024-03-09 07:00:00,no2,PIIANN,23.75,21.20686
2023-02-02 08:00:00,no2,PIIANN,12.575,14.550736
2024-09-08 00:00:00,no2,PIIANN,15.88,14.348321
2022-06-10 20:00:00,no2,PIIANN,15.35,13.321628
2025-09-05 15:00:00,no2,PIIANN,10.02,11.32713
2021-11-09 05:00:00,no2,PIIANN,8.5,8.816582
2022-11-08 05:00:00,no2,PIIANN,10.02,10.258549
2025-03-06 20:00:00,no2,PIIANN,15.25,15.09685
2021-06-06 08:00:00,no2,PIIANN,5.6,8.852347
2023-12-05 19:00:00,no2,PIIANN,28.8,23.86116
2023-11-02 05:00:00,no2,PIIANN,21.475,20.634783
2022-10-08 05:00:00,no2,PIIANN,7.28,8.450787
2025-12-07 05:00:00,no2,PIIANN,13.48,12.822699
2024-10-07 15:00:00,no2,PIIANN,12.7,12.389114
2022-08-01 23:00:00,no2,PIIANN,9.02,10.442493
2024-01-08 01:00:00,no2,PIIANN,10.15,12.2889
2021-02-08 11:00:00,no2,PIIANN,7.02,5.5382533
2023-08-12 02:00:00,no2,PIIANN,14.363618,13.230476
2025-12-02 20:00:00,no2,PIIANN,11.65,14.059754
2022-11-08 12:00:00,no2,PIIANN,7.15,7.202233
2021-09-11 17:00:00,no2,PIIANN,12.7,12.588203
2021-05-01 19:00:00,no2,PIIANN,13.02,15.05083
2024-08-07 15:00:00,no2,PIIANN,11.75,14.005238
2022-12-06 19:00:00,no2,PIIANN,8.7,12.496445
2024-02-05 03:00:00,no2,PIIANN,3.5000005,5.2518554
2022-11-09 16:00:00,no2,PIIANN,7.98,9.3174715
2023-08-05 20:00:00,no2,PIIANN,22.6,18.428425
2025-02-08 15:00:00,no2,PIIANN,7.24,10.9357605
2025-10-11 20:00:00,no2,PIIANN,8.99,8.877143
2025-09-10 16:00:00,no2,PIIANN,6.74,7.4595757
2021-10-07 16:00:00,no2,PIIANN,8.83,10.709186
2022-06-13 01:00:00,no2,PIIANN,17.850624,16.906384
2022-03-04 01:00:00,no2,PIIANN,6.25,8.383884
2021-06-10 23:00:00,no2,PIIANN,15.18,14.069926
2025-08-10 14:00:00,no2,PIIANN,4.14,5.282514
2024-12-11 16:00:00,no2,PIIANN,11.98,13.487363
2023-03-11 13:00:00,no2,PIIANN,14.1,18.001827
2025-07-11 12:00:00,no2,PIIANN,11.63,11.142276
2021-05-03 00:00:00,no2,PIIANN,5.1,12.218146
2022-04-07 10:00:00,no2,PIIANN,10.82,9.48901
2025-01-07 02:00:00,no2,PIIANN,13.73,18.203278
2024-09-02 22:00:00,no2,PIIANN,7.8,10.576706
2022-02-02 22:00:00,no2,PIIANN,14.35,14.269346
2023-01-05 20:00:00,no2,PIIANN,12.5,12.693599
2024-08-02 23:00:00,no2,PIIANN,14.58,14.288249
2025-01-10 20:00:00,no2,PIIANN,9.59,15.069871
2025-03-11 04:00:00,no2,PIIANN,9.11,7.7536154
2024-07-03 14:00:00,no2,PIIANN,11.15,10.523367
2021-01-04 03:00:00,no2,PIIANN,9.75,7.998872
2025-01-07 18:00:00,no2,PIIANN,20.25,15.889957
2021-06-05 20:00:00,no2,PIIANN,4.6000004,5.673665
2022-08-06 02:00:00,no2,PIIANN,7.8,8.291404
2021-10-02 14:00:00,no2,PIIANN,11.6,9.082078
2025-10-10 03:00:00,no2,PIIANN,5.1800003,7.010426
2022-07-06 08:00:00,no2,PIIANN,13.8,12.271571
2025-06-08 22:00:00,no2,PIIANN,7.24,6.6590033
2021-09-04 11:00:00,no2,PIIANN,10.78,12.11387
2025-11-12 09:00:00,no2,PIIANN,0.43333286,1.007729
2024-08-11 07:00:00,no2,PIIANN,11.7,12.344928
2024-01-03 14:00:00,no2,PIIANN,6.92,8.389119
2021-12-12 02:00:00,no2,PIIANN,6.6,5.6066813
2024-08-03 05:00:00,no2,PIIANN,16.45,11.7433
2021-05-04 04:00:00,no2,PIIANN,3.5800004,5.1533303
2023-08-03 07:00:00,no2,PIIANN,18.475,12.820937
2021-02-07 11:00:00,no2,PIIANN,7.9499993,8.349575
2021-07-06 12:00:00,no2,PIIANN,7.45,5.2984037
2023-06-06 14:00:00,no2,PIIANN,11.6,9.864268
2024-05-05 13:00:00,no2,PIIANN,5.05,7.3873425
2021-07-02 23:00:00,no2,PIIANN,8.62,12.011491
2023-01-10 05:00:00,no2,PIIANN,17.55,15.999845
2023-07-03 06:00:00,no2,PIIANN,17.0,12.854888
2022-11-08 11:00:00,no2,PIIANN,8.12,7.916105
2024-10-03 03:00:00,no2,PIIANN,6.08,7.1783404
2022-10-09 17:00:00,no2,PIIANN,10.73,9.841379
2025-06-08 02:00:00,no2,PIIANN,4.15,5.51173
2025-09-10 21:00:00,no2,PIIANN,4.46,5.9449034
2025-08-03 00:00:00,no2,PIIANN,15.9,13.4480095
2023-04-03 15:00:00,no2,PIIANN,12.375,13.645459
2021-02-09 03:00:00,no2,PIIANN,8.52,8.522685
2025-11-08 15:00:00,no2,PIIANN,4.51,5.643728
2023-06-03 06:00:00,no2,PIIANN,19.325,14.315154
2022-10-08 17:00:00,no2,PIIANN,12.4,11.590465
2024-12-09 06:00:00,no2,PIIANN,11.7,12.304743
2024-07-06 02:00:00,no2,PIIANN,70.92,14.816394
2024-12-08 19:00:00,no2,PIIANN,13.5,19.30097
2024-08-04 12:00:00,no2,PIIANN,7.77,8.841333
2022-05-08 09:00:00,no2,PIIANN,11.73,10.732559
2024-06-06 23:00:00,no2,PIIANN,20.5,18.74951
2025-01-03 02:00:00,no2,PIIANN,4.5056,4.5045695
2024-12-13 02:00:00,no2,PIIANN,5.5545955,5.6357684
2022-11-01 14:00:00,no2,PIIANN,6.3,7.1642594
2024-11-06 10:00:00,no2,PIIANN,9.55,10.422109
2021-09-12 02:00:00,no2,PIIANN,7.5,8.086658
2023-11-08 16:00:00,no2,PIIANN,17.875,16.831852
2022-08-10 11:00:00,no2,PIIANN,8.07,7.4131904
2025-08-09 10:00:00,no2,PIIANN,7.315,7.459613
2024-03-10 18:00:00,no2,PIIANN,42.999996,30.029598
2022-03-03 15:00:00,no2,PIIANN,35.9,28.156624
2021-11-11 02:00:00,no2,PIIANN,10.35,8.316723
2023-12-08 17:00:00,no2,PIIANN,26.25,24.250824
2021-05-10 15:00:00,no2,PIIANN,9.65,9.469505
2025-08-10 20:00:00,no2,PIIANN,6.97,8.662114
2021-11-03 23:00:00,no2,PIIANN,5.38,6.8518596
2025-01-08 00:00:00,no2,PIIANN,5.57,20.743534
2021-08-09 22:00:00,no2,PIIANN,17.9,18.75484
2024-06-09 16:00:00,no2,PIIANN,17.8,13.747081
2022-08-03 09:00:00,no2,PIIANN,14.05,18.467752
2023-03-04 03:00:00,no2,PIIANN,7.35,8.825624
2025-03-12 06:00:00,no2,PIIANN,1.4900002,2.3358207
2025-08-12 12:00:00,no2,PIIANN,1.1699996,-0.13926654
2024-10-08 04:00:00,no2,PIIANN,10.1,11.16798
2021-04-08 21:00:00,no2,PIIANN,25.92,28.85845
2025-08-08 07:00:00,no2,PIIANN,6.63,8.048418
2025-02-11 02:00:00,no2,PIIANN,15.98,10.9060335
2021-11-04 23:00:00,no2,PIIANN,3.8200002,5.5272965
2023-10-02 22:00:00,no2,PIIANN,18.225,19.002449
2022-10-10 12:00:00,no2,PIIANN,0.58000034,4.232501
2021-08-08 06:00:00,no2,PIIANN,11.5,9.039429
2022-03-05 12:00:00,no2,PIIANN,8.97,8.035079
2024-09-10 05:00:00,no2,PIIANN,17.88,15.811703
2025-05-11 15:00:00,no2,PIIANN,13.39,14.067601
2021-12-09 17:00:00,no2,PIIANN,14.65,14.078417
2025-01-10 07:00:00,no2,PIIANN,7.29,8.966955
2021-03-03 02:00:00,no2,PIIANN,14.2375,11.70309
2023-07-01 12:00:00,no2,PIIANN,10.833333,18.983652
2025-10-05 03:00:00,no2,PIIANN,11.82,12.318566
2024-04-08 11:00:00,no2,PIIANN,10.47,11.283617
2025-09-04 15:00:00,no2,PIIANN,13.08,10.686024
2025-03-06 08:00:00,no2,PIIANN,9.35,10.310532
2021-08-10 17:00:00,no2,PIIANN,14.5,12.373653
2024-09-02 11:00:00,no2,PIIANN,12.27,9.285042
2024-10-04 18:00:00,no2,PIIANN,8.32,8.880067
2024-03-02 22:00:00,no2,PIIANN,11.38,12.19324
2024-10-12 03:00:00,no2,PIIANN,5.6200004,6.7514853
2025-10-06 04:00:00,no2,PIIANN,9.68,10.492299
2025-07-05 23:00:00,no2,PIIANN,12.27,15.386007
2025-10-06 18:00:00,no2,PIIANN,19.58,13.743883
2023-10-02 01:00:00,no2,PIIANN,15.625,16.39538
2024-01-05 07:00:00,no2,PIIANN,8.43,7.3098664
2025-07-07 00:00:00,no2,PIIANN,7.9,12.230942
2022-12-09 21:00:00,no2,PIIANN,8.15,8.537818
2023-07-09 01:00:00,no2,PIIANN,11.925,14.516188
2023-06-03 17:00:00,no2,PIIANN,12.45,11.740638
2024-01-01 09:00:00,no2,PIIANN,8.12,9.977023
2022-05-04 21:00:00,no2,PIIANN,7.65,6.9397707
2024-11-05 20:00:00,no2,PIIANN,9.68,10.109205
2022-12-06 16:00:00,no2,PIIANN,9.3,10.808185
2024-12-12 01:00:00,no2,PIIANN,7.05,8.460865
2021-02-10 09:00:00,no2,PIIANN,7.7,11.805375
2022-08-05 00:00:00,no2,PIIANN,9.52,8.408303
2021-08-08 08:00:00,no2,PIIANN,8.45,10.80982
2021-12-08 03:00:00,no2,PIIANN,8.35,9.831842
2021-09-02 03:00:00,no2,PIIANN,10.78,8.196879
2021-10-10 12:00:00,no2,PIIANN,7.25,8.7103815
2021-10-01 17:00:00,no2,PIIANN,7.62,8.602978
2025-11-06 07:00:00,no2,PIIANN,14.5,13.751678
2022-07-11 05:00:00,no2,PIIANN,5.9,7.4652734
2022-11-10 03:00:00,no2,PIIANN,0.8200001,3.392836
2025-08-01 16:00:00,no2,PIIANN,30.32,24.182072
2021-03-07 04:00:00,no2,PIIANN,8.55,11.358831
2021-01-05 13:00:00,no2,PIIANN,3.7999997,3.6520953
2023-01-06 06:00:00,no2,PIIANN,18.05,13.521091
2023-08-02 05:00:00,no2,PIIANN,27.95,23.951027
2023-01-09 09:00:00,no2,PIIANN,16.3,15.934556
2023-05-08 07:00:00,no2,PIIANN,14.0,14.390004
2025-01-05 14:00:00,no2,PIIANN,7.12,9.506855
2024-07-08 14:00:00,no2,PIIANN,10.6,13.636385
2021-02-02 02:00:00,no2,PIIANN,4.25,4.056719
2024-10-07 01:00:00,no2,PIIANN,8.07,9.557453
2022-02-02 23:00:00,no2,PIIANN,14.85,14.03159
2024-02-06 09:00:00,no2,PIIANN,16.38,18.563536
2023-05-10 06:00:00,no2,PIIANN,23.375,18.093187
2022-07-09 06:00:00,no2,PIIANN,8.55,8.82888
2023-08-04 17:00:00,no2,PIIANN,9.475,9.279226
2022-11-03 14:00:00,no2,PIIANN,8.28,10.949459
2025-07-10 21:00:00,no2,PIIANN,6.88,9.713026
2021-10-08 10:00:00,no2,PIIANN,7.6,8.779721
2023-02-04 20:00:00,no2,PIIANN,14.075,12.9492445
2024-07-09 02:00:00,no2,PIIANN,11.68,16.543974
2022-01-03 21:00:00,no2,PIIANN,17.15,15.591852
2025-12-10 17:00:00,no2,PIIANN,15.73,8.498168
2024-12-04 23:00:00,no2,PIIANN,5.68,6.409947
2022-01-01 16:00:00,no2,PIIANN,8.7,7.94435
2021-12-04 17:00:00,no2,PIIANN,4.9,5.3857226
2023-03-01 18:00:00,no2,PIIANN,13.45,12.495637
2025-08-09 03:00:00,no2,PIIANN,5.31,6.723857
2024-02-11 20:00:00,no2,PIIANN,15.0,13.799911
2024-06-01 11:00:00,no2,PIIANN,12.5,14.740781
2021-12-08 18:00:00,no2,PIIANN,14.15,12.808242
2021-02-10 11:00:00,no2,PIIANN,5.8,6.6018047
2025-12-12 21:00:00,no2,PIIANN,2.0000005,3.766336
2025-05-10 15:00:00,no2,PIIANN,7.52,8.501846
2024-10-10 18:00:00,no2,PIIANN,13.38,11.008779
2024-11-03 19:00:00,no2,PIIANN,8.02,8.542289
2024-10-09 19:00:00,no2,PIIANN,24.02,24.405556
2023-06-07 02:00:00,no2,PIIANN,23.227,21.80066
2023-04-08 14:00:00,no2,PIIANN,12.775,12.571806
2025-01-01 14:00:00,no2,PIIANN,10.75,9.779557
2022-02-09 18:00:00,no2,PIIANN,7.9199996,7.5816326
2022-08-12 09:00:00,no2,PIIANN,14.45,13.634817
2024-11-09 05:00:00,no2,PIIANN,8.1,9.214848
2021-07-05 15:00:00,no2,PIIANN,2.7999997,3.7462897
2022-06-03 09:00:00,no2,PIIANN,8.0,8.283327
2024-11-08 06:00:00,no2,PIIANN,9.35,9.4497385
2021-05-03 02:00:00,no2,PIIANN,10.12,4.9472613
2021-03-05 07:00:00,no2,PIIANN,4.4,7.6913357
2021-04-02 05:00:00,no2,PIIANN,17.62,12.209493
2025-12-04 19:00:00,no2,PIIANN,15.7,18.114248
2025-09-02 16:00:00,no2,PIIANN,4.8,5.455884
2021-07-09 15:00:00,no2,PIIANN,9.55,8.323451
2022-04-10 14:00:00,no2,PIIANN,7.55,8.730915
2025-06-06 06:00:00,no2,PIIANN,13.55,12.975969
2023-05-03 03:00:00,no2,PIIANN,13.55,16.503504
2023-11-06 17:00:00,no2,PIIANN,19.925,14.393578
2022-03-11 16:00:00,no2,PIIANN,8.85,7.3030295
2021-06-08 08:00:00,no2,PIIANN,6.05,7.9593368
2023-03-03 14:00:00,no2,PIIANN,10.9,10.276799
2024-06-06 15:00:00,no2,PIIANN,14.95,14.32866
2024-11-05 21:00:00,no2,PIIANN,9.25,10.322219
2022-01-02 16:00:00,no2,PIIANN,8.3,10.189487
2024-12-11 18:00:00,no2,PIIANN,13.82,13.407643
2025-03-09 06:00:00,no2,PIIANN,4.91,6.5524273
2023-02-11 06:00:00,no2,PIIANN,15.375,14.76382
2022-04-02 13:00:00,no2,PIIANN,16.35,16.648247
2024-02-10 00:00:00,no2,PIIANN,11.2,11.0098295
2021-09-08 14:00:00,no2,PIIANN,8.12,7.9169397
2023-08-10 11:00:00,no2,PIIANN,13.725,14.15564
2024-05-06 06:00:00,no2,PIIANN,16.7,15.781172
2022-05-09 19:00:00,no2,PIIANN,7.9,9.642943
2021-03-09 23:00:00,no2,PIIANN,21.32,17.42518
2025-03-01 20:00:00,no2,PIIANN,20.02,25.200142
2025-03-08 01:00:00,no2,PIIANN,5.0000005,8.750371
2021-12-10 00:00:00,no2,PIIANN,15.28,9.413837
2021-07-12 11:00:00,no2,PIIANN,31.58,12.337186
2024-11-08 02:00:00,no2,PIIANN,21.55,22.080332
2022-09-02 10:00:00,no2,PIIANN,9.78,9.571092
2022-05-09 11:00:00,no2,PIIANN,7.6,7.865859
2021-10-10 13:00:00,no2,PIIANN,8.28,7.765359
2023-12-01 13:00:00,no2,PIIANN,10.8,12.733449
2023-03-11 07:00:00,no2,PIIANN,15.575,15.331082
2022-09-04 20:00:00,no2,PIIANN,7.8,8.604672
2025-03-09 12:00:00,no2,PIIANN,4.5700006,7.0723705
2023-01-12 12:00:00,no2,PIIANN,15.925,9.48763
2022-06-09 05:00:00,no2,PIIANN,7.65,7.8984175
2023-03-02 09:00:00,no2,PIIANN,11.325,12.158086
2023-01-08 21:00:00,no2,PIIANN,28.2,27.250124
2022-04-06 10:00:00,no2,PIIANN,19.08,16.716873
2023-08-11 10:00:00,no2,PIIANN,12.8,9.974111
2025-11-08 03:00:00,no2,PIIANN,4.72,5.6468
2022-05-09 18:00:00,no2,PIIANN,8.12,8.657512
2022-04-01 14:00:00,no2,PIIANN,9.78,14.861349
2024-09-10 10:00:00,no2,PIIANN,12.3,11.16238
2022-12-02 04:00:00,no2,PIIANN,9.7,8.258504
2022-05-03 00:00:00,no2,PIIANN,18.8,9.258995
2023-06-03 02:00:00,no2,PIIANN,12.575,15.65298
2022-02-02 11:00:00,no2,PIIANN,12.13,12.769257
2021-09-06 02:00:00,no2,PIIANN,11.8,7.120075
2021-11-12 14:00:00,no2,PIIANN,6.45,7.5871344
2021-11-09 09:00:00,no2,PIIANN,8.8,9.4120245
2022-11-03 07:00:00,no2,PIIANN,16.32,16.746737
2022-12-04 08:00:00,no2,PIIANN,7.43,11.549855
2022-02-03 05:00:00,no2,PIIANN,15.88,16.20064
2024-10-02 03:00:00,no2,PIIANN,6.05,6.6111746
2024-04-11 09:00:00,no2,PIIANN,13.92,15.607483
2021-01-09 10:00:00,no2,PIIANN,15.8,18.520466
2022-09-03 11:00:00,no2,PIIANN,14.7,17.076511
2021-06-05 09:00:00,no2,PIIANN,3.8200002,6.281456
2025-05-03 22:00:00,no2,PIIANN,13.85,15.837965
2021-03-11 08:00:00,no2,PIIANN,14.05,11.794984
2021-05-07 10:00:00,no2,PIIANN,10.9,7.8082004
2021-01-02 03:00:00,no2,PIIANN,9.07,6.3271036
2025-08-04 23:00:00,no2,PIIANN,13.02,17.47489
2025-10-07 05:00:00,no2,PIIANN,12.8,13.396951
2024-02-11 11:00:00,no2,PIIANN,13.47,13.964239
2025-09-02 00:00:00,no2,PIIANN,12.55,15.821792
2021-10-09 16:00:00,no2,PIIANN,7.15,8.257882
2023-06-01 22:00:00,no2,PIIANN,13.2,17.614338
2024-10-07 10:00:00,no2,PIIANN,11.88,13.983996
2021-08-12 20:00:00,no2,PIIANN,9.82,12.238382
2021-06-07 14:00:00,no2,PIIANN,6.88,7.578071
2022-11-11 11:00:00,no2,PIIANN,8.9,11.197293
2022-11-02 18:00:00,no2,PIIANN,8.38,7.867522
2021-08-02 21:00:00,no2,PIIANN,10.78,12.009722
2025-07-11 17:00:00,no2,PIIANN,22.52,19.189156
2021-09-04 07:00:00,no2,PIIANN,7.9863157,9.219691
2025-12-11 06:00:00,no2,PIIANN,3.06,2.5581641
2025-03-03 01:00:00,no2,PIIANN,14.1076,13.369817
2025-10-08 21:00:00,no2,PIIANN,6.29,8.92867
2021-11-04 13:00:00,no2,PIIANN,3.8999996,3.7528672
2023-02-12 13:00:00,no2,PIIANN,6.55,9.123789
2021-11-12 19:00:00,no2,PIIANN,8.0,8.41974
2022-06-11 07:00:00,no2,PIIANN,7.12,8.741341
2021-10-08 22:00:00,no2,PIIANN,25.48,26.153345
2021-01-11 01:00:00,no2,PIIANN,6.7,6.8511777
2024-11-02 00:00:00,no2,PIIANN,8.88,11.281222
2024-07-10 23:00:00,no2,PIIANN,10.58,11.944736
2025-08-11 00:00:00,no2,PIIANN,25.450003,8.518951
2022-09-02 17:00:00,no2,PIIANN,9.15,9.932526
2025-09-07 06:00:00,no2,PIIANN,26.65,26.631542
2023-11-11 13:00:00,no2,PIIANN,11.025,15.428724
2025-04-10 00:00:00,no2,PIIANN,7.28,5.6113076
2021-07-04 21:00:00,no2,PIIANN,12.18,11.005232
2021-06-06 01:00:00,no2,PIIANN,2.5499997,3.609568
2021-03-05 04:00:00,no2,PIIANN,3.2999997,4.445732
2022-12-10 04:00:00,no2,PIIANN,2.15,5.5578465
2021-11-08 20:00:00,no2,PIIANN,20.45,25.617031
2022-04-05 12:00:00,no2,PIIANN,9.57,9.083711
2024-03-07 07:00:00,no2,PIIANN,18.9,15.752412
2024-07-08 07:00:00,no2,PIIANN,17.82,13.473169
2024-04-04 22:00:00,no2,PIIANN,13.45,12.571945
2024-11-08 03:00:00,no2,PIIANN,15.32,19.889973
2021-12-09 18:00:00,no2,PIIANN,15.65,16.390577
2024-09-01 23:00:00,no2,PIIANN,7.12,8.740671
2025-11-08 19:00:00,no2,PIIANN,7.05,7.6593843
2024-02-11 12:00:00,no2,PIIANN,9.17,12.317076
2022-04-10 18:00:00,no2,PIIANN,9.98,12.758762
2021-02-06 03:00:00,no2,PIIANN,3.8999996,4.3190675
2025-11-05 15:00:00,no2,PIIANN,17.02,17.605648
2024-04-07 14:00:00,no2,PIIANN,9.8,10.854739
2025-04-01 11:00:00,no2,PIIANN,13.53,11.5146675
2022-02-07 06:00:00,no2,PIIANN,8.185715,9.268804
2024-04-12 01:00:00,no2,PIIANN,5.32,7.7128267
2023-01-05 04:00:00,no2,PIIANN,9.625,9.635543
2023-10-08 23:00:00,no2,PIIANN,32.225,30.547865
2022-01-05 15:00:00,no2,PIIANN,6.6,6.513576
2025-04-02 09:00:00,no2,PIIANN,17.67,12.954139
2021-02-06 10:00:00,no2,PIIANN,6.55,6.4569135
2021-01-06 18:00:00,no2,PIIANN,4.72,5.2349396
2025-12-05 12:00:00,no2,PIIANN,14.0,11.383134
2021-11-10 10:00:00,no2,PIIANN,17.95,15.852625
2024-02-02 11:00:00,no2,PIIANN,8.27,10.025118
2022-04-09 16:00:00,no2,PIIANN,5.78,7.4809113
2024-03-06 06:00:00,no2,PIIANN,12.48,10.182111
2024-04-12 03:00:00,no2,PIIANN,6.5,5.580153
2025-10-01 16:00:00,no2,PIIANN,18.97,19.595177
2022-09-05 21:00:00,no2,PIIANN,13.42,14.37236
2021-07-05 10:00:00,no2,PIIANN,2.65,3.6715045
2024-06-07 08:00:00,no2,PIIANN,22.78,24.359854
2023-09-01 11:00:00,no2,PIIANN,11.1,13.108809
2024-02-08 19:00:00,no2,PIIANN,24.88,22.259405
2025-10-07 03:00:00,no2,PIIANN,14.05,14.11614
2023-11-05 01:00:00,no2,PIIANN,13.3,12.699952
2021-08-01 09:00:00,no2,PIIANN,6.2,8.325118
2022-06-01 13:00:00,no2,PIIANN,9.72,10.3826275
2023-05-01 23:00:00,no2,PIIANN,12.625,12.993989
2021-10-05 10:00:00,no2,PIIANN,2.52,4.978387
2025-09-02 05:00:00,no2,PIIANN,15.6,15.2165575
2024-08-06 05:00:00,no2,PIIANN,19.48,14.9814
2022-07-03 05:00:00,no2,PIIANN,7.05,7.6230984
2023-03-06 07:00:00,no2,PIIANN,22.275,19.154934
2021-12-03 13:00:00,no2,PIIANN,6.9,6.782703
2024-04-09 05:00:00,no2,PIIANN,15.55,15.846075
2025-10-01 13:00:00,no2,PIIANN,10.72,13.070858
2023-12-03 03:00:00,no2,PIIANN,17.25,18.820253
2023-10-08 17:00:00,no2,PIIANN,25.325,19.556791
2022-05-05 20:00:00,no2,PIIANN,11.15,12.289348
2021-06-03 06:00:00,no2,PIIANN,12.35,12.157926
2021-01-02 14:00:00,no2,PIIANN,6.2,9.551319
2024-10-03 14:00:00,no2,PIIANN,8.0,6.01195
2022-07-05 19:00:00,no2,PIIANN,10.32,10.949945
2022-07-07 14:00:00,no2,PIIANN,12.75,13.654363
2023-02-03 20:00:00,no2,PIIANN,28.45,27.377827
2025-05-06 04:00:00,no2,PIIANN,13.65,15.651526
2025-08-01 17:00:00,no2,PIIANN,31.5,25.864798
2022-04-09 04:00:00,no2,PIIANN,9.7,11.137934
2024-03-12 23:00:00,no2,PIIANN,6.75,8.391243
2022-02-09 14:00:00,no2,PIIANN,9.68,10.918435
2024-01-01 10:00:00,no2,PIIANN,10.1,8.922857
2021-10-07 17:00:00,no2,PIIANN,9.4,10.2790575
2022-01-04 00:00:00,no2,PIIANN,7.55,20.766455
2024-07-10 16:00:00,no2,PIIANN,9.68,9.930045
2023-11-03 05:00:00,no2,PIIANN,21.475,20.225054
2021-09-06 21:00:00,no2,PIIANN,7.55,10.375849
2024-01-11 14:00:00,no2,PIIANN,10.0,13.224105
2022-04-01 16:00:00,no2,PIIANN,10.02,12.193635
2023-01-11 10:00:00,no2,PIIANN,25.8,20.162313
2025-01-07 04:00:00,no2,PIIANN,11.68,11.271359
2024-09-12 13:00:00,no2,PIIANN,16.45,12.021933
2025-05-10 05:00:00,no2,PIIANN,9.06,13.736765
2021-02-09 12:00:00,no2,PIIANN,7.68,12.565191
2021-01-10 09:00:00,no2,PIIANN,9.07,11.170905
2022-09-08 16:00:00,no2,PIIANN,7.85,7.042545
2023-07-08 10:00:00,no2,PIIANN,16.8,18.257664
2023-09-03 04:00:00,no2,PIIANN,22.425,17.689306
2024-05-09 05:00:00,no2,PIIANN,16.48,16.519346
2023-06-11 17:00:00,no2,PIIANN,6.2,12.869859
2022-07-03 07:00:00,no2,PIIANN,9.0,8.579633
2022-06-03 12:00:00,no2,PIIANN,8.63,6.761426
2024-02-09 02:00:00,no2,PIIANN,9.88,10.95973
2023-01-01 20:00:00,no2,PIIANN,13.875,13.644379
2024-08-03 16:00:00,no2,PIIANN,8.93,7.3941994
2022-06-10 22:00:00,no2,PIIANN,12.9,14.285726
2025-07-08 15:00:00,no2,PIIANN,4.5600004,5.198369
2022-04-09 03:00:00,no2,PIIANN,11.32,10.32524
2025-01-11 12:00:00,no2,PIIANN,9.24,10.63705
2024-06-12 05:00:00,no2,PIIANN,6.92,7.6994557
2024-12-07 12:00:00,no2,PIIANN,10.33,11.674188
2024-09-04 02:00:00,no2,PIIANN,8.5,7.132417
2025-01-09 21:00:00,no2,PIIANN,14.82,16.00053
2021-10-12 02:00:00,no2,PIIANN,10.0,6.9028883
2022-12-09 03:00:00,no2,PIIANN,6.65,8.237759
2024-07-01 15:00:00,no2,PIIANN,24.980001,14.248643
2021-04-10 18:00:00,no2,PIIANN,6.38,6.623891
2021-11-07 01:00:00,no2,PIIANN,8.02,9.65486
2025-08-12 03:00:00,no2,PIIANN,0.9500002,1.317759
2022-05-03 04:00:00,no2,PIIANN,10.15,11.640915
2024-07-08 10:00:00,no2,PIIANN,17.18,19.211502
2022-11-04 00:00:00,no2,PIIANN,4.8,12.931538
2024-11-03 06:00:00,no2,PIIANN,10.15,7.85837
2025-03-06 05:00:00,no2,PIIANN,8.4,9.777562
2021-05-12 11:00:00,no2,PIIANN,12.8,11.539983
2025-07-04 10:00:00,no2,PIIANN,14.7,12.513552
2021-08-10 12:00:00,no2,PIIANN,10.35,16.725828
2022-10-01 11:00:00,no2,PIIANN,8.63,8.169568
2024-04-09 11:00:00,no2,PIIANN,19.5,18.340141
2021-06-02 20:00:00,no2,PIIANN,12.18,12.316728
2023-12-10 17:00:00,no2,PIIANN,11.85,11.846776
2024-01-10 01:00:00,no2,PIIANN,11.25,11.149661
2025-04-04 09:00:00,no2,PIIANN,11.32,13.005138
2022-12-07 22:00:00,no2,PIIANN,13.45,16.259857
2025-03-02 14:00:00,no2,PIIANN,4.07,5.9264812
2025-09-03 12:00:00,no2,PIIANN,7.07,9.3739805
2021-02-05 00:00:00,no2,PIIANN,3.85,11.716893
2025-12-01 12:00:00,no2,PIIANN,17.3,7.5606256
2024-08-10 02:00:00,no2,PIIANN,12.1,10.192111
2025-08-02 03:00:00,no2,PIIANN,16.4,16.532263
2021-01-03 11:00:00,no2,PIIANN,15.65,11.239994
2023-10-05 21:00:00,no2,PIIANN,14.2,15.5336485
2021-09-12 08:00:00,no2,PIIANN,11.48,11.148548
2021-10-12 14:00:00,no2,PIIANN,21.45,17.158813
2024-12-10 09:00:00,no2,PIIANN,9.02,11.235776
2024-08-09 07:00:00,no2,PIIANN,14.62,13.894863
2023-12-06 17:00:00,no2,PIIANN,20.475,17.03739
2024-01-05 02:00:00,no2,PIIANN,6.22,6.2795873
2023-02-04 10:00:00,no2,PIIANN,7.75,7.784567
2025-10-12 00:00:00,no2,PIIANN,1.6299996,3.8926291
2025-08-01 09:00:00,no2,PIIANN,11.23,14.00948
2021-03-01 22:00:00,no2,PIIANN,7.12,8.859817
2022-05-03 06:00:00,no2,PIIANN,10.55,11.58093
2021-02-06 23:00:00,no2,PIIANN,2.2999997,3.8627162
2022-10-12 00:00:00,no2,PIIANN,8.975,12.726391
2022-08-06 16:00:00,no2,PIIANN,11.52,8.137879
2022-04-04 14:00:00,no2,PIIANN,5.35,6.624782
2025-04-05 08:00:00,no2,PIIANN,12.48,9.961439
2021-01-06 04:00:00,no2,PIIANN,4.8499994,5.490818
2023-12-09 03:00:00,no2,PIIANN,13.4,19.463581
2024-03-08 17:00:00,no2,PIIANN,16.42,14.027676
2021-06-04 04:00:00,no2,PIIANN,4.97,5.5649195
2024-04-07 10:00:00,no2,PIIANN,15.42,18.43377
2025-02-11 11:00:00,no2,PIIANN,10.06,10.366565
2021-03-05 20:00:00,no2,PIIANN,6.05,6.237835
2024-05-05 03:00:00,no2,PIIANN,7.32,7.3864827
2024-03-12 00:00:00,no2,PIIANN,9.62,13.710916
2024-07-01 13:00:00,no2,PIIANN,15.25,18.240732
2022-03-10 17:00:00,no2,PIIANN,13.58,10.493274
2024-05-06 13:00:00,no2,PIIANN,11.32,12.398048
2021-09-10 23:00:00,no2,PIIANN,19.7,20.31478
2024-02-09 20:00:00,no2,PIIANN,16.42,22.26918
2022-07-11 09:00:00,no2,PIIANN,7.565,9.909365
2022-08-10 14:00:00,no2,PIIANN,6.42,9.251016
2021-10-07 22:00:00,no2,PIIANN,15.5,16.710249
2024-06-04 04:00:00,no2,PIIANN,11.28,11.984421
2021-10-03 22:00:00,no2,PIIANN,5.45,6.3079276
2024-07-06 11:00:00,no2,PIIANN,17.1,14.396636
2023-10-03 02:00:00,no2,PIIANN,20.925,16.570189
2023-02-07 02:00:00,no2,PIIANN,24.355,22.829851
2025-08-07 00:00:00,no2,PIIANN,14.22,13.594648
2021-03-02 06:00:00,no2,PIIANN,11.35,9.531207
2023-10-03 12:00:00,no2,PIIANN,7.8,9.450572
2025-07-01 20:00:00,no2,PIIANN,21.18,23.867823
2025-11-09 02:00:00,no2,PIIANN,4.7799997,6.829822
2022-09-10 07:00:00,no2,PIIANN,1.4000001,5.201533
2025-05-10 02:00:00,no2,PIIANN,8.19,8.065304
2025-12-02 16:00:00,no2,PIIANN,9.25,10.465507
2025-07-10 19:00:00,no2,PIIANN,7.81,9.814677
2022-12-03 05:00:00,no2,PIIANN,19.27,15.684641
2024-08-10 08:00:00,no2,PIIANN,17.45,16.44232
2023-09-01 08:00:00,no2,PIIANN,21.625,18.68301
2022-05-07 15:00:00,no2,PIIANN,9.9,10.058727
2022-09-09 18:00:00,no2,PIIANN,14.22,15.249316
2024-12-05 06:00:00,no2,PIIANN,9.93,10.475125
2024-08-07 00:00:00,no2,PIIANN,9.48,11.97786
2022-04-03 19:00:00,no2,PIIANN,11.65,13.138661
2025-01-05 09:00:00,no2,PIIANN,11.95,11.609994
2023-12-11 21:00:00,no2,PIIANN,37.2,30.462194
2021-03-10 20:00:00,no2,PIIANN,10.72,9.56585
2021-12-05 04:00:00,no2,PIIANN,1.9500003,4.8385625
2023-06-11 19:00:00,no2,PIIANN,9.425,10.06739
2022-04-12 17:00:00,no2,PIIANN,15.38,17.347784
2023-07-01 20:00:00,no2,PIIANN,20.7,18.879313
2022-06-10 21:00:00,no2,PIIANN,14.5,14.056432
2023-03-08 21:00:00,no2,PIIANN,16.925,18.25128
2024-01-06 04:00:00,no2,PIIANN,11.52,11.0384035
2025-06-02 22:00:00,no2,PIIANN,11.0,9.259484
2023-05-10 14:00:00,no2,PIIANN,16.7,14.090088
2023-05-09 17:00:00,no2,PIIANN,23.725,27.126245
2025-10-10 05:00:00,no2,PIIANN,4.36,6.421601
2021-01-09 02:00:00,no2,PIIANN,8.95,7.8148227
2025-11-05 01:00:00,no2,PIIANN,8.25,11.454219
2022-12-09 09:00:00,no2,PIIANN,10.85,11.6523695
2022-05-09 21:00:00,no2,PIIANN,9.07,9.145422
2023-04-05 23:00:00,no2,PIIANN,17.6215,15.581218
2024-06-04 11:00:00,no2,PIIANN,12.97,11.864357
2022-03-05 19:00:00,no2,PIIANN,10.95,8.468868
2024-01-01 11:00:00,no2,PIIANN,14.73,9.843971
2024-06-12 11:00:00,no2,PIIANN,7.7,7.1672454
2022-04-07 21:00:00,no2,PIIANN,17.3,18.424463
2024-09-12 02:00:00,no2,PIIANN,7.2,15.321473
2021-12-10 08:00:00,no2,PIIANN,11.2,11.936108
2024-12-08 01:00:00,no2,PIIANN,7.58,10.424579
2024-04-06 04:00:00,no2,PIIANN,9.82,9.224571
2023-09-11 23:00:00,no2,PIIANN,22.375,29.841305
2022-01-01 11:00:00,no2,PIIANN,8.1,8.469699
2024-07-06 23:00:00,no2,PIIANN,10.18,12.333203
2024-12-05 10:00:00,no2,PIIANN,7.18,8.348157
2022-03-04 06:00:00,no2,PIIANN,9.48,8.012299
2023-07-01 17:00:00,no2,PIIANN,24.575,17.567417
2024-03-01 23:00:00,no2,PIIANN,9.45,10.466312
2022-11-01 09:00:00,no2,PIIANN,7.52,8.62925
2025-10-09 03:00:00,no2,PIIANN,5.28,5.3473077
2021-10-01 10:00:00,no2,PIIANN,14.05,7.7624083
2023-12-04 06:00:00,no2,PIIANN,15.225,14.586249
2023-05-03 08:00:00,no2,PIIANN,15.95,16.252474
2025-08-08 14:00:00,no2,PIIANN,11.85,14.553639
2025-06-04 05:00:00,no2,PIIANN,12.82,14.335791
2021-10-03 16:00:00,no2,PIIANN,3.6,5.604161
2024-02-09 12:00:00,no2,PIIANN,11.65,12.387985
2025-01-08 05:00:00,no2,PIIANN,7.19,7.7085114
2024-04-11 17:00:00,no2,PIIANN,10.72,9.490445
2025-01-12 10:00:00,no2,PIIANN,0.72999996,2.3804603
2024-11-04 08:00:00,no2,PIIANN,7.9499993,10.094788
2023-11-10 16:00:00,no2,PIIANN,18.1,15.433215
2025-12-07 22:00:00,no2,PIIANN,28.78,22.259884
2025-02-03 01:00:00,no2,PIIANN,15.98,15.123254
2022-04-09 12:00:00,no2,PIIANN,9.15,9.861346
2025-05-04 23:00:00,no2,PIIANN,10.8,9.763474
2021-10-03 03:00:00,no2,PIIANN,4.8,6.8875804
2022-07-06 11:00:00,no2,PIIANN,16.13,13.544546
2025-03-04 18:00:00,no2,PIIANN,11.22,10.786665
2024-11-03 17:00:00,no2,PIIANN,6.25,7.1776595
2021-09-06 01:00:00,no2,PIIANN,7.75,5.4963527
2023-11-03 20:00:00,no2,PIIANN,16.925,16.867245
2021-07-06 09:00:00,no2,PIIANN,7.65,7.4835787
2025-02-09 01:00:00,no2,PIIANN,9.06,13.678694
2021-11-04 17:00:00,no2,PIIANN,3.6200004,4.3169045
2023-10-05 04:00:00,no2,PIIANN,13.425,14.345214
2021-02-08 10:00:00,no2,PIIANN,6.45,5.3655596
2025-11-10 20:00:00,no2,PIIANN,12.82,12.966394
2022-05-01 16:00:00,no2,PIIANN,22.02,23.72379
2021-10-06 21:00:00,no2,PIIANN,5.52,8.236077
2024-04-04 07:00:00,no2,PIIANN,10.8,11.0055685
2024-01-09 07:00:00,no2,PIIANN,12.3,13.234286
2021-05-11 21:00:00,no2,PIIANN,11.15,11.915741
2022-02-04 20:00:00,no2,PIIANN,10.62,9.486568
2021-02-10 19:00:00,no2,PIIANN,6.5,6.8904
2022-01-08 11:00:00,no2,PIIANN,9.2,8.6246
2023-07-11 21:00:00,no2,PIIANN,15.1,11.993143
2022-03-11 10:00:00,no2,PIIANN,4.9,5.320082
2022-04-03 18:00:00,no2,PIIANN,13.42,10.148188
2024-02-09 13:00:00,no2,PIIANN,11.88,11.692579
2024-03-04 08:00:00,no2,PIIANN,12.12,13.272147
2025-12-03 13:00:00,no2,PIIANN,7.02,8.0398245
2025-04-03 02:00:00,no2,PIIANN,20.9485,19.603655
2025-04-04 17:00:00,no2,PIIANN,5.75,9.028325
2024-07-09 04:00:00,no2,PIIANN,9.93,9.845326
2023-09-09 01:00:00,no2,PIIANN,16.0,16.331202
2023-08-11 17:00:00,no2,PIIANN,13.8,14.321066
2024-06-12 07:00:00,no2,PIIANN,5.4800005,7.7931294
2021-05-05 16:00:00,no2,PIIANN,2.3800006,3.661224
2023-12-10 15:00:00,no2,PIIANN,8.55,9.640773
2022-05-11 19:00:00,no2,PIIANN,9.3,9.560516
2024-12-04 02:00:00,no2,PIIANN,5.1800003,6.309463
2023-12-04 18:00:00,no2,PIIANN,16.025,16.96337
2022-08-07 06:00:00,no2,PIIANN,8.9,10.668813
2024-12-06 11:00:00,no2,PIIANN,11.8,11.129039
2021-01-07 02:00:00,no2,PIIANN,4.43,4.358389
2024-01-02 12:00:00,no2,PIIANN,6.83,7.4834223
2023-05-03 13:00:00,no2,PIIANN,8.5,9.532152
2023-05-11 14:00:00,no2,PIIANN,6.625,9.720954
2025-03-10 01:00:00,no2,PIIANN,9.58,9.786302
2024-04-07 01:00:00,no2,PIIANN,12.7,15.141403
2022-10-11 16:00:00,no2,PIIANN,15.12,12.575252
2023-05-01 17:00:00,no2,PIIANN,12.85,11.394269
2025-07-09 19:00:00,no2,PIIANN,7.15,6.9972143
2023-11-01 17:00:00,no2,PIIANN,26.925,17.06994
2025-07-06 07:00:00,no2,PIIANN,24.75,28.891956
2024-04-02 21:00:00,no2,PIIANN,6.82,7.929906
2021-04-03 14:00:00,no2,PIIANN,7.15,5.8096294
2023-11-07 01:00:00,no2,PIIANN,17.76,17.823977
2021-06-06 09:00:00,no2,PIIANN,4.9,6.554268
2025-11-04 19:00:00,no2,PIIANN,11.05,10.880147
2022-03-12 03:00:00,no2,PIIANN,12.35,9.398652
2024-08-08 09:00:00,no2,PIIANN,21.78,18.207779
2024-04-07 19:00:00,no2,PIIANN,29.1,21.948761
2022-03-06 03:00:00,no2,PIIANN,13.77,14.411668
2022-09-06 01:00:00,no2,PIIANN,15.9,12.819544
2021-06-12 05:00:00,no2,PIIANN,17.12,13.0415535
2022-01-04 22:00:00,no2,PIIANN,10.48,9.971162
2022-06-05 19:00:00,no2,PIIANN,11.1,11.011033
2023-10-11 14:00:00,no2,PIIANN,11.875,9.489038
2023-03-02 07:00:00,no2,PIIANN,12.1,11.428078
2023-11-10 08:00:00,no2,PIIANN,25.85,22.52248
2023-10-11 16:00:00,no2,PIIANN,19.025,25.884867
2024-08-08 20:00:00,no2,PIIANN,20.82,18.22281
2022-12-04 00:00:00,no2,PIIANN,6.2,18.349056
2023-03-12 23:00:00,no2,PIIANN,5.3250003,9.376379
2022-06-07 18:00:00,no2,PIIANN,11.8,12.7594385
2024-07-06 03:00:00,no2,PIIANN,34.0,36.764023
2021-08-05 12:00:00,no2,PIIANN,4.4,4.670707
2023-11-03 23:00:00,no2,PIIANN,12.4,14.316981
2024-07-07 01:00:00,no2,PIIANN,11.92,11.7183275
2024-01-01 20:00:00,no2,PIIANN,11.55,13.009836
2022-08-05 04:00:00,no2,PIIANN,7.85,8.663792
2024-04-11 14:00:00,no2,PIIANN,11.65,7.377576
2022-11-07 21:00:00,no2,PIIANN,11.92,14.2828045
2024-06-03 12:00:00,no2,PIIANN,10.77,13.88824
2025-07-02 03:00:00,no2,PIIANN,16.75,21.433012
2025-11-03 05:00:00,no2,PIIANN,20.42,19.841774
2021-05-01 15:00:00,no2,PIIANN,10.42,16.194826
2021-10-10 19:00:00,no2,PIIANN,32.67,30.026268
2023-08-04 15:00:00,no2,PIIANN,8.225,7.459162
2024-08-07 09:00:00,no2,PIIANN,24.68,20.094614
2024-09-07 23:00:00,no2,PIIANN,13.85,17.159245
2021-03-11 05:00:00,no2,PIIANN,7.55,7.614343
2023-08-04 05:00:00,no2,PIIANN,9.4,9.106483
2022-11-09 04:00:00,no2,PIIANN,7.35,8.454957
2021-03-01 20:00:00,no2,PIIANN,7.9,8.14381
2022-03-02 01:00:00,no2,PIIANN,15.85,13.918239
2025-04-06 03:00:00,no2,PIIANN,8.93,8.384756
2024-06-08 23:00:00,no2,PIIANN,21.05,25.137035
2021-06-12 14:00:00,no2,PIIANN,12.32,11.690458
2023-02-03 19:00:00,no2,PIIANN,29.375,19.524708
2024-08-06 23:00:00,no2,PIIANN,12.12,13.680473
2021-11-02 14:00:00,no2,PIIANN,6.65,6.2100577
2024-04-05 22:00:00,no2,PIIANN,10.02,10.10453
2025-06-03 07:00:00,no2,PIIANN,16.53,14.295808
2025-12-07 13:00:00,no2,PIIANN,5.5,8.280311
2025-01-07 19:00:00,no2,PIIANN,25.92,19.317223
2024-01-06 19:00:00,no2,PIIANN,10.0,9.019101
2022-09-07 06:00:00,no2,PIIANN,9.6,10.774777
2025-11-12 02:00:00,no2,PIIANN,1.27,1.5756354
2021-08-01 11:00:00,no2,PIIANN,6.25,5.905129
2023-01-06 23:00:00,no2,PIIANN,30.525,27.95222
2021-08-09 23:00:00,no2,PIIANN,13.88,16.457949
2022-11-09 17:00:00,no2,PIIANN,9.1,9.744634
2024-01-03 05:00:00,no2,PIIANN,15.65,15.531763
2022-01-10 10:00:00,no2,PIIANN,9.4,10.982777
2025-02-04 10:00:00,no2,PIIANN,11.5,13.913373
2022-02-10 20:00:00,no2,PIIANN,11.68,12.79373
2025-06-03 02:00:00,no2,PIIANN,9.43,10.539878
2021-05-07 21:00:00,no2,PIIANN,7.6,7.4728546
2021-05-03 04:00:00,no2,PIIANN,13.48,13.689962
2022-07-10 07:00:00,no2,PIIANN,10.05,10.034952
2022-12-08 01:00:00,no2,PIIANN,9.1,11.65364
2023-09-12 11:00:00,no2,PIIANN,10.78,12.496686
2021-04-10 06:00:00,no2,PIIANN,10.48,9.239588
2024-11-05 02:00:00,no2,PIIANN,5.78,5.2135377
2022-08-02 19:00:00,no2,PIIANN,11.5,12.98435
2021-07-02 08:00:00,no2,PIIANN,12.75,11.488379
2025-06-09 04:00:00,no2,PIIANN,4.58,-0.98623806
2022-04-04 23:00:00,no2,PIIANN,5.2,6.0925403
2024-02-08 00:00:00,no2,PIIANN,11.15,13.195876
2023-05-11 05:00:00,no2,PIIANN,18.575,19.311384
2021-10-07 21:00:00,no2,PIIANN,17.2,17.352139
2023-03-03 22:00:00,no2,PIIANN,19.85,20.211119
2023-09-01 19:00:00,no2,PIIANN,22.575,23.414026
2023-08-08 17:00:00,no2,PIIANN,15.7,15.262586
2025-10-03 13:00:00,no2,PIIANN,12.98,10.436268
2023-08-05 11:00:00,no2,PIIANN,15.033334,12.599149
2023-09-04 06:00:00,no2,PIIANN,11.625,9.6723995
2022-02-11 08:00:00,no2,PIIANN,7.15,8.985864
2023-02-03 15:00:00,no2,PIIANN,7.9,8.6948185
2022-07-10 02:00:00,no2,PIIANN,7.05,10.341006
2022-06-08 01:00:00,no2,PIIANN,12.55,12.347289
2022-06-08 09:00:00,no2,PIIANN,9.8,9.576874
2023-03-06 03:00:00,no2,PIIANN,17.45,16.39348
2023-11-08 09:00:00,no2,PIIANN,23.325,22.445988
2024-03-06 23:00:00,no2,PIIANN,17.12,20.060104
2023-04-03 03:00:00,no2,PIIANN,22.75,19.473343
2023-02-11 13:00:00,no2,PIIANN,12.45,17.16145
2024-10-01 15:00:00,no2,PIIANN,7.35,9.128704
2023-11-11 08:00:00,no2,PIIANN,13.825,12.634742
2022-09-05 15:00:00,no2,PIIANN,15.15,14.601176
2021-01-12 08:00:00,no2,PIIANN,8.73,7.9837494
2025-01-05 13:00:00,no2,PIIANN,8.98,9.321824
2021-05-11 09:00:00,no2,PIIANN,5.2499995,3.9620256
2022-03-10 15:00:00,no2,PIIANN,10.02,11.152844
2023-08-10 00:00:00,no2,PIIANN,11.775,15.405679
2025-10-02 19:00:00,no2,PIIANN,21.72,14.725678
2021-02-01 16:00:00,no2,PIIANN,10.2,14.914456
2025-06-09 21:00:00,no2,PIIANN,6.92,7.6688843
2023-07-10 19:00:00,no2,PIIANN,23.975,26.070745
2022-11-03 01:00:00,no2,PIIANN,16.68,12.613788
2023-10-01 10:00:00,no2,PIIANN,21.425,15.318562
2022-11-11 20:00:00,no2,PIIANN,4.65,8.918701
2021-06-02 07:00:00,no2,PIIANN,17.2,13.588088
2022-10-08 04:00:00,no2,PIIANN,7.0,8.057922
2024-11-06 01:00:00,no2,PIIANN,13.58,13.149743
2021-09-07 03:00:00,no2,PIIANN,8.22,11.133324
2022-01-09 21:00:00,no2,PIIANN,14.18,13.535617
2025-03-10 13:00:00,no2,PIIANN,5.67,7.5660067
2022-08-09 21:00:00,no2,PIIANN,20.2,22.012604
2022-02-10 15:00:00,no2,PIIANN,6.7,8.647569
2025-12-09 03:00:00,no2,PIIANN,7.97,7.6124706
2025-08-09 00:00:00,no2,PIIANN,7.03,11.1737995
2024-07-03 08:00:00,no2,PIIANN,25.2,19.155943
2022-04-10 03:00:00,no2,PIIANN,8.32,10.497325
2021-10-09 15:00:00,no2,PIIANN,6.4,7.527789
2021-07-04 04:00:00,no2,PIIANN,6.4,7.2692537
2023-02-11 16:00:00,no2,PIIANN,7.3,9.281929
2025-10-08 18:00:00,no2,PIIANN,5.6200004,6.920849
2023-05-03 22:00:00,no2,PIIANN,17.225,15.310157
2025-12-04 15:00:00,no2,PIIANN,15.1,13.907586
2023-05-05 14:00:00,no2,PIIANN,53.4,10.302626
2021-11-10 07:00:00,no2,PIIANN,15.8,14.900763
2021-04-04 12:00:00,no2,PIIANN,8.1,6.39759
2023-02-05 03:00:00,no2,PIIANN,15.95,13.755528
2025-10-07 07:00:00,no2,PIIANN,11.02,13.560973
2025-05-08 23:00:00,no2,PIIANN,4.92,7.3782725
2025-11-02 00:00:00,no2,PIIANN,19.67,12.527561
2025-09-05 14:00:00,no2,PIIANN,10.85,12.501445
2025-10-11 23:00:00,no2,PIIANN,4.1899996,5.7004647
2023-07-11 04:00:00,no2,PIIANN,7.925,11.355199
2021-10-04 16:00:00,no2,PIIANN,10.78,12.758412
2022-07-06 19:00:00,no2,PIIANN,12.119473,12.283911
2025-01-02 12:00:00,no2,PIIANN,8.4,11.385334
2024-01-12 10:00:00,no2,PIIANN,5.6200004,6.3215322
2025-11-02 15:00:00,no2,PIIANN,7.15,8.772189
2025-01-10 16:00:00,no2,PIIANN,6.59,7.8308454
2024-09-02 19:00:00,no2,PIIANN,11.85,13.22304
2023-01-12 00:00:00,no2,PIIANN,17.9,14.778148
2023-10-04 23:00:00,no2,PIIANN,9.95,10.531098
2023-06-02 06:00:00,no2,PIIANN,22.275,19.653301
2021-05-06 06:00:00,no2,PIIANN,5.92,5.1934223
2024-09-11 14:00:00,no2,PIIANN,17.02,17.338581
2022-08-08 23:00:00,no2,PIIANN,12.15,13.760101
2022-08-02 20:00:00,no2,PIIANN,10.27,13.381141
2022-06-12 14:00:00,no2,PIIANN,11.78,15.351658
2024-04-09 07:00:00,no2,PIIANN,15.6,15.743996
2021-12-07 12:00:00,no2,PIIANN,7.0,7.970832
2021-12-09 20:00:00,no2,PIIANN,14.38,15.869888
2025-10-11 06:00:00,no2,PIIANN,9.03,7.992071
2024-12-04 01:00:00,no2,PIIANN,5.22,6.1289396
2023-02-05 16:00:00,no2,PIIANN,13.1,11.875774
2023-08-09 16:00:00,no2,PIIANN,25.4,14.559056
2024-06-08 22:00:00,no2,PIIANN,27.52,23.874426
2023-03-07 01:00:00,no2,PIIANN,17.653847,17.33556
2024-02-08 08:00:00,no2,PIIANN,11.25,12.68542
2021-03-13 01:00:00,no2,PIIANN,13.265646,11.138819
2025-11-12 11:00:00,no2,PIIANN,1.1799998,1.5725102
2025-04-05 01:00:00,no2,PIIANN,7.25,7.418778
2024-11-01 14:00:00,no2,PIIANN,10.8,8.512598
2022-12-02 00:00:00,no2,PIIANN,9.35,7.5433664
2023-02-11 00:00:00,no2,PIIANN,14.675,12.269012
2024-10-03 23:00:00,no2,PIIANN,5.28,7.039199
2025-04-04 14:00:00,no2,PIIANN,8.2,10.654459
2024-07-12 23:00:00,no2,PIIANN,4.55,6.663055
2024-07-10 08:00:00,no2,PIIANN,13.98,16.747967
2025-02-01 18:00:00,no2,PIIANN,13.35,21.821966
2022-05-05 11:00:00,no2,PIIANN,13.77,11.990237
2022-08-03 20:00:00,no2,PIIANN,11.9,12.736205
2025-07-11 22:00:00,no2,PIIANN,31.24,24.643757
2023-02-08 12:00:00,no2,PIIANN,11.766666,12.326614
2022-05-10 02:00:00,no2,PIIANN,10.05,10.614762
2022-05-09 14:00:00,no2,PIIANN,7.35,8.559285
2021-01-05 08:00:00,no2,PIIANN,3.4200006,7.2702193
2021-11-05 03:00:00,no2,PIIANN,1.5000005,2.9617572
2021-12-04 00:00:00,no2,PIIANN,4.35,8.86419
2022-10-08 01:00:00,no2,PIIANN,8.43,10.720094
2022-10-04 07:00:00,no2,PIIANN,10.65,8.917129
2025-05-10 18:00:00,no2,PIIANN,13.2,11.878054
2025-08-08 17:00:00,no2,PIIANN,6.68,10.390593
2023-11-08 18:00:00,no2,PIIANN,19.825,17.803938
2025-11-11 16:00:00,no2,PIIANN,6.04,5.5142617
2024-07-02 10:00:00,no2,PIIANN,16.5,13.950278
2024-03-01 17:00:00,no2,PIIANN,11.3,10.686223
2024-03-02 07:00:00,no2,PIIANN,17.62,16.909956
2022-09-10 17:00:00,no2,PIIANN,1.2999997,3.2095428
2021-11-08 10:00:00,no2,PIIANN,6.8,7.654364
2024-04-08 06:00:00,no2,PIIANN,12.25,12.548572
2024-07-05 05:00:00,no2,PIIANN,5.82,6.1785507
2024-07-04 03:00:00,no2,PIIANN,10.05,9.074055
2023-02-03 10:00:00,no2,PIIANN,12.25,14.988771
2023-08-08 16:00:00,no2,PIIANN,14.4,13.17966
2021-03-02 05:00:00,no2,PIIANN,9.4,8.301548
2025-06-09 16:00:00,no2,PIIANN,7.47,7.407045
2022-12-02 02:00:00,no2,PIIANN,8.95,9.10504
2024-12-06 17:00:00,no2,PIIANN,13.2,11.78157
2024-01-09 03:00:00,no2,PIIANN,10.0,11.967043
2021-03-10 23:00:00,no2,PIIANN,12.42,10.362497
2025-10-01 20:00:00,no2,PIIANN,8.55,12.428743
2023-08-01 12:00:00,no2,PIIANN,22.666666,21.475409
2021-08-08 09:00:00,no2,PIIANN,7.7,9.088536
2022-07-12 01:00:00,no2,PIIANN,17.2,17.183071
2021-06-11 23:00:00,no2,PIIANN,6.7,11.396103
2023-02-12 08:00:00,no2,PIIANN,9.875,8.897305
2024-02-11 02:00:00,no2,PIIANN,21.95,16.97682
2021-11-03 12:00:00,no2,PIIANN,7.2,4.7637305
2024-06-02 18:00:00,no2,PIIANN,7.32,8.442371
2024-07-02 13:00:00,no2,PIIANN,7.85,9.831718
2021-07-02 01:00:00,no2,PIIANN,14.78,13.293219
2021-06-11 12:00:00,no2,PIIANN,9.28,8.703026
2024-11-03 23:00:00,no2,PIIANN,9.12,10.235092
2022-03-11 07:00:00,no2,PIIANN,2.35,5.325982
2022-01-08 15:00:00,no2,PIIANN,12.22,13.24814
2024-03-08 02:00:00,no2,PIIANN,10.72,12.705485
2021-05-08 08:00:00,no2,PIIANN,5.8,7.509354
2024-05-10 22:00:00,no2,PIIANN,23.78,18.9263
2022-10-06 06:00:00,no2,PIIANN,11.95,14.991357
2024-06-08 10:00:00,no2,PIIANN,13.08,13.76314
2024-08-10 05:00:00,no2,PIIANN,16.4,13.435586
2021-05-09 07:00:00,no2,PIIANN,10.65,9.989693
2022-03-12 01:00:00,no2,PIIANN,9.07,9.027592
2022-05-02 10:00:00,no2,PIIANN,12.25,11.345413
2022-02-04 19:00:00,no2,PIIANN,9.55,8.888983
2021-11-04 02:00:00,no2,PIIANN,4.25,5.131934
2021-11-06 07:00:00,no2,PIIANN,5.5499997,4.328489
2022-01-10 03:00:00,no2,PIIANN,8.62,8.790361
2022-03-11 21:00:00,no2,PIIANN,12.55,14.095493
2023-06-03 23:00:00,no2,PIIANN,16.25,19.36982
2025-09-06 01:00:00,no2,PIIANN,10.45,12.514764
2025-10-05 16:00:00,no2,PIIANN,9.78,9.914529
2022-04-06 20:00:00,no2,PIIANN,15.2,18.973438
2023-03-12 15:00:00,no2,PIIANN,9.1,11.517243
2022-06-09 00:00:00,no2,PIIANN,4.15,14.700207
2022-01-09 13:00:00,no2,PIIANN,16.15,16.411
2024-04-01 12:00:00,no2,PIIANN,9.43,12.944866
2022-02-07 15:00:00,no2,PIIANN,9.3,8.111273
2022-05-03 10:00:00,no2,PIIANN,10.8,10.543186
2022-04-10 17:00:00,no2,PIIANN,10.75,10.856565
2024-03-02 06:00:00,no2,PIIANN,17.92,12.467868
2022-10-05 06:00:00,no2,PIIANN,16.12,14.49325
2022-09-11 11:00:00,no2,PIIANN,12.47,11.37886
2024-10-02 02:00:00,no2,PIIANN,5.07,6.5314927
2025-05-08 19:00:00,no2,PIIANN,5.84,6.167318
2022-10-02 07:00:00,no2,PIIANN,15.7,15.963334
2025-07-08 05:00:00,no2,PIIANN,12.12,8.971051
2022-05-03 09:00:00,no2,PIIANN,9.9,11.724265
2021-04-06 19:00:00,no2,PIIANN,3.52,3.8465848
2025-06-01 21:00:00,no2,PIIANN,25.62,20.492695
2023-09-04 08:00:00,no2,PIIANN,10.975,15.752771
2023-09-09 05:00:00,no2,PIIANN,16.375,14.983945
2021-12-10 19:00:00,no2,PIIANN,28.15,18.585768
2024-01-07 21:00:00,no2,PIIANN,22.82,24.34654
2021-07-05 07:00:00,no2,PIIANN,2.9,6.5363293
2024-02-09 06:00:00,no2,PIIANN,13.28,13.63332
2025-08-02 15:00:00,no2,PIIANN,4.5,5.931944
2025-12-04 03:00:00,no2,PIIANN,17.1,13.201682
2023-01-11 17:00:00,no2,PIIANN,25.500002,24.092916
2025-11-09 03:00:00,no2,PIIANN,4.2,5.8826556
2023-08-05 19:00:00,no2,PIIANN,17.6,17.087095
2022-01-07 16:00:00,no2,PIIANN,9.15,9.945132
2021-03-11 13:00:00,no2,PIIANN,14.15,12.140869
2024-01-02 00:00:00,no2,PIIANN,7.7,12.122524
2024-11-06 04:00:00,no2,PIIANN,13.08,12.805478
2024-09-11 00:00:00,no2,PIIANN,11.65,11.053537
2022-04-12 03:00:00,no2,PIIANN,9.5,10.509987
2021-12-01 18:00:00,no2,PIIANN,23.42,22.566895
2022-10-06 04:00:00,no2,PIIANN,18.2,14.892662
2025-02-01 08:00:00,no2,PIIANN,14.23,17.668198
2025-04-08 22:00:00,no2,PIIANN,8.9,7.875911
2025-03-10 10:00:00,no2,PIIANN,10.49,11.32416
2024-03-05 01:00:00,no2,PIIANN,6.07,5.731301
2022-02-09 03:00:00,no2,PIIANN,6.55,6.1615186
2023-11-04 05:00:00,no2,PIIANN,15.65,11.799043
2022-12-06 21:00:00,no2,PIIANN,9.07,8.778744
2024-10-11 19:00:00,no2,PIIANN,15.25,24.079376
2024-09-09 00:00:00,no2,PIIANN,18.27,20.88435
2022-01-03 05:00:00,no2,PIIANN,13.38,11.796064
2022-03-04 09:00:00,no2,PIIANN,8.48,8.682511
2024-08-11 08:00:00,no2,PIIANN,9.45,11.932176
2025-10-06 00:00:00,no2,PIIANN,19.48,11.295791
2021-04-01 17:00:00,no2,PIIANN,9.0,9.264024
2023-11-06 05:00:00,no2,PIIANN,12.85,13.241444
2023-08-11 12:00:00,no2,PIIANN,14.166667,13.509636
2023-04-09 06:00:00,no2,PIIANN,14.8,12.621368
2022-10-01 13:00:00,no2,PIIANN,8.25,6.6195292
2022-07-02 17:00:00,no2,PIIANN,11.82,9.785812
2021-01-09 09:00:00,no2,PIIANN,19.0,17.680267
2022-03-02 18:00:00,no2,PIIANN,9.6,9.737246
2022-02-07 17:00:00,no2,PIIANN,13.9,9.5047245
2025-03-08 21:00:00,no2,PIIANN,10.13,11.295775
2021-06-09 01:00:00,no2,PIIANN,4.65,5.86639
2024-12-11 07:00:00,no2,PIIANN,8.12,8.046948
2024-10-06 05:00:00,no2,PIIANN,13.22,12.6385355
2022-10-02 06:00:00,no2,PIIANN,15.0,14.074409
2024-06-03 04:00:00,no2,PIIANN,21.52,17.096916
2025-11-07 13:00:00,no2,PIIANN,8.05,7.3664913
2024-04-12 02:00:00,no2,PIIANN,5.42,5.580049
2021-07-05 06:00:00,no2,PIIANN,5.2,6.5202866
2021-02-08 12:00:00,no2,PIIANN,6.6,6.215454
2025-06-07 19:00:00,no2,PIIANN,14.92,13.138974
2024-12-09 18:00:00,no2,PIIANN,15.78,16.922956
2023-04-01 14:00:00,no2,PIIANN,11.275,10.814347
2022-11-03 23:00:00,no2,PIIANN,11.9,13.702481
2023-11-08 14:00:00,no2,PIIANN,15.925,19.512
2022-07-03 08:00:00,no2,PIIANN,8.62,9.561175
2024-07-06 12:00:00,no2,PIIANN,19.9,16.113707
2023-07-06 23:00:00,no2,PIIANN,20.025,26.011364
2025-09-11 10:00:00,no2,PIIANN,5.37,6.501424
2023-10-08 10:00:00,no2,PIIANN,15.4,17.401762
2022-05-03 16:00:00,no2,PIIANN,16.15,22.738724
2022-12-06 00:00:00,no2,PIIANN,12.85,12.187652
2025-01-01 09:00:00,no2,PIIANN,5.95,6.4427247
2022-09-05 12:00:00,no2,PIIANN,16.5,17.145782
2023-06-10 17:00:00,no2,PIIANN,37.75,31.220009
2022-12-07 13:00:00,no2,PIIANN,7.25,7.3623705
2022-07-09 20:00:00,no2,PIIANN,17.05,17.920118
2021-05-08 15:00:00,no2,PIIANN,5.42,7.198975
2023-07-11 23:00:00,no2,PIIANN,18.0,14.987762
2021-12-03 17:00:00,no2,PIIANN,5.0000005,5.7349963
2023-09-11 20:00:00,no2,PIIANN,29.05,18.22204
2025-05-06 14:00:00,no2,PIIANN,8.48,9.243696
2022-11-09 18:00:00,no2,PIIANN,11.48,10.664743
2022-04-06 08:00:00,no2,PIIANN,15.2,14.585385
2021-10-07 23:00:00,no2,PIIANN,15.95,15.439292
2023-11-05 04:00:00,no2,PIIANN,13.975,13.462492
2023-05-09 03:00:00,no2,PIIANN,9.8,10.807139
2024-12-06 20:00:00,no2,PIIANN,30.08,24.127127
2023-01-01 19:00:00,no2,PIIANN,12.175,12.433374
2023-01-09 17:00:00,no2,PIIANN,16.3,12.750463
2021-09-12 10:00:00,no2,PIIANN,7.7,9.477033
2022-01-08 12:00:00,no2,PIIANN,12.23,8.910358
2025-05-08 09:00:00,no2,PIIANN,10.82,9.319765
2025-11-07 20:00:00,no2,PIIANN,12.78,14.387302
2024-07-11 09:00:00,no2,PIIANN,16.32,13.535083
2024-12-09 01:00:00,no2,PIIANN,11.05,11.682518
2023-01-09 23:00:00,no2,PIIANN,11.325,12.867439
2021-04-02 17:00:00,no2,PIIANN,9.25,7.711471
2021-10-08 00:00:00,no2,PIIANN,3.52,15.037964
2024-02-10 14:00:00,no2,PIIANN,10.35,9.742152
2021-07-01 18:00:00,no2,PIIANN,7.22,7.488752
2023-01-03 06:00:00,no2,PIIANN,15.65,14.307185
2021-11-06 05:00:00,no2,PIIANN,3.85,4.0518007
2023-02-10 10:00:00,no2,PIIANN,12.4,10.903723
2024-02-12 00:00:00,no2,PIIANN,6.2,9.892881
2021-07-10 05:00:00,no2,PIIANN,11.78,11.976187
2022-11-08 06:00:00,no2,PIIANN,11.6,10.801992
2023-04-08 20:00:00,no2,PIIANN,20.525,19.437391
2021-01-11 03:00:00,no2,PIIANN,6.38,6.8960905
2022-10-06 02:00:00,no2,PIIANN,12.45,11.831535
2021-11-06 10:00:00,no2,PIIANN,6.92,6.3083196
2022-06-01 18:00:00,no2,PIIANN,10.4,10.310496
2024-01-01 16:00:00,no2,PIIANN,7.1,9.886312
2022-01-05 11:00:00,no2,PIIANN,10.2,9.985052
2025-01-08 16:00:00,no2,PIIANN,6.1,7.5369763
2025-05-09 11:00:00,no2,PIIANN,5.49,5.040832
2022-03-02 10:00:00,no2,PIIANN,14.9,14.680374
2025-05-07 03:00:00,no2,PIIANN,17.68,16.559376
2022-02-08 03:00:00,no2,PIIANN,8.25,9.40228
2025-02-06 16:00:00,no2,PIIANN,12.1,10.132045
2025-10-02 01:00:00,no2,PIIANN,23.22,17.008879
2025-11-06 10:00:00,no2,PIIANN,17.35,18.646532
2021-09-10 11:00:00,no2,PIIANN,9.65,10.073682
2024-12-10 01:00:00,no2,PIIANN,12.28,12.9852705
2024-09-10 18:00:00,no2,PIIANN,9.07,10.651982
2024-02-03 15:00:00,no2,PIIANN,7.2,7.796061
2024-03-05 12:00:00,no2,PIIANN,9.73,10.793291
2023-12-02 01:00:00,no2,PIIANN,30.325,26.51816
2021-05-06 22:00:00,no2,PIIANN,3.4500003,2.947269
2025-02-09 03:00:00,no2,PIIANN,5.84,7.564254
2024-05-09 23:00:00,no2,PIIANN,16.45,18.9308
2025-08-06 01:00:00,no2,PIIANN,8.35,11.698846
2025-11-08 12:00:00,no2,PIIANN,4.9,5.844996
2025-12-12 09:00:00,no2,PIIANN,0.65000004,1.2072644
2023-07-11 22:00:00,no2,PIIANN,17.0,13.438986
2022-02-11 18:00:00,no2,PIIANN,11.7,8.522582
2022-01-10 07:00:00,no2,PIIANN,10.05,10.099915
2024-02-03 13:00:00,no2,PIIANN,8.82,8.6418915
2023-03-06 08:00:00,no2,PIIANN,21.75,21.265623
2021-05-01 12:00:00,no2,PIIANN,18.7,15.960642
2023-01-12 22:00:00,no2,PIIANN,11.95,16.74045
2022-06-02 00:00:00,no2,PIIANN,7.8,12.623621
2023-12-04 08:00:00,no2,PIIANN,22.0,15.877027
2023-12-02 17:00:00,no2,PIIANN,15.175,16.10757
2022-11-11 15:00:00,no2,PIIANN,25.15,10.519471
2023-04-11 05:00:00,no2,PIIANN,12.225,14.951133
2024-04-08 13:00:00,no2,PIIANN,9.88,11.226462
2022-01-11 10:00:00,no2,PIIANN,14.25,11.691437
2021-07-02 22:00:00,no2,PIIANN,9.45,12.761005
2023-10-05 16:00:00,no2,PIIANN,12.65,12.680033
2023-07-04 22:00:00,no2,PIIANN,10.15,10.38406
2024-10-09 06:00:00,no2,PIIANN,11.32,10.9227705
2021-11-02 09:00:00,no2,PIIANN,14.25,13.540814
2021-04-10 07:00:00,no2,PIIANN,11.58,10.381148
2023-02-03 05:00:00,no2,PIIANN,19.5,18.637913
2023-04-01 20:00:00,no2,PIIANN,16.05,17.584904
2025-12-03 07:00:00,no2,PIIANN,12.88,10.931019
2023-02-06 10:00:00,no2,PIIANN,14.85,17.347954
2024-10-08 09:00:00,no2,PIIANN,12.0,10.907997
2023-01-04 19:00:00,no2,PIIANN,9.5,8.804891
2022-06-07 20:00:00,no2,PIIANN,12.193334,12.797317
2023-09-06 06:00:00,no2,PIIANN,13.975,16.583458
2021-05-05 11:00:00,no2,PIIANN,5.57,4.979858
2025-06-05 07:00:00,no2,PIIANN,17.82,15.972564
2025-03-07 22:00:00,no2,PIIANN,24.62,22.171043
2024-01-06 13:00:00,no2,PIIANN,12.2,12.952092
2023-09-08 08:00:00,no2,PIIANN,24.15,20.617752
2025-01-06 13:00:00,no2,PIIANN,7.55,7.7126827
2025-12-02 18:00:00,no2,PIIANN,15.6,11.045975
2023-10-12 22:00:00,no2,PIIANN,9.025,9.900452
2021-11-08 01:00:00,no2,PIIANN,7.35,9.940666
2023-01-09 22:00:00,no2,PIIANN,13.525,15.765784
2025-07-05 18:00:00,no2,PIIANN,13.3,14.1384945
2024-12-02 02:00:00,no2,PIIANN,11.7,8.800823
2023-10-01 22:00:00,no2,PIIANN,22.475,23.85223
2023-04-05 14:00:00,no2,PIIANN,11.575,10.749293
2025-01-01 16:00:00,no2,PIIANN,20.23,11.915602
2023-03-05 17:00:00,no2,PIIANN,11.5,12.882327
2024-10-09 14:00:00,no2,PIIANN,12.05,11.258382
2024-03-03 15:00:00,no2,PIIANN,7.12,8.061484
2022-10-03 06:00:00,no2,PIIANN,21.9,21.92795
2024-02-02 14:00:00,no2,PIIANN,9.02,9.217121
2025-08-06 12:00:00,no2,PIIANN,10.17,8.550462
2024-03-09 12:00:00,no2,PIIANN,15.65,18.016842
2024-12-07 00:00:00,no2,PIIANN,10.15,13.445291
2024-02-11 17:00:00,no2,PIIANN,8.78,8.289811
2024-12-03 10:00:00,no2,PIIANN,12.95,15.1314335
2023-08-05 05:00:00,no2,PIIANN,13.9,11.747314
2025-02-07 04:00:00,no2,PIIANN,8.6,8.582227
2024-02-01 11:00:00,no2,PIIANN,9.77,12.564894
2024-04-09 03:00:00,no2,PIIANN,19.27,22.58788
2025-09-06 17:00:00,no2,PIIANN,36.65,21.077219
2021-08-09 18:00:00,no2,PIIANN,16.58,17.364388
2023-01-02 07:00:00,no2,PIIANN,12.8,13.621761
2024-08-13 01:00:00,no2,PIIANN,13.864552,13.292416
2023-08-03 01:00:00,no2,PIIANN,16.575,15.845628
2022-01-11 02:00:00,no2,PIIANN,7.48,10.221924
2025-06-01 16:00:00,no2,PIIANN,16.05,19.435955
2022-09-03 00:00:00,no2,PIIANN,8.88,10.823095
2022-03-03 10:00:00,no2,PIIANN,12.82,14.556375
2022-06-06 09:00:00,no2,PIIANN,14.25,12.4121475
2024-08-02 14:00:00,no2,PIIANN,9.1,11.05782
2025-09-13 01:00:00,no2,PIIANN,0.25715965,-1.6802306
2021-08-04 18:00:00,no2,PIIANN,7.82,7.133259
2025-01-08 09:00:00,no2,PIIANN,7.17,12.820256
2021-04-05 00:00:00,no2,PIIANN,3.6799998,5.4938545
2024-04-02 06:00:00,no2,PIIANN,12.62,9.912683
2022-04-02 20:00:00,no2,PIIANN,10.4,12.270335
2023-03-12 10:00:00,no2,PIIANN,21.15,15.894039
2021-11-11 03:00:00,no2,PIIANN,8.78,9.394584
2021-12-04 20:00:00,no2,PIIANN,6.1,7.7682476
2025-07-03 23:00:00,no2,PIIANN,11.23,13.176577
2022-09-02 00:00:00,no2,PIIANN,8.4,8.984334
2021-09-06 00:00:00,no2,PIIANN,5.85,4.418343
2024-10-12 17:00:00,no2,PIIANN,7.2,9.104116
2022-11-04 20:00:00,no2,PIIANN,7.02,7.364188
2023-05-09 16:00:00,no2,PIIANN,29.05,21.130407
2024-02-03 04:00:00,no2,PIIANN,17.3,13.2379875
2021-06-10 05:00:00,no2,PIIANN,12.3,11.487835
2025-09-06 08:00:00,no2,PIIANN,11.92,12.247944
2022-08-09 06:00:00,no2,PIIANN,7.15,8.1957245
2024-03-07 16:00:00,no2,PIIANN,13.02,11.680122
2023-09-03 02:00:00,no2,PIIANN,14.3,16.77885
2023-03-03 10:00:00,no2,PIIANN,13.45,16.169828
2023-05-02 23:00:00,no2,PIIANN,19.375,17.058243
2025-09-09 20:00:00,no2,PIIANN,10.9,11.799528
2025-04-10 16:00:00,no2,PIIANN,4.92,19.123549
2022-11-12 07:00:00,no2,PIIANN,21.62,15.512057
2024-11-01 16:00:00,no2,PIIANN,20.78,18.97485
2023-01-05 17:00:00,no2,PIIANN,8.725,9.924116
2021-02-01 15:00:00,no2,PIIANN,15.92,16.647406
2025-02-11 03:00:00,no2,PIIANN,11.66,12.384286
2024-01-11 00:00:00,no2,PIIANN,15.58,11.594232
2024-10-12 02:00:00,no2,PIIANN,5.35,8.795208
2022-09-11 02:00:00,no2,PIIANN,6.22,8.272547
2023-11-09 14:00:00,no2,PIIANN,10.6,10.634726
2022-08-02 22:00:00,no2,PIIANN,9.4,11.592791
2024-10-02 22:00:00,no2,PIIANN,10.1,11.028623
2025-04-06 00:00:00,no2,PIIANN,8.5,13.494452
2022-07-11 12:00:00,no2,PIIANN,9.97,7.656428
2023-02-04 09:00:00,no2,PIIANN,8.55,8.528248
2025-11-02 01:00:00,no2,PIIANN,17.58,18.230827
2024-09-07 16:00:00,no2,PIIANN,17.0,13.698792
2025-01-05 01:00:00,no2,PIIANN,6.0,6.5811825
2022-11-07 20:00:00,no2,PIIANN,14.48,14.971518
2025-10-09 23:00:00,no2,PIIANN,13.24,18.68321
2024-03-05 03:00:00,no2,PIIANN,14.38,11.279049
2022-12-08 15:00:00,no2,PIIANN,9.68,8.957586
2023-08-10 15:00:00,no2,PIIANN,10.625,10.773544
2025-07-04 05:00:00,no2,PIIANN,10.48,10.4897785
2025-09-09 21:00:00,no2,PIIANN,9.78,11.699323
2024-07-02 02:00:00,no2,PIIANN,22.12,15.893051
2021-02-13 00:00:00,no2,PIIANN,8.596104,8.379054
2021-07-10 16:00:00,no2,PIIANN,7.12,6.983092
2023-09-04 19:00:00,no2,PIIANN,7.925,9.054122
2022-04-12 13:00:00,no2,PIIANN,12.35,12.328647
2022-11-05 03:00:00,no2,PIIANN,10.9,10.902219
2023-10-11 13:00:00,no2,PIIANN,8.925,9.025156
2025-07-02 06:00:00,no2,PIIANN,16.25,14.563446
2022-04-11 00:00:00,no2,PIIANN,9.3,9.934733
2023-12-10 00:00:00,no2,PIIANN,10.1,11.861532
2021-01-11 02:00:00,no2,PIIANN,5.98,6.8207893
2023-06-09 16:00:00,no2,PIIANN,16.575,14.508328
2021-11-11 06:00:00,no2,PIIANN,9.348,9.556659
2022-03-12 14:00:00,no2,PIIANN,8.7,6.681079
2024-11-04 02:00:00,no2,PIIANN,4.95,6.2465534
2024-11-06 00:00:00,no2,PIIANN,14.3,9.535699
2023-06-06 13:00:00,no2,PIIANN,8.733334,11.608495
2021-05-08 14:00:00,no2,PIIANN,5.38,6.998044
2023-09-03 15:00:00,no2,PIIANN,10.25,9.506962
2024-01-03 08:00:00,no2,PIIANN,13.58,17.324615
2022-12-05 02:00:00,no2,PIIANN,10.9,11.578798
2021-01-04 16:00:00,no2,PIIANN,15.0,10.594562
2025-04-10 05:00:00,no2,PIIANN,4.5700006,7.3776665
2022-11-01 19:00:00,no2,PIIANN,11.32,11.487285
2025-09-08 07:00:00,no2,PIIANN,7.0,7.7653937
2025-01-07 11:00:00,no2,PIIANN,11.2,9.718554
2025-05-09 16:00:00,no2,PIIANN,5.88,4.8787055
2024-10-11 22:00:00,no2,PIIANN,17.95,13.869581
2024-09-09 23:00:00,no2,PIIANN,21.78,21.005936
2022-03-09 20:00:00,no2,PIIANN,9.65,11.147906
2025-02-04 11:00:00,no2,PIIANN,11.87,11.935685
2021-05-10 23:00:00,no2,PIIANN,10.3,8.845516
2023-09-05 21:00:00,no2,PIIANN,14.875,14.946689
2023-01-02 17:00:00,no2,PIIANN,14.925,23.032597
2021-11-09 06:00:00,no2,PIIANN,10.42,9.094518
2024-03-04 06:00:00,no2,PIIANN,13.35,9.875621
2023-01-07 01:00:00,no2,PIIANN,29.639,28.260881
2021-03-09 11:00:00,no2,PIIANN,7.2,7.3968134
2023-08-03 20:00:00,no2,PIIANN,17.875,16.955818
2021-07-09 22:00:00,no2,PIIANN,12.3,15.156066
2023-03-10 10:00:00,no2,PIIANN,15.15,17.461454
2022-02-08 19:00:00,no2,PIIANN,10.85,11.733138
2025-02-11 12:00:00,no2,PIIANN,8.61,8.916846
2025-07-07 02:00:00,no2,PIIANN,6.35,7.082203
2023-10-11 22:00:00,no2,PIIANN,13.475,15.008033
2022-02-05 14:00:00,no2,PIIANN,12.18,15.731952
2023-05-11 20:00:00,no2,PIIANN,11.4,12.985944
2025-03-06 18:00:00,no2,PIIANN,12.1,11.188092
2025-08-11 07:00:00,no2,PIIANN,12.58,13.475747
2022-08-03 15:00:00,no2,PIIANN,9.9,8.55354
2022-12-06 23:00:00,no2,PIIANN,7.85,9.947396
2025-11-04 02:00:00,no2,PIIANN,7.35,7.6087804
2021-01-12 09:00:00,no2,PIIANN,9.02,8.100513
2021-10-11 16:00:00,no2,PIIANN,9.7,11.669364
2023-11-12 00:00:00,no2,PIIANN,9.625,12.416121
2025-06-08 06:00:00,no2,PIIANN,14.52,7.5135126
2023-04-03 11:00:00,no2,PIIANN,16.966667,18.50667
2022-06-05 17:00:00,no2,PIIANN,8.02,7.7581887
2024-12-07 03:00:00,no2,PIIANN,9.45,9.247277
2025-01-10 10:00:00,no2,PIIANN,5.73,8.82303
2024-03-03 22:00:00,no2,PIIANN,8.82,9.345557
2023-04-09 04:00:00,no2,PIIANN,13.175,13.778219
2023-09-11 13:00:00,no2,PIIANN,19.925,15.403886
2022-08-09 10:00:00,no2,PIIANN,11.05,10.711357
2025-08-06 17:00:00,no2,PIIANN,14.5,13.350218
2023-01-08 08:00:00,no2,PIIANN,13.55,14.208385
2021-10-10 20:00:00,no2,PIIANN,34.2,30.66819
2025-09-10 01:00:00,no2,PIIANN,6.4,8.60441
2024-05-06 08:00:00,no2,PIIANN,15.82,15.850987
2021-04-04 06:00:00,no2,PIIANN,8.3,7.506483
2021-04-04 23:00:00,no2,PIIANN,5.78,5.948399
2021-09-08 02:00:00,no2,PIIANN,2.9500003,4.8115053
2025-07-04 22:00:00,no2,PIIANN,7.7,8.183829
2022-11-03 11:00:00,no2,PIIANN,9.83,9.426948
2024-02-04 20:00:00,no2,PIIANN,10.78,11.124051
2021-06-11 05:00:00,no2,PIIANN,5.92,6.721556
2025-08-05 08:00:00,no2,PIIANN,13.12,13.419732
2021-10-11 10:00:00,no2,PIIANN,12.65,11.506335
2024-04-11 20:00:00,no2,PIIANN,16.6,14.247293
2024-10-08 21:00:00,no2,PIIANN,29.92,24.169338
2025-08-10 05:00:00,no2,PIIANN,20.47,22.57548
2022-10-11 22:00:00,no2,PIIANN,26.98,14.157327
2021-11-09 14:00:00,no2,PIIANN,7.4,8.471336
2024-10-07 13:00:00,no2,PIIANN,11.68,9.789594
2024-03-08 06:00:00,no2,PIIANN,11.52,12.56427
2021-03-04 13:00:00,no2,PIIANN,9.57,9.770603
2022-07-03 22:00:00,no2,PIIANN,11.9,11.991382
2022-10-11 04:00:00,no2,PIIANN,6.78,8.130544
2024-12-05 03:00:00,no2,PIIANN,8.0,6.8703303
2025-01-02 16:00:00,no2,PIIANN,4.43,6.275614
2023-08-10 18:00:00,no2,PIIANN,16.15,11.5292225
2021-02-11 03:00:00,no2,PIIANN,5.93,6.6403284
2022-12-12 01:00:00,no2,PIIANN,12.1,11.131503
2025-07-05 07:00:00,no2,PIIANN,14.62,14.012833
2024-10-08 03:00:00,no2,PIIANN,10.62,11.109771
2021-04-10 02:00:00,no2,PIIANN,7.9499993,7.626068
2024-12-02 22:00:00,no2,PIIANN,10.05,11.67623
2021-04-11 11:00:00,no2,PIIANN,8.98,6.9362707
2023-08-09 09:00:00,no2,PIIANN,22.0,17.836674
2022-01-08 19:00:00,no2,PIIANN,9.72,11.024364
2024-09-02 05:00:00,no2,PIIANN,17.9,13.919894
2025-01-02 02:00:00,no2,PIIANN,5.45,6.4123755
2024-05-06 01:00:00,no2,PIIANN,8.05,9.773975
2025-12-01 21:00:00,no2,PIIANN,10.58,11.395076
2025-09-03 17:00:00,no2,PIIANN,7.02,6.1806564
2022-04-06 06:00:00,no2,PIIANN,15.75,12.599498
2025-05-04 22:00:00,no2,PIIANN,10.05,9.966425
2022-10-09 14:00:00,no2,PIIANN,7.7,10.347617
2022-11-12 12:00:00,no2,PIIANN,14.27,15.396283
2023-03-08 07:00:00,no2,PIIANN,13.45,11.859109
2021-10-11 13:00:00,no2,PIIANN,10.48,12.746107
2025-09-12 16:00:00,no2,PIIANN,1.1500001,3.3693776
2021-12-02 13:00:00,no2,PIIANN,7.25,6.605335
2023-06-01 21:00:00,no2,PIIANN,15.675,25.691137
2025-08-08 16:00:00,no2,PIIANN,9.06,11.3734865
2024-06-03 18:00:00,no2,PIIANN,11.62,10.929401
2022-08-02 09:00:00,no2,PIIANN,11.6,16.190838
2025-10-01 15:00:00,no2,PIIANN,21.07,15.620324
2024-06-07 02:00:00,no2,PIIANN,7.8,10.238845
2024-08-02 02:00:00,no2,PIIANN,15.05,13.242627
2023-10-10 14:00:00,no2,PIIANN,13.225,15.122591
2021-06-06 14:00:00,no2,PIIANN,4.5,5.2572026
2025-02-08 01:00:00,no2,PIIANN,4.73,9.23629
2025-10-02 15:00:00,no2,PIIANN,6.0,5.8108563
2024-08-05 14:00:00,no2,PIIANN,7.75,11.275323
2024-06-11 22:00:00,no2,PIIANN,13.1,13.226952
2021-11-07 19:00:00,no2,PIIANN,10.1,12.114458
2021-09-12 16:00:00,no2,PIIANN,8.3,9.6981
2025-03-03 02:00:00,no2,PIIANN,13.8864,13.071834
2021-12-10 07:00:00,no2,PIIANN,11.0,11.410613
2024-07-12 00:00:00,no2,PIIANN,11.38,9.368867
2023-09-12 13:00:00,no2,PIIANN,19.175,14.950865
2024-12-12 16:00:00,no2,PIIANN,8.43,9.590385
2022-09-02 04:00:00,no2,PIIANN,7.98,8.362959
2023-01-05 14:00:00,no2,PIIANN,11.8,14.276845
2024-09-04 15:00:00,no2,PIIANN,3.8999996,4.764946
2024-06-10 17:00:00,no2,PIIANN,10.88,12.881997
2022-02-12 15:00:00,no2,PIIANN,9.85,8.755511
2022-11-10 21:00:00,no2,PIIANN,4.2,5.5302854
2022-01-08 23:00:00,no2,PIIANN,8.8,10.167341
2024-12-09 17:00:00,no2,PIIANN,15.62,14.40845
2024-05-10 21:00:00,no2,PIIANN,19.5,19.504915
2024-03-08 12:00:00,no2,PIIANN,9.93,9.253041
2023-09-05 11:00:00,no2,PIIANN,16.733334,18.530869
2023-08-02 14:00:00,no2,PIIANN,11.95,9.944878
2025-04-04 23:00:00,no2,PIIANN,10.52,8.802788
2021-08-06 22:00:00,no2,PIIANN,6.22,7.907127
2023-02-01 14:00:00,no2,PIIANN,8.175,7.832659
2022-10-12 18:00:00,no2,PIIANN,18.88,14.984576
2023-03-05 11:00:00,no2,PIIANN,17.433332,14.925977
2023-06-11 01:00:00,no2,PIIANN,9.4,14.096603
2023-01-04 02:00:00,no2,PIIANN,13.138461,13.365106
2025-12-05 09:00:00,no2,PIIANN,13.1,13.698411
2021-05-07 02:00:00,no2,PIIANN,3.9700003,4.3265395
2025-03-04 17:00:00,no2,PIIANN,10.2,9.614585
2024-08-06 14:00:00,no2,PIIANN,12.18,13.321175
2021-07-04 05:00:00,no2,PIIANN,7.82,7.779024
2021-06-05 04:00:00,no2,PIIANN,5.2499995,4.4850283
2022-04-01 13:00:00,no2,PIIANN,15.88,11.88612
2024-03-04 00:00:00,no2,PIIANN,8.43,8.193622
2022-11-07 14:00:00,no2,PIIANN,10.78,14.157661
2021-01-06 06:00:00,no2,PIIANN,7.9499993,6.355835
2024-03-02 20:00:00,no2,PIIANN,11.45,11.216437
2022-10-01 22:00:00,no2,PIIANN,10.1,11.002882
2021-12-12 15:00:00,no2,PIIANN,11.02,7.9593544
2023-11-03 08:00:00,no2,PIIANN,19.9,20.158833
2023-07-10 11:00:00,no2,PIIANN,16.95,17.970558
2024-09-10 21:00:00,no2,PIIANN,10.02,10.909065
2023-06-05 19:00:00,no2,PIIANN,23.1,19.356962
2021-06-08 00:00:00,no2,PIIANN,7.0,5.4948063
2023-06-02 07:00:00,no2,PIIANN,21.4,20.844007
2024-01-03 02:00:00,no2,PIIANN,15.18,12.725393
2023-02-06 05:00:00,no2,PIIANN,15.825,13.974104
2025-12-09 23:00:00,no2,PIIANN,82.74,9.331257
2024-07-04 05:00:00,no2,PIIANN,11.72,10.328917
2025-08-06 06:00:00,no2,PIIANN,11.12,10.073687
2021-09-12 11:00:00,no2,PIIANN,7.45,7.8605747
2024-03-08 21:00:00,no2,PIIANN,29.15,25.157843
2024-08-03 15:00:00,no2,PIIANN,7.6,6.785354
2025-09-08 16:00:00,no2,PIIANN,9.59,10.938333
2024-12-06 13:00:00,no2,PIIANN,11.5,12.023565
2023-02-01 15:00:00,no2,PIIANN,8.975,8.359589
2024-11-11 23:00:00,no2,PIIANN,14.3,12.78901
2023-07-04 05:00:00,no2,PIIANN,13.175,11.394946
2021-01-02 08:00:00,no2,PIIANN,12.15,13.83192
2024-09-04 08:00:00,no2,PIIANN,7.9,10.8545065
2023-01-03 09:00:00,no2,PIIANN,9.25,13.874825
2024-02-09 18:00:00,no2,PIIANN,22.4,17.839216
2022-04-04 16:00:00,no2,PIIANN,4.95,5.121558
2025-07-11 18:00:00,no2,PIIANN,28.49,21.069042
2025-05-10 08:00:00,no2,PIIANN,6.34,8.035415
2021-11-03 19:00:00,no2,PIIANN,7.22,8.403649
2025-01-03 00:00:00,no2,PIIANN,4.1152,4.7075686
2024-06-04 00:00:00,no2,PIIANN,15.88,10.934645
2021-06-05 00:00:00,no2,PIIANN,3.2500005,5.1686935
2024-08-01 19:00:00,no2,PIIANN,12.55,12.173654
2024-11-04 23:00:00,so2,PIIANN,2.1000001,3.8092258
2023-12-12 18:00:00,so2,PIIANN,25.275,25.369593
2022-03-05 14:00:00,so2,PIIANN,1.336667,2.7453218
2021-01-09 14:00:00,so2,PIIANN,13.249999,14.1315
2025-11-11 21:00:00,so2,PIIANN,6.74,9.072603
2024-09-03 01:00:00,so2,PIIANN,3.55,1.7140278
2024-03-02 05:00:00,so2,PIIANN,4.78,5.04002
2023-04-04 14:00:00,so2,PIIANN,2.6000001,6.072356
2023-03-12 04:00:00,so2,PIIANN,14.075,12.503163
2025-11-01 19:00:00,so2,PIIANN,6.68,4.5666437
2025-08-03 19:00:00,so2,PIIANN,2.6000001,2.9003277
2021-02-10 22:00:00,so2,PIIANN,12.249999,12.752571
2021-07-07 18:00:00,so2,PIIANN,13.32,12.00368
2022-10-07 10:00:00,so2,PIIANN,3.5,3.2669747
2025-07-08 01:00:00,so2,PIIANN,3.09,2.3598957
2024-09-09 09:00:00,so2,PIIANN,2.35,6.7458596
2025-01-04 19:00:00,so2,PIIANN,2.5666666,2.781464
2022-09-04 05:00:00,so2,PIIANN,3.05,3.5282226
2024-02-03 05:00:00,so2,PIIANN,3.92,6.061518
2024-02-07 17:00:00,so2,PIIANN,4.65,3.5691485
2025-12-04 04:00:00,so2,PIIANN,4.15,3.6599948
2024-02-11 16:00:00,so2,PIIANN,7.22,2.9599094
2025-12-10 23:00:00,so2,PIIANN,3.33,1.9710506
2025-04-07 01:00:00,so2,PIIANN,1.3000001,1.6403545
2023-11-01 09:00:00,so2,PIIANN,8.75,8.963449
2025-09-01 23:00:00,so2,PIIANN,5.78,4.9349327
2022-05-06 01:00:00,so2,PIIANN,2.7,1.5217842
2021-02-02 08:00:00,so2,PIIANN,4.2,5.7123294
2024-07-04 11:00:00,so2,PIIANN,5.93,4.647592
2021-04-05 23:00:00,so2,PIIANN,12.6,12.363511
2022-04-12 04:00:00,so2,PIIANN,3.08,5.5473027
2024-12-09 08:00:00,so2,PIIANN,3.15,2.779097
2024-03-09 01:00:00,so2,PIIANN,2.15,2.515183
2024-05-03 12:00:00,so2,PIIANN,6.65,5.5471377
2024-12-04 09:00:00,so2,PIIANN,2.62,2.8764157
2024-02-07 11:00:00,so2,PIIANN,8.1,4.801192
2023-02-02 03:00:00,so2,PIIANN,8.275,8.4149065
2025-01-09 18:00:00,so2,PIIANN,1.0599998,2.009939
2023-11-11 20:00:00,so2,PIIANN,15.0,22.918787
2021-01-07 04:00:00,so2,PIIANN,13.62,13.9822445
2021-05-04 14:00:00,so2,PIIANN,12.27,17.267466
2025-10-03 14:00:00,so2,PIIANN,5.6,3.6541626
2022-05-02 20:00:00,so2,PIIANN,3.35,4.031478
2024-10-09 10:00:00,so2,PIIANN,4.58,6.0766554
2024-01-09 14:00:00,so2,PIIANN,3.4,3.4605238
2024-08-06 00:00:00,so2,PIIANN,4.4,3.924811
2025-04-11 21:00:00,so2,PIIANN,4.44,4.3876443
2024-07-09 19:00:00,so2,PIIANN,3.52,2.692826
2021-09-03 10:00:00,so2,PIIANN,4.2,4.4173713
2022-11-02 03:00:00,so2,PIIANN,4.2,2.8313382
2023-02-12 21:00:00,so2,PIIANN,13.225,14.765264
2021-01-02 19:00:00,so2,PIIANN,4.2,4.9579005
2022-07-06 01:00:00,so2,PIIANN,5.82,3.2827637
2025-04-01 23:00:00,so2,PIIANN,3.45,8.890938
2025-05-12 15:00:00,so2,PIIANN,0.89000016,4.9859247
2025-03-10 22:00:00,so2,PIIANN,1.9,1.9181646
2022-03-09 13:00:00,so2,PIIANN,3.25,4.772536
2025-06-08 11:00:00,so2,PIIANN,2.4000003,2.0158746
2024-03-05 19:00:00,so2,PIIANN,2.1699998,5.5533824
2023-05-11 22:00:00,so2,PIIANN,1.7250003,2.2082345
2025-01-07 14:00:00,so2,PIIANN,2.9333334,2.776312
2024-06-04 05:00:00,so2,PIIANN,9.12,7.7481346
2022-02-10 08:00:00,so2,PIIANN,0.9700001,4.2075887
2023-08-05 12:00:00,so2,PIIANN,3.675,3.9445162
2024-04-03 21:00:00,so2,PIIANN,3.42,3.0270202
2024-01-06 10:00:00,so2,PIIANN,4.57,3.7549713
2022-10-02 13:00:00,so2,PIIANN,2.7999997,13.982336
2025-12-10 15:00:00,so2,PIIANN,2.86,2.844367
2024-09-07 05:00:00,so2,PIIANN,6.15,4.326605
2021-01-09 06:00:00,so2,PIIANN,10.8,11.6695385
2023-04-01 13:00:00,so2,PIIANN,1.4500002,3.376344
2023-10-05 14:00:00,so2,PIIANN,3.525,4.2403755
2023-02-10 11:00:00,so2,PIIANN,13.9,11.900638
2023-09-04 17:00:00,so2,PIIANN,3.2,1.6752719
2025-06-05 17:00:00,so2,PIIANN,3.1666667,3.293474
2022-04-08 08:00:00,so2,PIIANN,4.03,9.067316
2024-07-07 06:00:00,so2,PIIANN,2.7,4.5164304
2024-08-01 14:00:00,so2,PIIANN,39.05,39.908653
2021-11-07 07:00:00,so2,PIIANN,11.4,11.787009
2023-09-09 06:00:00,so2,PIIANN,6.0,6.0117073
2024-01-06 09:00:00,so2,PIIANN,4.5,4.0795574
2022-11-07 15:00:00,so2,PIIANN,4.2,4.320115
2022-10-07 19:00:00,so2,PIIANN,2.7500002,2.807908
2024-12-09 16:00:00,so2,PIIANN,4.12,4.5698967
2024-01-03 03:00:00,so2,PIIANN,5.08,3.8345854
2023-10-03 16:00:00,so2,PIIANN,3.55,2.3396282
2023-11-02 13:00:00,so2,PIIANN,1.8500003,7.685888
2021-02-01 22:00:00,so2,PIIANN,13.3,11.635297
2025-03-09 18:00:00,so2,PIIANN,1.38,1.765181
2025-10-02 04:00:00,so2,PIIANN,2.2500002,2.7538548
2021-08-08 05:00:00,so2,PIIANN,13.5,13.804469
2024-02-03 12:00:00,so2,PIIANN,7.6,7.2067633
2024-06-10 01:00:00,so2,PIIANN,4.15,2.4437373
2023-02-11 07:00:00,so2,PIIANN,4.325,5.311342
2022-02-07 10:00:00,so2,PIIANN,3.4,4.0017376
2021-02-07 13:00:00,so2,PIIANN,11.65,12.055014
2021-09-10 10:00:00,so2,PIIANN,17.95,15.871611
2021-05-11 17:00:00,so2,PIIANN,15.2,12.70673
2023-12-10 09:00:00,so2,PIIANN,2.175,4.03862
2025-02-09 17:00:00,so2,PIIANN,0.70999986,2.3251505
2025-11-02 06:00:00,so2,PIIANN,4.32,3.7791414
2025-02-12 11:00:00,so2,PIIANN,5.36,3.4156933
2024-07-05 11:00:00,so2,PIIANN,6.73,3.7992046
2022-09-01 09:00:00,so2,PIIANN,5.82,3.3439336
2021-11-03 09:00:00,so2,PIIANN,4.2,4.559504
2024-06-11 06:00:00,so2,PIIANN,5.58,4.947259
2024-01-11 02:00:00,so2,PIIANN,8.2,7.981746
2023-01-06 04:00:00,so2,PIIANN,5.9,5.2594023
2025-11-05 11:00:00,so2,PIIANN,4.3,4.300732
2021-10-01 20:00:00,so2,PIIANN,7.15,7.3491664
2025-12-07 10:00:00,so2,PIIANN,3.085,2.9932265
2022-06-02 04:00:00,so2,PIIANN,2.2999997,2.5441222
2021-12-05 17:00:00,so2,PIIANN,12.52,9.707096
2022-10-07 08:00:00,so2,PIIANN,3.08,3.611031
2024-07-12 02:00:00,so2,PIIANN,3.8,2.63627
2022-09-05 13:00:00,so2,PIIANN,6.02,9.290107
2021-02-02 22:00:00,so2,PIIANN,4.2,5.296217
2024-07-03 05:00:00,so2,PIIANN,5.62,4.532063
2024-12-02 04:00:00,so2,PIIANN,9.02,7.9696784
2021-07-03 12:00:00,so2,PIIANN,4.2,4.7339
2024-07-05 18:00:00,so2,PIIANN,1.9799999,3.3026574
2024-01-09 10:00:00,so2,PIIANN,2.1000001,5.17223
2021-06-06 15:00:00,so2,PIIANN,9.38,8.968536
2022-11-04 08:00:00,so2,PIIANN,3.32,4.7231574
2025-07-11 20:00:00,so2,PIIANN,10.96,8.9000435
2024-07-07 23:00:00,so2,PIIANN,3.38,4.1887126
2023-08-05 06:00:00,so2,PIIANN,2.9000003,3.3101575
2023-04-11 21:00:00,so2,PIIANN,1.9999999,3.8542206
2024-02-12 14:00:00,so2,PIIANN,4.25,2.5048957
2021-08-08 15:00:00,so2,PIIANN,13.75,12.394073
2021-05-06 15:00:00,so2,PIIANN,12.48,10.37805
2024-10-03 09:00:00,so2,PIIANN,4.45,5.2979617
2022-05-06 06:00:00,so2,PIIANN,10.2,8.099071
2023-10-06 01:00:00,so2,PIIANN,4.725,4.1560054
2022-03-06 22:00:00,so2,PIIANN,0.97999984,1.9971722
2023-11-06 04:00:00,so2,PIIANN,5.225,4.7801943
2023-02-12 19:00:00,so2,PIIANN,16.475,21.526882
2023-02-05 04:00:00,so2,PIIANN,2.375,6.1702724
2022-12-05 14:00:00,so2,PIIANN,0.8,3.5762196
2021-12-06 02:00:00,so2,PIIANN,11.38,16.860794
2022-01-12 16:00:00,so2,PIIANN,42.12,16.527195
2022-10-05 11:00:00,so2,PIIANN,4.8114285,6.239467
2025-09-05 01:00:00,so2,PIIANN,2.22,3.4002686
2025-10-09 14:00:00,so2,PIIANN,1.6400002,1.576445
2022-06-04 19:00:00,so2,PIIANN,2.42,2.1544795
2021-11-10 01:00:00,so2,PIIANN,16.65,13.262963
2024-06-07 09:00:00,so2,PIIANN,3.0199997,4.1402097
2024-03-10 06:00:00,so2,PIIANN,1.9999999,2.271041
2023-03-04 06:00:00,so2,PIIANN,1.9500002,3.0542479
2021-10-01 12:00:00,so2,PIIANN,7.22,7.88504
2022-08-02 13:00:00,so2,PIIANN,1.3300003,3.4638789
2025-08-09 16:00:00,so2,PIIANN,4.2,4.5002437
2022-03-01 21:00:00,so2,PIIANN,3.53,3.5188477
2024-12-10 17:00:00,so2,PIIANN,1.5633334,1.7964619
2022-07-11 11:00:00,so2,PIIANN,6.0,4.2346797
2021-01-07 08:00:00,so2,PIIANN,13.02,13.210898
2022-09-13 00:00:00,so2,PIIANN,4.2,5.1092396
2023-05-05 08:00:00,so2,PIIANN,6.5,3.6042483
2025-01-08 07:00:00,so2,PIIANN,1.7499999,2.1993592
2024-08-12 22:00:00,so2,PIIANN,5.15,2.7543745
2021-04-11 07:00:00,so2,PIIANN,12.12,11.780812
2024-10-04 16:00:00,so2,PIIANN,2.9000003,3.9170384
2022-05-07 17:00:00,so2,PIIANN,3.75,2.9013417
2021-05-04 20:00:00,so2,PIIANN,13.38,13.186596
2022-10-04 01:00:00,so2,PIIANN,3.47,4.489601
2022-05-12 02:00:00,so2,PIIANN,3.48,2.814474
2021-11-05 21:00:00,so2,PIIANN,11.98,12.305077
2024-06-03 16:00:00,so2,PIIANN,5.32,5.7446074
2022-05-05 03:00:00,so2,PIIANN,5.55,5.0496655
2025-02-10 20:00:00,so2,PIIANN,1.6000003,1.761577
2024-05-11 06:00:00,so2,PIIANN,3.15,2.3682802
2021-04-05 18:00:00,so2,PIIANN,12.9,11.687867
2024-08-11 13:00:00,so2,PIIANN,3.4,4.5868983
2024-02-07 18:00:00,so2,PIIANN,4.32,4.323888
2021-04-07 05:00:00,so2,PIIANN,13.549999,12.501545
2025-04-11 18:00:00,so2,PIIANN,5.39,5.6093454
2024-08-09 00:00:00,so2,PIIANN,4.58,2.1150148
2022-08-09 20:00:00,so2,PIIANN,2.38,4.672924
2024-06-02 22:00:00,so2,PIIANN,4.25,3.382035
2022-02-05 15:00:00,so2,PIIANN,3.68,4.110551
2024-02-03 06:00:00,so2,PIIANN,4.0,5.679994
2021-06-08 12:00:00,so2,PIIANN,13.8,12.841334
2024-12-06 23:00:00,so2,PIIANN,1.7499999,3.142947
2021-02-02 11:00:00,so2,PIIANN,4.2,4.7979975
2025-11-07 03:00:00,so2,PIIANN,1.5199999,1.9203247
2022-11-10 18:00:00,so2,PIIANN,4.58,3.4970198
2022-04-08 21:00:00,so2,PIIANN,5.25,2.7077382
2022-03-07 18:00:00,so2,PIIANN,3.12,2.7963424
2022-01-05 18:00:00,so2,PIIANN,0.72999984,2.6264825
2024-03-03 11:00:00,so2,PIIANN,2.7500002,6.0256314
2022-03-03 00:00:00,so2,PIIANN,3.15,4.242459
2025-01-01 19:00:00,so2,PIIANN,2.2,4.4616666
2022-03-06 06:00:00,so2,PIIANN,2.28,3.8350122
2025-02-06 19:00:00,so2,PIIANN,2.9499998,2.955389
2025-05-06 15:00:00,so2,PIIANN,2.0199997,2.3002963
2021-11-06 23:00:00,so2,PIIANN,11.5,11.779935
2023-05-09 20:00:00,so2,PIIANN,4.4,4.7889786
2021-06-01 18:00:00,so2,PIIANN,3.47,3.488863
2022-10-01 15:00:00,so2,PIIANN,1.3000001,2.6347651
2025-10-11 04:00:00,so2,PIIANN,9.04,8.319423
2023-10-06 14:00:00,so2,PIIANN,5.175,5.279105
2023-04-09 02:00:00,so2,PIIANN,3.075,3.7330785
2021-12-02 03:00:00,so2,PIIANN,4.2,8.5965
2021-02-09 09:00:00,so2,PIIANN,13.22,11.618712
2022-07-03 23:00:00,so2,PIIANN,0.8700002,1.9543747
2022-04-02 21:00:00,so2,PIIANN,3.32,3.5878053
2021-10-02 16:00:00,so2,PIIANN,4.2,4.172495
2024-03-07 00:00:00,so2,PIIANN,5.1,3.9705288
2023-07-08 20:00:00,so2,PIIANN,6.0,5.1575055
2025-11-04 15:00:00,so2,PIIANN,6.08,3.4081872
2022-12-08 08:00:00,so2,PIIANN,14.68,7.6597867
2024-10-12 14:00:00,so2,PIIANN,6.6,4.961256
2024-11-05 03:00:00,so2,PIIANN,5.25,3.95341
2025-11-02 21:00:00,so2,PIIANN,5.98,3.7211916
2024-09-09 08:00:00,so2,PIIANN,4.65,7.8974476
2025-02-12 14:00:00,so2,PIIANN,4.46,4.7523456
2022-12-03 03:00:00,so2,PIIANN,4.6,5.090547
2023-12-04 12:00:00,so2,PIIANN,5.575,8.839573
2022-12-10 08:00:00,so2,PIIANN,2.5199997,5.44769
2025-08-08 08:00:00,so2,PIIANN,2.1800003,2.446068
2023-08-03 22:00:00,so2,PIIANN,4.125,2.911715
2024-12-11 14:00:00,so2,PIIANN,2.33,4.27909
2025-05-01 23:00:00,so2,PIIANN,7.92,5.9804525
2025-08-11 05:00:00,so2,PIIANN,4.93,2.8375762
2024-05-02 05:00:00,so2,PIIANN,10.62,6.6568384
2025-11-07 11:00:00,so2,PIIANN,1.63,3.1693585
2022-01-11 00:00:00,so2,PIIANN,0.8700002,3.7593253
2024-06-10 00:00:00,so2,PIIANN,2.3699996,3.1372888
2021-01-06 08:00:00,so2,PIIANN,12.65,13.049298
2024-06-12 09:00:00,so2,PIIANN,4.28,3.7453794
2022-10-12 05:00:00,so2,PIIANN,4.2,4.72491
2023-04-03 12:00:00,so2,PIIANN,7.0,9.90496
2021-08-11 22:00:00,so2,PIIANN,12.32,10.4322405
2022-05-08 15:00:00,so2,PIIANN,2.6800003,9.047368
2021-02-05 07:00:00,so2,PIIANN,12.579999,11.740216
2024-03-06 02:00:00,so2,PIIANN,1.9,4.967973
2023-07-11 09:00:00,so2,PIIANN,7.7,7.885886
2025-08-10 07:00:00,so2,PIIANN,1.7400001,0.7347272
2023-10-05 07:00:00,so2,PIIANN,2.2500002,2.9937232
2022-07-03 10:00:00,so2,PIIANN,3.4,3.0774162
2021-10-03 09:00:00,so2,PIIANN,4.2,4.238974
2021-09-04 06:00:00,so2,PIIANN,11.856842,11.79013
2025-06-04 11:00:00,so2,PIIANN,3.23,2.8222704
2025-11-13 00:00:00,so2,PIIANN,3.0769284,5.529887
2024-05-06 05:00:00,so2,PIIANN,3.68,3.8339355
2024-08-11 04:00:00,so2,PIIANN,2.9000003,3.2430542
2025-09-09 17:00:00,so2,PIIANN,1.4300002,2.1102192
2022-12-12 08:00:00,so2,PIIANN,4.2,5.207142
2023-02-05 09:00:00,so2,PIIANN,3.075,3.5057988
2022-08-10 10:00:00,so2,PIIANN,2.525,3.2482803
2024-10-02 05:00:00,so2,PIIANN,6.78,5.6223726
2021-12-09 03:00:00,so2,PIIANN,12.0,10.593311
2022-01-02 20:00:00,so2,PIIANN,3.18,3.6897926
2021-01-08 07:00:00,so2,PIIANN,4.2,5.5302687
2022-02-12 23:00:00,so2,PIIANN,3.92,4.3371606
2022-09-11 12:00:00,so2,PIIANN,13.18,5.8304296
2021-12-09 04:00:00,so2,PIIANN,14.1,10.996083
2021-03-10 11:00:00,so2,PIIANN,13.6,11.732693
2024-09-06 20:00:00,so2,PIIANN,4.05,3.543191
2022-09-03 01:00:00,so2,PIIANN,4.9,4.5533066
2022-06-09 12:00:00,so2,PIIANN,2.27,2.4996834
2024-11-03 11:00:00,so2,PIIANN,6.7,4.5164094
2025-08-02 07:00:00,so2,PIIANN,3.38,4.8154416
2021-07-04 23:00:00,so2,PIIANN,12.77,14.017164
2025-02-11 05:00:00,so2,PIIANN,6.07,3.9896617
2021-08-09 08:00:00,so2,PIIANN,12.579999,9.751128
2024-09-08 01:00:00,so2,PIIANN,3.92,3.2377753
2022-02-09 21:00:00,so2,PIIANN,1.8000001,3.0662923
2022-06-07 03:00:00,so2,PIIANN,2.92,3.4952915
2024-04-01 15:00:00,so2,PIIANN,36.28,32.40828
2021-03-10 15:00:00,so2,PIIANN,11.8,10.929395
2023-12-03 05:00:00,so2,PIIANN,6.175,4.888235
2024-10-08 14:00:00,so2,PIIANN,5.35,4.890728
2021-04-06 06:00:00,so2,PIIANN,13.1,12.720385
2021-02-01 17:00:00,so2,PIIANN,6.82,7.0104523
2025-10-10 10:00:00,so2,PIIANN,3.84,2.4416966
2023-11-06 19:00:00,so2,PIIANN,5.15,5.8698325
2025-09-03 08:00:00,so2,PIIANN,8.68,7.7617245
2025-09-01 09:00:00,so2,PIIANN,7.55,8.05033
2023-05-11 08:00:00,so2,PIIANN,3.475,3.7963312
2021-04-12 01:00:00,so2,PIIANN,3.25,7.317468
2024-04-08 22:00:00,so2,PIIANN,0.6800001,1.2539982
2023-10-03 07:00:00,so2,PIIANN,2.675,4.8746853
2023-08-09 03:00:00,so2,PIIANN,5.35,5.5736246
2021-07-11 12:00:00,so2,PIIANN,4.2,8.03625
2025-08-10 10:00:00,so2,PIIANN,2.1000001,1.963137
2024-02-07 23:00:00,so2,PIIANN,7.72,4.8870344
2023-01-13 02:00:00,so2,PIIANN,12.4287195,11.468027
2021-06-02 05:00:00,so2,PIIANN,4.2,4.370871
2025-08-05 23:00:00,so2,PIIANN,4.18,3.386945
2022-12-04 19:00:00,so2,PIIANN,3.12,3.2771604
2022-02-02 14:00:00,so2,PIIANN,1.3000001,3.1946924
2024-09-07 10:00:00,so2,PIIANN,4.93,5.6739254
2021-07-03 16:00:00,so2,PIIANN,4.2,3.4211814
2022-08-10 16:00:00,so2,PIIANN,8.13,5.403008
2023-12-12 01:00:00,so2,PIIANN,24.1,16.616066
2021-10-05 18:00:00,so2,PIIANN,9.98,9.379097
2025-07-06 11:00:00,so2,PIIANN,2.9700003,3.56286
2022-07-06 13:00:00,so2,PIIANN,4.72,5.525792
2025-05-05 01:00:00,so2,PIIANN,2.82,2.9154444
2022-01-09 00:00:00,so2,PIIANN,4.37,3.2792912
2024-05-07 05:00:00,so2,PIIANN,4.53,4.1114006
2021-07-01 13:00:00,so2,PIIANN,8.95,5.540073
2021-02-04 13:00:00,so2,PIIANN,12.52,14.347855
2021-05-01 14:00:00,so2,PIIANN,6.52,7.120008
2022-10-09 15:00:00,so2,PIIANN,8.57,6.4453697
2024-09-02 04:00:00,so2,PIIANN,10.38,6.210337
2024-01-12 08:00:00,so2,PIIANN,4.75,4.1685658
2024-06-09 14:00:00,so2,PIIANN,3.15,3.8959548
2024-02-12 09:00:00,so2,PIIANN,3.4,3.1086967
2024-04-02 11:00:00,so2,PIIANN,3.4,3.184522
2022-10-06 12:00:00,so2,PIIANN,3.35,5.651611
2025-12-07 23:00:00,so2,PIIANN,0.7699998,3.089979
2021-04-05 11:00:00,so2,PIIANN,14.1,11.421176
2022-01-02 19:00:00,so2,PIIANN,3.08,3.948821
2022-08-08 12:00:00,so2,PIIANN,2.28,5.146199
2022-06-08 07:00:00,so2,PIIANN,0.8700002,1.7049273
2022-08-07 23:00:00,so2,PIIANN,2.6800003,2.9324553
2021-12-09 15:00:00,so2,PIIANN,9.9,11.072005
2022-07-04 14:00:00,so2,PIIANN,2.55,3.4681137
2021-01-04 14:00:00,so2,PIIANN,13.5,13.843434
2025-12-09 04:00:00,so2,PIIANN,0.9199999,0.72204095
2024-04-02 12:00:00,so2,PIIANN,0.6499999,3.4440165
2025-02-07 22:00:00,so2,PIIANN,2.2266667,2.2526047
2021-07-10 09:00:00,so2,PIIANN,15.92,14.904626
2024-03-09 07:00:00,so2,PIIANN,2.05,3.541936
2023-02-02 08:00:00,so2,PIIANN,2.4000003,3.8694248
2024-09-08 00:00:00,so2,PIIANN,2.9499998,3.8247693
2022-06-10 20:00:00,so2,PIIANN,7.32,5.1821556
2025-09-05 15:00:00,so2,PIIANN,2.7,2.863881
2021-11-09 05:00:00,so2,PIIANN,12.62,14.721729
2022-11-08 05:00:00,so2,PIIANN,3.55,2.6998389
2025-03-06 20:00:00,so2,PIIANN,2.4499998,2.41726
2021-06-06 08:00:00,so2,PIIANN,11.73,11.849459
2023-12-05 19:00:00,so2,PIIANN,3.725,4.737964
2023-11-02 05:00:00,so2,PIIANN,27.65,4.732449
2022-10-08 05:00:00,so2,PIIANN,3.6,2.6645017
2025-12-07 05:00:00,so2,PIIANN,1.5800003,1.6567172
2024-10-07 15:00:00,so2,PIIANN,5.5,6.5435324
2022-08-01 23:00:00,so2,PIIANN,3.48,4.1514325
2024-01-08 01:00:00,so2,PIIANN,7.0,5.0236917
2021-02-08 11:00:00,so2,PIIANN,13.229285,13.169681
2023-08-12 02:00:00,so2,PIIANN,0.8182433,0.95218784
2025-12-02 20:00:00,so2,PIIANN,7.8,7.016398
2022-11-08 12:00:00,so2,PIIANN,4.85,6.2708573
2021-09-11 17:00:00,so2,PIIANN,15.2,15.536052
2021-05-01 19:00:00,so2,PIIANN,5.38,5.054882
2024-08-07 15:00:00,so2,PIIANN,5.62,3.633261
2022-12-06 19:00:00,so2,PIIANN,5.92,3.4700465
2024-02-05 03:00:00,so2,PIIANN,2.22,2.305011
2022-11-09 16:00:00,so2,PIIANN,3.95,6.5662193
2023-08-05 20:00:00,so2,PIIANN,3.25,2.9926028
2025-02-08 15:00:00,so2,PIIANN,2.0799997,4.5172763
2025-10-11 20:00:00,so2,PIIANN,4.47,6.9737673
2025-09-10 16:00:00,so2,PIIANN,2.11,2.74081
2021-10-07 16:00:00,so2,PIIANN,12.72,10.571843
2022-06-13 01:00:00,so2,PIIANN,4.2,4.5776124
2022-03-04 01:00:00,so2,PIIANN,2.0199997,5.1815543
2021-06-10 23:00:00,so2,PIIANN,12.0,13.028173
2025-08-10 14:00:00,so2,PIIANN,2.42,1.836079
2024-12-11 16:00:00,so2,PIIANN,1.6433333,2.9505794
2023-03-11 13:00:00,so2,PIIANN,1.9999999,4.3445272
2025-07-11 12:00:00,so2,PIIANN,9.84,9.834336
2021-05-03 00:00:00,so2,PIIANN,4.2,3.6626773
2022-04-07 10:00:00,so2,PIIANN,2.5300002,2.8973632
2025-01-07 02:00:00,so2,PIIANN,3.52,3.667183
2024-09-02 22:00:00,so2,PIIANN,4.4,4.1987443
2022-02-02 22:00:00,so2,PIIANN,2.55,3.2615008
2023-01-05 20:00:00,so2,PIIANN,3.2333333,4.726188
2024-08-02 23:00:00,so2,PIIANN,0.8,2.0346005
2025-01-10 20:00:00,so2,PIIANN,2.44,2.705853
2025-03-11 04:00:00,so2,PIIANN,7.74,3.7635958
2024-07-03 14:00:00,so2,PIIANN,3.0199997,4.5614133
2021-01-04 03:00:00,so2,PIIANN,17.5,14.060324
2025-01-07 18:00:00,so2,PIIANN,2.35,3.4180458
2021-06-05 20:00:00,so2,PIIANN,12.05,10.713519
2022-08-06 02:00:00,so2,PIIANN,4.5923076,5.2345085
2021-10-02 14:00:00,so2,PIIANN,4.2,4.1517506
2025-10-10 03:00:00,so2,PIIANN,0.62999994,1.8427991
2022-07-06 08:00:00,so2,PIIANN,4.65,5.0988035
2025-06-08 22:00:00,so2,PIIANN,0.24000008,1.9205798
2021-09-04 11:00:00,so2,PIIANN,4.2,6.594343
2025-11-12 09:00:00,so2,PIIANN,5.14,7.7001815
2024-08-11 07:00:00,so2,PIIANN,5.35,5.0537677
2024-01-03 14:00:00,so2,PIIANN,4.6,5.9611783
2021-12-12 02:00:00,so2,PIIANN,4.32,5.369699
2024-08-03 05:00:00,so2,PIIANN,1.3000001,2.2699265
2021-05-04 04:00:00,so2,PIIANN,12.62,12.136811
2023-08-03 07:00:00,so2,PIIANN,7.3,6.054324
2021-02-07 11:00:00,so2,PIIANN,16.5,12.65143
2021-07-06 12:00:00,so2,PIIANN,10.72,13.837169
2023-06-06 14:00:00,so2,PIIANN,5.4125,4.5426927
2024-05-05 13:00:00,so2,PIIANN,2.88,5.440895
2021-07-02 23:00:00,so2,PIIANN,4.2,3.4761004
2023-01-10 05:00:00,so2,PIIANN,1.4999999,2.736753
2023-07-03 06:00:00,so2,PIIANN,0.8500002,2.6146286
2022-11-08 11:00:00,so2,PIIANN,7.35,6.6970644
2024-10-03 03:00:00,so2,PIIANN,6.57,5.0532856
2022-10-09 17:00:00,so2,PIIANN,0.49999982,4.5665126
2025-06-08 02:00:00,so2,PIIANN,1.8300003,2.9225414
2025-09-10 21:00:00,so2,PIIANN,1.0599998,2.185389
2025-08-03 00:00:00,so2,PIIANN,5.02,2.6982474
2023-04-03 15:00:00,so2,PIIANN,3.4,6.059661
2021-02-09 03:00:00,so2,PIIANN,11.25,10.541104
2025-11-08 15:00:00,so2,PIIANN,1.7499999,2.0666525
2023-06-03 06:00:00,so2,PIIANN,4.4,5.2238283
2022-10-08 17:00:00,so2,PIIANN,4.38,4.141275
2024-12-09 06:00:00,so2,PIIANN,3.8,4.9905715
2024-07-06 02:00:00,so2,PIIANN,1.88,2.6723418
2024-12-08 19:00:00,so2,PIIANN,6.95,4.890656
2024-08-04 12:00:00,so2,PIIANN,4.45,4.958534
2022-05-08 09:00:00,so2,PIIANN,4.98,3.1107109
2024-06-06 23:00:00,so2,PIIANN,4.72,3.492668
2025-01-03 02:00:00,so2,PIIANN,3.084,3.3977041
2024-12-13 02:00:00,so2,PIIANN,1.9085339,2.2457197
2022-11-01 14:00:00,so2,PIIANN,2.43,4.4808784
2024-11-06 10:00:00,so2,PIIANN,3.5,3.3280618
2021-09-12 02:00:00,so2,PIIANN,4.62,5.333148
2023-11-08 16:00:00,so2,PIIANN,5.975,6.2022014
2022-08-10 11:00:00,so2,PIIANN,3.2875,3.276202
2025-08-09 10:00:00,so2,PIIANN,1.4012502,1.6876467
2024-03-10 18:00:00,so2,PIIANN,5.78,5.209613
2022-03-03 15:00:00,so2,PIIANN,15.45,13.002043
2021-11-11 02:00:00,so2,PIIANN,13.82,7.4739614
2023-12-08 17:00:00,so2,PIIANN,6.7,7.373813
2021-05-10 15:00:00,so2,PIIANN,15.78,13.846786
2025-08-10 20:00:00,so2,PIIANN,1.82,0.9142712
2021-11-03 23:00:00,so2,PIIANN,4.2,5.2351217
2025-01-08 00:00:00,so2,PIIANN,2.2399998,3.342022
2021-08-09 22:00:00,so2,PIIANN,11.35,10.733915
2024-06-09 16:00:00,so2,PIIANN,4.78,3.1740506
2022-08-03 09:00:00,so2,PIIANN,5.62,4.7061434
2023-03-04 03:00:00,so2,PIIANN,6.475,5.275327
2025-03-12 06:00:00,so2,PIIANN,4.94,4.717364
2025-08-12 12:00:00,so2,PIIANN,3.88,4.0402427
2024-10-08 04:00:00,so2,PIIANN,5.95,6.268679
2021-04-08 21:00:00,so2,PIIANN,13.65,12.248122
2025-08-08 07:00:00,so2,PIIANN,2.66,1.4052571
2025-02-11 02:00:00,so2,PIIANN,2.65,4.6293473
2021-11-04 23:00:00,so2,PIIANN,9.77,10.136366
2023-10-02 22:00:00,so2,PIIANN,2.6249998,2.7273393
2022-10-10 12:00:00,so2,PIIANN,1.3000001,4.8258066
2021-08-08 06:00:00,so2,PIIANN,12.9,13.751155
2022-03-05 12:00:00,so2,PIIANN,2.82,4.6305375
2024-09-10 05:00:00,so2,PIIANN,4.92,4.7904205
2025-05-11 15:00:00,so2,PIIANN,9.28,4.09262
2021-12-09 17:00:00,so2,PIIANN,13.62,11.725248
2025-01-10 07:00:00,so2,PIIANN,0.039999794,0.42092687
2021-03-03 02:00:00,so2,PIIANN,4.2,3.8554513
2023-07-01 12:00:00,so2,PIIANN,2.6333334,4.525741
2025-10-05 03:00:00,so2,PIIANN,3.25,2.1740274
2024-04-08 11:00:00,so2,PIIANN,6.67,5.615939
2025-09-04 15:00:00,so2,PIIANN,1.9500002,2.8446646
2025-03-06 08:00:00,so2,PIIANN,1.15,2.8520036
2021-08-10 17:00:00,so2,PIIANN,10.22,10.832103
2024-09-02 11:00:00,so2,PIIANN,4.53,4.9839654
2024-10-04 18:00:00,so2,PIIANN,7.15,2.0273225
2024-03-02 22:00:00,so2,PIIANN,3.98,3.0689874
2024-10-12 03:00:00,so2,PIIANN,5.58,2.873167
2025-10-06 04:00:00,so2,PIIANN,2.2999997,1.9052786
2025-07-05 23:00:00,so2,PIIANN,3.6,2.1917481
2025-10-06 18:00:00,so2,PIIANN,1.9799999,2.2777529
2023-10-02 01:00:00,so2,PIIANN,6.225,4.1888275
2024-01-05 07:00:00,so2,PIIANN,3.0199997,3.8467333
2025-07-07 00:00:00,so2,PIIANN,2.1699998,2.6898725
2022-12-09 21:00:00,so2,PIIANN,4.0,2.627441
2023-07-09 01:00:00,so2,PIIANN,5.95,5.3118014
2023-06-03 17:00:00,so2,PIIANN,6.65,4.0783153
2024-01-01 09:00:00,so2,PIIANN,38.67,37.025673
2022-05-04 21:00:00,so2,PIIANN,3.0300002,3.9943323
2024-11-05 20:00:00,so2,PIIANN,7.85,4.0178885
2022-12-06 16:00:00,so2,PIIANN,2.1000001,2.186025
2024-12-12 01:00:00,so2,PIIANN,4.4,3.1568413
2021-02-10 09:00:00,so2,PIIANN,12.45,12.281289
2022-08-05 00:00:00,so2,PIIANN,1.8300003,3.7844927
2021-08-08 08:00:00,so2,PIIANN,13.35,13.3236265
2021-12-08 03:00:00,so2,PIIANN,13.05,11.926399
2021-09-02 03:00:00,so2,PIIANN,4.2,6.3225756
2021-10-10 12:00:00,so2,PIIANN,13.05,13.25437
2021-10-01 17:00:00,so2,PIIANN,7.2,10.359137
2025-11-06 07:00:00,so2,PIIANN,5.58,3.1549563
2022-07-11 05:00:00,so2,PIIANN,1.4750003,2.2044015
2022-11-10 03:00:00,so2,PIIANN,2.2999997,2.3814757
2025-08-01 16:00:00,so2,PIIANN,26.15,16.379667
2021-03-07 04:00:00,so2,PIIANN,13.15,13.509839
2021-01-05 13:00:00,so2,PIIANN,10.48,12.043467
2023-01-06 06:00:00,so2,PIIANN,7.8,5.731459
2023-08-02 05:00:00,so2,PIIANN,6.05,4.0846124
2023-01-09 09:00:00,so2,PIIANN,2.7500002,3.558829
2023-05-08 07:00:00,so2,PIIANN,6.45,5.7055745
2025-01-05 14:00:00,so2,PIIANN,3.82,3.562136
2024-07-08 14:00:00,so2,PIIANN,1.3000001,1.5469741
2021-02-02 02:00:00,so2,PIIANN,12.372449,12.502922
2024-10-07 01:00:00,so2,PIIANN,2.1000001,3.1476407
2022-02-02 23:00:00,so2,PIIANN,2.92,3.2529166
2024-02-06 09:00:00,so2,PIIANN,5.42,3.7478557
2023-05-10 06:00:00,so2,PIIANN,12.65,10.114377
2022-07-09 06:00:00,so2,PIIANN,4.08,6.740588
2023-08-04 17:00:00,so2,PIIANN,1.1000003,1.8093084
2022-11-03 14:00:00,so2,PIIANN,1.65,3.5037625
2025-07-10 21:00:00,so2,PIIANN,1.9,1.6395229
2021-10-08 10:00:00,so2,PIIANN,12.82,11.426566
2023-02-04 20:00:00,so2,PIIANN,0.45555574,1.0557946
2024-07-09 02:00:00,so2,PIIANN,3.68,2.1123364
2022-01-03 21:00:00,so2,PIIANN,6.05,3.0204895
2025-12-10 17:00:00,so2,PIIANN,2.0199997,4.208775
2024-12-04 23:00:00,so2,PIIANN,4.55,2.772365
2022-01-01 16:00:00,so2,PIIANN,3.5,3.646484
2021-12-04 17:00:00,so2,PIIANN,11.2,10.224807
2023-03-01 18:00:00,so2,PIIANN,0.49999982,2.7364283
2025-08-09 03:00:00,so2,PIIANN,2.55,1.2242621
2024-02-11 20:00:00,so2,PIIANN,6.55,7.2635317
2024-06-01 11:00:00,so2,PIIANN,45.4,42.691936
2021-12-08 18:00:00,so2,PIIANN,13.3,13.664985
2021-02-10 11:00:00,so2,PIIANN,12.8,11.69738
2025-12-12 21:00:00,so2,PIIANN,6.15,7.7884316
2025-05-10 15:00:00,so2,PIIANN,0.07,1.9568018
2024-10-10 18:00:00,so2,PIIANN,3.65,3.8472638
2024-11-03 19:00:00,so2,PIIANN,3.72,2.657254
2024-10-09 19:00:00,so2,PIIANN,6.18,3.6697092
2023-06-07 02:00:00,so2,PIIANN,5.105,6.161836
2023-04-08 14:00:00,so2,PIIANN,2.4000003,2.9564607
2025-01-01 14:00:00,so2,PIIANN,3.88,4.316359
2022-02-09 18:00:00,so2,PIIANN,0.7499998,4.197124
2022-08-12 09:00:00,so2,PIIANN,4.2,5.868548
2024-11-09 05:00:00,so2,PIIANN,2.62,2.31653
2021-07-05 15:00:00,so2,PIIANN,11.23,10.377263
2022-06-03 09:00:00,so2,PIIANN,3.4,3.9809086
2024-11-08 06:00:00,so2,PIIANN,5.32,3.810523
2021-05-03 02:00:00,so2,PIIANN,4.2,4.2443953
2021-03-05 07:00:00,so2,PIIANN,11.0,10.397309
2021-04-02 05:00:00,so2,PIIANN,4.2,4.510933
2025-12-04 19:00:00,so2,PIIANN,3.2,2.8938582
2025-09-02 16:00:00,so2,PIIANN,0.97999984,3.3859284
2021-07-09 15:00:00,so2,PIIANN,11.12,10.226458
2022-04-10 14:00:00,so2,PIIANN,3.53,2.5032551
2025-06-06 06:00:00,so2,PIIANN,2.6800003,3.5294785
2023-05-03 03:00:00,so2,PIIANN,5.375,3.196338
2023-11-06 17:00:00,so2,PIIANN,5.025,5.9067173
2022-03-11 16:00:00,so2,PIIANN,0.8,2.6605027
2021-06-08 08:00:00,so2,PIIANN,15.68,14.240035
2023-03-03 14:00:00,so2,PIIANN,0.9750002,3.0652874
2024-06-06 15:00:00,so2,PIIANN,2.4000003,1.9052824
2024-11-05 21:00:00,so2,PIIANN,9.28,5.817515
2022-01-02 16:00:00,so2,PIIANN,2.9499998,3.353014
2024-12-11 18:00:00,so2,PIIANN,2.03,2.6698904
2025-03-09 06:00:00,so2,PIIANN,1.5199999,1.1012667
2023-02-11 06:00:00,so2,PIIANN,5.825,3.4050713
2022-04-02 13:00:00,so2,PIIANN,2.32,3.5329857
2024-02-10 00:00:00,so2,PIIANN,3.85,2.7929447
2021-09-08 14:00:00,so2,PIIANN,11.35,11.883326
2023-08-10 11:00:00,so2,PIIANN,7.6,6.800901
2024-05-06 06:00:00,so2,PIIANN,4.62,4.0190673
2022-05-09 19:00:00,so2,PIIANN,7.75,5.266107
2021-03-09 23:00:00,so2,PIIANN,13.88,12.925755
2025-03-01 20:00:00,so2,PIIANN,4.28,4.3235493
2025-03-08 01:00:00,so2,PIIANN,0.62999994,2.8752544
2021-12-10 00:00:00,so2,PIIANN,12.08,11.381542
2021-07-12 11:00:00,so2,PIIANN,13.1,4.731389
2024-11-08 02:00:00,so2,PIIANN,4.8,4.3482494
2022-09-02 10:00:00,so2,PIIANN,3.6,4.237122
2022-05-09 11:00:00,so2,PIIANN,7.52,6.6675463
2021-10-10 13:00:00,so2,PIIANN,13.15,12.0146675
2023-12-01 13:00:00,so2,PIIANN,5.525,6.029774
2023-03-11 07:00:00,so2,PIIANN,1.9,1.8638958
2022-09-04 20:00:00,so2,PIIANN,3.25,4.3357368
2025-03-09 12:00:00,so2,PIIANN,1.2099999,2.3311756
2023-01-12 12:00:00,so2,PIIANN,12.4,10.8260355
2022-06-09 05:00:00,so2,PIIANN,3.38,5.2252054
2023-03-02 09:00:00,so2,PIIANN,0.39999992,4.2555118
2023-01-08 21:00:00,so2,PIIANN,2.9749997,4.0629725
2022-04-06 10:00:00,so2,PIIANN,6.57,6.6157303
2023-08-11 10:00:00,so2,PIIANN,6.366667,7.3113756
2025-11-08 03:00:00,so2,PIIANN,1.2499999,1.9832119
2022-05-09 18:00:00,so2,PIIANN,6.5,4.162759
2022-04-01 14:00:00,so2,PIIANN,1.9999999,6.959969
2024-09-10 10:00:00,so2,PIIANN,3.55,5.7184844
2022-12-02 04:00:00,so2,PIIANN,1.88,3.4683766
2022-05-03 00:00:00,so2,PIIANN,4.08,2.4409947
2023-06-03 02:00:00,so2,PIIANN,9.625,5.9178777
2022-02-02 11:00:00,so2,PIIANN,5.0,5.4222546
2021-09-06 02:00:00,so2,PIIANN,12.249999,11.294417
2021-11-12 14:00:00,so2,PIIANN,1.8666667,3.9041176
2021-11-09 09:00:00,so2,PIIANN,14.0,14.026811
2022-11-03 07:00:00,so2,PIIANN,3.38,3.9236236
2022-12-04 08:00:00,so2,PIIANN,4.4,4.379722
2022-02-03 05:00:00,so2,PIIANN,6.02,5.5498104
2024-10-02 03:00:00,so2,PIIANN,4.45,5.177284
2024-04-11 09:00:00,so2,PIIANN,9.02,7.5523167
2021-01-09 10:00:00,so2,PIIANN,13.52,12.916752
2022-09-03 11:00:00,so2,PIIANN,4.2,4.6338415
2021-06-05 09:00:00,so2,PIIANN,13.1,15.378558
2025-05-03 22:00:00,so2,PIIANN,4.2,2.5327427
2021-03-11 08:00:00,so2,PIIANN,13.579999,13.756446
2021-05-07 10:00:00,so2,PIIANN,17.02,12.219995
2021-01-02 03:00:00,so2,PIIANN,4.2,18.988298
2025-08-04 23:00:00,so2,PIIANN,2.4000003,2.8085775
2025-10-07 05:00:00,so2,PIIANN,2.9499998,2.7153397
2024-02-11 11:00:00,so2,PIIANN,14.93,8.1102
2025-09-02 00:00:00,so2,PIIANN,2.1699998,4.924688
2021-10-09 16:00:00,so2,PIIANN,12.849999,9.943619
2023-06-01 22:00:00,so2,PIIANN,9.55,7.8769145
2024-10-07 10:00:00,so2,PIIANN,3.47,4.265298
2021-08-12 20:00:00,so2,PIIANN,3.48,1.9060801
2021-06-07 14:00:00,so2,PIIANN,13.7,11.813106
2022-11-11 11:00:00,so2,PIIANN,8.1,7.401985
2022-11-02 18:00:00,so2,PIIANN,2.1000001,3.5288856
2021-08-02 21:00:00,so2,PIIANN,4.2,4.0420017
2025-07-11 17:00:00,so2,PIIANN,9.26,8.669663
2021-09-04 07:00:00,so2,PIIANN,11.913684,11.780912
2025-12-11 06:00:00,so2,PIIANN,8.22,10.506019
2025-03-03 01:00:00,so2,PIIANN,6.092,5.105875
2025-10-08 21:00:00,so2,PIIANN,1.67,0.9626749
2021-11-04 13:00:00,so2,PIIANN,11.88,11.821349
2023-02-12 13:00:00,so2,PIIANN,11.35,10.836472
2021-11-12 19:00:00,so2,PIIANN,2.7500002,3.1904817
2022-06-11 07:00:00,so2,PIIANN,1.5800003,2.7971852
2021-10-08 22:00:00,so2,PIIANN,14.0,12.954887
2021-01-11 01:00:00,so2,PIIANN,13.82,13.826101
2024-11-02 00:00:00,so2,PIIANN,3.48,44.306778
2024-07-10 23:00:00,so2,PIIANN,3.68,2.5450938
2025-08-11 00:00:00,so2,PIIANN,4.1,1.9816626
2022-09-02 17:00:00,so2,PIIANN,2.42,3.0678632
2025-09-07 06:00:00,so2,PIIANN,1.8300003,3.8588061
2023-11-11 13:00:00,so2,PIIANN,10.0,11.447799
2025-04-10 00:00:00,so2,PIIANN,1.65,3.2682872
2021-07-04 21:00:00,so2,PIIANN,13.62,14.366432
2021-06-06 01:00:00,so2,PIIANN,13.38,11.79135
2021-03-05 04:00:00,so2,PIIANN,11.48,10.923399
2022-12-10 04:00:00,so2,PIIANN,4.0,2.6951332
2021-11-08 20:00:00,so2,PIIANN,12.32,12.222761
2022-04-05 12:00:00,so2,PIIANN,4.05,4.8803163
2024-03-07 07:00:00,so2,PIIANN,6.75,4.241272
2024-07-08 07:00:00,so2,PIIANN,5.42,3.564023
2024-04-04 22:00:00,so2,PIIANN,2.5,4.959325
2024-11-08 03:00:00,so2,PIIANN,5.38,4.004419
2021-12-09 18:00:00,so2,PIIANN,12.52,13.34181
2024-09-01 23:00:00,so2,PIIANN,42.38,36.509968
2025-11-08 19:00:00,so2,PIIANN,1.0300001,1.4840935
2024-02-11 12:00:00,so2,PIIANN,7.28,9.399917
2022-04-10 18:00:00,so2,PIIANN,1.0500001,2.5194385
2021-02-06 03:00:00,so2,PIIANN,13.02,12.016388
2025-11-05 15:00:00,so2,PIIANN,3.13,5.144559
2024-04-07 14:00:00,so2,PIIANN,0.3,2.4257517
2025-04-01 11:00:00,so2,PIIANN,34.67,8.38735
2022-02-07 06:00:00,so2,PIIANN,2.36,2.0647957
2024-04-12 01:00:00,so2,PIIANN,3.2769232,3.396244
2023-01-05 04:00:00,so2,PIIANN,3.1,3.3744614
2023-10-08 23:00:00,so2,PIIANN,6.3,5.3813424
2022-01-05 15:00:00,so2,PIIANN,2.38,3.6485498
2025-04-02 09:00:00,so2,PIIANN,24.58,5.56869
2021-02-06 10:00:00,so2,PIIANN,13.549999,12.756576
2021-01-06 18:00:00,so2,PIIANN,12.7,11.411474
2025-12-05 12:00:00,so2,PIIANN,5.17,4.013026
2021-11-10 10:00:00,so2,PIIANN,9.75,10.937585
2024-02-02 11:00:00,so2,PIIANN,4.2,3.6041255
2022-04-09 16:00:00,so2,PIIANN,2.9700003,4.294192
2024-03-06 06:00:00,so2,PIIANN,1.9799999,1.8252124
2024-04-12 03:00:00,so2,PIIANN,4.2,3.656462
2025-10-01 16:00:00,so2,PIIANN,1.4700001,4.951229
2022-09-05 21:00:00,so2,PIIANN,3.73,3.8833973
2021-07-05 10:00:00,so2,PIIANN,11.88,11.868838
2024-06-07 08:00:00,so2,PIIANN,3.0,3.9014034
2023-09-01 11:00:00,so2,PIIANN,1.6000003,4.519568
2024-02-08 19:00:00,so2,PIIANN,6.9,6.351674
2025-10-07 03:00:00,so2,PIIANN,2.42,2.5488045
2023-11-05 01:00:00,so2,PIIANN,2.4250002,2.0197618
2021-08-01 09:00:00,so2,PIIANN,5.57,6.7461996
2022-06-01 13:00:00,so2,PIIANN,4.0,6.8486347
2023-05-01 23:00:00,so2,PIIANN,3.8333333,2.2104259
2021-10-05 10:00:00,so2,PIIANN,12.2,11.406104
2025-09-02 05:00:00,so2,PIIANN,2.2999997,3.4791384
2024-08-06 05:00:00,so2,PIIANN,4.32,3.5702333
2022-07-03 05:00:00,so2,PIIANN,1.4500002,3.741562
2023-03-06 07:00:00,so2,PIIANN,6.575,7.1908674
2021-12-03 13:00:00,so2,PIIANN,4.2,4.059381
2024-04-09 05:00:00,so2,PIIANN,2.5799997,1.0569018
2025-10-01 13:00:00,so2,PIIANN,3.32,5.068336
2023-12-03 03:00:00,so2,PIIANN,4.775,5.487743
2023-10-08 17:00:00,so2,PIIANN,6.175,6.815773
2022-05-05 20:00:00,so2,PIIANN,1.65,1.8472074
2021-06-03 06:00:00,so2,PIIANN,4.2,4.886919
2021-01-02 14:00:00,so2,PIIANN,4.2,5.019762
2024-10-03 14:00:00,so2,PIIANN,8.0,4.2787046
2022-07-05 19:00:00,so2,PIIANN,1.3300003,1.3837422
2022-07-07 14:00:00,so2,PIIANN,3.55,4.3469296
2023-02-03 20:00:00,so2,PIIANN,12.775,10.426681
2025-05-06 04:00:00,so2,PIIANN,1.7800001,2.6123097
2025-08-01 17:00:00,so2,PIIANN,21.68,17.611216
2022-04-09 04:00:00,so2,PIIANN,4.4,3.8709993
2024-03-12 23:00:00,so2,PIIANN,6.95,3.8005567
2022-02-09 14:00:00,so2,PIIANN,10.82,7.3387
2024-01-01 10:00:00,so2,PIIANN,38.53,36.442112
2021-10-07 17:00:00,so2,PIIANN,13.38,11.107805
2022-01-04 00:00:00,so2,PIIANN,3.22,6.279042
2024-07-10 16:00:00,so2,PIIANN,2.5199997,3.000983
2023-11-03 05:00:00,so2,PIIANN,4.125,5.279571
2021-09-06 21:00:00,so2,PIIANN,11.45,9.342038
2024-01-11 14:00:00,so2,PIIANN,4.63,4.871341
2022-04-01 16:00:00,so2,PIIANN,2.2,4.212333
2023-01-11 10:00:00,so2,PIIANN,12.133333,10.796645
2025-01-07 04:00:00,so2,PIIANN,1.5800003,2.8071246
2024-09-12 13:00:00,so2,PIIANN,10.92,7.177547
2025-05-10 05:00:00,so2,PIIANN,0.91000015,2.7870388
2021-02-09 12:00:00,so2,PIIANN,12.45,14.148947
2021-01-10 09:00:00,so2,PIIANN,12.849999,12.354945
2022-09-08 16:00:00,so2,PIIANN,1.0300001,1.7668856
2023-07-08 10:00:00,so2,PIIANN,5.4,6.301148
2023-09-03 04:00:00,so2,PIIANN,4.6,2.8224208
2024-05-09 05:00:00,so2,PIIANN,5.3,3.8493328
2023-06-11 17:00:00,so2,PIIANN,6.425,8.459904
2022-07-03 07:00:00,so2,PIIANN,1.4799999,2.3898935
2022-06-03 12:00:00,so2,PIIANN,2.38,4.1986914
2024-02-09 02:00:00,so2,PIIANN,3.78,2.4643815
2023-01-01 20:00:00,so2,PIIANN,2.35,3.0764928
2024-08-03 16:00:00,so2,PIIANN,1.82,2.7544117
2022-06-10 22:00:00,so2,PIIANN,2.88,5.0343933
2025-07-08 15:00:00,so2,PIIANN,1.9399999,3.516062
2022-04-09 03:00:00,so2,PIIANN,3.0,3.371641
2025-01-11 12:00:00,so2,PIIANN,4.63,8.460588
2024-06-12 05:00:00,so2,PIIANN,2.42,2.7280624
2024-12-07 12:00:00,so2,PIIANN,4.6,4.8670745
2024-09-04 02:00:00,so2,PIIANN,2.1000001,2.690687
2025-01-09 21:00:00,so2,PIIANN,2.54,2.7777886
2021-10-12 02:00:00,so2,PIIANN,2.7,4.133816
2022-12-09 03:00:00,so2,PIIANN,4.15,4.8641353
2024-07-01 15:00:00,so2,PIIANN,47.25,40.388535
2021-04-10 18:00:00,so2,PIIANN,13.62,11.713977
2021-11-07 01:00:00,so2,PIIANN,13.62,12.494539
2025-08-12 03:00:00,so2,PIIANN,7.98,9.391612
2022-05-03 04:00:00,so2,PIIANN,3.2,2.993473
2024-07-08 10:00:00,so2,PIIANN,3.97,4.9692407
2022-11-04 00:00:00,so2,PIIANN,3.8,5.40609
2024-11-03 06:00:00,so2,PIIANN,5.58,6.408506
2025-03-06 05:00:00,so2,PIIANN,3.25,2.8457236
2021-05-12 11:00:00,so2,PIIANN,5.2,4.184943
2025-07-04 10:00:00,so2,PIIANN,3.93,2.0915887
2021-08-10 12:00:00,so2,PIIANN,12.249999,11.905962
2022-10-01 11:00:00,so2,PIIANN,4.2,4.617311
2024-04-09 11:00:00,so2,PIIANN,6.3,3.7947335
2021-06-02 20:00:00,so2,PIIANN,4.2,3.83595
2023-12-10 17:00:00,so2,PIIANN,4.0,2.9390237
2024-01-10 01:00:00,so2,PIIANN,0.49999982,3.2750914
2025-04-04 09:00:00,so2,PIIANN,3.85,4.1737
2022-12-07 22:00:00,so2,PIIANN,3.68,4.813672
2025-03-02 14:00:00,so2,PIIANN,4.85,4.867601
2025-09-03 12:00:00,so2,PIIANN,9.65,11.577358
2021-02-05 00:00:00,so2,PIIANN,13.95,12.047008
2025-12-01 12:00:00,so2,PIIANN,3.62,6.3512335
2024-08-10 02:00:00,so2,PIIANN,3.6,4.2986803
2025-08-02 03:00:00,so2,PIIANN,0.8500002,2.9446979
2021-01-03 11:00:00,so2,PIIANN,4.2,5.3649178
2023-10-05 21:00:00,so2,PIIANN,2.825,3.7085855
2021-09-12 08:00:00,so2,PIIANN,2.88,4.8572187
2021-10-12 14:00:00,so2,PIIANN,14.42,11.950201
2024-12-10 09:00:00,so2,PIIANN,3.0199997,3.818739
2024-08-09 07:00:00,so2,PIIANN,2.82,2.8606675
2023-12-06 17:00:00,so2,PIIANN,5.75,4.890152
2024-01-05 02:00:00,so2,PIIANN,4.8,4.5921636
2023-02-04 10:00:00,so2,PIIANN,1.4500002,3.2589343
2025-10-12 00:00:00,so2,PIIANN,6.81,5.2937713
2025-08-01 09:00:00,so2,PIIANN,4.47,7.934762
2021-03-01 22:00:00,so2,PIIANN,8.12,7.925962
2022-05-03 06:00:00,so2,PIIANN,4.12,3.6830356
2021-02-06 23:00:00,so2,PIIANN,11.52,12.86135
2022-10-12 00:00:00,so2,PIIANN,2.3523493,3.1460621
2022-08-06 16:00:00,so2,PIIANN,2.03,3.4541497
2022-04-04 14:00:00,so2,PIIANN,2.4250002,3.525191
2025-04-05 08:00:00,so2,PIIANN,6.25,3.7881134
2021-01-06 04:00:00,so2,PIIANN,12.3,11.786314
2023-12-09 03:00:00,so2,PIIANN,3.4,3.345473
2024-03-08 17:00:00,so2,PIIANN,3.72,3.7612128
2021-06-04 04:00:00,so2,PIIANN,13.8,14.308881
2024-04-07 10:00:00,so2,PIIANN,3.5,4.086089
2025-02-11 11:00:00,so2,PIIANN,2.6800003,5.95001
2021-03-05 20:00:00,so2,PIIANN,12.3,11.002844
2024-05-05 03:00:00,so2,PIIANN,1.5800003,3.170777
2024-03-12 00:00:00,so2,PIIANN,2.62,3.8582969
2024-07-01 13:00:00,so2,PIIANN,43.48,40.196774
2022-03-10 17:00:00,so2,PIIANN,1.3700002,1.5191206
2024-05-06 13:00:00,so2,PIIANN,1.7000002,2.6226087
2021-09-10 23:00:00,so2,PIIANN,14.35,13.074179
2024-02-09 20:00:00,so2,PIIANN,2.12,1.6666268
2022-07-11 09:00:00,so2,PIIANN,3.85,3.9738295
2022-08-10 14:00:00,so2,PIIANN,6.09,4.144906
2021-10-07 22:00:00,so2,PIIANN,13.35,12.540434
2024-06-04 04:00:00,so2,PIIANN,9.22,6.8972692
2021-10-03 22:00:00,so2,PIIANN,4.2,4.994169
2024-07-06 11:00:00,so2,PIIANN,3.83,4.1801667
2023-10-03 02:00:00,so2,PIIANN,9.55,6.9576592
2023-02-07 02:00:00,so2,PIIANN,6.41,6.3001404
2025-08-07 00:00:00,so2,PIIANN,3.15,2.9984088
2021-03-02 06:00:00,so2,PIIANN,4.2,4.6898923
2023-10-03 12:00:00,so2,PIIANN,2.1000001,1.8486322
2025-07-01 20:00:00,so2,PIIANN,6.62,7.4154487
2025-11-09 02:00:00,so2,PIIANN,2.92,1.7444247
2022-09-10 07:00:00,so2,PIIANN,3.0625,4.269917
2025-05-10 02:00:00,so2,PIIANN,2.0599997,2.260517
2025-12-02 16:00:00,so2,PIIANN,4.32,4.192435
2025-07-10 19:00:00,so2,PIIANN,1.36,1.9678744
2022-12-03 05:00:00,so2,PIIANN,1.7000002,4.1941133
2024-08-10 08:00:00,so2,PIIANN,1.9,2.4838178
2023-09-01 08:00:00,so2,PIIANN,7.225,5.744115
2022-05-07 15:00:00,so2,PIIANN,4.2,3.3203623
2022-09-09 18:00:00,so2,PIIANN,4.7,5.232564
2024-12-05 06:00:00,so2,PIIANN,5.65,1.4407052
2024-08-07 00:00:00,so2,PIIANN,2.6000001,2.621983
2022-04-03 19:00:00,so2,PIIANN,5.58,4.1230154
2025-01-05 09:00:00,so2,PIIANN,7.28,6.703178
2023-12-11 21:00:00,so2,PIIANN,22.9,26.653582
2021-03-10 20:00:00,so2,PIIANN,14.6,13.350863
2021-12-05 04:00:00,so2,PIIANN,12.38,19.412361
2023-06-11 19:00:00,so2,PIIANN,5.7,7.264002
2022-04-12 17:00:00,so2,PIIANN,8.52,8.320044
2023-07-01 20:00:00,so2,PIIANN,3.275,4.449672
2022-06-10 21:00:00,so2,PIIANN,3.75,5.7276344
2023-03-08 21:00:00,so2,PIIANN,2.5,3.043292
2024-01-06 04:00:00,so2,PIIANN,3.22,2.9563222
2025-06-02 22:00:00,so2,PIIANN,3.47,2.7437618
2023-05-10 14:00:00,so2,PIIANN,13.1,11.471723
2023-05-09 17:00:00,so2,PIIANN,4.05,5.901078
2025-10-10 05:00:00,so2,PIIANN,0.6699999,1.1599268
2021-01-09 02:00:00,so2,PIIANN,11.25,11.214231
2025-11-05 01:00:00,so2,PIIANN,4.68,3.015615
2022-12-09 09:00:00,so2,PIIANN,4.4,4.2834425
2022-05-09 21:00:00,so2,PIIANN,4.32,6.541678
2023-04-05 23:00:00,so2,PIIANN,0.3,2.2991257
2024-06-04 11:00:00,so2,PIIANN,10.67,3.9224553
2022-03-05 19:00:00,so2,PIIANN,3.55,3.4542139
2024-01-01 11:00:00,so2,PIIANN,46.73,37.00491
2024-06-12 11:00:00,so2,PIIANN,5.4,4.167656
2022-04-07 21:00:00,so2,PIIANN,7.12,4.637355
2024-09-12 02:00:00,so2,PIIANN,7.1,6.102059
2021-12-10 08:00:00,so2,PIIANN,17.73,16.725056
2024-12-08 01:00:00,so2,PIIANN,4.08,3.1546676
2024-04-06 04:00:00,so2,PIIANN,2.7999997,3.6777678
2023-09-11 23:00:00,so2,PIIANN,2.675,4.0382643
2022-01-01 11:00:00,so2,PIIANN,3.9,3.9009333
2024-07-06 23:00:00,so2,PIIANN,3.05,4.3977365
2024-12-05 10:00:00,so2,PIIANN,1.7299999,3.588582
2022-03-04 06:00:00,so2,PIIANN,1.65,2.8874707
2023-07-01 17:00:00,so2,PIIANN,8.2,4.0678606
2024-03-01 23:00:00,so2,PIIANN,37.45,29.416872
2022-11-01 09:00:00,so2,PIIANN,2.62,4.510208
2025-10-09 03:00:00,so2,PIIANN,2.71,1.5014919
2021-10-01 10:00:00,so2,PIIANN,6.15,6.4713483
2023-12-04 06:00:00,so2,PIIANN,0.49999982,1.1038316
2023-05-03 08:00:00,so2,PIIANN,6.55,8.50041
2025-08-08 14:00:00,so2,PIIANN,6.49,7.077532
2025-06-04 05:00:00,so2,PIIANN,4.92,4.1562667
2021-10-03 16:00:00,so2,PIIANN,4.2,4.2822275
2024-02-09 12:00:00,so2,PIIANN,3.72,3.1488378
2025-01-08 05:00:00,so2,PIIANN,2.64,2.9452236
2024-04-11 17:00:00,so2,PIIANN,4.2,3.3432307
2025-01-12 10:00:00,so2,PIIANN,6.27,6.3620586
2024-11-04 08:00:00,so2,PIIANN,2.0199997,4.082161
2023-11-10 16:00:00,so2,PIIANN,6.225,4.320187
2025-12-07 22:00:00,so2,PIIANN,0.8500002,3.8165872
2025-02-03 01:00:00,so2,PIIANN,3.3076,2.907173
2022-04-09 12:00:00,so2,PIIANN,5.4,5.0405855
2025-05-04 23:00:00,so2,PIIANN,1.7800001,2.270072
2021-10-03 03:00:00,so2,PIIANN,4.2,4.4478273
2022-07-06 11:00:00,so2,PIIANN,6.3,4.9718623
2025-03-04 18:00:00,so2,PIIANN,3.28,2.137101
2024-11-03 17:00:00,so2,PIIANN,3.6,4.2767334
2021-09-06 01:00:00,so2,PIIANN,11.88,11.574263
2023-11-03 20:00:00,so2,PIIANN,5.75,2.911904
2021-07-06 09:00:00,so2,PIIANN,13.249999,12.506397
2025-02-09 01:00:00,so2,PIIANN,1.38,10.04245
2021-11-04 17:00:00,so2,PIIANN,11.58,11.081581
2023-10-05 04:00:00,so2,PIIANN,2.5750003,2.8870492
2021-02-08 10:00:00,so2,PIIANN,13.32,13.722371
2025-11-10 20:00:00,so2,PIIANN,2.26,2.6786432
2022-05-01 16:00:00,so2,PIIANN,13.68,11.485665
2021-10-06 21:00:00,so2,PIIANN,12.05,10.943579
2024-04-04 07:00:00,so2,PIIANN,4.9,4.048046
2024-01-09 07:00:00,so2,PIIANN,7.15,6.9313703
2021-05-11 21:00:00,so2,PIIANN,14.02,18.143507
2022-02-04 20:00:00,so2,PIIANN,2.55,2.5360067
2021-02-10 19:00:00,so2,PIIANN,13.23,13.160591
2022-01-08 11:00:00,so2,PIIANN,10.2,7.0268416
2023-07-11 21:00:00,so2,PIIANN,7.45,8.089915
2022-03-11 10:00:00,so2,PIIANN,2.2,4.8156466
2022-04-03 18:00:00,so2,PIIANN,4.4,3.2514706
2024-02-09 13:00:00,so2,PIIANN,6.22,3.2236598
2024-03-04 08:00:00,so2,PIIANN,3.19,3.5224307
2025-12-03 13:00:00,so2,PIIANN,1.5500001,1.8122009
2025-04-03 02:00:00,so2,PIIANN,8.474,7.163535
2025-04-04 17:00:00,so2,PIIANN,3.95,2.7634666
2024-07-09 04:00:00,so2,PIIANN,4.8,3.843391
2023-09-09 01:00:00,so2,PIIANN,5.275,4.7430043
2023-08-11 17:00:00,so2,PIIANN,12.275,12.278522
2024-06-12 07:00:00,so2,PIIANN,2.92,3.0159566
2021-05-05 16:00:00,so2,PIIANN,11.35,11.637767
2023-12-10 15:00:00,so2,PIIANN,2.2999997,2.320109
2022-05-11 19:00:00,so2,PIIANN,1.3500003,2.3203423
2024-12-04 02:00:00,so2,PIIANN,1.5800003,6.0126715
2023-12-04 18:00:00,so2,PIIANN,9.35,5.315971
2022-08-07 06:00:00,so2,PIIANN,1.9,4.944284
2024-12-06 11:00:00,so2,PIIANN,2.9000003,2.8033082
2021-01-07 02:00:00,so2,PIIANN,13.82,13.183192
2024-01-02 12:00:00,so2,PIIANN,1.7800001,4.0633054
2023-05-03 13:00:00,so2,PIIANN,6.875,5.7259846
2023-05-11 14:00:00,so2,PIIANN,2.175,4.59595
2025-03-10 01:00:00,so2,PIIANN,1.1400002,2.728159
2024-04-07 01:00:00,so2,PIIANN,3.15,3.011688
2022-10-11 16:00:00,so2,PIIANN,11.85,8.796605
2023-05-01 17:00:00,so2,PIIANN,7.125,5.8521013
2025-07-09 19:00:00,so2,PIIANN,0.7699998,1.0246013
2023-11-01 17:00:00,so2,PIIANN,17.275,8.881865
2025-07-06 07:00:00,so2,PIIANN,4.32,5.396593
2024-04-02 21:00:00,so2,PIIANN,1.9799999,2.8166602
2021-04-03 14:00:00,so2,PIIANN,4.2,4.217174
2023-11-07 01:00:00,so2,PIIANN,4.682,3.1678686
2021-06-06 09:00:00,so2,PIIANN,11.45,11.618715
2025-11-04 19:00:00,so2,PIIANN,3.45,2.8790846
2022-03-12 03:00:00,so2,PIIANN,0.3,1.7805427
2024-08-08 09:00:00,so2,PIIANN,2.42,4.4146256
2024-04-07 19:00:00,so2,PIIANN,4.9,3.0779276
2022-03-06 03:00:00,so2,PIIANN,5.15,8.092478
2022-09-06 01:00:00,so2,PIIANN,3.12,3.9283922
2021-06-12 05:00:00,so2,PIIANN,1.4500002,2.6770625
2022-01-04 22:00:00,so2,PIIANN,0.3,2.9151864
2022-06-05 19:00:00,so2,PIIANN,3.65,2.5886104
2023-10-11 14:00:00,so2,PIIANN,2.4250002,4.543525
2023-03-02 07:00:00,so2,PIIANN,2.1000001,3.2120829
2023-11-10 08:00:00,so2,PIIANN,3.4,2.8788393
2023-10-11 16:00:00,so2,PIIANN,8.625,9.1653185
2024-08-08 20:00:00,so2,PIIANN,2.22,11.887241
2022-12-04 00:00:00,so2,PIIANN,4.58,4.665526
2023-03-12 23:00:00,so2,PIIANN,10.675,12.45353
2022-06-07 18:00:00,so2,PIIANN,3.1,3.3908756
2024-07-06 03:00:00,so2,PIIANN,2.2999997,6.0448155
2021-08-05 12:00:00,so2,PIIANN,12.6,12.417531
2023-11-03 23:00:00,so2,PIIANN,8.625,5.1846757
2024-07-07 01:00:00,so2,PIIANN,4.08,4.0178246
2024-01-01 20:00:00,so2,PIIANN,35.45,32.078815
2022-08-05 04:00:00,so2,PIIANN,4.03,2.9444206
2024-04-11 14:00:00,so2,PIIANN,11.15,2.9337986
2022-11-07 21:00:00,so2,PIIANN,0.82,2.9513812
2024-06-03 12:00:00,so2,PIIANN,7.78,6.622262
2025-07-02 03:00:00,so2,PIIANN,1.38,4.8430367
2025-11-03 05:00:00,so2,PIIANN,1.4799999,1.971907
2021-05-01 15:00:00,so2,PIIANN,6.02,7.2253103
2021-10-10 19:00:00,so2,PIIANN,13.549999,14.6770115
2023-08-04 15:00:00,so2,PIIANN,1.775,2.7466698
2024-08-07 09:00:00,so2,PIIANN,2.7999997,5.034907
2024-09-07 23:00:00,so2,PIIANN,4.2,3.716789
2021-03-11 05:00:00,so2,PIIANN,12.68,12.543071
2023-08-04 05:00:00,so2,PIIANN,6.625,5.935696
2022-11-09 04:00:00,so2,PIIANN,4.47,3.4353092
2021-03-01 20:00:00,so2,PIIANN,11.68,8.480632
2022-03-02 01:00:00,so2,PIIANN,4.05,3.390961
2025-04-06 03:00:00,so2,PIIANN,2.1699998,3.0031304
2024-06-08 23:00:00,so2,PIIANN,3.62,3.3044486
2021-06-12 14:00:00,so2,PIIANN,0.8,3.8609197
2023-02-03 19:00:00,so2,PIIANN,12.575,7.6046515
2024-08-06 23:00:00,so2,PIIANN,1.7200001,2.730271
2021-11-02 14:00:00,so2,PIIANN,4.2,3.2227366
2024-04-05 22:00:00,so2,PIIANN,2.05,5.0560517
2025-06-03 07:00:00,so2,PIIANN,4.2,3.3465483
2025-12-07 13:00:00,so2,PIIANN,3.25,2.5584073
2025-01-07 19:00:00,so2,PIIANN,1.4999999,3.223385
2024-01-06 19:00:00,so2,PIIANN,2.5,4.65923
2022-09-07 06:00:00,so2,PIIANN,2.9000003,3.2858047
2025-11-12 02:00:00,so2,PIIANN,7.08,7.8475018
2021-08-01 11:00:00,so2,PIIANN,5.43,6.361183
2023-01-06 23:00:00,so2,PIIANN,6.65,5.1027246
2021-08-09 23:00:00,so2,PIIANN,11.2,10.311029
2022-11-09 17:00:00,so2,PIIANN,2.225,4.886963
2024-01-03 05:00:00,so2,PIIANN,3.72,3.1915889
2022-01-10 10:00:00,so2,PIIANN,1.7000002,2.9591973
2025-02-04 10:00:00,so2,PIIANN,1.7000002,2.4162645
2022-02-10 20:00:00,so2,PIIANN,5.17,4.6199694
2025-06-03 02:00:00,so2,PIIANN,4.5336,5.0351863
2021-05-07 21:00:00,so2,PIIANN,4.2,5.0577173
2021-05-03 04:00:00,so2,PIIANN,4.2,4.9813733
2022-07-10 07:00:00,so2,PIIANN,2.1000001,1.8476094
2022-12-08 01:00:00,so2,PIIANN,1.9,2.3097372
2023-09-12 11:00:00,so2,PIIANN,4.2,5.4055886
2021-04-10 06:00:00,so2,PIIANN,12.12,11.650834
2024-11-05 02:00:00,so2,PIIANN,4.47,3.4887633
2022-08-02 19:00:00,so2,PIIANN,2.0199997,2.236116
2021-07-02 08:00:00,so2,PIIANN,4.2,6.3886185
2025-06-09 04:00:00,so2,PIIANN,2.98,5.140037
2022-04-04 23:00:00,so2,PIIANN,3.15,4.809016
2024-02-08 00:00:00,so2,PIIANN,2.5,6.286948
2023-05-11 05:00:00,so2,PIIANN,3.225,4.550624
2021-10-07 21:00:00,so2,PIIANN,13.18,12.998949
2023-03-03 22:00:00,so2,PIIANN,5.2,6.484379
2023-09-01 19:00:00,so2,PIIANN,2.7500002,6.7626963
2023-08-08 17:00:00,so2,PIIANN,7.6,6.119052
2025-10-03 13:00:00,so2,PIIANN,2.78,4.7937503
2023-08-05 11:00:00,so2,PIIANN,3.7,4.2007174
2023-09-04 06:00:00,so2,PIIANN,3.1,2.465366
2022-02-11 08:00:00,so2,PIIANN,1.38,2.3345523
2023-02-03 15:00:00,so2,PIIANN,4.15,5.207976
2022-07-10 02:00:00,so2,PIIANN,14.95,2.991746
2022-06-08 01:00:00,so2,PIIANN,2.62,3.763458
2022-06-08 09:00:00,so2,PIIANN,0.54249984,1.643308
2023-03-06 03:00:00,so2,PIIANN,6.3,5.7934194
2023-11-08 09:00:00,so2,PIIANN,7.0,7.4407763
2024-03-06 23:00:00,so2,PIIANN,4.53,3.2456174
2023-04-03 03:00:00,so2,PIIANN,1.4666666,2.2357225
2023-02-11 13:00:00,so2,PIIANN,8.775,7.3294506
2024-10-01 15:00:00,so2,PIIANN,38.72,37.094006
2023-11-11 08:00:00,so2,PIIANN,2.7500002,4.9815283
2022-09-05 15:00:00,so2,PIIANN,3.88,4.76428
2021-01-12 08:00:00,so2,PIIANN,13.32,12.125417
2025-01-05 13:00:00,so2,PIIANN,3.68,4.3614445
2021-05-11 09:00:00,so2,PIIANN,12.849999,13.802326
2022-03-10 15:00:00,so2,PIIANN,1.025,2.5189922
2023-08-10 00:00:00,so2,PIIANN,1.0333332,5.547601
2025-10-02 19:00:00,so2,PIIANN,2.7500002,3.7721837
2021-02-01 16:00:00,so2,PIIANN,6.1,7.9765086
2025-06-09 21:00:00,so2,PIIANN,2.79,2.7348914
2023-07-10 19:00:00,so2,PIIANN,3.075,4.566012
2022-11-03 01:00:00,so2,PIIANN,2.82,3.5295055
2023-10-01 10:00:00,so2,PIIANN,11.6,8.448092
2022-11-11 20:00:00,so2,PIIANN,3.85,3.0871737
2021-06-02 07:00:00,so2,PIIANN,4.2,5.5989475
2022-10-08 04:00:00,so2,PIIANN,3.08,1.6924394
2024-11-06 01:00:00,so2,PIIANN,2.62,3.787401
2021-09-07 03:00:00,so2,PIIANN,11.92,12.358889
2022-01-09 21:00:00,so2,PIIANN,5.32,6.0515685
2025-03-10 13:00:00,so2,PIIANN,2.88,2.9891138
2022-08-09 21:00:00,so2,PIIANN,4.68,3.5296474
2022-02-10 15:00:00,so2,PIIANN,2.9000003,2.7827582
2025-12-09 03:00:00,so2,PIIANN,0.14000018,0.8027232
2025-08-09 00:00:00,so2,PIIANN,1.4399999,2.4171066
2024-07-03 08:00:00,so2,PIIANN,6.32,5.307716
2022-04-10 03:00:00,so2,PIIANN,1.3000001,2.722089
2021-10-09 15:00:00,so2,PIIANN,10.68,10.382737
2021-07-04 04:00:00,so2,PIIANN,14.12,15.82989
2023-02-11 16:00:00,so2,PIIANN,2.7,4.355145
2025-10-08 18:00:00,so2,PIIANN,1.0300001,2.2581573
2023-05-03 22:00:00,so2,PIIANN,6.625,3.983301
2025-12-04 15:00:00,so2,PIIANN,5.77,3.354388
2023-05-05 14:00:00,so2,PIIANN,4.2,4.406213
2021-11-10 07:00:00,so2,PIIANN,12.1,12.642323
2021-04-04 12:00:00,so2,PIIANN,16.92,16.219177
2023-02-05 03:00:00,so2,PIIANN,6.15,7.0227575
2025-10-07 07:00:00,so2,PIIANN,1.5199999,2.5045729
2025-05-08 23:00:00,so2,PIIANN,1.6800002,2.419187
2025-11-02 00:00:00,so2,PIIANN,3.32,2.6531417
2025-09-05 14:00:00,so2,PIIANN,2.7500002,3.0183585
2025-10-11 23:00:00,so2,PIIANN,6.92,5.252773
2023-07-11 04:00:00,so2,PIIANN,8.25,7.7687078
2021-10-04 16:00:00,so2,PIIANN,4.2,5.5437574
2022-07-06 19:00:00,so2,PIIANN,4.297895,3.4256022
2025-01-02 12:00:00,so2,PIIANN,5.0125,3.938543
2024-01-12 10:00:00,so2,PIIANN,4.63,4.0397267
2025-11-02 15:00:00,so2,PIIANN,4.0,6.361768
2025-01-10 16:00:00,so2,PIIANN,2.4499998,3.0808563
2024-09-02 19:00:00,so2,PIIANN,0.4700001,3.5702326
2023-01-12 00:00:00,so2,PIIANN,11.3,3.303728
2023-10-04 23:00:00,so2,PIIANN,1.8041667,1.3199652
2023-06-02 06:00:00,so2,PIIANN,0.9999998,3.1829405
2021-05-06 06:00:00,so2,PIIANN,11.23,11.792
2024-09-11 14:00:00,so2,PIIANN,9.72,7.7556043
2022-08-08 23:00:00,so2,PIIANN,9.12,7.314658
2022-08-02 20:00:00,so2,PIIANN,2.5799997,2.0382898
2022-06-12 14:00:00,so2,PIIANN,1.4500002,4.697101
2024-04-09 07:00:00,so2,PIIANN,5.32,2.3873625
2021-12-07 12:00:00,so2,PIIANN,12.8,13.823067
2021-12-09 20:00:00,so2,PIIANN,12.579999,13.96559
2025-10-11 06:00:00,so2,PIIANN,13.34,10.638192
2024-12-04 01:00:00,so2,PIIANN,7.0,4.359922
2023-02-05 16:00:00,so2,PIIANN,4.9,8.665781
2023-08-09 16:00:00,so2,PIIANN,6.3,5.7151136
2024-06-08 22:00:00,so2,PIIANN,2.62,2.0968854
2023-03-07 01:00:00,so2,PIIANN,5.126923,5.028302
2024-02-08 08:00:00,so2,PIIANN,0.8700002,3.0499368
2021-03-13 01:00:00,so2,PIIANN,2.9323854,3.0069046
2025-11-12 11:00:00,so2,PIIANN,6.97,8.502678
2025-04-05 01:00:00,so2,PIIANN,2.85,2.8401015
2024-11-01 14:00:00,so2,PIIANN,41.65,38.765396
2022-12-02 00:00:00,so2,PIIANN,1.7499999,3.1199322
2023-02-11 00:00:00,so2,PIIANN,3.35,12.013161
2024-10-03 23:00:00,so2,PIIANN,1.4999999,3.060925
2025-04-04 14:00:00,so2,PIIANN,3.28,3.4478812
2024-07-12 23:00:00,so2,PIIANN,3.53,2.7967272
2024-07-10 08:00:00,so2,PIIANN,3.1,5.1595845
2025-02-01 18:00:00,so2,PIIANN,6.68,7.0338316
2022-05-05 11:00:00,so2,PIIANN,5.2,4.315314
2022-08-03 20:00:00,so2,PIIANN,4.85,1.2056359
2025-07-11 22:00:00,so2,PIIANN,10.09,11.056196
2023-02-08 12:00:00,so2,PIIANN,1.5500001,3.4259565
2022-05-10 02:00:00,so2,PIIANN,1.4999999,5.399956
2022-05-09 14:00:00,so2,PIIANN,0.8999999,3.3367517
2021-01-05 08:00:00,so2,PIIANN,12.42,11.769053
2021-11-05 03:00:00,so2,PIIANN,11.88,10.787201
2021-12-04 00:00:00,so2,PIIANN,11.4,4.680299
2022-10-08 01:00:00,so2,PIIANN,0.49999982,2.5737064
2022-10-04 07:00:00,so2,PIIANN,4.18,4.494373
2025-05-10 18:00:00,so2,PIIANN,2.2,1.341842
2025-08-08 17:00:00,so2,PIIANN,3.8,4.720289
2023-11-08 18:00:00,so2,PIIANN,6.15,6.2170167
2025-11-11 16:00:00,so2,PIIANN,10.23,13.615892
2024-07-02 10:00:00,so2,PIIANN,6.83,6.4024673
2024-03-01 17:00:00,so2,PIIANN,35.550003,34.26199
2024-03-02 07:00:00,so2,PIIANN,4.85,6.461463
2022-09-10 17:00:00,so2,PIIANN,3.175,3.157853
2021-11-08 10:00:00,so2,PIIANN,12.45,13.397609
2024-04-08 06:00:00,so2,PIIANN,3.45,3.1128724
2024-07-05 05:00:00,so2,PIIANN,2.9499998,3.261201
2024-07-04 03:00:00,so2,PIIANN,6.22,6.1868153
2023-02-03 10:00:00,so2,PIIANN,7.266667,9.19908
2023-08-08 16:00:00,so2,PIIANN,6.75,5.8598995
2021-03-02 05:00:00,so2,PIIANN,4.2,4.8371596
2025-06-09 16:00:00,so2,PIIANN,3.0,3.6176567
2022-12-02 02:00:00,so2,PIIANN,2.0199997,2.7018495
2024-12-06 17:00:00,so2,PIIANN,3.05,2.5615726
2024-01-09 03:00:00,so2,PIIANN,3.15,4.924285
2021-03-10 23:00:00,so2,PIIANN,14.52,13.447463
2025-10-01 20:00:00,so2,PIIANN,2.9000003,4.067011
2023-08-01 12:00:00,so2,PIIANN,16.125,7.1807647
2021-08-08 09:00:00,so2,PIIANN,14.05,13.48095
2022-07-12 01:00:00,so2,PIIANN,1.2000002,4.1831636
2021-06-11 23:00:00,so2,PIIANN,10.48,10.301251
2023-02-12 08:00:00,so2,PIIANN,8.175,10.628028
2024-02-11 02:00:00,so2,PIIANN,4.65,5.5198107
2021-11-03 12:00:00,so2,PIIANN,4.2,4.4584413
2024-06-02 18:00:00,so2,PIIANN,3.0,5.648894
2024-07-02 13:00:00,so2,PIIANN,7.32,9.541796
2021-07-02 01:00:00,so2,PIIANN,6.319592,6.2570972
2021-06-11 12:00:00,so2,PIIANN,15.72,16.568035
2024-11-03 23:00:00,so2,PIIANN,1.3000001,3.4434214
2022-03-11 07:00:00,so2,PIIANN,4.42,4.6805344
2022-01-08 15:00:00,so2,PIIANN,4.95,7.00851
2024-03-08 02:00:00,so2,PIIANN,4.45,5.131397
2021-05-08 08:00:00,so2,PIIANN,13.82,14.566818
2024-05-10 22:00:00,so2,PIIANN,0.8700002,1.9142135
2022-10-06 06:00:00,so2,PIIANN,11.52,17.204025
2024-06-08 10:00:00,so2,PIIANN,2.7999997,3.2524843
2024-08-10 05:00:00,so2,PIIANN,0.39999992,3.1700048
2021-05-09 07:00:00,so2,PIIANN,11.08,11.343209
2022-03-12 01:00:00,so2,PIIANN,1.1750001,2.9395545
2022-05-02 10:00:00,so2,PIIANN,2.2,3.6931355
2022-02-04 19:00:00,so2,PIIANN,1.42,2.390499
2021-11-04 02:00:00,so2,PIIANN,11.8,9.651899
2021-11-06 07:00:00,so2,PIIANN,10.52,11.752876
2022-01-10 03:00:00,so2,PIIANN,1.2299999,2.459274
2022-03-11 21:00:00,so2,PIIANN,3.88,4.3771114
2023-06-03 23:00:00,so2,PIIANN,1.8000001,2.1652362
2025-09-06 01:00:00,so2,PIIANN,2.5799997,2.583111
2025-10-05 16:00:00,so2,PIIANN,3.15,2.890491
2022-04-06 20:00:00,so2,PIIANN,3.12,3.507176
2023-03-12 15:00:00,so2,PIIANN,13.1,14.595117
2022-06-09 00:00:00,so2,PIIANN,2.15,5.6430726
2022-01-09 13:00:00,so2,PIIANN,2.6800003,5.352463
2024-04-01 12:00:00,so2,PIIANN,37.88,35.213905
2022-02-07 15:00:00,so2,PIIANN,3.1,2.2427406
2022-05-03 10:00:00,so2,PIIANN,0.7699998,3.2929003
2022-04-10 17:00:00,so2,PIIANN,0.87999994,3.2625697
2024-03-02 06:00:00,so2,PIIANN,5.78,5.4236264
2022-10-05 06:00:00,so2,PIIANN,1.88,4.6288524
2022-09-11 11:00:00,so2,PIIANN,6.0,4.4217057
2024-10-02 02:00:00,so2,PIIANN,3.55,7.368349
2025-05-08 19:00:00,so2,PIIANN,3.95,2.914807
2022-10-02 07:00:00,so2,PIIANN,5.82,4.938606
2025-07-08 05:00:00,so2,PIIANN,1.4399999,1.2743453
2022-05-03 09:00:00,so2,PIIANN,1.0199999,4.067984
2021-04-06 19:00:00,so2,PIIANN,13.18,12.678152
2025-06-01 21:00:00,so2,PIIANN,9.02,5.553493
2023-09-04 08:00:00,so2,PIIANN,2.675,2.3865685
2023-09-09 05:00:00,so2,PIIANN,5.725,5.483435
2021-12-10 19:00:00,so2,PIIANN,12.02,12.773293
2024-01-07 21:00:00,so2,PIIANN,3.08,2.8224123
2021-07-05 07:00:00,so2,PIIANN,12.32,12.921607
2024-02-09 06:00:00,so2,PIIANN,3.42,2.9629056
2025-08-02 15:00:00,so2,PIIANN,4.45,3.706204
2025-12-04 03:00:00,so2,PIIANN,5.08,3.6460826
2023-01-11 17:00:00,so2,PIIANN,12.2,17.436049
2025-11-09 03:00:00,so2,PIIANN,3.96,2.218392
2023-08-05 19:00:00,so2,PIIANN,3.8,2.9441562
2022-01-07 16:00:00,so2,PIIANN,4.35,2.8900688
2021-03-11 13:00:00,so2,PIIANN,19.8,17.513844
2024-01-02 00:00:00,so2,PIIANN,2.82,29.826334
2024-11-06 04:00:00,so2,PIIANN,2.0199997,3.0693536
2024-09-11 00:00:00,so2,PIIANN,3.45,2.528837
2022-04-12 03:00:00,so2,PIIANN,6.95,4.9962506
2021-12-01 18:00:00,so2,PIIANN,9.38,10.890526
2022-10-06 04:00:00,so2,PIIANN,25.42,8.745449
2025-02-01 08:00:00,so2,PIIANN,3.2,3.645582
2025-04-08 22:00:00,so2,PIIANN,1.9,2.2481031
2025-03-10 10:00:00,so2,PIIANN,2.36,3.1546946
2024-03-05 01:00:00,so2,PIIANN,2.2999997,2.5290055
2022-02-09 03:00:00,so2,PIIANN,5.7,5.751899
2023-11-04 05:00:00,so2,PIIANN,0.9500001,1.6882724
2022-12-06 21:00:00,so2,PIIANN,6.5,4.6845593
2024-10-11 19:00:00,so2,PIIANN,7.45,7.2949514
2024-09-09 00:00:00,so2,PIIANN,3.7,5.36078
2022-01-03 05:00:00,so2,PIIANN,1.3000001,1.851066
2022-03-04 09:00:00,so2,PIIANN,5.45,3.8402002
2024-08-11 08:00:00,so2,PIIANN,4.22,5.34672
2025-10-06 00:00:00,so2,PIIANN,1.3500003,2.6196885
2021-04-01 17:00:00,so2,PIIANN,7.28,6.967427
2023-11-06 05:00:00,so2,PIIANN,5.725,4.6949496
2023-08-11 12:00:00,so2,PIIANN,8.0,8.982742
2023-04-09 06:00:00,so2,PIIANN,3.1,2.8300717
2022-10-01 13:00:00,so2,PIIANN,2.88,3.8805556
2022-07-02 17:00:00,so2,PIIANN,3.25,2.2303934
2021-01-09 09:00:00,so2,PIIANN,12.08,12.601109
2022-03-02 18:00:00,so2,PIIANN,4.25,3.6194775
2022-02-07 17:00:00,so2,PIIANN,1.4999999,2.2163205
2025-03-08 21:00:00,so2,PIIANN,1.7800001,2.3046443
2021-06-09 01:00:00,so2,PIIANN,12.12,11.791492
2024-12-11 07:00:00,so2,PIIANN,0.8999999,3.25046
2024-10-06 05:00:00,so2,PIIANN,2.7999997,3.5563247
2022-10-02 06:00:00,so2,PIIANN,4.62,4.0067577
2024-06-03 04:00:00,so2,PIIANN,7.45,3.0537126
2025-11-07 13:00:00,so2,PIIANN,4.47,3.0976923
2024-04-12 02:00:00,so2,PIIANN,3.1653845,3.807501
2021-07-05 06:00:00,so2,PIIANN,12.45,13.053267
2021-02-08 12:00:00,so2,PIIANN,13.138572,12.706611
2025-06-07 19:00:00,so2,PIIANN,0.3,2.1223714
2024-12-09 18:00:00,so2,PIIANN,5.5,4.239451
2023-04-01 14:00:00,so2,PIIANN,1.4,3.0526388
2022-11-03 23:00:00,so2,PIIANN,5.57,5.1981015
2023-11-08 14:00:00,so2,PIIANN,7.125,7.2615933
2022-07-03 08:00:00,so2,PIIANN,1.5800003,2.3510237
2024-07-06 12:00:00,so2,PIIANN,3.52,4.032333
2023-07-06 23:00:00,so2,PIIANN,5.225,4.3224497
2025-09-11 10:00:00,so2,PIIANN,11.53,9.479245
2023-10-08 10:00:00,so2,PIIANN,6.3,6.3273296
2022-05-03 16:00:00,so2,PIIANN,5.0,12.244952
2022-12-06 00:00:00,so2,PIIANN,1.4,5.290951
2025-01-01 09:00:00,so2,PIIANN,3.68,3.6302314
2022-09-05 12:00:00,so2,PIIANN,8.57,9.33259
2023-06-10 17:00:00,so2,PIIANN,2.825,4.9997587
2022-12-07 13:00:00,so2,PIIANN,3.25,1.8380655
2022-07-09 20:00:00,so2,PIIANN,4.72,7.500295
2021-05-08 15:00:00,so2,PIIANN,12.0,11.472115
2023-07-11 23:00:00,so2,PIIANN,8.1,7.8456926
2021-12-03 17:00:00,so2,PIIANN,4.2,3.8025765
2023-09-11 20:00:00,so2,PIIANN,6.5,3.5104346
2025-05-06 14:00:00,so2,PIIANN,2.22,1.9415139
2022-11-09 18:00:00,so2,PIIANN,0.49999982,3.7957845
2022-04-06 08:00:00,so2,PIIANN,6.38,5.5229893
2021-10-07 23:00:00,so2,PIIANN,13.22,12.524864
2023-11-05 04:00:00,so2,PIIANN,3.25,2.9037712
2023-05-09 03:00:00,so2,PIIANN,4.4,4.1633677
2024-12-06 20:00:00,so2,PIIANN,4.22,3.6001632
2023-01-01 19:00:00,so2,PIIANN,2.4125,3.3158998
2023-01-09 17:00:00,so2,PIIANN,2.325,2.855117
2021-09-12 10:00:00,so2,PIIANN,1.3000001,2.6530411
2022-01-08 12:00:00,so2,PIIANN,8.12,8.057843
2025-05-08 09:00:00,so2,PIIANN,1.4300002,1.9461955
2025-11-07 20:00:00,so2,PIIANN,2.4000003,2.890038
2024-07-11 09:00:00,so2,PIIANN,6.22,5.80162
2024-12-09 01:00:00,so2,PIIANN,2.9499998,1.8563007
2023-01-09 23:00:00,so2,PIIANN,2.175,2.9207556
2021-04-02 17:00:00,so2,PIIANN,4.2,3.8727436
2021-10-08 00:00:00,so2,PIIANN,12.2,12.410868
2024-02-10 14:00:00,so2,PIIANN,3.52,2.256207
2021-07-01 18:00:00,so2,PIIANN,4.6,5.841319
2023-01-03 06:00:00,so2,PIIANN,5.35,6.0368643
2021-11-06 05:00:00,so2,PIIANN,10.8,10.847686
2023-02-10 10:00:00,so2,PIIANN,12.4,11.772956
2024-02-12 00:00:00,so2,PIIANN,4.12,3.584053
2021-07-10 05:00:00,so2,PIIANN,13.05,12.846068
2022-11-08 06:00:00,so2,PIIANN,4.2,3.3303983
2023-04-08 20:00:00,so2,PIIANN,3.875,3.7196043
2021-01-11 03:00:00,so2,PIIANN,14.0,12.825752
2022-10-06 02:00:00,so2,PIIANN,5.38,2.7371385
2021-11-06 10:00:00,so2,PIIANN,12.95,12.893983
2022-06-01 18:00:00,so2,PIIANN,2.88,2.6019094
2024-01-01 16:00:00,so2,PIIANN,41.12,36.45853
2022-01-05 11:00:00,so2,PIIANN,5.8,6.10698
2025-01-08 16:00:00,so2,PIIANN,1.6000003,2.3737156
2025-05-09 11:00:00,so2,PIIANN,1.3000001,1.8337468
2022-03-02 10:00:00,so2,PIIANN,2.9000003,7.189412
2025-05-07 03:00:00,so2,PIIANN,3.92,3.0337155
2022-02-08 03:00:00,so2,PIIANN,2.7,2.865206
2025-02-06 16:00:00,so2,PIIANN,1.8500003,3.345779
2025-10-02 01:00:00,so2,PIIANN,1.3149999,1.7563542
2025-11-06 10:00:00,so2,PIIANN,2.9700003,3.9490294
2021-09-10 11:00:00,so2,PIIANN,17.3,16.23462
2024-12-10 01:00:00,so2,PIIANN,1.6449999,1.4961551
2024-09-10 18:00:00,so2,PIIANN,1.9500002,4.457491
2024-02-03 15:00:00,so2,PIIANN,7.78,7.463043
2024-03-05 12:00:00,so2,PIIANN,4.65,10.811835
2023-12-02 01:00:00,so2,PIIANN,4.2,4.9772916
2021-05-06 22:00:00,so2,PIIANN,13.18,13.282862
2025-02-09 03:00:00,so2,PIIANN,2.9599998,4.202373
2024-05-09 23:00:00,so2,PIIANN,4.05,2.73568
2025-08-06 01:00:00,so2,PIIANN,2.42,2.8724017
2025-11-08 12:00:00,so2,PIIANN,2.82,2.070738
2025-12-12 09:00:00,so2,PIIANN,8.12,8.098419
2023-07-11 22:00:00,so2,PIIANN,7.475,8.066044
2022-02-11 18:00:00,so2,PIIANN,4.05,3.866648
2022-01-10 07:00:00,so2,PIIANN,1.0525001,2.4762914
2024-02-03 13:00:00,so2,PIIANN,7.98,7.91804
2023-03-06 08:00:00,so2,PIIANN,6.875,7.47612
2021-05-01 12:00:00,so2,PIIANN,7.1,6.2793016
2023-01-12 22:00:00,so2,PIIANN,12.9,12.683851
2022-06-02 00:00:00,so2,PIIANN,1.65,3.452224
2023-12-04 08:00:00,so2,PIIANN,4.4,2.382198
2023-12-02 17:00:00,so2,PIIANN,5.375,5.4176483
2022-11-11 15:00:00,so2,PIIANN,7.28,7.2381215
2023-04-11 05:00:00,so2,PIIANN,3.85,5.1310043
2024-04-08 13:00:00,so2,PIIANN,6.55,4.5581374
2022-01-11 10:00:00,so2,PIIANN,7.3,3.912446
2021-07-02 22:00:00,so2,PIIANN,4.2,3.530285
2023-10-05 16:00:00,so2,PIIANN,3.475,3.383884
2023-07-04 22:00:00,so2,PIIANN,1.9750003,5.2416306
2024-10-09 06:00:00,so2,PIIANN,3.78,4.552591
2021-11-02 09:00:00,so2,PIIANN,4.2,5.2048955
2021-04-10 07:00:00,so2,PIIANN,12.5,13.004874
2023-02-03 05:00:00,so2,PIIANN,7.4,6.395723
2023-04-01 20:00:00,so2,PIIANN,0.8,2.9077885
2025-12-03 07:00:00,so2,PIIANN,1.4999999,2.3292596
2023-02-06 10:00:00,so2,PIIANN,6.5,4.198617
2024-10-08 09:00:00,so2,PIIANN,1.3300003,3.0256855
2023-01-04 19:00:00,so2,PIIANN,4.325,4.0430512
2022-06-07 20:00:00,so2,PIIANN,3.46,3.4667187
2023-09-06 06:00:00,so2,PIIANN,5.0,6.3359704
2021-05-05 11:00:00,so2,PIIANN,15.5,11.465536
2025-06-05 07:00:00,so2,PIIANN,2.965,2.3730853
2025-03-07 22:00:00,so2,PIIANN,0.8,4.240034
2024-01-06 13:00:00,so2,PIIANN,2.1000001,3.2544808
2023-09-08 08:00:00,so2,PIIANN,7.15,6.2700243
2025-01-06 13:00:00,so2,PIIANN,3.2,2.8793283
2025-12-02 18:00:00,so2,PIIANN,9.78,3.149829
2023-10-12 22:00:00,so2,PIIANN,32.05,26.580408
2021-11-08 01:00:00,so2,PIIANN,13.12,12.567496
2023-01-09 22:00:00,so2,PIIANN,2.0249999,2.6568747
2025-07-05 18:00:00,so2,PIIANN,1.3949999,2.1449342
2024-12-02 02:00:00,so2,PIIANN,5.58,8.74121
2023-10-01 22:00:00,so2,PIIANN,0.49999982,5.548299
2023-04-05 14:00:00,so2,PIIANN,4.125,6.8500824
2025-01-01 16:00:00,so2,PIIANN,2.1699998,4.6278324
2023-03-05 17:00:00,so2,PIIANN,5.225,4.2075896
2024-10-09 14:00:00,so2,PIIANN,3.88,4.1611137
2024-03-03 15:00:00,so2,PIIANN,7.52,6.3351164
2022-10-03 06:00:00,so2,PIIANN,6.48,6.042686
2024-02-02 14:00:00,so2,PIIANN,2.35,4.709543
2025-08-06 12:00:00,so2,PIIANN,3.88,4.229971
2024-03-09 12:00:00,so2,PIIANN,3.22,2.5219598
2024-12-07 00:00:00,so2,PIIANN,3.4,3.103194
2024-02-11 17:00:00,so2,PIIANN,8.18,5.1232986
2024-12-03 10:00:00,so2,PIIANN,6.63,4.510723
2023-08-05 05:00:00,so2,PIIANN,3.0166664,3.2947161
2025-02-07 04:00:00,so2,PIIANN,2.7999997,1.7956299
2024-02-01 11:00:00,so2,PIIANN,40.6,34.7482
2024-04-09 03:00:00,so2,PIIANN,2.9499998,2.182689
2025-09-06 17:00:00,so2,PIIANN,2.6000001,2.4524345
2021-08-09 18:00:00,so2,PIIANN,13.42,14.154977
2023-01-02 07:00:00,so2,PIIANN,4.85,7.078933
2024-08-13 01:00:00,so2,PIIANN,6.04302,4.942578
2023-08-03 01:00:00,so2,PIIANN,6.5,3.1725814
2022-01-11 02:00:00,so2,PIIANN,2.82,2.8528137
2025-06-01 16:00:00,so2,PIIANN,9.93,16.588057
2022-09-03 00:00:00,so2,PIIANN,5.18,4.253931
2022-03-03 10:00:00,so2,PIIANN,4.9,4.446158
2022-06-06 09:00:00,so2,PIIANN,4.97,4.7183046
2024-08-02 14:00:00,so2,PIIANN,2.7,4.968333
2025-09-13 01:00:00,so2,PIIANN,5.6559587,8.296773
2021-08-04 18:00:00,so2,PIIANN,12.45,11.929871
2025-01-08 09:00:00,so2,PIIANN,1.42,2.621643
2021-04-05 00:00:00,so2,PIIANN,12.08,14.332593
2024-04-02 06:00:00,so2,PIIANN,1.67,5.732233
2022-04-02 20:00:00,so2,PIIANN,3.6,3.6447418
2023-03-12 10:00:00,so2,PIIANN,23.5,19.059374
2021-11-11 03:00:00,so2,PIIANN,13.38,8.232756
2021-12-04 20:00:00,so2,PIIANN,11.6,10.961016
2025-07-03 23:00:00,so2,PIIANN,3.27,2.5268543
2022-09-02 00:00:00,so2,PIIANN,3.08,3.5679212
2021-09-06 00:00:00,so2,PIIANN,12.15,11.441834
2024-10-12 17:00:00,so2,PIIANN,0.47999984,3.799737
2022-11-04 20:00:00,so2,PIIANN,2.7,0.5186375
2023-05-09 16:00:00,so2,PIIANN,4.6,5.33501
2024-02-03 04:00:00,so2,PIIANN,4.5,6.8304043
2021-06-10 05:00:00,so2,PIIANN,11.88,13.430837
2025-09-06 08:00:00,so2,PIIANN,3.48,4.876087
2022-08-09 06:00:00,so2,PIIANN,1.9999999,3.767331
2024-03-07 16:00:00,so2,PIIANN,3.9,4.043864
2023-09-03 02:00:00,so2,PIIANN,0.7000001,1.9038056
2023-03-03 10:00:00,so2,PIIANN,7.233333,5.57736
2023-05-02 23:00:00,so2,PIIANN,5.325,3.4281409
2025-09-09 20:00:00,so2,PIIANN,2.42,2.626125
2025-04-10 16:00:00,so2,PIIANN,1.9500002,5.2037916
2022-11-12 07:00:00,so2,PIIANN,4.2,6.2924466
2024-11-01 16:00:00,so2,PIIANN,53.6,45.379955
2023-01-05 17:00:00,so2,PIIANN,4.445833,5.546168
2021-02-01 15:00:00,so2,PIIANN,8.0,8.047099
2025-02-11 03:00:00,so2,PIIANN,1.4599999,4.0929704
2024-01-11 00:00:00,so2,PIIANN,8.48,3.8497536
2024-10-12 02:00:00,so2,PIIANN,4.72,1.8163298
2022-09-11 02:00:00,so2,PIIANN,4.72,4.44796
2023-11-09 14:00:00,so2,PIIANN,9.575,8.8107815
2022-08-02 22:00:00,so2,PIIANN,2.62,1.8490547
2024-10-02 22:00:00,so2,PIIANN,6.15,5.2019753
2025-04-06 00:00:00,so2,PIIANN,3.435,5.028179
2022-07-11 12:00:00,so2,PIIANN,6.05,5.2122836
2023-02-04 09:00:00,so2,PIIANN,1.4,3.3255448
2025-11-02 01:00:00,so2,PIIANN,1.5199999,4.4860888
2024-09-07 16:00:00,so2,PIIANN,5.33,4.603355
2025-01-05 01:00:00,so2,PIIANN,3.47,2.2549477
2022-11-07 20:00:00,so2,PIIANN,1.7000002,4.7498407
2025-10-09 23:00:00,so2,PIIANN,1.4399999,1.3147672
2024-03-05 03:00:00,so2,PIIANN,3.95,2.5825934
2022-12-08 15:00:00,so2,PIIANN,1.3000001,2.2237267
2023-08-10 15:00:00,so2,PIIANN,1.8250002,3.4307747
2025-07-04 05:00:00,so2,PIIANN,2.5,2.6136186
2025-09-09 21:00:00,so2,PIIANN,3.14,2.6697655
2024-07-02 02:00:00,so2,PIIANN,3.35,7.9031196
2021-02-13 00:00:00,so2,PIIANN,1.2063378,2.308975
2021-07-10 16:00:00,so2,PIIANN,12.32,10.516165
2023-09-04 19:00:00,so2,PIIANN,5.85,2.4209151
2022-04-12 13:00:00,so2,PIIANN,4.25,7.3323917
2022-11-05 03:00:00,so2,PIIANN,4.2,3.9495158
2023-10-11 13:00:00,so2,PIIANN,3.5,4.408488
2025-07-02 06:00:00,so2,PIIANN,4.5,4.274837
2022-04-11 00:00:00,so2,PIIANN,2.7999997,2.4424472
2023-12-10 00:00:00,so2,PIIANN,1.775,3.0167196
2021-01-11 02:00:00,so2,PIIANN,13.849999,13.165786
2023-06-09 16:00:00,so2,PIIANN,5.85,5.682725
2021-11-11 06:00:00,so2,PIIANN,11.385,12.370578
2022-03-12 14:00:00,so2,PIIANN,5.48,4.7265577
2024-11-04 02:00:00,so2,PIIANN,2.0799997,5.8393793
2024-11-06 00:00:00,so2,PIIANN,2.4000003,4.693024
2023-06-06 13:00:00,so2,PIIANN,5.525,4.3174276
2021-05-08 14:00:00,so2,PIIANN,12.72,11.64385
2023-09-03 15:00:00,so2,PIIANN,4.525,3.514074
2024-01-03 08:00:00,so2,PIIANN,1.8300003,5.3579793
2022-12-05 02:00:00,so2,PIIANN,2.43,3.0030725
2021-01-04 16:00:00,so2,PIIANN,15.8,14.097639
2025-04-10 05:00:00,so2,PIIANN,2.22,2.8448381
2022-11-01 19:00:00,so2,PIIANN,4.0,4.1811547
2025-09-08 07:00:00,so2,PIIANN,3.14,2.1974654
2025-01-07 11:00:00,so2,PIIANN,2.5300002,3.399767
2025-05-09 16:00:00,so2,PIIANN,1.1200002,0.38264066
2024-10-11 22:00:00,so2,PIIANN,4.2,5.3009286
2024-09-09 23:00:00,so2,PIIANN,0.3,2.1395843
2022-03-09 20:00:00,so2,PIIANN,5.05,4.1263933
2025-02-04 11:00:00,so2,PIIANN,1.7400001,2.0086014
2021-05-10 23:00:00,so2,PIIANN,15.12,13.621442
2023-09-05 21:00:00,so2,PIIANN,3.475,3.0348182
2023-01-02 17:00:00,so2,PIIANN,9.825,17.825912
2021-11-09 06:00:00,so2,PIIANN,12.7,13.846689
2024-03-04 06:00:00,so2,PIIANN,3.22,3.1434097
2023-01-07 01:00:00,so2,PIIANN,6.472,4.642813
2021-03-09 11:00:00,so2,PIIANN,13.42,12.834759
2023-08-03 20:00:00,so2,PIIANN,4.5666666,2.0191314
2021-07-09 22:00:00,so2,PIIANN,12.2,12.067568
2023-03-10 10:00:00,so2,PIIANN,11.8,12.421634
2022-02-08 19:00:00,so2,PIIANN,1.2250003,2.0476263
2025-02-11 12:00:00,so2,PIIANN,4.82,4.5813265
2025-07-07 02:00:00,so2,PIIANN,2.62,2.8225596
2023-10-11 22:00:00,so2,PIIANN,6.025,10.464105
2022-02-05 14:00:00,so2,PIIANN,3.88,4.4594336
2023-05-11 20:00:00,so2,PIIANN,1.066667,1.8228015
2025-03-06 18:00:00,so2,PIIANN,1.1800002,2.2533627
2025-08-11 07:00:00,so2,PIIANN,2.61,4.777453
2022-08-03 15:00:00,so2,PIIANN,1.42,2.4506423
2022-12-06 23:00:00,so2,PIIANN,6.22,5.6234837
2025-11-04 02:00:00,so2,PIIANN,3.6,3.3261683
2021-01-12 09:00:00,so2,PIIANN,13.4,12.195337
2021-10-11 16:00:00,so2,PIIANN,11.4,11.41145
2023-11-12 00:00:00,so2,PIIANN,31.975,6.1403265
2025-06-08 06:00:00,so2,PIIANN,1.4999999,1.6900114
2023-04-03 11:00:00,so2,PIIANN,10.0,13.081823
2022-06-05 17:00:00,so2,PIIANN,2.98,2.7317295
2024-12-07 03:00:00,so2,PIIANN,3.72,3.1289377
2025-01-10 10:00:00,so2,PIIANN,2.34,1.8043946
2024-03-03 22:00:00,so2,PIIANN,1.7000002,4.3323503
2023-04-09 04:00:00,so2,PIIANN,2.7999997,2.420205
2023-09-11 13:00:00,so2,PIIANN,2.675,3.8701096
2022-08-09 10:00:00,so2,PIIANN,3.08,4.4779167
2025-08-06 17:00:00,so2,PIIANN,2.7500002,2.3904252
2023-01-08 08:00:00,so2,PIIANN,4.125,4.829683
2021-10-10 20:00:00,so2,PIIANN,12.7,13.76276
2025-09-10 01:00:00,so2,PIIANN,2.6699998,1.8846701
2024-05-06 08:00:00,so2,PIIANN,5.78,4.9061656
2021-04-04 06:00:00,so2,PIIANN,14.05,13.083948
2021-04-04 23:00:00,so2,PIIANN,14.25,14.885756
2021-09-08 02:00:00,so2,PIIANN,14.0,13.535368
2025-07-04 22:00:00,so2,PIIANN,0.6000002,1.9101466
2022-11-03 11:00:00,so2,PIIANN,5.5,3.7965517
2024-02-04 20:00:00,so2,PIIANN,4.15,4.439297
2021-06-11 05:00:00,so2,PIIANN,17.55,15.913139
2025-08-05 08:00:00,so2,PIIANN,2.15,1.6847919
2021-10-11 10:00:00,so2,PIIANN,10.27,12.782981
2024-04-11 20:00:00,so2,PIIANN,6.68,4.1182
2024-10-08 21:00:00,so2,PIIANN,4.53,3.379409
2025-08-10 05:00:00,so2,PIIANN,1.38,2.5187445
2022-10-11 22:00:00,so2,PIIANN,10.5,1.9063615
2021-11-09 14:00:00,so2,PIIANN,18.03,15.348852
2024-10-07 13:00:00,so2,PIIANN,7.58,6.5819774
2024-03-08 06:00:00,so2,PIIANN,3.5,4.3883877
2021-03-04 13:00:00,so2,PIIANN,11.25,20.030643
2022-07-03 22:00:00,so2,PIIANN,0.49999982,1.9108175
2022-10-11 04:00:00,so2,PIIANN,6.3,3.5283613
2024-12-05 03:00:00,so2,PIIANN,3.15,3.6933346
2025-01-02 16:00:00,so2,PIIANN,4.2,3.3493025
2023-08-10 18:00:00,so2,PIIANN,1.2499999,2.2277513
2021-02-11 03:00:00,so2,PIIANN,12.05,12.490644
2022-12-12 01:00:00,so2,PIIANN,1.499688,2.9458902
2025-07-05 07:00:00,so2,PIIANN,4.92,4.4619308
2024-10-08 03:00:00,so2,PIIANN,7.48,5.5450177
2021-04-10 02:00:00,so2,PIIANN,12.45,11.873921
2024-12-02 22:00:00,so2,PIIANN,4.6,3.0575504
2021-04-11 11:00:00,so2,PIIANN,20.7,17.496859
2023-08-09 09:00:00,so2,PIIANN,5.575,6.3891835
2022-01-08 19:00:00,so2,PIIANN,7.55,5.62081
2024-09-02 05:00:00,so2,PIIANN,8.07,8.89361
2025-01-02 02:00:00,so2,PIIANN,1.8300003,2.1851127
2024-05-06 01:00:00,so2,PIIANN,3.85,5.523527
2025-12-01 21:00:00,so2,PIIANN,12.95,5.8362775
2025-09-03 17:00:00,so2,PIIANN,1.4999999,2.4337442
2022-04-06 06:00:00,so2,PIIANN,6.65,6.0359497
2025-05-04 22:00:00,so2,PIIANN,1.2499999,2.479042
2022-10-09 14:00:00,so2,PIIANN,8.12,6.2492204
2022-11-12 12:00:00,so2,PIIANN,4.2,4.4376535
2023-03-08 07:00:00,so2,PIIANN,3.8,3.259307
2021-10-11 13:00:00,so2,PIIANN,11.52,13.104664
2025-09-12 16:00:00,so2,PIIANN,8.86,7.3547072
2021-12-02 13:00:00,so2,PIIANN,4.2,3.7641866
2023-06-01 21:00:00,so2,PIIANN,9.825,10.00592
2025-08-08 16:00:00,so2,PIIANN,5.23,4.9649796
2024-06-03 18:00:00,so2,PIIANN,1.13,3.6970391
2022-08-02 09:00:00,so2,PIIANN,2.72,5.0201907
2025-10-01 15:00:00,so2,PIIANN,2.2,5.570998
2024-06-07 02:00:00,so2,PIIANN,1.4500002,3.0272408
2024-08-02 02:00:00,so2,PIIANN,3.52,7.8178263
2023-10-10 14:00:00,so2,PIIANN,4.575,4.4612384
2021-06-06 14:00:00,so2,PIIANN,9.85,9.519435
2025-02-08 01:00:00,so2,PIIANN,0.53000003,1.5395993
2025-10-02 15:00:00,so2,PIIANN,2.9499998,4.4180713
2024-08-05 14:00:00,so2,PIIANN,2.82,3.9961276
2024-06-11 22:00:00,so2,PIIANN,3.62,2.6458366
2021-11-07 19:00:00,so2,PIIANN,13.42,12.694661
2021-09-12 16:00:00,so2,PIIANN,2.4499998,4.5568647
2025-03-03 02:00:00,so2,PIIANN,5.888,5.129807
2021-12-10 07:00:00,so2,PIIANN,17.55,15.94483
2024-07-12 00:00:00,so2,PIIANN,2.0199997,4.4998116
2023-09-12 13:00:00,so2,PIIANN,5.5,6.093391
2024-12-12 16:00:00,so2,PIIANN,1.1000003,3.7171469
2022-09-02 04:00:00,so2,PIIANN,4.45,3.979707
2023-01-05 14:00:00,so2,PIIANN,5.925,5.4081335
2024-09-04 15:00:00,so2,PIIANN,5.45,5.4791017
2024-06-10 17:00:00,so2,PIIANN,3.4,3.9808488
2022-02-12 15:00:00,so2,PIIANN,2.1699998,4.5226007
2022-11-10 21:00:00,so2,PIIANN,2.235,3.8731644
2022-01-08 23:00:00,so2,PIIANN,3.12,2.9328067
2024-12-09 17:00:00,so2,PIIANN,4.0,4.480968
2024-05-10 21:00:00,so2,PIIANN,0.3,2.8239942
2024-03-08 12:00:00,so2,PIIANN,3.75,3.358824
2023-09-05 11:00:00,so2,PIIANN,3.9,4.0665073
2023-08-02 14:00:00,so2,PIIANN,3.325,3.5217788
2025-04-04 23:00:00,so2,PIIANN,2.05,2.5107205
2021-08-06 22:00:00,so2,PIIANN,12.08,11.533269
2023-02-01 14:00:00,so2,PIIANN,3.325,5.856047
2022-10-12 18:00:00,so2,PIIANN,4.2,5.445763
2023-03-05 11:00:00,so2,PIIANN,4.525,4.6226034
2023-06-11 01:00:00,so2,PIIANN,1.6249999,1.38667
2023-01-04 02:00:00,so2,PIIANN,4.2,3.7392216
2025-12-05 09:00:00,so2,PIIANN,2.88,3.6734858
2021-05-07 02:00:00,so2,PIIANN,13.18,13.559848
2025-03-04 17:00:00,so2,PIIANN,1.7000002,1.8771428
2024-08-06 14:00:00,so2,PIIANN,4.28,2.9425578
2021-07-04 05:00:00,so2,PIIANN,13.18,14.427596
2021-06-05 04:00:00,so2,PIIANN,13.5,12.319242
2022-04-01 13:00:00,so2,PIIANN,6.82,6.3397293
2024-03-04 00:00:00,so2,PIIANN,0.3,2.3217282
2022-11-07 14:00:00,so2,PIIANN,4.2,4.395696
2021-01-06 06:00:00,so2,PIIANN,12.62,12.798911
2024-03-02 20:00:00,so2,PIIANN,3.72,3.0184999
2022-10-01 22:00:00,so2,PIIANN,3.42,3.9343722
2021-12-12 15:00:00,so2,PIIANN,4.97,4.620688
2023-11-03 08:00:00,so2,PIIANN,5.9,7.5228095
2023-07-10 11:00:00,so2,PIIANN,3.4,3.3006678
2024-09-10 21:00:00,so2,PIIANN,3.92,2.7192671
2023-06-05 19:00:00,so2,PIIANN,3.05,3.4587169
2021-06-08 00:00:00,so2,PIIANN,13.02,11.585867
2023-06-02 07:00:00,so2,PIIANN,2.7500002,3.089436
2024-01-03 02:00:00,so2,PIIANN,4.6,2.5693185
2023-02-06 05:00:00,so2,PIIANN,6.375,5.233158
2025-12-09 23:00:00,so2,PIIANN,2.12,1.6004771
2024-07-04 05:00:00,so2,PIIANN,9.55,5.6297746
2025-08-06 06:00:00,so2,PIIANN,2.35,1.9011449
2021-09-12 11:00:00,so2,PIIANN,1.8000001,2.4689038
2024-03-08 21:00:00,so2,PIIANN,5.18,3.7900426
2024-08-03 15:00:00,so2,PIIANN,2.2,2.9168
2025-09-08 16:00:00,so2,PIIANN,2.13,3.372891
2024-12-06 13:00:00,so2,PIIANN,3.0,2.7950063
2023-02-01 15:00:00,so2,PIIANN,2.966667,4.7284107
2024-11-11 23:00:00,so2,PIIANN,5.03,2.6674507
2023-07-04 05:00:00,so2,PIIANN,2.1000001,1.4875525
2021-01-02 08:00:00,so2,PIIANN,4.2,5.410327
2024-09-04 08:00:00,so2,PIIANN,2.6000001,2.3882341
2023-01-03 09:00:00,so2,PIIANN,3.475,5.2620606
2024-02-09 18:00:00,so2,PIIANN,1.8500003,2.4955173
2022-04-04 16:00:00,so2,PIIANN,1.4500002,2.542565
2025-07-11 18:00:00,so2,PIIANN,9.32,9.406525
2025-05-10 08:00:00,so2,PIIANN,1.92,1.8730682
2021-11-03 19:00:00,so2,PIIANN,4.2,4.2984977
2025-01-03 00:00:00,so2,PIIANN,3.148,3.5864897
2024-06-04 00:00:00,so2,PIIANN,2.05,2.8431313
2021-06-05 00:00:00,so2,PIIANN,12.0,12.167527
2024-08-01 19:00:00,so2,PIIANN,41.55,38.24541
2024-11-04 23:00:00,co,PIIANN,0.62,0.63475937
2023-12-12 18:00:00,co,PIIANN,0.5,0.85481566
2022-03-05 14:00:00,co,PIIANN,1.78,0.95626754
2021-01-09 14:00:00,co,PIIANN,0.55,0.51652104
2025-11-11 21:00:00,co,PIIANN,0.65,0.6436652
2024-09-03 01:00:00,co,PIIANN,0.65,0.57426596
2024-03-02 05:00:00,co,PIIANN,0.64,0.55516183
2023-04-04 14:00:00,co,PIIANN,0.6275,0.72245526
2023-03-12 04:00:00,co,PIIANN,0.6975,0.45889023
2025-11-01 19:00:00,co,PIIANN,0.66,0.62330186
2025-08-03 19:00:00,co,PIIANN,0.38,0.47787943
2021-02-10 22:00:00,co,PIIANN,0.35,0.3388153
2021-07-07 18:00:00,co,PIIANN,0.75,0.54724175
2022-10-07 10:00:00,co,PIIANN,3.04,1.3398962
2025-07-08 01:00:00,co,PIIANN,0.3,0.33694637
2024-09-09 09:00:00,co,PIIANN,0.88,0.87931186
2025-01-04 19:00:00,co,PIIANN,0.69,0.6289755
2022-09-04 05:00:00,co,PIIANN,0.56,0.5483099
2024-02-03 05:00:00,co,PIIANN,0.82,0.6814256
2024-02-07 17:00:00,co,PIIANN,0.78,0.75083953
2025-12-04 04:00:00,co,PIIANN,0.92,0.96960986
2024-02-11 16:00:00,co,PIIANN,0.28,0.53704333
2025-12-10 23:00:00,co,PIIANN,0.48,0.34712029
2025-04-07 01:00:00,co,PIIANN,0.34,0.42708245
2023-11-01 09:00:00,co,PIIANN,0.89666665,0.6013477
2025-09-01 23:00:00,co,PIIANN,0.6,0.53311294
2022-05-06 01:00:00,co,PIIANN,0.56,0.42951146
2021-02-02 08:00:00,co,PIIANN,0.88,0.73990244
2024-07-04 11:00:00,co,PIIANN,0.61,1.1841147
2021-04-05 23:00:00,co,PIIANN,0.16000001,0.15743183
2022-04-12 04:00:00,co,PIIANN,0.56,0.47797096
2024-12-09 08:00:00,co,PIIANN,0.58,0.63643837
2024-03-09 01:00:00,co,PIIANN,0.48,0.44003895
2024-05-03 12:00:00,co,PIIANN,0.63,1.142916
2024-12-04 09:00:00,co,PIIANN,0.66,0.7198724
2024-02-07 11:00:00,co,PIIANN,0.79,0.71404076
2023-02-02 03:00:00,co,PIIANN,0.35499996,0.4088604
2025-01-09 18:00:00,co,PIIANN,0.44,0.58912563
2023-11-11 20:00:00,co,PIIANN,0.75,0.5471708
2021-01-07 04:00:00,co,PIIANN,0.020000026,0.19769873
2021-05-04 14:00:00,co,PIIANN,0.556,0.40766886
2025-10-03 14:00:00,co,PIIANN,0.82,0.37809274
2022-05-02 20:00:00,co,PIIANN,0.36,0.40989548
2024-10-09 10:00:00,co,PIIANN,0.67,0.67905277
2024-01-09 14:00:00,co,PIIANN,0.75,0.585303
2024-08-06 00:00:00,co,PIIANN,0.37,0.3465578
2025-04-11 21:00:00,co,PIIANN,1.13,0.76178116
2024-07-09 19:00:00,co,PIIANN,1.3999999,0.91959673
2021-09-03 10:00:00,co,PIIANN,0.56,0.5099583
2022-11-02 03:00:00,co,PIIANN,0.56,0.32434246
2023-02-12 21:00:00,co,PIIANN,0.765,0.73774886
2021-01-02 19:00:00,co,PIIANN,0.47,0.5154216
2022-07-06 01:00:00,co,PIIANN,0.41,0.34654284
2025-04-01 23:00:00,co,PIIANN,0.8,0.7834492
2025-05-12 15:00:00,co,PIIANN,0.49,0.5202298
2025-03-10 22:00:00,co,PIIANN,0.53,0.5266022
2022-03-09 13:00:00,co,PIIANN,0.049999997,0.33198372
2025-06-08 11:00:00,co,PIIANN,0.24,0.26205137
2024-03-05 19:00:00,co,PIIANN,0.62,0.5102276
2023-05-11 22:00:00,co,PIIANN,0.6425,0.5604425
2025-01-07 14:00:00,co,PIIANN,0.6333333,0.6026034
2024-06-04 05:00:00,co,PIIANN,0.68,0.6242685
2022-02-10 08:00:00,co,PIIANN,0.10000001,0.60948795
2023-08-05 12:00:00,co,PIIANN,0.7125,0.5621332
2024-04-03 21:00:00,co,PIIANN,0.68,0.6781065
2024-01-06 10:00:00,co,PIIANN,0.79,0.7948316
2022-10-02 13:00:00,co,PIIANN,0.7,0.4036008
2025-12-10 15:00:00,co,PIIANN,0.27,0.47072065
2024-09-07 05:00:00,co,PIIANN,0.67,0.58378905
2021-01-09 06:00:00,co,PIIANN,0.24,0.33469516
2023-04-01 13:00:00,co,PIIANN,0.3325,0.3868229
2023-10-05 14:00:00,co,PIIANN,0.655,0.6893164
2023-02-10 11:00:00,co,PIIANN,0.46666667,1.2300538
2023-09-04 17:00:00,co,PIIANN,0.26666668,0.74656826
2025-06-05 17:00:00,co,PIIANN,0.768,0.6389158
2022-04-08 08:00:00,co,PIIANN,0.59,0.41848266
2024-07-07 06:00:00,co,PIIANN,0.76,0.6586241
2024-08-01 14:00:00,co,PIIANN,0.68,0.79955816
2021-11-07 07:00:00,co,PIIANN,0.22000001,0.320788
2023-09-09 06:00:00,co,PIIANN,0.56,0.64501923
2024-01-06 09:00:00,co,PIIANN,0.85,0.758463
2022-11-07 15:00:00,co,PIIANN,0.56,0.6356637
2022-10-07 19:00:00,co,PIIANN,1.18,2.3725438
2024-12-09 16:00:00,co,PIIANN,0.62,0.6085193
2024-01-03 03:00:00,co,PIIANN,0.69,0.668697
2023-10-03 16:00:00,co,PIIANN,0.6975,0.59470093
2023-11-02 13:00:00,co,PIIANN,0.2725,0.544519
2021-02-01 22:00:00,co,PIIANN,0.42,0.41685173
2025-03-09 18:00:00,co,PIIANN,0.55,0.4675959
2025-10-02 04:00:00,co,PIIANN,0.72,0.62269366
2021-08-08 05:00:00,co,PIIANN,0.27,0.37890884
2024-02-03 12:00:00,co,PIIANN,0.65,0.5212707
2024-06-10 01:00:00,co,PIIANN,0.78,0.7444748
2023-02-11 07:00:00,co,PIIANN,0.7,0.67295957
2022-02-07 10:00:00,co,PIIANN,1.18,0.62364954
2021-02-07 13:00:00,co,PIIANN,0.54,0.40320078
2021-09-10 10:00:00,co,PIIANN,0.66,0.54160565
2021-05-11 17:00:00,co,PIIANN,0.41,0.534487
2023-12-10 09:00:00,co,PIIANN,0.7375,0.7416947
2025-02-09 17:00:00,co,PIIANN,0.34,0.4585247
2025-11-02 06:00:00,co,PIIANN,0.63,0.5389202
2025-02-12 11:00:00,co,PIIANN,0.73,0.7870216
2024-07-05 11:00:00,co,PIIANN,0.82,0.6619843
2022-09-01 09:00:00,co,PIIANN,0.44,0.6196802
2021-11-03 09:00:00,co,PIIANN,0.56,0.6077969
2024-06-11 06:00:00,co,PIIANN,0.72,0.6801709
2024-01-11 02:00:00,co,PIIANN,0.68,0.7270348
2023-01-06 04:00:00,co,PIIANN,1.2825,0.8104344
2025-11-05 11:00:00,co,PIIANN,0.92,0.94997346
2021-10-01 20:00:00,co,PIIANN,0.52,0.48683578
2025-12-07 10:00:00,co,PIIANN,0.56,0.6109712
2022-06-02 04:00:00,co,PIIANN,0.15000005,0.31657588
2021-12-05 17:00:00,co,PIIANN,0.2,0.3035824
2022-10-07 08:00:00,co,PIIANN,1.07,0.87670726
2024-07-12 02:00:00,co,PIIANN,0.66,0.6084696
2022-09-05 13:00:00,co,PIIANN,1.42,0.7581126
2021-02-02 22:00:00,co,PIIANN,0.64,0.67096865
2024-07-03 05:00:00,co,PIIANN,0.64,0.7006366
2024-12-02 04:00:00,co,PIIANN,0.66,0.67089856
2021-07-03 12:00:00,co,PIIANN,0.56,0.45665726
2024-07-05 18:00:00,co,PIIANN,0.65,0.523561
2024-01-09 10:00:00,co,PIIANN,0.52,0.4710827
2021-06-06 15:00:00,co,PIIANN,0.14000003,0.14572902
2022-11-04 08:00:00,co,PIIANN,0.30833334,0.27842212
2025-07-11 20:00:00,co,PIIANN,0.77,0.8243112
2024-07-07 23:00:00,co,PIIANN,0.55,0.547289
2023-08-05 06:00:00,co,PIIANN,0.41333333,0.67912436
2023-04-11 21:00:00,co,PIIANN,0.58,0.7581255
2024-02-12 14:00:00,co,PIIANN,0.55,0.6254016
2021-08-08 15:00:00,co,PIIANN,0.11,0.1589907
2021-05-06 15:00:00,co,PIIANN,0.14000003,0.09673415
2024-10-03 09:00:00,co,PIIANN,0.71,0.7628286
2022-05-06 06:00:00,co,PIIANN,0.29,0.45155755
2023-10-06 01:00:00,co,PIIANN,0.88,0.76908433
2022-03-06 22:00:00,co,PIIANN,1.22,0.7394472
2023-11-06 04:00:00,co,PIIANN,0.64,1.3967322
2023-02-12 19:00:00,co,PIIANN,0.5575,0.6285497
2023-02-05 04:00:00,co,PIIANN,0.53333336,0.71265393
2022-12-05 14:00:00,co,PIIANN,0.17,0.6337354
2021-12-06 02:00:00,co,PIIANN,0.26,0.6310176
2022-01-12 16:00:00,co,PIIANN,1.98,0.88096315
2022-10-05 11:00:00,co,PIIANN,0.33,0.5637683
2025-09-05 01:00:00,co,PIIANN,0.54,0.68908817
2025-10-09 14:00:00,co,PIIANN,0.28,0.51005965
2022-06-04 19:00:00,co,PIIANN,0.23,0.47924408
2021-11-10 01:00:00,co,PIIANN,0.66,0.59287924
2024-06-07 09:00:00,co,PIIANN,0.93,0.9105566
2024-03-10 06:00:00,co,PIIANN,0.56,0.52281994
2023-03-04 06:00:00,co,PIIANN,0.86,1.2161355
2021-10-01 12:00:00,co,PIIANN,0.46,0.5739562
2022-08-02 13:00:00,co,PIIANN,0.91,0.37617472
2025-08-09 16:00:00,co,PIIANN,0.56,0.64964294
2022-03-01 21:00:00,co,PIIANN,0.52,0.51167035
2024-12-10 17:00:00,co,PIIANN,0.46,0.46943265
2022-07-11 11:00:00,co,PIIANN,1.79,1.0236802
2021-01-07 08:00:00,co,PIIANN,0.26,0.25187996
2022-09-13 00:00:00,co,PIIANN,0.56,0.7337472
2023-05-05 08:00:00,co,PIIANN,0.6875,0.7253316
2025-01-08 07:00:00,co,PIIANN,0.65,0.6557416
2024-08-12 22:00:00,co,PIIANN,0.72,0.70952135
2021-04-11 07:00:00,co,PIIANN,0.17,0.44700953
2024-10-04 16:00:00,co,PIIANN,0.62,0.64623797
2022-05-07 17:00:00,co,PIIANN,0.7455556,0.7762874
2021-05-04 20:00:00,co,PIIANN,1.26,1.0192677
2022-10-04 01:00:00,co,PIIANN,0.32,0.30969226
2022-05-12 02:00:00,co,PIIANN,0.48906446,0.44741428
2021-11-05 21:00:00,co,PIIANN,0.56,0.58728415
2024-06-03 16:00:00,co,PIIANN,0.67,0.50941473
2022-05-05 03:00:00,co,PIIANN,0.41,0.55503017
2025-02-10 20:00:00,co,PIIANN,0.57,0.42635268
2024-05-11 06:00:00,co,PIIANN,0.52,0.63829464
2021-04-05 18:00:00,co,PIIANN,0.059999987,0.15999569
2024-08-11 13:00:00,co,PIIANN,0.49,0.5168109
2024-02-07 18:00:00,co,PIIANN,0.8,0.8457698
2021-04-07 05:00:00,co,PIIANN,0.18000002,0.23720609
2025-04-11 18:00:00,co,PIIANN,0.67,0.69308984
2024-08-09 00:00:00,co,PIIANN,0.67,0.80830926
2022-08-09 20:00:00,co,PIIANN,1.31,0.957901
2024-06-02 22:00:00,co,PIIANN,0.76,0.64403147
2022-02-05 15:00:00,co,PIIANN,0.3,0.45205054
2024-02-03 06:00:00,co,PIIANN,0.74,0.78511053
2021-06-08 12:00:00,co,PIIANN,0.22000001,0.24822907
2024-12-06 23:00:00,co,PIIANN,0.64,0.7243305
2021-02-02 11:00:00,co,PIIANN,0.58,0.5670551
2025-11-07 03:00:00,co,PIIANN,0.56,0.3833373
2022-11-10 18:00:00,co,PIIANN,0.22000001,0.41265228
2022-04-08 21:00:00,co,PIIANN,1.78,1.2715706
2022-03-07 18:00:00,co,PIIANN,0.009999976,0.39300257
2022-01-05 18:00:00,co,PIIANN,0.5,0.41623583
2024-03-03 11:00:00,co,PIIANN,0.63,0.64166003
2022-03-03 00:00:00,co,PIIANN,0.020000026,0.3703756
2025-01-01 19:00:00,co,PIIANN,0.5,0.57576126
2022-03-06 06:00:00,co,PIIANN,0.82,0.68758947
2025-02-06 19:00:00,co,PIIANN,0.65,0.5417755
2025-05-06 15:00:00,co,PIIANN,0.40333334,0.44578323
2021-11-06 23:00:00,co,PIIANN,0.31,0.49562597
2023-05-09 20:00:00,co,PIIANN,0.56,0.648081
2021-06-01 18:00:00,co,PIIANN,0.53,0.46390003
2022-10-01 15:00:00,co,PIIANN,0.32,0.5784956
2025-10-11 04:00:00,co,PIIANN,0.64,0.6112537
2023-10-06 14:00:00,co,PIIANN,0.10666667,0.5875929
2023-04-09 02:00:00,co,PIIANN,0.6184,0.6490402
2021-12-02 03:00:00,co,PIIANN,0.33,0.3684689
2021-02-09 09:00:00,co,PIIANN,0.27,0.32296142
2022-07-03 23:00:00,co,PIIANN,0.23,0.26532328
2022-04-02 21:00:00,co,PIIANN,0.26,0.3699883
2021-10-02 16:00:00,co,PIIANN,0.4,0.3905743
2024-03-07 00:00:00,co,PIIANN,0.62,0.7561609
2023-07-08 20:00:00,co,PIIANN,0.7075,0.7761238
2025-11-04 15:00:00,co,PIIANN,1.37,0.7431734
2022-12-08 08:00:00,co,PIIANN,1.14,0.68497735
2024-10-12 14:00:00,co,PIIANN,0.6,0.58914673
2024-11-05 03:00:00,co,PIIANN,0.43,0.49065784
2025-11-02 21:00:00,co,PIIANN,0.63,0.6065859
2024-09-09 08:00:00,co,PIIANN,0.78,0.73550737
2025-02-12 14:00:00,co,PIIANN,0.91,0.5819507
2022-12-03 03:00:00,co,PIIANN,0.35,0.28668776
2023-12-04 12:00:00,co,PIIANN,0.5625,0.7198484
2022-12-10 08:00:00,co,PIIANN,0.5,0.63048863
2025-08-08 08:00:00,co,PIIANN,0.49,0.57010424
2023-08-03 22:00:00,co,PIIANN,0.75,0.5601988
2024-12-11 14:00:00,co,PIIANN,0.66,0.74088067
2025-05-01 23:00:00,co,PIIANN,0.61,0.6489141
2025-08-11 05:00:00,co,PIIANN,0.67,0.53112894
2024-05-02 05:00:00,co,PIIANN,0.7,0.6398816
2025-11-07 11:00:00,co,PIIANN,0.56,0.549917
2022-01-11 00:00:00,co,PIIANN,0.34,0.33396348
2024-06-10 00:00:00,co,PIIANN,0.81,1.1999292
2021-01-06 08:00:00,co,PIIANN,0.26,0.2172813
2024-06-12 09:00:00,co,PIIANN,0.6,0.61980873
2022-10-12 05:00:00,co,PIIANN,0.08000003,0.44661707
2023-04-03 12:00:00,co,PIIANN,0.59,0.64870715
2021-08-11 22:00:00,co,PIIANN,1.28,1.2700287
2022-05-08 15:00:00,co,PIIANN,0.9,0.6494147
2021-02-05 07:00:00,co,PIIANN,0.21,0.32409963
2024-03-06 02:00:00,co,PIIANN,0.56,0.51624084
2023-07-11 09:00:00,co,PIIANN,0.44666666,0.8080647
2025-08-10 07:00:00,co,PIIANN,0.53,0.47872177
2023-10-05 07:00:00,co,PIIANN,0.6925,0.70579135
2022-07-03 10:00:00,co,PIIANN,0.4,0.3755495
2021-10-03 09:00:00,co,PIIANN,0.56,0.5468055
2021-09-04 06:00:00,co,PIIANN,0.32842106,0.40176105
2025-06-04 11:00:00,co,PIIANN,0.46,0.5739577
2025-11-13 00:00:00,co,PIIANN,0.7595843,0.66758424
2024-05-06 05:00:00,co,PIIANN,0.4,0.5828184
2024-08-11 04:00:00,co,PIIANN,0.5,0.49688327
2025-09-09 17:00:00,co,PIIANN,0.16000001,0.48882607
2022-12-12 08:00:00,co,PIIANN,0.030000016,0.23882295
2023-02-05 09:00:00,co,PIIANN,0.81666666,0.7720298
2022-08-10 10:00:00,co,PIIANN,3.04,2.198091
2024-10-02 05:00:00,co,PIIANN,0.61,0.5991725
2021-12-09 03:00:00,co,PIIANN,0.27,0.37708098
2022-01-02 20:00:00,co,PIIANN,0.5,0.49026144
2021-01-08 07:00:00,co,PIIANN,0.34,0.41938308
2022-02-12 23:00:00,co,PIIANN,0.56,0.55029374
2022-09-11 12:00:00,co,PIIANN,0.33,0.4174629
2021-12-09 04:00:00,co,PIIANN,0.28,0.34119627
2021-03-10 11:00:00,co,PIIANN,0.24,0.1679983
2024-09-06 20:00:00,co,PIIANN,0.92,0.8378268
2022-09-03 01:00:00,co,PIIANN,0.09000002,0.24426611
2022-06-09 12:00:00,co,PIIANN,0.8,0.38595915
2024-11-03 11:00:00,co,PIIANN,0.535,0.603419
2025-08-02 07:00:00,co,PIIANN,0.9,0.8624519
2021-07-04 23:00:00,co,PIIANN,0.42,0.47138453
2025-02-11 05:00:00,co,PIIANN,0.34,0.3671209
2021-08-09 08:00:00,co,PIIANN,0.73,0.37454677
2024-09-08 01:00:00,co,PIIANN,0.74,0.6309009
2022-02-09 21:00:00,co,PIIANN,0.52,0.5454167
2022-06-07 03:00:00,co,PIIANN,0.15000005,0.2847607
2024-04-01 15:00:00,co,PIIANN,0.56,0.6597001
2021-03-10 15:00:00,co,PIIANN,0.34,0.27858981
2023-12-03 05:00:00,co,PIIANN,0.77,0.6062236
2024-10-08 14:00:00,co,PIIANN,0.72,0.7019915
2021-04-06 06:00:00,co,PIIANN,0.18000002,0.1915975
2021-02-01 17:00:00,co,PIIANN,0.57,0.5201779
2025-10-10 10:00:00,co,PIIANN,0.34,0.31922364
2023-11-06 19:00:00,co,PIIANN,2.41,1.4228215
2025-09-03 08:00:00,co,PIIANN,1.27,1.0183299
2025-09-01 09:00:00,co,PIIANN,0.99,0.8115659
2023-05-11 08:00:00,co,PIIANN,0.6175,0.65378726
2021-04-12 01:00:00,co,PIIANN,0.72,0.6454719
2024-04-08 22:00:00,co,PIIANN,1.09,0.84946936
2023-10-03 07:00:00,co,PIIANN,0.8125,0.82843643
2023-08-09 03:00:00,co,PIIANN,0.56,0.6409437
2021-07-11 12:00:00,co,PIIANN,0.56,0.5429566
2025-08-10 10:00:00,co,PIIANN,0.52,0.6119577
2024-02-07 23:00:00,co,PIIANN,0.74,0.7846608
2023-01-13 02:00:00,co,PIIANN,0.78526807,0.7068482
2021-06-02 05:00:00,co,PIIANN,0.62,0.4828663
2025-08-05 23:00:00,co,PIIANN,0.92,0.8509371
2022-12-04 19:00:00,co,PIIANN,0.96,1.6164536
2022-02-02 14:00:00,co,PIIANN,0.18999998,0.5233469
2024-09-07 10:00:00,co,PIIANN,1.07,1.259269
2021-07-03 16:00:00,co,PIIANN,0.56,0.44219917
2022-08-10 16:00:00,co,PIIANN,0.38,0.7564489
2023-12-12 01:00:00,co,PIIANN,0.4175,0.30262017
2021-10-05 18:00:00,co,PIIANN,0.06999998,0.16730832
2025-07-06 11:00:00,co,PIIANN,0.57,0.8126122
2022-07-06 13:00:00,co,PIIANN,2.96,0.8756089
2025-05-05 01:00:00,co,PIIANN,0.57,0.5051025
2022-01-09 00:00:00,co,PIIANN,0.52,0.46692547
2024-05-07 05:00:00,co,PIIANN,0.52,0.586905
2021-07-01 13:00:00,co,PIIANN,0.36,0.6013287
2021-02-04 13:00:00,co,PIIANN,0.29,0.43323928
2021-05-01 14:00:00,co,PIIANN,0.64,0.7063605
2022-10-09 15:00:00,co,PIIANN,0.87333333,1.0952246
2024-09-02 04:00:00,co,PIIANN,0.7,0.58288366
2024-01-12 08:00:00,co,PIIANN,0.62,0.54789215
2024-06-09 14:00:00,co,PIIANN,0.72,0.7831827
2024-02-12 09:00:00,co,PIIANN,0.79,0.89266
2024-04-02 11:00:00,co,PIIANN,1.575,1.4231812
2022-10-06 12:00:00,co,PIIANN,0.77,0.75480306
2025-12-07 23:00:00,co,PIIANN,1.92,0.7894197
2021-04-05 11:00:00,co,PIIANN,0.08000003,0.19600736
2022-01-02 19:00:00,co,PIIANN,0.42,0.489779
2022-08-08 12:00:00,co,PIIANN,0.08000003,1.0882645
2022-06-08 07:00:00,co,PIIANN,0.24500002,0.32790235
2022-08-07 23:00:00,co,PIIANN,1.27,2.163754
2021-12-09 15:00:00,co,PIIANN,0.39,0.47820038
2022-07-04 14:00:00,co,PIIANN,0.92,0.54216516
2021-01-04 14:00:00,co,PIIANN,0.059999987,0.24153633
2025-12-09 04:00:00,co,PIIANN,0.36,0.39258024
2024-04-02 12:00:00,co,PIIANN,0.55,1.2186332
2025-02-07 22:00:00,co,PIIANN,0.47333333,0.618767
2021-07-10 09:00:00,co,PIIANN,0.68,0.71149224
2024-03-09 07:00:00,co,PIIANN,0.87,0.8148285
2023-02-02 08:00:00,co,PIIANN,0.345,0.4361081
2024-09-08 00:00:00,co,PIIANN,0.69,0.5286084
2022-06-10 20:00:00,co,PIIANN,0.35,1.4549083
2025-09-05 15:00:00,co,PIIANN,0.72,0.5306386
2021-11-09 05:00:00,co,PIIANN,0.3,0.30878887
2022-11-08 05:00:00,co,PIIANN,0.54,0.80586755
2025-03-06 20:00:00,co,PIIANN,0.52,0.41705453
2021-06-06 08:00:00,co,PIIANN,0.25,0.2917012
2023-12-05 19:00:00,co,PIIANN,1.0425,0.8593979
2023-11-02 05:00:00,co,PIIANN,0.5375,0.5260059
2022-10-08 05:00:00,co,PIIANN,0.17,0.65217483
2025-12-07 05:00:00,co,PIIANN,0.56,0.6089374
2024-10-07 15:00:00,co,PIIANN,0.62,0.60901
2022-08-01 23:00:00,co,PIIANN,0.32,0.3141087
2024-01-08 01:00:00,co,PIIANN,0.61,0.604938
2021-02-08 11:00:00,co,PIIANN,0.17,0.28443113
2023-08-12 02:00:00,co,PIIANN,0.2163219,0.33687314
2025-12-02 20:00:00,co,PIIANN,0.65,0.6496159
2022-11-08 12:00:00,co,PIIANN,0.56,0.97915745
2021-09-11 17:00:00,co,PIIANN,0.85,0.6465896
2021-05-01 19:00:00,co,PIIANN,0.83,0.70976543
2024-08-07 15:00:00,co,PIIANN,0.76,0.6242682
2022-12-06 19:00:00,co,PIIANN,0.31,0.6426324
2024-02-05 03:00:00,co,PIIANN,0.51,0.53309023
2022-11-09 16:00:00,co,PIIANN,0.16000001,0.8801609
2023-08-05 20:00:00,co,PIIANN,0.7625,0.96267277
2025-02-08 15:00:00,co,PIIANN,0.36,0.56451285
2025-10-11 20:00:00,co,PIIANN,0.58,0.5984195
2025-09-10 16:00:00,co,PIIANN,0.2,0.4153407
2021-10-07 16:00:00,co,PIIANN,0.31,0.428038
2022-06-13 01:00:00,co,PIIANN,0.56,0.48961475
2022-03-04 01:00:00,co,PIIANN,0.23,0.31770372
2021-06-10 23:00:00,co,PIIANN,0.44,0.57580113
2025-08-10 14:00:00,co,PIIANN,0.3,0.36960432
2024-12-11 16:00:00,co,PIIANN,0.7,0.7262438
2023-03-11 13:00:00,co,PIIANN,0.6425,0.7448403
2025-07-11 12:00:00,co,PIIANN,0.68,0.7718641
2021-05-03 00:00:00,co,PIIANN,0.4684,0.45993978
2022-04-07 10:00:00,co,PIIANN,0.8,0.49305424
2025-01-07 02:00:00,co,PIIANN,0.75,0.8977367
2024-09-02 22:00:00,co,PIIANN,0.7,0.6498278
2022-02-02 22:00:00,co,PIIANN,0.26,0.3990996
2023-01-05 20:00:00,co,PIIANN,0.6666667,0.7611137
2024-08-02 23:00:00,co,PIIANN,0.69,0.5976547
2025-01-10 20:00:00,co,PIIANN,0.28,0.56378037
2025-03-11 04:00:00,co,PIIANN,0.4,0.42172456
2024-07-03 14:00:00,co,PIIANN,0.64,0.661232
2021-01-04 03:00:00,co,PIIANN,0.35,0.3211739
2025-01-07 18:00:00,co,PIIANN,0.52,0.96176666
2021-06-05 20:00:00,co,PIIANN,0.020000026,0.18644471
2022-08-06 02:00:00,co,PIIANN,0.20615385,0.2802665
2021-10-02 14:00:00,co,PIIANN,0.38,0.4001242
2025-10-10 03:00:00,co,PIIANN,0.18000002,0.29670608
2022-07-06 08:00:00,co,PIIANN,0.34,0.58011806
2025-06-08 22:00:00,co,PIIANN,0.16000001,0.3700727
2021-09-04 11:00:00,co,PIIANN,0.56,0.6124938
2025-11-12 09:00:00,co,PIIANN,0.7,0.64153415
2024-08-11 07:00:00,co,PIIANN,0.72,0.6739939
2024-01-03 14:00:00,co,PIIANN,0.58,0.5172159
2021-12-12 02:00:00,co,PIIANN,0.059999987,0.14381771
2024-08-03 05:00:00,co,PIIANN,0.67,0.6808225
2021-05-04 04:00:00,co,PIIANN,0.21,0.24509726
2023-08-03 07:00:00,co,PIIANN,0.3525,0.6626924
2021-02-07 11:00:00,co,PIIANN,0.34,0.36570954
2021-07-06 12:00:00,co,PIIANN,0.36,0.21516348
2023-06-06 14:00:00,co,PIIANN,0.63,0.8061201
2024-05-05 13:00:00,co,PIIANN,0.81,0.5435572
2021-07-02 23:00:00,co,PIIANN,0.34,0.42445773
2023-01-10 05:00:00,co,PIIANN,0.6825,0.6573807
2023-07-03 06:00:00,co,PIIANN,1.03,0.8080805
2022-11-08 11:00:00,co,PIIANN,1.05,1.1669066
2024-10-03 03:00:00,co,PIIANN,0.62,0.5668324
2022-10-09 17:00:00,co,PIIANN,0.76,0.72418517
2025-06-08 02:00:00,co,PIIANN,0.08000003,0.32799244
2025-09-10 21:00:00,co,PIIANN,0.64,0.28440282
2025-08-03 00:00:00,co,PIIANN,0.73,0.59168583
2023-04-03 15:00:00,co,PIIANN,0.6225,0.5244571
2021-02-09 03:00:00,co,PIIANN,0.31,0.20422246
2025-11-08 15:00:00,co,PIIANN,0.45,0.4429318
2023-06-03 06:00:00,co,PIIANN,0.9875,0.8193037
2022-10-08 17:00:00,co,PIIANN,0.71,1.0326595
2024-12-09 06:00:00,co,PIIANN,0.5,0.5717594
2024-07-06 02:00:00,co,PIIANN,0.72,0.620377
2024-12-08 19:00:00,co,PIIANN,0.93,0.9368913
2024-08-04 12:00:00,co,PIIANN,0.46,0.9356487
2022-05-08 09:00:00,co,PIIANN,0.46,0.5191544
2024-06-06 23:00:00,co,PIIANN,0.55,0.7003824
2025-01-03 02:00:00,co,PIIANN,0.5782857,0.5831664
2024-12-13 02:00:00,co,PIIANN,0.611116,0.56571376
2022-11-01 14:00:00,co,PIIANN,0.74,0.45758575
2024-11-06 10:00:00,co,PIIANN,0.51,0.6637659
2021-09-12 02:00:00,co,PIIANN,0.2,0.29299888
2023-11-08 16:00:00,co,PIIANN,0.665,0.6087048
2022-08-10 11:00:00,co,PIIANN,1.555,2.253684
2025-08-09 10:00:00,co,PIIANN,0.42125,0.48993984
2024-03-10 18:00:00,co,PIIANN,1.18,1.076032
2022-03-03 15:00:00,co,PIIANN,0.38,0.6140528
2021-11-11 02:00:00,co,PIIANN,0.43,0.39504614
2023-12-08 17:00:00,co,PIIANN,0.675,0.71796316
2021-05-10 15:00:00,co,PIIANN,0.28,0.44655436
2025-08-10 20:00:00,co,PIIANN,0.39,0.44502887
2021-11-03 23:00:00,co,PIIANN,0.56,0.5184563
2025-01-08 00:00:00,co,PIIANN,0.4,0.52044016
2021-08-09 22:00:00,co,PIIANN,0.74,0.7216928
2024-06-09 16:00:00,co,PIIANN,0.78,0.7289935
2022-08-03 09:00:00,co,PIIANN,0.73,0.7113164
2023-03-04 03:00:00,co,PIIANN,0.8575,0.58562905
2025-03-12 06:00:00,co,PIIANN,0.43,0.34298104
2025-08-12 12:00:00,co,PIIANN,0.68,0.6299377
2024-10-08 04:00:00,co,PIIANN,0.5,0.47091207
2021-04-08 21:00:00,co,PIIANN,0.94,1.0472496
2025-08-08 07:00:00,co,PIIANN,0.51,0.48304564
2025-02-11 02:00:00,co,PIIANN,0.25,0.44291222
2021-11-04 23:00:00,co,PIIANN,0.36,0.4092142
2023-10-02 22:00:00,co,PIIANN,0.36,0.38322234
2022-10-10 12:00:00,co,PIIANN,1.332,1.0655476
2021-08-08 06:00:00,co,PIIANN,0.16000001,0.37639672
2022-03-05 12:00:00,co,PIIANN,0.52,0.36958948
2024-09-10 05:00:00,co,PIIANN,0.66,0.5995844
2025-05-11 15:00:00,co,PIIANN,0.7,0.7901146
2021-12-09 17:00:00,co,PIIANN,0.4,0.51307184
2025-01-10 07:00:00,co,PIIANN,0.65,0.6229954
2021-03-03 02:00:00,co,PIIANN,0.4776,0.45665494
2023-07-01 12:00:00,co,PIIANN,0.395,0.5063599
2025-10-05 03:00:00,co,PIIANN,0.73,0.43285683
2024-04-08 11:00:00,co,PIIANN,0.87,0.5812915
2025-09-04 15:00:00,co,PIIANN,0.42,0.5429073
2025-03-06 08:00:00,co,PIIANN,0.26,0.65427774
2021-08-10 17:00:00,co,PIIANN,0.5,0.5564299
2024-09-02 11:00:00,co,PIIANN,0.775,0.7453888
2024-10-04 18:00:00,co,PIIANN,0.66,0.70520866
2024-03-02 22:00:00,co,PIIANN,0.69,0.6878697
2024-10-12 03:00:00,co,PIIANN,0.69,0.59275705
2025-10-06 04:00:00,co,PIIANN,0.52,0.3636105
2025-07-05 23:00:00,co,PIIANN,0.8,0.42140624
2025-10-06 18:00:00,co,PIIANN,0.43,0.60247064
2023-10-02 01:00:00,co,PIIANN,0.2775,0.41578534
2024-01-05 07:00:00,co,PIIANN,0.66,0.45147583
2025-07-07 00:00:00,co,PIIANN,0.49,0.6082243
2022-12-09 21:00:00,co,PIIANN,0.4,0.4302146
2023-07-09 01:00:00,co,PIIANN,0.6259,0.5877184
2023-06-03 17:00:00,co,PIIANN,0.6025,0.6838577
2024-01-01 09:00:00,co,PIIANN,0.56,0.5481631
2022-05-04 21:00:00,co,PIIANN,0.1366667,0.3226679
2024-11-05 20:00:00,co,PIIANN,0.64,0.6172461
2022-12-06 16:00:00,co,PIIANN,0.43,0.5246191
2024-12-12 01:00:00,co,PIIANN,0.48,0.5437498
2021-02-10 09:00:00,co,PIIANN,0.28,0.3510116
2022-08-05 00:00:00,co,PIIANN,0.12999998,0.31401628
2021-08-08 08:00:00,co,PIIANN,0.38,0.34390646
2021-12-08 03:00:00,co,PIIANN,0.2,0.36117736
2021-09-02 03:00:00,co,PIIANN,0.46,0.4238295
2021-10-10 12:00:00,co,PIIANN,0.46,0.55744636
2021-10-01 17:00:00,co,PIIANN,0.44,0.37684876
2025-11-06 07:00:00,co,PIIANN,1.26,0.70710975
2022-07-11 05:00:00,co,PIIANN,0.45,0.5285258
2022-11-10 03:00:00,co,PIIANN,0.63,0.6259168
2025-08-01 16:00:00,co,PIIANN,0.48,0.50341916
2021-03-07 04:00:00,co,PIIANN,0.030000016,0.23899783
2021-01-05 13:00:00,co,PIIANN,0.3,0.20963617
2023-01-06 06:00:00,co,PIIANN,2.0275,1.2748729
2023-08-02 05:00:00,co,PIIANN,0.40666667,0.53478396
2023-01-09 09:00:00,co,PIIANN,0.61333334,0.6284867
2023-05-08 07:00:00,co,PIIANN,0.6725,0.690986
2025-01-05 14:00:00,co,PIIANN,0.86,0.8879191
2024-07-08 14:00:00,co,PIIANN,0.7,0.8078273
2021-02-02 02:00:00,co,PIIANN,0.49,0.39518026
2024-10-07 01:00:00,co,PIIANN,0.55,0.59852576
2022-02-02 23:00:00,co,PIIANN,0.4,0.3768638
2024-02-06 09:00:00,co,PIIANN,0.57,0.6322195
2023-05-10 06:00:00,co,PIIANN,0.72,0.69544
2022-07-09 06:00:00,co,PIIANN,0.9,0.772918
2023-08-04 17:00:00,co,PIIANN,0.515,0.6490067
2022-11-03 14:00:00,co,PIIANN,0.42,0.56523424
2025-07-10 21:00:00,co,PIIANN,1.11,0.4891148
2021-10-08 10:00:00,co,PIIANN,0.3,0.34844726
2023-02-04 20:00:00,co,PIIANN,0.98,0.7453551
2024-07-09 02:00:00,co,PIIANN,0.58,0.67227453
2022-01-03 21:00:00,co,PIIANN,0.63,0.75885934
2025-12-10 17:00:00,co,PIIANN,0.030000016,0.3675644
2024-12-04 23:00:00,co,PIIANN,0.64,0.6367668
2022-01-01 16:00:00,co,PIIANN,0.24,0.38480145
2021-12-04 17:00:00,co,PIIANN,0.38,0.3427193
2023-03-01 18:00:00,co,PIIANN,0.4025,0.41097304
2025-08-09 03:00:00,co,PIIANN,0.35,0.40946016
2024-02-11 20:00:00,co,PIIANN,0.88,0.8479948
2024-06-01 11:00:00,co,PIIANN,1.26,1.2453723
2021-12-08 18:00:00,co,PIIANN,0.53,0.55575925
2021-02-10 11:00:00,co,PIIANN,0.34,0.27406493
2025-12-12 21:00:00,co,PIIANN,0.51,0.6527016
2025-05-10 15:00:00,co,PIIANN,0.66,0.50772655
2024-10-10 18:00:00,co,PIIANN,0.56,0.5634374
2024-11-03 19:00:00,co,PIIANN,0.7,0.6668873
2024-10-09 19:00:00,co,PIIANN,0.98,0.8993489
2023-06-07 02:00:00,co,PIIANN,1.9579,1.6526091
2023-04-08 14:00:00,co,PIIANN,0.65,0.59281623
2025-01-01 14:00:00,co,PIIANN,0.68,0.56289583
2022-02-09 18:00:00,co,PIIANN,0.12999998,0.37803653
2022-08-12 09:00:00,co,PIIANN,0.54,0.37000218
2024-11-09 05:00:00,co,PIIANN,0.49,0.5681835
2021-07-05 15:00:00,co,PIIANN,0.02500002,0.082762286
2022-06-03 09:00:00,co,PIIANN,0.18999998,0.38378415
2024-11-08 06:00:00,co,PIIANN,0.64,0.63012475
2021-05-03 02:00:00,co,PIIANN,0.4452,0.40915745
2021-03-05 07:00:00,co,PIIANN,0.16000001,0.25827387
2021-04-02 05:00:00,co,PIIANN,0.46,0.41326275
2025-12-04 19:00:00,co,PIIANN,0.73,0.7869184
2025-09-02 16:00:00,co,PIIANN,0.69,0.61843723
2021-07-09 15:00:00,co,PIIANN,0.37,0.3789688
2022-04-10 14:00:00,co,PIIANN,0.53,0.93741626
2025-06-06 06:00:00,co,PIIANN,0.6,0.71440583
2023-05-03 03:00:00,co,PIIANN,0.7525,0.64710134
2023-11-06 17:00:00,co,PIIANN,1.27,1.2388209
2022-03-11 16:00:00,co,PIIANN,0.18999998,0.35524222
2021-06-08 08:00:00,co,PIIANN,0.32,0.33859375
2023-03-03 14:00:00,co,PIIANN,0.835,0.6246153
2024-06-06 15:00:00,co,PIIANN,0.37,0.6374552
2024-11-05 21:00:00,co,PIIANN,0.46,0.606339
2022-01-02 16:00:00,co,PIIANN,0.4,0.45057943
2024-12-11 18:00:00,co,PIIANN,0.77,0.74743634
2025-03-09 06:00:00,co,PIIANN,0.32,0.40692517
2023-02-11 06:00:00,co,PIIANN,0.5675,0.84789217
2022-04-02 13:00:00,co,PIIANN,0.91,0.50327253
2024-02-10 00:00:00,co,PIIANN,0.57,0.63052356
2021-09-08 14:00:00,co,PIIANN,0.61,0.34482396
2023-08-10 11:00:00,co,PIIANN,0.68,0.69303197
2024-05-06 06:00:00,co,PIIANN,0.7,0.52657473
2022-05-09 19:00:00,co,PIIANN,0.56,0.6593977
2021-03-09 23:00:00,co,PIIANN,1.14,1.0080065
2025-03-01 20:00:00,co,PIIANN,0.72,0.69707865
2025-03-08 01:00:00,co,PIIANN,0.47,0.3025413
2021-12-10 00:00:00,co,PIIANN,0.38,0.3903079
2021-07-12 11:00:00,co,PIIANN,0.47,0.68197876
2024-11-08 02:00:00,co,PIIANN,1.04,0.8971942
2022-09-02 10:00:00,co,PIIANN,0.24,0.35975084
2022-05-09 11:00:00,co,PIIANN,0.28,0.33113867
2021-10-10 13:00:00,co,PIIANN,0.4,0.49272817
2023-12-01 13:00:00,co,PIIANN,0.08000003,0.39623564
2023-03-11 07:00:00,co,PIIANN,0.7025,0.7645095
2022-09-04 20:00:00,co,PIIANN,0.11999996,0.26211205
2025-03-09 12:00:00,co,PIIANN,0.42,0.40219387
2023-01-12 12:00:00,co,PIIANN,0.4875,0.69136435
2022-06-09 05:00:00,co,PIIANN,0.2,0.36855593
2023-03-02 09:00:00,co,PIIANN,0.63,0.62470555
2023-01-08 21:00:00,co,PIIANN,0.93,0.95051694
2022-04-06 10:00:00,co,PIIANN,1.29,0.8189996
2023-08-11 10:00:00,co,PIIANN,1.49,0.44793075
2025-11-08 03:00:00,co,PIIANN,0.24,0.39786243
2022-05-09 18:00:00,co,PIIANN,0.65,0.6205263
2022-04-01 14:00:00,co,PIIANN,0.27,0.53642595
2024-09-10 10:00:00,co,PIIANN,0.63,0.59411734
2022-12-02 04:00:00,co,PIIANN,0.09000002,0.25505766
2022-05-03 00:00:00,co,PIIANN,0.6,0.32778236
2023-06-03 02:00:00,co,PIIANN,0.3833333,0.59799683
2022-02-02 11:00:00,co,PIIANN,0.36,0.5668476
2021-09-06 02:00:00,co,PIIANN,0.16000001,0.20987247
2021-11-12 14:00:00,co,PIIANN,0.41,0.5276799
2021-11-09 09:00:00,co,PIIANN,0.31,0.3550723
2022-11-03 07:00:00,co,PIIANN,0.43,0.6989327
2022-12-04 08:00:00,co,PIIANN,0.15000005,0.31133983
2022-02-03 05:00:00,co,PIIANN,0.51,0.46288416
2024-10-02 03:00:00,co,PIIANN,0.57,0.5740277
2024-04-11 09:00:00,co,PIIANN,0.65,0.72733104
2021-01-09 10:00:00,co,PIIANN,0.7,0.75893533
2022-09-03 11:00:00,co,PIIANN,0.8,0.6805246
2021-06-05 09:00:00,co,PIIANN,0.17,0.2257228
2025-05-03 22:00:00,co,PIIANN,0.75,0.71627414
2021-03-11 08:00:00,co,PIIANN,0.55,0.29312307
2021-05-07 10:00:00,co,PIIANN,0.36,0.23382677
2021-01-02 03:00:00,co,PIIANN,0.39,0.3526534
2025-08-04 23:00:00,co,PIIANN,0.53,0.5870639
2025-10-07 05:00:00,co,PIIANN,0.56,0.59738624
2024-02-11 11:00:00,co,PIIANN,1.39,0.86191106
2025-09-02 00:00:00,co,PIIANN,0.65,0.55221575
2021-10-09 16:00:00,co,PIIANN,0.32,0.27291483
2023-06-01 22:00:00,co,PIIANN,0.375,0.36670157
2024-10-07 10:00:00,co,PIIANN,0.69,0.8203848
2021-08-12 20:00:00,co,PIIANN,0.31,0.39717054
2021-06-07 14:00:00,co,PIIANN,0.35,0.3014708
2022-11-11 11:00:00,co,PIIANN,0.62,0.68954194
2022-11-02 18:00:00,co,PIIANN,0.21,0.36336547
2021-08-02 21:00:00,co,PIIANN,0.68,0.56713223
2025-07-11 17:00:00,co,PIIANN,0.77,0.85705614
2021-09-04 07:00:00,co,PIIANN,0.3168421,0.41375995
2025-12-11 06:00:00,co,PIIANN,0.55,0.49198073
2025-03-03 01:00:00,co,PIIANN,0.6804,0.6959465
2025-10-08 21:00:00,co,PIIANN,0.44,0.5030709
2021-11-04 13:00:00,co,PIIANN,0.4,0.35653952
2023-02-12 13:00:00,co,PIIANN,0.3375,0.791992
2021-11-12 19:00:00,co,PIIANN,0.34,0.34196672
2022-06-11 07:00:00,co,PIIANN,0.18000002,0.4561454
2021-10-08 22:00:00,co,PIIANN,0.89,0.9361189
2021-01-11 01:00:00,co,PIIANN,0.24,0.23048295
2024-11-02 00:00:00,co,PIIANN,0.65,0.70057255
2024-07-10 23:00:00,co,PIIANN,0.7,0.6900583
2025-08-11 00:00:00,co,PIIANN,0.98,0.4242283
2022-09-02 17:00:00,co,PIIANN,0.14000003,0.57441056
2025-09-07 06:00:00,co,PIIANN,0.56,0.7333287
2023-11-11 13:00:00,co,PIIANN,0.6025,0.5798561
2025-04-10 00:00:00,co,PIIANN,0.41,0.63188
2021-07-04 21:00:00,co,PIIANN,0.57,0.5515418
2021-06-06 01:00:00,co,PIIANN,0.28,0.100437626
2021-03-05 04:00:00,co,PIIANN,0.11999996,0.16384555
2022-12-10 04:00:00,co,PIIANN,0.45,0.33056024
2021-11-08 20:00:00,co,PIIANN,0.8,0.7964943
2022-04-05 12:00:00,co,PIIANN,0.97,0.32578206
2024-03-07 07:00:00,co,PIIANN,0.44,0.53282964
2024-07-08 07:00:00,co,PIIANN,0.93,0.55465364
2024-04-04 22:00:00,co,PIIANN,0.6,0.7089022
2024-11-08 03:00:00,co,PIIANN,0.98,0.87578225
2021-12-09 18:00:00,co,PIIANN,0.42,0.5367782
2024-09-01 23:00:00,co,PIIANN,0.76,0.60342634
2025-11-08 19:00:00,co,PIIANN,0.34,0.46664163
2024-02-11 12:00:00,co,PIIANN,1.39,0.9750834
2022-04-10 18:00:00,co,PIIANN,1.29,0.64389056
2021-02-06 03:00:00,co,PIIANN,0.16000001,0.18274422
2025-11-05 15:00:00,co,PIIANN,0.69,1.0821708
2024-04-07 14:00:00,co,PIIANN,0.68,0.63374656
2025-04-01 11:00:00,co,PIIANN,0.67,0.7413082
2022-02-07 06:00:00,co,PIIANN,0.66,0.5178527
2024-04-12 01:00:00,co,PIIANN,0.8218182,0.6834394
2023-01-05 04:00:00,co,PIIANN,0.7175,0.6675929
2023-10-08 23:00:00,co,PIIANN,0.57,0.8201634
2022-01-05 15:00:00,co,PIIANN,0.21,0.33846802
2025-04-02 09:00:00,co,PIIANN,0.94,0.82688296
2021-02-06 10:00:00,co,PIIANN,0.22000001,0.2614309
2021-01-06 18:00:00,co,PIIANN,0.26,0.23471732
2025-12-05 12:00:00,co,PIIANN,1.07,0.74707526
2021-11-10 10:00:00,co,PIIANN,1.17,0.9097258
2024-02-02 11:00:00,co,PIIANN,1.545,1.3382865
2022-04-09 16:00:00,co,PIIANN,0.030000016,0.42697623
2024-03-06 06:00:00,co,PIIANN,0.55,0.549718
2024-04-12 03:00:00,co,PIIANN,0.56,0.6858383
2025-10-01 16:00:00,co,PIIANN,0.55,0.5714499
2022-09-05 21:00:00,co,PIIANN,0.026666686,0.28158882
2021-07-05 10:00:00,co,PIIANN,0.11,0.11126448
2024-06-07 08:00:00,co,PIIANN,0.86,0.870936
2023-09-01 11:00:00,co,PIIANN,0.2725,0.6042965
2024-02-08 19:00:00,co,PIIANN,0.87,0.86478424
2025-10-07 03:00:00,co,PIIANN,0.56,0.53537714
2023-11-05 01:00:00,co,PIIANN,0.535,0.44231367
2021-08-01 09:00:00,co,PIIANN,0.52,0.60937107
2022-06-01 13:00:00,co,PIIANN,0.68,0.3711108
2023-05-01 23:00:00,co,PIIANN,0.3975,0.45341277
2021-10-05 10:00:00,co,PIIANN,0.26,0.24077429
2025-09-02 05:00:00,co,PIIANN,0.77,0.6008265
2024-08-06 05:00:00,co,PIIANN,0.52,0.45764014
2022-07-03 05:00:00,co,PIIANN,0.059999987,0.22171386
2023-03-06 07:00:00,co,PIIANN,1.6025,1.2120482
2021-12-03 13:00:00,co,PIIANN,0.56,0.45803007
2024-04-09 05:00:00,co,PIIANN,0.78,0.73950183
2025-10-01 13:00:00,co,PIIANN,0.62,0.6035169
2023-12-03 03:00:00,co,PIIANN,0.7875,0.71858466
2023-10-08 17:00:00,co,PIIANN,0.7125,0.6574219
2022-05-05 20:00:00,co,PIIANN,0.45,0.44992933
2021-06-03 06:00:00,co,PIIANN,0.56,0.597918
2021-01-02 14:00:00,co,PIIANN,0.37,0.4311578
2024-10-03 14:00:00,co,PIIANN,0.58,0.5354468
2022-07-05 19:00:00,co,PIIANN,0.3,0.46114925
2022-07-07 14:00:00,co,PIIANN,1.11,1.348739
2023-02-03 20:00:00,co,PIIANN,0.9875,0.8858128
2025-05-06 04:00:00,co,PIIANN,0.37,0.5284585
2025-08-01 17:00:00,co,PIIANN,0.49,0.5262755
2022-04-09 04:00:00,co,PIIANN,0.23,0.53254586
2024-03-12 23:00:00,co,PIIANN,0.72,0.61674535
2022-02-09 14:00:00,co,PIIANN,0.22000001,0.43937284
2024-01-01 10:00:00,co,PIIANN,0.56,0.55805105
2021-10-07 17:00:00,co,PIIANN,0.3,0.3906065
2022-01-04 00:00:00,co,PIIANN,0.32,0.7009754
2024-07-10 16:00:00,co,PIIANN,0.66,0.650873
2023-11-03 05:00:00,co,PIIANN,0.675,0.6201227
2021-09-06 21:00:00,co,PIIANN,0.3,0.36768454
2024-01-11 14:00:00,co,PIIANN,0.62,0.93508637
2022-04-01 16:00:00,co,PIIANN,0.97,0.40730047
2023-01-11 10:00:00,co,PIIANN,1.03,0.53032714
2025-01-07 04:00:00,co,PIIANN,0.37,0.6491893
2024-09-12 13:00:00,co,PIIANN,0.66,0.6941044
2025-05-10 05:00:00,co,PIIANN,0.39,0.50169593
2021-02-09 12:00:00,co,PIIANN,0.62,0.469939
2021-01-10 09:00:00,co,PIIANN,0.16000001,0.4306386
2022-09-08 16:00:00,co,PIIANN,0.18999998,1.2476274
2023-07-08 10:00:00,co,PIIANN,0.97,0.74170595
2023-09-03 04:00:00,co,PIIANN,0.7125,0.74045736
2024-05-09 05:00:00,co,PIIANN,0.73,0.65408367
2023-06-11 17:00:00,co,PIIANN,0.505,0.55841106
2022-07-03 07:00:00,co,PIIANN,0.24,0.25775945
2022-06-03 12:00:00,co,PIIANN,0.46,0.3831663
2024-02-09 02:00:00,co,PIIANN,0.5,0.45701486
2023-01-01 20:00:00,co,PIIANN,0.4425,0.4546159
2024-08-03 16:00:00,co,PIIANN,0.6,0.5649344
2022-06-10 22:00:00,co,PIIANN,1.3,0.8616376
2025-07-08 15:00:00,co,PIIANN,0.25,0.3267799
2022-04-09 03:00:00,co,PIIANN,0.49,0.5529888
2025-01-11 12:00:00,co,PIIANN,0.42,0.47949868
2024-06-12 05:00:00,co,PIIANN,0.51,0.5581139
2024-12-07 12:00:00,co,PIIANN,1.08,0.6327314
2024-09-04 02:00:00,co,PIIANN,0.62,0.5433434
2025-01-09 21:00:00,co,PIIANN,1.84,0.9699859
2021-10-12 02:00:00,co,PIIANN,0.17,0.22735386
2022-12-09 03:00:00,co,PIIANN,0.040000007,0.31437472
2024-07-01 15:00:00,co,PIIANN,0.62,0.70792013
2021-04-10 18:00:00,co,PIIANN,0.49,0.4128501
2021-11-07 01:00:00,co,PIIANN,0.46,0.37649995
2025-08-12 03:00:00,co,PIIANN,0.51,0.3981382
2022-05-03 04:00:00,co,PIIANN,0.16000001,0.43862733
2024-07-08 10:00:00,co,PIIANN,0.9,1.0740196
2022-11-04 00:00:00,co,PIIANN,0.06999998,0.23758079
2024-11-03 06:00:00,co,PIIANN,0.68,0.6162138
2025-03-06 05:00:00,co,PIIANN,0.73,0.6862233
2021-05-12 11:00:00,co,PIIANN,0.88,0.7586637
2025-07-04 10:00:00,co,PIIANN,0.84,0.57714844
2021-08-10 12:00:00,co,PIIANN,0.78,0.98740524
2022-10-01 11:00:00,co,PIIANN,0.37,0.41058487
2024-04-09 11:00:00,co,PIIANN,0.91,0.96515274
2021-06-02 20:00:00,co,PIIANN,0.68,0.5351047
2023-12-10 17:00:00,co,PIIANN,0.7875,0.6596344
2024-01-10 01:00:00,co,PIIANN,0.65,0.55657876
2025-04-04 09:00:00,co,PIIANN,0.84,0.8611877
2022-12-07 22:00:00,co,PIIANN,3.245,2.6659265
2025-03-02 14:00:00,co,PIIANN,0.34,0.5225693
2025-09-03 12:00:00,co,PIIANN,1.3999999,0.9313312
2021-02-05 00:00:00,co,PIIANN,0.18000002,0.7546356
2025-12-01 12:00:00,co,PIIANN,0.62,0.7178551
2024-08-10 02:00:00,co,PIIANN,0.55,0.47168276
2025-08-02 03:00:00,co,PIIANN,0.84,0.6547653
2021-01-03 11:00:00,co,PIIANN,0.56,0.526995
2023-10-05 21:00:00,co,PIIANN,0.595,0.78519404
2021-09-12 08:00:00,co,PIIANN,0.45,0.5017032
2021-10-12 14:00:00,co,PIIANN,0.68,0.56713045
2024-12-10 09:00:00,co,PIIANN,0.44,0.5474979
2024-08-09 07:00:00,co,PIIANN,0.52,0.7457041
2023-12-06 17:00:00,co,PIIANN,1.295,1.5925591
2024-01-05 02:00:00,co,PIIANN,0.41,0.4170709
2023-02-04 10:00:00,co,PIIANN,1.67,0.6242709
2025-10-12 00:00:00,co,PIIANN,0.66,0.5278837
2025-08-01 09:00:00,co,PIIANN,0.89,0.7790136
2021-03-01 22:00:00,co,PIIANN,0.34,0.32552505
2022-05-03 06:00:00,co,PIIANN,0.16000001,0.37126276
2021-02-06 23:00:00,co,PIIANN,0.11999996,0.16060199
2022-10-12 00:00:00,co,PIIANN,1.135,0.34950706
2022-08-06 16:00:00,co,PIIANN,0.39,0.2976781
2022-04-04 14:00:00,co,PIIANN,0.58,0.7876425
2025-04-05 08:00:00,co,PIIANN,1.34,0.6731508
2021-01-06 04:00:00,co,PIIANN,0.16000001,0.28764716
2023-12-09 03:00:00,co,PIIANN,0.56,0.75404805
2024-03-08 17:00:00,co,PIIANN,0.73,0.6858291
2021-06-04 04:00:00,co,PIIANN,0.27,0.2557857
2024-04-07 10:00:00,co,PIIANN,0.56,0.75442505
2025-02-11 11:00:00,co,PIIANN,0.42,0.56893384
2021-03-05 20:00:00,co,PIIANN,0.7,0.61796725
2024-05-05 03:00:00,co,PIIANN,0.56,0.47817704
2024-03-12 00:00:00,co,PIIANN,0.77,0.6480108
2024-07-01 13:00:00,co,PIIANN,0.52,0.9049035
2022-03-10 17:00:00,co,PIIANN,0.85,0.9700869
2024-05-06 13:00:00,co,PIIANN,0.61,0.66589606
2021-09-10 23:00:00,co,PIIANN,1.5,1.403911
2024-02-09 20:00:00,co,PIIANN,0.88,0.84478074
2022-07-11 09:00:00,co,PIIANN,0.975,0.6611512
2022-08-10 14:00:00,co,PIIANN,0.2,0.50561213
2021-10-07 22:00:00,co,PIIANN,0.58,0.6547046
2024-06-04 04:00:00,co,PIIANN,0.63,0.6156643
2021-10-03 22:00:00,co,PIIANN,0.56,0.5343512
2024-07-06 11:00:00,co,PIIANN,0.7,0.61102784
2023-10-03 02:00:00,co,PIIANN,0.815,0.524323
2023-02-07 02:00:00,co,PIIANN,1.6988,1.4433783
2025-08-07 00:00:00,co,PIIANN,0.72,0.5092144
2021-03-02 06:00:00,co,PIIANN,0.52,0.49577948
2023-10-03 12:00:00,co,PIIANN,0.4975,0.7025862
2025-07-01 20:00:00,co,PIIANN,0.7,0.5973281
2025-11-09 02:00:00,co,PIIANN,0.35,0.38014644
2022-09-10 07:00:00,co,PIIANN,2.97,2.5522316
2025-05-10 02:00:00,co,PIIANN,0.75,0.5100821
2025-12-02 16:00:00,co,PIIANN,0.54,0.49834836
2025-07-10 19:00:00,co,PIIANN,0.43,0.4843634
2022-12-03 05:00:00,co,PIIANN,0.48,0.50570554
2024-08-10 08:00:00,co,PIIANN,0.76,0.7807547
2023-09-01 08:00:00,co,PIIANN,1.095,0.6347652
2022-05-07 15:00:00,co,PIIANN,0.77,0.76417756
2022-09-09 18:00:00,co,PIIANN,0.88,0.8399327
2024-12-05 06:00:00,co,PIIANN,0.64,1.0755258
2024-08-07 00:00:00,co,PIIANN,0.68,0.6157865
2022-04-03 19:00:00,co,PIIANN,0.42,0.941791
2025-01-05 09:00:00,co,PIIANN,1.64,1.5525706
2023-12-11 21:00:00,co,PIIANN,0.98,0.9519099
2021-03-10 20:00:00,co,PIIANN,0.67,0.3404627
2021-12-05 04:00:00,co,PIIANN,0.059999987,0.69081104
2023-06-11 19:00:00,co,PIIANN,0.6975,0.5310601
2022-04-12 17:00:00,co,PIIANN,0.56,0.5540383
2023-07-01 20:00:00,co,PIIANN,0.695,0.50474775
2022-06-10 21:00:00,co,PIIANN,0.83,0.8546135
2023-03-08 21:00:00,co,PIIANN,0.6175,0.66074026
2024-01-06 04:00:00,co,PIIANN,0.52,0.56590754
2025-06-02 22:00:00,co,PIIANN,0.64,0.59513974
2023-05-10 14:00:00,co,PIIANN,0.7225,0.6452275
2023-05-09 17:00:00,co,PIIANN,0.56,0.7905641
2025-10-10 05:00:00,co,PIIANN,0.16000001,0.2915231
2021-01-09 02:00:00,co,PIIANN,0.39,0.35376933
2025-11-05 01:00:00,co,PIIANN,1.07,0.70121443
2022-12-09 09:00:00,co,PIIANN,2.23,1.308026
2022-05-09 21:00:00,co,PIIANN,0.17,0.42526412
2023-04-05 23:00:00,co,PIIANN,0.615,0.69102883
2024-06-04 11:00:00,co,PIIANN,0.88,1.4454247
2022-03-05 19:00:00,co,PIIANN,0.27,0.43411705
2024-01-01 11:00:00,co,PIIANN,0.56,0.5588901
2024-06-12 11:00:00,co,PIIANN,0.75,0.75117415
2022-04-07 21:00:00,co,PIIANN,0.94,0.82844883
2024-09-12 02:00:00,co,PIIANN,0.64,0.6396812
2021-12-10 08:00:00,co,PIIANN,0.52,0.37110955
2024-12-08 01:00:00,co,PIIANN,0.53,0.49550387
2024-04-06 04:00:00,co,PIIANN,0.6,0.6654514
2023-09-11 23:00:00,co,PIIANN,0.6875,1.0027351
2022-01-01 11:00:00,co,PIIANN,0.38,0.41057932
2024-07-06 23:00:00,co,PIIANN,0.81,0.7354505
2024-12-05 10:00:00,co,PIIANN,0.39,0.5431899
2022-03-04 06:00:00,co,PIIANN,0.06333332,0.24369545
2023-07-01 17:00:00,co,PIIANN,0.405,0.46533138
2024-03-01 23:00:00,co,PIIANN,0.56,0.59169865
2022-11-01 09:00:00,co,PIIANN,0.22000001,0.39934835
2025-10-09 03:00:00,co,PIIANN,0.09000002,0.234057
2021-10-01 10:00:00,co,PIIANN,0.49,0.55781496
2023-12-04 06:00:00,co,PIIANN,0.735,0.7697111
2023-05-03 08:00:00,co,PIIANN,0.6875,0.78677636
2025-08-08 14:00:00,co,PIIANN,0.44,0.50197804
2025-06-04 05:00:00,co,PIIANN,1.11,1.0317584
2021-10-03 16:00:00,co,PIIANN,0.56,0.48111126
2024-02-09 12:00:00,co,PIIANN,0.64,0.6251533
2025-01-08 05:00:00,co,PIIANN,0.61,0.45330286
2024-04-11 17:00:00,co,PIIANN,0.59,0.5517864
2025-01-12 10:00:00,co,PIIANN,0.85,0.5598602
2024-11-04 08:00:00,co,PIIANN,0.66,0.7437656
2023-11-10 16:00:00,co,PIIANN,0.94,0.5464222
2025-12-07 22:00:00,co,PIIANN,0.56,0.83643484
2025-02-03 01:00:00,co,PIIANN,0.6008,0.6371548
2022-04-09 12:00:00,co,PIIANN,0.24,0.73510283
2025-05-04 23:00:00,co,PIIANN,0.38,0.43240386
2021-10-03 03:00:00,co,PIIANN,0.56,0.53658074
2022-07-06 11:00:00,co,PIIANN,0.96,0.5497599
2025-03-04 18:00:00,co,PIIANN,0.74,0.44416893
2024-11-03 17:00:00,co,PIIANN,0.66,0.6312127
2021-09-06 01:00:00,co,PIIANN,0.18000002,0.19666822
2023-11-03 20:00:00,co,PIIANN,0.33,0.7362824
2021-07-06 09:00:00,co,PIIANN,0.24,0.26527345
2025-02-09 01:00:00,co,PIIANN,0.92,0.78454053
2021-11-04 17:00:00,co,PIIANN,0.43,0.38614935
2023-10-05 04:00:00,co,PIIANN,0.7575,0.87481457
2021-02-08 10:00:00,co,PIIANN,0.25,0.2921817
2025-11-10 20:00:00,co,PIIANN,0.32,0.4078702
2022-05-01 16:00:00,co,PIIANN,0.84,0.51279324
2021-10-06 21:00:00,co,PIIANN,0.24,0.2778507
2024-04-04 07:00:00,co,PIIANN,0.76,0.7475454
2024-01-09 07:00:00,co,PIIANN,0.58,0.66590816
2021-05-11 21:00:00,co,PIIANN,0.65,0.58960545
2022-02-04 20:00:00,co,PIIANN,0.52,0.4775827
2021-02-10 19:00:00,co,PIIANN,0.4,0.45834374
2022-01-08 11:00:00,co,PIIANN,0.39,0.3675707
2023-07-11 21:00:00,co,PIIANN,0.6925,0.55090785
2022-03-11 10:00:00,co,PIIANN,0.73,0.5430888
2022-04-03 18:00:00,co,PIIANN,1.52,0.556168
2024-02-09 13:00:00,co,PIIANN,0.71,0.6066384
2024-03-04 08:00:00,co,PIIANN,0.69,0.7602974
2025-12-03 13:00:00,co,PIIANN,0.63,0.42723316
2025-04-03 02:00:00,co,PIIANN,0.8725,0.79390734
2025-04-04 17:00:00,co,PIIANN,0.8,0.71317124
2024-07-09 04:00:00,co,PIIANN,0.68,0.576547
2023-09-09 01:00:00,co,PIIANN,0.6751,0.6237234
2023-08-11 17:00:00,co,PIIANN,0.7025,0.8600057
2024-06-12 07:00:00,co,PIIANN,0.43,0.63337266
2021-05-05 16:00:00,co,PIIANN,0.06999998,0.13872762
2023-12-10 15:00:00,co,PIIANN,0.5525,0.59888875
2022-05-11 19:00:00,co,PIIANN,0.26,0.37683386
2024-12-04 02:00:00,co,PIIANN,0.65,0.5379587
2023-12-04 18:00:00,co,PIIANN,0.6825,0.6467153
2022-08-07 06:00:00,co,PIIANN,2.5500002,1.3654629
2024-12-06 11:00:00,co,PIIANN,0.47,0.6411747
2021-01-07 02:00:00,co,PIIANN,0.15000005,0.20172642
2024-01-02 12:00:00,co,PIIANN,0.51,0.68974006
2023-05-03 13:00:00,co,PIIANN,0.565,0.53988916
2023-05-11 14:00:00,co,PIIANN,0.725,0.55619556
2025-03-10 01:00:00,co,PIIANN,0.24,0.44053152
2024-04-07 01:00:00,co,PIIANN,0.89,0.7525702
2022-10-11 16:00:00,co,PIIANN,0.62,0.37227324
2023-05-01 17:00:00,co,PIIANN,0.3125,0.41635916
2025-07-09 19:00:00,co,PIIANN,0.45,0.42368037
2023-11-01 17:00:00,co,PIIANN,0.36,0.38234457
2025-07-06 07:00:00,co,PIIANN,0.96,0.8686594
2024-04-02 21:00:00,co,PIIANN,0.65,0.66627014
2021-04-03 14:00:00,co,PIIANN,0.56,0.49208668
2023-11-07 01:00:00,co,PIIANN,0.43346667,0.6679661
2021-06-06 09:00:00,co,PIIANN,0.21,0.27359834
2025-11-04 19:00:00,co,PIIANN,0.76,0.61733204
2022-03-12 03:00:00,co,PIIANN,0.56,0.42380098
2024-08-08 09:00:00,co,PIIANN,0.79,0.8272597
2024-04-07 19:00:00,co,PIIANN,1.11,0.9782876
2022-03-06 03:00:00,co,PIIANN,0.73,1.3780704
2022-09-06 01:00:00,co,PIIANN,0.45,0.3306017
2021-06-12 05:00:00,co,PIIANN,0.4,0.48541948
2022-01-04 22:00:00,co,PIIANN,0.26,0.3471902
2022-06-05 19:00:00,co,PIIANN,0.26,0.4749786
2023-10-11 14:00:00,co,PIIANN,0.5875,0.5666947
2023-03-02 07:00:00,co,PIIANN,0.295,0.41671938
2023-11-10 08:00:00,co,PIIANN,0.6775,0.85477203
2023-10-11 16:00:00,co,PIIANN,0.795,0.7241258
2024-08-08 20:00:00,co,PIIANN,0.85,0.50454545
2022-12-04 00:00:00,co,PIIANN,0.22000001,0.42574567
2023-03-12 23:00:00,co,PIIANN,0.6025,0.67552376
2022-06-07 18:00:00,co,PIIANN,0.16000001,0.32343963
2024-07-06 03:00:00,co,PIIANN,0.68,1.0313101
2021-08-05 12:00:00,co,PIIANN,0.14000003,0.20994513
2023-11-03 23:00:00,co,PIIANN,0.71,0.6773706
2024-07-07 01:00:00,co,PIIANN,0.93,0.63584864
2024-01-01 20:00:00,co,PIIANN,0.56,0.6259653
2022-08-05 04:00:00,co,PIIANN,0.11,0.30440426
2024-04-11 14:00:00,co,PIIANN,0.48,0.6585324
2022-11-07 21:00:00,co,PIIANN,2.79,1.0798769
2024-06-03 12:00:00,co,PIIANN,0.52,0.7019217
2025-07-02 03:00:00,co,PIIANN,0.74,0.60963255
2025-11-03 05:00:00,co,PIIANN,0.14000003,0.50257677
2021-05-01 15:00:00,co,PIIANN,0.63,0.6805492
2021-10-10 19:00:00,co,PIIANN,1.45,1.1049336
2023-08-04 15:00:00,co,PIIANN,0.9175,0.6164904
2024-08-07 09:00:00,co,PIIANN,1.06,0.904457
2024-09-07 23:00:00,co,PIIANN,0.61,0.57916296
2021-03-11 05:00:00,co,PIIANN,0.049999997,0.25424084
2023-08-04 05:00:00,co,PIIANN,0.675,0.58780843
2022-11-09 04:00:00,co,PIIANN,0.51,0.26092428
2021-03-01 20:00:00,co,PIIANN,0.38,0.44558293
2022-03-02 01:00:00,co,PIIANN,0.4,0.46043497
2025-04-06 03:00:00,co,PIIANN,0.5,0.52736413
2024-06-08 23:00:00,co,PIIANN,0.77,1.0546497
2021-06-12 14:00:00,co,PIIANN,0.53,0.66961634
2023-02-03 19:00:00,co,PIIANN,0.9025,0.7526736
2024-08-06 23:00:00,co,PIIANN,0.68,0.66914666
2021-11-02 14:00:00,co,PIIANN,0.42,0.40393034
2024-04-05 22:00:00,co,PIIANN,0.62,0.59952563
2025-06-03 07:00:00,co,PIIANN,0.87,0.6243735
2025-12-07 13:00:00,co,PIIANN,1.68,0.53222686
2025-01-07 19:00:00,co,PIIANN,0.3,0.79719573
2024-01-06 19:00:00,co,PIIANN,0.87,0.50142384
2022-09-07 06:00:00,co,PIIANN,0.39,0.5610884
2025-11-12 02:00:00,co,PIIANN,0.69,0.7266955
2021-08-01 11:00:00,co,PIIANN,0.6,0.5566489
2023-01-06 23:00:00,co,PIIANN,1.9175,1.301644
2021-08-09 23:00:00,co,PIIANN,0.52,0.6467546
2022-11-09 17:00:00,co,PIIANN,0.18000002,0.55706054
2024-01-03 05:00:00,co,PIIANN,0.75,0.7174904
2022-01-10 10:00:00,co,PIIANN,1.22,0.5336724
2025-02-04 10:00:00,co,PIIANN,0.4,0.502095
2022-02-10 20:00:00,co,PIIANN,0.56,0.57868564
2025-06-03 02:00:00,co,PIIANN,0.54,0.51766956
2021-05-07 21:00:00,co,PIIANN,0.26,0.32265386
2021-05-03 04:00:00,co,PIIANN,0.56,0.5702527
2022-07-10 07:00:00,co,PIIANN,0.68,0.5077195
2022-12-08 01:00:00,co,PIIANN,1.835,1.9210225
2023-09-12 11:00:00,co,PIIANN,0.56,0.6831252
2021-04-10 06:00:00,co,PIIANN,0.18000002,0.19316702
2024-11-05 02:00:00,co,PIIANN,0.56,0.4349309
2022-08-02 19:00:00,co,PIIANN,0.34,0.33201507
2021-07-02 08:00:00,co,PIIANN,0.77,0.69404995
2025-06-09 04:00:00,co,PIIANN,0.46,0.16802879
2022-04-04 23:00:00,co,PIIANN,0.34,0.35947123
2024-02-08 00:00:00,co,PIIANN,0.58,0.7173966
2023-05-11 05:00:00,co,PIIANN,0.5625,0.7743874
2021-10-07 21:00:00,co,PIIANN,0.68,0.6744229
2023-03-03 22:00:00,co,PIIANN,0.6625,0.6742552
2023-09-01 19:00:00,co,PIIANN,0.5525,0.46712497
2023-08-08 17:00:00,co,PIIANN,0.6075,0.6407187
2025-10-03 13:00:00,co,PIIANN,0.4,0.4181184
2023-08-05 11:00:00,co,PIIANN,0.55,0.64398795
2023-09-04 06:00:00,co,PIIANN,1.33,0.6983411
2022-02-11 08:00:00,co,PIIANN,0.47,0.4303799
2023-02-03 15:00:00,co,PIIANN,0.83,0.5759759
2022-07-10 02:00:00,co,PIIANN,1.08,0.6623876
2022-06-08 01:00:00,co,PIIANN,0.82,0.5870951
2022-06-08 09:00:00,co,PIIANN,0.52,0.48856455
2023-03-06 03:00:00,co,PIIANN,0.33333334,0.4893381
2023-11-08 09:00:00,co,PIIANN,0.75666666,0.765752
2024-03-06 23:00:00,co,PIIANN,0.83,0.7945275
2023-04-03 03:00:00,co,PIIANN,0.85,0.6323338
2023-02-11 13:00:00,co,PIIANN,1.2775,0.5753322
2024-10-01 15:00:00,co,PIIANN,0.64,0.6401318
2023-11-11 08:00:00,co,PIIANN,0.6925,0.6199031
2022-09-05 15:00:00,co,PIIANN,0.45,0.7324022
2021-01-12 08:00:00,co,PIIANN,0.4,0.37967595
2025-01-05 13:00:00,co,PIIANN,0.84,1.0809181
2021-05-11 09:00:00,co,PIIANN,0.33,0.40330204
2022-03-10 15:00:00,co,PIIANN,2.3600001,1.3562742
2023-08-10 00:00:00,co,PIIANN,0.8975,0.52721715
2025-10-02 19:00:00,co,PIIANN,0.64,0.5393888
2021-02-01 16:00:00,co,PIIANN,0.5,0.5592641
2025-06-09 21:00:00,co,PIIANN,0.46,0.5394656
2023-07-10 19:00:00,co,PIIANN,0.695,0.7980355
2022-11-03 01:00:00,co,PIIANN,0.36,0.30861297
2023-10-01 10:00:00,co,PIIANN,0.735,0.5925439
2022-11-11 20:00:00,co,PIIANN,0.3,0.40276802
2021-06-02 07:00:00,co,PIIANN,0.79,0.61087084
2022-10-08 04:00:00,co,PIIANN,0.56,0.61403465
2024-11-06 01:00:00,co,PIIANN,0.5,0.56184083
2021-09-07 03:00:00,co,PIIANN,0.11999996,0.30510527
2022-01-09 21:00:00,co,PIIANN,1.25,0.95171666
2025-03-10 13:00:00,co,PIIANN,1.04,0.51034987
2022-08-09 21:00:00,co,PIIANN,1.68,1.0823047
2022-02-10 15:00:00,co,PIIANN,0.3,0.46860355
2025-12-09 03:00:00,co,PIIANN,0.33,0.40242612
2025-08-09 00:00:00,co,PIIANN,0.39,0.4752355
2024-07-03 08:00:00,co,PIIANN,0.82,0.84901166
2022-04-10 03:00:00,co,PIIANN,0.27,0.29373974
2021-10-09 15:00:00,co,PIIANN,0.22000001,0.21119608
2021-07-04 04:00:00,co,PIIANN,0.23,0.26888323
2023-02-11 16:00:00,co,PIIANN,0.3375,0.77700406
2025-10-08 18:00:00,co,PIIANN,0.53,0.56012356
2023-05-03 22:00:00,co,PIIANN,0.6325,0.72897595
2025-12-04 15:00:00,co,PIIANN,1.2,0.62141466
2023-05-05 14:00:00,co,PIIANN,0.3325,0.7827743
2021-11-10 07:00:00,co,PIIANN,0.64,0.5847295
2021-04-04 12:00:00,co,PIIANN,0.36,0.33322895
2023-02-05 03:00:00,co,PIIANN,0.675,0.7304252
2025-10-07 07:00:00,co,PIIANN,0.56,0.65249866
2025-05-08 23:00:00,co,PIIANN,0.11999996,0.25798094
2025-11-02 00:00:00,co,PIIANN,0.58,0.57136554
2025-09-05 14:00:00,co,PIIANN,0.57,0.54829854
2025-10-11 23:00:00,co,PIIANN,0.53,0.5827806
2023-07-11 04:00:00,co,PIIANN,0.82,0.572322
2021-10-04 16:00:00,co,PIIANN,0.56,0.6535311
2022-07-06 19:00:00,co,PIIANN,0.3031579,0.43922725
2025-01-02 12:00:00,co,PIIANN,0.58,0.67998785
2024-01-12 10:00:00,co,PIIANN,0.7,0.6206051
2025-11-02 15:00:00,co,PIIANN,0.59,0.47394666
2025-01-10 16:00:00,co,PIIANN,0.31,0.41141808
2024-09-02 19:00:00,co,PIIANN,0.72,0.7220434
2023-01-12 00:00:00,co,PIIANN,0.76,0.5833251
2023-10-04 23:00:00,co,PIIANN,0.8325,0.78319657
2023-06-02 06:00:00,co,PIIANN,0.345,0.47522113
2021-05-06 06:00:00,co,PIIANN,0.10000001,0.17328073
2024-09-11 14:00:00,co,PIIANN,0.59,0.7436698
2022-08-08 23:00:00,co,PIIANN,0.55,0.8970954
2022-08-02 20:00:00,co,PIIANN,0.48,0.37888765
2022-06-12 14:00:00,co,PIIANN,0.56,0.49622783
2024-04-09 07:00:00,co,PIIANN,0.91,0.78874797
2021-12-07 12:00:00,co,PIIANN,0.29,0.31489298
2021-12-09 20:00:00,co,PIIANN,0.54,0.54777515
2025-10-11 06:00:00,co,PIIANN,0.87,0.6398486
2024-12-04 01:00:00,co,PIIANN,0.6,0.55294585
2023-02-05 16:00:00,co,PIIANN,0.6425,0.6770487
2023-08-09 16:00:00,co,PIIANN,0.56,0.57163054
2024-06-08 22:00:00,co,PIIANN,1.25,0.9445696
2023-03-07 01:00:00,co,PIIANN,2.153045,1.6092246
2024-02-08 08:00:00,co,PIIANN,0.62,0.6770132
2021-03-13 01:00:00,co,PIIANN,0.57921225,0.48964867
2025-11-12 11:00:00,co,PIIANN,0.26,0.55293983
2025-04-05 01:00:00,co,PIIANN,0.69,0.43376344
2024-11-01 14:00:00,co,PIIANN,0.6,0.5749002
2022-12-02 00:00:00,co,PIIANN,0.16000001,0.29385382
2023-02-11 00:00:00,co,PIIANN,0.325,0.49443093
2024-10-03 23:00:00,co,PIIANN,0.71,0.61694396
2025-04-04 14:00:00,co,PIIANN,0.72,0.8316657
2024-07-12 23:00:00,co,PIIANN,0.7,0.63021576
2024-07-10 08:00:00,co,PIIANN,0.8,0.84551346
2025-02-01 18:00:00,co,PIIANN,0.58,0.6406096
2022-05-05 11:00:00,co,PIIANN,0.21,0.63592845
2022-08-03 20:00:00,co,PIIANN,0.34,0.5135009
2025-07-11 22:00:00,co,PIIANN,1.06,0.70529276
2023-02-08 12:00:00,co,PIIANN,0.25,0.5442325
2022-05-10 02:00:00,co,PIIANN,4.27,2.0011966
2022-05-09 14:00:00,co,PIIANN,0.26,0.40029147
2021-01-05 08:00:00,co,PIIANN,0.18999998,0.30972266
2021-11-05 03:00:00,co,PIIANN,0.08000003,0.15510248
2021-12-04 00:00:00,co,PIIANN,0.10000001,0.50650537
2022-10-08 01:00:00,co,PIIANN,0.754,0.94940287
2022-10-04 07:00:00,co,PIIANN,0.019090936,0.23999552
2025-05-10 18:00:00,co,PIIANN,0.67,0.6400246
2025-08-08 17:00:00,co,PIIANN,0.5,0.49475867
2023-11-08 18:00:00,co,PIIANN,0.6975,0.6890178
2025-11-11 16:00:00,co,PIIANN,0.49,0.6207567
2024-07-02 10:00:00,co,PIIANN,0.92,0.6318423
2024-03-01 17:00:00,co,PIIANN,0.56,0.61226165
2024-03-02 07:00:00,co,PIIANN,0.8,0.720376
2022-09-10 17:00:00,co,PIIANN,0.16000001,0.28014895
2021-11-08 10:00:00,co,PIIANN,0.18999998,0.3501288
2024-04-08 06:00:00,co,PIIANN,0.36,0.5310763
2024-07-05 05:00:00,co,PIIANN,1.31,0.6102126
2024-07-04 03:00:00,co,PIIANN,0.59,0.57932293
2023-02-03 10:00:00,co,PIIANN,2.61,0.4119589
2023-08-08 16:00:00,co,PIIANN,0.61,0.6120168
2021-03-02 05:00:00,co,PIIANN,0.46,0.4633935
2025-06-09 16:00:00,co,PIIANN,0.4,0.4514683
2022-12-02 02:00:00,co,PIIANN,0.14000003,0.20359667
2024-12-06 17:00:00,co,PIIANN,0.48,0.60502845
2024-01-09 03:00:00,co,PIIANN,0.72,0.63630587
2021-03-10 23:00:00,co,PIIANN,0.67,0.5266874
2025-10-01 20:00:00,co,PIIANN,0.57,0.54684323
2023-08-01 12:00:00,co,PIIANN,0.7125,0.6378255
2021-08-08 09:00:00,co,PIIANN,0.3,0.39270204
2022-07-12 01:00:00,co,PIIANN,0.7805882,0.640072
2021-06-11 23:00:00,co,PIIANN,0.39,0.19690393
2023-02-12 08:00:00,co,PIIANN,1.0225,0.5457672
2024-02-11 02:00:00,co,PIIANN,0.61,0.7941537
2021-11-03 12:00:00,co,PIIANN,0.56,0.46628293
2024-06-02 18:00:00,co,PIIANN,0.7,0.6702857
2024-07-02 13:00:00,co,PIIANN,0.46,0.5592713
2021-07-02 01:00:00,co,PIIANN,0.67,0.617354
2021-06-11 12:00:00,co,PIIANN,0.11999996,0.41509062
2024-11-03 23:00:00,co,PIIANN,0.66,0.59493434
2022-03-11 07:00:00,co,PIIANN,0.496,0.42695752
2022-01-08 15:00:00,co,PIIANN,0.049999997,0.44801995
2024-03-08 02:00:00,co,PIIANN,0.59,0.50822675
2021-05-08 08:00:00,co,PIIANN,0.25,0.3296017
2024-05-10 22:00:00,co,PIIANN,1.0,0.86877865
2022-10-06 06:00:00,co,PIIANN,0.46,0.4652934
2024-06-08 10:00:00,co,PIIANN,0.68,0.7334429
2024-08-10 05:00:00,co,PIIANN,0.62,0.6143292
2021-05-09 07:00:00,co,PIIANN,0.46,0.49684852
2022-03-12 01:00:00,co,PIIANN,0.3900416,0.3970419
2022-05-02 10:00:00,co,PIIANN,0.62,0.6449045
2022-02-04 19:00:00,co,PIIANN,0.46,0.4397806
2021-11-04 02:00:00,co,PIIANN,0.26,0.28202924
2021-11-06 07:00:00,co,PIIANN,0.18999998,0.22538988
2022-01-10 03:00:00,co,PIIANN,0.11,0.3199631
2022-03-11 21:00:00,co,PIIANN,0.79,0.83821464
2023-06-03 23:00:00,co,PIIANN,0.965,0.80495673
2025-09-06 01:00:00,co,PIIANN,0.57,0.5827477
2025-10-05 16:00:00,co,PIIANN,0.69,0.5847202
2022-04-06 20:00:00,co,PIIANN,0.42,0.5958662
2023-03-12 15:00:00,co,PIIANN,1.05,0.7470476
2022-06-09 00:00:00,co,PIIANN,2.015,2.5259225
2022-01-09 13:00:00,co,PIIANN,0.91,0.8230094
2024-04-01 12:00:00,co,PIIANN,0.56,0.63221383
2022-02-07 15:00:00,co,PIIANN,0.685,0.77073425
2022-05-03 10:00:00,co,PIIANN,0.22000001,0.4017683
2022-04-10 17:00:00,co,PIIANN,0.68,0.51392406
2024-03-02 06:00:00,co,PIIANN,0.71,0.6167473
2022-10-05 06:00:00,co,PIIANN,0.11200003,0.39881077
2022-09-11 11:00:00,co,PIIANN,0.16000001,0.49926898
2024-10-02 02:00:00,co,PIIANN,0.56,0.63089895
2025-05-08 19:00:00,co,PIIANN,0.18000002,0.35016093
2022-10-02 07:00:00,co,PIIANN,0.68,0.61137253
2025-07-08 05:00:00,co,PIIANN,0.62,0.4404193
2022-05-03 09:00:00,co,PIIANN,0.22000001,0.4230062
2021-04-06 19:00:00,co,PIIANN,0.22000001,0.1539913
2025-06-01 21:00:00,co,PIIANN,0.82,0.7021744
2023-09-04 08:00:00,co,PIIANN,0.5375,1.2475548
2023-09-09 05:00:00,co,PIIANN,0.56,0.61075974
2021-12-10 19:00:00,co,PIIANN,0.96,0.79410577
2024-01-07 21:00:00,co,PIIANN,1.06,1.0757126
2021-07-05 07:00:00,co,PIIANN,0.08000003,0.17542662
2024-02-09 06:00:00,co,PIIANN,0.63,0.5870481
2025-08-02 15:00:00,co,PIIANN,0.44,0.53635675
2025-12-04 03:00:00,co,PIIANN,1.15,0.9462452
2023-01-11 17:00:00,co,PIIANN,0.95,0.76087904
2025-11-09 03:00:00,co,PIIANN,0.27,0.38504925
2023-08-05 19:00:00,co,PIIANN,1.04,0.8636455
2022-01-07 16:00:00,co,PIIANN,0.42,0.5043721
2021-03-11 13:00:00,co,PIIANN,1.08,0.47119388
2024-01-02 00:00:00,co,PIIANN,0.62,0.5783407
2024-11-06 04:00:00,co,PIIANN,0.47,0.49606034
2024-09-11 00:00:00,co,PIIANN,0.53,0.5815378
2022-04-12 03:00:00,co,PIIANN,0.56,0.49794713
2021-12-01 18:00:00,co,PIIANN,0.45,0.42899442
2022-10-06 04:00:00,co,PIIANN,0.42,0.4364291
2025-02-01 08:00:00,co,PIIANN,0.85,0.79555666
2025-04-08 22:00:00,co,PIIANN,0.28,0.37107524
2025-03-10 10:00:00,co,PIIANN,0.81,0.57316
2024-03-05 01:00:00,co,PIIANN,0.52,0.46920434
2022-02-09 03:00:00,co,PIIANN,0.46,0.48912576
2023-11-04 05:00:00,co,PIIANN,0.815,0.7132625
2022-12-06 21:00:00,co,PIIANN,0.15000005,0.33127597
2024-10-11 19:00:00,co,PIIANN,0.69,0.740447
2024-09-09 00:00:00,co,PIIANN,0.82,1.0382282
2022-01-03 05:00:00,co,PIIANN,0.56,0.5835583
2022-03-04 09:00:00,co,PIIANN,0.18000002,0.23216526
2024-08-11 08:00:00,co,PIIANN,0.62,0.7110042
2025-10-06 00:00:00,co,PIIANN,0.29,0.60383236
2021-04-01 17:00:00,co,PIIANN,0.38,0.3743852
2023-11-06 05:00:00,co,PIIANN,1.385,0.8880869
2023-08-11 12:00:00,co,PIIANN,0.53,0.7040973
2023-04-09 06:00:00,co,PIIANN,0.56,0.5977446
2022-10-01 13:00:00,co,PIIANN,0.56,0.37788057
2022-07-02 17:00:00,co,PIIANN,0.2,0.429389
2021-01-09 09:00:00,co,PIIANN,0.88,0.668138
2022-03-02 18:00:00,co,PIIANN,0.24,0.38886937
2022-02-07 17:00:00,co,PIIANN,1.36,0.6558904
2025-03-08 21:00:00,co,PIIANN,0.51,0.400971
2021-06-09 01:00:00,co,PIIANN,0.45,0.30286372
2024-12-11 07:00:00,co,PIIANN,0.7,0.6925316
2024-10-06 05:00:00,co,PIIANN,0.61,0.5153592
2022-10-02 06:00:00,co,PIIANN,0.58,0.51085365
2024-06-03 04:00:00,co,PIIANN,0.79,0.6471024
2025-11-07 13:00:00,co,PIIANN,0.56,0.5185174
2024-04-12 02:00:00,co,PIIANN,0.8027273,0.6723701
2021-07-05 06:00:00,co,PIIANN,0.11999996,0.166588
2021-02-08 12:00:00,co,PIIANN,0.25,0.25974792
2025-06-07 19:00:00,co,PIIANN,0.11,0.5149606
2024-12-09 18:00:00,co,PIIANN,0.79,0.72987634
2023-04-01 14:00:00,co,PIIANN,0.3725,0.40763876
2022-11-03 23:00:00,co,PIIANN,0.06999998,0.24811514
2023-11-08 14:00:00,co,PIIANN,0.605,0.60653174
2022-07-03 08:00:00,co,PIIANN,0.28,0.33115306
2024-07-06 12:00:00,co,PIIANN,0.62,0.6930873
2023-07-06 23:00:00,co,PIIANN,1.275,0.87073696
2025-09-11 10:00:00,co,PIIANN,0.63,0.67570525
2023-10-08 10:00:00,co,PIIANN,1.18,0.80272985
2022-05-03 16:00:00,co,PIIANN,1.18,0.46212852
2022-12-06 00:00:00,co,PIIANN,0.44,0.2445225
2025-01-01 09:00:00,co,PIIANN,0.76,0.7541718
2022-09-05 12:00:00,co,PIIANN,1.0,0.5598068
2023-06-10 17:00:00,co,PIIANN,0.5775,0.8364496
2022-12-07 13:00:00,co,PIIANN,0.89,0.4886274
2022-07-09 20:00:00,co,PIIANN,1.32,1.2372676
2021-05-08 15:00:00,co,PIIANN,0.45,0.2950906
2023-07-11 23:00:00,co,PIIANN,0.865,0.7146009
2021-12-03 17:00:00,co,PIIANN,0.56,0.49825525
2023-09-11 20:00:00,co,PIIANN,1.17,0.6310699
2025-05-06 14:00:00,co,PIIANN,0.46666667,0.46725
2022-11-09 18:00:00,co,PIIANN,0.44,0.47134346
2022-04-06 08:00:00,co,PIIANN,0.58,0.91023874
2021-10-07 23:00:00,co,PIIANN,0.6,0.55519545
2023-11-05 04:00:00,co,PIIANN,0.35499996,0.94537073
2023-05-09 03:00:00,co,PIIANN,0.56,0.5204902
2024-12-06 20:00:00,co,PIIANN,1.09,0.8110149
2023-01-01 19:00:00,co,PIIANN,0.3425,0.44996667
2023-01-09 17:00:00,co,PIIANN,0.4475,0.5153758
2021-09-12 10:00:00,co,PIIANN,0.38,0.5057609
2022-01-08 12:00:00,co,PIIANN,0.56,0.40647382
2025-05-08 09:00:00,co,PIIANN,0.57,0.5836605
2025-11-07 20:00:00,co,PIIANN,0.56,0.57365656
2024-07-11 09:00:00,co,PIIANN,0.96,0.8293472
2024-12-09 01:00:00,co,PIIANN,0.56,0.4755851
2023-01-09 23:00:00,co,PIIANN,0.11,0.39021006
2021-04-02 17:00:00,co,PIIANN,0.34,0.3673754
2021-10-08 00:00:00,co,PIIANN,0.24,0.5093406
2024-02-10 14:00:00,co,PIIANN,0.56,0.52251476
2021-07-01 18:00:00,co,PIIANN,0.43,0.37015757
2023-01-03 06:00:00,co,PIIANN,0.33,0.48604316
2021-11-06 05:00:00,co,PIIANN,0.18000002,0.22110845
2023-02-10 10:00:00,co,PIIANN,2.3000002,0.4514001
2024-02-12 00:00:00,co,PIIANN,0.56,0.81677055
2021-07-10 05:00:00,co,PIIANN,0.58,0.4855184
2022-11-08 06:00:00,co,PIIANN,0.79,0.7435071
2023-04-08 20:00:00,co,PIIANN,0.69,0.82611626
2021-01-11 03:00:00,co,PIIANN,0.32,0.23561467
2022-10-06 02:00:00,co,PIIANN,0.42,0.4555663
2021-11-06 10:00:00,co,PIIANN,0.16000001,0.2473212
2022-06-01 18:00:00,co,PIIANN,0.55,0.6007326
2024-01-01 16:00:00,co,PIIANN,0.56,0.61781466
2022-01-05 11:00:00,co,PIIANN,0.42,0.45776907
2025-01-08 16:00:00,co,PIIANN,0.83,0.62837416
2025-05-09 11:00:00,co,PIIANN,0.63,0.51629865
2022-03-02 10:00:00,co,PIIANN,0.41,0.723746
2025-05-07 03:00:00,co,PIIANN,0.88,0.5918077
2022-02-08 03:00:00,co,PIIANN,0.06999998,0.54619026
2025-02-06 16:00:00,co,PIIANN,0.43,0.5858678
2025-10-02 01:00:00,co,PIIANN,0.6,0.593551
2025-11-06 10:00:00,co,PIIANN,0.65,0.80621326
2021-09-10 11:00:00,co,PIIANN,0.51,0.578765
2024-12-10 01:00:00,co,PIIANN,0.6,0.4818069
2024-09-10 18:00:00,co,PIIANN,0.55,0.6271528
2024-02-03 15:00:00,co,PIIANN,0.62,0.58992183
2024-03-05 12:00:00,co,PIIANN,0.72,0.62480766
2023-12-02 01:00:00,co,PIIANN,0.4775,0.5555205
2021-05-06 22:00:00,co,PIIANN,0.32,0.16936074
2025-02-09 03:00:00,co,PIIANN,0.53,0.55044174
2024-05-09 23:00:00,co,PIIANN,0.84,0.8521551
2025-08-06 01:00:00,co,PIIANN,0.53,0.61898625
2025-11-08 12:00:00,co,PIIANN,0.42,0.6096446
2025-12-12 09:00:00,co,PIIANN,0.79,0.7714703
2023-07-11 22:00:00,co,PIIANN,0.85,0.6163887
2022-02-11 18:00:00,co,PIIANN,0.71,0.43946555
2022-01-10 07:00:00,co,PIIANN,0.26,0.41293937
2024-02-03 13:00:00,co,PIIANN,0.63,0.5649628
2023-03-06 08:00:00,co,PIIANN,0.9475,1.2673997
2021-05-01 12:00:00,co,PIIANN,0.78,0.74577177
2023-01-12 22:00:00,co,PIIANN,0.7,0.5381487
2022-06-02 00:00:00,co,PIIANN,0.26,0.34706044
2023-12-04 08:00:00,co,PIIANN,0.58666664,0.7727768
2023-12-02 17:00:00,co,PIIANN,0.285,0.37363252
2022-11-11 15:00:00,co,PIIANN,0.205,0.40802932
2023-04-11 05:00:00,co,PIIANN,0.6125,0.6604798
2024-04-08 13:00:00,co,PIIANN,1.08,0.7145693
2022-01-11 10:00:00,co,PIIANN,0.76,0.52633595
2021-07-02 22:00:00,co,PIIANN,0.36,0.40964472
2023-10-05 16:00:00,co,PIIANN,0.7325,0.60221773
2023-07-04 22:00:00,co,PIIANN,0.9275,0.63953525
2024-10-09 06:00:00,co,PIIANN,0.45,0.60143965
2021-11-02 09:00:00,co,PIIANN,0.87,0.7015991
2021-04-10 07:00:00,co,PIIANN,0.58,0.25855312
2023-02-03 05:00:00,co,PIIANN,1.025,0.78106445
2023-04-01 20:00:00,co,PIIANN,0.39,0.5079455
2025-12-03 07:00:00,co,PIIANN,0.74,0.5208441
2023-02-06 10:00:00,co,PIIANN,1.58,0.92653406
2024-10-08 09:00:00,co,PIIANN,0.74,0.69934493
2023-01-04 19:00:00,co,PIIANN,0.75,0.70746094
2022-06-07 20:00:00,co,PIIANN,0.35333332,0.40058288
2023-09-06 06:00:00,co,PIIANN,1.2025,1.1763967
2021-05-05 11:00:00,co,PIIANN,0.14000003,0.23219545
2025-06-05 07:00:00,co,PIIANN,0.715,0.54575884
2025-03-07 22:00:00,co,PIIANN,0.23,0.610784
2024-01-06 13:00:00,co,PIIANN,0.33,0.60356396
2023-09-08 08:00:00,co,PIIANN,0.65,0.7876889
2025-01-06 13:00:00,co,PIIANN,0.77,0.6057541
2025-12-02 18:00:00,co,PIIANN,0.68,0.533411
2023-10-12 22:00:00,co,PIIANN,0.5475,0.60429615
2021-11-08 01:00:00,co,PIIANN,0.39,0.42522326
2023-01-09 22:00:00,co,PIIANN,0.18666665,0.5200683
2025-07-05 18:00:00,co,PIIANN,0.28,0.47834635
2024-12-02 02:00:00,co,PIIANN,0.67,0.63217
2023-10-01 22:00:00,co,PIIANN,0.4875,0.57098866
2023-04-05 14:00:00,co,PIIANN,0.62,0.58103997
2025-01-01 16:00:00,co,PIIANN,0.73,0.5502181
2023-03-05 17:00:00,co,PIIANN,0.285,0.5823563
2024-10-09 14:00:00,co,PIIANN,0.54,0.54701096
2024-03-03 15:00:00,co,PIIANN,0.62,0.5658379
2022-10-03 06:00:00,co,PIIANN,0.67,0.6748824
2024-02-02 14:00:00,co,PIIANN,0.64,0.66447896
2025-08-06 12:00:00,co,PIIANN,0.83,0.8436447
2024-03-09 12:00:00,co,PIIANN,0.76,0.75473374
2024-12-07 00:00:00,co,PIIANN,0.47,0.6672265
2024-02-11 17:00:00,co,PIIANN,0.54,0.4833115
2024-12-03 10:00:00,co,PIIANN,0.74,0.7336196
2023-08-05 05:00:00,co,PIIANN,0.6675,0.67585194
2025-02-07 04:00:00,co,PIIANN,0.53,0.3972927
2024-02-01 11:00:00,co,PIIANN,0.56,0.63657564
2024-04-09 03:00:00,co,PIIANN,0.77,0.8325923
2025-09-06 17:00:00,co,PIIANN,0.53,0.7662204
2021-08-09 18:00:00,co,PIIANN,0.5,0.6156343
2023-01-02 07:00:00,co,PIIANN,0.3725,0.500957
2024-08-13 01:00:00,co,PIIANN,0.71969366,0.63023305
2023-08-03 01:00:00,co,PIIANN,0.57,0.45967752
2022-01-11 02:00:00,co,PIIANN,0.22000001,0.41450801
2025-06-01 16:00:00,co,PIIANN,0.61,0.6008398
2022-09-03 00:00:00,co,PIIANN,0.17,0.2786327
2022-03-03 10:00:00,co,PIIANN,0.32,0.523044
2022-06-06 09:00:00,co,PIIANN,0.3,0.4341443
2024-08-02 14:00:00,co,PIIANN,0.56,0.558175
2025-09-13 01:00:00,co,PIIANN,0.74949193,0.64563537
2021-08-04 18:00:00,co,PIIANN,0.3,0.41926447
2025-01-08 09:00:00,co,PIIANN,0.74,0.68517226
2021-04-05 00:00:00,co,PIIANN,0.14000003,0.29398206
2024-04-02 06:00:00,co,PIIANN,0.59,0.68171644
2022-04-02 20:00:00,co,PIIANN,0.3,0.3670787
2023-03-12 10:00:00,co,PIIANN,1.82,0.65797585
2021-11-11 03:00:00,co,PIIANN,0.36,0.39909557
2021-12-04 20:00:00,co,PIIANN,0.44,0.45771566
2025-07-03 23:00:00,co,PIIANN,0.48,0.5198413
2022-09-02 00:00:00,co,PIIANN,0.18000002,0.32097033
2021-09-06 00:00:00,co,PIIANN,0.24,0.17433928
2024-10-12 17:00:00,co,PIIANN,0.69,0.59300375
2022-11-04 20:00:00,co,PIIANN,0.43,1.2387258
2023-05-09 16:00:00,co,PIIANN,0.56,0.7029074
2024-02-03 04:00:00,co,PIIANN,0.72,0.613263
2021-06-10 05:00:00,co,PIIANN,0.36,0.36549482
2025-09-06 08:00:00,co,PIIANN,0.77,1.0398343
2022-08-09 06:00:00,co,PIIANN,0.39,0.42549863
2024-03-07 16:00:00,co,PIIANN,0.31,0.4006813
2023-09-03 02:00:00,co,PIIANN,0.7625,0.6831305
2023-03-03 10:00:00,co,PIIANN,2.915,0.6631295
2023-05-02 23:00:00,co,PIIANN,0.455,0.45227727
2025-09-09 20:00:00,co,PIIANN,0.24,0.30161935
2025-04-10 16:00:00,co,PIIANN,0.26,0.530154
2022-11-12 07:00:00,co,PIIANN,0.14000003,0.4896027
2024-11-01 16:00:00,co,PIIANN,0.66,0.6637683
2023-01-05 17:00:00,co,PIIANN,0.8125,0.68784505
2021-02-01 15:00:00,co,PIIANN,0.56,0.63165176
2025-02-11 03:00:00,co,PIIANN,0.25,0.40545776
2024-01-11 00:00:00,co,PIIANN,0.72,0.67764366
2024-10-12 02:00:00,co,PIIANN,0.66,0.5634723
2022-09-11 02:00:00,co,PIIANN,0.44,0.5944835
2023-11-09 14:00:00,co,PIIANN,0.56,0.5285134
2022-08-02 22:00:00,co,PIIANN,0.28,0.4342256
2024-10-02 22:00:00,co,PIIANN,0.69,0.6801672
2025-04-06 00:00:00,co,PIIANN,0.77666664,0.8014882
2022-07-11 12:00:00,co,PIIANN,0.55,1.2889299
2023-02-04 09:00:00,co,PIIANN,0.59,0.6233605
2025-11-02 01:00:00,co,PIIANN,0.62,0.6021274
2024-09-07 16:00:00,co,PIIANN,0.68,0.6566656
2025-01-05 01:00:00,co,PIIANN,0.73,0.5703199
2022-11-07 20:00:00,co,PIIANN,1.61,0.7298647
2025-10-09 23:00:00,co,PIIANN,0.57,0.61918783
2024-03-05 03:00:00,co,PIIANN,0.3,0.60831016
2022-12-08 15:00:00,co,PIIANN,0.44,0.5037999
2023-08-10 15:00:00,co,PIIANN,0.5275,0.5789749
2025-07-04 05:00:00,co,PIIANN,0.57,0.6179414
2025-09-09 21:00:00,co,PIIANN,0.55,0.3017721
2024-07-02 02:00:00,co,PIIANN,0.69,0.6389432
2021-02-13 00:00:00,co,PIIANN,0.52976626,0.4331798
2021-07-10 16:00:00,co,PIIANN,0.32,0.34603354
2023-09-04 19:00:00,co,PIIANN,0.615,0.60626274
2022-04-12 13:00:00,co,PIIANN,0.56,0.5510703
2022-11-05 03:00:00,co,PIIANN,0.39,0.5390973
2023-10-11 13:00:00,co,PIIANN,0.3325,0.7036538
2025-07-02 06:00:00,co,PIIANN,1.49,0.9553141
2022-04-11 00:00:00,co,PIIANN,0.75,1.2063084
2023-12-10 00:00:00,co,PIIANN,0.58,0.5311445
2021-01-11 02:00:00,co,PIIANN,0.26,0.22560467
2023-06-09 16:00:00,co,PIIANN,0.56,0.6096358
2021-11-11 06:00:00,co,PIIANN,0.34,0.4185862
2022-03-12 14:00:00,co,PIIANN,0.56,0.43312424
2024-11-04 02:00:00,co,PIIANN,0.64,0.5616204
2024-11-06 00:00:00,co,PIIANN,0.64,0.39360753
2023-06-06 13:00:00,co,PIIANN,1.1,0.65139014
2021-05-08 14:00:00,co,PIIANN,0.28,0.2619397
2023-09-03 15:00:00,co,PIIANN,0.6125,0.57084656
2024-01-03 08:00:00,co,PIIANN,0.62,0.7945003
2022-12-05 02:00:00,co,PIIANN,0.4,0.48814452
2021-01-04 16:00:00,co,PIIANN,0.42,0.26387215
2025-04-10 05:00:00,co,PIIANN,1.03,0.37670514
2022-11-01 19:00:00,co,PIIANN,0.11999996,0.41108957
2025-09-08 07:00:00,co,PIIANN,0.4,0.34445915
2025-01-07 11:00:00,co,PIIANN,0.34,0.80379033
2025-05-09 16:00:00,co,PIIANN,0.26,0.5391687
2024-10-11 22:00:00,co,PIIANN,0.78,0.6604556
2024-09-09 23:00:00,co,PIIANN,0.88,0.8419145
2022-03-09 20:00:00,co,PIIANN,0.18999998,0.89039886
2025-02-04 11:00:00,co,PIIANN,0.42,0.455962
2021-05-10 23:00:00,co,PIIANN,0.54,0.53396964
2023-09-05 21:00:00,co,PIIANN,0.61,0.7843466
2023-01-02 17:00:00,co,PIIANN,0.4525,0.44083828
2021-11-09 06:00:00,co,PIIANN,0.26,0.3526094
2024-03-04 06:00:00,co,PIIANN,0.58,0.7132915
2023-01-07 01:00:00,co,PIIANN,1.8121,1.4316041
2021-03-09 11:00:00,co,PIIANN,0.24,0.34038997
2023-08-03 20:00:00,co,PIIANN,0.72,0.6191459
2021-07-09 22:00:00,co,PIIANN,0.44,0.56447726
2023-03-10 10:00:00,co,PIIANN,2.34,0.7523857
2022-02-08 19:00:00,co,PIIANN,0.27,0.51604694
2025-02-11 12:00:00,co,PIIANN,0.42,0.50796247
2025-07-07 02:00:00,co,PIIANN,0.57,0.4632662
2023-10-11 22:00:00,co,PIIANN,0.6875,0.6991115
2022-02-05 14:00:00,co,PIIANN,0.11999996,0.6062641
2023-05-11 20:00:00,co,PIIANN,0.635,0.73744714
2025-03-06 18:00:00,co,PIIANN,0.27,0.37613735
2025-08-11 07:00:00,co,PIIANN,0.75,0.74597996
2022-08-03 15:00:00,co,PIIANN,0.69,0.80888635
2022-12-06 23:00:00,co,PIIANN,0.36,0.2688698
2025-11-04 02:00:00,co,PIIANN,0.77,0.66208506
2021-01-12 09:00:00,co,PIIANN,0.4,0.36317322
2021-10-11 16:00:00,co,PIIANN,0.49,0.54821104
2023-11-12 00:00:00,co,PIIANN,0.6475,0.6183423
2025-06-08 06:00:00,co,PIIANN,0.049999997,0.2612017
2023-04-03 11:00:00,co,PIIANN,0.4225,1.088944
2022-06-05 17:00:00,co,PIIANN,0.38,0.28871465
2024-12-07 03:00:00,co,PIIANN,0.54,0.5995492
2025-01-10 10:00:00,co,PIIANN,0.58,0.64915884
2024-03-03 22:00:00,co,PIIANN,0.66,0.6489343
2023-04-09 04:00:00,co,PIIANN,0.56,0.5763334
2023-09-11 13:00:00,co,PIIANN,0.43,0.9054905
2022-08-09 10:00:00,co,PIIANN,0.24,0.5186306
2025-08-06 17:00:00,co,PIIANN,0.57,0.6252078
2023-01-08 08:00:00,co,PIIANN,0.65,0.70659685
2021-10-10 20:00:00,co,PIIANN,1.88,1.2767193
2025-09-10 01:00:00,co,PIIANN,0.36,0.36096445
2024-05-06 08:00:00,co,PIIANN,0.79,0.7274189
2021-04-04 06:00:00,co,PIIANN,0.29,0.33901468
2021-04-04 23:00:00,co,PIIANN,0.29,0.32595322
2021-09-08 02:00:00,co,PIIANN,0.24,0.19459395
2025-07-04 22:00:00,co,PIIANN,0.14000003,0.30886275
2022-11-03 11:00:00,co,PIIANN,0.34,0.3696811
2024-02-04 20:00:00,co,PIIANN,0.67,0.69225067
2021-06-11 05:00:00,co,PIIANN,0.28,0.32345888
2025-08-05 08:00:00,co,PIIANN,0.46,0.3882799
2021-10-11 10:00:00,co,PIIANN,0.6,0.54727817
2024-04-11 20:00:00,co,PIIANN,0.74,0.86969435
2024-10-08 21:00:00,co,PIIANN,1.04,0.852983
2025-08-10 05:00:00,co,PIIANN,0.31,0.5367838
2022-10-11 22:00:00,co,PIIANN,0.21,0.45250726
2021-11-09 14:00:00,co,PIIANN,0.26,0.40256342
2024-10-07 13:00:00,co,PIIANN,0.46,0.4788407
2024-03-08 06:00:00,co,PIIANN,0.58,0.6365651
2021-03-04 13:00:00,co,PIIANN,0.24,0.4712661
2022-07-03 22:00:00,co,PIIANN,0.059999987,0.3084367
2022-10-11 04:00:00,co,PIIANN,0.29,0.4917315
2024-12-05 03:00:00,co,PIIANN,1.16,0.71785265
2025-01-02 16:00:00,co,PIIANN,0.66,0.57817006
2023-08-10 18:00:00,co,PIIANN,0.6275,0.5354989
2021-02-11 03:00:00,co,PIIANN,0.26,0.25849208
2022-12-12 01:00:00,co,PIIANN,0.11666663,0.33477253
2025-07-05 07:00:00,co,PIIANN,1.07,0.96265924
2024-10-08 03:00:00,co,PIIANN,0.42,0.5057726
2021-04-10 02:00:00,co,PIIANN,0.24,0.28799573
2024-12-02 22:00:00,co,PIIANN,0.64,0.6757939
2021-04-11 11:00:00,co,PIIANN,0.28,0.36504373
2023-08-09 09:00:00,co,PIIANN,0.56,0.6402115
2022-01-08 19:00:00,co,PIIANN,0.42,0.51460856
2024-09-02 05:00:00,co,PIIANN,0.74,0.61625034
2025-01-02 02:00:00,co,PIIANN,0.52,0.5392401
2024-05-06 01:00:00,co,PIIANN,0.65,0.53752977
2025-12-01 21:00:00,co,PIIANN,0.6,0.58829284
2025-09-03 17:00:00,co,PIIANN,0.22000001,0.28764176
2022-04-06 06:00:00,co,PIIANN,0.97333336,1.1464267
2025-05-04 22:00:00,co,PIIANN,0.31,0.5256469
2022-10-09 14:00:00,co,PIIANN,1.2466667,1.1156243
2022-11-12 12:00:00,co,PIIANN,0.175,0.3966185
2023-03-08 07:00:00,co,PIIANN,0.6875,0.67512715
2021-10-11 13:00:00,co,PIIANN,0.97,0.67854536
2025-09-12 16:00:00,co,PIIANN,0.68,0.5287951
2021-12-02 13:00:00,co,PIIANN,0.36,0.413626
2023-06-01 21:00:00,co,PIIANN,0.36,0.46740934
2025-08-08 16:00:00,co,PIIANN,0.48,0.47970986
2024-06-03 18:00:00,co,PIIANN,0.69,0.6256172
2022-08-02 09:00:00,co,PIIANN,0.45,0.59256005
2025-10-01 15:00:00,co,PIIANN,0.56,0.59391105
2024-06-07 02:00:00,co,PIIANN,0.17,0.37323323
2024-08-02 02:00:00,co,PIIANN,0.64,0.6383136
2023-10-10 14:00:00,co,PIIANN,0.67,0.7602215
2021-06-06 14:00:00,co,PIIANN,0.11,0.20058455
2025-02-08 01:00:00,co,PIIANN,0.27,0.42071444
2025-10-02 15:00:00,co,PIIANN,0.53,0.5089643
2024-08-05 14:00:00,co,PIIANN,0.55,0.6384968
2024-06-11 22:00:00,co,PIIANN,0.88,0.83125216
2021-11-07 19:00:00,co,PIIANN,0.17,0.33341357
2021-09-12 16:00:00,co,PIIANN,0.46,0.3850704
2025-03-03 02:00:00,co,PIIANN,0.6656,0.6964296
2021-12-10 07:00:00,co,PIIANN,0.28,0.2839714
2024-07-12 00:00:00,co,PIIANN,0.66,0.52621955
2023-09-12 13:00:00,co,PIIANN,0.7675,1.0550238
2024-12-12 16:00:00,co,PIIANN,0.57,0.69748664
2022-09-02 04:00:00,co,PIIANN,0.27,0.2638902
2023-01-05 14:00:00,co,PIIANN,1.05,0.8639642
2024-09-04 15:00:00,co,PIIANN,0.63,0.6313436
2024-06-10 17:00:00,co,PIIANN,0.69,0.714161
2022-02-12 15:00:00,co,PIIANN,0.56,0.57796484
2022-11-10 21:00:00,co,PIIANN,0.16000001,0.30473292
2022-01-08 23:00:00,co,PIIANN,0.55,0.40861192
2024-12-09 17:00:00,co,PIIANN,0.71,0.66014236
2024-05-10 21:00:00,co,PIIANN,0.96,0.86021614
2024-03-08 12:00:00,co,PIIANN,0.56,0.56510776
2023-09-05 11:00:00,co,PIIANN,0.47,0.7566549
2023-08-02 14:00:00,co,PIIANN,1.1975,0.45057502
2025-04-04 23:00:00,co,PIIANN,0.38,0.601665
2021-08-06 22:00:00,co,PIIANN,0.36,0.33146408
2023-02-01 14:00:00,co,PIIANN,0.6375,0.3516263
2022-10-12 18:00:00,co,PIIANN,0.08000003,0.28968155
2023-03-05 11:00:00,co,PIIANN,0.825,1.4424639
2023-06-11 01:00:00,co,PIIANN,0.7275,0.5216088
2023-01-04 02:00:00,co,PIIANN,0.8723077,0.4830904
2025-12-05 09:00:00,co,PIIANN,0.69,0.7465418
2021-05-07 02:00:00,co,PIIANN,0.09000002,0.20652284
2025-03-04 17:00:00,co,PIIANN,0.38,0.3882541
2024-08-06 14:00:00,co,PIIANN,0.99,0.71690696
2021-07-04 05:00:00,co,PIIANN,0.26,0.28394035
2021-06-05 04:00:00,co,PIIANN,0.08000003,0.116200045
2022-04-01 13:00:00,co,PIIANN,1.0,0.33039796
2024-03-04 00:00:00,co,PIIANN,0.62,0.586286
2022-11-07 14:00:00,co,PIIANN,0.56,0.62789184
2021-01-06 06:00:00,co,PIIANN,0.14000003,0.22684558
2024-03-02 20:00:00,co,PIIANN,0.65,0.73710454
2022-10-01 22:00:00,co,PIIANN,0.4,0.5196985
2021-12-12 15:00:00,co,PIIANN,0.3,0.5057743
2023-11-03 08:00:00,co,PIIANN,0.8225,0.7364881
2023-07-10 11:00:00,co,PIIANN,0.6475,0.6913859
2024-09-10 21:00:00,co,PIIANN,0.67,0.6291443
2023-06-05 19:00:00,co,PIIANN,0.9175,0.8457597
2021-06-08 00:00:00,co,PIIANN,0.24,0.16995864
2023-06-02 07:00:00,co,PIIANN,0.305,0.50106686
2024-01-03 02:00:00,co,PIIANN,0.64,0.65374196
2023-02-06 05:00:00,co,PIIANN,1.4166666,0.6246947
2025-12-09 23:00:00,co,PIIANN,0.48,0.5155751
2024-07-04 05:00:00,co,PIIANN,0.62,0.61781186
2025-08-06 06:00:00,co,PIIANN,0.52,0.40383443
2021-09-12 11:00:00,co,PIIANN,0.45,0.466136
2024-03-08 21:00:00,co,PIIANN,0.99,0.8520107
2024-08-03 15:00:00,co,PIIANN,0.62,0.5348709
2025-09-08 16:00:00,co,PIIANN,0.37,0.74445695
2024-12-06 13:00:00,co,PIIANN,0.51,0.552331
2023-02-01 15:00:00,co,PIIANN,0.605,0.4794097
2024-11-11 23:00:00,co,PIIANN,0.6,0.519414
2023-07-04 05:00:00,co,PIIANN,0.6175,0.6571097
2021-01-02 08:00:00,co,PIIANN,0.62,0.65065736
2024-09-04 08:00:00,co,PIIANN,0.61,0.77864146
2023-01-03 09:00:00,co,PIIANN,0.28,0.48813444
2024-02-09 18:00:00,co,PIIANN,0.78,0.7304165
2022-04-04 16:00:00,co,PIIANN,0.10000001,0.41139135
2025-07-11 18:00:00,co,PIIANN,0.55,0.86169726
2025-05-10 08:00:00,co,PIIANN,0.3,0.44385386
2021-11-03 19:00:00,co,PIIANN,0.56,0.5998105
2025-01-03 00:00:00,co,PIIANN,0.5394286,0.51689476
2024-06-04 00:00:00,co,PIIANN,0.6,0.6004273
2021-06-05 00:00:00,co,PIIANN,0.11999996,0.33315822
2024-08-01 19:00:00,co,PIIANN,0.73,0.6747638
2024-11-04 23:00:00,o3,PIIANN,6.17,8.53572
2023-12-12 18:00:00,o3,PIIANN,6.2225,5.3413916
2022-03-05 14:00:00,o3,PIIANN,30.72,36.638992
2021-01-09 14:00:00,o3,PIIANN,45.77,36.981647
2025-11-11 21:00:00,o3,PIIANN,16.12,17.499186
2024-09-03 01:00:00,o3,PIIANN,6.12,7.442932
2024-03-02 05:00:00,o3,PIIANN,5.6799994,7.5779877
2023-04-04 14:00:00,o3,PIIANN,13.62,13.058775
2023-03-12 04:00:00,o3,PIIANN,5.635,8.061347
2025-11-01 19:00:00,o3,PIIANN,33.56,36.86948
2025-08-03 19:00:00,o3,PIIANN,25.97,33.291016
2021-02-10 22:00:00,o3,PIIANN,14.51,15.469795
2021-07-07 18:00:00,o3,PIIANN,32.98,38.656284
2022-10-07 10:00:00,o3,PIIANN,1.7200004,4.7851114
2025-07-08 01:00:00,o3,PIIANN,13.678839,16.94016
2024-09-09 09:00:00,o3,PIIANN,24.75,25.900078
2025-01-04 19:00:00,o3,PIIANN,18.47,19.78878
2022-09-04 05:00:00,o3,PIIANN,16.07,15.685877
2024-02-03 05:00:00,o3,PIIANN,5.9799995,5.735777
2024-02-07 17:00:00,o3,PIIANN,45.13,41.96897
2025-12-04 04:00:00,o3,PIIANN,31.02,30.076468
2024-02-11 16:00:00,o3,PIIANN,14.11,14.28172
2025-12-10 23:00:00,o3,PIIANN,16.12,18.398151
2025-04-07 01:00:00,o3,PIIANN,17.69,21.095716
2023-11-01 09:00:00,o3,PIIANN,14.3075,15.87391
2025-09-01 23:00:00,o3,PIIANN,22.83,23.588974
2022-05-06 01:00:00,o3,PIIANN,13.18,12.503065
2021-02-02 08:00:00,o3,PIIANN,11.27,13.234345
2024-07-04 11:00:00,o3,PIIANN,5.4399996,10.088019
2021-04-05 23:00:00,o3,PIIANN,18.87,19.024887
2022-04-12 04:00:00,o3,PIIANN,16.12,17.333443
2024-12-09 08:00:00,o3,PIIANN,34.01,29.771416
2024-03-09 01:00:00,o3,PIIANN,32.83,24.32513
2024-05-03 12:00:00,o3,PIIANN,5.7299995,7.763131
2024-12-04 09:00:00,o3,PIIANN,5.1500006,8.883443
2024-02-07 11:00:00,o3,PIIANN,40.67,39.23624
2023-02-02 03:00:00,o3,PIIANN,12.28,12.518718
2025-01-09 18:00:00,o3,PIIANN,16.12,16.400866
2023-11-11 20:00:00,o3,PIIANN,5.83,2.190175
2021-01-07 04:00:00,o3,PIIANN,25.68,24.16554
2021-05-04 14:00:00,o3,PIIANN,31.46,23.263742
2025-10-03 14:00:00,o3,PIIANN,27.0,25.521482
2022-05-02 20:00:00,o3,PIIANN,21.26,21.649399
2024-10-09 10:00:00,o3,PIIANN,45.37,37.06032
2024-01-09 14:00:00,o3,PIIANN,50.47,43.59226
2024-08-06 00:00:00,o3,PIIANN,53.26,40.128746
2025-04-11 21:00:00,o3,PIIANN,16.12,15.937949
2024-07-09 19:00:00,o3,PIIANN,26.07,23.698997
2021-09-03 10:00:00,o3,PIIANN,18.48,19.379421
2022-11-02 03:00:00,o3,PIIANN,16.12,19.835625
2023-02-12 21:00:00,o3,PIIANN,5.635,7.5914507
2021-01-02 19:00:00,o3,PIIANN,18.33,15.372359
2022-07-06 01:00:00,o3,PIIANN,25.87,23.563604
2025-04-01 23:00:00,o3,PIIANN,10.83,20.566935
2025-05-12 15:00:00,o3,PIIANN,16.12,17.610708
2025-03-10 22:00:00,o3,PIIANN,16.12,18.233711
2022-03-09 13:00:00,o3,PIIANN,47.73,47.824192
2025-06-08 11:00:00,o3,PIIANN,16.12,21.163094
2024-03-05 19:00:00,o3,PIIANN,45.91,44.88916
2023-05-11 22:00:00,o3,PIIANN,0.51999956,4.116235
2025-01-07 14:00:00,o3,PIIANN,28.91,30.613798
2024-06-04 05:00:00,o3,PIIANN,6.2799997,6.728326
2022-02-10 08:00:00,o3,PIIANN,14.85,16.375212
2023-08-05 12:00:00,o3,PIIANN,13.2275,17.80383
2024-04-03 21:00:00,o3,PIIANN,6.0299997,6.1319914
2024-01-06 10:00:00,o3,PIIANN,49.59,52.08926
2022-10-02 13:00:00,o3,PIIANN,34.15,23.404032
2025-12-10 15:00:00,o3,PIIANN,16.12,20.816254
2024-09-07 05:00:00,o3,PIIANN,26.85,31.022678
2021-01-09 06:00:00,o3,PIIANN,16.32,18.173822
2023-04-01 13:00:00,o3,PIIANN,13.865,17.192883
2023-10-05 14:00:00,o3,PIIANN,13.965,15.726486
2023-02-10 11:00:00,o3,PIIANN,12.3475,9.146064
2023-09-04 17:00:00,o3,PIIANN,13.325,11.815977
2025-06-05 17:00:00,o3,PIIANN,30.82,32.512783
2022-04-08 08:00:00,o3,PIIANN,1.5199996,9.879649
2024-07-07 06:00:00,o3,PIIANN,26.61,29.951525
2024-08-01 14:00:00,o3,PIIANN,6.2199993,5.519578
2021-11-07 07:00:00,o3,PIIANN,21.12,19.710499
2023-09-09 06:00:00,o3,PIIANN,12.940001,13.253356
2024-01-06 09:00:00,o3,PIIANN,53.51,41.800934
2022-11-07 15:00:00,o3,PIIANN,16.12,24.752708
2022-10-07 19:00:00,o3,PIIANN,0.19999987,5.573262
2024-12-09 16:00:00,o3,PIIANN,57.62,57.468468
2024-01-03 03:00:00,o3,PIIANN,5.8099995,6.000247
2023-10-03 16:00:00,o3,PIIANN,2.6950006,4.7108145
2023-11-02 13:00:00,o3,PIIANN,14.9475,15.206841
2021-02-01 22:00:00,o3,PIIANN,20.73,28.684616
2025-03-09 18:00:00,o3,PIIANN,16.12,15.918433
2025-10-02 04:00:00,o3,PIIANN,14.31,12.503696
2021-08-08 05:00:00,o3,PIIANN,19.51,22.573511
2024-02-03 12:00:00,o3,PIIANN,5.9799995,9.011607
2024-06-10 01:00:00,o3,PIIANN,21.17,24.63182
2023-02-11 07:00:00,o3,PIIANN,0.9824992,2.7779741
2022-02-07 10:00:00,o3,PIIANN,4.12,18.619556
2021-02-07 13:00:00,o3,PIIANN,39.3,34.094032
2021-09-10 10:00:00,o3,PIIANN,17.84,18.893373
2021-05-11 17:00:00,o3,PIIANN,13.57,19.35666
2023-12-10 09:00:00,o3,PIIANN,9.75,13.558351
2025-02-09 17:00:00,o3,PIIANN,16.12,17.285849
2025-11-02 06:00:00,o3,PIIANN,28.62,25.23749
2025-02-12 11:00:00,o3,PIIANN,16.12,18.044336
2024-07-05 11:00:00,o3,PIIANN,53.85,36.841816
2022-09-01 09:00:00,o3,PIIANN,25.53,23.02191
2021-11-03 09:00:00,o3,PIIANN,15.19,17.670254
2024-06-11 06:00:00,o3,PIIANN,30.48,24.379545
2024-01-11 02:00:00,o3,PIIANN,11.5,17.567617
2023-01-06 04:00:00,o3,PIIANN,25.775,11.981257
2025-11-05 11:00:00,o3,PIIANN,56.26,51.502926
2021-10-01 20:00:00,o3,PIIANN,14.46,23.349615
2025-12-07 10:00:00,o3,PIIANN,19.6,16.534735
2022-06-02 04:00:00,o3,PIIANN,26.9,25.423656
2021-12-05 17:00:00,o3,PIIANN,24.06,23.60065
2022-10-07 08:00:00,o3,PIIANN,1.0933334,5.04084
2024-07-12 02:00:00,o3,PIIANN,7.1899996,10.061628
2022-09-05 13:00:00,o3,PIIANN,22.54,22.782286
2021-02-02 22:00:00,o3,PIIANN,23.72,19.570574
2024-07-03 05:00:00,o3,PIIANN,5.6399994,6.702423
2024-12-02 04:00:00,o3,PIIANN,5.4399996,8.257534
2021-07-03 12:00:00,o3,PIIANN,22.2,23.388208
2024-07-05 18:00:00,o3,PIIANN,28.86,31.36361
2024-01-09 10:00:00,o3,PIIANN,36.06,29.378086
2021-06-06 15:00:00,o3,PIIANN,38.66,36.238403
2022-11-04 08:00:00,o3,PIIANN,14.31,14.215484
2025-07-11 20:00:00,o3,PIIANN,16.12,15.897417
2024-07-07 23:00:00,o3,PIIANN,34.64,31.127565
2023-08-05 06:00:00,o3,PIIANN,13.4275,13.002249
2023-04-11 21:00:00,o3,PIIANN,1.5700008,3.8985987
2024-02-12 14:00:00,o3,PIIANN,26.56,26.436434
2021-08-08 15:00:00,o3,PIIANN,50.28,45.283936
2021-05-06 15:00:00,o3,PIIANN,19.06,26.857307
2024-10-03 09:00:00,o3,PIIANN,6.17,7.7513475
2022-05-06 06:00:00,o3,PIIANN,6.3199997,10.953919
2023-10-06 01:00:00,o3,PIIANN,12.2975,12.76875
2022-03-06 22:00:00,o3,PIIANN,15.14,20.09873
2023-11-06 04:00:00,o3,PIIANN,12.79,13.690349
2023-02-12 19:00:00,o3,PIIANN,6.0275,5.7019196
2023-02-05 04:00:00,o3,PIIANN,12.5925,13.729234
2022-12-05 14:00:00,o3,PIIANN,22.39,26.754288
2021-12-06 02:00:00,o3,PIIANN,18.77,31.205736
2022-01-12 16:00:00,o3,PIIANN,156.36,93.84611
2022-10-05 11:00:00,o3,PIIANN,24.35,18.238008
2025-09-05 01:00:00,o3,PIIANN,37.58,28.556673
2025-10-09 14:00:00,o3,PIIANN,16.12,18.127546
2022-06-04 19:00:00,o3,PIIANN,14.5,20.898333
2021-11-10 01:00:00,o3,PIIANN,15.24,13.573003
2024-06-07 09:00:00,o3,PIIANN,26.56,28.141392
2024-03-10 06:00:00,o3,PIIANN,14.75,17.686714
2023-03-04 06:00:00,o3,PIIANN,13.7225,15.527119
2021-10-01 12:00:00,o3,PIIANN,9.99,25.944296
2022-08-02 13:00:00,o3,PIIANN,34.11,33.08474
2025-08-09 16:00:00,o3,PIIANN,16.12,17.630259
2022-03-01 21:00:00,o3,PIIANN,35.13,33.08889
2024-12-10 17:00:00,o3,PIIANN,8.57,10.15039
2022-07-11 11:00:00,o3,PIIANN,13.23,16.892485
2021-01-07 08:00:00,o3,PIIANN,27.93,24.25882
2022-09-13 00:00:00,o3,PIIANN,13.957465,15.8373995
2023-05-05 08:00:00,o3,PIIANN,13.1825,14.147974
2025-01-08 07:00:00,o3,PIIANN,16.12,20.009035
2024-08-12 22:00:00,o3,PIIANN,7.5999994,8.832103
2021-04-11 07:00:00,o3,PIIANN,14.65,16.618612
2024-10-04 16:00:00,o3,PIIANN,5.58,7.0914307
2022-05-07 17:00:00,o3,PIIANN,16.12,12.712833
2021-05-04 20:00:00,o3,PIIANN,25.77,24.321138
2022-10-04 01:00:00,o3,PIIANN,14.55,12.089039
2022-05-12 02:00:00,o3,PIIANN,13.72,12.651038
2021-11-05 21:00:00,o3,PIIANN,22.54,17.402454
2024-06-03 16:00:00,o3,PIIANN,6.3199997,6.423993
2022-05-05 03:00:00,o3,PIIANN,17.45,11.647219
2025-02-10 20:00:00,o3,PIIANN,16.12,17.423296
2024-05-11 06:00:00,o3,PIIANN,7.5999994,9.735714
2021-04-05 18:00:00,o3,PIIANN,18.72,20.667843
2024-08-11 13:00:00,o3,PIIANN,26.41,25.473337
2024-02-07 18:00:00,o3,PIIANN,47.04,43.07967
2021-04-07 05:00:00,o3,PIIANN,21.9,24.740894
2025-04-11 18:00:00,o3,PIIANN,16.12,14.709421
2024-08-09 00:00:00,o3,PIIANN,27.24,25.040474
2022-08-09 20:00:00,o3,PIIANN,68.31,50.17151
2024-06-02 22:00:00,o3,PIIANN,6.0299997,5.260684
2022-02-05 15:00:00,o3,PIIANN,49.0,58.44641
2024-02-03 06:00:00,o3,PIIANN,5.54,5.5113516
2021-06-08 12:00:00,o3,PIIANN,30.62,29.087326
2024-12-06 23:00:00,o3,PIIANN,44.93,25.176126
2021-02-02 11:00:00,o3,PIIANN,20.24,20.377079
2025-11-07 03:00:00,o3,PIIANN,26.0,24.317896
2022-11-10 18:00:00,o3,PIIANN,15.14,15.461583
2022-04-08 21:00:00,o3,PIIANN,20.73,24.335888
2022-03-07 18:00:00,o3,PIIANN,4.3100004,16.045485
2022-01-05 18:00:00,o3,PIIANN,25.63,28.496386
2024-03-03 11:00:00,o3,PIIANN,6.08,9.269303
2022-03-03 00:00:00,o3,PIIANN,19.65,21.432228
2025-01-01 19:00:00,o3,PIIANN,32.64,29.132435
2022-03-06 06:00:00,o3,PIIANN,16.12,13.680678
2025-02-06 19:00:00,o3,PIIANN,49.44,39.286713
2025-05-06 15:00:00,o3,PIIANN,29.84,41.722256
2021-11-06 23:00:00,o3,PIIANN,22.49,18.830463
2023-05-09 20:00:00,o3,PIIANN,14.8975,14.1063175
2021-06-01 18:00:00,o3,PIIANN,26.12,17.890684
2022-10-01 15:00:00,o3,PIIANN,23.66,27.764389
2025-10-11 04:00:00,o3,PIIANN,16.12,19.98962
2023-10-06 14:00:00,o3,PIIANN,15.1425,12.413675
2023-04-09 02:00:00,o3,PIIANN,12.74,11.799954
2021-12-02 03:00:00,o3,PIIANN,8.87,15.301366
2021-02-09 09:00:00,o3,PIIANN,19.55,21.80362
2022-07-03 23:00:00,o3,PIIANN,21.26,19.362055
2022-04-02 21:00:00,o3,PIIANN,24.7,23.90693
2021-10-02 16:00:00,o3,PIIANN,24.25,23.1124
2024-03-07 00:00:00,o3,PIIANN,40.13,52.74012
2023-07-08 20:00:00,o3,PIIANN,13.23,12.3182125
2025-11-04 15:00:00,o3,PIIANN,45.47,53.193462
2022-12-08 08:00:00,o3,PIIANN,10.63,11.935384
2024-10-12 14:00:00,o3,PIIANN,39.15,35.15571
2024-11-05 03:00:00,o3,PIIANN,64.35,36.400707
2025-11-02 21:00:00,o3,PIIANN,20.04,23.541222
2024-09-09 08:00:00,o3,PIIANN,22.93,23.84219
2025-02-12 14:00:00,o3,PIIANN,16.12,16.424278
2022-12-03 03:00:00,o3,PIIANN,12.54,6.7601395
2023-12-04 12:00:00,o3,PIIANN,12.985001,15.638571
2022-12-10 08:00:00,o3,PIIANN,15.83,18.998695
2025-08-08 08:00:00,o3,PIIANN,16.12,16.246778
2023-08-03 22:00:00,o3,PIIANN,3.5749998,4.980611
2024-12-11 14:00:00,o3,PIIANN,10.19,10.854586
2025-05-01 23:00:00,o3,PIIANN,30.33,39.018013
2025-08-11 05:00:00,o3,PIIANN,16.12,19.984364
2024-05-02 05:00:00,o3,PIIANN,5.88,7.131194
2025-11-07 11:00:00,o3,PIIANN,23.86,28.660536
2022-01-11 00:00:00,o3,PIIANN,13.82,13.251453
2024-06-10 00:00:00,o3,PIIANN,28.22,18.508287
2021-01-06 08:00:00,o3,PIIANN,24.5,16.552017
2024-06-12 09:00:00,o3,PIIANN,8.82,10.700852
2022-10-12 05:00:00,o3,PIIANN,14.16,20.464315
2023-04-03 12:00:00,o3,PIIANN,3.9674997,7.992011
2021-08-11 22:00:00,o3,PIIANN,22.25,15.453544
2022-05-08 15:00:00,o3,PIIANN,29.35,21.693375
2021-02-05 07:00:00,o3,PIIANN,21.56,20.58522
2024-03-06 02:00:00,o3,PIIANN,64.42,57.30384
2023-07-11 09:00:00,o3,PIIANN,7.3999996,9.331648
2025-08-10 07:00:00,o3,PIIANN,16.12,18.012178
2023-10-05 07:00:00,o3,PIIANN,13.3775,14.584961
2022-07-03 10:00:00,o3,PIIANN,39.15,43.110416
2021-10-03 09:00:00,o3,PIIANN,18.33,27.868511
2021-09-04 06:00:00,o3,PIIANN,25.02421,25.69382
2025-06-04 11:00:00,o3,PIIANN,26.85,23.9295
2025-11-13 00:00:00,o3,PIIANN,16.12,20.22292
2024-05-06 05:00:00,o3,PIIANN,17.34,34.623745
2024-08-11 04:00:00,o3,PIIANN,17.2,18.58346
2025-09-09 17:00:00,o3,PIIANN,16.12,15.613818
2022-12-12 08:00:00,o3,PIIANN,13.62,15.325258
2023-02-05 09:00:00,o3,PIIANN,13.6225,15.639321
2022-08-10 10:00:00,o3,PIIANN,15.0,17.43415
2024-10-02 05:00:00,o3,PIIANN,5.6799994,8.327247
2021-12-09 03:00:00,o3,PIIANN,18.08,16.989283
2022-01-02 20:00:00,o3,PIIANN,25.92,24.875303
2021-01-08 07:00:00,o3,PIIANN,17.59,18.471092
2022-02-12 23:00:00,o3,PIIANN,14.4,14.933842
2022-09-11 12:00:00,o3,PIIANN,12.3,19.452711
2021-12-09 04:00:00,o3,PIIANN,17.15,17.130724
2021-03-10 11:00:00,o3,PIIANN,14.36,16.361143
2024-09-06 20:00:00,o3,PIIANN,35.42,35.16561
2022-09-03 01:00:00,o3,PIIANN,26.7,22.668678
2022-06-09 12:00:00,o3,PIIANN,25.82,26.420902
2024-11-03 11:00:00,o3,PIIANN,5.59,8.997539
2025-08-02 07:00:00,o3,PIIANN,8.33,9.9702015
2021-07-04 23:00:00,o3,PIIANN,32.24,26.950733
2025-02-11 05:00:00,o3,PIIANN,16.12,17.406181
2021-08-09 08:00:00,o3,PIIANN,18.08,17.60734
2024-09-08 01:00:00,o3,PIIANN,25.53,28.217928
2022-02-09 21:00:00,o3,PIIANN,95.21,71.8442
2022-06-07 03:00:00,o3,PIIANN,16.12,21.68738
2024-04-01 15:00:00,o3,PIIANN,5.29,8.759128
2021-03-10 15:00:00,o3,PIIANN,16.27,16.072529
2023-12-03 05:00:00,o3,PIIANN,3.0374994,6.379326
2024-10-08 14:00:00,o3,PIIANN,61.1,49.85578
2021-04-06 06:00:00,o3,PIIANN,27.54,18.652687
2021-02-01 17:00:00,o3,PIIANN,22.49,15.967653
2025-10-10 10:00:00,o3,PIIANN,16.12,20.148201
2023-11-06 19:00:00,o3,PIIANN,116.13,61.83033
2025-09-03 08:00:00,o3,PIIANN,18.82,12.747355
2025-09-01 09:00:00,o3,PIIANN,18.23,21.002703
2023-05-11 08:00:00,o3,PIIANN,1.1766673,3.3320036
2021-04-12 01:00:00,o3,PIIANN,18.87,17.775537
2024-04-08 22:00:00,o3,PIIANN,25.68,24.113493
2023-10-03 07:00:00,o3,PIIANN,3.1850004,7.0497847
2023-08-09 03:00:00,o3,PIIANN,13.98,12.40677
2021-07-11 12:00:00,o3,PIIANN,16.12,20.483658
2025-08-10 10:00:00,o3,PIIANN,16.12,20.60696
2024-02-07 23:00:00,o3,PIIANN,43.17,42.106487
2023-01-13 02:00:00,o3,PIIANN,5.4479923,5.137825
2021-06-02 05:00:00,o3,PIIANN,16.07,16.746897
2025-08-05 23:00:00,o3,PIIANN,31.8,32.28234
2022-12-04 19:00:00,o3,PIIANN,11.81,9.638607
2022-02-02 14:00:00,o3,PIIANN,32.68,31.062803
2024-09-07 10:00:00,o3,PIIANN,35.08,29.519047
2021-07-03 16:00:00,o3,PIIANN,21.61,20.189754
2022-08-10 16:00:00,o3,PIIANN,14.8,14.566531
2023-12-12 01:00:00,o3,PIIANN,6.2225,10.646576
2021-10-05 18:00:00,o3,PIIANN,15.63,50.772057
2025-07-06 11:00:00,o3,PIIANN,41.36,38.620987
2022-07-06 13:00:00,o3,PIIANN,24.06,27.792397
2025-05-05 01:00:00,o3,PIIANN,27.78,19.7739
2022-01-09 00:00:00,o3,PIIANN,25.33,17.74592
2024-05-07 05:00:00,o3,PIIANN,29.15,37.809746
2021-07-01 13:00:00,o3,PIIANN,33.72,22.608377
2021-02-04 13:00:00,o3,PIIANN,56.6,56.088
2021-05-01 14:00:00,o3,PIIANN,15.63,21.087048
2022-10-09 15:00:00,o3,PIIANN,12.0,16.5972
2024-09-02 04:00:00,o3,PIIANN,5.7799997,8.088009
2024-01-12 08:00:00,o3,PIIANN,24.65,24.544922
2024-06-09 14:00:00,o3,PIIANN,34.06,33.73899
2024-02-12 09:00:00,o3,PIIANN,17.84,14.851598
2024-04-02 11:00:00,o3,PIIANN,5.6799994,9.379861
2022-10-06 12:00:00,o3,PIIANN,19.16,22.25566
2025-12-07 23:00:00,o3,PIIANN,10.68,12.222659
2021-04-05 11:00:00,o3,PIIANN,22.15,23.112087
2022-01-02 19:00:00,o3,PIIANN,27.59,27.370445
2022-08-08 12:00:00,o3,PIIANN,13.13,18.515177
2022-06-08 07:00:00,o3,PIIANN,8.92,13.501868
2022-08-07 23:00:00,o3,PIIANN,1.080001,1.8048412
2021-12-09 15:00:00,o3,PIIANN,31.85,24.35257
2022-07-04 14:00:00,o3,PIIANN,18.57,22.98336
2021-01-04 14:00:00,o3,PIIANN,38.76,33.490982
2025-12-09 04:00:00,o3,PIIANN,16.12,19.417067
2024-04-02 12:00:00,o3,PIIANN,5.88,8.416368
2025-02-07 22:00:00,o3,PIIANN,11.81,18.64786
2021-07-10 09:00:00,o3,PIIANN,19.11,16.728079
2024-03-09 07:00:00,o3,PIIANN,24.5,27.431173
2023-02-02 08:00:00,o3,PIIANN,12.3475,15.281031
2024-09-08 00:00:00,o3,PIIANN,22.54,35.001205
2022-06-10 20:00:00,o3,PIIANN,14.21,11.579296
2025-09-05 15:00:00,o3,PIIANN,81.78,82.33005
2021-11-09 05:00:00,o3,PIIANN,18.18,17.939686
2022-11-08 05:00:00,o3,PIIANN,7.8899994,12.311642
2025-03-06 20:00:00,o3,PIIANN,18.03,28.665724
2021-06-06 08:00:00,o3,PIIANN,19.7,16.73073
2023-12-05 19:00:00,o3,PIIANN,13.035,12.830643
2023-11-02 05:00:00,o3,PIIANN,14.1625,13.2747135
2022-10-08 05:00:00,o3,PIIANN,9.85,13.162452
2025-12-07 05:00:00,o3,PIIANN,9.9,12.485348
2024-10-07 15:00:00,o3,PIIANN,73.45,75.15594
2022-08-01 23:00:00,o3,PIIANN,27.1,24.27134
2024-01-08 01:00:00,o3,PIIANN,35.87,37.258934
2021-02-08 11:00:00,o3,PIIANN,30.18,29.041832
2023-08-12 02:00:00,o3,PIIANN,6.9999743,7.3619547
2025-12-02 20:00:00,o3,PIIANN,12.93,17.663239
2022-11-08 12:00:00,o3,PIIANN,17.45,17.012472
2021-09-11 17:00:00,o3,PIIANN,28.22,31.13055
2021-05-01 19:00:00,o3,PIIANN,16.07,20.888575
2024-08-07 15:00:00,o3,PIIANN,50.03,53.569424
2022-12-06 19:00:00,o3,PIIANN,33.12,32.1792
2024-02-05 03:00:00,o3,PIIANN,100.55,64.50192
2022-11-09 16:00:00,o3,PIIANN,8.985714,9.814071
2023-08-05 20:00:00,o3,PIIANN,13.035,12.800141
2025-02-08 15:00:00,o3,PIIANN,16.12,17.802464
2025-10-11 20:00:00,o3,PIIANN,16.12,15.878208
2025-09-10 16:00:00,o3,PIIANN,16.12,18.786255
2021-10-07 16:00:00,o3,PIIANN,30.04,29.670374
2022-06-13 01:00:00,o3,PIIANN,13.983557,12.010357
2022-03-04 01:00:00,o3,PIIANN,19.01,20.109411
2021-06-10 23:00:00,o3,PIIANN,16.46,17.673927
2025-08-10 14:00:00,o3,PIIANN,16.12,18.06691
2024-12-11 16:00:00,o3,PIIANN,7.55,9.121796
2023-03-11 13:00:00,o3,PIIANN,1.080001,5.067586
2025-07-11 12:00:00,o3,PIIANN,16.12,19.20531
2021-05-03 00:00:00,o3,PIIANN,13.82,18.516335
2022-04-07 10:00:00,o3,PIIANN,16.12,19.246346
2025-01-07 02:00:00,o3,PIIANN,12.87,16.216316
2024-09-02 22:00:00,o3,PIIANN,5.83,7.013463
2022-02-02 22:00:00,o3,PIIANN,22.0,19.880919
2023-01-05 20:00:00,o3,PIIANN,12.937501,13.410265
2024-08-02 23:00:00,o3,PIIANN,6.3199997,5.564617
2025-01-10 20:00:00,o3,PIIANN,16.12,15.57178
2025-03-11 04:00:00,o3,PIIANN,16.12,17.663782
2024-07-03 14:00:00,o3,PIIANN,5.59,6.9001513
2021-01-04 03:00:00,o3,PIIANN,21.61,18.482065
2025-01-07 18:00:00,o3,PIIANN,18.92,25.038261
2021-06-05 20:00:00,o3,PIIANN,17.93,17.712685
2022-08-06 02:00:00,o3,PIIANN,13.502,12.252092
2021-10-02 14:00:00,o3,PIIANN,25.38,24.648596
2025-10-10 03:00:00,o3,PIIANN,16.12,18.013958
2022-07-06 08:00:00,o3,PIIANN,24.01,23.5894
2025-06-08 22:00:00,o3,PIIANN,16.12,18.685247
2021-09-04 11:00:00,o3,PIIANN,16.12,22.588684
2025-11-12 09:00:00,o3,PIIANN,16.12,25.781004
2024-08-11 07:00:00,o3,PIIANN,10.63,10.715256
2024-01-03 14:00:00,o3,PIIANN,5.6799994,8.354208
2021-12-12 02:00:00,o3,PIIANN,23.77,19.812737
2024-08-03 05:00:00,o3,PIIANN,5.83,5.5847597
2021-05-04 04:00:00,o3,PIIANN,29.84,29.330433
2023-08-03 07:00:00,o3,PIIANN,2.8399992,5.9140663
2021-02-07 11:00:00,o3,PIIANN,32.29,32.464897
2021-07-06 12:00:00,o3,PIIANN,28.76,30.002424
2023-06-06 14:00:00,o3,PIIANN,9.995,9.277359
2024-05-05 13:00:00,o3,PIIANN,68.9,49.818775
2021-07-02 23:00:00,o3,PIIANN,14.55,14.588495
2023-01-10 05:00:00,o3,PIIANN,12.3,13.03432
2023-07-03 06:00:00,o3,PIIANN,2.9875002,5.5534925
2022-11-08 11:00:00,o3,PIIANN,14.4,16.97983
2024-10-03 03:00:00,o3,PIIANN,6.2699995,8.544184
2022-10-09 17:00:00,o3,PIIANN,16.61,16.205881
2025-06-08 02:00:00,o3,PIIANN,16.836836,16.608303
2025-09-10 21:00:00,o3,PIIANN,16.12,18.639671
2025-08-03 00:00:00,o3,PIIANN,29.01,9.561716
2023-04-03 15:00:00,o3,PIIANN,2.9900007,6.0087404
2021-02-09 03:00:00,o3,PIIANN,29.25,25.409658
2025-11-08 15:00:00,o3,PIIANN,16.12,17.580072
2023-06-03 06:00:00,o3,PIIANN,3.1349993,4.6063337
2022-10-08 17:00:00,o3,PIIANN,15.04,15.003506
2024-12-09 06:00:00,o3,PIIANN,23.81,25.213852
2024-07-06 02:00:00,o3,PIIANN,26.72,32.373783
2024-12-08 19:00:00,o3,PIIANN,99.32,81.003456
2024-08-04 12:00:00,o3,PIIANN,5.2,9.748018
2022-05-08 09:00:00,o3,PIIANN,16.12,18.202206
2024-06-06 23:00:00,o3,PIIANN,32.05,28.111965
2025-01-03 02:00:00,o3,PIIANN,16.54,17.429976
2024-12-13 02:00:00,o3,PIIANN,44.3337,39.676777
2022-11-01 14:00:00,o3,PIIANN,19.84,21.857862
2024-11-06 10:00:00,o3,PIIANN,34.79,38.47505
2021-09-12 02:00:00,o3,PIIANN,16.71,19.239721
2023-11-08 16:00:00,o3,PIIANN,12.59,14.706675
2022-08-10 11:00:00,o3,PIIANN,14.8,16.984268
2025-08-09 10:00:00,o3,PIIANN,16.12,22.100742
2024-03-10 18:00:00,o3,PIIANN,16.46,28.2963
2022-03-03 15:00:00,o3,PIIANN,18.53,15.489551
2021-11-11 02:00:00,o3,PIIANN,38.32,26.593115
2023-12-08 17:00:00,o3,PIIANN,13.425,14.060139
2021-05-10 15:00:00,o3,PIIANN,15.09,17.553429
2025-08-10 20:00:00,o3,PIIANN,16.12,16.335922
2021-11-03 23:00:00,o3,PIIANN,17.0,17.88232
2025-01-08 00:00:00,o3,PIIANN,14.182079,15.253626
2021-08-09 22:00:00,o3,PIIANN,20.53,19.670853
2024-06-09 16:00:00,o3,PIIANN,32.14,31.296394
2022-08-03 09:00:00,o3,PIIANN,31.7,21.012411
2023-03-04 03:00:00,o3,PIIANN,13.2,11.844875
2025-03-12 06:00:00,o3,PIIANN,16.12,18.21432
2025-08-12 12:00:00,o3,PIIANN,16.12,21.581747
2024-10-08 04:00:00,o3,PIIANN,31.41,27.848076
2021-04-08 21:00:00,o3,PIIANN,19.26,19.60321
2025-08-08 07:00:00,o3,PIIANN,16.12,18.07518
2025-02-11 02:00:00,o3,PIIANN,16.12,16.76686
2021-11-04 23:00:00,o3,PIIANN,18.38,18.371786
2023-10-02 22:00:00,o3,PIIANN,13.425,12.783544
2022-10-10 12:00:00,o3,PIIANN,13.58,14.813566
2021-08-08 06:00:00,o3,PIIANN,17.94,20.228676
2022-03-05 12:00:00,o3,PIIANN,43.32,41.955723
2024-09-10 05:00:00,o3,PIIANN,6.2699995,8.021077
2025-05-11 15:00:00,o3,PIIANN,16.12,17.36972
2021-12-09 17:00:00,o3,PIIANN,30.18,30.681671
2025-01-10 07:00:00,o3,PIIANN,16.12,18.075563
2021-03-03 02:00:00,o3,PIIANN,18.9525,18.807457
2023-07-01 12:00:00,o3,PIIANN,15.385,16.07233
2025-10-05 03:00:00,o3,PIIANN,35.74,33.07488
2024-04-08 11:00:00,o3,PIIANN,48.56,42.955593
2025-09-04 15:00:00,o3,PIIANN,13.57,14.313737
2025-03-06 08:00:00,o3,PIIANN,19.84,17.531397
2021-08-10 17:00:00,o3,PIIANN,20.44,18.476685
2024-09-02 11:00:00,o3,PIIANN,6.0299997,10.77034
2024-10-04 18:00:00,o3,PIIANN,5.9299994,7.2677298
2024-03-02 22:00:00,o3,PIIANN,5.6799994,6.44199
2024-10-12 03:00:00,o3,PIIANN,21.43,22.618576
2025-10-06 04:00:00,o3,PIIANN,20.19,24.232557
2025-07-05 23:00:00,o3,PIIANN,39.25,39.44134
2025-10-06 18:00:00,o3,PIIANN,41.8,42.854332
2023-10-02 01:00:00,o3,PIIANN,14.9425,15.823977
2024-01-05 07:00:00,o3,PIIANN,54.49,44.638664
2025-07-07 00:00:00,o3,PIIANN,17.59,42.250355
2022-12-09 21:00:00,o3,PIIANN,14.8,17.352596
2023-07-09 01:00:00,o3,PIIANN,13.7175,12.61629
2023-06-03 17:00:00,o3,PIIANN,3.87,4.263894
2024-01-01 09:00:00,o3,PIIANN,5.9299994,7.1567097
2022-05-04 21:00:00,o3,PIIANN,8.87,14.332224
2024-11-05 20:00:00,o3,PIIANN,43.81,42.72792
2022-12-06 16:00:00,o3,PIIANN,40.57,28.192902
2024-12-12 01:00:00,o3,PIIANN,22.54,14.738558
2021-02-10 09:00:00,o3,PIIANN,15.68,15.897468
2022-08-05 00:00:00,o3,PIIANN,27.24,11.718515
2021-08-08 08:00:00,o3,PIIANN,25.78,21.888592
2021-12-08 03:00:00,o3,PIIANN,30.52,23.230667
2021-09-02 03:00:00,o3,PIIANN,10.58,19.236582
2021-10-10 12:00:00,o3,PIIANN,17.59,21.000051
2021-10-01 17:00:00,o3,PIIANN,16.37,18.346321
2025-11-06 07:00:00,o3,PIIANN,24.6,24.441933
2022-07-11 05:00:00,o3,PIIANN,14.11,14.927528
2022-11-10 03:00:00,o3,PIIANN,16.01,14.865172
2025-08-01 16:00:00,o3,PIIANN,27.24,25.507858
2021-03-07 04:00:00,o3,PIIANN,19.55,17.366116
2021-01-05 13:00:00,o3,PIIANN,13.52,33.257576
2023-01-06 06:00:00,o3,PIIANN,21.265,29.881779
2023-08-02 05:00:00,o3,PIIANN,14.455,11.016007
2023-01-09 09:00:00,o3,PIIANN,13.0325,14.838946
2023-05-08 07:00:00,o3,PIIANN,13.0825,13.965899
2025-01-05 14:00:00,o3,PIIANN,32.73,28.27696
2024-07-08 14:00:00,o3,PIIANN,44.24,38.900024
2021-02-02 02:00:00,o3,PIIANN,15.39,15.022766
2024-10-07 01:00:00,o3,PIIANN,37.09,32.853096
2022-02-02 23:00:00,o3,PIIANN,20.63,19.22287
2024-02-06 09:00:00,o3,PIIANN,56.06,40.886604
2023-05-10 06:00:00,o3,PIIANN,10.88,11.484136
2022-07-09 06:00:00,o3,PIIANN,16.12,5.230582
2023-08-04 17:00:00,o3,PIIANN,13.3775,13.332273
2022-11-03 14:00:00,o3,PIIANN,28.76,29.544968
2025-07-10 21:00:00,o3,PIIANN,16.12,15.920359
2021-10-08 10:00:00,o3,PIIANN,34.2,26.47816
2023-02-04 20:00:00,o3,PIIANN,13.13,13.014625
2024-07-09 02:00:00,o3,PIIANN,25.61,18.917994
2022-01-03 21:00:00,o3,PIIANN,8.53,9.742762
2025-12-10 17:00:00,o3,PIIANN,16.12,17.794561
2024-12-04 23:00:00,o3,PIIANN,4.8500004,8.22215
2022-01-01 16:00:00,o3,PIIANN,31.41,32.925877
2021-12-04 17:00:00,o3,PIIANN,19.94,19.709978
2023-03-01 18:00:00,o3,PIIANN,13.72,13.511211
2025-08-09 03:00:00,o3,PIIANN,16.12,18.493258
2024-02-11 20:00:00,o3,PIIANN,4.8999996,7.6328506
2024-06-01 11:00:00,o3,PIIANN,5.83,5.3992443
2021-12-08 18:00:00,o3,PIIANN,20.44,23.933908
2021-02-10 11:00:00,o3,PIIANN,16.66,16.877237
2025-12-12 21:00:00,o3,PIIANN,16.12,19.339973
2025-05-10 15:00:00,o3,PIIANN,16.12,16.999823
2024-10-10 18:00:00,o3,PIIANN,10.04,14.140062
2024-11-03 19:00:00,o3,PIIANN,6.0299997,6.832473
2024-10-09 19:00:00,o3,PIIANN,37.39,37.272606
2023-06-07 02:00:00,o3,PIIANN,13.5761,13.540929
2023-04-08 14:00:00,o3,PIIANN,12.6425,14.212611
2025-01-01 14:00:00,o3,PIIANN,44.59,35.248325
2022-02-09 18:00:00,o3,PIIANN,80.46,47.588184
2022-08-12 09:00:00,o3,PIIANN,14.9,18.342419
2024-11-09 05:00:00,o3,PIIANN,26.8,27.057713
2021-07-05 15:00:00,o3,PIIANN,21.27,22.148472
2022-06-03 09:00:00,o3,PIIANN,32.58,29.395733
2024-11-08 06:00:00,o3,PIIANN,31.16,36.995552
2021-05-03 02:00:00,o3,PIIANN,17.1,18.057865
2021-03-05 07:00:00,o3,PIIANN,19.55,18.943722
2021-04-02 05:00:00,o3,PIIANN,16.95,21.744505
2025-12-04 19:00:00,o3,PIIANN,69.92,59.797356
2025-09-02 16:00:00,o3,PIIANN,29.94,28.099037
2021-07-09 15:00:00,o3,PIIANN,23.22,21.497156
2022-04-10 14:00:00,o3,PIIANN,17.39,13.499009
2025-06-06 06:00:00,o3,PIIANN,24.01,31.374441
2023-05-03 03:00:00,o3,PIIANN,4.1799994,4.3029833
2023-11-06 17:00:00,o3,PIIANN,170.91,92.91848
2022-03-11 16:00:00,o3,PIIANN,13.32,15.581173
2021-06-08 08:00:00,o3,PIIANN,20.72,18.869753
2023-03-03 14:00:00,o3,PIIANN,3.5966673,7.24609
2024-06-06 15:00:00,o3,PIIANN,56.5,55.196007
2024-11-05 21:00:00,o3,PIIANN,38.66,41.069477
2022-01-02 16:00:00,o3,PIIANN,33.66,32.621117
2024-12-11 18:00:00,o3,PIIANN,4.8500004,8.944767
2025-03-09 06:00:00,o3,PIIANN,16.12,18.366
2023-02-11 06:00:00,o3,PIIANN,0.9299994,2.5583029
2022-04-02 13:00:00,o3,PIIANN,33.47,42.83274
2024-02-10 00:00:00,o3,PIIANN,11.91,38.279648
2021-09-08 14:00:00,o3,PIIANN,49.1,47.29476
2023-08-10 11:00:00,o3,PIIANN,7.545,12.850755
2024-05-06 06:00:00,o3,PIIANN,23.86,23.87538
2022-05-09 19:00:00,o3,PIIANN,11.86,10.819084
2021-03-09 23:00:00,o3,PIIANN,17.44,14.963417
2025-03-01 20:00:00,o3,PIIANN,36.26,28.607132
2025-03-08 01:00:00,o3,PIIANN,12.794178,15.935335
2021-12-10 00:00:00,o3,PIIANN,16.95,17.118954
2021-07-12 11:00:00,o3,PIIANN,26.61,24.161242
2024-11-08 02:00:00,o3,PIIANN,32.8,31.785461
2022-09-02 10:00:00,o3,PIIANN,38.91,41.716076
2022-05-09 11:00:00,o3,PIIANN,4.950001,16.300863
2021-10-10 13:00:00,o3,PIIANN,21.36,20.18885
2023-12-01 13:00:00,o3,PIIANN,13.87,16.640173
2023-03-11 07:00:00,o3,PIIANN,0.63749987,4.988125
2022-09-04 20:00:00,o3,PIIANN,13.23,15.702245
2025-03-09 12:00:00,o3,PIIANN,16.12,20.340921
2023-01-12 12:00:00,o3,PIIANN,5.9299994,7.6775913
2022-06-09 05:00:00,o3,PIIANN,69.82,44.900917
2023-03-02 09:00:00,o3,PIIANN,13.62,13.747262
2023-01-08 21:00:00,o3,PIIANN,13.965,12.957927
2022-04-06 10:00:00,o3,PIIANN,45.57,18.449823
2023-08-11 10:00:00,o3,PIIANN,6.8099995,11.552918
2025-11-08 03:00:00,o3,PIIANN,16.12,25.761053
2022-05-09 18:00:00,o3,PIIANN,10.83,9.934628
2022-04-01 14:00:00,o3,PIIANN,53.46,42.912544
2024-09-10 10:00:00,o3,PIIANN,17.59,17.522442
2022-12-02 04:00:00,o3,PIIANN,22.74,23.034136
2022-05-03 00:00:00,o3,PIIANN,11.17,22.88318
2023-06-03 02:00:00,o3,PIIANN,3.1366663,4.810505
2022-02-02 11:00:00,o3,PIIANN,33.32,29.667519
2021-09-06 02:00:00,o3,PIIANN,15.63,20.441622
2021-11-12 14:00:00,o3,PIIANN,25.19,21.558115
2021-11-09 09:00:00,o3,PIIANN,17.49,19.79992
2022-11-03 07:00:00,o3,PIIANN,11.86,12.626405
2022-12-04 08:00:00,o3,PIIANN,10.98,13.871865
2022-02-03 05:00:00,o3,PIIANN,8.14,9.72391
2024-10-02 03:00:00,o3,PIIANN,5.6799994,10.102071
2024-04-11 09:00:00,o3,PIIANN,9.26,9.101299
2021-01-09 10:00:00,o3,PIIANN,21.26,20.742847
2022-09-03 11:00:00,o3,PIIANN,50.96,32.012024
2021-06-05 09:00:00,o3,PIIANN,19.26,23.121243
2025-05-03 22:00:00,o3,PIIANN,5.6799994,14.260411
2021-03-11 08:00:00,o3,PIIANN,15.29,13.908353
2021-05-07 10:00:00,o3,PIIANN,28.96,26.696999
2021-01-02 03:00:00,o3,PIIANN,15.48,13.331199
2025-08-04 23:00:00,o3,PIIANN,9.21,8.761089
2025-10-07 05:00:00,o3,PIIANN,13.38,14.978109
2024-02-11 11:00:00,o3,PIIANN,12.2,18.171774
2025-09-02 00:00:00,o3,PIIANN,12.84,19.565956
2021-10-09 16:00:00,o3,PIIANN,21.8,23.558487
2023-06-01 22:00:00,o3,PIIANN,13.3775,14.72849
2024-10-07 10:00:00,o3,PIIANN,42.24,64.547806
2021-08-12 20:00:00,o3,PIIANN,18.08,18.214151
2021-06-07 14:00:00,o3,PIIANN,46.3,46.096066
2022-11-11 11:00:00,o3,PIIANN,15.24,12.979788
2022-11-02 18:00:00,o3,PIIANN,32.24,27.892849
2021-08-02 21:00:00,o3,PIIANN,12.940001,13.380826
2025-07-11 17:00:00,o3,PIIANN,16.12,17.860645
2021-09-04 07:00:00,o3,PIIANN,27.118422,27.74636
2025-12-11 06:00:00,o3,PIIANN,16.12,19.772934
2025-03-03 01:00:00,o3,PIIANN,7.8068,8.854182
2025-10-08 21:00:00,o3,PIIANN,16.12,17.246696
2021-11-04 13:00:00,o3,PIIANN,18.57,22.526129
2023-02-12 13:00:00,o3,PIIANN,5.5374994,7.1965446
2021-11-12 19:00:00,o3,PIIANN,23.22,22.882168
2022-06-11 07:00:00,o3,PIIANN,13.28,15.989891
2021-10-08 22:00:00,o3,PIIANN,23.42,24.920149
2021-01-11 01:00:00,o3,PIIANN,16.12,13.628316
2024-11-02 00:00:00,o3,PIIANN,5.9799995,0.776805
2024-07-10 23:00:00,o3,PIIANN,24.65,21.46553
2025-08-11 00:00:00,o3,PIIANN,16.12,17.588276
2022-09-02 17:00:00,o3,PIIANN,36.65,38.095463
2025-09-07 06:00:00,o3,PIIANN,9.26,13.736497
2023-11-11 13:00:00,o3,PIIANN,5.9775,5.638281
2025-04-10 00:00:00,o3,PIIANN,16.12,17.133556
2021-07-04 21:00:00,o3,PIIANN,29.55,27.14612
2021-06-06 01:00:00,o3,PIIANN,26.07,21.826714
2021-03-05 04:00:00,o3,PIIANN,20.87,20.348738
2022-12-10 04:00:00,o3,PIIANN,14.36,15.910592
2021-11-08 20:00:00,o3,PIIANN,41.06,36.862473
2022-04-05 12:00:00,o3,PIIANN,20.58,27.230434
2024-03-07 07:00:00,o3,PIIANN,27.2,29.58741
2024-07-08 07:00:00,o3,PIIANN,26.22,29.66464
2024-04-04 22:00:00,o3,PIIANN,5.74,9.525934
2024-11-08 03:00:00,o3,PIIANN,39.46,32.373466
2021-12-09 18:00:00,o3,PIIANN,28.47,29.648886
2024-09-01 23:00:00,o3,PIIANN,6.08,6.062149
2025-11-08 19:00:00,o3,PIIANN,16.12,17.262337
2024-02-11 12:00:00,o3,PIIANN,10.78,15.32351
2022-04-10 18:00:00,o3,PIIANN,15.34,13.241454
2021-02-06 03:00:00,o3,PIIANN,11.12,14.97969
2025-11-05 15:00:00,o3,PIIANN,42.19,44.54319
2024-04-07 14:00:00,o3,PIIANN,46.99,44.571884
2025-04-01 11:00:00,o3,PIIANN,44.3,33.201023
2022-02-07 06:00:00,o3,PIIANN,16.9,13.740677
2024-04-12 01:00:00,o3,PIIANN,17.0,14.418791
2023-01-05 04:00:00,o3,PIIANN,12.64,13.786086
2023-10-08 23:00:00,o3,PIIANN,13.915,15.115972
2022-01-05 15:00:00,o3,PIIANN,34.4,37.64343
2025-04-02 09:00:00,o3,PIIANN,9.41,11.164274
2021-02-06 10:00:00,o3,PIIANN,34.2,22.554073
2021-01-06 18:00:00,o3,PIIANN,37.49,39.731422
2025-12-05 12:00:00,o3,PIIANN,75.85,57.67414
2021-11-10 10:00:00,o3,PIIANN,16.96,18.732405
2024-02-02 11:00:00,o3,PIIANN,5.83,7.197818
2022-04-09 16:00:00,o3,PIIANN,10.44,13.84162
2024-03-06 06:00:00,o3,PIIANN,36.26,43.500435
2024-04-12 03:00:00,o3,PIIANN,15.16,16.270721
2025-10-01 16:00:00,o3,PIIANN,32.78,35.53041
2022-09-05 21:00:00,o3,PIIANN,24.4,19.632866
2021-07-05 10:00:00,o3,PIIANN,21.7,22.7285
2024-06-07 08:00:00,o3,PIIANN,25.43,24.632444
2023-09-01 11:00:00,o3,PIIANN,14.1625,18.446253
2024-02-08 19:00:00,o3,PIIANN,31.6,63.95354
2025-10-07 03:00:00,o3,PIIANN,15.09,12.916203
2023-11-05 01:00:00,o3,PIIANN,13.23,12.638073
2021-08-01 09:00:00,o3,PIIANN,17.44,16.724619
2022-06-01 13:00:00,o3,PIIANN,28.22,28.58992
2023-05-01 23:00:00,o3,PIIANN,13.5225,13.783701
2021-10-05 10:00:00,o3,PIIANN,30.23,35.759865
2025-09-02 05:00:00,o3,PIIANN,8.23,10.91245
2024-08-06 05:00:00,o3,PIIANN,26.6,24.679207
2022-07-03 05:00:00,o3,PIIANN,34.89,31.07994
2023-03-06 07:00:00,o3,PIIANN,6.92,6.033085
2021-12-03 13:00:00,o3,PIIANN,20.73,21.694872
2024-04-09 05:00:00,o3,PIIANN,25.53,23.054266
2025-10-01 13:00:00,o3,PIIANN,45.41,33.830177
2023-12-03 03:00:00,o3,PIIANN,4.3133326,4.296666
2023-10-08 17:00:00,o3,PIIANN,12.495,13.8069515
2022-05-05 20:00:00,o3,PIIANN,15.98,15.645584
2021-06-03 06:00:00,o3,PIIANN,13.77,14.766465
2021-01-02 14:00:00,o3,PIIANN,18.33,17.430344
2024-10-03 14:00:00,o3,PIIANN,5.7299995,8.7922535
2022-07-05 19:00:00,o3,PIIANN,26.31,32.910816
2022-07-07 14:00:00,o3,PIIANN,15.09,41.753586
2023-02-03 20:00:00,o3,PIIANN,3.9700003,0.9928027
2025-05-06 04:00:00,o3,PIIANN,16.27,19.242117
2025-08-01 17:00:00,o3,PIIANN,32.83,25.836376
2022-04-09 04:00:00,o3,PIIANN,73.21,38.98737
2024-03-12 23:00:00,o3,PIIANN,19.26,18.176874
2022-02-09 14:00:00,o3,PIIANN,33.62,42.795334
2024-01-01 10:00:00,o3,PIIANN,5.7799997,8.231656
2021-10-07 17:00:00,o3,PIIANN,27.98,28.479305
2022-01-04 00:00:00,o3,PIIANN,18.43,4.4185877
2024-07-10 16:00:00,o3,PIIANN,29.54,29.52321
2023-11-03 05:00:00,o3,PIIANN,3.085,5.6990604
2021-09-06 21:00:00,o3,PIIANN,27.1,26.389729
2024-01-11 14:00:00,o3,PIIANN,25.14,26.339869
2022-04-01 16:00:00,o3,PIIANN,49.34,45.787582
2023-01-11 10:00:00,o3,PIIANN,0.58999926,2.539218
2025-01-07 04:00:00,o3,PIIANN,10.73,15.453212
2024-09-12 13:00:00,o3,PIIANN,24.6,29.230871
2025-05-10 05:00:00,o3,PIIANN,16.12,18.056076
2021-02-09 12:00:00,o3,PIIANN,18.96,21.42495
2021-01-10 09:00:00,o3,PIIANN,16.71,20.086512
2022-09-08 16:00:00,o3,PIIANN,11.91,12.23973
2023-07-08 10:00:00,o3,PIIANN,13.23,15.635037
2023-09-03 04:00:00,o3,PIIANN,3.5274992,4.076337
2024-05-09 05:00:00,o3,PIIANN,27.34,31.98125
2023-06-11 17:00:00,o3,PIIANN,0.3900004,3.6485128
2022-07-03 07:00:00,o3,PIIANN,31.41,33.685978
2022-06-03 12:00:00,o3,PIIANN,32.64,34.0888
2024-02-09 02:00:00,o3,PIIANN,32.47,24.28768
2023-01-01 20:00:00,o3,PIIANN,14.3575,13.128296
2024-08-03 16:00:00,o3,PIIANN,5.54,5.704254
2022-06-10 22:00:00,o3,PIIANN,15.29,11.760442
2025-07-08 15:00:00,o3,PIIANN,16.12,16.995157
2022-04-09 03:00:00,o3,PIIANN,41.29,44.7488
2025-01-11 12:00:00,o3,PIIANN,16.12,21.497986
2024-06-12 05:00:00,o3,PIIANN,7.25,10.515195
2024-12-07 12:00:00,o3,PIIANN,60.37,44.16748
2024-09-04 02:00:00,o3,PIIANN,5.95,7.735918
2025-01-09 21:00:00,o3,PIIANN,16.12,12.033227
2021-10-12 02:00:00,o3,PIIANN,18.87,24.999018
2022-12-09 03:00:00,o3,PIIANN,16.79,33.44935
2024-07-01 15:00:00,o3,PIIANN,5.59,7.30235
2021-04-10 18:00:00,o3,PIIANN,15.29,14.514754
2021-11-07 01:00:00,o3,PIIANN,19.85,18.5892
2025-08-12 03:00:00,o3,PIIANN,16.12,18.096432
2022-05-03 04:00:00,o3,PIIANN,14.8,14.687275
2024-07-08 10:00:00,o3,PIIANN,25.14,27.627752
2022-11-04 00:00:00,o3,PIIANN,13.04,12.349561
2024-11-03 06:00:00,o3,PIIANN,5.54,7.175869
2025-03-06 05:00:00,o3,PIIANN,15.78,19.422384
2021-05-12 11:00:00,o3,PIIANN,45.92,36.455647
2025-07-04 10:00:00,o3,PIIANN,25.18,19.447205
2021-08-10 12:00:00,o3,PIIANN,17.05,19.154396
2022-10-01 11:00:00,o3,PIIANN,26.32,28.510138
2024-04-09 11:00:00,o3,PIIANN,32.8,29.65624
2021-06-02 20:00:00,o3,PIIANN,13.43,15.199718
2023-12-10 17:00:00,o3,PIIANN,8.2775,7.359248
2024-01-10 01:00:00,o3,PIIANN,7.1499996,13.574037
2025-04-04 09:00:00,o3,PIIANN,13.57,12.309494
2022-12-07 22:00:00,o3,PIIANN,9.616,7.561864
2025-03-02 14:00:00,o3,PIIANN,28.42,28.225628
2025-09-03 12:00:00,o3,PIIANN,31.06,32.133522
2021-02-05 00:00:00,o3,PIIANN,22.34,29.793497
2025-12-01 12:00:00,o3,PIIANN,28.12,29.275475
2024-08-10 02:00:00,o3,PIIANN,18.88,21.716406
2025-08-02 03:00:00,o3,PIIANN,13.0,8.158207
2021-01-03 11:00:00,o3,PIIANN,22.98,20.707977
2023-10-05 21:00:00,o3,PIIANN,12.74,12.634084
2021-09-12 08:00:00,o3,PIIANN,16.95,18.277225
2021-10-12 14:00:00,o3,PIIANN,19.8,19.060032
2024-12-10 09:00:00,o3,PIIANN,8.67,13.344546
2024-08-09 07:00:00,o3,PIIANN,18.96,25.757622
2023-12-06 17:00:00,o3,PIIANN,12.595,13.046641
2024-01-05 02:00:00,o3,PIIANN,39.59,33.686836
2023-02-04 10:00:00,o3,PIIANN,13.23,15.909579
2025-10-12 00:00:00,o3,PIIANN,16.12,20.156527
2025-08-01 09:00:00,o3,PIIANN,37.38,19.603737
2021-03-01 22:00:00,o3,PIIANN,20.38,29.318056
2022-05-03 06:00:00,o3,PIIANN,14.85,15.377685
2021-02-06 23:00:00,o3,PIIANN,19.7,21.0745
2022-10-12 00:00:00,o3,PIIANN,14.185,13.486865
2022-08-06 16:00:00,o3,PIIANN,32.73,24.89506
2022-04-04 14:00:00,o3,PIIANN,13.92,17.854395
2025-04-05 08:00:00,o3,PIIANN,25.48,22.00723
2021-01-06 04:00:00,o3,PIIANN,20.38,11.451016
2023-12-09 03:00:00,o3,PIIANN,13.196667,16.232878
2024-03-08 17:00:00,o3,PIIANN,55.96,49.059254
2021-06-04 04:00:00,o3,PIIANN,27.54,25.780302
2024-04-07 10:00:00,o3,PIIANN,38.51,33.329678
2025-02-11 11:00:00,o3,PIIANN,16.12,19.181543
2021-03-05 20:00:00,o3,PIIANN,19.84,18.230385
2024-05-05 03:00:00,o3,PIIANN,34.43,24.995201
2024-03-12 00:00:00,o3,PIIANN,18.77,7.4491568
2024-07-01 13:00:00,o3,PIIANN,5.88,7.335498
2022-03-10 17:00:00,o3,PIIANN,14.16,13.394981
2024-05-06 13:00:00,o3,PIIANN,61.3,57.901814
2021-09-10 23:00:00,o3,PIIANN,15.09,14.367717
2024-02-09 20:00:00,o3,PIIANN,64.78,40.824112
2022-07-11 09:00:00,o3,PIIANN,14.41,19.445534
2022-08-10 14:00:00,o3,PIIANN,16.02,15.842645
2021-10-07 22:00:00,o3,PIIANN,17.78,20.522926
2024-06-04 04:00:00,o3,PIIANN,5.54,7.2796383
2021-10-03 22:00:00,o3,PIIANN,13.87,15.476978
2024-07-06 11:00:00,o3,PIIANN,40.44,38.40569
2023-10-03 02:00:00,o3,PIIANN,3.463334,4.0134573
2023-02-07 02:00:00,o3,PIIANN,16.12,8.693905
2025-08-07 00:00:00,o3,PIIANN,15.98,21.980803
2021-03-02 06:00:00,o3,PIIANN,20.87,22.640629
2023-10-03 12:00:00,o3,PIIANN,3.1374998,10.481703
2025-07-01 20:00:00,o3,PIIANN,16.76,19.5989
2025-11-09 02:00:00,o3,PIIANN,16.12,18.81609
2022-09-10 07:00:00,o3,PIIANN,14.75,13.258061
2025-05-10 02:00:00,o3,PIIANN,16.12,17.898642
2025-12-02 16:00:00,o3,PIIANN,29.4,32.00299
2025-07-10 19:00:00,o3,PIIANN,16.12,15.818797
2022-12-03 05:00:00,o3,PIIANN,8.04,10.27048
2024-08-10 08:00:00,o3,PIIANN,25.48,16.04685
2023-09-01 08:00:00,o3,PIIANN,15.14,14.981589
2022-05-07 15:00:00,o3,PIIANN,5.1500006,8.507416
2022-09-09 18:00:00,o3,PIIANN,17.31,5.891428
2024-12-05 06:00:00,o3,PIIANN,42.87,21.907394
2024-08-07 00:00:00,o3,PIIANN,31.6,29.77049
2022-04-03 19:00:00,o3,PIIANN,30.14,21.189772
2025-01-05 09:00:00,o3,PIIANN,20.92,13.103522
2023-12-11 21:00:00,o3,PIIANN,6.0249996,7.510873
2021-03-10 20:00:00,o3,PIIANN,15.63,13.553721
2021-12-05 04:00:00,o3,PIIANN,24.45,26.198795
2023-06-11 19:00:00,o3,PIIANN,9.605,6.0885906
2022-04-12 17:00:00,o3,PIIANN,13.08,12.365158
2023-07-01 20:00:00,o3,PIIANN,14.16,12.184895
2022-06-10 21:00:00,o3,PIIANN,15.29,11.868933
2023-03-08 21:00:00,o3,PIIANN,13.2275,12.118924
2024-01-06 04:00:00,o3,PIIANN,34.45,36.36926
2025-06-02 22:00:00,o3,PIIANN,16.07,20.019392
2023-05-10 14:00:00,o3,PIIANN,2.3025007,5.441206
2023-05-09 17:00:00,o3,PIIANN,12.6925,14.25431
2025-10-10 05:00:00,o3,PIIANN,16.12,18.986683
2021-01-09 02:00:00,o3,PIIANN,21.56,22.09691
2025-11-05 01:00:00,o3,PIIANN,28.57,26.790615
2022-12-09 09:00:00,o3,PIIANN,16.12,15.684579
2022-05-09 21:00:00,o3,PIIANN,2.1600008,12.730349
2023-04-05 23:00:00,o3,PIIANN,13.18,14.169159
2024-06-04 11:00:00,o3,PIIANN,5.7299995,8.592479
2022-03-05 19:00:00,o3,PIIANN,21.22,24.05591
2024-01-01 11:00:00,o3,PIIANN,6.08,6.888591
2024-06-12 11:00:00,o3,PIIANN,5.55,11.580077
2022-04-07 21:00:00,o3,PIIANN,8.99,10.912597
2024-09-12 02:00:00,o3,PIIANN,21.89,11.841711
2021-12-10 08:00:00,o3,PIIANN,16.86,17.7735
2024-12-08 01:00:00,o3,PIIANN,56.15,41.748528
2024-04-06 04:00:00,o3,PIIANN,56.94,71.76931
2023-09-11 23:00:00,o3,PIIANN,6.3225,7.423918
2022-01-01 11:00:00,o3,PIIANN,34.74,33.975246
2024-07-06 23:00:00,o3,PIIANN,28.52,27.368961
2024-12-05 10:00:00,o3,PIIANN,40.77,34.017185
2022-03-04 06:00:00,o3,PIIANN,17.15,19.684528
2023-07-01 17:00:00,o3,PIIANN,13.5225,13.310817
2024-03-01 23:00:00,o3,PIIANN,5.7799997,8.040792
2022-11-01 09:00:00,o3,PIIANN,17.69,19.778807
2025-10-09 03:00:00,o3,PIIANN,16.12,18.22098
2021-10-01 10:00:00,o3,PIIANN,17.79,14.984095
2023-12-04 06:00:00,o3,PIIANN,12.8875,15.3205
2023-05-03 08:00:00,o3,PIIANN,2.8900003,6.7367764
2025-08-08 14:00:00,o3,PIIANN,16.12,16.351507
2025-06-04 05:00:00,o3,PIIANN,6.12,5.1178637
2021-10-03 16:00:00,o3,PIIANN,13.82,15.738031
2024-02-09 12:00:00,o3,PIIANN,46.94,41.148975
2025-01-08 05:00:00,o3,PIIANN,16.12,18.165823
2024-04-11 17:00:00,o3,PIIANN,12.0,13.081757
2025-01-12 10:00:00,o3,PIIANN,16.12,18.18754
2024-11-04 08:00:00,o3,PIIANN,5.83,9.004621
2023-11-10 16:00:00,o3,PIIANN,4.0199995,5.6679354
2025-12-07 22:00:00,o3,PIIANN,9.6,12.465957
2025-02-03 01:00:00,o3,PIIANN,9.7872,9.186472
2022-04-09 12:00:00,o3,PIIANN,5.8099995,13.364334
2025-05-04 23:00:00,o3,PIIANN,7.3999996,10.280225
2021-10-03 03:00:00,o3,PIIANN,9.65,11.124082
2022-07-06 11:00:00,o3,PIIANN,31.11,31.885345
2025-03-04 18:00:00,o3,PIIANN,10.24,12.164532
2024-11-03 17:00:00,o3,PIIANN,5.83,6.9277754
2021-09-06 01:00:00,o3,PIIANN,18.03,24.019167
2023-11-03 20:00:00,o3,PIIANN,3.085,3.238286
2021-07-06 09:00:00,o3,PIIANN,21.56,17.866837
2025-02-09 01:00:00,o3,PIIANN,16.12,13.850667
2021-11-04 17:00:00,o3,PIIANN,17.44,17.948223
2023-10-05 04:00:00,o3,PIIANN,13.0325,13.176621
2021-02-08 10:00:00,o3,PIIANN,29.7,25.146381
2025-11-10 20:00:00,o3,PIIANN,16.12,19.032028
2022-05-01 16:00:00,o3,PIIANN,27.49,26.91578
2021-10-06 21:00:00,o3,PIIANN,26.26,29.163267
2024-04-04 07:00:00,o3,PIIANN,5.7299995,7.3280478
2024-01-09 07:00:00,o3,PIIANN,26.36,28.025606
2021-05-11 21:00:00,o3,PIIANN,14.36,11.487713
2022-02-04 20:00:00,o3,PIIANN,12.54,17.10826
2021-02-10 19:00:00,o3,PIIANN,15.34,13.950877
2022-01-08 11:00:00,o3,PIIANN,5.9799995,20.576145
2023-07-11 21:00:00,o3,PIIANN,7.5949993,9.370165
2022-03-11 10:00:00,o3,PIIANN,13.04,15.235679
2022-04-03 18:00:00,o3,PIIANN,24.99,23.766336
2024-02-09 13:00:00,o3,PIIANN,56.6,44.24743
2024-03-04 08:00:00,o3,PIIANN,5.6799994,7.944063
2025-12-03 13:00:00,o3,PIIANN,7.6399994,10.750062
2025-04-03 02:00:00,o3,PIIANN,4.8426304,5.3299856
2025-04-04 17:00:00,o3,PIIANN,9.8,19.22735
2024-07-09 04:00:00,o3,PIIANN,29.79,30.842104
2023-09-09 01:00:00,o3,PIIANN,13.13,14.0525055
2023-08-11 17:00:00,o3,PIIANN,10.435,7.7433176
2024-06-12 07:00:00,o3,PIIANN,6.62,9.954461
2021-05-05 16:00:00,o3,PIIANN,17.34,20.832483
2023-12-10 15:00:00,o3,PIIANN,7.9375,9.590492
2022-05-11 19:00:00,o3,PIIANN,15.29,15.474725
2024-12-04 02:00:00,o3,PIIANN,5.62,8.416315
2023-12-04 18:00:00,o3,PIIANN,13.1325,10.482113
2022-08-07 06:00:00,o3,PIIANN,2.6799994,1.4135123
2024-12-06 11:00:00,o3,PIIANN,33.22,29.92308
2021-01-07 02:00:00,o3,PIIANN,22.0,23.825005
2024-01-02 12:00:00,o3,PIIANN,6.0299997,9.091064
2023-05-03 13:00:00,o3,PIIANN,2.499999,9.866789
2023-05-11 14:00:00,o3,PIIANN,1.2400008,5.6803627
2025-03-10 01:00:00,o3,PIIANN,16.12,17.85199
2024-04-07 01:00:00,o3,PIIANN,27.88,25.426117
2022-10-11 16:00:00,o3,PIIANN,14.31,15.371983
2023-05-01 17:00:00,o3,PIIANN,15.7275,12.916818
2025-07-09 19:00:00,o3,PIIANN,16.12,16.26329
2023-11-01 17:00:00,o3,PIIANN,13.7225,15.094373
2025-07-06 07:00:00,o3,PIIANN,21.85,21.95585
2024-04-02 21:00:00,o3,PIIANN,6.2199993,8.439211
2021-04-03 14:00:00,o3,PIIANN,16.91,17.023169
2023-11-07 01:00:00,o3,PIIANN,16.12,24.31803
2021-06-06 09:00:00,o3,PIIANN,27.05,18.400896
2025-11-04 19:00:00,o3,PIIANN,51.1,47.976254
2022-03-12 03:00:00,o3,PIIANN,14.83,12.169156
2024-08-08 09:00:00,o3,PIIANN,19.4,32.347054
2024-04-07 19:00:00,o3,PIIANN,29.65,47.01759
2022-03-06 03:00:00,o3,PIIANN,16.12,12.304125
2022-09-06 01:00:00,o3,PIIANN,6.96,16.359547
2021-06-12 05:00:00,o3,PIIANN,19.6,24.866837
2022-01-04 22:00:00,o3,PIIANN,12.79,14.490844
2022-06-05 19:00:00,o3,PIIANN,19.5,22.141382
2023-10-11 14:00:00,o3,PIIANN,5.2924995,5.50299
2023-03-02 07:00:00,o3,PIIANN,13.5725,15.049623
2023-11-10 08:00:00,o3,PIIANN,6.91,12.477151
2023-10-11 16:00:00,o3,PIIANN,5.9275,2.5994806
2024-08-08 20:00:00,o3,PIIANN,29.99,32.29248
2022-12-04 00:00:00,o3,PIIANN,13.97,6.929261
2023-03-12 23:00:00,o3,PIIANN,5.88,10.173215
2022-06-07 18:00:00,o3,PIIANN,1.5700008,10.995558
2024-07-06 03:00:00,o3,PIIANN,46.71,28.34758
2021-08-05 12:00:00,o3,PIIANN,17.84,22.631657
2023-11-03 23:00:00,o3,PIIANN,3.1850004,3.494769
2024-07-07 01:00:00,o3,PIIANN,30.77,33.2949
2024-01-01 20:00:00,o3,PIIANN,5.9299994,7.784646
2022-08-05 04:00:00,o3,PIIANN,22.84,23.633919
2024-04-11 14:00:00,o3,PIIANN,12.5,14.581964
2022-11-07 21:00:00,o3,PIIANN,4.3100004,22.461706
2024-06-03 12:00:00,o3,PIIANN,6.37,9.200967
2025-07-02 03:00:00,o3,PIIANN,14.11,6.818899
2025-11-03 05:00:00,o3,PIIANN,12.64,12.112847
2021-05-01 15:00:00,o3,PIIANN,16.07,15.597817
2021-10-10 19:00:00,o3,PIIANN,14.4,17.518911
2023-08-04 15:00:00,o3,PIIANN,12.737501,14.968034
2024-08-07 09:00:00,o3,PIIANN,25.78,26.011293
2024-09-07 23:00:00,o3,PIIANN,36.36,41.079437
2021-03-11 05:00:00,o3,PIIANN,16.02,13.50079
2023-08-04 05:00:00,o3,PIIANN,12.69,12.906897
2022-11-09 04:00:00,o3,PIIANN,16.12,18.107174
2021-03-01 20:00:00,o3,PIIANN,75.9,21.455368
2022-03-02 01:00:00,o3,PIIANN,17.34,20.932663
2025-04-06 03:00:00,o3,PIIANN,20.58,19.700697
2024-06-08 23:00:00,o3,PIIANN,27.54,30.417782
2021-06-12 14:00:00,o3,PIIANN,35.87,33.05978
2023-02-03 19:00:00,o3,PIIANN,3.3324995,2.1374292
2024-08-06 23:00:00,o3,PIIANN,35.28,25.719223
2021-11-02 14:00:00,o3,PIIANN,19.45,27.710056
2024-04-05 22:00:00,o3,PIIANN,37.34,34.802296
2025-06-03 07:00:00,o3,PIIANN,6.8599997,17.491425
2025-12-07 13:00:00,o3,PIIANN,26.66,24.101797
2025-01-07 19:00:00,o3,PIIANN,16.12,20.18452
2024-01-06 19:00:00,o3,PIIANN,43.32,47.97672
2022-09-07 06:00:00,o3,PIIANN,0.98000056,4.63404
2025-11-12 02:00:00,o3,PIIANN,16.12,20.4362
2021-08-01 11:00:00,o3,PIIANN,30.43,20.246315
2023-01-06 23:00:00,o3,PIIANN,35.67,64.45622
2021-08-09 23:00:00,o3,PIIANN,20.82,18.753988
2022-11-09 17:00:00,o3,PIIANN,16.12,10.84137
2024-01-03 05:00:00,o3,PIIANN,5.6799994,6.107895
2022-01-10 10:00:00,o3,PIIANN,14.85,17.236658
2025-02-04 10:00:00,o3,PIIANN,27.88,30.47052
2022-02-10 20:00:00,o3,PIIANN,11.66,22.102272
2025-06-03 02:00:00,o3,PIIANN,10.0,11.198652
2021-05-07 21:00:00,o3,PIIANN,41.31,40.00148
2021-05-03 04:00:00,o3,PIIANN,8.67,14.9265175
2022-07-10 07:00:00,o3,PIIANN,15.0,17.449604
2022-12-08 01:00:00,o3,PIIANN,11.86,11.63739
2023-09-12 11:00:00,o3,PIIANN,13.72,18.604013
2021-04-10 06:00:00,o3,PIIANN,13.04,13.8894005
2024-11-05 02:00:00,o3,PIIANN,38.55,37.68905
2022-08-02 19:00:00,o3,PIIANN,38.76,31.864662
2021-07-02 08:00:00,o3,PIIANN,12.69,14.679916
2025-06-09 04:00:00,o3,PIIANN,16.12,20.783255
2022-04-04 23:00:00,o3,PIIANN,9.51,14.530379
2024-02-08 00:00:00,o3,PIIANN,34.79,40.828114
2023-05-11 05:00:00,o3,PIIANN,1.8124992,2.767043
2021-10-07 21:00:00,o3,PIIANN,22.54,21.460617
2023-03-03 22:00:00,o3,PIIANN,2.7424994,3.823964
2023-09-01 19:00:00,o3,PIIANN,14.0125,13.338527
2023-08-08 17:00:00,o3,PIIANN,13.4275,13.000056
2025-10-03 13:00:00,o3,PIIANN,24.7,27.035816
2023-08-05 11:00:00,o3,PIIANN,14.31,16.186085
2023-09-04 06:00:00,o3,PIIANN,13.3275,13.004424
2022-02-11 08:00:00,o3,PIIANN,14.65,16.155096
2023-02-03 15:00:00,o3,PIIANN,3.5274992,5.129549
2022-07-10 02:00:00,o3,PIIANN,14.57,10.243269
2022-06-08 01:00:00,o3,PIIANN,16.12,15.256065
2022-06-08 09:00:00,o3,PIIANN,11.12,14.797988
2023-03-06 03:00:00,o3,PIIANN,3.1999998,7.9197483
2023-11-08 09:00:00,o3,PIIANN,14.5025,16.360222
2024-03-06 23:00:00,o3,PIIANN,57.08,50.467136
2023-04-03 03:00:00,o3,PIIANN,3.463334,4.118787
2023-02-11 13:00:00,o3,PIIANN,2.0233335,2.5029764
2024-10-01 15:00:00,o3,PIIANN,5.7299995,5.160144
2023-11-11 08:00:00,o3,PIIANN,5.9775,11.3686495
2022-09-05 15:00:00,o3,PIIANN,19.65,24.227318
2021-01-12 08:00:00,o3,PIIANN,33.46,30.52958
2025-01-05 13:00:00,o3,PIIANN,32.53,28.868736
2021-05-11 09:00:00,o3,PIIANN,15.04,18.856745
2022-03-10 15:00:00,o3,PIIANN,14.94,14.23424
2023-08-10 00:00:00,o3,PIIANN,9.1625,13.2818985
2025-10-02 19:00:00,o3,PIIANN,32.14,39.907276
2021-02-01 16:00:00,o3,PIIANN,12.74,19.71956
2025-06-09 21:00:00,o3,PIIANN,16.12,17.528067
2023-07-10 19:00:00,o3,PIIANN,10.0475,8.624544
2022-11-03 01:00:00,o3,PIIANN,12.69,15.059585
2023-10-01 10:00:00,o3,PIIANN,14.21,17.705458
2022-11-11 20:00:00,o3,PIIANN,13.82,13.699927
2021-06-02 07:00:00,o3,PIIANN,16.27,18.027132
2022-10-08 04:00:00,o3,PIIANN,10.0,15.035312
2024-11-06 01:00:00,o3,PIIANN,29.45,23.246103
2021-09-07 03:00:00,o3,PIIANN,23.38,18.17028
2022-01-09 21:00:00,o3,PIIANN,6.91,12.491003
2025-03-10 13:00:00,o3,PIIANN,16.12,20.214739
2022-08-09 21:00:00,o3,PIIANN,97.7,56.717186
2022-02-10 15:00:00,o3,PIIANN,14.9,16.27763
2025-12-09 03:00:00,o3,PIIANN,16.12,18.991856
2025-08-09 00:00:00,o3,PIIANN,16.12,16.632286
2024-07-03 08:00:00,o3,PIIANN,5.54,5.8822393
2022-04-10 03:00:00,o3,PIIANN,15.48,14.471485
2021-10-09 15:00:00,o3,PIIANN,23.13,24.33993
2021-07-04 04:00:00,o3,PIIANN,26.46,28.920815
2023-02-11 16:00:00,o3,PIIANN,1.2750007,3.4137049
2025-10-08 18:00:00,o3,PIIANN,16.12,15.876403
2023-05-03 22:00:00,o3,PIIANN,3.2349997,4.2098494
2025-12-04 15:00:00,o3,PIIANN,71.34,68.24645
2023-05-05 14:00:00,o3,PIIANN,12.8875,14.706826
2021-11-10 07:00:00,o3,PIIANN,14.4,18.142174
2021-04-04 12:00:00,o3,PIIANN,36.8,34.44763
2023-02-05 03:00:00,o3,PIIANN,12.87,13.49359
2025-10-07 07:00:00,o3,PIIANN,13.38,13.859236
2025-05-08 23:00:00,o3,PIIANN,16.12,18.09037
2025-11-02 00:00:00,o3,PIIANN,24.26,17.376432
2025-09-05 14:00:00,o3,PIIANN,85.99,87.51183
2025-10-11 23:00:00,o3,PIIANN,16.12,18.268682
2023-07-11 04:00:00,o3,PIIANN,6.6624994,5.663911
2021-10-04 16:00:00,o3,PIIANN,16.12,16.979645
2022-07-06 19:00:00,o3,PIIANN,33.18714,25.47003
2025-01-02 12:00:00,o3,PIIANN,29.06,16.364822
2024-01-12 10:00:00,o3,PIIANN,23.28,23.58264
2025-11-02 15:00:00,o3,PIIANN,33.71,39.907967
2025-01-10 16:00:00,o3,PIIANN,16.12,17.840302
2024-09-02 19:00:00,o3,PIIANN,5.88,6.048996
2023-01-12 00:00:00,o3,PIIANN,5.8824997,5.094924
2023-10-04 23:00:00,o3,PIIANN,13.3275,13.360827
2023-06-02 06:00:00,o3,PIIANN,13.6725,13.785729
2021-05-06 06:00:00,o3,PIIANN,26.32,20.032963
2024-09-11 14:00:00,o3,PIIANN,20.39,24.52652
2022-08-08 23:00:00,o3,PIIANN,10.04,9.220595
2022-08-02 20:00:00,o3,PIIANN,39.35,33.324978
2022-06-12 14:00:00,o3,PIIANN,14.16,13.3143835
2024-04-09 07:00:00,o3,PIIANN,24.65,23.620167
2021-12-07 12:00:00,o3,PIIANN,29.94,28.627056
2021-12-09 20:00:00,o3,PIIANN,23.77,24.692999
2025-10-11 06:00:00,o3,PIIANN,16.12,22.773205
2024-12-04 01:00:00,o3,PIIANN,5.6799994,8.952545
2023-02-05 16:00:00,o3,PIIANN,12.5425,14.228534
2023-08-09 16:00:00,o3,PIIANN,12.8375,13.714793
2024-06-08 22:00:00,o3,PIIANN,26.41,33.392223
2023-03-07 01:00:00,o3,PIIANN,28.738943,30.189407
2024-02-08 08:00:00,o3,PIIANN,33.32,31.559982
2021-03-13 01:00:00,o3,PIIANN,22.877703,21.589369
2025-11-12 11:00:00,o3,PIIANN,16.12,20.35426
2025-04-05 01:00:00,o3,PIIANN,18.96,17.25507
2024-11-01 14:00:00,o3,PIIANN,6.5199995,6.86355
2022-12-02 00:00:00,o3,PIIANN,26.6,20.779812
2023-02-11 00:00:00,o3,PIIANN,1.1766673,11.289402
2024-10-03 23:00:00,o3,PIIANN,5.83,8.65484
2025-04-04 14:00:00,o3,PIIANN,26.51,25.46799
2024-07-12 23:00:00,o3,PIIANN,19.31,17.606869
2024-07-10 08:00:00,o3,PIIANN,26.26,20.70084
2025-02-01 18:00:00,o3,PIIANN,39.78,32.237843
2022-05-05 11:00:00,o3,PIIANN,30.04,27.785637
2022-08-03 20:00:00,o3,PIIANN,22.74,19.687313
2025-07-11 22:00:00,o3,PIIANN,16.12,12.85874
2023-02-08 12:00:00,o3,PIIANN,11.1225,14.719817
2022-05-10 02:00:00,o3,PIIANN,15.48,8.418557
2022-05-09 14:00:00,o3,PIIANN,34.01,30.159773
2021-01-05 08:00:00,o3,PIIANN,24.06,21.536364
2021-11-05 03:00:00,o3,PIIANN,24.3,27.017262
2021-12-04 00:00:00,o3,PIIANN,18.87,15.352258
2022-10-08 01:00:00,o3,PIIANN,12.2,7.7962933
2022-10-04 07:00:00,o3,PIIANN,13.23,15.12648
2025-05-10 18:00:00,o3,PIIANN,16.12,17.037354
2025-08-08 17:00:00,o3,PIIANN,16.12,17.663351
2023-11-08 18:00:00,o3,PIIANN,13.3275,13.307933
2025-11-11 16:00:00,o3,PIIANN,16.12,16.423033
2024-07-02 10:00:00,o3,PIIANN,5.6399994,8.484804
2024-03-01 17:00:00,o3,PIIANN,5.6799994,6.814952
2024-03-02 07:00:00,o3,PIIANN,6.42,6.9336166
2022-09-10 17:00:00,o3,PIIANN,14.65,14.495787
2021-11-08 10:00:00,o3,PIIANN,30.43,27.656958
2024-04-08 06:00:00,o3,PIIANN,31.21,28.864822
2024-07-05 05:00:00,o3,PIIANN,49.74,47.56438
2024-07-04 03:00:00,o3,PIIANN,6.2699995,6.695675
2023-02-03 10:00:00,o3,PIIANN,3.4800005,6.529667
2023-08-08 16:00:00,o3,PIIANN,12.987501,13.143807
2021-03-02 05:00:00,o3,PIIANN,21.66,21.013285
2025-06-09 16:00:00,o3,PIIANN,16.12,17.518377
2022-12-02 02:00:00,o3,PIIANN,22.93,20.062569
2024-12-06 17:00:00,o3,PIIANN,44.25,41.3238
2024-01-09 03:00:00,o3,PIIANN,27.11,21.437006
2021-03-10 23:00:00,o3,PIIANN,14.85,12.539218
2025-10-01 20:00:00,o3,PIIANN,35.62,34.621883
2023-08-01 12:00:00,o3,PIIANN,14.4075,15.935779
2021-08-08 09:00:00,o3,PIIANN,34.79,25.762499
2022-07-12 01:00:00,o3,PIIANN,14.94,10.890142
2021-06-11 23:00:00,o3,PIIANN,15.53,22.252596
2023-02-12 08:00:00,o3,PIIANN,5.6849995,8.859128
2024-02-11 02:00:00,o3,PIIANN,4.249999,7.81131
2021-11-03 12:00:00,o3,PIIANN,15.24,19.752293
2024-06-02 18:00:00,o3,PIIANN,5.6799994,5.153038
2024-07-02 13:00:00,o3,PIIANN,5.4399996,6.9886837
2021-07-02 01:00:00,o3,PIIANN,13.28,12.194358
2021-06-11 12:00:00,o3,PIIANN,14.26,12.947761
2024-11-03 23:00:00,o3,PIIANN,6.1799994,6.7766848
2022-03-11 07:00:00,o3,PIIANN,13.52,16.541939
2022-01-08 15:00:00,o3,PIIANN,22.59,34.92558
2024-03-08 02:00:00,o3,PIIANN,27.96,29.091713
2021-05-08 08:00:00,o3,PIIANN,21.9,20.334621
2024-05-10 22:00:00,o3,PIIANN,28.86,36.29003
2022-10-06 06:00:00,o3,PIIANN,6.42,6.053031
2024-06-08 10:00:00,o3,PIIANN,45.42,41.055004
2024-08-10 05:00:00,o3,PIIANN,12.06,13.596952
2021-05-09 07:00:00,o3,PIIANN,15.09,15.443351
2022-03-12 01:00:00,o3,PIIANN,13.92,14.458178
2022-05-02 10:00:00,o3,PIIANN,27.93,22.270617
2022-02-04 19:00:00,o3,PIIANN,14.85,18.070148
2021-11-04 02:00:00,o3,PIIANN,16.02,16.509884
2021-11-06 07:00:00,o3,PIIANN,19.7,20.774971
2022-01-10 03:00:00,o3,PIIANN,13.65,13.627508
2022-03-11 21:00:00,o3,PIIANN,14.65,14.479435
2023-06-03 23:00:00,o3,PIIANN,3.3324995,4.7966022
2025-09-06 01:00:00,o3,PIIANN,27.35,28.763603
2025-10-05 16:00:00,o3,PIIANN,42.24,45.871025
2022-04-06 20:00:00,o3,PIIANN,23.32,26.180048
2023-03-12 15:00:00,o3,PIIANN,5.8774996,6.815111
2022-06-09 00:00:00,o3,PIIANN,12.09,10.708162
2022-01-09 13:00:00,o3,PIIANN,56.06,40.3734
2024-04-01 12:00:00,o3,PIIANN,5.58,7.123435
2022-02-07 15:00:00,o3,PIIANN,17.44,7.514078
2022-05-03 10:00:00,o3,PIIANN,27.49,23.00987
2022-04-10 17:00:00,o3,PIIANN,15.39,13.906865
2024-03-02 06:00:00,o3,PIIANN,5.7799997,6.8924513
2022-10-05 06:00:00,o3,PIIANN,14.06,16.147734
2022-09-11 11:00:00,o3,PIIANN,15.38,19.741589
2024-10-02 02:00:00,o3,PIIANN,5.6899996,10.917035
2025-05-08 19:00:00,o3,PIIANN,16.12,16.979252
2022-10-02 07:00:00,o3,PIIANN,17.2,17.50662
2025-07-08 05:00:00,o3,PIIANN,16.12,17.353876
2022-05-03 09:00:00,o3,PIIANN,22.93,19.99387
2021-04-06 19:00:00,o3,PIIANN,15.29,19.880365
2025-06-01 21:00:00,o3,PIIANN,15.14,23.822746
2023-09-04 08:00:00,o3,PIIANN,12.005,15.538997
2023-09-09 05:00:00,o3,PIIANN,12.7925,13.130742
2021-12-10 19:00:00,o3,PIIANN,20.28,28.751484
2024-01-07 21:00:00,o3,PIIANN,49.05,43.191692
2021-07-05 07:00:00,o3,PIIANN,19.4,18.054674
2024-02-09 06:00:00,o3,PIIANN,28.42,29.090076
2025-08-02 15:00:00,o3,PIIANN,19.99,24.31602
2025-12-04 03:00:00,o3,PIIANN,29.21,31.754684
2023-01-11 17:00:00,o3,PIIANN,1.080001,5.9760675
2025-11-09 03:00:00,o3,PIIANN,16.12,19.275515
2023-08-05 19:00:00,o3,PIIANN,13.18,13.045904
2022-01-07 16:00:00,o3,PIIANN,108.24,67.81049
2021-03-11 13:00:00,o3,PIIANN,15.44,16.39167
2024-01-02 00:00:00,o3,PIIANN,5.7799997,7.96471
2024-11-06 04:00:00,o3,PIIANN,24.35,24.57625
2024-09-11 00:00:00,o3,PIIANN,18.62,11.946714
2022-04-12 03:00:00,o3,PIIANN,20.51,14.413359
2021-12-01 18:00:00,o3,PIIANN,12.54,17.406189
2022-10-06 04:00:00,o3,PIIANN,4.5099993,6.562188
2025-02-01 08:00:00,o3,PIIANN,20.43,23.521555
2025-04-08 22:00:00,o3,PIIANN,16.12,17.520693
2025-03-10 10:00:00,o3,PIIANN,16.12,19.56233
2024-03-05 01:00:00,o3,PIIANN,87.22,43.04756
2022-02-09 03:00:00,o3,PIIANN,29.2,56.179073
2023-11-04 05:00:00,o3,PIIANN,12.935,13.875159
2022-12-06 21:00:00,o3,PIIANN,15.14,23.011206
2024-10-11 19:00:00,o3,PIIANN,40.62,29.64535
2024-09-09 00:00:00,o3,PIIANN,29.45,30.507013
2022-01-03 05:00:00,o3,PIIANN,11.27,13.684991
2022-03-04 09:00:00,o3,PIIANN,26.46,23.260153
2024-08-11 08:00:00,o3,PIIANN,17.0,12.099259
2025-10-06 00:00:00,o3,PIIANN,22.78,22.672949
2021-04-01 17:00:00,o3,PIIANN,15.09,16.227238
2023-11-06 05:00:00,o3,PIIANN,9.6025,14.351453
2023-08-11 12:00:00,o3,PIIANN,6.5649996,9.898645
2023-04-09 06:00:00,o3,PIIANN,13.475,14.32057
2022-10-01 13:00:00,o3,PIIANN,24.74,31.098612
2022-07-02 17:00:00,o3,PIIANN,27.1,27.822153
2021-01-09 09:00:00,o3,PIIANN,18.82,18.761103
2022-03-02 18:00:00,o3,PIIANN,25.43,24.814722
2022-02-07 17:00:00,o3,PIIANN,12.083333,13.552892
2025-03-08 21:00:00,o3,PIIANN,16.12,17.211752
2021-06-09 01:00:00,o3,PIIANN,17.35,19.081678
2024-12-11 07:00:00,o3,PIIANN,15.19,18.464874
2024-10-06 05:00:00,o3,PIIANN,22.93,23.590649
2022-10-02 06:00:00,o3,PIIANN,16.37,18.31259
2024-06-03 04:00:00,o3,PIIANN,5.6799994,5.38888
2025-11-07 13:00:00,o3,PIIANN,27.05,29.763119
2024-04-12 02:00:00,o3,PIIANN,16.4,16.69604
2021-07-05 06:00:00,o3,PIIANN,19.16,17.45943
2021-02-08 12:00:00,o3,PIIANN,31.16,30.445684
2025-06-07 19:00:00,o3,PIIANN,17.64,24.772964
2024-12-09 18:00:00,o3,PIIANN,55.62,53.833702
2023-04-01 14:00:00,o3,PIIANN,13.7175,16.083485
2022-11-03 23:00:00,o3,PIIANN,14.11,12.891228
2023-11-08 14:00:00,o3,PIIANN,12.3975,17.288183
2022-07-03 08:00:00,o3,PIIANN,34.44,32.797703
2024-07-06 12:00:00,o3,PIIANN,24.16,40.63909
2023-07-06 23:00:00,o3,PIIANN,34.5,15.70086
2025-09-11 10:00:00,o3,PIIANN,16.12,21.264565
2023-10-08 10:00:00,o3,PIIANN,11.0225,15.695798
2022-05-03 16:00:00,o3,PIIANN,37.98,24.184534
2022-12-06 00:00:00,o3,PIIANN,8.53,15.4011755
2025-01-01 09:00:00,o3,PIIANN,18.62,22.588476
2022-09-05 12:00:00,o3,PIIANN,21.76,21.399876
2023-06-10 17:00:00,o3,PIIANN,5.34,6.4279566
2022-12-07 13:00:00,o3,PIIANN,8.72,11.284202
2022-07-09 20:00:00,o3,PIIANN,7.5999994,6.241296
2021-05-08 15:00:00,o3,PIIANN,27.64,32.670532
2023-07-11 23:00:00,o3,PIIANN,7.3999996,9.758146
2021-12-03 17:00:00,o3,PIIANN,17.15,17.768631
2023-09-11 20:00:00,o3,PIIANN,6.91,10.171734
2025-05-06 14:00:00,o3,PIIANN,39.64,43.81556
2022-11-09 18:00:00,o3,PIIANN,16.12,14.364388
2022-04-06 08:00:00,o3,PIIANN,14.7,8.930564
2021-10-07 23:00:00,o3,PIIANN,19.36,17.738024
2023-11-05 04:00:00,o3,PIIANN,13.2275,12.900146
2023-05-09 03:00:00,o3,PIIANN,13.853333,12.198896
2024-12-06 20:00:00,o3,PIIANN,24.79,28.722761
2023-01-01 19:00:00,o3,PIIANN,13.5725,13.464207
2023-01-09 17:00:00,o3,PIIANN,13.0825,12.398791
2021-09-12 10:00:00,o3,PIIANN,20.0,20.567348
2022-01-08 12:00:00,o3,PIIANN,17.59,14.691455
2025-05-08 09:00:00,o3,PIIANN,16.12,18.776966
2025-11-07 20:00:00,o3,PIIANN,43.02,36.75199
2024-07-11 09:00:00,o3,PIIANN,11.12,12.525382
2024-12-09 01:00:00,o3,PIIANN,30.78,28.128313
2023-01-09 23:00:00,o3,PIIANN,12.987501,14.327271
2021-04-02 17:00:00,o3,PIIANN,26.07,22.617102
2021-10-08 00:00:00,o3,PIIANN,29.99,17.512886
2024-02-10 14:00:00,o3,PIIANN,43.46,34.21161
2021-07-01 18:00:00,o3,PIIANN,24.6,18.26308
2023-01-03 06:00:00,o3,PIIANN,3.7725,6.013343
2021-11-06 05:00:00,o3,PIIANN,21.27,15.72462
2023-02-10 10:00:00,o3,PIIANN,7.8899994,12.573293
2024-02-12 00:00:00,o3,PIIANN,22.74,9.291033
2021-07-10 05:00:00,o3,PIIANN,15.93,14.254813
2022-11-08 06:00:00,o3,PIIANN,9.16,10.84565
2023-04-08 20:00:00,o3,PIIANN,12.8875,11.122703
2021-01-11 03:00:00,o3,PIIANN,13.43,13.878972
2022-10-06 02:00:00,o3,PIIANN,8.16,10.022765
2021-11-06 10:00:00,o3,PIIANN,25.72,22.770514
2022-06-01 18:00:00,o3,PIIANN,24.99,25.84551
2024-01-01 16:00:00,o3,PIIANN,5.7799997,8.776306
2022-01-05 11:00:00,o3,PIIANN,36.65,35.138367
2025-01-08 16:00:00,o3,PIIANN,16.12,16.169538
2025-05-09 11:00:00,o3,PIIANN,16.12,21.929405
2022-03-02 10:00:00,o3,PIIANN,28.91,23.387545
2025-05-07 03:00:00,o3,PIIANN,15.22,14.757163
2022-02-08 03:00:00,o3,PIIANN,2.3599997,5.3004837
2025-02-06 16:00:00,o3,PIIANN,34.69,35.63788
2025-10-02 01:00:00,o3,PIIANN,10.83,12.616473
2025-11-06 10:00:00,o3,PIIANN,28.27,26.729803
2021-09-10 11:00:00,o3,PIIANN,18.81,19.542406
2024-12-10 01:00:00,o3,PIIANN,6.5699997,19.843729
2024-09-10 18:00:00,o3,PIIANN,12.35,13.1734295
2024-02-03 15:00:00,o3,PIIANN,6.08,5.7917175
2024-03-05 12:00:00,o3,PIIANN,48.41,53.79755
2023-12-02 01:00:00,o3,PIIANN,14.16,12.4466915
2021-05-06 22:00:00,o3,PIIANN,29.45,23.66599
2025-02-09 03:00:00,o3,PIIANN,16.12,18.99939
2024-05-09 23:00:00,o3,PIIANN,38.03,33.981464
2025-08-06 01:00:00,o3,PIIANN,37.98,36.918903
2025-11-08 12:00:00,o3,PIIANN,16.12,20.351543
2025-12-12 09:00:00,o3,PIIANN,16.12,25.883575
2023-07-11 22:00:00,o3,PIIANN,7.79,9.922089
2022-02-11 18:00:00,o3,PIIANN,13.77,15.875124
2022-01-10 07:00:00,o3,PIIANN,15.19,16.228485
2024-02-03 13:00:00,o3,PIIANN,5.83,7.6775007
2023-03-06 08:00:00,o3,PIIANN,6.95,7.610053
2021-05-01 12:00:00,o3,PIIANN,67.57,17.326502
2023-01-12 22:00:00,o3,PIIANN,6.08,7.893919
2022-06-02 00:00:00,o3,PIIANN,24.9,19.272753
2023-12-04 08:00:00,o3,PIIANN,13.1825,15.664474
2023-12-02 17:00:00,o3,PIIANN,15.2375,13.753475
2022-11-11 15:00:00,o3,PIIANN,13.92,15.7703495
2023-04-11 05:00:00,o3,PIIANN,1.2750007,3.2872534
2024-04-08 13:00:00,o3,PIIANN,59.98,49.87745
2022-01-11 10:00:00,o3,PIIANN,14.06,14.60303
2021-07-02 22:00:00,o3,PIIANN,13.86,14.598757
2023-10-05 16:00:00,o3,PIIANN,13.525,13.93281
2023-07-04 22:00:00,o3,PIIANN,13.13,12.410631
2024-10-09 06:00:00,o3,PIIANN,21.02,24.509869
2021-11-02 09:00:00,o3,PIIANN,21.16,29.741982
2021-04-10 07:00:00,o3,PIIANN,14.21,16.899605
2023-02-03 05:00:00,o3,PIIANN,3.4800005,4.1560545
2023-04-01 20:00:00,o3,PIIANN,14.31,12.633785
2025-12-03 07:00:00,o3,PIIANN,8.87,8.869896
2023-02-06 10:00:00,o3,PIIANN,60.56333,52.0885
2024-10-08 09:00:00,o3,PIIANN,29.55,24.78512
2023-01-04 19:00:00,o3,PIIANN,12.3475,13.465222
2022-06-07 20:00:00,o3,PIIANN,5.7366667,8.243698
2023-09-06 06:00:00,o3,PIIANN,170.425,131.05211
2021-05-05 11:00:00,o3,PIIANN,23.37,23.203812
2025-06-05 07:00:00,o3,PIIANN,25.78,19.6754
2025-03-07 22:00:00,o3,PIIANN,13.33,15.067785
2024-01-06 13:00:00,o3,PIIANN,74.24,65.955
2023-09-08 08:00:00,o3,PIIANN,12.3,15.654927
2025-01-06 13:00:00,o3,PIIANN,29.74,29.38243
2025-12-02 18:00:00,o3,PIIANN,17.94,26.52208
2023-10-12 22:00:00,o3,PIIANN,5.6849995,4.2498636
2021-11-08 01:00:00,o3,PIIANN,31.26,25.737362
2023-01-09 22:00:00,o3,PIIANN,13.6225,14.509087
2025-07-05 18:00:00,o3,PIIANN,50.28,49.462147
2024-12-02 02:00:00,o3,PIIANN,5.88,9.156981
2023-10-01 22:00:00,o3,PIIANN,14.8475,17.217459
2023-04-05 14:00:00,o3,PIIANN,12.25,14.409116
2025-01-01 16:00:00,o3,PIIANN,34.01,34.43733
2023-03-05 17:00:00,o3,PIIANN,13.77,12.454795
2024-10-09 14:00:00,o3,PIIANN,40.38,48.491394
2024-03-03 15:00:00,o3,PIIANN,5.9799995,6.9149256
2022-10-03 06:00:00,o3,PIIANN,7.3499994,8.34247
2024-02-02 14:00:00,o3,PIIANN,5.9299994,8.56993
2025-08-06 12:00:00,o3,PIIANN,50.96,46.066254
2024-03-09 12:00:00,o3,PIIANN,45.08,40.60622
2024-12-07 00:00:00,o3,PIIANN,55.76,33.700516
2024-02-11 17:00:00,o3,PIIANN,11.08,14.443339
2024-12-03 10:00:00,o3,PIIANN,6.08,8.284806
2023-08-05 05:00:00,o3,PIIANN,12.84,13.195026
2025-02-07 04:00:00,o3,PIIANN,13.43,18.756807
2024-02-01 11:00:00,o3,PIIANN,5.34,6.9858217
2024-04-09 03:00:00,o3,PIIANN,28.36,20.123934
2025-09-06 17:00:00,o3,PIIANN,19.8,32.743416
2021-08-09 18:00:00,o3,PIIANN,28.42,34.351974
2023-01-02 07:00:00,o3,PIIANN,14.405,15.47905
2024-08-13 01:00:00,o3,PIIANN,11.884048,10.613232
2023-08-03 01:00:00,o3,PIIANN,3.9700003,6.1871643
2022-01-11 02:00:00,o3,PIIANN,14.89,11.125999
2025-06-01 16:00:00,o3,PIIANN,39.2,31.807465
2022-09-03 00:00:00,o3,PIIANN,24.55,27.145432
2022-03-03 10:00:00,o3,PIIANN,20.34,16.861513
2022-06-06 09:00:00,o3,PIIANN,24.25,23.230318
2024-08-02 14:00:00,o3,PIIANN,6.0299997,6.930231
2025-09-13 01:00:00,o3,PIIANN,16.12,20.458826
2021-08-04 18:00:00,o3,PIIANN,30.67,29.220924
2025-01-08 09:00:00,o3,PIIANN,16.12,20.747177
2021-04-05 00:00:00,o3,PIIANN,18.92,25.936743
2024-04-02 06:00:00,o3,PIIANN,5.3899994,7.1381254
2022-04-02 20:00:00,o3,PIIANN,25.92,24.03262
2023-03-12 10:00:00,o3,PIIANN,5.83,8.866493
2021-11-11 03:00:00,o3,PIIANN,36.61,25.43218
2021-12-04 20:00:00,o3,PIIANN,17.49,18.573269
2025-07-03 23:00:00,o3,PIIANN,35.77,37.864674
2022-09-02 00:00:00,o3,PIIANN,35.03,23.147493
2021-09-06 00:00:00,o3,PIIANN,23.18,26.82061
2024-10-12 17:00:00,o3,PIIANN,36.41,33.402836
2022-11-04 20:00:00,o3,PIIANN,14.21,11.950813
2023-05-09 16:00:00,o3,PIIANN,12.3975,15.611011
2024-02-03 04:00:00,o3,PIIANN,6.08,5.291814
2021-06-10 05:00:00,o3,PIIANN,15.0,14.424013
2025-09-06 08:00:00,o3,PIIANN,22.44,20.22232
2022-08-09 06:00:00,o3,PIIANN,11.61,13.098771
2024-03-07 16:00:00,o3,PIIANN,54.04,52.935493
2023-09-03 02:00:00,o3,PIIANN,3.0700006,3.9503908
2023-03-03 10:00:00,o3,PIIANN,3.329999,7.1466923
2023-05-02 23:00:00,o3,PIIANN,13.7675,10.988416
2025-09-09 20:00:00,o3,PIIANN,16.12,17.135906
2025-04-10 16:00:00,o3,PIIANN,16.12,18.433313
2022-11-12 07:00:00,o3,PIIANN,13.48,11.348682
2024-11-01 16:00:00,o3,PIIANN,5.83,5.540553
2023-01-05 17:00:00,o3,PIIANN,12.79,12.684189
2021-02-01 15:00:00,o3,PIIANN,19.99,20.17698
2025-02-11 03:00:00,o3,PIIANN,16.12,15.884587
2024-01-11 00:00:00,o3,PIIANN,12.84,11.676573
2024-10-12 02:00:00,o3,PIIANN,22.41,20.766932
2022-09-11 02:00:00,o3,PIIANN,15.22,9.470399
2023-11-09 14:00:00,o3,PIIANN,10.535,9.43288
2022-08-02 22:00:00,o3,PIIANN,37.39,34.66133
2024-10-02 22:00:00,o3,PIIANN,5.6799994,5.550111
2025-04-06 00:00:00,o3,PIIANN,17.94,32.928852
2022-07-11 12:00:00,o3,PIIANN,12.940001,16.50394
2023-02-04 09:00:00,o3,PIIANN,12.3975,15.689998
2025-11-02 01:00:00,o3,PIIANN,25.18,18.935604
2024-09-07 16:00:00,o3,PIIANN,54.62,51.40714
2025-01-05 01:00:00,o3,PIIANN,17.64,19.91178
2022-11-07 20:00:00,o3,PIIANN,9.95,39.81948
2025-10-09 23:00:00,o3,PIIANN,16.12,17.825958
2024-03-05 03:00:00,o3,PIIANN,103.29,65.19309
2022-12-08 15:00:00,o3,PIIANN,17.2,17.599228
2023-08-10 15:00:00,o3,PIIANN,8.28,9.929455
2025-07-04 05:00:00,o3,PIIANN,6.3199997,9.990242
2025-09-09 21:00:00,o3,PIIANN,16.12,16.248837
2024-07-02 02:00:00,o3,PIIANN,5.8199997,8.017012
2021-02-13 00:00:00,o3,PIIANN,31.913057,31.35835
2021-07-10 16:00:00,o3,PIIANN,21.17,22.774725
2023-09-04 19:00:00,o3,PIIANN,12.79,12.69596
2022-04-12 13:00:00,o3,PIIANN,14.36,15.83115
2022-11-05 03:00:00,o3,PIIANN,23.98,19.90185
2023-10-11 13:00:00,o3,PIIANN,3.9199991,7.3661623
2025-07-02 06:00:00,o3,PIIANN,6.8599997,9.775808
2022-04-11 00:00:00,o3,PIIANN,13.48,12.782416
2023-12-10 00:00:00,o3,PIIANN,7.4974995,13.877354
2021-01-11 02:00:00,o3,PIIANN,16.56,13.822323
2023-06-09 16:00:00,o3,PIIANN,13.6225,13.788502
2021-11-11 06:00:00,o3,PIIANN,33.983,32.638317
2022-03-12 14:00:00,o3,PIIANN,13.96,15.08648
2024-11-04 02:00:00,o3,PIIANN,5.95,6.8338413
2024-11-06 00:00:00,o3,PIIANN,29.4,16.510883
2023-06-06 13:00:00,o3,PIIANN,1.37,14.426147
2021-05-08 14:00:00,o3,PIIANN,40.52,27.327505
2023-09-03 15:00:00,o3,PIIANN,3.7725,5.734226
2024-01-03 08:00:00,o3,PIIANN,5.83,7.585863
2022-12-05 02:00:00,o3,PIIANN,19.6,15.936047
2021-01-04 16:00:00,o3,PIIANN,45.52,42.055042
2025-04-10 05:00:00,o3,PIIANN,16.12,18.041166
2022-11-01 19:00:00,o3,PIIANN,24.4,21.848927
2025-09-08 07:00:00,o3,PIIANN,16.12,20.023434
2025-01-07 11:00:00,o3,PIIANN,27.49,27.742226
2025-05-09 16:00:00,o3,PIIANN,16.12,17.53436
2024-10-11 22:00:00,o3,PIIANN,32.24,32.25005
2024-09-09 23:00:00,o3,PIIANN,27.73,24.76948
2022-03-09 20:00:00,o3,PIIANN,4.4399996,5.6539183
2025-02-04 11:00:00,o3,PIIANN,28.12,30.03753
2021-05-10 23:00:00,o3,PIIANN,14.46,14.500761
2023-09-05 21:00:00,o3,PIIANN,13.035,11.707757
2023-01-02 17:00:00,o3,PIIANN,13.0325,15.164064
2021-11-09 06:00:00,o3,PIIANN,16.56,18.252102
2024-03-04 06:00:00,o3,PIIANN,5.1500006,8.554168
2023-01-07 01:00:00,o3,PIIANN,33.9806,40.00016
2021-03-09 11:00:00,o3,PIIANN,16.37,20.870886
2023-08-03 20:00:00,o3,PIIANN,3.4775,4.164563
2021-07-09 22:00:00,o3,PIIANN,20.68,19.564123
2023-03-10 10:00:00,o3,PIIANN,8.33,13.580223
2022-02-08 19:00:00,o3,PIIANN,19.45,18.427212
2025-02-11 12:00:00,o3,PIIANN,16.12,19.59563
2025-07-07 02:00:00,o3,PIIANN,16.73,20.157393
2023-10-11 22:00:00,o3,PIIANN,5.6825,6.4559336
2022-02-05 14:00:00,o3,PIIANN,62.18,61.984028
2023-05-11 20:00:00,o3,PIIANN,0.63749987,4.4714823
2025-03-06 18:00:00,o3,PIIANN,47.53,36.643307
2025-08-11 07:00:00,o3,PIIANN,16.12,19.04839
2022-08-03 15:00:00,o3,PIIANN,32.54,32.91097
2022-12-06 23:00:00,o3,PIIANN,13.92,14.037211
2025-11-04 02:00:00,o3,PIIANN,39.33,31.513474
2021-01-12 09:00:00,o3,PIIANN,37.83,32.600945
2021-10-11 16:00:00,o3,PIIANN,35.77,34.618076
2023-11-12 00:00:00,o3,PIIANN,5.9299994,7.6582813
2025-06-08 06:00:00,o3,PIIANN,16.12,17.59961
2023-04-03 11:00:00,o3,PIIANN,3.6274996,7.767436
2022-06-05 17:00:00,o3,PIIANN,24.7,30.144203
2024-12-07 03:00:00,o3,PIIANN,36.45,31.931362
2025-01-10 10:00:00,o3,PIIANN,16.12,18.294575
2024-03-03 22:00:00,o3,PIIANN,5.9799995,6.5332146
2023-04-09 04:00:00,o3,PIIANN,12.937501,13.412519
2023-09-11 13:00:00,o3,PIIANN,6.3199997,8.886978
2022-08-09 10:00:00,o3,PIIANN,6.13,11.018502
2025-08-06 17:00:00,o3,PIIANN,40.13,36.05016
2023-01-08 08:00:00,o3,PIIANN,14.6,15.504374
2021-10-10 20:00:00,o3,PIIANN,15.68,15.094258
2025-09-10 01:00:00,o3,PIIANN,16.12,17.44955
2024-05-06 08:00:00,o3,PIIANN,35.08,27.212194
2021-04-04 06:00:00,o3,PIIANN,24.55,27.426506
2021-04-04 23:00:00,o3,PIIANN,29.06,25.786781
2021-09-08 02:00:00,o3,PIIANN,25.87,26.828299
2025-07-04 22:00:00,o3,PIIANN,13.33,14.798787
2022-11-03 11:00:00,o3,PIIANN,26.95,26.91296
2024-02-04 20:00:00,o3,PIIANN,5.34,8.214413
2021-06-11 05:00:00,o3,PIIANN,13.38,13.109403
2025-08-05 08:00:00,o3,PIIANN,45.67,24.895018
2021-10-11 10:00:00,o3,PIIANN,37.49,39.171574
2024-04-11 20:00:00,o3,PIIANN,8.57,8.432462
2024-10-08 21:00:00,o3,PIIANN,36.56,49.0638
2025-08-10 05:00:00,o3,PIIANN,16.12,14.949974
2022-10-11 22:00:00,o3,PIIANN,12.940001,14.0899935
2021-11-09 14:00:00,o3,PIIANN,24.35,21.45803
2024-10-07 13:00:00,o3,PIIANN,73.79,54.00845
2024-03-08 06:00:00,o3,PIIANN,24.79,23.014454
2021-03-04 13:00:00,o3,PIIANN,33.56,47.535404
2022-07-03 22:00:00,o3,PIIANN,21.41,19.755108
2022-10-11 04:00:00,o3,PIIANN,14.5,14.12341
2024-12-05 03:00:00,o3,PIIANN,29.79,25.343195
2025-01-02 16:00:00,o3,PIIANN,36.02,28.262043
2023-08-10 18:00:00,o3,PIIANN,9.165,9.184935
2021-02-11 03:00:00,o3,PIIANN,13.82,13.195867
2022-12-12 01:00:00,o3,PIIANN,15.09,14.339199
2025-07-05 07:00:00,o3,PIIANN,29.98,33.561253
2024-10-08 03:00:00,o3,PIIANN,31.16,27.642414
2021-04-10 02:00:00,o3,PIIANN,15.98,14.061452
2024-12-02 22:00:00,o3,PIIANN,6.0299997,6.623948
2021-04-11 11:00:00,o3,PIIANN,17.4,20.447866
2023-08-09 09:00:00,o3,PIIANN,12.937501,16.49209
2022-01-08 19:00:00,o3,PIIANN,15.24,21.954895
2024-09-02 05:00:00,o3,PIIANN,6.3199997,7.694771
2025-01-02 02:00:00,o3,PIIANN,14.51,13.323141
2024-05-06 01:00:00,o3,PIIANN,49.59,36.561104
2025-12-01 21:00:00,o3,PIIANN,14.36,18.6178
2025-09-03 17:00:00,o3,PIIANN,29.99,29.204445
2022-04-06 06:00:00,o3,PIIANN,4.2599993,6.764801
2025-05-04 22:00:00,o3,PIIANN,6.7199993,9.474832
2022-10-09 14:00:00,o3,PIIANN,19.06,17.048254
2022-11-12 12:00:00,o3,PIIANN,14.36,15.995491
2023-03-08 07:00:00,o3,PIIANN,10.83,14.184277
2021-10-11 13:00:00,o3,PIIANN,36.51,39.904507
2025-09-12 16:00:00,o3,PIIANN,16.12,18.137867
2021-12-02 13:00:00,o3,PIIANN,19.01,20.827906
2023-06-01 21:00:00,o3,PIIANN,15.6325,14.23453
2025-08-08 16:00:00,o3,PIIANN,16.12,18.451359
2024-06-03 18:00:00,o3,PIIANN,5.4399996,5.3561754
2022-08-02 09:00:00,o3,PIIANN,30.23,21.660295
2025-10-01 15:00:00,o3,PIIANN,30.23,47.076607
2024-06-07 02:00:00,o3,PIIANN,31.95,29.864693
2024-08-02 02:00:00,o3,PIIANN,5.42,10.424642
2023-10-10 14:00:00,o3,PIIANN,5.4375,8.786637
2021-06-06 14:00:00,o3,PIIANN,39.64,35.623974
2025-02-08 01:00:00,o3,PIIANN,8.400455,13.96672
2025-10-02 15:00:00,o3,PIIANN,51.3,49.5411
2024-08-05 14:00:00,o3,PIIANN,74.87,85.15896
2024-06-11 22:00:00,o3,PIIANN,9.8,10.758889
2021-11-07 19:00:00,o3,PIIANN,24.74,27.34317
2021-09-12 16:00:00,o3,PIIANN,26.46,20.620363
2025-03-03 02:00:00,o3,PIIANN,8.0852,8.69573
2021-12-10 07:00:00,o3,PIIANN,16.22,17.952127
2024-07-12 00:00:00,o3,PIIANN,11.22,13.988752
2023-09-12 13:00:00,o3,PIIANN,6.2225,16.656271
2024-12-12 16:00:00,o3,PIIANN,25.43,31.376827
2022-09-02 04:00:00,o3,PIIANN,34.49,31.831577
2023-01-05 14:00:00,o3,PIIANN,12.495,15.537425
2024-09-04 15:00:00,o3,PIIANN,6.0299997,8.168173
2024-06-10 17:00:00,o3,PIIANN,46.75,43.789364
2022-02-12 15:00:00,o3,PIIANN,12.48,16.122314
2022-11-10 21:00:00,o3,PIIANN,14.75,16.53072
2022-01-08 23:00:00,o3,PIIANN,18.92,19.727325
2024-12-09 17:00:00,o3,PIIANN,55.37,55.426476
2024-05-10 21:00:00,o3,PIIANN,36.8,44.541885
2024-03-08 12:00:00,o3,PIIANN,47.48,40.503067
2023-09-05 11:00:00,o3,PIIANN,13.2325,17.335787
2023-08-02 14:00:00,o3,PIIANN,14.015,16.043846
2025-04-04 23:00:00,o3,PIIANN,8.18,10.957845
2021-08-06 22:00:00,o3,PIIANN,25.53,26.456753
2023-02-01 14:00:00,o3,PIIANN,14.3575,15.811802
2022-10-12 18:00:00,o3,PIIANN,13.18,13.538233
2023-03-05 11:00:00,o3,PIIANN,12.6425,14.218201
2023-06-11 01:00:00,o3,PIIANN,0.78333384,5.615924
2023-01-04 02:00:00,o3,PIIANN,2.7093744,1.7267925
2025-12-05 09:00:00,o3,PIIANN,37.48,22.934385
2021-05-07 02:00:00,o3,PIIANN,26.07,27.81164
2025-03-04 17:00:00,o3,PIIANN,11.71,13.974891
2024-08-06 14:00:00,o3,PIIANN,54.05,41.903393
2021-07-04 05:00:00,o3,PIIANN,24.55,27.368664
2021-06-05 04:00:00,o3,PIIANN,16.52,19.381557
2022-04-01 13:00:00,o3,PIIANN,47.53,41.618652
2024-03-04 00:00:00,o3,PIIANN,5.9299994,7.3496027
2022-11-07 14:00:00,o3,PIIANN,16.12,35.263298
2021-01-06 06:00:00,o3,PIIANN,15.73,17.220343
2024-03-02 20:00:00,o3,PIIANN,5.54,7.2018204
2022-10-01 22:00:00,o3,PIIANN,19.36,19.083963
2021-12-12 15:00:00,o3,PIIANN,25.43,23.727692
2023-11-03 08:00:00,o3,PIIANN,3.2349997,5.354619
2023-07-10 11:00:00,o3,PIIANN,2.7475004,8.794064
2024-09-10 21:00:00,o3,PIIANN,14.16,13.031639
2023-06-05 19:00:00,o3,PIIANN,13.135,12.915155
2021-06-08 00:00:00,o3,PIIANN,25.09,26.339182
2023-06-02 07:00:00,o3,PIIANN,13.4225,14.077018
2024-01-03 02:00:00,o3,PIIANN,6.01,6.6832714
2023-02-06 05:00:00,o3,PIIANN,77.026665,61.71139
2025-12-09 23:00:00,o3,PIIANN,16.12,18.403603
2024-07-04 05:00:00,o3,PIIANN,5.59,6.5212708
2025-08-06 06:00:00,o3,PIIANN,17.59,23.33991
2021-09-12 11:00:00,o3,PIIANN,22.25,21.93161
2024-03-08 21:00:00,o3,PIIANN,27.74,41.157764
2024-08-03 15:00:00,o3,PIIANN,5.49,6.855401
2025-09-08 16:00:00,o3,PIIANN,16.12,17.360682
2024-12-06 13:00:00,o3,PIIANN,41.02,36.642403
2023-02-01 15:00:00,o3,PIIANN,14.4075,14.618307
2024-11-11 23:00:00,o3,PIIANN,24.99,37.80127
2023-07-04 05:00:00,o3,PIIANN,12.84,12.006338
2021-01-02 08:00:00,o3,PIIANN,8.92,9.993226
2024-09-04 08:00:00,o3,PIIANN,6.2699995,8.195347
2023-01-03 09:00:00,o3,PIIANN,2.6449995,6.527232
2024-02-09 18:00:00,o3,PIIANN,46.6,42.76524
2022-04-04 16:00:00,o3,PIIANN,13.13,16.334639
2025-07-11 18:00:00,o3,PIIANN,16.12,16.31902
2025-05-10 08:00:00,o3,PIIANN,16.12,20.100298
2021-11-03 19:00:00,o3,PIIANN,16.32,16.560303
2025-01-03 00:00:00,o3,PIIANN,15.38,16.092539
2024-06-04 00:00:00,o3,PIIANN,5.49,5.761142
2021-06-05 00:00:00,o3,PIIANN,17.15,25.807629
2024-08-01 19:00:00,o3,PIIANN,9.67,7.0838823
