target_timestamp,target,model,observed,predicted
2024-07-02 06:00:00,aqi,GRU,170.99999885407803,173.27412
2022-10-04 12:00:00,aqi,GRU,49.99999617118682,46.800045
2021-05-11 08:00:00,aqi,GRU,194.00000026631517,195.20117
2022-05-10 16:00:00,aqi,GRU,75.50000095790594,77.55251
2023-03-09 09:00:00,aqi,GRU,100.00000030079983,124.47798
2023-11-12 05:00:00,aqi,GRU,83.9999999540933,89.5479
2022-06-02 15:00:00,aqi,GRU,297.9999971586746,310.5918
2025-03-11 01:00:00,aqi,GRU,54.999999021072206,57.22677
2021-01-03 03:00:00,aqi,GRU,245.99999871249491,240.91982
2021-04-11 18:00:00,aqi,GRU,121.000000085698,130.0379
2024-10-06 09:00:00,aqi,GRU,37.999997129618976,37.687443
2023-07-09 13:00:00,aqi,GRU,100.00000030079983,128.77962
2022-09-10 17:00:00,aqi,GRU,60.50000020640686,63.83462
2022-07-06 19:00:00,aqi,GRU,80.00000157326352,78.13955
2022-01-12 16:00:00,aqi,GRU,257.0000010831642,257.69666
2025-08-10 11:00:00,aqi,GRU,59.000001300980514,56.82273
2023-12-08 11:00:00,aqi,GRU,100.00000030079983,98.11682
2021-06-11 13:00:00,aqi,GRU,111.00000023454504,106.40672
2025-10-09 05:00:00,aqi,GRU,76.99999986333229,75.440445
2021-03-02 13:00:00,aqi,GRU,285.0000014462082,290.55093
2024-10-03 08:00:00,aqi,GRU,132.00000001944323,130.96915
2022-02-11 15:00:00,aqi,GRU,205.0000026369845,217.61389
2023-12-07 16:00:00,aqi,GRU,100.00000030079983,108.60588
2023-05-08 18:00:00,aqi,GRU,72.00000091252545,69.75215
2023-01-01 09:00:00,aqi,GRU,180.0000000847932,192.54877
2023-08-02 22:00:00,aqi,GRU,314.99999515104935,315.2065
2021-04-02 17:00:00,aqi,GRU,252.9999988032559,250.51833
2025-09-12 18:00:00,aqi,GRU,95.00000037522334,94.2988
2025-12-05 03:00:00,aqi,GRU,68.99999920259421,71.37641
2021-01-07 07:00:00,aqi,GRU,53.99999845109513,55.062263
2025-07-07 18:00:00,aqi,GRU,100.00000030079983,107.15144
2025-01-02 06:00:00,aqi,GRU,100.00000030079983,107.55997
2025-11-12 01:00:00,aqi,GRU,78.00000043330937,86.928535
2025-12-07 11:00:00,aqi,GRU,30.00000036795943,29.899517
2023-09-12 07:00:00,aqi,GRU,100.00000030079983,94.41927
2023-11-01 23:00:00,aqi,GRU,289.0000037261165,299.01212
2022-09-12 20:00:00,aqi,GRU,160.00000038248726,167.60954
2021-12-12 09:00:00,aqi,GRU,158.99999981251017,162.91504
2024-06-12 21:00:00,aqi,GRU,100.00000030079983,127.178894
2021-04-12 13:00:00,aqi,GRU,103.99999965639923,99.12414
2025-05-09 06:00:00,aqi,GRU,55.99999959104928,50.87189
2022-04-12 14:00:00,aqi,GRU,187.99999684645275,189.3615
2021-05-04 23:00:00,aqi,GRU,100.00000030079983,143.7398
2023-12-08 04:00:00,aqi,GRU,100.00000030079983,103.29761
2022-08-01 17:00:00,aqi,GRU,100.00000030079983,121.24818
2022-01-04 08:00:00,aqi,GRU,207.00000377693863,207.72618
2022-11-10 21:00:00,aqi,GRU,71.00000034254836,94.329506
2024-02-05 07:00:00,aqi,GRU,151.99999972174916,150.26004
2021-06-08 18:00:00,aqi,GRU,59.000001300980514,58.25026
2024-11-07 14:00:00,aqi,GRU,100.00000030079983,107.89592
2025-12-03 07:00:00,aqi,GRU,100.00000030079983,112.04137
2023-03-05 08:00:00,aqi,GRU,51.00000064024243,51.084614
2023-05-09 19:00:00,aqi,GRU,100.00000030079983,133.86903
2024-07-03 06:00:00,aqi,GRU,136.00000034981227,134.83008
2024-10-07 06:00:00,aqi,GRU,100.00000030079983,108.93214
2024-05-08 18:00:00,aqi,GRU,100.00000030079983,113.38513
2022-04-08 13:00:00,aqi,GRU,49.99999617118682,40.795017
2024-12-05 04:00:00,aqi,GRU,250.00000099240322,58.456936
2024-09-11 09:00:00,aqi,GRU,100.00000030079983,112.38402
2025-05-04 22:00:00,aqi,GRU,134.9999997798352,132.35161
2022-09-11 02:00:00,aqi,GRU,269.99999679563064,287.36224
2022-10-09 03:00:00,aqi,GRU,61.99999911183321,69.386055
2021-04-03 13:00:00,aqi,GRU,100.00000030079983,159.24242
2021-08-01 16:00:00,aqi,GRU,100.00000030079983,135.7926
2021-12-03 02:00:00,aqi,GRU,100.00000030079983,153.61409
2022-02-11 07:00:00,aqi,GRU,233.99999967092705,231.6721
2023-05-11 21:00:00,aqi,GRU,118.99999992051349,122.47877
2022-04-07 04:00:00,aqi,GRU,229.0000007201202,207.54617
2025-07-05 13:00:00,aqi,GRU,93.99999980524626,88.06995
2023-09-08 22:00:00,aqi,GRU,83.9999999540933,84.03996
2025-04-08 22:00:00,aqi,GRU,54.999999021072206,58.85511
2025-12-10 05:00:00,aqi,GRU,174.00000056400927,174.87234
2022-07-11 08:00:00,aqi,GRU,258.9999944249613,266.96088
2024-02-11 22:00:00,aqi,GRU,100.00000030079983,117.091995
2022-09-08 12:00:00,aqi,GRU,74.99999872337814,85.82429
2024-11-07 04:00:00,aqi,GRU,100.00000030079983,121.88917
2021-05-11 17:00:00,aqi,GRU,201.0000003570762,202.19841
2022-02-11 10:00:00,aqi,GRU,231.00000186007435,228.47658
2024-06-12 16:00:00,aqi,GRU,100.00000030079983,127.24514
2021-11-05 21:00:00,aqi,GRU,100.00000030079983,115.46585
2025-08-05 22:00:00,aqi,GRU,66.99999806264006,68.986206
2025-07-05 18:00:00,aqi,GRU,91.00000004485429,91.1894
2024-11-02 09:00:00,aqi,GRU,121.000000085698,126.85212
2022-04-04 00:00:00,aqi,GRU,233.0000030000285,232.33488
2025-08-12 06:00:00,aqi,GRU,112.99999991234475,112.91892
2023-01-04 17:00:00,aqi,GRU,100.00000030079983,104.683624
2025-04-02 22:00:00,aqi,GRU,100.00000030079983,115.136086
2022-08-04 03:00:00,aqi,GRU,115.00000001660617,103.96979
2022-10-08 22:00:00,aqi,GRU,46.99999836033413,51.11716
2024-06-07 13:00:00,aqi,GRU,58.00000073100343,56.81114
2021-05-09 09:00:00,aqi,GRU,44.00000054948143,49.667133
2022-08-03 22:00:00,aqi,GRU,261.0000033630725,246.22505
2025-12-05 07:00:00,aqi,GRU,67.99999863261714,67.31596
2021-03-08 01:00:00,aqi,GRU,54.999999021072206,52.773197
2024-11-06 21:00:00,aqi,GRU,41.99999940952728,49.343815
2025-10-04 23:00:00,aqi,GRU,80.99999824416207,84.23491
2021-03-03 07:00:00,aqi,GRU,100.00000030079983,135.27678
2025-03-03 00:00:00,aqi,GRU,100.00000030079983,114.181786
2025-09-11 11:00:00,aqi,GRU,121.000000085698,119.77976
2022-07-02 13:00:00,aqi,GRU,247.00000318155054,258.1434
2022-06-03 02:00:00,aqi,GRU,275.0000035445945,266.41388
2024-10-02 21:00:00,aqi,GRU,129.9999998542587,134.48096
2025-01-05 23:00:00,aqi,GRU,79.00000100328644,78.60424
2023-02-11 09:00:00,aqi,GRU,73.99999815340107,73.707085
2021-08-07 16:00:00,aqi,GRU,61.99999911183321,57.060028
2024-02-03 07:00:00,aqi,GRU,121.000000085698,121.10485
2025-09-08 10:00:00,aqi,GRU,62.99999968181029,59.699364
2024-10-05 12:00:00,aqi,GRU,193.00000359541664,185.46098
2024-07-02 21:00:00,aqi,GRU,178.9999995148161,176.93036
2022-03-09 06:00:00,aqi,GRU,100.00000030079983,125.931435
2021-02-12 05:00:00,aqi,GRU,64.00000025178736,61.711136
2023-09-12 18:00:00,aqi,GRU,100.00000030079983,111.65213
2021-07-04 01:00:00,aqi,GRU,191.0000024554625,194.64499
2021-07-13 02:00:00,aqi,GRU,100.00000030079983,152.60521
2023-12-05 22:00:00,aqi,GRU,66.99999806264006,68.73522
2024-06-07 18:00:00,aqi,GRU,60.00000187095759,60.83177
2023-07-08 13:00:00,aqi,GRU,81.99999881413913,77.316025
2021-06-05 03:00:00,aqi,GRU,103.00000006119178,102.038666
2025-09-05 09:00:00,aqi,GRU,72.00000091252545,68.7117
2023-07-04 17:00:00,aqi,GRU,125.99999952388967,122.68591
2021-01-09 09:00:00,aqi,GRU,27.999999228005265,31.505787
2025-11-07 01:00:00,aqi,GRU,100.00000030079983,88.1281
2023-06-11 01:00:00,aqi,GRU,115.999999992583,131.64703
2021-02-05 11:00:00,aqi,GRU,112.99999991234475,110.57016
2023-06-12 19:00:00,aqi,GRU,137.00000091978936,138.66266
2021-07-07 22:00:00,aqi,GRU,80.00000157326352,84.11609
2022-07-04 09:00:00,aqi,GRU,113.99999999493701,109.585495
2022-02-12 16:00:00,aqi,GRU,220.9999961603036,229.50409
2022-10-11 04:00:00,aqi,GRU,285.0000014462082,290.6616
2024-01-05 15:00:00,aqi,GRU,129.9999998542587,129.93001
2022-04-05 02:00:00,aqi,GRU,37.999997129618976,37.333706
2021-09-02 10:00:00,aqi,GRU,229.0000007201202,242.38898
2025-04-12 03:00:00,aqi,GRU,125.99999952388967,131.70898
2024-07-10 06:00:00,aqi,GRU,100.00000030079983,112.537735
2022-04-04 08:00:00,aqi,GRU,212.00000272774548,210.47357
2023-02-07 14:00:00,aqi,GRU,100.00000030079983,97.9478
2022-09-04 13:00:00,aqi,GRU,92.00000061483138,90.20992
2022-07-12 20:00:00,aqi,GRU,335.99999542333234,341.65976
2024-04-01 16:00:00,aqi,GRU,125.99999952388967,128.26282
2021-12-09 13:00:00,aqi,GRU,25.000001417152575,26.904362
2023-07-05 01:00:00,aqi,GRU,49.99999617118682,53.374676
2025-11-07 23:00:00,aqi,GRU,30.99999703885797,37.28343
2024-04-02 15:00:00,aqi,GRU,191.0000024554625,188.4088
2024-01-04 06:00:00,aqi,GRU,115.00000001660617,112.61401
2025-09-12 09:00:00,aqi,GRU,105.99999982158374,103.92447
2025-03-11 18:00:00,aqi,GRU,55.99999959104928,55.890976
2024-09-07 20:00:00,aqi,GRU,100.00000030079983,109.50132
2023-09-09 20:00:00,aqi,GRU,100.00000030079983,117.931
2021-07-12 01:00:00,aqi,GRU,115.999999992583,124.89134
2024-07-11 13:00:00,aqi,GRU,100.00000030079983,126.49663
2021-08-08 19:00:00,aqi,GRU,66.99999806264006,65.670296
2021-11-12 19:00:00,aqi,GRU,150.9999991517721,161.87334
2022-02-09 21:00:00,aqi,GRU,35.500001553294084,49.748142
2024-01-05 09:00:00,aqi,GRU,134.9999997798352,130.86424
2022-05-01 23:00:00,aqi,GRU,207.00000377693863,203.88028
2024-06-06 18:00:00,aqi,GRU,60.00000187095759,56.896866
2024-01-12 15:00:00,aqi,GRU,100.00000030079983,126.92558
2024-03-11 15:00:00,aqi,GRU,100.00000030079983,130.91388
2022-05-10 07:00:00,aqi,GRU,69.99999977257129,83.04694
2023-03-05 13:00:00,aqi,GRU,49.99999617118682,48.289165
2023-07-05 05:00:00,aqi,GRU,48.99999950028828,49.67384
2024-07-10 10:00:00,aqi,GRU,100.00000030079983,115.30645
2023-05-07 10:00:00,aqi,GRU,102.00000046598434,95.21886
2022-03-04 20:00:00,aqi,GRU,243.99999757254074,242.7319
2023-08-11 14:00:00,aqi,GRU,115.00000001660617,114.30714
2022-02-01 22:00:00,aqi,GRU,151.99999972174916,154.28363
2023-10-02 08:00:00,aqi,GRU,313.00000180925224,318.8936
2025-03-11 08:00:00,aqi,GRU,49.99999617118682,47.51537
2023-10-09 04:00:00,aqi,GRU,100.00000030079983,119.42504
2025-01-12 00:00:00,aqi,GRU,95.00000037522334,57.874405
2023-02-11 18:00:00,aqi,GRU,100.00000030079983,75.72144
2025-09-10 13:00:00,aqi,GRU,96.00000094520041,95.38623
2021-11-09 21:00:00,aqi,GRU,23.000000277198424,33.107044
2025-08-09 06:00:00,aqi,GRU,60.00000187095759,56.630318
2024-12-13 00:00:00,aqi,GRU,100.00000030079983,110.50723
2022-02-07 01:00:00,aqi,GRU,100.00000030079983,110.06978
2023-10-07 22:00:00,aqi,GRU,51.00000064024243,59.85221
2023-02-03 06:00:00,aqi,GRU,140.99999930061912,142.0944
2025-11-12 04:00:00,aqi,GRU,78.00000043330937,78.48986
2025-02-09 00:00:00,aqi,GRU,51.00000064024243,60.12878
2021-02-08 23:00:00,aqi,GRU,53.000001780196584,51.519985
2025-06-02 10:00:00,aqi,GRU,100.00000030079983,121.808815
2024-05-13 00:00:00,aqi,GRU,100.00000030079983,115.722855
2021-09-04 07:00:00,aqi,GRU,147.0000007709423,142.58377
2022-09-08 14:00:00,aqi,GRU,60.99999854185613,67.13796
2021-11-02 05:00:00,aqi,GRU,306.0000017184912,311.5187
2025-06-05 08:00:00,aqi,GRU,98.0000001356153,92.40098
2024-07-03 21:00:00,aqi,GRU,141.9999998705962,142.08331
2023-05-11 02:00:00,aqi,GRU,111.00000023454504,109.57266
2025-01-12 14:00:00,aqi,GRU,105.0000002263763,104.18228
2023-11-12 04:00:00,aqi,GRU,85.00000052407037,90.87793
2024-05-12 17:00:00,aqi,GRU,100.00000030079983,142.74722
2022-07-06 20:00:00,aqi,GRU,78.00000043330937,77.45288
2023-01-09 20:00:00,aqi,GRU,100.00000030079983,122.432106
2022-12-09 21:00:00,aqi,GRU,83.9999999540933,83.66217
2022-07-10 19:00:00,aqi,GRU,67.99999863261714,84.220116
2025-09-03 17:00:00,aqi,GRU,100.00000030079983,115.66479
2025-09-01 22:00:00,aqi,GRU,100.00000030079983,116.93978
2022-02-07 14:00:00,aqi,GRU,100.00000030079983,102.09215
2024-01-09 05:00:00,aqi,GRU,100.00000030079983,110.18367
2021-08-04 23:00:00,aqi,GRU,100.00000030079983,131.97942
2021-02-12 00:00:00,aqi,GRU,78.00000043330937,185.79503
2023-06-04 16:00:00,aqi,GRU,96.99999956563822,97.485115
2023-02-03 04:00:00,aqi,GRU,137.00000091978936,162.66896
2021-02-09 13:00:00,aqi,GRU,44.00000054948143,39.589436
2025-05-06 08:00:00,aqi,GRU,64.00000025178736,62.067192
2024-11-11 23:00:00,aqi,GRU,100.00000030079983,102.11758
2024-10-11 01:00:00,aqi,GRU,100.00000030079983,109.945404
2025-07-02 23:00:00,aqi,GRU,100.00000030079983,120.17457
2023-12-08 00:00:00,aqi,GRU,100.00000030079983,108.76285
2024-05-03 20:00:00,aqi,GRU,122.99999976349771,121.823616
2024-01-01 12:00:00,aqi,GRU,110.00000015195279,111.86792
2023-01-03 07:00:00,aqi,GRU,137.00000091978936,143.62073
2022-05-02 01:00:00,aqi,GRU,100.00000030079983,164.7463
2022-11-04 08:00:00,aqi,GRU,44.99999722037998,42.69602
2022-08-09 13:00:00,aqi,GRU,66.0000013917415,63.49395
2024-04-11 00:00:00,aqi,GRU,100.00000030079983,115.85321
2024-06-08 20:00:00,aqi,GRU,100.00000030079983,115.359955
2022-08-05 19:00:00,aqi,GRU,217.00000167855234,215.1908
2025-09-07 17:00:00,aqi,GRU,30.00000036795943,31.32938
2021-06-08 19:00:00,aqi,GRU,61.99999911183321,59.203342
2025-05-03 01:00:00,aqi,GRU,100.00000030079983,124.46505
2021-08-02 21:00:00,aqi,GRU,208.00000044783718,198.77689
2022-10-08 19:00:00,aqi,GRU,46.99999836033413,50.236713
2025-06-07 12:00:00,aqi,GRU,100.00000030079983,112.966805
2022-06-11 00:00:00,aqi,GRU,203.00000149703033,95.90539
2025-09-11 23:00:00,aqi,GRU,107.99999998676827,110.10357
2022-09-09 16:00:00,aqi,GRU,136.00000034981227,129.21425
2021-02-11 15:00:00,aqi,GRU,180.0000000847932,186.61409
2023-06-08 09:00:00,aqi,GRU,74.99999872337814,73.937515
2023-07-02 23:00:00,aqi,GRU,224.9999984402119,228.80713
2023-10-09 13:00:00,aqi,GRU,100.00000030079983,117.44614
2022-05-11 04:00:00,aqi,GRU,210.99999825868989,213.17676
2025-11-11 12:00:00,aqi,GRU,121.000000085698,124.493256
2023-05-02 07:00:00,aqi,GRU,307.9999950602883,314.01428
2021-01-07 15:00:00,aqi,GRU,41.99999940952728,46.93182
2023-06-04 11:00:00,aqi,GRU,100.00000030079983,96.91166
2022-03-01 19:00:00,aqi,GRU,200.00000368617765,207.02977
2025-06-08 02:00:00,aqi,GRU,54.999999021072206,46.41599
2023-04-08 17:00:00,aqi,GRU,76.99999986333229,73.61039
2024-12-03 22:00:00,aqi,GRU,124.99999992868223,128.51328
2025-04-07 18:00:00,aqi,GRU,59.000001300980514,57.169575
2022-08-04 16:00:00,aqi,GRU,102.00000046598434,100.557106
2023-04-10 10:00:00,aqi,GRU,154.0000008617033,152.22241
2023-05-11 08:00:00,aqi,GRU,115.999999992583,111.06123
2022-09-03 15:00:00,aqi,GRU,251.99999433420032,258.97543
2022-01-03 06:00:00,aqi,GRU,100.00000030079983,143.80946
2021-02-05 23:00:00,aqi,GRU,120.00000000310575,127.389565
2025-05-06 15:00:00,aqi,GRU,86.99999971448526,93.322075
2024-10-09 10:00:00,aqi,GRU,100.00000030079983,108.82863
2025-11-10 17:00:00,aqi,GRU,172.99999999403218,172.46342
2021-11-09 03:00:00,aqi,GRU,23.000000277198424,28.462147
2023-04-12 19:00:00,aqi,GRU,100.00000030079983,100.704865
2022-06-04 05:00:00,aqi,GRU,110.00000015195279,108.47207
2021-09-03 10:00:00,aqi,GRU,100.00000030079983,147.10675
2023-11-05 18:00:00,aqi,GRU,76.99999986333229,77.83992
2021-07-03 02:00:00,aqi,GRU,100.00000030079983,168.23882
2022-03-12 11:00:00,aqi,GRU,194.99999693721372,191.0957
2025-09-10 17:00:00,aqi,GRU,107.99999998676827,105.76503
2022-10-09 23:00:00,aqi,GRU,73.99999815340107,72.283195
2024-04-12 13:00:00,aqi,GRU,100.00000030079983,125.03746
2024-06-09 08:00:00,aqi,GRU,100.00000030079983,116.29994
2025-08-11 04:00:00,aqi,GRU,131.0000004242358,125.712616
2025-06-11 10:00:00,aqi,GRU,85.00000052407037,80.12737
2023-07-02 15:00:00,aqi,GRU,243.99999757254074,249.50583
2024-05-09 01:00:00,aqi,GRU,100.00000030079983,113.976494
2024-06-11 10:00:00,aqi,GRU,100.00000030079983,120.945045
2023-09-10 05:00:00,aqi,GRU,180.0000000847932,177.24738
2022-01-10 02:00:00,aqi,GRU,96.99999956563822,107.42368
2024-08-04 13:00:00,aqi,GRU,95.00000037522334,98.958435
2021-08-02 02:00:00,aqi,GRU,236.99999748177976,251.94328
2022-08-01 16:00:00,aqi,GRU,100.00000030079983,120.76375
2022-05-11 22:00:00,aqi,GRU,201.99999702797473,212.00615
2024-01-07 00:00:00,aqi,GRU,61.99999911183321,59.88995
2024-01-07 19:00:00,aqi,GRU,73.00000148250251,72.974915
2024-11-11 05:00:00,aqi,GRU,100.00000030079983,110.4921
2024-04-07 03:00:00,aqi,GRU,53.99999845109513,54.885906
2024-07-08 15:00:00,aqi,GRU,100.00000030079983,117.03617
2023-09-02 23:00:00,aqi,GRU,320.0000019000132,323.7075
2025-07-11 16:00:00,aqi,GRU,150.9999991517721,151.90947
2021-08-01 15:00:00,aqi,GRU,100.00000030079983,137.57242
2024-08-06 11:00:00,aqi,GRU,69.99999977257129,68.42464
2023-03-05 04:00:00,aqi,GRU,53.99999845109513,55.037277
2021-09-04 08:00:00,aqi,GRU,147.0000007709423,143.75641
2025-05-12 21:00:00,aqi,GRU,129.00000025905126,135.0862
2025-08-02 16:00:00,aqi,GRU,100.00000030079983,142.21751
2021-05-02 09:00:00,aqi,GRU,272.9999946064833,277.59885
2022-12-02 03:00:00,aqi,GRU,127.00000009386676,137.39224
2021-04-12 10:00:00,aqi,GRU,100.00000030079983,95.11792
2025-05-11 10:00:00,aqi,GRU,60.00000187095759,57.680775
2024-04-03 21:00:00,aqi,GRU,92.00000061483138,88.37032
2023-12-04 17:00:00,aqi,GRU,107.00000039156082,103.356705
2025-06-04 02:00:00,aqi,GRU,133.99999920985812,138.81421
2024-06-05 00:00:00,aqi,GRU,100.00000030079983,135.93492
2021-06-09 02:00:00,aqi,GRU,48.00000282938973,50.80614
2023-05-09 10:00:00,aqi,GRU,100.00000030079983,128.2598
2024-07-12 21:00:00,aqi,GRU,100.00000030079983,112.54496
2024-04-08 18:00:00,aqi,GRU,100.00000030079983,117.529205
2025-07-12 14:00:00,aqi,GRU,110.00000015195279,107.74984
2024-12-09 16:00:00,aqi,GRU,100.00000030079983,108.38283
2022-04-11 12:00:00,aqi,GRU,212.99999939864404,185.67729
2021-04-01 18:00:00,aqi,GRU,252.9999988032559,264.64432
2025-05-12 10:00:00,aqi,GRU,140.0000006801813,135.84293
2025-06-02 17:00:00,aqi,GRU,100.00000030079983,134.57703
2025-07-12 20:00:00,aqi,GRU,112.99999991234475,115.99813
2023-12-13 00:00:00,aqi,GRU,100.00000030079983,115.61761
2025-12-04 08:00:00,aqi,GRU,93.99999980524626,88.64117
2025-10-09 01:00:00,aqi,GRU,76.99999986333229,75.67432
2022-09-08 23:00:00,aqi,GRU,44.00000054948143,50.387287
2022-07-10 06:00:00,aqi,GRU,71.00000034254836,75.53337
2025-03-08 10:00:00,aqi,GRU,53.99999845109513,49.466656
2024-10-06 04:00:00,aqi,GRU,41.99999940952728,39.446835
2025-04-02 13:00:00,aqi,GRU,100.00000030079983,127.97088
2025-07-02 05:00:00,aqi,GRU,100.00000030079983,120.78193
2021-06-02 01:00:00,aqi,GRU,255.99999661410862,257.96307
2021-03-06 00:00:00,aqi,GRU,100.00000030079983,119.80168
2024-03-02 14:00:00,aqi,GRU,144.99999963098816,138.03123
2021-01-02 08:00:00,aqi,GRU,275.999992417336,279.15497
2023-03-11 19:00:00,aqi,GRU,140.99999930061912,140.03801
2022-08-08 02:00:00,aqi,GRU,92.00000061483138,84.56079
2021-01-08 05:00:00,aqi,GRU,46.99999836033413,44.065327
2023-12-11 03:00:00,aqi,GRU,103.00000006119178,108.29683
2025-10-05 08:00:00,aqi,GRU,67.99999863261714,65.95887
2021-02-11 09:00:00,aqi,GRU,174.00000056400927,176.77542
2022-02-06 13:00:00,aqi,GRU,100.00000030079983,130.31528
2025-11-12 21:00:00,aqi,GRU,82.99999938411622,114.29525
2022-08-07 05:00:00,aqi,GRU,49.99999617118682,52.10934
2021-08-05 16:00:00,aqi,GRU,100.00000030079983,108.653145
2024-07-09 11:00:00,aqi,GRU,100.00000030079983,119.26836
2022-09-06 00:00:00,aqi,GRU,57.00000016102636,120.81302
2022-12-10 05:00:00,aqi,GRU,66.99999806264006,78.23638
2021-12-01 14:00:00,aqi,GRU,103.00000006119178,107.561584
2025-06-04 11:00:00,aqi,GRU,127.9999996890742,128.03673
2022-12-05 04:00:00,aqi,GRU,100.99999989600727,104.22878
2025-04-05 12:00:00,aqi,GRU,89.99999947487723,88.42396
2024-09-04 01:00:00,aqi,GRU,92.99999923526919,109.85246
2023-01-05 03:00:00,aqi,GRU,55.99999959104928,54.672142
2021-10-05 16:00:00,aqi,GRU,100.00000030079983,103.22285
2023-04-11 21:00:00,aqi,GRU,107.00000039156082,117.23159
2021-12-02 22:00:00,aqi,GRU,322.99999971086595,321.6753
2023-09-13 01:00:00,aqi,GRU,100.00000030079983,115.38351
2021-03-03 00:00:00,aqi,GRU,100.00000030079983,265.18588
2021-07-08 11:00:00,aqi,GRU,49.99999617118682,45.723858
2025-09-11 13:00:00,aqi,GRU,120.00000000310575,119.12702
2023-10-04 23:00:00,aqi,GRU,100.99999989600727,107.17418
2024-12-09 23:00:00,aqi,GRU,100.00000030079983,114.67176
2023-12-01 22:00:00,aqi,GRU,278.00000135544724,286.97568
2021-07-09 00:00:00,aqi,GRU,34.00000264786773,52.76197
2022-03-05 00:00:00,aqi,GRU,49.99999617118682,221.65639
2021-05-07 23:00:00,aqi,GRU,80.99999824416207,84.97539
2024-01-11 13:00:00,aqi,GRU,100.00000030079983,118.390236
2022-05-07 21:00:00,aqi,GRU,85.99999914450818,96.33801
2025-01-09 21:00:00,aqi,GRU,53.000001780196584,54.371033
2024-06-08 14:00:00,aqi,GRU,100.00000030079983,111.70463
2023-05-10 07:00:00,aqi,GRU,212.00000272774548,205.31401
2022-03-01 14:00:00,aqi,GRU,191.0000024554625,188.73236
2024-01-07 02:00:00,aqi,GRU,62.99999968181029,68.6269
2024-01-04 09:00:00,aqi,GRU,115.00000001660617,110.77137
2022-06-04 20:00:00,aqi,GRU,121.000000085698,119.23748
2025-06-07 21:00:00,aqi,GRU,100.00000030079983,103.52154
2022-06-01 16:00:00,aqi,GRU,151.99999972174916,153.05806
2021-07-07 07:00:00,aqi,GRU,79.00000100328644,75.00845
2021-05-05 06:00:00,aqi,GRU,110.00000015195279,104.90002
2024-08-10 05:00:00,aqi,GRU,100.00000030079983,113.07183
2025-07-11 12:00:00,aqi,GRU,140.0000006801813,137.05942
2024-08-06 12:00:00,aqi,GRU,68.99999920259421,66.98986
2022-07-02 18:00:00,aqi,GRU,219.99999948940504,228.50174
2023-04-02 11:00:00,aqi,GRU,264.0000011739252,261.41568
2023-04-07 18:00:00,aqi,GRU,103.99999965639923,101.33925
2024-03-02 15:00:00,aqi,GRU,146.00000020096525,142.72858
2024-12-11 20:00:00,aqi,GRU,100.00000030079983,105.62866
2021-05-07 16:00:00,aqi,GRU,71.00000034254836,64.2097
2022-02-08 15:00:00,aqi,GRU,100.00000030079983,113.5313
2024-11-07 05:00:00,aqi,GRU,100.00000030079983,121.5274
2021-08-01 21:00:00,aqi,GRU,100.00000030079983,168.54237
2023-05-08 08:00:00,aqi,GRU,74.99999872337814,74.73225
2025-12-12 22:00:00,aqi,GRU,105.99999982158374,112.912
2021-05-09 01:00:00,aqi,GRU,55.99999959104928,49.42773
2024-04-08 20:00:00,aqi,GRU,100.00000030079983,115.172226
2025-06-05 23:00:00,aqi,GRU,86.99999971448526,97.07445
2022-11-12 19:00:00,aqi,GRU,296.99999268961903,301.5543
2025-07-05 22:00:00,aqi,GRU,80.00000157326352,81.3084
2024-02-08 09:00:00,aqi,GRU,100.00000030079983,109.82528
2025-03-06 15:00:00,aqi,GRU,76.99999986333229,77.531654
2021-09-07 12:00:00,aqi,GRU,48.99999950028828,42.8309
2024-10-04 04:00:00,aqi,GRU,111.00000023454504,108.10362
2024-02-10 00:00:00,aqi,GRU,100.00000030079983,108.86832
2021-07-04 07:00:00,aqi,GRU,189.99999798640687,189.55052
2023-04-12 16:00:00,aqi,GRU,98.0000001356153,99.94569
2023-05-09 01:00:00,aqi,GRU,100.00000030079983,97.23582
2021-10-09 11:00:00,aqi,GRU,25.999998088051115,28.256855
2025-11-09 18:00:00,aqi,GRU,76.99999986333229,75.72415
2021-08-12 12:00:00,aqi,GRU,170.99999885407803,168.68443
2022-11-06 14:00:00,aqi,GRU,29.000003697060876,29.868542
2024-07-11 02:00:00,aqi,GRU,100.00000030079983,117.99194
2022-12-05 08:00:00,aqi,GRU,103.00000006119178,100.807304
2022-04-09 23:00:00,aqi,GRU,100.00000030079983,130.47044
2023-06-01 19:00:00,aqi,GRU,303.00000390763853,310.4177
2024-10-09 14:00:00,aqi,GRU,100.00000030079983,105.84876
2025-03-05 00:00:00,aqi,GRU,86.99999971448526,121.47268
2023-04-01 15:00:00,aqi,GRU,297.9999971586746,298.8272
2023-03-12 00:00:00,aqi,GRU,111.00000023454504,150.71486
2022-05-02 21:00:00,aqi,GRU,311.9999973401966,305.79297
2024-03-07 17:00:00,aqi,GRU,66.0000013917415,66.99923
2022-01-03 09:00:00,aqi,GRU,100.00000030079983,140.8041
2025-05-08 00:00:00,aqi,GRU,54.999999021072206,112.21215
2022-05-02 03:00:00,aqi,GRU,100.00000030079983,148.08113
2023-02-02 10:00:00,aqi,GRU,227.9999962510646,227.69678
2023-12-01 10:00:00,aqi,GRU,294.9999993478219,296.59198
2023-11-08 14:00:00,aqi,GRU,100.00000030079983,106.65419
2025-04-11 16:00:00,aqi,GRU,53.000001780196584,54.271072
2025-03-12 07:00:00,aqi,GRU,124.00000033347479,122.376114
2022-11-12 20:00:00,aqi,GRU,294.9999993478219,304.63422
2023-05-01 17:00:00,aqi,GRU,300.99999496952734,304.94073
2023-08-07 08:00:00,aqi,GRU,62.99999968181029,60.599003
2021-08-03 19:00:00,aqi,GRU,100.00000030079983,159.30945
2022-03-08 22:00:00,aqi,GRU,43.00000387858289,50.445965
2022-07-11 12:00:00,aqi,GRU,241.9999964325866,250.7078
2023-11-05 19:00:00,aqi,GRU,80.99999824416207,78.79127
2022-08-04 01:00:00,aqi,GRU,113.99999999493701,112.843025
2023-08-11 06:00:00,aqi,GRU,112.99999991234475,116.28254
2022-11-02 00:00:00,aqi,GRU,189.99999798640687,129.04639
2023-06-01 15:00:00,aqi,GRU,324.0000041799215,322.32135
2022-12-04 19:00:00,aqi,GRU,48.00000282938973,49.48794
2025-12-12 02:00:00,aqi,GRU,85.99999914450818,91.10421
2022-06-02 08:00:00,aqi,GRU,300.99999496952734,297.13562
2024-05-06 18:00:00,aqi,GRU,68.99999920259421,71.4353
2023-01-11 14:00:00,aqi,GRU,66.0000013917415,66.1386
2021-08-02 07:00:00,aqi,GRU,238.00000195083535,236.0491
2025-01-10 07:00:00,aqi,GRU,37.00000045872042,36.717876
2023-08-02 02:00:00,aqi,GRU,224.9999984402119,237.69992
2021-08-08 16:00:00,aqi,GRU,65.00000082176444,60.157993
2022-10-02 03:00:00,aqi,GRU,113.99999999493701,120.8247
2023-02-10 18:00:00,aqi,GRU,81.99999881413913,81.49727
2025-01-11 00:00:00,aqi,GRU,54.999999021072206,50.830456
2021-06-12 09:00:00,aqi,GRU,89.99999947487723,88.0894
2022-11-12 08:00:00,aqi,GRU,255.00000774136714,258.82062
2022-01-09 22:00:00,aqi,GRU,34.00000264786773,44.152203
2023-12-12 16:00:00,aqi,GRU,100.00000030079983,108.80097
2025-01-04 14:00:00,aqi,GRU,125.99999952388967,130.74835
2024-07-04 07:00:00,aqi,GRU,134.9999997798352,131.82657
2022-08-04 17:00:00,aqi,GRU,102.00000046598434,101.696945
2022-04-03 20:00:00,aqi,GRU,241.9999964325866,250.17232
2025-01-04 17:00:00,aqi,GRU,132.00000001944323,146.10266
2021-12-11 11:00:00,aqi,GRU,149.999998581795,153.19893
2024-08-08 01:00:00,aqi,GRU,100.00000030079983,108.661415
2024-10-01 18:00:00,aqi,GRU,76.99999986333229,75.651146
2022-01-12 23:00:00,aqi,GRU,261.0000033630725,271.54486
2021-02-03 11:00:00,aqi,GRU,100.00000030079983,163.92769
2024-08-11 01:00:00,aqi,GRU,100.00000030079983,110.888275
2021-01-04 22:00:00,aqi,GRU,100.00000030079983,138.16919
2021-02-09 06:00:00,aqi,GRU,32.99999817881212,37.423122
2022-02-01 11:00:00,aqi,GRU,157.99999924253308,156.90393
2023-09-08 00:00:00,aqi,GRU,78.00000043330937,59.949844
2025-10-10 10:00:00,aqi,GRU,139.00000011020424,136.95166
2022-04-01 21:00:00,aqi,GRU,165.99999990327117,166.64485
2022-02-03 05:00:00,aqi,GRU,240.99999976168806,243.55453
2022-01-01 17:00:00,aqi,GRU,133.00000058942032,130.7283
2025-06-09 01:00:00,aqi,GRU,55.99999959104928,63.908993
2021-11-02 02:00:00,aqi,GRU,294.9999993478219,311.7137
2025-08-03 22:00:00,aqi,GRU,100.00000030079983,126.96485
2022-04-07 17:00:00,aqi,GRU,182.9999978956459,177.58546
2023-06-07 12:00:00,aqi,GRU,64.00000025178736,59.392483
2023-01-05 18:00:00,aqi,GRU,49.99999617118682,51.050945
2024-06-09 20:00:00,aqi,GRU,100.00000030079983,119.36805
2024-03-10 16:00:00,aqi,GRU,100.00000030079983,119.896194
2025-07-03 21:00:00,aqi,GRU,100.00000030079983,136.66344
2023-12-02 11:00:00,aqi,GRU,272.00000573374183,273.51868
2022-01-08 21:00:00,aqi,GRU,100.00000030079983,104.08449
2025-03-05 07:00:00,aqi,GRU,85.99999914450818,80.833664
2023-08-02 16:00:00,aqi,GRU,306.0000017184912,309.16098
2022-02-08 18:00:00,aqi,GRU,100.00000030079983,111.77606
2024-02-04 08:00:00,aqi,GRU,120.00000000310575,116.556145
2023-02-11 05:00:00,aqi,GRU,78.00000043330937,82.2915
2023-02-09 21:00:00,aqi,GRU,100.00000030079983,127.78104
2025-10-07 16:00:00,aqi,GRU,20.00000246634572,33.23911
2022-10-12 08:00:00,aqi,GRU,153.00000029172625,153.03886
2022-12-10 15:00:00,aqi,GRU,64.00000025178736,72.137024
2021-12-09 07:00:00,aqi,GRU,23.000000277198424,25.736942
2023-05-01 18:00:00,aqi,GRU,301.9999994385829,306.11316
2024-09-07 03:00:00,aqi,GRU,100.00000030079983,114.73767
2022-02-08 12:00:00,aqi,GRU,100.00000030079983,119.50077
2022-11-03 03:00:00,aqi,GRU,251.99999433420032,267.3133
2025-04-06 18:00:00,aqi,GRU,49.99999617118682,52.324585
2022-11-06 09:00:00,aqi,GRU,39.00000159867457,37.75333
2021-05-12 13:00:00,aqi,GRU,103.00000006119178,101.95567
2022-03-08 14:00:00,aqi,GRU,32.00000150791358,26.83482
2024-09-08 10:00:00,aqi,GRU,100.00000030079983,108.08738
2022-09-10 06:00:00,aqi,GRU,60.00000187095759,63.16968
2022-03-08 18:00:00,aqi,GRU,46.99999836033413,42.384045
2023-11-13 02:00:00,aqi,GRU,100.00000030079983,121.38068
2021-09-04 22:00:00,aqi,GRU,100.00000030079983,140.67924
2024-09-10 20:00:00,aqi,GRU,100.00000030079983,113.752266
2023-07-06 02:00:00,aqi,GRU,100.00000030079983,104.50181
2022-05-10 15:00:00,aqi,GRU,71.00000034254836,77.03671
2021-10-04 02:00:00,aqi,GRU,100.00000030079983,185.20557
2022-06-04 12:00:00,aqi,GRU,110.00000015195279,108.79931
2023-11-11 16:00:00,aqi,GRU,78.00000043330937,76.073746
2025-10-10 21:00:00,aqi,GRU,147.99999939138013,145.48334
2023-12-09 18:00:00,aqi,GRU,100.00000030079983,116.61317
2023-11-09 10:00:00,aqi,GRU,100.00000030079983,121.95113
2023-05-05 08:00:00,aqi,GRU,54.999999021072206,51.973206
2023-07-12 06:00:00,aqi,GRU,133.99999920985812,126.82179
2021-12-08 20:00:00,aqi,GRU,44.99999722037998,50.273968
2025-12-10 14:00:00,aqi,GRU,170.99999885407803,174.24536
2021-05-05 01:00:00,aqi,GRU,111.00000023454504,117.25206
2022-04-11 23:00:00,aqi,GRU,208.99999711873573,218.57404
2021-11-02 23:00:00,aqi,GRU,322.99999971086595,320.06387
2024-08-01 15:00:00,aqi,GRU,91.00000004485429,91.12948
2023-05-04 21:00:00,aqi,GRU,53.99999845109513,58.576756
2022-05-05 18:00:00,aqi,GRU,120.00000000310575,122.04182
2025-01-07 13:00:00,aqi,GRU,60.00000187095759,72.5883
2023-10-04 18:00:00,aqi,GRU,105.0000002263763,107.766884
2021-03-04 14:00:00,aqi,GRU,100.00000030079983,134.7259
2022-06-11 04:00:00,aqi,GRU,214.00000386769966,219.8674
2022-01-02 19:00:00,aqi,GRU,215.00000053859821,222.78873
2023-08-08 23:00:00,aqi,GRU,80.00000157326352,86.32138
2024-07-05 21:00:00,aqi,GRU,100.00000030079983,148.5961
2022-07-09 00:00:00,aqi,GRU,52.00000121021951,85.76242
2024-08-13 01:00:00,aqi,GRU,100.00000030079983,111.10714
2023-06-07 23:00:00,aqi,GRU,72.00000091252545,72.369095
2024-03-01 17:00:00,aqi,GRU,91.00000004485429,95.8709
2021-12-07 22:00:00,aqi,GRU,49.99999617118682,51.64208
2022-10-09 22:00:00,aqi,GRU,73.99999815340107,75.34541
2022-03-02 21:00:00,aqi,GRU,100.00000030079983,190.46988
2024-08-07 09:00:00,aqi,GRU,64.00000025178736,59.62203
2024-06-01 16:00:00,aqi,GRU,122.99999976349771,126.23234
2021-08-07 12:00:00,aqi,GRU,69.99999977257129,67.80464
2022-09-02 13:00:00,aqi,GRU,89.99999947487723,89.87549
2023-12-07 14:00:00,aqi,GRU,100.00000030079983,103.27197
2025-09-05 23:00:00,aqi,GRU,58.00000073100343,64.14944
2024-11-02 04:00:00,aqi,GRU,121.000000085698,128.28496
2025-10-10 08:00:00,aqi,GRU,137.00000091978936,135.20609
2021-10-01 20:00:00,aqi,GRU,282.999992508097,287.15402
2025-06-07 05:00:00,aqi,GRU,100.00000030079983,110.73784
2024-11-05 18:00:00,aqi,GRU,69.99999977257129,120.56913
2024-07-08 19:00:00,aqi,GRU,100.00000030079983,113.95321
2021-06-03 02:00:00,aqi,GRU,100.00000030079983,152.6345
2022-03-08 21:00:00,aqi,GRU,44.99999722037998,49.39111
2023-10-02 16:00:00,aqi,GRU,307.9999950602883,315.2906
2025-06-05 03:00:00,aqi,GRU,98.0000001356153,90.31066
2024-04-10 21:00:00,aqi,GRU,100.00000030079983,116.459755
2025-12-10 22:00:00,aqi,GRU,162.99999819333993,163.61568
2022-08-11 06:00:00,aqi,GRU,243.0000009016422,245.19937
2024-02-11 12:00:00,aqi,GRU,100.00000030079983,124.48849
2024-01-03 07:00:00,aqi,GRU,144.99999963098816,151.1411
2024-04-13 02:00:00,aqi,GRU,100.00000030079983,117.74021
2022-11-03 13:00:00,aqi,GRU,259.9999988940169,260.19748
2023-02-02 11:00:00,aqi,GRU,222.99999730025775,225.45276
2022-07-12 22:00:00,aqi,GRU,331.00000427068255,340.21448
2022-05-04 06:00:00,aqi,GRU,143.00000044057327,140.19156
2024-11-12 01:00:00,aqi,GRU,100.00000030079983,110.409904
2024-02-03 11:00:00,aqi,GRU,111.00000023454504,111.63476
2023-05-09 04:00:00,aqi,GRU,100.00000030079983,123.99997
2021-03-11 19:00:00,aqi,GRU,143.00000044057327,154.654
2021-04-07 13:00:00,aqi,GRU,66.99999806264006,62.309486
2025-08-07 02:00:00,aqi,GRU,100.00000030079983,104.67348
2023-02-08 16:00:00,aqi,GRU,80.00000157326352,74.96916
2022-07-04 07:00:00,aqi,GRU,118.00000008161363,112.76141
2021-05-06 00:00:00,aqi,GRU,100.00000030079983,103.109535
2022-02-03 08:00:00,aqi,GRU,248.0000076506061,248.68622
2023-04-12 01:00:00,aqi,GRU,102.00000046598434,104.46911
2025-04-05 06:00:00,aqi,GRU,96.99999956563822,87.650795
2024-10-08 22:00:00,aqi,GRU,100.00000030079983,104.19895
2022-06-02 07:00:00,aqi,GRU,303.00000390763853,297.39362
2022-08-08 06:00:00,aqi,GRU,91.00000004485429,84.04406
2024-06-03 10:00:00,aqi,GRU,131.0000004242358,125.55983
2022-09-09 21:00:00,aqi,GRU,88.00000028446233,106.3239
2024-01-09 16:00:00,aqi,GRU,100.00000030079983,110.28024
2022-04-03 14:00:00,aqi,GRU,257.0000010831642,261.2233
2022-04-08 02:00:00,aqi,GRU,44.99999722037998,44.254353
2023-08-08 03:00:00,aqi,GRU,74.99999872337814,78.79502
2022-10-06 03:00:00,aqi,GRU,48.00000282938973,47.79513
2025-05-04 07:00:00,aqi,GRU,113.99999999493701,110.53049
2021-01-04 20:00:00,aqi,GRU,100.00000030079983,140.94646
2025-03-09 11:00:00,aqi,GRU,65.00000082176444,58.225502
2024-12-01 08:00:00,aqi,GRU,105.0000002263763,107.84042
2022-10-12 02:00:00,aqi,GRU,141.9999998705962,165.75745
2023-07-08 03:00:00,aqi,GRU,78.00000043330937,82.03695
2024-11-07 22:00:00,aqi,GRU,100.00000030079983,115.817085
2023-01-12 18:00:00,aqi,GRU,102.00000046598434,101.2626
2023-09-12 20:00:00,aqi,GRU,100.00000030079983,118.42818
2022-02-11 17:00:00,aqi,GRU,208.00000044783718,214.09677
2024-08-01 09:00:00,aqi,GRU,96.99999956563822,97.76326
2023-03-09 01:00:00,aqi,GRU,100.00000030079983,100.163574
2022-06-08 01:00:00,aqi,GRU,49.99999617118682,59.381813
2025-01-05 08:00:00,aqi,GRU,71.00000034254836,70.1261
2021-04-04 08:00:00,aqi,GRU,194.00000026631517,193.91737
2024-01-05 22:00:00,aqi,GRU,137.00000091978936,133.74023
2025-07-05 14:00:00,aqi,GRU,95.00000037522334,90.95708
2024-08-04 06:00:00,aqi,GRU,109.00000006936052,101.80878
2024-09-05 07:00:00,aqi,GRU,248.0000076506061,243.38187
2022-08-09 07:00:00,aqi,GRU,74.99999872337814,71.49941
2025-02-13 01:00:00,aqi,GRU,100.00000030079983,143.25848
2023-03-01 22:00:00,aqi,GRU,269.99999679563064,275.78842
2024-04-03 08:00:00,aqi,GRU,81.99999881413913,74.19112
2021-10-01 13:00:00,aqi,GRU,286.9999947880053,282.41605
2023-01-03 05:00:00,aqi,GRU,133.00000058942032,150.69504
2024-10-11 14:00:00,aqi,GRU,100.00000030079983,116.20022
2021-01-09 10:00:00,aqi,GRU,27.999999228005265,30.620182
2024-07-09 15:00:00,aqi,GRU,100.00000030079983,112.21606
2025-03-08 05:00:00,aqi,GRU,53.000001780196584,51.464237
2021-05-11 21:00:00,aqi,GRU,208.99999711873573,205.76012
2021-07-12 04:00:00,aqi,GRU,137.99999954022718,137.09993
2022-08-12 22:00:00,aqi,GRU,271.0000012646862,283.9837
2022-02-07 23:00:00,aqi,GRU,100.00000030079983,123.30464
2025-11-12 05:00:00,aqi,GRU,78.00000043330937,79.10683
2022-02-08 03:00:00,aqi,GRU,100.00000030079983,105.29322
2024-09-01 13:00:00,aqi,GRU,105.99999982158374,107.61635
2024-08-01 18:00:00,aqi,GRU,88.00000028446233,90.172935
2024-11-11 17:00:00,aqi,GRU,100.00000030079983,117.87166
2025-01-04 10:00:00,aqi,GRU,120.00000000310575,119.85101
2025-09-12 01:00:00,aqi,GRU,118.00000008161363,119.423775
2025-06-04 06:00:00,aqi,GRU,127.9999996890742,124.80407
2022-09-03 22:00:00,aqi,GRU,252.9999988032559,247.5208
2021-08-05 03:00:00,aqi,GRU,93.99999980524626,88.26705
2021-12-04 21:00:00,aqi,GRU,100.00000030079983,132.43515
2025-10-10 17:00:00,aqi,GRU,144.99999963098816,143.50763
2022-12-02 07:00:00,aqi,GRU,122.00000016829027,124.730446
2021-12-11 09:00:00,aqi,GRU,149.999998581795,154.67221
2024-05-02 16:00:00,aqi,GRU,100.00000030079983,164.62363
2023-09-11 03:00:00,aqi,GRU,103.99999965639923,103.55454
2025-02-07 21:00:00,aqi,GRU,59.000001300980514,60.14062
2024-12-05 05:00:00,aqi,GRU,250.00000099240322,217.1991
2021-03-09 09:00:00,aqi,GRU,34.00000264786773,34.692425
2024-10-04 15:00:00,aqi,GRU,92.00000061483138,96.35697
2024-11-06 10:00:00,aqi,GRU,41.99999940952728,41.94119
2022-09-04 08:00:00,aqi,GRU,96.00000094520041,92.842186
2023-05-05 05:00:00,aqi,GRU,53.99999845109513,52.18508
2023-11-10 23:00:00,aqi,GRU,83.9999999540933,94.478516
2025-06-02 01:00:00,aqi,GRU,100.00000030079983,120.22501
2023-07-10 07:00:00,aqi,GRU,175.00000113398633,169.20642
2022-11-08 20:00:00,aqi,GRU,41.99999940952728,44.35187
2023-09-01 15:00:00,aqi,GRU,162.99999819333993,170.34737
2021-10-03 23:00:00,aqi,GRU,250.00000099240322,264.66083
2025-09-12 02:00:00,aqi,GRU,116.99999999902138,118.72876
2025-02-07 13:00:00,aqi,GRU,65.00000082176444,63.50736
2024-03-03 00:00:00,aqi,GRU,89.99999947487723,162.01909
2025-04-07 04:00:00,aqi,GRU,58.00000073100343,54.68014
2021-08-05 23:00:00,aqi,GRU,100.00000030079983,111.94303
2025-11-07 11:00:00,aqi,GRU,32.00000150791358,93.447975
2021-02-03 23:00:00,aqi,GRU,100.00000030079983,161.14024
2021-12-02 04:00:00,aqi,GRU,322.99999971086595,328.6069
2021-06-11 09:00:00,aqi,GRU,112.99999991234475,112.03349
2024-10-05 04:00:00,aqi,GRU,194.99999693721372,191.3653
2022-09-04 10:00:00,aqi,GRU,95.00000037522334,91.64861
2023-09-01 18:00:00,aqi,GRU,153.00000029172625,158.01631
2025-09-02 03:00:00,aqi,GRU,100.00000030079983,130.88744
2024-02-07 06:00:00,aqi,GRU,66.99999806264006,61.852783
2025-08-12 11:00:00,aqi,GRU,116.99999999902138,117.85215
2022-05-07 19:00:00,aqi,GRU,113.99999999493701,124.36825
2023-06-02 11:00:00,aqi,GRU,296.00000381687755,299.61282
2021-02-09 19:00:00,aqi,GRU,44.00000054948143,48.452953
2021-10-03 04:00:00,aqi,GRU,289.0000037261165,301.57434
2023-01-09 19:00:00,aqi,GRU,100.00000030079983,126.798965
2025-03-10 03:00:00,aqi,GRU,30.99999703885797,32.791782
2025-06-11 20:00:00,aqi,GRU,103.99999965639923,104.35032
2022-12-12 06:00:00,aqi,GRU,265.0000056429808,268.8187
2023-09-11 12:00:00,aqi,GRU,100.00000030079983,97.42669
2023-08-08 22:00:00,aqi,GRU,80.99999824416207,82.22234
2023-08-06 00:00:00,aqi,GRU,100.00000030079983,76.1083
2024-05-04 18:00:00,aqi,GRU,98.0000001356153,98.52733
2021-08-11 18:00:00,aqi,GRU,146.00000020096525,151.82652
2021-04-12 05:00:00,aqi,GRU,98.0000001356153,100.07629
2025-03-07 23:00:00,aqi,GRU,54.999999021072206,55.20443
2024-08-02 00:00:00,aqi,GRU,176.0000017039634,104.46836
2023-11-09 06:00:00,aqi,GRU,100.00000030079983,126.47787
2022-08-12 02:00:00,aqi,GRU,329.9999998016269,330.67957
2025-09-09 01:00:00,aqi,GRU,61.99999911183321,72.922676
2022-02-02 23:00:00,aqi,GRU,243.0000009016422,241.97609
2022-03-04 11:00:00,aqi,GRU,226.0000029092675,227.57306
2021-01-05 23:00:00,aqi,GRU,100.00000030079983,126.70239
2024-12-04 23:00:00,aqi,GRU,89.0000008544394,94.581894
2021-08-09 12:00:00,aqi,GRU,29.000003697060876,34.558285
2021-11-05 07:00:00,aqi,GRU,86.99999971448526,85.59452
2022-07-08 13:00:00,aqi,GRU,49.99999617118682,48.177685
2021-02-11 18:00:00,aqi,GRU,184.9999990356,188.2927
2023-02-07 23:00:00,aqi,GRU,107.99999998676827,101.24417
2025-01-01 22:00:00,aqi,GRU,100.00000030079983,107.01572
2025-09-06 22:00:00,aqi,GRU,95.00000037522334,92.19321
2025-02-10 02:00:00,aqi,GRU,48.00000282938973,48.45016
2025-07-06 05:00:00,aqi,GRU,98.0000001356153,98.030876
2021-08-11 08:00:00,aqi,GRU,133.99999920985812,131.65753
2021-03-11 13:00:00,aqi,GRU,160.00000038248726,165.98735
2022-03-06 21:00:00,aqi,GRU,112.0000000734449,116.15107
2023-05-09 09:00:00,aqi,GRU,100.00000030079983,127.69742
2023-02-01 16:00:00,aqi,GRU,248.9999965233476,250.52432
2023-04-11 23:00:00,aqi,GRU,107.99999998676827,115.96795
2022-06-08 23:00:00,aqi,GRU,48.00000282938973,56.27056
2021-03-05 02:00:00,aqi,GRU,124.00000033347479,124.606476
2023-10-05 03:00:00,aqi,GRU,55.99999959104928,53.97726
2022-05-11 12:00:00,aqi,GRU,208.00000044783718,204.6019
2023-03-06 01:00:00,aqi,GRU,100.00000030079983,86.29501
2023-02-11 11:00:00,aqi,GRU,75.99999929335522,75.35127
2024-09-11 11:00:00,aqi,GRU,100.00000030079983,117.3699
2021-10-12 13:00:00,aqi,GRU,168.00000104322532,167.9341
2025-01-02 08:00:00,aqi,GRU,100.00000030079983,108.87343
2023-11-05 22:00:00,aqi,GRU,79.00000100328644,80.32003
2024-03-06 19:00:00,aqi,GRU,73.99999815340107,77.64901
2023-01-01 13:00:00,aqi,GRU,163.99999876331702,172.49397
2023-10-09 09:00:00,aqi,GRU,100.00000030079983,115.24188
2024-10-08 03:00:00,aqi,GRU,100.00000030079983,101.00944
2023-04-13 01:00:00,aqi,GRU,100.00000030079983,128.40881
2023-12-09 16:00:00,aqi,GRU,100.00000030079983,125.72978
2025-01-03 02:00:00,aqi,GRU,100.00000030079983,121.37571
2024-11-03 07:00:00,aqi,GRU,122.99999976349771,125.038376
2024-02-04 17:00:00,aqi,GRU,133.99999920985812,132.48686
2022-04-01 18:00:00,aqi,GRU,144.99999963098816,155.46698
2022-08-10 14:00:00,aqi,GRU,72.00000091252545,63.286114
2023-09-12 03:00:00,aqi,GRU,92.99999923526919,100.91378
2024-01-11 09:00:00,aqi,GRU,100.00000030079983,111.407646
2022-08-02 14:00:00,aqi,GRU,120.00000000310575,124.30722
2021-08-09 19:00:00,aqi,GRU,22.00000360629987,32.07593
2024-02-06 09:00:00,aqi,GRU,55.99999959104928,52.196068
2023-10-02 01:00:00,aqi,GRU,321.00000636906884,275.18576
2022-10-05 12:00:00,aqi,GRU,122.00000016829027,119.388306
2022-01-04 12:00:00,aqi,GRU,217.00000167855234,215.30351
2022-09-04 05:00:00,aqi,GRU,96.99999956563822,92.57886
2023-09-01 08:00:00,aqi,GRU,200.00000368617765,200.15402
2023-07-12 22:00:00,aqi,GRU,83.9999999540933,91.04881
2022-02-03 19:00:00,aqi,GRU,279.9999946972443,284.65857
2022-02-09 02:00:00,aqi,GRU,37.00000045872042,31.51717
2024-07-08 22:00:00,aqi,GRU,100.00000030079983,113.39532
2021-10-02 20:00:00,aqi,GRU,293.9999948787663,306.48453
2024-07-10 13:00:00,aqi,GRU,100.00000030079983,126.26166
2023-11-08 09:00:00,aqi,GRU,100.00000030079983,110.45479
2021-06-08 11:00:00,aqi,GRU,53.99999845109513,48.698032
2021-12-03 22:00:00,aqi,GRU,100.00000030079983,156.09879
2022-06-11 11:00:00,aqi,GRU,259.9999988940169,257.32733
2024-04-10 14:00:00,aqi,GRU,100.00000030079983,120.21241
2024-07-01 10:00:00,aqi,GRU,105.99999982158374,107.63763
2024-02-06 07:00:00,aqi,GRU,55.99999959104928,54.071045
2022-01-06 13:00:00,aqi,GRU,105.0000002263763,103.94017
2024-07-05 19:00:00,aqi,GRU,100.00000030079983,133.7902
2023-10-05 17:00:00,aqi,GRU,73.00000148250251,67.41639
2024-08-08 07:00:00,aqi,GRU,100.00000030079983,117.18851
2023-01-12 00:00:00,aqi,GRU,85.99999914450818,77.14406
2021-08-11 12:00:00,aqi,GRU,144.99999963098816,141.43585
2021-05-13 01:00:00,aqi,GRU,100.00000030079983,128.78731
2023-02-02 03:00:00,aqi,GRU,258.9999944249613,264.00516
2021-07-05 15:00:00,aqi,GRU,88.00000028446233,84.44653
2021-04-07 08:00:00,aqi,GRU,65.00000082176444,59.098423
2021-07-01 14:00:00,aqi,GRU,303.99999278038,304.63083
2025-06-07 03:00:00,aqi,GRU,100.00000030079983,109.11727
2021-03-08 05:00:00,aqi,GRU,60.00000187095759,52.710667
2021-11-12 01:00:00,aqi,GRU,165.99999990327117,166.84937
2022-01-09 18:00:00,aqi,GRU,29.000003697060876,35.205296
2024-04-11 12:00:00,aqi,GRU,100.00000030079983,126.47982
2021-01-07 19:00:00,aqi,GRU,46.00000168943558,48.135098
2021-10-02 06:00:00,aqi,GRU,276.9999968863916,279.10504
2021-02-08 03:00:00,aqi,GRU,66.0000013917415,59.85555
2021-10-12 00:00:00,aqi,GRU,170.99999885407803,134.60645
2022-01-01 14:00:00,aqi,GRU,129.9999998542587,127.81519
2022-09-04 21:00:00,aqi,GRU,64.00000025178736,69.04294
2021-07-12 02:00:00,aqi,GRU,124.99999992868223,135.91267
2022-01-09 20:00:00,aqi,GRU,25.999998088051115,34.761623
2024-02-10 13:00:00,aqi,GRU,100.00000030079983,121.21641
2024-08-03 15:00:00,aqi,GRU,139.00000011020424,139.06505
2024-12-05 09:00:00,aqi,GRU,250.00000099240322,237.73407
2024-06-07 07:00:00,aqi,GRU,58.00000073100343,55.786854
2025-01-06 14:00:00,aqi,GRU,66.99999806264006,67.625656
2024-05-06 19:00:00,aqi,GRU,71.00000034254836,69.949715
2023-02-02 18:00:00,aqi,GRU,217.9999983494509,225.42332
2023-08-08 19:00:00,aqi,GRU,81.99999881413913,80.67547
2022-05-03 20:00:00,aqi,GRU,271.0000012646862,273.55457
2021-09-11 18:00:00,aqi,GRU,100.00000030079983,121.13213
2025-07-11 18:00:00,aqi,GRU,154.0000008617033,151.48407
2024-09-11 12:00:00,aqi,GRU,100.00000030079983,120.80976
2023-04-10 19:00:00,aqi,GRU,170.99999885407803,172.28926
2023-02-07 20:00:00,aqi,GRU,102.00000046598434,98.153534
2025-01-06 17:00:00,aqi,GRU,64.00000025178736,67.262276
2023-02-09 02:00:00,aqi,GRU,100.00000030079983,108.25514
2021-04-06 01:00:00,aqi,GRU,100.00000030079983,124.18092
2024-02-02 11:00:00,aqi,GRU,89.99999947487723,89.173935
2022-09-01 12:00:00,aqi,GRU,100.00000030079983,117.13951
2023-02-04 08:00:00,aqi,GRU,52.00000121021951,50.613323
2023-05-12 21:00:00,aqi,GRU,107.99999998676827,114.129456
2024-11-04 08:00:00,aqi,GRU,89.0000008544394,88.48922
2024-04-08 03:00:00,aqi,GRU,100.00000030079983,109.01698
2025-04-06 12:00:00,aqi,GRU,55.99999959104928,56.663097
2024-01-09 22:00:00,aqi,GRU,100.00000030079983,109.34611
2025-06-09 11:00:00,aqi,GRU,39.00000159867457,38.613804
2023-04-02 08:00:00,aqi,GRU,257.0000010831642,261.6993
2023-02-12 03:00:00,aqi,GRU,105.0000002263763,112.824455
2022-08-09 08:00:00,aqi,GRU,72.00000091252545,68.270294
2025-11-11 14:00:00,aqi,GRU,120.00000000310575,124.15698
2023-08-02 17:00:00,aqi,GRU,307.9999950602883,311.99167
2023-02-10 19:00:00,aqi,GRU,80.00000157326352,83.82544
2021-08-09 01:00:00,aqi,GRU,43.00000387858289,44.979504
2022-07-08 22:00:00,aqi,GRU,80.00000157326352,81.31695
2025-06-10 09:00:00,aqi,GRU,61.99999911183321,59.743477
2025-03-11 13:00:00,aqi,GRU,49.99999617118682,46.440212
2024-09-10 22:00:00,aqi,GRU,100.00000030079983,114.005424
2023-11-07 09:00:00,aqi,GRU,53.000001780196584,47.813267
2025-05-08 22:00:00,aqi,GRU,53.000001780196584,56.70604
2025-08-02 09:00:00,aqi,GRU,100.00000030079983,118.75543
2022-10-09 01:00:00,aqi,GRU,61.99999911183321,71.71564
2024-11-03 04:00:00,aqi,GRU,122.00000016829027,123.88086
2021-12-05 12:00:00,aqi,GRU,100.00000030079983,104.69209
2025-10-04 04:00:00,aqi,GRU,103.99999965639923,103.36059
2024-08-05 10:00:00,aqi,GRU,236.99999748177976,240.85419
2024-01-07 14:00:00,aqi,GRU,72.00000091252545,69.833694
2021-02-07 20:00:00,aqi,GRU,53.000001780196584,56.78175
2022-05-03 08:00:00,aqi,GRU,251.00000546145884,252.35571
2021-11-12 17:00:00,aqi,GRU,153.00000029172625,159.23233
2023-08-12 16:00:00,aqi,GRU,92.00000061483138,90.74329
2022-08-12 01:00:00,aqi,GRU,328.99999533257136,322.38782
2024-09-06 21:00:00,aqi,GRU,52.00000121021951,59.09909
2021-03-05 09:00:00,aqi,GRU,131.0000004242358,128.10413
2022-04-10 09:00:00,aqi,GRU,98.0000001356153,92.19406
2023-10-02 13:00:00,aqi,GRU,310.00000399839956,312.5539
2022-10-03 16:00:00,aqi,GRU,258.0000055522198,262.8405
2024-03-02 13:00:00,aqi,GRU,143.00000044057327,135.72726
2022-03-13 02:00:00,aqi,GRU,100.00000030079983,164.04155
2021-12-03 12:00:00,aqi,GRU,100.00000030079983,128.72089
2025-10-12 09:00:00,aqi,GRU,81.99999881413913,80.539085
2024-12-02 07:00:00,aqi,GRU,120.00000000310575,126.51637
2024-01-03 16:00:00,aqi,GRU,147.99999939138013,147.46976
2022-09-08 11:00:00,aqi,GRU,92.00000061483138,90.09755
2021-06-12 19:00:00,aqi,GRU,99.00000070559238,103.54091
2022-12-08 11:00:00,aqi,GRU,46.99999836033413,40.212193
2021-10-13 00:00:00,aqi,GRU,100.00000030079983,182.73518
2024-09-03 21:00:00,aqi,GRU,121.000000085698,119.00891
2025-06-11 21:00:00,aqi,GRU,105.99999982158374,104.77409
2024-02-04 16:00:00,aqi,GRU,133.99999920985812,130.61208
2022-06-06 06:00:00,aqi,GRU,85.00000052407037,79.800385
2022-11-09 13:00:00,aqi,GRU,79.00000100328644,75.34325
2023-02-03 01:00:00,aqi,GRU,132.00000001944323,166.47346
2025-06-04 15:00:00,aqi,GRU,129.9999998542587,136.56624
2025-10-09 08:00:00,aqi,GRU,81.99999881413913,78.45461
2024-04-07 15:00:00,aqi,GRU,49.99999617118682,47.553608
2021-01-08 07:00:00,aqi,GRU,46.99999836033413,49.51514
2024-06-12 14:00:00,aqi,GRU,100.00000030079983,127.22962
2022-12-08 12:00:00,aqi,GRU,46.99999836033413,40.041462
2025-03-02 12:00:00,aqi,GRU,100.00000030079983,118.94491
2024-07-08 00:00:00,aqi,GRU,100.00000030079983,69.47815
2022-02-11 11:00:00,aqi,GRU,224.9999984402119,228.71204
2023-12-05 06:00:00,aqi,GRU,78.00000043330937,73.724335
2025-06-07 14:00:00,aqi,GRU,100.00000030079983,112.8249
2023-06-11 12:00:00,aqi,GRU,116.99999999902138,116.68058
2025-03-03 22:00:00,aqi,GRU,100.00000030079983,127.39212
2021-08-07 15:00:00,aqi,GRU,62.99999968181029,58.574905
2022-10-06 04:00:00,aqi,GRU,49.99999617118682,50.214657
2022-06-01 15:00:00,aqi,GRU,156.99999867255602,154.96466
2021-10-11 18:00:00,aqi,GRU,133.99999920985812,141.12796
2025-02-11 20:00:00,aqi,GRU,57.00000016102636,59.920425
2024-07-11 10:00:00,aqi,GRU,100.00000030079983,120.75711
2024-02-01 09:00:00,aqi,GRU,100.00000030079983,102.56771
2024-02-09 14:00:00,aqi,GRU,100.00000030079983,114.14439
2024-03-01 22:00:00,aqi,GRU,89.0000008544394,99.062675
2024-03-10 21:00:00,aqi,GRU,100.00000030079983,116.496185
2023-06-10 01:00:00,aqi,GRU,186.00000350465564,185.86346
2024-07-04 01:00:00,aqi,GRU,127.00000009386676,133.21112
2024-12-12 06:00:00,aqi,GRU,100.00000030079983,113.84197
2024-05-12 23:00:00,aqi,GRU,100.00000030079983,115.4692
2023-02-10 03:00:00,aqi,GRU,68.99999920259421,63.23277
2022-11-11 09:00:00,aqi,GRU,219.99999948940504,209.15935
2022-05-08 16:00:00,aqi,GRU,49.99999617118682,47.78162
2023-05-11 19:00:00,aqi,GRU,120.00000000310575,118.72565
2024-06-12 18:00:00,aqi,GRU,100.00000030079983,126.1622
2021-01-02 19:00:00,aqi,GRU,240.99999976168806,246.79736
2025-08-10 15:00:00,aqi,GRU,59.000001300980514,55.08335
2023-10-11 01:00:00,aqi,GRU,83.9999999540933,83.14264
2022-09-06 03:00:00,aqi,GRU,54.999999021072206,50.168148
2024-03-09 21:00:00,aqi,GRU,100.00000030079983,113.34358
2023-02-08 08:00:00,aqi,GRU,75.99999929335522,73.323296
2025-09-03 23:00:00,aqi,GRU,100.00000030079983,123.19952
2022-03-06 10:00:00,aqi,GRU,107.99999998676827,106.01533
2021-08-02 20:00:00,aqi,GRU,210.00000158779136,204.07275
2021-06-04 18:00:00,aqi,GRU,171.9999994240551,173.74402
2025-12-03 08:00:00,aqi,GRU,100.00000030079983,111.921555
2023-05-12 01:00:00,aqi,GRU,111.00000023454504,115.84049
2025-04-08 21:00:00,aqi,GRU,54.999999021072206,58.712185
2023-07-10 22:00:00,aqi,GRU,150.9999991517721,151.01463
2022-01-02 02:00:00,aqi,GRU,220.9999961603036,224.20468
2022-02-12 09:00:00,aqi,GRU,248.0000076506061,249.30772
2025-01-01 21:00:00,aqi,GRU,100.00000030079983,107.803734
2023-06-12 05:00:00,aqi,GRU,107.00000039156082,108.7207
2025-10-09 11:00:00,aqi,GRU,82.99999938411622,81.50025
2021-10-12 20:00:00,aqi,GRU,167.00000047324824,172.732
2023-05-09 16:00:00,aqi,GRU,100.00000030079983,133.61227
2022-11-12 14:00:00,aqi,GRU,286.9999947880053,285.84216
2023-07-10 08:00:00,aqi,GRU,175.00000113398633,169.39247
2022-08-11 09:00:00,aqi,GRU,243.99999757254074,243.48987
2025-05-08 19:00:00,aqi,GRU,52.00000121021951,51.922806
2024-09-12 20:00:00,aqi,GRU,100.00000030079983,107.813095
2024-08-12 02:00:00,aqi,GRU,100.00000030079983,112.98113
2021-05-07 09:00:00,aqi,GRU,64.00000025178736,55.327427
2025-08-09 20:00:00,aqi,GRU,55.99999959104928,53.942833
2023-05-01 23:00:00,aqi,GRU,311.9999973401966,317.0273
2021-02-07 15:00:00,aqi,GRU,53.99999845109513,52.179893
2021-06-01 14:00:00,aqi,GRU,321.9999952418103,324.27502
2022-06-06 00:00:00,aqi,GRU,89.0000008544394,206.51648
2022-11-09 08:00:00,aqi,GRU,76.99999986333229,76.953995
2024-03-06 05:00:00,aqi,GRU,72.00000091252545,69.73968
2024-10-12 03:00:00,aqi,GRU,100.00000030079983,112.50931
2025-09-07 06:00:00,aqi,GRU,29.000003697060876,28.121555
2022-12-05 10:00:00,aqi,GRU,103.00000006119178,103.22062
2021-03-03 18:00:00,aqi,GRU,100.00000030079983,156.28435
2022-09-04 19:00:00,aqi,GRU,73.00000148250251,76.054474
2022-02-02 18:00:00,aqi,GRU,215.00000053859821,217.18372
2022-02-05 13:00:00,aqi,GRU,30.99999703885797,25.444057
2025-10-11 17:00:00,aqi,GRU,118.99999992051349,117.03145
2025-04-09 20:00:00,aqi,GRU,55.99999959104928,57.219227
2024-03-04 23:00:00,aqi,GRU,107.99999998676827,120.481544
2023-10-04 14:00:00,aqi,GRU,105.0000002263763,110.45538
2023-08-10 07:00:00,aqi,GRU,156.99999867255602,155.8443
2024-08-11 04:00:00,aqi,GRU,100.00000030079983,116.02025
2023-09-04 22:00:00,aqi,GRU,124.99999992868223,135.17142
2024-08-05 07:00:00,aqi,GRU,118.00000008161363,129.91287
2025-03-02 17:00:00,aqi,GRU,100.00000030079983,126.679115
2021-09-09 09:00:00,aqi,GRU,23.000000277198424,26.125408
2021-05-12 01:00:00,aqi,GRU,103.99999965639923,120.21092
2021-04-09 21:00:00,aqi,GRU,48.00000282938973,46.601208
2023-03-11 09:00:00,aqi,GRU,102.00000046598434,98.39046
2025-08-08 16:00:00,aqi,GRU,59.000001300980514,58.882866
2024-05-12 16:00:00,aqi,GRU,100.00000030079983,148.83994
2021-02-03 08:00:00,aqi,GRU,100.00000030079983,165.33041
2024-02-05 10:00:00,aqi,GRU,157.99999924253308,154.81848
2025-04-12 11:00:00,aqi,GRU,133.99999920985812,131.01529
2024-07-12 02:00:00,aqi,GRU,100.00000030079983,124.7131
2024-04-12 16:00:00,aqi,GRU,100.00000030079983,134.73499
2022-09-09 12:00:00,aqi,GRU,141.9999998705962,131.2414
2025-08-10 05:00:00,aqi,GRU,54.999999021072206,53.038345
2023-05-08 10:00:00,aqi,GRU,76.99999986333229,73.59286
2025-03-12 16:00:00,aqi,GRU,133.99999920985812,133.76868
2023-01-10 05:00:00,aqi,GRU,55.99999959104928,53.244797
2021-04-12 16:00:00,aqi,GRU,102.00000046598434,99.838524
2021-02-04 22:00:00,aqi,GRU,100.00000030079983,144.99153
2024-06-01 20:00:00,aqi,GRU,112.99999991234475,119.01423
2025-05-04 12:00:00,aqi,GRU,124.00000033347479,126.92669
2025-05-12 19:00:00,aqi,GRU,131.0000004242358,131.45737
2024-12-08 23:00:00,aqi,GRU,100.00000030079983,112.30113
2022-06-10 02:00:00,aqi,GRU,74.99999872337814,82.29349
2024-02-10 07:00:00,aqi,GRU,100.00000030079983,123.346565
2023-01-04 06:00:00,aqi,GRU,100.00000030079983,108.48172
2024-04-03 23:00:00,aqi,GRU,96.99999956563822,96.913925
2025-04-08 09:00:00,aqi,GRU,53.99999845109513,106.81514
2022-04-02 10:00:00,aqi,GRU,100.00000030079983,124.59521
2023-01-08 02:00:00,aqi,GRU,78.00000043330937,82.30799
2024-09-02 22:00:00,aqi,GRU,129.9999998542587,137.95544
2022-02-05 11:00:00,aqi,GRU,22.00000360629987,21.142658
2023-11-09 05:00:00,aqi,GRU,100.00000030079983,128.22662
2023-07-12 02:00:00,aqi,GRU,134.9999997798352,138.8488
2023-07-04 22:00:00,aqi,GRU,132.00000001944323,135.2748
2024-10-02 06:00:00,aqi,GRU,132.00000001944323,133.32796
2022-03-09 05:00:00,aqi,GRU,100.00000030079983,126.55817
2022-01-05 21:00:00,aqi,GRU,25.999998088051115,36.093052
2022-11-06 19:00:00,aqi,GRU,25.999998088051115,27.120876
2024-07-05 23:00:00,aqi,GRU,100.00000030079983,131.0034
2022-11-02 16:00:00,aqi,GRU,155.99999810257896,160.84921
2024-01-02 06:00:00,aqi,GRU,180.0000000847932,178.56317
2022-02-10 17:00:00,aqi,GRU,60.00000187095759,66.03661
2023-11-05 05:00:00,aqi,GRU,73.99999815340107,67.75876
2024-01-08 16:00:00,aqi,GRU,100.00000030079983,106.310104
2022-12-06 07:00:00,aqi,GRU,27.000002557106725,20.43922
2025-01-12 04:00:00,aqi,GRU,100.00000030079983,102.85256
2022-08-08 10:00:00,aqi,GRU,85.00000052407037,85.98687
2023-12-12 08:00:00,aqi,GRU,100.00000030079983,108.2591
2025-06-04 14:00:00,aqi,GRU,131.0000004242358,135.30203
2023-08-10 04:00:00,aqi,GRU,155.0000014316804,158.66153
2023-09-05 09:00:00,aqi,GRU,72.00000091252545,66.54893
2023-02-12 04:00:00,aqi,GRU,105.99999982158374,105.61388
2022-02-03 16:00:00,aqi,GRU,272.00000573374183,274.3049
2023-12-01 19:00:00,aqi,GRU,279.9999946972443,288.4047
2024-05-08 23:00:00,aqi,GRU,100.00000030079983,118.88398
2024-11-11 04:00:00,aqi,GRU,100.00000030079983,112.43169
2022-03-11 11:00:00,aqi,GRU,100.00000030079983,217.24557
2025-09-10 09:00:00,aqi,GRU,86.99999971448526,84.778534
2022-08-02 06:00:00,aqi,GRU,140.99999930061912,143.34927
2025-08-07 17:00:00,aqi,GRU,30.99999703885797,32.082645
2025-05-08 16:00:00,aqi,GRU,51.00000064024243,51.43546
2025-05-08 03:00:00,aqi,GRU,53.000001780196584,48.064236
2022-03-03 15:00:00,aqi,GRU,261.999992235814,267.33154
2024-10-08 09:00:00,aqi,GRU,100.00000030079983,106.58056
2025-10-11 07:00:00,aqi,GRU,105.0000002263763,108.27669
2023-11-07 19:00:00,aqi,GRU,53.000001780196584,51.55013
2021-12-05 02:00:00,aqi,GRU,100.00000030079983,113.13443
2022-05-04 16:00:00,aqi,GRU,112.99999991234475,118.719055
2023-09-07 12:00:00,aqi,GRU,58.00000073100343,54.75697
2022-11-11 10:00:00,aqi,GRU,231.00000186007435,215.83755
2025-02-06 10:00:00,aqi,GRU,58.00000073100343,56.75996
2022-06-08 06:00:00,aqi,GRU,48.99999950028828,47.6303
2025-03-12 15:00:00,aqi,GRU,132.00000001944323,132.72098
2024-07-12 10:00:00,aqi,GRU,100.00000030079983,125.321434
2023-10-12 12:00:00,aqi,GRU,86.99999971448526,81.28025
2025-03-02 15:00:00,aqi,GRU,100.00000030079983,128.18025
2021-02-01 22:00:00,aqi,GRU,296.00000381687755,295.64615
2024-09-12 08:00:00,aqi,GRU,100.00000030079983,111.10498
2021-12-12 13:00:00,aqi,GRU,157.99999924253308,161.20255
2021-12-11 15:00:00,aqi,GRU,143.00000044057327,147.98296
2025-07-10 12:00:00,aqi,GRU,44.99999722037998,43.893284
2021-12-03 07:00:00,aqi,GRU,100.00000030079983,127.880516
2022-11-09 16:00:00,aqi,GRU,80.00000157326352,77.72323
2025-09-02 07:00:00,aqi,GRU,100.00000030079983,121.584274
2025-07-10 23:00:00,aqi,GRU,51.00000064024243,55.694695
2025-07-03 12:00:00,aqi,GRU,100.00000030079983,134.79578
2025-10-12 18:00:00,aqi,GRU,79.00000100328644,78.95072
2022-11-04 00:00:00,aqi,GRU,49.99999617118682,251.34962
2022-05-11 16:00:00,aqi,GRU,215.00000053859821,215.53018
2025-12-12 14:00:00,aqi,GRU,99.00000070559238,98.59187
2024-11-04 06:00:00,aqi,GRU,86.99999971448526,90.3319
2025-08-06 19:00:00,aqi,GRU,85.00000052407037,94.57484
2024-04-06 19:00:00,aqi,GRU,79.00000100328644,78.20072
2024-04-07 14:00:00,aqi,GRU,48.99999950028828,46.56013
2022-03-08 15:00:00,aqi,GRU,41.00000273862874,28.038174
2023-02-08 20:00:00,aqi,GRU,80.99999824416207,81.996315
2023-11-07 15:00:00,aqi,GRU,52.00000121021951,48.384388
2021-12-01 11:00:00,aqi,GRU,107.99999998676827,117.6387
2021-06-02 16:00:00,aqi,GRU,231.9999985309729,239.74745
2025-02-08 00:00:00,aqi,GRU,72.00000091252545,57.70152
2023-01-03 23:00:00,aqi,GRU,133.00000058942032,145.17902
2022-06-02 14:00:00,aqi,GRU,297.9999971586746,307.36465
2023-02-08 07:00:00,aqi,GRU,75.99999929335522,73.077644
2025-11-07 08:00:00,aqi,GRU,100.00000030079983,94.14507
2021-05-07 11:00:00,aqi,GRU,65.00000082176444,56.969296
2023-09-12 05:00:00,aqi,GRU,92.00000061483138,97.996056
2024-03-06 22:00:00,aqi,GRU,69.99999977257129,73.07541
2023-05-11 12:00:00,aqi,GRU,118.00000008161363,115.8862
2022-04-13 00:00:00,aqi,GRU,100.00000030079983,215.75464
2025-04-12 01:00:00,aqi,GRU,129.9999998542587,122.2992
2025-03-12 13:00:00,aqi,GRU,129.9999998542587,129.1061
2023-12-05 12:00:00,aqi,GRU,76.99999986333229,73.30874
2025-09-09 10:00:00,aqi,GRU,73.00000148250251,66.769005
2022-12-02 18:00:00,aqi,GRU,139.00000011020424,140.86519
2023-02-05 14:00:00,aqi,GRU,181.00000065477025,103.845566
2025-01-11 23:00:00,aqi,GRU,52.00000121021951,57.940487
2023-09-05 04:00:00,aqi,GRU,73.00000148250251,68.94259
2024-03-10 13:00:00,aqi,GRU,100.00000030079983,111.80364
2022-12-11 01:00:00,aqi,GRU,224.9999984402119,226.75705
2022-02-05 16:00:00,aqi,GRU,44.00000054948143,40.116543
2021-08-09 03:00:00,aqi,GRU,44.99999722037998,43.405293
2024-10-02 19:00:00,aqi,GRU,131.0000004242358,132.02058
2025-01-08 19:00:00,aqi,GRU,75.99999929335522,76.712814
2022-04-07 18:00:00,aqi,GRU,194.00000026631517,189.35515
2022-02-08 23:00:00,aqi,GRU,100.00000030079983,103.50277
2023-07-01 15:00:00,aqi,GRU,265.9999945157223,266.2653
2023-06-01 22:00:00,aqi,GRU,296.00000381687755,305.23904
2023-03-09 23:00:00,aqi,GRU,100.00000030079983,135.99731
2025-09-10 08:00:00,aqi,GRU,85.99999914450818,83.1747
2021-07-08 21:00:00,aqi,GRU,49.99999617118682,49.074413
2025-12-08 18:00:00,aqi,GRU,37.999997129618976,43.882442
2021-03-01 12:00:00,aqi,GRU,293.0000060060248,298.84357
2024-07-08 05:00:00,aqi,GRU,100.00000030079983,119.28408
2024-08-09 14:00:00,aqi,GRU,100.00000030079983,114.91115
2022-04-08 10:00:00,aqi,GRU,49.99999617118682,43.2279
2025-05-09 11:00:00,aqi,GRU,60.99999854185613,56.58244
2021-05-09 10:00:00,aqi,GRU,44.00000054948143,46.58672
2021-02-05 16:00:00,aqi,GRU,115.999999992583,115.38734
2022-08-13 02:00:00,aqi,GRU,100.00000030079983,161.81297
2024-10-11 09:00:00,aqi,GRU,100.00000030079983,111.29953
2022-11-08 09:00:00,aqi,GRU,41.99999940952728,39.419857
2025-04-06 08:00:00,aqi,GRU,65.00000082176444,63.86607
2023-10-08 05:00:00,aqi,GRU,78.00000043330937,79.195145
2021-07-06 01:00:00,aqi,GRU,100.00000030079983,115.04006
2022-04-03 16:00:00,aqi,GRU,251.00000546145884,256.55524
2022-02-12 19:00:00,aqi,GRU,212.00000272774548,223.07512
2024-03-02 02:00:00,aqi,GRU,105.0000002263763,111.4879
2024-08-07 00:00:00,aqi,GRU,60.99999854185613,71.23896
2025-02-11 23:00:00,aqi,GRU,55.99999959104928,63.592926
2023-07-09 08:00:00,aqi,GRU,100.00000030079983,129.30766
2021-11-01 16:00:00,aqi,GRU,133.99999920985812,142.88689
2024-05-01 15:00:00,aqi,GRU,131.0000004242358,130.42949
2024-09-06 12:00:00,aqi,GRU,62.99999968181029,63.11619
2022-03-11 10:00:00,aqi,GRU,215.00000053859821,210.3766
2024-12-12 08:00:00,aqi,GRU,100.00000030079983,112.404724
2022-03-04 02:00:00,aqi,GRU,250.00000099240322,246.04152
2024-02-10 08:00:00,aqi,GRU,100.00000030079983,123.37012
2022-09-02 09:00:00,aqi,GRU,91.00000004485429,93.30347
2025-11-02 15:00:00,aqi,GRU,100.00000030079983,120.65259
2025-11-10 11:00:00,aqi,GRU,169.00000161320241,170.43933
2025-11-05 08:00:00,aqi,GRU,67.99999863261714,67.17862
2022-11-03 20:00:00,aqi,GRU,259.9999988940169,263.71582
2025-10-03 19:00:00,aqi,GRU,100.00000030079983,134.67055
2022-01-10 10:00:00,aqi,GRU,85.5000008090589,83.03696
2025-03-08 21:00:00,aqi,GRU,100.00000030079983,109.148026
2021-07-04 08:00:00,aqi,GRU,187.99999684645275,189.91241
2024-03-10 17:00:00,aqi,GRU,100.00000030079983,117.95721
2021-04-09 11:00:00,aqi,GRU,43.00000387858289,43.802288
2023-07-09 03:00:00,aqi,GRU,100.00000030079983,126.5551
2025-12-05 09:00:00,aqi,GRU,66.99999806264006,66.746544
2022-10-06 02:00:00,aqi,GRU,46.99999836033413,46.408993
2022-04-08 09:00:00,aqi,GRU,49.99999617118682,44.432323
2021-03-11 16:00:00,aqi,GRU,154.0000008617033,163.37244
2025-03-11 02:00:00,aqi,GRU,54.999999021072206,61.99842
2025-01-04 16:00:00,aqi,GRU,133.00000058942032,159.68329
2025-04-03 04:00:00,aqi,GRU,100.00000030079983,122.4669
2022-11-10 08:00:00,aqi,GRU,66.0000013917415,72.45481
2024-04-06 13:00:00,aqi,GRU,78.00000043330937,74.45303
2021-06-02 09:00:00,aqi,GRU,241.9999964325866,252.84142
2021-03-08 13:00:00,aqi,GRU,62.99999968181029,65.353
2021-01-04 11:00:00,aqi,GRU,100.00000030079983,135.07712
2023-12-06 00:00:00,aqi,GRU,100.00000030079983,67.25798
2022-10-03 14:00:00,aqi,GRU,252.9999988032559,258.5425
2022-07-11 09:00:00,aqi,GRU,254.00000327231152,264.1763
2025-09-02 06:00:00,aqi,GRU,100.00000030079983,120.69464
2021-02-12 17:00:00,aqi,GRU,60.99999854185613,62.058533
2025-02-10 20:00:00,aqi,GRU,36.00000378782188,39.51534
2024-02-02 10:00:00,aqi,GRU,89.99999947487723,89.25296
2022-05-12 05:00:00,aqi,GRU,215.99999720949674,221.17587
2025-08-12 18:00:00,aqi,GRU,115.999999992583,115.91789
2025-04-06 10:00:00,aqi,GRU,60.00000187095759,60.612938
2024-03-04 17:00:00,aqi,GRU,112.0000000734449,115.96066
2023-09-08 09:00:00,aqi,GRU,80.99999824416207,75.80143
2021-10-07 15:00:00,aqi,GRU,55.99999959104928,51.693233
2025-12-10 23:00:00,aqi,GRU,163.99999876331702,159.76352
2023-10-09 20:00:00,aqi,GRU,100.00000030079983,130.01457
2022-07-08 16:00:00,aqi,GRU,60.99999854185613,50.829884
2023-12-01 11:00:00,aqi,GRU,293.9999948787663,293.89078
2023-03-09 11:00:00,aqi,GRU,100.00000030079983,125.79529
2024-11-07 15:00:00,aqi,GRU,100.00000030079983,109.48028
2022-01-09 04:00:00,aqi,GRU,46.00000168943558,51.825214
2021-09-02 09:00:00,aqi,GRU,231.00000186007435,238.95905
2025-02-07 03:00:00,aqi,GRU,62.99999968181029,61.271263
2025-04-05 17:00:00,aqi,GRU,75.99999929335522,82.48245
2022-02-10 00:00:00,aqi,GRU,86.99999971448526,123.81647
2022-06-07 13:00:00,aqi,GRU,37.999997129618976,32.76462
2022-08-10 13:00:00,aqi,GRU,72.00000091252545,63.54336
2022-12-04 16:00:00,aqi,GRU,51.00000064024243,51.138424
2024-09-11 22:00:00,aqi,GRU,100.00000030079983,112.97185
2021-05-12 17:00:00,aqi,GRU,103.99999965639923,101.585915
2021-06-11 21:00:00,aqi,GRU,107.99999998676827,108.2844
2024-01-10 18:00:00,aqi,GRU,100.00000030079983,117.80135
2022-04-12 00:00:00,aqi,GRU,184.0000023647015,218.54568
2024-02-02 14:00:00,aqi,GRU,91.00000004485429,88.73612
2025-05-10 20:00:00,aqi,GRU,66.99999806264006,65.16843
2025-03-05 04:00:00,aqi,GRU,88.00000028446233,83.84648
2024-03-07 21:00:00,aqi,GRU,60.99999854185613,66.05899
2024-01-06 16:00:00,aqi,GRU,48.00000282938973,50.17058
2023-04-09 04:00:00,aqi,GRU,100.00000030079983,130.47957
2022-09-10 22:00:00,aqi,GRU,60.99999854185613,86.17947
2022-11-03 16:00:00,aqi,GRU,254.00000327231152,270.48065
2024-10-06 17:00:00,aqi,GRU,37.00000045872042,39.980587
2022-04-03 00:00:00,aqi,GRU,264.0000011739252,156.70732
2024-12-10 09:00:00,aqi,GRU,100.00000030079983,108.70112
2022-06-10 13:00:00,aqi,GRU,68.50000086714493,68.33574
2023-02-01 19:00:00,aqi,GRU,251.99999433420032,254.97656
2023-05-10 10:00:00,aqi,GRU,217.00000167855234,213.25351
2023-07-07 11:00:00,aqi,GRU,67.99999863261714,67.20437
2025-03-02 13:00:00,aqi,GRU,100.00000030079983,124.363106
2021-11-05 22:00:00,aqi,GRU,100.00000030079983,112.185005
2021-10-04 15:00:00,aqi,GRU,100.00000030079983,131.0719
2025-06-08 03:00:00,aqi,GRU,54.999999021072206,51.545208
2024-05-08 20:00:00,aqi,GRU,100.00000030079983,113.603615
2022-12-03 14:00:00,aqi,GRU,189.00000131550834,193.27998
2023-02-02 04:00:00,aqi,GRU,254.00000327231152,254.25325
2025-07-12 02:00:00,aqi,GRU,109.00000006936052,109.58758
2022-08-10 03:00:00,aqi,GRU,73.00000148250251,81.89224
2025-11-11 07:00:00,aqi,GRU,121.000000085698,122.463234
2025-01-06 19:00:00,aqi,GRU,61.99999911183321,65.336945
2022-04-06 07:00:00,aqi,GRU,121.000000085698,116.86687
2024-06-01 14:00:00,aqi,GRU,127.9999996890742,133.59962
2021-07-07 09:00:00,aqi,GRU,80.00000157326352,74.76095
2021-10-12 10:00:00,aqi,GRU,170.99999885407803,173.36427
2022-09-12 17:00:00,aqi,GRU,167.00000047324824,174.38965
2022-05-08 18:00:00,aqi,GRU,49.99999617118682,49.110935
2022-02-05 19:00:00,aqi,GRU,46.00000168943558,46.3138
2022-06-05 17:00:00,aqi,GRU,201.99999702797473,198.69675
2023-11-04 08:00:00,aqi,GRU,100.99999989600727,99.984215
2025-11-09 19:00:00,aqi,GRU,76.99999986333229,78.7232
2022-06-09 10:00:00,aqi,GRU,52.00000121021951,45.167423
2024-07-06 19:00:00,aqi,GRU,79.00000100328644,79.96577
2022-07-03 02:00:00,aqi,GRU,264.0000011739252,267.96478
2021-04-11 21:00:00,aqi,GRU,122.99999976349771,128.65407
2024-03-07 07:00:00,aqi,GRU,71.00000034254836,67.26616
2022-04-08 07:00:00,aqi,GRU,48.99999950028828,45.55045
2025-12-04 11:00:00,aqi,GRU,99.00000070559238,97.005844
2021-03-01 11:00:00,aqi,GRU,293.9999948787663,301.44272
2022-05-11 03:00:00,aqi,GRU,212.00000272774548,220.22122
2025-10-03 01:00:00,aqi,GRU,100.00000030079983,127.33323
2021-11-09 07:00:00,aqi,GRU,20.999999137244274,24.642803
2025-11-09 06:00:00,aqi,GRU,92.99999923526919,91.310005
2024-07-05 02:00:00,aqi,GRU,100.00000030079983,118.14779
2022-08-08 16:00:00,aqi,GRU,58.00000073100343,65.63696
2024-11-06 04:00:00,aqi,GRU,41.99999940952728,41.38271
2023-12-09 01:00:00,aqi,GRU,100.00000030079983,106.532036
2022-07-09 23:00:00,aqi,GRU,89.99999947487723,89.050964
2025-05-05 20:00:00,aqi,GRU,88.00000028446233,95.38868
2023-09-11 19:00:00,aqi,GRU,86.99999971448526,89.309845
2023-12-11 19:00:00,aqi,GRU,112.99999991234475,109.86506
2023-03-11 13:00:00,aqi,GRU,107.99999998676827,103.55349
2025-08-06 22:00:00,aqi,GRU,89.99999947487723,86.863144
2025-12-11 01:00:00,aqi,GRU,129.9999998542587,128.89879
2022-06-03 23:00:00,aqi,GRU,273.99999907553894,260.56573
2025-08-12 01:00:00,aqi,GRU,107.99999998676827,117.90539
2023-01-11 20:00:00,aqi,GRU,72.00000091252545,72.98465
2024-01-01 16:00:00,aqi,GRU,110.00000015195279,110.646484
2022-09-11 04:00:00,aqi,GRU,275.0000035445945,284.82892
2025-03-04 15:00:00,aqi,GRU,143.9999990610111,148.71063
2025-08-08 13:00:00,aqi,GRU,57.00000016102636,56.382236
2022-11-04 02:00:00,aqi,GRU,48.99999950028828,42.269115
2022-01-12 21:00:00,aqi,GRU,257.0000010831642,268.6179
2023-02-08 02:00:00,aqi,GRU,76.99999986333229,77.75207
2023-02-10 22:00:00,aqi,GRU,86.99999971448526,87.62039
2024-08-09 01:00:00,aqi,GRU,100.00000030079983,108.23944
2025-02-02 20:00:00,aqi,GRU,100.00000030079983,122.27414
2025-05-09 17:00:00,aqi,GRU,59.000001300980514,53.831432
2022-02-06 10:00:00,aqi,GRU,147.99999939138013,137.31729
2023-09-09 21:00:00,aqi,GRU,100.00000030079983,116.2556
2025-01-09 04:00:00,aqi,GRU,48.00000282938973,46.740047
2024-10-07 20:00:00,aqi,GRU,100.00000030079983,108.88537
2023-08-04 07:00:00,aqi,GRU,162.0000015224414,164.21957
2022-10-04 14:00:00,aqi,GRU,49.99999617118682,46.71385
2022-10-12 12:00:00,aqi,GRU,163.99999876331702,157.64311
2024-01-12 02:00:00,aqi,GRU,100.00000030079983,111.211525
2023-05-01 10:00:00,aqi,GRU,300.00000609678585,298.92313
2021-01-02 15:00:00,aqi,GRU,258.0000055522198,261.1488
2021-04-01 12:00:00,aqi,GRU,261.0000033630725,267.25604
2022-07-07 08:00:00,aqi,GRU,89.99999947487723,82.37811
2024-03-01 23:00:00,aqi,GRU,89.99999947487723,103.306305
2023-02-01 09:00:00,aqi,GRU,243.99999757254074,239.06834
2023-10-07 14:00:00,aqi,GRU,52.00000121021951,49.317104
2024-03-02 11:00:00,aqi,GRU,136.00000034981227,131.79399
2022-01-04 19:00:00,aqi,GRU,268.999992326575,263.236
2022-06-10 18:00:00,aqi,GRU,73.00000148250251,75.61754
2022-02-12 12:00:00,aqi,GRU,229.99999739101875,237.56665
2023-12-07 17:00:00,aqi,GRU,100.00000030079983,108.74242
2025-03-12 03:00:00,aqi,GRU,120.00000000310575,123.45289
2024-11-04 18:00:00,aqi,GRU,91.00000004485429,94.249916
2025-02-05 16:00:00,aqi,GRU,81.99999881413913,82.05646
2022-03-04 15:00:00,aqi,GRU,224.9999984402119,229.58316
2023-03-12 13:00:00,aqi,GRU,110.00000015195279,109.3429
2024-06-04 22:00:00,aqi,GRU,127.9999996890742,141.10599
2023-11-08 04:00:00,aqi,GRU,100.00000030079983,109.507416
2025-04-04 13:00:00,aqi,GRU,99.00000070559238,103.71573
2021-03-03 12:00:00,aqi,GRU,100.00000030079983,151.35231
2021-04-08 04:00:00,aqi,GRU,61.99999911183321,58.291904
2021-04-11 12:00:00,aqi,GRU,122.99999976349771,123.76693
2022-04-12 07:00:00,aqi,GRU,184.0000023647015,181.9661
2021-06-02 04:00:00,aqi,GRU,243.99999757254074,236.88977
2025-05-06 09:00:00,aqi,GRU,66.99999806264006,64.34068
2025-05-03 06:00:00,aqi,GRU,100.00000030079983,121.97682
2023-02-03 02:00:00,aqi,GRU,132.00000001944323,158.73355
2022-03-10 16:00:00,aqi,GRU,53.000001780196584,52.489334
2022-03-03 04:00:00,aqi,GRU,275.0000035445945,279.84622
2024-04-08 17:00:00,aqi,GRU,100.00000030079983,117.04795
2024-01-05 23:00:00,aqi,GRU,134.9999997798352,134.59366
2021-12-01 23:00:00,aqi,GRU,107.99999998676827,126.00907
2022-08-12 14:00:00,aqi,GRU,293.0000060060248,300.14362
2024-05-12 15:00:00,aqi,GRU,100.00000030079983,148.97026
2024-12-03 11:00:00,aqi,GRU,129.00000025905126,128.35396
2025-09-09 03:00:00,aqi,GRU,64.00000025178736,65.07179
2024-10-04 18:00:00,aqi,GRU,92.99999923526919,96.691696
2022-06-06 22:00:00,aqi,GRU,105.0000002263763,103.81224
2024-10-08 06:00:00,aqi,GRU,100.00000030079983,103.33462
2024-01-04 15:00:00,aqi,GRU,111.00000023454504,111.7676
2023-09-02 09:00:00,aqi,GRU,315.9999996201049,330.39984
2025-03-10 04:00:00,aqi,GRU,30.99999703885797,32.007458
2024-02-06 21:00:00,aqi,GRU,71.00000034254836,72.7318
2023-11-01 19:00:00,aqi,GRU,272.00000573374183,272.2824
2025-09-07 07:00:00,aqi,GRU,27.999999228005265,27.63506
2025-12-02 16:00:00,aqi,GRU,100.00000030079983,125.48353
2022-03-03 07:00:00,aqi,GRU,262.9999967048696,263.58353
2022-02-12 10:00:00,aqi,GRU,240.99999976168806,247.38368
2022-03-12 19:00:00,aqi,GRU,100.00000030079983,194.82043
2024-03-09 08:00:00,aqi,GRU,100.00000030079983,114.88972
2025-04-03 13:00:00,aqi,GRU,100.00000030079983,128.3938
2021-07-03 20:00:00,aqi,GRU,100.00000030079983,157.93153
2023-08-11 05:00:00,aqi,GRU,112.0000000734449,117.89615
2022-12-01 12:00:00,aqi,GRU,121.000000085698,125.78741
2025-01-12 05:00:00,aqi,GRU,100.00000030079983,101.71813
2022-12-06 19:00:00,aqi,GRU,23.999996948096964,28.362583
2024-10-04 14:00:00,aqi,GRU,92.00000061483138,97.6806
2021-10-03 14:00:00,aqi,GRU,264.0000011739252,271.84
2025-02-10 19:00:00,aqi,GRU,37.999997129618976,41.17461
2024-11-05 22:00:00,aqi,GRU,66.99999806264006,70.16552
2024-11-04 21:00:00,aqi,GRU,105.0000002263763,106.44429
2021-10-02 08:00:00,aqi,GRU,100.00000030079983,293.98035
2021-05-02 06:00:00,aqi,GRU,272.00000573374183,274.175
2024-04-06 23:00:00,aqi,GRU,80.99999824416207,82.47219
2022-04-06 22:00:00,aqi,GRU,100.00000030079983,129.92531
2022-10-01 14:00:00,aqi,GRU,100.00000030079983,113.54275
2025-03-05 09:00:00,aqi,GRU,88.00000028446233,82.09386
2023-11-08 12:00:00,aqi,GRU,100.00000030079983,111.50407
2022-03-10 08:00:00,aqi,GRU,43.00000387858289,44.88342
2023-10-05 11:00:00,aqi,GRU,64.00000025178736,58.400383
2023-03-11 14:00:00,aqi,GRU,111.00000023454504,104.854355
2024-12-04 12:00:00,aqi,GRU,99.00000070559238,100.33133
2025-09-09 15:00:00,aqi,GRU,80.00000157326352,74.25025
2023-02-11 03:00:00,aqi,GRU,82.99999938411622,82.95324
2025-01-02 05:00:00,aqi,GRU,100.00000030079983,107.974335
2021-12-08 22:00:00,aqi,GRU,44.99999722037998,48.785336
2024-10-04 01:00:00,aqi,GRU,112.0000000734449,113.05782
2022-02-08 09:00:00,aqi,GRU,100.00000030079983,107.30342
2022-05-05 16:00:00,aqi,GRU,118.00000008161363,118.08094
2023-07-08 02:00:00,aqi,GRU,79.00000100328644,83.79048
2021-02-08 05:00:00,aqi,GRU,66.0000013917415,64.23063
2024-09-11 16:00:00,aqi,GRU,100.00000030079983,118.40758
2021-11-07 08:00:00,aqi,GRU,49.99999617118682,44.24805
2023-02-03 13:00:00,aqi,GRU,146.00000020096525,153.33257
2023-11-04 07:00:00,aqi,GRU,100.99999989600727,99.79597
2025-07-04 19:00:00,aqi,GRU,229.99999739101875,186.46431
2025-03-09 08:00:00,aqi,GRU,60.99999854185613,55.636932
2023-10-08 19:00:00,aqi,GRU,53.000001780196584,59.234833
2021-11-12 02:00:00,aqi,GRU,163.99999876331702,168.70232
2023-01-07 16:00:00,aqi,GRU,100.00000030079983,95.3348
2024-01-10 08:00:00,aqi,GRU,100.00000030079983,106.87763
2022-09-06 01:00:00,aqi,GRU,55.99999959104928,58.173176
2025-10-12 23:00:00,aqi,GRU,76.99999986333229,90.32167
2021-08-02 05:00:00,aqi,GRU,236.99999748177976,239.60466
2023-12-12 22:00:00,aqi,GRU,100.00000030079983,113.849815
2021-07-02 11:00:00,aqi,GRU,224.00000176931337,224.64586
2023-02-10 14:00:00,aqi,GRU,79.00000100328644,73.172325
2024-04-03 09:00:00,aqi,GRU,81.99999881413913,74.39734
2023-04-02 20:00:00,aqi,GRU,285.0000014462082,289.08203
2023-09-01 10:00:00,aqi,GRU,191.99999912636105,191.95111
2025-01-05 19:00:00,aqi,GRU,78.00000043330937,76.56249
2025-06-03 04:00:00,aqi,GRU,100.00000030079983,134.82434
2024-08-03 04:00:00,aqi,GRU,139.00000011020424,138.89731
2022-10-02 11:00:00,aqi,GRU,162.99999819333993,164.40619
2022-08-06 11:00:00,aqi,GRU,60.00000187095759,56.8158
2022-01-05 18:00:00,aqi,GRU,29.000003697060876,33.09689
2024-05-11 05:00:00,aqi,GRU,100.00000030079983,130.16273
2025-07-02 18:00:00,aqi,GRU,100.00000030079983,142.48563
2022-12-03 02:00:00,aqi,GRU,264.0000011739252,266.09787
2025-05-04 05:00:00,aqi,GRU,109.00000006936052,109.007996
2021-08-04 08:00:00,aqi,GRU,100.00000030079983,132.65004
2021-12-08 03:00:00,aqi,GRU,41.00000273862874,41.64124
2023-01-02 18:00:00,aqi,GRU,282.999992508097,290.38074
2024-05-12 13:00:00,aqi,GRU,100.00000030079983,131.26312
2021-02-08 21:00:00,aqi,GRU,49.99999617118682,51.228207
2025-09-08 07:00:00,aqi,GRU,59.000001300980514,59.58248
2025-02-03 03:00:00,aqi,GRU,100.00000030079983,122.34368
2021-02-12 22:00:00,aqi,GRU,69.99999977257129,78.28265
2022-02-06 07:00:00,aqi,GRU,134.9999997798352,126.26122
2023-04-07 17:00:00,aqi,GRU,103.99999965639923,101.81218
2024-04-12 18:00:00,aqi,GRU,100.00000030079983,124.25155
2022-10-05 17:00:00,aqi,GRU,115.999999992583,115.516365
2024-12-09 15:00:00,aqi,GRU,100.00000030079983,109.628654
2022-12-05 14:00:00,aqi,GRU,103.00000006119178,102.24718
2022-05-06 23:00:00,aqi,GRU,89.0000008544394,93.07774
2022-03-04 19:00:00,aqi,GRU,245.00000204159636,244.27942
2024-03-11 08:00:00,aqi,GRU,100.00000030079983,120.9181
2025-08-11 20:00:00,aqi,GRU,105.99999982158374,107.36632
2024-01-01 14:00:00,aqi,GRU,110.00000015195279,110.34689
2021-12-11 16:00:00,aqi,GRU,141.9999998705962,145.19862
2025-03-02 00:00:00,aqi,GRU,100.00000030079983,113.796585
2022-03-12 07:00:00,aqi,GRU,191.0000024554625,195.74178
2022-06-10 17:00:00,aqi,GRU,66.0000013917415,73.14366
2022-04-01 08:00:00,aqi,GRU,146.00000020096525,147.88976
2024-10-04 08:00:00,aqi,GRU,109.00000006936052,108.86023
2022-04-07 14:00:00,aqi,GRU,161.00000095246432,158.28894
2023-07-08 04:00:00,aqi,GRU,78.00000043330937,80.463615
2025-04-12 22:00:00,aqi,GRU,140.0000006801813,138.87604
2023-12-02 00:00:00,aqi,GRU,233.0000030000285,273.96848
2024-09-11 13:00:00,aqi,GRU,100.00000030079983,120.41065
2025-08-01 16:00:00,aqi,GRU,100.00000030079983,121.34577
2024-07-09 19:00:00,aqi,GRU,100.00000030079983,114.53148
2024-04-04 21:00:00,aqi,GRU,98.0000001356153,105.888466
2024-02-11 04:00:00,aqi,GRU,100.00000030079983,117.084595
2025-07-04 15:00:00,aqi,GRU,105.0000002263763,114.8958
2023-06-09 18:00:00,aqi,GRU,100.00000030079983,134.24889
2022-05-07 18:00:00,aqi,GRU,127.9999996890742,137.70746
2024-01-09 12:00:00,aqi,GRU,100.00000030079983,111.52986
2025-05-02 12:00:00,aqi,GRU,100.00000030079983,123.93955
2022-06-09 06:00:00,aqi,GRU,51.00000064024243,50.113323
2021-11-03 16:00:00,aqi,GRU,100.00000030079983,135.13765
2022-11-09 11:00:00,aqi,GRU,78.00000043330937,74.424576
2024-02-03 00:00:00,aqi,GRU,137.00000091978936,106.29559
2024-10-11 04:00:00,aqi,GRU,100.00000030079983,119.65127
2022-08-06 02:00:00,aqi,GRU,69.99999977257129,60.421326
2024-07-08 20:00:00,aqi,GRU,100.00000030079983,112.77273
2024-09-01 14:00:00,aqi,GRU,105.99999982158374,108.25029
2024-08-10 14:00:00,aqi,GRU,100.00000030079983,122.080956
2021-01-11 12:00:00,aqi,GRU,133.99999920985812,139.24199
2023-06-09 03:00:00,aqi,GRU,100.00000030079983,116.54531
2023-09-09 09:00:00,aqi,GRU,100.00000030079983,128.91597
2024-06-03 03:00:00,aqi,GRU,124.99999992868223,130.97238
2021-11-02 11:00:00,aqi,GRU,314.00000627830786,318.87747
2022-07-03 15:00:00,aqi,GRU,238.00000195083535,244.63028
2025-08-03 20:00:00,aqi,GRU,100.00000030079983,124.558624
2021-11-02 00:00:00,aqi,GRU,294.9999993478219,131.4053
2023-02-05 19:00:00,aqi,GRU,57.00000016102636,72.532074
2024-04-05 14:00:00,aqi,GRU,180.0000000847932,159.8859
2025-08-06 10:00:00,aqi,GRU,73.99999815340107,69.78912
2025-05-06 20:00:00,aqi,GRU,102.00000046598434,97.325356
2022-06-11 18:00:00,aqi,GRU,275.0000035445945,273.0116
2022-02-05 03:00:00,aqi,GRU,22.00000360629987,27.547398
2022-01-06 06:00:00,aqi,GRU,103.99999965639923,97.735214
2022-06-11 12:00:00,aqi,GRU,264.0000011739252,263.2841
2024-11-07 03:00:00,aqi,GRU,100.00000030079983,111.88998
2025-08-02 03:00:00,aqi,GRU,100.00000030079983,123.492355
2025-03-09 00:00:00,aqi,GRU,62.99999968181029,109.94347
2021-01-02 14:00:00,aqi,GRU,265.0000056429808,271.29056
2024-05-06 09:00:00,aqi,GRU,78.00000043330937,72.93402
2022-07-04 13:00:00,aqi,GRU,122.99999976349771,122.95634
2021-02-05 05:00:00,aqi,GRU,115.00000001660617,114.31728
2025-06-04 20:00:00,aqi,GRU,122.00000016829027,126.271355
2022-03-02 15:00:00,aqi,GRU,251.99999433420032,255.30775
2023-10-03 01:00:00,aqi,GRU,100.00000030079983,209.23251
2025-02-06 07:00:00,aqi,GRU,59.000001300980514,57.58796
2022-07-08 18:00:00,aqi,GRU,66.99999806264006,59.218548
2022-04-10 23:00:00,aqi,GRU,80.99999824416207,103.0659
2021-03-12 17:00:00,aqi,GRU,80.00000157326352,80.87149
2025-10-07 23:00:00,aqi,GRU,100.00000030079983,103.64145
2025-08-08 17:00:00,aqi,GRU,59.000001300980514,60.21098
2025-02-09 21:00:00,aqi,GRU,59.000001300980514,58.58764
2022-04-06 10:00:00,aqi,GRU,127.00000009386676,120.57276
2022-02-03 21:00:00,aqi,GRU,275.0000035445945,278.03827
2021-03-09 01:00:00,aqi,GRU,37.999997129618976,48.4424
2021-07-07 20:00:00,aqi,GRU,80.99999824416207,81.0294
2021-03-03 15:00:00,aqi,GRU,100.00000030079983,149.73817
2023-02-04 10:00:00,aqi,GRU,51.00000064024243,49.846973
2024-02-03 13:00:00,aqi,GRU,107.99999998676827,108.742355
2022-03-07 16:00:00,aqi,GRU,176.99999837486195,180.79417
2024-11-02 02:00:00,aqi,GRU,122.00000016829027,126.91409
2022-11-12 01:00:00,aqi,GRU,208.00000044783718,230.27348
2024-06-03 05:00:00,aqi,GRU,125.99999952388967,132.59743
2021-08-05 20:00:00,aqi,GRU,100.00000030079983,120.28485
2022-07-02 00:00:00,aqi,GRU,283.9999969771526,154.95462
2024-11-07 10:00:00,aqi,GRU,100.00000030079983,108.7032
2024-10-08 04:00:00,aqi,GRU,100.00000030079983,101.28665
2025-11-11 01:00:00,aqi,GRU,118.99999992051349,123.797615
2021-01-03 17:00:00,aqi,GRU,261.0000033630725,268.5057
2022-10-03 07:00:00,aqi,GRU,255.00000774136714,247.68518
2023-04-05 22:00:00,aqi,GRU,52.00000121021951,59.57967
2022-02-06 15:00:00,aqi,GRU,100.00000030079983,125.058426
2025-07-12 00:00:00,aqi,GRU,107.99999998676827,145.09845
2023-09-05 21:00:00,aqi,GRU,52.00000121021951,60.38651
2023-10-11 20:00:00,aqi,GRU,62.99999968181029,65.75219
2023-01-04 16:00:00,aqi,GRU,100.00000030079983,102.5679
2021-01-11 13:00:00,aqi,GRU,158.99999981251017,139.4735
2022-11-04 04:00:00,aqi,GRU,46.99999836033413,48.606632
2021-08-02 17:00:00,aqi,GRU,210.99999825868989,215.6405
2025-09-02 12:00:00,aqi,GRU,100.00000030079983,126.26595
2021-07-09 02:00:00,aqi,GRU,34.99999931876627,36.0646
2025-10-08 16:00:00,aqi,GRU,55.99999959104928,61.981342
2023-05-01 20:00:00,aqi,GRU,307.00000618754683,312.3238
2024-05-10 08:00:00,aqi,GRU,100.00000030079983,118.54372
2025-03-09 17:00:00,aqi,GRU,66.99999806264006,65.338806
2025-10-08 21:00:00,aqi,GRU,48.99999950028828,59.628998
2021-02-01 19:00:00,aqi,GRU,289.0000037261165,295.337
2024-04-03 10:00:00,aqi,GRU,81.99999881413913,75.6151
2024-03-02 21:00:00,aqi,GRU,161.00000095246432,162.19904
2024-11-01 08:00:00,aqi,GRU,93.99999980524626,89.352806
2025-05-02 14:00:00,aqi,GRU,100.00000030079983,126.57976
2023-07-02 18:00:00,aqi,GRU,236.99999748177976,244.23462
2022-06-12 21:00:00,aqi,GRU,243.0000009016422,256.98853
2025-08-11 23:00:00,aqi,GRU,110.00000015195279,118.59348
2023-11-10 21:00:00,aqi,GRU,86.99999971448526,92.817
2024-04-04 19:00:00,aqi,GRU,98.0000001356153,100.155235
2021-12-12 01:00:00,aqi,GRU,146.00000020096525,155.35612
2021-02-02 14:00:00,aqi,GRU,100.00000030079983,153.57716
2025-09-08 09:00:00,aqi,GRU,59.000001300980514,58.86242
2023-11-09 18:00:00,aqi,GRU,100.00000030079983,120.97846
2022-10-04 00:00:00,aqi,GRU,51.00000064024243,237.80325
2023-01-05 16:00:00,aqi,GRU,53.000001780196584,50.969753
2022-07-04 22:00:00,aqi,GRU,111.00000023454504,115.46749
2021-02-12 13:00:00,aqi,GRU,57.00000016102636,58.925266
2022-05-04 17:00:00,aqi,GRU,112.0000000734449,115.06578
2025-04-07 13:00:00,aqi,GRU,59.000001300980514,57.08639
2023-09-04 17:00:00,aqi,GRU,134.9999997798352,132.83595
2022-08-07 15:00:00,aqi,GRU,67.99999863261714,65.64957
2023-01-06 02:00:00,aqi,GRU,100.00000030079983,101.91312
2024-01-02 09:00:00,aqi,GRU,187.99999684645275,189.2379
2024-04-12 22:00:00,aqi,GRU,100.00000030079983,115.76704
2023-02-08 15:00:00,aqi,GRU,80.00000157326352,76.57202
2022-03-10 11:00:00,aqi,GRU,43.00000387858289,44.17586
2021-02-09 03:00:00,aqi,GRU,37.00000045872042,40.95994
2023-01-10 10:00:00,aqi,GRU,52.00000121021951,49.76592
2024-12-07 18:00:00,aqi,GRU,100.00000030079983,116.882095
2022-08-11 15:00:00,aqi,GRU,259.9999988940169,263.75537
2025-12-07 07:00:00,aqi,GRU,30.99999703885797,29.561398
2025-09-07 23:00:00,aqi,GRU,34.99999931876627,39.003643
2021-09-02 18:00:00,aqi,GRU,238.9999986217339,255.75917
2025-11-09 05:00:00,aqi,GRU,93.99999980524626,91.959816
2025-01-01 15:00:00,aqi,GRU,100.00000030079983,120.90498
2023-08-02 14:00:00,aqi,GRU,300.00000609678585,304.44177
2025-05-07 01:00:00,aqi,GRU,58.00000073100343,72.76497
2021-04-03 00:00:00,aqi,GRU,100.00000030079983,255.52554
2022-09-05 11:00:00,aqi,GRU,163.99999876331702,161.2549
2021-08-03 15:00:00,aqi,GRU,100.00000030079983,142.16386
2022-12-11 08:00:00,aqi,GRU,149.00000191089646,155.30226
2022-06-10 06:00:00,aqi,GRU,72.00000091252545,79.91068
2021-04-05 16:00:00,aqi,GRU,103.00000006119178,102.858376
2024-04-05 00:00:00,aqi,GRU,176.0000017039634,104.78844
2022-01-11 09:00:00,aqi,GRU,160.00000038248726,164.87701
2025-04-04 01:00:00,aqi,GRU,122.00000016829027,120.97192
2022-01-05 15:00:00,aqi,GRU,30.00000036795943,33.05176
2024-03-09 00:00:00,aqi,GRU,100.00000030079983,109.361176
2022-11-10 00:00:00,aqi,GRU,74.99999872337814,87.694786
2025-10-02 10:00:00,aqi,GRU,100.00000030079983,113.30051
2021-07-01 23:00:00,aqi,GRU,297.9999971586746,287.09357
2025-11-02 20:00:00,aqi,GRU,100.00000030079983,113.973915
2025-09-07 14:00:00,aqi,GRU,29.000003697060876,27.858295
2022-10-04 04:00:00,aqi,GRU,49.99999617118682,53.38015
2024-06-09 06:00:00,aqi,GRU,100.00000030079983,115.53135
2025-05-07 15:00:00,aqi,GRU,100.00000030079983,115.24621
2024-05-11 20:00:00,aqi,GRU,100.00000030079983,113.94095
2023-10-10 13:00:00,aqi,GRU,162.0000015224414,166.66792
2022-11-10 03:00:00,aqi,GRU,72.00000091252545,85.10877
2023-12-07 08:00:00,aqi,GRU,100.00000030079983,51.844368
2025-08-02 17:00:00,aqi,GRU,100.00000030079983,135.56987
2023-11-02 17:00:00,aqi,GRU,241.9999964325866,253.94351
2022-06-04 11:00:00,aqi,GRU,110.00000015195279,109.43469
2025-10-05 13:00:00,aqi,GRU,61.99999911183321,64.55672
2024-07-02 06:00:00,aqi,PINN,170.99999885407803,177.9314
2022-10-04 12:00:00,aqi,PINN,49.99999617118682,47.768032
2021-05-11 08:00:00,aqi,PINN,194.00000026631517,202.71854
2022-05-10 16:00:00,aqi,PINN,75.50000095790594,76.16597
2023-03-09 09:00:00,aqi,PINN,100.00000030079983,116.13141
2023-11-12 05:00:00,aqi,PINN,83.9999999540933,87.7842
2022-06-02 15:00:00,aqi,PINN,297.9999971586746,318.6921
2025-03-11 01:00:00,aqi,PINN,54.999999021072206,55.144554
2021-01-03 03:00:00,aqi,PINN,245.99999871249491,240.20006
2021-04-11 18:00:00,aqi,PINN,121.000000085698,122.57793
2024-10-06 09:00:00,aqi,PINN,37.999997129618976,35.03606
2023-07-09 13:00:00,aqi,PINN,100.00000030079983,131.94855
2022-09-10 17:00:00,aqi,PINN,60.50000020640686,61.526947
2022-07-06 19:00:00,aqi,PINN,80.00000157326352,79.86663
2022-01-12 16:00:00,aqi,PINN,257.0000010831642,262.12402
2025-08-10 11:00:00,aqi,PINN,59.000001300980514,62.98736
2023-12-08 11:00:00,aqi,PINN,100.00000030079983,96.142654
2021-06-11 13:00:00,aqi,PINN,111.00000023454504,114.19091
2025-10-09 05:00:00,aqi,PINN,76.99999986333229,72.66309
2021-03-02 13:00:00,aqi,PINN,285.0000014462082,294.5409
2024-10-03 08:00:00,aqi,PINN,132.00000001944323,128.99321
2022-02-11 15:00:00,aqi,PINN,205.0000026369845,215.61238
2023-12-07 16:00:00,aqi,PINN,100.00000030079983,94.01771
2023-05-08 18:00:00,aqi,PINN,72.00000091252545,70.563095
2023-01-01 09:00:00,aqi,PINN,180.0000000847932,191.11136
2023-08-02 22:00:00,aqi,PINN,314.99999515104935,302.6873
2021-04-02 17:00:00,aqi,PINN,252.9999988032559,256.1519
2025-09-12 18:00:00,aqi,PINN,95.00000037522334,93.70788
2025-12-05 03:00:00,aqi,PINN,68.99999920259421,62.72458
2021-01-07 07:00:00,aqi,PINN,53.99999845109513,54.69029
2025-07-07 18:00:00,aqi,PINN,100.00000030079983,104.35726
2025-01-02 06:00:00,aqi,PINN,100.00000030079983,102.70984
2025-11-12 01:00:00,aqi,PINN,78.00000043330937,85.50822
2025-12-07 11:00:00,aqi,PINN,30.00000036795943,29.198696
2023-09-12 07:00:00,aqi,PINN,100.00000030079983,93.64303
2023-11-01 23:00:00,aqi,PINN,289.0000037261165,294.2367
2022-09-12 20:00:00,aqi,PINN,160.00000038248726,161.9444
2021-12-12 09:00:00,aqi,PINN,158.99999981251017,161.14604
2024-06-12 21:00:00,aqi,PINN,100.00000030079983,131.90443
2021-04-12 13:00:00,aqi,PINN,103.99999965639923,102.861626
2025-05-09 06:00:00,aqi,PINN,55.99999959104928,53.227306
2022-04-12 14:00:00,aqi,PINN,187.99999684645275,192.20872
2021-05-04 23:00:00,aqi,PINN,100.00000030079983,143.44029
2023-12-08 04:00:00,aqi,PINN,100.00000030079983,86.08251
2022-08-01 17:00:00,aqi,PINN,100.00000030079983,111.86893
2022-01-04 08:00:00,aqi,PINN,207.00000377693863,212.36757
2022-11-10 21:00:00,aqi,PINN,71.00000034254836,89.42298
2024-02-05 07:00:00,aqi,PINN,151.99999972174916,145.92339
2021-06-08 18:00:00,aqi,PINN,59.000001300980514,57.433136
2024-11-07 14:00:00,aqi,PINN,100.00000030079983,99.282936
2025-12-03 07:00:00,aqi,PINN,100.00000030079983,110.02927
2023-03-05 08:00:00,aqi,PINN,51.00000064024243,51.61353
2023-05-09 19:00:00,aqi,PINN,100.00000030079983,132.29315
2024-07-03 06:00:00,aqi,PINN,136.00000034981227,135.31178
2024-10-07 06:00:00,aqi,PINN,100.00000030079983,100.14735
2024-05-08 18:00:00,aqi,PINN,100.00000030079983,117.6092
2022-04-08 13:00:00,aqi,PINN,49.99999617118682,42.53274
2024-12-05 04:00:00,aqi,PINN,250.00000099240322,49.36205
2024-09-11 09:00:00,aqi,PINN,100.00000030079983,114.49505
2025-05-04 22:00:00,aqi,PINN,134.9999997798352,122.41756
2022-09-11 02:00:00,aqi,PINN,269.99999679563064,279.37436
2022-10-09 03:00:00,aqi,PINN,61.99999911183321,75.604576
2021-04-03 13:00:00,aqi,PINN,100.00000030079983,191.29587
2021-08-01 16:00:00,aqi,PINN,100.00000030079983,152.54408
2021-12-03 02:00:00,aqi,PINN,100.00000030079983,169.52022
2022-02-11 07:00:00,aqi,PINN,233.99999967092705,234.21848
2023-05-11 21:00:00,aqi,PINN,118.99999992051349,113.13981
2022-04-07 04:00:00,aqi,PINN,229.0000007201202,214.02289
2025-07-05 13:00:00,aqi,PINN,93.99999980524626,88.38045
2023-09-08 22:00:00,aqi,PINN,83.9999999540933,79.27149
2025-04-08 22:00:00,aqi,PINN,54.999999021072206,56.40381
2025-12-10 05:00:00,aqi,PINN,174.00000056400927,172.62617
2022-07-11 08:00:00,aqi,PINN,258.9999944249613,266.49963
2024-02-11 22:00:00,aqi,PINN,100.00000030079983,97.66997
2022-09-08 12:00:00,aqi,PINN,74.99999872337814,76.45637
2024-11-07 04:00:00,aqi,PINN,100.00000030079983,114.43074
2021-05-11 17:00:00,aqi,PINN,201.0000003570762,203.2551
2022-02-11 10:00:00,aqi,PINN,231.00000186007435,233.19182
2024-06-12 16:00:00,aqi,PINN,100.00000030079983,140.11072
2021-11-05 21:00:00,aqi,PINN,100.00000030079983,108.98639
2025-08-05 22:00:00,aqi,PINN,66.99999806264006,62.821377
2025-07-05 18:00:00,aqi,PINN,91.00000004485429,88.46133
2024-11-02 09:00:00,aqi,PINN,121.000000085698,120.52463
2022-04-04 00:00:00,aqi,PINN,233.0000030000285,219.39038
2025-08-12 06:00:00,aqi,PINN,112.99999991234475,115.797005
2023-01-04 17:00:00,aqi,PINN,100.00000030079983,84.023155
2025-04-02 22:00:00,aqi,PINN,100.00000030079983,113.92045
2022-08-04 03:00:00,aqi,PINN,115.00000001660617,106.478935
2022-10-08 22:00:00,aqi,PINN,46.99999836033413,50.461056
2024-06-07 13:00:00,aqi,PINN,58.00000073100343,62.198673
2021-05-09 09:00:00,aqi,PINN,44.00000054948143,53.11031
2022-08-03 22:00:00,aqi,PINN,261.0000033630725,233.80415
2025-12-05 07:00:00,aqi,PINN,67.99999863261714,64.22169
2021-03-08 01:00:00,aqi,PINN,54.999999021072206,51.94121
2024-11-06 21:00:00,aqi,PINN,41.99999940952728,40.6803
2025-10-04 23:00:00,aqi,PINN,80.99999824416207,80.85905
2021-03-03 07:00:00,aqi,PINN,100.00000030079983,149.62294
2025-03-03 00:00:00,aqi,PINN,100.00000030079983,103.02618
2025-09-11 11:00:00,aqi,PINN,121.000000085698,123.25588
2022-07-02 13:00:00,aqi,PINN,247.00000318155054,261.87097
2022-06-03 02:00:00,aqi,PINN,275.0000035445945,270.56485
2024-10-02 21:00:00,aqi,PINN,129.9999998542587,128.24706
2025-01-05 23:00:00,aqi,PINN,79.00000100328644,75.04897
2023-02-11 09:00:00,aqi,PINN,73.99999815340107,70.81838
2021-08-07 16:00:00,aqi,PINN,61.99999911183321,61.11497
2024-02-03 07:00:00,aqi,PINN,121.000000085698,120.87995
2025-09-08 10:00:00,aqi,PINN,62.99999968181029,62.14631
2024-10-05 12:00:00,aqi,PINN,193.00000359541664,187.09239
2024-07-02 21:00:00,aqi,PINN,178.9999995148161,178.36609
2022-03-09 06:00:00,aqi,PINN,100.00000030079983,110.733955
2021-02-12 05:00:00,aqi,PINN,64.00000025178736,60.41094
2023-09-12 18:00:00,aqi,PINN,100.00000030079983,98.56872
2021-07-04 01:00:00,aqi,PINN,191.0000024554625,196.54713
2021-07-13 02:00:00,aqi,PINN,100.00000030079983,164.67203
2023-12-05 22:00:00,aqi,PINN,66.99999806264006,60.47633
2024-06-07 18:00:00,aqi,PINN,60.00000187095759,60.88353
2023-07-08 13:00:00,aqi,PINN,81.99999881413913,79.93682
2021-06-05 03:00:00,aqi,PINN,103.00000006119178,108.18233
2025-09-05 09:00:00,aqi,PINN,72.00000091252545,69.23651
2023-07-04 17:00:00,aqi,PINN,125.99999952388967,123.82956
2021-01-09 09:00:00,aqi,PINN,27.999999228005265,29.615139
2025-11-07 01:00:00,aqi,PINN,100.00000030079983,74.86151
2023-06-11 01:00:00,aqi,PINN,115.999999992583,116.94178
2021-02-05 11:00:00,aqi,PINN,112.99999991234475,113.904655
2023-06-12 19:00:00,aqi,PINN,137.00000091978936,134.85545
2021-07-07 22:00:00,aqi,PINN,80.00000157326352,82.112404
2022-07-04 09:00:00,aqi,PINN,113.99999999493701,118.3755
2022-02-12 16:00:00,aqi,PINN,220.9999961603036,231.23056
2022-10-11 04:00:00,aqi,PINN,285.0000014462082,289.60696
2024-01-05 15:00:00,aqi,PINN,129.9999998542587,129.86952
2022-04-05 02:00:00,aqi,PINN,37.999997129618976,37.442616
2021-09-02 10:00:00,aqi,PINN,229.0000007201202,242.35756
2025-04-12 03:00:00,aqi,PINN,125.99999952388967,134.51276
2024-07-10 06:00:00,aqi,PINN,100.00000030079983,120.80708
2022-04-04 08:00:00,aqi,PINN,212.00000272774548,219.4852
2023-02-07 14:00:00,aqi,PINN,100.00000030079983,96.21954
2022-09-04 13:00:00,aqi,PINN,92.00000061483138,91.988754
2022-07-12 20:00:00,aqi,PINN,335.99999542333234,341.3001
2024-04-01 16:00:00,aqi,PINN,125.99999952388967,129.16937
2021-12-09 13:00:00,aqi,PINN,25.000001417152575,24.329494
2023-07-05 01:00:00,aqi,PINN,49.99999617118682,56.630924
2025-11-07 23:00:00,aqi,PINN,30.99999703885797,29.815678
2024-04-02 15:00:00,aqi,PINN,191.0000024554625,199.14932
2024-01-04 06:00:00,aqi,PINN,115.00000001660617,111.04143
2025-09-12 09:00:00,aqi,PINN,105.99999982158374,107.38262
2025-03-11 18:00:00,aqi,PINN,55.99999959104928,51.754093
2024-09-07 20:00:00,aqi,PINN,100.00000030079983,97.379715
2023-09-09 20:00:00,aqi,PINN,100.00000030079983,108.747604
2021-07-12 01:00:00,aqi,PINN,115.999999992583,121.64753
2024-07-11 13:00:00,aqi,PINN,100.00000030079983,136.73515
2021-08-08 19:00:00,aqi,PINN,66.99999806264006,63.404377
2021-11-12 19:00:00,aqi,PINN,150.9999991517721,154.3498
2022-02-09 21:00:00,aqi,PINN,35.500001553294084,38.991116
2024-01-05 09:00:00,aqi,PINN,134.9999997798352,129.40364
2022-05-01 23:00:00,aqi,PINN,207.00000377693863,196.45818
2024-06-06 18:00:00,aqi,PINN,60.00000187095759,58.370316
2024-01-12 15:00:00,aqi,PINN,100.00000030079983,128.7791
2024-03-11 15:00:00,aqi,PINN,100.00000030079983,138.07887
2022-05-10 07:00:00,aqi,PINN,69.99999977257129,85.46111
2023-03-05 13:00:00,aqi,PINN,49.99999617118682,49.88709
2023-07-05 05:00:00,aqi,PINN,48.99999950028828,51.49098
2024-07-10 10:00:00,aqi,PINN,100.00000030079983,119.28062
2023-05-07 10:00:00,aqi,PINN,102.00000046598434,96.088104
2022-03-04 20:00:00,aqi,PINN,243.99999757254074,242.16939
2023-08-11 14:00:00,aqi,PINN,115.00000001660617,111.652054
2022-02-01 22:00:00,aqi,PINN,151.99999972174916,146.735
2023-10-02 08:00:00,aqi,PINN,313.00000180925224,307.9354
2025-03-11 08:00:00,aqi,PINN,49.99999617118682,51.28696
2023-10-09 04:00:00,aqi,PINN,100.00000030079983,107.641235
2025-01-12 00:00:00,aqi,PINN,95.00000037522334,52.740982
2023-02-11 18:00:00,aqi,PINN,100.00000030079983,71.70849
2025-09-10 13:00:00,aqi,PINN,96.00000094520041,96.31712
2021-11-09 21:00:00,aqi,PINN,23.000000277198424,23.66238
2025-08-09 06:00:00,aqi,PINN,60.00000187095759,56.882866
2024-12-13 00:00:00,aqi,PINN,100.00000030079983,92.176796
2022-02-07 01:00:00,aqi,PINN,100.00000030079983,95.05229
2023-10-07 22:00:00,aqi,PINN,51.00000064024243,53.688732
2023-02-03 06:00:00,aqi,PINN,140.99999930061912,139.40878
2025-11-12 04:00:00,aqi,PINN,78.00000043330937,80.49049
2025-02-09 00:00:00,aqi,PINN,51.00000064024243,58.755135
2021-02-08 23:00:00,aqi,PINN,53.000001780196584,43.48215
2025-06-02 10:00:00,aqi,PINN,100.00000030079983,127.942375
2024-05-13 00:00:00,aqi,PINN,100.00000030079983,115.17996
2021-09-04 07:00:00,aqi,PINN,147.0000007709423,149.60164
2022-09-08 14:00:00,aqi,PINN,60.99999854185613,59.31351
2021-11-02 05:00:00,aqi,PINN,306.0000017184912,305.39423
2025-06-05 08:00:00,aqi,PINN,98.0000001356153,98.29947
2024-07-03 21:00:00,aqi,PINN,141.9999998705962,136.71115
2023-05-11 02:00:00,aqi,PINN,111.00000023454504,109.38919
2025-01-12 14:00:00,aqi,PINN,105.0000002263763,100.92774
2023-11-12 04:00:00,aqi,PINN,85.00000052407037,86.85429
2024-05-12 17:00:00,aqi,PINN,100.00000030079983,158.31949
2022-07-06 20:00:00,aqi,PINN,78.00000043330937,78.59853
2023-01-09 20:00:00,aqi,PINN,100.00000030079983,102.846
2022-12-09 21:00:00,aqi,PINN,83.9999999540933,72.79002
2022-07-10 19:00:00,aqi,PINN,67.99999863261714,75.97459
2025-09-03 17:00:00,aqi,PINN,100.00000030079983,113.72362
2025-09-01 22:00:00,aqi,PINN,100.00000030079983,103.21321
2022-02-07 14:00:00,aqi,PINN,100.00000030079983,87.8237
2024-01-09 05:00:00,aqi,PINN,100.00000030079983,100.38229
2021-08-04 23:00:00,aqi,PINN,100.00000030079983,131.05524
2021-02-12 00:00:00,aqi,PINN,78.00000043330937,176.00644
2023-06-04 16:00:00,aqi,PINN,96.99999956563822,94.017586
2023-02-03 04:00:00,aqi,PINN,137.00000091978936,151.55757
2021-02-09 13:00:00,aqi,PINN,44.00000054948143,38.442753
2025-05-06 08:00:00,aqi,PINN,64.00000025178736,62.846584
2024-11-11 23:00:00,aqi,PINN,100.00000030079983,85.17657
2024-10-11 01:00:00,aqi,PINN,100.00000030079983,97.66786
2025-07-02 23:00:00,aqi,PINN,100.00000030079983,115.66599
2023-12-08 00:00:00,aqi,PINN,100.00000030079983,86.7325
2024-05-03 20:00:00,aqi,PINN,122.99999976349771,119.02758
2024-01-01 12:00:00,aqi,PINN,110.00000015195279,108.488495
2023-01-03 07:00:00,aqi,PINN,137.00000091978936,144.84746
2022-05-02 01:00:00,aqi,PINN,100.00000030079983,168.81316
2022-11-04 08:00:00,aqi,PINN,44.99999722037998,42.583805
2022-08-09 13:00:00,aqi,PINN,66.0000013917415,65.23289
2024-04-11 00:00:00,aqi,PINN,100.00000030079983,106.12075
2024-06-08 20:00:00,aqi,PINN,100.00000030079983,111.72033
2022-08-05 19:00:00,aqi,PINN,217.00000167855234,217.37602
2025-09-07 17:00:00,aqi,PINN,30.00000036795943,27.633831
2021-06-08 19:00:00,aqi,PINN,61.99999911183321,57.5398
2025-05-03 01:00:00,aqi,PINN,100.00000030079983,121.39019
2021-08-02 21:00:00,aqi,PINN,208.00000044783718,195.78006
2022-10-08 19:00:00,aqi,PINN,46.99999836033413,46.64516
2025-06-07 12:00:00,aqi,PINN,100.00000030079983,119.11741
2022-06-11 00:00:00,aqi,PINN,203.00000149703033,103.96954
2025-09-11 23:00:00,aqi,PINN,107.99999998676827,110.98759
2022-09-09 16:00:00,aqi,PINN,136.00000034981227,129.96895
2021-02-11 15:00:00,aqi,PINN,180.0000000847932,190.30983
2023-06-08 09:00:00,aqi,PINN,74.99999872337814,77.7315
2023-07-02 23:00:00,aqi,PINN,224.9999984402119,215.95273
2023-10-09 13:00:00,aqi,PINN,100.00000030079983,110.63275
2022-05-11 04:00:00,aqi,PINN,210.99999825868989,215.1577
2025-11-11 12:00:00,aqi,PINN,121.000000085698,120.82865
2023-05-02 07:00:00,aqi,PINN,307.9999950602883,312.94147
2021-01-07 15:00:00,aqi,PINN,41.99999940952728,44.324276
2023-06-04 11:00:00,aqi,PINN,100.00000030079983,96.25417
2022-03-01 19:00:00,aqi,PINN,200.00000368617765,205.49815
2025-06-08 02:00:00,aqi,PINN,54.999999021072206,48.215176
2023-04-08 17:00:00,aqi,PINN,76.99999986333229,74.91799
2024-12-03 22:00:00,aqi,PINN,124.99999992868223,114.17403
2025-04-07 18:00:00,aqi,PINN,59.000001300980514,57.314255
2022-08-04 16:00:00,aqi,PINN,102.00000046598434,98.92322
2023-04-10 10:00:00,aqi,PINN,154.0000008617033,154.0757
2023-05-11 08:00:00,aqi,PINN,115.999999992583,113.98873
2022-09-03 15:00:00,aqi,PINN,251.99999433420032,264.1274
2022-01-03 06:00:00,aqi,PINN,100.00000030079983,147.79103
2021-02-05 23:00:00,aqi,PINN,120.00000000310575,120.16278
2025-05-06 15:00:00,aqi,PINN,86.99999971448526,90.45811
2024-10-09 10:00:00,aqi,PINN,100.00000030079983,101.984764
2025-11-10 17:00:00,aqi,PINN,172.99999999403218,170.44484
2021-11-09 03:00:00,aqi,PINN,23.000000277198424,23.92886
2023-04-12 19:00:00,aqi,PINN,100.00000030079983,98.95702
2022-06-04 05:00:00,aqi,PINN,110.00000015195279,113.67508
2021-09-03 10:00:00,aqi,PINN,100.00000030079983,153.72815
2023-11-05 18:00:00,aqi,PINN,76.99999986333229,69.48768
2021-07-03 02:00:00,aqi,PINN,100.00000030079983,175.60971
2022-03-12 11:00:00,aqi,PINN,194.99999693721372,195.7308
2025-09-10 17:00:00,aqi,PINN,107.99999998676827,102.49443
2022-10-09 23:00:00,aqi,PINN,73.99999815340107,63.978962
2024-04-12 13:00:00,aqi,PINN,100.00000030079983,130.03903
2024-06-09 08:00:00,aqi,PINN,100.00000030079983,124.308914
2025-08-11 04:00:00,aqi,PINN,131.0000004242358,131.83234
2025-06-11 10:00:00,aqi,PINN,85.00000052407037,87.37764
2023-07-02 15:00:00,aqi,PINN,243.99999757254074,250.07716
2024-05-09 01:00:00,aqi,PINN,100.00000030079983,113.23648
2024-06-11 10:00:00,aqi,PINN,100.00000030079983,127.92582
2023-09-10 05:00:00,aqi,PINN,180.0000000847932,179.2846
2022-01-10 02:00:00,aqi,PINN,96.99999956563822,109.4103
2024-08-04 13:00:00,aqi,PINN,95.00000037522334,98.97465
2021-08-02 02:00:00,aqi,PINN,236.99999748177976,253.11404
2022-08-01 16:00:00,aqi,PINN,100.00000030079983,113.131325
2022-05-11 22:00:00,aqi,PINN,201.99999702797473,206.70465
2024-01-07 00:00:00,aqi,PINN,61.99999911183321,55.49332
2024-01-07 19:00:00,aqi,PINN,73.00000148250251,67.258095
2024-11-11 05:00:00,aqi,PINN,100.00000030079983,109.45634
2024-04-07 03:00:00,aqi,PINN,53.99999845109513,57.92194
2024-07-08 15:00:00,aqi,PINN,100.00000030079983,118.85935
2023-09-02 23:00:00,aqi,PINN,320.0000019000132,306.38943
2025-07-11 16:00:00,aqi,PINN,150.9999991517721,154.9346
2021-08-01 15:00:00,aqi,PINN,100.00000030079983,158.10172
2024-08-06 11:00:00,aqi,PINN,69.99999977257129,73.619415
2023-03-05 04:00:00,aqi,PINN,53.99999845109513,54.884815
2021-09-04 08:00:00,aqi,PINN,147.0000007709423,149.5879
2025-05-12 21:00:00,aqi,PINN,129.00000025905126,128.38664
2025-08-02 16:00:00,aqi,PINN,100.00000030079983,152.6453
2021-05-02 09:00:00,aqi,PINN,272.9999946064833,282.13596
2022-12-02 03:00:00,aqi,PINN,127.00000009386676,138.36046
2021-04-12 10:00:00,aqi,PINN,100.00000030079983,98.00364
2025-05-11 10:00:00,aqi,PINN,60.00000187095759,64.43843
2024-04-03 21:00:00,aqi,PINN,92.00000061483138,82.63105
2023-12-04 17:00:00,aqi,PINN,107.00000039156082,99.020096
2025-06-04 02:00:00,aqi,PINN,133.99999920985812,131.79128
2024-06-05 00:00:00,aqi,PINN,100.00000030079983,133.28015
2021-06-09 02:00:00,aqi,PINN,48.00000282938973,51.77153
2023-05-09 10:00:00,aqi,PINN,100.00000030079983,128.49005
2024-07-12 21:00:00,aqi,PINN,100.00000030079983,117.42783
2024-04-08 18:00:00,aqi,PINN,100.00000030079983,116.060104
2025-07-12 14:00:00,aqi,PINN,110.00000015195279,109.9018
2024-12-09 16:00:00,aqi,PINN,100.00000030079983,89.22484
2022-04-11 12:00:00,aqi,PINN,212.99999939864404,190.73923
2021-04-01 18:00:00,aqi,PINN,252.9999988032559,269.69577
2025-05-12 10:00:00,aqi,PINN,140.0000006801813,144.38788
2025-06-02 17:00:00,aqi,PINN,100.00000030079983,145.95988
2025-07-12 20:00:00,aqi,PINN,112.99999991234475,114.95722
2023-12-13 00:00:00,aqi,PINN,100.00000030079983,84.09201
2025-12-04 08:00:00,aqi,PINN,93.99999980524626,87.604294
2025-10-09 01:00:00,aqi,PINN,76.99999986333229,78.27454
2022-09-08 23:00:00,aqi,PINN,44.00000054948143,56.607777
2022-07-10 06:00:00,aqi,PINN,71.00000034254836,77.863174
2025-03-08 10:00:00,aqi,PINN,53.99999845109513,50.695896
2024-10-06 04:00:00,aqi,PINN,41.99999940952728,39.576534
2025-04-02 13:00:00,aqi,PINN,100.00000030079983,133.51152
2025-07-02 05:00:00,aqi,PINN,100.00000030079983,119.11154
2021-06-02 01:00:00,aqi,PINN,255.99999661410862,255.4761
2021-03-06 00:00:00,aqi,PINN,100.00000030079983,118.86727
2024-03-02 14:00:00,aqi,PINN,144.99999963098816,143.22993
2021-01-02 08:00:00,aqi,PINN,275.999992417336,286.79968
2023-03-11 19:00:00,aqi,PINN,140.99999930061912,138.46669
2022-08-08 02:00:00,aqi,PINN,92.00000061483138,89.29977
2021-01-08 05:00:00,aqi,PINN,46.99999836033413,46.27921
2023-12-11 03:00:00,aqi,PINN,103.00000006119178,104.720764
2025-10-05 08:00:00,aqi,PINN,67.99999863261714,64.95868
2021-02-11 09:00:00,aqi,PINN,174.00000056400927,176.81049
2022-02-06 13:00:00,aqi,PINN,100.00000030079983,129.92026
2025-11-12 21:00:00,aqi,PINN,82.99999938411622,99.67422
2022-08-07 05:00:00,aqi,PINN,49.99999617118682,54.14388
2021-08-05 16:00:00,aqi,PINN,100.00000030079983,104.133995
2024-07-09 11:00:00,aqi,PINN,100.00000030079983,120.71338
2022-09-06 00:00:00,aqi,PINN,57.00000016102636,112.785484
2022-12-10 05:00:00,aqi,PINN,66.99999806264006,82.65431
2021-12-01 14:00:00,aqi,PINN,103.00000006119178,104.26858
2025-06-04 11:00:00,aqi,PINN,127.9999996890742,133.26392
2022-12-05 04:00:00,aqi,PINN,100.99999989600727,102.70218
2025-04-05 12:00:00,aqi,PINN,89.99999947487723,94.212036
2024-09-04 01:00:00,aqi,PINN,92.99999923526919,98.14877
2023-01-05 03:00:00,aqi,PINN,55.99999959104928,53.234924
2021-10-05 16:00:00,aqi,PINN,100.00000030079983,92.28031
2023-04-11 21:00:00,aqi,PINN,107.00000039156082,112.95768
2021-12-02 22:00:00,aqi,PINN,322.99999971086595,313.51828
2023-09-13 01:00:00,aqi,PINN,100.00000030079983,95.72987
2021-03-03 00:00:00,aqi,PINN,100.00000030079983,258.10962
2021-07-08 11:00:00,aqi,PINN,49.99999617118682,47.62833
2025-09-11 13:00:00,aqi,PINN,120.00000000310575,120.71931
2023-10-04 23:00:00,aqi,PINN,100.99999989600727,98.692505
2024-12-09 23:00:00,aqi,PINN,100.00000030079983,89.48254
2023-12-01 22:00:00,aqi,PINN,278.00000135544724,284.8447
2021-07-09 00:00:00,aqi,PINN,34.00000264786773,51.090504
2022-03-05 00:00:00,aqi,PINN,49.99999617118682,203.33342
2021-05-07 23:00:00,aqi,PINN,80.99999824416207,80.66225
2024-01-11 13:00:00,aqi,PINN,100.00000030079983,113.425446
2022-05-07 21:00:00,aqi,PINN,85.99999914450818,89.15876
2025-01-09 21:00:00,aqi,PINN,53.000001780196584,46.844387
2024-06-08 14:00:00,aqi,PINN,100.00000030079983,116.633064
2023-05-10 07:00:00,aqi,PINN,212.00000272774548,211.2558
2022-03-01 14:00:00,aqi,PINN,191.0000024554625,190.8181
2024-01-07 02:00:00,aqi,PINN,62.99999968181029,67.06886
2024-01-04 09:00:00,aqi,PINN,115.00000001660617,109.43913
2022-06-04 20:00:00,aqi,PINN,121.000000085698,118.51751
2025-06-07 21:00:00,aqi,PINN,100.00000030079983,99.13191
2022-06-01 16:00:00,aqi,PINN,151.99999972174916,153.8079
2021-07-07 07:00:00,aqi,PINN,79.00000100328644,80.86163
2021-05-05 06:00:00,aqi,PINN,110.00000015195279,113.860535
2024-08-10 05:00:00,aqi,PINN,100.00000030079983,117.37932
2025-07-11 12:00:00,aqi,PINN,140.0000006801813,143.24638
2024-08-06 12:00:00,aqi,PINN,68.99999920259421,72.30764
2022-07-02 18:00:00,aqi,PINN,219.99999948940504,232.30994
2023-04-02 11:00:00,aqi,PINN,264.0000011739252,266.04437
2023-04-07 18:00:00,aqi,PINN,103.99999965639923,99.61791
2024-03-02 15:00:00,aqi,PINN,146.00000020096525,148.04749
2024-12-11 20:00:00,aqi,PINN,100.00000030079983,92.79349
2021-05-07 16:00:00,aqi,PINN,71.00000034254836,66.325134
2022-02-08 15:00:00,aqi,PINN,100.00000030079983,95.14872
2024-11-07 05:00:00,aqi,PINN,100.00000030079983,115.8253
2021-08-01 21:00:00,aqi,PINN,100.00000030079983,174.90837
2023-05-08 08:00:00,aqi,PINN,74.99999872337814,81.27016
2025-12-12 22:00:00,aqi,PINN,105.99999982158374,105.83492
2021-05-09 01:00:00,aqi,PINN,55.99999959104928,52.191673
2024-04-08 20:00:00,aqi,PINN,100.00000030079983,111.1307
2025-06-05 23:00:00,aqi,PINN,86.99999971448526,97.229416
2022-11-12 19:00:00,aqi,PINN,296.99999268961903,304.4369
2025-07-05 22:00:00,aqi,PINN,80.00000157326352,77.34385
2024-02-08 09:00:00,aqi,PINN,100.00000030079983,107.23475
2025-03-06 15:00:00,aqi,PINN,76.99999986333229,76.21589
2021-09-07 12:00:00,aqi,PINN,48.99999950028828,47.130314
2024-10-04 04:00:00,aqi,PINN,111.00000023454504,104.925766
2024-02-10 00:00:00,aqi,PINN,100.00000030079983,87.44697
2021-07-04 07:00:00,aqi,PINN,189.99999798640687,193.12262
2023-04-12 16:00:00,aqi,PINN,98.0000001356153,100.19631
2023-05-09 01:00:00,aqi,PINN,100.00000030079983,84.113625
2021-10-09 11:00:00,aqi,PINN,25.999998088051115,27.984257
2025-11-09 18:00:00,aqi,PINN,76.99999986333229,69.96405
2021-08-12 12:00:00,aqi,PINN,170.99999885407803,170.5063
2022-11-06 14:00:00,aqi,PINN,29.000003697060876,30.643154
2024-07-11 02:00:00,aqi,PINN,100.00000030079983,119.62372
2022-12-05 08:00:00,aqi,PINN,103.00000006119178,101.964584
2022-04-09 23:00:00,aqi,PINN,100.00000030079983,109.24286
2023-06-01 19:00:00,aqi,PINN,303.00000390763853,316.13416
2024-10-09 14:00:00,aqi,PINN,100.00000030079983,97.830826
2025-03-05 00:00:00,aqi,PINN,86.99999971448526,118.465904
2023-04-01 15:00:00,aqi,PINN,297.9999971586746,304.78574
2023-03-12 00:00:00,aqi,PINN,111.00000023454504,141.96202
2022-05-02 21:00:00,aqi,PINN,311.9999973401966,309.25375
2024-03-07 17:00:00,aqi,PINN,66.0000013917415,62.524635
2022-01-03 09:00:00,aqi,PINN,100.00000030079983,147.96935
2025-05-08 00:00:00,aqi,PINN,54.999999021072206,109.82858
2022-05-02 03:00:00,aqi,PINN,100.00000030079983,160.11186
2023-02-02 10:00:00,aqi,PINN,227.9999962510646,231.31342
2023-12-01 10:00:00,aqi,PINN,294.9999993478219,299.65222
2023-11-08 14:00:00,aqi,PINN,100.00000030079983,89.29277
2025-04-11 16:00:00,aqi,PINN,53.000001780196584,54.790844
2025-03-12 07:00:00,aqi,PINN,124.00000033347479,129.95737
2022-11-12 20:00:00,aqi,PINN,294.9999993478219,306.59473
2023-05-01 17:00:00,aqi,PINN,300.99999496952734,311.77542
2023-08-07 08:00:00,aqi,PINN,62.99999968181029,65.56768
2021-08-03 19:00:00,aqi,PINN,100.00000030079983,162.06554
2022-03-08 22:00:00,aqi,PINN,43.00000387858289,43.59009
2022-07-11 12:00:00,aqi,PINN,241.9999964325866,250.89577
2023-11-05 19:00:00,aqi,PINN,80.99999824416207,68.268585
2022-08-04 01:00:00,aqi,PINN,113.99999999493701,103.34025
2023-08-11 06:00:00,aqi,PINN,112.99999991234475,113.99531
2022-11-02 00:00:00,aqi,PINN,189.99999798640687,114.78441
2023-06-01 15:00:00,aqi,PINN,324.0000041799215,327.54553
2022-12-04 19:00:00,aqi,PINN,48.00000282938973,43.175396
2025-12-12 02:00:00,aqi,PINN,85.99999914450818,83.46889
2022-06-02 08:00:00,aqi,PINN,300.99999496952734,308.79233
2024-05-06 18:00:00,aqi,PINN,68.99999920259421,72.52404
2023-01-11 14:00:00,aqi,PINN,66.0000013917415,65.54701
2021-08-02 07:00:00,aqi,PINN,238.00000195083535,241.8251
2025-01-10 07:00:00,aqi,PINN,37.00000045872042,34.19028
2023-08-02 02:00:00,aqi,PINN,224.9999984402119,229.47383
2021-08-08 16:00:00,aqi,PINN,65.00000082176444,59.7343
2022-10-02 03:00:00,aqi,PINN,113.99999999493701,110.51945
2023-02-10 18:00:00,aqi,PINN,81.99999881413913,74.31132
2025-01-11 00:00:00,aqi,PINN,54.999999021072206,45.134228
2021-06-12 09:00:00,aqi,PINN,89.99999947487723,92.98055
2022-11-12 08:00:00,aqi,PINN,255.00000774136714,260.77933
2022-01-09 22:00:00,aqi,PINN,34.00000264786773,37.336315
2023-12-12 16:00:00,aqi,PINN,100.00000030079983,93.45521
2025-01-04 14:00:00,aqi,PINN,125.99999952388967,135.78131
2024-07-04 07:00:00,aqi,PINN,134.9999997798352,131.26178
2022-08-04 17:00:00,aqi,PINN,102.00000046598434,99.49219
2022-04-03 20:00:00,aqi,PINN,241.9999964325866,254.99362
2025-01-04 17:00:00,aqi,PINN,132.00000001944323,150.26758
2021-12-11 11:00:00,aqi,PINN,149.999998581795,150.2015
2024-08-08 01:00:00,aqi,PINN,100.00000030079983,109.08085
2024-10-01 18:00:00,aqi,PINN,76.99999986333229,69.36478
2022-01-12 23:00:00,aqi,PINN,261.0000033630725,267.52866
2021-02-03 11:00:00,aqi,PINN,100.00000030079983,186.02411
2024-08-11 01:00:00,aqi,PINN,100.00000030079983,108.37047
2021-01-04 22:00:00,aqi,PINN,100.00000030079983,142.09244
2021-02-09 06:00:00,aqi,PINN,32.99999817881212,33.580723
2022-02-01 11:00:00,aqi,PINN,157.99999924253308,154.02736
2023-09-08 00:00:00,aqi,PINN,78.00000043330937,60.074974
2025-10-10 10:00:00,aqi,PINN,139.00000011020424,137.72028
2022-04-01 21:00:00,aqi,PINN,165.99999990327117,176.09132
2022-02-03 05:00:00,aqi,PINN,240.99999976168806,251.96326
2022-01-01 17:00:00,aqi,PINN,133.00000058942032,130.22885
2025-06-09 01:00:00,aqi,PINN,55.99999959104928,69.1616
2021-11-02 02:00:00,aqi,PINN,294.9999993478219,295.2402
2025-08-03 22:00:00,aqi,PINN,100.00000030079983,120.5121
2022-04-07 17:00:00,aqi,PINN,182.9999978956459,170.52826
2023-06-07 12:00:00,aqi,PINN,64.00000025178736,63.962864
2023-01-05 18:00:00,aqi,PINN,49.99999617118682,48.504566
2024-06-09 20:00:00,aqi,PINN,100.00000030079983,112.095955
2024-03-10 16:00:00,aqi,PINN,100.00000030079983,115.04724
2025-07-03 21:00:00,aqi,PINN,100.00000030079983,141.17891
2023-12-02 11:00:00,aqi,PINN,272.00000573374183,270.12604
2022-01-08 21:00:00,aqi,PINN,100.00000030079983,67.796974
2025-03-05 07:00:00,aqi,PINN,85.99999914450818,82.63825
2023-08-02 16:00:00,aqi,PINN,306.0000017184912,312.4459
2022-02-08 18:00:00,aqi,PINN,100.00000030079983,87.66596
2024-02-04 08:00:00,aqi,PINN,120.00000000310575,116.88387
2023-02-11 05:00:00,aqi,PINN,78.00000043330937,78.727585
2023-02-09 21:00:00,aqi,PINN,100.00000030079983,111.94756
2025-10-07 16:00:00,aqi,PINN,20.00000246634572,28.766216
2022-10-12 08:00:00,aqi,PINN,153.00000029172625,153.2367
2022-12-10 15:00:00,aqi,PINN,64.00000025178736,64.54985
2021-12-09 07:00:00,aqi,PINN,23.000000277198424,21.55412
2023-05-01 18:00:00,aqi,PINN,301.9999994385829,311.96628
2024-09-07 03:00:00,aqi,PINN,100.00000030079983,111.73703
2022-02-08 12:00:00,aqi,PINN,100.00000030079983,109.99628
2022-11-03 03:00:00,aqi,PINN,251.99999433420032,257.93225
2025-04-06 18:00:00,aqi,PINN,49.99999617118682,51.40913
2022-11-06 09:00:00,aqi,PINN,39.00000159867457,39.93842
2021-05-12 13:00:00,aqi,PINN,103.00000006119178,106.999565
2022-03-08 14:00:00,aqi,PINN,32.00000150791358,23.59225
2024-09-08 10:00:00,aqi,PINN,100.00000030079983,107.8928
2022-09-10 06:00:00,aqi,PINN,60.00000187095759,62.739643
2022-03-08 18:00:00,aqi,PINN,46.99999836033413,35.17037
2023-11-13 02:00:00,aqi,PINN,100.00000030079983,96.81871
2021-09-04 22:00:00,aqi,PINN,100.00000030079983,153.07697
2024-09-10 20:00:00,aqi,PINN,100.00000030079983,101.268906
2023-07-06 02:00:00,aqi,PINN,100.00000030079983,93.28977
2022-05-10 15:00:00,aqi,PINN,71.00000034254836,75.5908
2021-10-04 02:00:00,aqi,PINN,100.00000030079983,161.23654
2022-06-04 12:00:00,aqi,PINN,110.00000015195279,113.85002
2023-11-11 16:00:00,aqi,PINN,78.00000043330937,75.00685
2025-10-10 21:00:00,aqi,PINN,147.99999939138013,139.10385
2023-12-09 18:00:00,aqi,PINN,100.00000030079983,104.57295
2023-11-09 10:00:00,aqi,PINN,100.00000030079983,115.858955
2023-05-05 08:00:00,aqi,PINN,54.999999021072206,54.074173
2023-07-12 06:00:00,aqi,PINN,133.99999920985812,131.12431
2021-12-08 20:00:00,aqi,PINN,44.99999722037998,41.179684
2025-12-10 14:00:00,aqi,PINN,170.99999885407803,172.82909
2021-05-05 01:00:00,aqi,PINN,111.00000023454504,118.53544
2022-04-11 23:00:00,aqi,PINN,208.99999711873573,208.90617
2021-11-02 23:00:00,aqi,PINN,322.99999971086595,302.5591
2024-08-01 15:00:00,aqi,PINN,91.00000004485429,92.54496
2023-05-04 21:00:00,aqi,PINN,53.99999845109513,52.755714
2022-05-05 18:00:00,aqi,PINN,120.00000000310575,123.23913
2025-01-07 13:00:00,aqi,PINN,60.00000187095759,67.18817
2023-10-04 18:00:00,aqi,PINN,105.0000002263763,103.51892
2021-03-04 14:00:00,aqi,PINN,100.00000030079983,155.06989
2022-06-11 04:00:00,aqi,PINN,214.00000386769966,223.59903
2022-01-02 19:00:00,aqi,PINN,215.00000053859821,223.02995
2023-08-08 23:00:00,aqi,PINN,80.00000157326352,84.27108
2024-07-05 21:00:00,aqi,PINN,100.00000030079983,153.4654
2022-07-09 00:00:00,aqi,PINN,52.00000121021951,78.799515
2024-08-13 01:00:00,aqi,PINN,100.00000030079983,108.14585
2023-06-07 23:00:00,aqi,PINN,72.00000091252545,70.233894
2024-03-01 17:00:00,aqi,PINN,91.00000004485429,99.03544
2021-12-07 22:00:00,aqi,PINN,49.99999617118682,46.592426
2022-10-09 22:00:00,aqi,PINN,73.99999815340107,68.44786
2022-03-02 21:00:00,aqi,PINN,100.00000030079983,212.57997
2024-08-07 09:00:00,aqi,PINN,64.00000025178736,64.544044
2024-06-01 16:00:00,aqi,PINN,122.99999976349771,125.03208
2021-08-07 12:00:00,aqi,PINN,69.99999977257129,70.61287
2022-09-02 13:00:00,aqi,PINN,89.99999947487723,91.18471
2023-12-07 14:00:00,aqi,PINN,100.00000030079983,91.5122
2025-09-05 23:00:00,aqi,PINN,58.00000073100343,58.2626
2024-11-02 04:00:00,aqi,PINN,121.000000085698,112.927155
2025-10-10 08:00:00,aqi,PINN,137.00000091978936,136.72191
2021-10-01 20:00:00,aqi,PINN,282.999992508097,290.40567
2025-06-07 05:00:00,aqi,PINN,100.00000030079983,117.1328
2024-11-05 18:00:00,aqi,PINN,69.99999977257129,100.61183
2024-07-08 19:00:00,aqi,PINN,100.00000030079983,113.989876
2021-06-03 02:00:00,aqi,PINN,100.00000030079983,160.72197
2022-03-08 21:00:00,aqi,PINN,44.99999722037998,42.40182
2023-10-02 16:00:00,aqi,PINN,307.9999950602883,316.06042
2025-06-05 03:00:00,aqi,PINN,98.0000001356153,96.82907
2024-04-10 21:00:00,aqi,PINN,100.00000030079983,107.58049
2025-12-10 22:00:00,aqi,PINN,162.99999819333993,152.25769
2022-08-11 06:00:00,aqi,PINN,243.0000009016422,249.54639
2024-02-11 12:00:00,aqi,PINN,100.00000030079983,120.63901
2024-01-03 07:00:00,aqi,PINN,144.99999963098816,149.8927
2024-04-13 02:00:00,aqi,PINN,100.00000030079983,113.7395
2022-11-03 13:00:00,aqi,PINN,259.9999988940169,265.33698
2023-02-02 11:00:00,aqi,PINN,222.99999730025775,226.17032
2022-07-12 22:00:00,aqi,PINN,331.00000427068255,336.49203
2022-05-04 06:00:00,aqi,PINN,143.00000044057327,150.88759
2024-11-12 01:00:00,aqi,PINN,100.00000030079983,94.8959
2024-02-03 11:00:00,aqi,PINN,111.00000023454504,114.146126
2023-05-09 04:00:00,aqi,PINN,100.00000030079983,112.82126
2021-03-11 19:00:00,aqi,PINN,143.00000044057327,151.82187
2021-04-07 13:00:00,aqi,PINN,66.99999806264006,66.070206
2025-08-07 02:00:00,aqi,PINN,100.00000030079983,101.63183
2023-02-08 16:00:00,aqi,PINN,80.00000157326352,75.02645
2022-07-04 07:00:00,aqi,PINN,118.00000008161363,116.50632
2021-05-06 00:00:00,aqi,PINN,100.00000030079983,106.59047
2022-02-03 08:00:00,aqi,PINN,248.0000076506061,257.15833
2023-04-12 01:00:00,aqi,PINN,102.00000046598434,94.203896
2025-04-05 06:00:00,aqi,PINN,96.99999956563822,96.41559
2024-10-08 22:00:00,aqi,PINN,100.00000030079983,86.77281
2022-06-02 07:00:00,aqi,PINN,303.00000390763853,310.0261
2022-08-08 06:00:00,aqi,PINN,91.00000004485429,87.14074
2024-06-03 10:00:00,aqi,PINN,131.0000004242358,126.91127
2022-09-09 21:00:00,aqi,PINN,88.00000028446233,101.64648
2024-01-09 16:00:00,aqi,PINN,100.00000030079983,97.24264
2022-04-03 14:00:00,aqi,PINN,257.0000010831642,265.8348
2022-04-08 02:00:00,aqi,PINN,44.99999722037998,43.418446
2023-08-08 03:00:00,aqi,PINN,74.99999872337814,80.11961
2022-10-06 03:00:00,aqi,PINN,48.00000282938973,51.247402
2025-05-04 07:00:00,aqi,PINN,113.99999999493701,113.62368
2021-01-04 20:00:00,aqi,PINN,100.00000030079983,148.36404
2025-03-09 11:00:00,aqi,PINN,65.00000082176444,61.270798
2024-12-01 08:00:00,aqi,PINN,105.0000002263763,103.72139
2022-10-12 02:00:00,aqi,PINN,141.9999998705962,158.57344
2023-07-08 03:00:00,aqi,PINN,78.00000043330937,83.87927
2024-11-07 22:00:00,aqi,PINN,100.00000030079983,93.198944
2023-01-12 18:00:00,aqi,PINN,102.00000046598434,95.51956
2023-09-12 20:00:00,aqi,PINN,100.00000030079983,102.469635
2022-02-11 17:00:00,aqi,PINN,208.00000044783718,212.19632
2024-08-01 09:00:00,aqi,PINN,96.99999956563822,97.667534
2023-03-09 01:00:00,aqi,PINN,100.00000030079983,85.10225
2022-06-08 01:00:00,aqi,PINN,49.99999617118682,60.351627
2025-01-05 08:00:00,aqi,PINN,71.00000034254836,68.56765
2021-04-04 08:00:00,aqi,PINN,194.00000026631517,200.1739
2024-01-05 22:00:00,aqi,PINN,137.00000091978936,128.2771
2025-07-05 14:00:00,aqi,PINN,95.00000037522334,93.19451
2024-08-04 06:00:00,aqi,PINN,109.00000006936052,104.98889
2024-09-05 07:00:00,aqi,PINN,248.0000076506061,254.94046
2022-08-09 07:00:00,aqi,PINN,74.99999872337814,75.51463
2025-02-13 01:00:00,aqi,PINN,100.00000030079983,130.53963
2023-03-01 22:00:00,aqi,PINN,269.99999679563064,276.96988
2024-04-03 08:00:00,aqi,PINN,81.99999881413913,77.8576
2021-10-01 13:00:00,aqi,PINN,286.9999947880053,289.84824
2023-01-03 05:00:00,aqi,PINN,133.00000058942032,141.31468
2024-10-11 14:00:00,aqi,PINN,100.00000030079983,113.53523
2021-01-09 10:00:00,aqi,PINN,27.999999228005265,29.115726
2024-07-09 15:00:00,aqi,PINN,100.00000030079983,113.24007
2025-03-08 05:00:00,aqi,PINN,53.000001780196584,51.869514
2021-05-11 21:00:00,aqi,PINN,208.99999711873573,200.69815
2021-07-12 04:00:00,aqi,PINN,137.99999954022718,141.23766
2022-08-12 22:00:00,aqi,PINN,271.0000012646862,279.23657
2022-02-07 23:00:00,aqi,PINN,100.00000030079983,108.8169
2025-11-12 05:00:00,aqi,PINN,78.00000043330937,80.74682
2022-02-08 03:00:00,aqi,PINN,100.00000030079983,78.66452
2024-09-01 13:00:00,aqi,PINN,105.99999982158374,110.04999
2024-08-01 18:00:00,aqi,PINN,88.00000028446233,90.42211
2024-11-11 17:00:00,aqi,PINN,100.00000030079983,108.64471
2025-01-04 10:00:00,aqi,PINN,120.00000000310575,121.149925
2025-09-12 01:00:00,aqi,PINN,118.00000008161363,119.06203
2025-06-04 06:00:00,aqi,PINN,127.9999996890742,130.99783
2022-09-03 22:00:00,aqi,PINN,252.9999988032559,241.36708
2021-08-05 03:00:00,aqi,PINN,93.99999980524626,91.42032
2021-12-04 21:00:00,aqi,PINN,100.00000030079983,128.29872
2025-10-10 17:00:00,aqi,PINN,144.99999963098816,141.43898
2022-12-02 07:00:00,aqi,PINN,122.00000016829027,122.36631
2021-12-11 09:00:00,aqi,PINN,149.999998581795,148.42867
2024-05-02 16:00:00,aqi,PINN,100.00000030079983,189.35078
2023-09-11 03:00:00,aqi,PINN,103.99999965639923,106.58989
2025-02-07 21:00:00,aqi,PINN,59.000001300980514,53.722733
2024-12-05 05:00:00,aqi,PINN,250.00000099240322,209.34094
2021-03-09 09:00:00,aqi,PINN,34.00000264786773,35.29202
2024-10-04 15:00:00,aqi,PINN,92.00000061483138,94.23511
2024-11-06 10:00:00,aqi,PINN,41.99999940952728,42.96667
2022-09-04 08:00:00,aqi,PINN,96.00000094520041,94.54693
2023-05-05 05:00:00,aqi,PINN,53.99999845109513,54.2391
2023-11-10 23:00:00,aqi,PINN,83.9999999540933,89.44004
2025-06-02 01:00:00,aqi,PINN,100.00000030079983,120.61084
2023-07-10 07:00:00,aqi,PINN,175.00000113398633,172.62917
2022-11-08 20:00:00,aqi,PINN,41.99999940952728,37.32755
2023-09-01 15:00:00,aqi,PINN,162.99999819333993,169.8719
2021-10-03 23:00:00,aqi,PINN,250.00000099240322,239.4888
2025-09-12 02:00:00,aqi,PINN,116.99999999902138,118.881256
2025-02-07 13:00:00,aqi,PINN,65.00000082176444,63.527515
2024-03-03 00:00:00,aqi,PINN,89.99999947487723,150.28284
2025-04-07 04:00:00,aqi,PINN,58.00000073100343,58.89185
2021-08-05 23:00:00,aqi,PINN,100.00000030079983,103.35413
2025-11-07 11:00:00,aqi,PINN,32.00000150791358,80.03735
2021-02-03 23:00:00,aqi,PINN,100.00000030079983,167.36543
2021-12-02 04:00:00,aqi,PINN,322.99999971086595,328.86777
2021-06-11 09:00:00,aqi,PINN,112.99999991234475,119.130745
2024-10-05 04:00:00,aqi,PINN,194.99999693721372,193.5547
2022-09-04 10:00:00,aqi,PINN,95.00000037522334,95.017166
2023-09-01 18:00:00,aqi,PINN,153.00000029172625,154.48972
2025-09-02 03:00:00,aqi,PINN,100.00000030079983,122.352295
2024-02-07 06:00:00,aqi,PINN,66.99999806264006,63.560608
2025-08-12 11:00:00,aqi,PINN,116.99999999902138,119.203
2022-05-07 19:00:00,aqi,PINN,113.99999999493701,122.35833
2023-06-02 11:00:00,aqi,PINN,296.00000381687755,305.3883
2021-02-09 19:00:00,aqi,PINN,44.00000054948143,41.68204
2021-10-03 04:00:00,aqi,PINN,289.0000037261165,294.12836
2023-01-09 19:00:00,aqi,PINN,100.00000030079983,107.47764
2025-03-10 03:00:00,aqi,PINN,30.99999703885797,31.38786
2025-06-11 20:00:00,aqi,PINN,103.99999965639923,105.8375
2022-12-12 06:00:00,aqi,PINN,265.0000056429808,274.79962
2023-09-11 12:00:00,aqi,PINN,100.00000030079983,96.95681
2023-08-08 22:00:00,aqi,PINN,80.99999824416207,79.44921
2023-08-06 00:00:00,aqi,PINN,100.00000030079983,76.987305
2024-05-04 18:00:00,aqi,PINN,98.0000001356153,101.523636
2021-08-11 18:00:00,aqi,PINN,146.00000020096525,149.66296
2021-04-12 05:00:00,aqi,PINN,98.0000001356153,104.295876
2025-03-07 23:00:00,aqi,PINN,54.999999021072206,51.693516
2024-08-02 00:00:00,aqi,PINN,176.0000017039634,98.60999
2023-11-09 06:00:00,aqi,PINN,100.00000030079983,120.8707
2022-08-12 02:00:00,aqi,PINN,329.9999998016269,323.3016
2025-09-09 01:00:00,aqi,PINN,61.99999911183321,78.90577
2022-02-02 23:00:00,aqi,PINN,243.0000009016422,237.18362
2022-03-04 11:00:00,aqi,PINN,226.0000029092675,235.20215
2021-01-05 23:00:00,aqi,PINN,100.00000030079983,116.75115
2024-12-04 23:00:00,aqi,PINN,89.0000008544394,91.82185
2021-08-09 12:00:00,aqi,PINN,29.000003697060876,37.735043
2021-11-05 07:00:00,aqi,PINN,86.99999971448526,85.51276
2022-07-08 13:00:00,aqi,PINN,49.99999617118682,54.44935
2021-02-11 18:00:00,aqi,PINN,184.9999990356,182.25589
2023-02-07 23:00:00,aqi,PINN,107.99999998676827,88.23857
2025-01-01 22:00:00,aqi,PINN,100.00000030079983,85.669754
2025-09-06 22:00:00,aqi,PINN,95.00000037522334,90.280914
2025-02-10 02:00:00,aqi,PINN,48.00000282938973,46.020138
2025-07-06 05:00:00,aqi,PINN,98.0000001356153,98.20291
2021-08-11 08:00:00,aqi,PINN,133.99999920985812,138.61145
2021-03-11 13:00:00,aqi,PINN,160.00000038248726,169.40642
2022-03-06 21:00:00,aqi,PINN,112.0000000734449,115.10097
2023-05-09 09:00:00,aqi,PINN,100.00000030079983,128.0651
2023-02-01 16:00:00,aqi,PINN,248.9999965233476,254.0596
2023-04-11 23:00:00,aqi,PINN,107.99999998676827,108.41067
2022-06-08 23:00:00,aqi,PINN,48.00000282938973,57.55815
2021-03-05 02:00:00,aqi,PINN,124.00000033347479,125.44278
2023-10-05 03:00:00,aqi,PINN,55.99999959104928,54.646347
2022-05-11 12:00:00,aqi,PINN,208.00000044783718,208.47583
2023-03-06 01:00:00,aqi,PINN,100.00000030079983,72.592155
2023-02-11 11:00:00,aqi,PINN,75.99999929335522,72.93361
2024-09-11 11:00:00,aqi,PINN,100.00000030079983,117.22194
2021-10-12 13:00:00,aqi,PINN,168.00000104322532,168.83548
2025-01-02 08:00:00,aqi,PINN,100.00000030079983,103.96018
2023-11-05 22:00:00,aqi,PINN,79.00000100328644,70.356575
2024-03-06 19:00:00,aqi,PINN,73.99999815340107,73.640724
2023-01-01 13:00:00,aqi,PINN,163.99999876331702,175.98795
2023-10-09 09:00:00,aqi,PINN,100.00000030079983,114.124214
2024-10-08 03:00:00,aqi,PINN,100.00000030079983,96.33843
2023-04-13 01:00:00,aqi,PINN,100.00000030079983,120.76531
2023-12-09 16:00:00,aqi,PINN,100.00000030079983,113.85257
2025-01-03 02:00:00,aqi,PINN,100.00000030079983,110.82888
2024-11-03 07:00:00,aqi,PINN,122.99999976349771,120.37201
2024-02-04 17:00:00,aqi,PINN,133.99999920985812,132.12901
2022-04-01 18:00:00,aqi,PINN,144.99999963098816,151.47069
2022-08-10 14:00:00,aqi,PINN,72.00000091252545,59.407944
2023-09-12 03:00:00,aqi,PINN,92.99999923526919,98.67998
2024-01-11 09:00:00,aqi,PINN,100.00000030079983,102.5332
2022-08-02 14:00:00,aqi,PINN,120.00000000310575,126.823
2021-08-09 19:00:00,aqi,PINN,22.00000360629987,29.469997
2024-02-06 09:00:00,aqi,PINN,55.99999959104928,52.69183
2023-10-02 01:00:00,aqi,PINN,321.00000636906884,292.75912
2022-10-05 12:00:00,aqi,PINN,122.00000016829027,121.48107
2022-01-04 12:00:00,aqi,PINN,217.00000167855234,222.3338
2022-09-04 05:00:00,aqi,PINN,96.99999956563822,95.41922
2023-09-01 08:00:00,aqi,PINN,200.00000368617765,205.81445
2023-07-12 22:00:00,aqi,PINN,83.9999999540933,85.79496
2022-02-03 19:00:00,aqi,PINN,279.9999946972443,287.84445
2022-02-09 02:00:00,aqi,PINN,37.00000045872042,20.950397
2024-07-08 22:00:00,aqi,PINN,100.00000030079983,113.59427
2021-10-02 20:00:00,aqi,PINN,293.9999948787663,308.35193
2024-07-10 13:00:00,aqi,PINN,100.00000030079983,132.4326
2023-11-08 09:00:00,aqi,PINN,100.00000030079983,103.32388
2021-06-08 11:00:00,aqi,PINN,53.99999845109513,52.24013
2021-12-03 22:00:00,aqi,PINN,100.00000030079983,141.96829
2022-06-11 11:00:00,aqi,PINN,259.9999988940169,256.41074
2024-04-10 14:00:00,aqi,PINN,100.00000030079983,120.16636
2024-07-01 10:00:00,aqi,PINN,105.99999982158374,107.333954
2024-02-06 07:00:00,aqi,PINN,55.99999959104928,53.91516
2022-01-06 13:00:00,aqi,PINN,105.0000002263763,104.15769
2024-07-05 19:00:00,aqi,PINN,100.00000030079983,132.61076
2023-10-05 17:00:00,aqi,PINN,73.00000148250251,63.57764
2024-08-08 07:00:00,aqi,PINN,100.00000030079983,122.32883
2023-01-12 00:00:00,aqi,PINN,85.99999914450818,71.91533
2021-08-11 12:00:00,aqi,PINN,144.99999963098816,146.77567
2021-05-13 01:00:00,aqi,PINN,100.00000030079983,126.108955
2023-02-02 03:00:00,aqi,PINN,258.9999944249613,262.08463
2021-07-05 15:00:00,aqi,PINN,88.00000028446233,87.6193
2021-04-07 08:00:00,aqi,PINN,65.00000082176444,64.41217
2021-07-01 14:00:00,aqi,PINN,303.99999278038,313.41605
2025-06-07 03:00:00,aqi,PINN,100.00000030079983,109.04798
2021-03-08 05:00:00,aqi,PINN,60.00000187095759,58.48413
2021-11-12 01:00:00,aqi,PINN,165.99999990327117,169.49689
2022-01-09 18:00:00,aqi,PINN,29.000003697060876,28.391804
2024-04-11 12:00:00,aqi,PINN,100.00000030079983,130.12508
2021-01-07 19:00:00,aqi,PINN,46.00000168943558,39.77937
2021-10-02 06:00:00,aqi,PINN,276.9999968863916,285.45563
2021-02-08 03:00:00,aqi,PINN,66.0000013917415,61.613804
2021-10-12 00:00:00,aqi,PINN,170.99999885407803,133.05797
2022-01-01 14:00:00,aqi,PINN,129.9999998542587,127.16149
2022-09-04 21:00:00,aqi,PINN,64.00000025178736,68.91137
2021-07-12 02:00:00,aqi,PINN,124.99999992868223,133.801
2022-01-09 20:00:00,aqi,PINN,25.999998088051115,25.428295
2024-02-10 13:00:00,aqi,PINN,100.00000030079983,107.0367
2024-08-03 15:00:00,aqi,PINN,139.00000011020424,140.66867
2024-12-05 09:00:00,aqi,PINN,250.00000099240322,244.23708
2024-06-07 07:00:00,aqi,PINN,58.00000073100343,60.262016
2025-01-06 14:00:00,aqi,PINN,66.99999806264006,66.28858
2024-05-06 19:00:00,aqi,PINN,71.00000034254836,70.01273
2023-02-02 18:00:00,aqi,PINN,217.9999983494509,221.64752
2023-08-08 19:00:00,aqi,PINN,81.99999881413913,78.4805
2022-05-03 20:00:00,aqi,PINN,271.0000012646862,276.70117
2021-09-11 18:00:00,aqi,PINN,100.00000030079983,115.90818
2025-07-11 18:00:00,aqi,PINN,154.0000008617033,154.87181
2024-09-11 12:00:00,aqi,PINN,100.00000030079983,120.398415
2023-04-10 19:00:00,aqi,PINN,170.99999885407803,171.91908
2023-02-07 20:00:00,aqi,PINN,102.00000046598434,90.27354
2025-01-06 17:00:00,aqi,PINN,64.00000025178736,63.70465
2023-02-09 02:00:00,aqi,PINN,100.00000030079983,89.66567
2021-04-06 01:00:00,aqi,PINN,100.00000030079983,128.82022
2024-02-02 11:00:00,aqi,PINN,89.99999947487723,87.282104
2022-09-01 12:00:00,aqi,PINN,100.00000030079983,111.16133
2023-02-04 08:00:00,aqi,PINN,52.00000121021951,47.186726
2023-05-12 21:00:00,aqi,PINN,107.99999998676827,107.1347
2024-11-04 08:00:00,aqi,PINN,89.0000008544394,87.39871
2024-04-08 03:00:00,aqi,PINN,100.00000030079983,103.13479
2025-04-06 12:00:00,aqi,PINN,55.99999959104928,60.51344
2024-01-09 22:00:00,aqi,PINN,100.00000030079983,83.79324
2025-06-09 11:00:00,aqi,PINN,39.00000159867457,42.965656
2023-04-02 08:00:00,aqi,PINN,257.0000010831642,266.13898
2023-02-12 03:00:00,aqi,PINN,105.0000002263763,109.42978
2022-08-09 08:00:00,aqi,PINN,72.00000091252545,71.589066
2025-11-11 14:00:00,aqi,PINN,120.00000000310575,121.35609
2023-08-02 17:00:00,aqi,PINN,307.9999950602883,315.3194
2023-02-10 19:00:00,aqi,PINN,80.00000157326352,75.07329
2021-08-09 01:00:00,aqi,PINN,43.00000387858289,41.599674
2022-07-08 22:00:00,aqi,PINN,80.00000157326352,78.31424
2025-06-10 09:00:00,aqi,PINN,61.99999911183321,65.45448
2025-03-11 13:00:00,aqi,PINN,49.99999617118682,50.603893
2024-09-10 22:00:00,aqi,PINN,100.00000030079983,100.33261
2023-11-07 09:00:00,aqi,PINN,53.000001780196584,49.16152
2025-05-08 22:00:00,aqi,PINN,53.000001780196584,54.006485
2025-08-02 09:00:00,aqi,PINN,100.00000030079983,117.79333
2022-10-09 01:00:00,aqi,PINN,61.99999911183321,78.06526
2024-11-03 04:00:00,aqi,PINN,122.00000016829027,118.74701
2021-12-05 12:00:00,aqi,PINN,100.00000030079983,96.25929
2025-10-04 04:00:00,aqi,PINN,103.99999965639923,99.67466
2024-08-05 10:00:00,aqi,PINN,236.99999748177976,246.10104
2024-01-07 14:00:00,aqi,PINN,72.00000091252545,67.66695
2021-02-07 20:00:00,aqi,PINN,53.000001780196584,50.400417
2022-05-03 08:00:00,aqi,PINN,251.00000546145884,262.31607
2021-11-12 17:00:00,aqi,PINN,153.00000029172625,153.7169
2023-08-12 16:00:00,aqi,PINN,92.00000061483138,89.5559
2022-08-12 01:00:00,aqi,PINN,328.99999533257136,310.07278
2024-09-06 21:00:00,aqi,PINN,52.00000121021951,54.400993
2021-03-05 09:00:00,aqi,PINN,131.0000004242358,131.92725
2022-04-10 09:00:00,aqi,PINN,98.0000001356153,93.26205
2023-10-02 13:00:00,aqi,PINN,310.00000399839956,315.2643
2022-10-03 16:00:00,aqi,PINN,258.0000055522198,267.73987
2024-03-02 13:00:00,aqi,PINN,143.00000044057327,141.53093
2022-03-13 02:00:00,aqi,PINN,100.00000030079983,162.34785
2021-12-03 12:00:00,aqi,PINN,100.00000030079983,128.00623
2025-10-12 09:00:00,aqi,PINN,81.99999881413913,83.55667
2024-12-02 07:00:00,aqi,PINN,120.00000000310575,116.195366
2024-01-03 16:00:00,aqi,PINN,147.99999939138013,145.70169
2022-09-08 11:00:00,aqi,PINN,92.00000061483138,82.51645
2021-06-12 19:00:00,aqi,PINN,99.00000070559238,99.51315
2022-12-08 11:00:00,aqi,PINN,46.99999836033413,39.4334
2021-10-13 00:00:00,aqi,PINN,100.00000030079983,180.2345
2024-09-03 21:00:00,aqi,PINN,121.000000085698,109.24316
2025-06-11 21:00:00,aqi,PINN,105.99999982158374,103.293106
2024-02-04 16:00:00,aqi,PINN,133.99999920985812,131.54378
2022-06-06 06:00:00,aqi,PINN,85.00000052407037,86.9706
2022-11-09 13:00:00,aqi,PINN,79.00000100328644,74.99991
2023-02-03 01:00:00,aqi,PINN,132.00000001944323,137.77945
2025-06-04 15:00:00,aqi,PINN,129.9999998542587,138.20567
2025-10-09 08:00:00,aqi,PINN,81.99999881413913,76.51012
2024-04-07 15:00:00,aqi,PINN,49.99999617118682,49.82397
2021-01-08 07:00:00,aqi,PINN,46.99999836033413,52.121117
2024-06-12 14:00:00,aqi,PINN,100.00000030079983,139.19234
2022-12-08 12:00:00,aqi,PINN,46.99999836033413,40.039967
2025-03-02 12:00:00,aqi,PINN,100.00000030079983,117.35314
2024-07-08 00:00:00,aqi,PINN,100.00000030079983,73.42479
2022-02-11 11:00:00,aqi,PINN,224.9999984402119,229.69707
2023-12-05 06:00:00,aqi,PINN,78.00000043330937,73.23075
2025-06-07 14:00:00,aqi,PINN,100.00000030079983,118.46011
2023-06-11 12:00:00,aqi,PINN,116.99999999902138,116.18104
2025-03-03 22:00:00,aqi,PINN,100.00000030079983,121.03071
2021-08-07 15:00:00,aqi,PINN,62.99999968181029,64.342255
2022-10-06 04:00:00,aqi,PINN,49.99999617118682,53.457336
2022-06-01 15:00:00,aqi,PINN,156.99999867255602,156.90099
2021-10-11 18:00:00,aqi,PINN,133.99999920985812,129.74918
2025-02-11 20:00:00,aqi,PINN,57.00000016102636,52.545303
2024-07-11 10:00:00,aqi,PINN,100.00000030079983,127.8676
2024-02-01 09:00:00,aqi,PINN,100.00000030079983,103.060135
2024-02-09 14:00:00,aqi,PINN,100.00000030079983,105.240974
2024-03-01 22:00:00,aqi,PINN,89.0000008544394,91.22326
2024-03-10 21:00:00,aqi,PINN,100.00000030079983,99.394745
2023-06-10 01:00:00,aqi,PINN,186.00000350465564,188.91573
2024-07-04 01:00:00,aqi,PINN,127.00000009386676,122.3691
2024-12-12 06:00:00,aqi,PINN,100.00000030079983,104.14571
2024-05-12 23:00:00,aqi,PINN,100.00000030079983,116.70832
2023-02-10 03:00:00,aqi,PINN,68.99999920259421,63.353424
2022-11-11 09:00:00,aqi,PINN,219.99999948940504,201.64293
2022-05-08 16:00:00,aqi,PINN,49.99999617118682,50.516468
2023-05-11 19:00:00,aqi,PINN,120.00000000310575,111.015976
2024-06-12 18:00:00,aqi,PINN,100.00000030079983,135.78876
2021-01-02 19:00:00,aqi,PINN,240.99999976168806,244.80782
2025-08-10 15:00:00,aqi,PINN,59.000001300980514,60.47415
2023-10-11 01:00:00,aqi,PINN,83.9999999540933,84.96098
2022-09-06 03:00:00,aqi,PINN,54.999999021072206,55.694473
2024-03-09 21:00:00,aqi,PINN,100.00000030079983,101.38625
2023-02-08 08:00:00,aqi,PINN,75.99999929335522,74.04153
2025-09-03 23:00:00,aqi,PINN,100.00000030079983,107.64918
2022-03-06 10:00:00,aqi,PINN,107.99999998676827,109.82792
2021-08-02 20:00:00,aqi,PINN,210.00000158779136,197.87007
2021-06-04 18:00:00,aqi,PINN,171.9999994240551,173.52686
2025-12-03 08:00:00,aqi,PINN,100.00000030079983,110.445305
2023-05-12 01:00:00,aqi,PINN,111.00000023454504,113.415504
2025-04-08 21:00:00,aqi,PINN,54.999999021072206,54.935658
2023-07-10 22:00:00,aqi,PINN,150.9999991517721,141.09355
2022-01-02 02:00:00,aqi,PINN,220.9999961603036,219.46454
2022-02-12 09:00:00,aqi,PINN,248.0000076506061,255.64636
2025-01-01 21:00:00,aqi,PINN,100.00000030079983,87.84834
2023-06-12 05:00:00,aqi,PINN,107.00000039156082,111.001595
2025-10-09 11:00:00,aqi,PINN,82.99999938411622,80.62799
2021-10-12 20:00:00,aqi,PINN,167.00000047324824,166.55164
2023-05-09 16:00:00,aqi,PINN,100.00000030079983,132.6644
2022-11-12 14:00:00,aqi,PINN,286.9999947880053,289.9168
2023-07-10 08:00:00,aqi,PINN,175.00000113398633,172.26163
2022-08-11 09:00:00,aqi,PINN,243.99999757254074,244.55403
2025-05-08 19:00:00,aqi,PINN,52.00000121021951,51.04826
2024-09-12 20:00:00,aqi,PINN,100.00000030079983,102.004
2024-08-12 02:00:00,aqi,PINN,100.00000030079983,113.22895
2021-05-07 09:00:00,aqi,PINN,64.00000025178736,62.004333
2025-08-09 20:00:00,aqi,PINN,55.99999959104928,52.342022
2023-05-01 23:00:00,aqi,PINN,311.9999973401966,315.08188
2021-02-07 15:00:00,aqi,PINN,53.99999845109513,50.15076
2021-06-01 14:00:00,aqi,PINN,321.9999952418103,327.41226
2022-06-06 00:00:00,aqi,PINN,89.0000008544394,198.21361
2022-11-09 08:00:00,aqi,PINN,76.99999986333229,76.47168
2024-03-06 05:00:00,aqi,PINN,72.00000091252545,70.89093
2024-10-12 03:00:00,aqi,PINN,100.00000030079983,106.75906
2025-09-07 06:00:00,aqi,PINN,29.000003697060876,28.616787
2022-12-05 10:00:00,aqi,PINN,103.00000006119178,103.62414
2021-03-03 18:00:00,aqi,PINN,100.00000030079983,186.43979
2022-09-04 19:00:00,aqi,PINN,73.00000148250251,74.54147
2022-02-02 18:00:00,aqi,PINN,215.00000053859821,219.90536
2022-02-05 13:00:00,aqi,PINN,30.99999703885797,24.33089
2025-10-11 17:00:00,aqi,PINN,118.99999992051349,113.271736
2025-04-09 20:00:00,aqi,PINN,55.99999959104928,54.64608
2024-03-04 23:00:00,aqi,PINN,107.99999998676827,110.34582
2023-10-04 14:00:00,aqi,PINN,105.0000002263763,108.01133
2023-08-10 07:00:00,aqi,PINN,156.99999867255602,157.76462
2024-08-11 04:00:00,aqi,PINN,100.00000030079983,122.68647
2023-09-04 22:00:00,aqi,PINN,124.99999992868223,128.65065
2024-08-05 07:00:00,aqi,PINN,118.00000008161363,141.40521
2025-03-02 17:00:00,aqi,PINN,100.00000030079983,125.964325
2021-09-09 09:00:00,aqi,PINN,23.000000277198424,26.503101
2021-05-12 01:00:00,aqi,PINN,103.99999965639923,118.14166
2021-04-09 21:00:00,aqi,PINN,48.00000282938973,43.406498
2023-03-11 09:00:00,aqi,PINN,102.00000046598434,97.69374
2025-08-08 16:00:00,aqi,PINN,59.000001300980514,59.085323
2024-05-12 16:00:00,aqi,PINN,100.00000030079983,167.2421
2021-02-03 08:00:00,aqi,PINN,100.00000030079983,171.98676
2024-02-05 10:00:00,aqi,PINN,157.99999924253308,152.08846
2025-04-12 11:00:00,aqi,PINN,133.99999920985812,136.27333
2024-07-12 02:00:00,aqi,PINN,100.00000030079983,124.05268
2024-04-12 16:00:00,aqi,PINN,100.00000030079983,145.08757
2022-09-09 12:00:00,aqi,PINN,141.9999998705962,133.35579
2025-08-10 05:00:00,aqi,PINN,54.999999021072206,58.241833
2023-05-08 10:00:00,aqi,PINN,76.99999986333229,78.379364
2025-03-12 16:00:00,aqi,PINN,133.99999920985812,133.26894
2023-01-10 05:00:00,aqi,PINN,55.99999959104928,49.2084
2021-04-12 16:00:00,aqi,PINN,102.00000046598434,99.4227
2021-02-04 22:00:00,aqi,PINN,100.00000030079983,156.94882
2024-06-01 20:00:00,aqi,PINN,112.99999991234475,113.51204
2025-05-04 12:00:00,aqi,PINN,124.00000033347479,136.6217
2025-05-12 19:00:00,aqi,PINN,131.0000004242358,128.37582
2024-12-08 23:00:00,aqi,PINN,100.00000030079983,85.50638
2022-06-10 02:00:00,aqi,PINN,74.99999872337814,79.9193
2024-02-10 07:00:00,aqi,PINN,100.00000030079983,113.255646
2023-01-04 06:00:00,aqi,PINN,100.00000030079983,94.56136
2024-04-03 23:00:00,aqi,PINN,96.99999956563822,91.02403
2025-04-08 09:00:00,aqi,PINN,53.99999845109513,103.376625
2022-04-02 10:00:00,aqi,PINN,100.00000030079983,125.543884
2023-01-08 02:00:00,aqi,PINN,78.00000043330937,80.452225
2024-09-02 22:00:00,aqi,PINN,129.9999998542587,134.68861
2022-02-05 11:00:00,aqi,PINN,22.00000360629987,22.09402
2023-11-09 05:00:00,aqi,PINN,100.00000030079983,120.879364
2023-07-12 02:00:00,aqi,PINN,134.9999997798352,139.94197
2023-07-04 22:00:00,aqi,PINN,132.00000001944323,128.27336
2024-10-02 06:00:00,aqi,PINN,132.00000001944323,131.25018
2022-03-09 05:00:00,aqi,PINN,100.00000030079983,111.603195
2022-01-05 21:00:00,aqi,PINN,25.999998088051115,26.391277
2022-11-06 19:00:00,aqi,PINN,25.999998088051115,21.556858
2024-07-05 23:00:00,aqi,PINN,100.00000030079983,126.55979
2022-11-02 16:00:00,aqi,PINN,155.99999810257896,160.13014
2024-01-02 06:00:00,aqi,PINN,180.0000000847932,183.4368
2022-02-10 17:00:00,aqi,PINN,60.00000187095759,61.542538
2023-11-05 05:00:00,aqi,PINN,73.99999815340107,69.62446
2024-01-08 16:00:00,aqi,PINN,100.00000030079983,97.224655
2022-12-06 07:00:00,aqi,PINN,27.000002557106725,27.537037
2025-01-12 04:00:00,aqi,PINN,100.00000030079983,100.5632
2022-08-08 10:00:00,aqi,PINN,85.00000052407037,85.49285
2023-12-12 08:00:00,aqi,PINN,100.00000030079983,96.8542
2025-06-04 14:00:00,aqi,PINN,131.0000004242358,140.77425
2023-08-10 04:00:00,aqi,PINN,155.0000014316804,156.79022
2023-09-05 09:00:00,aqi,PINN,72.00000091252545,68.78694
2023-02-12 04:00:00,aqi,PINN,105.99999982158374,101.90455
2022-02-03 16:00:00,aqi,PINN,272.00000573374183,277.67435
2023-12-01 19:00:00,aqi,PINN,279.9999946972443,290.20612
2024-05-08 23:00:00,aqi,PINN,100.00000030079983,110.55787
2024-11-11 04:00:00,aqi,PINN,100.00000030079983,110.59625
2022-03-11 11:00:00,aqi,PINN,100.00000030079983,216.41458
2025-09-10 09:00:00,aqi,PINN,86.99999971448526,87.08232
2022-08-02 06:00:00,aqi,PINN,140.99999930061912,149.46175
2025-08-07 17:00:00,aqi,PINN,30.99999703885797,28.447254
2025-05-08 16:00:00,aqi,PINN,51.00000064024243,52.645737
2025-05-08 03:00:00,aqi,PINN,53.000001780196584,50.47217
2022-03-03 15:00:00,aqi,PINN,261.999992235814,275.48233
2024-10-08 09:00:00,aqi,PINN,100.00000030079983,101.76859
2025-10-11 07:00:00,aqi,PINN,105.0000002263763,109.55784
2023-11-07 19:00:00,aqi,PINN,53.000001780196584,47.106495
2021-12-05 02:00:00,aqi,PINN,100.00000030079983,106.758125
2022-05-04 16:00:00,aqi,PINN,112.99999991234475,122.10574
2023-09-07 12:00:00,aqi,PINN,58.00000073100343,56.555954
2022-11-11 10:00:00,aqi,PINN,231.00000186007435,207.5051
2025-02-06 10:00:00,aqi,PINN,58.00000073100343,57.49593
2022-06-08 06:00:00,aqi,PINN,48.99999950028828,50.401775
2025-03-12 15:00:00,aqi,PINN,132.00000001944323,132.83365
2024-07-12 10:00:00,aqi,PINN,100.00000030079983,128.45457
2023-10-12 12:00:00,aqi,PINN,86.99999971448526,80.62822
2025-03-02 15:00:00,aqi,PINN,100.00000030079983,128.80338
2021-02-01 22:00:00,aqi,PINN,296.00000381687755,293.22165
2024-09-12 08:00:00,aqi,PINN,100.00000030079983,115.25312
2021-12-12 13:00:00,aqi,PINN,157.99999924253308,159.05246
2021-12-11 15:00:00,aqi,PINN,143.00000044057327,148.20471
2025-07-10 12:00:00,aqi,PINN,44.99999722037998,50.514362
2021-12-03 07:00:00,aqi,PINN,100.00000030079983,130.81805
2022-11-09 16:00:00,aqi,PINN,80.00000157326352,75.9931
2025-09-02 07:00:00,aqi,PINN,100.00000030079983,117.94246
2025-07-10 23:00:00,aqi,PINN,51.00000064024243,57.843002
2025-07-03 12:00:00,aqi,PINN,100.00000030079983,139.43442
2025-10-12 18:00:00,aqi,PINN,79.00000100328644,73.801956
2022-11-04 00:00:00,aqi,PINN,49.99999617118682,235.06746
2022-05-11 16:00:00,aqi,PINN,215.00000053859821,218.43541
2025-12-12 14:00:00,aqi,PINN,99.00000070559238,98.75183
2024-11-04 06:00:00,aqi,PINN,86.99999971448526,88.97774
2025-08-06 19:00:00,aqi,PINN,85.00000052407037,83.10065
2024-04-06 19:00:00,aqi,PINN,79.00000100328644,75.978935
2024-04-07 14:00:00,aqi,PINN,48.99999950028828,49.62006
2022-03-08 15:00:00,aqi,PINN,41.00000273862874,24.744808
2023-02-08 20:00:00,aqi,PINN,80.99999824416207,75.15583
2023-11-07 15:00:00,aqi,PINN,52.00000121021951,50.330753
2021-12-01 11:00:00,aqi,PINN,107.99999998676827,107.74329
2021-06-02 16:00:00,aqi,PINN,231.9999985309729,238.57552
2025-02-08 00:00:00,aqi,PINN,72.00000091252545,55.65753
2023-01-03 23:00:00,aqi,PINN,133.00000058942032,134.71986
2022-06-02 14:00:00,aqi,PINN,297.9999971586746,319.9532
2023-02-08 07:00:00,aqi,PINN,75.99999929335522,73.428955
2025-11-07 08:00:00,aqi,PINN,100.00000030079983,82.580635
2021-05-07 11:00:00,aqi,PINN,65.00000082176444,63.575516
2023-09-12 05:00:00,aqi,PINN,92.00000061483138,96.001366
2024-03-06 22:00:00,aqi,PINN,69.99999977257129,67.84279
2023-05-11 12:00:00,aqi,PINN,118.00000008161363,115.782326
2022-04-13 00:00:00,aqi,PINN,100.00000030079983,208.77724
2025-04-12 01:00:00,aqi,PINN,129.9999998542587,125.066986
2025-03-12 13:00:00,aqi,PINN,129.9999998542587,130.34186
2023-12-05 12:00:00,aqi,PINN,76.99999986333229,70.573784
2025-09-09 10:00:00,aqi,PINN,73.00000148250251,71.228035
2022-12-02 18:00:00,aqi,PINN,139.00000011020424,138.76343
2023-02-05 14:00:00,aqi,PINN,181.00000065477025,107.075615
2025-01-11 23:00:00,aqi,PINN,52.00000121021951,51.297947
2023-09-05 04:00:00,aqi,PINN,73.00000148250251,73.499214
2024-03-10 13:00:00,aqi,PINN,100.00000030079983,113.15936
2022-12-11 01:00:00,aqi,PINN,224.9999984402119,230.99223
2022-02-05 16:00:00,aqi,PINN,44.00000054948143,39.323353
2021-08-09 03:00:00,aqi,PINN,44.99999722037998,43.72613
2024-10-02 19:00:00,aqi,PINN,131.0000004242358,127.92591
2025-01-08 19:00:00,aqi,PINN,75.99999929335522,67.72642
2022-04-07 18:00:00,aqi,PINN,194.00000026631517,183.43195
2022-02-08 23:00:00,aqi,PINN,100.00000030079983,65.39533
2023-07-01 15:00:00,aqi,PINN,265.9999945157223,272.5769
2023-06-01 22:00:00,aqi,PINN,296.00000381687755,307.67307
2023-03-09 23:00:00,aqi,PINN,100.00000030079983,126.14792
2025-09-10 08:00:00,aqi,PINN,85.99999914450818,85.55869
2021-07-08 21:00:00,aqi,PINN,49.99999617118682,45.337254
2025-12-08 18:00:00,aqi,PINN,37.999997129618976,36.924603
2021-03-01 12:00:00,aqi,PINN,293.0000060060248,304.02023
2024-07-08 05:00:00,aqi,PINN,100.00000030079983,128.90338
2024-08-09 14:00:00,aqi,PINN,100.00000030079983,108.33548
2022-04-08 10:00:00,aqi,PINN,49.99999617118682,44.769123
2025-05-09 11:00:00,aqi,PINN,60.99999854185613,60.253883
2021-05-09 10:00:00,aqi,PINN,44.00000054948143,50.167744
2021-02-05 16:00:00,aqi,PINN,115.999999992583,112.8219
2022-08-13 02:00:00,aqi,PINN,100.00000030079983,182.01607
2024-10-11 09:00:00,aqi,PINN,100.00000030079983,112.29223
2022-11-08 09:00:00,aqi,PINN,41.99999940952728,39.258846
2025-04-06 08:00:00,aqi,PINN,65.00000082176444,67.72885
2023-10-08 05:00:00,aqi,PINN,78.00000043330937,78.942505
2021-07-06 01:00:00,aqi,PINN,100.00000030079983,116.11968
2022-04-03 16:00:00,aqi,PINN,251.00000546145884,260.53485
2022-02-12 19:00:00,aqi,PINN,212.00000272774548,223.5182
2024-03-02 02:00:00,aqi,PINN,105.0000002263763,100.8305
2024-08-07 00:00:00,aqi,PINN,60.99999854185613,72.235085
2025-02-11 23:00:00,aqi,PINN,55.99999959104928,57.936504
2023-07-09 08:00:00,aqi,PINN,100.00000030079983,135.31151
2021-11-01 16:00:00,aqi,PINN,133.99999920985812,138.88939
2024-05-01 15:00:00,aqi,PINN,131.0000004242358,132.33002
2024-09-06 12:00:00,aqi,PINN,62.99999968181029,66.48056
2022-03-11 10:00:00,aqi,PINN,215.00000053859821,214.60732
2024-12-12 08:00:00,aqi,PINN,100.00000030079983,102.51023
2022-03-04 02:00:00,aqi,PINN,250.00000099240322,248.82275
2024-02-10 08:00:00,aqi,PINN,100.00000030079983,112.35091
2022-09-02 09:00:00,aqi,PINN,91.00000004485429,95.461006
2025-11-02 15:00:00,aqi,PINN,100.00000030079983,114.369064
2025-11-10 11:00:00,aqi,PINN,169.00000161320241,168.02048
2025-11-05 08:00:00,aqi,PINN,67.99999863261714,65.89115
2022-11-03 20:00:00,aqi,PINN,259.9999988940169,260.98654
2025-10-03 19:00:00,aqi,PINN,100.00000030079983,120.76137
2022-01-10 10:00:00,aqi,PINN,85.5000008090589,83.44129
2025-03-08 21:00:00,aqi,PINN,100.00000030079983,89.03902
2021-07-04 08:00:00,aqi,PINN,187.99999684645275,192.18773
2024-03-10 17:00:00,aqi,PINN,100.00000030079983,111.94957
2021-04-09 11:00:00,aqi,PINN,43.00000387858289,45.894024
2023-07-09 03:00:00,aqi,PINN,100.00000030079983,113.318794
2025-12-05 09:00:00,aqi,PINN,66.99999806264006,65.02716
2022-10-06 02:00:00,aqi,PINN,46.99999836033413,50.284756
2022-04-08 09:00:00,aqi,PINN,49.99999617118682,45.21693
2021-03-11 16:00:00,aqi,PINN,154.0000008617033,165.30298
2025-03-11 02:00:00,aqi,PINN,54.999999021072206,61.797707
2025-01-04 16:00:00,aqi,PINN,133.00000058942032,158.82094
2025-04-03 04:00:00,aqi,PINN,100.00000030079983,120.96888
2022-11-10 08:00:00,aqi,PINN,66.0000013917415,74.08944
2024-04-06 13:00:00,aqi,PINN,78.00000043330937,76.18765
2021-06-02 09:00:00,aqi,PINN,241.9999964325866,251.77026
2021-03-08 13:00:00,aqi,PINN,62.99999968181029,68.65648
2021-01-04 11:00:00,aqi,PINN,100.00000030079983,146.83574
2023-12-06 00:00:00,aqi,PINN,100.00000030079983,61.042118
2022-10-03 14:00:00,aqi,PINN,252.9999988032559,265.50192
2022-07-11 09:00:00,aqi,PINN,254.00000327231152,262.2388
2025-09-02 06:00:00,aqi,PINN,100.00000030079983,116.457306
2021-02-12 17:00:00,aqi,PINN,60.99999854185613,60.5257
2025-02-10 20:00:00,aqi,PINN,36.00000378782188,32.565792
2024-02-02 10:00:00,aqi,PINN,89.99999947487723,87.08434
2022-05-12 05:00:00,aqi,PINN,215.99999720949674,228.56061
2025-08-12 18:00:00,aqi,PINN,115.999999992583,116.368996
2025-04-06 10:00:00,aqi,PINN,60.00000187095759,64.76463
2024-03-04 17:00:00,aqi,PINN,112.0000000734449,113.82149
2023-09-08 09:00:00,aqi,PINN,80.99999824416207,77.57703
2021-10-07 15:00:00,aqi,PINN,55.99999959104928,52.248966
2025-12-10 23:00:00,aqi,PINN,163.99999876331702,148.8676
2023-10-09 20:00:00,aqi,PINN,100.00000030079983,117.71418
2022-07-08 16:00:00,aqi,PINN,60.99999854185613,57.423237
2023-12-01 11:00:00,aqi,PINN,293.9999948787663,298.89413
2023-03-09 11:00:00,aqi,PINN,100.00000030079983,118.3799
2024-11-07 15:00:00,aqi,PINN,100.00000030079983,97.93001
2022-01-09 04:00:00,aqi,PINN,46.00000168943558,44.880283
2021-09-02 09:00:00,aqi,PINN,231.00000186007435,234.79588
2025-02-07 03:00:00,aqi,PINN,62.99999968181029,62.11192
2025-04-05 17:00:00,aqi,PINN,75.99999929335522,79.47888
2022-02-10 00:00:00,aqi,PINN,86.99999971448526,103.70535
2022-06-07 13:00:00,aqi,PINN,37.999997129618976,36.24763
2022-08-10 13:00:00,aqi,PINN,72.00000091252545,61.490013
2022-12-04 16:00:00,aqi,PINN,51.00000064024243,49.74004
2024-09-11 22:00:00,aqi,PINN,100.00000030079983,99.67856
2021-05-12 17:00:00,aqi,PINN,103.99999965639923,103.47598
2021-06-11 21:00:00,aqi,PINN,107.99999998676827,109.41283
2024-01-10 18:00:00,aqi,PINN,100.00000030079983,95.13072
2022-04-12 00:00:00,aqi,PINN,184.0000023647015,212.101
2024-02-02 14:00:00,aqi,PINN,91.00000004485429,93.31193
2025-05-10 20:00:00,aqi,PINN,66.99999806264006,59.714024
2025-03-05 04:00:00,aqi,PINN,88.00000028446233,86.76079
2024-03-07 21:00:00,aqi,PINN,60.99999854185613,64.17836
2024-01-06 16:00:00,aqi,PINN,48.00000282938973,46.693928
2023-04-09 04:00:00,aqi,PINN,100.00000030079983,115.723206
2022-09-10 22:00:00,aqi,PINN,60.99999854185613,88.213684
2022-11-03 16:00:00,aqi,PINN,254.00000327231152,270.2995
2024-10-06 17:00:00,aqi,PINN,37.00000045872042,35.39069
2022-04-03 00:00:00,aqi,PINN,264.0000011739252,155.00232
2024-12-10 09:00:00,aqi,PINN,100.00000030079983,97.75636
2022-06-10 13:00:00,aqi,PINN,68.50000086714493,69.733086
2023-02-01 19:00:00,aqi,PINN,251.99999433420032,256.8573
2023-05-10 10:00:00,aqi,PINN,217.00000167855234,216.85172
2023-07-07 11:00:00,aqi,PINN,67.99999863261714,69.12123
2025-03-02 13:00:00,aqi,PINN,100.00000030079983,126.37111
2021-11-05 22:00:00,aqi,PINN,100.00000030079983,98.94138
2021-10-04 15:00:00,aqi,PINN,100.00000030079983,137.39009
2025-06-08 03:00:00,aqi,PINN,54.999999021072206,54.380318
2024-05-08 20:00:00,aqi,PINN,100.00000030079983,114.56051
2022-12-03 14:00:00,aqi,PINN,189.00000131550834,195.09348
2023-02-02 04:00:00,aqi,PINN,254.00000327231152,261.2409
2025-07-12 02:00:00,aqi,PINN,109.00000006936052,107.95915
2022-08-10 03:00:00,aqi,PINN,73.00000148250251,58.264156
2025-11-11 07:00:00,aqi,PINN,121.000000085698,124.93634
2025-01-06 19:00:00,aqi,PINN,61.99999911183321,58.807846
2022-04-06 07:00:00,aqi,PINN,121.000000085698,121.28388
2024-06-01 14:00:00,aqi,PINN,127.9999996890742,134.32097
2021-07-07 09:00:00,aqi,PINN,80.00000157326352,79.838264
2021-10-12 10:00:00,aqi,PINN,170.99999885407803,172.41267
2022-09-12 17:00:00,aqi,PINN,167.00000047324824,175.02261
2022-05-08 18:00:00,aqi,PINN,49.99999617118682,51.28178
2022-02-05 19:00:00,aqi,PINN,46.00000168943558,41.27947
2022-06-05 17:00:00,aqi,PINN,201.99999702797473,203.04797
2023-11-04 08:00:00,aqi,PINN,100.99999989600727,96.41042
2025-11-09 19:00:00,aqi,PINN,76.99999986333229,71.05864
2022-06-09 10:00:00,aqi,PINN,52.00000121021951,50.367245
2024-07-06 19:00:00,aqi,PINN,79.00000100328644,78.69219
2022-07-03 02:00:00,aqi,PINN,264.0000011739252,274.86218
2021-04-11 21:00:00,aqi,PINN,122.99999976349771,119.18198
2024-03-07 07:00:00,aqi,PINN,71.00000034254836,69.07549
2022-04-08 07:00:00,aqi,PINN,48.99999950028828,44.43189
2025-12-04 11:00:00,aqi,PINN,99.00000070559238,96.41721
2021-03-01 11:00:00,aqi,PINN,293.9999948787663,303.50684
2022-05-11 03:00:00,aqi,PINN,212.00000272774548,220.75899
2025-10-03 01:00:00,aqi,PINN,100.00000030079983,117.86198
2021-11-09 07:00:00,aqi,PINN,20.999999137244274,21.375248
2025-11-09 06:00:00,aqi,PINN,92.99999923526919,92.532
2024-07-05 02:00:00,aqi,PINN,100.00000030079983,114.218124
2022-08-08 16:00:00,aqi,PINN,58.00000073100343,62.99945
2024-11-06 04:00:00,aqi,PINN,41.99999940952728,42.15173
2023-12-09 01:00:00,aqi,PINN,100.00000030079983,90.61919
2022-07-09 23:00:00,aqi,PINN,89.99999947487723,88.61134
2025-05-05 20:00:00,aqi,PINN,88.00000028446233,88.4196
2023-09-11 19:00:00,aqi,PINN,86.99999971448526,87.92871
2023-12-11 19:00:00,aqi,PINN,112.99999991234475,102.34584
2023-03-11 13:00:00,aqi,PINN,107.99999998676827,103.139854
2025-08-06 22:00:00,aqi,PINN,89.99999947487723,83.27824
2025-12-11 01:00:00,aqi,PINN,129.9999998542587,120.425415
2022-06-03 23:00:00,aqi,PINN,273.99999907553894,248.0559
2025-08-12 01:00:00,aqi,PINN,107.99999998676827,110.67657
2023-01-11 20:00:00,aqi,PINN,72.00000091252545,61.817646
2024-01-01 16:00:00,aqi,PINN,110.00000015195279,106.51394
2022-09-11 04:00:00,aqi,PINN,275.0000035445945,288.46225
2025-03-04 15:00:00,aqi,PINN,143.9999990610111,149.58844
2025-08-08 13:00:00,aqi,PINN,57.00000016102636,57.118
2022-11-04 02:00:00,aqi,PINN,48.99999950028828,43.447773
2022-01-12 21:00:00,aqi,PINN,257.0000010831642,268.64087
2023-02-08 02:00:00,aqi,PINN,76.99999986333229,77.045815
2023-02-10 22:00:00,aqi,PINN,86.99999971448526,80.11889
2024-08-09 01:00:00,aqi,PINN,100.00000030079983,104.65577
2025-02-02 20:00:00,aqi,PINN,100.00000030079983,113.585106
2025-05-09 17:00:00,aqi,PINN,59.000001300980514,54.741436
2022-02-06 10:00:00,aqi,PINN,147.99999939138013,137.63577
2023-09-09 21:00:00,aqi,PINN,100.00000030079983,105.75174
2025-01-09 04:00:00,aqi,PINN,48.00000282938973,45.554493
2024-10-07 20:00:00,aqi,PINN,100.00000030079983,93.36683
2023-08-04 07:00:00,aqi,PINN,162.0000015224414,160.84666
2022-10-04 14:00:00,aqi,PINN,49.99999617118682,46.58366
2022-10-12 12:00:00,aqi,PINN,163.99999876331702,159.73795
2024-01-12 02:00:00,aqi,PINN,100.00000030079983,96.271935
2023-05-01 10:00:00,aqi,PINN,300.00000609678585,304.49612
2021-01-02 15:00:00,aqi,PINN,258.0000055522198,267.71335
2021-04-01 12:00:00,aqi,PINN,261.0000033630725,269.69952
2022-07-07 08:00:00,aqi,PINN,89.99999947487723,88.73788
2024-03-01 23:00:00,aqi,PINN,89.99999947487723,95.15992
2023-02-01 09:00:00,aqi,PINN,243.99999757254074,244.96977
2023-10-07 14:00:00,aqi,PINN,52.00000121021951,50.233044
2024-03-02 11:00:00,aqi,PINN,136.00000034981227,133.95096
2022-01-04 19:00:00,aqi,PINN,268.999992326575,262.33994
2022-06-10 18:00:00,aqi,PINN,73.00000148250251,74.19115
2022-02-12 12:00:00,aqi,PINN,229.99999739101875,239.215
2023-12-07 17:00:00,aqi,PINN,100.00000030079983,93.18008
2025-03-12 03:00:00,aqi,PINN,120.00000000310575,123.00843
2024-11-04 18:00:00,aqi,PINN,91.00000004485429,89.90657
2025-02-05 16:00:00,aqi,PINN,81.99999881413913,79.55953
2022-03-04 15:00:00,aqi,PINN,224.9999984402119,233.3614
2023-03-12 13:00:00,aqi,PINN,110.00000015195279,109.57429
2024-06-04 22:00:00,aqi,PINN,127.9999996890742,141.36716
2023-11-08 04:00:00,aqi,PINN,100.00000030079983,92.17201
2025-04-04 13:00:00,aqi,PINN,99.00000070559238,107.28693
2021-03-03 12:00:00,aqi,PINN,100.00000030079983,179.68404
2021-04-08 04:00:00,aqi,PINN,61.99999911183321,64.49236
2021-04-11 12:00:00,aqi,PINN,122.99999976349771,128.71323
2022-04-12 07:00:00,aqi,PINN,184.0000023647015,190.0174
2021-06-02 04:00:00,aqi,PINN,243.99999757254074,237.23978
2025-05-06 09:00:00,aqi,PINN,66.99999806264006,65.28699
2025-05-03 06:00:00,aqi,PINN,100.00000030079983,127.73467
2023-02-03 02:00:00,aqi,PINN,132.00000001944323,135.98735
2022-03-10 16:00:00,aqi,PINN,53.000001780196584,46.799496
2022-03-03 04:00:00,aqi,PINN,275.0000035445945,278.6342
2024-04-08 17:00:00,aqi,PINN,100.00000030079983,117.93732
2024-01-05 23:00:00,aqi,PINN,134.9999997798352,120.51024
2021-12-01 23:00:00,aqi,PINN,107.99999998676827,125.05542
2022-08-12 14:00:00,aqi,PINN,293.0000060060248,301.90598
2024-05-12 15:00:00,aqi,PINN,100.00000030079983,168.3347
2024-12-03 11:00:00,aqi,PINN,129.00000025905126,127.8549
2025-09-09 03:00:00,aqi,PINN,64.00000025178736,67.426926
2024-10-04 18:00:00,aqi,PINN,92.99999923526919,92.882645
2022-06-06 22:00:00,aqi,PINN,105.0000002263763,103.43666
2024-10-08 06:00:00,aqi,PINN,100.00000030079983,100.383194
2024-01-04 15:00:00,aqi,PINN,111.00000023454504,107.21636
2023-09-02 09:00:00,aqi,PINN,315.9999996201049,327.6648
2025-03-10 04:00:00,aqi,PINN,30.99999703885797,30.329441
2024-02-06 21:00:00,aqi,PINN,71.00000034254836,67.98292
2023-11-01 19:00:00,aqi,PINN,272.00000573374183,273.2962
2025-09-07 07:00:00,aqi,PINN,27.999999228005265,28.551685
2025-12-02 16:00:00,aqi,PINN,100.00000030079983,123.4754
2022-03-03 07:00:00,aqi,PINN,262.9999967048696,274.8015
2022-02-12 10:00:00,aqi,PINN,240.99999976168806,250.89653
2022-03-12 19:00:00,aqi,PINN,100.00000030079983,191.53653
2024-03-09 08:00:00,aqi,PINN,100.00000030079983,113.01705
2025-04-03 13:00:00,aqi,PINN,100.00000030079983,135.22723
2021-07-03 20:00:00,aqi,PINN,100.00000030079983,176.91707
2023-08-11 05:00:00,aqi,PINN,112.0000000734449,115.3453
2022-12-01 12:00:00,aqi,PINN,121.000000085698,125.44146
2025-01-12 05:00:00,aqi,PINN,100.00000030079983,100.68849
2022-12-06 19:00:00,aqi,PINN,23.999996948096964,22.025486
2024-10-04 14:00:00,aqi,PINN,92.00000061483138,97.012505
2021-10-03 14:00:00,aqi,PINN,264.0000011739252,267.71866
2025-02-10 19:00:00,aqi,PINN,37.999997129618976,35.38264
2024-11-05 22:00:00,aqi,PINN,66.99999806264006,60.034893
2024-11-04 21:00:00,aqi,PINN,105.0000002263763,98.29484
2021-10-02 08:00:00,aqi,PINN,100.00000030079983,294.32104
2021-05-02 06:00:00,aqi,PINN,272.00000573374183,285.03046
2024-04-06 23:00:00,aqi,PINN,80.99999824416207,83.91569
2022-04-06 22:00:00,aqi,PINN,100.00000030079983,125.04951
2022-10-01 14:00:00,aqi,PINN,100.00000030079983,101.25105
2025-03-05 09:00:00,aqi,PINN,88.00000028446233,85.39259
2023-11-08 12:00:00,aqi,PINN,100.00000030079983,102.91008
2022-03-10 08:00:00,aqi,PINN,43.00000387858289,46.495777
2023-10-05 11:00:00,aqi,PINN,64.00000025178736,58.779186
2023-03-11 14:00:00,aqi,PINN,111.00000023454504,104.35633
2024-12-04 12:00:00,aqi,PINN,99.00000070559238,98.18374
2025-09-09 15:00:00,aqi,PINN,80.00000157326352,75.241844
2023-02-11 03:00:00,aqi,PINN,82.99999938411622,81.29316
2025-01-02 05:00:00,aqi,PINN,100.00000030079983,101.22116
2021-12-08 22:00:00,aqi,PINN,44.99999722037998,38.740147
2024-10-04 01:00:00,aqi,PINN,112.0000000734449,102.6766
2022-02-08 09:00:00,aqi,PINN,100.00000030079983,90.31187
2022-05-05 16:00:00,aqi,PINN,118.00000008161363,118.83094
2023-07-08 02:00:00,aqi,PINN,79.00000100328644,85.14836
2021-02-08 05:00:00,aqi,PINN,66.0000013917415,69.49807
2024-09-11 16:00:00,aqi,PINN,100.00000030079983,117.47478
2021-11-07 08:00:00,aqi,PINN,49.99999617118682,48.710873
2023-02-03 13:00:00,aqi,PINN,146.00000020096525,159.19789
2023-11-04 07:00:00,aqi,PINN,100.99999989600727,96.48598
2025-07-04 19:00:00,aqi,PINN,229.99999739101875,177.11493
2025-03-09 08:00:00,aqi,PINN,60.99999854185613,58.162292
2023-10-08 19:00:00,aqi,PINN,53.000001780196584,56.164604
2021-11-12 02:00:00,aqi,PINN,163.99999876331702,168.98457
2023-01-07 16:00:00,aqi,PINN,100.00000030079983,87.25118
2024-01-10 08:00:00,aqi,PINN,100.00000030079983,91.19671
2022-09-06 01:00:00,aqi,PINN,55.99999959104928,55.48071
2025-10-12 23:00:00,aqi,PINN,76.99999986333229,87.49675
2021-08-02 05:00:00,aqi,PINN,236.99999748177976,251.77975
2023-12-12 22:00:00,aqi,PINN,100.00000030079983,85.40253
2021-07-02 11:00:00,aqi,PINN,224.00000176931337,227.03683
2023-02-10 14:00:00,aqi,PINN,79.00000100328644,70.89364
2024-04-03 09:00:00,aqi,PINN,81.99999881413913,79.11137
2023-04-02 20:00:00,aqi,PINN,285.0000014462082,290.2124
2023-09-01 10:00:00,aqi,PINN,191.99999912636105,195.82237
2025-01-05 19:00:00,aqi,PINN,78.00000043330937,74.19024
2025-06-03 04:00:00,aqi,PINN,100.00000030079983,120.87856
2024-08-03 04:00:00,aqi,PINN,139.00000011020424,130.88121
2022-10-02 11:00:00,aqi,PINN,162.99999819333993,163.49503
2022-08-06 11:00:00,aqi,PINN,60.00000187095759,62.354607
2022-01-05 18:00:00,aqi,PINN,29.000003697060876,27.29417
2024-05-11 05:00:00,aqi,PINN,100.00000030079983,136.74416
2025-07-02 18:00:00,aqi,PINN,100.00000030079983,153.39017
2022-12-03 02:00:00,aqi,PINN,264.0000011739252,269.7009
2025-05-04 05:00:00,aqi,PINN,109.00000006936052,110.49651
2021-08-04 08:00:00,aqi,PINN,100.00000030079983,140.23497
2021-12-08 03:00:00,aqi,PINN,41.00000273862874,39.760868
2023-01-02 18:00:00,aqi,PINN,282.999992508097,284.1271
2024-05-12 13:00:00,aqi,PINN,100.00000030079983,141.99391
2021-02-08 21:00:00,aqi,PINN,49.99999617118682,44.96345
2025-09-08 07:00:00,aqi,PINN,59.000001300980514,58.199383
2025-02-03 03:00:00,aqi,PINN,100.00000030079983,110.95689
2021-02-12 22:00:00,aqi,PINN,69.99999977257129,68.822914
2022-02-06 07:00:00,aqi,PINN,134.9999997798352,129.06975
2023-04-07 17:00:00,aqi,PINN,103.99999965639923,99.979324
2024-04-12 18:00:00,aqi,PINN,100.00000030079983,128.53833
2022-10-05 17:00:00,aqi,PINN,115.999999992583,114.96128
2024-12-09 15:00:00,aqi,PINN,100.00000030079983,91.13837
2022-12-05 14:00:00,aqi,PINN,103.00000006119178,100.084
2022-05-06 23:00:00,aqi,PINN,89.0000008544394,92.44341
2022-03-04 19:00:00,aqi,PINN,245.00000204159636,245.97249
2024-03-11 08:00:00,aqi,PINN,100.00000030079983,120.58558
2025-08-11 20:00:00,aqi,PINN,105.99999982158374,101.7627
2024-01-01 14:00:00,aqi,PINN,110.00000015195279,106.431854
2021-12-11 16:00:00,aqi,PINN,141.9999998705962,144.18852
2025-03-02 00:00:00,aqi,PINN,100.00000030079983,99.30291
2022-03-12 07:00:00,aqi,PINN,191.0000024554625,202.38898
2022-06-10 17:00:00,aqi,PINN,66.0000013917415,72.52782
2022-04-01 08:00:00,aqi,PINN,146.00000020096525,150.08708
2024-10-04 08:00:00,aqi,PINN,109.00000006936052,107.47383
2022-04-07 14:00:00,aqi,PINN,161.00000095246432,154.1147
2023-07-08 04:00:00,aqi,PINN,78.00000043330937,83.184135
2025-04-12 22:00:00,aqi,PINN,140.0000006801813,135.29439
2023-12-02 00:00:00,aqi,PINN,233.0000030000285,269.61874
2024-09-11 13:00:00,aqi,PINN,100.00000030079983,120.61456
2025-08-01 16:00:00,aqi,PINN,100.00000030079983,123.54897
2024-07-09 19:00:00,aqi,PINN,100.00000030079983,109.61724
2024-04-04 21:00:00,aqi,PINN,98.0000001356153,101.60245
2024-02-11 04:00:00,aqi,PINN,100.00000030079983,108.65304
2025-07-04 15:00:00,aqi,PINN,105.0000002263763,121.99457
2023-06-09 18:00:00,aqi,PINN,100.00000030079983,133.21104
2022-05-07 18:00:00,aqi,PINN,127.9999996890742,138.47319
2024-01-09 12:00:00,aqi,PINN,100.00000030079983,98.537186
2025-05-02 12:00:00,aqi,PINN,100.00000030079983,131.93265
2022-06-09 06:00:00,aqi,PINN,51.00000064024243,54.241997
2021-11-03 16:00:00,aqi,PINN,100.00000030079983,149.48865
2022-11-09 11:00:00,aqi,PINN,78.00000043330937,72.39612
2024-02-03 00:00:00,aqi,PINN,137.00000091978936,92.49059
2024-10-11 04:00:00,aqi,PINN,100.00000030079983,119.428024
2022-08-06 02:00:00,aqi,PINN,69.99999977257129,67.08847
2024-07-08 20:00:00,aqi,PINN,100.00000030079983,113.655235
2024-09-01 14:00:00,aqi,PINN,105.99999982158374,110.41598
2024-08-10 14:00:00,aqi,PINN,100.00000030079983,122.68755
2021-01-11 12:00:00,aqi,PINN,133.99999920985812,141.1775
2023-06-09 03:00:00,aqi,PINN,100.00000030079983,104.49481
2023-09-09 09:00:00,aqi,PINN,100.00000030079983,127.25906
2024-06-03 03:00:00,aqi,PINN,124.99999992868223,129.41672
2021-11-02 11:00:00,aqi,PINN,314.00000627830786,320.21692
2022-07-03 15:00:00,aqi,PINN,238.00000195083535,251.15808
2025-08-03 20:00:00,aqi,PINN,100.00000030079983,123.4471
2021-11-02 00:00:00,aqi,PINN,294.9999993478219,124.79484
2023-02-05 19:00:00,aqi,PINN,57.00000016102636,67.700935
2024-04-05 14:00:00,aqi,PINN,180.0000000847932,156.30545
2025-08-06 10:00:00,aqi,PINN,73.99999815340107,74.45073
2025-05-06 20:00:00,aqi,PINN,102.00000046598434,92.36719
2022-06-11 18:00:00,aqi,PINN,275.0000035445945,274.932
2022-02-05 03:00:00,aqi,PINN,22.00000360629987,30.579327
2022-01-06 06:00:00,aqi,PINN,103.99999965639923,99.24487
2022-06-11 12:00:00,aqi,PINN,264.0000011739252,262.27887
2024-11-07 03:00:00,aqi,PINN,100.00000030079983,100.60016
2025-08-02 03:00:00,aqi,PINN,100.00000030079983,119.61129
2025-03-09 00:00:00,aqi,PINN,62.99999968181029,94.09064
2021-01-02 14:00:00,aqi,PINN,265.0000056429808,273.40164
2024-05-06 09:00:00,aqi,PINN,78.00000043330937,75.996315
2022-07-04 13:00:00,aqi,PINN,122.99999976349771,124.325386
2021-02-05 05:00:00,aqi,PINN,115.00000001660617,120.05548
2025-06-04 20:00:00,aqi,PINN,122.00000016829027,123.34141
2022-03-02 15:00:00,aqi,PINN,251.99999433420032,260.75104
2023-10-03 01:00:00,aqi,PINN,100.00000030079983,190.99751
2025-02-06 07:00:00,aqi,PINN,59.000001300980514,57.2307
2022-07-08 18:00:00,aqi,PINN,66.99999806264006,61.184795
2022-04-10 23:00:00,aqi,PINN,80.99999824416207,110.69144
2021-03-12 17:00:00,aqi,PINN,80.00000157326352,79.78898
2025-10-07 23:00:00,aqi,PINN,100.00000030079983,81.79895
2025-08-08 17:00:00,aqi,PINN,59.000001300980514,59.1328
2025-02-09 21:00:00,aqi,PINN,59.000001300980514,52.282772
2022-04-06 10:00:00,aqi,PINN,127.00000009386676,126.28174
2022-02-03 21:00:00,aqi,PINN,275.0000035445945,275.7131
2021-03-09 01:00:00,aqi,PINN,37.999997129618976,46.74999
2021-07-07 20:00:00,aqi,PINN,80.99999824416207,77.485794
2021-03-03 15:00:00,aqi,PINN,100.00000030079983,177.68094
2023-02-04 10:00:00,aqi,PINN,51.00000064024243,46.904026
2024-02-03 13:00:00,aqi,PINN,107.99999998676827,110.37805
2022-03-07 16:00:00,aqi,PINN,176.99999837486195,178.11168
2024-11-02 02:00:00,aqi,PINN,122.00000016829027,110.15458
2022-11-12 01:00:00,aqi,PINN,208.00000044783718,217.14827
2024-06-03 05:00:00,aqi,PINN,125.99999952388967,133.0937
2021-08-05 20:00:00,aqi,PINN,100.00000030079983,122.65571
2022-07-02 00:00:00,aqi,PINN,283.9999969771526,158.36938
2024-11-07 10:00:00,aqi,PINN,100.00000030079983,102.213646
2024-10-08 04:00:00,aqi,PINN,100.00000030079983,98.20989
2025-11-11 01:00:00,aqi,PINN,118.99999992051349,113.56837
2021-01-03 17:00:00,aqi,PINN,261.0000033630725,267.45242
2022-10-03 07:00:00,aqi,PINN,255.00000774136714,250.5386
2023-04-05 22:00:00,aqi,PINN,52.00000121021951,55.76426
2022-02-06 15:00:00,aqi,PINN,100.00000030079983,122.279274
2025-07-12 00:00:00,aqi,PINN,107.99999998676827,142.82922
2023-09-05 21:00:00,aqi,PINN,52.00000121021951,54.843185
2023-10-11 20:00:00,aqi,PINN,62.99999968181029,61.556377
2023-01-04 16:00:00,aqi,PINN,100.00000030079983,82.97806
2021-01-11 13:00:00,aqi,PINN,158.99999981251017,144.51605
2022-11-04 04:00:00,aqi,PINN,46.99999836033413,49.20544
2021-08-02 17:00:00,aqi,PINN,210.99999825868989,214.23016
2025-09-02 12:00:00,aqi,PINN,100.00000030079983,122.068054
2021-07-09 02:00:00,aqi,PINN,34.99999931876627,37.479656
2025-10-08 16:00:00,aqi,PINN,55.99999959104928,59.678825
2023-05-01 20:00:00,aqi,PINN,307.00000618754683,313.61554
2024-05-10 08:00:00,aqi,PINN,100.00000030079983,124.943
2025-03-09 17:00:00,aqi,PINN,66.99999806264006,63.044174
2025-10-08 21:00:00,aqi,PINN,48.99999950028828,51.81173
2021-02-01 19:00:00,aqi,PINN,289.0000037261165,297.84644
2024-04-03 10:00:00,aqi,PINN,81.99999881413913,81.531906
2024-03-02 21:00:00,aqi,PINN,161.00000095246432,152.03848
2024-11-01 08:00:00,aqi,PINN,93.99999980524626,90.798836
2025-05-02 14:00:00,aqi,PINN,100.00000030079983,136.79462
2023-07-02 18:00:00,aqi,PINN,236.99999748177976,244.89206
2022-06-12 21:00:00,aqi,PINN,243.0000009016422,256.2897
2025-08-11 23:00:00,aqi,PINN,110.00000015195279,109.120384
2023-11-10 21:00:00,aqi,PINN,86.99999971448526,82.823044
2024-04-04 19:00:00,aqi,PINN,98.0000001356153,96.31152
2021-12-12 01:00:00,aqi,PINN,146.00000020096525,155.92833
2021-02-02 14:00:00,aqi,PINN,100.00000030079983,162.81012
2025-09-08 09:00:00,aqi,PINN,59.000001300980514,58.29236
2023-11-09 18:00:00,aqi,PINN,100.00000030079983,107.47382
2022-10-04 00:00:00,aqi,PINN,51.00000064024243,221.52643
2023-01-05 16:00:00,aqi,PINN,53.000001780196584,50.039646
2022-07-04 22:00:00,aqi,PINN,111.00000023454504,109.532425
2021-02-12 13:00:00,aqi,PINN,57.00000016102636,57.807953
2022-05-04 17:00:00,aqi,PINN,112.0000000734449,118.31682
2025-04-07 13:00:00,aqi,PINN,59.000001300980514,59.827515
2023-09-04 17:00:00,aqi,PINN,134.9999997798352,129.65088
2022-08-07 15:00:00,aqi,PINN,67.99999863261714,69.74644
2023-01-06 02:00:00,aqi,PINN,100.00000030079983,79.23729
2024-01-02 09:00:00,aqi,PINN,187.99999684645275,194.16977
2024-04-12 22:00:00,aqi,PINN,100.00000030079983,111.03631
2023-02-08 15:00:00,aqi,PINN,80.00000157326352,77.28253
2022-03-10 11:00:00,aqi,PINN,43.00000387858289,43.445454
2021-02-09 03:00:00,aqi,PINN,37.00000045872042,38.975094
2023-01-10 10:00:00,aqi,PINN,52.00000121021951,47.15955
2024-12-07 18:00:00,aqi,PINN,100.00000030079983,98.749565
2022-08-11 15:00:00,aqi,PINN,259.9999988940169,266.47507
2025-12-07 07:00:00,aqi,PINN,30.99999703885797,28.664364
2025-09-07 23:00:00,aqi,PINN,34.99999931876627,39.403652
2021-09-02 18:00:00,aqi,PINN,238.9999986217339,253.55118
2025-11-09 05:00:00,aqi,PINN,93.99999980524626,92.99117
2025-01-01 15:00:00,aqi,PINN,100.00000030079983,113.71366
2023-08-02 14:00:00,aqi,PINN,300.00000609678585,308.40012
2025-05-07 01:00:00,aqi,PINN,58.00000073100343,66.43047
2021-04-03 00:00:00,aqi,PINN,100.00000030079983,243.24268
2022-09-05 11:00:00,aqi,PINN,163.99999876331702,165.04001
2021-08-03 15:00:00,aqi,PINN,100.00000030079983,154.49086
2022-12-11 08:00:00,aqi,PINN,149.00000191089646,152.48863
2022-06-10 06:00:00,aqi,PINN,72.00000091252545,81.78506
2021-04-05 16:00:00,aqi,PINN,103.00000006119178,102.862816
2024-04-05 00:00:00,aqi,PINN,176.0000017039634,98.929375
2022-01-11 09:00:00,aqi,PINN,160.00000038248726,164.69235
2025-04-04 01:00:00,aqi,PINN,122.00000016829027,110.80178
2022-01-05 15:00:00,aqi,PINN,30.00000036795943,30.917446
2024-03-09 00:00:00,aqi,PINN,100.00000030079983,100.123764
2022-11-10 00:00:00,aqi,PINN,74.99999872337814,87.58506
2025-10-02 10:00:00,aqi,PINN,100.00000030079983,104.2979
2021-07-01 23:00:00,aqi,PINN,297.9999971586746,288.04788
2025-11-02 20:00:00,aqi,PINN,100.00000030079983,100.60416
2025-09-07 14:00:00,aqi,PINN,29.000003697060876,29.283108
2022-10-04 04:00:00,aqi,PINN,49.99999617118682,52.622482
2024-06-09 06:00:00,aqi,PINN,100.00000030079983,125.59077
2025-05-07 15:00:00,aqi,PINN,100.00000030079983,112.90273
2024-05-11 20:00:00,aqi,PINN,100.00000030079983,118.58637
2023-10-10 13:00:00,aqi,PINN,162.0000015224414,164.83838
2022-11-10 03:00:00,aqi,PINN,72.00000091252545,88.28333
2023-12-07 08:00:00,aqi,PINN,100.00000030079983,55.064934
2025-08-02 17:00:00,aqi,PINN,100.00000030079983,144.44098
2023-11-02 17:00:00,aqi,PINN,241.9999964325866,250.12593
2022-06-04 11:00:00,aqi,PINN,110.00000015195279,115.48778
2025-10-05 13:00:00,aqi,PINN,61.99999911183321,68.092766
2024-07-02 06:00:00,aqi,PIIANN,170.99999885407803,174.06113
2022-10-04 12:00:00,aqi,PIIANN,49.99999617118682,52.159355
2021-05-11 08:00:00,aqi,PIIANN,194.00000026631517,194.98666
2022-05-10 16:00:00,aqi,PIIANN,75.50000095790594,71.89194
2023-03-09 09:00:00,aqi,PIIANN,100.00000030079983,119.46822
2023-11-12 05:00:00,aqi,PIIANN,83.9999999540933,89.09114
2022-06-02 15:00:00,aqi,PIIANN,297.9999971586746,302.81186
2025-03-11 01:00:00,aqi,PIIANN,54.999999021072206,54.99367
2021-01-03 03:00:00,aqi,PIIANN,245.99999871249491,242.94728
2021-04-11 18:00:00,aqi,PIIANN,121.000000085698,122.29944
2024-10-06 09:00:00,aqi,PIIANN,37.999997129618976,39.648075
2023-07-09 13:00:00,aqi,PIIANN,100.00000030079983,136.1468
2022-09-10 17:00:00,aqi,PIIANN,60.50000020640686,59.13325
2022-07-06 19:00:00,aqi,PIIANN,80.00000157326352,76.5334
2022-01-12 16:00:00,aqi,PIIANN,257.0000010831642,254.38304
2025-08-10 11:00:00,aqi,PIIANN,59.000001300980514,61.641552
2023-12-08 11:00:00,aqi,PIIANN,100.00000030079983,101.731575
2021-06-11 13:00:00,aqi,PIIANN,111.00000023454504,112.17739
2025-10-09 05:00:00,aqi,PIIANN,76.99999986333229,76.09308
2021-03-02 13:00:00,aqi,PIIANN,285.0000014462082,280.36115
2024-10-03 08:00:00,aqi,PIIANN,132.00000001944323,134.05264
2022-02-11 15:00:00,aqi,PIIANN,205.0000026369845,209.69595
2023-12-07 16:00:00,aqi,PIIANN,100.00000030079983,99.52392
2023-05-08 18:00:00,aqi,PIIANN,72.00000091252545,71.149185
2023-01-01 09:00:00,aqi,PIIANN,180.0000000847932,189.05104
2023-08-02 22:00:00,aqi,PIIANN,314.99999515104935,299.91788
2021-04-02 17:00:00,aqi,PIIANN,252.9999988032559,244.82669
2025-09-12 18:00:00,aqi,PIIANN,95.00000037522334,93.67907
2025-12-05 03:00:00,aqi,PIIANN,68.99999920259421,70.30867
2021-01-07 07:00:00,aqi,PIIANN,53.99999845109513,58.245495
2025-07-07 18:00:00,aqi,PIIANN,100.00000030079983,103.9938
2025-01-02 06:00:00,aqi,PIIANN,100.00000030079983,110.39702
2025-11-12 01:00:00,aqi,PIIANN,78.00000043330937,87.6999
2025-12-07 11:00:00,aqi,PIIANN,30.00000036795943,35.216053
2023-09-12 07:00:00,aqi,PIIANN,100.00000030079983,94.161545
2023-11-01 23:00:00,aqi,PIIANN,289.0000037261165,292.2628
2022-09-12 20:00:00,aqi,PIIANN,160.00000038248726,161.28922
2021-12-12 09:00:00,aqi,PIIANN,158.99999981251017,160.83206
2024-06-12 21:00:00,aqi,PIIANN,100.00000030079983,135.49179
2021-04-12 13:00:00,aqi,PIIANN,103.99999965639923,100.09012
2025-05-09 06:00:00,aqi,PIIANN,55.99999959104928,53.200165
2022-04-12 14:00:00,aqi,PIIANN,187.99999684645275,183.60185
2021-05-04 23:00:00,aqi,PIIANN,100.00000030079983,146.85669
2023-12-08 04:00:00,aqi,PIIANN,100.00000030079983,94.7349
2022-08-01 17:00:00,aqi,PIIANN,100.00000030079983,116.90878
2022-01-04 08:00:00,aqi,PIIANN,207.00000377693863,215.48875
2022-11-10 21:00:00,aqi,PIIANN,71.00000034254836,87.43155
2024-02-05 07:00:00,aqi,PIIANN,151.99999972174916,145.77156
2021-06-08 18:00:00,aqi,PIIANN,59.000001300980514,56.35032
2024-11-07 14:00:00,aqi,PIIANN,100.00000030079983,106.53311
2025-12-03 07:00:00,aqi,PIIANN,100.00000030079983,115.68904
2023-03-05 08:00:00,aqi,PIIANN,51.00000064024243,54.766846
2023-05-09 19:00:00,aqi,PIIANN,100.00000030079983,134.84952
2024-07-03 06:00:00,aqi,PIIANN,136.00000034981227,136.76039
2024-10-07 06:00:00,aqi,PIIANN,100.00000030079983,104.65372
2024-05-08 18:00:00,aqi,PIIANN,100.00000030079983,120.50877
2022-04-08 13:00:00,aqi,PIIANN,49.99999617118682,43.56621
2024-12-05 04:00:00,aqi,PIIANN,250.00000099240322,46.969563
2024-09-11 09:00:00,aqi,PIIANN,100.00000030079983,116.88978
2025-05-04 22:00:00,aqi,PIIANN,134.9999997798352,122.41578
2022-09-11 02:00:00,aqi,PIIANN,269.99999679563064,272.75037
2022-10-09 03:00:00,aqi,PIIANN,61.99999911183321,77.12892
2021-04-03 13:00:00,aqi,PIIANN,100.00000030079983,192.24821
2021-08-01 16:00:00,aqi,PIIANN,100.00000030079983,156.22984
2021-12-03 02:00:00,aqi,PIIANN,100.00000030079983,170.52232
2022-02-11 07:00:00,aqi,PIIANN,233.99999967092705,232.52762
2023-05-11 21:00:00,aqi,PIIANN,118.99999992051349,114.33798
2022-04-07 04:00:00,aqi,PIIANN,229.0000007201202,212.5985
2025-07-05 13:00:00,aqi,PIIANN,93.99999980524626,87.781784
2023-09-08 22:00:00,aqi,PIIANN,83.9999999540933,80.87596
2025-04-08 22:00:00,aqi,PIIANN,54.999999021072206,56.491978
2025-12-10 05:00:00,aqi,PIIANN,174.00000056400927,171.56181
2022-07-11 08:00:00,aqi,PIIANN,258.9999944249613,255.73172
2024-02-11 22:00:00,aqi,PIIANN,100.00000030079983,105.1394
2022-09-08 12:00:00,aqi,PIIANN,74.99999872337814,79.244865
2024-11-07 04:00:00,aqi,PIIANN,100.00000030079983,119.77321
2021-05-11 17:00:00,aqi,PIIANN,201.0000003570762,195.56763
2022-02-11 10:00:00,aqi,PIIANN,231.00000186007435,229.77762
2024-06-12 16:00:00,aqi,PIIANN,100.00000030079983,140.34679
2021-11-05 21:00:00,aqi,PIIANN,100.00000030079983,113.26901
2025-08-05 22:00:00,aqi,PIIANN,66.99999806264006,63.32003
2025-07-05 18:00:00,aqi,PIIANN,91.00000004485429,86.295586
2024-11-02 09:00:00,aqi,PIIANN,121.000000085698,124.33621
2022-04-04 00:00:00,aqi,PIIANN,233.0000030000285,217.80945
2025-08-12 06:00:00,aqi,PIIANN,112.99999991234475,113.25061
2023-01-04 17:00:00,aqi,PIIANN,100.00000030079983,91.17715
2025-04-02 22:00:00,aqi,PIIANN,100.00000030079983,117.152336
2022-08-04 03:00:00,aqi,PIIANN,115.00000001660617,107.08545
2022-10-08 22:00:00,aqi,PIIANN,46.99999836033413,52.5726
2024-06-07 13:00:00,aqi,PIIANN,58.00000073100343,62.81969
2021-05-09 09:00:00,aqi,PIIANN,44.00000054948143,51.645016
2022-08-03 22:00:00,aqi,PIIANN,261.0000033630725,232.92548
2025-12-05 07:00:00,aqi,PIIANN,67.99999863261714,70.79233
2021-03-08 01:00:00,aqi,PIIANN,54.999999021072206,50.439022
2024-11-06 21:00:00,aqi,PIIANN,41.99999940952728,45.60699
2025-10-04 23:00:00,aqi,PIIANN,80.99999824416207,82.575134
2021-03-03 07:00:00,aqi,PIIANN,100.00000030079983,154.73122
2025-03-03 00:00:00,aqi,PIIANN,100.00000030079983,107.24431
2025-09-11 11:00:00,aqi,PIIANN,121.000000085698,121.83128
2022-07-02 13:00:00,aqi,PIIANN,247.00000318155054,248.88286
2022-06-03 02:00:00,aqi,PIIANN,275.0000035445945,263.04895
2024-10-02 21:00:00,aqi,PIIANN,129.9999998542587,129.99158
2025-01-05 23:00:00,aqi,PIIANN,79.00000100328644,78.08704
2023-02-11 09:00:00,aqi,PIIANN,73.99999815340107,76.1164
2021-08-07 16:00:00,aqi,PIIANN,61.99999911183321,62.68968
2024-02-03 07:00:00,aqi,PIIANN,121.000000085698,124.984985
2025-09-08 10:00:00,aqi,PIIANN,62.99999968181029,63.742096
2024-10-05 12:00:00,aqi,PIIANN,193.00000359541664,186.44757
2024-07-02 21:00:00,aqi,PIIANN,178.9999995148161,174.14326
2022-03-09 06:00:00,aqi,PIIANN,100.00000030079983,118.0688
2021-02-12 05:00:00,aqi,PIIANN,64.00000025178736,63.138596
2023-09-12 18:00:00,aqi,PIIANN,100.00000030079983,101.379654
2021-07-04 01:00:00,aqi,PIIANN,191.0000024554625,201.27866
2021-07-13 02:00:00,aqi,PIIANN,100.00000030079983,165.907
2023-12-05 22:00:00,aqi,PIIANN,66.99999806264006,64.48092
2024-06-07 18:00:00,aqi,PIIANN,60.00000187095759,59.78783
2023-07-08 13:00:00,aqi,PIIANN,81.99999881413913,81.56331
2021-06-05 03:00:00,aqi,PIIANN,103.00000006119178,105.28415
2025-09-05 09:00:00,aqi,PIIANN,72.00000091252545,72.85235
2023-07-04 17:00:00,aqi,PIIANN,125.99999952388967,121.46874
2021-01-09 09:00:00,aqi,PIIANN,27.999999228005265,33.44817
2025-11-07 01:00:00,aqi,PIIANN,100.00000030079983,77.12418
2023-06-11 01:00:00,aqi,PIIANN,115.999999992583,118.79323
2021-02-05 11:00:00,aqi,PIIANN,112.99999991234475,112.479065
2023-06-12 19:00:00,aqi,PIIANN,137.00000091978936,133.1913
2021-07-07 22:00:00,aqi,PIIANN,80.00000157326352,79.08982
2022-07-04 09:00:00,aqi,PIIANN,113.99999999493701,116.41679
2022-02-12 16:00:00,aqi,PIIANN,220.9999961603036,223.15913
2022-10-11 04:00:00,aqi,PIIANN,285.0000014462082,280.81107
2024-01-05 15:00:00,aqi,PIIANN,129.9999998542587,130.39108
2022-04-05 02:00:00,aqi,PIIANN,37.999997129618976,37.284
2021-09-02 10:00:00,aqi,PIIANN,229.0000007201202,237.75734
2025-04-12 03:00:00,aqi,PIIANN,125.99999952388967,129.80411
2024-07-10 06:00:00,aqi,PIIANN,100.00000030079983,120.89269
2022-04-04 08:00:00,aqi,PIIANN,212.00000272774548,210.61028
2023-02-07 14:00:00,aqi,PIIANN,100.00000030079983,99.87803
2022-09-04 13:00:00,aqi,PIIANN,92.00000061483138,92.08195
2022-07-12 20:00:00,aqi,PIIANN,335.99999542333234,329.58167
2024-04-01 16:00:00,aqi,PIIANN,125.99999952388967,126.52345
2021-12-09 13:00:00,aqi,PIIANN,25.000001417152575,29.314312
2023-07-05 01:00:00,aqi,PIIANN,49.99999617118682,56.172047
2025-11-07 23:00:00,aqi,PIIANN,30.99999703885797,34.07519
2024-04-02 15:00:00,aqi,PIIANN,191.0000024554625,192.97481
2024-01-04 06:00:00,aqi,PIIANN,115.00000001660617,115.15488
2025-09-12 09:00:00,aqi,PIIANN,105.99999982158374,108.637405
2025-03-11 18:00:00,aqi,PIIANN,55.99999959104928,53.28125
2024-09-07 20:00:00,aqi,PIIANN,100.00000030079983,103.27972
2023-09-09 20:00:00,aqi,PIIANN,100.00000030079983,116.18983
2021-07-12 01:00:00,aqi,PIIANN,115.999999992583,119.92126
2024-07-11 13:00:00,aqi,PIIANN,100.00000030079983,134.75539
2021-08-08 19:00:00,aqi,PIIANN,66.99999806264006,62.870487
2021-11-12 19:00:00,aqi,PIIANN,150.9999991517721,158.09593
2022-02-09 21:00:00,aqi,PIIANN,35.500001553294084,42.930607
2024-01-05 09:00:00,aqi,PIIANN,134.9999997798352,131.89879
2022-05-01 23:00:00,aqi,PIIANN,207.00000377693863,194.4242
2024-06-06 18:00:00,aqi,PIIANN,60.00000187095759,55.579117
2024-01-12 15:00:00,aqi,PIIANN,100.00000030079983,131.10101
2024-03-11 15:00:00,aqi,PIIANN,100.00000030079983,136.76524
2022-05-10 07:00:00,aqi,PIIANN,69.99999977257129,80.78572
2023-03-05 13:00:00,aqi,PIIANN,49.99999617118682,53.434055
2023-07-05 05:00:00,aqi,PIIANN,48.99999950028828,50.94315
2024-07-10 10:00:00,aqi,PIIANN,100.00000030079983,119.02281
2023-05-07 10:00:00,aqi,PIIANN,102.00000046598434,96.530075
2022-03-04 20:00:00,aqi,PIIANN,243.99999757254074,235.25938
2023-08-11 14:00:00,aqi,PIIANN,115.00000001660617,112.50909
2022-02-01 22:00:00,aqi,PIIANN,151.99999972174916,150.3814
2023-10-02 08:00:00,aqi,PIIANN,313.00000180925224,313.29718
2025-03-11 08:00:00,aqi,PIIANN,49.99999617118682,52.1544
2023-10-09 04:00:00,aqi,PIIANN,100.00000030079983,112.70326
2025-01-12 00:00:00,aqi,PIIANN,95.00000037522334,57.18961
2023-02-11 18:00:00,aqi,PIIANN,100.00000030079983,75.94941
2025-09-10 13:00:00,aqi,PIIANN,96.00000094520041,96.565315
2021-11-09 21:00:00,aqi,PIIANN,23.000000277198424,26.863346
2025-08-09 06:00:00,aqi,PIIANN,60.00000187095759,58.248287
2024-12-13 00:00:00,aqi,PIIANN,100.00000030079983,104.11648
2022-02-07 01:00:00,aqi,PIIANN,100.00000030079983,100.54881
2023-10-07 22:00:00,aqi,PIIANN,51.00000064024243,57.007954
2023-02-03 06:00:00,aqi,PIIANN,140.99999930061912,137.58296
2025-11-12 04:00:00,aqi,PIIANN,78.00000043330937,83.296585
2025-02-09 00:00:00,aqi,PIIANN,51.00000064024243,60.27559
2021-02-08 23:00:00,aqi,PIIANN,53.000001780196584,45.563175
2025-06-02 10:00:00,aqi,PIIANN,100.00000030079983,132.61615
2024-05-13 00:00:00,aqi,PIIANN,100.00000030079983,119.19704
2021-09-04 07:00:00,aqi,PIIANN,147.0000007709423,146.8837
2022-09-08 14:00:00,aqi,PIIANN,60.99999854185613,62.86059
2021-11-02 05:00:00,aqi,PIIANN,306.0000017184912,300.56827
2025-06-05 08:00:00,aqi,PIIANN,98.0000001356153,97.17042
2024-07-03 21:00:00,aqi,PIIANN,141.9999998705962,135.7988
2023-05-11 02:00:00,aqi,PIIANN,111.00000023454504,110.62266
2025-01-12 14:00:00,aqi,PIIANN,105.0000002263763,103.123886
2023-11-12 04:00:00,aqi,PIIANN,85.00000052407037,87.75278
2024-05-12 17:00:00,aqi,PIIANN,100.00000030079983,156.81769
2022-07-06 20:00:00,aqi,PIIANN,78.00000043330937,75.14934
2023-01-09 20:00:00,aqi,PIIANN,100.00000030079983,109.36145
2022-12-09 21:00:00,aqi,PIIANN,83.9999999540933,78.006
2022-07-10 19:00:00,aqi,PIIANN,67.99999863261714,78.01767
2025-09-03 17:00:00,aqi,PIIANN,100.00000030079983,117.866135
2025-09-01 22:00:00,aqi,PIIANN,100.00000030079983,109.25796
2022-02-07 14:00:00,aqi,PIIANN,100.00000030079983,96.39162
2024-01-09 05:00:00,aqi,PIIANN,100.00000030079983,108.93049
2021-08-04 23:00:00,aqi,PIIANN,100.00000030079983,133.56003
2021-02-12 00:00:00,aqi,PIIANN,78.00000043330937,176.38667
2023-06-04 16:00:00,aqi,PIIANN,96.99999956563822,93.996445
2023-02-03 04:00:00,aqi,PIIANN,137.00000091978936,154.71693
2021-02-09 13:00:00,aqi,PIIANN,44.00000054948143,41.77033
2025-05-06 08:00:00,aqi,PIIANN,64.00000025178736,63.45932
2024-11-11 23:00:00,aqi,PIIANN,100.00000030079983,94.25378
2024-10-11 01:00:00,aqi,PIIANN,100.00000030079983,104.90583
2025-07-02 23:00:00,aqi,PIIANN,100.00000030079983,121.64605
2023-12-08 00:00:00,aqi,PIIANN,100.00000030079983,94.0837
2024-05-03 20:00:00,aqi,PIIANN,122.99999976349771,117.95702
2024-01-01 12:00:00,aqi,PIIANN,110.00000015195279,111.59654
2023-01-03 07:00:00,aqi,PIIANN,137.00000091978936,145.46454
2022-05-02 01:00:00,aqi,PIIANN,100.00000030079983,168.25333
2022-11-04 08:00:00,aqi,PIIANN,44.99999722037998,46.034817
2022-08-09 13:00:00,aqi,PIIANN,66.0000013917415,66.93256
2024-04-11 00:00:00,aqi,PIIANN,100.00000030079983,109.49822
2024-06-08 20:00:00,aqi,PIIANN,100.00000030079983,112.189896
2022-08-05 19:00:00,aqi,PIIANN,217.00000167855234,212.92093
2025-09-07 17:00:00,aqi,PIIANN,30.00000036795943,30.350117
2021-06-08 19:00:00,aqi,PIIANN,61.99999911183321,56.070354
2025-05-03 01:00:00,aqi,PIIANN,100.00000030079983,127.96907
2021-08-02 21:00:00,aqi,PIIANN,208.00000044783718,193.62573
2022-10-08 19:00:00,aqi,PIIANN,46.99999836033413,49.561123
2025-06-07 12:00:00,aqi,PIIANN,100.00000030079983,116.77587
2022-06-11 00:00:00,aqi,PIIANN,203.00000149703033,101.52116
2025-09-11 23:00:00,aqi,PIIANN,107.99999998676827,110.39736
2022-09-09 16:00:00,aqi,PIIANN,136.00000034981227,130.09444
2021-02-11 15:00:00,aqi,PIIANN,180.0000000847932,183.90099
2023-06-08 09:00:00,aqi,PIIANN,74.99999872337814,77.27068
2023-07-02 23:00:00,aqi,PIIANN,224.9999984402119,214.63658
2023-10-09 13:00:00,aqi,PIIANN,100.00000030079983,116.4521
2022-05-11 04:00:00,aqi,PIIANN,210.99999825868989,210.6861
2025-11-11 12:00:00,aqi,PIIANN,121.000000085698,122.85854
2023-05-02 07:00:00,aqi,PIIANN,307.9999950602883,305.39365
2021-01-07 15:00:00,aqi,PIIANN,41.99999940952728,48.164005
2023-06-04 11:00:00,aqi,PIIANN,100.00000030079983,96.330124
2022-03-01 19:00:00,aqi,PIIANN,200.00000368617765,204.89005
2025-06-08 02:00:00,aqi,PIIANN,54.999999021072206,47.26932
2023-04-08 17:00:00,aqi,PIIANN,76.99999986333229,76.167145
2024-12-03 22:00:00,aqi,PIIANN,124.99999992868223,120.50508
2025-04-07 18:00:00,aqi,PIIANN,59.000001300980514,57.03371
2022-08-04 16:00:00,aqi,PIIANN,102.00000046598434,96.91814
2023-04-10 10:00:00,aqi,PIIANN,154.0000008617033,153.24759
2023-05-11 08:00:00,aqi,PIIANN,115.999999992583,112.753555
2022-09-03 15:00:00,aqi,PIIANN,251.99999433420032,255.45566
2022-01-03 06:00:00,aqi,PIIANN,100.00000030079983,156.86688
2021-02-05 23:00:00,aqi,PIIANN,120.00000000310575,123.14587
2025-05-06 15:00:00,aqi,PIIANN,86.99999971448526,89.573845
2024-10-09 10:00:00,aqi,PIIANN,100.00000030079983,109.67861
2025-11-10 17:00:00,aqi,PIIANN,172.99999999403218,169.75987
2021-11-09 03:00:00,aqi,PIIANN,23.000000277198424,27.513111
2023-04-12 19:00:00,aqi,PIIANN,100.00000030079983,97.9951
2022-06-04 05:00:00,aqi,PIIANN,110.00000015195279,111.638824
2021-09-03 10:00:00,aqi,PIIANN,100.00000030079983,157.30197
2023-11-05 18:00:00,aqi,PIIANN,76.99999986333229,73.527054
2021-07-03 02:00:00,aqi,PIIANN,100.00000030079983,173.28781
2022-03-12 11:00:00,aqi,PIIANN,194.99999693721372,188.45012
2025-09-10 17:00:00,aqi,PIIANN,107.99999998676827,103.23629
2022-10-09 23:00:00,aqi,PIIANN,73.99999815340107,66.56317
2024-04-12 13:00:00,aqi,PIIANN,100.00000030079983,131.193
2024-06-09 08:00:00,aqi,PIIANN,100.00000030079983,123.2276
2025-08-11 04:00:00,aqi,PIIANN,131.0000004242358,130.16887
2025-06-11 10:00:00,aqi,PIIANN,85.00000052407037,83.71305
2023-07-02 15:00:00,aqi,PIIANN,243.99999757254074,241.62305
2024-05-09 01:00:00,aqi,PIIANN,100.00000030079983,114.976006
2024-06-11 10:00:00,aqi,PIIANN,100.00000030079983,129.20828
2023-09-10 05:00:00,aqi,PIIANN,180.0000000847932,181.2403
2022-01-10 02:00:00,aqi,PIIANN,96.99999956563822,112.056755
2024-08-04 13:00:00,aqi,PIIANN,95.00000037522334,99.13645
2021-08-02 02:00:00,aqi,PIIANN,236.99999748177976,250.60683
2022-08-01 16:00:00,aqi,PIIANN,100.00000030079983,117.8699
2022-05-11 22:00:00,aqi,PIIANN,201.99999702797473,200.70895
2024-01-07 00:00:00,aqi,PIIANN,61.99999911183321,59.43275
2024-01-07 19:00:00,aqi,PIIANN,73.00000148250251,71.21391
2024-11-11 05:00:00,aqi,PIIANN,100.00000030079983,115.16647
2024-04-07 03:00:00,aqi,PIIANN,53.99999845109513,57.38358
2024-07-08 15:00:00,aqi,PIIANN,100.00000030079983,121.04375
2023-09-02 23:00:00,aqi,PIIANN,320.0000019000132,308.70782
2025-07-11 16:00:00,aqi,PIIANN,150.9999991517721,150.5775
2021-08-01 15:00:00,aqi,PIIANN,100.00000030079983,160.6944
2024-08-06 11:00:00,aqi,PIIANN,69.99999977257129,73.56685
2023-03-05 04:00:00,aqi,PIIANN,53.99999845109513,56.664288
2021-09-04 08:00:00,aqi,PIIANN,147.0000007709423,147.2621
2025-05-12 21:00:00,aqi,PIIANN,129.00000025905126,125.46642
2025-08-02 16:00:00,aqi,PIIANN,100.00000030079983,153.46382
2021-05-02 09:00:00,aqi,PIIANN,272.9999946064833,267.96692
2022-12-02 03:00:00,aqi,PIIANN,127.00000009386676,139.1854
2021-04-12 10:00:00,aqi,PIIANN,100.00000030079983,96.26896
2025-05-11 10:00:00,aqi,PIIANN,60.00000187095759,61.392605
2024-04-03 21:00:00,aqi,PIIANN,92.00000061483138,84.7291
2023-12-04 17:00:00,aqi,PIIANN,107.00000039156082,101.973526
2025-06-04 02:00:00,aqi,PIIANN,133.99999920985812,133.24805
2024-06-05 00:00:00,aqi,PIIANN,100.00000030079983,130.72142
2021-06-09 02:00:00,aqi,PIIANN,48.00000282938973,49.905125
2023-05-09 10:00:00,aqi,PIIANN,100.00000030079983,128.53833
2024-07-12 21:00:00,aqi,PIIANN,100.00000030079983,123.11194
2024-04-08 18:00:00,aqi,PIIANN,100.00000030079983,119.553894
2025-07-12 14:00:00,aqi,PIIANN,110.00000015195279,108.1042
2024-12-09 16:00:00,aqi,PIIANN,100.00000030079983,94.99993
2022-04-11 12:00:00,aqi,PIIANN,212.99999939864404,189.78853
2021-04-01 18:00:00,aqi,PIIANN,252.9999988032559,258.32822
2025-05-12 10:00:00,aqi,PIIANN,140.0000006801813,140.46057
2025-06-02 17:00:00,aqi,PIIANN,100.00000030079983,144.2064
2025-07-12 20:00:00,aqi,PIIANN,112.99999991234475,113.48503
2023-12-13 00:00:00,aqi,PIIANN,100.00000030079983,91.131355
2025-12-04 08:00:00,aqi,PIIANN,93.99999980524626,93.32838
2025-10-09 01:00:00,aqi,PIIANN,76.99999986333229,80.27276
2022-09-08 23:00:00,aqi,PIIANN,44.00000054948143,57.691467
2022-07-10 06:00:00,aqi,PIIANN,71.00000034254836,72.59627
2025-03-08 10:00:00,aqi,PIIANN,53.99999845109513,52.910652
2024-10-06 04:00:00,aqi,PIIANN,41.99999940952728,42.881046
2025-04-02 13:00:00,aqi,PIIANN,100.00000030079983,133.99178
2025-07-02 05:00:00,aqi,PIIANN,100.00000030079983,119.294044
2021-06-02 01:00:00,aqi,PIIANN,255.99999661410862,247.58548
2021-03-06 00:00:00,aqi,PIIANN,100.00000030079983,119.21805
2024-03-02 14:00:00,aqi,PIIANN,144.99999963098816,140.74034
2021-01-02 08:00:00,aqi,PIIANN,275.999992417336,279.62943
2023-03-11 19:00:00,aqi,PIIANN,140.99999930061912,137.74585
2022-08-08 02:00:00,aqi,PIIANN,92.00000061483138,89.02215
2021-01-08 05:00:00,aqi,PIIANN,46.99999836033413,46.819912
2023-12-11 03:00:00,aqi,PIIANN,103.00000006119178,106.17123
2025-10-05 08:00:00,aqi,PIIANN,67.99999863261714,67.7803
2021-02-11 09:00:00,aqi,PIIANN,174.00000056400927,173.79457
2022-02-06 13:00:00,aqi,PIIANN,100.00000030079983,129.64412
2025-11-12 21:00:00,aqi,PIIANN,82.99999938411622,102.4112
2022-08-07 05:00:00,aqi,PIIANN,49.99999617118682,52.61262
2021-08-05 16:00:00,aqi,PIIANN,100.00000030079983,103.39624
2024-07-09 11:00:00,aqi,PIIANN,100.00000030079983,122.45659
2022-09-06 00:00:00,aqi,PIIANN,57.00000016102636,114.21306
2022-12-10 05:00:00,aqi,PIIANN,66.99999806264006,78.395
2021-12-01 14:00:00,aqi,PIIANN,103.00000006119178,107.226234
2025-06-04 11:00:00,aqi,PIIANN,127.9999996890742,129.57399
2022-12-05 04:00:00,aqi,PIIANN,100.99999989600727,105.09675
2025-04-05 12:00:00,aqi,PIIANN,89.99999947487723,92.60082
2024-09-04 01:00:00,aqi,PIIANN,92.99999923526919,100.027084
2023-01-05 03:00:00,aqi,PIIANN,55.99999959104928,60.99472
2021-10-05 16:00:00,aqi,PIIANN,100.00000030079983,95.83522
2023-04-11 21:00:00,aqi,PIIANN,107.00000039156082,114.021835
2021-12-02 22:00:00,aqi,PIIANN,322.99999971086595,307.61374
2023-09-13 01:00:00,aqi,PIIANN,100.00000030079983,100.78287
2021-03-03 00:00:00,aqi,PIIANN,100.00000030079983,249.56142
2021-07-08 11:00:00,aqi,PIIANN,49.99999617118682,47.52193
2025-09-11 13:00:00,aqi,PIIANN,120.00000000310575,120.1814
2023-10-04 23:00:00,aqi,PIIANN,100.99999989600727,103.124435
2024-12-09 23:00:00,aqi,PIIANN,100.00000030079983,97.85588
2023-12-01 22:00:00,aqi,PIIANN,278.00000135544724,280.11557
2021-07-09 00:00:00,aqi,PIIANN,34.00000264786773,48.191425
2022-03-05 00:00:00,aqi,PIIANN,49.99999617118682,200.68565
2021-05-07 23:00:00,aqi,PIIANN,80.99999824416207,79.18005
2024-01-11 13:00:00,aqi,PIIANN,100.00000030079983,119.27196
2022-05-07 21:00:00,aqi,PIIANN,85.99999914450818,85.89208
2025-01-09 21:00:00,aqi,PIIANN,53.000001780196584,51.943726
2024-06-08 14:00:00,aqi,PIIANN,100.00000030079983,116.738174
2023-05-10 07:00:00,aqi,PIIANN,212.00000272774548,207.21541
2022-03-01 14:00:00,aqi,PIIANN,191.0000024554625,186.68747
2024-01-07 02:00:00,aqi,PIIANN,62.99999968181029,70.75799
2024-01-04 09:00:00,aqi,PIIANN,115.00000001660617,114.894104
2022-06-04 20:00:00,aqi,PIIANN,121.000000085698,117.29898
2025-06-07 21:00:00,aqi,PIIANN,100.00000030079983,97.462944
2022-06-01 16:00:00,aqi,PIIANN,151.99999972174916,149.64114
2021-07-07 07:00:00,aqi,PIIANN,79.00000100328644,79.53509
2021-05-05 06:00:00,aqi,PIIANN,110.00000015195279,110.86338
2024-08-10 05:00:00,aqi,PIIANN,100.00000030079983,120.24463
2025-07-11 12:00:00,aqi,PIIANN,140.0000006801813,137.97025
2024-08-06 12:00:00,aqi,PIIANN,68.99999920259421,72.2385
2022-07-02 18:00:00,aqi,PIIANN,219.99999948940504,223.6739
2023-04-02 11:00:00,aqi,PIIANN,264.0000011739252,256.60486
2023-04-07 18:00:00,aqi,PIIANN,103.99999965639923,99.35417
2024-03-02 15:00:00,aqi,PIIANN,146.00000020096525,144.94075
2024-12-11 20:00:00,aqi,PIIANN,100.00000030079983,103.694
2021-05-07 16:00:00,aqi,PIIANN,71.00000034254836,64.45355
2022-02-08 15:00:00,aqi,PIIANN,100.00000030079983,99.70392
2024-11-07 05:00:00,aqi,PIIANN,100.00000030079983,122.41958
2021-08-01 21:00:00,aqi,PIIANN,100.00000030079983,181.00404
2023-05-08 08:00:00,aqi,PIIANN,74.99999872337814,80.69823
2025-12-12 22:00:00,aqi,PIIANN,105.99999982158374,107.772484
2021-05-09 01:00:00,aqi,PIIANN,55.99999959104928,47.642094
2024-04-08 20:00:00,aqi,PIIANN,100.00000030079983,114.72254
2025-06-05 23:00:00,aqi,PIIANN,86.99999971448526,93.69248
2022-11-12 19:00:00,aqi,PIIANN,296.99999268961903,294.92657
2025-07-05 22:00:00,aqi,PIIANN,80.00000157326352,75.96189
2024-02-08 09:00:00,aqi,PIIANN,100.00000030079983,113.01305
2025-03-06 15:00:00,aqi,PIIANN,76.99999986333229,78.646736
2021-09-07 12:00:00,aqi,PIIANN,48.99999950028828,47.721973
2024-10-04 04:00:00,aqi,PIIANN,111.00000023454504,107.856125
2024-02-10 00:00:00,aqi,PIIANN,100.00000030079983,91.800644
2021-07-04 07:00:00,aqi,PIIANN,189.99999798640687,187.95825
2023-04-12 16:00:00,aqi,PIIANN,98.0000001356153,98.75123
2023-05-09 01:00:00,aqi,PIIANN,100.00000030079983,82.17957
2021-10-09 11:00:00,aqi,PIIANN,25.999998088051115,31.250721
2025-11-09 18:00:00,aqi,PIIANN,76.99999986333229,73.902374
2021-08-12 12:00:00,aqi,PIIANN,170.99999885407803,168.33662
2022-11-06 14:00:00,aqi,PIIANN,29.000003697060876,34.574177
2024-07-11 02:00:00,aqi,PIIANN,100.00000030079983,121.99708
2022-12-05 08:00:00,aqi,PIIANN,103.00000006119178,103.84117
2022-04-09 23:00:00,aqi,PIIANN,100.00000030079983,115.85978
2023-06-01 19:00:00,aqi,PIIANN,303.00000390763853,300.85165
2024-10-09 14:00:00,aqi,PIIANN,100.00000030079983,104.764786
2025-03-05 00:00:00,aqi,PIIANN,86.99999971448526,118.96516
2023-04-01 15:00:00,aqi,PIIANN,297.9999971586746,291.15457
2023-03-12 00:00:00,aqi,PIIANN,111.00000023454504,141.34569
2022-05-02 21:00:00,aqi,PIIANN,311.9999973401966,303.78485
2024-03-07 17:00:00,aqi,PIIANN,66.0000013917415,65.626595
2022-01-03 09:00:00,aqi,PIIANN,100.00000030079983,157.83115
2025-05-08 00:00:00,aqi,PIIANN,54.999999021072206,111.2016
2022-05-02 03:00:00,aqi,PIIANN,100.00000030079983,163.06964
2023-02-02 10:00:00,aqi,PIIANN,227.9999962510646,226.50105
2023-12-01 10:00:00,aqi,PIIANN,294.9999993478219,293.74118
2023-11-08 14:00:00,aqi,PIIANN,100.00000030079983,95.86604
2025-04-11 16:00:00,aqi,PIIANN,53.000001780196584,54.207577
2025-03-12 07:00:00,aqi,PIIANN,124.00000033347479,126.10648
2022-11-12 20:00:00,aqi,PIIANN,294.9999993478219,297.2456
2023-05-01 17:00:00,aqi,PIIANN,300.99999496952734,295.45016
2023-08-07 08:00:00,aqi,PIIANN,62.99999968181029,65.599365
2021-08-03 19:00:00,aqi,PIIANN,100.00000030079983,164.75478
2022-03-08 22:00:00,aqi,PIIANN,43.00000387858289,43.81844
2022-07-11 12:00:00,aqi,PIIANN,241.9999964325866,241.39171
2023-11-05 19:00:00,aqi,PIIANN,80.99999824416207,72.6416
2022-08-04 01:00:00,aqi,PIIANN,113.99999999493701,102.64528
2023-08-11 06:00:00,aqi,PIIANN,112.99999991234475,115.81624
2022-11-02 00:00:00,aqi,PIIANN,189.99999798640687,126.9106
2023-06-01 15:00:00,aqi,PIIANN,324.0000041799215,310.24982
2022-12-04 19:00:00,aqi,PIIANN,48.00000282938973,47.124027
2025-12-12 02:00:00,aqi,PIIANN,85.99999914450818,84.87311
2022-06-02 08:00:00,aqi,PIIANN,300.99999496952734,300.09576
2024-05-06 18:00:00,aqi,PIIANN,68.99999920259421,70.710754
2023-01-11 14:00:00,aqi,PIIANN,66.0000013917415,68.86885
2021-08-02 07:00:00,aqi,PIIANN,238.00000195083535,235.83415
2025-01-10 07:00:00,aqi,PIIANN,37.00000045872042,38.428112
2023-08-02 02:00:00,aqi,PIIANN,224.9999984402119,231.61201
2021-08-08 16:00:00,aqi,PIIANN,65.00000082176444,60.353138
2022-10-02 03:00:00,aqi,PIIANN,113.99999999493701,115.20242
2023-02-10 18:00:00,aqi,PIIANN,81.99999881413913,79.25479
2025-01-11 00:00:00,aqi,PIIANN,54.999999021072206,48.88828
2021-06-12 09:00:00,aqi,PIIANN,89.99999947487723,90.66156
2022-11-12 08:00:00,aqi,PIIANN,255.00000774136714,256.1925
2022-01-09 22:00:00,aqi,PIIANN,34.00000264786773,43.168026
2023-12-12 16:00:00,aqi,PIIANN,100.00000030079983,99.267265
2025-01-04 14:00:00,aqi,PIIANN,125.99999952388967,133.78929
2024-07-04 07:00:00,aqi,PIIANN,134.9999997798352,131.5769
2022-08-04 17:00:00,aqi,PIIANN,102.00000046598434,97.20167
2022-04-03 20:00:00,aqi,PIIANN,241.9999964325866,248.1293
2025-01-04 17:00:00,aqi,PIIANN,132.00000001944323,147.69987
2021-12-11 11:00:00,aqi,PIIANN,149.999998581795,151.93675
2024-08-08 01:00:00,aqi,PIIANN,100.00000030079983,111.69804
2024-10-01 18:00:00,aqi,PIIANN,76.99999986333229,71.71244
2022-01-12 23:00:00,aqi,PIIANN,261.0000033630725,262.71823
2021-02-03 11:00:00,aqi,PIIANN,100.00000030079983,192.90544
2024-08-11 01:00:00,aqi,PIIANN,100.00000030079983,111.77843
2021-01-04 22:00:00,aqi,PIIANN,100.00000030079983,146.43832
2021-02-09 06:00:00,aqi,PIIANN,32.99999817881212,35.211315
2022-02-01 11:00:00,aqi,PIIANN,157.99999924253308,154.28351
2023-09-08 00:00:00,aqi,PIIANN,78.00000043330937,61.02599
2025-10-10 10:00:00,aqi,PIIANN,139.00000011020424,138.58437
2022-04-01 21:00:00,aqi,PIIANN,165.99999990327117,173.36023
2022-02-03 05:00:00,aqi,PIIANN,240.99999976168806,249.63606
2022-01-01 17:00:00,aqi,PIIANN,133.00000058942032,132.53273
2025-06-09 01:00:00,aqi,PIIANN,55.99999959104928,64.842575
2021-11-02 02:00:00,aqi,PIIANN,294.9999993478219,297.26965
2025-08-03 22:00:00,aqi,PIIANN,100.00000030079983,128.86324
2022-04-07 17:00:00,aqi,PIIANN,182.9999978956459,165.76695
2023-06-07 12:00:00,aqi,PIIANN,64.00000025178736,64.238205
2023-01-05 18:00:00,aqi,PIIANN,49.99999617118682,54.434505
2024-06-09 20:00:00,aqi,PIIANN,100.00000030079983,113.89361
2024-03-10 16:00:00,aqi,PIIANN,100.00000030079983,115.93912
2025-07-03 21:00:00,aqi,PIIANN,100.00000030079983,145.04744
2023-12-02 11:00:00,aqi,PIIANN,272.00000573374183,267.63132
2022-01-08 21:00:00,aqi,PIIANN,100.00000030079983,75.79446
2025-03-05 07:00:00,aqi,PIIANN,85.99999914450818,85.38018
2023-08-02 16:00:00,aqi,PIIANN,306.0000017184912,300.47845
2022-02-08 18:00:00,aqi,PIIANN,100.00000030079983,92.603455
2024-02-04 08:00:00,aqi,PIIANN,120.00000000310575,119.949776
2023-02-11 05:00:00,aqi,PIIANN,78.00000043330937,82.42304
2023-02-09 21:00:00,aqi,PIIANN,100.00000030079983,118.810455
2025-10-07 16:00:00,aqi,PIIANN,20.00000246634572,32.665295
2022-10-12 08:00:00,aqi,PIIANN,153.00000029172625,152.8087
2022-12-10 15:00:00,aqi,PIIANN,64.00000025178736,70.376076
2021-12-09 07:00:00,aqi,PIIANN,23.000000277198424,25.24039
2023-05-01 18:00:00,aqi,PIIANN,301.9999994385829,296.4068
2024-09-07 03:00:00,aqi,PIIANN,100.00000030079983,114.048584
2022-02-08 12:00:00,aqi,PIIANN,100.00000030079983,114.71717
2022-11-03 03:00:00,aqi,PIIANN,251.99999433420032,258.08633
2025-04-06 18:00:00,aqi,PIIANN,49.99999617118682,52.779705
2022-11-06 09:00:00,aqi,PIIANN,39.00000159867457,44.02824
2021-05-12 13:00:00,aqi,PIIANN,103.00000006119178,103.906944
2022-03-08 14:00:00,aqi,PIIANN,32.00000150791358,26.337505
2024-09-08 10:00:00,aqi,PIIANN,100.00000030079983,113.878365
2022-09-10 06:00:00,aqi,PIIANN,60.00000187095759,57.763477
2022-03-08 18:00:00,aqi,PIIANN,46.99999836033413,36.669994
2023-11-13 02:00:00,aqi,PIIANN,100.00000030079983,103.81304
2021-09-04 22:00:00,aqi,PIIANN,100.00000030079983,152.59518
2024-09-10 20:00:00,aqi,PIIANN,100.00000030079983,105.70978
2023-07-06 02:00:00,aqi,PIIANN,100.00000030079983,92.91931
2022-05-10 15:00:00,aqi,PIIANN,71.00000034254836,71.580894
2021-10-04 02:00:00,aqi,PIIANN,100.00000030079983,166.06613
2022-06-04 12:00:00,aqi,PIIANN,110.00000015195279,109.99908
2023-11-11 16:00:00,aqi,PIIANN,78.00000043330937,78.29141
2025-10-10 21:00:00,aqi,PIIANN,147.99999939138013,140.86563
2023-12-09 18:00:00,aqi,PIIANN,100.00000030079983,112.61463
2023-11-09 10:00:00,aqi,PIIANN,100.00000030079983,125.02275
2023-05-05 08:00:00,aqi,PIIANN,54.999999021072206,55.333927
2023-07-12 06:00:00,aqi,PIIANN,133.99999920985812,128.52211
2021-12-08 20:00:00,aqi,PIIANN,44.99999722037998,42.914303
2025-12-10 14:00:00,aqi,PIIANN,170.99999885407803,171.01645
2021-05-05 01:00:00,aqi,PIIANN,111.00000023454504,120.365395
2022-04-11 23:00:00,aqi,PIIANN,208.99999711873573,209.62448
2021-11-02 23:00:00,aqi,PIIANN,322.99999971086595,298.54828
2024-08-01 15:00:00,aqi,PIIANN,91.00000004485429,91.97085
2023-05-04 21:00:00,aqi,PIIANN,53.99999845109513,52.646748
2022-05-05 18:00:00,aqi,PIIANN,120.00000000310575,120.270294
2025-01-07 13:00:00,aqi,PIIANN,60.00000187095759,71.84327
2023-10-04 18:00:00,aqi,PIIANN,105.0000002263763,105.92441
2021-03-04 14:00:00,aqi,PIIANN,100.00000030079983,154.10794
2022-06-11 04:00:00,aqi,PIIANN,214.00000386769966,213.96573
2022-01-02 19:00:00,aqi,PIIANN,215.00000053859821,222.00798
2023-08-08 23:00:00,aqi,PIIANN,80.00000157326352,84.368164
2024-07-05 21:00:00,aqi,PIIANN,100.00000030079983,154.29996
2022-07-09 00:00:00,aqi,PIIANN,52.00000121021951,79.428085
2024-08-13 01:00:00,aqi,PIIANN,100.00000030079983,116.598015
2023-06-07 23:00:00,aqi,PIIANN,72.00000091252545,68.33763
2024-03-01 17:00:00,aqi,PIIANN,91.00000004485429,98.5886
2021-12-07 22:00:00,aqi,PIIANN,49.99999617118682,49.57691
2022-10-09 22:00:00,aqi,PIIANN,73.99999815340107,73.21588
2022-03-02 21:00:00,aqi,PIIANN,100.00000030079983,209.56935
2024-08-07 09:00:00,aqi,PIIANN,64.00000025178736,64.29653
2024-06-01 16:00:00,aqi,PIIANN,122.99999976349771,121.13469
2021-08-07 12:00:00,aqi,PIIANN,69.99999977257129,70.80534
2022-09-02 13:00:00,aqi,PIIANN,89.99999947487723,92.60362
2023-12-07 14:00:00,aqi,PIIANN,100.00000030079983,96.12871
2025-09-05 23:00:00,aqi,PIIANN,58.00000073100343,59.709126
2024-11-02 04:00:00,aqi,PIIANN,121.000000085698,117.71019
2025-10-10 08:00:00,aqi,PIIANN,137.00000091978936,137.79388
2021-10-01 20:00:00,aqi,PIIANN,282.999992508097,285.24097
2025-06-07 05:00:00,aqi,PIIANN,100.00000030079983,113.79076
2024-11-05 18:00:00,aqi,PIIANN,69.99999977257129,106.28989
2024-07-08 19:00:00,aqi,PIIANN,100.00000030079983,117.28061
2021-06-03 02:00:00,aqi,PIIANN,100.00000030079983,162.72812
2022-03-08 21:00:00,aqi,PIIANN,44.99999722037998,43.077847
2023-10-02 16:00:00,aqi,PIIANN,307.9999950602883,309.06158
2025-06-05 03:00:00,aqi,PIIANN,98.0000001356153,92.73321
2024-04-10 21:00:00,aqi,PIIANN,100.00000030079983,110.36357
2025-12-10 22:00:00,aqi,PIIANN,162.99999819333993,155.12968
2022-08-11 06:00:00,aqi,PIIANN,243.0000009016422,245.33772
2024-02-11 12:00:00,aqi,PIIANN,100.00000030079983,124.75108
2024-01-03 07:00:00,aqi,PIIANN,144.99999963098816,154.71193
2024-04-13 02:00:00,aqi,PIIANN,100.00000030079983,118.39821
2022-11-03 13:00:00,aqi,PIIANN,259.9999988940169,256.87817
2023-02-02 11:00:00,aqi,PIIANN,222.99999730025775,221.85202
2022-07-12 22:00:00,aqi,PIIANN,331.00000427068255,326.4168
2022-05-04 06:00:00,aqi,PIIANN,143.00000044057327,144.21732
2024-11-12 01:00:00,aqi,PIIANN,100.00000030079983,106.86638
2024-02-03 11:00:00,aqi,PIIANN,111.00000023454504,116.20949
2023-05-09 04:00:00,aqi,PIIANN,100.00000030079983,111.57872
2021-03-11 19:00:00,aqi,PIIANN,143.00000044057327,150.26077
2021-04-07 13:00:00,aqi,PIIANN,66.99999806264006,64.54968
2025-08-07 02:00:00,aqi,PIIANN,100.00000030079983,98.47228
2023-02-08 16:00:00,aqi,PIIANN,80.00000157326352,78.85344
2022-07-04 07:00:00,aqi,PIIANN,118.00000008161363,115.18007
2021-05-06 00:00:00,aqi,PIIANN,100.00000030079983,102.512535
2022-02-03 08:00:00,aqi,PIIANN,248.0000076506061,253.44801
2023-04-12 01:00:00,aqi,PIIANN,102.00000046598434,95.46968
2025-04-05 06:00:00,aqi,PIIANN,96.99999956563822,94.16486
2024-10-08 22:00:00,aqi,PIIANN,100.00000030079983,92.261444
2022-06-02 07:00:00,aqi,PIIANN,303.00000390763853,301.6717
2022-08-08 06:00:00,aqi,PIIANN,91.00000004485429,86.04279
2024-06-03 10:00:00,aqi,PIIANN,131.0000004242358,127.09682
2022-09-09 21:00:00,aqi,PIIANN,88.00000028446233,104.92141
2024-01-09 16:00:00,aqi,PIIANN,100.00000030079983,105.468216
2022-04-03 14:00:00,aqi,PIIANN,257.0000010831642,256.50705
2022-04-08 02:00:00,aqi,PIIANN,44.99999722037998,39.87528
2023-08-08 03:00:00,aqi,PIIANN,74.99999872337814,80.261734
2022-10-06 03:00:00,aqi,PIIANN,48.00000282938973,51.310154
2025-05-04 07:00:00,aqi,PIIANN,113.99999999493701,112.24804
2021-01-04 20:00:00,aqi,PIIANN,100.00000030079983,152.53131
2025-03-09 11:00:00,aqi,PIIANN,65.00000082176444,63.16869
2024-12-01 08:00:00,aqi,PIIANN,105.0000002263763,108.23338
2022-10-12 02:00:00,aqi,PIIANN,141.9999998705962,161.18556
2023-07-08 03:00:00,aqi,PIIANN,78.00000043330937,83.26418
2024-11-07 22:00:00,aqi,PIIANN,100.00000030079983,100.29439
2023-01-12 18:00:00,aqi,PIIANN,102.00000046598434,98.95305
2023-09-12 20:00:00,aqi,PIIANN,100.00000030079983,105.63638
2022-02-11 17:00:00,aqi,PIIANN,208.00000044783718,205.4193
2024-08-01 09:00:00,aqi,PIIANN,96.99999956563822,98.94263
2023-03-09 01:00:00,aqi,PIIANN,100.00000030079983,86.23831
2022-06-08 01:00:00,aqi,PIIANN,49.99999617118682,58.024944
2025-01-05 08:00:00,aqi,PIIANN,71.00000034254836,73.33982
2021-04-04 08:00:00,aqi,PIIANN,194.00000026631517,193.8476
2024-01-05 22:00:00,aqi,PIIANN,137.00000091978936,129.19716
2025-07-05 14:00:00,aqi,PIIANN,95.00000037522334,92.23334
2024-08-04 06:00:00,aqi,PIIANN,109.00000006936052,103.25292
2024-09-05 07:00:00,aqi,PIIANN,248.0000076506061,250.62808
2022-08-09 07:00:00,aqi,PIIANN,74.99999872337814,76.56935
2025-02-13 01:00:00,aqi,PIIANN,100.00000030079983,131.7577
2023-03-01 22:00:00,aqi,PIIANN,269.99999679563064,268.44232
2024-04-03 08:00:00,aqi,PIIANN,81.99999881413913,79.71559
2021-10-01 13:00:00,aqi,PIIANN,286.9999947880053,283.2072
2023-01-03 05:00:00,aqi,PIIANN,133.00000058942032,141.91408
2024-10-11 14:00:00,aqi,PIIANN,100.00000030079983,115.40069
2021-01-09 10:00:00,aqi,PIIANN,27.999999228005265,33.188725
2024-07-09 15:00:00,aqi,PIIANN,100.00000030079983,114.396904
2025-03-08 05:00:00,aqi,PIIANN,53.000001780196584,52.381203
2021-05-11 21:00:00,aqi,PIIANN,208.99999711873573,196.37318
2021-07-12 04:00:00,aqi,PIIANN,137.99999954022718,137.77617
2022-08-12 22:00:00,aqi,PIIANN,271.0000012646862,273.35928
2022-02-07 23:00:00,aqi,PIIANN,100.00000030079983,112.16767
2025-11-12 05:00:00,aqi,PIIANN,78.00000043330937,83.7631
2022-02-08 03:00:00,aqi,PIIANN,100.00000030079983,84.062546
2024-09-01 13:00:00,aqi,PIIANN,105.99999982158374,110.151726
2024-08-01 18:00:00,aqi,PIIANN,88.00000028446233,88.74467
2024-11-11 17:00:00,aqi,PIIANN,100.00000030079983,112.1836
2025-01-04 10:00:00,aqi,PIIANN,120.00000000310575,122.37526
2025-09-12 01:00:00,aqi,PIIANN,118.00000008161363,118.7877
2025-06-04 06:00:00,aqi,PIIANN,127.9999996890742,129.07019
2022-09-03 22:00:00,aqi,PIIANN,252.9999988032559,239.1443
2021-08-05 03:00:00,aqi,PIIANN,93.99999980524626,91.60448
2021-12-04 21:00:00,aqi,PIIANN,100.00000030079983,135.13129
2025-10-10 17:00:00,aqi,PIIANN,144.99999963098816,141.58147
2022-12-02 07:00:00,aqi,PIIANN,122.00000016829027,127.31961
2021-12-11 09:00:00,aqi,PIIANN,149.999998581795,150.93253
2024-05-02 16:00:00,aqi,PIIANN,100.00000030079983,185.46297
2023-09-11 03:00:00,aqi,PIIANN,103.99999965639923,107.7519
2025-02-07 21:00:00,aqi,PIIANN,59.000001300980514,56.619335
2024-12-05 05:00:00,aqi,PIIANN,250.00000099240322,204.71147
2021-03-09 09:00:00,aqi,PIIANN,34.00000264786773,36.727688
2024-10-04 15:00:00,aqi,PIIANN,92.00000061483138,96.33498
2024-11-06 10:00:00,aqi,PIIANN,41.99999940952728,48.100292
2022-09-04 08:00:00,aqi,PIIANN,96.00000094520041,95.22117
2023-05-05 05:00:00,aqi,PIIANN,53.99999845109513,54.58384
2023-11-10 23:00:00,aqi,PIIANN,83.9999999540933,95.210205
2025-06-02 01:00:00,aqi,PIIANN,100.00000030079983,125.97742
2023-07-10 07:00:00,aqi,PIIANN,175.00000113398633,170.95465
2022-11-08 20:00:00,aqi,PIIANN,41.99999940952728,41.311222
2023-09-01 15:00:00,aqi,PIIANN,162.99999819333993,165.46098
2021-10-03 23:00:00,aqi,PIIANN,250.00000099240322,239.22586
2025-09-12 02:00:00,aqi,PIIANN,116.99999999902138,117.95963
2025-02-07 13:00:00,aqi,PIIANN,65.00000082176444,66.30327
2024-03-03 00:00:00,aqi,PIIANN,89.99999947487723,151.41855
2025-04-07 04:00:00,aqi,PIIANN,58.00000073100343,56.01034
2021-08-05 23:00:00,aqi,PIIANN,100.00000030079983,104.771385
2025-11-07 11:00:00,aqi,PIIANN,32.00000150791358,84.73548
2021-02-03 23:00:00,aqi,PIIANN,100.00000030079983,178.3997
2021-12-02 04:00:00,aqi,PIIANN,322.99999971086595,321.82788
2021-06-11 09:00:00,aqi,PIIANN,112.99999991234475,114.9644
2024-10-05 04:00:00,aqi,PIIANN,194.99999693721372,193.81749
2022-09-04 10:00:00,aqi,PIIANN,95.00000037522334,95.41597
2023-09-01 18:00:00,aqi,PIIANN,153.00000029172625,151.7921
2025-09-02 03:00:00,aqi,PIIANN,100.00000030079983,134.67435
2024-02-07 06:00:00,aqi,PIIANN,66.99999806264006,64.725784
2025-08-12 11:00:00,aqi,PIIANN,116.99999999902138,119.21565
2022-05-07 19:00:00,aqi,PIIANN,113.99999999493701,118.783134
2023-06-02 11:00:00,aqi,PIIANN,296.00000381687755,294.1349
2021-02-09 19:00:00,aqi,PIIANN,44.00000054948143,44.342472
2021-10-03 04:00:00,aqi,PIIANN,289.0000037261165,287.87204
2023-01-09 19:00:00,aqi,PIIANN,100.00000030079983,114.78776
2025-03-10 03:00:00,aqi,PIIANN,30.99999703885797,32.053463
2025-06-11 20:00:00,aqi,PIIANN,103.99999965639923,101.9787
2022-12-12 06:00:00,aqi,PIIANN,265.0000056429808,267.29858
2023-09-11 12:00:00,aqi,PIIANN,100.00000030079983,99.0933
2023-08-08 22:00:00,aqi,PIIANN,80.99999824416207,79.85144
2023-08-06 00:00:00,aqi,PIIANN,100.00000030079983,78.659004
2024-05-04 18:00:00,aqi,PIIANN,98.0000001356153,100.34638
2021-08-11 18:00:00,aqi,PIIANN,146.00000020096525,147.75015
2021-04-12 05:00:00,aqi,PIIANN,98.0000001356153,101.62822
2025-03-07 23:00:00,aqi,PIIANN,54.999999021072206,52.54509
2024-08-02 00:00:00,aqi,PIIANN,176.0000017039634,99.389145
2023-11-09 06:00:00,aqi,PIIANN,100.00000030079983,130.51251
2022-08-12 02:00:00,aqi,PIIANN,329.9999998016269,316.4698
2025-09-09 01:00:00,aqi,PIIANN,61.99999911183321,77.72638
2022-02-02 23:00:00,aqi,PIIANN,243.0000009016422,234.4986
2022-03-04 11:00:00,aqi,PIIANN,226.0000029092675,226.06407
2021-01-05 23:00:00,aqi,PIIANN,100.00000030079983,125.21786
2024-12-04 23:00:00,aqi,PIIANN,89.0000008544394,92.873184
2021-08-09 12:00:00,aqi,PIIANN,29.000003697060876,38.244724
2021-11-05 07:00:00,aqi,PIIANN,86.99999971448526,89.05541
2022-07-08 13:00:00,aqi,PIIANN,49.99999617118682,54.557995
2021-02-11 18:00:00,aqi,PIIANN,184.9999990356,178.28592
2023-02-07 23:00:00,aqi,PIIANN,107.99999998676827,90.237625
2025-01-01 22:00:00,aqi,PIIANN,100.00000030079983,93.58105
2025-09-06 22:00:00,aqi,PIIANN,95.00000037522334,91.99556
2025-02-10 02:00:00,aqi,PIIANN,48.00000282938973,48.07649
2025-07-06 05:00:00,aqi,PIIANN,98.0000001356153,96.689445
2021-08-11 08:00:00,aqi,PIIANN,133.99999920985812,134.4612
2021-03-11 13:00:00,aqi,PIIANN,160.00000038248726,165.98723
2022-03-06 21:00:00,aqi,PIIANN,112.0000000734449,114.530785
2023-05-09 09:00:00,aqi,PIIANN,100.00000030079983,128.80426
2023-02-01 16:00:00,aqi,PIIANN,248.9999965233476,243.9125
2023-04-11 23:00:00,aqi,PIIANN,107.99999998676827,109.130875
2022-06-08 23:00:00,aqi,PIIANN,48.00000282938973,55.07548
2021-03-05 02:00:00,aqi,PIIANN,124.00000033347479,126.472404
2023-10-05 03:00:00,aqi,PIIANN,55.99999959104928,56.948845
2022-05-11 12:00:00,aqi,PIIANN,208.00000044783718,202.24982
2023-03-06 01:00:00,aqi,PIIANN,100.00000030079983,72.76543
2023-02-11 11:00:00,aqi,PIIANN,75.99999929335522,76.75976
2024-09-11 11:00:00,aqi,PIIANN,100.00000030079983,118.50108
2021-10-12 13:00:00,aqi,PIIANN,168.00000104322532,170.08437
2025-01-02 08:00:00,aqi,PIIANN,100.00000030079983,112.19662
2023-11-05 22:00:00,aqi,PIIANN,79.00000100328644,74.86755
2024-03-06 19:00:00,aqi,PIIANN,73.99999815340107,74.70026
2023-01-01 13:00:00,aqi,PIIANN,163.99999876331702,171.4418
2023-10-09 09:00:00,aqi,PIIANN,100.00000030079983,121.46466
2024-10-08 03:00:00,aqi,PIIANN,100.00000030079983,103.80197
2023-04-13 01:00:00,aqi,PIIANN,100.00000030079983,119.444336
2023-12-09 16:00:00,aqi,PIIANN,100.00000030079983,120.976654
2025-01-03 02:00:00,aqi,PIIANN,100.00000030079983,119.18178
2024-11-03 07:00:00,aqi,PIIANN,122.99999976349771,127.31439
2024-02-04 17:00:00,aqi,PIIANN,133.99999920985812,130.58978
2022-04-01 18:00:00,aqi,PIIANN,144.99999963098816,149.03047
2022-08-10 14:00:00,aqi,PIIANN,72.00000091252545,57.82552
2023-09-12 03:00:00,aqi,PIIANN,92.99999923526919,100.30384
2024-01-11 09:00:00,aqi,PIIANN,100.00000030079983,110.05985
2022-08-02 14:00:00,aqi,PIIANN,120.00000000310575,122.766655
2021-08-09 19:00:00,aqi,PIIANN,22.00000360629987,29.089779
2024-02-06 09:00:00,aqi,PIIANN,55.99999959104928,57.523502
2023-10-02 01:00:00,aqi,PIIANN,321.00000636906884,296.002
2022-10-05 12:00:00,aqi,PIIANN,122.00000016829027,123.32648
2022-01-04 12:00:00,aqi,PIIANN,217.00000167855234,217.3331
2022-09-04 05:00:00,aqi,PIIANN,96.99999956563822,94.55633
2023-09-01 08:00:00,aqi,PIIANN,200.00000368617765,201.09026
2023-07-12 22:00:00,aqi,PIIANN,83.9999999540933,86.124176
2022-02-03 19:00:00,aqi,PIIANN,279.9999946972443,281.43253
2022-02-09 02:00:00,aqi,PIIANN,37.00000045872042,26.243061
2024-07-08 22:00:00,aqi,PIIANN,100.00000030079983,117.625305
2021-10-02 20:00:00,aqi,PIIANN,293.9999948787663,298.83237
2024-07-10 13:00:00,aqi,PIIANN,100.00000030079983,131.2845
2023-11-08 09:00:00,aqi,PIIANN,100.00000030079983,109.8232
2021-06-08 11:00:00,aqi,PIIANN,53.99999845109513,51.58077
2021-12-03 22:00:00,aqi,PIIANN,100.00000030079983,149.23633
2022-06-11 11:00:00,aqi,PIIANN,259.9999988940169,246.73434
2024-04-10 14:00:00,aqi,PIIANN,100.00000030079983,122.08087
2024-07-01 10:00:00,aqi,PIIANN,105.99999982158374,107.68974
2024-02-06 07:00:00,aqi,PIIANN,55.99999959104928,58.21336
2022-01-06 13:00:00,aqi,PIIANN,105.0000002263763,104.981476
2024-07-05 19:00:00,aqi,PIIANN,100.00000030079983,135.16426
2023-10-05 17:00:00,aqi,PIIANN,73.00000148250251,66.12166
2024-08-08 07:00:00,aqi,PIIANN,100.00000030079983,125.47091
2023-01-12 00:00:00,aqi,PIIANN,85.99999914450818,76.78409
2021-08-11 12:00:00,aqi,PIIANN,144.99999963098816,142.80304
2021-05-13 01:00:00,aqi,PIIANN,100.00000030079983,125.72901
2023-02-02 03:00:00,aqi,PIIANN,258.9999944249613,257.0453
2021-07-05 15:00:00,aqi,PIIANN,88.00000028446233,84.62897
2021-04-07 08:00:00,aqi,PIIANN,65.00000082176444,64.10938
2021-07-01 14:00:00,aqi,PIIANN,303.99999278038,298.27448
2025-06-07 03:00:00,aqi,PIIANN,100.00000030079983,105.16324
2021-03-08 05:00:00,aqi,PIIANN,60.00000187095759,56.693794
2021-11-12 01:00:00,aqi,PIIANN,165.99999990327117,172.76384
2022-01-09 18:00:00,aqi,PIIANN,29.000003697060876,32.511204
2024-04-11 12:00:00,aqi,PIIANN,100.00000030079983,132.37057
2021-01-07 19:00:00,aqi,PIIANN,46.00000168943558,43.448734
2021-10-02 06:00:00,aqi,PIIANN,276.9999968863916,278.5068
2021-02-08 03:00:00,aqi,PIIANN,66.0000013917415,61.16737
2021-10-12 00:00:00,aqi,PIIANN,170.99999885407803,135.80261
2022-01-01 14:00:00,aqi,PIIANN,129.9999998542587,129.20985
2022-09-04 21:00:00,aqi,PIIANN,64.00000025178736,70.11403
2021-07-12 02:00:00,aqi,PIIANN,124.99999992868223,130.23695
2022-01-09 20:00:00,aqi,PIIANN,25.999998088051115,30.764187
2024-02-10 13:00:00,aqi,PIIANN,100.00000030079983,112.60032
2024-08-03 15:00:00,aqi,PIIANN,139.00000011020424,138.97075
2024-12-05 09:00:00,aqi,PIIANN,250.00000099240322,238.85078
2024-06-07 07:00:00,aqi,PIIANN,58.00000073100343,59.29332
2025-01-06 14:00:00,aqi,PIIANN,66.99999806264006,71.51696
2024-05-06 19:00:00,aqi,PIIANN,71.00000034254836,67.23589
2023-02-02 18:00:00,aqi,PIIANN,217.9999983494509,217.67558
2023-08-08 19:00:00,aqi,PIIANN,81.99999881413913,79.82868
2022-05-03 20:00:00,aqi,PIIANN,271.0000012646862,268.15515
2021-09-11 18:00:00,aqi,PIIANN,100.00000030079983,118.72115
2025-07-11 18:00:00,aqi,PIIANN,154.0000008617033,150.91272
2024-09-11 12:00:00,aqi,PIIANN,100.00000030079983,121.78864
2023-04-10 19:00:00,aqi,PIIANN,170.99999885407803,170.45213
2023-02-07 20:00:00,aqi,PIIANN,102.00000046598434,92.48221
2025-01-06 17:00:00,aqi,PIIANN,64.00000025178736,68.5698
2023-02-09 02:00:00,aqi,PIIANN,100.00000030079983,92.93472
2021-04-06 01:00:00,aqi,PIIANN,100.00000030079983,124.8839
2024-02-02 11:00:00,aqi,PIIANN,89.99999947487723,92.69607
2022-09-01 12:00:00,aqi,PIIANN,100.00000030079983,116.929924
2023-02-04 08:00:00,aqi,PIIANN,52.00000121021951,53.797176
2023-05-12 21:00:00,aqi,PIIANN,107.99999998676827,106.883705
2024-11-04 08:00:00,aqi,PIIANN,89.0000008544394,91.381424
2024-04-08 03:00:00,aqi,PIIANN,100.00000030079983,101.50237
2025-04-06 12:00:00,aqi,PIIANN,55.99999959104928,59.63742
2024-01-09 22:00:00,aqi,PIIANN,100.00000030079983,91.38063
2025-06-09 11:00:00,aqi,PIIANN,39.00000159867457,44.038067
2023-04-02 08:00:00,aqi,PIIANN,257.0000010831642,263.10934
2023-02-12 03:00:00,aqi,PIIANN,105.0000002263763,111.97746
2022-08-09 08:00:00,aqi,PIIANN,72.00000091252545,73.09445
2025-11-11 14:00:00,aqi,PIIANN,120.00000000310575,123.34726
2023-08-02 17:00:00,aqi,PIIANN,307.9999950602883,303.50427
2023-02-10 19:00:00,aqi,PIIANN,80.00000157326352,79.82463
2021-08-09 01:00:00,aqi,PIIANN,43.00000387858289,42.21989
2022-07-08 22:00:00,aqi,PIIANN,80.00000157326352,80.03248
2025-06-10 09:00:00,aqi,PIIANN,61.99999911183321,65.08284
2025-03-11 13:00:00,aqi,PIIANN,49.99999617118682,52.815918
2024-09-10 22:00:00,aqi,PIIANN,100.00000030079983,105.200485
2023-11-07 09:00:00,aqi,PIIANN,53.000001780196584,53.945457
2025-05-08 22:00:00,aqi,PIIANN,53.000001780196584,51.06278
2025-08-02 09:00:00,aqi,PIIANN,100.00000030079983,124.84309
2022-10-09 01:00:00,aqi,PIIANN,61.99999911183321,80.41262
2024-11-03 04:00:00,aqi,PIIANN,122.00000016829027,124.73552
2021-12-05 12:00:00,aqi,PIIANN,100.00000030079983,101.14287
2025-10-04 04:00:00,aqi,PIIANN,103.99999965639923,103.5914
2024-08-05 10:00:00,aqi,PIIANN,236.99999748177976,242.2307
2024-01-07 14:00:00,aqi,PIIANN,72.00000091252545,72.688034
2021-02-07 20:00:00,aqi,PIIANN,53.000001780196584,51.51843
2022-05-03 08:00:00,aqi,PIIANN,251.00000546145884,255.65074
2021-11-12 17:00:00,aqi,PIIANN,153.00000029172625,156.70947
2023-08-12 16:00:00,aqi,PIIANN,92.00000061483138,90.26296
2022-08-12 01:00:00,aqi,PIIANN,328.99999533257136,308.48065
2024-09-06 21:00:00,aqi,PIIANN,52.00000121021951,55.51048
2021-03-05 09:00:00,aqi,PIIANN,131.0000004242358,129.07007
2022-04-10 09:00:00,aqi,PIIANN,98.0000001356153,88.24241
2023-10-02 13:00:00,aqi,PIIANN,310.00000399839956,307.58597
2022-10-03 16:00:00,aqi,PIIANN,258.0000055522198,256.90726
2024-03-02 13:00:00,aqi,PIIANN,143.00000044057327,139.77779
2022-03-13 02:00:00,aqi,PIIANN,100.00000030079983,169.517
2021-12-03 12:00:00,aqi,PIIANN,100.00000030079983,134.85098
2025-10-12 09:00:00,aqi,PIIANN,81.99999881413913,85.45954
2024-12-02 07:00:00,aqi,PIIANN,120.00000000310575,121.99183
2024-01-03 16:00:00,aqi,PIIANN,147.99999939138013,146.0971
2022-09-08 11:00:00,aqi,PIIANN,92.00000061483138,85.09504
2021-06-12 19:00:00,aqi,PIIANN,99.00000070559238,99.03546
2022-12-08 11:00:00,aqi,PIIANN,46.99999836033413,46.666912
2021-10-13 00:00:00,aqi,PIIANN,100.00000030079983,181.66655
2024-09-03 21:00:00,aqi,PIIANN,121.000000085698,113.00333
2025-06-11 21:00:00,aqi,PIIANN,105.99999982158374,100.70625
2024-02-04 16:00:00,aqi,PIIANN,133.99999920985812,130.18625
2022-06-06 06:00:00,aqi,PIIANN,85.00000052407037,86.20587
2022-11-09 13:00:00,aqi,PIIANN,79.00000100328644,78.15308
2023-02-03 01:00:00,aqi,PIIANN,132.00000001944323,145.94402
2025-06-04 15:00:00,aqi,PIIANN,129.9999998542587,134.18085
2025-10-09 08:00:00,aqi,PIIANN,81.99999881413913,80.358475
2024-04-07 15:00:00,aqi,PIIANN,49.99999617118682,51.561573
2021-01-08 07:00:00,aqi,PIIANN,46.99999836033413,54.141186
2024-06-12 14:00:00,aqi,PIIANN,100.00000030079983,139.10826
2022-12-08 12:00:00,aqi,PIIANN,46.99999836033413,46.96075
2025-03-02 12:00:00,aqi,PIIANN,100.00000030079983,118.86694
2024-07-08 00:00:00,aqi,PIIANN,100.00000030079983,71.19348
2022-02-11 11:00:00,aqi,PIIANN,224.9999984402119,226.11559
2023-12-05 06:00:00,aqi,PIIANN,78.00000043330937,78.8793
2025-06-07 14:00:00,aqi,PIIANN,100.00000030079983,116.61725
2023-06-11 12:00:00,aqi,PIIANN,116.99999999902138,115.95411
2025-03-03 22:00:00,aqi,PIIANN,100.00000030079983,128.85703
2021-08-07 15:00:00,aqi,PIIANN,62.99999968181029,64.96397
2022-10-06 04:00:00,aqi,PIIANN,49.99999617118682,53.35074
2022-06-01 15:00:00,aqi,PIIANN,156.99999867255602,152.12454
2021-10-11 18:00:00,aqi,PIIANN,133.99999920985812,135.04509
2025-02-11 20:00:00,aqi,PIIANN,57.00000016102636,56.474117
2024-07-11 10:00:00,aqi,PIIANN,100.00000030079983,128.50217
2024-02-01 09:00:00,aqi,PIIANN,100.00000030079983,104.152794
2024-02-09 14:00:00,aqi,PIIANN,100.00000030079983,111.0494
2024-03-01 22:00:00,aqi,PIIANN,89.0000008544394,94.28121
2024-03-10 21:00:00,aqi,PIIANN,100.00000030079983,102.45208
2023-06-10 01:00:00,aqi,PIIANN,186.00000350465564,192.87175
2024-07-04 01:00:00,aqi,PIIANN,127.00000009386676,123.13868
2024-12-12 06:00:00,aqi,PIIANN,100.00000030079983,116.60378
2024-05-12 23:00:00,aqi,PIIANN,100.00000030079983,120.52166
2023-02-10 03:00:00,aqi,PIIANN,68.99999920259421,70.90111
2022-11-11 09:00:00,aqi,PIIANN,219.99999948940504,214.7651
2022-05-08 16:00:00,aqi,PIIANN,49.99999617118682,50.51962
2023-05-11 19:00:00,aqi,PIIANN,120.00000000310575,111.93831
2024-06-12 18:00:00,aqi,PIIANN,100.00000030079983,137.16661
2021-01-02 19:00:00,aqi,PIIANN,240.99999976168806,239.55334
2025-08-10 15:00:00,aqi,PIIANN,59.000001300980514,59.54582
2023-10-11 01:00:00,aqi,PIIANN,83.9999999540933,86.52862
2022-09-06 03:00:00,aqi,PIIANN,54.999999021072206,58.168877
2024-03-09 21:00:00,aqi,PIIANN,100.00000030079983,107.35871
2023-02-08 08:00:00,aqi,PIIANN,75.99999929335522,78.2688
2025-09-03 23:00:00,aqi,PIIANN,100.00000030079983,119.94701
2022-03-06 10:00:00,aqi,PIIANN,107.99999998676827,108.631996
2021-08-02 20:00:00,aqi,PIIANN,210.00000158779136,196.42998
2021-06-04 18:00:00,aqi,PIIANN,171.9999994240551,169.67952
2025-12-03 08:00:00,aqi,PIIANN,100.00000030079983,116.03213
2023-05-12 01:00:00,aqi,PIIANN,111.00000023454504,111.691086
2025-04-08 21:00:00,aqi,PIIANN,54.999999021072206,55.246277
2023-07-10 22:00:00,aqi,PIIANN,150.9999991517721,142.11661
2022-01-02 02:00:00,aqi,PIIANN,220.9999961603036,219.70601
2022-02-12 09:00:00,aqi,PIIANN,248.0000076506061,248.34749
2025-01-01 21:00:00,aqi,PIIANN,100.00000030079983,95.33733
2023-06-12 05:00:00,aqi,PIIANN,107.00000039156082,108.547066
2025-10-09 11:00:00,aqi,PIIANN,82.99999938411622,84.25634
2021-10-12 20:00:00,aqi,PIIANN,167.00000047324824,169.16165
2023-05-09 16:00:00,aqi,PIIANN,100.00000030079983,134.67097
2022-11-12 14:00:00,aqi,PIIANN,286.9999947880053,279.77698
2023-07-10 08:00:00,aqi,PIIANN,175.00000113398633,170.6927
2022-08-11 09:00:00,aqi,PIIANN,243.99999757254074,241.48329
2025-05-08 19:00:00,aqi,PIIANN,52.00000121021951,49.26946
2024-09-12 20:00:00,aqi,PIIANN,100.00000030079983,109.04392
2024-08-12 02:00:00,aqi,PIIANN,100.00000030079983,119.57164
2021-05-07 09:00:00,aqi,PIIANN,64.00000025178736,60.817
2025-08-09 20:00:00,aqi,PIIANN,55.99999959104928,50.7663
2023-05-01 23:00:00,aqi,PIIANN,311.9999973401966,303.297
2021-02-07 15:00:00,aqi,PIIANN,53.99999845109513,52.95163
2021-06-01 14:00:00,aqi,PIIANN,321.9999952418103,312.3776
2022-06-06 00:00:00,aqi,PIIANN,89.0000008544394,192.1813
2022-11-09 08:00:00,aqi,PIIANN,76.99999986333229,79.60742
2024-03-06 05:00:00,aqi,PIIANN,72.00000091252545,71.25049
2024-10-12 03:00:00,aqi,PIIANN,100.00000030079983,113.26994
2025-09-07 06:00:00,aqi,PIIANN,29.000003697060876,31.138012
2022-12-05 10:00:00,aqi,PIIANN,103.00000006119178,105.53865
2021-03-03 18:00:00,aqi,PIIANN,100.00000030079983,188.68575
2022-09-04 19:00:00,aqi,PIIANN,73.00000148250251,75.09656
2022-02-02 18:00:00,aqi,PIIANN,215.00000053859821,215.28532
2022-02-05 13:00:00,aqi,PIIANN,30.99999703885797,27.475727
2025-10-11 17:00:00,aqi,PIIANN,118.99999992051349,116.01481
2025-04-09 20:00:00,aqi,PIIANN,55.99999959104928,53.344418
2024-03-04 23:00:00,aqi,PIIANN,107.99999998676827,112.15109
2023-10-04 14:00:00,aqi,PIIANN,105.0000002263763,111.035095
2023-08-10 07:00:00,aqi,PIIANN,156.99999867255602,158.20844
2024-08-11 04:00:00,aqi,PIIANN,100.00000030079983,125.451836
2023-09-04 22:00:00,aqi,PIIANN,124.99999992868223,129.07635
2024-08-05 07:00:00,aqi,PIIANN,118.00000008161363,145.42857
2025-03-02 17:00:00,aqi,PIIANN,100.00000030079983,125.67789
2021-09-09 09:00:00,aqi,PIIANN,23.000000277198424,27.896458
2021-05-12 01:00:00,aqi,PIIANN,103.99999965639923,115.51907
2021-04-09 21:00:00,aqi,PIIANN,48.00000282938973,43.7486
2023-03-11 09:00:00,aqi,PIIANN,102.00000046598434,99.40116
2025-08-08 16:00:00,aqi,PIIANN,59.000001300980514,59.322403
2024-05-12 16:00:00,aqi,PIIANN,100.00000030079983,165.47328
2021-02-03 08:00:00,aqi,PIIANN,100.00000030079983,180.09848
2024-02-05 10:00:00,aqi,PIIANN,157.99999924253308,150.93129
2025-04-12 11:00:00,aqi,PIIANN,133.99999920985812,131.85362
2024-07-12 02:00:00,aqi,PIIANN,100.00000030079983,129.41307
2024-04-12 16:00:00,aqi,PIIANN,100.00000030079983,144.07391
2022-09-09 12:00:00,aqi,PIIANN,141.9999998705962,134.64278
2025-08-10 05:00:00,aqi,PIIANN,54.999999021072206,55.565918
2023-05-08 10:00:00,aqi,PIIANN,76.99999986333229,79.193184
2025-03-12 16:00:00,aqi,PIIANN,133.99999920985812,130.18196
2023-01-10 05:00:00,aqi,PIIANN,55.99999959104928,56.822395
2021-04-12 16:00:00,aqi,PIIANN,102.00000046598434,97.528404
2021-02-04 22:00:00,aqi,PIIANN,100.00000030079983,158.90399
2024-06-01 20:00:00,aqi,PIIANN,112.99999991234475,112.52222
2025-05-04 12:00:00,aqi,PIIANN,124.00000033347479,130.86444
2025-05-12 19:00:00,aqi,PIIANN,131.0000004242358,126.51913
2024-12-08 23:00:00,aqi,PIIANN,100.00000030079983,91.86314
2022-06-10 02:00:00,aqi,PIIANN,74.99999872337814,75.18882
2024-02-10 07:00:00,aqi,PIIANN,100.00000030079983,120.50825
2023-01-04 06:00:00,aqi,PIIANN,100.00000030079983,99.48104
2024-04-03 23:00:00,aqi,PIIANN,96.99999956563822,93.922066
2025-04-08 09:00:00,aqi,PIIANN,53.99999845109513,104.67071
2022-04-02 10:00:00,aqi,PIIANN,100.00000030079983,131.60902
2023-01-08 02:00:00,aqi,PIIANN,78.00000043330937,83.49903
2024-09-02 22:00:00,aqi,PIIANN,129.9999998542587,136.51094
2022-02-05 11:00:00,aqi,PIIANN,22.00000360629987,25.2533
2023-11-09 05:00:00,aqi,PIIANN,100.00000030079983,130.68915
2023-07-12 02:00:00,aqi,PIIANN,134.9999997798352,137.59177
2023-07-04 22:00:00,aqi,PIIANN,132.00000001944323,128.58069
2024-10-02 06:00:00,aqi,PIIANN,132.00000001944323,135.55408
2022-03-09 05:00:00,aqi,PIIANN,100.00000030079983,118.28515
2022-01-05 21:00:00,aqi,PIIANN,25.999998088051115,29.039875
2022-11-06 19:00:00,aqi,PIIANN,25.999998088051115,25.875256
2024-07-05 23:00:00,aqi,PIIANN,100.00000030079983,128.06964
2022-11-02 16:00:00,aqi,PIIANN,155.99999810257896,162.20325
2024-01-02 06:00:00,aqi,PIIANN,180.0000000847932,181.58504
2022-02-10 17:00:00,aqi,PIIANN,60.00000187095759,64.31918
2023-11-05 05:00:00,aqi,PIIANN,73.99999815340107,73.431625
2024-01-08 16:00:00,aqi,PIIANN,100.00000030079983,106.547104
2022-12-06 07:00:00,aqi,PIIANN,27.000002557106725,29.880741
2025-01-12 04:00:00,aqi,PIIANN,100.00000030079983,100.630806
2022-08-08 10:00:00,aqi,PIIANN,85.00000052407037,84.600876
2023-12-12 08:00:00,aqi,PIIANN,100.00000030079983,100.77867
2025-06-04 14:00:00,aqi,PIIANN,131.0000004242358,135.7967
2023-08-10 04:00:00,aqi,PIIANN,155.0000014316804,158.03505
2023-09-05 09:00:00,aqi,PIIANN,72.00000091252545,70.834656
2023-02-12 04:00:00,aqi,PIIANN,105.99999982158374,103.3521
2022-02-03 16:00:00,aqi,PIIANN,272.00000573374183,268.73337
2023-12-01 19:00:00,aqi,PIIANN,279.9999946972443,283.67856
2024-05-08 23:00:00,aqi,PIIANN,100.00000030079983,111.94013
2024-11-11 04:00:00,aqi,PIIANN,100.00000030079983,115.998215
2022-03-11 11:00:00,aqi,PIIANN,100.00000030079983,212.71538
2025-09-10 09:00:00,aqi,PIIANN,86.99999971448526,88.08698
2022-08-02 06:00:00,aqi,PIIANN,140.99999930061912,146.9203
2025-08-07 17:00:00,aqi,PIIANN,30.99999703885797,30.047497
2025-05-08 16:00:00,aqi,PIIANN,51.00000064024243,52.3327
2025-05-08 03:00:00,aqi,PIIANN,53.000001780196584,50.142475
2022-03-03 15:00:00,aqi,PIIANN,261.999992235814,262.24722
2024-10-08 09:00:00,aqi,PIIANN,100.00000030079983,109.15879
2025-10-11 07:00:00,aqi,PIIANN,105.0000002263763,110.14053
2023-11-07 19:00:00,aqi,PIIANN,53.000001780196584,51.112377
2021-12-05 02:00:00,aqi,PIIANN,100.00000030079983,114.405075
2022-05-04 16:00:00,aqi,PIIANN,112.99999991234475,116.20725
2023-09-07 12:00:00,aqi,PIIANN,58.00000073100343,61.111656
2022-11-11 10:00:00,aqi,PIIANN,231.00000186007435,220.91504
2025-02-06 10:00:00,aqi,PIIANN,58.00000073100343,62.67592
2022-06-08 06:00:00,aqi,PIIANN,48.99999950028828,48.825886
2025-03-12 15:00:00,aqi,PIIANN,132.00000001944323,129.53358
2024-07-12 10:00:00,aqi,PIIANN,100.00000030079983,130.44579
2023-10-12 12:00:00,aqi,PIIANN,86.99999971448526,83.835754
2025-03-02 15:00:00,aqi,PIIANN,100.00000030079983,129.35495
2021-02-01 22:00:00,aqi,PIIANN,296.00000381687755,287.7781
2024-09-12 08:00:00,aqi,PIIANN,100.00000030079983,123.55997
2021-12-12 13:00:00,aqi,PIIANN,157.99999924253308,160.50008
2021-12-11 15:00:00,aqi,PIIANN,143.00000044057327,149.74814
2025-07-10 12:00:00,aqi,PIIANN,44.99999722037998,49.788334
2021-12-03 07:00:00,aqi,PIIANN,100.00000030079983,137.57118
2022-11-09 16:00:00,aqi,PIIANN,80.00000157326352,79.51374
2025-09-02 07:00:00,aqi,PIIANN,100.00000030079983,127.480095
2025-07-10 23:00:00,aqi,PIIANN,51.00000064024243,54.230686
2025-07-03 12:00:00,aqi,PIIANN,100.00000030079983,145.70445
2025-10-12 18:00:00,aqi,PIIANN,79.00000100328644,76.16832
2022-11-04 00:00:00,aqi,PIIANN,49.99999617118682,234.04695
2022-05-11 16:00:00,aqi,PIIANN,215.00000053859821,208.1384
2025-12-12 14:00:00,aqi,PIIANN,99.00000070559238,99.949394
2024-11-04 06:00:00,aqi,PIIANN,86.99999971448526,92.242455
2025-08-06 19:00:00,aqi,PIIANN,85.00000052407037,83.70277
2024-04-06 19:00:00,aqi,PIIANN,79.00000100328644,73.88497
2024-04-07 14:00:00,aqi,PIIANN,48.99999950028828,50.406742
2022-03-08 15:00:00,aqi,PIIANN,41.00000273862874,27.421268
2023-02-08 20:00:00,aqi,PIIANN,80.99999824416207,78.88064
2023-11-07 15:00:00,aqi,PIIANN,52.00000121021951,54.999996
2021-12-01 11:00:00,aqi,PIIANN,107.99999998676827,110.57253
2021-06-02 16:00:00,aqi,PIIANN,231.9999985309729,231.93962
2025-02-08 00:00:00,aqi,PIIANN,72.00000091252545,58.673626
2023-01-03 23:00:00,aqi,PIIANN,133.00000058942032,137.05449
2022-06-02 14:00:00,aqi,PIIANN,297.9999971586746,303.542
2023-02-08 07:00:00,aqi,PIIANN,75.99999929335522,77.44456
2025-11-07 08:00:00,aqi,PIIANN,100.00000030079983,86.4554
2021-05-07 11:00:00,aqi,PIIANN,65.00000082176444,62.83854
2023-09-12 05:00:00,aqi,PIIANN,92.00000061483138,96.61731
2024-03-06 22:00:00,aqi,PIIANN,69.99999977257129,67.84032
2023-05-11 12:00:00,aqi,PIIANN,118.00000008161363,114.76837
2022-04-13 00:00:00,aqi,PIIANN,100.00000030079983,203.84193
2025-04-12 01:00:00,aqi,PIIANN,129.9999998542587,122.643715
2025-03-12 13:00:00,aqi,PIIANN,129.9999998542587,127.5431
2023-12-05 12:00:00,aqi,PIIANN,76.99999986333229,76.6205
2025-09-09 10:00:00,aqi,PIIANN,73.00000148250251,71.47514
2022-12-02 18:00:00,aqi,PIIANN,139.00000011020424,142.36205
2023-02-05 14:00:00,aqi,PIIANN,181.00000065477025,110.33412
2025-01-11 23:00:00,aqi,PIIANN,52.00000121021951,55.641434
2023-09-05 04:00:00,aqi,PIIANN,73.00000148250251,76.12947
2024-03-10 13:00:00,aqi,PIIANN,100.00000030079983,116.20573
2022-12-11 01:00:00,aqi,PIIANN,224.9999984402119,231.92102
2022-02-05 16:00:00,aqi,PIIANN,44.00000054948143,41.085743
2021-08-09 03:00:00,aqi,PIIANN,44.99999722037998,42.67557
2024-10-02 19:00:00,aqi,PIIANN,131.0000004242358,128.7075
2025-01-08 19:00:00,aqi,PIIANN,75.99999929335522,72.22794
2022-04-07 18:00:00,aqi,PIIANN,194.00000026631517,178.78206
2022-02-08 23:00:00,aqi,PIIANN,100.00000030079983,71.08079
2023-07-01 15:00:00,aqi,PIIANN,265.9999945157223,258.2739
2023-06-01 22:00:00,aqi,PIIANN,296.00000381687755,295.7494
2023-03-09 23:00:00,aqi,PIIANN,100.00000030079983,133.3643
2025-09-10 08:00:00,aqi,PIIANN,85.99999914450818,86.69071
2021-07-08 21:00:00,aqi,PIIANN,49.99999617118682,43.54024
2025-12-08 18:00:00,aqi,PIIANN,37.999997129618976,41.631016
2021-03-01 12:00:00,aqi,PIIANN,293.0000060060248,290.60995
2024-07-08 05:00:00,aqi,PIIANN,100.00000030079983,128.56087
2024-08-09 14:00:00,aqi,PIIANN,100.00000030079983,112.490906
2022-04-08 10:00:00,aqi,PIIANN,49.99999617118682,44.59215
2025-05-09 11:00:00,aqi,PIIANN,60.99999854185613,59.208366
2021-05-09 10:00:00,aqi,PIIANN,44.00000054948143,48.969944
2021-02-05 16:00:00,aqi,PIIANN,115.999999992583,111.29945
2022-08-13 02:00:00,aqi,PIIANN,100.00000030079983,179.85068
2024-10-11 09:00:00,aqi,PIIANN,100.00000030079983,114.65065
2022-11-08 09:00:00,aqi,PIIANN,41.99999940952728,44.1387
2025-04-06 08:00:00,aqi,PIIANN,65.00000082176444,66.2678
2023-10-08 05:00:00,aqi,PIIANN,78.00000043330937,81.47818
2021-07-06 01:00:00,aqi,PIIANN,100.00000030079983,113.84349
2022-04-03 16:00:00,aqi,PIIANN,251.00000546145884,252.32513
2022-02-12 19:00:00,aqi,PIIANN,212.00000272774548,217.18823
2024-03-02 02:00:00,aqi,PIIANN,105.0000002263763,102.36979
2024-08-07 00:00:00,aqi,PIIANN,60.99999854185613,70.93306
2025-02-11 23:00:00,aqi,PIIANN,55.99999959104928,61.727158
2023-07-09 08:00:00,aqi,PIIANN,100.00000030079983,137.41142
2021-11-01 16:00:00,aqi,PIIANN,133.99999920985812,141.47878
2024-05-01 15:00:00,aqi,PIIANN,131.0000004242358,128.80186
2024-09-06 12:00:00,aqi,PIIANN,62.99999968181029,67.79195
2022-03-11 10:00:00,aqi,PIIANN,215.00000053859821,209.38124
2024-12-12 08:00:00,aqi,PIIANN,100.00000030079983,114.18026
2022-03-04 02:00:00,aqi,PIIANN,250.00000099240322,241.39317
2024-02-10 08:00:00,aqi,PIIANN,100.00000030079983,119.53896
2022-09-02 09:00:00,aqi,PIIANN,91.00000004485429,95.704735
2025-11-02 15:00:00,aqi,PIIANN,100.00000030079983,117.87254
2025-11-10 11:00:00,aqi,PIIANN,169.00000161320241,167.05083
2025-11-05 08:00:00,aqi,PIIANN,67.99999863261714,71.7569
2022-11-03 20:00:00,aqi,PIIANN,259.9999988940169,259.02072
2025-10-03 19:00:00,aqi,PIIANN,100.00000030079983,125.10197
2022-01-10 10:00:00,aqi,PIIANN,85.5000008090589,86.09454
2025-03-08 21:00:00,aqi,PIIANN,100.00000030079983,92.34256
2021-07-04 08:00:00,aqi,PIIANN,187.99999684645275,187.10402
2024-03-10 17:00:00,aqi,PIIANN,100.00000030079983,113.06549
2021-04-09 11:00:00,aqi,PIIANN,43.00000387858289,45.94765
2023-07-09 03:00:00,aqi,PIIANN,100.00000030079983,111.36116
2025-12-05 09:00:00,aqi,PIIANN,66.99999806264006,71.96638
2022-10-06 02:00:00,aqi,PIIANN,46.99999836033413,51.422184
2022-04-08 09:00:00,aqi,PIIANN,49.99999617118682,44.5768
2021-03-11 16:00:00,aqi,PIIANN,154.0000008617033,162.91296
2025-03-11 02:00:00,aqi,PIIANN,54.999999021072206,62.020233
2025-01-04 16:00:00,aqi,PIIANN,133.00000058942032,156.79318
2025-04-03 04:00:00,aqi,PIIANN,100.00000030079983,129.66153
2022-11-10 08:00:00,aqi,PIIANN,66.0000013917415,72.141136
2024-04-06 13:00:00,aqi,PIIANN,78.00000043330937,76.03267
2021-06-02 09:00:00,aqi,PIIANN,241.9999964325866,245.62022
2021-03-08 13:00:00,aqi,PIIANN,62.99999968181029,68.08888
2021-01-04 11:00:00,aqi,PIIANN,100.00000030079983,150.28304
2023-12-06 00:00:00,aqi,PIIANN,100.00000030079983,64.77082
2022-10-03 14:00:00,aqi,PIIANN,252.9999988032559,256.818
2022-07-11 09:00:00,aqi,PIIANN,254.00000327231152,251.7659
2025-09-02 06:00:00,aqi,PIIANN,100.00000030079983,125.90396
2021-02-12 17:00:00,aqi,PIIANN,60.99999854185613,62.465374
2025-02-10 20:00:00,aqi,PIIANN,36.00000378782188,35.791958
2024-02-02 10:00:00,aqi,PIIANN,89.99999947487723,92.590965
2022-05-12 05:00:00,aqi,PIIANN,215.99999720949674,220.79478
2025-08-12 18:00:00,aqi,PIIANN,115.999999992583,114.626854
2025-04-06 10:00:00,aqi,PIIANN,60.00000187095759,63.621124
2024-03-04 17:00:00,aqi,PIIANN,112.0000000734449,113.14428
2023-09-08 09:00:00,aqi,PIIANN,80.99999824416207,78.77407
2021-10-07 15:00:00,aqi,PIIANN,55.99999959104928,54.96353
2025-12-10 23:00:00,aqi,PIIANN,163.99999876331702,150.47102
2023-10-09 20:00:00,aqi,PIIANN,100.00000030079983,127.519646
2022-07-08 16:00:00,aqi,PIIANN,60.99999854185613,56.782246
2023-12-01 11:00:00,aqi,PIIANN,293.9999948787663,291.45233
2023-03-09 11:00:00,aqi,PIIANN,100.00000030079983,122.2201
2024-11-07 15:00:00,aqi,PIIANN,100.00000030079983,104.53322
2022-01-09 04:00:00,aqi,PIIANN,46.00000168943558,48.47299
2021-09-02 09:00:00,aqi,PIIANN,231.00000186007435,232.79874
2025-02-07 03:00:00,aqi,PIIANN,62.99999968181029,63.60577
2025-04-05 17:00:00,aqi,PIIANN,75.99999929335522,78.80428
2022-02-10 00:00:00,aqi,PIIANN,86.99999971448526,110.471535
2022-06-07 13:00:00,aqi,PIIANN,37.999997129618976,34.837452
2022-08-10 13:00:00,aqi,PIIANN,72.00000091252545,60.8016
2022-12-04 16:00:00,aqi,PIIANN,51.00000064024243,54.74767
2024-09-11 22:00:00,aqi,PIIANN,100.00000030079983,105.07445
2021-05-12 17:00:00,aqi,PIIANN,103.99999965639923,100.854935
2021-06-11 21:00:00,aqi,PIIANN,107.99999998676827,108.71725
2024-01-10 18:00:00,aqi,PIIANN,100.00000030079983,102.35579
2022-04-12 00:00:00,aqi,PIIANN,184.0000023647015,212.34424
2024-02-02 14:00:00,aqi,PIIANN,91.00000004485429,95.049416
2025-05-10 20:00:00,aqi,PIIANN,66.99999806264006,58.65643
2025-03-05 04:00:00,aqi,PIIANN,88.00000028446233,88.53669
2024-03-07 21:00:00,aqi,PIIANN,60.99999854185613,66.67
2024-01-06 16:00:00,aqi,PIIANN,48.00000282938973,52.11059
2023-04-09 04:00:00,aqi,PIIANN,100.00000030079983,115.82377
2022-09-10 22:00:00,aqi,PIIANN,60.99999854185613,87.084
2022-11-03 16:00:00,aqi,PIIANN,254.00000327231152,263.5909
2024-10-06 17:00:00,aqi,PIIANN,37.00000045872042,38.730663
2022-04-03 00:00:00,aqi,PIIANN,264.0000011739252,162.35089
2024-12-10 09:00:00,aqi,PIIANN,100.00000030079983,106.19965
2022-06-10 13:00:00,aqi,PIIANN,68.50000086714493,65.900246
2023-02-01 19:00:00,aqi,PIIANN,251.99999433420032,249.37396
2023-05-10 10:00:00,aqi,PIIANN,217.00000167855234,212.54858
2023-07-07 11:00:00,aqi,PIIANN,67.99999863261714,69.56842
2025-03-02 13:00:00,aqi,PIIANN,100.00000030079983,127.47627
2021-11-05 22:00:00,aqi,PIIANN,100.00000030079983,103.72623
2021-10-04 15:00:00,aqi,PIIANN,100.00000030079983,141.42674
2025-06-08 03:00:00,aqi,PIIANN,54.999999021072206,52.51354
2024-05-08 20:00:00,aqi,PIIANN,100.00000030079983,118.6304
2022-12-03 14:00:00,aqi,PIIANN,189.00000131550834,190.44156
2023-02-02 04:00:00,aqi,PIIANN,254.00000327231152,253.67827
2025-07-12 02:00:00,aqi,PIIANN,109.00000006936052,103.76715
2022-08-10 03:00:00,aqi,PIIANN,73.00000148250251,65.64895
2025-11-11 07:00:00,aqi,PIIANN,121.000000085698,125.70564
2025-01-06 19:00:00,aqi,PIIANN,61.99999911183321,63.89501
2022-04-06 07:00:00,aqi,PIIANN,121.000000085698,121.74117
2024-06-01 14:00:00,aqi,PIIANN,127.9999996890742,130.2772
2021-07-07 09:00:00,aqi,PIIANN,80.00000157326352,78.67686
2021-10-12 10:00:00,aqi,PIIANN,170.99999885407803,172.10356
2022-09-12 17:00:00,aqi,PIIANN,167.00000047324824,172.96648
2022-05-08 18:00:00,aqi,PIIANN,49.99999617118682,51.108624
2022-02-05 19:00:00,aqi,PIIANN,46.00000168943558,43.281864
2022-06-05 17:00:00,aqi,PIIANN,201.99999702797473,197.95923
2023-11-04 08:00:00,aqi,PIIANN,100.99999989600727,102.81944
2025-11-09 19:00:00,aqi,PIIANN,76.99999986333229,74.03978
2022-06-09 10:00:00,aqi,PIIANN,52.00000121021951,50.64635
2024-07-06 19:00:00,aqi,PIIANN,79.00000100328644,76.373
2022-07-03 02:00:00,aqi,PIIANN,264.0000011739252,270.04645
2021-04-11 21:00:00,aqi,PIIANN,122.99999976349771,119.37682
2024-03-07 07:00:00,aqi,PIIANN,71.00000034254836,70.863365
2022-04-08 07:00:00,aqi,PIIANN,48.99999950028828,43.00411
2025-12-04 11:00:00,aqi,PIIANN,99.00000070559238,99.452965
2021-03-01 11:00:00,aqi,PIIANN,293.9999948787663,291.81555
2022-05-11 03:00:00,aqi,PIIANN,212.00000272774548,215.69986
2025-10-03 01:00:00,aqi,PIIANN,100.00000030079983,130.4857
2021-11-09 07:00:00,aqi,PIIANN,20.999999137244274,24.762936
2025-11-09 06:00:00,aqi,PIIANN,92.99999923526919,94.79533
2024-07-05 02:00:00,aqi,PIIANN,100.00000030079983,111.474
2022-08-08 16:00:00,aqi,PIIANN,58.00000073100343,64.34832
2024-11-06 04:00:00,aqi,PIIANN,41.99999940952728,46.296894
2023-12-09 01:00:00,aqi,PIIANN,100.00000030079983,95.407326
2022-07-09 23:00:00,aqi,PIIANN,89.99999947487723,87.73733
2025-05-05 20:00:00,aqi,PIIANN,88.00000028446233,88.046104
2023-09-11 19:00:00,aqi,PIIANN,86.99999971448526,89.15649
2023-12-11 19:00:00,aqi,PIIANN,112.99999991234475,105.49884
2023-03-11 13:00:00,aqi,PIIANN,107.99999998676827,103.03193
2025-08-06 22:00:00,aqi,PIIANN,89.99999947487723,84.29799
2025-12-11 01:00:00,aqi,PIIANN,129.9999998542587,120.138725
2022-06-03 23:00:00,aqi,PIIANN,273.99999907553894,244.5053
2025-08-12 01:00:00,aqi,PIIANN,107.99999998676827,110.51911
2023-01-11 20:00:00,aqi,PIIANN,72.00000091252545,67.747765
2024-01-01 16:00:00,aqi,PIIANN,110.00000015195279,109.461945
2022-09-11 04:00:00,aqi,PIIANN,275.0000035445945,279.22076
2025-03-04 15:00:00,aqi,PIIANN,143.9999990610111,145.9335
2025-08-08 13:00:00,aqi,PIIANN,57.00000016102636,57.066723
2022-11-04 02:00:00,aqi,PIIANN,48.99999950028828,46.186718
2022-01-12 21:00:00,aqi,PIIANN,257.0000010831642,262.43063
2023-02-08 02:00:00,aqi,PIIANN,76.99999986333229,78.8047
2023-02-10 22:00:00,aqi,PIIANN,86.99999971448526,83.98629
2024-08-09 01:00:00,aqi,PIIANN,100.00000030079983,107.32445
2025-02-02 20:00:00,aqi,PIIANN,100.00000030079983,115.794716
2025-05-09 17:00:00,aqi,PIIANN,59.000001300980514,52.924915
2022-02-06 10:00:00,aqi,PIIANN,147.99999939138013,138.06104
2023-09-09 21:00:00,aqi,PIIANN,100.00000030079983,113.83554
2025-01-09 04:00:00,aqi,PIIANN,48.00000282938973,48.6673
2024-10-07 20:00:00,aqi,PIIANN,100.00000030079983,97.94451
2023-08-04 07:00:00,aqi,PIIANN,162.0000015224414,160.80772
2022-10-04 14:00:00,aqi,PIIANN,49.99999617118682,50.4932
2022-10-12 12:00:00,aqi,PIIANN,163.99999876331702,158.85808
2024-01-12 02:00:00,aqi,PIIANN,100.00000030079983,107.20342
2023-05-01 10:00:00,aqi,PIIANN,300.00000609678585,293.87097
2021-01-02 15:00:00,aqi,PIIANN,258.0000055522198,258.38156
2021-04-01 12:00:00,aqi,PIIANN,261.0000033630725,258.25922
2022-07-07 08:00:00,aqi,PIIANN,89.99999947487723,85.97756
2024-03-01 23:00:00,aqi,PIIANN,89.99999947487723,98.23163
2023-02-01 09:00:00,aqi,PIIANN,243.99999757254074,240.57025
2023-10-07 14:00:00,aqi,PIIANN,52.00000121021951,54.846714
2024-03-02 11:00:00,aqi,PIIANN,136.00000034981227,134.24727
2022-01-04 19:00:00,aqi,PIIANN,268.999992326575,257.12
2022-06-10 18:00:00,aqi,PIIANN,73.00000148250251,71.13113
2022-02-12 12:00:00,aqi,PIIANN,229.99999739101875,231.78568
2023-12-07 17:00:00,aqi,PIIANN,100.00000030079983,98.84124
2025-03-12 03:00:00,aqi,PIIANN,120.00000000310575,120.49118
2024-11-04 18:00:00,aqi,PIIANN,91.00000004485429,91.66732
2025-02-05 16:00:00,aqi,PIIANN,81.99999881413913,82.305824
2022-03-04 15:00:00,aqi,PIIANN,224.9999984402119,223.27484
2023-03-12 13:00:00,aqi,PIIANN,110.00000015195279,108.58358
2024-06-04 22:00:00,aqi,PIIANN,127.9999996890742,138.21571
2023-11-08 04:00:00,aqi,PIIANN,100.00000030079983,95.86518
2025-04-04 13:00:00,aqi,PIIANN,99.00000070559238,106.01129
2021-03-03 12:00:00,aqi,PIIANN,100.00000030079983,184.10922
2021-04-08 04:00:00,aqi,PIIANN,61.99999911183321,60.64906
2021-04-11 12:00:00,aqi,PIIANN,122.99999976349771,126.32339
2022-04-12 07:00:00,aqi,PIIANN,184.0000023647015,186.9724
2021-06-02 04:00:00,aqi,PIIANN,243.99999757254074,232.36414
2025-05-06 09:00:00,aqi,PIIANN,66.99999806264006,65.85971
2025-05-03 06:00:00,aqi,PIIANN,100.00000030079983,133.41238
2023-02-03 02:00:00,aqi,PIIANN,132.00000001944323,144.80931
2022-03-10 16:00:00,aqi,PIIANN,53.000001780196584,47.543743
2022-03-03 04:00:00,aqi,PIIANN,275.0000035445945,274.9791
2024-04-08 17:00:00,aqi,PIIANN,100.00000030079983,121.85046
2024-01-05 23:00:00,aqi,PIIANN,134.9999997798352,123.21388
2021-12-01 23:00:00,aqi,PIIANN,107.99999998676827,128.18132
2022-08-12 14:00:00,aqi,PIIANN,293.0000060060248,291.20035
2024-05-12 15:00:00,aqi,PIIANN,100.00000030079983,166.54726
2024-12-03 11:00:00,aqi,PIIANN,129.00000025905126,131.09572
2025-09-09 03:00:00,aqi,PIIANN,64.00000025178736,66.127014
2024-10-04 18:00:00,aqi,PIIANN,92.99999923526919,93.837776
2022-06-06 22:00:00,aqi,PIIANN,105.0000002263763,99.87384
2024-10-08 06:00:00,aqi,PIIANN,100.00000030079983,107.45723
2024-01-04 15:00:00,aqi,PIIANN,111.00000023454504,110.71337
2023-09-02 09:00:00,aqi,PIIANN,315.9999996201049,322.57132
2025-03-10 04:00:00,aqi,PIIANN,30.99999703885797,31.203838
2024-02-06 21:00:00,aqi,PIIANN,71.00000034254836,68.82884
2023-11-01 19:00:00,aqi,PIIANN,272.00000573374183,266.73572
2025-09-07 07:00:00,aqi,PIIANN,27.999999228005265,31.390484
2025-12-02 16:00:00,aqi,PIIANN,100.00000030079983,126.81619
2022-03-03 07:00:00,aqi,PIIANN,262.9999967048696,269.15558
2022-02-12 10:00:00,aqi,PIIANN,240.99999976168806,243.43724
2022-03-12 19:00:00,aqi,PIIANN,100.00000030079983,189.45198
2024-03-09 08:00:00,aqi,PIIANN,100.00000030079983,116.06766
2025-04-03 13:00:00,aqi,PIIANN,100.00000030079983,139.07593
2021-07-03 20:00:00,aqi,PIIANN,100.00000030079983,183.20515
2023-08-11 05:00:00,aqi,PIIANN,112.0000000734449,117.22196
2022-12-01 12:00:00,aqi,PIIANN,121.000000085698,127.555626
2025-01-12 05:00:00,aqi,PIIANN,100.00000030079983,101.15336
2022-12-06 19:00:00,aqi,PIIANN,23.999996948096964,24.979649
2024-10-04 14:00:00,aqi,PIIANN,92.00000061483138,98.447296
2021-10-03 14:00:00,aqi,PIIANN,264.0000011739252,262.92828
2025-02-10 19:00:00,aqi,PIIANN,37.999997129618976,38.690556
2024-11-05 22:00:00,aqi,PIIANN,66.99999806264006,63.28918
2024-11-04 21:00:00,aqi,PIIANN,105.0000002263763,100.522385
2021-10-02 08:00:00,aqi,PIIANN,100.00000030079983,286.35944
2021-05-02 06:00:00,aqi,PIIANN,272.00000573374183,274.65878
2024-04-06 23:00:00,aqi,PIIANN,80.99999824416207,81.46551
2022-04-06 22:00:00,aqi,PIIANN,100.00000030079983,128.32896
2022-10-01 14:00:00,aqi,PIIANN,100.00000030079983,108.44005
2025-03-05 09:00:00,aqi,PIIANN,88.00000028446233,87.18671
2023-11-08 12:00:00,aqi,PIIANN,100.00000030079983,110.534294
2022-03-10 08:00:00,aqi,PIIANN,43.00000387858289,47.574657
2023-10-05 11:00:00,aqi,PIIANN,64.00000025178736,62.676495
2023-03-11 14:00:00,aqi,PIIANN,111.00000023454504,103.677444
2024-12-04 12:00:00,aqi,PIIANN,99.00000070559238,103.10467
2025-09-09 15:00:00,aqi,PIIANN,80.00000157326352,76.92712
2023-02-11 03:00:00,aqi,PIIANN,82.99999938411622,86.03148
2025-01-02 05:00:00,aqi,PIIANN,100.00000030079983,108.74975
2021-12-08 22:00:00,aqi,PIIANN,44.99999722037998,40.558254
2024-10-04 01:00:00,aqi,PIIANN,112.0000000734449,105.908615
2022-02-08 09:00:00,aqi,PIIANN,100.00000030079983,94.57254
2022-05-05 16:00:00,aqi,PIIANN,118.00000008161363,116.03864
2023-07-08 02:00:00,aqi,PIIANN,79.00000100328644,84.406456
2021-02-08 05:00:00,aqi,PIIANN,66.0000013917415,68.545746
2024-09-11 16:00:00,aqi,PIIANN,100.00000030079983,117.676315
2021-11-07 08:00:00,aqi,PIIANN,49.99999617118682,51.88169
2023-02-03 13:00:00,aqi,PIIANN,146.00000020096525,154.88895
2023-11-04 07:00:00,aqi,PIIANN,100.99999989600727,102.83085
2025-07-04 19:00:00,aqi,PIIANN,229.99999739101875,170.63493
2025-03-09 08:00:00,aqi,PIIANN,60.99999854185613,59.896927
2023-10-08 19:00:00,aqi,PIIANN,53.000001780196584,61.15112
2021-11-12 02:00:00,aqi,PIIANN,163.99999876331702,170.6197
2023-01-07 16:00:00,aqi,PIIANN,100.00000030079983,92.47481
2024-01-10 08:00:00,aqi,PIIANN,100.00000030079983,95.0354
2022-09-06 01:00:00,aqi,PIIANN,55.99999959104928,57.408794
2025-10-12 23:00:00,aqi,PIIANN,76.99999986333229,90.156586
2021-08-02 05:00:00,aqi,PIIANN,236.99999748177976,246.16469
2023-12-12 22:00:00,aqi,PIIANN,100.00000030079983,92.23234
2021-07-02 11:00:00,aqi,PIIANN,224.00000176931337,220.25122
2023-02-10 14:00:00,aqi,PIIANN,79.00000100328644,75.15429
2024-04-03 09:00:00,aqi,PIIANN,81.99999881413913,80.74656
2023-04-02 20:00:00,aqi,PIIANN,285.0000014462082,280.8739
2023-09-01 10:00:00,aqi,PIIANN,191.99999912636105,191.07121
2025-01-05 19:00:00,aqi,PIIANN,78.00000043330937,77.96373
2025-06-03 04:00:00,aqi,PIIANN,100.00000030079983,132.16632
2024-08-03 04:00:00,aqi,PIIANN,139.00000011020424,132.6374
2022-10-02 11:00:00,aqi,PIIANN,162.99999819333993,164.64629
2022-08-06 11:00:00,aqi,PIIANN,60.00000187095759,62.084217
2022-01-05 18:00:00,aqi,PIIANN,29.000003697060876,31.89558
2024-05-11 05:00:00,aqi,PIIANN,100.00000030079983,138.15646
2025-07-02 18:00:00,aqi,PIIANN,100.00000030079983,151.71309
2022-12-03 02:00:00,aqi,PIIANN,264.0000011739252,269.22488
2025-05-04 05:00:00,aqi,PIIANN,109.00000006936052,109.652054
2021-08-04 08:00:00,aqi,PIIANN,100.00000030079983,142.07643
2021-12-08 03:00:00,aqi,PIIANN,41.00000273862874,42.059765
2023-01-02 18:00:00,aqi,PIIANN,282.999992508097,280.4132
2024-05-12 13:00:00,aqi,PIIANN,100.00000030079983,140.807
2021-02-08 21:00:00,aqi,PIIANN,49.99999617118682,46.667965
2025-09-08 07:00:00,aqi,PIIANN,59.000001300980514,59.174988
2025-02-03 03:00:00,aqi,PIIANN,100.00000030079983,122.38056
2021-02-12 22:00:00,aqi,PIIANN,69.99999977257129,70.37428
2022-02-06 07:00:00,aqi,PIIANN,134.9999997798352,129.08723
2023-04-07 17:00:00,aqi,PIIANN,103.99999965639923,99.74343
2024-04-12 18:00:00,aqi,PIIANN,100.00000030079983,129.32271
2022-10-05 17:00:00,aqi,PIIANN,115.999999992583,114.94468
2024-12-09 15:00:00,aqi,PIIANN,100.00000030079983,97.575134
2022-12-05 14:00:00,aqi,PIIANN,103.00000006119178,102.37609
2022-05-06 23:00:00,aqi,PIIANN,89.0000008544394,91.6258
2022-03-04 19:00:00,aqi,PIIANN,245.00000204159636,237.76654
2024-03-11 08:00:00,aqi,PIIANN,100.00000030079983,121.65721
2025-08-11 20:00:00,aqi,PIIANN,105.99999982158374,102.44916
2024-01-01 14:00:00,aqi,PIIANN,110.00000015195279,109.55262
2021-12-11 16:00:00,aqi,PIIANN,141.9999998705962,146.07495
2025-03-02 00:00:00,aqi,PIIANN,100.00000030079983,104.96035
2022-03-12 07:00:00,aqi,PIIANN,191.0000024554625,194.58641
2022-06-10 17:00:00,aqi,PIIANN,66.0000013917415,69.00115
2022-04-01 08:00:00,aqi,PIIANN,146.00000020096525,150.04298
2024-10-04 08:00:00,aqi,PIIANN,109.00000006936052,110.52496
2022-04-07 14:00:00,aqi,PIIANN,161.00000095246432,151.58398
2023-07-08 04:00:00,aqi,PIIANN,78.00000043330937,82.27668
2025-04-12 22:00:00,aqi,PIIANN,140.0000006801813,132.69687
2023-12-02 00:00:00,aqi,PIIANN,233.0000030000285,265.33975
2024-09-11 13:00:00,aqi,PIIANN,100.00000030079983,121.19391
2025-08-01 16:00:00,aqi,PIIANN,100.00000030079983,127.24578
2024-07-09 19:00:00,aqi,PIIANN,100.00000030079983,111.23746
2024-04-04 21:00:00,aqi,PIIANN,98.0000001356153,100.92464
2024-02-11 04:00:00,aqi,PIIANN,100.00000030079983,116.7225
2025-07-04 15:00:00,aqi,PIIANN,105.0000002263763,119.00353
2023-06-09 18:00:00,aqi,PIIANN,100.00000030079983,137.63376
2022-05-07 18:00:00,aqi,PIIANN,127.9999996890742,134.9175
2024-01-09 12:00:00,aqi,PIIANN,100.00000030079983,105.219025
2025-05-02 12:00:00,aqi,PIIANN,100.00000030079983,133.27463
2022-06-09 06:00:00,aqi,PIIANN,51.00000064024243,52.04154
2021-11-03 16:00:00,aqi,PIIANN,100.00000030079983,153.27982
2022-11-09 11:00:00,aqi,PIIANN,78.00000043330937,76.161
2024-02-03 00:00:00,aqi,PIIANN,137.00000091978936,96.73981
2024-10-11 04:00:00,aqi,PIIANN,100.00000030079983,124.40527
2022-08-06 02:00:00,aqi,PIIANN,69.99999977257129,65.16784
2024-07-08 20:00:00,aqi,PIIANN,100.00000030079983,117.28005
2024-09-01 14:00:00,aqi,PIIANN,105.99999982158374,110.50416
2024-08-10 14:00:00,aqi,PIIANN,100.00000030079983,122.729706
2021-01-11 12:00:00,aqi,PIIANN,133.99999920985812,140.382
2023-06-09 03:00:00,aqi,PIIANN,100.00000030079983,103.636475
2023-09-09 09:00:00,aqi,PIIANN,100.00000030079983,133.67752
2024-06-03 03:00:00,aqi,PIIANN,124.99999992868223,129.22855
2021-11-02 11:00:00,aqi,PIIANN,314.00000627830786,310.78494
2022-07-03 15:00:00,aqi,PIIANN,238.00000195083535,241.23325
2025-08-03 20:00:00,aqi,PIIANN,100.00000030079983,128.52032
2021-11-02 00:00:00,aqi,PIIANN,294.9999993478219,129.16356
2023-02-05 19:00:00,aqi,PIIANN,57.00000016102636,70.929634
2024-04-05 14:00:00,aqi,PIIANN,180.0000000847932,154.83504
2025-08-06 10:00:00,aqi,PIIANN,73.99999815340107,72.93101
2025-05-06 20:00:00,aqi,PIIANN,102.00000046598434,92.73048
2022-06-11 18:00:00,aqi,PIIANN,275.0000035445945,263.4688
2022-02-05 03:00:00,aqi,PIIANN,22.00000360629987,30.882748
2022-01-06 06:00:00,aqi,PIIANN,103.99999965639923,102.33967
2022-06-11 12:00:00,aqi,PIIANN,264.0000011739252,253.59554
2024-11-07 03:00:00,aqi,PIIANN,100.00000030079983,104.56115
2025-08-02 03:00:00,aqi,PIIANN,100.00000030079983,128.06871
2025-03-09 00:00:00,aqi,PIIANN,62.99999968181029,98.01379
2021-01-02 14:00:00,aqi,PIIANN,265.0000056429808,265.16522
2024-05-06 09:00:00,aqi,PIIANN,78.00000043330937,76.144424
2022-07-04 13:00:00,aqi,PIIANN,122.99999976349771,120.2873
2021-02-05 05:00:00,aqi,PIIANN,115.00000001660617,121.06564
2025-06-04 20:00:00,aqi,PIIANN,122.00000016829027,121.42147
2022-03-02 15:00:00,aqi,PIIANN,251.99999433420032,247.21399
2023-10-03 01:00:00,aqi,PIIANN,100.00000030079983,194.92134
2025-02-06 07:00:00,aqi,PIIANN,59.000001300980514,62.05224
2022-07-08 18:00:00,aqi,PIIANN,66.99999806264006,62.99829
2022-04-10 23:00:00,aqi,PIIANN,80.99999824416207,108.77773
2021-03-12 17:00:00,aqi,PIIANN,80.00000157326352,79.94421
2025-10-07 23:00:00,aqi,PIIANN,100.00000030079983,83.37396
2025-08-08 17:00:00,aqi,PIIANN,59.000001300980514,59.32013
2025-02-09 21:00:00,aqi,PIIANN,59.000001300980514,53.09
2022-04-06 10:00:00,aqi,PIIANN,127.00000009386676,124.43233
2022-02-03 21:00:00,aqi,PIIANN,275.0000035445945,270.09726
2021-03-09 01:00:00,aqi,PIIANN,37.999997129618976,45.948017
2021-07-07 20:00:00,aqi,PIIANN,80.99999824416207,75.43401
2021-03-03 15:00:00,aqi,PIIANN,100.00000030079983,179.91997
2023-02-04 10:00:00,aqi,PIIANN,51.00000064024243,53.422646
2024-02-03 13:00:00,aqi,PIIANN,107.99999998676827,112.55389
2022-03-07 16:00:00,aqi,PIIANN,176.99999837486195,174.95474
2024-11-02 02:00:00,aqi,PIIANN,122.00000016829027,116.01553
2022-11-12 01:00:00,aqi,PIIANN,208.00000044783718,219.72754
2024-06-03 05:00:00,aqi,PIIANN,125.99999952388967,131.59715
2021-08-05 20:00:00,aqi,PIIANN,100.00000030079983,123.45325
2022-07-02 00:00:00,aqi,PIIANN,283.9999969771526,155.8112
2024-11-07 10:00:00,aqi,PIIANN,100.00000030079983,107.4803
2024-10-08 04:00:00,aqi,PIIANN,100.00000030079983,105.502655
2025-11-11 01:00:00,aqi,PIIANN,118.99999992051349,114.55123
2021-01-03 17:00:00,aqi,PIIANN,261.0000033630725,261.19913
2022-10-03 07:00:00,aqi,PIIANN,255.00000774136714,249.42169
2023-04-05 22:00:00,aqi,PIIANN,52.00000121021951,55.987007
2022-02-06 15:00:00,aqi,PIIANN,100.00000030079983,122.39757
2025-07-12 00:00:00,aqi,PIIANN,107.99999998676827,140.23605
2023-09-05 21:00:00,aqi,PIIANN,52.00000121021951,55.664368
2023-10-11 20:00:00,aqi,PIIANN,62.99999968181029,63.368824
2023-01-04 16:00:00,aqi,PIIANN,100.00000030079983,90.166565
2021-01-11 13:00:00,aqi,PIIANN,158.99999981251017,142.60078
2022-11-04 04:00:00,aqi,PIIANN,46.99999836033413,53.136425
2021-08-02 17:00:00,aqi,PIIANN,210.99999825868989,210.8313
2025-09-02 12:00:00,aqi,PIIANN,100.00000030079983,127.67218
2021-07-09 02:00:00,aqi,PIIANN,34.99999931876627,34.408245
2025-10-08 16:00:00,aqi,PIIANN,55.99999959104928,62.27991
2023-05-01 20:00:00,aqi,PIIANN,307.00000618754683,299.68982
2024-05-10 08:00:00,aqi,PIIANN,100.00000030079983,125.623085
2025-03-09 17:00:00,aqi,PIIANN,66.99999806264006,65.15581
2025-10-08 21:00:00,aqi,PIIANN,48.99999950028828,53.21531
2021-02-01 19:00:00,aqi,PIIANN,289.0000037261165,288.31796
2024-04-03 10:00:00,aqi,PIIANN,81.99999881413913,82.9075
2024-03-02 21:00:00,aqi,PIIANN,161.00000095246432,151.7217
2024-11-01 08:00:00,aqi,PIIANN,93.99999980524626,93.11805
2025-05-02 14:00:00,aqi,PIIANN,100.00000030079983,136.26262
2023-07-02 18:00:00,aqi,PIIANN,236.99999748177976,239.2479
2022-06-12 21:00:00,aqi,PIIANN,243.0000009016422,249.35733
2025-08-11 23:00:00,aqi,PIIANN,110.00000015195279,110.25852
2023-11-10 21:00:00,aqi,PIIANN,86.99999971448526,88.266464
2024-04-04 19:00:00,aqi,PIIANN,98.0000001356153,95.39685
2021-12-12 01:00:00,aqi,PIIANN,146.00000020096525,159.18031
2021-02-02 14:00:00,aqi,PIIANN,100.00000030079983,165.32077
2025-09-08 09:00:00,aqi,PIIANN,59.000001300980514,59.89212
2023-11-09 18:00:00,aqi,PIIANN,100.00000030079983,115.377144
2022-10-04 00:00:00,aqi,PIIANN,51.00000064024243,217.86517
2023-01-05 16:00:00,aqi,PIIANN,53.000001780196584,56.12696
2022-07-04 22:00:00,aqi,PIIANN,111.00000023454504,108.08337
2021-02-12 13:00:00,aqi,PIIANN,57.00000016102636,59.48089
2022-05-04 17:00:00,aqi,PIIANN,112.0000000734449,112.78657
2025-04-07 13:00:00,aqi,PIIANN,59.000001300980514,60.036194
2023-09-04 17:00:00,aqi,PIIANN,134.9999997798352,129.20316
2022-08-07 15:00:00,aqi,PIIANN,67.99999863261714,69.2961
2023-01-06 02:00:00,aqi,PIIANN,100.00000030079983,85.065605
2024-01-02 09:00:00,aqi,PIIANN,187.99999684645275,192.37448
2024-04-12 22:00:00,aqi,PIIANN,100.00000030079983,115.934494
2023-02-08 15:00:00,aqi,PIIANN,80.00000157326352,80.22132
2022-03-10 11:00:00,aqi,PIIANN,43.00000387858289,43.899952
2021-02-09 03:00:00,aqi,PIIANN,37.00000045872042,39.36201
2023-01-10 10:00:00,aqi,PIIANN,52.00000121021951,55.120316
2024-12-07 18:00:00,aqi,PIIANN,100.00000030079983,106.02417
2022-08-11 15:00:00,aqi,PIIANN,259.9999988940169,257.6248
2025-12-07 07:00:00,aqi,PIIANN,30.99999703885797,33.863308
2025-09-07 23:00:00,aqi,PIIANN,34.99999931876627,39.636555
2021-09-02 18:00:00,aqi,PIIANN,238.9999986217339,245.34682
2025-11-09 05:00:00,aqi,PIIANN,93.99999980524626,94.629196
2025-01-01 15:00:00,aqi,PIIANN,100.00000030079983,118.56192
2023-08-02 14:00:00,aqi,PIIANN,300.00000609678585,297.81787
2025-05-07 01:00:00,aqi,PIIANN,58.00000073100343,64.19351
2021-04-03 00:00:00,aqi,PIIANN,100.00000030079983,237.09018
2022-09-05 11:00:00,aqi,PIIANN,163.99999876331702,163.69522
2021-08-03 15:00:00,aqi,PIIANN,100.00000030079983,157.01878
2022-12-11 08:00:00,aqi,PIIANN,149.00000191089646,153.95885
2022-06-10 06:00:00,aqi,PIIANN,72.00000091252545,75.94219
2021-04-05 16:00:00,aqi,PIIANN,103.00000006119178,99.68281
2024-04-05 00:00:00,aqi,PIIANN,176.0000017039634,99.13083
2022-01-11 09:00:00,aqi,PIIANN,160.00000038248726,161.21584
2025-04-04 01:00:00,aqi,PIIANN,122.00000016829027,116.84986
2022-01-05 15:00:00,aqi,PIIANN,30.00000036795943,35.491253
2024-03-09 00:00:00,aqi,PIIANN,100.00000030079983,105.21774
2022-11-10 00:00:00,aqi,PIIANN,74.99999872337814,91.705956
2025-10-02 10:00:00,aqi,PIIANN,100.00000030079983,112.38943
2021-07-01 23:00:00,aqi,PIIANN,297.9999971586746,276.5133
2025-11-02 20:00:00,aqi,PIIANN,100.00000030079983,107.52283
2025-09-07 14:00:00,aqi,PIIANN,29.000003697060876,32.21153
2022-10-04 04:00:00,aqi,PIIANN,49.99999617118682,55.394974
2024-06-09 06:00:00,aqi,PIIANN,100.00000030079983,126.28342
2025-05-07 15:00:00,aqi,PIIANN,100.00000030079983,109.87757
2024-05-11 20:00:00,aqi,PIIANN,100.00000030079983,121.344284
2023-10-10 13:00:00,aqi,PIIANN,162.0000015224414,166.72963
2022-11-10 03:00:00,aqi,PIIANN,72.00000091252545,85.278206
2023-12-07 08:00:00,aqi,PIIANN,100.00000030079983,58.21165
2025-08-02 17:00:00,aqi,PIIANN,100.00000030079983,145.22556
2023-11-02 17:00:00,aqi,PIIANN,241.9999964325866,245.78673
2022-06-04 11:00:00,aqi,PIIANN,110.00000015195279,111.590546
2025-10-05 13:00:00,aqi,PIIANN,61.99999911183321,70.923225
