target_timestamp,target,model,observed,predicted
2023-05-03 08:00:00,pm25,PIIANN,128.33333,104.1793
2024-10-01 21:00:00,pm25,PIIANN,315.67,283.13315
2022-10-03 09:00:00,pm25,PIIANN,126.33,108.18775
2021-03-09 18:00:00,pm25,PIIANN,34.0,41.984764
2021-02-08 08:00:00,pm25,PIIANN,77.0,50.94104
2024-02-02 19:00:00,pm25,PIIANN,216.5,164.01808
2021-08-04 10:00:00,pm25,PIIANN,105.25,76.71454
2023-12-02 15:00:00,pm25,PIIANN,20.749998,53.224525
2025-11-09 07:00:00,pm25,PIIANN,81.0,58.911617
2023-08-04 14:00:00,pm25,PIIANN,17.999998,32.22551
2023-06-01 14:00:00,pm25,PIIANN,279.0,159.03633
2022-05-02 12:00:00,pm25,PIIANN,160.0,134.75793
2022-09-12 05:00:00,pm25,PIIANN,235.67,242.47762
2021-04-03 14:00:00,pm25,PIIANN,78.5,79.339455
2024-10-05 03:00:00,pm25,PIIANN,83.0,97.65858
2022-05-01 13:00:00,pm25,PIIANN,424.75,437.9454
2022-03-06 19:00:00,pm25,PIIANN,64.75,72.412735
2023-12-07 20:00:00,pm25,PIIANN,25.499998,35.457092
2021-10-12 04:00:00,pm25,PIIANN,225.0,235.23183
2022-09-08 08:00:00,pm25,PIIANN,143.0,64.23196
2025-12-10 20:00:00,pm25,PIIANN,137.0,113.458534
2025-03-05 09:00:00,pm25,PIIANN,133.0,150.06526
2021-09-05 04:00:00,pm25,PIIANN,46.75,41.113922
2024-10-12 11:00:00,pm25,PIIANN,142.0,107.32162
2022-11-10 09:00:00,pm25,PIIANN,50.67,47.499428
2021-02-10 00:00:00,pm25,PIIANN,85.0,48.155113
2021-04-09 21:00:00,pm25,PIIANN,69.25,54.395424
2022-08-09 18:00:00,pm25,PIIANN,106.33,60.259823
2023-01-10 14:00:00,pm25,PIIANN,44.5,49.948982
2024-11-10 22:00:00,pm25,PIIANN,59.0,89.54106
2021-11-05 00:00:00,pm25,PIIANN,99.5,111.30269
2021-05-11 19:00:00,pm25,PIIANN,643.0,487.15195
2022-10-10 10:00:00,pm25,PIIANN,8.669997,33.41294
2022-04-12 06:00:00,pm25,PIIANN,346.5,399.27386
2023-12-07 21:00:00,pm25,PIIANN,33.0,38.45806
2024-02-09 16:00:00,pm25,PIIANN,17.999998,35.156586
2021-05-04 23:00:00,pm25,PIIANN,205.75,147.26872
2023-08-07 00:00:00,pm25,PIIANN,31.333334,90.04359
2021-03-09 19:00:00,pm25,PIIANN,37.5,51.444496
2022-07-05 14:00:00,pm25,PIIANN,78.5,63.32897
2025-05-12 01:00:00,pm25,PIIANN,475.0,293.37006
2022-07-05 03:00:00,pm25,PIIANN,51.75,78.79763
2023-04-04 06:00:00,pm25,PIIANN,28.999998,71.673294
2021-08-11 00:00:00,pm25,PIIANN,328.0,219.97633
2022-09-08 15:00:00,pm25,PIIANN,35.25,25.27674
2024-12-09 08:00:00,pm25,PIIANN,10.999999,26.956945
2022-04-06 22:00:00,pm25,PIIANN,137.0,192.49022
2023-06-12 12:00:00,pm25,PIIANN,142.33333,175.86765
2024-12-08 12:00:00,pm25,PIIANN,28.999998,35.789436
2021-01-04 02:00:00,pm25,PIIANN,61.25,46.23478
2025-05-05 12:00:00,pm25,PIIANN,42.0,46.16172
2024-03-05 12:00:00,pm25,PIIANN,44.75,82.12322
2022-12-06 02:00:00,pm25,PIIANN,89.75,77.52203
2025-07-04 07:00:00,pm25,PIIANN,192.0,245.1426
2024-02-04 21:00:00,pm25,PIIANN,108.25,114.518715
2022-11-04 00:00:00,pm25,PIIANN,172.33,152.03035
2025-09-02 07:00:00,pm25,PIIANN,134.0,136.71916
2021-09-11 12:00:00,pm25,PIIANN,346.25,358.75787
2021-05-10 01:00:00,pm25,PIIANN,47.5,112.98355
2021-01-12 19:00:00,pm25,PIIANN,403.75,384.53357
2022-06-12 21:00:00,pm25,PIIANN,145.79794,214.85953
2023-05-08 02:00:00,pm25,PIIANN,56.545456,40.923683
2025-11-11 20:00:00,pm25,PIIANN,261.0,402.4793
2025-02-04 07:00:00,pm25,PIIANN,284.0,235.91698
2025-07-05 07:00:00,pm25,PIIANN,108.0,97.011734
2022-08-06 15:00:00,pm25,PIIANN,36.33,65.40146
2022-02-07 08:00:00,pm25,PIIANN,132.5,91.716774
2022-02-03 07:00:00,pm25,PIIANN,209.0,172.4046
2025-02-06 07:00:00,pm25,PIIANN,56.0,54.953423
2022-10-08 07:00:00,pm25,PIIANN,116.33,57.41376
2021-04-01 09:00:00,pm25,PIIANN,169.25,100.20227
2023-08-05 04:00:00,pm25,PIIANN,84.0,75.575966
2025-10-11 21:00:00,pm25,PIIANN,389.0,341.3625
2022-12-12 02:00:00,pm25,PIIANN,92.0,106.354454
2021-04-08 20:00:00,pm25,PIIANN,49.5,33.645554
2023-07-09 18:00:00,pm25,PIIANN,38.75,59.89244
2021-06-05 15:00:00,pm25,PIIANN,52.75,26.737898
2023-04-10 19:00:00,pm25,PIIANN,125.5,96.375206
2025-09-07 16:00:00,pm25,PIIANN,28.999998,41.568512
2022-11-08 05:00:00,pm25,PIIANN,13.330001,8.193168
2023-04-05 08:00:00,pm25,PIIANN,101.333336,62.105473
2023-09-10 10:00:00,pm25,PIIANN,50.0,64.76877
2024-07-03 23:00:00,pm25,PIIANN,96.33,114.43087
2023-02-09 01:00:00,pm25,PIIANN,43.0,36.104187
2025-04-02 18:00:00,pm25,PIIANN,253.0,156.47644
2021-09-12 15:00:00,pm25,PIIANN,149.5,151.04175
2024-11-09 19:00:00,pm25,PIIANN,67.0,45.728218
2023-07-11 02:00:00,pm25,PIIANN,373.66666,461.9079
2025-08-07 05:00:00,pm25,PIIANN,34.0,61.887257
2025-01-02 19:00:00,pm25,PIIANN,264.0,232.61534
2024-10-03 08:00:00,pm25,PIIANN,166.75,147.41656
2022-09-07 17:00:00,pm25,PIIANN,15.499999,45.447983
2024-08-10 23:00:00,pm25,PIIANN,102.0,108.732285
2024-10-03 21:00:00,pm25,PIIANN,100.0,120.127556
2025-06-11 04:00:00,pm25,PIIANN,230.0,190.88954
2025-05-03 02:00:00,pm25,PIIANN,41.0,65.47819
2022-09-04 07:00:00,pm25,PIIANN,228.25,193.18541
2024-11-03 02:00:00,pm25,PIIANN,129.67,112.07802
2023-11-11 09:00:00,pm25,PIIANN,127.0,100.92366
2021-03-03 13:00:00,pm25,PIIANN,85.0,88.023445
2022-06-04 01:00:00,pm25,PIIANN,128.67,143.96361
2022-03-11 17:00:00,pm25,PIIANN,288.0,341.60846
2021-11-04 09:00:00,pm25,PIIANN,115.0,116.40407
2023-01-07 07:00:00,pm25,PIIANN,27.999998,28.347044
2024-02-03 03:00:00,pm25,PIIANN,27.999998,62.85552
2024-07-08 07:00:00,pm25,PIIANN,10.666671,77.608574
2021-11-06 15:00:00,pm25,PIIANN,47.5,43.139977
2021-12-04 17:00:00,pm25,PIIANN,36.5,32.062378
2022-01-12 04:00:00,pm25,PIIANN,257.0,269.78763
2022-06-04 17:00:00,pm25,PIIANN,31.999998,40.861313
2022-11-05 18:00:00,pm25,PIIANN,68.0,64.06954
2021-04-09 20:00:00,pm25,PIIANN,56.5,51.19622
2022-07-11 12:00:00,pm25,PIIANN,170.0,194.84677
2022-05-03 12:00:00,pm25,PIIANN,68.75,74.27255
2024-05-06 08:00:00,pm25,PIIANN,57.0,94.94856
2025-06-03 13:00:00,pm25,PIIANN,41.0,61.525093
2022-03-06 02:00:00,pm25,PIIANN,108.5,112.86664
2024-06-02 21:00:00,pm25,PIIANN,361.75,247.99342
2022-11-01 21:00:00,pm25,PIIANN,170.33,186.7343
2023-11-06 03:00:00,pm25,PIIANN,24.666662,24.287786
2021-05-07 06:00:00,pm25,PIIANN,91.5,58.59378
2023-03-11 19:00:00,pm25,PIIANN,246.5,244.35295
2024-03-01 19:00:00,pm25,PIIANN,327.0,238.26328
2025-03-09 14:00:00,pm25,PIIANN,68.0,55.354286
2023-09-05 10:00:00,pm25,PIIANN,185.0,144.05954
2022-02-11 20:00:00,pm25,PIIANN,421.5,490.7181
2022-11-06 10:00:00,pm25,PIIANN,54.5,85.40098
2022-04-07 18:00:00,pm25,PIIANN,74.0,49.37178
2022-10-12 23:00:00,pm25,PIIANN,319.33,302.67682
2022-05-04 11:00:00,pm25,PIIANN,102.25,104.851776
2024-06-07 17:00:00,pm25,PIIANN,21.999998,37.27983
2021-04-02 16:00:00,pm25,PIIANN,70.0,77.645805
2024-02-08 02:00:00,pm25,PIIANN,51.0,51.44281
2022-10-07 07:00:00,pm25,PIIANN,43.5,33.151016
2023-02-12 08:00:00,pm25,PIIANN,272.0,309.3258
2024-08-06 10:00:00,pm25,PIIANN,51.0,60.572605
2021-02-06 09:00:00,pm25,PIIANN,78.75,53.987167
2021-03-02 04:00:00,pm25,PIIANN,245.0,279.82483
2023-06-08 14:00:00,pm25,PIIANN,31.333334,27.399748
2022-01-04 22:00:00,pm25,PIIANN,182.5,192.64554
2023-06-05 04:00:00,pm25,PIIANN,184.0,161.21214
2023-07-07 10:00:00,pm25,PIIANN,29.666662,35.546562
2023-02-02 11:00:00,pm25,PIIANN,103.5,114.73601
2023-02-04 22:00:00,pm25,PIIANN,113.0,103.449066
2021-02-12 16:00:00,pm25,PIIANN,269.0,277.23816
2022-12-04 06:00:00,pm25,PIIANN,147.0,144.13724
2022-12-05 02:00:00,pm25,PIIANN,48.33,17.966757
2022-11-11 06:00:00,pm25,PIIANN,424.25,357.50052
2022-05-11 02:00:00,pm25,PIIANN,214.0,290.19067
2021-10-08 07:00:00,pm25,PIIANN,38.5,50.01223
2023-01-07 17:00:00,pm25,PIIANN,10.999999,31.429441
2023-03-08 10:00:00,pm25,PIIANN,43.0,33.905807
2022-05-12 13:00:00,pm25,PIIANN,83.0,99.27279
2022-01-12 06:00:00,pm25,PIIANN,230.0,230.70506
2021-07-07 00:00:00,pm25,PIIANN,60.0,107.88547
2022-09-09 12:00:00,pm25,PIIANN,63.330006,58.391804
2021-01-07 11:00:00,pm25,PIIANN,58.000004,65.48769
2021-01-07 03:00:00,pm25,PIIANN,33.5,35.9271
2023-09-11 19:00:00,pm25,PIIANN,448.0,400.52258
2021-03-07 16:00:00,pm25,PIIANN,51.25,44.144783
2025-03-05 10:00:00,pm25,PIIANN,130.0,130.33397
2024-03-11 13:00:00,pm25,PIIANN,230.0,261.73984
2022-01-02 22:00:00,pm25,PIIANN,259.33,237.26657
2022-09-05 13:00:00,pm25,PIIANN,54.0,50.216194
2022-02-10 12:00:00,pm25,PIIANN,60.330006,75.00096
2025-04-07 09:00:00,pm25,PIIANN,19.999998,36.40703
2021-12-02 16:00:00,pm25,PIIANN,264.0,245.23471
2025-03-05 17:00:00,pm25,PIIANN,91.0,26.758986
2025-05-08 21:00:00,pm25,PIIANN,31.999998,51.24691
2024-12-07 00:00:00,pm25,PIIANN,110.888885,95.4875
2021-03-09 01:00:00,pm25,PIIANN,34.5,43.40046
2024-10-03 23:00:00,pm25,PIIANN,77.33,98.847336
2021-02-11 07:00:00,pm25,PIIANN,242.5,211.5681
2022-09-07 19:00:00,pm25,PIIANN,10.999999,41.734657
2021-11-05 06:00:00,pm25,PIIANN,89.0,71.665634
2024-04-02 13:00:00,pm25,PIIANN,150.33,149.2632
2025-12-09 15:00:00,pm25,PIIANN,98.5,43.839577
2021-06-07 17:00:00,pm25,PIIANN,48.0,45.933388
2023-02-04 04:00:00,pm25,PIIANN,94.0,80.88113
2025-06-10 05:00:00,pm25,PIIANN,28.999998,48.978203
2023-06-01 18:00:00,pm25,PIIANN,287.25,314.74936
2022-02-04 20:00:00,pm25,PIIANN,127.25,152.7869
2025-02-09 12:00:00,pm25,PIIANN,59.0,29.962622
2021-03-09 15:00:00,pm25,PIIANN,22.999998,30.641844
2025-09-02 19:00:00,pm25,PIIANN,159.0,178.88788
2023-09-04 16:00:00,pm25,PIIANN,20.333334,23.552961
2024-11-04 03:00:00,pm25,PIIANN,139.0,165.27345
2023-06-07 03:00:00,pm25,PIIANN,47.0,33.746628
2023-03-10 20:00:00,pm25,PIIANN,130.0,122.22504
2022-02-06 06:00:00,pm25,PIIANN,111.0,108.62778
2025-07-11 05:00:00,pm25,PIIANN,516.0,350.9433
2021-11-10 01:00:00,pm25,PIIANN,49.875,108.64083
2025-09-05 22:00:00,pm25,PIIANN,115.0,165.56085
2025-07-11 08:00:00,pm25,PIIANN,342.0,330.01376
2024-05-04 09:00:00,pm25,PIIANN,90.0,106.20984
2023-04-06 20:00:00,pm25,PIIANN,70.666664,92.3083
2024-12-09 04:00:00,pm25,PIIANN,39.0,38.857185
2021-01-02 14:00:00,pm25,PIIANN,215.25,275.43484
2025-02-01 23:00:00,pm25,PIIANN,375.0,333.6347
2024-07-02 11:00:00,pm25,PIIANN,77.5,101.59571
2022-05-04 19:00:00,pm25,PIIANN,78.0,112.25176
2021-08-11 06:00:00,pm25,PIIANN,484.5,414.7485
2025-01-09 22:00:00,pm25,PIIANN,43.5,7.2488465
2023-09-09 15:00:00,pm25,PIIANN,15.333335,24.746077
2023-02-10 05:00:00,pm25,PIIANN,109.25,74.03611
2024-01-03 21:00:00,pm25,PIIANN,156.67,163.6156
2024-10-01 17:00:00,pm25,PIIANN,210.67,170.86287
2021-05-09 14:00:00,pm25,PIIANN,38.25,46.374397
2024-01-11 21:00:00,pm25,PIIANN,372.75,332.8611
2025-09-12 10:00:00,pm25,PIIANN,174.0,143.22041
2025-06-04 08:00:00,pm25,PIIANN,236.0,237.24911
2021-06-10 17:00:00,pm25,PIIANN,35.0,38.814064
2024-11-10 08:00:00,pm25,PIIANN,97.0,101.47584
2022-08-07 08:00:00,pm25,PIIANN,66.0,37.434822
2024-06-05 02:00:00,pm25,PIIANN,129.75,168.24976
2021-07-05 15:00:00,pm25,PIIANN,38.5,42.08223
2024-06-09 15:00:00,pm25,PIIANN,30.999998,31.896826
2024-05-09 17:00:00,pm25,PIIANN,63.999996,42.866676
2021-07-04 03:00:00,pm25,PIIANN,90.75,126.38199
2022-01-04 14:00:00,pm25,PIIANN,17.749998,37.08596
2023-12-09 12:00:00,pm25,PIIANN,44.5,34.597305
2023-11-10 17:00:00,pm25,PIIANN,42.25,38.605225
2024-02-05 18:00:00,pm25,PIIANN,40.0,53.89872
2025-06-04 07:00:00,pm25,PIIANN,307.0,241.32127
2021-10-07 11:00:00,pm25,PIIANN,34.0,27.308493
2023-01-05 17:00:00,pm25,PIIANN,48.0,39.63138
2025-12-10 03:00:00,pm25,PIIANN,107.0,107.5669
2024-11-01 20:00:00,pm25,PIIANN,373.0,337.54898
2022-07-10 19:00:00,pm25,PIIANN,38.5,45.679756
2021-06-09 11:00:00,pm25,PIIANN,83.0,80.02522
2022-12-07 16:00:00,pm25,PIIANN,9.999999,25.759665
2025-01-09 11:00:00,pm25,PIIANN,86.0,72.02423
2022-09-05 16:00:00,pm25,PIIANN,56.25,46.018913
2022-04-09 10:00:00,pm25,PIIANN,28.999998,33.262657
2021-05-06 12:00:00,pm25,PIIANN,29.999998,33.63037
2025-12-04 19:00:00,pm25,PIIANN,51.0,63.375793
2022-06-01 13:00:00,pm25,PIIANN,100.25,112.96391
2023-04-11 22:00:00,pm25,PIIANN,516.0,468.47656
2025-07-12 06:00:00,pm25,PIIANN,206.0,150.71588
2022-04-04 02:00:00,pm25,PIIANN,212.25,228.27312
2022-03-06 11:00:00,pm25,PIIANN,57.0,72.871735
2021-12-07 12:00:00,pm25,PIIANN,42.0,16.669905
2021-07-09 15:00:00,pm25,PIIANN,50.75,40.589287
2023-10-13 02:00:00,pm25,PIIANN,221.28555,235.31398
2022-04-10 10:00:00,pm25,PIIANN,95.0,97.58477
2023-11-06 13:00:00,pm25,PIIANN,11.333343,29.565916
2023-08-10 22:00:00,pm25,PIIANN,150.66667,109.93926
2024-07-11 00:00:00,pm25,PIIANN,329.0,129.13414
2023-10-10 23:00:00,pm25,PIIANN,134.75,196.16666
2023-11-05 04:00:00,pm25,PIIANN,312.75,231.932
2023-07-12 19:00:00,pm25,PIIANN,261.0,244.46988
2021-10-08 08:00:00,pm25,PIIANN,47.5,49.774384
2025-12-01 22:00:00,pm25,PIIANN,251.25,277.48862
2021-09-02 03:00:00,pm25,PIIANN,274.0,241.19437
2022-01-11 08:00:00,pm25,PIIANN,384.75,443.8261
2023-01-09 01:00:00,pm25,PIIANN,43.0,27.946135
2022-03-08 12:00:00,pm25,PIIANN,71.0,60.16383
2024-11-02 00:00:00,pm25,PIIANN,195.0,270.4885
2022-03-02 07:00:00,pm25,PIIANN,201.0,176.60838
2021-08-06 00:00:00,pm25,PIIANN,107.25,77.863235
2024-11-05 06:00:00,pm25,PIIANN,56.0,98.2905
2025-12-12 00:00:00,pm25,PIIANN,384.0,350.42563
2021-12-02 01:00:00,pm25,PIIANN,207.0,237.70432
2022-07-04 19:00:00,pm25,PIIANN,109.33,145.09631
2024-06-04 06:00:00,pm25,PIIANN,152.75,146.88437
2024-02-12 19:00:00,pm25,PIIANN,151.0,175.34465
2023-02-08 14:00:00,pm25,PIIANN,27.666662,18.8169
2024-02-05 00:00:00,pm25,PIIANN,79.5,82.28715
2025-10-03 00:00:00,pm25,PIIANN,152.0,162.08089
2022-01-07 11:00:00,pm25,PIIANN,47.33,44.232002
2024-05-05 23:00:00,pm25,PIIANN,176.0,177.9896
2023-10-11 20:00:00,pm25,PIIANN,143.75,113.76584
2022-12-03 10:00:00,pm25,PIIANN,123.67,140.56413
2023-02-07 08:00:00,pm25,PIIANN,37.333336,31.615118
2023-09-03 08:00:00,pm25,PIIANN,73.0,73.11595
2022-06-11 20:00:00,pm25,PIIANN,263.33,296.3456
2025-06-05 07:00:00,pm25,PIIANN,136.0,84.73992
2022-05-11 11:00:00,pm25,PIIANN,209.5,220.65276
2022-11-09 02:00:00,pm25,PIIANN,30.499998,38.47117
2024-03-11 14:00:00,pm25,PIIANN,167.0,180.26973
2021-08-07 18:00:00,pm25,PIIANN,47.5,44.290367
2021-07-02 04:00:00,pm25,PIIANN,217.5,210.05026
2023-03-10 00:00:00,pm25,PIIANN,88.5,54.061165
2025-04-05 06:00:00,pm25,PIIANN,214.0,241.62396
2021-04-11 09:00:00,pm25,PIIANN,408.0,372.12787
2021-07-10 20:00:00,pm25,PIIANN,82.333336,115.09723
2021-07-03 11:00:00,pm25,PIIANN,144.25,167.40503
2025-03-09 11:00:00,pm25,PIIANN,68.25,45.831604
2022-10-03 18:00:00,pm25,PIIANN,77.33,85.50805
2021-09-03 00:00:00,pm25,PIIANN,187.0,402.2377
2021-09-05 00:00:00,pm25,PIIANN,73.75,103.445244
2025-02-07 20:00:00,pm25,PIIANN,24.999998,37.93548
2024-02-01 22:00:00,pm25,PIIANN,287.67,331.90717
2022-10-07 23:00:00,pm25,PIIANN,44.75,49.77366
2024-05-06 11:00:00,pm25,PIIANN,72.0,83.920204
2024-01-07 09:00:00,pm25,PIIANN,50.0,52.07283
2022-03-02 13:00:00,pm25,PIIANN,161.75,126.31892
2024-08-12 04:00:00,pm25,PIIANN,232.99998,179.30821
2025-07-04 17:00:00,pm25,PIIANN,59.0,65.041794
2022-12-04 23:00:00,pm25,PIIANN,129.67,126.54066
2024-04-12 18:00:00,pm25,PIIANN,97.0,80.72122
2021-10-08 14:00:00,pm25,PIIANN,30.249998,44.37583
2025-11-12 02:00:00,pm25,PIIANN,304.0,234.82582
2022-10-08 06:00:00,pm25,PIIANN,77.33,45.705925
2023-08-04 12:00:00,pm25,PIIANN,22.999998,40.62594
2022-02-07 11:00:00,pm25,PIIANN,48.33,66.977455
2025-08-04 06:00:00,pm25,PIIANN,114.0,92.86577
2023-03-03 07:00:00,pm25,PIIANN,124.25,96.79434
2025-12-03 04:00:00,pm25,PIIANN,140.0,157.07533
2025-09-06 18:00:00,pm25,PIIANN,54.0,84.57747
2023-11-03 20:00:00,pm25,PIIANN,89.0,151.13722
2023-06-08 13:00:00,pm25,PIIANN,38.66667,26.344625
2022-10-04 13:00:00,pm25,PIIANN,43.33,58.033524
2025-12-11 23:00:00,pm25,PIIANN,365.0,399.54492
2025-02-07 08:00:00,pm25,PIIANN,59.0,76.756386
2022-02-05 08:00:00,pm25,PIIANN,63.330006,69.843575
2023-10-07 09:00:00,pm25,PIIANN,72.0,29.382719
2022-08-03 03:00:00,pm25,PIIANN,206.67,192.90456
2023-11-09 04:00:00,pm25,PIIANN,8.666678,21.34126
2025-06-07 03:00:00,pm25,PIIANN,37.0,41.729004
2021-02-09 15:00:00,pm25,PIIANN,8.000007,21.450445
2021-05-07 13:00:00,pm25,PIIANN,51.0,56.670364
2021-03-01 23:00:00,pm25,PIIANN,127.0,131.14552
2021-02-08 13:00:00,pm25,PIIANN,19.999998,32.1772
2023-06-02 19:00:00,pm25,PIIANN,154.66667,161.57016
2023-09-10 09:00:00,pm25,PIIANN,58.000004,72.88543
2022-07-06 01:00:00,pm25,PIIANN,64.33,109.370995
2021-10-06 17:00:00,pm25,PIIANN,53.0,49.22152
2023-02-08 05:00:00,pm25,PIIANN,22.999998,12.999877
2025-07-08 06:00:00,pm25,PIIANN,37.0,47.667862
2022-09-02 15:00:00,pm25,PIIANN,39.5,56.589836
2021-08-11 05:00:00,pm25,PIIANN,480.0,432.1202
2021-12-09 11:00:00,pm25,PIIANN,31.749998,34.7548
2025-05-10 11:00:00,pm25,PIIANN,57.0,55.31716
2024-03-12 07:00:00,pm25,PIIANN,208.0,225.2966
2025-09-02 13:00:00,pm25,PIIANN,130.0,97.4942
2025-01-06 23:00:00,pm25,PIIANN,63.0,49.440094
2022-06-12 07:00:00,pm25,PIIANN,210.75,200.92894
2024-12-09 20:00:00,pm25,PIIANN,28.999998,31.617117
2021-07-06 20:00:00,pm25,PIIANN,79.75,78.67273
2021-10-09 21:00:00,pm25,PIIANN,21.249998,42.825607
2025-07-01 22:00:00,pm25,PIIANN,356.0,334.23978
2025-12-08 15:00:00,pm25,PIIANN,73.0,35.67472
2021-09-03 14:00:00,pm25,PIIANN,91.0,84.981224
2021-09-10 17:00:00,pm25,PIIANN,52.5,38.559273
2021-06-10 13:00:00,pm25,PIIANN,43.5,51.51021
2023-03-01 20:00:00,pm25,PIIANN,443.33334,421.31967
2025-06-10 09:00:00,pm25,PIIANN,37.0,47.51021
2021-07-07 08:00:00,pm25,PIIANN,95.5,112.4627
2024-07-05 19:00:00,pm25,PIIANN,88.0,106.803276
2022-09-11 13:00:00,pm25,PIIANN,94.0,76.41697
2024-01-04 12:00:00,pm25,PIIANN,45.0,54.679726
2022-11-03 15:00:00,pm25,PIIANN,41.33,50.199875
2024-11-05 22:00:00,pm25,PIIANN,121.0,88.660995
2024-08-10 08:00:00,pm25,PIIANN,185.0,134.41422
2025-05-03 04:00:00,pm25,PIIANN,40.0,69.26931
2021-07-03 19:00:00,pm25,PIIANN,67.5,70.58189
2025-06-12 03:00:00,pm25,PIIANN,197.0,170.49413
2024-07-02 09:00:00,pm25,PIIANN,141.0,156.02457
2025-12-03 05:00:00,pm25,PIIANN,151.0,152.44122
2021-12-08 15:00:00,pm25,PIIANN,29.999998,38.52777
2025-10-11 00:00:00,pm25,PIIANN,300.0,219.38832
2021-04-06 02:00:00,pm25,PIIANN,124.75,93.18349
2022-03-07 16:00:00,pm25,PIIANN,11.66999,35.45115
2025-09-04 21:00:00,pm25,PIIANN,144.0,201.47089
2021-11-09 18:00:00,pm25,PIIANN,11.999999,36.476707
2024-01-09 17:00:00,pm25,PIIANN,27.999998,32.63388
2025-12-11 20:00:00,pm25,PIIANN,322.0,430.03186
2024-02-01 11:00:00,pm25,PIIANN,156.33,176.67287
2021-02-10 11:00:00,pm25,PIIANN,59.750004,50.892487
2024-12-02 16:00:00,pm25,PIIANN,118.75,118.14734
2025-07-07 13:00:00,pm25,PIIANN,14.999999,33.617714
2022-05-12 18:00:00,pm25,PIIANN,83.0,196.1028
2021-08-04 11:00:00,pm25,PIIANN,83.75,62.652214
2021-02-07 22:00:00,pm25,PIIANN,39.25,40.01819
2021-12-10 02:00:00,pm25,PIIANN,79.111115,105.82139
2021-06-11 02:00:00,pm25,PIIANN,464.5,408.19785
2022-12-05 20:00:00,pm25,PIIANN,88.33,110.01925
2024-08-04 09:00:00,pm25,PIIANN,184.0,170.3379
2025-07-10 10:00:00,pm25,PIIANN,27.999998,38.429787
2024-10-04 13:00:00,pm25,PIIANN,65.0,68.235054
2024-09-04 03:00:00,pm25,PIIANN,141.0,120.99493
2025-01-12 11:00:00,pm25,PIIANN,197.0,174.05016
2021-09-06 18:00:00,pm25,PIIANN,68.0,73.714836
2025-05-08 04:00:00,pm25,PIIANN,43.0,32.13764
2021-04-12 21:00:00,pm25,PIIANN,208.25,342.1051
2025-08-03 02:00:00,pm25,PIIANN,111.0,116.69489
2025-02-04 14:00:00,pm25,PIIANN,39.0,46.47084
2025-05-07 22:00:00,pm25,PIIANN,30.999998,48.044464
2022-03-12 03:00:00,pm25,PIIANN,283.5,353.69266
2021-01-12 14:00:00,pm25,PIIANN,302.0,360.6134
2022-02-03 01:00:00,pm25,PIIANN,146.0,201.29135
2021-05-12 13:00:00,pm25,PIIANN,152.25,153.20468
2023-11-07 12:00:00,pm25,PIIANN,49.25,29.057981
2023-06-05 08:00:00,pm25,PIIANN,295.33334,243.10008
2024-10-12 14:00:00,pm25,PIIANN,48.0,46.273933
2022-07-09 02:00:00,pm25,PIIANN,39.67,46.190056
2021-06-02 14:00:00,pm25,PIIANN,57.0,81.81536
2025-02-03 17:00:00,pm25,PIIANN,29.999998,43.230293
2024-12-04 15:00:00,pm25,PIIANN,47.0,46.794388
2024-10-07 02:00:00,pm25,PIIANN,120.52,120.91193
2022-09-06 03:00:00,pm25,PIIANN,58.000004,41.262672
2024-01-07 19:00:00,pm25,PIIANN,38.0,64.90397
2024-05-07 16:00:00,pm25,PIIANN,2.9999988,33.893097
2021-06-08 16:00:00,pm25,PIIANN,16.749998,26.455519
2024-02-01 18:00:00,pm25,PIIANN,322.67,221.33635
2023-03-02 01:00:00,pm25,PIIANN,216.35898,157.79897
2024-10-03 07:00:00,pm25,PIIANN,139.75,139.16628
2022-06-06 09:00:00,pm25,PIIANN,83.0,56.9877
2023-08-12 16:00:00,pm25,PIIANN,100.0,121.29864
2025-03-05 01:00:00,pm25,PIIANN,180.0,141.16818
2024-12-10 16:00:00,pm25,PIIANN,36.0,58.136158
2023-04-11 04:00:00,pm25,PIIANN,377.0,383.73807
2022-01-09 06:00:00,pm25,PIIANN,55.67,52.592064
2022-05-02 05:00:00,pm25,PIIANN,111.75,109.92746
2023-09-05 04:00:00,pm25,PIIANN,142.0,105.44602
2023-05-12 20:00:00,pm25,PIIANN,190.0,198.7142
2021-04-06 03:00:00,pm25,PIIANN,136.25,103.627815
2023-09-12 06:00:00,pm25,PIIANN,191.0,194.95003
2025-10-02 17:00:00,pm25,PIIANN,62.0,72.39966
2023-08-03 10:00:00,pm25,PIIANN,191.66667,172.7871
2023-11-12 23:00:00,pm25,PIIANN,320.25,305.58127
2022-07-08 15:00:00,pm25,PIIANN,28.999998,36.624886
2023-05-13 01:00:00,pm25,PIIANN,206.03355,205.08307
2021-05-10 03:00:00,pm25,PIIANN,24.249998,65.1557
2022-12-05 06:00:00,pm25,PIIANN,61.33,46.44197
2022-08-02 21:00:00,pm25,PIIANN,456.0,377.95612
2022-11-05 22:00:00,pm25,PIIANN,69.33,67.34784
2021-06-11 11:00:00,pm25,PIIANN,325.0,315.07162
2021-03-09 03:00:00,pm25,PIIANN,3.4999912,31.191923
2025-02-11 07:00:00,pm25,PIIANN,83.0,86.03471
2023-05-04 07:00:00,pm25,PIIANN,96.0,101.48426
2022-11-07 16:00:00,pm25,PIIANN,18.999998,36.77893
2022-11-10 17:00:00,pm25,PIIANN,41.67,38.882637
2021-08-04 16:00:00,pm25,PIIANN,21.249998,32.941994
2023-06-11 21:00:00,pm25,PIIANN,306.66666,406.88904
2023-01-11 17:00:00,pm25,PIIANN,100.0,107.47105
2023-10-03 03:00:00,pm25,PIIANN,129.0,94.25045
2025-09-07 22:00:00,pm25,PIIANN,5.9999986,31.214445
2022-03-03 19:00:00,pm25,PIIANN,147.0,130.95224
2024-10-08 09:00:00,pm25,PIIANN,58.000004,45.294975
2025-01-11 18:00:00,pm25,PIIANN,182.0,200.85368
2024-04-07 01:00:00,pm25,PIIANN,15.999999,49.392517
2024-04-11 04:00:00,pm25,PIIANN,288.0,285.94696
2021-05-01 15:00:00,pm25,PIIANN,160.0,99.586136
2025-07-09 07:00:00,pm25,PIIANN,62.0,72.11312
2025-01-09 00:00:00,pm25,PIIANN,38.545456,39.648575
2021-11-05 03:00:00,pm25,PIIANN,93.5,71.722176
2024-12-08 19:00:00,pm25,PIIANN,58.000004,52.482674
2021-09-09 14:00:00,pm25,PIIANN,30.749998,41.3441
2021-12-09 12:00:00,pm25,PIIANN,25.499998,31.188078
2022-05-04 15:00:00,pm25,PIIANN,23.33,42.781914
2021-01-03 03:00:00,pm25,PIIANN,141.5,119.886154
2021-01-10 08:00:00,pm25,PIIANN,80.0,65.6683
2022-02-04 09:00:00,pm25,PIIANN,144.5,171.3893
2024-11-11 05:00:00,pm25,PIIANN,253.0,253.80504
2024-11-08 17:00:00,pm25,PIIANN,22.999998,43.817566
2022-10-02 22:00:00,pm25,PIIANN,158.0,172.55817
2023-09-02 19:00:00,pm25,PIIANN,101.0,126.73716
2024-04-08 22:00:00,pm25,PIIANN,13.999999,37.916595
2023-04-11 05:00:00,pm25,PIIANN,83.0,390.19992
2024-09-05 08:00:00,pm25,PIIANN,41.0,76.695885
2024-02-12 06:00:00,pm25,PIIANN,277.0,201.24867
2021-09-06 21:00:00,pm25,PIIANN,92.5,160.21051
2022-11-12 11:00:00,pm25,PIIANN,169.33,171.71344
2021-02-09 18:00:00,pm25,PIIANN,28.499998,25.112692
2025-05-11 21:00:00,pm25,PIIANN,218.0,139.43935
2024-05-05 06:00:00,pm25,PIIANN,311.5,337.87524
2023-12-11 06:00:00,pm25,PIIANN,167.25,147.99524
2025-05-07 04:00:00,pm25,PIIANN,36.0,59.701725
2021-09-02 07:00:00,pm25,PIIANN,344.0,347.16763
2021-02-10 13:00:00,pm25,PIIANN,48.5,42.56714
2024-02-07 08:00:00,pm25,PIIANN,130.0,179.09096
2024-04-05 06:00:00,pm25,PIIANN,314.5,255.94504
2025-06-05 21:00:00,pm25,PIIANN,86.0,107.99741
2023-06-06 07:00:00,pm25,PIIANN,83.0,63.839268
2021-06-08 06:00:00,pm25,PIIANN,44.75,40.646988
2022-11-12 19:00:00,pm25,PIIANN,194.0,223.53465
2025-12-04 00:00:00,pm25,PIIANN,22.999998,99.37863
2021-08-05 06:00:00,pm25,PIIANN,152.25,123.14183
2025-11-07 22:00:00,pm25,PIIANN,73.0,64.68062
2022-03-05 05:00:00,pm25,PIIANN,67.33,68.145645
2021-08-07 00:00:00,pm25,PIIANN,44.0,188.51474
2022-03-02 06:00:00,pm25,PIIANN,184.25,164.16158
2021-08-08 22:00:00,pm25,PIIANN,38.25,47.920074
2025-08-12 14:00:00,pm25,PIIANN,97.0,92.11026
2025-03-09 23:00:00,pm25,PIIANN,84.0,43.632538
2022-02-13 02:00:00,pm25,PIIANN,293.34027,317.51535
2023-12-12 19:00:00,pm25,PIIANN,243.49998,281.5396
2025-11-07 12:00:00,pm25,PIIANN,45.0,48.61714
2025-08-06 17:00:00,pm25,PIIANN,60.0,69.26411
2025-09-09 04:00:00,pm25,PIIANN,113.0,131.413
2023-03-11 00:00:00,pm25,PIIANN,443.25,156.44615
2025-07-08 16:00:00,pm25,PIIANN,52.0,34.324097
2022-03-02 11:00:00,pm25,PIIANN,107.0,133.11403
2021-06-08 03:00:00,pm25,PIIANN,32.75,37.1612
2022-01-03 16:00:00,pm25,PIIANN,65.5,72.37258
2023-05-04 13:00:00,pm25,PIIANN,28.833334,38.669243
2021-01-12 08:00:00,pm25,PIIANN,322.0,300.49484
2024-02-02 23:00:00,pm25,PIIANN,157.0,164.80365
2022-03-01 23:00:00,pm25,PIIANN,467.0,425.96866
2025-11-12 10:00:00,pm25,PIIANN,194.0,204.93872
2021-08-06 21:00:00,pm25,PIIANN,165.5,255.95886
2025-02-06 04:00:00,pm25,PIIANN,71.0,50.09571
2025-11-08 13:00:00,pm25,PIIANN,83.0,45.903893
2025-03-07 02:00:00,pm25,PIIANN,40.0,53.02559
2025-03-13 00:00:00,pm25,PIIANN,197.4442,166.1814
2023-09-08 22:00:00,pm25,PIIANN,73.5,57.94748
2023-08-09 08:00:00,pm25,PIIANN,41.5,40.05542
2021-04-07 05:00:00,pm25,PIIANN,83.0,64.8969
2021-02-08 00:00:00,pm25,PIIANN,65.74999,7.1397996
2021-03-08 21:00:00,pm25,PIIANN,38.5,39.444496
2023-07-05 18:00:00,pm25,PIIANN,51.333336,47.98121
2023-12-12 16:00:00,pm25,PIIANN,159.5,186.31357
2021-08-11 07:00:00,pm25,PIIANN,487.0,442.42767
2025-02-04 03:00:00,pm25,PIIANN,136.0,149.6899
2024-06-12 00:00:00,pm25,PIIANN,170.0,271.72424
2022-10-01 23:00:00,pm25,PIIANN,180.67,165.78322
2025-07-12 04:00:00,pm25,PIIANN,183.0,126.621826
2021-02-07 07:00:00,pm25,PIIANN,47.0,43.883186
2025-02-07 05:00:00,pm25,PIIANN,59.0,77.788475
2021-08-07 05:00:00,pm25,PIIANN,55.5,56.004196
2025-12-07 19:00:00,pm25,PIIANN,83.0,47.925995
2022-11-10 22:00:00,pm25,PIIANN,148.67,160.47638
2024-06-07 21:00:00,pm25,PIIANN,23.999998,42.561127
2025-08-05 06:00:00,pm25,PIIANN,140.0,152.80286
2024-09-06 22:00:00,pm25,PIIANN,141.0,124.84259
2025-05-03 22:00:00,pm25,PIIANN,41.0,66.72273
2022-03-11 20:00:00,pm25,PIIANN,434.0,531.38025
2022-01-06 10:00:00,pm25,PIIANN,143.0,165.27548
2021-02-07 23:00:00,pm25,PIIANN,27.999998,14.425101
2021-01-03 23:00:00,pm25,PIIANN,114.5,122.19324
2023-03-09 16:00:00,pm25,PIIANN,37.66667,41.59938
2025-11-09 14:00:00,pm25,PIIANN,110.666664,58.4307
2022-03-07 08:00:00,pm25,PIIANN,36.67,38.091034
2021-08-09 04:00:00,pm25,PIIANN,24.999998,43.259125
2024-04-08 09:00:00,pm25,PIIANN,17.999998,37.47866
2025-04-08 04:00:00,pm25,PIIANN,37.0,48.752335
2025-07-07 16:00:00,pm25,PIIANN,9.999999,35.488716
2022-05-09 07:00:00,pm25,PIIANN,31.33,42.726387
2023-11-09 21:00:00,pm25,PIIANN,80.25,48.43007
2021-11-02 06:00:00,pm25,PIIANN,250.5,228.25342
2024-03-05 08:00:00,pm25,PIIANN,266.75,267.8155
2025-05-09 07:00:00,pm25,PIIANN,42.0,38.81108
2023-08-04 18:00:00,pm25,PIIANN,30.666662,33.558777
2022-11-03 11:00:00,pm25,PIIANN,86.33,99.75032
2021-04-11 16:00:00,pm25,PIIANN,336.0,305.03796
2023-07-12 15:00:00,pm25,PIIANN,150.0,150.57436
2023-02-10 17:00:00,pm25,PIIANN,42.75,42.93358
2023-07-01 18:00:00,pm25,PIIANN,351.0,353.2365
2023-05-09 07:00:00,pm25,PIIANN,33.25,39.618645
2023-09-07 20:00:00,pm25,PIIANN,26.749998,40.374046
2025-01-13 00:00:00,pm25,PIIANN,321.63895,303.74524
2025-09-10 23:00:00,pm25,PIIANN,81.0,133.94206
2024-08-04 21:00:00,pm25,PIIANN,100.33,139.85167
2022-09-06 17:00:00,pm25,PIIANN,35.67,62.33287
2023-09-05 19:00:00,pm25,PIIANN,96.25,136.73167
2024-03-01 23:00:00,pm25,PIIANN,380.0,326.09802
2025-08-05 11:00:00,pm25,PIIANN,91.0,109.24151
2024-10-06 09:00:00,pm25,PIIANN,68.0,61.09801
2021-12-10 07:00:00,pm25,PIIANN,83.0,149.5916
2023-07-09 19:00:00,pm25,PIIANN,53.5,61.72002
2025-08-08 16:00:00,pm25,PIIANN,62.0,42.774452
2022-02-05 20:00:00,pm25,PIIANN,67.33,83.91237
2021-04-10 23:00:00,pm25,PIIANN,44.0,57.933357
2025-12-08 01:00:00,pm25,PIIANN,104.0,74.49143
2023-03-02 09:00:00,pm25,PIIANN,83.0,124.075874
2024-01-05 06:00:00,pm25,PIIANN,56.5,75.03666
2023-01-02 05:00:00,pm25,PIIANN,78.75,81.72143
2025-07-03 02:00:00,pm25,PIIANN,106.0,135.21585
2024-10-01 18:00:00,pm25,PIIANN,271.67,206.4652
2025-08-08 17:00:00,pm25,PIIANN,43.0,45.213898
2021-11-05 15:00:00,pm25,PIIANN,42.0,20.43447
2022-11-11 15:00:00,pm25,PIIANN,42.67,86.39588
2024-01-09 00:00:00,pm25,PIIANN,51.0,51.191025
2022-01-06 02:00:00,pm25,PIIANN,150.75,208.79054
2022-08-10 10:00:00,pm25,PIIANN,28.999998,41.843285
2023-09-05 03:00:00,pm25,PIIANN,114.5,81.96751
2025-03-01 09:00:00,pm25,PIIANN,246.99998,242.12048
2025-11-03 07:00:00,pm25,PIIANN,321.0,222.20563
2025-10-09 17:00:00,pm25,PIIANN,70.0,49.02336
2024-01-02 07:00:00,pm25,PIIANN,40.5,48.474182
2025-09-02 23:00:00,pm25,PIIANN,255.0,231.65436
2023-06-07 12:00:00,pm25,PIIANN,14.333335,30.66673
2024-05-03 06:00:00,pm25,PIIANN,74.75,82.16663
2021-04-11 22:00:00,pm25,PIIANN,614.74994,525.2631
2025-12-09 13:00:00,pm25,PIIANN,84.5,54.08175
2021-09-10 23:00:00,pm25,PIIANN,83.0,226.96236
2025-11-12 22:00:00,pm25,PIIANN,459.0,416.26367
2023-12-08 06:00:00,pm25,PIIANN,30.999998,34.430626
2022-12-08 19:00:00,pm25,PIIANN,37.33,17.274572
2023-10-11 18:00:00,pm25,PIIANN,109.75,96.96865
2022-03-06 15:00:00,pm25,PIIANN,16.249998,33.926163
2024-03-08 12:00:00,pm25,PIIANN,21.999998,48.50876
2025-05-03 13:00:00,pm25,PIIANN,36.0,63.413265
2025-06-07 14:00:00,pm25,PIIANN,27.999998,37.314514
2023-12-03 08:00:00,pm25,PIIANN,184.0,214.34758
2024-12-03 23:00:00,pm25,PIIANN,74.0,97.689766
2025-08-04 00:00:00,pm25,PIIANN,162.0,162.26132
2025-08-07 12:00:00,pm25,PIIANN,34.0,49.301315
2022-09-08 10:00:00,pm25,PIIANN,56.0,47.969116
2024-09-10 04:00:00,pm25,PIIANN,136.0,109.72883
2025-02-10 04:00:00,pm25,PIIANN,69.0,60.830482
2025-12-07 21:00:00,pm25,PIIANN,83.0,62.65003
2024-03-08 18:00:00,pm25,PIIANN,17.999998,31.406843
2025-09-09 19:00:00,pm25,PIIANN,80.0,51.0337
2023-08-11 17:00:00,pm25,PIIANN,194.75,227.33334
2024-05-06 04:00:00,pm25,PIIANN,95.0,115.6668
2022-07-04 23:00:00,pm25,PIIANN,185.0,155.8129
2025-02-03 15:00:00,pm25,PIIANN,19.999998,40.7518
2023-08-10 08:00:00,pm25,PIIANN,63.999996,83.14192
2021-10-12 23:00:00,pm25,PIIANN,178.0,215.69072
2022-04-04 17:00:00,pm25,PIIANN,42.25,62.783016
2023-10-09 02:00:00,pm25,PIIANN,4.9999986,18.234526
2022-08-04 18:00:00,pm25,PIIANN,64.33,63.67047
2023-04-10 06:00:00,pm25,PIIANN,123.5,106.01594
2024-08-09 01:00:00,pm25,PIIANN,38.0,51.802216
2023-10-11 12:00:00,pm25,PIIANN,78.25,70.148
2022-01-04 02:00:00,pm25,PIIANN,72.0,98.97356
2023-08-12 21:00:00,pm25,PIIANN,311.0,325.50766
2024-01-06 06:00:00,pm25,PIIANN,101.0,85.043015
2022-06-11 17:00:00,pm25,PIIANN,179.16667,163.99297
2025-12-08 22:00:00,pm25,PIIANN,107.0,77.613396
2024-11-03 06:00:00,pm25,PIIANN,126.67,126.48916
2023-04-06 17:00:00,pm25,PIIANN,56.0,46.44628
2024-07-07 04:00:00,pm25,PIIANN,17.999998,30.569403
2021-04-08 21:00:00,pm25,PIIANN,53.5,37.372513
2024-05-08 12:00:00,pm25,PIIANN,17.999998,26.041082
2024-02-12 16:00:00,pm25,PIIANN,57.0,63.998936
2023-05-06 15:00:00,pm25,PIIANN,28.999998,37.145348
2025-02-05 22:00:00,pm25,PIIANN,104.0,94.71591
2025-09-04 16:00:00,pm25,PIIANN,79.0,102.45432
2023-05-03 20:00:00,pm25,PIIANN,108.0,98.02643
2024-11-02 21:00:00,pm25,PIIANN,254.0,312.34113
2023-06-05 13:00:00,pm25,PIIANN,17.666662,52.96721
2024-07-04 15:00:00,pm25,PIIANN,22.669996,16.408895
2025-10-01 23:00:00,pm25,PIIANN,251.5,275.0093
2022-11-02 05:00:00,pm25,PIIANN,96.75,99.21786
2022-02-12 12:00:00,pm25,PIIANN,191.5,216.3751
2021-02-06 01:00:00,pm25,PIIANN,70.75,78.20174
2023-06-02 00:00:00,pm25,PIIANN,393.0,296.549
2025-02-05 09:00:00,pm25,PIIANN,42.0,50.249527
2023-06-10 00:00:00,pm25,PIIANN,127.333336,52.511154
2022-03-04 01:00:00,pm25,PIIANN,181.25,245.27525
2025-11-05 14:00:00,pm25,PIIANN,51.0,48.876358
2024-08-10 21:00:00,pm25,PIIANN,116.0,123.84885
2022-04-09 08:00:00,pm25,PIIANN,35.0,40.192223
2023-03-01 13:00:00,pm25,PIIANN,269.0,264.3671
2025-10-05 01:00:00,pm25,PIIANN,147.0,106.56706
2025-01-12 17:00:00,pm25,PIIANN,95.0,89.80725
2023-10-08 06:00:00,pm25,PIIANN,32.25,32.93818
2024-03-12 21:00:00,pm25,PIIANN,136.0,173.34938
2022-02-05 14:00:00,pm25,PIIANN,51.67,63.48502
2025-04-06 22:00:00,pm25,PIIANN,48.0,69.77285
2021-11-08 03:00:00,pm25,PIIANN,24.749998,31.619917
2024-08-06 09:00:00,pm25,PIIANN,67.0,80.738045
2024-11-04 21:00:00,pm25,PIIANN,152.0,215.47638
2021-01-07 07:00:00,pm25,PIIANN,33.5,25.710814
2021-12-06 09:00:00,pm25,PIIANN,56.75,37.91606
2022-08-03 07:00:00,pm25,PIIANN,355.66998,280.2831
2022-01-03 23:00:00,pm25,PIIANN,201.25,208.06926
2023-04-01 18:00:00,pm25,PIIANN,280.5,244.58498
2022-09-11 15:00:00,pm25,PIIANN,101.67,77.694244
2022-07-05 16:00:00,pm25,PIIANN,67.5,60.193153
2022-09-01 17:00:00,pm25,PIIANN,137.0,94.15526
2023-11-08 15:00:00,pm25,PIIANN,39.0,37.786156
2023-03-07 10:00:00,pm25,PIIANN,56.66667,40.020195
2023-10-08 13:00:00,pm25,PIIANN,46.25,33.558907
2021-03-06 23:00:00,pm25,PIIANN,109.0,90.65887
2025-02-06 13:00:00,pm25,PIIANN,58.000004,43.752792
2024-04-09 05:00:00,pm25,PIIANN,35.0,37.815804
2025-10-07 09:00:00,pm25,PIIANN,14.999999,26.477606
2023-10-05 17:00:00,pm25,PIIANN,33.0,23.359686
2023-01-08 02:00:00,pm25,PIIANN,14.666671,23.319448
2023-11-02 18:00:00,pm25,PIIANN,120.5,126.993004
2023-03-12 18:00:00,pm25,PIIANN,142.0,147.62065
2025-02-11 09:00:00,pm25,PIIANN,83.0,93.60781
2021-06-06 15:00:00,pm25,PIIANN,36.75,45.284035
2022-09-02 00:00:00,pm25,PIIANN,255.25,129.13367
2022-05-09 06:00:00,pm25,PIIANN,23.499998,34.864212
2021-09-06 12:00:00,pm25,PIIANN,42.0,51.63344
2022-12-09 15:00:00,pm25,PIIANN,20.499998,34.02719
2023-11-12 21:00:00,pm25,PIIANN,519.5,380.00363
2023-12-11 10:00:00,pm25,PIIANN,133.75,109.89765
2025-04-01 22:00:00,pm25,PIIANN,310.0,303.83557
2024-04-04 04:00:00,pm25,PIIANN,28.249998,57.547684
2024-01-06 02:00:00,pm25,PIIANN,101.0,133.30444
2024-01-09 04:00:00,pm25,PIIANN,44.0,47.61586
2024-01-01 19:00:00,pm25,PIIANN,355.0,278.66653
2021-05-09 07:00:00,pm25,PIIANN,48.0,53.627716
2025-09-11 11:00:00,pm25,PIIANN,277.0,318.0305
2022-07-03 18:00:00,pm25,PIIANN,72.0,91.67032
2024-03-11 16:00:00,pm25,PIIANN,142.0,159.2904
2025-01-03 09:00:00,pm25,PIIANN,62.0,66.34091
2025-11-11 11:00:00,pm25,PIIANN,351.0,423.15503
2021-05-10 06:00:00,pm25,PIIANN,17.499998,42.07734
2021-11-09 21:00:00,pm25,PIIANN,26.249998,44.484863
2024-11-05 13:00:00,pm25,PIIANN,59.0,67.80119
2025-11-10 13:00:00,pm25,PIIANN,53.0,50.773285
2021-09-05 19:00:00,pm25,PIIANN,49.75,52.896637
2021-06-06 03:00:00,pm25,PIIANN,45.25,52.277184
2021-07-07 06:00:00,pm25,PIIANN,152.0,106.53006
2022-02-02 15:00:00,pm25,PIIANN,130.0,128.54141
2025-04-11 19:00:00,pm25,PIIANN,129.0,126.36802
2025-04-03 15:00:00,pm25,PIIANN,58.000004,56.76207
2023-10-11 07:00:00,pm25,PIIANN,52.75,54.839333
2023-07-10 06:00:00,pm25,PIIANN,194.66667,169.7128
2024-05-11 14:00:00,pm25,PIIANN,129.0,110.72089
2023-02-07 02:00:00,pm25,PIIANN,26.333334,28.273672
2021-08-13 00:00:00,pm25,PIIANN,254.84901,256.91833
2025-01-05 17:00:00,pm25,PIIANN,74.0,64.77564
2022-08-03 04:00:00,pm25,PIIANN,215.67,206.78708
2023-04-02 12:00:00,pm25,PIIANN,92.0,102.03453
2025-02-04 08:00:00,pm25,PIIANN,399.0,261.20435
2023-08-07 11:00:00,pm25,PIIANN,23.749998,38.724808
2022-07-01 16:00:00,pm25,PIIANN,62.33,92.32994
2021-09-04 09:00:00,pm25,PIIANN,58.000004,69.59699
2023-11-11 17:00:00,pm25,PIIANN,73.75,53.107773
2024-12-01 18:00:00,pm25,PIIANN,270.0,246.37558
2022-08-06 04:00:00,pm25,PIIANN,50.0,61.738483
2023-11-04 02:00:00,pm25,PIIANN,353.33334,259.1352
2024-02-03 21:00:00,pm25,PIIANN,45.0,55.35682
2023-06-03 21:00:00,pm25,PIIANN,96.25,122.47013
2021-06-12 18:00:00,pm25,PIIANN,146.75,137.63045
2024-09-12 17:00:00,pm25,PIIANN,100.0,73.606476
2023-10-06 03:00:00,pm25,PIIANN,43.0,32.79772
2025-06-06 15:00:00,pm25,PIIANN,46.0,51.86895
2021-01-02 00:00:00,pm25,PIIANN,616.0,366.44135
2024-02-07 20:00:00,pm25,PIIANN,56.0,96.96669
2024-07-03 22:00:00,pm25,PIIANN,98.0,127.0123
2024-04-09 18:00:00,pm25,PIIANN,22.999998,37.29264
2023-09-05 17:00:00,pm25,PIIANN,60.75,137.87335
2023-09-10 18:00:00,pm25,PIIANN,63.999996,59.658848
2021-07-09 22:00:00,pm25,PIIANN,26.499998,52.930008
2021-10-09 22:00:00,pm25,PIIANN,31.249998,42.9234
2022-07-08 16:00:00,pm25,PIIANN,32.25,31.475546
2023-02-10 06:00:00,pm25,PIIANN,83.75,87.179634
2024-12-11 15:00:00,pm25,PIIANN,57.0,88.656075
2025-11-02 12:00:00,pm25,PIIANN,113.0,105.106346
2021-09-10 04:00:00,pm25,PIIANN,90.833336,83.67365
2021-10-08 04:00:00,pm25,PIIANN,30.999998,50.19941
2025-04-01 17:00:00,pm25,PIIANN,281.0,271.8055
2021-05-01 19:00:00,pm25,PIIANN,123.0,98.12224
2025-02-08 23:00:00,pm25,PIIANN,41.0,52.1855
2023-07-03 11:00:00,pm25,PIIANN,75.0,83.22515
2024-05-04 06:00:00,pm25,PIIANN,120.0,107.56964
2025-07-13 02:00:00,pm25,PIIANN,188.56454,158.98827
2021-04-12 01:00:00,pm25,PIIANN,345.25,444.39682
2022-06-09 05:00:00,pm25,PIIANN,61.33,53.304337
2024-06-01 21:00:00,pm25,PIIANN,473.67,350.16006
2021-03-11 15:00:00,pm25,PIIANN,159.0,130.76917
2021-10-08 15:00:00,pm25,PIIANN,35.5,43.692917
2024-06-10 11:00:00,pm25,PIIANN,50.0,67.34802
2021-01-04 22:00:00,pm25,PIIANN,46.25,63.839863
2023-03-11 20:00:00,pm25,PIIANN,353.75,344.8548
2023-10-02 01:00:00,pm25,PIIANN,92.666664,104.43792
2024-05-05 17:00:00,pm25,PIIANN,47.75,54.49402
2023-12-12 05:00:00,pm25,PIIANN,305.5,293.37732
2024-04-05 12:00:00,pm25,PIIANN,99.5,117.77275
2023-08-04 15:00:00,pm25,PIIANN,15.333335,28.366682
2024-04-02 16:00:00,pm25,PIIANN,122.0,140.16692
2021-10-06 08:00:00,pm25,PIIANN,53.0,49.69159
2023-11-07 14:00:00,pm25,PIIANN,60.999996,27.738958
2025-08-10 01:00:00,pm25,PIIANN,48.0,71.65927
2021-08-01 20:00:00,pm25,PIIANN,328.0,285.84985
2021-07-04 12:00:00,pm25,PIIANN,118.25,66.62636
2022-01-11 05:00:00,pm25,PIIANN,415.25,479.70804
2021-02-06 16:00:00,pm25,PIIANN,16.249998,35.812073
2021-09-03 21:00:00,pm25,PIIANN,123.0,174.25862
2021-12-11 18:00:00,pm25,PIIANN,346.25,432.32812
2025-12-03 12:00:00,pm25,PIIANN,63.999996,84.77462
2022-02-11 12:00:00,pm25,PIIANN,286.25,269.63614
2025-04-12 04:00:00,pm25,PIIANN,172.0,156.9594
2023-05-10 16:00:00,pm25,PIIANN,55.0,52.60573
2021-08-07 08:00:00,pm25,PIIANN,45.5,48.039703
2021-11-12 12:00:00,pm25,PIIANN,148.0,176.25911
2024-07-12 16:00:00,pm25,PIIANN,58.000004,37.585594
2022-09-05 05:00:00,pm25,PIIANN,55.0,39.157303
2021-03-07 12:00:00,pm25,PIIANN,42.5,46.024803
2021-04-08 03:00:00,pm25,PIIANN,23.749998,22.211088
2023-11-04 03:00:00,pm25,PIIANN,342.66666,267.8972
2023-08-10 23:00:00,pm25,PIIANN,128.66667,138.6886
2024-03-02 23:00:00,pm25,PIIANN,308.33,310.23572
2024-08-04 19:00:00,pm25,PIIANN,58.33,67.75339
2025-08-05 12:00:00,pm25,PIIANN,75.0,74.36032
2025-06-09 14:00:00,pm25,PIIANN,56.0,49.371445
2021-09-01 17:00:00,pm25,PIIANN,179.0,181.55475
2025-02-02 19:00:00,pm25,PIIANN,205.0,212.21901
2025-11-05 07:00:00,pm25,PIIANN,91.0,109.68386
2025-05-03 07:00:00,pm25,PIIANN,35.0,54.404564
2023-10-01 10:00:00,pm25,PIIANN,227.25,248.80594
2025-05-10 08:00:00,pm25,PIIANN,78.0,90.518524
2025-10-10 15:00:00,pm25,PIIANN,53.0,53.714592
2024-03-02 13:00:00,pm25,PIIANN,102.0,111.276695
2023-12-04 15:00:00,pm25,PIIANN,28.249998,47.4541
2025-06-05 15:00:00,pm25,PIIANN,67.0,57.70359
2022-08-02 03:00:00,pm25,PIIANN,165.75,218.6095
2024-10-03 05:00:00,pm25,PIIANN,105.5,135.83865
2025-04-07 01:00:00,pm25,PIIANN,60.0,40.92817
2021-09-05 08:00:00,pm25,PIIANN,80.5,60.41695
2024-09-10 09:00:00,pm25,PIIANN,132.0,134.82608
2024-02-09 19:00:00,pm25,PIIANN,62.0,41.480774
2021-11-10 12:00:00,pm25,PIIANN,36.25,33.219856
2025-02-04 11:00:00,pm25,PIIANN,108.0,129.39398
2021-01-09 09:00:00,pm25,PIIANN,17.999998,18.715818
2023-01-02 00:00:00,pm25,PIIANN,84.5,265.68008
2022-09-09 23:00:00,pm25,PIIANN,63.250004,66.47927
2025-04-07 22:00:00,pm25,PIIANN,48.0,57.53029
2021-08-05 01:00:00,pm25,PIIANN,130.25,99.22708
2024-02-10 01:00:00,pm25,PIIANN,73.0,74.74798
2021-08-13 02:00:00,pm25,PIIANN,254.54704,286.9094
2025-03-01 14:00:00,pm25,PIIANN,349.0,307.01486
2023-08-04 21:00:00,pm25,PIIANN,132.66667,99.93175
2024-06-02 09:00:00,pm25,PIIANN,124.25,131.33437
2023-11-11 14:00:00,pm25,PIIANN,55.5,41.831406
2024-01-03 05:00:00,pm25,PIIANN,128.67,142.35913
2025-05-02 21:00:00,pm25,PIIANN,142.0,140.16994
2021-07-02 18:00:00,pm25,PIIANN,156.5,118.473045
2023-07-12 05:00:00,pm25,PIIANN,224.33333,236.46092
2021-01-04 09:00:00,pm25,PIIANN,86.75,71.51831
2025-06-09 06:00:00,pm25,PIIANN,85.0,59.324924
2024-05-03 22:00:00,pm25,PIIANN,67.0,86.209435
2024-05-10 03:00:00,pm25,PIIANN,68.0,110.30352
2024-01-12 23:00:00,pm25,PIIANN,180.0,164.54932
2024-01-02 06:00:00,pm25,PIIANN,30.749998,53.96193
2021-08-06 12:00:00,pm25,PIIANN,36.25,53.876328
2021-04-10 01:00:00,pm25,PIIANN,52.25,65.14665
2023-06-07 02:00:00,pm25,PIIANN,36.0,35.615433
2023-05-03 10:00:00,pm25,PIIANN,94.666664,97.36055
2021-11-06 16:00:00,pm25,PIIANN,54.25,45.239784
2024-08-09 10:00:00,pm25,PIIANN,63.0,55.197327
2024-10-09 03:00:00,pm25,PIIANN,59.0,53.991447
2023-02-06 21:00:00,pm25,PIIANN,81.666664,85.72751
2021-10-08 11:00:00,pm25,PIIANN,29.249998,50.296677
2021-12-11 23:00:00,pm25,PIIANN,530.75,326.32104
2021-09-04 07:00:00,pm25,PIIANN,124.0,127.85499
2023-03-06 14:00:00,pm25,PIIANN,83.0,75.38972
2021-10-05 16:00:00,pm25,PIIANN,51.5,33.692917
2022-02-03 05:00:00,pm25,PIIANN,136.0,149.71164
2023-08-10 04:00:00,pm25,PIIANN,139.66667,135.07726
2022-11-09 22:00:00,pm25,PIIANN,52.33,66.00329
2024-09-10 18:00:00,pm25,PIIANN,73.0,67.333984
2021-07-09 04:00:00,pm25,PIIANN,32.25,41.901375
2025-05-09 10:00:00,pm25,PIIANN,57.0,33.266724
2025-10-09 03:00:00,pm25,PIIANN,48.0,55.071014
2021-01-03 07:00:00,pm25,PIIANN,144.8,100.37787
2025-02-11 16:00:00,pm25,PIIANN,96.0,96.31324
2021-12-10 06:00:00,pm25,PIIANN,83.0,125.34932
2023-08-08 10:00:00,pm25,PIIANN,39.25,34.150146
2022-12-12 05:00:00,pm25,PIIANN,100.67,101.61606
2023-06-01 22:00:00,pm25,PIIANN,349.5,348.3084
2025-07-11 11:00:00,pm25,PIIANN,210.0,176.07228
2025-10-06 10:00:00,pm25,PIIANN,63.0,99.845215
2024-11-04 20:00:00,pm25,PIIANN,110.75,135.43382
2021-08-01 22:00:00,pm25,PIIANN,224.0,248.87799
2022-06-06 10:00:00,pm25,PIIANN,83.0,57.08113
2024-11-12 05:00:00,pm25,PIIANN,134.0,81.0004
2021-11-01 15:00:00,pm25,PIIANN,103.0,113.59585
2021-11-09 02:00:00,pm25,PIIANN,26.249998,37.41841
2024-06-10 03:00:00,pm25,PIIANN,50.0,71.99665
2023-02-10 19:00:00,pm25,PIIANN,147.75,103.30459
2024-09-11 23:00:00,pm25,PIIANN,218.0,211.69121
2023-05-02 16:00:00,pm25,PIIANN,33.0,52.282524
2024-08-11 19:00:00,pm25,PIIANN,203.0,263.7757
2024-01-04 15:00:00,pm25,PIIANN,21.249998,43.002823
2021-05-12 03:00:00,pm25,PIIANN,247.5,305.78134
2024-02-03 14:00:00,pm25,PIIANN,20.669996,44.364136
2022-02-11 08:00:00,pm25,PIIANN,314.25,360.36642
2025-11-12 03:00:00,pm25,PIIANN,307.0,235.8375
2023-05-01 20:00:00,pm25,PIIANN,477.0,371.31964
2025-04-06 02:00:00,pm25,PIIANN,52.0,112.99605
2023-10-03 18:00:00,pm25,PIIANN,85.666664,67.22428
2022-05-11 18:00:00,pm25,PIIANN,205.75,261.13287
2021-02-03 03:00:00,pm25,PIIANN,101.5,96.17226
2022-04-02 15:00:00,pm25,PIIANN,70.0,77.34358
2024-04-01 19:00:00,pm25,PIIANN,298.33,317.31946
2024-11-02 10:00:00,pm25,PIIANN,231.0,264.32812
2022-08-06 11:00:00,pm25,PIIANN,74.33,118.13593
2023-01-05 23:00:00,pm25,PIIANN,63.999996,50.890297
2021-01-09 01:00:00,pm25,PIIANN,52.5,42.570404
2025-09-05 14:00:00,pm25,PIIANN,49.0,47.886917
2023-12-10 19:00:00,pm25,PIIANN,90.0,77.961105
2021-05-06 02:00:00,pm25,PIIANN,53.0,49.156013
2022-09-10 09:00:00,pm25,PIIANN,11.3300085,31.98126
2021-05-08 16:00:00,pm25,PIIANN,27.999998,23.931837
2021-01-07 01:00:00,pm25,PIIANN,59.0,81.14054
2025-09-12 08:00:00,pm25,PIIANN,179.0,135.08276
2021-07-12 02:00:00,pm25,PIIANN,182.0,180.29759
2023-03-06 17:00:00,pm25,PIIANN,27.999998,61.71389
2024-11-03 01:00:00,pm25,PIIANN,116.33,102.94092
2021-10-02 06:00:00,pm25,PIIANN,319.5,365.01236
2023-07-01 14:00:00,pm25,PIIANN,167.0,208.24303
2022-06-06 21:00:00,pm25,PIIANN,85.0,133.62498
2021-03-03 20:00:00,pm25,PIIANN,132.75,112.970146
2021-06-09 01:00:00,pm25,PIIANN,78.0,63.878242
2022-07-11 02:00:00,pm25,PIIANN,320.33,342.09714
2024-06-09 20:00:00,pm25,PIIANN,24.999998,48.145218
2021-08-09 16:00:00,pm25,PIIANN,27.499998,30.212973
2021-02-05 19:00:00,pm25,PIIANN,77.0,60.064484
2025-01-08 14:00:00,pm25,PIIANN,41.0,39.431427
2021-05-05 17:00:00,pm25,PIIANN,52.0,45.67224
2023-08-03 23:00:00,pm25,PIIANN,80.666664,84.69019
2024-02-03 23:00:00,pm25,PIIANN,41.0,56.44686
2024-10-10 06:00:00,pm25,PIIANN,89.0,89.76808
2024-11-02 04:00:00,pm25,PIIANN,278.0,253.8583
2024-01-01 09:00:00,pm25,PIIANN,198.0,210.00098
2022-03-03 16:00:00,pm25,PIIANN,64.67,54.338562
2025-12-06 14:00:00,pm25,PIIANN,63.0,57.68189
2023-09-10 04:00:00,pm25,PIIANN,174.0,115.797134
2024-03-02 21:00:00,pm25,PIIANN,505.67,399.74747
2024-01-03 13:00:00,pm25,PIIANN,78.33,100.13641
2022-01-03 07:00:00,pm25,PIIANN,131.25,126.72501
2024-11-05 10:00:00,pm25,PIIANN,91.0,120.7604
2022-02-01 23:00:00,pm25,PIIANN,426.0,413.2655
2023-06-11 19:00:00,pm25,PIIANN,318.75,344.49292
2021-10-04 11:00:00,pm25,PIIANN,107.0,59.416996
2021-09-04 10:00:00,pm25,PIIANN,58.000004,46.882637
2021-01-08 13:00:00,pm25,PIIANN,59.249996,40.36608
2024-10-03 01:00:00,pm25,PIIANN,102.25,87.68039
2023-05-05 12:00:00,pm25,PIIANN,76.333336,72.79328
2021-11-04 06:00:00,pm25,PIIANN,117.5,71.85302
2023-05-09 01:00:00,pm25,PIIANN,48.0,33.482857
2024-03-07 03:00:00,pm25,PIIANN,34.0,60.041046
2025-08-07 10:00:00,pm25,PIIANN,49.0,65.21409
2024-01-12 20:00:00,pm25,PIIANN,257.0,306.22086
2024-08-07 00:00:00,pm25,PIIANN,8.000007,63.61643
2024-02-03 20:00:00,pm25,PIIANN,51.33,56.220276
2022-06-10 01:00:00,pm25,PIIANN,20.499998,62.23856
2023-11-03 01:00:00,pm25,PIIANN,226.66667,199.57124
2022-08-09 06:00:00,pm25,PIIANN,62.249996,61.085617
2025-02-06 05:00:00,pm25,PIIANN,65.0,57.979733
2021-02-05 12:00:00,pm25,PIIANN,77.75,65.71122
2021-07-02 02:00:00,pm25,PIIANN,238.0,232.30222
2024-02-04 08:00:00,pm25,PIIANN,187.25,154.90553
2024-11-11 14:00:00,pm25,PIIANN,186.5,205.84854
2025-06-05 11:00:00,pm25,PIIANN,81.0,80.87366
2022-12-10 12:00:00,pm25,PIIANN,89.75,97.05222
2024-07-09 03:00:00,pm25,PIIANN,36.0,30.192045
2021-02-06 07:00:00,pm25,PIIANN,83.0,63.534515
2022-11-12 01:00:00,pm25,PIIANN,166.0,254.6365
2023-08-09 04:00:00,pm25,PIIANN,24.499998,34.77186
2023-08-04 09:00:00,pm25,PIIANN,129.66667,147.982
2024-06-07 20:00:00,pm25,PIIANN,16.999998,39.0168
2022-09-11 08:00:00,pm25,PIIANN,140.67,196.4945
2022-01-10 07:00:00,pm25,PIIANN,161.0,148.02821
2024-08-03 09:00:00,pm25,PIIANN,140.5,162.9132
2024-01-07 07:00:00,pm25,PIIANN,39.0,66.018425
2025-04-07 13:00:00,pm25,PIIANN,46.0,34.257828
2025-05-10 21:00:00,pm25,PIIANN,97.0,98.35036
2023-05-02 14:00:00,pm25,PIIANN,57.666668,59.057594
2021-05-06 01:00:00,pm25,PIIANN,37.0,48.296745
2022-04-09 12:00:00,pm25,PIIANN,26.499998,36.06701
2023-10-04 06:00:00,pm25,PIIANN,131.66667,131.21101
2022-01-08 17:00:00,pm25,PIIANN,17.999998,13.875365
2021-01-06 17:00:00,pm25,PIIANN,21.249998,25.735846
2022-09-02 23:00:00,pm25,PIIANN,169.0,180.32643
2025-09-11 04:00:00,pm25,PIIANN,404.0,393.91516
2021-02-04 21:00:00,pm25,PIIANN,99.5,114.03388
2021-11-07 23:00:00,pm25,PIIANN,36.0,11.797645
2022-12-01 20:00:00,pm25,PIIANN,338.0,295.20584
2023-07-10 19:00:00,pm25,PIIANN,63.666668,79.23366
2023-08-02 07:00:00,pm25,PIIANN,100.75,95.31058
2023-09-10 13:00:00,pm25,PIIANN,33.333336,43.185844
2023-05-08 23:00:00,pm25,PIIANN,59.0,76.28461
2022-12-10 14:00:00,pm25,PIIANN,56.5,48.21245
2025-02-13 02:00:00,pm25,PIIANN,338.7974,341.5849
2023-09-05 02:00:00,pm25,PIIANN,69.75,71.917076
2023-08-05 17:00:00,pm25,PIIANN,23.999998,33.712532
2025-06-04 11:00:00,pm25,PIIANN,137.0,95.72232
2021-09-09 09:00:00,pm25,PIIANN,45.25,47.928505
2023-05-04 20:00:00,pm25,PIIANN,83.0,119.99263
2023-09-05 13:00:00,pm25,PIIANN,55.5,128.38695
2022-09-07 02:00:00,pm25,PIIANN,43.25,20.186903
2025-07-09 15:00:00,pm25,PIIANN,46.0,43.70247
2021-09-11 14:00:00,pm25,PIIANN,235.24998,272.1418
2025-06-09 02:00:00,pm25,PIIANN,84.0,56.149277
2024-09-05 01:00:00,pm25,PIIANN,47.67,61.225983
2025-01-03 01:00:00,pm25,PIIANN,59.0,65.157036
2021-10-11 19:00:00,pm25,PIIANN,454.5,445.55615
2023-04-03 05:00:00,pm25,PIIANN,83.0,73.74577
2024-03-10 16:00:00,pm25,PIIANN,55.0,59.21597
2024-06-09 21:00:00,pm25,PIIANN,36.0,47.71926
2025-11-08 12:00:00,pm25,PIIANN,83.0,46.5007
2024-04-10 10:00:00,pm25,PIIANN,45.0,59.89072
2022-03-06 16:00:00,pm25,PIIANN,21.749998,29.729864
2025-11-09 17:00:00,pm25,PIIANN,125.0,56.150635
2025-08-01 21:00:00,pm25,PIIANN,397.0,472.64413
2025-12-06 16:00:00,pm25,PIIANN,49.0,40.120537
2023-05-10 01:00:00,pm25,PIIANN,127.25,100.753876
2021-03-13 00:00:00,pm25,PIIANN,408.82767,383.30536
2021-11-10 22:00:00,pm25,PIIANN,75.0,113.69437
2024-07-12 08:00:00,pm25,PIIANN,142.0,136.84662
2024-10-08 11:00:00,pm25,PIIANN,55.0,51.396355
2021-06-09 05:00:00,pm25,PIIANN,87.0,70.533394
2025-01-06 03:00:00,pm25,PIIANN,63.999996,64.61307
2022-07-09 01:00:00,pm25,PIIANN,34.33,45.77323
2023-01-08 05:00:00,pm25,PIIANN,16.999998,28.5735
2025-10-09 18:00:00,pm25,PIIANN,75.0,49.30677
2025-12-06 12:00:00,pm25,PIIANN,79.0,83.787
2021-02-01 15:00:00,pm25,PIIANN,365.25,464.71408
2025-11-10 19:00:00,pm25,PIIANN,85.0,100.03939
2023-01-04 10:00:00,pm25,PIIANN,106.333336,70.80833
2023-07-07 06:00:00,pm25,PIIANN,44.66667,32.942894
2023-02-08 16:00:00,pm25,PIIANN,28.333334,18.393988
2024-05-11 00:00:00,pm25,PIIANN,335.0,159.8275
2025-03-06 09:00:00,pm25,PIIANN,57.0,52.90441
2021-07-05 18:00:00,pm25,PIIANN,147.75,56.594048
2025-11-10 07:00:00,pm25,PIIANN,108.0,111.08914
2024-05-09 23:00:00,pm25,PIIANN,51.0,70.51441
2021-06-03 06:00:00,pm25,PIIANN,166.5,142.63487
2023-07-08 23:00:00,pm25,PIIANN,40.0,39.50815
2022-03-08 20:00:00,pm25,PIIANN,133.0,75.26894
2021-11-07 10:00:00,pm25,PIIANN,54.0,23.526823
2025-05-02 12:00:00,pm25,PIIANN,117.0,113.18603
2023-03-12 12:00:00,pm25,PIIANN,143.33333,163.46364
2023-08-03 05:00:00,pm25,PIIANN,254.0,214.71992
2024-06-07 18:00:00,pm25,PIIANN,10.999999,37.785507
2023-11-04 01:00:00,pm25,PIIANN,303.0,265.9064
2024-01-08 13:00:00,pm25,PIIANN,18.999998,34.547806
2023-03-10 22:00:00,pm25,PIIANN,92.25,105.0342
2022-02-01 17:00:00,pm25,PIIANN,212.0,224.04375
2024-04-09 20:00:00,pm25,PIIANN,33.0,45.32151
2024-03-11 19:00:00,pm25,PIIANN,208.0,274.77448
2023-05-08 18:00:00,pm25,PIIANN,54.0,34.414864
2022-10-02 11:00:00,pm25,PIIANN,111.75,123.36214
2023-08-09 12:00:00,pm25,PIIANN,23.749998,40.536697
2022-12-07 06:00:00,pm25,PIIANN,35.5,35.7558
2021-04-09 10:00:00,pm25,PIIANN,28.499998,31.855146
2024-05-12 09:00:00,pm25,PIIANN,97.0,98.48966
2021-06-04 11:00:00,pm25,PIIANN,156.0,120.66554
2024-10-10 03:00:00,pm25,PIIANN,83.0,73.28402
2021-01-05 13:00:00,pm25,PIIANN,89.75,60.541416
2022-10-03 22:00:00,pm25,PIIANN,128.33,125.01396
2021-09-01 13:00:00,pm25,PIIANN,193.0,224.7196
2024-02-09 23:00:00,pm25,PIIANN,52.0,48.12448
2025-01-02 22:00:00,pm25,PIIANN,230.0,316.9501
2024-12-01 14:00:00,pm25,PIIANN,240.25,238.44739
2021-07-02 09:00:00,pm25,PIIANN,277.0,221.80942
2021-12-03 07:00:00,pm25,PIIANN,149.5,112.645164
2021-11-07 05:00:00,pm25,PIIANN,39.5,19.994146
2025-07-02 05:00:00,pm25,PIIANN,129.0,120.197716
2022-02-09 23:00:00,pm25,PIIANN,73.25,100.09637
2022-01-11 14:00:00,pm25,PIIANN,199.0,237.97908
2022-10-06 12:00:00,pm25,PIIANN,57.499996,97.19271
2022-02-12 01:00:00,pm25,PIIANN,341.49997,426.34384
2021-08-11 12:00:00,pm25,PIIANN,312.25,283.8542
2022-06-10 07:00:00,pm25,PIIANN,19.999998,35.993996
2025-10-12 02:00:00,pm25,PIIANN,146.0,111.13815
2022-01-03 01:00:00,pm25,PIIANN,90.75,124.76864
2021-10-05 18:00:00,pm25,PIIANN,63.5,34.814514
2022-12-06 15:00:00,pm25,PIIANN,35.0,38.298035
2021-02-06 20:00:00,pm25,PIIANN,123.25,78.20057
2021-01-06 05:00:00,pm25,PIIANN,4.500006,21.122496
2023-12-06 09:00:00,pm25,PIIANN,41.333336,65.41376
2024-09-06 21:00:00,pm25,PIIANN,129.0,110.76603
2023-05-05 14:00:00,pm25,PIIANN,54.333336,52.26436
2024-03-08 07:00:00,pm25,PIIANN,38.0,59.555
2022-09-10 13:00:00,pm25,PIIANN,0.9999911,32.49185
2023-06-09 03:00:00,pm25,PIIANN,69.25,49.122734
2021-09-07 17:00:00,pm25,PIIANN,29.499998,32.331856
2022-03-07 11:00:00,pm25,PIIANN,28.33,26.482336
2022-09-05 04:00:00,pm25,PIIANN,57.0,40.821716
2025-11-06 02:00:00,pm25,PIIANN,92.0,207.92348
2021-02-12 20:00:00,pm25,PIIANN,300.0,309.32242
2023-06-01 17:00:00,pm25,PIIANN,277.75,306.71982
2021-11-02 13:00:00,pm25,PIIANN,170.0,137.93129
2022-03-10 05:00:00,pm25,PIIANN,35.67,55.926132
2022-05-03 15:00:00,pm25,PIIANN,38.25,56.62857
2022-12-06 18:00:00,pm25,PIIANN,44.67,57.542164
2024-04-02 15:00:00,pm25,PIIANN,136.33,139.02547
2022-08-10 23:00:00,pm25,PIIANN,9.999999,51.225555
2022-10-06 23:00:00,pm25,PIIANN,62.0,55.216072
2025-02-02 20:00:00,pm25,PIIANN,212.0,239.57521
2023-02-12 21:00:00,pm25,PIIANN,222.0,243.18105
2021-11-08 06:00:00,pm25,PIIANN,23.749998,29.87103
2024-06-03 21:00:00,pm25,PIIANN,125.67,118.52732
2025-08-11 07:00:00,pm25,PIIANN,455.0,367.98087
2025-11-09 18:00:00,pm25,PIIANN,102.0,62.765125
2021-02-04 09:00:00,pm25,PIIANN,143.0,105.064926
2025-02-09 01:00:00,pm25,PIIANN,28.999998,39.404625
2021-12-06 22:00:00,pm25,PIIANN,23.999998,50.754837
2022-08-05 19:00:00,pm25,PIIANN,74.33,58.721626
2023-06-06 03:00:00,pm25,PIIANN,70.5,71.264725
2021-07-05 16:00:00,pm25,PIIANN,45.75,41.333443
2021-01-09 13:00:00,pm25,PIIANN,19.999998,27.295538
2021-08-12 00:00:00,pm25,PIIANN,149.75,238.11267
2021-04-06 20:00:00,pm25,PIIANN,40.0,56.003464
2023-04-06 14:00:00,pm25,PIIANN,48.66667,38.94586
2024-12-09 19:00:00,pm25,PIIANN,17.499998,23.544607
2021-11-04 03:00:00,pm25,PIIANN,71.0,100.15598
2024-06-01 12:00:00,pm25,PIIANN,252.33,232.19252
2023-07-12 08:00:00,pm25,PIIANN,318.33334,279.91602
2021-10-02 20:00:00,pm25,PIIANN,331.0,382.8905
2021-02-11 13:00:00,pm25,PIIANN,118.0,102.68906
2023-03-09 00:00:00,pm25,PIIANN,47.0,46.254738
2021-04-05 19:00:00,pm25,PIIANN,83.0,29.441587
2021-11-04 01:00:00,pm25,PIIANN,136.0,154.40408
2024-08-03 11:00:00,pm25,PIIANN,77.75,108.036545
2022-12-07 23:00:00,pm25,PIIANN,50.33,57.533546
2024-04-06 12:00:00,pm25,PIIANN,95.0,77.209465
2024-03-10 15:00:00,pm25,PIIANN,57.0,58.7512
2023-08-10 09:00:00,pm25,PIIANN,40.66667,65.30409
2024-05-02 15:00:00,pm25,PIIANN,99.33,92.232346
2022-11-03 23:00:00,pm25,PIIANN,107.0,116.60642
2023-08-08 16:00:00,pm25,PIIANN,34.0,36.874664
2025-11-08 05:00:00,pm25,PIIANN,83.0,42.886124
2021-01-11 01:00:00,pm25,PIIANN,125.5,300.5791
2023-03-11 14:00:00,pm25,PIIANN,192.5,266.61554
2023-01-08 12:00:00,pm25,PIIANN,36.0,22.171377
2021-08-07 07:00:00,pm25,PIIANN,37.5,47.716515
2022-04-10 06:00:00,pm25,PIIANN,77.0,78.427284
2024-08-01 23:00:00,pm25,PIIANN,178.25,224.44765
2024-03-11 07:00:00,pm25,PIIANN,306.0,314.79962
2024-01-09 09:00:00,pm25,PIIANN,68.0,60.05933
2022-03-11 19:00:00,pm25,PIIANN,403.33,509.89383
2023-10-10 11:00:00,pm25,PIIANN,57.0,72.85675
2022-03-10 02:00:00,pm25,PIIANN,65.33,71.82256
2023-08-05 07:00:00,pm25,PIIANN,136.0,82.94785
2025-10-08 17:00:00,pm25,PIIANN,62.0,45.708344
2023-03-10 14:00:00,pm25,PIIANN,42.5,38.291405
2025-04-02 00:00:00,pm25,PIIANN,98.0,197.91364
2022-11-07 19:00:00,pm25,PIIANN,119.5,55.61563
2022-03-10 15:00:00,pm25,PIIANN,32.33,55.608284
2025-03-13 02:00:00,pm25,PIIANN,198.33261,209.74178
2021-11-07 08:00:00,pm25,PIIANN,47.0,28.188986
2023-04-11 14:00:00,pm25,PIIANN,340.5,334.4237
2022-01-13 00:00:00,pm25,PIIANN,324.37784,325.04205
2023-06-01 15:00:00,pm25,PIIANN,274.5,249.53574
2025-02-12 06:00:00,pm25,PIIANN,233.99998,210.44505
2021-11-02 00:00:00,pm25,PIIANN,190.5,163.47139
2023-09-08 20:00:00,pm25,PIIANN,44.25,65.25831
2025-04-11 18:00:00,pm25,PIIANN,63.0,92.20605
2025-01-11 20:00:00,pm25,PIIANN,356.0,350.88693
2024-09-09 13:00:00,pm25,PIIANN,52.0,40.827614
2023-06-04 18:00:00,pm25,PIIANN,83.0,48.996178
2021-06-10 06:00:00,pm25,PIIANN,58.749996,61.996937
2023-03-11 15:00:00,pm25,PIIANN,120.5,215.2209
2024-01-11 08:00:00,pm25,PIIANN,250.0,276.69623
2022-09-08 07:00:00,pm25,PIIANN,92.0,46.243988
2022-04-06 02:00:00,pm25,PIIANN,107.5,134.50047
2022-11-08 09:00:00,pm25,PIIANN,18.669996,16.446402
2021-04-04 20:00:00,pm25,PIIANN,150.75,163.31631
2023-11-12 02:00:00,pm25,PIIANN,207.0,226.88322
2024-11-09 02:00:00,pm25,PIIANN,23.999998,39.1409
2022-05-08 12:00:00,pm25,PIIANN,38.0,41.6024
2024-03-04 04:00:00,pm25,PIIANN,96.5,81.87016
2022-02-09 06:00:00,pm25,PIIANN,50.67,62.056953
2021-10-11 01:00:00,pm25,PIIANN,308.5,383.74655
2021-05-12 00:00:00,pm25,PIIANN,281.75,409.56293
2021-08-10 21:00:00,pm25,PIIANN,205.5,152.50697
2022-08-03 17:00:00,pm25,PIIANN,39.0,64.48968
2022-09-12 07:00:00,pm25,PIIANN,204.33,204.4645
2025-11-02 07:00:00,pm25,PIIANN,218.0,259.60443
2021-08-07 06:00:00,pm25,PIIANN,36.0,51.33236
2023-12-01 12:00:00,pm25,PIIANN,204.66667,261.45944
2025-10-07 11:00:00,pm25,PIIANN,49.0,30.21253
2022-10-12 11:00:00,pm25,PIIANN,324.67,326.48245
2024-03-08 15:00:00,pm25,PIIANN,15.999999,31.22727
2021-04-06 18:00:00,pm25,PIIANN,34.25,48.221367
2025-09-05 17:00:00,pm25,PIIANN,53.0,53.132736
2021-03-08 00:00:00,pm25,PIIANN,32.75,33.641876
2024-01-10 07:00:00,pm25,PIIANN,100.0,98.75404
2024-09-12 00:00:00,pm25,PIIANN,80.0,188.53706
2025-05-12 16:00:00,pm25,PIIANN,116.0,115.33409
2022-11-10 05:00:00,pm25,PIIANN,18.669996,25.483702
2024-05-04 13:00:00,pm25,PIIANN,33.0,44.2704
2023-05-04 09:00:00,pm25,PIIANN,88.25,98.240814
2025-07-05 01:00:00,pm25,PIIANN,82.0,53.71048
2022-04-02 11:00:00,pm25,PIIANN,112.25,118.13441
2023-12-06 04:00:00,pm25,PIIANN,53.0,49.659515
2023-08-03 20:00:00,pm25,PIIANN,112.666664,104.92447
2025-12-08 19:00:00,pm25,PIIANN,69.0,49.536385
2024-01-07 04:00:00,pm25,PIIANN,30.999998,43.626984
2021-02-03 10:00:00,pm25,PIIANN,91.5,93.04636
2021-05-10 00:00:00,pm25,PIIANN,49.0,128.2463
2023-11-05 01:00:00,pm25,PIIANN,255.75,162.1435
2023-02-09 17:00:00,pm25,PIIANN,48.0,42.863556
2025-05-10 04:00:00,pm25,PIIANN,107.0,98.36744
2024-02-01 20:00:00,pm25,PIIANN,363.33,357.15823
2021-07-03 10:00:00,pm25,PIIANN,189.5,237.52342
2025-11-12 05:00:00,pm25,PIIANN,310.0,245.43304
2024-04-07 14:00:00,pm25,PIIANN,28.999998,52.220535
2024-04-10 19:00:00,pm25,PIIANN,90.0,94.74196
2022-07-09 03:00:00,pm25,PIIANN,62.0,54.346046
2025-08-11 15:00:00,pm25,PIIANN,202.0,156.82953
2021-07-02 19:00:00,pm25,PIIANN,226.5,152.30737
2023-04-12 00:00:00,pm25,PIIANN,190.33333,390.36472
2022-04-11 10:00:00,pm25,PIIANN,566.0,551.262
2025-12-03 10:00:00,pm25,PIIANN,151.0,152.60405
2021-02-02 08:00:00,pm25,PIIANN,486.75,413.84973
2021-01-03 11:00:00,pm25,PIIANN,87.0,127.17241
2025-11-05 08:00:00,pm25,PIIANN,89.0,103.354744
2021-05-05 10:00:00,pm25,PIIANN,55.5,42.306023
2025-08-05 21:00:00,pm25,PIIANN,97.0,123.61436
2025-06-09 17:00:00,pm25,PIIANN,57.0,51.533722
2023-07-07 12:00:00,pm25,PIIANN,39.0,33.54547
2025-07-05 08:00:00,pm25,PIIANN,113.0,103.11225
2024-06-05 19:00:00,pm25,PIIANN,92.75,119.36009
2025-01-05 22:00:00,pm25,PIIANN,85.0,73.36234
2023-12-05 21:00:00,pm25,PIIANN,144.5,156.0905
2023-07-10 14:00:00,pm25,PIIANN,42.66667,24.584211
2023-11-09 01:00:00,pm25,PIIANN,15.999999,28.669859
2023-07-02 20:00:00,pm25,PIIANN,124.75,155.60774
2025-01-11 21:00:00,pm25,PIIANN,295.0,355.08707
2021-06-12 06:00:00,pm25,PIIANN,176.25,196.67159
2021-01-10 22:00:00,pm25,PIIANN,95.0,112.813866
2022-04-11 05:00:00,pm25,PIIANN,453.33,528.1207
2025-07-10 17:00:00,pm25,PIIANN,19.499998,42.493805
2022-07-05 04:00:00,pm25,PIIANN,43.5,70.31016
2021-12-10 09:00:00,pm25,PIIANN,83.0,119.042534
2025-02-09 08:00:00,pm25,PIIANN,53.0,28.108656
2021-08-08 21:00:00,pm25,PIIANN,40.25,46.380486
2023-12-03 17:00:00,pm25,PIIANN,45.333336,38.079216
2024-04-08 06:00:00,pm25,PIIANN,41.0,51.439438
2022-05-07 13:00:00,pm25,PIIANN,51.0,49.83413
2021-06-10 09:00:00,pm25,PIIANN,82.0,76.47655
2021-12-11 09:00:00,pm25,PIIANN,699.75,594.1793
2025-04-09 03:00:00,pm25,PIIANN,48.5,25.659811
2025-05-10 12:00:00,pm25,PIIANN,95.0,54.84809
2021-01-05 12:00:00,pm25,PIIANN,94.0,63.903076
2021-08-04 03:00:00,pm25,PIIANN,64.75,54.919502
2025-08-08 22:00:00,pm25,PIIANN,48.0,63.382412
2025-01-10 02:00:00,pm25,PIIANN,50.714287,17.426634
2022-03-05 06:00:00,pm25,PIIANN,63.67,68.212036
2025-04-08 13:00:00,pm25,PIIANN,63.999996,41.77115
2023-10-02 13:00:00,pm25,PIIANN,76.333336,77.67741
2023-12-05 08:00:00,pm25,PIIANN,122.0,115.78179
2023-10-01 16:00:00,pm25,PIIANN,226.0,268.2679
2021-06-12 22:00:00,pm25,PIIANN,213.5,224.9658
2024-12-08 10:00:00,pm25,PIIANN,41.0,36.282463
2025-09-03 15:00:00,pm25,PIIANN,47.0,46.55268
2024-11-05 20:00:00,pm25,PIIANN,60.999996,80.868645
2021-04-09 14:00:00,pm25,PIIANN,29.499998,30.449354
2023-03-01 23:00:00,pm25,PIIANN,243.33333,287.70096
2023-11-01 14:00:00,pm25,PIIANN,313.66666,215.24675
2024-06-06 22:00:00,pm25,PIIANN,138.0,110.25351
2022-01-06 17:00:00,pm25,PIIANN,35.25,26.73036
2022-09-11 21:00:00,pm25,PIIANN,218.67,233.86778
2023-10-10 05:00:00,pm25,PIIANN,125.0,115.401184
2025-10-06 08:00:00,pm25,PIIANN,97.0,117.17789
2021-11-07 00:00:00,pm25,PIIANN,35.0,34.062813
2021-06-01 12:00:00,pm25,PIIANN,174.0,131.16235
2023-04-06 07:00:00,pm25,PIIANN,106.333336,135.84618
2022-08-03 10:00:00,pm25,PIIANN,236.32999,256.0842
2025-10-04 11:00:00,pm25,PIIANN,108.0,150.97638
2023-02-03 07:00:00,pm25,PIIANN,137.0,141.16812
2021-09-06 03:00:00,pm25,PIIANN,69.25,132.22609
2025-02-03 12:00:00,pm25,PIIANN,68.0,69.02144
2025-03-09 19:00:00,pm25,PIIANN,63.5,37.57016
2025-03-07 09:00:00,pm25,PIIANN,40.0,39.029594
2022-06-09 07:00:00,pm25,PIIANN,70.0,74.94649
2021-06-01 20:00:00,pm25,PIIANN,204.0,182.05719
2022-07-04 12:00:00,pm25,PIIANN,90.0,84.93869
2021-06-11 19:00:00,pm25,PIIANN,458.5,412.79404
2022-04-07 12:00:00,pm25,PIIANN,71.33,43.080307
2022-10-02 16:00:00,pm25,PIIANN,59.750004,74.79638
2023-09-12 13:00:00,pm25,PIIANN,126.25,119.40064
2023-07-11 05:00:00,pm25,PIIANN,294.33334,310.1133
2022-08-02 02:00:00,pm25,PIIANN,234.75,311.2081
2025-07-03 23:00:00,pm25,PIIANN,111.0,116.72248
2023-04-08 01:00:00,pm25,PIIANN,24.333334,30.482656
2024-06-11 15:00:00,pm25,PIIANN,146.0,138.46178
2025-07-03 08:00:00,pm25,PIIANN,183.0,162.95381
2024-07-08 16:00:00,pm25,PIIANN,22.999998,49.425194
2021-02-09 07:00:00,pm25,PIIANN,27.999998,35.500237
2023-02-12 10:00:00,pm25,PIIANN,176.33333,256.2837
2024-08-08 06:00:00,pm25,PIIANN,29.999998,30.574705
2021-06-07 05:00:00,pm25,PIIANN,33.0,37.481987
2022-02-04 06:00:00,pm25,PIIANN,191.75,189.42894
2023-12-02 04:00:00,pm25,PIIANN,54.25,74.259575
2024-03-06 20:00:00,pm25,PIIANN,79.0,99.06588
2021-02-02 04:00:00,pm25,PIIANN,274.0,301.21503
2024-12-06 17:00:00,pm25,PIIANN,26.999998,30.800314
2021-01-06 03:00:00,pm25,PIIANN,0.9999911,55.73091
2021-02-04 05:00:00,pm25,PIIANN,157.25,103.23333
2023-10-12 08:00:00,pm25,PIIANN,177.5,177.72743
2022-07-09 21:00:00,pm25,PIIANN,78.75,81.064705
2023-11-08 12:00:00,pm25,PIIANN,42.0,44.398567
2023-07-09 22:00:00,pm25,PIIANN,60.999996,63.582245
2024-07-06 06:00:00,pm25,PIIANN,51.0,91.97883
2021-07-03 07:00:00,pm25,PIIANN,339.5,268.10608
2021-09-02 23:00:00,pm25,PIIANN,436.5,361.78812
2024-07-04 00:00:00,pm25,PIIANN,117.75,110.42044
2025-08-09 19:00:00,pm25,PIIANN,58.000004,40.184456
2023-08-06 20:00:00,pm25,PIIANN,88.75,83.43721
2023-08-08 08:00:00,pm25,PIIANN,40.75,36.881683
2021-12-10 18:00:00,pm25,PIIANN,59.0,60.076633
2021-09-12 02:00:00,pm25,PIIANN,207.75,201.8516
2023-04-03 15:00:00,pm25,PIIANN,83.0,82.210396
2023-02-02 20:00:00,pm25,PIIANN,181.0,161.82414
2023-10-11 23:00:00,pm25,PIIANN,171.75,161.69196
2025-01-05 11:00:00,pm25,PIIANN,82.0,81.36663
2022-06-02 06:00:00,pm25,PIIANN,377.0,381.53177
2022-01-09 23:00:00,pm25,PIIANN,42.67,56.646423
2021-02-06 03:00:00,pm25,PIIANN,73.0,64.22289
2022-01-05 12:00:00,pm25,PIIANN,62.33,83.76995
2021-03-05 04:00:00,pm25,PIIANN,86.75,73.24094
2023-03-11 08:00:00,pm25,PIIANN,561.0,494.42307
2022-03-03 05:00:00,pm25,PIIANN,96.0,95.26637
2023-08-03 17:00:00,pm25,PIIANN,48.66667,46.145935
2024-02-08 08:00:00,pm25,PIIANN,85.0,72.92259
2024-12-13 01:00:00,pm25,PIIANN,169.16878,125.60885
2025-07-11 01:00:00,pm25,PIIANN,417.0,270.73294
2024-08-09 06:00:00,pm25,PIIANN,59.0,64.21055
2021-09-02 09:00:00,pm25,PIIANN,359.99997,368.74115
2023-07-07 05:00:00,pm25,PIIANN,49.0,30.283445
2022-09-10 10:00:00,pm25,PIIANN,23.999998,32.99807
2023-09-02 06:00:00,pm25,PIIANN,135.0,126.59117
2025-06-05 12:00:00,pm25,PIIANN,62.0,65.549774
2025-12-05 09:00:00,pm25,PIIANN,85.0,82.73805
2021-09-05 10:00:00,pm25,PIIANN,91.0,65.0108
2022-10-12 07:00:00,pm25,PIIANN,331.0,286.73526
2021-02-07 09:00:00,pm25,PIIANN,60.499996,54.339104
2021-12-10 01:00:00,pm25,PIIANN,80.0,94.61906
2022-05-09 16:00:00,pm25,PIIANN,19.669996,37.644547
2024-09-07 02:00:00,pm25,PIIANN,75.0,73.20738
2023-04-07 10:00:00,pm25,PIIANN,46.0,52.09365
2025-12-01 18:00:00,pm25,PIIANN,288.0,177.22565
2021-05-05 13:00:00,pm25,PIIANN,62.5,44.233955
2023-03-06 01:00:00,pm25,PIIANN,39.333336,54.73797
2022-06-10 20:00:00,pm25,PIIANN,29.999998,39.084305
2022-09-12 13:00:00,pm25,PIIANN,119.33,144.35869
2022-06-01 16:00:00,pm25,PIIANN,98.75,103.17213
2025-05-12 02:00:00,pm25,PIIANN,216.0,302.99417
2021-04-11 21:00:00,pm25,PIIANN,732.875,573.9243
2021-04-04 13:00:00,pm25,PIIANN,32.5,45.153374
2025-03-02 06:00:00,pm25,PIIANN,126.0,140.87158
2021-12-01 12:00:00,pm25,PIIANN,278.0,230.05707
2023-12-07 15:00:00,pm25,PIIANN,38.0,34.397385
2023-12-13 01:00:00,pm25,PIIANN,351.86707,314.39038
2023-10-03 11:00:00,pm25,PIIANN,110.0,111.52578
2022-10-09 00:00:00,pm25,PIIANN,65.5,11.097213
2021-04-04 01:00:00,pm25,PIIANN,95.25,90.23369
2025-07-04 06:00:00,pm25,PIIANN,250.0,298.49603
2022-08-03 21:00:00,pm25,PIIANN,126.75,212.09076
2023-12-06 05:00:00,pm25,PIIANN,59.33333,49.38771
2023-02-11 10:00:00,pm25,PIIANN,463.0,402.1016
2022-04-05 14:00:00,pm25,PIIANN,93.3125,75.47786
2021-12-06 02:00:00,pm25,PIIANN,28.999998,33.47238
2023-06-02 02:00:00,pm25,PIIANN,245.66667,284.82718
2023-03-04 07:00:00,pm25,PIIANN,202.5,135.28448
2023-10-02 04:00:00,pm25,PIIANN,69.333336,89.23175
2022-08-08 00:00:00,pm25,PIIANN,54.0,40.75682
2022-05-02 21:00:00,pm25,PIIANN,452.25,309.81808
2025-03-09 15:00:00,pm25,PIIANN,58.000004,46.43219
2023-12-02 11:00:00,pm25,PIIANN,69.25,74.87159
2023-01-09 13:00:00,pm25,PIIANN,28.999998,45.57814
2025-12-01 13:00:00,pm25,PIIANN,229.0,191.08047
2025-03-09 18:00:00,pm25,PIIANN,63.333336,38.616516
2024-09-11 06:00:00,pm25,PIIANN,233.99998,232.79324
2022-11-02 02:00:00,pm25,PIIANN,71.75,119.40981
2023-08-09 19:00:00,pm25,PIIANN,21.249998,39.818787
2023-01-11 21:00:00,pm25,PIIANN,247.16667,306.46964
2024-12-04 14:00:00,pm25,PIIANN,49.5,52.419342
2022-06-02 07:00:00,pm25,PIIANN,415.0,379.7207
2021-06-10 04:00:00,pm25,PIIANN,61.25,56.173676
2023-04-10 18:00:00,pm25,PIIANN,78.75,74.42388
2023-07-11 13:00:00,pm25,PIIANN,255.75,201.3706
2021-07-13 02:00:00,pm25,PIIANN,149.10394,194.58788
2021-04-10 04:00:00,pm25,PIIANN,37.5,23.1854
2025-01-09 20:00:00,pm25,PIIANN,50.5,18.970282
2023-06-11 10:00:00,pm25,PIIANN,349.5,428.5436
2023-06-06 16:00:00,pm25,PIIANN,27.749998,36.661125
2021-12-02 18:00:00,pm25,PIIANN,260.5,269.78174
2022-01-04 10:00:00,pm25,PIIANN,129.33,100.07273
2024-11-01 18:00:00,pm25,PIIANN,248.33,251.0472
2024-06-05 11:00:00,pm25,PIIANN,85.0,99.037346
2025-01-05 20:00:00,pm25,PIIANN,85.0,74.48222
2024-02-10 02:00:00,pm25,PIIANN,77.0,84.06895
2022-04-07 08:00:00,pm25,PIIANN,97.67,65.61724
2021-12-07 04:00:00,pm25,PIIANN,27.999998,22.900755
2025-10-03 07:00:00,pm25,PIIANN,111.0,111.56433
2022-02-07 07:00:00,pm25,PIIANN,127.33,79.35044
2023-01-01 18:00:00,pm25,PIIANN,180.75,145.3666
2023-08-11 19:00:00,pm25,PIIANN,270.75,317.6492
2023-10-07 08:00:00,pm25,PIIANN,56.75,23.180449
2022-10-06 16:00:00,pm25,PIIANN,49.5,77.82606
2024-05-09 21:00:00,pm25,PIIANN,63.0,65.51432
2022-01-01 22:00:00,pm25,PIIANN,584.33,526.1341
2024-08-05 09:00:00,pm25,PIIANN,69.67,105.02709
2025-05-04 02:00:00,pm25,PIIANN,52.0,90.19138
2022-02-10 03:00:00,pm25,PIIANN,103.75,96.04647
2022-03-02 09:00:00,pm25,PIIANN,158.25,171.60643
2024-01-08 03:00:00,pm25,PIIANN,10.999999,27.595709
2025-12-04 06:00:00,pm25,PIIANN,59.0,62.24092
2021-04-10 09:00:00,pm25,PIIANN,42.25,46.708008
2024-04-02 03:00:00,pm25,PIIANN,180.0,193.26965
2023-07-07 01:00:00,pm25,PIIANN,37.333336,25.515226
2023-10-06 02:00:00,pm25,PIIANN,29.749998,18.469954
2025-02-07 13:00:00,pm25,PIIANN,22.999998,33.210175
2024-10-10 02:00:00,pm25,PIIANN,70.0,71.98125
2024-01-10 14:00:00,pm25,PIIANN,50.0,51.819824
2024-12-12 09:00:00,pm25,PIIANN,232.99998,217.68915
2022-04-03 17:00:00,pm25,PIIANN,48.67,57.768852
2022-01-05 02:00:00,pm25,PIIANN,153.67,221.04825
2024-04-03 03:00:00,pm25,PIIANN,42.75,68.85074
2021-05-01 17:00:00,pm25,PIIANN,92.0,97.76758
2023-02-08 22:00:00,pm25,PIIANN,30.333334,20.595526
2021-03-02 22:00:00,pm25,PIIANN,221.0,238.88022
2022-10-06 21:00:00,pm25,PIIANN,78.5,143.67041
2022-07-02 13:00:00,pm25,PIIANN,76.5,81.42698
2025-11-02 08:00:00,pm25,PIIANN,261.0,259.46777
2022-01-05 06:00:00,pm25,PIIANN,85.67,105.31267
2023-04-10 12:00:00,pm25,PIIANN,69.0,62.568535
2022-05-12 06:00:00,pm25,PIIANN,83.0,136.18799
2022-07-09 00:00:00,pm25,PIIANN,39.0,58.99975
2021-11-04 02:00:00,pm25,PIIANN,90.0,126.529465
2023-03-01 09:00:00,pm25,PIIANN,284.0,240.41176
2025-09-07 07:00:00,pm25,PIIANN,63.0,48.107643
2023-09-07 09:00:00,pm25,PIIANN,37.0,36.66404
2023-06-07 14:00:00,pm25,PIIANN,8.333335,25.191687
2025-07-02 19:00:00,pm25,PIIANN,74.0,89.53877
2021-01-09 05:00:00,pm25,PIIANN,17.999998,36.594254
2025-02-10 09:00:00,pm25,PIIANN,126.0,79.045296
2022-03-10 04:00:00,pm25,PIIANN,48.0,60.87857
2025-03-08 06:00:00,pm25,PIIANN,24.999998,41.46122
2023-03-09 02:00:00,pm25,PIIANN,30.999998,46.192604
2024-10-03 02:00:00,pm25,PIIANN,108.0,112.03403
2023-08-02 20:00:00,pm25,PIIANN,183.0,170.10234
2025-07-02 17:00:00,pm25,PIIANN,39.0,55.399452
2022-03-04 14:00:00,pm25,PIIANN,51.75,60.406754
2023-08-01 14:00:00,pm25,PIIANN,270.25,236.09134
2022-04-05 17:00:00,pm25,PIIANN,86.0,102.517746
2021-11-09 23:00:00,pm25,PIIANN,14.749999,44.50284
2021-02-06 21:00:00,pm25,PIIANN,95.75,80.95819
2025-07-06 18:00:00,pm25,PIIANN,63.0,68.88578
2023-08-06 15:00:00,pm25,PIIANN,24.249998,23.634497
2023-08-11 18:00:00,pm25,PIIANN,229.25,281.16586
2025-01-08 21:00:00,pm25,PIIANN,39.0,39.957535
2023-07-05 03:00:00,pm25,PIIANN,146.66667,117.74752
2022-01-11 22:00:00,pm25,PIIANN,268.75,356.13104
2024-10-09 06:00:00,pm25,PIIANN,22.999998,37.182358
2025-07-03 11:00:00,pm25,PIIANN,102.0,100.9438
2023-05-02 11:00:00,pm25,PIIANN,123.333336,115.72981
2021-03-09 04:00:00,pm25,PIIANN,6.999991,26.700361
2025-11-07 16:00:00,pm25,PIIANN,34.0,42.23838
2025-10-07 07:00:00,pm25,PIIANN,13.999999,22.976622
2025-10-09 13:00:00,pm25,PIIANN,113.0,56.410065
2023-07-07 04:00:00,pm25,PIIANN,43.66667,29.789518
2025-08-02 05:00:00,pm25,PIIANN,91.0,88.15046
2021-11-13 02:00:00,pm25,PIIANN,295.03696,336.48862
2021-10-10 01:00:00,pm25,PIIANN,84.75,114.583374
2025-06-12 17:00:00,pm25,PIIANN,105.0,111.382416
2023-04-12 05:00:00,pm25,PIIANN,188.33333,161.57881
2021-12-01 22:00:00,pm25,PIIANN,352.99997,378.88135
2025-08-02 13:00:00,pm25,PIIANN,68.0,68.57419
2025-05-11 11:00:00,pm25,PIIANN,85.0,87.50085
2022-09-06 06:00:00,pm25,PIIANN,38.67,42.259125
2025-10-04 15:00:00,pm25,PIIANN,69.0,71.03758
2023-11-10 02:00:00,pm25,PIIANN,185.25,116.137726
2025-02-07 04:00:00,pm25,PIIANN,107.0,78.834885
2023-06-03 03:00:00,pm25,PIIANN,85.333336,73.73778
2022-11-12 06:00:00,pm25,PIIANN,209.0,179.31258
2022-05-10 16:00:00,pm25,PIIANN,63.330006,70.91327
2022-02-10 07:00:00,pm25,PIIANN,147.67,128.23187
2022-08-10 06:00:00,pm25,PIIANN,11.999999,37.766838
2023-10-05 11:00:00,pm25,PIIANN,55.25,44.001724
2022-09-06 04:00:00,pm25,PIIANN,45.33,44.57225
2021-03-06 22:00:00,pm25,PIIANN,102.5,79.38678
2024-08-04 20:00:00,pm25,PIIANN,82.67,108.73189
2022-03-09 04:00:00,pm25,PIIANN,59.5,50.407753
2021-02-01 17:00:00,pm25,PIIANN,326.5,361.67133
2025-09-02 09:00:00,pm25,PIIANN,144.0,147.16432
2025-11-04 00:00:00,pm25,PIIANN,53.0,183.15675
2024-02-03 09:00:00,pm25,PIIANN,57.0,86.90441
2021-09-04 21:00:00,pm25,PIIANN,148.5,155.88574
2024-06-08 11:00:00,pm25,PIIANN,11.999999,36.38411
2025-12-07 07:00:00,pm25,PIIANN,24.999998,40.58687
2021-06-05 22:00:00,pm25,PIIANN,39.0,31.6015
2021-05-12 18:00:00,pm25,PIIANN,270.25,221.47165
2023-01-07 06:00:00,pm25,PIIANN,26.999998,27.058233
2025-02-02 01:00:00,pm25,PIIANN,164.0,132.73837
2024-03-05 00:00:00,pm25,PIIANN,281.0,112.55452
2022-04-11 17:00:00,pm25,PIIANN,353.24997,406.9215
2022-07-12 16:00:00,pm25,PIIANN,77.0,110.502335
2023-10-08 15:00:00,pm25,PIIANN,42.0,29.774633
2023-11-10 18:00:00,pm25,PIIANN,77.25,50.150284
2024-06-08 18:00:00,pm25,PIIANN,13.999999,38.404266
2021-09-03 04:00:00,pm25,PIIANN,197.5,189.42165
2024-11-11 04:00:00,pm25,PIIANN,214.0,290.78186
2022-03-04 12:00:00,pm25,PIIANN,74.5,75.417305
2022-10-04 00:00:00,pm25,PIIANN,163.25,180.78156
2023-02-11 13:00:00,pm25,PIIANN,412.0,363.8523
2023-12-12 13:00:00,pm25,PIIANN,140.75,208.8194
2021-07-03 17:00:00,pm25,PIIANN,61.75,59.542957
2023-12-12 08:00:00,pm25,PIIANN,407.75,337.94403
2025-01-10 09:00:00,pm25,PIIANN,93.888885,52.323494
2022-01-08 07:00:00,pm25,PIIANN,57.0,42.707863
2024-09-07 01:00:00,pm25,PIIANN,77.0,68.878525
2025-02-10 20:00:00,pm25,PIIANN,114.0,85.49796
2024-11-06 19:00:00,pm25,PIIANN,51.0,54.601913
2024-09-05 13:00:00,pm25,PIIANN,53.0,51.670723
2023-06-08 22:00:00,pm25,PIIANN,36.66667,42.25807
2023-02-07 04:00:00,pm25,PIIANN,24.333334,21.609533
2022-07-09 04:00:00,pm25,PIIANN,73.67,60.623085
2025-07-04 23:00:00,pm25,PIIANN,167.0,155.70583
2022-05-08 08:00:00,pm25,PIIANN,67.25,55.417824
2024-05-07 23:00:00,pm25,PIIANN,21.999998,26.743773
2023-11-07 15:00:00,pm25,PIIANN,41.0,29.189154
2025-12-11 16:00:00,pm25,PIIANN,178.0,205.35963
2023-01-11 02:00:00,pm25,PIIANN,227.75,258.50082
2025-01-12 06:00:00,pm25,PIIANN,213.0,220.85222
2025-09-09 00:00:00,pm25,PIIANN,113.0,50.029976
2023-09-04 22:00:00,pm25,PIIANN,180.33333,200.61057
2024-05-07 00:00:00,pm25,PIIANN,63.0,86.781296
2024-04-05 17:00:00,pm25,PIIANN,68.0,63.612766
2022-08-09 05:00:00,pm25,PIIANN,57.25,57.370808
2022-04-05 08:00:00,pm25,PIIANN,105.0,91.77616
2023-02-02 06:00:00,pm25,PIIANN,101.25,105.95286
2025-10-03 06:00:00,pm25,PIIANN,102.0,102.56852
2021-07-12 04:00:00,pm25,PIIANN,161.5,200.09549
2021-02-12 11:00:00,pm25,PIIANN,395.0,377.1655
2024-01-10 11:00:00,pm25,PIIANN,72.0,74.30599
2024-01-12 17:00:00,pm25,PIIANN,102.0,73.21499
2025-07-04 09:00:00,pm25,PIIANN,183.0,199.66792
2024-02-02 05:00:00,pm25,PIIANN,53.25,102.91308
2024-04-10 14:00:00,pm25,PIIANN,35.0,45.04486
2024-03-09 18:00:00,pm25,PIIANN,38.0,30.966383
2024-04-02 23:00:00,pm25,PIIANN,106.67,122.619095
2022-08-07 17:00:00,pm25,PIIANN,23.999998,5.988051
2022-11-01 10:00:00,pm25,PIIANN,277.33,228.53877
2023-02-01 17:00:00,pm25,PIIANN,251.5,231.85516
2024-11-06 06:00:00,pm25,PIIANN,289.0,211.5854
2022-04-03 18:00:00,pm25,PIIANN,65.66999,75.77817
2022-04-11 19:00:00,pm25,PIIANN,313.5,373.80856
2023-01-05 19:00:00,pm25,PIIANN,43.0,41.50067
2025-01-12 00:00:00,pm25,PIIANN,173.0,272.89584
2025-02-09 22:00:00,pm25,PIIANN,45.333336,39.779617
2024-08-09 16:00:00,pm25,PIIANN,66.0,60.885586
2022-09-11 06:00:00,pm25,PIIANN,139.25,136.1296
2023-05-09 13:00:00,pm25,PIIANN,36.0,31.325468
2022-08-06 08:00:00,pm25,PIIANN,82.0,99.67528
2022-05-06 11:00:00,pm25,PIIANN,83.0,60.4034
2022-06-10 19:00:00,pm25,PIIANN,33.75,37.786346
2022-07-04 11:00:00,pm25,PIIANN,114.0,110.0797
2022-01-06 18:00:00,pm25,PIIANN,45.75,64.29056
2025-12-08 17:00:00,pm25,PIIANN,59.0,42.316345
2024-11-08 21:00:00,pm25,PIIANN,26.999998,43.931564
2024-06-07 16:00:00,pm25,PIIANN,18.999998,36.50856
2025-02-03 03:00:00,pm25,PIIANN,71.0,74.66968
2021-08-10 04:00:00,pm25,PIIANN,88.75,77.81497
2023-07-02 00:00:00,pm25,PIIANN,223.33333,263.56717
2022-04-02 14:00:00,pm25,PIIANN,75.25,81.44692
2024-04-11 16:00:00,pm25,PIIANN,163.0,192.95988
2025-02-09 09:00:00,pm25,PIIANN,49.5,31.447363
2024-04-10 02:00:00,pm25,PIIANN,92.0,99.296936
2023-07-03 22:00:00,pm25,PIIANN,159.33333,160.57996
2023-05-01 22:00:00,pm25,PIIANN,467.25,404.09424
2021-04-03 08:00:00,pm25,PIIANN,283.0,277.16718
2023-03-08 16:00:00,pm25,PIIANN,38.333336,29.787527
2022-03-10 22:00:00,pm25,PIIANN,50.33,104.139336
2023-12-06 08:00:00,pm25,PIIANN,80.666664,70.2549
2024-12-08 22:00:00,pm25,PIIANN,47.0,53.054344
2025-01-02 18:00:00,pm25,PIIANN,173.0,199.61986
2023-02-09 08:00:00,pm25,PIIANN,58.666664,54.75979
2022-02-06 03:00:00,pm25,PIIANN,83.75,63.15803
2021-07-04 17:00:00,pm25,PIIANN,44.75,42.149292
2023-09-10 12:00:00,pm25,PIIANN,33.66667,47.10563
2024-01-04 03:00:00,pm25,PIIANN,60.0,45.278297
2025-09-08 12:00:00,pm25,PIIANN,42.0,36.761948
2025-07-05 00:00:00,pm25,PIIANN,95.0,109.91636
2025-09-07 00:00:00,pm25,PIIANN,63.0,96.80551
2021-08-07 10:00:00,pm25,PIIANN,54.0,54.480713
2021-09-11 19:00:00,pm25,PIIANN,251.0,376.1904
2024-04-03 14:00:00,pm25,PIIANN,16.749998,42.584778
2022-08-12 17:00:00,pm25,PIIANN,120.33,119.840126
2023-09-01 21:00:00,pm25,PIIANN,484.5,480.4808
2023-01-10 02:00:00,pm25,PIIANN,72.0,60.808582
2025-05-11 09:00:00,pm25,PIIANN,103.0,125.84556
2023-07-06 22:00:00,pm25,PIIANN,63.999996,78.16968
2024-01-10 00:00:00,pm25,PIIANN,96.0,46.9813
2024-09-05 14:00:00,pm25,PIIANN,52.33,55.346878
2021-09-04 19:00:00,pm25,PIIANN,99.0,88.05662
2022-12-10 20:00:00,pm25,PIIANN,156.75,174.29747
2023-02-06 18:00:00,pm25,PIIANN,36.66667,40.347008
2023-05-06 01:00:00,pm25,PIIANN,69.333336,49.52066
2023-02-12 05:00:00,pm25,PIIANN,278.33334,243.23552
2025-12-12 22:00:00,pm25,PIIANN,493.5,418.33093
2022-05-02 22:00:00,pm25,PIIANN,467.75,351.08264
2021-02-07 08:00:00,pm25,PIIANN,49.5,47.56755
2024-01-08 19:00:00,pm25,PIIANN,11.999999,34.82296
2021-10-09 08:00:00,pm25,PIIANN,34.25,40.11154
2021-12-07 01:00:00,pm25,PIIANN,26.499998,36.34305
2025-07-11 19:00:00,pm25,PIIANN,160.0,206.69691
2023-11-11 06:00:00,pm25,PIIANN,113.0,98.49169
2023-11-05 02:00:00,pm25,PIIANN,269.5,174.8293
2025-08-03 07:00:00,pm25,PIIANN,96.0,100.61762
2024-08-11 11:00:00,pm25,PIIANN,231.0,249.20596
2021-02-07 11:00:00,pm25,PIIANN,60.0,69.88293
2025-03-09 21:00:00,pm25,PIIANN,83.0,38.987305
2021-04-09 08:00:00,pm25,PIIANN,13.249999,40.02263
2021-02-03 09:00:00,pm25,PIIANN,95.0,98.57401
2025-02-13 01:00:00,pm25,PIIANN,338.86493,343.24478
2022-09-10 20:00:00,pm25,PIIANN,15.330001,36.736244
2022-08-04 01:00:00,pm25,PIIANN,203.67,242.43246
2022-01-12 12:00:00,pm25,PIIANN,223.75,261.4608
2022-10-09 14:00:00,pm25,PIIANN,58.749996,45.469803
2025-08-06 12:00:00,pm25,PIIANN,74.0,69.85466
2022-05-05 11:00:00,pm25,PIIANN,54.5,54.499336
2022-02-02 04:00:00,pm25,PIIANN,189.5,191.86101
2023-06-12 01:00:00,pm25,PIIANN,195.33333,167.52446
2025-11-06 05:00:00,pm25,PIIANN,108.0,142.51212
2024-08-11 21:00:00,pm25,PIIANN,225.0,314.0083
2023-02-01 09:00:00,pm25,PIIANN,187.0,192.68703
2025-03-09 12:00:00,pm25,PIIANN,81.0,45.94545
2022-06-10 14:00:00,pm25,PIIANN,7.4999986,29.696295
2021-08-08 23:00:00,pm25,PIIANN,43.75,49.743073
2021-07-08 13:00:00,pm25,PIIANN,13.749999,39.421654
2025-04-06 06:00:00,pm25,PIIANN,84.0,96.76841
2025-04-12 06:00:00,pm25,PIIANN,235.0,231.66072
2022-03-02 15:00:00,pm25,PIIANN,175.25,131.06577
2024-09-03 23:00:00,pm25,PIIANN,78.75,116.25059
2022-10-10 18:00:00,pm25,PIIANN,23.33,42.741386
2021-04-01 14:00:00,pm25,PIIANN,90.0,101.02831
2024-04-04 17:00:00,pm25,PIIANN,25.669996,35.39315
2021-10-04 22:00:00,pm25,PIIANN,131.5,115.15468
2021-10-06 05:00:00,pm25,PIIANN,56.0,56.226265
2025-11-12 23:00:00,pm25,PIIANN,399.0,309.2305
2025-05-05 21:00:00,pm25,PIIANN,81.0,67.628586
2023-10-06 18:00:00,pm25,PIIANN,30.666662,49.660324
2021-06-05 20:00:00,pm25,PIIANN,31.249998,71.54346
2021-11-12 22:00:00,pm25,PIIANN,318.5,329.81265
2023-10-05 19:00:00,pm25,PIIANN,79.75,58.15423
2021-03-02 02:00:00,pm25,PIIANN,307.0,328.60532
2024-10-07 01:00:00,pm25,PIIANN,124.68,102.41742
2024-01-04 06:00:00,pm25,PIIANN,62.0,71.45508
2022-11-04 10:00:00,pm25,PIIANN,236.67,230.20776
2022-03-11 04:00:00,pm25,PIIANN,761.5,612.72955
2024-04-07 07:00:00,pm25,PIIANN,59.0,61.142437
2021-10-08 09:00:00,pm25,PIIANN,52.0,52.1352
2022-10-09 15:00:00,pm25,PIIANN,48.0,47.110046
2025-03-04 14:00:00,pm25,PIIANN,30.999998,42.198647
2023-10-10 15:00:00,pm25,PIIANN,51.25,49.203186
2024-12-08 02:00:00,pm25,PIIANN,24.999998,12.400191
2024-03-07 13:00:00,pm25,PIIANN,81.0,115.1005
2023-01-05 12:00:00,pm25,PIIANN,19.333334,46.75859
2022-06-06 02:00:00,pm25,PIIANN,65.6,62.24415
2022-04-07 02:00:00,pm25,PIIANN,70.33,57.032784
2023-11-03 13:00:00,pm25,PIIANN,49.66667,49.35736
2025-08-10 16:00:00,pm25,PIIANN,45.0,43.41114
2024-09-10 21:00:00,pm25,PIIANN,96.0,95.31485
2025-02-06 18:00:00,pm25,PIIANN,63.999996,59.605618
2022-05-02 23:00:00,pm25,PIIANN,589.75,309.59113
2023-09-06 16:00:00,pm25,PIIANN,17.499998,19.104475
2025-08-07 22:00:00,pm25,PIIANN,58.000004,70.66576
2024-10-09 22:00:00,pm25,PIIANN,27.999998,49.936684
2022-02-01 14:00:00,pm25,PIIANN,190.0,208.93292
2024-07-09 23:00:00,pm25,PIIANN,41.0,48.834053
2022-04-07 09:00:00,pm25,PIIANN,75.33,61.317154
2021-04-08 15:00:00,pm25,PIIANN,18.249998,15.781356
2021-04-08 16:00:00,pm25,PIIANN,23.749998,16.804266
2024-08-05 23:00:00,pm25,PIIANN,62.0,64.40993
2022-01-10 14:00:00,pm25,PIIANN,53.25,54.189423
2024-08-08 13:00:00,pm25,PIIANN,17.999998,33.335472
2025-11-12 16:00:00,pm25,PIIANN,92.0,117.85755
2022-10-06 06:00:00,pm25,PIIANN,98.0,74.113976
2024-06-11 07:00:00,pm25,PIIANN,283.0,340.50363
2022-06-03 16:00:00,pm25,PIIANN,71.0,65.74697
2021-07-09 23:00:00,pm25,PIIANN,30.249998,49.713127
2024-07-03 13:00:00,pm25,PIIANN,83.0,56.111794
2025-10-04 05:00:00,pm25,PIIANN,56.0,76.11991
2025-05-07 06:00:00,pm25,PIIANN,49.0,63.87053
2025-08-06 03:00:00,pm25,PIIANN,86.0,96.77275
2021-10-11 23:00:00,pm25,PIIANN,313.25,317.81042
2024-07-05 12:00:00,pm25,PIIANN,191.0,181.2629
2022-11-02 04:00:00,pm25,PIIANN,95.5,97.73631
2025-11-12 15:00:00,pm25,PIIANN,114.0,109.68474
2023-03-08 11:00:00,pm25,PIIANN,45.0,34.66211
2023-05-03 08:00:00,pm10,PIIANN,262.25,213.40686
2024-10-01 21:00:00,pm10,PIIANN,544.25,474.9727
2022-10-03 09:00:00,pm10,PIIANN,239.0,216.78928
2021-03-09 18:00:00,pm10,PIIANN,154.25,91.81922
2021-02-08 08:00:00,pm10,PIIANN,80.99999,96.93711
2024-02-02 19:00:00,pm10,PIIANN,364.0,316.12622
2021-08-04 10:00:00,pm10,PIIANN,257.0,215.56165
2023-12-02 15:00:00,pm10,PIIANN,197.0,161.82593
2025-11-09 07:00:00,pm10,PIIANN,121.99999,134.48643
2023-08-04 14:00:00,pm10,PIIANN,93.74999,137.52988
2023-06-01 14:00:00,pm10,PIIANN,482.0,287.19092
2022-05-02 12:00:00,pm10,PIIANN,255.0,229.04982
2022-09-12 05:00:00,pm10,PIIANN,394.0,394.8674
2021-04-03 14:00:00,pm10,PIIANN,241.0,248.89511
2024-10-05 03:00:00,pm10,PIIANN,219.25,251.93248
2022-05-01 13:00:00,pm10,PIIANN,489.24997,659.8247
2022-03-06 19:00:00,pm10,PIIANN,287.5,273.45093
2023-12-07 20:00:00,pm10,PIIANN,57.24998,67.149254
2021-10-12 04:00:00,pm10,PIIANN,302.25,347.02704
2022-09-08 08:00:00,pm10,PIIANN,202.0,145.9781
2025-12-10 20:00:00,pm10,PIIANN,298.0,275.31622
2025-03-05 09:00:00,pm10,PIIANN,323.0,326.38977
2021-09-05 04:00:00,pm10,PIIANN,116.49999,145.69281
2024-10-12 11:00:00,pm10,PIIANN,262.0,251.54897
2022-11-10 09:00:00,pm10,PIIANN,103.74999,101.052864
2021-02-10 00:00:00,pm10,PIIANN,242.25,107.5113
2021-04-09 21:00:00,pm10,PIIANN,153.5,96.23591
2022-08-09 18:00:00,pm10,PIIANN,221.25,164.1589
2023-01-10 14:00:00,pm10,PIIANN,165.5,165.40465
2024-11-10 22:00:00,pm10,PIIANN,206.0,256.614
2021-11-05 00:00:00,pm10,PIIANN,209.5,306.37537
2021-05-11 19:00:00,pm10,PIIANN,881.25,746.3154
2022-10-10 10:00:00,pm10,PIIANN,17.999996,12.80067
2022-04-12 06:00:00,pm10,PIIANN,554.25,586.9809
2023-12-07 21:00:00,pm10,PIIANN,73.99998,76.207985
2024-02-09 16:00:00,pm10,PIIANN,66.99999,94.45112
2021-05-04 23:00:00,pm10,PIIANN,485.5,372.1018
2023-08-07 00:00:00,pm10,PIIANN,79.99999,283.30643
2021-03-09 19:00:00,pm10,PIIANN,150.5,117.29127
2022-07-05 14:00:00,pm10,PIIANN,196.05,201.76018
2025-05-12 01:00:00,pm10,PIIANN,378.0,497.2687
2022-07-05 03:00:00,pm10,PIIANN,138.0,211.76474
2023-04-04 06:00:00,pm10,PIIANN,86.99999,148.64754
2021-08-11 00:00:00,pm10,PIIANN,483.25,407.027
2022-09-08 15:00:00,pm10,PIIANN,86.49999,109.63636
2024-12-09 08:00:00,pm10,PIIANN,19.999996,47.993618
2022-04-06 22:00:00,pm10,PIIANN,381.25,444.60266
2023-06-12 12:00:00,pm10,PIIANN,267.25,335.0082
2024-12-08 12:00:00,pm10,PIIANN,67.99999,59.666912
2021-01-04 02:00:00,pm10,PIIANN,152.75,185.75372
2025-05-05 12:00:00,pm10,PIIANN,106.99999,144.37007
2024-03-05 12:00:00,pm10,PIIANN,272.75,240.61354
2022-12-06 02:00:00,pm10,PIIANN,354.75,292.47522
2025-07-04 07:00:00,pm10,PIIANN,417.0,439.01538
2024-02-04 21:00:00,pm10,PIIANN,363.5,331.11514
2022-11-04 00:00:00,pm10,PIIANN,397.5,275.11432
2025-09-02 07:00:00,pm10,PIIANN,278.0,271.35468
2021-09-11 12:00:00,pm10,PIIANN,483.99997,562.18365
2021-05-10 01:00:00,pm10,PIIANN,143.75,235.19156
2021-01-12 19:00:00,pm10,PIIANN,610.5,587.64923
2022-06-12 21:00:00,pm10,PIIANN,358.74658,408.74234
2023-05-08 02:00:00,pm10,PIIANN,98.90908,80.80616
2025-11-11 20:00:00,pm10,PIIANN,565.0,681.0112
2025-02-04 07:00:00,pm10,PIIANN,564.0,474.05777
2025-07-05 07:00:00,pm10,PIIANN,263.0,236.80556
2022-08-06 15:00:00,pm10,PIIANN,267.75,269.9277
2022-02-07 08:00:00,pm10,PIIANN,205.5,182.15375
2022-02-03 07:00:00,pm10,PIIANN,293.0,284.66058
2025-02-06 07:00:00,pm10,PIIANN,123.99999,175.4519
2022-10-08 07:00:00,pm10,PIIANN,195.25,127.679115
2021-04-01 09:00:00,pm10,PIIANN,216.25,167.216
2023-08-05 04:00:00,pm10,PIIANN,180.0,210.57538
2025-10-11 21:00:00,pm10,PIIANN,654.0,615.34326
2022-12-12 02:00:00,pm10,PIIANN,178.0,210.63998
2021-04-08 20:00:00,pm10,PIIANN,135.75,83.98368
2023-07-09 18:00:00,pm10,PIIANN,89.24998,152.35771
2021-06-05 15:00:00,pm10,PIIANN,219.25,130.85454
2023-04-10 19:00:00,pm10,PIIANN,307.5,259.00015
2025-09-07 16:00:00,pm10,PIIANN,98.99999,123.41074
2022-11-08 05:00:00,pm10,PIIANN,52.249996,46.779827
2023-04-05 08:00:00,pm10,PIIANN,194.0,115.29792
2023-09-10 10:00:00,pm10,PIIANN,165.0,196.91693
2024-07-03 23:00:00,pm10,PIIANN,258.75,270.21957
2023-02-09 01:00:00,pm10,PIIANN,166.0,127.19947
2025-04-02 18:00:00,pm10,PIIANN,431.99997,343.18326
2021-09-12 15:00:00,pm10,PIIANN,236.0,279.56226
2024-11-09 19:00:00,pm10,PIIANN,206.0,105.26824
2023-07-11 02:00:00,pm10,PIIANN,793.75,763.3688
2025-08-07 05:00:00,pm10,PIIANN,136.00002,137.13141
2025-01-02 19:00:00,pm10,PIIANN,505.99997,425.2638
2024-10-03 08:00:00,pm10,PIIANN,321.25,294.13794
2022-09-07 17:00:00,pm10,PIIANN,58.999996,101.906
2024-08-10 23:00:00,pm10,PIIANN,251.0,282.24573
2024-10-03 21:00:00,pm10,PIIANN,269.5,295.73853
2025-06-11 04:00:00,pm10,PIIANN,339.0,341.44315
2025-05-03 02:00:00,pm10,PIIANN,151.0,149.14397
2022-09-04 07:00:00,pm10,PIIANN,405.75,419.70358
2024-11-03 02:00:00,pm10,PIIANN,251.25,240.78404
2023-11-11 09:00:00,pm10,PIIANN,182.75,216.47177
2021-03-03 13:00:00,pm10,PIIANN,214.25,255.24503
2022-06-04 01:00:00,pm10,PIIANN,267.75,305.51056
2022-03-11 17:00:00,pm10,PIIANN,545.75,531.16547
2021-11-04 09:00:00,pm10,PIIANN,294.0,307.16275
2023-01-07 07:00:00,pm10,PIIANN,46.74998,44.157726
2024-02-03 03:00:00,pm10,PIIANN,75.00001,153.05681
2024-07-08 07:00:00,pm10,PIIANN,269.33334,199.8074
2021-11-06 15:00:00,pm10,PIIANN,242.0,146.00446
2021-12-04 17:00:00,pm10,PIIANN,202.25,199.19427
2022-01-12 04:00:00,pm10,PIIANN,379.25,432.02234
2022-06-04 17:00:00,pm10,PIIANN,156.25,205.69905
2022-11-05 18:00:00,pm10,PIIANN,166.5,182.25755
2021-04-09 20:00:00,pm10,PIIANN,122.74999,90.35525
2022-07-11 12:00:00,pm10,PIIANN,341.0,339.20523
2022-05-03 12:00:00,pm10,PIIANN,148.5,146.68568
2024-05-06 08:00:00,pm10,PIIANN,329.0,298.16016
2025-06-03 13:00:00,pm10,PIIANN,186.0,172.49666
2022-03-06 02:00:00,pm10,PIIANN,306.25,292.28732
2024-06-02 21:00:00,pm10,PIIANN,683.5,476.14
2022-11-01 21:00:00,pm10,PIIANN,199.75,301.7332
2023-11-06 03:00:00,pm10,PIIANN,104.49999,112.11181
2021-05-07 06:00:00,pm10,PIIANN,187.5,192.92082
2023-03-11 19:00:00,pm10,PIIANN,473.99997,445.60913
2024-03-01 19:00:00,pm10,PIIANN,461.25,395.35706
2025-03-09 14:00:00,pm10,PIIANN,44.999996,113.60058
2023-09-05 10:00:00,pm10,PIIANN,389.5,352.3802
2022-02-11 20:00:00,pm10,PIIANN,800.5,772.796
2022-11-06 10:00:00,pm10,PIIANN,346.5,275.48233
2022-04-07 18:00:00,pm10,PIIANN,123.99999,147.1457
2022-10-12 23:00:00,pm10,PIIANN,616.75,501.56998
2022-05-04 11:00:00,pm10,PIIANN,260.75,251.41025
2024-06-07 17:00:00,pm10,PIIANN,67.99999,78.87043
2021-04-02 16:00:00,pm10,PIIANN,110.99999,183.0708
2024-02-08 02:00:00,pm10,PIIANN,147.00002,115.548225
2022-10-07 07:00:00,pm10,PIIANN,70.74999,70.244225
2023-02-12 08:00:00,pm10,PIIANN,477.5,484.28983
2024-08-06 10:00:00,pm10,PIIANN,257.0,232.26242
2021-02-06 09:00:00,pm10,PIIANN,147.25,129.59084
2021-03-02 04:00:00,pm10,PIIANN,335.0,414.34628
2023-06-08 14:00:00,pm10,PIIANN,105.99999,111.08686
2022-01-04 22:00:00,pm10,PIIANN,510.0,445.8695
2023-06-05 04:00:00,pm10,PIIANN,364.5,348.28995
2023-07-07 10:00:00,pm10,PIIANN,62.49998,69.04771
2023-02-02 11:00:00,pm10,PIIANN,219.75,230.37852
2023-02-04 22:00:00,pm10,PIIANN,268.0,249.06711
2021-02-12 16:00:00,pm10,PIIANN,373.0,411.70264
2022-12-04 06:00:00,pm10,PIIANN,282.5,350.01398
2022-12-05 02:00:00,pm10,PIIANN,93.99999,73.25335
2022-11-11 06:00:00,pm10,PIIANN,562.25,542.90985
2022-05-11 02:00:00,pm10,PIIANN,327.75,428.17938
2021-10-08 07:00:00,pm10,PIIANN,151.25,125.99688
2023-01-07 17:00:00,pm10,PIIANN,55.999996,122.37748
2023-03-08 10:00:00,pm10,PIIANN,106.99999,81.792595
2022-05-12 13:00:00,pm10,PIIANN,264.0,251.36713
2022-01-12 06:00:00,pm10,PIIANN,369.25,368.7254
2021-07-07 00:00:00,pm10,PIIANN,282.25,291.64847
2022-09-09 12:00:00,pm10,PIIANN,144.75,176.68391
2021-01-07 11:00:00,pm10,PIIANN,319.0,264.6276
2021-01-07 03:00:00,pm10,PIIANN,146.0,205.19258
2023-09-11 19:00:00,pm10,PIIANN,666.25,655.11383
2021-03-07 16:00:00,pm10,PIIANN,250.75,178.028
2025-03-05 10:00:00,pm10,PIIANN,271.0,301.17343
2024-03-11 13:00:00,pm10,PIIANN,389.0,504.9698
2022-01-02 22:00:00,pm10,PIIANN,333.75,363.111
2022-09-05 13:00:00,pm10,PIIANN,160.0,150.8908
2022-02-10 12:00:00,pm10,PIIANN,167.75002,196.44586
2025-04-07 09:00:00,pm10,PIIANN,82.99999,93.29073
2021-12-02 16:00:00,pm10,PIIANN,438.0,403.5502
2025-03-05 17:00:00,pm10,PIIANN,191.0,167.40733
2025-05-08 21:00:00,pm10,PIIANN,98.99999,148.03574
2024-12-07 00:00:00,pm10,PIIANN,392.2353,314.65402
2021-03-09 01:00:00,pm10,PIIANN,82.24999,98.69494
2024-10-03 23:00:00,pm10,PIIANN,190.25,244.50476
2021-02-11 07:00:00,pm10,PIIANN,422.5,356.0555
2022-09-07 19:00:00,pm10,PIIANN,47.499996,96.21824
2021-11-05 06:00:00,pm10,PIIANN,164.5,176.82341
2024-04-02 13:00:00,pm10,PIIANN,259.25,274.25058
2025-12-09 15:00:00,pm10,PIIANN,130.0,152.9698
2021-06-07 17:00:00,pm10,PIIANN,220.0,187.19734
2023-02-04 04:00:00,pm10,PIIANN,178.5,149.36516
2025-06-10 05:00:00,pm10,PIIANN,33.00001,96.09992
2023-06-01 18:00:00,pm10,PIIANN,454.25,509.2624
2022-02-04 20:00:00,pm10,PIIANN,380.25,386.0849
2025-02-09 12:00:00,pm10,PIIANN,71.99999,66.09319
2021-03-09 15:00:00,pm10,PIIANN,77.74999,67.586494
2025-09-02 19:00:00,pm10,PIIANN,400.0,392.0284
2023-09-04 16:00:00,pm10,PIIANN,123.99999,157.31584
2024-11-04 03:00:00,pm10,PIIANN,445.0,386.6788
2023-06-07 03:00:00,pm10,PIIANN,67.24999,80.30743
2023-03-10 20:00:00,pm10,PIIANN,339.75,309.70303
2022-02-06 06:00:00,pm10,PIIANN,278.5,288.20657
2025-07-11 05:00:00,pm10,PIIANN,649.0,575.38403
2021-11-10 01:00:00,pm10,PIIANN,326.25,257.69424
2025-09-05 22:00:00,pm10,PIIANN,346.0,378.9386
2025-07-11 08:00:00,pm10,PIIANN,482.0,545.78687
2024-05-04 09:00:00,pm10,PIIANN,272.75,281.0501
2023-04-06 20:00:00,pm10,PIIANN,226.25,280.16577
2024-12-09 04:00:00,pm10,PIIANN,107.99999,93.57322
2021-01-02 14:00:00,pm10,PIIANN,376.0,436.77054
2025-02-01 23:00:00,pm10,PIIANN,616.0,568.70435
2024-07-02 11:00:00,pm10,PIIANN,215.25,219.53409
2022-05-04 19:00:00,pm10,PIIANN,293.5,308.49802
2021-08-11 06:00:00,pm10,PIIANN,592.0,615.7985
2025-01-09 22:00:00,pm10,PIIANN,43.999996,90.79589
2023-09-09 15:00:00,pm10,PIIANN,32.249996,28.872799
2023-02-10 05:00:00,pm10,PIIANN,209.25,187.26407
2024-01-03 21:00:00,pm10,PIIANN,393.25,357.01624
2024-10-01 17:00:00,pm10,PIIANN,408.25,318.50006
2021-05-09 14:00:00,pm10,PIIANN,54.999996,89.19215
2024-01-11 21:00:00,pm10,PIIANN,978.0,692.9045
2025-09-12 10:00:00,pm10,PIIANN,305.0,294.28247
2025-06-04 08:00:00,pm10,PIIANN,449.0,475.97046
2021-06-10 17:00:00,pm10,PIIANN,111.24999,117.1191
2024-11-10 08:00:00,pm10,PIIANN,229.0,253.01955
2022-08-07 08:00:00,pm10,PIIANN,135.75,105.54488
2024-06-05 02:00:00,pm10,PIIANN,341.5,357.8704
2021-07-05 15:00:00,pm10,PIIANN,96.49999,107.73264
2024-06-09 15:00:00,pm10,PIIANN,80.99999,93.21154
2024-05-09 17:00:00,pm10,PIIANN,130.0,106.34135
2021-07-04 03:00:00,pm10,PIIANN,620.25,323.05493
2022-01-04 14:00:00,pm10,PIIANN,155.75,177.10909
2023-12-09 12:00:00,pm10,PIIANN,116.49999,88.25643
2023-11-10 17:00:00,pm10,PIIANN,141.0,175.51431
2024-02-05 18:00:00,pm10,PIIANN,202.75,230.4428
2025-06-04 07:00:00,pm10,PIIANN,530.0,490.46112
2021-10-07 11:00:00,pm10,PIIANN,95.99999,91.74047
2023-01-05 17:00:00,pm10,PIIANN,68.24998,69.9697
2025-12-10 03:00:00,pm10,PIIANN,232.0,228.54164
2024-11-01 20:00:00,pm10,PIIANN,584.75,549.5809
2022-07-10 19:00:00,pm10,PIIANN,68.49999,57.53857
2021-06-09 11:00:00,pm10,PIIANN,125.24999,180.6019
2022-12-07 16:00:00,pm10,PIIANN,35.999996,75.2934
2025-01-09 11:00:00,pm10,PIIANN,219.25,215.16548
2022-09-05 16:00:00,pm10,PIIANN,145.75,140.56909
2022-04-09 10:00:00,pm10,PIIANN,111.49999,107.5489
2021-05-06 12:00:00,pm10,PIIANN,121.74999,111.21262
2025-12-04 19:00:00,pm10,PIIANN,164.0,213.5291
2022-06-01 13:00:00,pm10,PIIANN,134.75,208.23271
2023-04-11 22:00:00,pm10,PIIANN,969.25,779.1785
2025-07-12 06:00:00,pm10,PIIANN,279.0,285.02753
2022-04-04 02:00:00,pm10,PIIANN,438.0,462.4417
2022-03-06 11:00:00,pm10,PIIANN,213.75,242.00638
2021-12-07 12:00:00,pm10,PIIANN,103.99999,77.76406
2021-07-09 15:00:00,pm10,PIIANN,98.24999,89.89736
2023-10-13 02:00:00,pm10,PIIANN,394.26202,400.16266
2022-04-10 10:00:00,pm10,PIIANN,257.5,217.96786
2023-11-06 13:00:00,pm10,PIIANN,197.75,150.97264
2023-08-10 22:00:00,pm10,PIIANN,283.5,265.30908
2024-07-11 00:00:00,pm10,PIIANN,658.0,292.70993
2023-10-10 23:00:00,pm10,PIIANN,266.5,388.10202
2023-11-05 04:00:00,pm10,PIIANN,502.5,482.91876
2023-07-12 19:00:00,pm10,PIIANN,509.5,446.94772
2021-10-08 08:00:00,pm10,PIIANN,146.75002,130.25766
2025-12-01 22:00:00,pm10,PIIANN,406.0,483.79553
2021-09-02 03:00:00,pm10,PIIANN,219.25,358.04904
2022-01-11 08:00:00,pm10,PIIANN,634.5,653.84674
2023-01-09 01:00:00,pm10,PIIANN,151.0,103.543144
2022-03-08 12:00:00,pm10,PIIANN,163.0,143.28653
2024-11-02 00:00:00,pm10,PIIANN,398.25,438.4545
2022-03-02 07:00:00,pm10,PIIANN,268.75,283.5104
2021-08-06 00:00:00,pm10,PIIANN,268.75,234.36906
2024-11-05 06:00:00,pm10,PIIANN,320.5,268.28134
2025-12-12 00:00:00,pm10,PIIANN,627.6667,567.90015
2021-12-02 01:00:00,pm10,PIIANN,362.0,385.31772
2022-07-04 19:00:00,pm10,PIIANN,336.0,375.69574
2024-06-04 06:00:00,pm10,PIIANN,384.5,333.27756
2024-02-12 19:00:00,pm10,PIIANN,354.0,391.37067
2023-02-08 14:00:00,pm10,PIIANN,95.74999,102.210075
2024-02-05 00:00:00,pm10,PIIANN,326.0,248.43175
2025-10-03 00:00:00,pm10,PIIANN,346.0,331.89978
2022-01-07 11:00:00,pm10,PIIANN,81.24999,69.67742
2024-05-05 23:00:00,pm10,PIIANN,457.25,399.56818
2023-10-11 20:00:00,pm10,PIIANN,194.0,254.23723
2022-12-03 10:00:00,pm10,PIIANN,254.25,280.85593
2023-02-07 08:00:00,pm10,PIIANN,59.499996,79.62673
2023-09-03 08:00:00,pm10,PIIANN,171.75,169.16084
2022-06-11 20:00:00,pm10,PIIANN,483.0,512.4488
2025-06-05 07:00:00,pm10,PIIANN,384.0,192.2635
2022-05-11 11:00:00,pm10,PIIANN,369.25,352.53232
2022-11-09 02:00:00,pm10,PIIANN,75.49999,108.10789
2024-03-11 14:00:00,pm10,PIIANN,266.0,381.93848
2021-08-07 18:00:00,pm10,PIIANN,235.75,212.2805
2021-07-02 04:00:00,pm10,PIIANN,317.75,329.2313
2023-03-10 00:00:00,pm10,PIIANN,224.5,174.22247
2025-04-05 06:00:00,pm10,PIIANN,558.0,467.44424
2021-04-11 09:00:00,pm10,PIIANN,567.5,561.819
2021-07-10 20:00:00,pm10,PIIANN,370.75,262.4201
2021-07-03 11:00:00,pm10,PIIANN,361.75,367.40933
2025-03-09 11:00:00,pm10,PIIANN,46.999996,86.6777
2022-10-03 18:00:00,pm10,PIIANN,218.0,202.04982
2021-09-03 00:00:00,pm10,PIIANN,362.25,655.7945
2021-09-05 00:00:00,pm10,PIIANN,193.75,285.81146
2025-02-07 20:00:00,pm10,PIIANN,112.99999,136.76282
2024-02-01 22:00:00,pm10,PIIANN,508.5,543.2923
2022-10-07 23:00:00,pm10,PIIANN,77.99999,113.459465
2024-05-06 11:00:00,pm10,PIIANN,465.0,293.9737
2024-01-07 09:00:00,pm10,PIIANN,136.00002,149.91591
2022-03-02 13:00:00,pm10,PIIANN,215.25,244.29013
2024-08-12 04:00:00,pm10,PIIANN,376.0,343.8144
2025-07-04 17:00:00,pm10,PIIANN,300.0,241.61584
2022-12-04 23:00:00,pm10,PIIANN,343.0,327.7653
2024-04-12 18:00:00,pm10,PIIANN,290.0,249.11641
2021-10-08 14:00:00,pm10,PIIANN,209.0,161.0651
2025-11-12 02:00:00,pm10,PIIANN,433.0,419.74554
2022-10-08 06:00:00,pm10,PIIANN,138.5,103.05923
2023-08-04 12:00:00,pm10,PIIANN,87.24999,149.59544
2022-02-07 11:00:00,pm10,PIIANN,93.49999,167.4666
2025-08-04 06:00:00,pm10,PIIANN,248.0,264.06885
2023-03-03 07:00:00,pm10,PIIANN,251.75,199.0214
2025-12-03 04:00:00,pm10,PIIANN,313.0,306.3512
2025-09-06 18:00:00,pm10,PIIANN,295.0,309.81335
2023-11-03 20:00:00,pm10,PIIANN,359.0,356.48444
2023-06-08 13:00:00,pm10,PIIANN,115.99999,106.67422
2022-10-04 13:00:00,pm10,PIIANN,175.75,220.48576
2025-12-11 23:00:00,pm10,PIIANN,670.0,649.68774
2025-02-07 08:00:00,pm10,PIIANN,207.0,199.42348
2022-02-05 08:00:00,pm10,PIIANN,203.5,200.14365
2023-10-07 09:00:00,pm10,PIIANN,97.24999,63.90687
2022-08-03 03:00:00,pm10,PIIANN,336.5,334.982
2023-11-09 04:00:00,pm10,PIIANN,20.749996,34.20059
2025-06-07 03:00:00,pm10,PIIANN,105.99999,116.781166
2021-02-09 15:00:00,pm10,PIIANN,22.749996,34.88885
2021-05-07 13:00:00,pm10,PIIANN,227.75,203.17441
2021-03-01 23:00:00,pm10,PIIANN,150.0,239.47066
2021-02-08 13:00:00,pm10,PIIANN,43.999996,89.37112
2023-06-02 19:00:00,pm10,PIIANN,355.75,330.51877
2023-09-10 09:00:00,pm10,PIIANN,176.5,207.99011
2022-07-06 01:00:00,pm10,PIIANN,247.0,289.18616
2021-10-06 17:00:00,pm10,PIIANN,260.5,218.032
2023-02-08 05:00:00,pm10,PIIANN,59.25001,49.108273
2025-07-08 06:00:00,pm10,PIIANN,130.0,132.99873
2022-09-02 15:00:00,pm10,PIIANN,83.24999,148.06818
2021-08-11 05:00:00,pm10,PIIANN,592.25,639.758
2021-12-09 11:00:00,pm10,PIIANN,61.499996,46.43153
2025-05-10 11:00:00,pm10,PIIANN,135.0,141.37335
2024-03-12 07:00:00,pm10,PIIANN,328.0,399.0727
2025-09-02 13:00:00,pm10,PIIANN,295.0,249.80934
2025-01-06 23:00:00,pm10,PIIANN,143.0,197.8895
2022-06-12 07:00:00,pm10,PIIANN,360.5,332.7275
2024-12-09 20:00:00,pm10,PIIANN,56.999996,62.360455
2021-07-06 20:00:00,pm10,PIIANN,238.5,244.336
2021-10-09 21:00:00,pm10,PIIANN,37.999996,96.9511
2025-07-01 22:00:00,pm10,PIIANN,597.0,564.9985
2025-12-08 15:00:00,pm10,PIIANN,135.0,105.42443
2021-09-03 14:00:00,pm10,PIIANN,273.25,252.56845
2021-09-10 17:00:00,pm10,PIIANN,197.5,166.9757
2021-06-10 13:00:00,pm10,PIIANN,116.24999,159.25407
2023-03-01 20:00:00,pm10,PIIANN,738.5,661.85803
2025-06-10 09:00:00,pm10,PIIANN,62.99998,84.32653
2021-07-07 08:00:00,pm10,PIIANN,259.75,304.93274
2024-07-05 19:00:00,pm10,PIIANN,329.33,307.36655
2022-09-11 13:00:00,pm10,PIIANN,197.0,196.46085
2024-01-04 12:00:00,pm10,PIIANN,192.0,178.06764
2022-11-03 15:00:00,pm10,PIIANN,148.0,173.04512
2024-11-05 22:00:00,pm10,PIIANN,211.0,276.7975
2024-08-10 08:00:00,pm10,PIIANN,456.0,316.0071
2025-05-03 04:00:00,pm10,PIIANN,113.99999,161.06548
2021-07-03 19:00:00,pm10,PIIANN,234.25,260.15726
2025-06-12 03:00:00,pm10,PIIANN,284.0,301.22458
2024-07-02 09:00:00,pm10,PIIANN,279.0,291.21426
2025-12-03 05:00:00,pm10,PIIANN,315.0,300.89645
2021-12-08 15:00:00,pm10,PIIANN,188.0,159.68741
2025-10-11 00:00:00,pm10,PIIANN,466.0,382.59634
2021-04-06 02:00:00,pm10,PIIANN,230.25,227.27422
2022-03-07 16:00:00,pm10,PIIANN,28.499996,49.604855
2025-09-04 21:00:00,pm10,PIIANN,431.99997,428.68854
2021-11-09 18:00:00,pm10,PIIANN,18.999996,44.327816
2024-01-09 17:00:00,pm10,PIIANN,98.99999,128.5926
2025-12-11 20:00:00,pm10,PIIANN,720.0,688.17737
2024-02-01 11:00:00,pm10,PIIANN,244.5,294.4549
2021-02-10 11:00:00,pm10,PIIANN,122.74999,151.95828
2024-12-02 16:00:00,pm10,PIIANN,239.5,257.9931
2025-07-07 13:00:00,pm10,PIIANN,69.99999,73.05541
2022-05-12 18:00:00,pm10,PIIANN,499.25,403.0373
2021-08-04 11:00:00,pm10,PIIANN,216.5,198.48605
2021-02-07 22:00:00,pm10,PIIANN,116.74999,186.0797
2021-12-10 02:00:00,pm10,PIIANN,356.75,239.00195
2021-06-11 02:00:00,pm10,PIIANN,536.75,581.36414
2022-12-05 20:00:00,pm10,PIIANN,271.5,278.7732
2024-08-04 09:00:00,pm10,PIIANN,348.0,367.01248
2025-07-10 10:00:00,pm10,PIIANN,40.999996,33.160824
2024-10-04 13:00:00,pm10,PIIANN,180.0,218.60588
2024-09-04 03:00:00,pm10,PIIANN,248.0,303.19357
2025-01-12 11:00:00,pm10,PIIANN,335.0,323.02286
2021-09-06 18:00:00,pm10,PIIANN,368.5,310.4626
2025-05-08 04:00:00,pm10,PIIANN,106.99999,106.37113
2021-04-12 21:00:00,pm10,PIIANN,399.5,577.3336
2025-08-03 02:00:00,pm10,PIIANN,233.0,268.42905
2025-02-04 14:00:00,pm10,PIIANN,151.0,198.26382
2025-05-07 22:00:00,pm10,PIIANN,111.99999,146.33727
2022-03-12 03:00:00,pm10,PIIANN,552.0,554.75214
2021-01-12 14:00:00,pm10,PIIANN,524.0,559.85034
2022-02-03 01:00:00,pm10,PIIANN,323.0,346.32108
2021-05-12 13:00:00,pm10,PIIANN,230.5,267.59488
2023-11-07 12:00:00,pm10,PIIANN,70.99999,53.869213
2023-06-05 08:00:00,pm10,PIIANN,504.25,485.5345
2024-10-12 14:00:00,pm10,PIIANN,144.0,192.46991
2022-07-09 02:00:00,pm10,PIIANN,118.99999,123.17274
2021-06-02 14:00:00,pm10,PIIANN,151.0,175.80038
2025-02-03 17:00:00,pm10,PIIANN,105.99999,129.87549
2024-12-04 15:00:00,pm10,PIIANN,157.75,206.82375
2024-10-07 02:00:00,pm10,PIIANN,373.32,320.13202
2022-09-06 03:00:00,pm10,PIIANN,178.75,171.62895
2024-01-07 19:00:00,pm10,PIIANN,197.0,223.25735
2024-05-07 16:00:00,pm10,PIIANN,45.999996,74.54084
2021-06-08 16:00:00,pm10,PIIANN,55.499996,79.4076
2024-02-01 18:00:00,pm10,PIIANN,521.0,395.39844
2023-03-02 01:00:00,pm10,PIIANN,195.5,268.8156
2024-10-03 07:00:00,pm10,PIIANN,261.0,281.15356
2022-06-06 09:00:00,pm10,PIIANN,221.5,214.39777
2023-08-12 16:00:00,pm10,PIIANN,243.75,271.8096
2025-03-05 01:00:00,pm10,PIIANN,439.0,318.74683
2024-12-10 16:00:00,pm10,PIIANN,122.99999,204.17937
2023-04-11 04:00:00,pm10,PIIANN,698.5,615.9259
2022-01-09 06:00:00,pm10,PIIANN,143.75,145.99556
2022-05-02 05:00:00,pm10,PIIANN,121.99999,172.81326
2023-09-05 04:00:00,pm10,PIIANN,309.5,261.99432
2023-05-12 20:00:00,pm10,PIIANN,388.75,406.14142
2021-04-06 03:00:00,pm10,PIIANN,237.5,236.69164
2023-09-12 06:00:00,pm10,PIIANN,310.0,321.73898
2025-10-02 17:00:00,pm10,PIIANN,189.0,225.09851
2023-08-03 10:00:00,pm10,PIIANN,297.0,331.15714
2023-11-12 23:00:00,pm10,PIIANN,572.25,533.26056
2022-07-08 15:00:00,pm10,PIIANN,45.249996,82.19372
2023-05-13 01:00:00,pm10,PIIANN,384.21445,363.22415
2021-05-10 03:00:00,pm10,PIIANN,56.499996,144.447
2022-12-05 06:00:00,pm10,PIIANN,126.99999,128.46777
2022-08-02 21:00:00,pm10,PIIANN,717.25,651.445
2022-11-05 22:00:00,pm10,PIIANN,164.75,194.61461
2021-06-11 11:00:00,pm10,PIIANN,458.74997,473.55432
2021-03-09 03:00:00,pm10,PIIANN,13.249995,44.33981
2025-02-11 07:00:00,pm10,PIIANN,219.25,218.16574
2023-05-04 07:00:00,pm10,PIIANN,249.25,209.61598
2022-11-07 16:00:00,pm10,PIIANN,119.49999,115.73617
2022-11-10 17:00:00,pm10,PIIANN,137.0,113.24108
2021-08-04 16:00:00,pm10,PIIANN,133.75,153.15984
2023-06-11 21:00:00,pm10,PIIANN,681.75,711.78644
2023-01-11 17:00:00,pm10,PIIANN,202.0,269.1246
2023-10-03 03:00:00,pm10,PIIANN,232.75,196.16916
2025-09-07 22:00:00,pm10,PIIANN,18.999996,66.340355
2022-03-03 19:00:00,pm10,PIIANN,313.0,299.1431
2024-10-08 09:00:00,pm10,PIIANN,135.0,85.83799
2025-01-11 18:00:00,pm10,PIIANN,411.0,395.06915
2024-04-07 01:00:00,pm10,PIIANN,69.99999,145.86134
2024-04-11 04:00:00,pm10,PIIANN,434.0,491.9609
2021-05-01 15:00:00,pm10,PIIANN,290.0,198.83943
2025-07-09 07:00:00,pm10,PIIANN,248.0,144.73433
2025-01-09 00:00:00,pm10,PIIANN,104.64286,110.235985
2021-11-05 03:00:00,pm10,PIIANN,165.5,175.77467
2024-12-08 19:00:00,pm10,PIIANN,157.0,107.21949
2021-09-09 14:00:00,pm10,PIIANN,64.74999,91.06745
2021-12-09 12:00:00,pm10,PIIANN,60.249996,40.162136
2022-05-04 15:00:00,pm10,PIIANN,135.75,190.98917
2021-01-03 03:00:00,pm10,PIIANN,332.0,262.17535
2021-01-10 08:00:00,pm10,PIIANN,180.25,135.28545
2022-02-04 09:00:00,pm10,PIIANN,382.5,384.7451
2024-11-11 05:00:00,pm10,PIIANN,486.0,451.50027
2024-11-08 17:00:00,pm10,PIIANN,55.999996,96.121284
2022-10-02 22:00:00,pm10,PIIANN,291.5,334.9146
2023-09-02 19:00:00,pm10,PIIANN,263.75,304.7039
2024-04-08 22:00:00,pm10,PIIANN,34.999996,85.85761
2023-04-11 05:00:00,pm10,PIIANN,656.5,623.4714
2024-09-05 08:00:00,pm10,PIIANN,190.0,220.2583
2024-02-12 06:00:00,pm10,PIIANN,412.0,374.1867
2021-09-06 21:00:00,pm10,PIIANN,439.5,432.4492
2022-11-12 11:00:00,pm10,PIIANN,307.5,293.635
2021-02-09 18:00:00,pm10,PIIANN,50.999996,42.021618
2025-05-11 21:00:00,pm10,PIIANN,339.0,307.56238
2024-05-05 06:00:00,pm10,PIIANN,789.75,637.9772
2023-12-11 06:00:00,pm10,PIIANN,245.0,278.24515
2025-05-07 04:00:00,pm10,PIIANN,118.99999,142.77728
2021-09-02 07:00:00,pm10,PIIANN,503.75,521.1679
2021-02-10 13:00:00,pm10,PIIANN,105.49999,134.62775
2024-02-07 08:00:00,pm10,PIIANN,790.0,426.51773
2024-04-05 06:00:00,pm10,PIIANN,551.75,513.8829
2025-06-05 21:00:00,pm10,PIIANN,239.0,279.8712
2023-06-06 07:00:00,pm10,PIIANN,121.99999,168.86333
2021-06-08 06:00:00,pm10,PIIANN,91.74999,86.79699
2022-11-12 19:00:00,pm10,PIIANN,415.5,425.56247
2025-12-04 00:00:00,pm10,PIIANN,71.99999,251.56456
2021-08-05 06:00:00,pm10,PIIANN,302.75,265.8929
2025-11-07 22:00:00,pm10,PIIANN,201.0,178.69987
2022-03-05 05:00:00,pm10,PIIANN,151.5,175.8193
2021-08-07 00:00:00,pm10,PIIANN,147.00002,512.41565
2022-03-02 06:00:00,pm10,PIIANN,255.25,262.60025
2021-08-08 22:00:00,pm10,PIIANN,70.74999,106.99592
2025-08-12 14:00:00,pm10,PIIANN,233.0,210.98639
2025-03-09 23:00:00,pm10,PIIANN,102.99999,103.452675
2022-02-13 02:00:00,pm10,PIIANN,605.46234,506.5247
2023-12-12 19:00:00,pm10,PIIANN,514.0,497.2362
2025-11-07 12:00:00,pm10,PIIANN,153.0,122.2311
2025-08-06 17:00:00,pm10,PIIANN,255.0,239.86989
2025-09-09 04:00:00,pm10,PIIANN,60.999996,266.08273
2023-03-11 00:00:00,pm10,PIIANN,718.25,316.02502
2025-07-08 16:00:00,pm10,PIIANN,172.0,139.3101
2022-03-02 11:00:00,pm10,PIIANN,156.0,240.971
2021-06-08 03:00:00,pm10,PIIANN,81.49999,91.96937
2022-01-03 16:00:00,pm10,PIIANN,137.0,172.3536
2023-05-04 13:00:00,pm10,PIIANN,128.5,143.34819
2021-01-12 08:00:00,pm10,PIIANN,454.75,455.77127
2024-02-02 23:00:00,pm10,PIIANN,263.0,296.12708
2022-03-01 23:00:00,pm10,PIIANN,607.5,656.5052
2025-11-12 10:00:00,pm10,PIIANN,324.0,364.92053
2021-08-06 21:00:00,pm10,PIIANN,888.25,626.043
2025-02-06 04:00:00,pm10,PIIANN,160.0,171.1146
2025-11-08 13:00:00,pm10,PIIANN,120.99999,133.32074
2025-03-07 02:00:00,pm10,PIIANN,129.0,144.9556
2025-03-13 00:00:00,pm10,PIIANN,329.56894,302.70288
2023-09-08 22:00:00,pm10,PIIANN,235.33333,163.93196
2023-08-09 08:00:00,pm10,PIIANN,75.00001,99.54221
2021-04-07 05:00:00,pm10,PIIANN,219.25,176.40005
2021-02-08 00:00:00,pm10,PIIANN,85.00001,124.83097
2021-03-08 21:00:00,pm10,PIIANN,127.99999,86.63416
2023-07-05 18:00:00,pm10,PIIANN,280.0,226.65735
2023-12-12 16:00:00,pm10,PIIANN,325.5,360.47305
2021-08-11 07:00:00,pm10,PIIANN,628.25,660.49164
2025-02-04 03:00:00,pm10,PIIANN,517.0,348.1456
2024-06-12 00:00:00,pm10,PIIANN,289.0,506.0198
2022-10-01 23:00:00,pm10,PIIANN,238.75,278.30188
2025-07-12 04:00:00,pm10,PIIANN,265.0,252.70993
2021-02-07 07:00:00,pm10,PIIANN,223.75,201.21124
2025-02-07 05:00:00,pm10,PIIANN,199.0,184.46994
2021-08-07 05:00:00,pm10,PIIANN,181.75,206.32018
2025-12-07 19:00:00,pm10,PIIANN,91.37499,110.412025
2022-11-10 22:00:00,pm10,PIIANN,315.75,301.17737
2024-06-07 21:00:00,pm10,PIIANN,85.99999,96.87342
2025-08-05 06:00:00,pm10,PIIANN,389.0,340.741
2024-09-06 22:00:00,pm10,PIIANN,460.0,378.6328
2025-05-03 22:00:00,pm10,PIIANN,121.99999,191.19908
2022-03-11 20:00:00,pm10,PIIANN,735.75,836.98035
2022-01-06 10:00:00,pm10,PIIANN,410.25,373.69656
2021-02-07 23:00:00,pm10,PIIANN,84.24999,133.0582
2021-01-03 23:00:00,pm10,PIIANN,259.25,302.0926
2023-03-09 16:00:00,pm10,PIIANN,219.0,176.9311
2025-11-09 14:00:00,pm10,PIIANN,153.0,164.77747
2022-03-07 08:00:00,pm10,PIIANN,65.49999,74.283165
2021-08-09 04:00:00,pm10,PIIANN,58.999996,85.716866
2024-04-08 09:00:00,pm10,PIIANN,54.999996,85.94889
2025-04-08 04:00:00,pm10,PIIANN,121.99999,135.76492
2025-07-07 16:00:00,pm10,PIIANN,45.999996,85.57638
2022-05-09 07:00:00,pm10,PIIANN,125.66999,112.6672
2023-11-09 21:00:00,pm10,PIIANN,166.0,102.36443
2021-11-02 06:00:00,pm10,PIIANN,394.0,347.98688
2024-03-05 08:00:00,pm10,PIIANN,494.49997,507.06927
2025-05-09 07:00:00,pm10,PIIANN,56.999996,94.67431
2023-08-04 18:00:00,pm10,PIIANN,156.0,159.92789
2022-11-03 11:00:00,pm10,PIIANN,206.0,213.40492
2021-04-11 16:00:00,pm10,PIIANN,477.75,497.4844
2023-07-12 15:00:00,pm10,PIIANN,270.25,298.4635
2023-02-10 17:00:00,pm10,PIIANN,155.25,162.70152
2023-07-01 18:00:00,pm10,PIIANN,603.99994,586.3348
2023-05-09 07:00:00,pm10,PIIANN,91.24999,102.39362
2023-09-07 20:00:00,pm10,PIIANN,38.25001,58.107418
2025-01-13 00:00:00,pm10,PIIANN,546.4267,506.7847
2025-09-10 23:00:00,pm10,PIIANN,252.0,277.65143
2024-08-04 21:00:00,pm10,PIIANN,385.25,375.96173
2022-09-06 17:00:00,pm10,PIIANN,234.5,262.57538
2023-09-05 19:00:00,pm10,PIIANN,339.75,357.04514
2024-03-01 23:00:00,pm10,PIIANN,612.25,532.00323
2025-08-05 11:00:00,pm10,PIIANN,179.0,287.81247
2024-10-06 09:00:00,pm10,PIIANN,222.0,226.16046
2021-12-10 07:00:00,pm10,PIIANN,387.5,309.99023
2023-07-09 19:00:00,pm10,PIIANN,112.99999,152.51184
2025-08-08 16:00:00,pm10,PIIANN,164.0,153.03705
2022-02-05 20:00:00,pm10,PIIANN,235.0,256.62137
2021-04-10 23:00:00,pm10,PIIANN,126.24999,160.03181
2025-12-08 01:00:00,pm10,PIIANN,340.0,188.08804
2023-03-02 09:00:00,pm10,PIIANN,312.0,239.12486
2024-01-05 06:00:00,pm10,PIIANN,278.5,226.36626
2023-01-02 05:00:00,pm10,PIIANN,147.00002,144.92422
2025-07-03 02:00:00,pm10,PIIANN,206.0,284.7642
2024-10-01 18:00:00,pm10,PIIANN,484.49997,372.19556
2025-08-08 17:00:00,pm10,PIIANN,172.0,159.6142
2021-11-05 15:00:00,pm10,PIIANN,132.25,124.023674
2022-11-11 15:00:00,pm10,PIIANN,150.5,196.10226
2024-01-09 00:00:00,pm10,PIIANN,174.0,114.457924
2022-01-06 02:00:00,pm10,PIIANN,419.0,403.2723
2022-08-10 10:00:00,pm10,PIIANN,39.999996,40.75697
2023-09-05 03:00:00,pm10,PIIANN,326.0,211.25478
2025-03-01 09:00:00,pm10,PIIANN,451.0,392.88248
2025-11-03 07:00:00,pm10,PIIANN,569.0,426.48953
2025-10-09 17:00:00,pm10,PIIANN,113.99999,141.44771
2024-01-02 07:00:00,pm10,PIIANN,81.24999,107.056404
2025-09-02 23:00:00,pm10,PIIANN,509.0,442.22992
2023-06-07 12:00:00,pm10,PIIANN,31.249996,49.28416
2024-05-03 06:00:00,pm10,PIIANN,189.75,165.33241
2021-04-11 22:00:00,pm10,PIIANN,680.85,807.738
2025-12-09 13:00:00,pm10,PIIANN,126.49999,157.47955
2021-09-10 23:00:00,pm10,PIIANN,336.75,417.65997
2025-11-12 22:00:00,pm10,PIIANN,219.25,714.7343
2023-12-08 06:00:00,pm10,PIIANN,130.75002,133.04294
2022-12-08 19:00:00,pm10,PIIANN,88.74999,84.538994
2023-10-11 18:00:00,pm10,PIIANN,152.75,232.1094
2022-03-06 15:00:00,pm10,PIIANN,184.25,189.56276
2024-03-08 12:00:00,pm10,PIIANN,80.99999,129.94084
2025-05-03 13:00:00,pm10,PIIANN,298.0,175.6707
2025-06-07 14:00:00,pm10,PIIANN,85.99999,106.81591
2023-12-03 08:00:00,pm10,PIIANN,440.25,409.5625
2024-12-03 23:00:00,pm10,PIIANN,215.75,243.92886
2025-08-04 00:00:00,pm10,PIIANN,355.0,345.17715
2025-08-07 12:00:00,pm10,PIIANN,112.99999,120.9284
2022-09-08 10:00:00,pm10,PIIANN,130.0,132.84149
2024-09-10 04:00:00,pm10,PIIANN,298.0,277.34515
2025-02-10 04:00:00,pm10,PIIANN,85.99999,130.02232
2025-12-07 21:00:00,pm10,PIIANN,219.25,167.98703
2024-03-08 18:00:00,pm10,PIIANN,51.99998,76.50854
2025-09-09 19:00:00,pm10,PIIANN,294.0,162.61923
2023-08-11 17:00:00,pm10,PIIANN,401.75,421.18488
2024-05-06 04:00:00,pm10,PIIANN,437.0,322.4687
2022-07-04 23:00:00,pm10,PIIANN,432.75,387.2387
2025-02-03 15:00:00,pm10,PIIANN,90.99999,124.05033
2023-08-10 08:00:00,pm10,PIIANN,168.75,220.57013
2021-10-12 23:00:00,pm10,PIIANN,270.75,345.54926
2022-04-04 17:00:00,pm10,PIIANN,183.5,226.81093
2023-10-09 02:00:00,pm10,PIIANN,4.999995,28.414242
2022-08-04 18:00:00,pm10,PIIANN,253.0,249.5826
2023-04-10 06:00:00,pm10,PIIANN,251.0,237.58527
2024-08-09 01:00:00,pm10,PIIANN,122.99999,128.71115
2023-10-11 12:00:00,pm10,PIIANN,146.75002,194.89807
2022-01-04 02:00:00,pm10,PIIANN,216.0,233.06105
2023-08-12 21:00:00,pm10,PIIANN,625.75,573.8704
2024-01-06 06:00:00,pm10,PIIANN,353.0,300.4168
2022-06-11 17:00:00,pm10,PIIANN,342.0,342.01083
2025-12-08 22:00:00,pm10,PIIANN,291.0,205.20227
2024-11-03 06:00:00,pm10,PIIANN,226.0,251.44702
2023-04-06 17:00:00,pm10,PIIANN,192.0,190.32135
2024-07-07 04:00:00,pm10,PIIANN,67.99999,78.94926
2021-04-08 21:00:00,pm10,PIIANN,159.75,97.41573
2024-05-08 12:00:00,pm10,PIIANN,64.00001,40.795223
2024-02-12 16:00:00,pm10,PIIANN,136.00002,227.75322
2023-05-06 15:00:00,pm10,PIIANN,136.75,167.00227
2025-02-05 22:00:00,pm10,PIIANN,359.0,229.08586
2025-09-04 16:00:00,pm10,PIIANN,251.0,276.49832
2023-05-03 20:00:00,pm10,PIIANN,256.75,239.34958
2024-11-02 21:00:00,pm10,PIIANN,480.75,540.4034
2023-06-05 13:00:00,pm10,PIIANN,89.49999,213.23659
2024-07-04 15:00:00,pm10,PIIANN,143.5,167.08664
2025-10-01 23:00:00,pm10,PIIANN,451.5,486.12155
2022-11-02 05:00:00,pm10,PIIANN,154.25,175.21202
2022-02-12 12:00:00,pm10,PIIANN,416.0,381.63434
2021-02-06 01:00:00,pm10,PIIANN,169.75,193.8365
2023-06-02 00:00:00,pm10,PIIANN,750.75,514.6797
2025-02-05 09:00:00,pm10,PIIANN,111.99999,117.05201
2023-06-10 00:00:00,pm10,PIIANN,233.0,166.8706
2022-03-04 01:00:00,pm10,PIIANN,398.75,471.20908
2025-11-05 14:00:00,pm10,PIIANN,75.00001,177.4879
2024-08-10 21:00:00,pm10,PIIANN,367.0,333.81113
2022-04-09 08:00:00,pm10,PIIANN,113.49999,115.90525
2023-03-01 13:00:00,pm10,PIIANN,457.74997,416.792
2025-10-05 01:00:00,pm10,PIIANN,300.0,279.7663
2025-01-12 17:00:00,pm10,PIIANN,162.0,203.21811
2023-10-08 06:00:00,pm10,PIIANN,122.74999,111.299614
2024-03-12 21:00:00,pm10,PIIANN,320.0,384.0095
2022-02-05 14:00:00,pm10,PIIANN,228.0,221.14401
2025-04-06 22:00:00,pm10,PIIANN,138.0,235.33595
2021-11-08 03:00:00,pm10,PIIANN,88.24999,132.17252
2024-08-06 09:00:00,pm10,PIIANN,262.0,269.02026
2024-11-04 21:00:00,pm10,PIIANN,450.0,497.2407
2021-01-07 07:00:00,pm10,PIIANN,197.5,185.9276
2021-12-06 09:00:00,pm10,PIIANN,107.74999,113.981285
2022-08-03 07:00:00,pm10,PIIANN,529.75,455.3034
2022-01-03 23:00:00,pm10,PIIANN,407.25,371.52737
2023-04-01 18:00:00,pm10,PIIANN,456.75,408.40234
2022-09-11 15:00:00,pm10,PIIANN,219.5,222.60063
2022-07-05 16:00:00,pm10,PIIANN,176.15,189.92607
2022-09-01 17:00:00,pm10,PIIANN,160.5,142.86826
2023-11-08 15:00:00,pm10,PIIANN,162.25,148.53752
2023-03-07 10:00:00,pm10,PIIANN,126.74999,109.56834
2023-10-08 13:00:00,pm10,PIIANN,167.75002,137.22455
2021-03-06 23:00:00,pm10,PIIANN,257.0,240.40126
2025-02-06 13:00:00,pm10,PIIANN,153.0,163.77776
2024-04-09 05:00:00,pm10,PIIANN,85.99999,91.99407
2025-10-07 09:00:00,pm10,PIIANN,58.999996,26.801785
2023-10-05 17:00:00,pm10,PIIANN,200.75,155.20558
2023-01-08 02:00:00,pm10,PIIANN,43.999996,87.13207
2023-11-02 18:00:00,pm10,PIIANN,308.25,290.03748
2023-03-12 18:00:00,pm10,PIIANN,320.0,324.50717
2025-02-11 09:00:00,pm10,PIIANN,219.25,237.91275
2021-06-06 15:00:00,pm10,PIIANN,214.25,154.07283
2022-09-02 00:00:00,pm10,PIIANN,399.75,206.53957
2022-05-09 06:00:00,pm10,PIIANN,101.99999,102.47382
2021-09-06 12:00:00,pm10,PIIANN,355.5,237.43538
2022-12-09 15:00:00,pm10,PIIANN,93.49999,103.113014
2023-11-12 21:00:00,pm10,PIIANN,715.0,664.9017
2023-12-11 10:00:00,pm10,PIIANN,193.75,235.65642
2025-04-01 22:00:00,pm10,PIIANN,480.0,501.07828
2024-04-04 04:00:00,pm10,PIIANN,105.24999,196.44945
2024-01-06 02:00:00,pm10,PIIANN,313.0,343.53482
2024-01-09 04:00:00,pm10,PIIANN,146.0,128.78207
2024-01-01 19:00:00,pm10,PIIANN,604.5,457.08694
2021-05-09 07:00:00,pm10,PIIANN,113.49999,103.05895
2025-09-11 11:00:00,pm10,PIIANN,444.0,519.7911
2022-07-03 18:00:00,pm10,PIIANN,178.0,238.85703
2024-03-11 16:00:00,pm10,PIIANN,261.0,364.77972
2025-01-03 09:00:00,pm10,PIIANN,110.99999,121.93783
2025-11-11 11:00:00,pm10,PIIANN,556.0,666.12286
2021-05-10 06:00:00,pm10,PIIANN,68.24998,101.05172
2021-11-09 21:00:00,pm10,PIIANN,39.749996,78.607
2024-11-05 13:00:00,pm10,PIIANN,305.0,225.56248
2025-11-10 13:00:00,pm10,PIIANN,167.0,158.88248
2021-09-05 19:00:00,pm10,PIIANN,242.45833,169.95032
2021-06-06 03:00:00,pm10,PIIANN,144.5,146.79256
2021-07-07 06:00:00,pm10,PIIANN,324.75,272.03864
2022-02-02 15:00:00,pm10,PIIANN,246.25,263.982
2025-04-11 19:00:00,pm10,PIIANN,294.0,295.6873
2025-04-03 15:00:00,pm10,PIIANN,158.0,162.90782
2023-10-11 07:00:00,pm10,PIIANN,101.24999,144.27953
2023-07-10 06:00:00,pm10,PIIANN,377.5,355.55115
2024-05-11 14:00:00,pm10,PIIANN,245.0,273.96832
2023-02-07 02:00:00,pm10,PIIANN,51.249996,73.51321
2021-08-13 00:00:00,pm10,PIIANN,351.93,413.56546
2025-01-05 17:00:00,pm10,PIIANN,195.0,223.85478
2022-08-03 04:00:00,pm10,PIIANN,359.25,358.4199
2023-04-02 12:00:00,pm10,PIIANN,243.0,230.16374
2025-02-04 08:00:00,pm10,PIIANN,699.0,524.45685
2023-08-07 11:00:00,pm10,PIIANN,30.499996,60.68269
2022-07-01 16:00:00,pm10,PIIANN,103.24999,180.35556
2021-09-04 09:00:00,pm10,PIIANN,172.0,195.21373
2023-11-11 17:00:00,pm10,PIIANN,156.0,173.53693
2024-12-01 18:00:00,pm10,PIIANN,451.75,417.09927
2022-08-06 04:00:00,pm10,PIIANN,282.5,245.84145
2023-11-04 02:00:00,pm10,PIIANN,571.0,508.55466
2024-02-03 21:00:00,pm10,PIIANN,146.25,140.81258
2023-06-03 21:00:00,pm10,PIIANN,283.75,284.04306
2021-06-12 18:00:00,pm10,PIIANN,282.25,270.52454
2024-09-12 17:00:00,pm10,PIIANN,219.0,227.65518
2023-10-06 03:00:00,pm10,PIIANN,170.5,146.56316
2025-06-06 15:00:00,pm10,PIIANN,194.0,172.08134
2021-01-02 00:00:00,pm10,PIIANN,914.5,506.11093
2024-02-07 20:00:00,pm10,PIIANN,215.0,285.6116
2024-07-03 22:00:00,pm10,PIIANN,258.5,297.6313
2024-04-09 18:00:00,pm10,PIIANN,44.999996,58.7478
2023-09-05 17:00:00,pm10,PIIANN,194.75,348.6884
2023-09-10 18:00:00,pm10,PIIANN,214.25,190.58951
2021-07-09 22:00:00,pm10,PIIANN,39.999996,120.31599
2021-10-09 22:00:00,pm10,PIIANN,138.41667,98.31306
2022-07-08 16:00:00,pm10,PIIANN,61.749996,75.10209
2023-02-10 06:00:00,pm10,PIIANN,185.5,206.89651
2024-12-11 15:00:00,pm10,PIIANN,151.0,248.67838
2025-11-02 12:00:00,pm10,PIIANN,251.0,253.09358
2021-09-10 04:00:00,pm10,PIIANN,218.0,194.63513
2021-10-08 04:00:00,pm10,PIIANN,107.99999,131.25311
2025-04-01 17:00:00,pm10,PIIANN,459.0,448.349
2021-05-01 19:00:00,pm10,PIIANN,140.0,190.40457
2025-02-08 23:00:00,pm10,PIIANN,135.0,123.08102
2023-07-03 11:00:00,pm10,PIIANN,194.25,204.55827
2024-05-04 06:00:00,pm10,PIIANN,385.0,258.38046
2025-07-13 02:00:00,pm10,PIIANN,283.08316,306.78085
2021-04-12 01:00:00,pm10,PIIANN,537.75,662.0209
2022-06-09 05:00:00,pm10,PIIANN,176.25,143.91049
2024-06-01 21:00:00,pm10,PIIANN,767.5,569.707
2021-03-11 15:00:00,pm10,PIIANN,321.5,287.4539
2021-10-08 15:00:00,pm10,PIIANN,211.5,163.45193
2024-06-10 11:00:00,pm10,PIIANN,140.0,189.35902
2021-01-04 22:00:00,pm10,PIIANN,217.75,254.62714
2023-03-11 20:00:00,pm10,PIIANN,701.0,603.9287
2023-10-02 01:00:00,pm10,PIIANN,195.0,206.80304
2024-05-05 17:00:00,pm10,PIIANN,216.25,226.31554
2023-12-12 05:00:00,pm10,PIIANN,513.75,474.13953
2024-04-05 12:00:00,pm10,PIIANN,257.25,296.80017
2023-08-04 15:00:00,pm10,PIIANN,99.99999,135.5158
2024-04-02 16:00:00,pm10,PIIANN,243.75,283.9453
2021-10-06 08:00:00,pm10,PIIANN,151.25,187.18597
2023-11-07 14:00:00,pm10,PIIANN,99.99999,56.28123
2025-08-10 01:00:00,pm10,PIIANN,60.999996,132.73022
2021-08-01 20:00:00,pm10,PIIANN,504.0,489.6744
2021-07-04 12:00:00,pm10,PIIANN,295.25,223.68715
2022-01-11 05:00:00,pm10,PIIANN,631.24994,727.3607
2021-02-06 16:00:00,pm10,PIIANN,126.99999,134.0945
2021-09-03 21:00:00,pm10,PIIANN,528.5,403.73303
2021-12-11 18:00:00,pm10,PIIANN,610.8,669.2265
2025-12-03 12:00:00,pm10,PIIANN,164.0,233.94344
2022-02-11 12:00:00,pm10,PIIANN,522.0,442.3675
2025-04-12 04:00:00,pm10,PIIANN,255.0,283.41663
2023-05-10 16:00:00,pm10,PIIANN,190.5,193.18979
2021-08-07 08:00:00,pm10,PIIANN,212.0,198.32295
2021-11-12 12:00:00,pm10,PIIANN,275.25,289.21692
2024-07-12 16:00:00,pm10,PIIANN,129.0,192.62038
2022-09-05 05:00:00,pm10,PIIANN,107.99999,116.53951
2021-03-07 12:00:00,pm10,PIIANN,188.5,170.77374
2021-04-08 03:00:00,pm10,PIIANN,57.999996,54.373898
2023-11-04 03:00:00,pm10,PIIANN,539.0,508.7848
2023-08-10 23:00:00,pm10,PIIANN,224.0,302.95435
2024-03-02 23:00:00,pm10,PIIANN,563.5,561.86365
2024-08-04 19:00:00,pm10,PIIANN,233.5,249.53038
2025-08-05 12:00:00,pm10,PIIANN,150.0,229.80347
2025-06-09 14:00:00,pm10,PIIANN,127.99999,97.06266
2021-09-01 17:00:00,pm10,PIIANN,291.0,315.1063
2025-02-02 19:00:00,pm10,PIIANN,396.0,392.12195
2025-11-05 07:00:00,pm10,PIIANN,260.0,264.09204
2025-05-03 07:00:00,pm10,PIIANN,80.99999,125.48705
2023-10-01 10:00:00,pm10,PIIANN,394.75,361.31302
2025-05-10 08:00:00,pm10,PIIANN,150.0,200.65517
2025-10-10 15:00:00,pm10,PIIANN,167.0,147.78638
2024-03-02 13:00:00,pm10,PIIANN,239.5,232.82382
2023-12-04 15:00:00,pm10,PIIANN,196.75,197.07751
2025-06-05 15:00:00,pm10,PIIANN,123.99999,176.53908
2022-08-02 03:00:00,pm10,PIIANN,268.0,348.2472
2024-10-03 05:00:00,pm10,PIIANN,303.25,292.67
2025-04-07 01:00:00,pm10,PIIANN,155.0,127.91767
2021-09-05 08:00:00,pm10,PIIANN,181.75,162.14331
2024-09-10 09:00:00,pm10,PIIANN,300.0,320.06754
2024-02-09 19:00:00,pm10,PIIANN,146.0,115.98591
2021-11-10 12:00:00,pm10,PIIANN,137.5,167.61073
2025-02-04 11:00:00,pm10,PIIANN,250.0,307.6145
2021-01-09 09:00:00,pm10,PIIANN,26.499996,-6.3071947
2023-01-02 00:00:00,pm10,PIIANN,157.0,419.43454
2022-09-09 23:00:00,pm10,PIIANN,124.99999,185.72792
2025-04-07 22:00:00,pm10,PIIANN,200.0,130.4406
2021-08-05 01:00:00,pm10,PIIANN,233.75,244.76952
2024-02-10 01:00:00,pm10,PIIANN,171.07692,190.33781
2021-08-13 02:00:00,pm10,PIIANN,351.78995,452.1076
2025-03-01 14:00:00,pm10,PIIANN,566.0,490.90543
2023-08-04 21:00:00,pm10,PIIANN,488.5,290.9394
2024-06-02 09:00:00,pm10,PIIANN,232.25,228.15417
2023-11-11 14:00:00,pm10,PIIANN,106.49999,161.36598
2024-01-03 05:00:00,pm10,PIIANN,260.25,258.9975
2025-05-02 21:00:00,pm10,PIIANN,265.0,312.01773
2021-07-02 18:00:00,pm10,PIIANN,272.25,253.4185
2023-07-12 05:00:00,pm10,PIIANN,387.75,387.2414
2021-01-04 09:00:00,pm10,PIIANN,325.5,239.46999
2025-06-09 06:00:00,pm10,PIIANN,191.0,116.10534
2024-05-03 22:00:00,pm10,PIIANN,177.0,209.91673
2024-05-10 03:00:00,pm10,PIIANN,238.0,265.89124
2024-01-12 23:00:00,pm10,PIIANN,324.0,328.59714
2024-01-02 06:00:00,pm10,PIIANN,61.749996,113.86468
2021-08-06 12:00:00,pm10,PIIANN,298.75,222.47296
2021-04-10 01:00:00,pm10,PIIANN,141.0,125.22785
2023-06-07 02:00:00,pm10,PIIANN,64.00001,88.430214
2023-05-03 10:00:00,pm10,PIIANN,201.0,207.69301
2021-11-06 16:00:00,pm10,PIIANN,255.75,152.5073
2024-08-09 10:00:00,pm10,PIIANN,139.0,134.45262
2024-10-09 03:00:00,pm10,PIIANN,118.99999,133.48068
2023-02-06 21:00:00,pm10,PIIANN,244.5,249.34904
2021-10-08 11:00:00,pm10,PIIANN,155.75,156.08899
2021-12-11 23:00:00,pm10,PIIANN,791.75,508.78995
2021-09-04 07:00:00,pm10,PIIANN,352.25,305.62
2023-03-06 14:00:00,pm10,PIIANN,219.25,198.01161
2021-10-05 16:00:00,pm10,PIIANN,119.99999,156.88396
2022-02-03 05:00:00,pm10,PIIANN,229.5,252.37747
2023-08-10 04:00:00,pm10,PIIANN,283.0,297.93976
2022-11-09 22:00:00,pm10,PIIANN,141.25002,176.25453
2024-09-10 18:00:00,pm10,PIIANN,215.0,224.5279
2021-07-09 04:00:00,pm10,PIIANN,60.249996,108.7237
2025-05-09 10:00:00,pm10,PIIANN,90.99999,77.24914
2025-10-09 03:00:00,pm10,PIIANN,164.0,140.95926
2021-01-03 07:00:00,pm10,PIIANN,327.2,260.69208
2025-02-11 16:00:00,pm10,PIIANN,208.0,261.6236
2021-12-10 06:00:00,pm10,PIIANN,349.5,268.33118
2023-08-08 10:00:00,pm10,PIIANN,142.5,118.66006
2022-12-12 05:00:00,pm10,PIIANN,178.75,200.3072
2023-06-01 22:00:00,pm10,PIIANN,659.0,557.6246
2025-07-11 11:00:00,pm10,PIIANN,365.0,340.8491
2025-10-06 10:00:00,pm10,PIIANN,332.0,311.22424
2024-11-04 20:00:00,pm10,PIIANN,391.5,361.99362
2021-08-01 22:00:00,pm10,PIIANN,345.0,418.66473
2022-06-06 10:00:00,pm10,PIIANN,235.0,210.36598
2024-11-12 05:00:00,pm10,PIIANN,215.0,225.25221
2021-11-01 15:00:00,pm10,PIIANN,183.0,206.39125
2021-11-09 02:00:00,pm10,PIIANN,135.63637,95.470665
2024-06-10 03:00:00,pm10,PIIANN,139.0,194.9845
2023-02-10 19:00:00,pm10,PIIANN,350.75,274.54562
2024-09-11 23:00:00,pm10,PIIANN,438.0,421.16058
2023-05-02 16:00:00,pm10,PIIANN,139.0,171.28107
2024-08-11 19:00:00,pm10,PIIANN,434.0,508.2631
2024-01-04 15:00:00,pm10,PIIANN,158.75,168.30112
2021-05-12 03:00:00,pm10,PIIANN,385.5,452.48624
2024-02-03 14:00:00,pm10,PIIANN,111.99999,117.117256
2022-02-11 08:00:00,pm10,PIIANN,574.0,538.84735
2025-11-12 03:00:00,pm10,PIIANN,471.0,409.25406
2023-05-01 20:00:00,pm10,PIIANN,705.0,600.3051
2025-04-06 02:00:00,pm10,PIIANN,389.0,295.58206
2023-10-03 18:00:00,pm10,PIIANN,234.5,190.12352
2022-05-11 18:00:00,pm10,PIIANN,404.75,446.89713
2021-02-03 03:00:00,pm10,PIIANN,182.0,228.00496
2022-04-02 15:00:00,pm10,PIIANN,94.24999,141.907
2024-04-01 19:00:00,pm10,PIIANN,489.0,495.98563
2024-11-02 10:00:00,pm10,PIIANN,411.25,412.41495
2022-08-06 11:00:00,pm10,PIIANN,671.25,352.53842
2023-01-05 23:00:00,pm10,PIIANN,110.49999,105.101204
2021-01-09 01:00:00,pm10,PIIANN,78.99999,86.92094
2025-09-05 14:00:00,pm10,PIIANN,110.99999,180.15097
2023-12-10 19:00:00,pm10,PIIANN,250.75,255.19223
2021-05-06 02:00:00,pm10,PIIANN,112.49999,159.58183
2022-09-10 09:00:00,pm10,PIIANN,20.49998,14.346812
2021-05-08 16:00:00,pm10,PIIANN,53.249996,82.56548
2021-01-07 01:00:00,pm10,PIIANN,262.75,264.98975
2025-09-12 08:00:00,pm10,PIIANN,302.0,266.21814
2021-07-12 02:00:00,pm10,PIIANN,261.25,276.37518
2023-03-06 17:00:00,pm10,PIIANN,195.0,179.72618
2024-11-03 01:00:00,pm10,PIIANN,263.0,215.30034
2021-10-02 06:00:00,pm10,PIIANN,473.0,566.2738
2023-07-01 14:00:00,pm10,PIIANN,308.75,335.87723
2022-06-06 21:00:00,pm10,PIIANN,316.0,369.99832
2021-03-03 20:00:00,pm10,PIIANN,416.0,313.50192
2021-06-09 01:00:00,pm10,PIIANN,169.75,160.87143
2022-07-11 02:00:00,pm10,PIIANN,499.0,543.3205
2024-06-09 20:00:00,pm10,PIIANN,79.99999,121.56484
2021-08-09 16:00:00,pm10,PIIANN,77.74999,54.305614
2021-02-05 19:00:00,pm10,PIIANN,193.5,233.24178
2025-01-08 14:00:00,pm10,PIIANN,120.99999,100.98463
2021-05-05 17:00:00,pm10,PIIANN,164.0,158.2588
2023-08-03 23:00:00,pm10,PIIANN,162.25,225.07726
2024-02-03 23:00:00,pm10,PIIANN,94.74999,135.13028
2024-10-10 06:00:00,pm10,PIIANN,245.0,233.86348
2024-11-02 04:00:00,pm10,PIIANN,507.0,414.9746
2024-01-01 09:00:00,pm10,PIIANN,320.5,335.60214
2022-03-03 16:00:00,pm10,PIIANN,154.5,177.21596
2025-12-06 14:00:00,pm10,PIIANN,222.0,226.76845
2023-09-10 04:00:00,pm10,PIIANN,324.5,261.3763
2024-03-02 21:00:00,pm10,PIIANN,800.25,718.9198
2024-01-03 13:00:00,pm10,PIIANN,201.0,227.00664
2022-01-03 07:00:00,pm10,PIIANN,208.25,225.14214
2024-11-05 10:00:00,pm10,PIIANN,451.0,321.33603
2022-02-01 23:00:00,pm10,PIIANN,531.5,623.36926
2023-06-11 19:00:00,pm10,PIIANN,705.5,611.5567
2021-10-04 11:00:00,pm10,PIIANN,279.25,206.90475
2021-09-04 10:00:00,pm10,PIIANN,172.0,154.9118
2021-01-08 13:00:00,pm10,PIIANN,66.99999,70.2291
2024-10-03 01:00:00,pm10,PIIANN,327.5,195.90356
2023-05-05 12:00:00,pm10,PIIANN,166.25,216.57198
2021-11-04 06:00:00,pm10,PIIANN,263.0,227.26974
2023-05-09 01:00:00,pm10,PIIANN,122.74999,102.4972
2024-03-07 03:00:00,pm10,PIIANN,126.99999,179.43613
2025-08-07 10:00:00,pm10,PIIANN,172.0,159.4194
2024-01-12 20:00:00,pm10,PIIANN,476.0,598.7678
2024-08-07 00:00:00,pm10,PIIANN,43.999996,261.60187
2024-02-03 20:00:00,pm10,PIIANN,130.5,145.03867
2022-06-10 01:00:00,pm10,PIIANN,54.00001,171.77928
2023-11-03 01:00:00,pm10,PIIANN,426.24997,371.8946
2022-08-09 06:00:00,pm10,PIIANN,126.49999,141.50166
2025-02-06 05:00:00,pm10,PIIANN,102.99999,186.67741
2021-02-05 12:00:00,pm10,PIIANN,226.0,206.39087
2021-07-02 02:00:00,pm10,PIIANN,320.0,363.0789
2024-02-04 08:00:00,pm10,PIIANN,329.25,345.122
2024-11-11 14:00:00,pm10,PIIANN,365.5,410.27414
2025-06-05 11:00:00,pm10,PIIANN,178.0,220.41498
2022-12-10 12:00:00,pm10,PIIANN,164.25,194.43832
2024-07-09 03:00:00,pm10,PIIANN,93.99999,85.877205
2021-02-06 07:00:00,pm10,PIIANN,164.0,137.55812
2022-11-12 01:00:00,pm10,PIIANN,363.5,407.85876
2023-08-09 04:00:00,pm10,PIIANN,103.24999,100.60883
2023-08-04 09:00:00,pm10,PIIANN,317.75,321.6116
2024-06-07 20:00:00,pm10,PIIANN,83.99998,86.80659
2022-09-11 08:00:00,pm10,PIIANN,318.0,340.0941
2022-01-10 07:00:00,pm10,PIIANN,310.75,301.89792
2024-08-03 09:00:00,pm10,PIIANN,283.75,320.3353
2024-01-07 07:00:00,pm10,PIIANN,151.0,178.46877
2025-04-07 13:00:00,pm10,PIIANN,138.0,102.3758
2025-05-10 21:00:00,pm10,PIIANN,204.0,239.52518
2023-05-02 14:00:00,pm10,PIIANN,166.0,168.48024
2021-05-06 01:00:00,pm10,PIIANN,102.49999,161.31732
2022-04-09 12:00:00,pm10,PIIANN,119.74999,119.30828
2023-10-04 06:00:00,pm10,PIIANN,330.75,295.87292
2022-01-08 17:00:00,pm10,PIIANN,89.24998,107.305504
2021-01-06 17:00:00,pm10,PIIANN,77.24999,105.297295
2022-09-02 23:00:00,pm10,PIIANN,332.25,331.48215
2025-09-11 04:00:00,pm10,PIIANN,567.0,607.3114
2021-02-04 21:00:00,pm10,PIIANN,299.0,306.9555
2021-11-07 23:00:00,pm10,PIIANN,80.74999,71.72851
2022-12-01 20:00:00,pm10,PIIANN,487.25,481.07956
2023-07-10 19:00:00,pm10,PIIANN,184.5,243.08379
2023-08-02 07:00:00,pm10,PIIANN,204.75,201.28326
2023-09-10 13:00:00,pm10,PIIANN,135.75,169.86363
2023-05-08 23:00:00,pm10,PIIANN,174.5,160.44458
2022-12-10 14:00:00,pm10,PIIANN,142.0,134.86102
2025-02-13 02:00:00,pm10,PIIANN,575.4156,541.68744
2023-09-05 02:00:00,pm10,PIIANN,274.75,198.78482
2023-08-05 17:00:00,pm10,PIIANN,150.25,147.50047
2025-06-04 11:00:00,pm10,PIIANN,293.0,261.61618
2021-09-09 09:00:00,pm10,PIIANN,88.49999,96.79943
2023-05-04 20:00:00,pm10,PIIANN,426.0,306.78424
2023-09-05 13:00:00,pm10,PIIANN,183.25,326.87784
2022-09-07 02:00:00,pm10,PIIANN,82.24999,76.16192
2025-07-09 15:00:00,pm10,PIIANN,22.999996,88.41291
2021-09-11 14:00:00,pm10,PIIANN,371.25,443.90427
2025-06-09 02:00:00,pm10,PIIANN,145.0,128.30522
2024-09-05 01:00:00,pm10,PIIANN,229.0,197.66739
2025-01-03 01:00:00,pm10,PIIANN,146.0,148.49338
2021-10-11 19:00:00,pm10,PIIANN,793.0,745.0337
2023-04-03 05:00:00,pm10,PIIANN,142.25,134.38596
2024-03-10 16:00:00,pm10,PIIANN,182.0,199.94469
2024-06-09 21:00:00,pm10,PIIANN,99.99999,119.24453
2025-11-08 12:00:00,pm10,PIIANN,112.99999,138.28976
2024-04-10 10:00:00,pm10,PIIANN,155.0,190.69391
2022-03-06 16:00:00,pm10,PIIANN,194.5,188.64915
2025-11-09 17:00:00,pm10,PIIANN,215.0,169.16869
2025-08-01 21:00:00,pm10,PIIANN,663.0,813.2397
2025-12-06 16:00:00,pm10,PIIANN,189.0,210.48541
2023-05-10 01:00:00,pm10,PIIANN,290.5,261.86395
2021-03-13 00:00:00,pm10,PIIANN,676.5492,595.6164
2021-11-10 22:00:00,pm10,PIIANN,169.0,262.2565
2024-07-12 08:00:00,pm10,PIIANN,309.0,286.6003
2024-10-08 11:00:00,pm10,PIIANN,127.99999,107.39745
2021-06-09 05:00:00,pm10,PIIANN,157.75,171.90424
2025-01-06 03:00:00,pm10,PIIANN,196.0,215.68962
2022-07-09 01:00:00,pm10,PIIANN,116.49999,111.83611
2023-01-08 05:00:00,pm10,PIIANN,56.499996,87.91045
2025-10-09 18:00:00,pm10,PIIANN,138.0,143.40723
2025-12-06 12:00:00,pm10,PIIANN,243.0,259.67465
2021-02-01 15:00:00,pm10,PIIANN,536.5,679.86957
2025-11-10 19:00:00,pm10,PIIANN,250.0,254.67131
2023-01-04 10:00:00,pm10,PIIANN,201.0,121.58248
2023-07-07 06:00:00,pm10,PIIANN,77.99999,64.85439
2023-02-08 16:00:00,pm10,PIIANN,105.24999,108.38445
2024-05-11 00:00:00,pm10,PIIANN,782.0,338.72855
2025-03-06 09:00:00,pm10,PIIANN,126.99999,148.60678
2021-07-05 18:00:00,pm10,PIIANN,207.5,139.41379
2025-11-10 07:00:00,pm10,PIIANN,228.0,228.30457
2024-05-09 23:00:00,pm10,PIIANN,175.0,162.77792
2021-06-03 06:00:00,pm10,PIIANN,275.0,285.79547
2023-07-08 23:00:00,pm10,PIIANN,131.25002,126.12321
2022-03-08 20:00:00,pm10,PIIANN,298.75,188.76521
2021-11-07 10:00:00,pm10,PIIANN,113.49999,87.16387
2025-05-02 12:00:00,pm10,PIIANN,232.0,248.44588
2023-03-12 12:00:00,pm10,PIIANN,320.0,307.97482
2023-08-03 05:00:00,pm10,PIIANN,368.5,390.82074
2024-06-07 18:00:00,pm10,PIIANN,38.999996,81.38891
2023-11-04 01:00:00,pm10,PIIANN,535.25,529.8089
2024-01-08 13:00:00,pm10,PIIANN,62.99998,61.198284
2023-03-10 22:00:00,pm10,PIIANN,259.5,267.30682
2022-02-01 17:00:00,pm10,PIIANN,293.5,362.82956
2024-04-09 20:00:00,pm10,PIIANN,83.99998,84.65258
2024-03-11 19:00:00,pm10,PIIANN,463.99997,534.4806
2023-05-08 18:00:00,pm10,PIIANN,110.24999,102.53098
2022-10-02 11:00:00,pm10,PIIANN,201.5,215.56708
2023-08-09 12:00:00,pm10,PIIANN,86.99999,114.33689
2022-12-07 06:00:00,pm10,PIIANN,50.749996,96.90009
2021-04-09 10:00:00,pm10,PIIANN,60.499996,59.4839
2024-05-12 09:00:00,pm10,PIIANN,211.0,237.73781
2021-06-04 11:00:00,pm10,PIIANN,397.5,299.38104
2024-10-10 03:00:00,pm10,PIIANN,277.0,208.44809
2021-01-05 13:00:00,pm10,PIIANN,253.5,216.92827
2022-10-03 22:00:00,pm10,PIIANN,256.0,269.61383
2021-09-01 13:00:00,pm10,PIIANN,312.0,366.63092
2024-02-09 23:00:00,pm10,PIIANN,162.0,123.78132
2025-01-02 22:00:00,pm10,PIIANN,436.0,539.1278
2024-12-01 14:00:00,pm10,PIIANN,422.5,387.64447
2021-07-02 09:00:00,pm10,PIIANN,367.75,355.6937
2021-12-03 07:00:00,pm10,PIIANN,219.25,249.9531
2021-11-07 05:00:00,pm10,PIIANN,66.99999,77.29569
2025-07-02 05:00:00,pm10,PIIANN,202.0,242.88931
2022-02-09 23:00:00,pm10,PIIANN,219.0,238.00198
2022-01-11 14:00:00,pm10,PIIANN,376.25,422.95456
2022-10-06 12:00:00,pm10,PIIANN,448.75,308.41348
2022-02-12 01:00:00,pm10,PIIANN,595.49994,690.73456
2021-08-11 12:00:00,pm10,PIIANN,438.5,459.86426
2022-06-10 07:00:00,pm10,PIIANN,58.499996,111.45829
2025-10-12 02:00:00,pm10,PIIANN,217.0,255.73225
2022-01-03 01:00:00,pm10,PIIANN,187.5,203.0803
2021-10-05 18:00:00,pm10,PIIANN,141.75002,159.75262
2022-12-06 15:00:00,pm10,PIIANN,243.75,207.61238
2021-02-06 20:00:00,pm10,PIIANN,230.75,232.17647
2021-01-06 05:00:00,pm10,PIIANN,25.499996,80.23119
2023-12-06 09:00:00,pm10,PIIANN,138.0,205.38835
2024-09-06 21:00:00,pm10,PIIANN,418.0,352.57388
2023-05-05 14:00:00,pm10,PIIANN,132.0,185.09273
2024-03-08 07:00:00,pm10,PIIANN,219.25,141.53793
2022-09-10 13:00:00,pm10,PIIANN,13.249995,11.254298
2023-06-09 03:00:00,pm10,PIIANN,141.75002,132.99327
2021-09-07 17:00:00,pm10,PIIANN,102.24999,128.389
2022-03-07 11:00:00,pm10,PIIANN,63.249996,63.530514
2022-09-05 04:00:00,pm10,PIIANN,112.49999,119.392784
2025-11-06 02:00:00,pm10,PIIANN,398.0,470.5024
2021-02-12 20:00:00,pm10,PIIANN,377.75,454.41736
2023-06-01 17:00:00,pm10,PIIANN,466.25,499.41367
2021-11-02 13:00:00,pm10,PIIANN,304.25,255.11389
2022-03-10 05:00:00,pm10,PIIANN,95.74999,150.80882
2022-05-03 15:00:00,pm10,PIIANN,128.75,134.92418
2022-12-06 18:00:00,pm10,PIIANN,282.5,241.38597
2024-04-02 15:00:00,pm10,PIIANN,263.75,273.05118
2022-08-10 23:00:00,pm10,PIIANN,11.749995,94.480644
2022-10-06 23:00:00,pm10,PIIANN,341.5,242.96817
2025-02-02 20:00:00,pm10,PIIANN,398.0,429.66098
2023-02-12 21:00:00,pm10,PIIANN,320.0,425.0835
2021-11-08 06:00:00,pm10,PIIANN,92.99999,120.6074
2024-06-03 21:00:00,pm10,PIIANN,288.5,272.30588
2025-08-11 07:00:00,pm10,PIIANN,619.0,579.50024
2025-11-09 18:00:00,pm10,PIIANN,166.0,188.81146
2021-02-04 09:00:00,pm10,PIIANN,295.5,292.25974
2025-02-09 01:00:00,pm10,PIIANN,67.99999,92.3175
2021-12-06 22:00:00,pm10,PIIANN,85.50001,173.63396
2022-08-05 19:00:00,pm10,PIIANN,190.75,208.38474
2023-06-06 03:00:00,pm10,PIIANN,126.74999,199.4626
2021-07-05 16:00:00,pm10,PIIANN,107.74999,109.07053
2021-01-09 13:00:00,pm10,PIIANN,33.00001,8.915431
2021-08-12 00:00:00,pm10,PIIANN,235.0,402.01175
2021-04-06 20:00:00,pm10,PIIANN,75.49999,187.9562
2023-04-06 14:00:00,pm10,PIIANN,158.0,167.87228
2024-12-09 19:00:00,pm10,PIIANN,40.999996,37.183987
2021-11-04 03:00:00,pm10,PIIANN,190.0,251.21902
2024-06-01 12:00:00,pm10,PIIANN,427.75,389.22205
2023-07-12 08:00:00,pm10,PIIANN,535.0,465.0785
2021-10-02 20:00:00,pm10,PIIANN,637.0,642.691
2021-02-11 13:00:00,pm10,PIIANN,283.25,242.67723
2023-03-09 00:00:00,pm10,PIIANN,206.75,124.03864
2021-04-05 19:00:00,pm10,PIIANN,169.25,196.08212
2021-11-04 01:00:00,pm10,PIIANN,320.5,344.61646
2024-08-03 11:00:00,pm10,PIIANN,201.25,244.45021
2022-12-07 23:00:00,pm10,PIIANN,97.49999,138.38289
2024-04-06 12:00:00,pm10,PIIANN,304.0,249.1699
2024-03-10 15:00:00,pm10,PIIANN,168.00002,198.65274
2023-08-10 09:00:00,pm10,PIIANN,145.75,192.20796
2024-05-02 15:00:00,pm10,PIIANN,211.25,205.85356
2022-11-03 23:00:00,pm10,PIIANN,245.25,248.86427
2023-08-08 16:00:00,pm10,PIIANN,155.0,160.15959
2025-11-08 05:00:00,pm10,PIIANN,73.99998,119.26069
2021-01-11 01:00:00,pm10,PIIANN,439.75,490.52026
2023-03-11 14:00:00,pm10,PIIANN,325.5,452.17575
2023-01-08 12:00:00,pm10,PIIANN,110.99999,86.400566
2021-08-07 07:00:00,pm10,PIIANN,189.25,195.41713
2022-04-10 06:00:00,pm10,PIIANN,215.25,185.83696
2024-08-01 23:00:00,pm10,PIIANN,362.75,371.53546
2024-03-11 07:00:00,pm10,PIIANN,494.99997,545.5687
2024-01-09 09:00:00,pm10,PIIANN,167.0,155.48416
2022-03-11 19:00:00,pm10,PIIANN,795.5,791.3797
2023-10-10 11:00:00,pm10,PIIANN,167.5,214.07584
2022-03-10 02:00:00,pm10,PIIANN,145.75,186.9569
2023-08-05 07:00:00,pm10,PIIANN,225.75,201.88377
2025-10-08 17:00:00,pm10,PIIANN,161.0,134.35376
2023-03-10 14:00:00,pm10,PIIANN,175.5,167.9651
2025-04-02 00:00:00,pm10,PIIANN,217.0,344.35666
2022-11-07 19:00:00,pm10,PIIANN,178.0,146.1272
2022-03-10 15:00:00,pm10,PIIANN,199.25,164.83559
2025-03-13 02:00:00,pm10,PIIANN,330.7068,361.539
2021-11-07 08:00:00,pm10,PIIANN,96.74999,85.20014
2023-04-11 14:00:00,pm10,PIIANN,501.0,605.8197
2022-01-13 00:00:00,pm10,PIIANN,621.5142,554.13184
2023-06-01 15:00:00,pm10,PIIANN,473.25,421.25797
2025-02-12 06:00:00,pm10,PIIANN,398.0,354.68402
2021-11-02 00:00:00,pm10,PIIANN,321.0,269.49258
2023-09-08 20:00:00,pm10,PIIANN,191.5,192.3781
2025-04-11 18:00:00,pm10,PIIANN,215.0,240.90721
2025-01-11 20:00:00,pm10,PIIANN,554.0,615.17114
2024-09-09 13:00:00,pm10,PIIANN,102.99999,145.2876
2023-06-04 18:00:00,pm10,PIIANN,168.5,162.92316
2021-06-10 06:00:00,pm10,PIIANN,141.25002,160.53038
2023-03-11 15:00:00,pm10,PIIANN,244.75,383.4426
2024-01-11 08:00:00,pm10,PIIANN,406.0,483.9742
2022-09-08 07:00:00,pm10,PIIANN,158.5,104.329094
2022-04-06 02:00:00,pm10,PIIANN,319.0,319.7869
2022-11-08 09:00:00,pm10,PIIANN,70.24999,46.762325
2021-04-04 20:00:00,pm10,PIIANN,383.5,414.70508
2023-11-12 02:00:00,pm10,PIIANN,336.5,379.5805
2024-11-09 02:00:00,pm10,PIIANN,69.99999,96.8556
2022-05-08 12:00:00,pm10,PIIANN,49.749996,71.00446
2024-03-04 04:00:00,pm10,PIIANN,187.0,228.58623
2022-02-09 06:00:00,pm10,PIIANN,175.5,155.45766
2021-10-11 01:00:00,pm10,PIIANN,455.0,593.04144
2021-05-12 00:00:00,pm10,PIIANN,428.5,603.62915
2021-08-10 21:00:00,pm10,PIIANN,352.0,341.54727
2022-08-03 17:00:00,pm10,PIIANN,129.0,193.2438
2022-09-12 07:00:00,pm10,PIIANN,359.0,329.30798
2025-11-02 07:00:00,pm10,PIIANN,443.0,477.17932
2021-08-07 06:00:00,pm10,PIIANN,172.75,204.24913
2023-12-01 12:00:00,pm10,PIIANN,366.0,427.3435
2025-10-07 11:00:00,pm10,PIIANN,132.0,30.432446
2022-10-12 11:00:00,pm10,PIIANN,588.0,513.3811
2024-03-08 15:00:00,pm10,PIIANN,57.999996,80.318504
2021-04-06 18:00:00,pm10,PIIANN,226.0,185.32451
2025-09-05 17:00:00,pm10,PIIANN,91.99999,194.19772
2021-03-08 00:00:00,pm10,PIIANN,81.24999,117.51972
2024-01-10 07:00:00,pm10,PIIANN,272.0,236.18564
2024-09-12 00:00:00,pm10,PIIANN,140.0,373.24493
2025-05-12 16:00:00,pm10,PIIANN,232.0,244.89226
2022-11-10 05:00:00,pm10,PIIANN,45.749996,53.075115
2024-05-04 13:00:00,pm10,PIIANN,262.0,193.38388
2023-05-04 09:00:00,pm10,PIIANN,226.5,215.65305
2025-07-05 01:00:00,pm10,PIIANN,178.0,170.41263
2022-04-02 11:00:00,pm10,PIIANN,136.75,187.59204
2023-12-06 04:00:00,pm10,PIIANN,158.5,174.34029
2023-08-03 20:00:00,pm10,PIIANN,221.25,263.6336
2025-12-08 19:00:00,pm10,PIIANN,185.0,148.0139
2024-01-07 04:00:00,pm10,PIIANN,127.99999,129.45566
2021-02-03 10:00:00,pm10,PIIANN,341.25,261.12885
2021-05-10 00:00:00,pm10,PIIANN,128.25,263.58096
2023-11-05 01:00:00,pm10,PIIANN,522.75,369.4952
2023-02-09 17:00:00,pm10,PIIANN,188.0,179.72752
2025-05-10 04:00:00,pm10,PIIANN,177.0,213.21713
2024-02-01 20:00:00,pm10,PIIANN,556.25,585.6458
2021-07-03 10:00:00,pm10,PIIANN,427.0,465.40778
2025-11-12 05:00:00,pm10,PIIANN,392.0,408.87857
2024-04-07 14:00:00,pm10,PIIANN,105.99999,125.8581
2024-04-10 19:00:00,pm10,PIIANN,261.0,275.3924
2022-07-09 03:00:00,pm10,PIIANN,144.25,141.41974
2025-08-11 15:00:00,pm10,PIIANN,353.0,301.4593
2021-07-02 19:00:00,pm10,PIIANN,358.5,300.9498
2023-04-12 00:00:00,pm10,PIIANN,850.28174,653.943
2022-04-11 10:00:00,pm10,PIIANN,910.25,828.7108
2025-12-03 10:00:00,pm10,PIIANN,333.0,329.73492
2021-02-02 08:00:00,pm10,PIIANN,718.0,605.58264
2021-01-03 11:00:00,pm10,PIIANN,245.25,311.76498
2025-11-05 08:00:00,pm10,PIIANN,213.0,261.2108
2021-05-05 10:00:00,pm10,PIIANN,216.75,150.5523
2025-08-05 21:00:00,pm10,PIIANN,265.0,315.9441
2025-06-09 17:00:00,pm10,PIIANN,101.99999,126.42614
2023-07-07 12:00:00,pm10,PIIANN,86.24999,66.57671
2025-07-05 08:00:00,pm10,PIIANN,259.0,247.99373
2024-06-05 19:00:00,pm10,PIIANN,314.5,342.8292
2025-01-05 22:00:00,pm10,PIIANN,218.0,243.29047
2023-12-05 21:00:00,pm10,PIIANN,440.25,408.11768
2023-07-10 14:00:00,pm10,PIIANN,129.0,166.64032
2023-11-09 01:00:00,pm10,PIIANN,19.249996,61.722805
2023-07-02 20:00:00,pm10,PIIANN,324.5,339.9672
2025-01-11 21:00:00,pm10,PIIANN,483.0,601.2214
2021-06-12 06:00:00,pm10,PIIANN,257.25,288.2871
2021-01-10 22:00:00,pm10,PIIANN,252.5,248.72519
2022-04-11 05:00:00,pm10,PIIANN,707.5,800.4814
2025-07-10 17:00:00,pm10,PIIANN,34.749996,43.71519
2022-07-05 04:00:00,pm10,PIIANN,118.49999,194.40117
2021-12-10 09:00:00,pm10,PIIANN,312.5,277.19788
2025-02-09 08:00:00,pm10,PIIANN,80.99999,71.860344
2021-08-08 21:00:00,pm10,PIIANN,73.49998,99.687386
2023-12-03 17:00:00,pm10,PIIANN,145.75,168.25948
2024-04-08 06:00:00,pm10,PIIANN,110.99999,109.371086
2022-05-07 13:00:00,pm10,PIIANN,85.24999,181.9756
2021-06-10 09:00:00,pm10,PIIANN,175.75,183.6519
2021-12-11 09:00:00,pm10,PIIANN,870.5,866.20575
2025-04-09 03:00:00,pm10,PIIANN,66.99999,70.446846
2025-05-10 12:00:00,pm10,PIIANN,173.00002,144.57135
2021-01-05 12:00:00,pm10,PIIANN,271.75,224.96327
2021-08-04 03:00:00,pm10,PIIANN,156.0,181.21498
2025-08-08 22:00:00,pm10,PIIANN,184.0,196.61194
2025-01-10 02:00:00,pm10,PIIANN,54.999996,52.4434
2022-03-05 06:00:00,pm10,PIIANN,143.0,173.27394
2025-04-08 13:00:00,pm10,PIIANN,140.0,134.13129
2023-10-02 13:00:00,pm10,PIIANN,212.5,198.32
2023-12-05 08:00:00,pm10,PIIANN,377.25,295.8393
2023-10-01 16:00:00,pm10,PIIANN,431.99997,427.96774
2021-06-12 22:00:00,pm10,PIIANN,378.0,382.69553
2024-12-08 10:00:00,pm10,PIIANN,95.99999,59.32771
2025-09-03 15:00:00,pm10,PIIANN,134.0,176.25572
2024-11-05 20:00:00,pm10,PIIANN,265.0,268.72687
2021-04-09 14:00:00,pm10,PIIANN,65.49999,62.36598
2023-03-01 23:00:00,pm10,PIIANN,433.25,444.2951
2023-11-01 14:00:00,pm10,PIIANN,576.75,358.45123
2024-06-06 22:00:00,pm10,PIIANN,418.0,317.90588
2022-01-06 17:00:00,pm10,PIIANN,154.75,186.06808
2022-09-11 21:00:00,pm10,PIIANN,476.25,460.66086
2023-10-10 05:00:00,pm10,PIIANN,284.25,248.45409
2025-10-06 08:00:00,pm10,PIIANN,338.0,334.04584
2021-11-07 00:00:00,pm10,PIIANN,102.74999,126.41523
2021-06-01 12:00:00,pm10,PIIANN,246.0,237.0748
2023-04-06 07:00:00,pm10,PIIANN,221.25,288.8644
2022-08-03 10:00:00,pm10,PIIANN,412.5,437.8437
2025-10-04 11:00:00,pm10,PIIANN,505.0,384.87186
2023-02-03 07:00:00,pm10,PIIANN,302.0,278.7652
2021-09-06 03:00:00,pm10,PIIANN,330.5,385.91022
2025-02-03 12:00:00,pm10,PIIANN,157.0,166.91586
2025-03-09 19:00:00,pm10,PIIANN,11.0000105,80.12087
2025-03-07 09:00:00,pm10,PIIANN,147.00002,92.86768
2022-06-09 07:00:00,pm10,PIIANN,183.75,178.33197
2021-06-01 20:00:00,pm10,PIIANN,317.0,336.1203
2022-07-04 12:00:00,pm10,PIIANN,249.75,235.06766
2021-06-11 19:00:00,pm10,PIIANN,668.99994,643.50616
2022-04-07 12:00:00,pm10,PIIANN,111.99999,120.8218
2022-10-02 16:00:00,pm10,PIIANN,155.25,166.00742
2023-09-12 13:00:00,pm10,PIIANN,247.5,255.66093
2023-07-11 05:00:00,pm10,PIIANN,440.25,506.29843
2022-08-02 02:00:00,pm10,PIIANN,402.5,509.49377
2025-07-03 23:00:00,pm10,PIIANN,261.0,293.7639
2023-04-08 01:00:00,pm10,PIIANN,71.99999,76.33932
2024-06-11 15:00:00,pm10,PIIANN,311.0,329.6166
2025-07-03 08:00:00,pm10,PIIANN,409.0,333.89774
2024-07-08 16:00:00,pm10,PIIANN,36.999996,148.2424
2021-02-09 07:00:00,pm10,PIIANN,47.24998,45.174496
2023-02-12 10:00:00,pm10,PIIANN,283.0,407.8931
2024-08-08 06:00:00,pm10,PIIANN,47.999996,59.888363
2021-06-07 05:00:00,pm10,PIIANN,109.24999,153.37123
2022-02-04 06:00:00,pm10,PIIANN,361.5,405.67484
2023-12-02 04:00:00,pm10,PIIANN,145.75,180.90015
2024-03-06 20:00:00,pm10,PIIANN,376.0,336.5659
2021-02-02 04:00:00,pm10,PIIANN,404.25,434.89514
2024-12-06 17:00:00,pm10,PIIANN,161.0,189.63321
2021-01-06 03:00:00,pm10,PIIANN,19.999996,135.30602
2021-02-04 05:00:00,pm10,PIIANN,317.75,285.05518
2023-10-12 08:00:00,pm10,PIIANN,304.25,300.58975
2022-07-09 21:00:00,pm10,PIIANN,195.5,203.02454
2023-11-08 12:00:00,pm10,PIIANN,150.0,152.04945
2023-07-09 22:00:00,pm10,PIIANN,162.0,161.55789
2024-07-06 06:00:00,pm10,PIIANN,248.0,269.4195
2021-07-03 07:00:00,pm10,PIIANN,613.5,473.18512
2021-09-02 23:00:00,pm10,PIIANN,682.75,609.59924
2024-07-04 00:00:00,pm10,PIIANN,523.25,254.27602
2025-08-09 19:00:00,pm10,PIIANN,166.0,125.7458
2023-08-06 20:00:00,pm10,PIIANN,321.0,266.4633
2023-08-08 08:00:00,pm10,PIIANN,150.25,112.97257
2021-12-10 18:00:00,pm10,PIIANN,278.75,211.27025
2021-09-12 02:00:00,pm10,PIIANN,286.0,327.21075
2023-04-03 15:00:00,pm10,PIIANN,218.5,192.67351
2023-02-02 20:00:00,pm10,PIIANN,372.5,345.9495
2023-10-11 23:00:00,pm10,PIIANN,253.0,311.7402
2025-01-05 11:00:00,pm10,PIIANN,255.0,244.98538
2022-06-02 06:00:00,pm10,PIIANN,532.25,581.64404
2022-01-09 23:00:00,pm10,PIIANN,147.75,177.75612
2021-02-06 03:00:00,pm10,PIIANN,144.75,141.99077
2022-01-05 12:00:00,pm10,PIIANN,296.5,273.9547
2021-03-05 04:00:00,pm10,PIIANN,273.75,232.47302
2023-03-11 08:00:00,pm10,PIIANN,830.25,755.7811
2022-03-03 05:00:00,pm10,PIIANN,174.25,192.1625
2023-08-03 17:00:00,pm10,PIIANN,112.24999,163.95943
2024-02-08 08:00:00,pm10,PIIANN,267.0,162.07411
2024-12-13 01:00:00,pm10,PIIANN,311.05063,281.0751
2025-07-11 01:00:00,pm10,PIIANN,602.0,470.2252
2024-08-09 06:00:00,pm10,PIIANN,171.0,155.24852
2021-09-02 09:00:00,pm10,PIIANN,544.25,563.5472
2023-07-07 05:00:00,pm10,PIIANN,75.24999,65.69187
2022-09-10 10:00:00,pm10,PIIANN,31.99998,14.55038
2023-09-02 06:00:00,pm10,PIIANN,262.25,250.2522
2025-06-05 12:00:00,pm10,PIIANN,160.0,190.5832
2025-12-05 09:00:00,pm10,PIIANN,202.0,228.09811
2021-09-05 10:00:00,pm10,PIIANN,186.5,170.33415
2022-10-12 07:00:00,pm10,PIIANN,529.5,456.07916
2021-02-07 09:00:00,pm10,PIIANN,301.0,226.14622
2021-12-10 01:00:00,pm10,PIIANN,263.75,221.78596
2022-05-09 16:00:00,pm10,PIIANN,108.99999,116.565865
2024-09-07 02:00:00,pm10,PIIANN,262.08,238.31404
2023-04-07 10:00:00,pm10,PIIANN,126.24999,170.90094
2025-12-01 18:00:00,pm10,PIIANN,448.0,330.60425
2021-05-05 13:00:00,pm10,PIIANN,194.25,151.18759
2023-03-06 01:00:00,pm10,PIIANN,133.25,154.36258
2022-06-10 20:00:00,pm10,PIIANN,112.99999,101.881874
2022-09-12 13:00:00,pm10,PIIANN,252.25,279.28107
2022-06-01 16:00:00,pm10,PIIANN,169.0,216.46767
2025-05-12 02:00:00,pm10,PIIANN,312.0,471.34076
2021-04-11 21:00:00,pm10,PIIANN,730.9,870.8099
2021-04-04 13:00:00,pm10,PIIANN,159.0,180.46611
2025-03-02 06:00:00,pm10,PIIANN,230.0,247.55043
2021-12-01 12:00:00,pm10,PIIANN,334.0,339.64282
2023-12-07 15:00:00,pm10,PIIANN,57.24998,62.138668
2023-12-13 01:00:00,pm10,PIIANN,655.7396,517.77057
2023-10-03 11:00:00,pm10,PIIANN,255.25,244.3821
2022-10-09 00:00:00,pm10,PIIANN,109.99999,67.19785
2021-04-04 01:00:00,pm10,PIIANN,267.5,239.99182
2025-07-04 06:00:00,pm10,PIIANN,509.0,525.5288
2022-08-03 21:00:00,pm10,PIIANN,336.75,427.1713
2023-12-06 05:00:00,pm10,PIIANN,179.5,171.52689
2023-02-11 10:00:00,pm10,PIIANN,721.25,669.30865
2022-04-05 14:00:00,pm10,PIIANN,275.5625,231.59283
2021-12-06 02:00:00,pm10,PIIANN,83.74999,119.306114
2023-06-02 02:00:00,pm10,PIIANN,494.99997,476.33795
2023-03-04 07:00:00,pm10,PIIANN,352.25,266.33588
2023-10-02 04:00:00,pm10,PIIANN,140.25,193.06361
2022-08-08 00:00:00,pm10,PIIANN,113.99999,136.54631
2022-05-02 21:00:00,pm10,PIIANN,615.0,530.7804
2025-03-09 15:00:00,pm10,PIIANN,35.999996,91.70832
2023-12-02 11:00:00,pm10,PIIANN,222.75,191.64145
2023-01-09 13:00:00,pm10,PIIANN,170.5,174.28688
2025-12-01 13:00:00,pm10,PIIANN,326.0,331.09995
2025-03-09 18:00:00,pm10,PIIANN,15.999995,80.10639
2024-09-11 06:00:00,pm10,PIIANN,420.0,408.8785
2022-11-02 02:00:00,pm10,PIIANN,145.75,206.70801
2023-08-09 19:00:00,pm10,PIIANN,109.49999,101.444405
2023-01-11 21:00:00,pm10,PIIANN,586.4167,565.51904
2024-12-04 14:00:00,pm10,PIIANN,147.5,204.502
2022-06-02 07:00:00,pm10,PIIANN,553.75,574.0879
2021-06-10 04:00:00,pm10,PIIANN,168.5,150.27962
2023-04-10 18:00:00,pm10,PIIANN,249.25,221.25505
2023-07-11 13:00:00,pm10,PIIANN,436.74997,380.80984
2021-07-13 02:00:00,pm10,PIIANN,242.6477,292.89114
2021-04-10 04:00:00,pm10,PIIANN,107.74999,75.02398
2025-01-09 20:00:00,pm10,PIIANN,33.999996,120.893135
2023-06-11 10:00:00,pm10,PIIANN,573.75,674.5111
2023-06-06 16:00:00,pm10,PIIANN,156.0,156.99962
2021-12-02 18:00:00,pm10,PIIANN,429.5,437.113
2022-01-04 10:00:00,pm10,PIIANN,271.5,259.54803
2024-11-01 18:00:00,pm10,PIIANN,426.5,425.8946
2024-06-05 11:00:00,pm10,PIIANN,243.25,266.79324
2025-01-05 20:00:00,pm10,PIIANN,289.0,245.57857
2024-02-10 02:00:00,pm10,PIIANN,175.61539,205.19316
2022-04-07 08:00:00,pm10,PIIANN,148.75,129.47322
2021-12-07 04:00:00,pm10,PIIANN,54.249996,76.66166
2025-10-03 07:00:00,pm10,PIIANN,241.0,255.4795
2022-02-07 07:00:00,pm10,PIIANN,201.5,152.98132
2023-01-01 18:00:00,pm10,PIIANN,294.25,283.65964
2023-08-11 19:00:00,pm10,PIIANN,577.75,567.6825
2023-10-07 08:00:00,pm10,PIIANN,87.74999,49.40446
2022-10-06 16:00:00,pm10,PIIANN,340.75,300.28384
2024-05-09 21:00:00,pm10,PIIANN,158.0,145.40689
2022-01-01 22:00:00,pm10,PIIANN,721.49994,820.65796
2024-08-05 09:00:00,pm10,PIIANN,332.25,284.1697
2025-05-04 02:00:00,pm10,PIIANN,191.0,248.01802
2022-02-10 03:00:00,pm10,PIIANN,221.5,184.82314
2022-03-02 09:00:00,pm10,PIIANN,206.75,284.69897
2024-01-08 03:00:00,pm10,PIIANN,33.00001,59.77441
2025-12-04 06:00:00,pm10,PIIANN,138.0,155.67949
2021-04-10 09:00:00,pm10,PIIANN,113.99999,131.0293
2024-04-02 03:00:00,pm10,PIIANN,340.75,327.16718
2023-07-07 01:00:00,pm10,PIIANN,82.24999,59.31782
2023-10-06 02:00:00,pm10,PIIANN,124.49999,135.75937
2025-02-07 13:00:00,pm10,PIIANN,77.99999,122.037895
2024-10-10 02:00:00,pm10,PIIANN,183.0,209.92584
2024-01-10 14:00:00,pm10,PIIANN,246.58333,182.15633
2024-12-12 09:00:00,pm10,PIIANN,417.0,405.61612
2022-04-03 17:00:00,pm10,PIIANN,128.75,171.75847
2022-01-05 02:00:00,pm10,PIIANN,372.75,463.32913
2024-04-03 03:00:00,pm10,PIIANN,129.75,147.53145
2021-05-01 17:00:00,pm10,PIIANN,111.99999,190.04695
2023-02-08 22:00:00,pm10,PIIANN,86.24999,78.43221
2021-03-02 22:00:00,pm10,PIIANN,366.0,426.07846
2022-10-06 21:00:00,pm10,PIIANN,356.5,418.60983
2022-07-02 13:00:00,pm10,PIIANN,184.5,180.00375
2025-11-02 08:00:00,pm10,PIIANN,492.0,474.77637
2022-01-05 06:00:00,pm10,PIIANN,273.75,279.74747
2023-04-10 12:00:00,pm10,PIIANN,198.5,201.6323
2022-05-12 06:00:00,pm10,PIIANN,314.25,251.40211
2022-07-09 00:00:00,pm10,PIIANN,129.25,118.59127
2021-11-04 02:00:00,pm10,PIIANN,231.75,298.51624
2023-03-01 09:00:00,pm10,PIIANN,404.75,369.08737
2025-09-07 07:00:00,pm10,PIIANN,246.0,128.88295
2023-09-07 09:00:00,pm10,PIIANN,56.749996,62.228115
2023-06-07 14:00:00,pm10,PIIANN,33.00001,39.45364
2025-07-02 19:00:00,pm10,PIIANN,197.0,248.58815
2021-01-09 05:00:00,pm10,PIIANN,42.49998,58.056393
2025-02-10 09:00:00,pm10,PIIANN,167.0,166.9143
2022-03-10 04:00:00,pm10,PIIANN,121.99999,157.11649
2025-03-08 06:00:00,pm10,PIIANN,169.0,86.65887
2023-03-09 02:00:00,pm10,PIIANN,124.74999,159.75986
2024-10-03 02:00:00,pm10,PIIANN,339.25,248.40228
2023-08-02 20:00:00,pm10,PIIANN,421.0,360.04373
2025-07-02 17:00:00,pm10,PIIANN,178.0,186.18646
2022-03-04 14:00:00,pm10,PIIANN,176.25,214.37927
2023-08-01 14:00:00,pm10,PIIANN,437.75,371.8723
2022-04-05 17:00:00,pm10,PIIANN,266.0,274.44513
2021-11-09 23:00:00,pm10,PIIANN,30.499996,86.92652
2021-02-06 21:00:00,pm10,PIIANN,199.75,240.05782
2025-07-06 18:00:00,pm10,PIIANN,188.0,215.13722
2023-08-06 15:00:00,pm10,PIIANN,224.25,166.18718
2023-08-11 18:00:00,pm10,PIIANN,480.25,529.07947
2025-01-08 21:00:00,pm10,PIIANN,117.99999,111.39489
2023-07-05 03:00:00,pm10,PIIANN,318.0,298.27148
2022-01-11 22:00:00,pm10,PIIANN,569.5,594.95624
2024-10-09 06:00:00,pm10,PIIANN,82.99999,100.51499
2025-07-03 11:00:00,pm10,PIIANN,222.0,244.1983
2023-05-02 11:00:00,pm10,PIIANN,251.0,235.88518
2021-03-09 04:00:00,pm10,PIIANN,15.24998,46.16644
2025-11-07 16:00:00,pm10,PIIANN,83.99998,113.29034
2025-10-07 07:00:00,pm10,PIIANN,46.999996,35.375866
2025-10-09 13:00:00,pm10,PIIANN,199.0,136.4105
2023-07-07 04:00:00,pm10,PIIANN,65.74999,69.69889
2025-08-02 05:00:00,pm10,PIIANN,206.0,203.00728
2021-11-13 02:00:00,pm10,PIIANN,451.9238,534.2432
2021-10-10 01:00:00,pm10,PIIANN,218.5,279.98935
2025-06-12 17:00:00,pm10,PIIANN,238.0,246.77492
2023-04-12 05:00:00,pm10,PIIANN,219.25,281.40466
2021-12-01 22:00:00,pm10,PIIANN,523.0,575.4938
2025-08-02 13:00:00,pm10,PIIANN,186.0,176.5771
2025-05-11 11:00:00,pm10,PIIANN,184.0,192.80591
2022-09-06 06:00:00,pm10,PIIANN,190.0,177.33823
2025-10-04 15:00:00,pm10,PIIANN,226.0,244.98991
2023-11-10 02:00:00,pm10,PIIANN,272.75,242.5814
2025-02-07 04:00:00,pm10,PIIANN,252.0,186.2751
2023-06-03 03:00:00,pm10,PIIANN,168.00002,166.08745
2022-11-12 06:00:00,pm10,PIIANN,323.75,285.15875
2022-05-10 16:00:00,pm10,PIIANN,146.0,210.22319
2022-02-10 07:00:00,pm10,PIIANN,291.75,250.73013
2022-08-10 06:00:00,pm10,PIIANN,23.499996,57.05888
2023-10-05 11:00:00,pm10,PIIANN,202.25,189.73965
2022-09-06 04:00:00,pm10,PIIANN,167.25,185.68227
2021-03-06 22:00:00,pm10,PIIANN,236.0,217.59781
2024-08-04 20:00:00,pm10,PIIANN,348.5,316.16553
2022-03-09 04:00:00,pm10,PIIANN,128.5,143.98557
2021-02-01 17:00:00,pm10,PIIANN,465.0,537.94147
2025-09-02 09:00:00,pm10,PIIANN,283.0,290.79416
2025-11-04 00:00:00,pm10,PIIANN,215.0,371.61496
2024-02-03 09:00:00,pm10,PIIANN,129.0,185.29338
2021-09-04 21:00:00,pm10,PIIANN,481.5,396.2123
2024-06-08 11:00:00,pm10,PIIANN,55.999996,83.66692
2025-12-07 07:00:00,pm10,PIIANN,115.99999,99.00959
2021-06-05 22:00:00,pm10,PIIANN,72.49999,116.12876
2021-05-12 18:00:00,pm10,PIIANN,430.75,383.8304
2023-01-07 06:00:00,pm10,PIIANN,46.999996,43.60127
2025-02-02 01:00:00,pm10,PIIANN,310.0,242.85333
2024-03-05 00:00:00,pm10,PIIANN,599.5,288.94058
2022-04-11 17:00:00,pm10,PIIANN,620.5,646.86884
2022-07-12 16:00:00,pm10,PIIANN,249.0,268.735
2023-10-08 15:00:00,pm10,PIIANN,162.50002,141.16898
2023-11-10 18:00:00,pm10,PIIANN,195.75,189.63847
2024-06-08 18:00:00,pm10,PIIANN,46.999996,91.407875
2021-09-03 04:00:00,pm10,PIIANN,343.5,351.8906
2024-11-11 04:00:00,pm10,PIIANN,423.0,513.66266
2022-03-04 12:00:00,pm10,PIIANN,236.25,230.6774
2022-10-04 00:00:00,pm10,PIIANN,439.25,336.3239
2023-02-11 13:00:00,pm10,PIIANN,652.0,618.73724
2023-12-12 13:00:00,pm10,PIIANN,272.75,373.08304
2021-07-03 17:00:00,pm10,PIIANN,252.5,242.38791
2023-12-12 08:00:00,pm10,PIIANN,680.5,546.5262
2025-01-10 09:00:00,pm10,PIIANN,100.99999,88.91706
2022-01-08 07:00:00,pm10,PIIANN,138.0,97.750984
2024-09-07 01:00:00,pm10,PIIANN,271.72,249.91173
2025-02-10 20:00:00,pm10,PIIANN,219.25,229.84802
2024-11-06 19:00:00,pm10,PIIANN,274.0,255.63539
2024-09-05 13:00:00,pm10,PIIANN,179.25,176.99203
2023-06-08 22:00:00,pm10,PIIANN,129.5,140.67958
2023-02-07 04:00:00,pm10,PIIANN,48.999996,59.70547
2022-07-09 04:00:00,pm10,PIIANN,152.75,148.23155
2025-07-04 23:00:00,pm10,PIIANN,401.0,400.06473
2022-05-08 08:00:00,pm10,PIIANN,88.24999,119.84611
2024-05-07 23:00:00,pm10,PIIANN,79.99999,61.297558
2023-11-07 15:00:00,pm10,PIIANN,80.99999,59.815136
2025-12-11 16:00:00,pm10,PIIANN,393.0,355.33694
2023-01-11 02:00:00,pm10,PIIANN,409.25,438.87717
2025-01-12 06:00:00,pm10,PIIANN,362.0,381.14636
2025-09-09 00:00:00,pm10,PIIANN,255.0,117.1847
2023-09-04 22:00:00,pm10,PIIANN,496.75,451.77756
2024-05-07 00:00:00,pm10,PIIANN,156.0,251.94838
2024-04-05 17:00:00,pm10,PIIANN,230.0,238.93066
2022-08-09 05:00:00,pm10,PIIANN,105.99999,138.81343
2022-04-05 08:00:00,pm10,PIIANN,241.75,221.51912
2023-02-02 06:00:00,pm10,PIIANN,180.0,198.05962
2025-10-03 06:00:00,pm10,PIIANN,229.0,243.56544
2021-07-12 04:00:00,pm10,PIIANN,223.25,290.3998
2021-02-12 11:00:00,pm10,PIIANN,510.0,530.0962
2024-01-10 11:00:00,pm10,PIIANN,197.0,205.15744
2024-01-12 17:00:00,pm10,PIIANN,217.0,241.14641
2025-07-04 09:00:00,pm10,PIIANN,481.0,384.07465
2024-02-02 05:00:00,pm10,PIIANN,86.74999,169.61984
2024-04-10 14:00:00,pm10,PIIANN,150.0,178.51143
2024-03-09 18:00:00,pm10,PIIANN,98.99999,112.320625
2024-04-02 23:00:00,pm10,PIIANN,184.0,235.17384
2022-08-07 17:00:00,pm10,PIIANN,72.24999,79.730736
2022-11-01 10:00:00,pm10,PIIANN,322.0,350.1727
2023-02-01 17:00:00,pm10,PIIANN,378.0,381.959
2024-11-06 06:00:00,pm10,PIIANN,534.0,463.2607
2022-04-03 18:00:00,pm10,PIIANN,170.0,194.86342
2022-04-11 19:00:00,pm10,PIIANN,526.25,583.908
2023-01-05 19:00:00,pm10,PIIANN,69.49999,77.59339
2025-01-12 00:00:00,pm10,PIIANN,294.0,465.26877
2025-02-09 22:00:00,pm10,PIIANN,107.666664,90.89919
2024-08-09 16:00:00,pm10,PIIANN,178.0,146.65764
2022-09-11 06:00:00,pm10,PIIANN,276.25,247.88243
2023-05-09 13:00:00,pm10,PIIANN,89.49999,111.36753
2022-08-06 08:00:00,pm10,PIIANN,395.0,322.72958
2022-05-06 11:00:00,pm10,PIIANN,299.5,220.77982
2022-06-10 19:00:00,pm10,PIIANN,151.5,100.73936
2022-07-04 11:00:00,pm10,PIIANN,298.5,265.18008
2022-01-06 18:00:00,pm10,PIIANN,213.25,249.57927
2025-12-08 17:00:00,pm10,PIIANN,160.0,129.49028
2024-11-08 21:00:00,pm10,PIIANN,49.999996,97.94941
2024-06-07 16:00:00,pm10,PIIANN,73.99998,75.01969
2025-02-03 03:00:00,pm10,PIIANN,139.0,150.90755
2021-08-10 04:00:00,pm10,PIIANN,185.5,186.57246
2023-07-02 00:00:00,pm10,PIIANN,494.99997,422.5048
2022-04-02 14:00:00,pm10,PIIANN,105.74999,145.82086
2024-04-11 16:00:00,pm10,PIIANN,290.0,388.9329
2025-02-09 09:00:00,pm10,PIIANN,17.999996,76.71322
2024-04-10 02:00:00,pm10,PIIANN,250.0,235.79723
2023-07-03 22:00:00,pm10,PIIANN,409.25,361.82422
2023-05-01 22:00:00,pm10,PIIANN,708.5,640.7226
2021-04-03 08:00:00,pm10,PIIANN,544.0,501.3561
2023-03-08 16:00:00,pm10,PIIANN,142.0,85.55387
2022-03-10 22:00:00,pm10,PIIANN,267.0,249.2347
2023-12-06 08:00:00,pm10,PIIANN,195.0,219.94354
2024-12-08 22:00:00,pm10,PIIANN,113.99999,112.138084
2025-01-02 18:00:00,pm10,PIIANN,361.0,379.7531
2023-02-09 08:00:00,pm10,PIIANN,178.75,160.97173
2022-02-06 03:00:00,pm10,PIIANN,265.75,219.06378
2021-07-04 17:00:00,pm10,PIIANN,209.75,210.11186
2023-09-10 12:00:00,pm10,PIIANN,138.5,173.2199
2024-01-04 03:00:00,pm10,PIIANN,185.25,151.31927
2025-09-08 12:00:00,pm10,PIIANN,44.999996,46.557262
2025-07-05 00:00:00,pm10,PIIANN,221.0,309.63324
2025-09-07 00:00:00,pm10,PIIANN,273.0,327.3254
2021-08-07 10:00:00,pm10,PIIANN,281.75,214.03046
2021-09-11 19:00:00,pm10,PIIANN,525.0,616.4587
2024-04-03 14:00:00,pm10,PIIANN,89.99999,139.68042
2022-08-12 17:00:00,pm10,PIIANN,282.75,262.59872
2023-09-01 21:00:00,pm10,PIIANN,738.25,744.7268
2023-01-10 02:00:00,pm10,PIIANN,168.75,169.4562
2025-05-11 09:00:00,pm10,PIIANN,177.0,248.902
2023-07-06 22:00:00,pm10,PIIANN,272.0,261.74002
2024-01-10 00:00:00,pm10,PIIANN,300.0,144.54109
2024-09-05 14:00:00,pm10,PIIANN,173.75,184.34839
2021-09-04 19:00:00,pm10,PIIANN,334.5,253.73582
2022-12-10 20:00:00,pm10,PIIANN,323.75,351.87955
2023-02-06 18:00:00,pm10,PIIANN,150.0,181.26205
2023-05-06 01:00:00,pm10,PIIANN,179.5,169.53557
2023-02-12 05:00:00,pm10,PIIANN,492.25,384.82916
2025-12-12 22:00:00,pm10,PIIANN,680.25,673.33997
2022-05-02 22:00:00,pm10,PIIANN,667.75,589.6539
2021-02-07 08:00:00,pm10,PIIANN,264.75,210.88661
2024-01-08 19:00:00,pm10,PIIANN,28.999996,71.49877
2021-10-09 08:00:00,pm10,PIIANN,72.99998,80.14512
2021-12-07 01:00:00,pm10,PIIANN,54.00001,119.43145
2025-07-11 19:00:00,pm10,PIIANN,467.0,421.97968
2023-11-11 06:00:00,pm10,PIIANN,179.0,195.9861
2023-11-05 02:00:00,pm10,PIIANN,478.0,392.83957
2025-08-03 07:00:00,pm10,PIIANN,212.0,237.82898
2024-08-11 11:00:00,pm10,PIIANN,455.0,445.4813
2021-02-07 11:00:00,pm10,PIIANN,388.25,261.09134
2025-03-09 21:00:00,pm10,PIIANN,39.999996,87.472176
2021-04-09 08:00:00,pm10,PIIANN,24.749996,71.08102
2021-02-03 09:00:00,pm10,PIIANN,338.0,255.5865
2025-02-13 01:00:00,pm10,PIIANN,575.6104,545.5219
2022-09-10 20:00:00,pm10,PIIANN,17.499996,31.54594
2022-08-04 01:00:00,pm10,PIIANN,395.0,482.26566
2022-01-12 12:00:00,pm10,PIIANN,438.5,458.28082
2022-10-09 14:00:00,pm10,PIIANN,118.74999,130.61531
2025-08-06 12:00:00,pm10,PIIANN,213.0,219.74507
2022-05-05 11:00:00,pm10,PIIANN,118.99999,135.39548
2022-02-02 04:00:00,pm10,PIIANN,261.25,282.36536
2023-06-12 01:00:00,pm10,PIIANN,347.25,305.05185
2025-11-06 05:00:00,pm10,PIIANN,344.0,333.42282
2024-08-11 21:00:00,pm10,PIIANN,552.0,580.21564
2023-02-01 09:00:00,pm10,PIIANN,283.0,296.4556
2025-03-09 12:00:00,pm10,PIIANN,189.0,83.44167
2022-06-10 14:00:00,pm10,PIIANN,94.74999,106.26537
2021-08-08 23:00:00,pm10,PIIANN,72.99998,116.6802
2021-07-08 13:00:00,pm10,PIIANN,24.749996,62.676403
2025-04-06 06:00:00,pm10,PIIANN,211.0,241.94063
2025-04-12 06:00:00,pm10,PIIANN,310.0,395.80316
2022-03-02 15:00:00,pm10,PIIANN,229.25,259.28772
2024-09-03 23:00:00,pm10,PIIANN,226.75,278.60437
2022-10-10 18:00:00,pm10,PIIANN,53.749996,41.785885
2021-04-01 14:00:00,pm10,PIIANN,129.0,203.8958
2024-04-04 17:00:00,pm10,PIIANN,136.00002,170.37462
2021-10-04 22:00:00,pm10,PIIANN,339.5,347.35474
2021-10-06 05:00:00,pm10,PIIANN,159.0,205.55737
2025-11-12 23:00:00,pm10,PIIANN,585.0,517.0362
2025-05-05 21:00:00,pm10,PIIANN,191.0,170.53911
2023-10-06 18:00:00,pm10,PIIANN,354.75,212.39157
2021-06-05 20:00:00,pm10,PIIANN,59.25001,194.71422
2021-11-12 22:00:00,pm10,PIIANN,556.25,560.20026
2023-10-05 19:00:00,pm10,PIIANN,318.25,232.78719
2021-03-02 02:00:00,pm10,PIIANN,418.0,486.22235
2024-10-07 01:00:00,pm10,PIIANN,386.88,306.3987
2024-01-04 06:00:00,pm10,PIIANN,144.75,188.83066
2022-11-04 10:00:00,pm10,PIIANN,496.5,465.75024
2022-03-11 04:00:00,pm10,PIIANN,990.0,893.415
2024-04-07 07:00:00,pm10,PIIANN,173.00002,148.08092
2021-10-08 09:00:00,pm10,PIIANN,142.25,141.75427
2022-10-09 15:00:00,pm10,PIIANN,102.49999,134.42633
2025-03-04 14:00:00,pm10,PIIANN,138.0,197.65408
2023-10-10 15:00:00,pm10,PIIANN,150.75,199.32254
2024-12-08 02:00:00,pm10,PIIANN,68.99999,36.263775
2024-03-07 13:00:00,pm10,PIIANN,393.0,297.9719
2023-01-05 12:00:00,pm10,PIIANN,42.749996,91.743904
2022-06-06 02:00:00,pm10,PIIANN,177.0,218.86096
2022-04-07 02:00:00,pm10,PIIANN,137.5,120.32407
2023-11-03 13:00:00,pm10,PIIANN,155.5,164.86412
2025-08-10 16:00:00,pm10,PIIANN,91.99999,60.087948
2024-09-10 21:00:00,pm10,PIIANN,262.0,279.31357
2025-02-06 18:00:00,pm10,PIIANN,227.0,185.69986
2022-05-02 23:00:00,pm10,PIIANN,841.5,517.2229
2023-09-06 16:00:00,pm10,PIIANN,180.75,167.84383
2025-08-07 22:00:00,pm10,PIIANN,241.0,191.20677
2024-10-09 22:00:00,pm10,PIIANN,57.999996,114.53295
2022-02-01 14:00:00,pm10,PIIANN,263.0,325.32623
2024-07-09 23:00:00,pm10,PIIANN,113.99999,114.40577
2022-04-07 09:00:00,pm10,PIIANN,121.24999,131.38544
2021-04-08 15:00:00,pm10,PIIANN,53.50001,45.11526
2021-04-08 16:00:00,pm10,PIIANN,62.749996,43.371014
2024-08-05 23:00:00,pm10,PIIANN,268.0,224.87495
2022-01-10 14:00:00,pm10,PIIANN,161.75,183.10696
2024-08-08 13:00:00,pm10,PIIANN,28.999996,50.27804
2025-11-12 16:00:00,pm10,PIIANN,213.0,251.0604
2022-10-06 06:00:00,pm10,PIIANN,318.67,239.70168
2024-06-11 07:00:00,pm10,PIIANN,609.0,575.6974
2022-06-03 16:00:00,pm10,PIIANN,148.25,184.64897
2021-07-09 23:00:00,pm10,PIIANN,56.999996,116.34872
2024-07-03 13:00:00,pm10,PIIANN,130.5,175.45137
2025-10-04 05:00:00,pm10,PIIANN,197.0,259.30576
2025-05-07 06:00:00,pm10,PIIANN,186.0,148.26854
2025-08-06 03:00:00,pm10,PIIANN,233.0,257.31415
2021-10-11 23:00:00,pm10,PIIANN,510.25,535.70526
2024-07-05 12:00:00,pm10,PIIANN,399.0,380.0693
2022-11-02 04:00:00,pm10,PIIANN,146.75002,171.58041
2025-11-12 15:00:00,pm10,PIIANN,223.0,234.31064
2023-03-08 11:00:00,pm10,PIIANN,120.24999,89.31461
2023-05-03 08:00:00,no2,PIIANN,44.025,40.182537
2024-10-01 21:00:00,no2,PIIANN,34.62,41.843452
2022-10-03 09:00:00,no2,PIIANN,34.45,43.488464
2021-03-09 18:00:00,no2,PIIANN,36.93,35.533062
2021-02-08 08:00:00,no2,PIIANN,35.45,36.348934
2024-02-02 19:00:00,no2,PIIANN,62.15,55.445457
2021-08-04 10:00:00,no2,PIIANN,30.979998,29.298132
2023-12-02 15:00:00,no2,PIIANN,25.7,28.199348
2025-11-09 07:00:00,no2,PIIANN,9.119999,10.813068
2023-08-04 14:00:00,no2,PIIANN,6.525005,12.82061
2023-06-01 14:00:00,no2,PIIANN,65.875,62.492058
2022-05-02 12:00:00,no2,PIIANN,55.22,44.544888
2022-09-12 05:00:00,no2,PIIANN,55.0,59.64255
2021-04-03 14:00:00,no2,PIIANN,39.83,50.865555
2024-10-05 03:00:00,no2,PIIANN,35.05,75.61884
2022-05-01 13:00:00,no2,PIIANN,148.07,118.556076
2022-03-06 19:00:00,no2,PIIANN,118.9,67.247955
2023-12-07 20:00:00,no2,PIIANN,38.575,24.087582
2021-10-12 04:00:00,no2,PIIANN,174.27002,170.12932
2022-09-08 08:00:00,no2,PIIANN,32.55,24.780558
2025-12-10 20:00:00,no2,PIIANN,67.6,79.26353
2025-03-05 09:00:00,no2,PIIANN,39.13,33.567516
2021-09-05 04:00:00,no2,PIIANN,31.599998,26.099182
2024-10-12 11:00:00,no2,PIIANN,40.88,46.380222
2022-11-10 09:00:00,no2,PIIANN,38.83,24.492537
2021-02-10 00:00:00,no2,PIIANN,38.32,27.144976
2021-04-09 21:00:00,no2,PIIANN,43.78,35.93225
2022-08-09 18:00:00,no2,PIIANN,48.28,34.76567
2023-01-10 14:00:00,no2,PIIANN,18.325,19.546967
2024-11-10 22:00:00,no2,PIIANN,16.85,23.011242
2021-11-05 00:00:00,no2,PIIANN,24.42,57.649887
2021-05-11 19:00:00,no2,PIIANN,105.2,121.462685
2022-10-10 10:00:00,no2,PIIANN,18.15,18.390936
2022-04-12 06:00:00,no2,PIIANN,97.19999,95.25545
2023-12-07 21:00:00,no2,PIIANN,36.9,27.558853
2024-02-09 16:00:00,no2,PIIANN,6.6300006,14.382925
2021-05-04 23:00:00,no2,PIIANN,108.18,85.619576
2023-08-07 00:00:00,no2,PIIANN,25.05,66.06008
2021-03-09 19:00:00,no2,PIIANN,32.35,38.306618
2022-07-05 14:00:00,no2,PIIANN,8.790001,11.876976
2025-05-12 01:00:00,no2,PIIANN,124.9,125.68234
2022-07-05 03:00:00,no2,PIIANN,21.0,25.948341
2023-04-04 06:00:00,no2,PIIANN,9.174999,12.099968
2021-08-11 00:00:00,no2,PIIANN,66.08,85.9914
2022-09-08 15:00:00,no2,PIIANN,21.550001,22.96471
2024-12-09 08:00:00,no2,PIIANN,5.52,10.673965
2022-04-06 22:00:00,no2,PIIANN,168.05,143.35324
2023-06-12 12:00:00,no2,PIIANN,6.7499995,11.197784
2024-12-08 12:00:00,no2,PIIANN,6.93,8.360901
2021-01-04 02:00:00,no2,PIIANN,26.000002,38.08253
2025-05-05 12:00:00,no2,PIIANN,23.749998,16.138369
2024-03-05 12:00:00,no2,PIIANN,36.02,37.285507
2022-12-06 02:00:00,no2,PIIANN,54.3,61.048805
2025-07-04 07:00:00,no2,PIIANN,333.62,272.4513
2024-02-04 21:00:00,no2,PIIANN,89.52,88.32919
2022-11-04 00:00:00,no2,PIIANN,86.18,73.08141
2025-09-02 07:00:00,no2,PIIANN,49.52,50.956345
2021-09-11 12:00:00,no2,PIIANN,50.4,53.416283
2021-05-10 01:00:00,no2,PIIANN,35.05,48.6029
2021-01-12 19:00:00,no2,PIIANN,164.62,166.48372
2022-06-12 21:00:00,no2,PIIANN,93.941986,96.18114
2023-05-08 02:00:00,no2,PIIANN,34.758335,27.8774
2025-11-11 20:00:00,no2,PIIANN,137.18,144.50116
2025-02-04 07:00:00,no2,PIIANN,155.58,181.50337
2025-07-05 07:00:00,no2,PIIANN,28.7,26.459885
2022-08-06 15:00:00,no2,PIIANN,15.6,6.9097514
2022-02-07 08:00:00,no2,PIIANN,49.45,36.8627
2022-02-03 07:00:00,no2,PIIANN,72.78,63.06062
2025-02-06 07:00:00,no2,PIIANN,20.12,23.383055
2022-10-08 07:00:00,no2,PIIANN,43.05,21.845837
2021-04-01 09:00:00,no2,PIIANN,72.28,45.926132
2023-08-05 04:00:00,no2,PIIANN,12.325001,16.610104
2025-10-11 21:00:00,no2,PIIANN,141.3,146.4203
2022-12-12 02:00:00,no2,PIIANN,55.8,66.60991
2021-04-08 20:00:00,no2,PIIANN,23.78,35.46454
2023-07-09 18:00:00,no2,PIIANN,43.425,39.329815
2021-06-05 15:00:00,no2,PIIANN,21.62,21.67761
2023-04-10 19:00:00,no2,PIIANN,82.5,72.72876
2025-09-07 16:00:00,no2,PIIANN,23.12,21.943155
2022-11-08 05:00:00,no2,PIIANN,9.98,17.175783
2023-04-05 08:00:00,no2,PIIANN,12.799999,10.571888
2023-09-10 10:00:00,no2,PIIANN,14.450001,28.263168
2024-07-03 23:00:00,no2,PIIANN,44.58,43.44319
2023-02-09 01:00:00,no2,PIIANN,5.8749995,22.632547
2025-04-02 18:00:00,no2,PIIANN,69.3,56.372257
2021-09-12 15:00:00,no2,PIIANN,101.45,121.279366
2024-11-09 19:00:00,no2,PIIANN,15.780001,22.76951
2023-07-11 02:00:00,no2,PIIANN,5.4999995,24.194782
2025-08-07 05:00:00,no2,PIIANN,18.9,26.880337
2025-01-02 19:00:00,no2,PIIANN,75.27,77.131004
2024-10-03 08:00:00,no2,PIIANN,46.58,49.855476
2022-09-07 17:00:00,no2,PIIANN,25.48,36.560253
2024-08-10 23:00:00,no2,PIIANN,16.68,19.17959
2024-10-03 21:00:00,no2,PIIANN,46.8,50.859734
2025-06-11 04:00:00,no2,PIIANN,87.08,96.989586
2025-05-03 02:00:00,no2,PIIANN,30.6,25.19683
2022-09-04 07:00:00,no2,PIIANN,108.32,94.341385
2024-11-03 02:00:00,no2,PIIANN,38.2,42.95725
2023-11-11 09:00:00,no2,PIIANN,6.5499988,6.775001
2021-03-03 13:00:00,no2,PIIANN,33.45,34.715878
2022-06-04 01:00:00,no2,PIIANN,71.58,72.58162
2022-03-11 17:00:00,no2,PIIANN,135.88002,99.81451
2021-11-04 09:00:00,no2,PIIANN,66.7,62.331676
2023-01-07 07:00:00,no2,PIIANN,10.049999,18.772402
2024-02-03 03:00:00,no2,PIIANN,50.68,57.879604
2024-07-08 07:00:00,no2,PIIANN,3.650001,5.9929614
2021-11-06 15:00:00,no2,PIIANN,20.0,19.723072
2021-12-04 17:00:00,no2,PIIANN,31.48,39.377438
2022-01-12 04:00:00,no2,PIIANN,59.53,61.708035
2022-06-04 17:00:00,no2,PIIANN,39.72,48.878853
2022-11-05 18:00:00,no2,PIIANN,17.05,28.87054
2021-04-09 20:00:00,no2,PIIANN,41.92,40.549587
2022-07-11 12:00:00,no2,PIIANN,48.45,53.110424
2022-05-03 12:00:00,no2,PIIANN,21.899998,24.673641
2024-05-06 08:00:00,no2,PIIANN,7.18,14.867126
2025-06-03 13:00:00,no2,PIIANN,18.38,15.97897
2022-03-06 02:00:00,no2,PIIANN,68.8,79.4461
2024-06-02 21:00:00,no2,PIIANN,75.97,82.63282
2022-11-01 21:00:00,no2,PIIANN,47.2,53.915413
2023-11-06 03:00:00,no2,PIIANN,18.75,19.506102
2021-05-07 06:00:00,no2,PIIANN,4.2200007,10.32275
2023-03-11 19:00:00,no2,PIIANN,17.849998,37.13832
2024-03-01 19:00:00,no2,PIIANN,42.35,40.154633
2025-03-09 14:00:00,no2,PIIANN,17.62,20.894135
2023-09-05 10:00:00,no2,PIIANN,6.775001,11.859795
2022-02-11 20:00:00,no2,PIIANN,144.6,127.38837
2022-11-06 10:00:00,no2,PIIANN,18.27,14.768442
2022-04-07 18:00:00,no2,PIIANN,29.08,33.030354
2022-10-12 23:00:00,no2,PIIANN,92.78,92.66064
2022-05-04 11:00:00,no2,PIIANN,41.53,33.448105
2024-06-07 17:00:00,no2,PIIANN,8.799999,17.862745
2021-04-02 16:00:00,no2,PIIANN,84.82,80.363106
2024-02-08 02:00:00,no2,PIIANN,17.58,28.349674
2022-10-07 07:00:00,no2,PIIANN,24.45,17.323235
2023-02-12 08:00:00,no2,PIIANN,11.049999,10.468063
2024-08-06 10:00:00,no2,PIIANN,7.900001,7.8195453
2021-02-06 09:00:00,no2,PIIANN,38.92,24.840925
2021-03-02 04:00:00,no2,PIIANN,87.1,98.2151
2023-06-08 14:00:00,no2,PIIANN,1.2000004,3.3399615
2022-01-04 22:00:00,no2,PIIANN,88.92,87.61035
2023-06-05 04:00:00,no2,PIIANN,15.475002,13.139355
2023-07-07 10:00:00,no2,PIIANN,25.175,25.148651
2023-02-02 11:00:00,no2,PIIANN,33.9,31.367418
2023-02-04 22:00:00,no2,PIIANN,22.999998,25.387651
2021-02-12 16:00:00,no2,PIIANN,90.619995,108.97669
2022-12-04 06:00:00,no2,PIIANN,67.68,68.621544
2022-12-05 02:00:00,no2,PIIANN,3.2999988,15.335196
2022-11-11 06:00:00,no2,PIIANN,54.3,58.926888
2022-05-11 02:00:00,no2,PIIANN,82.0,89.92385
2021-10-08 07:00:00,no2,PIIANN,25.62,27.055332
2023-01-07 17:00:00,no2,PIIANN,15.1,22.423506
2023-03-08 10:00:00,no2,PIIANN,18.0,15.627611
2022-05-12 13:00:00,no2,PIIANN,29.95,43.164883
2022-01-12 06:00:00,no2,PIIANN,86.649994,71.99133
2021-07-07 00:00:00,no2,PIIANN,10.0,58.843796
2022-09-09 12:00:00,no2,PIIANN,21.08,21.652418
2021-01-07 11:00:00,no2,PIIANN,10.98,9.461075
2021-01-07 03:00:00,no2,PIIANN,13.100002,20.469442
2023-09-11 19:00:00,no2,PIIANN,17.75,34.218662
2021-03-07 16:00:00,no2,PIIANN,20.050001,19.396618
2025-03-05 10:00:00,no2,PIIANN,29.85,30.844002
2024-03-11 13:00:00,no2,PIIANN,23.6,29.784826
2022-01-02 22:00:00,no2,PIIANN,64.85,61.270924
2022-09-05 13:00:00,no2,PIIANN,10.600002,7.490558
2022-02-10 12:00:00,no2,PIIANN,15.720001,11.768993
2025-04-07 09:00:00,no2,PIIANN,17.73,19.134682
2021-12-02 16:00:00,no2,PIIANN,49.58,55.646984
2025-03-05 17:00:00,no2,PIIANN,40.37,29.935087
2025-05-08 21:00:00,no2,PIIANN,26.919998,25.223421
2024-12-07 00:00:00,no2,PIIANN,73.10588,57.973457
2021-03-09 01:00:00,no2,PIIANN,28.82,32.024822
2024-10-03 23:00:00,no2,PIIANN,50.48,42.01235
2021-02-11 07:00:00,no2,PIIANN,68.08,72.09719
2022-09-07 19:00:00,no2,PIIANN,30.58,33.447784
2021-11-05 06:00:00,no2,PIIANN,27.15,23.238184
2024-04-02 13:00:00,no2,PIIANN,57.65,48.373806
2025-12-09 15:00:00,no2,PIIANN,14.679998,7.386207
2021-06-07 17:00:00,no2,PIIANN,9.75,14.860186
2023-02-04 04:00:00,no2,PIIANN,9.275002,11.94046
2025-06-10 05:00:00,no2,PIIANN,41.85,37.471745
2023-06-01 18:00:00,no2,PIIANN,72.725,81.0075
2022-02-04 20:00:00,no2,PIIANN,142.78,135.2646
2025-02-09 12:00:00,no2,PIIANN,15.299999,15.3391075
2021-03-09 15:00:00,no2,PIIANN,23.48,23.794664
2025-09-02 19:00:00,no2,PIIANN,93.8,88.28512
2023-09-04 16:00:00,no2,PIIANN,8.700001,19.295174
2024-11-04 03:00:00,no2,PIIANN,78.47,79.963104
2023-06-07 03:00:00,no2,PIIANN,16.425,16.090597
2023-03-10 20:00:00,no2,PIIANN,81.85,85.64697
2022-02-06 06:00:00,no2,PIIANN,63.08,57.56993
2025-07-11 05:00:00,no2,PIIANN,100.7,94.2095
2021-11-10 01:00:00,no2,PIIANN,74.15,58.8564
2025-09-05 22:00:00,no2,PIIANN,68.0,73.88926
2025-07-11 08:00:00,no2,PIIANN,101.22,97.86899
2024-05-04 09:00:00,no2,PIIANN,34.62,51.017166
2023-04-06 20:00:00,no2,PIIANN,85.675,55.585056
2024-12-09 04:00:00,no2,PIIANN,7.900001,13.076389
2021-01-02 14:00:00,no2,PIIANN,50.35,61.968204
2025-02-01 23:00:00,no2,PIIANN,43.33,45.924294
2024-07-02 11:00:00,no2,PIIANN,31.33,39.831963
2022-05-04 19:00:00,no2,PIIANN,121.15,106.76036
2021-08-11 06:00:00,no2,PIIANN,70.07,66.26769
2025-01-09 22:00:00,no2,PIIANN,15.98,27.747356
2023-09-09 15:00:00,no2,PIIANN,11.049999,17.155678
2023-02-10 05:00:00,no2,PIIANN,59.25,51.52157
2024-01-03 21:00:00,no2,PIIANN,114.08,115.11253
2024-10-01 17:00:00,no2,PIIANN,34.5,27.895359
2021-05-09 14:00:00,no2,PIIANN,30.626923,34.241764
2024-01-11 21:00:00,no2,PIIANN,56.32,80.25874
2025-09-12 10:00:00,no2,PIIANN,51.03,56.870106
2025-06-04 08:00:00,no2,PIIANN,88.45,90.054726
2021-06-10 17:00:00,no2,PIIANN,34.65,25.897715
2024-11-10 08:00:00,no2,PIIANN,11.380001,11.318813
2022-08-07 08:00:00,no2,PIIANN,26.5,52.497772
2024-06-05 02:00:00,no2,PIIANN,98.9,96.51168
2021-07-05 15:00:00,no2,PIIANN,17.6,17.766125
2024-06-09 15:00:00,no2,PIIANN,5.4500003,8.507816
2024-05-09 17:00:00,no2,PIIANN,8.200001,11.448887
2021-07-04 03:00:00,no2,PIIANN,20.050001,23.571873
2022-01-04 14:00:00,no2,PIIANN,20.230001,28.213102
2023-12-09 12:00:00,no2,PIIANN,10.875,23.00265
2023-11-10 17:00:00,no2,PIIANN,11.650002,23.70878
2024-02-05 18:00:00,no2,PIIANN,65.82,61.99227
2025-06-04 07:00:00,no2,PIIANN,108.25,91.64861
2021-10-07 11:00:00,no2,PIIANN,11.080002,14.030563
2023-01-05 17:00:00,no2,PIIANN,4.2499995,13.277729
2025-12-10 03:00:00,no2,PIIANN,54.22,51.099335
2024-11-01 20:00:00,no2,PIIANN,52.52,55.952892
2022-07-10 19:00:00,no2,PIIANN,25.92,24.92183
2021-06-09 11:00:00,no2,PIIANN,48.32,43.777733
2022-12-07 16:00:00,no2,PIIANN,9.0,19.152021
2025-01-09 11:00:00,no2,PIIANN,11.880001,21.695692
2022-09-05 16:00:00,no2,PIIANN,10.200001,9.501434
2022-04-09 10:00:00,no2,PIIANN,11.580002,8.76704
2021-05-06 12:00:00,no2,PIIANN,19.15,21.908337
2025-12-04 19:00:00,no2,PIIANN,72.72,75.15864
2022-06-01 13:00:00,no2,PIIANN,48.3,47.544487
2023-04-11 22:00:00,no2,PIIANN,15.575001,31.077305
2025-07-12 06:00:00,no2,PIIANN,56.65,67.76135
2022-04-04 02:00:00,no2,PIIANN,67.68,82.14802
2022-03-06 11:00:00,no2,PIIANN,25.4,24.43007
2021-12-07 12:00:00,no2,PIIANN,26.05,20.813871
2021-07-09 15:00:00,no2,PIIANN,22.92,24.059689
2023-10-13 02:00:00,no2,PIIANN,12.115318,14.960932
2022-04-10 10:00:00,no2,PIIANN,35.4,33.392025
2023-11-06 13:00:00,no2,PIIANN,11.350002,17.44854
2023-08-10 22:00:00,no2,PIIANN,46.2,45.37601
2024-07-11 00:00:00,no2,PIIANN,52.92,23.325838
2023-10-10 23:00:00,no2,PIIANN,16.6,31.032318
2023-11-05 04:00:00,no2,PIIANN,18.1,20.377287
2023-07-12 19:00:00,no2,PIIANN,15.775,39.533234
2021-10-08 08:00:00,no2,PIIANN,40.17,26.93602
2025-12-01 22:00:00,no2,PIIANN,71.9,69.08786
2021-09-02 03:00:00,no2,PIIANN,35.05,63.99927
2022-01-11 08:00:00,no2,PIIANN,126.9,99.06004
2023-01-09 01:00:00,no2,PIIANN,4.3250003,15.066505
2022-03-08 12:00:00,no2,PIIANN,53.68,34.103924
2024-11-02 00:00:00,no2,PIIANN,56.25,41.932003
2022-03-02 07:00:00,no2,PIIANN,35.12,33.632908
2021-08-06 00:00:00,no2,PIIANN,78.6,44.47932
2024-11-05 06:00:00,no2,PIIANN,60.08,50.826916
2025-12-12 00:00:00,no2,PIIANN,83.62,93.19359
2021-12-02 01:00:00,no2,PIIANN,40.43,43.81807
2022-07-04 19:00:00,no2,PIIANN,132.35002,124.2951
2024-06-04 06:00:00,no2,PIIANN,79.82,87.1037
2024-02-12 19:00:00,no2,PIIANN,109.57,119.68092
2023-02-08 14:00:00,no2,PIIANN,10.475002,11.566021
2024-02-05 00:00:00,no2,PIIANN,100.55,62.4322
2025-10-03 00:00:00,no2,PIIANN,64.68,52.212902
2022-01-07 11:00:00,no2,PIIANN,33.88,22.973988
2024-05-05 23:00:00,no2,PIIANN,118.25,111.54405
2023-10-11 20:00:00,no2,PIIANN,6.775001,22.79915
2022-12-03 10:00:00,no2,PIIANN,41.6,45.11934
2023-02-07 08:00:00,no2,PIIANN,12.725002,16.345366
2023-09-03 08:00:00,no2,PIIANN,51.15,43.40216
2022-06-11 20:00:00,no2,PIIANN,125.93,123.1167
2025-06-05 07:00:00,no2,PIIANN,42.75,32.59924
2022-05-11 11:00:00,no2,PIIANN,63.32,48.22033
2022-11-09 02:00:00,no2,PIIANN,26.4,27.142235
2024-03-11 14:00:00,no2,PIIANN,18.32,22.567368
2021-08-07 18:00:00,no2,PIIANN,7.2000003,14.42552
2021-07-02 04:00:00,no2,PIIANN,85.05,88.44029
2023-03-10 00:00:00,no2,PIIANN,73.2,27.134977
2025-04-05 06:00:00,no2,PIIANN,41.18,29.300108
2021-04-11 09:00:00,no2,PIIANN,55.22,64.42186
2021-07-10 20:00:00,no2,PIIANN,63.8,58.856697
2021-07-03 11:00:00,no2,PIIANN,33.2,40.41602
2025-03-09 11:00:00,no2,PIIANN,19.18,22.90301
2022-10-03 18:00:00,no2,PIIANN,68.35,54.471542
2021-09-03 00:00:00,no2,PIIANN,104.92,72.98863
2021-09-05 00:00:00,no2,PIIANN,35.2,69.418594
2025-02-07 20:00:00,no2,PIIANN,23.28,27.26821
2024-02-01 22:00:00,no2,PIIANN,55.9,58.675037
2022-10-07 23:00:00,no2,PIIANN,36.1,25.051535
2024-05-06 11:00:00,no2,PIIANN,7.599998,8.068661
2024-01-07 09:00:00,no2,PIIANN,13.619999,12.716793
2022-03-02 13:00:00,no2,PIIANN,35.2,44.85308
2024-08-12 04:00:00,no2,PIIANN,77.62,77.245674
2025-07-04 17:00:00,no2,PIIANN,63.08,77.42518
2022-12-04 23:00:00,no2,PIIANN,143.0,122.00453
2024-04-12 18:00:00,no2,PIIANN,89.65,78.469185
2021-10-08 14:00:00,no2,PIIANN,28.32,24.077719
2025-11-12 02:00:00,no2,PIIANN,72.45,64.31037
2022-10-08 06:00:00,no2,PIIANN,27.58,20.539112
2023-08-04 12:00:00,no2,PIIANN,7.474994,7.6052623
2022-02-07 11:00:00,no2,PIIANN,21.899998,32.49821
2025-08-04 06:00:00,no2,PIIANN,72.45,86.10693
2023-03-03 07:00:00,no2,PIIANN,36.775,29.526043
2025-12-03 04:00:00,no2,PIIANN,56.78,55.456814
2025-09-06 18:00:00,no2,PIIANN,35.42,32.92983
2023-11-03 20:00:00,no2,PIIANN,80.875,85.40219
2023-06-08 13:00:00,no2,PIIANN,1.1000019,1.7000653
2022-10-04 13:00:00,no2,PIIANN,20.399998,33.635128
2025-12-11 23:00:00,no2,PIIANN,127.920006,106.60415
2025-02-07 08:00:00,no2,PIIANN,16.85,16.13307
2022-02-05 08:00:00,no2,PIIANN,30.92,30.861233
2023-10-07 09:00:00,no2,PIIANN,21.950003,20.461374
2022-08-03 03:00:00,no2,PIIANN,85.84999,74.71338
2023-11-09 04:00:00,no2,PIIANN,12.549999,13.06929
2025-06-07 03:00:00,no2,PIIANN,13.950001,15.929501
2021-02-09 15:00:00,no2,PIIANN,16.65,16.366068
2021-05-07 13:00:00,no2,PIIANN,8.100002,6.7986903
2021-03-01 23:00:00,no2,PIIANN,40.52,44.1751
2021-02-08 13:00:00,no2,PIIANN,35.35,28.76946
2023-06-02 19:00:00,no2,PIIANN,155.15,127.817314
2023-09-10 09:00:00,no2,PIIANN,25.45,36.185337
2022-07-06 01:00:00,no2,PIIANN,125.6,106.07432
2021-10-06 17:00:00,no2,PIIANN,28.6,38.91891
2023-02-08 05:00:00,no2,PIIANN,15.200001,16.969297
2025-07-08 06:00:00,no2,PIIANN,19.88,19.458834
2022-09-02 15:00:00,no2,PIIANN,20.32,35.792793
2021-08-11 05:00:00,no2,PIIANN,62.08,73.66757
2021-12-09 11:00:00,no2,PIIANN,22.9,21.44235
2025-05-10 11:00:00,no2,PIIANN,27.88,29.20596
2024-03-12 07:00:00,no2,PIIANN,79.0,72.59525
2025-09-02 13:00:00,no2,PIIANN,36.62,36.426025
2025-01-06 23:00:00,no2,PIIANN,22.55,40.360905
2022-06-12 07:00:00,no2,PIIANN,68.28,60.921036
2024-12-09 20:00:00,no2,PIIANN,6.4300036,13.125572
2021-07-06 20:00:00,no2,PIIANN,65.7,51.446957
2021-10-09 21:00:00,no2,PIIANN,34.72,28.62226
2025-07-01 22:00:00,no2,PIIANN,51.95,57.07176
2025-12-08 15:00:00,no2,PIIANN,17.27,15.88188
2021-09-03 14:00:00,no2,PIIANN,15.950001,20.050287
2021-09-10 17:00:00,no2,PIIANN,56.002,47.181324
2021-06-10 13:00:00,no2,PIIANN,16.619999,24.427393
2023-03-01 20:00:00,no2,PIIANN,76.65,91.783875
2025-06-10 09:00:00,no2,PIIANN,28.25,34.980354
2021-07-07 08:00:00,no2,PIIANN,10.380001,13.208656
2024-07-05 19:00:00,no2,PIIANN,103.299995,92.26854
2022-09-11 13:00:00,no2,PIIANN,58.88,64.669876
2024-01-04 12:00:00,no2,PIIANN,27.18,23.407005
2022-11-03 15:00:00,no2,PIIANN,33.3,36.550217
2024-11-05 22:00:00,no2,PIIANN,56.55,53.427376
2024-08-10 08:00:00,no2,PIIANN,13.420002,19.836073
2025-05-03 04:00:00,no2,PIIANN,16.08,23.5581
2021-07-03 19:00:00,no2,PIIANN,17.099998,33.595387
2025-06-12 03:00:00,no2,PIIANN,123.75,129.7715
2024-07-02 09:00:00,no2,PIIANN,54.2,60.02564
2025-12-03 05:00:00,no2,PIIANN,53.7,56.498356
2021-12-08 15:00:00,no2,PIIANN,24.62,23.884611
2025-10-11 00:00:00,no2,PIIANN,106.38,64.75284
2021-04-06 02:00:00,no2,PIIANN,40.8,43.26886
2022-03-07 16:00:00,no2,PIIANN,27.32,24.05598
2025-09-04 21:00:00,no2,PIIANN,425.24997,148.99496
2021-11-09 18:00:00,no2,PIIANN,29.4,26.260963
2024-01-09 17:00:00,no2,PIIANN,6.6199985,15.089521
2025-12-11 20:00:00,no2,PIIANN,146.45,142.6078
2024-02-01 11:00:00,no2,PIIANN,38.28,43.700294
2021-02-10 11:00:00,no2,PIIANN,19.18,22.93369
2024-12-02 16:00:00,no2,PIIANN,37.02,45.993996
2025-07-07 13:00:00,no2,PIIANN,10.18,24.508095
2022-05-12 18:00:00,no2,PIIANN,117.3,105.14821
2021-08-04 11:00:00,no2,PIIANN,13.619999,26.17301
2021-02-07 22:00:00,no2,PIIANN,25.599998,45.081894
2021-12-10 02:00:00,no2,PIIANN,21.8,40.78971
2021-06-11 02:00:00,no2,PIIANN,65.88,65.384155
2022-12-05 20:00:00,no2,PIIANN,95.71999,101.65059
2024-08-04 09:00:00,no2,PIIANN,48.55,51.482666
2025-07-10 10:00:00,no2,PIIANN,22.92,26.365
2024-10-04 13:00:00,no2,PIIANN,29.05,35.243652
2024-09-04 03:00:00,no2,PIIANN,84.25,74.0988
2025-01-12 11:00:00,no2,PIIANN,128.4,108.19595
2021-09-06 18:00:00,no2,PIIANN,44.32,21.87609
2025-05-08 04:00:00,no2,PIIANN,12.920002,14.978729
2021-04-12 21:00:00,no2,PIIANN,127.82,115.32528
2025-08-03 02:00:00,no2,PIIANN,37.8,56.41224
2025-02-04 14:00:00,no2,PIIANN,32.67,36.26499
2025-05-07 22:00:00,no2,PIIANN,20.08,21.532955
2022-03-12 03:00:00,no2,PIIANN,96.05,125.426956
2021-01-12 14:00:00,no2,PIIANN,189.32,167.3924
2022-02-03 01:00:00,no2,PIIANN,57.65,75.04922
2021-05-12 13:00:00,no2,PIIANN,111.95,127.53819
2023-11-07 12:00:00,no2,PIIANN,25.625,21.644636
2023-06-05 08:00:00,no2,PIIANN,12.924999,13.671783
2024-10-12 14:00:00,no2,PIIANN,29.02,36.031216
2022-07-09 02:00:00,no2,PIIANN,45.6,37.067173
2021-06-02 14:00:00,no2,PIIANN,54.88,51.354683
2025-02-03 17:00:00,no2,PIIANN,21.92,25.058632
2024-12-04 15:00:00,no2,PIIANN,18.18,37.555637
2024-10-07 02:00:00,no2,PIIANN,73.578,63.554398
2022-09-06 03:00:00,no2,PIIANN,34.35,40.07745
2024-01-07 19:00:00,no2,PIIANN,24.25,24.480974
2024-05-07 16:00:00,no2,PIIANN,14.6,17.314087
2021-06-08 16:00:00,no2,PIIANN,37.8,22.991892
2024-02-01 18:00:00,no2,PIIANN,80.65,72.837456
2023-03-02 01:00:00,no2,PIIANN,53.75,59.79065
2024-10-03 07:00:00,no2,PIIANN,51.47,47.292274
2022-06-06 09:00:00,no2,PIIANN,25.250002,35.511387
2023-08-12 16:00:00,no2,PIIANN,8.25,23.507854
2025-03-05 01:00:00,no2,PIIANN,47.38,42.412216
2024-12-10 16:00:00,no2,PIIANN,6.819999,27.763142
2023-04-11 04:00:00,no2,PIIANN,9.825001,14.630636
2022-01-09 06:00:00,no2,PIIANN,37.83,30.034988
2022-05-02 05:00:00,no2,PIIANN,21.550001,27.235447
2023-09-05 04:00:00,no2,PIIANN,13.775002,15.024977
2023-05-12 20:00:00,no2,PIIANN,12.400002,30.736677
2021-04-06 03:00:00,no2,PIIANN,39.75,40.787235
2023-09-12 06:00:00,no2,PIIANN,13.25,16.018787
2025-10-02 17:00:00,no2,PIIANN,57.9,54.929085
2023-08-03 10:00:00,no2,PIIANN,10.125,31.257736
2023-11-12 23:00:00,no2,PIIANN,14.375002,17.110575
2022-07-08 15:00:00,no2,PIIANN,23.92,27.73663
2023-05-13 01:00:00,no2,PIIANN,12.668655,12.644032
2021-05-10 03:00:00,no2,PIIANN,35.05,38.65909
2022-12-05 06:00:00,no2,PIIANN,10.0,14.660246
2022-08-02 21:00:00,no2,PIIANN,94.0,114.50133
2022-11-05 22:00:00,no2,PIIANN,12.920002,27.28591
2021-06-11 11:00:00,no2,PIIANN,49.75,45.968395
2021-03-09 03:00:00,no2,PIIANN,31.52,30.132626
2025-02-11 07:00:00,no2,PIIANN,35.05,38.549362
2023-05-04 07:00:00,no2,PIIANN,18.85,21.341722
2022-11-07 16:00:00,no2,PIIANN,70.85,24.336443
2022-11-10 17:00:00,no2,PIIANN,71.77,32.604847
2021-08-04 16:00:00,no2,PIIANN,20.12,23.94218
2023-06-11 21:00:00,no2,PIIANN,17.799997,40.188477
2023-01-11 17:00:00,no2,PIIANN,12.866669,24.517897
2023-10-03 03:00:00,no2,PIIANN,51.325,44.238308
2025-09-07 22:00:00,no2,PIIANN,24.58,22.411306
2022-03-03 19:00:00,no2,PIIANN,87.5,96.125175
2024-10-08 09:00:00,no2,PIIANN,16.45,12.972347
2025-01-11 18:00:00,no2,PIIANN,107.1,104.31903
2024-04-07 01:00:00,no2,PIIANN,19.98,16.75742
2024-04-11 04:00:00,no2,PIIANN,42.68,40.696793
2021-05-01 15:00:00,no2,PIIANN,27.6,38.00377
2025-07-09 07:00:00,no2,PIIANN,12.48,17.484943
2025-01-09 00:00:00,no2,PIIANN,16.715,16.75437
2021-11-05 03:00:00,no2,PIIANN,27.68,24.5204
2024-12-08 19:00:00,no2,PIIANN,23.8,27.639172
2021-09-09 14:00:00,no2,PIIANN,34.67,39.035194
2021-12-09 12:00:00,no2,PIIANN,24.62,19.829973
2022-05-04 15:00:00,no2,PIIANN,22.62,40.486866
2021-01-03 03:00:00,no2,PIIANN,104.14,103.13122
2021-01-10 08:00:00,no2,PIIANN,36.1,36.586514
2022-02-04 09:00:00,no2,PIIANN,91.12,95.31084
2024-11-11 05:00:00,no2,PIIANN,26.95,26.240458
2024-11-08 17:00:00,no2,PIIANN,7.4500003,14.495365
2022-10-02 22:00:00,no2,PIIANN,75.85,82.85118
2023-09-02 19:00:00,no2,PIIANN,132.3,121.947205
2024-04-08 22:00:00,no2,PIIANN,5.7799983,14.04578
2023-04-11 05:00:00,no2,PIIANN,8.600002,13.162575
2024-09-05 08:00:00,no2,PIIANN,59.68,85.46681
2024-02-12 06:00:00,no2,PIIANN,76.18,63.862274
2021-09-06 21:00:00,no2,PIIANN,54.65,70.06181
2022-11-12 11:00:00,no2,PIIANN,65.05,58.86693
2021-02-09 18:00:00,no2,PIIANN,37.43,24.677677
2025-05-11 21:00:00,no2,PIIANN,82.78,93.046906
2024-05-05 06:00:00,no2,PIIANN,127.08,99.065765
2023-12-11 06:00:00,no2,PIIANN,6.7000003,10.133747
2025-05-07 04:00:00,no2,PIIANN,17.62,15.993107
2021-09-02 07:00:00,no2,PIIANN,81.7,86.57354
2021-02-10 13:00:00,no2,PIIANN,17.55,19.0023
2024-02-07 08:00:00,no2,PIIANN,14.27,13.915501
2024-04-05 06:00:00,no2,PIIANN,111.42,98.18194
2025-06-05 21:00:00,no2,PIIANN,66.28,77.52939
2023-06-06 07:00:00,no2,PIIANN,51.75,51.095184
2021-06-08 06:00:00,no2,PIIANN,18.05,23.744751
2022-11-12 19:00:00,no2,PIIANN,108.6,112.00485
2025-12-04 00:00:00,no2,PIIANN,124.3,61.27372
2021-08-05 06:00:00,no2,PIIANN,48.95,52.516644
2025-11-07 22:00:00,no2,PIIANN,35.95,32.337223
2022-03-05 05:00:00,no2,PIIANN,18.98,18.794268
2021-08-07 00:00:00,no2,PIIANN,4.6199985,14.5723915
2022-03-02 06:00:00,no2,PIIANN,35.52,25.103334
2021-08-08 22:00:00,no2,PIIANN,25.08,27.762402
2025-08-12 14:00:00,no2,PIIANN,48.0,48.378353
2025-03-09 23:00:00,no2,PIIANN,16.270002,19.030664
2022-02-13 02:00:00,no2,PIIANN,118.13743,163.08488
2023-12-12 19:00:00,no2,PIIANN,16.05,37.03696
2025-11-07 12:00:00,no2,PIIANN,28.08,20.610502
2025-08-06 17:00:00,no2,PIIANN,17.2,24.058962
2025-09-09 04:00:00,no2,PIIANN,11.880001,20.379719
2023-03-11 00:00:00,no2,PIIANN,14.724998,81.805626
2025-07-08 16:00:00,no2,PIIANN,20.78,18.352364
2022-03-02 11:00:00,no2,PIIANN,44.05,46.816868
2021-06-08 03:00:00,no2,PIIANN,46.45,38.20143
2022-01-03 16:00:00,no2,PIIANN,36.12,39.048573
2023-05-04 13:00:00,no2,PIIANN,4.0750003,9.959152
2021-01-12 08:00:00,no2,PIIANN,159.2,154.2134
2024-02-02 23:00:00,no2,PIIANN,42.18,40.74874
2022-03-01 23:00:00,no2,PIIANN,100.55,110.52372
2025-11-12 10:00:00,no2,PIIANN,73.17,78.93115
2021-08-06 21:00:00,no2,PIIANN,48.75,32.141994
2025-02-06 04:00:00,no2,PIIANN,22.8,34.49516
2025-11-08 13:00:00,no2,PIIANN,19.62,15.371901
2025-03-07 02:00:00,no2,PIIANN,13.400002,25.214056
2025-03-13 00:00:00,no2,PIIANN,125.7098,119.18686
2023-09-08 22:00:00,no2,PIIANN,6.7000003,12.587456
2023-08-09 08:00:00,no2,PIIANN,18.024998,21.45561
2021-04-07 05:00:00,no2,PIIANN,35.05,27.89645
2021-02-08 00:00:00,no2,PIIANN,42.7,28.145351
2021-03-08 21:00:00,no2,PIIANN,32.95,32.701664
2023-07-05 18:00:00,no2,PIIANN,8.900002,21.71897
2023-12-12 16:00:00,no2,PIIANN,10.400002,21.674551
2021-08-11 07:00:00,no2,PIIANN,75.15,75.877525
2025-02-04 03:00:00,no2,PIIANN,174.05,142.41258
2024-06-12 00:00:00,no2,PIIANN,77.22,35.435852
2022-10-01 23:00:00,no2,PIIANN,52.4,57.797604
2025-07-12 04:00:00,no2,PIIANN,68.78,77.23611
2021-02-07 07:00:00,no2,PIIANN,11.32,20.947248
2025-02-07 05:00:00,no2,PIIANN,16.28,20.127563
2021-08-07 05:00:00,no2,PIIANN,6.979999,9.905869
2025-12-07 19:00:00,no2,PIIANN,23.7175,28.032785
2022-11-10 22:00:00,no2,PIIANN,89.78,78.97047
2024-06-07 21:00:00,no2,PIIANN,13.77,21.778624
2025-08-05 06:00:00,no2,PIIANN,27.6,28.44834
2024-09-06 22:00:00,no2,PIIANN,83.95,75.609344
2025-05-03 22:00:00,no2,PIIANN,25.72,43.14246
2022-03-11 20:00:00,no2,PIIANN,146.9,147.34464
2022-01-06 10:00:00,no2,PIIANN,48.5,58.40918
2021-02-07 23:00:00,no2,PIIANN,25.820002,29.842442
2021-01-03 23:00:00,no2,PIIANN,30.92,39.605118
2023-03-09 16:00:00,no2,PIIANN,21.4,22.283045
2025-11-09 14:00:00,no2,PIIANN,11.630001,8.504459
2022-03-07 08:00:00,no2,PIIANN,19.05,22.604668
2021-08-09 04:00:00,no2,PIIANN,23.72,28.42386
2024-04-08 09:00:00,no2,PIIANN,11.43,21.404568
2025-04-08 04:00:00,no2,PIIANN,9.600002,14.5287285
2025-07-07 16:00:00,no2,PIIANN,12.420002,15.064875
2022-05-09 07:00:00,no2,PIIANN,29.95,24.426498
2023-11-09 21:00:00,no2,PIIANN,47.8,37.47061
2021-11-02 06:00:00,no2,PIIANN,88.42,93.58903
2024-03-05 08:00:00,no2,PIIANN,85.78,99.56625
2025-05-09 07:00:00,no2,PIIANN,11.350002,13.233852
2023-08-04 18:00:00,no2,PIIANN,22.075,28.867342
2022-11-03 11:00:00,no2,PIIANN,35.0,39.211006
2021-04-11 16:00:00,no2,PIIANN,55.28,54.145927
2023-07-12 15:00:00,no2,PIIANN,8.549999,15.389135
2023-02-10 17:00:00,no2,PIIANN,51.0,33.910336
2023-07-01 18:00:00,no2,PIIANN,109.85,97.28724
2023-05-09 07:00:00,no2,PIIANN,33.675,27.59759
2023-09-07 20:00:00,no2,PIIANN,34.0,24.25075
2025-01-13 00:00:00,no2,PIIANN,133.1872,117.001854
2025-09-10 23:00:00,no2,PIIANN,59.1,60.310123
2024-08-04 21:00:00,no2,PIIANN,102.82,106.6373
2022-09-06 17:00:00,no2,PIIANN,28.0,31.07253
2023-09-05 19:00:00,no2,PIIANN,202.575,123.96381
2024-03-01 23:00:00,no2,PIIANN,41.58,34.614105
2025-08-05 11:00:00,no2,PIIANN,24.22,19.764343
2024-10-06 09:00:00,no2,PIIANN,30.95,33.007664
2021-12-10 07:00:00,no2,PIIANN,21.5,39.1114
2023-07-09 19:00:00,no2,PIIANN,43.175,45.40087
2025-08-08 16:00:00,no2,PIIANN,20.02,20.779953
2022-02-05 20:00:00,no2,PIIANN,59.32,65.28784
2021-04-10 23:00:00,no2,PIIANN,35.05,35.102356
2025-12-08 01:00:00,no2,PIIANN,20.63,28.610416
2023-03-02 09:00:00,no2,PIIANN,43.15,40.728382
2024-01-05 06:00:00,no2,PIIANN,35.05,48.004383
2023-01-02 05:00:00,no2,PIIANN,25.15,25.10848
2025-07-03 02:00:00,no2,PIIANN,47.1,53.020737
2024-10-01 18:00:00,no2,PIIANN,38.3,35.818523
2025-08-08 17:00:00,no2,PIIANN,26.72,22.851088
2021-11-05 15:00:00,no2,PIIANN,20.18,20.26806
2022-11-11 15:00:00,no2,PIIANN,32.22,37.435135
2024-01-09 00:00:00,no2,PIIANN,13.57,37.617607
2022-01-06 02:00:00,no2,PIIANN,116.2,106.00395
2022-08-10 10:00:00,no2,PIIANN,25.33,23.977892
2023-09-05 03:00:00,no2,PIIANN,11.625,12.51944
2025-03-01 09:00:00,no2,PIIANN,48.35,44.875233
2025-11-03 07:00:00,no2,PIIANN,55.72,67.86812
2025-10-09 17:00:00,no2,PIIANN,8.779999,10.166977
2024-01-02 07:00:00,no2,PIIANN,41.18,33.264626
2025-09-02 23:00:00,no2,PIIANN,73.7,72.372185
2023-06-07 12:00:00,no2,PIIANN,17.875,19.588146
2024-05-03 06:00:00,no2,PIIANN,40.72,33.640007
2021-04-11 22:00:00,no2,PIIANN,92.2,93.20124
2025-12-09 13:00:00,no2,PIIANN,6.819999,5.6871066
2021-09-10 23:00:00,no2,PIIANN,66.32,74.23099
2025-11-12 22:00:00,no2,PIIANN,91.97,106.60976
2023-12-08 06:00:00,no2,PIIANN,2.9999995,9.395943
2022-12-08 19:00:00,no2,PIIANN,56.92,32.18433
2023-10-11 18:00:00,no2,PIIANN,4.0500026,21.894253
2022-03-06 15:00:00,no2,PIIANN,16.82,25.48927
2024-03-08 12:00:00,no2,PIIANN,7.9200015,11.500214
2025-05-03 13:00:00,no2,PIIANN,17.319998,13.306019
2025-06-07 14:00:00,no2,PIIANN,14.32,17.435633
2023-12-03 08:00:00,no2,PIIANN,104.45,111.52157
2024-12-03 23:00:00,no2,PIIANN,78.92,65.88513
2025-08-04 00:00:00,no2,PIIANN,116.85,59.82381
2025-08-07 12:00:00,no2,PIIANN,8.150002,10.89209
2022-09-08 10:00:00,no2,PIIANN,25.42,18.712889
2024-09-10 04:00:00,no2,PIIANN,16.52,17.279427
2025-02-10 04:00:00,no2,PIIANN,50.5,43.95772
2025-12-07 21:00:00,no2,PIIANN,35.05,34.758743
2024-03-08 18:00:00,no2,PIIANN,9.600002,16.484282
2025-09-09 19:00:00,no2,PIIANN,12.200001,18.613434
2023-08-11 17:00:00,no2,PIIANN,22.85,38.04617
2024-05-06 04:00:00,no2,PIIANN,30.88,45.987587
2022-07-04 23:00:00,no2,PIIANN,93.35,95.656334
2025-02-03 15:00:00,no2,PIIANN,18.419998,20.068928
2023-08-10 08:00:00,no2,PIIANN,29.05,42.81079
2021-10-12 23:00:00,no2,PIIANN,176.02,164.32506
2022-04-04 17:00:00,no2,PIIANN,57.38,61.05755
2023-10-09 02:00:00,no2,PIIANN,3.2000003,7.272449
2022-08-04 18:00:00,no2,PIIANN,100.3,78.454796
2023-04-10 06:00:00,no2,PIIANN,75.725,53.912136
2024-08-09 01:00:00,no2,PIIANN,14.65,21.070862
2023-10-11 12:00:00,no2,PIIANN,7.575004,11.408962
2022-01-04 02:00:00,no2,PIIANN,59.4,38.402317
2023-08-12 21:00:00,no2,PIIANN,15.450001,28.577486
2024-01-06 06:00:00,no2,PIIANN,58.1,59.26268
2022-06-11 17:00:00,no2,PIIANN,82.94334,59.36351
2025-12-08 22:00:00,no2,PIIANN,27.18,23.663744
2024-11-03 06:00:00,no2,PIIANN,43.08,40.73601
2023-04-06 17:00:00,no2,PIIANN,24.825,32.764885
2024-07-07 04:00:00,no2,PIIANN,8.970001,13.889393
2021-04-08 21:00:00,no2,PIIANN,24.319998,30.679628
2024-05-08 12:00:00,no2,PIIANN,7.8800006,11.282829
2024-02-12 16:00:00,no2,PIIANN,47.18,56.28136
2023-05-06 15:00:00,no2,PIIANN,17.15,21.79467
2025-02-05 22:00:00,no2,PIIANN,53.42,47.925816
2025-09-04 16:00:00,no2,PIIANN,35.05,44.14612
2023-05-03 20:00:00,no2,PIIANN,62.425,65.93223
2024-11-02 21:00:00,no2,PIIANN,75.22,93.80047
2023-06-05 13:00:00,no2,PIIANN,7.224998,10.014515
2024-07-04 15:00:00,no2,PIIANN,14.119999,20.469837
2025-10-01 23:00:00,no2,PIIANN,66.29,65.46278
2022-11-02 05:00:00,no2,PIIANN,45.2,38.521973
2022-02-12 12:00:00,no2,PIIANN,62.87,72.9361
2021-02-06 01:00:00,no2,PIIANN,50.7,44.458633
2023-06-02 00:00:00,no2,PIIANN,105.125,64.90296
2025-02-05 09:00:00,no2,PIIANN,14.119999,9.819977
2023-06-10 00:00:00,no2,PIIANN,49.0,48.87751
2022-03-04 01:00:00,no2,PIIANN,113.92,115.18143
2025-11-05 14:00:00,no2,PIIANN,12.080002,18.31931
2024-08-10 21:00:00,no2,PIIANN,17.979998,40.197906
2022-04-09 08:00:00,no2,PIIANN,13.650002,20.060608
2023-03-01 13:00:00,no2,PIIANN,44.35,43.107025
2025-10-05 01:00:00,no2,PIIANN,35.08,47.82527
2025-01-12 17:00:00,no2,PIIANN,102.68,119.19671
2023-10-08 06:00:00,no2,PIIANN,3.2999988,5.4593616
2024-03-12 21:00:00,no2,PIIANN,88.22,97.56277
2022-02-05 14:00:00,no2,PIIANN,31.08,29.735802
2025-04-06 22:00:00,no2,PIIANN,24.22,34.04459
2021-11-08 03:00:00,no2,PIIANN,39.1,40.770187
2024-08-06 09:00:00,no2,PIIANN,7.2000003,11.035595
2024-11-04 21:00:00,no2,PIIANN,77.9,114.486
2021-01-07 07:00:00,no2,PIIANN,11.799999,22.580103
2021-12-06 09:00:00,no2,PIIANN,19.85,22.943346
2022-08-03 07:00:00,no2,PIIANN,85.8,81.82626
2022-01-03 23:00:00,no2,PIIANN,69.1,68.04043
2023-04-01 18:00:00,no2,PIIANN,94.125,73.51953
2022-09-11 15:00:00,no2,PIIANN,53.42,69.15487
2022-07-05 16:00:00,no2,PIIANN,13.170002,22.40859
2022-09-01 17:00:00,no2,PIIANN,39.78,35.487137
2023-11-08 15:00:00,no2,PIIANN,0.65000117,3.5104022
2023-03-07 10:00:00,no2,PIIANN,15.824999,29.50781
2023-10-08 13:00:00,no2,PIIANN,1.4000012,-1.8636745
2021-03-06 23:00:00,no2,PIIANN,61.55,50.545837
2025-02-06 13:00:00,no2,PIIANN,12.119999,13.06065
2024-04-09 05:00:00,no2,PIIANN,10.200001,13.99147
2025-10-07 09:00:00,no2,PIIANN,22.05,21.851576
2023-10-05 17:00:00,no2,PIIANN,8.299999,21.108585
2023-01-08 02:00:00,no2,PIIANN,22.1,19.163307
2023-11-02 18:00:00,no2,PIIANN,74.225,62.321655
2023-03-12 18:00:00,no2,PIIANN,16.075,28.28546
2025-02-11 09:00:00,no2,PIIANN,35.05,38.095478
2021-06-06 15:00:00,no2,PIIANN,13.880001,15.042833
2022-09-02 00:00:00,no2,PIIANN,57.82,44.18716
2022-05-09 06:00:00,no2,PIIANN,28.02,22.243135
2021-09-06 12:00:00,no2,PIIANN,15.299999,5.1602664
2022-12-09 15:00:00,no2,PIIANN,17.229998,25.567318
2023-11-12 21:00:00,no2,PIIANN,13.850002,36.428894
2023-12-11 10:00:00,no2,PIIANN,4.7000003,5.77959
2025-04-01 22:00:00,no2,PIIANN,53.58,51.609695
2024-04-04 04:00:00,no2,PIIANN,40.65,46.126804
2024-01-06 02:00:00,no2,PIIANN,126.2,94.54087
2024-01-09 04:00:00,no2,PIIANN,12.580002,15.396618
2024-01-01 19:00:00,no2,PIIANN,69.55,77.45124
2021-05-09 07:00:00,no2,PIIANN,52.4,36.55703
2025-09-11 11:00:00,no2,PIIANN,64.85,72.49724
2022-07-03 18:00:00,no2,PIIANN,73.72,78.60075
2024-03-11 16:00:00,no2,PIIANN,22.22,38.307137
2025-01-03 09:00:00,no2,PIIANN,27.78,23.674942
2025-11-11 11:00:00,no2,PIIANN,87.18,94.21257
2021-05-10 06:00:00,no2,PIIANN,35.05,34.962475
2021-11-09 21:00:00,no2,PIIANN,32.08,33.84903
2024-11-05 13:00:00,no2,PIIANN,17.42,17.808119
2025-11-10 13:00:00,no2,PIIANN,29.75,28.162859
2021-09-05 19:00:00,no2,PIIANN,37.3,46.108402
2021-06-06 03:00:00,no2,PIIANN,43.42,46.89349
2021-07-07 06:00:00,no2,PIIANN,10.799999,16.923653
2022-02-02 15:00:00,no2,PIIANN,44.0,36.987305
2025-04-11 19:00:00,no2,PIIANN,96.0,110.932304
2025-04-03 15:00:00,no2,PIIANN,20.3,18.894857
2023-10-11 07:00:00,no2,PIIANN,8.799999,18.220688
2023-07-10 06:00:00,no2,PIIANN,62.625,56.877403
2024-05-11 14:00:00,no2,PIIANN,23.32,27.608713
2023-02-07 02:00:00,no2,PIIANN,21.4,19.053934
2021-08-13 00:00:00,no2,PIIANN,186.96053,168.26112
2025-01-05 17:00:00,no2,PIIANN,30.5,27.911463
2022-08-03 04:00:00,no2,PIIANN,85.9,83.07407
2023-04-02 12:00:00,no2,PIIANN,35.925,30.318825
2025-02-04 08:00:00,no2,PIIANN,105.18,120.83829
2023-08-07 11:00:00,no2,PIIANN,18.925,23.28555
2022-07-01 16:00:00,no2,PIIANN,46.1,49.1079
2021-09-04 09:00:00,no2,PIIANN,30.55,34.135044
2023-11-11 17:00:00,no2,PIIANN,8.475002,20.146118
2024-12-01 18:00:00,no2,PIIANN,54.7,57.87912
2022-08-06 04:00:00,no2,PIIANN,22.28,35.05463
2023-11-04 02:00:00,no2,PIIANN,92.2,81.68621
2024-02-03 21:00:00,no2,PIIANN,18.68,20.85944
2023-06-03 21:00:00,no2,PIIANN,88.2,86.34807
2021-06-12 18:00:00,no2,PIIANN,146.08002,151.91364
2024-09-12 17:00:00,no2,PIIANN,71.47,51.402
2023-10-06 03:00:00,no2,PIIANN,40.075,28.019379
2025-06-06 15:00:00,no2,PIIANN,17.82,15.36463
2021-01-02 00:00:00,no2,PIIANN,76.32,68.696785
2024-02-07 20:00:00,no2,PIIANN,35.08,41.70583
2024-07-03 22:00:00,no2,PIIANN,46.12,45.612953
2024-04-09 18:00:00,no2,PIIANN,15.999998,17.140223
2023-09-05 17:00:00,no2,PIIANN,101.75,76.63939
2023-09-10 18:00:00,no2,PIIANN,17.725,29.732893
2021-07-09 22:00:00,no2,PIIANN,30.45,22.962162
2021-10-09 22:00:00,no2,PIIANN,36.0,28.306293
2022-07-08 16:00:00,no2,PIIANN,26.1,25.936377
2023-02-10 06:00:00,no2,PIIANN,56.3,52.033676
2024-12-11 15:00:00,no2,PIIANN,12.52,26.512407
2025-11-02 12:00:00,no2,PIIANN,36.83,50.625843
2021-09-10 04:00:00,no2,PIIANN,62.15,50.6032
2021-10-08 04:00:00,no2,PIIANN,41.55,44.688297
2025-04-01 17:00:00,no2,PIIANN,79.85,66.36701
2021-05-01 19:00:00,no2,PIIANN,43.82,39.244812
2025-02-08 23:00:00,no2,PIIANN,17.08,17.066238
2023-07-03 11:00:00,no2,PIIANN,21.5,34.047646
2024-05-04 06:00:00,no2,PIIANN,51.78,84.87512
2025-07-13 02:00:00,no2,PIIANN,83.09845,84.456665
2021-04-12 01:00:00,no2,PIIANN,163.52002,144.7174
2022-06-09 05:00:00,no2,PIIANN,37.8,34.257523
2024-06-01 21:00:00,no2,PIIANN,35.85,41.88535
2021-03-11 15:00:00,no2,PIIANN,61.2,63.026775
2021-10-08 15:00:00,no2,PIIANN,29.58,23.48697
2024-06-10 11:00:00,no2,PIIANN,6.979999,13.684597
2021-01-04 22:00:00,no2,PIIANN,48.6,50.026394
2023-03-11 20:00:00,no2,PIIANN,17.725,41.85915
2023-10-02 01:00:00,no2,PIIANN,89.875,73.00806
2024-05-05 17:00:00,no2,PIIANN,45.28,52.473076
2023-12-12 05:00:00,no2,PIIANN,8.950001,16.660484
2024-04-05 12:00:00,no2,PIIANN,41.6,32.60459
2023-08-04 15:00:00,no2,PIIANN,5.599998,15.888674
2024-04-02 16:00:00,no2,PIIANN,56.78,56.72121
2021-10-06 08:00:00,no2,PIIANN,21.98,24.935915
2023-11-07 14:00:00,no2,PIIANN,11.25,20.15453
2025-08-10 01:00:00,no2,PIIANN,47.97,42.54986
2021-08-01 20:00:00,no2,PIIANN,55.02,61.761967
2021-07-04 12:00:00,no2,PIIANN,13.150002,20.58276
2022-01-11 05:00:00,no2,PIIANN,62.45,88.227974
2021-02-06 16:00:00,no2,PIIANN,17.979998,27.849146
2021-09-03 21:00:00,no2,PIIANN,20.5,24.663193
2021-12-11 18:00:00,no2,PIIANN,143.95001,166.07942
2025-12-03 12:00:00,no2,PIIANN,23.8,25.74236
2022-02-11 12:00:00,no2,PIIANN,44.18,47.09048
2025-04-12 04:00:00,no2,PIIANN,98.78,118.33309
2023-05-10 16:00:00,no2,PIIANN,39.35,38.58592
2021-08-07 08:00:00,no2,PIIANN,8.549999,11.165958
2021-11-12 12:00:00,no2,PIIANN,114.52,125.75332
2024-07-12 16:00:00,no2,PIIANN,34.45,51.558846
2022-09-05 05:00:00,no2,PIIANN,3.4200015,8.714207
2021-03-07 12:00:00,no2,PIIANN,15.9,33.52164
2021-04-08 03:00:00,no2,PIIANN,38.15,30.061169
2023-11-04 03:00:00,no2,PIIANN,98.45,74.87721
2023-08-10 23:00:00,no2,PIIANN,51.8,40.240337
2024-03-02 23:00:00,no2,PIIANN,46.05,38.303925
2024-08-04 19:00:00,no2,PIIANN,92.08,61.229126
2025-08-05 12:00:00,no2,PIIANN,21.85,15.883303
2025-06-09 14:00:00,no2,PIIANN,13.380001,16.302933
2021-09-01 17:00:00,no2,PIIANN,52.2,48.699223
2025-02-02 19:00:00,no2,PIIANN,66.38,60.7333
2025-11-05 07:00:00,no2,PIIANN,26.58,29.099213
2025-05-03 07:00:00,no2,PIIANN,17.319998,16.40014
2023-10-01 10:00:00,no2,PIIANN,74.175,75.88847
2025-05-10 08:00:00,no2,PIIANN,32.35,42.73498
2025-10-10 15:00:00,no2,PIIANN,25.85,34.387352
2024-03-02 13:00:00,no2,PIIANN,45.9,44.645847
2023-12-04 15:00:00,no2,PIIANN,38.825,39.28863
2025-06-05 15:00:00,no2,PIIANN,19.6,25.143799
2022-08-02 03:00:00,no2,PIIANN,61.65,62.53304
2024-10-03 05:00:00,no2,PIIANN,44.55,45.12238
2025-04-07 01:00:00,no2,PIIANN,20.65,24.448666
2021-09-05 08:00:00,no2,PIIANN,34.78,36.823338
2024-09-10 09:00:00,no2,PIIANN,11.049999,14.549492
2024-02-09 19:00:00,no2,PIIANN,16.77,22.812004
2021-11-10 12:00:00,no2,PIIANN,31.8,40.367645
2025-02-04 11:00:00,no2,PIIANN,42.3,42.86431
2021-01-09 09:00:00,no2,PIIANN,26.72,26.8242
2023-01-02 00:00:00,no2,PIIANN,25.925,40.82305
2022-09-09 23:00:00,no2,PIIANN,25.28,34.93486
2025-04-07 22:00:00,no2,PIIANN,22.520002,22.90573
2021-08-05 01:00:00,no2,PIIANN,60.92,56.869183
2024-02-10 01:00:00,no2,PIIANN,14.52,18.161383
2021-08-13 02:00:00,no2,PIIANN,186.32158,190.22557
2025-03-01 14:00:00,no2,PIIANN,56.48,50.48742
2023-08-04 21:00:00,no2,PIIANN,37.475,47.034653
2024-06-02 09:00:00,no2,PIIANN,41.3,41.22411
2023-11-11 14:00:00,no2,PIIANN,1.6249996,8.738316
2024-01-03 05:00:00,no2,PIIANN,83.68,81.86776
2025-05-02 21:00:00,no2,PIIANN,69.95,68.05521
2021-07-02 18:00:00,no2,PIIANN,74.05,83.52653
2023-07-12 05:00:00,no2,PIIANN,10.150002,19.137392
2021-01-04 09:00:00,no2,PIIANN,23.35,26.94496
2025-06-09 06:00:00,no2,PIIANN,11.100002,17.062914
2024-05-03 22:00:00,no2,PIIANN,28.82,32.759346
2024-05-10 03:00:00,no2,PIIANN,15.32,22.402544
2024-01-12 23:00:00,no2,PIIANN,77.97,74.70617
2024-01-02 06:00:00,no2,PIIANN,32.1,32.10068
2021-08-06 12:00:00,no2,PIIANN,15.4,13.089294
2021-04-10 01:00:00,no2,PIIANN,32.48,37.27756
2023-06-07 02:00:00,no2,PIIANN,16.5,15.291779
2023-05-03 10:00:00,no2,PIIANN,29.575,29.443121
2021-11-06 16:00:00,no2,PIIANN,17.500002,22.384539
2024-08-09 10:00:00,no2,PIIANN,6.229999,8.4009285
2024-10-09 03:00:00,no2,PIIANN,9.950001,15.6478195
2023-02-06 21:00:00,no2,PIIANN,58.525,60.580997
2021-10-08 11:00:00,no2,PIIANN,36.0,34.001476
2021-12-11 23:00:00,no2,PIIANN,106.32,126.430145
2021-09-04 07:00:00,no2,PIIANN,61.88,79.76128
2023-03-06 14:00:00,no2,PIIANN,35.05,35.807697
2021-10-05 16:00:00,no2,PIIANN,32.62,23.394972
2022-02-03 05:00:00,no2,PIIANN,56.55,58.346607
2023-08-10 04:00:00,no2,PIIANN,49.25,49.39512
2022-11-09 22:00:00,no2,PIIANN,41.97,47.747917
2024-09-10 18:00:00,no2,PIIANN,14.35,33.856792
2021-07-09 04:00:00,no2,PIIANN,25.32,24.732306
2025-05-09 10:00:00,no2,PIIANN,11.5,13.021774
2025-10-09 03:00:00,no2,PIIANN,9.32,11.465221
2021-01-03 07:00:00,no2,PIIANN,35.05,34.954502
2025-02-11 16:00:00,no2,PIIANN,77.78,74.388176
2021-12-10 06:00:00,no2,PIIANN,17.92,37.112244
2023-08-08 10:00:00,no2,PIIANN,1.6000019,-0.86098135
2022-12-12 05:00:00,no2,PIIANN,50.22,55.112743
2023-06-01 22:00:00,no2,PIIANN,69.475,66.68055
2025-07-11 11:00:00,no2,PIIANN,102.28,94.41187
2025-10-06 10:00:00,no2,PIIANN,21.85,30.57638
2024-11-04 20:00:00,no2,PIIANN,123.25,85.56367
2021-08-01 22:00:00,no2,PIIANN,41.62,46.53039
2022-06-06 10:00:00,no2,PIIANN,27.07,23.524923
2024-11-12 05:00:00,no2,PIIANN,61.3,59.49773
2021-11-01 15:00:00,no2,PIIANN,38.0,33.329372
2021-11-09 02:00:00,no2,PIIANN,15.4,19.026768
2024-06-10 03:00:00,no2,PIIANN,13.18,17.348396
2023-02-10 19:00:00,no2,PIIANN,100.6,87.09073
2024-09-11 23:00:00,no2,PIIANN,45.8,33.143856
2023-05-02 16:00:00,no2,PIIANN,45.675,45.35794
2024-08-11 19:00:00,no2,PIIANN,61.4,66.010025
2024-01-04 15:00:00,no2,PIIANN,19.299997,22.676136
2021-05-12 03:00:00,no2,PIIANN,160.27,181.87082
2024-02-03 14:00:00,no2,PIIANN,16.58,22.332466
2022-02-11 08:00:00,no2,PIIANN,159.57,92.53706
2025-11-12 03:00:00,no2,PIIANN,78.23,64.53608
2023-05-01 20:00:00,no2,PIIANN,77.1,79.43234
2025-04-06 02:00:00,no2,PIIANN,30.43,19.634876
2023-10-03 18:00:00,no2,PIIANN,49.2,43.482147
2022-05-11 18:00:00,no2,PIIANN,116.08,101.80884
2021-02-03 03:00:00,no2,PIIANN,104.35,80.19681
2022-04-02 15:00:00,no2,PIIANN,35.5,30.459831
2024-04-01 19:00:00,no2,PIIANN,29.8,34.86824
2024-11-02 10:00:00,no2,PIIANN,62.6,68.496826
2022-08-06 11:00:00,no2,PIIANN,17.95,8.352764
2023-01-05 23:00:00,no2,PIIANN,10.850002,10.808842
2021-01-09 01:00:00,no2,PIIANN,34.92,32.940063
2025-09-05 14:00:00,no2,PIIANN,19.25,14.08754
2023-12-10 19:00:00,no2,PIIANN,20.55,33.888866
2021-05-06 02:00:00,no2,PIIANN,51.1,36.372852
2022-09-10 09:00:00,no2,PIIANN,20.68,11.724449
2021-05-08 16:00:00,no2,PIIANN,34.58,19.664557
2021-01-07 01:00:00,no2,PIIANN,11.600002,39.033817
2025-09-12 08:00:00,no2,PIIANN,68.22,62.72941
2021-07-12 02:00:00,no2,PIIANN,163.0,157.8697
2023-03-06 17:00:00,no2,PIIANN,44.55,37.096493
2024-11-03 01:00:00,no2,PIIANN,43.32,47.102936
2021-10-02 06:00:00,no2,PIIANN,78.68,88.75345
2023-07-01 14:00:00,no2,PIIANN,52.35,46.875298
2022-06-06 21:00:00,no2,PIIANN,183.15,155.4362
2021-03-03 20:00:00,no2,PIIANN,20.02,33.010105
2021-06-09 01:00:00,no2,PIIANN,32.663635,27.632633
2022-07-11 02:00:00,no2,PIIANN,50.9,65.91082
2024-06-09 20:00:00,no2,PIIANN,12.420002,23.933565
2021-08-09 16:00:00,no2,PIIANN,24.88,24.75439
2021-02-05 19:00:00,no2,PIIANN,67.03,47.01174
2025-01-08 14:00:00,no2,PIIANN,14.18,15.864935
2021-05-05 17:00:00,no2,PIIANN,18.3,28.066107
2023-08-03 23:00:00,no2,PIIANN,31.875,36.399387
2024-02-03 23:00:00,no2,PIIANN,18.599998,17.947098
2024-10-10 06:00:00,no2,PIIANN,12.799999,14.618616
2024-11-02 04:00:00,no2,PIIANN,62.35,40.1603
2024-01-01 09:00:00,no2,PIIANN,54.95,53.744442
2022-03-03 16:00:00,no2,PIIANN,32.2,41.88355
2025-12-06 14:00:00,no2,PIIANN,22.2,21.660868
2023-09-10 04:00:00,no2,PIIANN,39.55,47.764977
2024-03-02 21:00:00,no2,PIIANN,61.62,73.85583
2024-01-03 13:00:00,no2,PIIANN,84.65,74.39841
2022-01-03 07:00:00,no2,PIIANN,63.92,54.83842
2024-11-05 10:00:00,no2,PIIANN,46.8,45.695324
2022-02-01 23:00:00,no2,PIIANN,87.68,96.03352
2023-06-11 19:00:00,no2,PIIANN,23.675,61.84166
2021-10-04 11:00:00,no2,PIIANN,32.12,39.21859
2021-09-04 10:00:00,no2,PIIANN,20.9,25.530441
2021-01-08 13:00:00,no2,PIIANN,36.85,38.71534
2024-10-03 01:00:00,no2,PIIANN,51.15,47.4797
2023-05-05 12:00:00,no2,PIIANN,4.2499995,2.4822688
2021-11-04 06:00:00,no2,PIIANN,67.6,66.29112
2023-05-09 01:00:00,no2,PIIANN,24.125,26.960363
2024-03-07 03:00:00,no2,PIIANN,14.279999,19.61437
2025-08-07 10:00:00,no2,PIIANN,12.32,16.875853
2024-01-12 20:00:00,no2,PIIANN,105.95,115.91138
2024-08-07 00:00:00,no2,PIIANN,19.45,52.40778
2024-02-03 20:00:00,no2,PIIANN,19.2,21.145979
2022-06-10 01:00:00,no2,PIIANN,14.950003,22.788958
2023-11-03 01:00:00,no2,PIIANN,66.275,67.402336
2022-08-09 06:00:00,no2,PIIANN,41.92,31.359951
2025-02-06 05:00:00,no2,PIIANN,16.45,28.966837
2021-02-05 12:00:00,no2,PIIANN,21.12,29.617672
2021-07-02 02:00:00,no2,PIIANN,86.7,80.77452
2024-02-04 08:00:00,no2,PIIANN,53.18,61.65985
2024-11-11 14:00:00,no2,PIIANN,15.249998,27.130545
2025-06-05 11:00:00,no2,PIIANN,23.35,18.416246
2022-12-10 12:00:00,no2,PIIANN,13.080002,20.709017
2024-07-09 03:00:00,no2,PIIANN,10.150002,12.370724
2021-02-06 07:00:00,no2,PIIANN,24.6,27.74895
2022-11-12 01:00:00,no2,PIIANN,73.2,89.52927
2023-08-09 04:00:00,no2,PIIANN,14.950003,21.868963
2023-08-04 09:00:00,no2,PIIANN,8.975002,27.095385
2024-06-07 20:00:00,no2,PIIANN,15.6,20.901348
2022-09-11 08:00:00,no2,PIIANN,90.02,67.64346
2022-01-10 07:00:00,no2,PIIANN,52.47,46.955433
2024-08-03 09:00:00,no2,PIIANN,38.88,66.250404
2024-01-07 07:00:00,no2,PIIANN,18.05,11.137222
2025-04-07 13:00:00,no2,PIIANN,19.42,19.285322
2025-05-10 21:00:00,no2,PIIANN,48.85,68.618904
2023-05-02 14:00:00,no2,PIIANN,32.7,40.033344
2021-05-06 01:00:00,no2,PIIANN,35.9,29.7238
2022-04-09 12:00:00,no2,PIIANN,6.7200007,8.890839
2023-10-04 06:00:00,no2,PIIANN,24.324999,32.473717
2022-01-08 17:00:00,no2,PIIANN,11.75,7.0666347
2021-01-06 17:00:00,no2,PIIANN,14.35,24.529654
2022-09-02 23:00:00,no2,PIIANN,56.82,64.601906
2025-09-11 04:00:00,no2,PIIANN,84.57,107.719635
2021-02-04 21:00:00,no2,PIIANN,81.78,91.87259
2021-11-07 23:00:00,no2,PIIANN,30.93,21.635984
2022-12-01 20:00:00,no2,PIIANN,87.95,105.088264
2023-07-10 19:00:00,no2,PIIANN,62.575,57.278767
2023-08-02 07:00:00,no2,PIIANN,83.1,64.090416
2023-09-10 13:00:00,no2,PIIANN,10.0,14.976219
2023-05-08 23:00:00,no2,PIIANN,8.825001,15.100979
2022-12-10 14:00:00,no2,PIIANN,19.8,13.463779
2025-02-13 02:00:00,no2,PIIANN,127.93077,116.94858
2023-09-05 02:00:00,no2,PIIANN,10.400002,16.31763
2023-08-05 17:00:00,no2,PIIANN,10.0,16.576555
2025-06-04 11:00:00,no2,PIIANN,53.62,39.220478
2021-09-09 09:00:00,no2,PIIANN,26.15,24.031412
2023-05-04 20:00:00,no2,PIIANN,34.95,44.345333
2023-09-05 13:00:00,no2,PIIANN,42.175,46.07807
2022-09-07 02:00:00,no2,PIIANN,27.0,29.786722
2025-07-09 15:00:00,no2,PIIANN,15.5,17.985678
2021-09-11 14:00:00,no2,PIIANN,38.52,49.817142
2025-06-09 02:00:00,no2,PIIANN,17.77,16.847279
2024-09-05 01:00:00,no2,PIIANN,40.33,39.426846
2025-01-03 01:00:00,no2,PIIANN,33.83,38.209656
2021-10-11 19:00:00,no2,PIIANN,143.88,157.42746
2023-04-03 05:00:00,no2,PIIANN,25.325,22.333284
2024-03-10 16:00:00,no2,PIIANN,8.350002,19.957037
2024-06-09 21:00:00,no2,PIIANN,11.700001,21.052605
2025-11-08 12:00:00,no2,PIIANN,13.02,15.713655
2024-04-10 10:00:00,no2,PIIANN,6.7799983,7.8371425
2022-03-06 16:00:00,no2,PIIANN,28.22,28.229181
2025-11-09 17:00:00,no2,PIIANN,15.620001,25.896366
2025-08-01 21:00:00,no2,PIIANN,65.88,84.33304
2025-12-06 16:00:00,no2,PIIANN,21.58,23.156986
2023-05-10 01:00:00,no2,PIIANN,64.8,58.37768
2021-03-13 00:00:00,no2,PIIANN,167.5934,138.41693
2021-11-10 22:00:00,no2,PIIANN,33.12,45.87098
2024-07-12 08:00:00,no2,PIIANN,86.98,77.553375
2024-10-08 11:00:00,no2,PIIANN,10.619999,13.733475
2021-06-09 05:00:00,no2,PIIANN,35.05,33.288635
2025-01-06 03:00:00,no2,PIIANN,40.15,33.31889
2022-07-09 01:00:00,no2,PIIANN,27.3,36.93755
2023-01-08 05:00:00,no2,PIIANN,23.225002,22.53875
2025-10-09 18:00:00,no2,PIIANN,9.799999,11.54879
2025-12-06 12:00:00,no2,PIIANN,19.9,15.188679
2021-02-01 15:00:00,no2,PIIANN,106.25,104.39696
2025-11-10 19:00:00,no2,PIIANN,59.85,65.694725
2023-01-04 10:00:00,no2,PIIANN,12.700001,14.326578
2023-07-07 06:00:00,no2,PIIANN,26.9,21.531414
2023-02-08 16:00:00,no2,PIIANN,18.625,13.035549
2024-05-11 00:00:00,no2,PIIANN,48.55,19.990232
2025-03-06 09:00:00,no2,PIIANN,24.78,18.195263
2021-07-05 18:00:00,no2,PIIANN,28.3,32.426495
2025-11-10 07:00:00,no2,PIIANN,50.65,50.501556
2024-05-09 23:00:00,no2,PIIANN,22.1,23.049545
2021-06-03 06:00:00,no2,PIIANN,122.98,109.9963
2023-07-08 23:00:00,no2,PIIANN,5.849998,10.998814
2022-03-08 20:00:00,no2,PIIANN,98.62,53.908043
2021-11-07 10:00:00,no2,PIIANN,21.45,16.903715
2025-05-02 12:00:00,no2,PIIANN,27.92,31.043285
2023-03-12 12:00:00,no2,PIIANN,6.2500033,8.537991
2023-08-03 05:00:00,no2,PIIANN,51.475,55.70154
2024-06-07 18:00:00,no2,PIIANN,12.420002,18.245312
2023-11-04 01:00:00,no2,PIIANN,99.4,100.04185
2024-01-08 13:00:00,no2,PIIANN,19.97,14.738945
2023-03-10 22:00:00,no2,PIIANN,65.3,55.801567
2022-02-01 17:00:00,no2,PIIANN,117.35,88.43936
2024-04-09 20:00:00,no2,PIIANN,17.73,21.372265
2024-03-11 19:00:00,no2,PIIANN,72.42,81.89536
2023-05-08 18:00:00,no2,PIIANN,8.125,19.24979
2022-10-02 11:00:00,no2,PIIANN,30.7,38.98302
2023-08-09 12:00:00,no2,PIIANN,15.999998,21.712309
2022-12-07 06:00:00,no2,PIIANN,69.88,42.38537
2021-04-09 10:00:00,no2,PIIANN,29.48,24.775755
2024-05-12 09:00:00,no2,PIIANN,57.18,62.585632
2021-06-04 11:00:00,no2,PIIANN,54.1,37.49307
2024-10-10 03:00:00,no2,PIIANN,11.650002,16.36009
2021-01-05 13:00:00,no2,PIIANN,19.32,22.386469
2022-10-03 22:00:00,no2,PIIANN,80.7,75.329
2021-09-01 13:00:00,no2,PIIANN,39.65,38.94013
2024-02-09 23:00:00,no2,PIIANN,17.02,17.77354
2025-01-02 22:00:00,no2,PIIANN,50.55,53.78708
2024-12-01 14:00:00,no2,PIIANN,40.42,39.697636
2021-07-02 09:00:00,no2,PIIANN,79.28,81.13824
2021-12-03 07:00:00,no2,PIIANN,15.800001,26.755447
2021-11-07 05:00:00,no2,PIIANN,19.12,17.266878
2025-07-02 05:00:00,no2,PIIANN,31.85,34.915997
2022-02-09 23:00:00,no2,PIIANN,95.15,62.647522
2022-01-11 14:00:00,no2,PIIANN,48.95,66.31972
2022-10-06 12:00:00,no2,PIIANN,14.950003,8.185356
2022-02-12 01:00:00,no2,PIIANN,82.05,109.80914
2021-08-11 12:00:00,no2,PIIANN,41.88,42.041687
2022-06-10 07:00:00,no2,PIIANN,23.619999,22.06808
2025-10-12 02:00:00,no2,PIIANN,73.8,69.036316
2022-01-03 01:00:00,no2,PIIANN,57.7,52.37737
2021-10-05 18:00:00,no2,PIIANN,44.08,47.8899
2022-12-06 15:00:00,no2,PIIANN,12.900002,13.688557
2021-02-06 20:00:00,no2,PIIANN,46.55,59.32852
2021-01-06 05:00:00,no2,PIIANN,19.5,17.197674
2023-12-06 09:00:00,no2,PIIANN,22.25,24.632725
2024-09-06 21:00:00,no2,PIIANN,72.15,81.97189
2023-05-05 14:00:00,no2,PIIANN,3.6249995,15.674076
2024-03-08 07:00:00,no2,PIIANN,9.220001,13.489773
2022-09-10 13:00:00,no2,PIIANN,12.850002,14.723755
2023-06-09 03:00:00,no2,PIIANN,16.975002,20.41368
2021-09-07 17:00:00,no2,PIIANN,6.2000003,16.418833
2022-03-07 11:00:00,no2,PIIANN,14.25,22.374283
2022-09-05 04:00:00,no2,PIIANN,3.8199992,10.08213
2025-11-06 02:00:00,no2,PIIANN,56.82,64.377655
2021-02-12 20:00:00,no2,PIIANN,115.12,119.29796
2023-06-01 17:00:00,no2,PIIANN,81.275,79.45758
2021-11-02 13:00:00,no2,PIIANN,61.62,52.528927
2022-03-10 05:00:00,no2,PIIANN,32.05,29.928476
2022-05-03 15:00:00,no2,PIIANN,23.749998,27.726036
2022-12-06 18:00:00,no2,PIIANN,43.08,33.090332
2024-04-02 15:00:00,no2,PIIANN,63.9,50.789425
2022-08-10 23:00:00,no2,PIIANN,14.48,27.156591
2022-10-06 23:00:00,no2,PIIANN,71.53,78.59935
2025-02-02 20:00:00,no2,PIIANN,58.82,68.66701
2023-02-12 21:00:00,no2,PIIANN,13.150002,30.705318
2021-11-08 06:00:00,no2,PIIANN,23.98,27.4321
2024-06-03 21:00:00,no2,PIIANN,45.8,40.68231
2025-08-11 07:00:00,no2,PIIANN,82.52,94.082855
2025-11-09 18:00:00,no2,PIIANN,14.100002,24.978994
2021-02-04 09:00:00,no2,PIIANN,32.38,35.777878
2025-02-09 01:00:00,no2,PIIANN,11.48,14.161507
2021-12-06 22:00:00,no2,PIIANN,30.78,27.310661
2022-08-05 19:00:00,no2,PIIANN,17.229998,35.076332
2023-06-06 03:00:00,no2,PIIANN,36.525,50.356144
2021-07-05 16:00:00,no2,PIIANN,16.8,21.534529
2021-01-09 13:00:00,no2,PIIANN,28.35,19.201548
2021-08-12 00:00:00,no2,PIIANN,177.82,74.85172
2021-04-06 20:00:00,no2,PIIANN,47.78,52.092316
2023-04-06 14:00:00,no2,PIIANN,19.775,27.185055
2024-12-09 19:00:00,no2,PIIANN,5.7499995,8.109104
2021-11-04 03:00:00,no2,PIIANN,65.35,61.295525
2024-06-01 12:00:00,no2,PIIANN,27.65,28.83375
2023-07-12 08:00:00,no2,PIIANN,13.075001,18.45223
2021-10-02 20:00:00,no2,PIIANN,63.5,79.77988
2021-02-11 13:00:00,no2,PIIANN,50.1,47.954853
2023-03-09 00:00:00,no2,PIIANN,40.675,31.90091
2021-04-05 19:00:00,no2,PIIANN,68.28,56.112625
2021-11-04 01:00:00,no2,PIIANN,63.35,56.48746
2024-08-03 11:00:00,no2,PIIANN,26.75,36.14096
2022-12-07 23:00:00,no2,PIIANN,48.18,37.062725
2024-04-06 12:00:00,no2,PIIANN,16.2,18.916609
2024-03-10 15:00:00,no2,PIIANN,7.219997,16.784855
2023-08-10 09:00:00,no2,PIIANN,17.6,30.587793
2024-05-02 15:00:00,no2,PIIANN,27.15,25.536562
2022-11-03 23:00:00,no2,PIIANN,72.15,65.29514
2023-08-08 16:00:00,no2,PIIANN,7.3250003,8.25169
2025-11-08 05:00:00,no2,PIIANN,14.380003,14.682367
2021-01-11 01:00:00,no2,PIIANN,82.52,109.52037
2023-03-11 14:00:00,no2,PIIANN,3.025001,7.066261
2023-01-08 12:00:00,no2,PIIANN,18.275,14.45524
2021-08-07 07:00:00,no2,PIIANN,8.25,11.661213
2022-04-10 06:00:00,no2,PIIANN,45.88,45.294456
2024-08-01 23:00:00,no2,PIIANN,31.3,32.76973
2024-03-11 07:00:00,no2,PIIANN,39.98,53.460007
2024-01-09 09:00:00,no2,PIIANN,4.7799983,9.603123
2022-03-11 19:00:00,no2,PIIANN,157.68,143.62003
2023-10-10 11:00:00,no2,PIIANN,5.200004,4.824821
2022-03-10 02:00:00,no2,PIIANN,40.8,40.00681
2023-08-05 07:00:00,no2,PIIANN,12.075001,9.967854
2025-10-08 17:00:00,no2,PIIANN,15.249998,19.113583
2023-03-10 14:00:00,no2,PIIANN,21.05,20.580309
2025-04-02 00:00:00,no2,PIIANN,59.38,38.132065
2022-11-07 19:00:00,no2,PIIANN,94.25,57.402855
2022-03-10 15:00:00,no2,PIIANN,16.98,20.62133
2025-03-13 02:00:00,no2,PIIANN,125.32941,138.79843
2021-11-07 08:00:00,no2,PIIANN,24.05,16.497612
2023-04-11 14:00:00,no2,PIIANN,5.775001,5.2321277
2022-01-13 00:00:00,no2,PIIANN,93.063286,94.86504
2023-06-01 15:00:00,no2,PIIANN,67.4,63.665115
2025-02-12 06:00:00,no2,PIIANN,119.25,116.318954
2021-11-02 00:00:00,no2,PIIANN,77.93,53.381386
2023-09-08 20:00:00,no2,PIIANN,8.975002,16.464516
2025-04-11 18:00:00,no2,PIIANN,90.4,96.00517
2025-01-11 20:00:00,no2,PIIANN,113.1,116.18686
2024-09-09 13:00:00,no2,PIIANN,9.720001,6.909553
2023-06-04 18:00:00,no2,PIIANN,22.75,19.981838
2021-06-10 06:00:00,no2,PIIANN,35.05,34.41085
2023-03-11 15:00:00,no2,PIIANN,4.0500026,10.478172
2024-01-11 08:00:00,no2,PIIANN,30.35,25.99083
2022-09-08 07:00:00,no2,PIIANN,33.25,22.472532
2022-04-06 02:00:00,no2,PIIANN,97.4,114.13209
2022-11-08 09:00:00,no2,PIIANN,17.48,12.853741
2021-04-04 20:00:00,no2,PIIANN,95.12,103.70678
2023-11-12 02:00:00,no2,PIIANN,15.0,19.737812
2024-11-09 02:00:00,no2,PIIANN,7.319999,14.127579
2022-05-08 12:00:00,no2,PIIANN,21.12,22.64398
2024-03-04 04:00:00,no2,PIIANN,51.55,63.94066
2022-02-09 06:00:00,no2,PIIANN,35.28,38.158134
2021-10-11 01:00:00,no2,PIIANN,101.72,101.70736
2021-05-12 00:00:00,no2,PIIANN,166.05,75.706505
2021-08-10 21:00:00,no2,PIIANN,74.35,80.75687
2022-08-03 17:00:00,no2,PIIANN,41.8,54.516834
2022-09-12 07:00:00,no2,PIIANN,75.25,61.678272
2025-11-02 07:00:00,no2,PIIANN,63.15,67.11839
2021-08-07 06:00:00,no2,PIIANN,6.4200015,11.376358
2023-12-01 12:00:00,no2,PIIANN,59.175,60.279484
2025-10-07 11:00:00,no2,PIIANN,28.0,23.433283
2022-10-12 11:00:00,no2,PIIANN,94.1,85.01693
2024-03-08 15:00:00,no2,PIIANN,5.4999995,10.820122
2021-04-06 18:00:00,no2,PIIANN,27.7,35.753498
2025-09-05 17:00:00,no2,PIIANN,19.480001,34.967716
2021-03-08 00:00:00,no2,PIIANN,43.72,45.809605
2024-01-10 07:00:00,no2,PIIANN,9.220001,8.323547
2024-09-12 00:00:00,no2,PIIANN,34.55,29.699484
2025-05-12 16:00:00,no2,PIIANN,107.24999,100.14771
2022-11-10 05:00:00,no2,PIIANN,23.880001,17.578836
2024-05-04 13:00:00,no2,PIIANN,15.15,16.719206
2023-05-04 09:00:00,no2,PIIANN,14.225002,21.132645
2025-07-05 01:00:00,no2,PIIANN,29.78,30.760984
2022-04-02 11:00:00,no2,PIIANN,29.25,32.90323
2023-12-06 04:00:00,no2,PIIANN,26.874998,27.690695
2023-08-03 20:00:00,no2,PIIANN,51.25,71.087296
2025-12-08 19:00:00,no2,PIIANN,24.4,23.460392
2024-01-07 04:00:00,no2,PIIANN,12.220001,18.338373
2021-02-03 10:00:00,no2,PIIANN,44.85,51.21265
2021-05-10 00:00:00,no2,PIIANN,35.05,46.329166
2023-11-05 01:00:00,no2,PIIANN,22.575,32.587673
2023-02-09 17:00:00,no2,PIIANN,26.25,21.537266
2025-05-10 04:00:00,no2,PIIANN,47.65,48.336723
2024-02-01 20:00:00,no2,PIIANN,66.88,78.39759
2021-07-03 10:00:00,no2,PIIANN,35.75,48.355732
2025-11-12 05:00:00,no2,PIIANN,74.87,73.51082
2024-04-07 14:00:00,no2,PIIANN,12.580002,21.312267
2024-04-10 19:00:00,no2,PIIANN,17.42,36.591984
2022-07-09 03:00:00,no2,PIIANN,35.28,47.14535
2025-08-11 15:00:00,no2,PIIANN,58.35,55.677216
2021-07-02 19:00:00,no2,PIIANN,83.82,88.18697
2023-04-12 00:00:00,no2,PIIANN,11.924999,7.996448
2022-04-11 10:00:00,no2,PIIANN,301.95,172.24538
2025-12-03 10:00:00,no2,PIIANN,32.32,42.288567
2021-02-02 08:00:00,no2,PIIANN,87.92,71.74332
2021-01-03 11:00:00,no2,PIIANN,49.7,54.8478
2025-11-05 08:00:00,no2,PIIANN,23.45,27.206678
2021-05-05 10:00:00,no2,PIIANN,21.05,21.744694
2025-08-05 21:00:00,no2,PIIANN,57.72,68.092514
2025-06-09 17:00:00,no2,PIIANN,16.1,18.321625
2023-07-07 12:00:00,no2,PIIANN,24.475,23.408682
2025-07-05 08:00:00,no2,PIIANN,33.0,27.173487
2024-06-05 19:00:00,no2,PIIANN,136.35,94.570274
2025-01-05 22:00:00,no2,PIIANN,35.45,32.68557
2023-12-05 21:00:00,no2,PIIANN,152.9,120.55702
2023-07-10 14:00:00,no2,PIIANN,11.799999,18.94832
2023-11-09 01:00:00,no2,PIIANN,5.775001,8.8725815
2023-07-02 20:00:00,no2,PIIANN,100.725,107.135025
2025-01-11 21:00:00,no2,PIIANN,105.42,107.00057
2021-06-12 06:00:00,no2,PIIANN,177.5,185.55397
2021-01-10 22:00:00,no2,PIIANN,57.28,56.664402
2022-04-11 05:00:00,no2,PIIANN,78.45,120.31438
2025-07-10 17:00:00,no2,PIIANN,37.08,34.35048
2022-07-05 04:00:00,no2,PIIANN,20.800001,26.963099
2021-12-10 09:00:00,no2,PIIANN,58.03,66.43254
2025-02-09 08:00:00,no2,PIIANN,13.549999,13.665134
2021-08-08 21:00:00,no2,PIIANN,24.62,34.066505
2023-12-03 17:00:00,no2,PIIANN,28.15,41.577805
2024-04-08 06:00:00,no2,PIIANN,19.05,22.36331
2022-05-07 13:00:00,no2,PIIANN,33.17,14.309246
2021-06-10 09:00:00,no2,PIIANN,31.616667,36.824265
2021-12-11 09:00:00,no2,PIIANN,126.43,114.86085
2025-04-09 03:00:00,no2,PIIANN,10.279999,13.975872
2025-05-10 12:00:00,no2,PIIANN,22.379997,27.559217
2021-01-05 12:00:00,no2,PIIANN,24.58,21.01998
2021-08-04 03:00:00,no2,PIIANN,45.62,45.059124
2025-08-08 22:00:00,no2,PIIANN,28.42,24.119768
2025-01-10 02:00:00,no2,PIIANN,41.8,36.389545
2022-03-05 06:00:00,no2,PIIANN,26.9,19.538385
2025-04-08 13:00:00,no2,PIIANN,10.5,11.835552
2023-10-02 13:00:00,no2,PIIANN,64.325,58.93118
2023-12-05 08:00:00,no2,PIIANN,134.25,117.40243
2023-10-01 16:00:00,no2,PIIANN,63.475,76.257195
2021-06-12 22:00:00,no2,PIIANN,173.72002,153.20642
2024-12-08 10:00:00,no2,PIIANN,5.5299983,8.255966
2025-09-03 15:00:00,no2,PIIANN,21.7,25.480347
2024-11-05 20:00:00,no2,PIIANN,38.17,55.232582
2021-04-09 14:00:00,no2,PIIANN,26.05,24.037992
2023-03-01 23:00:00,no2,PIIANN,50.475,52.01247
2023-11-01 14:00:00,no2,PIIANN,82.325,77.77515
2024-06-06 22:00:00,no2,PIIANN,28.62,47.207176
2022-01-06 17:00:00,no2,PIIANN,73.12,50.168106
2022-09-11 21:00:00,no2,PIIANN,129.75,148.04846
2023-10-10 05:00:00,no2,PIIANN,13.600002,15.329323
2025-10-06 08:00:00,no2,PIIANN,35.82,40.596745
2021-11-07 00:00:00,no2,PIIANN,27.15,20.71116
2021-06-01 12:00:00,no2,PIIANN,53.88,35.43453
2023-04-06 07:00:00,no2,PIIANN,60.175,48.032757
2022-08-03 10:00:00,no2,PIIANN,57.95,73.69559
2025-10-04 11:00:00,no2,PIIANN,72.9,70.868355
2023-02-03 07:00:00,no2,PIIANN,35.175,38.916504
2021-09-06 03:00:00,no2,PIIANN,16.73,18.828432
2025-02-03 12:00:00,no2,PIIANN,21.52,24.092506
2025-03-09 19:00:00,no2,PIIANN,16.08,20.609186
2025-03-07 09:00:00,no2,PIIANN,13.75,18.752262
2022-06-09 07:00:00,no2,PIIANN,42.05,37.805973
2021-06-01 20:00:00,no2,PIIANN,36.52,45.16033
2022-07-04 12:00:00,no2,PIIANN,30.25,39.210724
2021-06-11 19:00:00,no2,PIIANN,121.0,120.758965
2022-04-07 12:00:00,no2,PIIANN,24.720001,21.778175
2022-10-02 16:00:00,no2,PIIANN,37.48,35.24547
2023-09-12 13:00:00,no2,PIIANN,6.8749995,11.597256
2023-07-11 05:00:00,no2,PIIANN,10.725002,13.073429
2022-08-02 02:00:00,no2,PIIANN,61.72,74.3088
2025-07-03 23:00:00,no2,PIIANN,64.18,69.4348
2023-04-08 01:00:00,no2,PIIANN,30.223,29.519442
2024-06-11 15:00:00,no2,PIIANN,24.45,34.729244
2025-07-03 08:00:00,no2,PIIANN,51.95,54.920513
2024-07-08 16:00:00,no2,PIIANN,6.7499995,33.15302
2021-02-09 07:00:00,no2,PIIANN,20.670002,16.83694
2023-02-12 10:00:00,no2,PIIANN,7.400005,8.123924
2024-08-08 06:00:00,no2,PIIANN,9.0,12.008045
2021-06-07 05:00:00,no2,PIIANN,6.2799983,7.6438403
2022-02-04 06:00:00,no2,PIIANN,71.38,61.15805
2023-12-02 04:00:00,no2,PIIANN,55.325,58.68363
2024-03-06 20:00:00,no2,PIIANN,69.0,61.837605
2021-02-02 04:00:00,no2,PIIANN,57.45,59.356895
2024-12-06 17:00:00,no2,PIIANN,15.200001,26.412987
2021-01-06 03:00:00,no2,PIIANN,11.119999,16.338154
2021-02-04 05:00:00,no2,PIIANN,54.48,48.382984
2023-10-12 08:00:00,no2,PIIANN,10.299999,13.03167
2022-07-09 21:00:00,no2,PIIANN,51.88,50.425266
2023-11-08 12:00:00,no2,PIIANN,0.49999964,6.763923
2023-07-09 22:00:00,no2,PIIANN,52.1,37.27638
2024-07-06 06:00:00,no2,PIIANN,20.82,22.859703
2021-07-03 07:00:00,no2,PIIANN,114.32,101.413994
2021-09-02 23:00:00,no2,PIIANN,76.28,69.17426
2024-07-04 00:00:00,no2,PIIANN,96.2,40.60375
2025-08-09 19:00:00,no2,PIIANN,13.48,22.02727
2023-08-06 20:00:00,no2,PIIANN,95.525,68.41794
2023-08-08 08:00:00,no2,PIIANN,2.0999942,4.321613
2021-12-10 18:00:00,no2,PIIANN,47.15,41.212025
2021-09-12 02:00:00,no2,PIIANN,164.4,153.473
2023-04-03 15:00:00,no2,PIIANN,34.566666,28.331596
2023-02-02 20:00:00,no2,PIIANN,83.0,86.77445
2023-10-11 23:00:00,no2,PIIANN,7.099998,15.117876
2025-01-05 11:00:00,no2,PIIANN,17.33,19.00716
2022-06-02 06:00:00,no2,PIIANN,42.05,105.86074
2022-01-09 23:00:00,no2,PIIANN,37.6,35.864273
2021-02-06 03:00:00,no2,PIIANN,41.02,43.585552
2022-01-05 12:00:00,no2,PIIANN,31.95,25.532887
2021-03-05 04:00:00,no2,PIIANN,31.599998,34.25259
2023-03-11 08:00:00,no2,PIIANN,12.600002,21.789537
2022-03-03 05:00:00,no2,PIIANN,41.32,46.216618
2023-08-03 17:00:00,no2,PIIANN,16.075,28.859367
2024-02-08 08:00:00,no2,PIIANN,15.650002,14.522406
2024-12-13 01:00:00,no2,PIIANN,59.887424,55.746944
2025-07-11 01:00:00,no2,PIIANN,105.4,101.23085
2024-08-09 06:00:00,no2,PIIANN,4.7999988,13.051559
2021-09-02 09:00:00,no2,PIIANN,79.15,90.47754
2023-07-07 05:00:00,no2,PIIANN,23.5,21.481514
2022-09-10 10:00:00,no2,PIIANN,24.88,15.938057
2023-09-02 06:00:00,no2,PIIANN,93.35,75.52355
2025-06-05 12:00:00,no2,PIIANN,17.62,14.821989
2025-12-05 09:00:00,no2,PIIANN,27.5,41.68439
2021-09-05 10:00:00,no2,PIIANN,35.12,27.078747
2022-10-12 07:00:00,no2,PIIANN,66.0,64.13258
2021-02-07 09:00:00,no2,PIIANN,13.700001,13.699131
2021-12-10 01:00:00,no2,PIIANN,27.55,40.183594
2022-05-09 16:00:00,no2,PIIANN,13.950001,18.917625
2024-09-07 02:00:00,no2,PIIANN,63.1384,59.84799
2023-04-07 10:00:00,no2,PIIANN,25.15,30.455854
2025-12-01 18:00:00,no2,PIIANN,79.2,70.522644
2021-05-05 13:00:00,no2,PIIANN,16.65,19.395412
2023-03-06 01:00:00,no2,PIIANN,36.625,31.481693
2022-06-10 20:00:00,no2,PIIANN,36.98,41.117752
2022-09-12 13:00:00,no2,PIIANN,40.53,54.721
2022-06-01 16:00:00,no2,PIIANN,54.03,61.861275
2025-05-12 02:00:00,no2,PIIANN,119.62,121.16097
2021-04-11 21:00:00,no2,PIIANN,98.15,97.26884
2021-04-04 13:00:00,no2,PIIANN,15.68,18.633572
2025-03-02 06:00:00,no2,PIIANN,33.65,28.131893
2021-12-01 12:00:00,no2,PIIANN,35.85,43.879265
2023-12-07 15:00:00,no2,PIIANN,23.749998,24.561945
2023-12-13 01:00:00,no2,PIIANN,13.102657,14.015282
2023-10-03 11:00:00,no2,PIIANN,20.675,27.919819
2022-10-09 00:00:00,no2,PIIANN,24.57,41.701763
2021-04-04 01:00:00,no2,PIIANN,59.2,68.934586
2025-07-04 06:00:00,no2,PIIANN,403.87,274.97403
2022-08-03 21:00:00,no2,PIIANN,68.08,93.192955
2023-12-06 05:00:00,no2,PIIANN,28.75,27.583677
2023-02-11 10:00:00,no2,PIIANN,12.900002,18.976475
2022-04-05 14:00:00,no2,PIIANN,75.925,52.29214
2021-12-06 02:00:00,no2,PIIANN,23.5,24.768608
2023-06-02 02:00:00,no2,PIIANN,132.3,101.74073
2023-03-04 07:00:00,no2,PIIANN,11.150002,15.364748
2023-10-02 04:00:00,no2,PIIANN,59.675,61.912075
2022-08-08 00:00:00,no2,PIIANN,42.03,47.01639
2022-05-02 21:00:00,no2,PIIANN,75.25,87.25194
2025-03-09 15:00:00,no2,PIIANN,9.220001,20.062515
2023-12-02 11:00:00,no2,PIIANN,27.025,43.176567
2023-01-09 13:00:00,no2,PIIANN,1.4000012,6.215553
2025-12-01 13:00:00,no2,PIIANN,72.9,74.59891
2025-03-09 18:00:00,no2,PIIANN,13.799999,20.725063
2024-09-11 06:00:00,no2,PIIANN,41.58,35.752792
2022-11-02 02:00:00,no2,PIIANN,42.98,51.173355
2023-08-09 19:00:00,no2,PIIANN,32.6,34.23754
2023-01-11 21:00:00,no2,PIIANN,18.177776,27.20553
2024-12-04 14:00:00,no2,PIIANN,19.52,35.13662
2022-06-02 07:00:00,no2,PIIANN,43.6,98.83204
2021-06-10 04:00:00,no2,PIIANN,35.05,35.99788
2023-04-10 18:00:00,no2,PIIANN,73.65,57.660877
2023-07-11 13:00:00,no2,PIIANN,6.650001,15.262236
2021-07-13 02:00:00,no2,PIIANN,174.694,182.66362
2021-04-10 04:00:00,no2,PIIANN,30.5,30.674501
2025-01-09 20:00:00,no2,PIIANN,15.9,30.007935
2023-06-11 10:00:00,no2,PIIANN,17.799997,23.904863
2023-06-06 16:00:00,no2,PIIANN,19.55,26.384804
2021-12-02 18:00:00,no2,PIIANN,39.25,57.022385
2022-01-04 10:00:00,no2,PIIANN,33.78,31.29667
2024-11-01 18:00:00,no2,PIIANN,41.88,44.783283
2024-06-05 11:00:00,no2,PIIANN,38.48,35.786022
2025-01-05 20:00:00,no2,PIIANN,24.27,41.06393
2024-02-10 02:00:00,no2,PIIANN,14.65,20.07252
2022-04-07 08:00:00,no2,PIIANN,42.78,45.411873
2021-12-07 04:00:00,no2,PIIANN,20.78,22.932953
2025-10-03 07:00:00,no2,PIIANN,52.48,52.39135
2022-02-07 07:00:00,no2,PIIANN,52.45,31.820807
2023-01-01 18:00:00,no2,PIIANN,87.1,66.073235
2023-08-11 19:00:00,no2,PIIANN,21.425,46.926136
2023-10-07 08:00:00,no2,PIIANN,25.024998,20.041761
2022-10-06 16:00:00,no2,PIIANN,22.12,4.934257
2024-05-09 21:00:00,no2,PIIANN,18.7,25.72164
2022-01-01 22:00:00,no2,PIIANN,101.45,108.805756
2024-08-05 09:00:00,no2,PIIANN,80.05,70.16659
2025-05-04 02:00:00,no2,PIIANN,70.1,89.75353
2022-02-10 03:00:00,no2,PIIANN,67.65,52.28924
2022-03-02 09:00:00,no2,PIIANN,47.98,32.347027
2024-01-08 03:00:00,no2,PIIANN,18.820002,16.279036
2025-12-04 06:00:00,no2,PIIANN,107.24999,80.962395
2021-04-10 09:00:00,no2,PIIANN,22.55,27.899315
2024-04-02 03:00:00,no2,PIIANN,43.55,47.998085
2023-07-07 01:00:00,no2,PIIANN,17.3,24.540228
2023-10-06 02:00:00,no2,PIIANN,26.8,26.856459
2025-02-07 13:00:00,no2,PIIANN,14.119999,16.932476
2024-10-10 02:00:00,no2,PIIANN,10.850002,18.277853
2024-01-10 14:00:00,no2,PIIANN,8.119999,5.6059375
2024-12-12 09:00:00,no2,PIIANN,89.33,83.71072
2022-04-03 17:00:00,no2,PIIANN,37.12,35.555084
2022-01-05 02:00:00,no2,PIIANN,77.3,110.70361
2024-04-03 03:00:00,no2,PIIANN,31.58,30.275717
2021-05-01 17:00:00,no2,PIIANN,28.05,31.28225
2023-02-08 22:00:00,no2,PIIANN,23.35,22.651846
2021-03-02 22:00:00,no2,PIIANN,101.85,91.09595
2022-10-06 21:00:00,no2,PIIANN,100.93,94.52451
2022-07-02 13:00:00,no2,PIIANN,46.4,48.48115
2025-11-02 08:00:00,no2,PIIANN,77.72,68.54118
2022-01-05 06:00:00,no2,PIIANN,31.22,33.1797
2023-04-10 12:00:00,no2,PIIANN,21.475,23.170341
2022-05-12 06:00:00,no2,PIIANN,54.18,61.256374
2022-07-09 00:00:00,no2,PIIANN,28.58,47.877037
2021-11-04 02:00:00,no2,PIIANN,68.9,54.343613
2023-03-01 09:00:00,no2,PIIANN,47.033333,36.290085
2025-09-07 07:00:00,no2,PIIANN,15.82,20.110287
2023-09-07 09:00:00,no2,PIIANN,31.15,24.139814
2023-06-07 14:00:00,no2,PIIANN,20.375,18.153923
2025-07-02 19:00:00,no2,PIIANN,56.4,66.41401
2021-01-09 05:00:00,no2,PIIANN,17.2,21.26464
2025-02-10 09:00:00,no2,PIIANN,42.75,39.936237
2022-03-10 04:00:00,no2,PIIANN,30.15,37.452248
2025-03-08 06:00:00,no2,PIIANN,16.32,15.329756
2023-03-09 02:00:00,no2,PIIANN,33.8,25.505535
2024-10-03 02:00:00,no2,PIIANN,52.0,47.550518
2023-08-02 20:00:00,no2,PIIANN,105.8,120.49882
2025-07-02 17:00:00,no2,PIIANN,39.05,36.574898
2022-03-04 14:00:00,no2,PIIANN,16.77,30.7574
2023-08-01 14:00:00,no2,PIIANN,64.15,46.271183
2022-04-05 17:00:00,no2,PIIANN,130.60002,128.2749
2021-11-09 23:00:00,no2,PIIANN,29.4,28.416811
2021-02-06 21:00:00,no2,PIIANN,38.17,54.357956
2025-07-06 18:00:00,no2,PIIANN,21.019999,32.780334
2023-08-06 15:00:00,no2,PIIANN,19.775,19.70192
2023-08-11 18:00:00,no2,PIIANN,20.425,50.281475
2025-01-08 21:00:00,no2,PIIANN,17.73,20.04329
2023-07-05 03:00:00,no2,PIIANN,12.025002,12.192299
2022-01-11 22:00:00,no2,PIIANN,161.88,155.06581
2024-10-09 06:00:00,no2,PIIANN,7.2000003,10.61087
2025-07-03 11:00:00,no2,PIIANN,26.38,25.99961
2023-05-02 11:00:00,no2,PIIANN,56.25,61.231045
2021-03-09 04:00:00,no2,PIIANN,23.35,27.088264
2025-11-07 16:00:00,no2,PIIANN,24.720001,25.559208
2025-10-07 07:00:00,no2,PIIANN,26.4,18.951962
2025-10-09 13:00:00,no2,PIIANN,8.450001,10.107193
2023-07-07 04:00:00,no2,PIIANN,19.325,23.961561
2025-08-02 05:00:00,no2,PIIANN,48.98,50.210995
2021-11-13 02:00:00,no2,PIIANN,174.76697,173.11841
2021-10-10 01:00:00,no2,PIIANN,67.27,58.52134
2025-06-12 17:00:00,no2,PIIANN,95.47,95.96475
2023-04-12 05:00:00,no2,PIIANN,9.225002,12.044144
2021-12-01 22:00:00,no2,PIIANN,50.53,66.08574
2025-08-02 13:00:00,no2,PIIANN,30.05,23.945194
2025-05-11 11:00:00,no2,PIIANN,65.6,66.96094
2022-09-06 06:00:00,no2,PIIANN,52.8,45.36475
2025-10-04 15:00:00,no2,PIIANN,61.25,57.03525
2023-11-10 02:00:00,no2,PIIANN,11.299999,16.094273
2025-02-07 04:00:00,no2,PIIANN,18.58,20.638166
2023-06-03 03:00:00,no2,PIIANN,39.2,48.042736
2022-11-12 06:00:00,no2,PIIANN,59.65,58.155243
2022-05-10 16:00:00,no2,PIIANN,45.92,28.88209
2022-02-10 07:00:00,no2,PIIANN,60.15,57.41013
2022-08-10 06:00:00,no2,PIIANN,16.180002,13.586414
2023-10-05 11:00:00,no2,PIIANN,5.650001,21.993998
2022-09-06 04:00:00,no2,PIIANN,34.65,39.798885
2021-03-06 22:00:00,no2,PIIANN,61.15,45.532295
2024-08-04 20:00:00,no2,PIIANN,114.62,88.18066
2022-03-09 04:00:00,no2,PIIANN,29.55,29.842684
2021-02-01 17:00:00,no2,PIIANN,107.1,105.69075
2025-09-02 09:00:00,no2,PIIANN,51.6,52.46839
2025-11-04 00:00:00,no2,PIIANN,82.8,87.17919
2024-02-03 09:00:00,no2,PIIANN,49.82,56.55169
2021-09-04 21:00:00,no2,PIIANN,82.8,92.79567
2024-06-08 11:00:00,no2,PIIANN,10.299999,10.294495
2025-12-07 07:00:00,no2,PIIANN,20.9,27.484312
2021-06-05 22:00:00,no2,PIIANN,28.12,36.38874
2021-05-12 18:00:00,no2,PIIANN,132.45,131.63397
2023-01-07 06:00:00,no2,PIIANN,18.275,19.319332
2025-02-02 01:00:00,no2,PIIANN,44.88,29.105017
2024-03-05 00:00:00,no2,PIIANN,149.7,74.92323
2022-04-11 17:00:00,no2,PIIANN,123.82,112.988525
2022-07-12 16:00:00,no2,PIIANN,60.23,41.796463
2023-10-08 15:00:00,no2,PIIANN,0.60000193,-1.195969
2023-11-10 18:00:00,no2,PIIANN,20.6,27.597519
2024-06-08 18:00:00,no2,PIIANN,7.7999988,19.940168
2021-09-03 04:00:00,no2,PIIANN,19.25,29.71379
2024-11-11 04:00:00,no2,PIIANN,30.45,24.22464
2022-03-04 12:00:00,no2,PIIANN,33.42,29.505995
2022-10-04 00:00:00,no2,PIIANN,73.9,85.81707
2023-02-11 13:00:00,no2,PIIANN,6.974998,14.67614
2023-12-12 13:00:00,no2,PIIANN,8.325001,10.74305
2021-07-03 17:00:00,no2,PIIANN,20.5,35.27275
2023-12-12 08:00:00,no2,PIIANN,12.0,18.425014
2025-01-10 09:00:00,no2,PIIANN,34.95,28.359274
2022-01-08 07:00:00,no2,PIIANN,24.55,32.877888
2024-09-07 01:00:00,no2,PIIANN,65.1756,60.33622
2025-02-10 20:00:00,no2,PIIANN,44.5,47.195312
2024-11-06 19:00:00,no2,PIIANN,62.22,52.95696
2024-09-05 13:00:00,no2,PIIANN,52.8,42.213142
2023-06-08 22:00:00,no2,PIIANN,5.899997,12.605293
2023-02-07 04:00:00,no2,PIIANN,15.6,18.231968
2022-07-09 04:00:00,no2,PIIANN,33.8,38.694843
2025-07-04 23:00:00,no2,PIIANN,141.28,127.70651
2022-05-08 08:00:00,no2,PIIANN,30.0,27.411533
2024-05-07 23:00:00,no2,PIIANN,25.02,23.877861
2023-11-07 15:00:00,no2,PIIANN,15.4,18.484272
2025-12-11 16:00:00,no2,PIIANN,96.02,78.937164
2023-01-11 02:00:00,no2,PIIANN,17.3,22.53818
2025-01-12 06:00:00,no2,PIIANN,98.45,104.58851
2025-09-09 00:00:00,no2,PIIANN,15.280001,23.44928
2023-09-04 22:00:00,no2,PIIANN,33.175,50.65979
2024-05-07 00:00:00,no2,PIIANN,32.3,12.758766
2024-04-05 17:00:00,no2,PIIANN,63.68,57.277763
2022-08-09 05:00:00,no2,PIIANN,34.65,28.439428
2022-04-05 08:00:00,no2,PIIANN,42.5,52.19177
2023-02-02 06:00:00,no2,PIIANN,37.45,36.618576
2025-10-03 06:00:00,no2,PIIANN,52.08,51.774117
2021-07-12 04:00:00,no2,PIIANN,161.85,158.49066
2021-02-12 11:00:00,no2,PIIANN,104.52,120.41596
2024-01-10 11:00:00,no2,PIIANN,6.349998,3.8304935
2024-01-12 17:00:00,no2,PIIANN,88.0,65.175575
2025-07-04 09:00:00,no2,PIIANN,96.62,197.54541
2024-02-02 05:00:00,no2,PIIANN,34.58,33.389652
2024-04-10 14:00:00,no2,PIIANN,5.7799983,7.1024623
2024-03-09 18:00:00,no2,PIIANN,8.350002,18.223398
2024-04-02 23:00:00,no2,PIIANN,36.48,36.225174
2022-08-07 17:00:00,no2,PIIANN,27.0,24.236372
2022-11-01 10:00:00,no2,PIIANN,58.52,65.82805
2023-02-01 17:00:00,no2,PIIANN,51.7,40.74078
2024-11-06 06:00:00,no2,PIIANN,66.38,54.88703
2022-04-03 18:00:00,no2,PIIANN,53.53,46.532883
2022-04-11 19:00:00,no2,PIIANN,89.27999,104.61661
2023-01-05 19:00:00,no2,PIIANN,5.9249988,12.394062
2025-01-12 00:00:00,no2,PIIANN,125.8,84.11777
2025-02-09 22:00:00,no2,PIIANN,13.720001,14.576538
2024-08-09 16:00:00,no2,PIIANN,6.2999988,12.9040985
2022-09-11 06:00:00,no2,PIIANN,53.3,64.51498
2023-05-09 13:00:00,no2,PIIANN,17.075,13.860371
2022-08-06 08:00:00,no2,PIIANN,26.480001,34.301296
2022-05-06 11:00:00,no2,PIIANN,15.98,15.985863
2022-06-10 19:00:00,no2,PIIANN,44.5,38.9995
2022-07-04 11:00:00,no2,PIIANN,46.98,45.363415
2022-01-06 18:00:00,no2,PIIANN,110.4,83.49694
2025-12-08 17:00:00,no2,PIIANN,22.73,22.282324
2024-11-08 21:00:00,no2,PIIANN,8.119999,17.268528
2024-06-07 16:00:00,no2,PIIANN,10.549999,16.22254
2025-02-03 03:00:00,no2,PIIANN,22.35,18.3468
2021-08-10 04:00:00,no2,PIIANN,35.05,59.901558
2023-07-02 00:00:00,no2,PIIANN,102.275,56.27378
2022-04-02 14:00:00,no2,PIIANN,28.08,29.304716
2024-04-11 16:00:00,no2,PIIANN,29.22,31.046656
2025-02-09 09:00:00,no2,PIIANN,11.950001,14.617168
2024-04-10 02:00:00,no2,PIIANN,19.9,24.038149
2023-07-03 22:00:00,no2,PIIANN,79.15,82.13972
2023-05-01 22:00:00,no2,PIIANN,65.325,64.49811
2021-04-03 08:00:00,no2,PIIANN,83.625,114.786736
2023-03-08 16:00:00,no2,PIIANN,14.0,19.234964
2022-03-10 22:00:00,no2,PIIANN,56.18,57.461815
2023-12-06 08:00:00,no2,PIIANN,25.925,29.890022
2024-12-08 22:00:00,no2,PIIANN,12.529999,19.624292
2025-01-02 18:00:00,no2,PIIANN,70.78,65.011894
2023-02-09 08:00:00,no2,PIIANN,1.7999989,8.992374
2022-02-06 03:00:00,no2,PIIANN,58.88,67.15926
2021-07-04 17:00:00,no2,PIIANN,28.3,31.5794
2023-09-10 12:00:00,no2,PIIANN,11.483334,15.619173
2024-01-04 03:00:00,no2,PIIANN,51.42,45.87755
2025-09-08 12:00:00,no2,PIIANN,13.82,19.444515
2025-07-05 00:00:00,no2,PIIANN,21.22,116.31956
2025-09-07 00:00:00,no2,PIIANN,13.619999,44.631912
2021-08-07 10:00:00,no2,PIIANN,15.9,11.6157
2021-09-11 19:00:00,no2,PIIANN,148.1,156.85156
2024-04-03 14:00:00,no2,PIIANN,17.62,21.734665
2022-08-12 17:00:00,no2,PIIANN,91.05,62.83952
2023-09-01 21:00:00,no2,PIIANN,98.75,90.639786
2023-01-10 02:00:00,no2,PIIANN,63.3,32.33562
2025-05-11 09:00:00,no2,PIIANN,64.2,70.56488
2023-07-06 22:00:00,no2,PIIANN,78.675,61.7051
2024-01-10 00:00:00,no2,PIIANN,10.830002,13.201828
2024-09-05 14:00:00,no2,PIIANN,52.0,44.98757
2021-09-04 19:00:00,no2,PIIANN,98.78,78.1837
2022-12-10 20:00:00,no2,PIIANN,59.72,84.18529
2023-02-06 18:00:00,no2,PIIANN,37.45,31.427519
2023-05-06 01:00:00,no2,PIIANN,46.625,25.209707
2023-02-12 05:00:00,no2,PIIANN,7.7999988,10.456715
2025-12-12 22:00:00,no2,PIIANN,145.6,126.922874
2022-05-02 22:00:00,no2,PIIANN,65.02,80.67695
2021-02-07 08:00:00,no2,PIIANN,11.18,16.79093
2024-01-08 19:00:00,no2,PIIANN,28.02,18.839283
2021-10-09 08:00:00,no2,PIIANN,24.08,22.982334
2021-12-07 01:00:00,no2,PIIANN,23.400002,30.392496
2025-07-11 19:00:00,no2,PIIANN,130.60002,108.49622
2023-11-11 06:00:00,no2,PIIANN,5.275001,6.4370646
2023-11-05 02:00:00,no2,PIIANN,22.1,24.291325
2025-08-03 07:00:00,no2,PIIANN,35.2,36.192245
2024-08-11 11:00:00,no2,PIIANN,24.62,30.454052
2021-02-07 11:00:00,no2,PIIANN,8.23,9.815414
2025-03-09 21:00:00,no2,PIIANN,15.98,19.665232
2021-04-09 08:00:00,no2,PIIANN,29.9,29.40603
2021-02-03 09:00:00,no2,PIIANN,49.6,59.08461
2025-02-13 01:00:00,no2,PIIANN,128.16052,116.07622
2022-09-10 20:00:00,no2,PIIANN,16.95,19.461954
2022-08-04 01:00:00,no2,PIIANN,94.68,94.39143
2022-01-12 12:00:00,no2,PIIANN,65.15,73.364456
2022-10-09 14:00:00,no2,PIIANN,29.38,24.069164
2025-08-06 12:00:00,no2,PIIANN,14.82,14.6271305
2022-05-05 11:00:00,no2,PIIANN,223.2,102.997086
2022-02-02 04:00:00,no2,PIIANN,35.07,42.05582
2023-06-12 01:00:00,no2,PIIANN,11.850002,13.173851
2025-11-06 05:00:00,no2,PIIANN,50.0,54.18538
2024-08-11 21:00:00,no2,PIIANN,59.3,71.54615
2023-02-01 09:00:00,no2,PIIANN,36.85,39.020042
2025-03-09 12:00:00,no2,PIIANN,16.270002,21.61657
2022-06-10 14:00:00,no2,PIIANN,20.95,19.48861
2021-08-08 23:00:00,no2,PIIANN,23.72,25.620598
2021-07-08 13:00:00,no2,PIIANN,20.7,21.333344
2025-04-06 06:00:00,no2,PIIANN,15.68,22.756115
2025-04-12 06:00:00,no2,PIIANN,108.28,109.6378
2022-03-02 15:00:00,no2,PIIANN,58.82,42.18766
2024-09-03 23:00:00,no2,PIIANN,51.75,48.36309
2022-10-10 18:00:00,no2,PIIANN,26.349998,25.315151
2021-04-01 14:00:00,no2,PIIANN,53.52,38.28276
2024-04-04 17:00:00,no2,PIIANN,25.22,29.851526
2021-10-04 22:00:00,no2,PIIANN,86.55,93.30601
2021-10-06 05:00:00,no2,PIIANN,19.38,19.28127
2025-11-12 23:00:00,no2,PIIANN,87.9,91.61508
2025-05-05 21:00:00,no2,PIIANN,41.32,39.148945
2023-10-06 18:00:00,no2,PIIANN,52.675,36.124054
2021-06-05 20:00:00,no2,PIIANN,22.78,37.799927
2021-11-12 22:00:00,no2,PIIANN,172.92,154.96123
2023-10-05 19:00:00,no2,PIIANN,27.049997,43.17425
2021-03-02 02:00:00,no2,PIIANN,93.8,99.410866
2024-10-07 01:00:00,no2,PIIANN,75.802,62.624767
2024-01-04 06:00:00,no2,PIIANN,49.62,36.547737
2022-11-04 10:00:00,no2,PIIANN,72.42,72.68626
2022-03-11 04:00:00,no2,PIIANN,70.2,78.27304
2024-04-07 07:00:00,no2,PIIANN,16.1,18.055922
2021-10-08 09:00:00,no2,PIIANN,46.42,32.862843
2022-10-09 15:00:00,no2,PIIANN,15.5,27.368963
2025-03-04 14:00:00,no2,PIIANN,38.85,41.38803
2023-10-10 15:00:00,no2,PIIANN,3.724998,7.602672
2024-12-08 02:00:00,no2,PIIANN,5.4500003,18.729366
2024-03-07 13:00:00,no2,PIIANN,27.55,18.113493
2023-01-05 12:00:00,no2,PIIANN,5.5750003,12.677498
2022-06-06 02:00:00,no2,PIIANN,39.8,47.57378
2022-04-07 02:00:00,no2,PIIANN,62.9,47.77333
2023-11-03 13:00:00,no2,PIIANN,12.600002,19.287514
2025-08-10 16:00:00,no2,PIIANN,33.95,29.845224
2024-09-10 21:00:00,no2,PIIANN,14.080002,32.589115
2025-02-06 18:00:00,no2,PIIANN,27.5,32.37373
2022-05-02 23:00:00,no2,PIIANN,63.88,80.96325
2023-09-06 16:00:00,no2,PIIANN,19.95,23.078691
2025-08-07 22:00:00,no2,PIIANN,20.55,27.168032
2024-10-09 22:00:00,no2,PIIANN,10.580002,17.641665
2022-02-01 14:00:00,no2,PIIANN,52.15,58.802593
2024-07-09 23:00:00,no2,PIIANN,13.299999,13.091522
2022-04-07 09:00:00,no2,PIIANN,26.4,38.554028
2021-04-08 15:00:00,no2,PIIANN,25.3,21.373035
2021-04-08 16:00:00,no2,PIIANN,27.049997,24.135086
2024-08-05 23:00:00,no2,PIIANN,50.18,66.26077
2022-01-10 14:00:00,no2,PIIANN,22.23,15.74725
2024-08-08 13:00:00,no2,PIIANN,12.25,17.02481
2025-11-12 16:00:00,no2,PIIANN,67.2,65.0201
2022-10-06 06:00:00,no2,PIIANN,59.68,70.65774
2024-06-11 07:00:00,no2,PIIANN,44.68,54.596535
2022-06-03 16:00:00,no2,PIIANN,35.42,39.470146
2021-07-09 23:00:00,no2,PIIANN,29.08,25.110584
2024-07-03 13:00:00,no2,PIIANN,15.780001,16.484066
2025-10-04 05:00:00,no2,PIIANN,105.98,95.89843
2025-05-07 06:00:00,no2,PIIANN,15.92,18.229658
2025-08-06 03:00:00,no2,PIIANN,23.78,32.088074
2021-10-11 23:00:00,no2,PIIANN,116.32,114.03345
2024-07-05 12:00:00,no2,PIIANN,79.22,65.64888
2022-11-02 04:00:00,no2,PIIANN,36.4,40.164886
2025-11-12 15:00:00,no2,PIIANN,47.03,52.475155
2023-03-08 11:00:00,no2,PIIANN,14.174999,19.36349
2023-05-03 08:00:00,so2,PIIANN,16.65,16.501728
2024-10-01 21:00:00,so2,PIIANN,3.8500004,5.7024364
2022-10-03 09:00:00,so2,PIIANN,21.52,24.227034
2021-03-09 18:00:00,so2,PIIANN,10.1,10.95293
2021-02-08 08:00:00,so2,PIIANN,5.7800007,7.9017997
2024-02-02 19:00:00,so2,PIIANN,9.38,13.5736475
2021-08-04 10:00:00,so2,PIIANN,21.9,22.584871
2023-12-02 15:00:00,so2,PIIANN,11.433333,9.758906
2025-11-09 07:00:00,so2,PIIANN,7.3200006,6.5290527
2023-08-04 14:00:00,so2,PIIANN,14.75,14.844841
2023-06-01 14:00:00,so2,PIIANN,17.633333,13.626506
2022-05-02 12:00:00,so2,PIIANN,13.22,11.7428875
2022-09-12 05:00:00,so2,PIIANN,18.2,19.089281
2021-04-03 14:00:00,so2,PIIANN,11.9,19.14434
2024-10-05 03:00:00,so2,PIIANN,12.18,32.50631
2022-05-01 13:00:00,so2,PIIANN,9.23,11.007009
2022-03-06 19:00:00,so2,PIIANN,27.63,25.171745
2023-12-07 20:00:00,so2,PIIANN,7.675,8.379885
2021-10-12 04:00:00,so2,PIIANN,1.1499996,1.6487627
2022-09-08 08:00:00,so2,PIIANN,9.1,10.682917
2025-12-10 20:00:00,so2,PIIANN,31.43,19.208382
2025-03-05 09:00:00,so2,PIIANN,18.03,16.046188
2021-09-05 04:00:00,so2,PIIANN,12.25,12.499022
2024-10-12 11:00:00,so2,PIIANN,15.68,14.037138
2022-11-10 09:00:00,so2,PIIANN,6.5200005,8.059835
2021-02-10 00:00:00,so2,PIIANN,10.32,9.778244
2021-04-09 21:00:00,so2,PIIANN,7.92,10.052841
2022-08-09 18:00:00,so2,PIIANN,11.1,13.059971
2023-01-10 14:00:00,so2,PIIANN,16.75,13.274263
2024-11-10 22:00:00,so2,PIIANN,10.82,15.860111
2021-11-05 00:00:00,so2,PIIANN,11.85,38.9974
2021-05-11 19:00:00,so2,PIIANN,18.2,20.991568
2022-10-10 10:00:00,so2,PIIANN,8.12,7.4204698
2022-04-12 06:00:00,so2,PIIANN,12.77,14.27508
2023-12-07 21:00:00,so2,PIIANN,7.5333333,9.161783
2024-02-09 16:00:00,so2,PIIANN,10.6,9.944277
2021-05-04 23:00:00,so2,PIIANN,52.25,48.3899
2023-08-07 00:00:00,so2,PIIANN,5.9750004,11.555033
2021-03-09 19:00:00,so2,PIIANN,9.38,11.484517
2022-07-05 14:00:00,so2,PIIANN,22.244,20.326727
2025-05-12 01:00:00,so2,PIIANN,30.519999,31.98397
2022-07-05 03:00:00,so2,PIIANN,12.5,14.680111
2023-04-04 06:00:00,so2,PIIANN,9.925,9.385754
2021-08-11 00:00:00,so2,PIIANN,9.0,10.671297
2022-09-08 15:00:00,so2,PIIANN,11.3,10.25313
2024-12-09 08:00:00,so2,PIIANN,9.37,7.061677
2022-04-06 22:00:00,so2,PIIANN,17.1,24.953506
2023-06-12 12:00:00,so2,PIIANN,16.9,16.72847
2024-12-08 12:00:00,so2,PIIANN,8.679999,9.51207
2021-01-04 02:00:00,so2,PIIANN,18.5,22.210371
2025-05-05 12:00:00,so2,PIIANN,9.15,13.325655
2024-03-05 12:00:00,so2,PIIANN,5.75,13.946613
2022-12-06 02:00:00,so2,PIIANN,29.3,30.990656
2025-07-04 07:00:00,so2,PIIANN,37.5,33.006256
2024-02-04 21:00:00,so2,PIIANN,43.48,35.776012
2022-11-04 00:00:00,so2,PIIANN,45.5,22.648947
2025-09-02 07:00:00,so2,PIIANN,0.8299989,6.4755726
2021-09-11 12:00:00,so2,PIIANN,19.9,19.505234
2021-05-10 01:00:00,so2,PIIANN,12.18,14.19611
2021-01-12 19:00:00,so2,PIIANN,0.5200004,0.0081634205
2022-06-12 21:00:00,so2,PIIANN,31.5363,31.65143
2023-05-08 02:00:00,so2,PIIANN,8.955556,7.0334406
2025-11-11 20:00:00,so2,PIIANN,64.93,44.270157
2025-02-04 07:00:00,so2,PIIANN,116.18,50.345623
2025-07-05 07:00:00,so2,PIIANN,14.12,15.410266
2022-08-06 15:00:00,so2,PIIANN,10.58,10.818029
2022-02-07 08:00:00,so2,PIIANN,7.87,9.67164
2022-02-03 07:00:00,so2,PIIANN,10.73,9.825134
2025-02-06 07:00:00,so2,PIIANN,20.35,16.961699
2022-10-08 07:00:00,so2,PIIANN,7.8,7.8638296
2021-04-01 09:00:00,so2,PIIANN,8.55,8.601146
2023-08-05 04:00:00,so2,PIIANN,12.8,12.8404
2025-10-11 21:00:00,so2,PIIANN,59.62,45.322903
2022-12-12 02:00:00,so2,PIIANN,10.2,15.29291
2021-04-08 20:00:00,so2,PIIANN,7.88,7.074877
2023-07-09 18:00:00,so2,PIIANN,9.033334,10.5666
2021-06-05 15:00:00,so2,PIIANN,16.47,15.967813
2023-04-10 19:00:00,so2,PIIANN,9.025,13.562388
2025-09-07 16:00:00,so2,PIIANN,3.12,5.8242674
2022-11-08 05:00:00,so2,PIIANN,8.499999,9.777352
2023-04-05 08:00:00,so2,PIIANN,10.575,9.55778
2023-09-10 10:00:00,so2,PIIANN,12.525,13.182764
2024-07-03 23:00:00,so2,PIIANN,6.5,8.939482
2023-02-09 01:00:00,so2,PIIANN,6.125,8.546979
2025-04-02 18:00:00,so2,PIIANN,12.85,13.267051
2021-09-12 15:00:00,so2,PIIANN,1.8800001,3.164277
2024-11-09 19:00:00,so2,PIIANN,26.98,10.880766
2023-07-11 02:00:00,so2,PIIANN,16.1,20.246653
2025-08-07 05:00:00,so2,PIIANN,6.5200005,9.027495
2025-01-02 19:00:00,so2,PIIANN,14.48,13.032895
2024-10-03 08:00:00,so2,PIIANN,9.18,11.313005
2022-09-07 17:00:00,so2,PIIANN,9.32,8.471595
2024-08-10 23:00:00,so2,PIIANN,13.32,15.034973
2024-10-03 21:00:00,so2,PIIANN,6.42,10.569879
2025-06-11 04:00:00,so2,PIIANN,8.15,12.772328
2025-05-03 02:00:00,so2,PIIANN,5.1900005,4.6980505
2022-09-04 07:00:00,so2,PIIANN,106.63,55.843204
2024-11-03 02:00:00,so2,PIIANN,11.9,12.214105
2023-11-11 09:00:00,so2,PIIANN,15.033334,12.22102
2021-03-03 13:00:00,so2,PIIANN,9.12,9.490907
2022-06-04 01:00:00,so2,PIIANN,32.2,31.696598
2022-03-11 17:00:00,so2,PIIANN,17.8,20.257631
2021-11-04 09:00:00,so2,PIIANN,64.53,58.694736
2023-01-07 07:00:00,so2,PIIANN,9.475,7.002701
2024-02-03 03:00:00,so2,PIIANN,1.5199995,8.808609
2024-07-08 07:00:00,so2,PIIANN,4.9000006,5.3166304
2021-11-06 15:00:00,so2,PIIANN,11.0,12.439718
2021-12-04 17:00:00,so2,PIIANN,9.68,13.271003
2022-01-12 04:00:00,so2,PIIANN,12.98,14.362623
2022-06-04 17:00:00,so2,PIIANN,18.45,17.69292
2022-11-05 18:00:00,so2,PIIANN,22.5,18.831121
2021-04-09 20:00:00,so2,PIIANN,7.6799994,9.80907
2022-07-11 12:00:00,so2,PIIANN,16.88,14.23608
2022-05-03 12:00:00,so2,PIIANN,15.7,16.819944
2024-05-06 08:00:00,so2,PIIANN,39.08,40.914257
2025-06-03 13:00:00,so2,PIIANN,11.05,12.116023
2022-03-06 02:00:00,so2,PIIANN,21.2,23.931416
2024-06-02 21:00:00,so2,PIIANN,15.42,14.499308
2022-11-01 21:00:00,so2,PIIANN,8.22,9.622643
2023-11-06 03:00:00,so2,PIIANN,9.5,9.286943
2021-05-07 06:00:00,so2,PIIANN,7.8199997,8.49798
2023-03-11 19:00:00,so2,PIIANN,18.225,15.048147
2024-03-01 19:00:00,so2,PIIANN,12.82,11.851173
2025-03-09 14:00:00,so2,PIIANN,6.4300003,8.500025
2023-09-05 10:00:00,so2,PIIANN,29.4,14.8894415
2022-02-11 20:00:00,so2,PIIANN,15.33,20.260168
2022-11-06 10:00:00,so2,PIIANN,20.68,22.149036
2022-04-07 18:00:00,so2,PIIANN,9.75,10.332186
2022-10-12 23:00:00,so2,PIIANN,12.65,12.964327
2022-05-04 11:00:00,so2,PIIANN,35.15,33.646862
2024-06-07 17:00:00,so2,PIIANN,19.27,14.924927
2021-04-02 16:00:00,so2,PIIANN,18.85,20.807377
2024-02-08 02:00:00,so2,PIIANN,11.9,12.777677
2022-10-07 07:00:00,so2,PIIANN,8.95,8.079611
2023-02-12 08:00:00,so2,PIIANN,12.125,11.226269
2024-08-06 10:00:00,so2,PIIANN,33.05,28.84859
2021-02-06 09:00:00,so2,PIIANN,16.95,14.220474
2021-03-02 04:00:00,so2,PIIANN,9.8,12.15819
2023-06-08 14:00:00,so2,PIIANN,7.975,5.99024
2022-01-04 22:00:00,so2,PIIANN,43.6,40.914967
2023-06-05 04:00:00,so2,PIIANN,13.8,13.957766
2023-07-07 10:00:00,so2,PIIANN,8.85,8.715943
2023-02-02 11:00:00,so2,PIIANN,9.475,10.211384
2023-02-04 22:00:00,so2,PIIANN,13.133333,13.247122
2021-02-12 16:00:00,so2,PIIANN,3.0299997,5.522434
2022-12-04 06:00:00,so2,PIIANN,43.499996,45.325554
2022-12-05 02:00:00,so2,PIIANN,15.7,13.355825
2022-11-11 06:00:00,so2,PIIANN,10.38,13.45517
2022-05-11 02:00:00,so2,PIIANN,8.8,9.636398
2021-10-08 07:00:00,so2,PIIANN,8.82,7.1524887
2023-01-07 17:00:00,so2,PIIANN,6.75,7.4729037
2023-03-08 10:00:00,so2,PIIANN,8.599999,8.657807
2022-05-12 13:00:00,so2,PIIANN,33.33,28.984657
2022-01-12 06:00:00,so2,PIIANN,16.58,16.011524
2021-07-07 00:00:00,so2,PIIANN,7.57,12.697175
2022-09-09 12:00:00,so2,PIIANN,10.27,11.4459305
2021-01-07 11:00:00,so2,PIIANN,10.32,11.388201
2021-01-07 03:00:00,so2,PIIANN,10.32,11.546171
2023-09-11 19:00:00,so2,PIIANN,15.475,14.688349
2021-03-07 16:00:00,so2,PIIANN,5.42,6.1270494
2025-03-05 10:00:00,so2,PIIANN,20.9,16.68652
2024-03-11 13:00:00,so2,PIIANN,25.75,29.110483
2022-01-02 22:00:00,so2,PIIANN,11.92,10.817145
2022-09-05 13:00:00,so2,PIIANN,14.6,16.68087
2022-02-10 12:00:00,so2,PIIANN,12.68,11.135509
2025-04-07 09:00:00,so2,PIIANN,11.78,12.123718
2021-12-02 16:00:00,so2,PIIANN,7.2800007,9.180071
2025-03-05 17:00:00,so2,PIIANN,8.37,18.558403
2025-05-08 21:00:00,so2,PIIANN,4.6500006,6.129484
2024-12-07 00:00:00,so2,PIIANN,36.38353,33.107613
2021-03-09 01:00:00,so2,PIIANN,7.85,9.559291
2024-10-03 23:00:00,so2,PIIANN,8.319999,10.173758
2021-02-11 07:00:00,so2,PIIANN,13.1,8.286192
2022-09-07 19:00:00,so2,PIIANN,9.25,8.517893
2021-11-05 06:00:00,so2,PIIANN,10.58,11.836404
2024-04-02 13:00:00,so2,PIIANN,15.05,14.395246
2025-12-09 15:00:00,so2,PIIANN,7.0700006,7.096138
2021-06-07 17:00:00,so2,PIIANN,7.4500003,6.1033373
2023-02-04 04:00:00,so2,PIIANN,10.3,8.7029085
2025-06-10 05:00:00,so2,PIIANN,9.75,11.525773
2023-06-01 18:00:00,so2,PIIANN,14.425,19.169447
2022-02-04 20:00:00,so2,PIIANN,33.95,30.887426
2025-02-09 12:00:00,so2,PIIANN,5.42,6.8156986
2021-03-09 15:00:00,so2,PIIANN,8.52,10.096962
2025-09-02 19:00:00,so2,PIIANN,18.15,24.175276
2023-09-04 16:00:00,so2,PIIANN,13.733334,14.923051
2024-11-04 03:00:00,so2,PIIANN,36.7,49.201633
2023-06-07 03:00:00,so2,PIIANN,5.925,5.760929
2023-03-10 20:00:00,so2,PIIANN,13.0,16.60839
2022-02-06 06:00:00,so2,PIIANN,19.42,21.72422
2025-07-11 05:00:00,so2,PIIANN,23.0,24.789448
2021-11-10 01:00:00,so2,PIIANN,6.8200006,14.236233
2025-09-05 22:00:00,so2,PIIANN,19.9,23.03308
2025-07-11 08:00:00,so2,PIIANN,21.25,27.43097
2024-05-04 09:00:00,so2,PIIANN,25.42,25.747234
2023-04-06 20:00:00,so2,PIIANN,14.35,18.069956
2024-12-09 04:00:00,so2,PIIANN,12.72,9.535331
2021-01-02 14:00:00,so2,PIIANN,20.92,20.423832
2025-02-01 23:00:00,so2,PIIANN,28.83,22.201164
2024-07-02 11:00:00,so2,PIIANN,11.68,14.149692
2022-05-04 19:00:00,so2,PIIANN,33.57,23.00363
2021-08-11 06:00:00,so2,PIIANN,19.62,14.841026
2025-01-09 22:00:00,so2,PIIANN,6.9000006,8.400957
2023-09-09 15:00:00,so2,PIIANN,7.7499995,8.118836
2023-02-10 05:00:00,so2,PIIANN,10.225,10.740831
2024-01-03 21:00:00,so2,PIIANN,14.82,13.823584
2024-10-01 17:00:00,so2,PIIANN,0.19999978,5.380451
2021-05-09 14:00:00,so2,PIIANN,12.18,10.386318
2024-01-11 21:00:00,so2,PIIANN,161.55,80.20252
2025-09-12 10:00:00,so2,PIIANN,27.07,24.833624
2025-06-04 08:00:00,so2,PIIANN,78.63,88.42982
2021-06-10 17:00:00,so2,PIIANN,11.05,11.058586
2024-11-10 08:00:00,so2,PIIANN,20.8,18.219234
2022-08-07 08:00:00,so2,PIIANN,8.23,11.641848
2024-06-05 02:00:00,so2,PIIANN,28.1,29.23
2021-07-05 15:00:00,so2,PIIANN,16.77,16.429556
2024-06-09 15:00:00,so2,PIIANN,9.68,8.313891
2024-05-09 17:00:00,so2,PIIANN,11.6,11.797421
2021-07-04 03:00:00,so2,PIIANN,17.62,20.914827
2022-01-04 14:00:00,so2,PIIANN,16.18,14.676972
2023-12-09 12:00:00,so2,PIIANN,8.499999,11.399143
2023-11-10 17:00:00,so2,PIIANN,10.875,12.886608
2024-02-05 18:00:00,so2,PIIANN,24.68,25.037235
2025-06-04 07:00:00,so2,PIIANN,104.6,100.76139
2021-10-07 11:00:00,so2,PIIANN,7.7499995,8.96667
2023-01-05 17:00:00,so2,PIIANN,11.675,9.681127
2025-12-10 03:00:00,so2,PIIANN,7.65,10.951195
2024-11-01 20:00:00,so2,PIIANN,7.92,11.552375
2022-07-10 19:00:00,so2,PIIANN,10.28,8.904327
2021-06-09 11:00:00,so2,PIIANN,10.3,13.7234
2022-12-07 16:00:00,so2,PIIANN,6.8,8.709332
2025-01-09 11:00:00,so2,PIIANN,9.9,11.151542
2022-09-05 16:00:00,so2,PIIANN,17.57,15.909958
2022-04-09 10:00:00,so2,PIIANN,9.9,9.560848
2021-05-06 12:00:00,so2,PIIANN,12.35,13.239259
2025-12-04 19:00:00,so2,PIIANN,23.9,20.977074
2022-06-01 13:00:00,so2,PIIANN,11.87,11.601573
2023-04-11 22:00:00,so2,PIIANN,15.55,14.352995
2025-07-12 06:00:00,so2,PIIANN,27.72,17.882708
2022-04-04 02:00:00,so2,PIIANN,61.38,41.075634
2022-03-06 11:00:00,so2,PIIANN,26.83,30.481186
2021-12-07 12:00:00,so2,PIIANN,6.5200005,7.668002
2021-07-09 15:00:00,so2,PIIANN,7.8199997,8.947698
2023-10-13 02:00:00,so2,PIIANN,10.638129,12.298732
2022-04-10 10:00:00,so2,PIIANN,11.9,12.318497
2023-11-06 13:00:00,so2,PIIANN,13.575,11.546577
2023-08-10 22:00:00,so2,PIIANN,10.525,11.807804
2024-07-11 00:00:00,so2,PIIANN,12.9,13.4137745
2023-10-10 23:00:00,so2,PIIANN,8.725,11.313924
2023-11-05 04:00:00,so2,PIIANN,44.966667,45.3554
2023-07-12 19:00:00,so2,PIIANN,12.466666,17.379154
2021-10-08 08:00:00,so2,PIIANN,7.7199993,7.639915
2025-12-01 22:00:00,so2,PIIANN,12.78,11.191867
2021-09-02 03:00:00,so2,PIIANN,12.18,7.04694
2022-01-11 08:00:00,so2,PIIANN,17.33,13.295437
2023-01-09 01:00:00,so2,PIIANN,7.3500004,7.2682676
2022-03-08 12:00:00,so2,PIIANN,7.2300005,8.679818
2024-11-02 00:00:00,so2,PIIANN,16.88,8.036502
2022-03-02 07:00:00,so2,PIIANN,10.9,10.502607
2021-08-06 00:00:00,so2,PIIANN,15.05,17.46569
2024-11-05 06:00:00,so2,PIIANN,23.12,22.803425
2025-12-12 00:00:00,so2,PIIANN,31.856667,35.442474
2021-12-02 01:00:00,so2,PIIANN,7.7199993,8.667916
2022-07-04 19:00:00,so2,PIIANN,32.47,32.69053
2024-06-04 06:00:00,so2,PIIANN,56.82,30.63224
2024-02-12 19:00:00,so2,PIIANN,21.18,23.795786
2023-02-08 14:00:00,so2,PIIANN,7.25,7.1337166
2024-02-05 00:00:00,so2,PIIANN,30.75,30.328217
2025-10-03 00:00:00,so2,PIIANN,22.5,11.835611
2022-01-07 11:00:00,so2,PIIANN,10.02,10.628975
2024-05-05 23:00:00,so2,PIIANN,34.83,34.564926
2023-10-11 20:00:00,so2,PIIANN,9.825,11.299504
2022-12-03 10:00:00,so2,PIIANN,28.67,26.945257
2023-02-07 08:00:00,so2,PIIANN,9.05,9.261359
2023-09-03 08:00:00,so2,PIIANN,14.4,11.44686
2022-06-11 20:00:00,so2,PIIANN,16.7,17.160677
2025-06-05 07:00:00,so2,PIIANN,15.1,10.660425
2022-05-11 11:00:00,so2,PIIANN,11.48,10.401187
2022-11-09 02:00:00,so2,PIIANN,10.2,10.196066
2024-03-11 14:00:00,so2,PIIANN,30.43,22.225056
2021-08-07 18:00:00,so2,PIIANN,6.4000006,6.373725
2021-07-02 04:00:00,so2,PIIANN,5.4000006,8.523092
2023-03-10 00:00:00,so2,PIIANN,8.35,8.344793
2025-04-05 06:00:00,so2,PIIANN,9.48,11.253728
2021-04-11 09:00:00,so2,PIIANN,8.43,10.403766
2021-07-10 20:00:00,so2,PIIANN,5.34,7.938202
2021-07-03 11:00:00,so2,PIIANN,8.719999,11.064553
2025-03-09 11:00:00,so2,PIIANN,6.4300003,8.870347
2022-10-03 18:00:00,so2,PIIANN,23.58,21.11953
2021-09-03 00:00:00,so2,PIIANN,8.986666,12.681632
2021-09-05 00:00:00,so2,PIIANN,13.75,24.196049
2025-02-07 20:00:00,so2,PIIANN,12.58,10.198705
2024-02-01 22:00:00,so2,PIIANN,30.519999,21.578629
2022-10-07 23:00:00,so2,PIIANN,8.55,9.918023
2024-05-06 11:00:00,so2,PIIANN,32.85,30.431282
2024-01-07 09:00:00,so2,PIIANN,19.98,17.881466
2022-03-02 13:00:00,so2,PIIANN,10.77,11.70736
2024-08-12 04:00:00,so2,PIIANN,13.82,12.745167
2025-07-04 17:00:00,so2,PIIANN,20.32,18.947977
2022-12-04 23:00:00,so2,PIIANN,28.62,25.058615
2024-04-12 18:00:00,so2,PIIANN,19.02,17.652422
2021-10-08 14:00:00,so2,PIIANN,7.5500007,6.837536
2025-11-12 02:00:00,so2,PIIANN,16.6,24.445436
2022-10-08 06:00:00,so2,PIIANN,7.2,7.090213
2023-08-04 12:00:00,so2,PIIANN,15.675,14.6816435
2022-02-07 11:00:00,so2,PIIANN,7.2200003,9.456716
2025-08-04 06:00:00,so2,PIIANN,24.08,30.311104
2023-03-03 07:00:00,so2,PIIANN,19.15,18.279522
2025-12-03 04:00:00,so2,PIIANN,6.45,6.86631
2025-09-06 18:00:00,so2,PIIANN,15.5,18.861284
2023-11-03 20:00:00,so2,PIIANN,20.575,24.483822
2023-06-08 13:00:00,so2,PIIANN,6.95,6.5348854
2022-10-04 13:00:00,so2,PIIANN,19.07,19.940088
2025-12-11 23:00:00,so2,PIIANN,43.099995,35.887165
2025-02-07 08:00:00,so2,PIIANN,16.3,14.944839
2022-02-05 08:00:00,so2,PIIANN,13.35,14.274895
2023-10-07 09:00:00,so2,PIIANN,7.125,7.410837
2022-08-03 03:00:00,so2,PIIANN,14.6,13.615087
2023-11-09 04:00:00,so2,PIIANN,8.8,7.2382145
2025-06-07 03:00:00,so2,PIIANN,5.4000006,4.8997126
2021-02-09 15:00:00,so2,PIIANN,6.4800005,8.209455
2021-05-07 13:00:00,so2,PIIANN,5.4000006,6.2267323
2021-03-01 23:00:00,so2,PIIANN,7.38,6.681034
2021-02-08 13:00:00,so2,PIIANN,4.75,7.5402727
2023-06-02 19:00:00,so2,PIIANN,12.18,15.355158
2023-09-10 09:00:00,so2,PIIANN,13.133333,14.290558
2022-07-06 01:00:00,so2,PIIANN,31.75,32.72094
2021-10-06 17:00:00,so2,PIIANN,13.42,14.159186
2023-02-08 05:00:00,so2,PIIANN,6.5666666,5.8653584
2025-07-08 06:00:00,so2,PIIANN,1.5,3.4232187
2022-09-02 15:00:00,so2,PIIANN,10.0,12.433019
2021-08-11 05:00:00,so2,PIIANN,13.35,10.989404
2021-12-09 11:00:00,so2,PIIANN,6.8,9.195263
2025-05-10 11:00:00,so2,PIIANN,6.3,10.650682
2024-03-12 07:00:00,so2,PIIANN,4.085,5.6008577
2025-09-02 13:00:00,so2,PIIANN,22.02,19.867786
2025-01-06 23:00:00,so2,PIIANN,10.0,11.566577
2022-06-12 07:00:00,so2,PIIANN,11.4,13.956979
2024-12-09 20:00:00,so2,PIIANN,18.32,8.555556
2021-07-06 20:00:00,so2,PIIANN,11.72,14.579849
2021-10-09 21:00:00,so2,PIIANN,7.5200005,9.41464
2025-07-01 22:00:00,so2,PIIANN,10.4,11.559137
2025-12-08 15:00:00,so2,PIIANN,5.6000004,4.4823294
2021-09-03 14:00:00,so2,PIIANN,5.62,6.8779793
2021-09-10 17:00:00,so2,PIIANN,12.18,13.054969
2021-06-10 13:00:00,so2,PIIANN,14.3,9.971338
2023-03-01 20:00:00,so2,PIIANN,33.15,33.922157
2025-06-10 09:00:00,so2,PIIANN,12.3,12.28707
2021-07-07 08:00:00,so2,PIIANN,6.95,8.667399
2024-07-05 19:00:00,so2,PIIANN,26.53,21.594765
2022-09-11 13:00:00,so2,PIIANN,25.32,12.964392
2024-01-04 12:00:00,so2,PIIANN,16.75,16.354359
2022-11-03 15:00:00,so2,PIIANN,18.05,18.58591
2024-11-05 22:00:00,so2,PIIANN,28.0,27.051659
2024-08-10 08:00:00,so2,PIIANN,42.049995,22.107521
2025-05-03 04:00:00,so2,PIIANN,5.8500004,6.1528797
2021-07-03 19:00:00,so2,PIIANN,7.2,10.790609
2025-06-12 03:00:00,so2,PIIANN,33.12,26.6552
2024-07-02 09:00:00,so2,PIIANN,12.68,14.323384
2025-12-03 05:00:00,so2,PIIANN,8.43,8.964574
2021-12-08 15:00:00,so2,PIIANN,5.3200006,6.347975
2025-10-11 00:00:00,so2,PIIANN,49.55,14.522476
2021-04-06 02:00:00,so2,PIIANN,11.0,13.050329
2022-03-07 16:00:00,so2,PIIANN,8.25,10.173341
2025-09-04 21:00:00,so2,PIIANN,62.28,28.53353
2021-11-09 18:00:00,so2,PIIANN,6.3,7.0709305
2024-01-09 17:00:00,so2,PIIANN,10.35,9.221401
2025-12-11 20:00:00,so2,PIIANN,38.5,32.525135
2024-02-01 11:00:00,so2,PIIANN,12.0,13.637904
2021-02-10 11:00:00,so2,PIIANN,9.65,9.88301
2024-12-02 16:00:00,so2,PIIANN,16.38,14.533605
2025-07-07 13:00:00,so2,PIIANN,5.6500006,5.6829166
2022-05-12 18:00:00,so2,PIIANN,21.22,34.812626
2021-08-04 11:00:00,so2,PIIANN,14.48,19.773418
2021-02-07 22:00:00,so2,PIIANN,10.45,10.6654
2021-12-10 02:00:00,so2,PIIANN,3.4000006,9.1623335
2021-06-11 02:00:00,so2,PIIANN,7.7499995,7.80015
2022-12-05 20:00:00,so2,PIIANN,11.2,19.016321
2024-08-04 09:00:00,so2,PIIANN,16.77,43.59245
2025-07-10 10:00:00,so2,PIIANN,8.45,11.136751
2024-10-04 13:00:00,so2,PIIANN,40.02,34.42734
2024-09-04 03:00:00,so2,PIIANN,50.78,47.17253
2025-01-12 11:00:00,so2,PIIANN,33.9,34.05902
2021-09-06 18:00:00,so2,PIIANN,11.52,12.839416
2025-05-08 04:00:00,so2,PIIANN,13.65,6.299515
2021-04-12 21:00:00,so2,PIIANN,3.5500002,9.001178
2025-08-03 02:00:00,so2,PIIANN,14.565,16.336262
2025-02-04 14:00:00,so2,PIIANN,11.6,9.444157
2025-05-07 22:00:00,so2,PIIANN,7.6699996,7.205105
2022-03-12 03:00:00,so2,PIIANN,20.0,16.90885
2021-01-12 14:00:00,so2,PIIANN,1.0500002,4.1079426
2022-02-03 01:00:00,so2,PIIANN,10.27,14.577816
2021-05-12 13:00:00,so2,PIIANN,0.38000008,3.0603132
2023-11-07 12:00:00,so2,PIIANN,8.924999,9.059868
2023-06-05 08:00:00,so2,PIIANN,27.375,18.252804
2024-10-12 14:00:00,so2,PIIANN,17.93,15.193657
2022-07-09 02:00:00,so2,PIIANN,10.6,9.881683
2021-06-02 14:00:00,so2,PIIANN,10.98,11.953078
2025-02-03 17:00:00,so2,PIIANN,6.95,7.402969
2024-12-04 15:00:00,so2,PIIANN,27.55,25.47068
2024-10-07 02:00:00,so2,PIIANN,44.9216,46.348488
2022-09-06 03:00:00,so2,PIIANN,21.22,25.087189
2024-01-07 19:00:00,so2,PIIANN,21.8,18.6144
2024-05-07 16:00:00,so2,PIIANN,17.92,13.330475
2021-06-08 16:00:00,so2,PIIANN,8.07,6.563281
2024-02-01 18:00:00,so2,PIIANN,17.02,19.138773
2023-03-02 01:00:00,so2,PIIANN,14.65,13.73505
2024-10-03 07:00:00,so2,PIIANN,7.7,10.821908
2022-06-06 09:00:00,so2,PIIANN,15.65,16.340286
2023-08-12 16:00:00,so2,PIIANN,15.275,15.57907
2025-03-05 01:00:00,so2,PIIANN,19.88,10.134942
2024-12-10 16:00:00,so2,PIIANN,15.45,17.993383
2023-04-11 04:00:00,so2,PIIANN,12.525,13.702864
2022-01-09 06:00:00,so2,PIIANN,11.92,11.952334
2022-05-02 05:00:00,so2,PIIANN,4.5700006,7.5392146
2023-09-05 04:00:00,so2,PIIANN,14.3,12.97664
2023-05-12 20:00:00,so2,PIIANN,13.35,16.898407
2021-04-06 03:00:00,so2,PIIANN,11.35,11.471348
2023-09-12 06:00:00,so2,PIIANN,10.4,11.410232
2025-10-02 17:00:00,so2,PIIANN,13.28,12.75151
2023-08-03 10:00:00,so2,PIIANN,32.7,32.738125
2023-11-12 23:00:00,so2,PIIANN,16.675,16.279829
2022-07-08 15:00:00,so2,PIIANN,9.67,9.974843
2023-05-13 01:00:00,so2,PIIANN,12.7956295,13.108776
2021-05-10 03:00:00,so2,PIIANN,12.18,12.755504
2022-12-05 06:00:00,so2,PIIANN,13.3,14.726911
2022-08-02 21:00:00,so2,PIIANN,15.35,20.464478
2022-11-05 22:00:00,so2,PIIANN,16.73,14.446084
2021-06-11 11:00:00,so2,PIIANN,17.8,16.185114
2021-03-09 03:00:00,so2,PIIANN,6.0700006,7.5974746
2025-02-11 07:00:00,so2,PIIANN,12.18,12.561392
2023-05-04 07:00:00,so2,PIIANN,14.05,9.637427
2022-11-07 16:00:00,so2,PIIANN,9.15,7.5087357
2022-11-10 17:00:00,so2,PIIANN,10.32,9.966419
2021-08-04 16:00:00,so2,PIIANN,10.02,10.064508
2023-06-11 21:00:00,so2,PIIANN,18.466667,19.517166
2023-01-11 17:00:00,so2,PIIANN,11.85,14.207279
2023-10-03 03:00:00,so2,PIIANN,10.775,11.228606
2025-09-07 22:00:00,so2,PIIANN,7.25,6.503214
2022-03-03 19:00:00,so2,PIIANN,18.5,21.065762
2024-10-08 09:00:00,so2,PIIANN,10.95,9.214111
2025-01-11 18:00:00,so2,PIIANN,19.27,19.540976
2024-04-07 01:00:00,so2,PIIANN,20.15,17.496708
2024-04-11 04:00:00,so2,PIIANN,7.25,10.483985
2021-05-01 15:00:00,so2,PIIANN,7.98,12.032937
2025-07-09 07:00:00,so2,PIIANN,7.3200006,7.881323
2025-01-09 00:00:00,so2,PIIANN,3.2399998,6.065419
2021-11-05 03:00:00,so2,PIIANN,11.42,13.104726
2024-12-08 19:00:00,so2,PIIANN,17.5,13.92493
2021-09-09 14:00:00,so2,PIIANN,6.1500006,11.266489
2021-12-09 12:00:00,so2,PIIANN,6.25,9.110441
2022-05-04 15:00:00,so2,PIIANN,13.5,14.900081
2021-01-03 03:00:00,so2,PIIANN,11.645454,11.353218
2021-01-10 08:00:00,so2,PIIANN,8.8,9.986177
2022-02-04 09:00:00,so2,PIIANN,38.75,40.05963
2024-11-11 05:00:00,so2,PIIANN,7.5,8.729355
2024-11-08 17:00:00,so2,PIIANN,1.5500011,6.664709
2022-10-02 22:00:00,so2,PIIANN,12.9,16.357136
2023-09-02 19:00:00,so2,PIIANN,17.5,18.774519
2024-04-08 22:00:00,so2,PIIANN,8.279999,7.9303517
2023-04-11 05:00:00,so2,PIIANN,12.05,12.338627
2024-09-05 08:00:00,so2,PIIANN,26.15,26.687943
2024-02-12 06:00:00,so2,PIIANN,11.38,12.6460285
2021-09-06 21:00:00,so2,PIIANN,9.4,17.514881
2022-11-12 11:00:00,so2,PIIANN,39.1,20.936594
2021-02-09 18:00:00,so2,PIIANN,6.58,8.390432
2025-05-11 21:00:00,so2,PIIANN,10.3,9.685201
2024-05-05 06:00:00,so2,PIIANN,41.0,54.205612
2023-12-11 06:00:00,so2,PIIANN,12.925,12.673112
2025-05-07 04:00:00,so2,PIIANN,3.8000002,6.1337204
2021-09-02 07:00:00,so2,PIIANN,8.18,10.280245
2021-02-10 13:00:00,so2,PIIANN,11.7,10.150186
2024-02-07 08:00:00,so2,PIIANN,18.5,15.5863
2024-04-05 06:00:00,so2,PIIANN,59.68,74.9201
2025-06-05 21:00:00,so2,PIIANN,12.42,17.352947
2023-06-06 07:00:00,so2,PIIANN,12.18,11.284261
2021-06-08 06:00:00,so2,PIIANN,6.55,7.2516413
2022-11-12 19:00:00,so2,PIIANN,19.2,22.6552
2025-12-04 00:00:00,so2,PIIANN,17.75,15.810521
2021-08-05 06:00:00,so2,PIIANN,15.05,15.390598
2025-11-07 22:00:00,so2,PIIANN,10.82,8.976165
2022-03-05 05:00:00,so2,PIIANN,11.98,14.15216
2021-08-07 00:00:00,so2,PIIANN,6.9800005,13.918737
2022-03-02 06:00:00,so2,PIIANN,10.1,10.073155
2021-08-08 22:00:00,so2,PIIANN,9.43,7.825557
2025-08-12 14:00:00,so2,PIIANN,16.07,13.578214
2025-03-09 23:00:00,so2,PIIANN,8.499999,8.589714
2022-02-13 02:00:00,so2,PIIANN,20.029871,18.504356
2023-12-12 19:00:00,so2,PIIANN,13.366667,16.83909
2025-11-07 12:00:00,so2,PIIANN,2.8799992,5.895651
2025-08-06 17:00:00,so2,PIIANN,13.25,15.156041
2025-09-09 04:00:00,so2,PIIANN,3.7200003,7.5753713
2023-03-11 00:00:00,so2,PIIANN,14.9,8.249683
2025-07-08 16:00:00,so2,PIIANN,4.9800005,4.123125
2022-03-02 11:00:00,so2,PIIANN,10.98,11.618683
2021-06-08 03:00:00,so2,PIIANN,5.6000004,4.99177
2022-01-03 16:00:00,so2,PIIANN,15.15,14.650561
2023-05-04 13:00:00,so2,PIIANN,14.85,15.242122
2021-01-12 08:00:00,so2,PIIANN,2.2800007,9.969211
2024-02-02 23:00:00,so2,PIIANN,19.38,16.63741
2022-03-01 23:00:00,so2,PIIANN,21.0,23.885105
2025-11-12 10:00:00,so2,PIIANN,13.13,17.907303
2021-08-06 21:00:00,so2,PIIANN,13.75,18.342846
2025-02-06 04:00:00,so2,PIIANN,12.82,13.254321
2025-11-08 13:00:00,so2,PIIANN,1.079999,2.73145
2025-03-07 02:00:00,so2,PIIANN,9.5,9.146422
2025-03-13 00:00:00,so2,PIIANN,24.68407,21.703691
2023-09-08 22:00:00,so2,PIIANN,9.325,8.374903
2023-08-09 08:00:00,so2,PIIANN,8.775,9.543292
2021-04-07 05:00:00,so2,PIIANN,12.18,12.429964
2021-02-08 00:00:00,so2,PIIANN,5.3,10.137571
2021-03-08 21:00:00,so2,PIIANN,7.7499995,9.462789
2023-07-05 18:00:00,so2,PIIANN,19.175,18.160698
2023-12-12 16:00:00,so2,PIIANN,14.775,16.214375
2021-08-11 07:00:00,so2,PIIANN,18.12,20.758501
2025-02-04 03:00:00,so2,PIIANN,16.55,22.384491
2024-06-12 00:00:00,so2,PIIANN,6.12,10.59313
2022-10-01 23:00:00,so2,PIIANN,9.0,10.722717
2025-07-12 04:00:00,so2,PIIANN,15.38,18.757845
2021-02-07 07:00:00,so2,PIIANN,11.25,13.111956
2025-02-07 05:00:00,so2,PIIANN,14.02,12.064534
2021-08-07 05:00:00,so2,PIIANN,7.4500003,9.106767
2025-12-07 19:00:00,so2,PIIANN,9.275,8.277621
2022-11-10 22:00:00,so2,PIIANN,8.38,9.309365
2024-06-07 21:00:00,so2,PIIANN,19.08,14.596746
2025-08-05 06:00:00,so2,PIIANN,24.25,18.758545
2024-09-06 22:00:00,so2,PIIANN,44.0,42.658424
2025-05-03 22:00:00,so2,PIIANN,9.38,9.489565
2022-03-11 20:00:00,so2,PIIANN,19.03,22.590147
2022-01-06 10:00:00,so2,PIIANN,27.98,32.247128
2021-02-07 23:00:00,so2,PIIANN,10.77,8.840089
2021-01-03 23:00:00,so2,PIIANN,8.0,10.314666
2023-03-09 16:00:00,so2,PIIANN,8.3,8.595034
2025-11-09 14:00:00,so2,PIIANN,9.069999,6.7220135
2022-03-07 08:00:00,so2,PIIANN,8.8,12.042694
2021-08-09 04:00:00,so2,PIIANN,8.12,8.846842
2024-04-08 09:00:00,so2,PIIANN,8.53,10.355538
2025-04-08 04:00:00,so2,PIIANN,6.054286,7.3779063
2025-07-07 16:00:00,so2,PIIANN,3.1999998,7.0187874
2022-05-09 07:00:00,so2,PIIANN,7.85,8.999402
2023-11-09 21:00:00,so2,PIIANN,8.775,10.491187
2021-11-02 06:00:00,so2,PIIANN,5.92,6.26824
2024-03-05 08:00:00,so2,PIIANN,75.4,53.10091
2025-05-09 07:00:00,so2,PIIANN,8.85,8.4558735
2023-08-04 18:00:00,so2,PIIANN,14.775,15.151313
2022-11-03 11:00:00,so2,PIIANN,28.08,27.279243
2021-04-11 16:00:00,so2,PIIANN,10.18,11.764048
2023-07-12 15:00:00,so2,PIIANN,17.425,15.473309
2023-02-10 17:00:00,so2,PIIANN,14.175,12.963051
2023-07-01 18:00:00,so2,PIIANN,25.0,29.287096
2023-05-09 07:00:00,so2,PIIANN,8.074999,8.912771
2023-09-07 20:00:00,so2,PIIANN,7.475,7.970608
2025-01-13 00:00:00,so2,PIIANN,27.315361,24.009369
2025-09-10 23:00:00,so2,PIIANN,9.57,13.108171
2024-08-04 21:00:00,so2,PIIANN,32.6,29.12383
2022-09-06 17:00:00,so2,PIIANN,11.25,14.930274
2023-09-05 19:00:00,so2,PIIANN,111.36429,94.02481
2024-03-01 23:00:00,so2,PIIANN,18.15,14.654779
2025-08-05 11:00:00,so2,PIIANN,15.7,20.10738
2024-10-06 09:00:00,so2,PIIANN,46.85,35.929363
2021-12-10 07:00:00,so2,PIIANN,5.88,12.46683
2023-07-09 19:00:00,so2,PIIANN,8.75,9.346722
2025-08-08 16:00:00,so2,PIIANN,5.75,5.488923
2022-02-05 20:00:00,so2,PIIANN,18.1,21.113579
2021-04-10 23:00:00,so2,PIIANN,12.18,10.05408
2025-12-08 01:00:00,so2,PIIANN,13.17,11.451153
2023-03-02 09:00:00,so2,PIIANN,22.733334,19.059511
2024-01-05 06:00:00,so2,PIIANN,11.9,9.567203
2023-01-02 05:00:00,so2,PIIANN,7.675,7.6538906
2025-07-03 02:00:00,so2,PIIANN,6.1366673,8.045918
2024-10-01 18:00:00,so2,PIIANN,0.66999906,5.3572683
2025-08-08 17:00:00,so2,PIIANN,7.7199993,5.61674
2021-11-05 15:00:00,so2,PIIANN,18.12,16.402832
2022-11-11 15:00:00,so2,PIIANN,14.9,14.37073
2024-01-09 00:00:00,so2,PIIANN,6.5,15.917348
2022-01-06 02:00:00,so2,PIIANN,12.5,13.116841
2022-08-10 10:00:00,so2,PIIANN,8.599999,9.105063
2023-09-05 03:00:00,so2,PIIANN,13.625,13.251788
2025-03-01 09:00:00,so2,PIIANN,17.78,14.538475
2025-11-03 07:00:00,so2,PIIANN,14.6,12.61352
2025-10-09 17:00:00,so2,PIIANN,5.7800007,4.677843
2024-01-02 07:00:00,so2,PIIANN,8.35,9.2279625
2025-09-02 23:00:00,so2,PIIANN,2.7799997,7.75112
2023-06-07 12:00:00,so2,PIIANN,5.7,8.148299
2024-05-03 06:00:00,so2,PIIANN,3.6999998,6.965864
2021-04-11 22:00:00,so2,PIIANN,102.52,40.870617
2025-12-09 13:00:00,so2,PIIANN,8.48,7.860369
2021-09-10 23:00:00,so2,PIIANN,5.6000004,9.249534
2025-11-12 22:00:00,so2,PIIANN,12.33,25.541058
2023-12-08 06:00:00,so2,PIIANN,7.95,7.509104
2022-12-08 19:00:00,so2,PIIANN,8.1,11.182926
2023-10-11 18:00:00,so2,PIIANN,10.95,11.03913
2022-03-06 15:00:00,so2,PIIANN,12.52,14.20454
2024-03-08 12:00:00,so2,PIIANN,4.6000004,7.1976376
2025-05-03 13:00:00,so2,PIIANN,11.28,10.185793
2025-06-07 14:00:00,so2,PIIANN,5.88,6.817396
2023-12-03 08:00:00,so2,PIIANN,29.375,19.868242
2024-12-03 23:00:00,so2,PIIANN,12.82,13.561121
2025-08-04 00:00:00,so2,PIIANN,34.5,14.944415
2025-08-07 12:00:00,so2,PIIANN,7.8,7.9581757
2022-09-08 10:00:00,so2,PIIANN,12.2,9.955556
2024-09-10 04:00:00,so2,PIIANN,21.35,18.073719
2025-02-10 04:00:00,so2,PIIANN,9.82,9.875487
2025-12-07 21:00:00,so2,PIIANN,12.18,10.099402
2024-03-08 18:00:00,so2,PIIANN,9.02,8.212921
2025-09-09 19:00:00,so2,PIIANN,11.1,8.488406
2023-08-11 17:00:00,so2,PIIANN,16.675,18.848835
2024-05-06 04:00:00,so2,PIIANN,39.7,44.092915
2022-07-04 23:00:00,so2,PIIANN,68.02,51.492332
2025-02-03 15:00:00,so2,PIIANN,5.62,8.047312
2023-08-10 08:00:00,so2,PIIANN,15.75,15.070821
2021-10-12 23:00:00,so2,PIIANN,0.9800014,1.6184816
2022-04-04 17:00:00,so2,PIIANN,19.77,21.161364
2023-10-09 02:00:00,so2,PIIANN,10.4,7.0219326
2022-08-04 18:00:00,so2,PIIANN,25.5,23.48117
2023-04-10 06:00:00,so2,PIIANN,10.275,11.184122
2024-08-09 01:00:00,so2,PIIANN,3.42,8.02064
2023-10-11 12:00:00,so2,PIIANN,12.3,10.545464
2022-01-04 02:00:00,so2,PIIANN,25.1,17.914005
2023-08-12 21:00:00,so2,PIIANN,10.85,14.789843
2024-01-06 06:00:00,so2,PIIANN,47.53,54.094643
2022-06-11 17:00:00,so2,PIIANN,14.7,17.477694
2025-12-08 22:00:00,so2,PIIANN,17.55,10.229695
2024-11-03 06:00:00,so2,PIIANN,8.38,10.119407
2023-04-06 17:00:00,so2,PIIANN,22.0,19.57045
2024-07-07 04:00:00,so2,PIIANN,19.45,14.875782
2021-04-08 21:00:00,so2,PIIANN,8.679999,7.802948
2024-05-08 12:00:00,so2,PIIANN,10.8,10.23235
2024-02-12 16:00:00,so2,PIIANN,14.68,20.997921
2023-05-06 15:00:00,so2,PIIANN,18.044445,14.7726
2025-02-05 22:00:00,so2,PIIANN,17.53,16.544022
2025-09-04 16:00:00,so2,PIIANN,12.18,13.183396
2023-05-03 20:00:00,so2,PIIANN,17.2,16.923103
2024-11-02 21:00:00,so2,PIIANN,12.6,14.538885
2023-06-05 13:00:00,so2,PIIANN,16.625,18.955801
2024-07-04 15:00:00,so2,PIIANN,13.48,12.666833
2025-10-01 23:00:00,so2,PIIANN,14.735,19.065355
2022-11-02 05:00:00,so2,PIIANN,17.23,18.587624
2022-02-12 12:00:00,so2,PIIANN,23.0,23.491102
2021-02-06 01:00:00,so2,PIIANN,9.62,10.314561
2023-06-02 00:00:00,so2,PIIANN,21.475,65.205055
2025-02-05 09:00:00,so2,PIIANN,8.85,8.41785
2023-06-10 00:00:00,so2,PIIANN,17.0,10.0897
2022-03-04 01:00:00,so2,PIIANN,38.73,56.691166
2025-11-05 14:00:00,so2,PIIANN,12.43,15.664993
2024-08-10 21:00:00,so2,PIIANN,21.67,30.053928
2022-04-09 08:00:00,so2,PIIANN,8.67,9.311197
2023-03-01 13:00:00,so2,PIIANN,25.55,25.016958
2025-10-05 01:00:00,so2,PIIANN,14.45,13.54543
2025-01-12 17:00:00,so2,PIIANN,22.05,16.712698
2023-10-08 06:00:00,so2,PIIANN,6.5250006,6.0335417
2024-03-12 21:00:00,so2,PIIANN,9.9,18.07984
2022-02-05 14:00:00,so2,PIIANN,28.7,22.938274
2025-04-06 22:00:00,so2,PIIANN,14.77,12.801741
2021-11-08 03:00:00,so2,PIIANN,6.4300003,8.65507
2024-08-06 09:00:00,so2,PIIANN,32.8,35.361397
2024-11-04 21:00:00,so2,PIIANN,36.38,45.782326
2021-01-07 07:00:00,so2,PIIANN,8.55,12.080499
2021-12-06 09:00:00,so2,PIIANN,9.78,10.524999
2022-08-03 07:00:00,so2,PIIANN,22.5,19.542036
2022-01-03 23:00:00,so2,PIIANN,13.88,11.524105
2023-04-01 18:00:00,so2,PIIANN,11.45,15.00451
2022-09-11 15:00:00,so2,PIIANN,21.12,23.302692
2022-07-05 16:00:00,so2,PIIANN,21.732,20.023067
2022-09-01 17:00:00,so2,PIIANN,6.9000006,7.8367395
2023-11-08 15:00:00,so2,PIIANN,7.733333,5.7689466
2023-03-07 10:00:00,so2,PIIANN,7.5999994,10.111481
2023-10-08 13:00:00,so2,PIIANN,8.25,6.210743
2021-03-06 23:00:00,so2,PIIANN,14.23,11.573019
2025-02-06 13:00:00,so2,PIIANN,12.05,13.657457
2024-04-09 05:00:00,so2,PIIANN,14.15,11.225903
2025-10-07 09:00:00,so2,PIIANN,7.0200005,6.083787
2023-10-05 17:00:00,so2,PIIANN,17.65,14.703293
2023-01-08 02:00:00,so2,PIIANN,5.8,6.1711693
2023-11-02 18:00:00,so2,PIIANN,16.225,19.220846
2023-03-12 18:00:00,so2,PIIANN,13.15,16.122087
2025-02-11 09:00:00,so2,PIIANN,12.18,13.377029
2021-06-06 15:00:00,so2,PIIANN,10.22,11.924856
2022-09-02 00:00:00,so2,PIIANN,12.98,10.205712
2022-05-09 06:00:00,so2,PIIANN,7.4800005,8.315212
2021-09-06 12:00:00,so2,PIIANN,12.4,12.559755
2022-12-09 15:00:00,so2,PIIANN,12.05,11.66036
2023-11-12 21:00:00,so2,PIIANN,15.475,17.574865
2023-12-11 10:00:00,so2,PIIANN,17.25,16.127817
2025-04-01 22:00:00,so2,PIIANN,15.15,12.985945
2024-04-04 04:00:00,so2,PIIANN,29.68,20.81635
2024-01-06 02:00:00,so2,PIIANN,90.8,75.478905
2024-01-09 04:00:00,so2,PIIANN,11.2,9.029721
2024-01-01 19:00:00,so2,PIIANN,28.75,16.853025
2021-05-09 07:00:00,so2,PIIANN,9.1,8.773762
2025-09-11 11:00:00,so2,PIIANN,19.12,26.899357
2022-07-03 18:00:00,so2,PIIANN,18.08,18.152336
2024-03-11 16:00:00,so2,PIIANN,25.78,25.010494
2025-01-03 09:00:00,so2,PIIANN,5.7,5.4461985
2025-11-11 11:00:00,so2,PIIANN,39.78,40.841694
2021-05-10 06:00:00,so2,PIIANN,12.18,12.510204
2021-11-09 21:00:00,so2,PIIANN,7.1800003,8.2197695
2024-11-05 13:00:00,so2,PIIANN,26.52,22.748573
2025-11-10 13:00:00,so2,PIIANN,6.55,11.182538
2021-09-05 19:00:00,so2,PIIANN,12.8,13.347593
2021-06-06 03:00:00,so2,PIIANN,10.58,11.224115
2021-07-07 06:00:00,so2,PIIANN,7.08,9.09978
2022-02-02 15:00:00,so2,PIIANN,14.82,15.789411
2025-04-11 19:00:00,so2,PIIANN,12.88,11.832111
2025-04-03 15:00:00,so2,PIIANN,8.319999,9.679116
2023-10-11 07:00:00,so2,PIIANN,11.225,7.4659486
2023-07-10 06:00:00,so2,PIIANN,12.4,13.22789
2024-05-11 14:00:00,so2,PIIANN,23.47,3.69565
2023-02-07 02:00:00,so2,PIIANN,7.5999994,8.474287
2021-08-13 00:00:00,so2,PIIANN,3.0184898,4.672698
2025-01-05 17:00:00,so2,PIIANN,12.5,16.762836
2022-08-03 04:00:00,so2,PIIANN,19.0,15.821369
2023-04-02 12:00:00,so2,PIIANN,34.5,22.830647
2025-02-04 08:00:00,so2,PIIANN,100.47,91.42927
2023-08-07 11:00:00,so2,PIIANN,5.7333336,7.088643
2022-07-01 16:00:00,so2,PIIANN,9.7,11.693365
2021-09-04 09:00:00,so2,PIIANN,17.425,20.576391
2023-11-11 17:00:00,so2,PIIANN,12.475,13.350432
2024-12-01 18:00:00,so2,PIIANN,9.7,13.368918
2022-08-06 04:00:00,so2,PIIANN,21.18,27.457
2023-11-04 02:00:00,so2,PIIANN,105.3,79.64518
2024-02-03 21:00:00,so2,PIIANN,9.57,6.893962
2023-06-03 21:00:00,so2,PIIANN,19.525,18.672342
2021-06-12 18:00:00,so2,PIIANN,1.9800005,4.5358696
2024-09-12 17:00:00,so2,PIIANN,18.25,16.105274
2023-10-06 03:00:00,so2,PIIANN,15.5,10.862823
2025-06-06 15:00:00,so2,PIIANN,10.9,12.81857
2021-01-02 00:00:00,so2,PIIANN,12.4,0.66734403
2024-02-07 20:00:00,so2,PIIANN,22.17,22.597744
2024-07-03 22:00:00,so2,PIIANN,5.95,8.351074
2024-04-09 18:00:00,so2,PIIANN,14.95,9.232784
2023-09-05 17:00:00,so2,PIIANN,150.6,104.46309
2023-09-10 18:00:00,so2,PIIANN,10.15,11.606413
2021-07-09 22:00:00,so2,PIIANN,8.2,8.648441
2021-10-09 22:00:00,so2,PIIANN,7.3500004,9.969685
2022-07-08 16:00:00,so2,PIIANN,9.98,10.251022
2023-02-10 06:00:00,so2,PIIANN,9.625,10.644934
2024-12-11 15:00:00,so2,PIIANN,16.33,10.736786
2025-11-02 12:00:00,so2,PIIANN,9.31,10.237483
2021-09-10 04:00:00,so2,PIIANN,2.1000004,4.6169157
2021-10-08 04:00:00,so2,PIIANN,7.3500004,7.978546
2025-04-01 17:00:00,so2,PIIANN,13.35,12.864794
2021-05-01 19:00:00,so2,PIIANN,8.7,9.313546
2025-02-08 23:00:00,so2,PIIANN,8.52,9.214153
2023-07-03 11:00:00,so2,PIIANN,23.125,23.327665
2024-05-04 06:00:00,so2,PIIANN,11.15,13.752278
2025-07-13 02:00:00,so2,PIIANN,35.24046,33.74825
2021-04-12 01:00:00,so2,PIIANN,6.8200006,9.899758
2022-06-09 05:00:00,so2,PIIANN,10.15,9.73103
2024-06-01 21:00:00,so2,PIIANN,23.3,17.320208
2021-03-11 15:00:00,so2,PIIANN,14.15,15.666504
2021-10-08 15:00:00,so2,PIIANN,7.5500007,6.5534525
2024-06-10 11:00:00,so2,PIIANN,14.4,13.807217
2021-01-04 22:00:00,so2,PIIANN,22.95,16.517492
2023-03-11 20:00:00,so2,PIIANN,17.4,19.12232
2023-10-02 01:00:00,so2,PIIANN,11.85,12.260826
2024-05-05 17:00:00,so2,PIIANN,16.25,15.451
2023-12-12 05:00:00,so2,PIIANN,12.425,14.14982
2024-04-05 12:00:00,so2,PIIANN,7.5999994,25.576265
2023-08-04 15:00:00,so2,PIIANN,14.05,14.419926
2024-04-02 16:00:00,so2,PIIANN,19.77,18.68446
2021-10-06 08:00:00,so2,PIIANN,8.7,8.5884495
2023-11-07 14:00:00,so2,PIIANN,10.8625,9.345545
2025-08-10 01:00:00,so2,PIIANN,10.58,10.463046
2021-08-01 20:00:00,so2,PIIANN,16.27,22.689878
2021-07-04 12:00:00,so2,PIIANN,19.17,19.414658
2022-01-11 05:00:00,so2,PIIANN,18.1,16.787905
2021-02-06 16:00:00,so2,PIIANN,14.08,15.257064
2021-09-03 21:00:00,so2,PIIANN,5.45,9.651302
2021-12-11 18:00:00,so2,PIIANN,23.1,22.057653
2025-12-03 12:00:00,so2,PIIANN,9.45,16.640354
2022-02-11 12:00:00,so2,PIIANN,21.67,19.654333
2025-04-12 04:00:00,so2,PIIANN,21.08,21.932493
2023-05-10 16:00:00,so2,PIIANN,14.175,14.408674
2021-08-07 08:00:00,so2,PIIANN,7.9,7.753178
2021-11-12 12:00:00,so2,PIIANN,1.000001,2.990532
2024-07-12 16:00:00,so2,PIIANN,23.48,19.414862
2022-09-05 05:00:00,so2,PIIANN,13.12,14.431329
2021-03-07 12:00:00,so2,PIIANN,7.0,9.842972
2021-04-08 03:00:00,so2,PIIANN,5.8,6.95467
2023-11-04 03:00:00,so2,PIIANN,84.275,89.50752
2023-08-10 23:00:00,so2,PIIANN,9.85,9.70429
2024-03-02 23:00:00,so2,PIIANN,35.05,26.286196
2024-08-04 19:00:00,so2,PIIANN,11.15,15.283013
2025-08-05 12:00:00,so2,PIIANN,10.18,15.7438
2025-06-09 14:00:00,so2,PIIANN,5.7700005,6.59859
2021-09-01 17:00:00,so2,PIIANN,10.18,13.923584
2025-02-02 19:00:00,so2,PIIANN,9.52,11.698403
2025-11-05 07:00:00,so2,PIIANN,17.65,16.75813
2025-05-03 07:00:00,so2,PIIANN,5.2800007,7.2000313
2023-10-01 10:00:00,so2,PIIANN,10.95,10.793117
2025-05-10 08:00:00,so2,PIIANN,9.1,16.73679
2025-10-10 15:00:00,so2,PIIANN,12.27,13.960557
2024-03-02 13:00:00,so2,PIIANN,23.1,25.345776
2023-12-04 15:00:00,so2,PIIANN,12.0,15.332419
2025-06-05 15:00:00,so2,PIIANN,13.8,14.450483
2022-08-02 03:00:00,so2,PIIANN,4.0300007,8.974599
2024-10-03 05:00:00,so2,PIIANN,9.0,9.509957
2025-04-07 01:00:00,so2,PIIANN,12.1,12.236268
2021-09-05 08:00:00,so2,PIIANN,22.45,15.039158
2024-09-10 09:00:00,so2,PIIANN,24.43,23.250214
2024-02-09 19:00:00,so2,PIIANN,13.92,10.48347
2021-11-10 12:00:00,so2,PIIANN,14.617143,14.109196
2025-02-04 11:00:00,so2,PIIANN,2.4000006,24.420046
2021-01-09 09:00:00,so2,PIIANN,8.82,4.599799
2023-01-02 00:00:00,so2,PIIANN,8.074999,9.103957
2022-09-09 23:00:00,so2,PIIANN,7.2300005,8.2369795
2025-04-07 22:00:00,so2,PIIANN,9.9,10.219263
2021-08-05 01:00:00,so2,PIIANN,14.65,14.449422
2024-02-10 01:00:00,so2,PIIANN,24.48,19.449038
2021-08-13 02:00:00,so2,PIIANN,3.0554705,5.704561
2025-03-01 14:00:00,so2,PIIANN,16.23,16.209417
2023-08-04 21:00:00,so2,PIIANN,36.95,19.851095
2024-06-02 09:00:00,so2,PIIANN,8.02,7.786266
2023-11-11 14:00:00,so2,PIIANN,15.55,15.799848
2024-01-03 05:00:00,so2,PIIANN,2.249999,4.582614
2025-05-02 21:00:00,so2,PIIANN,12.32,14.78558
2021-07-02 18:00:00,so2,PIIANN,9.7,13.334907
2023-07-12 05:00:00,so2,PIIANN,10.125,10.954517
2021-01-04 09:00:00,so2,PIIANN,14.6,20.662811
2025-06-09 06:00:00,so2,PIIANN,9.57,8.758543
2024-05-03 22:00:00,so2,PIIANN,8.0,9.198201
2024-05-10 03:00:00,so2,PIIANN,14.83,30.371103
2024-01-12 23:00:00,so2,PIIANN,3.58,5.33611
2024-01-02 06:00:00,so2,PIIANN,10.22,10.071917
2021-08-06 12:00:00,so2,PIIANN,13.45,12.052809
2021-04-10 01:00:00,so2,PIIANN,7.3666663,8.678211
2023-06-07 02:00:00,so2,PIIANN,5.8,5.790164
2023-05-03 10:00:00,so2,PIIANN,21.866667,17.302088
2021-11-06 16:00:00,so2,PIIANN,10.7,12.505767
2024-08-09 10:00:00,so2,PIIANN,10.72,8.935294
2024-10-09 03:00:00,so2,PIIANN,7.1500006,11.878542
2023-02-06 21:00:00,so2,PIIANN,13.175,13.978839
2021-10-08 11:00:00,so2,PIIANN,5.9800005,8.805232
2021-12-11 23:00:00,so2,PIIANN,11.92,9.744845
2021-09-04 07:00:00,so2,PIIANN,30.05,28.84664
2023-03-06 14:00:00,so2,PIIANN,12.18,12.560258
2021-10-05 16:00:00,so2,PIIANN,17.23,16.492502
2022-02-03 05:00:00,so2,PIIANN,7.38,8.857493
2023-08-10 04:00:00,so2,PIIANN,13.775,14.593812
2022-11-09 22:00:00,so2,PIIANN,8.3,10.986706
2024-09-10 18:00:00,so2,PIIANN,25.72,20.512026
2021-07-09 04:00:00,so2,PIIANN,7.08,8.322869
2025-05-09 10:00:00,so2,PIIANN,8.18,7.6099377
2025-10-09 03:00:00,so2,PIIANN,1.6500006,4.696926
2021-01-03 07:00:00,so2,PIIANN,12.18,11.714928
2025-02-11 16:00:00,so2,PIIANN,4.75,14.1096735
2021-12-10 06:00:00,so2,PIIANN,6.55,9.341767
2023-08-08 10:00:00,so2,PIIANN,7.4000006,7.0792875
2022-12-12 05:00:00,so2,PIIANN,11.32,13.364374
2023-06-01 22:00:00,so2,PIIANN,25.9,15.152973
2025-07-11 11:00:00,so2,PIIANN,14.3,21.89108
2025-10-06 10:00:00,so2,PIIANN,16.73,24.161533
2024-11-04 20:00:00,so2,PIIANN,44.62,24.827904
2021-08-01 22:00:00,so2,PIIANN,12.42,15.305277
2022-06-06 10:00:00,so2,PIIANN,21.9,15.655919
2024-11-12 05:00:00,so2,PIIANN,15.45,16.96585
2021-11-01 15:00:00,so2,PIIANN,7.1800003,8.43803
2021-11-09 02:00:00,so2,PIIANN,7.5,7.652278
2024-06-10 03:00:00,so2,PIIANN,13.83,18.44421
2023-02-10 19:00:00,so2,PIIANN,11.85,17.677095
2024-09-11 23:00:00,so2,PIIANN,16.42,12.168704
2023-05-02 16:00:00,so2,PIIANN,11.95,12.412655
2024-08-11 19:00:00,so2,PIIANN,17.52,16.055508
2024-01-04 15:00:00,so2,PIIANN,7.8199997,9.862021
2021-05-12 03:00:00,so2,PIIANN,3.1999998,5.85147
2024-02-03 14:00:00,so2,PIIANN,3.1000004,7.1516
2022-02-11 08:00:00,so2,PIIANN,21.57,16.222668
2025-11-12 03:00:00,so2,PIIANN,13.47,16.848587
2023-05-01 20:00:00,so2,PIIANN,17.307142,19.66192
2025-04-06 02:00:00,so2,PIIANN,6.2300005,5.4119787
2023-10-03 18:00:00,so2,PIIANN,14.575,14.924587
2022-05-11 18:00:00,so2,PIIANN,13.25,14.718515
2021-02-03 03:00:00,so2,PIIANN,11.9625,13.981678
2022-04-02 15:00:00,so2,PIIANN,10.78,11.850337
2024-04-01 19:00:00,so2,PIIANN,17.02,19.024744
2024-11-02 10:00:00,so2,PIIANN,19.02,17.204618
2022-08-06 11:00:00,so2,PIIANN,12.18,15.018548
2023-01-05 23:00:00,so2,PIIANN,11.15,11.235897
2021-01-09 01:00:00,so2,PIIANN,7.0200005,6.9443827
2025-09-05 14:00:00,so2,PIIANN,11.37,11.767641
2023-12-10 19:00:00,so2,PIIANN,11.15,14.70218
2021-05-06 02:00:00,so2,PIIANN,9.8,11.6303005
2022-09-10 09:00:00,so2,PIIANN,8.27,5.455635
2021-05-08 16:00:00,so2,PIIANN,6.5700006,7.4043555
2021-01-07 01:00:00,so2,PIIANN,12.42,14.557435
2025-09-12 08:00:00,so2,PIIANN,19.8,15.133067
2021-07-12 02:00:00,so2,PIIANN,1.8000002,4.2442446
2023-03-06 17:00:00,so2,PIIANN,12.18,9.398835
2024-11-03 01:00:00,so2,PIIANN,10.93,9.198986
2021-10-02 06:00:00,so2,PIIANN,5.2,7.4379277
2023-07-01 14:00:00,so2,PIIANN,32.825,27.768421
2022-06-06 21:00:00,so2,PIIANN,28.4,28.639519
2021-03-03 20:00:00,so2,PIIANN,6.88,9.418299
2021-06-09 01:00:00,so2,PIIANN,10.45,10.70544
2022-07-11 02:00:00,so2,PIIANN,11.155,10.743497
2024-06-09 20:00:00,so2,PIIANN,9.53,8.917574
2021-08-09 16:00:00,so2,PIIANN,10.58,10.470221
2021-02-05 19:00:00,so2,PIIANN,17.92,16.284666
2025-01-08 14:00:00,so2,PIIANN,5.9300003,7.412289
2021-05-05 17:00:00,so2,PIIANN,17.38,14.333409
2023-08-03 23:00:00,so2,PIIANN,17.575,16.206928
2024-02-03 23:00:00,so2,PIIANN,11.65,10.060932
2024-10-10 06:00:00,so2,PIIANN,12.7,13.866524
2024-11-02 04:00:00,so2,PIIANN,12.75,15.2945175
2024-01-01 09:00:00,so2,PIIANN,12.48,11.612424
2022-03-03 16:00:00,so2,PIIANN,16.77,19.327526
2025-12-06 14:00:00,so2,PIIANN,16.03,12.606883
2023-09-10 04:00:00,so2,PIIANN,12.225,12.702129
2024-03-02 21:00:00,so2,PIIANN,43.3,28.770996
2024-01-03 13:00:00,so2,PIIANN,3.5150003,5.7457676
2022-01-03 07:00:00,so2,PIIANN,22.23,18.565977
2024-11-05 10:00:00,so2,PIIANN,31.97,29.964973
2022-02-01 23:00:00,so2,PIIANN,12.42,11.429345
2023-06-11 19:00:00,so2,PIIANN,17.55,19.911701
2021-10-04 11:00:00,so2,PIIANN,35.15,28.401749
2021-09-04 10:00:00,so2,PIIANN,13.2,16.845413
2021-01-08 13:00:00,so2,PIIANN,9.75,10.187555
2024-10-03 01:00:00,so2,PIIANN,8.599999,11.463166
2023-05-05 12:00:00,so2,PIIANN,15.625,12.090463
2021-11-04 06:00:00,so2,PIIANN,37.2,29.919462
2023-05-09 01:00:00,so2,PIIANN,10.175,9.587376
2024-03-07 03:00:00,so2,PIIANN,20.42,19.168348
2025-08-07 10:00:00,so2,PIIANN,2.2000008,7.862177
2024-01-12 20:00:00,so2,PIIANN,11.8,28.697144
2024-08-07 00:00:00,so2,PIIANN,20.77,25.110222
2024-02-03 20:00:00,so2,PIIANN,6.0200005,6.1352577
2022-06-10 01:00:00,so2,PIIANN,8.85,11.498773
2023-11-03 01:00:00,so2,PIIANN,18.65,19.675558
2022-08-09 06:00:00,so2,PIIANN,8.08,8.836
2025-02-06 05:00:00,so2,PIIANN,14.5,14.05636
2021-02-05 12:00:00,so2,PIIANN,12.85,24.606655
2021-07-02 02:00:00,so2,PIIANN,6.2,10.614235
2024-02-04 08:00:00,so2,PIIANN,34.1,49.405895
2024-11-11 14:00:00,so2,PIIANN,15.07,12.038132
2025-06-05 11:00:00,so2,PIIANN,13.73,18.012197
2022-12-10 12:00:00,so2,PIIANN,7.38,7.552881
2024-07-09 03:00:00,so2,PIIANN,9.069999,8.049329
2021-02-06 07:00:00,so2,PIIANN,16.27,11.8305
2022-11-12 01:00:00,so2,PIIANN,8.65,9.506096
2023-08-09 04:00:00,so2,PIIANN,9.05,8.50536
2023-08-04 09:00:00,so2,PIIANN,26.425,34.002495
2024-06-07 20:00:00,so2,PIIANN,19.05,14.174583
2022-09-11 08:00:00,so2,PIIANN,13.5,13.5557785
2022-01-10 07:00:00,so2,PIIANN,10.7,12.823979
2024-08-03 09:00:00,so2,PIIANN,16.55,13.401717
2024-01-07 07:00:00,so2,PIIANN,19.08,17.328043
2025-04-07 13:00:00,so2,PIIANN,12.42,11.492854
2025-05-10 21:00:00,so2,PIIANN,12.08,14.253472
2023-05-02 14:00:00,so2,PIIANN,12.375,12.989297
2021-05-06 01:00:00,so2,PIIANN,10.95,10.895762
2022-04-09 12:00:00,so2,PIIANN,10.07,9.548145
2023-10-04 06:00:00,so2,PIIANN,38.15,21.211111
2022-01-08 17:00:00,so2,PIIANN,7.65,6.722638
2021-01-06 17:00:00,so2,PIIANN,10.45,10.046619
2022-09-02 23:00:00,so2,PIIANN,12.03,12.006789
2025-09-11 04:00:00,so2,PIIANN,22.48,30.969925
2021-02-04 21:00:00,so2,PIIANN,22.82,21.045294
2021-11-07 23:00:00,so2,PIIANN,9.12,8.018696
2022-12-01 20:00:00,so2,PIIANN,11.08,14.866973
2023-07-10 19:00:00,so2,PIIANN,9.875,13.225495
2023-08-02 07:00:00,so2,PIIANN,14.575,17.605541
2023-09-10 13:00:00,so2,PIIANN,10.8,11.091423
2023-05-08 23:00:00,so2,PIIANN,11.933333,10.793236
2022-12-10 14:00:00,so2,PIIANN,8.33,7.2906036
2025-02-13 02:00:00,so2,PIIANN,27.92,25.80319
2023-09-05 02:00:00,so2,PIIANN,14.3,13.02934
2023-08-05 17:00:00,so2,PIIANN,17.175,13.011142
2025-06-04 11:00:00,so2,PIIANN,39.4,35.344574
2021-09-09 09:00:00,so2,PIIANN,9.38,9.339696
2023-05-04 20:00:00,so2,PIIANN,21.1,18.736212
2023-09-05 13:00:00,so2,PIIANN,130.775,79.80884
2022-09-07 02:00:00,so2,PIIANN,7.2,7.1780167
2025-07-09 15:00:00,so2,PIIANN,5.62,5.8584795
2021-09-11 14:00:00,so2,PIIANN,13.75,16.486628
2025-06-09 02:00:00,so2,PIIANN,8.1,8.203929
2024-09-05 01:00:00,so2,PIIANN,22.65,23.547369
2025-01-03 01:00:00,so2,PIIANN,8.679999,5.7561626
2021-10-11 19:00:00,so2,PIIANN,21.55,28.41761
2023-04-03 05:00:00,so2,PIIANN,14.325,12.007417
2024-03-10 16:00:00,so2,PIIANN,22.7,20.962027
2024-06-09 21:00:00,so2,PIIANN,8.97,8.923834
2025-11-08 12:00:00,so2,PIIANN,0.40000054,3.141241
2024-04-10 10:00:00,so2,PIIANN,13.82,14.22302
2022-03-06 16:00:00,so2,PIIANN,16.12,13.222082
2025-11-09 17:00:00,so2,PIIANN,11.48,10.591672
2025-08-01 21:00:00,so2,PIIANN,5.5200005,15.072895
2025-12-06 16:00:00,so2,PIIANN,16.2,14.614798
2023-05-10 01:00:00,so2,PIIANN,11.475,10.986581
2021-03-13 00:00:00,so2,PIIANN,5.5231953,4.3448286
2021-11-10 22:00:00,so2,PIIANN,3.2200003,6.71124
2024-07-12 08:00:00,so2,PIIANN,6.63,11.320618
2024-10-08 11:00:00,so2,PIIANN,11.45,10.36184
2021-06-09 05:00:00,so2,PIIANN,12.18,11.941453
2025-01-06 03:00:00,so2,PIIANN,11.68,12.162933
2022-07-09 01:00:00,so2,PIIANN,9.6,8.593318
2023-01-08 05:00:00,so2,PIIANN,5.6000004,6.2058315
2025-10-09 18:00:00,so2,PIIANN,6.9800005,5.099592
2025-12-06 12:00:00,so2,PIIANN,9.45,11.034246
2021-02-01 15:00:00,so2,PIIANN,17.55,17.105251
2025-11-10 19:00:00,so2,PIIANN,17.98,17.742115
2023-01-04 10:00:00,so2,PIIANN,19.233334,11.750226
2023-07-07 06:00:00,so2,PIIANN,8.599999,7.3079033
2023-02-08 16:00:00,so2,PIIANN,7.9,6.947691
2024-05-11 00:00:00,so2,PIIANN,26.32,19.292852
2025-03-06 09:00:00,so2,PIIANN,17.02,12.490936
2021-07-05 18:00:00,so2,PIIANN,15.08,16.416443
2025-11-10 07:00:00,so2,PIIANN,10.18,12.560305
2024-05-09 23:00:00,so2,PIIANN,15.9,14.02829
2021-06-03 06:00:00,so2,PIIANN,6.38,8.789011
2023-07-08 23:00:00,so2,PIIANN,8.633333,8.18969
2022-03-08 20:00:00,so2,PIIANN,9.17,10.777883
2021-11-07 10:00:00,so2,PIIANN,7.5500007,7.5117464
2025-05-02 12:00:00,so2,PIIANN,9.85,9.480554
2023-03-12 12:00:00,so2,PIIANN,16.075,15.530851
2023-08-03 05:00:00,so2,PIIANN,59.55,26.566448
2024-06-07 18:00:00,so2,PIIANN,18.67,14.729637
2023-11-04 01:00:00,so2,PIIANN,89.625,58.227306
2024-01-08 13:00:00,so2,PIIANN,4.55,8.193936
2023-03-10 22:00:00,so2,PIIANN,8.7,9.201954
2022-02-01 17:00:00,so2,PIIANN,19.42,17.90877
2024-04-09 20:00:00,so2,PIIANN,15.23,12.220011
2024-03-11 19:00:00,so2,PIIANN,26.58,27.197279
2023-05-08 18:00:00,so2,PIIANN,13.1,11.812296
2022-10-02 11:00:00,so2,PIIANN,13.2,13.608539
2023-08-09 12:00:00,so2,PIIANN,11.766666,11.810793
2022-12-07 06:00:00,so2,PIIANN,4.5700006,5.6513357
2021-04-09 10:00:00,so2,PIIANN,7.98,9.655941
2024-05-12 09:00:00,so2,PIIANN,10.18,12.051102
2021-06-04 11:00:00,so2,PIIANN,33.0,27.364595
2024-10-10 03:00:00,so2,PIIANN,12.9,10.822918
2021-01-05 13:00:00,so2,PIIANN,25.35,24.310728
2022-10-03 22:00:00,so2,PIIANN,26.2,18.13774
2021-09-01 13:00:00,so2,PIIANN,17.52,22.4124
2024-02-09 23:00:00,so2,PIIANN,14.5,14.1365595
2025-01-02 22:00:00,so2,PIIANN,4.05,7.1938
2024-12-01 14:00:00,so2,PIIANN,10.65,10.858691
2021-07-02 09:00:00,so2,PIIANN,7.38,9.376133
2021-12-03 07:00:00,so2,PIIANN,5.75,6.804805
2021-11-07 05:00:00,so2,PIIANN,6.55,7.820344
2025-07-02 05:00:00,so2,PIIANN,4.0,6.434063
2022-02-09 23:00:00,so2,PIIANN,10.25,10.752831
2022-01-11 14:00:00,so2,PIIANN,23.1,22.336525
2022-10-06 12:00:00,so2,PIIANN,15.55,15.027413
2022-02-12 01:00:00,so2,PIIANN,19.55,17.242594
2021-08-11 12:00:00,so2,PIIANN,15.38,17.26807
2022-06-10 07:00:00,so2,PIIANN,14.18,16.878965
2025-10-12 02:00:00,so2,PIIANN,22.13,25.408178
2022-01-03 01:00:00,so2,PIIANN,13.07,13.632889
2021-10-05 18:00:00,so2,PIIANN,18.32,16.385038
2022-12-06 15:00:00,so2,PIIANN,9.9,11.859892
2021-02-06 20:00:00,so2,PIIANN,15.02,17.128084
2021-01-06 05:00:00,so2,PIIANN,8.88,9.589862
2023-12-06 09:00:00,so2,PIIANN,13.4,11.250595
2024-09-06 21:00:00,so2,PIIANN,42.95,40.443394
2023-05-05 14:00:00,so2,PIIANN,19.375,14.220664
2024-03-08 07:00:00,so2,PIIANN,7.3500004,8.823307
2022-09-10 13:00:00,so2,PIIANN,7.5200005,7.3105373
2023-06-09 03:00:00,so2,PIIANN,7.7,7.4073896
2021-09-07 17:00:00,so2,PIIANN,6.2200003,6.9328995
2022-03-07 11:00:00,so2,PIIANN,8.719999,10.803706
2022-09-05 04:00:00,so2,PIIANN,13.98,14.389389
2025-11-06 02:00:00,so2,PIIANN,9.069999,39.539696
2021-02-12 20:00:00,so2,PIIANN,2.500001,3.8368301
2023-06-01 17:00:00,so2,PIIANN,16.5,19.93043
2021-11-02 13:00:00,so2,PIIANN,5.8,9.191296
2022-03-10 05:00:00,so2,PIIANN,8.95,10.340229
2022-05-03 15:00:00,so2,PIIANN,9.82,12.394657
2022-12-06 18:00:00,so2,PIIANN,14.18,12.272617
2024-04-02 15:00:00,so2,PIIANN,20.4,14.853284
2022-08-10 23:00:00,so2,PIIANN,9.75,11.316789
2022-10-06 23:00:00,so2,PIIANN,33.33,20.073723
2025-02-02 20:00:00,so2,PIIANN,7.13,12.974607
2023-02-12 21:00:00,so2,PIIANN,14.525,16.304869
2021-11-08 06:00:00,so2,PIIANN,7.65,7.114114
2024-06-03 21:00:00,so2,PIIANN,10.62,8.600855
2025-08-11 07:00:00,so2,PIIANN,24.4,26.639057
2025-11-09 18:00:00,so2,PIIANN,12.5,10.500405
2021-02-04 09:00:00,so2,PIIANN,29.15,33.109573
2025-02-09 01:00:00,so2,PIIANN,6.5700006,7.708962
2021-12-06 22:00:00,so2,PIIANN,10.65,9.0193615
2022-08-05 19:00:00,so2,PIIANN,21.57,20.115002
2023-06-06 03:00:00,so2,PIIANN,13.581819,12.077084
2021-07-05 16:00:00,so2,PIIANN,16.7,16.06432
2021-01-09 13:00:00,so2,PIIANN,9.52,8.327629
2021-08-12 00:00:00,so2,PIIANN,1.9800005,25.803719
2021-04-06 20:00:00,so2,PIIANN,11.68,12.05893
2023-04-06 14:00:00,so2,PIIANN,19.175,13.312308
2024-12-09 19:00:00,so2,PIIANN,14.38,5.3429775
2021-11-04 03:00:00,so2,PIIANN,24.55,22.222334
2024-06-01 12:00:00,so2,PIIANN,13.25,13.505372
2023-07-12 08:00:00,so2,PIIANN,13.2,13.075346
2021-10-02 20:00:00,so2,PIIANN,6.1800003,8.373681
2021-02-11 13:00:00,so2,PIIANN,8.8,11.877563
2023-03-09 00:00:00,so2,PIIANN,6.5,12.007505
2021-04-05 19:00:00,so2,PIIANN,16.42,14.605724
2021-11-04 01:00:00,so2,PIIANN,27.8,40.208405
2024-08-03 11:00:00,so2,PIIANN,15.68,16.076561
2022-12-07 23:00:00,so2,PIIANN,9.45,11.636468
2024-04-06 12:00:00,so2,PIIANN,42.75,34.8049
2024-03-10 15:00:00,so2,PIIANN,23.3,22.52184
2023-08-10 09:00:00,so2,PIIANN,14.9,14.056515
2024-05-02 15:00:00,so2,PIIANN,6.1500006,11.060915
2022-11-03 23:00:00,so2,PIIANN,22.52,20.059252
2023-08-08 16:00:00,so2,PIIANN,8.174999,7.3476048
2025-11-08 05:00:00,so2,PIIANN,4.3500004,4.967431
2021-01-11 01:00:00,so2,PIIANN,14.75,18.22902
2023-03-11 14:00:00,so2,PIIANN,12.675,13.047532
2023-01-08 12:00:00,so2,PIIANN,5.75,7.706468
2021-08-07 07:00:00,so2,PIIANN,7.4500003,8.123578
2022-04-10 06:00:00,so2,PIIANN,7.92,10.830156
2024-08-01 23:00:00,so2,PIIANN,13.25,13.726831
2024-03-11 07:00:00,so2,PIIANN,12.2,16.558054
2024-01-09 09:00:00,so2,PIIANN,6.88,9.828896
2022-03-11 19:00:00,so2,PIIANN,17.75,21.330114
2023-10-10 11:00:00,so2,PIIANN,12.0,11.360268
2022-03-10 02:00:00,so2,PIIANN,7.5,8.392775
2023-08-05 07:00:00,so2,PIIANN,14.675,13.149188
2025-10-08 17:00:00,so2,PIIANN,4.4300003,4.992568
2023-03-10 14:00:00,so2,PIIANN,17.2,14.925471
2025-04-02 00:00:00,so2,PIIANN,0.6000003,10.289687
2022-11-07 19:00:00,so2,PIIANN,10.07,9.407332
2022-03-10 15:00:00,so2,PIIANN,10.55,10.907423
2025-03-13 02:00:00,so2,PIIANN,24.61221,23.82349
2021-11-07 08:00:00,so2,PIIANN,7.3500004,7.2516394
2023-04-11 14:00:00,so2,PIIANN,17.975,20.917456
2022-01-13 00:00:00,so2,PIIANN,19.186981,18.929218
2023-06-01 15:00:00,so2,PIIANN,17.1,17.497944
2025-02-12 06:00:00,so2,PIIANN,25.72,25.681183
2021-11-02 00:00:00,so2,PIIANN,7.1800003,4.911949
2023-09-08 20:00:00,so2,PIIANN,8.7,8.717759
2025-04-11 18:00:00,so2,PIIANN,7.58,9.677899
2025-01-11 20:00:00,so2,PIIANN,10.45,22.303621
2024-09-09 13:00:00,so2,PIIANN,11.35,8.016275
2023-06-04 18:00:00,so2,PIIANN,10.55,10.133166
2021-06-10 06:00:00,so2,PIIANN,12.18,11.493225
2023-03-11 15:00:00,so2,PIIANN,11.666667,12.822115
2024-01-11 08:00:00,so2,PIIANN,24.17,25.515337
2022-09-08 07:00:00,so2,PIIANN,9.88,8.826894
2022-04-06 02:00:00,so2,PIIANN,24.4,22.74297
2022-11-08 09:00:00,so2,PIIANN,9.57,8.798192
2021-04-04 20:00:00,so2,PIIANN,24.17,28.031918
2023-11-12 02:00:00,so2,PIIANN,9.8,12.103518
2024-11-09 02:00:00,so2,PIIANN,10.9,7.347539
2022-05-08 12:00:00,so2,PIIANN,8.2,7.954645
2024-03-04 04:00:00,so2,PIIANN,35.7,37.088955
2022-02-09 06:00:00,so2,PIIANN,12.12,12.680952
2021-10-11 01:00:00,so2,PIIANN,8.93,11.785658
2021-05-12 00:00:00,so2,PIIANN,5.88,8.98053
2021-08-10 21:00:00,so2,PIIANN,5.42,9.608307
2022-08-03 17:00:00,so2,PIIANN,12.8,13.561893
2022-09-12 07:00:00,so2,PIIANN,13.55,16.02625
2025-11-02 07:00:00,so2,PIIANN,22.05,24.396782
2021-08-07 06:00:00,so2,PIIANN,7.8,8.162066
2023-12-01 12:00:00,so2,PIIANN,10.2,11.985628
2025-10-07 11:00:00,so2,PIIANN,7.5200005,7.1232424
2022-10-12 11:00:00,so2,PIIANN,14.08,21.4438
2024-03-08 15:00:00,so2,PIIANN,7.5,7.3585215
2021-04-06 18:00:00,so2,PIIANN,11.42,13.771326
2025-09-05 17:00:00,so2,PIIANN,11.35,13.552827
2021-03-08 00:00:00,so2,PIIANN,9.4,9.9957695
2024-01-10 07:00:00,so2,PIIANN,14.4,14.236378
2024-09-12 00:00:00,so2,PIIANN,7.85,12.225885
2025-05-12 16:00:00,so2,PIIANN,22.57,18.200035
2022-11-10 05:00:00,so2,PIIANN,8.07,7.9714036
2024-05-04 13:00:00,so2,PIIANN,7.8199997,11.153448
2023-05-04 09:00:00,so2,PIIANN,40.8,19.539791
2025-07-05 01:00:00,so2,PIIANN,18.95,10.469594
2022-04-02 11:00:00,so2,PIIANN,13.82,10.595584
2023-12-06 04:00:00,so2,PIIANN,8.35,8.361367
2023-08-03 20:00:00,so2,PIIANN,17.075,23.124235
2025-12-08 19:00:00,so2,PIIANN,8.78,6.125065
2024-01-07 04:00:00,so2,PIIANN,18.15,16.974451
2021-02-03 10:00:00,so2,PIIANN,24.0,15.876182
2021-05-10 00:00:00,so2,PIIANN,12.18,14.937434
2023-11-05 01:00:00,so2,PIIANN,60.3,44.282013
2023-02-09 17:00:00,so2,PIIANN,10.122222,8.739933
2025-05-10 04:00:00,so2,PIIANN,23.58,21.865671
2024-02-01 20:00:00,so2,PIIANN,27.42,16.811867
2021-07-03 10:00:00,so2,PIIANN,9.23,11.454715
2025-11-12 05:00:00,so2,PIIANN,4.2700005,10.352825
2024-04-07 14:00:00,so2,PIIANN,19.63,17.103207
2024-04-10 19:00:00,so2,PIIANN,22.0,22.592278
2022-07-09 03:00:00,so2,PIIANN,9.48,11.522519
2025-08-11 15:00:00,so2,PIIANN,8.07,10.253468
2021-07-02 19:00:00,so2,PIIANN,9.6,13.295625
2023-04-12 00:00:00,so2,PIIANN,9.925,10.813993
2022-04-11 10:00:00,so2,PIIANN,14.32,20.790085
2025-12-03 10:00:00,so2,PIIANN,24.95,28.619213
2021-02-02 08:00:00,so2,PIIANN,12.77,11.863541
2021-01-03 11:00:00,so2,PIIANN,22.7,12.844627
2025-11-05 08:00:00,so2,PIIANN,18.2,17.425282
2021-05-05 10:00:00,so2,PIIANN,16.62,16.17912
2025-08-05 21:00:00,so2,PIIANN,13.6,17.364689
2025-06-09 17:00:00,so2,PIIANN,7.7799997,7.187193
2023-07-07 12:00:00,so2,PIIANN,7.0,8.650979
2025-07-05 08:00:00,so2,PIIANN,16.27,14.816947
2024-06-05 19:00:00,so2,PIIANN,28.0,29.963074
2025-01-05 22:00:00,so2,PIIANN,14.4,12.39977
2023-12-05 21:00:00,so2,PIIANN,25.075,28.950151
2023-07-10 14:00:00,so2,PIIANN,14.0,11.677541
2023-11-09 01:00:00,so2,PIIANN,8.7,6.8091784
2023-07-02 20:00:00,so2,PIIANN,18.2,21.849113
2025-01-11 21:00:00,so2,PIIANN,7.7199993,13.5543785
2021-06-12 06:00:00,so2,PIIANN,1.7799997,2.1058664
2021-01-10 22:00:00,so2,PIIANN,10.92,13.470215
2022-04-11 05:00:00,so2,PIIANN,21.75,22.458288
2025-07-10 17:00:00,so2,PIIANN,9.8,10.749707
2022-07-05 04:00:00,so2,PIIANN,11.9,14.4912405
2021-12-10 09:00:00,so2,PIIANN,3.0,7.7098346
2025-02-09 08:00:00,so2,PIIANN,7.13,7.1316195
2021-08-08 21:00:00,so2,PIIANN,9.43,6.3331337
2023-12-03 17:00:00,so2,PIIANN,18.175,17.03323
2024-04-08 06:00:00,so2,PIIANN,8.52,9.849827
2022-05-07 13:00:00,so2,PIIANN,10.27,10.170051
2021-06-10 09:00:00,so2,PIIANN,12.18,12.24373
2021-12-11 09:00:00,so2,PIIANN,19.85,33.42679
2025-04-09 03:00:00,so2,PIIANN,4.45,5.583769
2025-05-10 12:00:00,so2,PIIANN,5.55,11.48452
2021-01-05 12:00:00,so2,PIIANN,29.549997,26.024443
2021-08-04 03:00:00,so2,PIIANN,24.1,22.98458
2025-08-08 22:00:00,so2,PIIANN,3.1999998,5.6839533
2025-01-10 02:00:00,so2,PIIANN,8.97,8.3549595
2022-03-05 06:00:00,so2,PIIANN,11.78,13.677054
2025-04-08 13:00:00,so2,PIIANN,5.0,5.614976
2023-10-02 13:00:00,so2,PIIANN,22.025,18.764223
2023-12-05 08:00:00,so2,PIIANN,26.65,25.408775
2023-10-01 16:00:00,so2,PIIANN,14.533334,11.830096
2021-06-12 22:00:00,so2,PIIANN,1.1199999,1.5318985
2024-12-08 10:00:00,so2,PIIANN,8.53,8.763467
2025-09-03 15:00:00,so2,PIIANN,14.77,14.093959
2024-11-05 20:00:00,so2,PIIANN,25.82,24.966341
2021-04-09 14:00:00,so2,PIIANN,8.319999,10.609633
2023-03-01 23:00:00,so2,PIIANN,11.9,15.466982
2023-11-01 14:00:00,so2,PIIANN,10.175,10.498464
2024-06-06 22:00:00,so2,PIIANN,23.9,20.897266
2022-01-06 17:00:00,so2,PIIANN,14.18,14.859943
2022-09-11 21:00:00,so2,PIIANN,14.78,20.536911
2023-10-10 05:00:00,so2,PIIANN,13.95,13.886749
2025-10-06 08:00:00,so2,PIIANN,28.57,29.226437
2021-11-07 00:00:00,so2,PIIANN,9.1,8.278227
2021-06-01 12:00:00,so2,PIIANN,8.399999,9.124039
2023-04-06 07:00:00,so2,PIIANN,12.18,12.626038
2022-08-03 10:00:00,so2,PIIANN,55.88,44.11649
2025-10-04 11:00:00,so2,PIIANN,30.98,31.494236
2023-02-03 07:00:00,so2,PIIANN,23.75,20.00028
2021-09-06 03:00:00,so2,PIIANN,15.68,17.792929
2025-02-03 12:00:00,so2,PIIANN,12.55,14.560742
2025-03-09 19:00:00,so2,PIIANN,4.9300003,6.0520334
2025-03-07 09:00:00,so2,PIIANN,14.5,12.219849
2022-06-09 07:00:00,so2,PIIANN,11.08,11.662417
2021-06-01 20:00:00,so2,PIIANN,6.9800005,9.21473
2022-07-04 12:00:00,so2,PIIANN,28.32,27.428719
2021-06-11 19:00:00,so2,PIIANN,38.98,22.18149
2022-04-07 12:00:00,so2,PIIANN,7.7499995,9.528547
2022-10-02 16:00:00,so2,PIIANN,12.25,12.538067
2023-09-12 13:00:00,so2,PIIANN,18.666666,16.284168
2023-07-11 05:00:00,so2,PIIANN,13.175,13.7485
2022-08-02 02:00:00,so2,PIIANN,8.12,14.819616
2025-07-03 23:00:00,so2,PIIANN,18.12,17.922073
2023-04-08 01:00:00,so2,PIIANN,7.6386666,5.762206
2024-06-11 15:00:00,so2,PIIANN,18.58,11.789687
2025-07-03 08:00:00,so2,PIIANN,20.13,22.194233
2024-07-08 16:00:00,so2,PIIANN,9.0,14.245513
2021-02-09 07:00:00,so2,PIIANN,7.8,7.0002403
2023-02-12 10:00:00,so2,PIIANN,14.966666,12.403216
2024-08-08 06:00:00,so2,PIIANN,10.22,8.622287
2021-06-07 05:00:00,so2,PIIANN,6.2,7.0862274
2022-02-04 06:00:00,so2,PIIANN,45.42,56.517487
2023-12-02 04:00:00,so2,PIIANN,29.05,18.357906
2024-03-06 20:00:00,so2,PIIANN,33.58,25.348408
2021-02-02 04:00:00,so2,PIIANN,9.2,9.197437
2024-12-06 17:00:00,so2,PIIANN,23.62,22.301966
2021-01-06 03:00:00,so2,PIIANN,9.0,9.866152
2021-02-04 05:00:00,so2,PIIANN,38.92,35.855232
2023-10-12 08:00:00,so2,PIIANN,12.35,12.912015
2022-07-09 21:00:00,so2,PIIANN,9.72,12.861101
2023-11-08 12:00:00,so2,PIIANN,7.95,7.825707
2023-07-09 22:00:00,so2,PIIANN,8.25,8.765901
2024-07-06 06:00:00,so2,PIIANN,19.88,20.847176
2021-07-03 07:00:00,so2,PIIANN,6.325,10.167152
2021-09-02 23:00:00,so2,PIIANN,8.38,11.15874
2024-07-04 00:00:00,so2,PIIANN,42.72,9.411971
2025-08-09 19:00:00,so2,PIIANN,13.52,10.977892
2023-08-06 20:00:00,so2,PIIANN,19.175,17.895176
2023-08-08 08:00:00,so2,PIIANN,7.775,7.9695563
2021-12-10 18:00:00,so2,PIIANN,6.62,10.263769
2021-09-12 02:00:00,so2,PIIANN,1.1000004,4.4303026
2023-04-03 15:00:00,so2,PIIANN,21.9,18.820122
2023-02-02 20:00:00,so2,PIIANN,25.675,25.285736
2023-10-11 23:00:00,so2,PIIANN,10.775,10.21553
2025-01-05 11:00:00,so2,PIIANN,26.2,21.902954
2022-06-02 06:00:00,so2,PIIANN,14.27,19.963917
2022-01-09 23:00:00,so2,PIIANN,10.2,9.984359
2021-02-06 03:00:00,so2,PIIANN,9.6,8.17964
2022-01-05 12:00:00,so2,PIIANN,21.3,19.643225
2021-03-05 04:00:00,so2,PIIANN,19.82,16.565987
2023-03-11 08:00:00,so2,PIIANN,17.525,16.624907
2022-03-03 05:00:00,so2,PIIANN,11.25,14.650903
2023-08-03 17:00:00,so2,PIIANN,17.95,18.375998
2024-02-08 08:00:00,so2,PIIANN,9.37,10.71011
2024-12-13 01:00:00,so2,PIIANN,11.303713,11.233088
2025-07-11 01:00:00,so2,PIIANN,18.27,18.910074
2024-08-09 06:00:00,so2,PIIANN,9.4,8.401895
2021-09-02 09:00:00,so2,PIIANN,6.1000004,9.401264
2023-07-07 05:00:00,so2,PIIANN,8.233333,6.670272
2022-09-10 10:00:00,so2,PIIANN,8.75,6.3876705
2023-09-02 06:00:00,so2,PIIANN,16.75,17.552523
2025-06-05 12:00:00,so2,PIIANN,13.42,15.111344
2025-12-05 09:00:00,so2,PIIANN,11.18,15.482402
2021-09-05 10:00:00,so2,PIIANN,22.75,21.045013
2022-10-12 07:00:00,so2,PIIANN,15.12,14.249304
2021-02-07 09:00:00,so2,PIIANN,9.43,12.071366
2021-12-10 01:00:00,so2,PIIANN,6.2800007,8.851174
2022-05-09 16:00:00,so2,PIIANN,9.82,9.985581
2024-09-07 02:00:00,so2,PIIANN,38.6496,39.967907
2023-04-07 10:00:00,so2,PIIANN,7.4000006,9.405523
2025-12-01 18:00:00,so2,PIIANN,5.9300003,7.0812693
2021-05-05 13:00:00,so2,PIIANN,17.6,16.123716
2023-03-06 01:00:00,so2,PIIANN,9.775,11.946482
2022-06-10 20:00:00,so2,PIIANN,22.63,12.708214
2022-09-12 13:00:00,so2,PIIANN,30.02,18.94376
2022-06-01 16:00:00,so2,PIIANN,10.42,12.342033
2025-05-12 02:00:00,so2,PIIANN,24.52,26.480785
2021-04-11 21:00:00,so2,PIIANN,62.0,27.187632
2021-04-04 13:00:00,so2,PIIANN,12.1,14.324393
2025-03-02 06:00:00,so2,PIIANN,3.25,5.311187
2021-12-01 12:00:00,so2,PIIANN,4.2800007,5.772826
2023-12-07 15:00:00,so2,PIIANN,7.625,7.8987374
2023-12-13 01:00:00,so2,PIIANN,12.329924,12.356631
2023-10-03 11:00:00,so2,PIIANN,29.35,28.031485
2022-10-09 00:00:00,so2,PIIANN,6.75,9.810238
2021-04-04 01:00:00,so2,PIIANN,19.95,19.048557
2025-07-04 06:00:00,so2,PIIANN,45.15,35.971306
2022-08-03 21:00:00,so2,PIIANN,18.92,22.567652
2023-12-06 05:00:00,so2,PIIANN,10.266666,8.203381
2023-02-11 10:00:00,so2,PIIANN,21.2,17.28015
2022-04-05 14:00:00,so2,PIIANN,21.46,22.456644
2021-12-06 02:00:00,so2,PIIANN,8.499999,9.2091255
2023-06-02 02:00:00,so2,PIIANN,19.4,18.819857
2023-03-04 07:00:00,so2,PIIANN,12.325,11.492381
2023-10-02 04:00:00,so2,PIIANN,10.775,11.085749
2022-08-08 00:00:00,so2,PIIANN,9.18,10.376998
2022-05-02 21:00:00,so2,PIIANN,11.08,15.088633
2025-03-09 15:00:00,so2,PIIANN,5.92,7.4784355
2023-12-02 11:00:00,so2,PIIANN,15.925,16.943361
2023-01-09 13:00:00,so2,PIIANN,10.575,9.283848
2025-12-01 13:00:00,so2,PIIANN,4.3500004,4.9153986
2025-03-09 18:00:00,so2,PIIANN,5.2800007,6.0662737
2024-09-11 06:00:00,so2,PIIANN,2.6899996,3.6331692
2022-11-02 02:00:00,so2,PIIANN,12.72,13.608631
2023-08-09 19:00:00,so2,PIIANN,9.225,10.834015
2023-01-11 21:00:00,so2,PIIANN,13.71875,16.36515
2024-12-04 14:00:00,so2,PIIANN,31.42,17.42016
2022-06-02 07:00:00,so2,PIIANN,12.67,18.861221
2021-06-10 04:00:00,so2,PIIANN,12.18,10.186328
2023-04-10 18:00:00,so2,PIIANN,9.3,14.129304
2023-07-11 13:00:00,so2,PIIANN,17.05,15.623546
2021-07-13 02:00:00,so2,PIIANN,2.5472002,4.3424025
2021-04-10 04:00:00,so2,PIIANN,7.8,7.5232806
2025-01-09 20:00:00,so2,PIIANN,7.13,8.025039
2023-06-11 10:00:00,so2,PIIANN,20.133333,17.958868
2023-06-06 16:00:00,so2,PIIANN,18.25,15.877964
2021-12-02 18:00:00,so2,PIIANN,6.9300003,10.304101
2022-01-04 10:00:00,so2,PIIANN,38.67,35.212612
2024-11-01 18:00:00,so2,PIIANN,7.7499995,11.043586
2024-06-05 11:00:00,so2,PIIANN,24.8,27.710371
2025-01-05 20:00:00,so2,PIIANN,13.87,14.926021
2024-02-10 02:00:00,so2,PIIANN,25.22,20.794743
2022-04-07 08:00:00,so2,PIIANN,7.6699996,8.889797
2021-12-07 04:00:00,so2,PIIANN,6.45,8.4210825
2025-10-03 07:00:00,so2,PIIANN,13.18,14.343557
2022-02-07 07:00:00,so2,PIIANN,7.43,8.803302
2023-01-01 18:00:00,so2,PIIANN,10.225,15.880474
2023-08-11 19:00:00,so2,PIIANN,15.05,19.089403
2023-10-07 08:00:00,so2,PIIANN,7.2,7.511856
2022-10-06 16:00:00,so2,PIIANN,14.05,14.302483
2024-05-09 21:00:00,so2,PIIANN,13.3,13.909573
2022-01-01 22:00:00,so2,PIIANN,13.75,15.680671
2024-08-05 09:00:00,so2,PIIANN,37.5,22.971027
2025-05-04 02:00:00,so2,PIIANN,22.64,18.975407
2022-02-10 03:00:00,so2,PIIANN,7.38,8.073294
2022-03-02 09:00:00,so2,PIIANN,10.48,10.567057
2024-01-08 03:00:00,so2,PIIANN,9.35,8.457559
2025-12-04 06:00:00,so2,PIIANN,25.48,23.094751
2021-04-10 09:00:00,so2,PIIANN,13.95,11.211133
2024-04-02 03:00:00,so2,PIIANN,21.65,20.969622
2023-07-07 01:00:00,so2,PIIANN,8.15,6.2888594
2023-10-06 02:00:00,so2,PIIANN,13.2,11.788865
2025-02-07 13:00:00,so2,PIIANN,10.98,10.462248
2024-10-10 02:00:00,so2,PIIANN,10.02,10.169485
2024-01-10 14:00:00,so2,PIIANN,13.2,12.767263
2024-12-12 09:00:00,so2,PIIANN,17.6,17.507935
2022-04-03 17:00:00,so2,PIIANN,13.1,14.412323
2022-01-05 02:00:00,so2,PIIANN,30.8,44.786777
2024-04-03 03:00:00,so2,PIIANN,5.7,8.886294
2021-05-01 17:00:00,so2,PIIANN,7.6799994,9.42821
2023-02-08 22:00:00,so2,PIIANN,9.625,8.02409
2021-03-02 22:00:00,so2,PIIANN,23.62,20.822323
2022-10-06 21:00:00,so2,PIIANN,33.65,33.03396
2022-07-02 13:00:00,so2,PIIANN,9.47,10.383179
2025-11-02 08:00:00,so2,PIIANN,3.3000002,22.907421
2022-01-05 06:00:00,so2,PIIANN,12.98,16.867317
2023-04-10 12:00:00,so2,PIIANN,14.3,12.912989
2022-05-12 06:00:00,so2,PIIANN,13.23,13.95007
2022-07-09 00:00:00,so2,PIIANN,9.55,10.263501
2021-11-04 02:00:00,so2,PIIANN,21.3,27.220894
2023-03-01 09:00:00,so2,PIIANN,19.7,19.994104
2025-09-07 07:00:00,so2,PIIANN,5.58,7.515399
2023-09-07 09:00:00,so2,PIIANN,6.7,7.8044753
2023-06-07 14:00:00,so2,PIIANN,5.8500004,7.4862022
2025-07-02 19:00:00,so2,PIIANN,17.52,19.769577
2021-01-09 05:00:00,so2,PIIANN,9.05,8.090561
2025-02-10 09:00:00,so2,PIIANN,6.9800005,11.646993
2022-03-10 04:00:00,so2,PIIANN,8.52,9.700382
2025-03-08 06:00:00,so2,PIIANN,0.30000016,9.584947
2023-03-09 02:00:00,so2,PIIANN,6.6000004,7.7721577
2024-10-03 02:00:00,so2,PIIANN,7.1000004,10.5898075
2023-08-02 20:00:00,so2,PIIANN,22.541666,22.25087
2025-07-02 17:00:00,so2,PIIANN,22.92,10.867561
2022-03-04 14:00:00,so2,PIIANN,22.22,20.59858
2023-08-01 14:00:00,so2,PIIANN,20.6,16.50052
2022-04-05 17:00:00,so2,PIIANN,15.85,18.758175
2021-11-09 23:00:00,so2,PIIANN,7.1000004,8.990255
2021-02-06 21:00:00,so2,PIIANN,13.12,14.978267
2025-07-06 18:00:00,so2,PIIANN,13.35,14.825145
2023-08-06 15:00:00,so2,PIIANN,17.825,14.652138
2023-08-11 18:00:00,so2,PIIANN,16.15,20.054882
2025-01-08 21:00:00,so2,PIIANN,4.0300007,5.7806015
2023-07-05 03:00:00,so2,PIIANN,18.875,17.409948
2022-01-11 22:00:00,so2,PIIANN,18.6,16.187244
2024-10-09 06:00:00,so2,PIIANN,1.3500004,4.0194607
2025-07-03 11:00:00,so2,PIIANN,14.32,19.739847
2023-05-02 11:00:00,so2,PIIANN,21.95,19.48792
2021-03-09 04:00:00,so2,PIIANN,5.9800005,5.9392567
2025-11-07 16:00:00,so2,PIIANN,7.7799997,8.154898
2025-10-07 07:00:00,so2,PIIANN,3.75,4.9169683
2025-10-09 13:00:00,so2,PIIANN,8.43,7.529269
2023-07-07 04:00:00,so2,PIIANN,7.8,6.744179
2025-08-02 05:00:00,so2,PIIANN,7.05,8.880556
2021-11-13 02:00:00,so2,PIIANN,5.3446655,10.092057
2021-10-10 01:00:00,so2,PIIANN,4.6000004,9.629681
2025-06-12 17:00:00,so2,PIIANN,37.53,15.556909
2023-04-12 05:00:00,so2,PIIANN,10.6,10.965331
2021-12-01 22:00:00,so2,PIIANN,9.8,8.430385
2025-08-02 13:00:00,so2,PIIANN,10.0,10.299297
2025-05-11 11:00:00,so2,PIIANN,5.45,10.840459
2022-09-06 06:00:00,so2,PIIANN,15.4,15.821898
2025-10-04 15:00:00,so2,PIIANN,31.85,23.452496
2023-11-10 02:00:00,so2,PIIANN,9.6,8.309123
2025-02-07 04:00:00,so2,PIIANN,14.9,12.291927
2023-06-03 03:00:00,so2,PIIANN,14.85,12.899312
2022-11-12 06:00:00,so2,PIIANN,11.7,10.329302
2022-05-10 16:00:00,so2,PIIANN,13.02,14.808151
2022-02-10 07:00:00,so2,PIIANN,8.12,10.419246
2022-08-10 06:00:00,so2,PIIANN,9.25,8.387611
2023-10-05 11:00:00,so2,PIIANN,19.5,22.598679
2022-09-06 04:00:00,so2,PIIANN,17.73,21.782282
2021-03-06 22:00:00,so2,PIIANN,13.55,11.049748
2024-08-04 20:00:00,so2,PIIANN,28.449999,18.245832
2022-03-09 04:00:00,so2,PIIANN,10.35,10.0588
2021-02-01 17:00:00,so2,PIIANN,11.52,16.167555
2025-09-02 09:00:00,so2,PIIANN,9.45,6.909786
2025-11-04 00:00:00,so2,PIIANN,25.67,10.390282
2024-02-03 09:00:00,so2,PIIANN,7.1000004,9.721486
2021-09-04 21:00:00,so2,PIIANN,33.75,33.041183
2024-06-08 11:00:00,so2,PIIANN,5.55,8.739746
2025-12-07 07:00:00,so2,PIIANN,5.3200006,6.2334146
2021-06-05 22:00:00,so2,PIIANN,9.22,9.146313
2021-05-12 18:00:00,so2,PIIANN,0.22000024,3.8074284
2023-01-07 06:00:00,so2,PIIANN,8.425,6.559147
2025-02-02 01:00:00,so2,PIIANN,1.1833344,3.7957802
2024-03-05 00:00:00,so2,PIIANN,73.91999,42.690327
2022-04-11 17:00:00,so2,PIIANN,16.92,18.32393
2022-07-12 16:00:00,so2,PIIANN,18.65,15.554308
2023-10-08 15:00:00,so2,PIIANN,7.575,4.84459
2023-11-10 18:00:00,so2,PIIANN,13.1,12.470923
2024-06-08 18:00:00,so2,PIIANN,6.25,8.729366
2021-09-03 04:00:00,so2,PIIANN,10.38,12.517026
2024-11-11 04:00:00,so2,PIIANN,6.55,7.976417
2022-03-04 12:00:00,so2,PIIANN,25.9,22.99532
2022-10-04 00:00:00,so2,PIIANN,76.85,28.005857
2023-02-11 13:00:00,so2,PIIANN,28.975,26.012098
2023-12-12 13:00:00,so2,PIIANN,17.7,16.500296
2021-07-03 17:00:00,so2,PIIANN,7.7799997,10.682059
2023-12-12 08:00:00,so2,PIIANN,15.5,15.543609
2025-01-10 09:00:00,so2,PIIANN,6.9800005,9.268692
2022-01-08 07:00:00,so2,PIIANN,9.48,9.846313
2024-09-07 01:00:00,so2,PIIANN,39.9064,40.840992
2025-02-10 20:00:00,so2,PIIANN,16.0,17.02576
2024-11-06 19:00:00,so2,PIIANN,29.28,27.479895
2024-09-05 13:00:00,so2,PIIANN,24.2,23.806831
2023-06-08 22:00:00,so2,PIIANN,6.575,6.518757
2023-02-07 04:00:00,so2,PIIANN,6.325,6.528447
2022-07-09 04:00:00,so2,PIIANN,9.28,10.304088
2025-07-04 23:00:00,so2,PIIANN,46.28,46.3399
2022-05-08 08:00:00,so2,PIIANN,8.13,9.790102
2024-05-07 23:00:00,so2,PIIANN,20.85,15.355936
2023-11-07 15:00:00,so2,PIIANN,12.7,9.610719
2025-12-11 16:00:00,so2,PIIANN,28.42,27.207235
2023-01-11 02:00:00,so2,PIIANN,12.6,12.422741
2025-01-12 06:00:00,so2,PIIANN,31.85,27.190044
2025-09-09 00:00:00,so2,PIIANN,11.6,8.989226
2023-09-04 22:00:00,so2,PIIANN,25.3,29.359653
2024-05-07 00:00:00,so2,PIIANN,23.9,17.178635
2024-04-05 17:00:00,so2,PIIANN,28.579998,24.822245
2022-08-09 05:00:00,so2,PIIANN,7.7799997,8.95008
2022-04-05 08:00:00,so2,PIIANN,16.0,19.289068
2023-02-02 06:00:00,so2,PIIANN,9.175,10.04231
2025-10-03 06:00:00,so2,PIIANN,11.3,14.235649
2021-07-12 04:00:00,so2,PIIANN,1.1000004,2.4726372
2021-02-12 11:00:00,so2,PIIANN,3.0500002,4.762043
2024-01-10 11:00:00,so2,PIIANN,12.58,12.931979
2024-01-12 17:00:00,so2,PIIANN,15.12,18.74025
2025-07-04 09:00:00,so2,PIIANN,31.4,33.76127
2024-02-02 05:00:00,so2,PIIANN,10.3,10.559084
2024-04-10 14:00:00,so2,PIIANN,9.57,10.941469
2024-03-09 18:00:00,so2,PIIANN,14.28,11.681318
2024-04-02 23:00:00,so2,PIIANN,9.12,9.460197
2022-08-07 17:00:00,so2,PIIANN,9.08,10.380858
2022-11-01 10:00:00,so2,PIIANN,17.28,14.763997
2023-02-01 17:00:00,so2,PIIANN,12.9,14.913559
2024-11-06 06:00:00,so2,PIIANN,55.7,74.95237
2022-04-03 18:00:00,so2,PIIANN,14.95,14.679032
2022-04-11 19:00:00,so2,PIIANN,14.8,13.925535
2023-01-05 19:00:00,so2,PIIANN,11.025,9.363594
2025-01-12 00:00:00,so2,PIIANN,23.4,15.222733
2025-02-09 22:00:00,so2,PIIANN,4.8433332,8.347014
2024-08-09 16:00:00,so2,PIIANN,10.68,8.970558
2022-09-11 06:00:00,so2,PIIANN,11.68,12.940515
2023-05-09 13:00:00,so2,PIIANN,9.25,9.55215
2022-08-06 08:00:00,so2,PIIANN,20.53,30.805363
2022-05-06 11:00:00,so2,PIIANN,14.75,15.938438
2022-06-10 19:00:00,so2,PIIANN,15.7,11.81021
2022-07-04 11:00:00,so2,PIIANN,36.15,31.576235
2022-01-06 18:00:00,so2,PIIANN,16.08,19.321636
2025-12-08 17:00:00,so2,PIIANN,6.2300005,5.5886583
2024-11-08 21:00:00,so2,PIIANN,4.4000006,6.8964243
2024-06-07 16:00:00,so2,PIIANN,19.35,14.935013
2025-02-03 03:00:00,so2,PIIANN,2.3000002,6.3242044
2021-08-10 04:00:00,so2,PIIANN,12.18,11.511871
2023-07-02 00:00:00,so2,PIIANN,13.466666,11.857301
2022-04-02 14:00:00,so2,PIIANN,11.52,12.630551
2024-04-11 16:00:00,so2,PIIANN,13.25,14.26858
2025-02-09 09:00:00,so2,PIIANN,7.05,7.3496704
2024-04-10 02:00:00,so2,PIIANN,18.8,15.801468
2023-07-03 22:00:00,so2,PIIANN,18.433332,18.848522
2023-05-01 22:00:00,so2,PIIANN,12.18,12.32846
2021-04-03 08:00:00,so2,PIIANN,12.18,16.49271
2023-03-08 16:00:00,so2,PIIANN,8.366667,7.642984
2022-03-10 22:00:00,so2,PIIANN,8.279999,10.22985
2023-12-06 08:00:00,so2,PIIANN,12.7,12.548472
2024-12-08 22:00:00,so2,PIIANN,7.9,11.300966
2025-01-02 18:00:00,so2,PIIANN,10.0,12.608018
2023-02-09 08:00:00,so2,PIIANN,10.65,10.504259
2022-02-06 03:00:00,so2,PIIANN,16.58,18.499054
2021-07-04 17:00:00,so2,PIIANN,9.68,12.811079
2023-09-10 12:00:00,so2,PIIANN,11.375,11.334979
2024-01-04 03:00:00,so2,PIIANN,16.02,16.641619
2025-09-08 12:00:00,so2,PIIANN,4.92,6.259739
2025-07-05 00:00:00,so2,PIIANN,15.25,39.325283
2025-09-07 00:00:00,so2,PIIANN,9.9,22.315903
2021-08-07 10:00:00,so2,PIIANN,7.6799994,7.9458475
2021-09-11 19:00:00,so2,PIIANN,19.6,20.72352
2024-04-03 14:00:00,so2,PIIANN,6.6000004,10.285741
2022-08-12 17:00:00,so2,PIIANN,18.82,19.57372
2023-09-01 21:00:00,so2,PIIANN,20.6,17.046627
2023-01-10 02:00:00,so2,PIIANN,9.1125,8.172897
2025-05-11 09:00:00,so2,PIIANN,7.25,11.520214
2023-07-06 22:00:00,so2,PIIANN,13.175,12.242938
2024-01-10 00:00:00,so2,PIIANN,10.97,8.084262
2024-09-05 14:00:00,so2,PIIANN,23.92,23.49582
2021-09-04 19:00:00,so2,PIIANN,21.95,17.232973
2022-12-10 20:00:00,so2,PIIANN,10.63,13.6676035
2023-02-06 18:00:00,so2,PIIANN,13.9,13.712317
2023-05-06 01:00:00,so2,PIIANN,15.2,11.480511
2023-02-12 05:00:00,so2,PIIANN,10.2,9.828639
2025-12-12 22:00:00,so2,PIIANN,28.7,21.363447
2022-05-02 22:00:00,so2,PIIANN,15.52,12.918503
2021-02-07 08:00:00,so2,PIIANN,10.2,12.814208
2024-01-08 19:00:00,so2,PIIANN,10.82,9.450588
2021-10-09 08:00:00,so2,PIIANN,8.9,9.0192585
2021-12-07 01:00:00,so2,PIIANN,7.12,9.82467
2025-07-11 19:00:00,so2,PIIANN,18.48,25.00338
2023-11-11 06:00:00,so2,PIIANN,10.775,9.08445
2023-11-05 02:00:00,so2,PIIANN,62.5,52.97023
2025-08-03 07:00:00,so2,PIIANN,14.72,13.603675
2024-08-11 11:00:00,so2,PIIANN,4.25,6.97246
2021-02-07 11:00:00,so2,PIIANN,9.28,10.331901
2025-03-09 21:00:00,so2,PIIANN,6.8,6.684078
2021-04-09 08:00:00,so2,PIIANN,7.1500006,7.8816857
2021-02-03 09:00:00,so2,PIIANN,19.35,12.775262
2025-02-13 01:00:00,so2,PIIANN,27.92,26.418407
2022-09-10 20:00:00,so2,PIIANN,9.6,7.661222
2022-08-04 01:00:00,so2,PIIANN,72.13,55.79864
2022-01-12 12:00:00,so2,PIIANN,19.55,19.952892
2022-10-09 14:00:00,so2,PIIANN,11.03,11.123752
2025-08-06 12:00:00,so2,PIIANN,8.98,14.5057125
2022-05-05 11:00:00,so2,PIIANN,20.62,16.981928
2022-02-02 04:00:00,so2,PIIANN,8.12,7.4174037
2023-06-12 01:00:00,so2,PIIANN,13.333333,11.65267
2025-11-06 05:00:00,so2,PIIANN,5.8,13.518189
2024-08-11 21:00:00,so2,PIIANN,19.72,17.62647
2023-02-01 09:00:00,so2,PIIANN,10.166667,10.111608
2025-03-09 12:00:00,so2,PIIANN,5.95,8.817117
2022-06-10 14:00:00,so2,PIIANN,12.53,12.869302
2021-08-08 23:00:00,so2,PIIANN,10.4,8.753529
2021-07-08 13:00:00,so2,PIIANN,8.93,7.1975193
2025-04-06 06:00:00,so2,PIIANN,12.4,13.872403
2025-04-12 06:00:00,so2,PIIANN,32.92,29.276966
2022-03-02 15:00:00,so2,PIIANN,26.08,12.500367
2024-09-03 23:00:00,so2,PIIANN,10.25,12.701881
2022-10-10 18:00:00,so2,PIIANN,6.7200003,6.670145
2021-04-01 14:00:00,so2,PIIANN,9.6,10.256596
2024-04-04 17:00:00,so2,PIIANN,19.2,17.696941
2021-10-04 22:00:00,so2,PIIANN,51.85,71.16035
2021-10-06 05:00:00,so2,PIIANN,8.82,9.303926
2025-11-12 23:00:00,so2,PIIANN,4.7300005,15.407213
2025-05-05 21:00:00,so2,PIIANN,12.5,11.154798
2023-10-06 18:00:00,so2,PIIANN,16.375,13.154225
2021-06-05 20:00:00,so2,PIIANN,8.55,9.609158
2021-11-12 22:00:00,so2,PIIANN,4.9300003,9.164117
2023-10-05 19:00:00,so2,PIIANN,32.65,21.116941
2021-03-02 02:00:00,so2,PIIANN,11.4,15.191085
2024-10-07 01:00:00,so2,PIIANN,46.5644,46.04186
2024-01-04 06:00:00,so2,PIIANN,15.75,15.783432
2022-11-04 10:00:00,so2,PIIANN,37.48,75.673195
2022-03-11 04:00:00,so2,PIIANN,13.73,14.964597
2024-04-07 07:00:00,so2,PIIANN,22.38,18.660202
2021-10-08 09:00:00,so2,PIIANN,6.38,8.4933815
2022-10-09 15:00:00,so2,PIIANN,10.38,11.751602
2025-03-04 14:00:00,so2,PIIANN,18.2,9.859414
2023-10-10 15:00:00,so2,PIIANN,12.1,12.050625
2024-12-08 02:00:00,so2,PIIANN,5.7,6.9169674
2024-03-07 13:00:00,so2,PIIANN,19.73,19.133818
2023-01-05 12:00:00,so2,PIIANN,13.5,9.082915
2022-06-06 02:00:00,so2,PIIANN,16.4,20.444483
2022-04-07 02:00:00,so2,PIIANN,9.1,9.599842
2023-11-03 13:00:00,so2,PIIANN,25.0,21.214655
2025-08-10 16:00:00,so2,PIIANN,8.499999,11.383269
2024-09-10 21:00:00,so2,PIIANN,17.1,27.12628
2025-02-06 18:00:00,so2,PIIANN,18.02,14.7734785
2022-05-02 23:00:00,so2,PIIANN,18.15,12.227962
2023-09-06 16:00:00,so2,PIIANN,15.975,13.047646
2025-08-07 22:00:00,so2,PIIANN,10.37,9.489762
2024-10-09 22:00:00,so2,PIIANN,10.22,10.409616
2022-02-01 14:00:00,so2,PIIANN,21.67,16.907093
2024-07-09 23:00:00,so2,PIIANN,3.5,7.9655237
2022-04-07 09:00:00,so2,PIIANN,7.3200006,9.728354
2021-04-08 15:00:00,so2,PIIANN,7.1500006,7.715575
2021-04-08 16:00:00,so2,PIIANN,6.3,7.93986
2024-08-05 23:00:00,so2,PIIANN,30.3,22.449903
2022-01-10 14:00:00,so2,PIIANN,14.8,12.182891
2024-08-08 13:00:00,so2,PIIANN,7.12,7.5950875
2025-11-12 16:00:00,so2,PIIANN,19.62,14.231976
2022-10-06 06:00:00,so2,PIIANN,26.6,28.474525
2024-06-11 07:00:00,so2,PIIANN,14.52,14.876375
2022-06-03 16:00:00,so2,PIIANN,22.02,22.013136
2021-07-09 23:00:00,so2,PIIANN,8.05,8.4408455
2024-07-03 13:00:00,so2,PIIANN,0.49999997,8.709273
2025-10-04 05:00:00,so2,PIIANN,42.85,42.600586
2025-05-07 06:00:00,so2,PIIANN,7.65,7.1617785
2025-08-06 03:00:00,so2,PIIANN,8.07,12.927181
2021-10-11 23:00:00,so2,PIIANN,13.98,14.754752
2024-07-05 12:00:00,so2,PIIANN,16.12,29.83736
2022-11-02 04:00:00,so2,PIIANN,18.85,16.475958
2025-11-12 15:00:00,so2,PIIANN,18.8,10.92005
2023-03-08 11:00:00,so2,PIIANN,8.8,9.080899
2023-05-03 08:00:00,co,PIIANN,0.85,1.2114238
2024-10-01 21:00:00,co,PIIANN,1.71,1.9743345
2022-10-03 09:00:00,co,PIIANN,1.4,1.4941368
2021-03-09 18:00:00,co,PIIANN,2.0,0.9852364
2021-02-08 08:00:00,co,PIIANN,1.02,1.0092313
2024-02-02 19:00:00,co,PIIANN,1.99,1.8948537
2021-08-04 10:00:00,co,PIIANN,0.82,0.82931405
2023-12-02 15:00:00,co,PIIANN,0.30000004,0.5558992
2025-11-09 07:00:00,co,PIIANN,0.43000004,0.5312767
2023-08-04 14:00:00,co,PIIANN,0.32500002,0.40557978
2023-06-01 14:00:00,co,PIIANN,1.5,1.6734903
2022-05-02 12:00:00,co,PIIANN,1.85,1.5754153
2022-09-12 05:00:00,co,PIIANN,0.88,1.4222136
2021-04-03 14:00:00,co,PIIANN,0.8,0.7431584
2024-10-05 03:00:00,co,PIIANN,1.22,1.7922022
2022-05-01 13:00:00,co,PIIANN,3.93,3.517876
2022-03-06 19:00:00,co,PIIANN,2.57,1.9986573
2023-12-07 20:00:00,co,PIIANN,1.5,1.1277844
2021-10-12 04:00:00,co,PIIANN,1.42,1.7622188
2022-09-08 08:00:00,co,PIIANN,1.48,1.3967834
2025-12-10 20:00:00,co,PIIANN,2.61,2.372929
2025-03-05 09:00:00,co,PIIANN,2.09,2.0373833
2021-09-05 04:00:00,co,PIIANN,0.62,0.62565905
2024-10-12 11:00:00,co,PIIANN,0.54,1.2643937
2022-11-10 09:00:00,co,PIIANN,0.85,0.8604658
2021-02-10 00:00:00,co,PIIANN,1.15,1.142006
2021-04-09 21:00:00,co,PIIANN,3.72,1.8405924
2022-08-09 18:00:00,co,PIIANN,1.48,1.1647136
2023-01-10 14:00:00,co,PIIANN,0.73333335,0.8424421
2024-11-10 22:00:00,co,PIIANN,1.88,2.0170634
2021-11-05 00:00:00,co,PIIANN,0.92,1.0101906
2021-05-11 19:00:00,co,PIIANN,5.48,4.8467183
2022-10-10 10:00:00,co,PIIANN,0.6,0.7224281
2022-04-12 06:00:00,co,PIIANN,1.18,1.3222183
2023-12-07 21:00:00,co,PIIANN,1.45,1.246156
2024-02-09 16:00:00,co,PIIANN,0.62,0.9341999
2021-05-04 23:00:00,co,PIIANN,2.9,2.284582
2023-08-07 00:00:00,co,PIIANN,0.975,1.4891388
2021-03-09 19:00:00,co,PIIANN,1.92,1.2168269
2022-07-05 14:00:00,co,PIIANN,1.31,1.129302
2025-05-12 01:00:00,co,PIIANN,1.83,2.9600887
2022-07-05 03:00:00,co,PIIANN,1.82,1.6149313
2023-04-04 06:00:00,co,PIIANN,0.39999995,0.79117507
2021-08-11 00:00:00,co,PIIANN,1.6,2.2288983
2022-09-08 15:00:00,co,PIIANN,0.62,0.7344199
2024-12-09 08:00:00,co,PIIANN,0.65,0.639459
2022-04-06 22:00:00,co,PIIANN,4.35,4.0190206
2023-06-12 12:00:00,co,PIIANN,1.15,1.304976
2024-12-08 12:00:00,co,PIIANN,1.16,0.9621059
2021-01-04 02:00:00,co,PIIANN,0.30000004,0.24888608
2025-05-05 12:00:00,co,PIIANN,1.56,1.1577594
2024-03-05 12:00:00,co,PIIANN,0.61,0.54834646
2022-12-06 02:00:00,co,PIIANN,1.2,0.55049926
2025-07-04 07:00:00,co,PIIANN,3.51,3.2446225
2024-02-04 21:00:00,co,PIIANN,2.05,2.380966
2022-11-04 00:00:00,co,PIIANN,1.8,1.1416768
2025-09-02 07:00:00,co,PIIANN,1.5,1.5692815
2021-09-11 12:00:00,co,PIIANN,1.62,1.722363
2021-05-10 01:00:00,co,PIIANN,2.18625,2.1097627
2021-01-12 19:00:00,co,PIIANN,2.68,2.873569
2022-06-12 21:00:00,co,PIIANN,2.6407955,2.7255042
2023-05-08 02:00:00,co,PIIANN,1.2363636,1.2015184
2025-11-11 20:00:00,co,PIIANN,4.47,5.261381
2025-02-04 07:00:00,co,PIIANN,2.58,2.670048
2025-07-05 07:00:00,co,PIIANN,1.82,1.6740633
2022-08-06 15:00:00,co,PIIANN,1.2,0.857214
2022-02-07 08:00:00,co,PIIANN,1.7,1.6583091
2022-02-03 07:00:00,co,PIIANN,2.23,1.5274929
2025-02-06 07:00:00,co,PIIANN,1.33,1.2680924
2022-10-08 07:00:00,co,PIIANN,1.93,1.1453567
2021-04-01 09:00:00,co,PIIANN,1.22,1.339896
2023-08-05 04:00:00,co,PIIANN,1.025,1.0701071
2025-10-11 21:00:00,co,PIIANN,5.14,4.29064
2022-12-12 02:00:00,co,PIIANN,0.49999997,0.5153007
2021-04-08 20:00:00,co,PIIANN,0.8,0.7862111
2023-07-09 18:00:00,co,PIIANN,1.3,1.3670397
2021-06-05 15:00:00,co,PIIANN,0.68,0.80101055
2023-04-10 19:00:00,co,PIIANN,1.825,2.0358012
2025-09-07 16:00:00,co,PIIANN,0.85,0.92338586
2022-11-08 05:00:00,co,PIIANN,0.43000004,0.55848944
2023-04-05 08:00:00,co,PIIANN,0.975,1.1387874
2023-09-10 10:00:00,co,PIIANN,0.875,1.243561
2024-07-03 23:00:00,co,PIIANN,1.56,1.545364
2023-02-09 01:00:00,co,PIIANN,0.675,0.9366416
2025-04-02 18:00:00,co,PIIANN,3.07,2.0975082
2021-09-12 15:00:00,co,PIIANN,0.9800001,1.2080349
2024-11-09 19:00:00,co,PIIANN,2.25,1.3556293
2023-07-11 02:00:00,co,PIIANN,2.7,4.469021
2025-08-07 05:00:00,co,PIIANN,1.88,1.4289538
2025-01-02 19:00:00,co,PIIANN,3.33,2.6638727
2024-10-03 08:00:00,co,PIIANN,1.96,1.7431899
2022-09-07 17:00:00,co,PIIANN,0.65,1.0644128
2024-08-10 23:00:00,co,PIIANN,1.87,1.9920384
2024-10-03 21:00:00,co,PIIANN,1.56,1.683145
2025-06-11 04:00:00,co,PIIANN,2.0,1.5327591
2025-05-03 02:00:00,co,PIIANN,0.87,0.8897683
2022-09-04 07:00:00,co,PIIANN,3.13,2.718775
2024-11-03 02:00:00,co,PIIANN,1.6,1.2427055
2023-11-11 09:00:00,co,PIIANN,0.95,1.1151373
2021-03-03 13:00:00,co,PIIANN,0.45000002,0.45187256
2022-06-04 01:00:00,co,PIIANN,1.33,1.3830405
2022-03-11 17:00:00,co,PIIANN,4.45,2.5765402
2021-11-04 09:00:00,co,PIIANN,0.92,1.0686078
2023-01-07 07:00:00,co,PIIANN,0.55,0.66588926
2024-02-03 03:00:00,co,PIIANN,1.18,1.1690462
2024-07-08 07:00:00,co,PIIANN,1.13,1.0860399
2021-11-06 15:00:00,co,PIIANN,0.8,0.83628595
2021-12-04 17:00:00,co,PIIANN,0.62,0.6225876
2022-01-12 04:00:00,co,PIIANN,0.78,1.1256155
2022-06-04 17:00:00,co,PIIANN,1.05,1.2601917
2022-11-05 18:00:00,co,PIIANN,2.58,1.6999476
2021-04-09 20:00:00,co,PIIANN,3.28,1.6025771
2022-07-11 12:00:00,co,PIIANN,0.8,0.9014624
2022-05-03 12:00:00,co,PIIANN,1.05,1.1239917
2024-05-06 08:00:00,co,PIIANN,1.05,1.0831277
2025-06-03 13:00:00,co,PIIANN,0.66,1.1592523
2022-03-06 02:00:00,co,PIIANN,1.6,1.3311018
2024-06-02 21:00:00,co,PIIANN,2.93,2.8280993
2022-11-01 21:00:00,co,PIIANN,1.65,1.9609609
2023-11-06 03:00:00,co,PIIANN,0.49999997,0.5476062
2021-05-07 06:00:00,co,PIIANN,0.68,0.7360196
2023-03-11 19:00:00,co,PIIANN,4.325,2.6354258
2024-03-01 19:00:00,co,PIIANN,2.63,1.943904
2025-03-09 14:00:00,co,PIIANN,0.43000004,1.3084981
2023-09-05 10:00:00,co,PIIANN,0.875,1.2061638
2022-02-11 20:00:00,co,PIIANN,3.2,3.7816644
2022-11-06 10:00:00,co,PIIANN,1.23,0.9993841
2022-04-07 18:00:00,co,PIIANN,1.25,1.134866
2022-10-12 23:00:00,co,PIIANN,1.32,2.5079007
2022-05-04 11:00:00,co,PIIANN,1.15,0.786074
2024-06-07 17:00:00,co,PIIANN,1.06,1.1293498
2021-04-02 16:00:00,co,PIIANN,1.15,1.0954444
2024-02-08 02:00:00,co,PIIANN,1.16,1.1013576
2022-10-07 07:00:00,co,PIIANN,0.97,0.7739347
2023-02-12 08:00:00,co,PIIANN,1.6333333,1.604604
2024-08-06 10:00:00,co,PIIANN,0.74,0.9314487
2021-02-06 09:00:00,co,PIIANN,0.92,0.8993967
2021-03-02 04:00:00,co,PIIANN,1.2,1.3923974
2023-06-08 14:00:00,co,PIIANN,0.6333333,0.7287851
2022-01-04 22:00:00,co,PIIANN,2.0,3.1741474
2023-06-05 04:00:00,co,PIIANN,1.45,1.425846
2023-07-07 10:00:00,co,PIIANN,1.05,0.89332855
2023-02-02 11:00:00,co,PIIANN,0.875,0.9765606
2023-02-04 22:00:00,co,PIIANN,4.3,2.0158393
2021-02-12 16:00:00,co,PIIANN,2.33,2.2521467
2022-12-04 06:00:00,co,PIIANN,1.22,1.3722097
2022-12-05 02:00:00,co,PIIANN,1.2,0.9324536
2022-11-11 06:00:00,co,PIIANN,1.32,1.4271142
2022-05-11 02:00:00,co,PIIANN,1.4,1.8412468
2021-10-08 07:00:00,co,PIIANN,0.35,0.6634857
2023-01-07 17:00:00,co,PIIANN,0.8,0.7254556
2023-03-08 10:00:00,co,PIIANN,0.875,0.87177896
2022-05-12 13:00:00,co,PIIANN,0.39999995,0.6042589
2022-01-12 06:00:00,co,PIIANN,1.42,0.90970576
2021-07-07 00:00:00,co,PIIANN,0.85,1.8906314
2022-09-09 12:00:00,co,PIIANN,0.7,0.7862491
2021-01-07 11:00:00,co,PIIANN,0.75,0.71083146
2021-01-07 03:00:00,co,PIIANN,0.37999997,0.49487022
2023-09-11 19:00:00,co,PIIANN,3.1,2.8961127
2021-03-07 16:00:00,co,PIIANN,0.65,0.6446891
2025-03-05 10:00:00,co,PIIANN,2.02,1.8542327
2024-03-11 13:00:00,co,PIIANN,1.3,1.7137429
2022-01-02 22:00:00,co,PIIANN,1.82,1.8998915
2022-09-05 13:00:00,co,PIIANN,1.53,1.2920891
2022-02-10 12:00:00,co,PIIANN,0.95,0.9639091
2025-04-07 09:00:00,co,PIIANN,0.92,0.9605732
2021-12-02 16:00:00,co,PIIANN,1.88,1.7923746
2025-03-05 17:00:00,co,PIIANN,1.37,0.78465784
2025-05-08 21:00:00,co,PIIANN,1.03,1.0995393
2024-12-07 00:00:00,co,PIIANN,1.3517647,1.1790195
2021-03-09 01:00:00,co,PIIANN,0.52,0.9510528
2024-10-03 23:00:00,co,PIIANN,1.69,1.2177745
2021-02-11 07:00:00,co,PIIANN,1.7,1.6542242
2022-09-07 19:00:00,co,PIIANN,0.77,1.0720854
2021-11-05 06:00:00,co,PIIANN,1.1,0.8395018
2024-04-02 13:00:00,co,PIIANN,1.48,1.5148861
2025-12-09 15:00:00,co,PIIANN,0.46,0.4560866
2021-06-07 17:00:00,co,PIIANN,0.88,0.69700366
2023-02-04 04:00:00,co,PIIANN,1.15,1.1062516
2025-06-10 05:00:00,co,PIIANN,1.02,0.9916217
2023-06-01 18:00:00,co,PIIANN,2.125,2.4331584
2022-02-04 20:00:00,co,PIIANN,4.2,3.297478
2025-02-09 12:00:00,co,PIIANN,0.30000004,0.8102029
2021-03-09 15:00:00,co,PIIANN,0.8,0.7265411
2025-09-02 19:00:00,co,PIIANN,3.13,2.9489057
2023-09-04 16:00:00,co,PIIANN,0.20000002,0.44688842
2024-11-04 03:00:00,co,PIIANN,2.63,2.4945867
2023-06-07 03:00:00,co,PIIANN,0.8,0.6755653
2023-03-10 20:00:00,co,PIIANN,1.7666667,2.4141061
2022-02-06 06:00:00,co,PIIANN,1.88,1.5820444
2025-07-11 05:00:00,co,PIIANN,2.94,2.518344
2021-11-10 01:00:00,co,PIIANN,4.1,2.2458785
2025-09-05 22:00:00,co,PIIANN,4.13,4.326433
2025-07-11 08:00:00,co,PIIANN,2.45,2.3871894
2024-05-04 09:00:00,co,PIIANN,1.19,1.282044
2023-04-06 20:00:00,co,PIIANN,1.8,1.898965
2024-12-09 04:00:00,co,PIIANN,0.7,0.8448611
2021-01-02 14:00:00,co,PIIANN,1.08,1.1774799
2025-02-01 23:00:00,co,PIIANN,2.89,3.311874
2024-07-02 11:00:00,co,PIIANN,0.78,0.8847111
2022-05-04 19:00:00,co,PIIANN,2.57,2.420255
2021-08-11 06:00:00,co,PIIANN,2.28,1.8661866
2025-01-09 22:00:00,co,PIIANN,0.52,0.86051303
2023-09-09 15:00:00,co,PIIANN,0.625,0.746818
2023-02-10 05:00:00,co,PIIANN,0.875,1.0009818
2024-01-03 21:00:00,co,PIIANN,2.7,2.5870976
2024-10-01 17:00:00,co,PIIANN,1.32,1.2525834
2021-05-09 14:00:00,co,PIIANN,0.65,1.0687238
2024-01-11 21:00:00,co,PIIANN,5.64,5.046869
2025-09-12 10:00:00,co,PIIANN,0.86,1.2509009
2025-06-04 08:00:00,co,PIIANN,1.68,1.8195459
2021-06-10 17:00:00,co,PIIANN,0.9,0.83369917
2024-11-10 08:00:00,co,PIIANN,1.9,1.8394845
2022-08-07 08:00:00,co,PIIANN,0.82,1.2060124
2024-06-05 02:00:00,co,PIIANN,1.12,0.93858176
2021-07-05 15:00:00,co,PIIANN,0.6,0.8056404
2024-06-09 15:00:00,co,PIIANN,0.85,0.8155722
2024-05-09 17:00:00,co,PIIANN,0.89,1.0024763
2021-07-04 03:00:00,co,PIIANN,0.30000004,0.47762534
2022-01-04 14:00:00,co,PIIANN,0.8,0.809023
2023-12-09 12:00:00,co,PIIANN,0.6,0.85559875
2023-11-10 17:00:00,co,PIIANN,1.05,1.1862999
2024-02-05 18:00:00,co,PIIANN,1.49,1.3568089
2025-06-04 07:00:00,co,PIIANN,1.68,2.0689666
2021-10-07 11:00:00,co,PIIANN,0.7,0.6283371
2023-01-05 17:00:00,co,PIIANN,0.8,1.1176431
2025-12-10 03:00:00,co,PIIANN,1.76,1.2914193
2024-11-01 20:00:00,co,PIIANN,2.26,2.5176902
2022-07-10 19:00:00,co,PIIANN,2.0,1.3022332
2021-06-09 11:00:00,co,PIIANN,1.17,1.4799652
2022-12-07 16:00:00,co,PIIANN,0.43000004,0.8491524
2025-01-09 11:00:00,co,PIIANN,0.76,1.0782447
2022-09-05 16:00:00,co,PIIANN,1.3,1.2393733
2022-04-09 10:00:00,co,PIIANN,0.82,0.7511653
2021-05-06 12:00:00,co,PIIANN,0.6,0.64967084
2025-12-04 19:00:00,co,PIIANN,1.02,1.5929983
2022-06-01 13:00:00,co,PIIANN,1.53,1.3999543
2023-04-11 22:00:00,co,PIIANN,4.9666667,4.6586647
2025-07-12 06:00:00,co,PIIANN,1.4,1.4736853
2022-04-04 02:00:00,co,PIIANN,2.48,3.4050899
2022-03-06 11:00:00,co,PIIANN,1.2,0.8409747
2021-12-07 12:00:00,co,PIIANN,0.62,0.54231864
2021-07-09 15:00:00,co,PIIANN,0.72,0.8617995
2023-10-13 02:00:00,co,PIIANN,2.070733,1.7432232
2022-04-10 10:00:00,co,PIIANN,1.52,1.3835927
2023-11-06 13:00:00,co,PIIANN,0.525,0.66987747
2023-08-10 22:00:00,co,PIIANN,1.55,2.281179
2024-07-11 00:00:00,co,PIIANN,3.56,1.9929777
2023-10-10 23:00:00,co,PIIANN,1.45,2.043473
2023-11-05 04:00:00,co,PIIANN,1.775,1.9483389
2023-07-12 19:00:00,co,PIIANN,2.9,2.9807951
2021-10-08 08:00:00,co,PIIANN,0.75,0.6781127
2025-12-01 22:00:00,co,PIIANN,3.54,3.4136813
2021-09-02 03:00:00,co,PIIANN,1.62,1.6905668
2022-01-11 08:00:00,co,PIIANN,3.3,4.2536035
2023-01-09 01:00:00,co,PIIANN,0.85,0.8859793
2022-03-08 12:00:00,co,PIIANN,1.1,1.0512705
2024-11-02 00:00:00,co,PIIANN,1.51,1.6331288
2022-03-02 07:00:00,co,PIIANN,1.57,1.5095088
2021-08-06 00:00:00,co,PIIANN,2.22,0.9970579
2024-11-05 06:00:00,co,PIIANN,1.18,1.1893667
2025-12-12 00:00:00,co,PIIANN,5.09,3.8390293
2021-12-02 01:00:00,co,PIIANN,1.6,1.2980605
2022-07-04 19:00:00,co,PIIANN,3.03,2.9383385
2024-06-04 06:00:00,co,PIIANN,1.41,1.3909591
2024-02-12 19:00:00,co,PIIANN,5.4,3.7253227
2023-02-08 14:00:00,co,PIIANN,0.8,0.65263647
2024-02-05 00:00:00,co,PIIANN,1.12,1.2084823
2025-10-03 00:00:00,co,PIIANN,2.81,2.0878448
2022-01-07 11:00:00,co,PIIANN,1.65,1.1331846
2024-05-05 23:00:00,co,PIIANN,1.76,2.0209258
2023-10-11 20:00:00,co,PIIANN,1.4,1.59871
2022-12-03 10:00:00,co,PIIANN,1.48,1.4895779
2023-02-07 08:00:00,co,PIIANN,0.8333333,0.7964314
2023-09-03 08:00:00,co,PIIANN,1.175,0.99448764
2022-06-11 20:00:00,co,PIIANN,4.43,3.087988
2025-06-05 07:00:00,co,PIIANN,2.08,1.5450059
2022-05-11 11:00:00,co,PIIANN,1.12,1.1989452
2022-11-09 02:00:00,co,PIIANN,0.8,0.6927153
2024-03-11 14:00:00,co,PIIANN,1.58,1.2266572
2021-08-07 18:00:00,co,PIIANN,1.2,0.7812043
2021-07-02 04:00:00,co,PIIANN,1.06,1.0600684
2023-03-10 00:00:00,co,PIIANN,0.95,0.9392503
2025-04-05 06:00:00,co,PIIANN,2.44,2.0884318
2021-04-11 09:00:00,co,PIIANN,2.12,1.9584383
2021-07-10 20:00:00,co,PIIANN,2.0,2.1159077
2021-07-03 11:00:00,co,PIIANN,1.15,1.0659118
2025-03-09 11:00:00,co,PIIANN,1.58,1.2359353
2022-10-03 18:00:00,co,PIIANN,2.0,1.880273
2021-09-03 00:00:00,co,PIIANN,1.7,3.4046612
2021-09-05 00:00:00,co,PIIANN,0.65,0.8796933
2025-02-07 20:00:00,co,PIIANN,1.26,1.0952376
2024-02-01 22:00:00,co,PIIANN,1.65,2.2460015
2022-10-07 23:00:00,co,PIIANN,0.8,1.0959787
2024-05-06 11:00:00,co,PIIANN,1.0,0.9874561
2024-01-07 09:00:00,co,PIIANN,1.33,1.1108333
2022-03-02 13:00:00,co,PIIANN,1.7,1.7513405
2024-08-12 04:00:00,co,PIIANN,0.76,1.1408559
2025-07-04 17:00:00,co,PIIANN,1.29,1.5232097
2022-12-04 23:00:00,co,PIIANN,5.18,3.6284742
2024-04-12 18:00:00,co,PIIANN,2.05,2.089335
2021-10-08 14:00:00,co,PIIANN,0.45000002,0.5572107
2025-11-12 02:00:00,co,PIIANN,5.2,3.7538078
2022-10-08 06:00:00,co,PIIANN,1.42,0.8869068
2023-08-04 12:00:00,co,PIIANN,0.32500002,0.4330803
2022-02-07 11:00:00,co,PIIANN,0.78,1.1688954
2025-08-04 06:00:00,co,PIIANN,1.06,1.2583764
2023-03-03 07:00:00,co,PIIANN,1.825,0.880301
2025-12-03 04:00:00,co,PIIANN,1.14,1.1003203
2025-09-06 18:00:00,co,PIIANN,2.11,2.0373802
2023-11-03 20:00:00,co,PIIANN,1.5,2.055251
2023-06-08 13:00:00,co,PIIANN,0.95,0.69853675
2022-10-04 13:00:00,co,PIIANN,0.83,0.98802435
2025-12-11 23:00:00,co,PIIANN,4.69,5.0547976
2025-02-07 08:00:00,co,PIIANN,0.92,1.1463236
2022-02-05 08:00:00,co,PIIANN,1.5,1.3370769
2023-10-07 09:00:00,co,PIIANN,1.2,0.8818843
2022-08-03 03:00:00,co,PIIANN,1.62,1.5618396
2023-11-09 04:00:00,co,PIIANN,0.6,0.50982946
2025-06-07 03:00:00,co,PIIANN,0.53,0.71982294
2021-02-09 15:00:00,co,PIIANN,0.65,0.53417206
2021-05-07 13:00:00,co,PIIANN,0.65,0.6986991
2021-03-01 23:00:00,co,PIIANN,2.4933333,2.0851483
2021-02-08 13:00:00,co,PIIANN,0.49999997,0.68018156
2023-06-02 19:00:00,co,PIIANN,2.975,2.2143822
2023-09-10 09:00:00,co,PIIANN,1.225,1.3618615
2022-07-06 01:00:00,co,PIIANN,2.27,2.4844513
2021-10-06 17:00:00,co,PIIANN,0.95,1.2004361
2023-02-08 05:00:00,co,PIIANN,0.6,0.62000275
2025-07-08 06:00:00,co,PIIANN,0.67,0.7445297
2022-09-02 15:00:00,co,PIIANN,0.9800001,1.2054815
2021-08-11 05:00:00,co,PIIANN,1.85,2.047238
2021-12-09 11:00:00,co,PIIANN,0.82,0.81831646
2025-05-10 11:00:00,co,PIIANN,1.5,1.0435281
2024-03-12 07:00:00,co,PIIANN,1.68,1.7529774
2025-09-02 13:00:00,co,PIIANN,1.26,1.2897683
2025-01-06 23:00:00,co,PIIANN,1.17,1.395715
2022-06-12 07:00:00,co,PIIANN,1.63,0.8917021
2024-12-09 20:00:00,co,PIIANN,0.91,1.1602455
2021-07-06 20:00:00,co,PIIANN,1.85,1.8210449
2021-10-09 21:00:00,co,PIIANN,1.3,1.1983335
2025-07-01 22:00:00,co,PIIANN,3.07,3.4960809
2025-12-08 15:00:00,co,PIIANN,0.54,0.6836123
2021-09-03 14:00:00,co,PIIANN,0.88,0.90897244
2021-09-10 17:00:00,co,PIIANN,1.27,0.99458754
2021-06-10 13:00:00,co,PIIANN,0.7,0.872425
2023-03-01 20:00:00,co,PIIANN,1.725,3.0020125
2025-06-10 09:00:00,co,PIIANN,1.03,1.0610014
2021-07-07 08:00:00,co,PIIANN,1.05,1.134776
2024-07-05 19:00:00,co,PIIANN,1.89,2.2741432
2022-09-11 13:00:00,co,PIIANN,0.67,0.5717743
2024-01-04 12:00:00,co,PIIANN,0.84,0.9540814
2022-11-03 15:00:00,co,PIIANN,0.95,1.1254244
2024-11-05 22:00:00,co,PIIANN,1.75,1.6878537
2024-08-10 08:00:00,co,PIIANN,2.4,2.3313208
2025-05-03 04:00:00,co,PIIANN,0.89,0.957792
2021-07-03 19:00:00,co,PIIANN,0.8,1.2639525
2025-06-12 03:00:00,co,PIIANN,1.23,1.4143385
2024-07-02 09:00:00,co,PIIANN,1.14,1.3711053
2025-12-03 05:00:00,co,PIIANN,1.17,1.3305221
2021-12-08 15:00:00,co,PIIANN,0.62,0.47121295
2025-10-11 00:00:00,co,PIIANN,2.41,1.9202127
2021-04-06 02:00:00,co,PIIANN,1.3,1.2233335
2022-03-07 16:00:00,co,PIIANN,0.9,1.1936965
2025-09-04 21:00:00,co,PIIANN,-2.9486088e-08,1.9619328
2021-11-09 18:00:00,co,PIIANN,0.82,0.84489936
2024-01-09 17:00:00,co,PIIANN,0.72,0.8472476
2025-12-11 20:00:00,co,PIIANN,5.72,5.44006
2024-02-01 11:00:00,co,PIIANN,1.32,1.4070151
2021-02-10 11:00:00,co,PIIANN,0.6,0.80616546
2024-12-02 16:00:00,co,PIIANN,1.26,1.2804462
2025-07-07 13:00:00,co,PIIANN,1.53,0.893132
2022-05-12 18:00:00,co,PIIANN,4.05,2.713971
2021-08-04 11:00:00,co,PIIANN,0.39999995,0.768262
2021-02-07 22:00:00,co,PIIANN,0.49999997,1.2888938
2021-12-10 02:00:00,co,PIIANN,1.7,1.6110057
2021-06-11 02:00:00,co,PIIANN,2.22,2.032968
2022-12-05 20:00:00,co,PIIANN,2.88,2.5513582
2024-08-04 09:00:00,co,PIIANN,1.5,1.34022
2025-07-10 10:00:00,co,PIIANN,1.26,0.9889625
2024-10-04 13:00:00,co,PIIANN,0.94,0.9570559
2024-09-04 03:00:00,co,PIIANN,1.56,1.4228251
2025-01-12 11:00:00,co,PIIANN,1.78,1.7771564
2021-09-06 18:00:00,co,PIIANN,1.75,1.0145502
2025-05-08 04:00:00,co,PIIANN,0.34,0.5136945
2021-04-12 21:00:00,co,PIIANN,5.7,4.7623043
2025-08-03 02:00:00,co,PIIANN,1.68,1.2095621
2025-02-04 14:00:00,co,PIIANN,0.64,0.87682277
2025-05-07 22:00:00,co,PIIANN,0.9800001,1.2875991
2022-03-12 03:00:00,co,PIIANN,4.92,4.2603774
2021-01-12 14:00:00,co,PIIANN,1.67,2.3280447
2022-02-03 01:00:00,co,PIIANN,2.03,1.8792956
2021-05-12 13:00:00,co,PIIANN,1.12,1.3794607
2023-11-07 12:00:00,co,PIIANN,0.825,0.7769085
2023-06-05 08:00:00,co,PIIANN,1.0666667,1.7773257
2024-10-12 14:00:00,co,PIIANN,0.48,0.7452167
2022-07-09 02:00:00,co,PIIANN,0.8,0.8061548
2021-06-02 14:00:00,co,PIIANN,0.75,0.7633725
2025-02-03 17:00:00,co,PIIANN,0.62,0.9909934
2024-12-04 15:00:00,co,PIIANN,0.86,1.0001183
2024-10-07 02:00:00,co,PIIANN,1.4496,1.2700921
2022-09-06 03:00:00,co,PIIANN,1.15,1.1272314
2024-01-07 19:00:00,co,PIIANN,2.11,1.5284234
2024-05-07 16:00:00,co,PIIANN,1.22,0.97750473
2021-06-08 16:00:00,co,PIIANN,0.68,0.5160588
2024-02-01 18:00:00,co,PIIANN,2.65,2.3679647
2023-03-02 01:00:00,co,PIIANN,0.39999995,0.76441807
2024-10-03 07:00:00,co,PIIANN,2.05,1.5039263
2022-06-06 09:00:00,co,PIIANN,1.38,0.9803231
2023-08-12 16:00:00,co,PIIANN,1.075,1.4041159
2025-03-05 01:00:00,co,PIIANN,2.12,1.8665328
2024-12-10 16:00:00,co,PIIANN,0.92,1.4700831
2023-04-11 04:00:00,co,PIIANN,1.65,2.1267543
2022-01-09 06:00:00,co,PIIANN,1.3,0.9438884
2022-05-02 05:00:00,co,PIIANN,1.35,1.3583784
2023-09-05 04:00:00,co,PIIANN,1.55,1.3828225
2023-05-12 20:00:00,co,PIIANN,1.7,2.1680257
2021-04-06 03:00:00,co,PIIANN,1.3,1.137778
2023-09-12 06:00:00,co,PIIANN,1.15,1.2800545
2025-10-02 17:00:00,co,PIIANN,2.14,1.6261656
2023-08-03 10:00:00,co,PIIANN,0.775,1.28527
2023-11-12 23:00:00,co,PIIANN,3.075,3.1365762
2022-07-08 15:00:00,co,PIIANN,0.92,0.99969983
2023-05-13 01:00:00,co,PIIANN,2.2929978,1.8830992
2021-05-10 03:00:00,co,PIIANN,1.22,1.6035675
2022-12-05 06:00:00,co,PIIANN,1.4,1.2026994
2022-08-02 21:00:00,co,PIIANN,4.45,4.749336
2022-11-05 22:00:00,co,PIIANN,1.5,1.7373929
2021-06-11 11:00:00,co,PIIANN,1.6,1.354771
2021-03-09 03:00:00,co,PIIANN,0.099999994,0.42742416
2025-02-11 07:00:00,co,PIIANN,1.22,1.1542398
2023-05-04 07:00:00,co,PIIANN,1.025,1.0525544
2022-11-07 16:00:00,co,PIIANN,1.7,0.9005028
2022-11-10 17:00:00,co,PIIANN,1.25,0.95962834
2021-08-04 16:00:00,co,PIIANN,0.32000002,0.5136355
2023-06-11 21:00:00,co,PIIANN,5.366667,5.068784
2023-01-11 17:00:00,co,PIIANN,1.3,1.3822167
2023-10-03 03:00:00,co,PIIANN,0.7785714,0.8813887
2025-09-07 22:00:00,co,PIIANN,0.88,0.89150417
2022-03-03 19:00:00,co,PIIANN,1.53,2.293783
2024-10-08 09:00:00,co,PIIANN,1.2,0.9566389
2025-01-11 18:00:00,co,PIIANN,3.65,2.597365
2024-04-07 01:00:00,co,PIIANN,1.17,0.9008507
2024-04-11 04:00:00,co,PIIANN,2.56,2.2380507
2021-05-01 15:00:00,co,PIIANN,1.23,1.4740406
2025-07-09 07:00:00,co,PIIANN,0.66,0.82088584
2025-01-09 00:00:00,co,PIIANN,0.42299995,0.76507175
2021-11-05 03:00:00,co,PIIANN,1.0,0.6218177
2024-12-08 19:00:00,co,PIIANN,2.44,1.6907616
2021-09-09 14:00:00,co,PIIANN,0.52,0.93735784
2021-12-09 12:00:00,co,PIIANN,0.9,0.77204573
2022-05-04 15:00:00,co,PIIANN,0.7,0.92164665
2021-01-03 03:00:00,co,PIIANN,0.8,1.062637
2021-01-10 08:00:00,co,PIIANN,1.3,1.1703712
2022-02-04 09:00:00,co,PIIANN,1.9,1.9777517
2024-11-11 05:00:00,co,PIIANN,2.25,2.1253057
2024-11-08 17:00:00,co,PIIANN,0.87,1.1697451
2022-10-02 22:00:00,co,PIIANN,1.72,2.0015023
2023-09-02 19:00:00,co,PIIANN,2.15,1.9676592
2024-04-08 22:00:00,co,PIIANN,1.01,1.0481395
2023-04-11 05:00:00,co,PIIANN,1.22,2.053111
2024-09-05 08:00:00,co,PIIANN,1.25,1.5755528
2024-02-12 06:00:00,co,PIIANN,2.24,2.124582
2021-09-06 21:00:00,co,PIIANN,1.85,2.8207347
2022-11-12 11:00:00,co,PIIANN,0.88,1.1255187
2021-02-09 18:00:00,co,PIIANN,1.58,0.70642495
2025-05-11 21:00:00,co,PIIANN,2.4,2.1040752
2024-05-05 06:00:00,co,PIIANN,2.35,2.018453
2023-12-11 06:00:00,co,PIIANN,0.975,1.1463251
2025-05-07 04:00:00,co,PIIANN,1.0,1.0678545
2021-09-02 07:00:00,co,PIIANN,1.9,2.1841471
2021-02-10 13:00:00,co,PIIANN,0.48,0.66084605
2024-02-07 08:00:00,co,PIIANN,1.54,1.4603562
2024-04-05 06:00:00,co,PIIANN,2.15,2.0786521
2025-06-05 21:00:00,co,PIIANN,2.76,2.4944828
2023-06-06 07:00:00,co,PIIANN,0.6,0.98818076
2021-06-08 06:00:00,co,PIIANN,0.48,0.6946318
2022-11-12 19:00:00,co,PIIANN,3.9,2.6336114
2025-12-04 00:00:00,co,PIIANN,1.07,1.303802
2021-08-05 06:00:00,co,PIIANN,1.4,1.3901829
2025-11-07 22:00:00,co,PIIANN,1.88,1.3545321
2022-03-05 05:00:00,co,PIIANN,1.48,1.425438
2021-08-07 00:00:00,co,PIIANN,0.8,0.98711014
2022-03-02 06:00:00,co,PIIANN,1.42,1.3423394
2021-08-08 22:00:00,co,PIIANN,0.78,0.9927471
2025-08-12 14:00:00,co,PIIANN,1.11,1.043785
2025-03-09 23:00:00,co,PIIANN,0.73,1.1939808
2022-02-13 02:00:00,co,PIIANN,1.22,1.9721681
2023-12-12 19:00:00,co,PIIANN,3.2,2.9872215
2025-11-07 12:00:00,co,PIIANN,0.9,0.92141867
2025-08-06 17:00:00,co,PIIANN,1.91,1.7420495
2025-09-09 04:00:00,co,PIIANN,0.74,1.2238522
2023-03-11 00:00:00,co,PIIANN,4.95,1.5924904
2025-07-08 16:00:00,co,PIIANN,0.32000002,0.57738274
2022-03-02 11:00:00,co,PIIANN,1.6,1.561788
2021-06-08 03:00:00,co,PIIANN,0.62,0.59357715
2022-01-03 16:00:00,co,PIIANN,1.12,1.1036443
2023-05-04 13:00:00,co,PIIANN,0.225,0.42048606
2021-01-12 08:00:00,co,PIIANN,2.25,2.2056057
2024-02-02 23:00:00,co,PIIANN,1.12,1.4190347
2022-03-01 23:00:00,co,PIIANN,3.82,4.112977
2025-11-12 10:00:00,co,PIIANN,2.63,2.5698812
2021-08-06 21:00:00,co,PIIANN,2.15,2.349612
2025-02-06 04:00:00,co,PIIANN,1.08,1.1928807
2025-11-08 13:00:00,co,PIIANN,0.53,0.72526467
2025-03-07 02:00:00,co,PIIANN,0.77,0.92209876
2025-03-13 00:00:00,co,PIIANN,1.7278775,1.6731964
2023-09-08 22:00:00,co,PIIANN,1.5,1.3935933
2023-08-09 08:00:00,co,PIIANN,1.0666667,0.96266687
2021-04-07 05:00:00,co,PIIANN,-2.9486088e-08,0.36777827
2021-02-08 00:00:00,co,PIIANN,1.7,0.45122764
2021-03-08 21:00:00,co,PIIANN,1.2,1.1015015
2023-07-05 18:00:00,co,PIIANN,0.6,0.9832153
2023-12-12 16:00:00,co,PIIANN,1.225,1.576923
2021-08-11 07:00:00,co,PIIANN,2.52,2.361682
2025-02-04 03:00:00,co,PIIANN,1.28,1.4760863
2024-06-12 00:00:00,co,PIIANN,1.66,3.3564177
2022-10-01 23:00:00,co,PIIANN,1.8,1.7625611
2025-07-12 04:00:00,co,PIIANN,1.24,1.3033413
2021-02-07 07:00:00,co,PIIANN,0.6,0.72820437
2025-02-07 05:00:00,co,PIIANN,0.86,1.0725963
2021-08-07 05:00:00,co,PIIANN,0.45000002,0.7806607
2025-12-07 19:00:00,co,PIIANN,0.87125,1.0151039
2022-11-10 22:00:00,co,PIIANN,2.68,2.3103797
2024-06-07 21:00:00,co,PIIANN,1.4,1.3518251
2025-08-05 06:00:00,co,PIIANN,2.27,2.1093874
2024-09-06 22:00:00,co,PIIANN,1.88,2.193078
2025-05-03 22:00:00,co,PIIANN,0.9,1.4227979
2022-03-11 20:00:00,co,PIIANN,3.45,4.6032085
2022-01-06 10:00:00,co,PIIANN,1.55,1.2680539
2021-02-07 23:00:00,co,PIIANN,0.27999994,0.8273018
2021-01-03 23:00:00,co,PIIANN,0.9,1.0530893
2023-03-09 16:00:00,co,PIIANN,0.8,0.8430297
2025-11-09 14:00:00,co,PIIANN,0.32000002,0.48663834
2022-03-07 08:00:00,co,PIIANN,0.8,1.0101131
2021-08-09 04:00:00,co,PIIANN,0.55,0.90427846
2024-04-08 09:00:00,co,PIIANN,1.0,0.9247753
2025-04-08 04:00:00,co,PIIANN,1.0,0.96145535
2025-07-07 16:00:00,co,PIIANN,1.04,0.88016486
2022-05-09 07:00:00,co,PIIANN,1.13,0.9038787
2023-11-09 21:00:00,co,PIIANN,2.175,1.5091581
2021-11-02 06:00:00,co,PIIANN,1.6,1.555979
2024-03-05 08:00:00,co,PIIANN,1.58,1.8184575
2025-05-09 07:00:00,co,PIIANN,0.40999994,0.75029385
2023-08-04 18:00:00,co,PIIANN,1.0,0.8307307
2022-11-03 11:00:00,co,PIIANN,1.25,1.306977
2021-04-11 16:00:00,co,PIIANN,2.05,1.8335109
2023-07-12 15:00:00,co,PIIANN,1.2,1.286133
2023-02-10 17:00:00,co,PIIANN,0.775,1.0286423
2023-07-01 18:00:00,co,PIIANN,4.425,3.3828118
2023-05-09 07:00:00,co,PIIANN,0.95,0.9359062
2023-09-07 20:00:00,co,PIIANN,1.4666667,1.3265713
2025-01-13 00:00:00,co,PIIANN,3.8222756,3.4010608
2025-09-10 23:00:00,co,PIIANN,1.32,1.6910721
2024-08-04 21:00:00,co,PIIANN,2.07,2.6662242
2022-09-06 17:00:00,co,PIIANN,1.65,1.74714
2023-09-05 19:00:00,co,PIIANN,1.875,2.0946815
2024-03-01 23:00:00,co,PIIANN,3.34,2.65476
2025-08-05 11:00:00,co,PIIANN,1.74,1.712973
2024-10-06 09:00:00,co,PIIANN,1.27,1.2051854
2021-12-10 07:00:00,co,PIIANN,3.0,2.6846006
2023-07-09 19:00:00,co,PIIANN,1.35,1.419126
2025-08-08 16:00:00,co,PIIANN,0.46,0.7214034
2022-02-05 20:00:00,co,PIIANN,1.9,2.061749
2021-04-10 23:00:00,co,PIIANN,0.52,1.1409055
2025-12-08 01:00:00,co,PIIANN,1.03,1.1124922
2023-03-02 09:00:00,co,PIIANN,1.075,2.182864
2024-01-05 06:00:00,co,PIIANN,1.01,0.8560745
2023-01-02 05:00:00,co,PIIANN,1.22,0.74995667
2025-07-03 02:00:00,co,PIIANN,2.0,1.809445
2024-10-01 18:00:00,co,PIIANN,1.75,1.5801669
2025-08-08 17:00:00,co,PIIANN,0.51,0.7876646
2021-11-05 15:00:00,co,PIIANN,0.6,0.61146575
2022-11-11 15:00:00,co,PIIANN,0.48,0.61400616
2024-01-09 00:00:00,co,PIIANN,0.85,1.4969145
2022-01-06 02:00:00,co,PIIANN,4.2,2.7476196
2022-08-10 10:00:00,co,PIIANN,1.53,1.052804
2023-09-05 03:00:00,co,PIIANN,1.375,1.1887574
2025-03-01 09:00:00,co,PIIANN,2.29,2.1132753
2025-11-03 07:00:00,co,PIIANN,3.15,2.5726898
2025-10-09 17:00:00,co,PIIANN,0.40999994,0.48452136
2024-01-02 07:00:00,co,PIIANN,0.61,0.90720993
2025-09-02 23:00:00,co,PIIANN,2.45,2.8625586
2023-06-07 12:00:00,co,PIIANN,0.775,0.8965526
2024-05-03 06:00:00,co,PIIANN,1.38,1.0802087
2021-04-11 22:00:00,co,PIIANN,3.22,3.5334854
2025-12-09 13:00:00,co,PIIANN,0.55,0.48560563
2021-09-10 23:00:00,co,PIIANN,1.3,2.2558014
2025-11-12 22:00:00,co,PIIANN,6.14,6.392925
2023-12-08 06:00:00,co,PIIANN,0.975,0.708591
2022-12-08 19:00:00,co,PIIANN,1.73,0.7799882
2023-10-11 18:00:00,co,PIIANN,0.9,1.4974904
2022-03-06 15:00:00,co,PIIANN,0.9,0.8428142
2024-03-08 12:00:00,co,PIIANN,1.17,0.86597776
2025-05-03 13:00:00,co,PIIANN,0.8,1.0587163
2025-06-07 14:00:00,co,PIIANN,0.74,0.87762505
2023-12-03 08:00:00,co,PIIANN,1.975,1.8562517
2024-12-03 23:00:00,co,PIIANN,1.44,1.3749764
2025-08-04 00:00:00,co,PIIANN,2.04,2.722308
2025-08-07 12:00:00,co,PIIANN,1.16,1.0635463
2022-09-08 10:00:00,co,PIIANN,0.22,0.82630974
2024-09-10 04:00:00,co,PIIANN,1.98,1.7849618
2025-02-10 04:00:00,co,PIIANN,1.55,1.2331287
2025-12-07 21:00:00,co,PIIANN,1.22,1.2186882
2024-03-08 18:00:00,co,PIIANN,1.04,0.8293899
2025-09-09 19:00:00,co,PIIANN,1.12,0.8123225
2023-08-11 17:00:00,co,PIIANN,2.275,2.2301822
2024-05-06 04:00:00,co,PIIANN,1.23,1.4806359
2022-07-04 23:00:00,co,PIIANN,2.6,2.7703598
2025-02-03 15:00:00,co,PIIANN,0.59,0.8227185
2023-08-10 08:00:00,co,PIIANN,1.0333333,1.4379737
2021-10-12 23:00:00,co,PIIANN,1.75,2.0431309
2022-04-04 17:00:00,co,PIIANN,1.45,1.4615891
2023-10-09 02:00:00,co,PIIANN,0.6,0.45010015
2022-08-04 18:00:00,co,PIIANN,1.98,1.9465679
2023-04-10 06:00:00,co,PIIANN,1.55,1.162688
2024-08-09 01:00:00,co,PIIANN,0.89,1.0598984
2023-10-11 12:00:00,co,PIIANN,1.325,1.3453616
2022-01-04 02:00:00,co,PIIANN,1.0,0.6943019
2023-08-12 21:00:00,co,PIIANN,2.95,2.9992588
2024-01-06 06:00:00,co,PIIANN,0.96,1.1149813
2022-06-11 17:00:00,co,PIIANN,1.6633333,1.7529137
2025-12-08 22:00:00,co,PIIANN,1.94,1.3750151
2024-11-03 06:00:00,co,PIIANN,1.83,1.5062053
2023-04-06 17:00:00,co,PIIANN,0.975,1.0966877
2024-07-07 04:00:00,co,PIIANN,0.87333333,0.75194025
2021-04-08 21:00:00,co,PIIANN,1.12,0.87065524
2024-05-08 12:00:00,co,PIIANN,1.04,0.8587531
2024-02-12 16:00:00,co,PIIANN,1.18,1.3819396
2023-05-06 15:00:00,co,PIIANN,0.65,0.71644604
2025-02-05 22:00:00,co,PIIANN,2.82,2.6178493
2025-09-04 16:00:00,co,PIIANN,1.22,1.7440739
2023-05-03 20:00:00,co,PIIANN,1.25,1.7229003
2024-11-02 21:00:00,co,PIIANN,2.5,3.0844808
2023-06-05 13:00:00,co,PIIANN,0.35,0.61955297
2024-07-04 15:00:00,co,PIIANN,0.73,0.7928406
2025-10-01 23:00:00,co,PIIANN,3.535,3.8909369
2022-11-02 05:00:00,co,PIIANN,1.2,1.0358539
2022-02-12 12:00:00,co,PIIANN,0.9,1.0492305
2021-02-06 01:00:00,co,PIIANN,1.78,1.195168
2023-06-02 00:00:00,co,PIIANN,2.18,1.4758147
2025-02-05 09:00:00,co,PIIANN,1.19,1.2983997
2023-06-10 00:00:00,co,PIIANN,0.8,1.0995401
2022-03-04 01:00:00,co,PIIANN,2.63,2.8836825
2025-11-05 14:00:00,co,PIIANN,1.26,1.2148468
2024-08-10 21:00:00,co,PIIANN,2.21,2.8286755
2022-04-09 08:00:00,co,PIIANN,0.78,0.9012554
2023-03-01 13:00:00,co,PIIANN,1.275,1.193207
2025-10-05 01:00:00,co,PIIANN,1.69,1.4762621
2025-01-12 17:00:00,co,PIIANN,0.82,1.5911916
2023-10-08 06:00:00,co,PIIANN,0.75,0.64543337
2024-03-12 21:00:00,co,PIIANN,1.9,3.1268046
2022-02-05 14:00:00,co,PIIANN,1.2,1.3521705
2025-04-06 22:00:00,co,PIIANN,1.82,1.8388091
2021-11-08 03:00:00,co,PIIANN,0.62,0.67263496
2024-08-06 09:00:00,co,PIIANN,1.1,1.0490749
2024-11-04 21:00:00,co,PIIANN,2.55,3.8730104
2021-01-07 07:00:00,co,PIIANN,0.48,0.67517465
2021-12-06 09:00:00,co,PIIANN,0.9800001,0.94931906
2022-08-03 07:00:00,co,PIIANN,2.6,2.4762332
2022-01-03 23:00:00,co,PIIANN,2.35,2.475648
2023-04-01 18:00:00,co,PIIANN,2.775,2.0178735
2022-09-11 15:00:00,co,PIIANN,0.68,0.9995344
2022-07-05 16:00:00,co,PIIANN,1.33,1.2803901
2022-09-01 17:00:00,co,PIIANN,1.95,1.4540904
2023-11-08 15:00:00,co,PIIANN,0.625,0.6786361
2023-03-07 10:00:00,co,PIIANN,1.0,0.9935911
2023-10-08 13:00:00,co,PIIANN,0.75,0.7389183
2021-03-06 23:00:00,co,PIIANN,1.6,1.5709022
2025-02-06 13:00:00,co,PIIANN,1.22,0.9749175
2024-04-09 05:00:00,co,PIIANN,0.8,0.85563266
2025-10-07 09:00:00,co,PIIANN,0.53,0.718548
2023-10-05 17:00:00,co,PIIANN,0.49999997,0.7469353
2023-01-08 02:00:00,co,PIIANN,0.6,0.6302284
2023-11-02 18:00:00,co,PIIANN,1.3,1.4837276
2023-03-12 18:00:00,co,PIIANN,1.925,1.6077708
2025-02-11 09:00:00,co,PIIANN,1.22,1.3513881
2021-06-06 15:00:00,co,PIIANN,0.52,0.705554
2022-09-02 00:00:00,co,PIIANN,1.68,1.3355443
2022-05-09 06:00:00,co,PIIANN,0.9,0.7178562
2021-09-06 12:00:00,co,PIIANN,0.6,0.62539095
2022-12-09 15:00:00,co,PIIANN,0.72,0.7363945
2023-11-12 21:00:00,co,PIIANN,3.7,3.713912
2023-12-11 10:00:00,co,PIIANN,1.075,1.0315888
2025-04-01 22:00:00,co,PIIANN,1.97,2.3605342
2024-04-04 04:00:00,co,PIIANN,0.76,0.79748935
2024-01-06 02:00:00,co,PIIANN,1.67,1.4616004
2024-01-09 04:00:00,co,PIIANN,0.94,0.8948666
2024-01-01 19:00:00,co,PIIANN,2.43,2.1910293
2021-05-09 07:00:00,co,PIIANN,1.18,1.0857147
2025-09-11 11:00:00,co,PIIANN,2.48,2.4896557
2022-07-03 18:00:00,co,PIIANN,1.65,1.744006
2024-03-11 16:00:00,co,PIIANN,1.64,1.9460443
2025-01-03 09:00:00,co,PIIANN,1.43,1.242543
2025-11-11 11:00:00,co,PIIANN,2.64,3.0386105
2021-05-10 06:00:00,co,PIIANN,1.22,1.1342939
2021-11-09 21:00:00,co,PIIANN,1.0,1.1665218
2024-11-05 13:00:00,co,PIIANN,1.1,0.8529289
2025-11-10 13:00:00,co,PIIANN,0.43000004,0.5979351
2021-09-05 19:00:00,co,PIIANN,1.35,1.250615
2021-06-06 03:00:00,co,PIIANN,0.73,0.80782884
2021-07-07 06:00:00,co,PIIANN,1.1,1.1964872
2022-02-02 15:00:00,co,PIIANN,1.1,1.2187697
2025-04-11 19:00:00,co,PIIANN,2.93,2.7010221
2025-04-03 15:00:00,co,PIIANN,0.69,0.98949397
2023-10-11 07:00:00,co,PIIANN,0.925,0.9925105
2023-07-10 06:00:00,co,PIIANN,2.5,1.9080946
2024-05-11 14:00:00,co,PIIANN,2.03,1.387503
2023-02-07 02:00:00,co,PIIANN,0.39999995,1.1378635
2021-08-13 00:00:00,co,PIIANN,3.0250766,2.6273766
2025-01-05 17:00:00,co,PIIANN,1.52,1.5535972
2022-08-03 04:00:00,co,PIIANN,1.65,1.6368783
2023-04-02 12:00:00,co,PIIANN,1.15,0.76938045
2025-02-04 08:00:00,co,PIIANN,2.37,2.4231954
2023-08-07 11:00:00,co,PIIANN,0.975,0.956749
2022-07-01 16:00:00,co,PIIANN,1.12,1.4308928
2021-09-04 09:00:00,co,PIIANN,0.45000002,0.59973466
2023-11-11 17:00:00,co,PIIANN,0.95,1.1140118
2024-12-01 18:00:00,co,PIIANN,2.06,1.8806454
2022-08-06 04:00:00,co,PIIANN,0.8,0.85322315
2023-11-04 02:00:00,co,PIIANN,1.4,1.8188616
2024-02-03 21:00:00,co,PIIANN,1.52,1.2517221
2023-06-03 21:00:00,co,PIIANN,1.775,2.084279
2021-06-12 18:00:00,co,PIIANN,1.87,1.9656835
2024-09-12 17:00:00,co,PIIANN,1.56,1.3985773
2023-10-06 03:00:00,co,PIIANN,0.46666667,0.71044403
2025-06-06 15:00:00,co,PIIANN,1.63,1.2776887
2021-01-02 00:00:00,co,PIIANN,3.78,2.7817657
2024-02-07 20:00:00,co,PIIANN,1.97,2.0992749
2024-07-03 22:00:00,co,PIIANN,1.88,1.689133
2024-04-09 18:00:00,co,PIIANN,1.66,1.2515154
2023-09-05 17:00:00,co,PIIANN,0.975,1.4156221
2023-09-10 18:00:00,co,PIIANN,1.275,1.5160528
2021-07-09 22:00:00,co,PIIANN,1.05,1.1923279
2021-10-09 22:00:00,co,PIIANN,1.58,1.2241457
2022-07-08 16:00:00,co,PIIANN,0.88,0.97967297
2023-02-10 06:00:00,co,PIIANN,1.1,1.1148334
2024-12-11 15:00:00,co,PIIANN,1.34,1.4709477
2025-11-02 12:00:00,co,PIIANN,1.52,1.4750792
2021-09-10 04:00:00,co,PIIANN,0.88,0.97210723
2021-10-08 04:00:00,co,PIIANN,0.55,0.71563035
2025-04-01 17:00:00,co,PIIANN,1.94,2.336086
2021-05-01 19:00:00,co,PIIANN,2.47,1.4370382
2025-02-08 23:00:00,co,PIIANN,1.32,1.352019
2023-07-03 11:00:00,co,PIIANN,0.35,0.83499014
2024-05-04 06:00:00,co,PIIANN,1.24,1.4685808
2025-07-13 02:00:00,co,PIIANN,1.8373085,1.745723
2021-04-12 01:00:00,co,PIIANN,5.15,4.636689
2022-06-09 05:00:00,co,PIIANN,1.02,0.8871931
2024-06-01 21:00:00,co,PIIANN,0.019999951,2.2564309
2021-03-11 15:00:00,co,PIIANN,1.25,1.1477531
2021-10-08 15:00:00,co,PIIANN,0.45000002,0.5231744
2024-06-10 11:00:00,co,PIIANN,1.64,1.5534599
2021-01-04 22:00:00,co,PIIANN,0.57,0.92240685
2023-03-11 20:00:00,co,PIIANN,4.866667,4.1426964
2023-10-02 01:00:00,co,PIIANN,0.95,0.82853717
2024-05-05 17:00:00,co,PIIANN,1.12,1.2815406
2023-12-12 05:00:00,co,PIIANN,1.675,1.953804
2024-04-05 12:00:00,co,PIIANN,1.04,0.7602619
2023-08-04 15:00:00,co,PIIANN,0.35,0.5125907
2024-04-02 16:00:00,co,PIIANN,1.3,1.6202565
2021-10-06 08:00:00,co,PIIANN,1.0,0.98614955
2023-11-07 14:00:00,co,PIIANN,0.925,0.76431775
2025-08-10 01:00:00,co,PIIANN,1.23,1.0597975
2021-08-01 20:00:00,co,PIIANN,2.92,2.4891872
2021-07-04 12:00:00,co,PIIANN,0.62,0.8114251
2022-01-11 05:00:00,co,PIIANN,5.53,4.9835987
2021-02-06 16:00:00,co,PIIANN,0.48,0.6901897
2021-09-03 21:00:00,co,PIIANN,1.12,1.547182
2021-12-11 18:00:00,co,PIIANN,4.8,4.3171296
2025-12-03 12:00:00,co,PIIANN,0.55,0.82607657
2022-02-11 12:00:00,co,PIIANN,0.92,0.9265569
2025-04-12 04:00:00,co,PIIANN,1.18,1.286673
2023-05-10 16:00:00,co,PIIANN,0.75,1.2960936
2021-08-07 08:00:00,co,PIIANN,0.6,0.7330239
2021-11-12 12:00:00,co,PIIANN,1.38,1.3900002
2024-07-12 16:00:00,co,PIIANN,0.63,1.2796882
2022-09-05 05:00:00,co,PIIANN,1.2,1.1162368
2021-03-07 12:00:00,co,PIIANN,0.6,0.9045089
2021-04-08 03:00:00,co,PIIANN,0.6,0.57941264
2023-11-04 03:00:00,co,PIIANN,1.275,1.6917983
2023-08-10 23:00:00,co,PIIANN,1.5,1.8384776
2024-03-02 23:00:00,co,PIIANN,3.79,3.5324178
2024-08-04 19:00:00,co,PIIANN,1.69,1.6705918
2025-08-05 12:00:00,co,PIIANN,1.75,1.3786937
2025-06-09 14:00:00,co,PIIANN,0.73,0.8634058
2021-09-01 17:00:00,co,PIIANN,1.65,1.6539174
2025-02-02 19:00:00,co,PIIANN,2.25,2.2329886
2025-11-05 07:00:00,co,PIIANN,1.64,1.6904463
2025-05-03 07:00:00,co,PIIANN,0.99,1.0293168
2023-10-01 10:00:00,co,PIIANN,1.475,1.7355692
2025-05-10 08:00:00,co,PIIANN,1.5,1.4015056
2025-10-10 15:00:00,co,PIIANN,0.109999985,0.88671744
2024-03-02 13:00:00,co,PIIANN,1.05,1.0445915
2023-12-04 15:00:00,co,PIIANN,0.42500004,0.65368617
2025-06-05 15:00:00,co,PIIANN,1.18,1.2073556
2022-08-02 03:00:00,co,PIIANN,1.48,2.1249857
2024-10-03 05:00:00,co,PIIANN,1.41,1.3187579
2025-04-07 01:00:00,co,PIIANN,0.89,1.1190984
2021-09-05 08:00:00,co,PIIANN,1.1,0.94528234
2024-09-10 09:00:00,co,PIIANN,1.92,2.103748
2024-02-09 19:00:00,co,PIIANN,1.23,1.1897557
2021-11-10 12:00:00,co,PIIANN,0.55,0.66917896
2025-02-04 11:00:00,co,PIIANN,1.18,0.8296713
2021-01-09 09:00:00,co,PIIANN,0.82,0.75513756
2023-01-02 00:00:00,co,PIIANN,0.45000002,1.3547629
2022-09-09 23:00:00,co,PIIANN,0.82,1.1297916
2025-04-07 22:00:00,co,PIIANN,2.21,1.6695968
2021-08-05 01:00:00,co,PIIANN,1.18,1.0308602
2024-02-10 01:00:00,co,PIIANN,2.62,1.6375322
2021-08-13 02:00:00,co,PIIANN,3.0152297,2.7197847
2025-03-01 14:00:00,co,PIIANN,1.5,2.1821697
2023-08-04 21:00:00,co,PIIANN,0.75,1.7396684
2024-06-02 09:00:00,co,PIIANN,1.25,1.3083955
2023-11-11 14:00:00,co,PIIANN,0.6,0.80377
2024-01-03 05:00:00,co,PIIANN,1.74,1.5786777
2025-05-02 21:00:00,co,PIIANN,2.03,2.2863803
2021-07-02 18:00:00,co,PIIANN,1.22,1.6420171
2023-07-12 05:00:00,co,PIIANN,1.65,1.8835673
2021-01-04 09:00:00,co,PIIANN,0.49999997,0.772753
2025-06-09 06:00:00,co,PIIANN,0.74,0.84456134
2024-05-03 22:00:00,co,PIIANN,1.24,1.3779192
2024-05-10 03:00:00,co,PIIANN,2.01,2.0711002
2024-01-12 23:00:00,co,PIIANN,1.57,2.1907275
2024-01-02 06:00:00,co,PIIANN,0.43000004,0.93218863
2021-08-06 12:00:00,co,PIIANN,0.48,0.6320623
2021-04-10 01:00:00,co,PIIANN,0.65,1.4505212
2023-06-07 02:00:00,co,PIIANN,0.8,0.7329644
2023-05-03 10:00:00,co,PIIANN,0.775,0.93439776
2021-11-06 16:00:00,co,PIIANN,0.75,0.8926409
2024-08-09 10:00:00,co,PIIANN,1.24,1.1181103
2024-10-09 03:00:00,co,PIIANN,0.57,1.017944
2023-02-06 21:00:00,co,PIIANN,1.6,1.6748438
2021-10-08 11:00:00,co,PIIANN,0.9,0.76648545
2021-12-11 23:00:00,co,PIIANN,1.22,1.8928672
2021-09-04 07:00:00,co,PIIANN,0.75,1.4556681
2023-03-06 14:00:00,co,PIIANN,1.22,1.284602
2021-10-05 16:00:00,co,PIIANN,0.72,1.0250478
2022-02-03 05:00:00,co,PIIANN,1.3,1.3402445
2023-08-10 04:00:00,co,PIIANN,1.575,2.2610493
2022-11-09 22:00:00,co,PIIANN,1.35,1.4154422
2024-09-10 18:00:00,co,PIIANN,2.5,2.0609193
2021-07-09 04:00:00,co,PIIANN,0.49999997,0.6814215
2025-05-09 10:00:00,co,PIIANN,1.06,0.76106954
2025-10-09 03:00:00,co,PIIANN,0.35999998,0.5236513
2021-01-03 07:00:00,co,PIIANN,-2.9486088e-08,0.5195826
2025-02-11 16:00:00,co,PIIANN,0.97,1.3875337
2021-12-10 06:00:00,co,PIIANN,3.72,2.0088809
2023-08-08 10:00:00,co,PIIANN,0.6,0.7110438
2022-12-12 05:00:00,co,PIIANN,0.49999997,0.8181501
2023-06-01 22:00:00,co,PIIANN,1.75,2.4748619
2025-07-11 11:00:00,co,PIIANN,1.93,1.6392959
2025-10-06 10:00:00,co,PIIANN,1.94,1.7062471
2024-11-04 20:00:00,co,PIIANN,4.12,2.391538
2021-08-01 22:00:00,co,PIIANN,1.4,1.9882265
2022-06-06 10:00:00,co,PIIANN,1.2,1.0110089
2024-11-12 05:00:00,co,PIIANN,0.62,0.87892497
2021-11-01 15:00:00,co,PIIANN,0.88,0.8904378
2021-11-09 02:00:00,co,PIIANN,0.39999995,0.61599874
2024-06-10 03:00:00,co,PIIANN,1.32,1.4492676
2023-02-10 19:00:00,co,PIIANN,2.4,2.2478468
2024-09-11 23:00:00,co,PIIANN,4.41,3.2952702
2023-05-02 16:00:00,co,PIIANN,0.32500002,0.80595857
2024-08-11 19:00:00,co,PIIANN,4.4,4.1264133
2024-01-04 15:00:00,co,PIIANN,0.82,0.8490021
2021-05-12 03:00:00,co,PIIANN,3.62,4.024128
2024-02-03 14:00:00,co,PIIANN,1.18,1.0593797
2022-02-11 08:00:00,co,PIIANN,2.75,1.9268135
2025-11-12 03:00:00,co,PIIANN,3.45,3.790915
2023-05-01 20:00:00,co,PIIANN,2.675,3.192116
2025-04-06 02:00:00,co,PIIANN,1.32,1.1311569
2023-10-03 18:00:00,co,PIIANN,0.475,1.0313683
2022-05-11 18:00:00,co,PIIANN,2.45,2.5132666
2021-02-03 03:00:00,co,PIIANN,0.68,0.83514935
2022-04-02 15:00:00,co,PIIANN,1.35,1.2330167
2024-04-01 19:00:00,co,PIIANN,2.51,2.4283988
2024-11-02 10:00:00,co,PIIANN,1.58,1.6775168
2022-08-06 11:00:00,co,PIIANN,1.23,0.9987029
2023-01-05 23:00:00,co,PIIANN,1.125,1.2613952
2021-01-09 01:00:00,co,PIIANN,1.0,0.8567116
2025-09-05 14:00:00,co,PIIANN,1.32,1.144232
2023-12-10 19:00:00,co,PIIANN,1.55,1.698344
2021-05-06 02:00:00,co,PIIANN,0.7,0.66808873
2022-09-10 09:00:00,co,PIIANN,0.6,0.6274984
2021-05-08 16:00:00,co,PIIANN,0.57,0.56825763
2021-01-07 01:00:00,co,PIIANN,0.68,0.88111454
2025-09-12 08:00:00,co,PIIANN,1.33,1.2744721
2021-07-12 02:00:00,co,PIIANN,1.0,1.239918
2023-03-06 17:00:00,co,PIIANN,0.96666664,1.0141013
2024-11-03 01:00:00,co,PIIANN,1.49,1.1113025
2021-10-02 06:00:00,co,PIIANN,2.17,2.2952394
2023-07-01 14:00:00,co,PIIANN,1.0333333,1.2454576
2022-06-06 21:00:00,co,PIIANN,3.8,2.928795
2021-03-03 20:00:00,co,PIIANN,1.5,1.4345715
2021-06-09 01:00:00,co,PIIANN,2.275,1.3230399
2022-07-11 02:00:00,co,PIIANN,1.6,1.7722213
2024-06-09 20:00:00,co,PIIANN,1.27,1.277265
2021-08-09 16:00:00,co,PIIANN,0.78,0.87854457
2021-02-05 19:00:00,co,PIIANN,1.58,1.2666568
2025-01-08 14:00:00,co,PIIANN,0.36999997,0.7459278
2021-05-05 17:00:00,co,PIIANN,0.68,0.9441498
2023-08-03 23:00:00,co,PIIANN,0.9,0.9835104
2024-02-03 23:00:00,co,PIIANN,1.23,1.212669
2024-10-10 06:00:00,co,PIIANN,1.86,1.671632
2024-11-02 04:00:00,co,PIIANN,1.21,1.5103796
2024-01-01 09:00:00,co,PIIANN,1.42,1.4103425
2022-03-03 16:00:00,co,PIIANN,0.92,1.112091
2025-12-06 14:00:00,co,PIIANN,0.89,1.158662
2023-09-10 04:00:00,co,PIIANN,1.9,1.6798071
2024-03-02 21:00:00,co,PIIANN,4.78,4.882584
2024-01-03 13:00:00,co,PIIANN,1.41,0.8776887
2022-01-03 07:00:00,co,PIIANN,1.8,1.5112057
2024-11-05 10:00:00,co,PIIANN,1.26,1.1312711
2022-02-01 23:00:00,co,PIIANN,2.78,3.813029
2023-06-11 19:00:00,co,PIIANN,4.8,4.711577
2021-10-04 11:00:00,co,PIIANN,0.6,0.6823125
2021-09-04 10:00:00,co,PIIANN,0.30000004,0.4747902
2021-01-08 13:00:00,co,PIIANN,0.8,0.7955625
2024-10-03 01:00:00,co,PIIANN,1.3,0.9834002
2023-05-05 12:00:00,co,PIIANN,0.55,0.6299937
2021-11-04 06:00:00,co,PIIANN,1.0,0.74550325
2023-05-09 01:00:00,co,PIIANN,0.85,1.0452687
2024-03-07 03:00:00,co,PIIANN,1.06,1.004245
2025-08-07 10:00:00,co,PIIANN,1.44,1.2887862
2024-01-12 20:00:00,co,PIIANN,3.19,4.9054375
2024-08-07 00:00:00,co,PIIANN,0.78,1.0808046
2024-02-03 20:00:00,co,PIIANN,1.37,1.2462085
2022-06-10 01:00:00,co,PIIANN,0.77,0.8412481
2023-11-03 01:00:00,co,PIIANN,1.525,1.5766728
2022-08-09 06:00:00,co,PIIANN,1.05,0.97328126
2025-02-06 05:00:00,co,PIIANN,1.09,1.1603379
2021-02-05 12:00:00,co,PIIANN,0.43000004,0.8220806
2021-07-02 02:00:00,co,PIIANN,0.9,1.1070583
2024-02-04 08:00:00,co,PIIANN,1.3,1.9278802
2024-11-11 14:00:00,co,PIIANN,1.94,2.1272168
2025-06-05 11:00:00,co,PIIANN,1.43,1.2706802
2022-12-10 12:00:00,co,PIIANN,0.30000004,0.716016
2024-07-09 03:00:00,co,PIIANN,0.53,0.75528497
2021-02-06 07:00:00,co,PIIANN,0.92,0.8892696
2022-11-12 01:00:00,co,PIIANN,0.30000004,1.2107112
2023-08-09 04:00:00,co,PIIANN,0.525,0.829756
2023-08-04 09:00:00,co,PIIANN,0.7,1.3043448
2024-06-07 20:00:00,co,PIIANN,1.33,1.2315984
2022-09-11 08:00:00,co,PIIANN,1.28,1.8509097
2022-01-10 07:00:00,co,PIIANN,2.17,1.856146
2024-08-03 09:00:00,co,PIIANN,1.8,1.8463297
2024-01-07 07:00:00,co,PIIANN,1.48,0.9499556
2025-04-07 13:00:00,co,PIIANN,1.11,0.8757835
2025-05-10 21:00:00,co,PIIANN,2.56,2.0724761
2023-05-02 14:00:00,co,PIIANN,0.45000002,0.62259847
2021-05-06 01:00:00,co,PIIANN,0.65,0.7186358
2022-04-09 12:00:00,co,PIIANN,0.65,0.7548841
2023-10-04 06:00:00,co,PIIANN,1.6,1.4601443
2022-01-08 17:00:00,co,PIIANN,0.7,0.5192061
2021-01-06 17:00:00,co,PIIANN,0.6,0.80590165
2022-09-02 23:00:00,co,PIIANN,2.95,2.2371755
2025-09-11 04:00:00,co,PIIANN,2.66,3.0625186
2021-02-04 21:00:00,co,PIIANN,1.4,1.9096215
2021-11-07 23:00:00,co,PIIANN,1.88,0.6530093
2022-12-01 20:00:00,co,PIIANN,4.2,3.3780017
2023-07-10 19:00:00,co,PIIANN,1.45,1.953202
2023-08-02 07:00:00,co,PIIANN,1.675,1.1729463
2023-09-10 13:00:00,co,PIIANN,0.8,0.98712206
2023-05-08 23:00:00,co,PIIANN,1.775,1.8589969
2022-12-10 14:00:00,co,PIIANN,0.7,0.4148583
2025-02-13 02:00:00,co,PIIANN,4.7145195,3.9922183
2023-09-05 02:00:00,co,PIIANN,1.4,1.2647887
2023-08-05 17:00:00,co,PIIANN,0.475,0.78430516
2025-06-04 11:00:00,co,PIIANN,1.24,1.0465046
2021-09-09 09:00:00,co,PIIANN,0.9,0.9070919
2023-05-04 20:00:00,co,PIIANN,4.175,2.1901424
2023-09-05 13:00:00,co,PIIANN,0.24999997,1.0219543
2022-09-07 02:00:00,co,PIIANN,0.8,0.5271324
2025-07-09 15:00:00,co,PIIANN,0.58,0.76962644
2021-09-11 14:00:00,co,PIIANN,1.35,1.6106199
2025-06-09 02:00:00,co,PIIANN,0.68,0.80996007
2024-09-05 01:00:00,co,PIIANN,0.99,0.67406934
2025-01-03 01:00:00,co,PIIANN,1.17,1.0084182
2021-10-11 19:00:00,co,PIIANN,5.32,5.3692327
2023-04-03 05:00:00,co,PIIANN,0.32500002,0.6106818
2024-03-10 16:00:00,co,PIIANN,1.46,1.6180471
2024-06-09 21:00:00,co,PIIANN,1.15,1.2692499
2025-11-08 12:00:00,co,PIIANN,0.48999998,0.68268144
2024-04-10 10:00:00,co,PIIANN,1.54,1.4010535
2022-03-06 16:00:00,co,PIIANN,0.9800001,0.94056845
2025-11-09 17:00:00,co,PIIANN,0.39999995,0.6355305
2025-08-01 21:00:00,co,PIIANN,5.89,5.2792864
2025-12-06 16:00:00,co,PIIANN,0.94,1.0037234
2023-05-10 01:00:00,co,PIIANN,0.975,1.0929862
2021-03-13 00:00:00,co,PIIANN,5.286111,4.143521
2021-11-10 22:00:00,co,PIIANN,1.78,1.623622
2024-07-12 08:00:00,co,PIIANN,1.5,1.9065983
2024-10-08 11:00:00,co,PIIANN,1.25,1.030549
2021-06-09 05:00:00,co,PIIANN,1.05,1.2550347
2025-01-06 03:00:00,co,PIIANN,1.08,1.0248108
2022-07-09 01:00:00,co,PIIANN,0.39999995,0.96012956
2023-01-08 05:00:00,co,PIIANN,0.6,0.7489063
2025-10-09 18:00:00,co,PIIANN,0.94,0.56212336
2025-12-06 12:00:00,co,PIIANN,1.51,1.2403625
2021-02-01 15:00:00,co,PIIANN,1.93,2.769545
2025-11-10 19:00:00,co,PIIANN,2.83,2.1333375
2023-01-04 10:00:00,co,PIIANN,0.925,1.1026368
2023-07-07 06:00:00,co,PIIANN,0.875,0.74313265
2023-02-08 16:00:00,co,PIIANN,1.325,0.73880243
2024-05-11 00:00:00,co,PIIANN,6.1,2.6800714
2025-03-06 09:00:00,co,PIIANN,1.42,1.1497154
2021-07-05 18:00:00,co,PIIANN,0.9,1.1858109
2025-11-10 07:00:00,co,PIIANN,1.2,1.2408333
2024-05-09 23:00:00,co,PIIANN,1.94,2.0005143
2021-06-03 06:00:00,co,PIIANN,0.75,1.1135528
2023-07-08 23:00:00,co,PIIANN,0.975,1.1104665
2022-03-08 20:00:00,co,PIIANN,2.65,1.4881748
2021-11-07 10:00:00,co,PIIANN,0.68,0.56477284
2025-05-02 12:00:00,co,PIIANN,0.76,1.2079943
2023-03-12 12:00:00,co,PIIANN,0.875,1.0616978
2023-08-03 05:00:00,co,PIIANN,1.22,2.1410508
2024-06-07 18:00:00,co,PIIANN,1.16,1.1609823
2023-11-04 01:00:00,co,PIIANN,1.675,2.2653072
2024-01-08 13:00:00,co,PIIANN,1.22,0.9320539
2023-03-10 22:00:00,co,PIIANN,1.15,1.6705345
2022-02-01 17:00:00,co,PIIANN,2.85,2.0479352
2024-04-09 20:00:00,co,PIIANN,1.93,1.5765958
2024-03-11 19:00:00,co,PIIANN,3.74,4.032945
2023-05-08 18:00:00,co,PIIANN,3.0,1.2216678
2022-10-02 11:00:00,co,PIIANN,1.28,1.2928896
2023-08-09 12:00:00,co,PIIANN,1.05,1.0089661
2022-12-07 06:00:00,co,PIIANN,0.05000004,0.5540717
2021-04-09 10:00:00,co,PIIANN,1.05,0.79909444
2024-05-12 09:00:00,co,PIIANN,1.15,1.4800909
2021-06-04 11:00:00,co,PIIANN,1.1,0.78377706
2024-10-10 03:00:00,co,PIIANN,1.68,1.391461
2021-01-05 13:00:00,co,PIIANN,0.6,0.71788263
2022-10-03 22:00:00,co,PIIANN,1.5,1.766165
2021-09-01 13:00:00,co,PIIANN,1.52,1.6574073
2024-02-09 23:00:00,co,PIIANN,1.3,1.3343385
2025-01-02 22:00:00,co,PIIANN,1.69,2.466543
2024-12-01 14:00:00,co,PIIANN,1.02,1.4573301
2021-07-02 09:00:00,co,PIIANN,1.725,1.5684714
2021-12-03 07:00:00,co,PIIANN,1.1,1.184334
2021-11-07 05:00:00,co,PIIANN,0.68,0.52611816
2025-07-02 05:00:00,co,PIIANN,1.12,1.2741984
2022-02-09 23:00:00,co,PIIANN,2.15,1.74423
2022-01-11 14:00:00,co,PIIANN,0.85,1.4807044
2022-10-06 12:00:00,co,PIIANN,1.2,0.9585093
2022-02-12 01:00:00,co,PIIANN,5.13,4.2576423
2021-08-11 12:00:00,co,PIIANN,1.55,1.2805641
2022-06-10 07:00:00,co,PIIANN,1.23,1.0399809
2025-10-12 02:00:00,co,PIIANN,1.62,1.8359743
2022-01-03 01:00:00,co,PIIANN,1.17,1.0119469
2021-10-05 18:00:00,co,PIIANN,1.0,1.3319008
2022-12-06 15:00:00,co,PIIANN,1.9,0.83731526
2021-02-06 20:00:00,co,PIIANN,1.52,1.6770861
2021-01-06 05:00:00,co,PIIANN,0.30000004,0.621288
2023-12-06 09:00:00,co,PIIANN,0.9,1.055864
2024-09-06 21:00:00,co,PIIANN,2.08,2.3823516
2023-05-05 14:00:00,co,PIIANN,0.56666666,0.5612081
2024-03-08 07:00:00,co,PIIANN,1.25,1.0669844
2022-09-10 13:00:00,co,PIIANN,0.53,0.7911131
2023-06-09 03:00:00,co,PIIANN,0.875,0.9058971
2021-09-07 17:00:00,co,PIIANN,0.65,0.61512256
2022-03-07 11:00:00,co,PIIANN,0.73,0.726797
2022-09-05 04:00:00,co,PIIANN,1.2,1.180248
2025-11-06 02:00:00,co,PIIANN,4.53,4.079273
2021-02-12 20:00:00,co,PIIANN,2.88,3.176803
2023-06-01 17:00:00,co,PIIANN,1.875,2.3316038
2021-11-02 13:00:00,co,PIIANN,1.08,0.8150826
2022-03-10 05:00:00,co,PIIANN,1.2,0.98421675
2022-05-03 15:00:00,co,PIIANN,0.95,1.0160003
2022-12-06 18:00:00,co,PIIANN,1.4,1.3631793
2024-04-02 15:00:00,co,PIIANN,1.49,1.555037
2022-08-10 23:00:00,co,PIIANN,0.099999994,0.9829172
2022-10-06 23:00:00,co,PIIANN,1.0,1.2756464
2025-02-02 20:00:00,co,PIIANN,2.09,2.5995412
2023-02-12 21:00:00,co,PIIANN,2.85,2.8408387
2021-11-08 06:00:00,co,PIIANN,0.099999994,0.5317033
2024-06-03 21:00:00,co,PIIANN,1.94,1.8219701
2025-08-11 07:00:00,co,PIIANN,3.31,2.8623807
2025-11-09 18:00:00,co,PIIANN,0.55,0.7020865
2021-02-04 09:00:00,co,PIIANN,0.8,0.7007622
2025-02-09 01:00:00,co,PIIANN,0.23999998,0.7437009
2021-12-06 22:00:00,co,PIIANN,0.68,0.9472537
2022-08-05 19:00:00,co,PIIANN,1.77,1.8317388
2023-06-06 03:00:00,co,PIIANN,0.30000004,0.86818874
2021-07-05 16:00:00,co,PIIANN,0.55,0.8419693
2021-01-09 13:00:00,co,PIIANN,0.78,0.5998056
2021-08-12 00:00:00,co,PIIANN,1.4,1.6368959
2021-04-06 20:00:00,co,PIIANN,1.75,1.3879772
2023-04-06 14:00:00,co,PIIANN,0.7,0.8872481
2024-12-09 19:00:00,co,PIIANN,1.24,0.8814108
2021-11-04 03:00:00,co,PIIANN,0.35,0.5340685
2024-06-01 12:00:00,co,PIIANN,1.44,1.6035646
2023-07-12 08:00:00,co,PIIANN,2.275,1.9856962
2021-10-02 20:00:00,co,PIIANN,3.12,3.7415044
2021-02-11 13:00:00,co,PIIANN,1.05,0.7081933
2023-03-09 00:00:00,co,PIIANN,0.7,0.9686555
2021-04-05 19:00:00,co,PIIANN,2.6,1.2470134
2021-11-04 01:00:00,co,PIIANN,0.49999997,0.7769328
2024-08-03 11:00:00,co,PIIANN,1.39,1.4492652
2022-12-07 23:00:00,co,PIIANN,1.23,1.5962003
2024-04-06 12:00:00,co,PIIANN,1.28,1.3393657
2024-03-10 15:00:00,co,PIIANN,1.5,1.5202094
2023-08-10 09:00:00,co,PIIANN,0.8333333,1.161385
2024-05-02 15:00:00,co,PIIANN,0.7,0.9096734
2022-11-03 23:00:00,co,PIIANN,1.08,1.3139719
2023-08-08 16:00:00,co,PIIANN,0.925,0.8451993
2025-11-08 05:00:00,co,PIIANN,0.26999995,0.6100957
2021-01-11 01:00:00,co,PIIANN,3.0166667,3.019299
2023-03-11 14:00:00,co,PIIANN,0.8,1.3502212
2023-01-08 12:00:00,co,PIIANN,0.95,0.7609155
2021-08-07 07:00:00,co,PIIANN,0.57,0.7452577
2022-04-10 06:00:00,co,PIIANN,1.48,1.2470479
2024-08-01 23:00:00,co,PIIANN,1.21,1.2556447
2024-03-11 07:00:00,co,PIIANN,3.6,2.9931076
2024-01-09 09:00:00,co,PIIANN,1.03,1.1095178
2022-03-11 19:00:00,co,PIIANN,3.7833333,4.7822375
2023-10-10 11:00:00,co,PIIANN,0.675,1.101904
2022-03-10 02:00:00,co,PIIANN,1.1,0.84966826
2023-08-05 07:00:00,co,PIIANN,1.55,1.4543808
2025-10-08 17:00:00,co,PIIANN,1.02,0.90677977
2023-03-10 14:00:00,co,PIIANN,0.7,0.7743422
2025-04-02 00:00:00,co,PIIANN,1.31,1.4479405
2022-11-07 19:00:00,co,PIIANN,3.3,1.7107525
2022-03-10 15:00:00,co,PIIANN,1.12,1.0537581
2025-03-13 02:00:00,co,PIIANN,1.7236323,1.935962
2021-11-07 08:00:00,co,PIIANN,0.7,0.62837976
2023-04-11 14:00:00,co,PIIANN,1.3666667,1.8426907
2022-01-13 00:00:00,co,PIIANN,4.3815756,3.756975
2023-06-01 15:00:00,co,PIIANN,1.525,1.948951
2025-02-12 06:00:00,co,PIIANN,1.63,1.5034213
2021-11-02 00:00:00,co,PIIANN,1.42,1.1763752
2023-09-08 20:00:00,co,PIIANN,1.4,1.4646748
2025-04-11 18:00:00,co,PIIANN,2.57,2.1591742
2025-01-11 20:00:00,co,PIIANN,3.83,3.9973607
2024-09-09 13:00:00,co,PIIANN,0.66,0.6844704
2023-06-04 18:00:00,co,PIIANN,1.275,0.6671639
2021-06-10 06:00:00,co,PIIANN,1.1,0.9549366
2023-03-11 15:00:00,co,PIIANN,0.725,1.0973479
2024-01-11 08:00:00,co,PIIANN,1.95,2.140061
2022-09-08 07:00:00,co,PIIANN,2.07,0.9411204
2022-04-06 02:00:00,co,PIIANN,2.8,3.2077441
2022-11-08 09:00:00,co,PIIANN,0.88,0.6636657
2021-04-04 20:00:00,co,PIIANN,2.9,2.9405367
2023-11-12 02:00:00,co,PIIANN,1.4,1.7156682
2024-11-09 02:00:00,co,PIIANN,0.30000004,0.81732357
2022-05-08 12:00:00,co,PIIANN,0.8,0.9341507
2024-03-04 04:00:00,co,PIIANN,1.31,1.2111511
2022-02-09 06:00:00,co,PIIANN,1.27,1.107967
2021-10-11 01:00:00,co,PIIANN,2.3,3.605616
2021-05-12 00:00:00,co,PIIANN,3.5866666,2.504757
2021-08-10 21:00:00,co,PIIANN,2.2,2.0754642
2022-08-03 17:00:00,co,PIIANN,1.02,1.2983942
2022-09-12 07:00:00,co,PIIANN,1.9,1.1159912
2025-11-02 07:00:00,co,PIIANN,4.38,3.661676
2021-08-07 06:00:00,co,PIIANN,0.49999997,0.6800405
2023-12-01 12:00:00,co,PIIANN,2.325,2.0859904
2025-10-07 11:00:00,co,PIIANN,0.73,0.795108
2022-10-12 11:00:00,co,PIIANN,1.28,1.281686
2024-03-08 15:00:00,co,PIIANN,1.01,0.699897
2021-04-06 18:00:00,co,PIIANN,0.75,1.1490089
2025-09-05 17:00:00,co,PIIANN,1.35,1.5145082
2021-03-08 00:00:00,co,PIIANN,0.95,0.58820873
2024-01-10 07:00:00,co,PIIANN,2.34,1.8524442
2024-09-12 00:00:00,co,PIIANN,0.14999995,3.1182775
2025-05-12 16:00:00,co,PIIANN,1.01,1.3346131
2022-11-10 05:00:00,co,PIIANN,0.52,0.42933843
2024-05-04 13:00:00,co,PIIANN,0.7,0.76314044
2023-05-04 09:00:00,co,PIIANN,0.7,1.1560206
2025-07-05 01:00:00,co,PIIANN,1.51,1.0517834
2022-04-02 11:00:00,co,PIIANN,1.48,1.6155809
2023-12-06 04:00:00,co,PIIANN,0.7,0.8293412
2023-08-03 20:00:00,co,PIIANN,0.925,1.9142076
2025-12-08 19:00:00,co,PIIANN,1.0,0.9186266
2024-01-07 04:00:00,co,PIIANN,1.08,0.58572984
2021-02-03 10:00:00,co,PIIANN,-2.9486088e-08,0.4215661
2021-05-10 00:00:00,co,PIIANN,2.303125,2.2975614
2023-11-05 01:00:00,co,PIIANN,1.9,1.5282211
2023-02-09 17:00:00,co,PIIANN,1.0333333,0.7986691
2025-05-10 04:00:00,co,PIIANN,1.36,1.2862738
2024-02-01 20:00:00,co,PIIANN,2.28,2.954494
2021-07-03 10:00:00,co,PIIANN,1.4,1.3538227
2025-11-12 05:00:00,co,PIIANN,2.72,2.7805626
2024-04-07 14:00:00,co,PIIANN,1.2,1.2645553
2024-04-10 19:00:00,co,PIIANN,2.58,2.5691156
2022-07-09 03:00:00,co,PIIANN,0.9,0.92555106
2025-08-11 15:00:00,co,PIIANN,1.73,1.837035
2021-07-02 19:00:00,co,PIIANN,1.22,1.8268698
2023-04-12 00:00:00,co,PIIANN,2.75,2.9688463
2022-04-11 10:00:00,co,PIIANN,3.68,4.48343
2025-12-03 10:00:00,co,PIIANN,1.06,1.3667653
2021-02-02 08:00:00,co,PIIANN,3.0,2.9310033
2021-01-03 11:00:00,co,PIIANN,0.75,0.8724476
2025-11-05 08:00:00,co,PIIANN,1.66,1.6522744
2021-05-05 10:00:00,co,PIIANN,0.75,0.7838664
2025-08-05 21:00:00,co,PIIANN,3.0,2.8481925
2025-06-09 17:00:00,co,PIIANN,0.66,0.76374674
2023-07-07 12:00:00,co,PIIANN,1.0,0.8786899
2025-07-05 08:00:00,co,PIIANN,1.81,1.7439822
2024-06-05 19:00:00,co,PIIANN,2.36,2.4939282
2025-01-05 22:00:00,co,PIIANN,1.69,1.6913283
2023-12-05 21:00:00,co,PIIANN,2.675,2.7907817
2023-07-10 14:00:00,co,PIIANN,0.49999997,0.756127
2023-11-09 01:00:00,co,PIIANN,0.7,0.6816531
2023-07-02 20:00:00,co,PIIANN,1.5,2.2084577
2025-01-11 21:00:00,co,PIIANN,3.49,3.7461543
2021-06-12 06:00:00,co,PIIANN,1.12,1.6644245
2021-01-10 22:00:00,co,PIIANN,2.88,2.5823045
2022-04-11 05:00:00,co,PIIANN,4.97,4.6677012
2025-07-10 17:00:00,co,PIIANN,0.94,1.0805229
2022-07-05 04:00:00,co,PIIANN,1.55,1.6257594
2021-12-10 09:00:00,co,PIIANN,1.4,1.675184
2025-02-09 08:00:00,co,PIIANN,0.48,0.6186995
2021-08-08 21:00:00,co,PIIANN,0.7,0.984141
2023-12-03 17:00:00,co,PIIANN,0.55,0.89911073
2024-04-08 06:00:00,co,PIIANN,1.0,0.96734756
2022-05-07 13:00:00,co,PIIANN,1.27,1.0843381
2021-06-10 09:00:00,co,PIIANN,1.0,1.2775359
2021-12-11 09:00:00,co,PIIANN,2.9,3.274388
2025-04-09 03:00:00,co,PIIANN,0.22999999,0.550377
2025-05-10 12:00:00,co,PIIANN,1.39,1.0230336
2021-01-05 12:00:00,co,PIIANN,0.72,0.6393616
2021-08-04 03:00:00,co,PIIANN,0.32000002,0.55288696
2025-08-08 22:00:00,co,PIIANN,1.27,1.0557873
2025-01-10 02:00:00,co,PIIANN,0.68,0.6175502
2022-03-05 06:00:00,co,PIIANN,1.58,1.4024028
2025-04-08 13:00:00,co,PIIANN,0.38999996,0.8112889
2023-10-02 13:00:00,co,PIIANN,0.7,0.9884257
2023-12-05 08:00:00,co,PIIANN,1.3,1.4716747
2023-10-01 16:00:00,co,PIIANN,2.1666667,2.2835665
2021-06-12 22:00:00,co,PIIANN,1.67,2.133696
2024-12-08 10:00:00,co,PIIANN,1.28,0.9516081
2025-09-03 15:00:00,co,PIIANN,0.93,1.187761
2024-11-05 20:00:00,co,PIIANN,1.75,1.6867859
2021-04-09 14:00:00,co,PIIANN,0.65,0.8058984
2023-03-01 23:00:00,co,PIIANN,0.75,1.3839517
2023-11-01 14:00:00,co,PIIANN,1.35,1.5065581
2024-06-06 22:00:00,co,PIIANN,1.6,2.1839879
2022-01-06 17:00:00,co,PIIANN,1.32,1.2449298
2022-09-11 21:00:00,co,PIIANN,4.93,4.0616603
2023-10-10 05:00:00,co,PIIANN,1.4,2.0308778
2025-10-06 08:00:00,co,PIIANN,2.16,1.8558922
2021-11-07 00:00:00,co,PIIANN,0.78,0.7567475
2021-06-01 12:00:00,co,PIIANN,2.5,1.5396228
2023-04-06 07:00:00,co,PIIANN,0.49999997,0.894914
2022-08-03 10:00:00,co,PIIANN,1.7,1.7668493
2025-10-04 11:00:00,co,PIIANN,1.12,1.3845385
2023-02-03 07:00:00,co,PIIANN,1.275,1.1917619
2021-09-06 03:00:00,co,PIIANN,0.45000002,0.55090755
2025-02-03 12:00:00,co,PIIANN,0.68,1.1730733
2025-03-09 19:00:00,co,PIIANN,0.38999996,1.031707
2025-03-07 09:00:00,co,PIIANN,1.01,0.9684257
2022-06-09 07:00:00,co,PIIANN,1.47,1.2488475
2021-06-01 20:00:00,co,PIIANN,1.92,2.0208106
2022-07-04 12:00:00,co,PIIANN,0.92,0.8679996
2021-06-11 19:00:00,co,PIIANN,3.7,3.9434597
2022-04-07 12:00:00,co,PIIANN,1.0,0.8076877
2022-10-02 16:00:00,co,PIIANN,1.02,1.1836452
2023-09-12 13:00:00,co,PIIANN,0.96666664,1.0825756
2023-07-11 05:00:00,co,PIIANN,1.3,1.8251868
2022-08-02 02:00:00,co,PIIANN,2.5,3.730234
2025-07-03 23:00:00,co,PIIANN,1.2,1.7920085
2023-04-08 01:00:00,co,PIIANN,0.8035714,0.9404679
2024-06-11 15:00:00,co,PIIANN,2.11,1.9237791
2025-07-03 08:00:00,co,PIIANN,2.45,2.4154491
2024-07-08 16:00:00,co,PIIANN,1.01,1.3495504
2021-02-09 07:00:00,co,PIIANN,0.73,0.71737814
2023-02-12 10:00:00,co,PIIANN,1.175,1.3213845
2024-08-08 06:00:00,co,PIIANN,0.9800001,0.7504116
2021-06-07 05:00:00,co,PIIANN,0.6,0.6588871
2022-02-04 06:00:00,co,PIIANN,1.62,1.8435253
2023-12-02 04:00:00,co,PIIANN,0.35,0.66099423
2024-03-06 20:00:00,co,PIIANN,3.69,2.2618861
2021-02-02 04:00:00,co,PIIANN,2.1,1.906931
2024-12-06 17:00:00,co,PIIANN,0.93,0.77472895
2021-01-06 03:00:00,co,PIIANN,0.24999997,0.54458594
2021-02-04 05:00:00,co,PIIANN,0.49999997,0.6370576
2023-10-12 08:00:00,co,PIIANN,1.4,1.2922119
2022-07-09 21:00:00,co,PIIANN,1.27,1.5357206
2023-11-08 12:00:00,co,PIIANN,0.825,0.8846967
2023-07-09 22:00:00,co,PIIANN,1.775,1.4557081
2024-07-06 06:00:00,co,PIIANN,1.4,1.194089
2021-07-03 07:00:00,co,PIIANN,2.15,2.1219237
2021-09-02 23:00:00,co,PIIANN,4.47,3.2252614
2024-07-04 00:00:00,co,PIIANN,1.18,1.3047322
2025-08-09 19:00:00,co,PIIANN,0.66,0.73481
2023-08-06 20:00:00,co,PIIANN,1.7666667,1.8566226
2023-08-08 08:00:00,co,PIIANN,0.9,0.8820763
2021-12-10 18:00:00,co,PIIANN,1.95,1.2354847
2021-09-12 02:00:00,co,PIIANN,2.1,2.1006587
2023-04-03 15:00:00,co,PIIANN,1.225,1.0156757
2023-02-02 20:00:00,co,PIIANN,1.825,2.2781584
2023-10-11 23:00:00,co,PIIANN,1.525,1.84736
2025-01-05 11:00:00,co,PIIANN,1.64,1.4460574
2022-06-02 06:00:00,co,PIIANN,5.15,4.6881614
2022-01-09 23:00:00,co,PIIANN,0.57,0.97562134
2021-02-06 03:00:00,co,PIIANN,1.05,0.94644535
2022-01-05 12:00:00,co,PIIANN,1.5,1.2179253
2021-03-05 04:00:00,co,PIIANN,0.49999997,0.638411
2023-03-11 08:00:00,co,PIIANN,2.6,2.8144405
2022-03-03 05:00:00,co,PIIANN,1.1,0.937338
2023-08-03 17:00:00,co,PIIANN,0.39999995,0.9370896
2024-02-08 08:00:00,co,PIIANN,1.43,1.2533948
2024-12-13 01:00:00,co,PIIANN,0.30493674,0.46281275
2025-07-11 01:00:00,co,PIIANN,2.74,2.5760205
2024-08-09 06:00:00,co,PIIANN,1.06,1.1057957
2021-09-02 09:00:00,co,PIIANN,2.42,2.2726133
2023-07-07 05:00:00,co,PIIANN,0.8,0.7020483
2022-09-10 10:00:00,co,PIIANN,0.9,0.6994523
2023-09-02 06:00:00,co,PIIANN,1.5,1.4379352
2025-06-05 12:00:00,co,PIIANN,1.43,1.1096535
2025-12-05 09:00:00,co,PIIANN,1.56,1.4875927
2021-09-05 10:00:00,co,PIIANN,0.78,1.0046912
2022-10-12 07:00:00,co,PIIANN,1.22,1.4192115
2021-02-07 09:00:00,co,PIIANN,1.0,0.8199512
2021-12-10 01:00:00,co,PIIANN,1.85,1.4639984
2022-05-09 16:00:00,co,PIIANN,0.72,0.8425185
2024-09-07 02:00:00,co,PIIANN,1.3332,1.0903734
2023-04-07 10:00:00,co,PIIANN,1.025,1.0410323
2025-12-01 18:00:00,co,PIIANN,3.01,2.3587816
2021-05-05 13:00:00,co,PIIANN,0.7,0.724557
2023-03-06 01:00:00,co,PIIANN,0.875,0.8864436
2022-06-10 20:00:00,co,PIIANN,1.45,1.518505
2022-09-12 13:00:00,co,PIIANN,0.6,0.9760598
2022-06-01 16:00:00,co,PIIANN,1.63,1.7255387
2025-05-12 02:00:00,co,PIIANN,1.77,2.03878
2021-04-11 21:00:00,co,PIIANN,3.28,3.9129832
2021-04-04 13:00:00,co,PIIANN,0.30000004,0.30892834
2025-03-02 06:00:00,co,PIIANN,1.2,1.3775725
2021-12-01 12:00:00,co,PIIANN,1.73,1.7349268
2023-12-07 15:00:00,co,PIIANN,0.975,0.89524925
2023-12-13 01:00:00,co,PIIANN,2.892035,2.4181938
2023-10-03 11:00:00,co,PIIANN,0.775,0.9874341
2022-10-09 00:00:00,co,PIIANN,0.7,0.5515375
2021-04-04 01:00:00,co,PIIANN,0.52,0.74911714
2025-07-04 06:00:00,co,PIIANN,4.08,3.8189547
2022-08-03 21:00:00,co,PIIANN,2.2,3.1092756
2023-12-06 05:00:00,co,PIIANN,0.725,0.84125274
2023-02-11 10:00:00,co,PIIANN,1.975,2.2216213
2022-04-05 14:00:00,co,PIIANN,1.615,1.6281706
2021-12-06 02:00:00,co,PIIANN,0.6,0.6219996
2023-06-02 02:00:00,co,PIIANN,3.94,2.289231
2023-03-04 07:00:00,co,PIIANN,1.45,1.5233208
2023-10-02 04:00:00,co,PIIANN,0.49999997,0.90623546
2022-08-08 00:00:00,co,PIIANN,1.25,0.9756623
2022-05-02 21:00:00,co,PIIANN,4.0,3.639542
2025-03-09 15:00:00,co,PIIANN,0.15999994,1.1362381
2023-12-02 11:00:00,co,PIIANN,0.475,0.8025862
2023-01-09 13:00:00,co,PIIANN,0.55,0.7805204
2025-12-01 13:00:00,co,PIIANN,2.73,2.277071
2025-03-09 18:00:00,co,PIIANN,0.23999998,1.0166042
2024-09-11 06:00:00,co,PIIANN,1.97,2.0502768
2022-11-02 02:00:00,co,PIIANN,1.1,0.89146984
2023-08-09 19:00:00,co,PIIANN,1.125,1.0928288
2023-01-11 21:00:00,co,PIIANN,2.7555556,3.0345376
2024-12-04 14:00:00,co,PIIANN,0.91,0.91195375
2022-06-02 07:00:00,co,PIIANN,5.4,4.366591
2021-06-10 04:00:00,co,PIIANN,0.7,0.78397435
2023-04-10 18:00:00,co,PIIANN,1.5,1.6182892
2023-07-11 13:00:00,co,PIIANN,1.575,1.3689198
2021-07-13 02:00:00,co,PIIANN,1.5746827,1.592204
2021-04-10 04:00:00,co,PIIANN,0.65,0.72263837
2025-01-09 20:00:00,co,PIIANN,0.52,1.0002778
2023-06-11 10:00:00,co,PIIANN,2.2,2.7143
2023-06-06 16:00:00,co,PIIANN,0.65,0.8419505
2021-12-02 18:00:00,co,PIIANN,2.25,2.0687528
2022-01-04 10:00:00,co,PIIANN,1.28,1.140363
2024-11-01 18:00:00,co,PIIANN,1.71,1.6408312
2024-06-05 11:00:00,co,PIIANN,1.12,0.8748868
2025-01-05 20:00:00,co,PIIANN,1.8,1.7900012
2024-02-10 02:00:00,co,PIIANN,2.17,1.9244853
2022-04-07 08:00:00,co,PIIANN,1.33,1.2273415
2021-12-07 04:00:00,co,PIIANN,0.49999997,0.5692937
2025-10-03 07:00:00,co,PIIANN,1.73,1.6871626
2022-02-07 07:00:00,co,PIIANN,1.87,1.4936363
2023-01-01 18:00:00,co,PIIANN,2.225,1.7210579
2023-08-11 19:00:00,co,PIIANN,3.95,3.5548756
2023-10-07 08:00:00,co,PIIANN,1.1,0.83525115
2022-10-06 16:00:00,co,PIIANN,1.65,0.91750205
2024-05-09 21:00:00,co,PIIANN,2.02,1.8581119
2022-01-01 22:00:00,co,PIIANN,5.6,4.8206
2024-08-05 09:00:00,co,PIIANN,1.31,1.3563149
2025-05-04 02:00:00,co,PIIANN,1.32,1.4185648
2022-02-10 03:00:00,co,PIIANN,1.92,1.2129095
2022-03-02 09:00:00,co,PIIANN,1.6,1.5477276
2024-01-08 03:00:00,co,PIIANN,1.17,0.84577644
2025-12-04 06:00:00,co,PIIANN,1.09,1.1511742
2021-04-10 09:00:00,co,PIIANN,0.7,0.9526152
2024-04-02 03:00:00,co,PIIANN,2.23,2.1375554
2023-07-07 01:00:00,co,PIIANN,0.8,0.70199984
2023-10-06 02:00:00,co,PIIANN,0.5208333,0.5036784
2025-02-07 13:00:00,co,PIIANN,0.63,0.7395674
2024-10-10 02:00:00,co,PIIANN,1.68,1.3071395
2024-01-10 14:00:00,co,PIIANN,1.56,1.0815108
2024-12-12 09:00:00,co,PIIANN,1.57,1.7304748
2022-04-03 17:00:00,co,PIIANN,1.18,1.1225693
2022-01-05 02:00:00,co,PIIANN,2.0,4.0975904
2024-04-03 03:00:00,co,PIIANN,1.03,1.039458
2021-05-01 17:00:00,co,PIIANN,1.35,1.285397
2023-02-08 22:00:00,co,PIIANN,1.075,1.322923
2021-03-02 22:00:00,co,PIIANN,3.58,2.984387
2022-10-06 21:00:00,co,PIIANN,1.98,2.7385457
2022-07-02 13:00:00,co,PIIANN,1.1,0.8212127
2025-11-02 08:00:00,co,PIIANN,4.04,3.864794
2022-01-05 06:00:00,co,PIIANN,1.0,1.3275261
2023-04-10 12:00:00,co,PIIANN,0.8,0.9845593
2022-05-12 06:00:00,co,PIIANN,1.25,0.7321529
2022-07-09 00:00:00,co,PIIANN,0.43000004,1.5378888
2021-11-04 02:00:00,co,PIIANN,0.39999995,0.4679496
2023-03-01 09:00:00,co,PIIANN,1.1,1.2807323
2025-09-07 07:00:00,co,PIIANN,0.92,0.96866417
2023-09-07 09:00:00,co,PIIANN,1.225,0.8833444
2023-06-07 14:00:00,co,PIIANN,0.76666665,0.83180654
2025-07-02 19:00:00,co,PIIANN,1.39,1.9534527
2021-01-09 05:00:00,co,PIIANN,0.45000002,0.5455948
2025-02-10 09:00:00,co,PIIANN,1.42,1.3727475
2022-03-10 04:00:00,co,PIIANN,1.1,0.9406734
2025-03-08 06:00:00,co,PIIANN,1.08,0.9706224
2023-03-09 02:00:00,co,PIIANN,0.6,0.64985996
2024-10-03 02:00:00,co,PIIANN,1.35,1.1427946
2023-08-02 20:00:00,co,PIIANN,1.8,2.7532713
2025-07-02 17:00:00,co,PIIANN,0.86,1.2042891
2022-03-04 14:00:00,co,PIIANN,0.8,1.0640931
2023-08-01 14:00:00,co,PIIANN,1.325,1.7042693
2022-04-05 17:00:00,co,PIIANN,1.27,2.1949139
2021-11-09 23:00:00,co,PIIANN,0.55,0.93945676
2021-02-06 21:00:00,co,PIIANN,0.9800001,1.6147363
2025-07-06 18:00:00,co,PIIANN,1.89,1.8276745
2023-08-06 15:00:00,co,PIIANN,0.675,0.6964564
2023-08-11 18:00:00,co,PIIANN,3.1,2.9517293
2025-01-08 21:00:00,co,PIIANN,0.92,1.0055852
2023-07-05 03:00:00,co,PIIANN,1.075,1.0396833
2022-01-11 22:00:00,co,PIIANN,5.3,4.8968115
2024-10-09 06:00:00,co,PIIANN,0.6,0.7102032
2025-07-03 11:00:00,co,PIIANN,1.84,1.5473403
2023-05-02 11:00:00,co,PIIANN,0.825,1.0161085
2021-03-09 04:00:00,co,PIIANN,0.30000004,0.38737854
2025-11-07 16:00:00,co,PIIANN,0.8,0.95171833
2025-10-07 07:00:00,co,PIIANN,0.44000003,0.56098473
2025-10-09 13:00:00,co,PIIANN,0.49999997,0.73770213
2023-07-07 04:00:00,co,PIIANN,0.75,0.6808509
2025-08-02 05:00:00,co,PIIANN,0.91,1.1500715
2021-11-13 02:00:00,co,PIIANN,4.595751,4.007325
2021-10-10 01:00:00,co,PIIANN,0.78,1.2857542
2025-06-12 17:00:00,co,PIIANN,1.98,1.6576478
2023-04-12 05:00:00,co,PIIANN,1.525,1.3442189
2021-12-01 22:00:00,co,PIIANN,1.22,2.0618863
2025-08-02 13:00:00,co,PIIANN,0.78,1.0854219
2025-05-11 11:00:00,co,PIIANN,1.36,1.3988112
2022-09-06 06:00:00,co,PIIANN,1.32,1.0225184
2025-10-04 15:00:00,co,PIIANN,0.9,1.1763861
2023-11-10 02:00:00,co,PIIANN,1.1,1.2785656
2025-02-07 04:00:00,co,PIIANN,0.86,1.1465664
2023-06-03 03:00:00,co,PIIANN,0.55,0.8577963
2022-11-12 06:00:00,co,PIIANN,0.65,0.75419164
2022-05-10 16:00:00,co,PIIANN,1.62,1.4819824
2022-02-10 07:00:00,co,PIIANN,2.73,1.8633621
2022-08-10 06:00:00,co,PIIANN,0.9,0.8063031
2023-10-05 11:00:00,co,PIIANN,0.475,0.50464344
2022-09-06 04:00:00,co,PIIANN,1.05,1.1140803
2021-03-06 22:00:00,co,PIIANN,1.65,1.524588
2024-08-04 20:00:00,co,PIIANN,2.39,2.2193584
2022-03-09 04:00:00,co,PIIANN,0.57,0.7454895
2021-02-01 17:00:00,co,PIIANN,2.9,2.5217526
2025-09-02 09:00:00,co,PIIANN,1.57,1.6644446
2025-11-04 00:00:00,co,PIIANN,1.06,2.0674458
2024-02-03 09:00:00,co,PIIANN,1.27,1.526979
2021-09-04 21:00:00,co,PIIANN,1.75,2.8244486
2024-06-08 11:00:00,co,PIIANN,1.01,0.83950704
2025-12-07 07:00:00,co,PIIANN,0.8,0.8304407
2021-06-05 22:00:00,co,PIIANN,0.72,0.90020233
2021-05-12 18:00:00,co,PIIANN,5.6,2.9571748
2023-01-07 06:00:00,co,PIIANN,0.6,0.6505906
2025-02-02 01:00:00,co,PIIANN,1.23,1.0851043
2024-03-05 00:00:00,co,PIIANN,1.73,1.5723104
2022-04-11 17:00:00,co,PIIANN,2.17,3.1068406
2022-07-12 16:00:00,co,PIIANN,1.07,1.2364461
2023-10-08 15:00:00,co,PIIANN,0.7,0.62683
2023-11-10 18:00:00,co,PIIANN,1.6,1.4150045
2024-06-08 18:00:00,co,PIIANN,1.41,0.9730484
2021-09-03 04:00:00,co,PIIANN,1.6,1.4539827
2024-11-11 04:00:00,co,PIIANN,2.14,2.0349457
2022-03-04 12:00:00,co,PIIANN,1.27,0.9581331
2022-10-04 00:00:00,co,PIIANN,2.28,1.52934
2023-02-11 13:00:00,co,PIIANN,1.5,1.6037681
2023-12-12 13:00:00,co,PIIANN,1.2333333,1.1960998
2021-07-03 17:00:00,co,PIIANN,0.7,1.1357362
2023-12-12 08:00:00,co,PIIANN,2.575,2.2237887
2025-01-10 09:00:00,co,PIIANN,0.97,0.9927263
2022-01-08 07:00:00,co,PIIANN,1.43,1.077135
2024-09-07 01:00:00,co,PIIANN,1.3488,1.0079135
2025-02-10 20:00:00,co,PIIANN,1.64,1.7896181
2024-11-06 19:00:00,co,PIIANN,2.33,1.4361702
2024-09-05 13:00:00,co,PIIANN,1.27,1.1103488
2023-06-08 22:00:00,co,PIIANN,1.125,1.13136
2023-02-07 04:00:00,co,PIIANN,0.099999994,0.5063335
2022-07-09 04:00:00,co,PIIANN,0.9,0.9730098
2025-07-04 23:00:00,co,PIIANN,1.73,2.8075035
2022-05-08 08:00:00,co,PIIANN,1.0,1.240947
2024-05-07 23:00:00,co,PIIANN,1.11,1.0599979
2023-11-07 15:00:00,co,PIIANN,1.0,0.7934568
2025-12-11 16:00:00,co,PIIANN,1.76,2.0186338
2023-01-11 02:00:00,co,PIIANN,1.3,1.6345278
2025-01-12 06:00:00,co,PIIANN,2.13,2.3210785
2025-09-09 00:00:00,co,PIIANN,1.83,1.0424942
2023-09-04 22:00:00,co,PIIANN,2.85,3.0095506
2024-05-07 00:00:00,co,PIIANN,1.46,0.9474613
2024-04-05 17:00:00,co,PIIANN,1.31,1.2915761
2022-08-09 05:00:00,co,PIIANN,0.85,0.8923784
2022-04-05 08:00:00,co,PIIANN,1.8,1.7952216
2023-02-02 06:00:00,co,PIIANN,0.525,0.8526592
2025-10-03 06:00:00,co,PIIANN,1.61,1.5394986
2021-07-12 04:00:00,co,PIIANN,0.92,1.4019339
2021-02-12 11:00:00,co,PIIANN,1.9,2.172359
2024-01-10 11:00:00,co,PIIANN,1.68,1.3793882
2024-01-12 17:00:00,co,PIIANN,1.86,1.7141138
2025-07-04 09:00:00,co,PIIANN,1.86,2.297939
2024-02-02 05:00:00,co,PIIANN,0.86,1.1086153
2024-04-10 14:00:00,co,PIIANN,1.6,1.2050067
2024-03-09 18:00:00,co,PIIANN,0.67,0.8422447
2024-04-02 23:00:00,co,PIIANN,1.19,1.3733907
2022-08-07 17:00:00,co,PIIANN,0.75,0.6444658
2022-11-01 10:00:00,co,PIIANN,2.02,2.1725254
2023-02-01 17:00:00,co,PIIANN,1.65,1.4915177
2024-11-06 06:00:00,co,PIIANN,2.05,1.9328038
2022-04-03 18:00:00,co,PIIANN,1.52,1.4649898
2022-04-11 19:00:00,co,PIIANN,1.87,2.77859
2023-01-05 19:00:00,co,PIIANN,0.925,1.2128184
2025-01-12 00:00:00,co,PIIANN,1.69,2.4633079
2025-02-09 22:00:00,co,PIIANN,1.1233333,1.3293275
2024-08-09 16:00:00,co,PIIANN,1.07,1.3362058
2022-09-11 06:00:00,co,PIIANN,1.15,1.1846219
2023-05-09 13:00:00,co,PIIANN,0.625,0.730074
2022-08-06 08:00:00,co,PIIANN,1.28,1.2640314
2022-05-06 11:00:00,co,PIIANN,1.05,0.9265575
2022-06-10 19:00:00,co,PIIANN,1.83,1.3890294
2022-07-04 11:00:00,co,PIIANN,1.3,0.8832113
2022-01-06 18:00:00,co,PIIANN,2.95,1.9227257
2025-12-08 17:00:00,co,PIIANN,0.54,0.8250591
2024-11-08 21:00:00,co,PIIANN,0.95,1.2455765
2024-06-07 16:00:00,co,PIIANN,1.08,1.1005285
2025-02-03 03:00:00,co,PIIANN,1.02,1.1312027
2021-08-10 04:00:00,co,PIIANN,0.9,0.9431945
2023-07-02 00:00:00,co,PIIANN,2.95,1.1056858
2022-04-02 14:00:00,co,PIIANN,1.25,1.2702096
2024-04-11 16:00:00,co,PIIANN,2.06,2.0290186
2025-02-09 09:00:00,co,PIIANN,0.48,0.70441663
2024-04-10 02:00:00,co,PIIANN,2.78,1.8382753
2023-07-03 22:00:00,co,PIIANN,2.675,2.2612891
2023-05-01 22:00:00,co,PIIANN,1.3,2.9013298
2021-04-03 08:00:00,co,PIIANN,-2.9486088e-08,3.3637345
2023-03-08 16:00:00,co,PIIANN,0.73333335,0.7396766
2022-03-10 22:00:00,co,PIIANN,1.52,1.8309268
2023-12-06 08:00:00,co,PIIANN,1.0666667,1.14351
2024-12-08 22:00:00,co,PIIANN,1.35,1.4790936
2025-01-02 18:00:00,co,PIIANN,2.22,2.0229762
2023-02-09 08:00:00,co,PIIANN,0.76666665,1.0960984
2022-02-06 03:00:00,co,PIIANN,1.38,1.1572932
2021-07-04 17:00:00,co,PIIANN,0.35,0.6873039
2023-09-10 12:00:00,co,PIIANN,0.825,1.0134352
2024-01-04 03:00:00,co,PIIANN,0.92,0.92367786
2025-09-08 12:00:00,co,PIIANN,0.51,0.7477841
2025-07-05 00:00:00,co,PIIANN,1.56,1.5308386
2025-09-07 00:00:00,co,PIIANN,1.24,1.8597257
2021-08-07 10:00:00,co,PIIANN,0.72,0.7524397
2021-09-11 19:00:00,co,PIIANN,3.3,4.430498
2024-04-03 14:00:00,co,PIIANN,0.88,0.6743333
2022-08-12 17:00:00,co,PIIANN,1.45,1.4705513
2023-09-01 21:00:00,co,PIIANN,3.1,3.3123374
2023-01-10 02:00:00,co,PIIANN,1.0,0.8798593
2025-05-11 09:00:00,co,PIIANN,1.66,1.6672415
2023-07-06 22:00:00,co,PIIANN,1.375,1.4592477
2024-01-10 00:00:00,co,PIIANN,1.32,0.9175786
2024-09-05 14:00:00,co,PIIANN,1.33,1.1878172
2021-09-04 19:00:00,co,PIIANN,2.85,1.8272402
2022-12-10 20:00:00,co,PIIANN,1.58,2.4966342
2023-02-06 18:00:00,co,PIIANN,1.175,0.8206565
2023-05-06 01:00:00,co,PIIANN,0.8,0.81816936
2023-02-12 05:00:00,co,PIIANN,1.175,1.5101926
2025-12-12 22:00:00,co,PIIANN,4.89,5.242591
2022-05-02 22:00:00,co,PIIANN,3.0,3.7578416
2021-02-07 08:00:00,co,PIIANN,0.75,0.8035144
2024-01-08 19:00:00,co,PIIANN,1.54,1.0441476
2021-10-09 08:00:00,co,PIIANN,0.85,0.7974723
2021-12-07 01:00:00,co,PIIANN,0.9,0.8778981
2025-07-11 19:00:00,co,PIIANN,4.06,3.146864
2023-11-11 06:00:00,co,PIIANN,1.0,1.0515145
2023-11-05 02:00:00,co,PIIANN,1.8,1.682847
2025-08-03 07:00:00,co,PIIANN,1.18,1.297155
2024-08-11 11:00:00,co,PIIANN,1.92,2.1623
2021-02-07 11:00:00,co,PIIANN,0.85,0.76409066
2025-03-09 21:00:00,co,PIIANN,0.74,1.1120425
2021-04-09 08:00:00,co,PIIANN,0.8,0.8897032
2021-02-03 09:00:00,co,PIIANN,-2.9486088e-08,0.7005346
2025-02-13 01:00:00,co,PIIANN,4.723013,4.10451
2022-09-10 20:00:00,co,PIIANN,0.6,1.0043334
2022-08-04 01:00:00,co,PIIANN,1.8,2.276112
2022-01-12 12:00:00,co,PIIANN,1.15,1.1937511
2022-10-09 14:00:00,co,PIIANN,0.88,0.8021942
2025-08-06 12:00:00,co,PIIANN,2.04,1.5111611
2022-05-05 11:00:00,co,PIIANN,1.22,1.162236
2022-02-02 04:00:00,co,PIIANN,1.2,1.3310384
2023-06-12 01:00:00,co,PIIANN,1.8333334,1.710718
2025-11-06 05:00:00,co,PIIANN,2.95,2.8028562
2024-08-11 21:00:00,co,PIIANN,6.16,5.245671
2023-02-01 09:00:00,co,PIIANN,1.05,1.2422835
2025-03-09 12:00:00,co,PIIANN,1.44,1.2284158
2022-06-10 14:00:00,co,PIIANN,1.1,0.97421634
2021-08-08 23:00:00,co,PIIANN,0.8,0.9773302
2021-07-08 13:00:00,co,PIIANN,0.45000002,0.8139129
2025-04-06 06:00:00,co,PIIANN,1.55,1.5020571
2025-04-12 06:00:00,co,PIIANN,1.42,1.7188433
2022-03-02 15:00:00,co,PIIANN,1.65,1.7703164
2024-09-03 23:00:00,co,PIIANN,1.45,1.4252838
2022-10-10 18:00:00,co,PIIANN,0.95,1.0608655
2021-04-01 14:00:00,co,PIIANN,1.82,0.955011
2024-04-04 17:00:00,co,PIIANN,0.88,1.0379343
2021-10-04 22:00:00,co,PIIANN,1.58,2.0687792
2021-10-06 05:00:00,co,PIIANN,0.7,0.82256025
2025-11-12 23:00:00,co,PIIANN,4.74,5.153277
2025-05-05 21:00:00,co,PIIANN,1.97,1.7347027
2023-10-06 18:00:00,co,PIIANN,1.275,1.0580736
2021-06-05 20:00:00,co,PIIANN,0.75,1.3084031
2021-11-12 22:00:00,co,PIIANN,4.72,4.17573
2023-10-05 19:00:00,co,PIIANN,1.775,1.4608319
2021-03-02 02:00:00,co,PIIANN,1.4,1.5647081
2024-10-07 01:00:00,co,PIIANN,1.4464,1.1146353
2024-01-04 06:00:00,co,PIIANN,1.01,1.0790688
2022-11-04 10:00:00,co,PIIANN,1.9,1.9705125
2022-03-11 04:00:00,co,PIIANN,2.62,2.690263
2024-04-07 07:00:00,co,PIIANN,1.35,1.2282871
2021-10-08 09:00:00,co,PIIANN,0.9800001,0.78195715
2022-10-09 15:00:00,co,PIIANN,0.73,0.8458529
2025-03-04 14:00:00,co,PIIANN,0.71,0.8077833
2023-10-10 15:00:00,co,PIIANN,0.95,1.0536983
2024-12-08 02:00:00,co,PIIANN,0.9800001,0.64218515
2024-03-07 13:00:00,co,PIIANN,1.63,1.3660947
2023-01-05 12:00:00,co,PIIANN,0.775,0.91135734
2022-06-06 02:00:00,co,PIIANN,1.0,1.0375516
2022-04-07 02:00:00,co,PIIANN,1.3,1.8754176
2023-11-03 13:00:00,co,PIIANN,0.32500002,0.51607025
2025-08-10 16:00:00,co,PIIANN,1.02,0.9667089
2024-09-10 21:00:00,co,PIIANN,1.57,2.3408523
2025-02-06 18:00:00,co,PIIANN,1.58,1.4462986
2022-05-02 23:00:00,co,PIIANN,2.0,2.8963609
2023-09-06 16:00:00,co,PIIANN,0.49999997,0.6524193
2025-08-07 22:00:00,co,PIIANN,1.57,1.5632216
2024-10-09 22:00:00,co,PIIANN,0.93,1.3094676
2022-02-01 14:00:00,co,PIIANN,1.5,1.0624738
2024-07-09 23:00:00,co,PIIANN,0.85,1.0890399
2022-04-07 09:00:00,co,PIIANN,1.02,1.1264342
2021-04-08 15:00:00,co,PIIANN,0.41999993,0.44545755
2021-04-08 16:00:00,co,PIIANN,0.57,0.47642478
2024-08-05 23:00:00,co,PIIANN,1.23,1.1368912
2022-01-10 14:00:00,co,PIIANN,1.12,0.9393661
2024-08-08 13:00:00,co,PIIANN,0.92,0.9188573
2025-11-12 16:00:00,co,PIIANN,1.56,1.6482509
2022-10-06 06:00:00,co,PIIANN,1.28,1.4437741
2024-06-11 07:00:00,co,PIIANN,4.97,3.9500966
2022-06-03 16:00:00,co,PIIANN,1.15,1.3225168
2021-07-09 23:00:00,co,PIIANN,0.85,1.0176696
2024-07-03 13:00:00,co,PIIANN,1.05,0.7934917
2025-10-04 05:00:00,co,PIIANN,0.8,1.1340905
2025-05-07 06:00:00,co,PIIANN,1.01,1.0953058
2025-08-06 03:00:00,co,PIIANN,2.0,1.6963121
2021-10-11 23:00:00,co,PIIANN,4.58,4.1962934
2024-07-05 12:00:00,co,PIIANN,1.22,1.5047417
2022-11-02 04:00:00,co,PIIANN,1.1,0.96232474
2025-11-12 15:00:00,co,PIIANN,1.02,1.4587495
2023-03-08 11:00:00,co,PIIANN,0.85,0.8443471
2023-05-03 08:00:00,o3,PIIANN,14.425,16.251484
2024-10-01 21:00:00,o3,PIIANN,24.85,6.1688385
2022-10-03 09:00:00,o3,PIIANN,47.15,39.4428
2021-03-09 18:00:00,o3,PIIANN,10.699999,20.655958
2021-02-08 08:00:00,o3,PIIANN,5.449999,10.445847
2024-02-02 19:00:00,o3,PIIANN,5.5200005,8.076679
2021-08-04 10:00:00,o3,PIIANN,89.1,81.36905
2023-12-02 15:00:00,o3,PIIANN,54.4,47.879375
2025-11-09 07:00:00,o3,PIIANN,16.62,16.576088
2023-08-04 14:00:00,o3,PIIANN,104.15,101.307014
2023-06-01 14:00:00,o3,PIIANN,26.4,14.675422
2022-05-02 12:00:00,o3,PIIANN,53.55,34.757404
2022-09-12 05:00:00,o3,PIIANN,4.2199993,10.439344
2021-04-03 14:00:00,o3,PIIANN,50.12,42.01393
2024-10-05 03:00:00,o3,PIIANN,14.0,26.080442
2022-05-01 13:00:00,o3,PIIANN,40.03,48.02842
2022-03-06 19:00:00,o3,PIIANN,33.33,78.31787
2023-12-07 20:00:00,o3,PIIANN,21.65,5.850113
2021-10-12 04:00:00,o3,PIIANN,6.1000004,4.618059
2022-09-08 08:00:00,o3,PIIANN,18.08,14.579137
2025-12-10 20:00:00,o3,PIIANN,17.85,16.799751
2025-03-05 09:00:00,o3,PIIANN,7.33,18.107176
2021-09-05 04:00:00,o3,PIIANN,35.48,45.01368
2024-10-12 11:00:00,o3,PIIANN,12.8,22.097532
2022-11-10 09:00:00,o3,PIIANN,8.949999,6.666956
2021-02-10 00:00:00,o3,PIIANN,27.55,14.808283
2021-04-09 21:00:00,o3,PIIANN,1.5,6.64587
2022-08-09 18:00:00,o3,PIIANN,30.7,33.347725
2023-01-10 14:00:00,o3,PIIANN,54.075,52.73453
2024-11-10 22:00:00,o3,PIIANN,17.73,30.367039
2021-11-05 00:00:00,o3,PIIANN,19.52,19.562592
2021-05-11 19:00:00,o3,PIIANN,6.6000004,2.0583973
2022-10-10 10:00:00,o3,PIIANN,12.2,16.950436
2022-04-12 06:00:00,o3,PIIANN,5.619999,14.296527
2023-12-07 21:00:00,o3,PIIANN,22.85,9.620459
2024-02-09 16:00:00,o3,PIIANN,37.2,27.998516
2021-05-04 23:00:00,o3,PIIANN,8.5,14.038973
2023-08-07 00:00:00,o3,PIIANN,1.25,8.573565
2021-03-09 19:00:00,o3,PIIANN,8.799999,13.942757
2022-07-05 14:00:00,o3,PIIANN,170.686,167.78455
2025-05-12 01:00:00,o3,PIIANN,4.0,-3.09968
2022-07-05 03:00:00,o3,PIIANN,6.9799995,9.63147
2023-04-04 06:00:00,o3,PIIANN,7.7749996,8.986355
2021-08-11 00:00:00,o3,PIIANN,21.15,3.6164265
2022-09-08 15:00:00,o3,PIIANN,34.88,38.10811
2024-12-09 08:00:00,o3,PIIANN,13.9,10.243752
2022-04-06 22:00:00,o3,PIIANN,18.3,8.253931
2023-06-12 12:00:00,o3,PIIANN,55.075,46.994034
2024-12-08 12:00:00,o3,PIIANN,40.02,33.827766
2021-01-04 02:00:00,o3,PIIANN,37.9,28.827187
2025-05-05 12:00:00,o3,PIIANN,72.92,82.428154
2024-03-05 12:00:00,o3,PIIANN,86.92,87.441124
2022-12-06 02:00:00,o3,PIIANN,11.8,15.222678
2025-07-04 07:00:00,o3,PIIANN,5.7199993,15.8716135
2024-02-04 21:00:00,o3,PIIANN,4.2700005,11.124077
2022-11-04 00:00:00,o3,PIIANN,21.05,11.632673
2025-09-02 07:00:00,o3,PIIANN,1.8199997,6.0505867
2021-09-11 12:00:00,o3,PIIANN,93.095,92.39491
2021-05-10 01:00:00,o3,PIIANN,18.775293,16.145153
2021-01-12 19:00:00,o3,PIIANN,9.02,8.856455
2022-06-12 21:00:00,o3,PIIANN,9.417259,3.5073738
2023-05-08 02:00:00,o3,PIIANN,10.054544,8.011744
2025-11-11 20:00:00,o3,PIIANN,15.43,12.169434
2025-02-04 07:00:00,o3,PIIANN,6.799999,15.471327
2025-07-05 07:00:00,o3,PIIANN,17.8,26.138126
2022-08-06 15:00:00,o3,PIIANN,85.52,78.19337
2022-02-07 08:00:00,o3,PIIANN,107.6,53.094482
2022-02-03 07:00:00,o3,PIIANN,10.199999,14.396296
2025-02-06 07:00:00,o3,PIIANN,31.82,35.89278
2022-10-08 07:00:00,o3,PIIANN,18.6,10.45252
2021-04-01 09:00:00,o3,PIIANN,10.6,13.571547
2023-08-05 04:00:00,o3,PIIANN,14.65,6.0851936
2025-10-11 21:00:00,o3,PIIANN,13.0,20.635912
2022-12-12 02:00:00,o3,PIIANN,3.6800003,5.0462914
2021-04-08 20:00:00,o3,PIIANN,1.7199993,6.360813
2023-07-09 18:00:00,o3,PIIANN,18.475,23.389193
2021-06-05 15:00:00,o3,PIIANN,104.52,122.71593
2023-04-10 19:00:00,o3,PIIANN,22.425,16.009428
2025-09-07 16:00:00,o3,PIIANN,15.0,14.489326
2022-11-08 05:00:00,o3,PIIANN,20.12,19.705568
2023-04-05 08:00:00,o3,PIIANN,79.625,20.685713
2023-09-10 10:00:00,o3,PIIANN,16.025,20.744793
2024-07-03 23:00:00,o3,PIIANN,5.3199997,6.175768
2023-02-09 01:00:00,o3,PIIANN,2.4375,11.847014
2025-04-02 18:00:00,o3,PIIANN,3.7199993,14.601971
2021-09-12 15:00:00,o3,PIIANN,10.82,22.751833
2024-11-09 19:00:00,o3,PIIANN,12.22,9.270632
2023-07-11 02:00:00,o3,PIIANN,17.775,22.053345
2025-08-07 05:00:00,o3,PIIANN,17.15,13.162752
2025-01-02 19:00:00,o3,PIIANN,4.799999,4.552124
2024-10-03 08:00:00,o3,PIIANN,2.0200005,10.407925
2022-09-07 17:00:00,o3,PIIANN,6.75,13.16518
2024-08-10 23:00:00,o3,PIIANN,15.15,25.07523
2024-10-03 21:00:00,o3,PIIANN,2.17,2.0576744
2025-06-11 04:00:00,o3,PIIANN,22.92,21.76121
2025-05-03 02:00:00,o3,PIIANN,32.8,26.287672
2022-09-04 07:00:00,o3,PIIANN,11.42,20.251448
2024-11-03 02:00:00,o3,PIIANN,1.5200005,1.8479214
2023-11-11 09:00:00,o3,PIIANN,20.55,17.598171
2021-03-03 13:00:00,o3,PIIANN,6.7800007,22.073555
2022-06-04 01:00:00,o3,PIIANN,9.299999,8.793533
2022-03-11 17:00:00,o3,PIIANN,13.52,22.710436
2021-11-04 09:00:00,o3,PIIANN,64.35,59.99115
2023-01-07 07:00:00,o3,PIIANN,2.0,5.5154743
2024-02-03 03:00:00,o3,PIIANN,6.199999,4.030802
2024-07-08 07:00:00,o3,PIIANN,27.22,23.858158
2021-11-06 15:00:00,o3,PIIANN,96.98,87.52974
2021-12-04 17:00:00,o3,PIIANN,57.15,40.837494
2022-01-12 04:00:00,o3,PIIANN,3.92,6.700735
2022-06-04 17:00:00,o3,PIIANN,84.7,68.72759
2022-11-05 18:00:00,o3,PIIANN,76.47,101.55993
2021-04-09 20:00:00,o3,PIIANN,8.699999,6.8383064
2022-07-11 12:00:00,o3,PIIANN,84.42,66.919266
2022-05-03 12:00:00,o3,PIIANN,76.07,68.74665
2024-05-06 08:00:00,o3,PIIANN,25.95,25.505608
2025-06-03 13:00:00,o3,PIIANN,100.38,99.206245
2022-03-06 02:00:00,o3,PIIANN,4.1800003,3.7112217
2024-06-02 21:00:00,o3,PIIANN,9.379999,7.7459316
2022-11-01 21:00:00,o3,PIIANN,19.77,9.996183
2023-11-06 03:00:00,o3,PIIANN,3.1749992,6.900795
2021-05-07 06:00:00,o3,PIIANN,8.52,10.123198
2023-03-11 19:00:00,o3,PIIANN,16.125,2.2241764
2024-03-01 19:00:00,o3,PIIANN,10.48,7.7600346
2025-03-09 14:00:00,o3,PIIANN,21.17,30.635147
2023-09-05 10:00:00,o3,PIIANN,10.85,28.536734
2022-02-11 20:00:00,o3,PIIANN,5.5,12.420128
2022-11-06 10:00:00,o3,PIIANN,61.5,57.84553
2022-04-07 18:00:00,o3,PIIANN,28.5,24.222984
2022-10-12 23:00:00,o3,PIIANN,13.75,11.673307
2022-05-04 11:00:00,o3,PIIANN,143.88,144.93762
2024-06-07 17:00:00,o3,PIIANN,22.88,22.816671
2021-04-02 16:00:00,o3,PIIANN,7.1499996,7.9442844
2024-02-08 02:00:00,o3,PIIANN,37.42,25.974527
2022-10-07 07:00:00,o3,PIIANN,0.75000006,6.1163406
2023-02-12 08:00:00,o3,PIIANN,10.574999,15.7401705
2024-08-06 10:00:00,o3,PIIANN,118.48,96.659935
2021-02-06 09:00:00,o3,PIIANN,50.32,35.04694
2021-03-02 04:00:00,o3,PIIANN,7.199999,7.63863
2023-06-08 14:00:00,o3,PIIANN,7.125,11.181259
2022-01-04 22:00:00,o3,PIIANN,9.35,14.200272
2023-06-05 04:00:00,o3,PIIANN,4.699999,5.4527645
2023-07-07 10:00:00,o3,PIIANN,1.0333328,8.985781
2023-02-02 11:00:00,o3,PIIANN,3.3999996,13.7747135
2023-02-04 22:00:00,o3,PIIANN,5.1499996,5.9054756
2021-02-12 16:00:00,o3,PIIANN,8.32,11.962439
2022-12-04 06:00:00,o3,PIIANN,9.82,15.531647
2022-12-05 02:00:00,o3,PIIANN,36.35,30.569998
2022-11-11 06:00:00,o3,PIIANN,3.3999996,10.064806
2022-05-11 02:00:00,o3,PIIANN,0.7999993,1.7007504
2021-10-08 07:00:00,o3,PIIANN,3.8500004,6.501604
2023-01-07 17:00:00,o3,PIIANN,1.4666672,5.1783485
2023-03-08 10:00:00,o3,PIIANN,5.8500004,12.300925
2022-05-12 13:00:00,o3,PIIANN,80.3,67.50424
2022-01-12 06:00:00,o3,PIIANN,5.3999996,6.480137
2021-07-07 00:00:00,o3,PIIANN,9.5,14.028945
2022-09-09 12:00:00,o3,PIIANN,64.75,50.79973
2021-01-07 11:00:00,o3,PIIANN,25.95,32.524693
2021-01-07 03:00:00,o3,PIIANN,20.75,16.519766
2023-09-11 19:00:00,o3,PIIANN,9.475,21.631231
2021-03-07 16:00:00,o3,PIIANN,53.35,33.968998
2025-03-05 10:00:00,o3,PIIANN,11.75,21.621124
2024-03-11 13:00:00,o3,PIIANN,64.47,76.07177
2022-01-02 22:00:00,o3,PIIANN,10.619999,11.266327
2022-09-05 13:00:00,o3,PIIANN,132.98,113.42823
2022-02-10 12:00:00,o3,PIIANN,48.8,55.163853
2025-04-07 09:00:00,o3,PIIANN,24.6,23.57295
2021-12-02 16:00:00,o3,PIIANN,6.0,7.6131153
2025-03-05 17:00:00,o3,PIIANN,68.2,89.93688
2025-05-08 21:00:00,o3,PIIANN,6.7199993,6.006674
2024-12-07 00:00:00,o3,PIIANN,11.435293,17.944492
2021-03-09 01:00:00,o3,PIIANN,21.3,12.562216
2024-10-03 23:00:00,o3,PIIANN,1.8700008,7.435335
2021-02-11 07:00:00,o3,PIIANN,14.08,8.482861
2022-09-07 19:00:00,o3,PIIANN,7.449999,10.4895115
2021-11-05 06:00:00,o3,PIIANN,17.4,24.253403
2024-04-02 13:00:00,o3,PIIANN,21.05,28.84148
2025-12-09 15:00:00,o3,PIIANN,23.48,23.500896
2021-06-07 17:00:00,o3,PIIANN,9.199999,5.8742905
2023-02-04 04:00:00,o3,PIIANN,7.0249996,5.762451
2025-06-10 05:00:00,o3,PIIANN,10.879999,15.984064
2023-06-01 18:00:00,o3,PIIANN,3.8999996,4.3793755
2022-02-04 20:00:00,o3,PIIANN,8.77,3.4650536
2025-02-09 12:00:00,o3,PIIANN,17.18,18.050104
2021-03-09 15:00:00,o3,PIIANN,41.7,43.19593
2025-09-02 19:00:00,o3,PIIANN,4.0300007,15.000525
2023-09-04 16:00:00,o3,PIIANN,97.8,85.7148
2024-11-04 03:00:00,o3,PIIANN,14.05,17.268927
2023-06-07 03:00:00,o3,PIIANN,7.174999,17.200438
2023-03-10 20:00:00,o3,PIIANN,20.05,9.742811
2022-02-06 06:00:00,o3,PIIANN,7.2199993,13.069473
2025-07-11 05:00:00,o3,PIIANN,8.07,9.388433
2021-11-10 01:00:00,o3,PIIANN,10.5,15.449094
2025-09-05 22:00:00,o3,PIIANN,18.52,16.245516
2025-07-11 08:00:00,o3,PIIANN,37.6,22.375067
2024-05-04 09:00:00,o3,PIIANN,34.72,34.106327
2023-04-06 20:00:00,o3,PIIANN,4.4750004,14.942509
2024-12-09 04:00:00,o3,PIIANN,10.199999,11.220728
2021-01-02 14:00:00,o3,PIIANN,19.23,30.704737
2025-02-01 23:00:00,o3,PIIANN,7.83,11.550068
2024-07-02 11:00:00,o3,PIIANN,91.52,74.97503
2022-05-04 19:00:00,o3,PIIANN,9.23,11.410217
2021-08-11 06:00:00,o3,PIIANN,6.3500004,11.828202
2025-01-09 22:00:00,o3,PIIANN,18.77,16.399624
2023-09-09 15:00:00,o3,PIIANN,17.0,13.499637
2023-02-10 05:00:00,o3,PIIANN,11.35,11.463339
2024-01-03 21:00:00,o3,PIIANN,6.3199997,2.8849564
2024-10-01 17:00:00,o3,PIIANN,10.299999,9.832247
2021-05-09 14:00:00,o3,PIIANN,22.2,21.044237
2024-01-11 21:00:00,o3,PIIANN,5.549999,11.003353
2025-09-12 10:00:00,o3,PIIANN,74.53,65.90168
2025-06-04 08:00:00,o3,PIIANN,64.45,33.330334
2021-06-10 17:00:00,o3,PIIANN,46.0,27.93209
2024-11-10 08:00:00,o3,PIIANN,32.0,26.459288
2022-08-07 08:00:00,o3,PIIANN,25.0,42.718994
2024-06-05 02:00:00,o3,PIIANN,21.62,18.563229
2021-07-05 15:00:00,o3,PIIANN,121.15,104.89935
2024-06-09 15:00:00,o3,PIIANN,72.78,63.786682
2024-05-09 17:00:00,o3,PIIANN,124.83,92.55747
2021-07-04 03:00:00,o3,PIIANN,32.6,32.187122
2022-01-04 14:00:00,o3,PIIANN,111.85,95.16905
2023-12-09 12:00:00,o3,PIIANN,28.25,26.523422
2023-11-10 17:00:00,o3,PIIANN,31.975,24.217304
2024-02-05 18:00:00,o3,PIIANN,65.92,60.265533
2025-06-04 07:00:00,o3,PIIANN,14.98,21.50503
2021-10-07 11:00:00,o3,PIIANN,14.27,19.865225
2023-01-05 17:00:00,o3,PIIANN,6.299999,8.9271965
2025-12-10 03:00:00,o3,PIIANN,2.8500004,7.290245
2024-11-01 20:00:00,o3,PIIANN,7.75,3.510458
2022-07-10 19:00:00,o3,PIIANN,5.879999,10.634218
2021-06-09 11:00:00,o3,PIIANN,39.65,48.954445
2022-12-07 16:00:00,o3,PIIANN,11.1,13.294529
2025-01-09 11:00:00,o3,PIIANN,26.6,13.449061
2022-09-05 16:00:00,o3,PIIANN,148.63,139.56706
2022-04-09 10:00:00,o3,PIIANN,31.55,32.54126
2021-05-06 12:00:00,o3,PIIANN,79.22,60.227867
2025-12-04 19:00:00,o3,PIIANN,96.92,90.599915
2022-06-01 13:00:00,o3,PIIANN,70.3,53.41735
2023-04-11 22:00:00,o3,PIIANN,12.9,11.289421
2025-07-12 06:00:00,o3,PIIANN,31.08,27.964142
2022-04-04 02:00:00,o3,PIIANN,10.15,9.442499
2022-03-06 11:00:00,o3,PIIANN,150.02,155.35739
2021-12-07 12:00:00,o3,PIIANN,9.98,15.444252
2021-07-09 15:00:00,o3,PIIANN,14.0,29.391212
2023-10-13 02:00:00,o3,PIIANN,8.613565,5.7925453
2022-04-10 10:00:00,o3,PIIANN,55.82,27.981611
2023-11-06 13:00:00,o3,PIIANN,18.425,23.141518
2023-08-10 22:00:00,o3,PIIANN,8.35,14.295493
2024-07-11 00:00:00,o3,PIIANN,5.1800003,13.021956
2023-10-10 23:00:00,o3,PIIANN,9.699999,7.0836525
2023-11-05 04:00:00,o3,PIIANN,3.8999996,12.300525
2023-07-12 19:00:00,o3,PIIANN,9.299999,1.0195866
2021-10-08 08:00:00,o3,PIIANN,8.0,6.6700687
2025-12-01 22:00:00,o3,PIIANN,5.8999996,14.890124
2021-09-02 03:00:00,o3,PIIANN,12.23,9.577152
2022-01-11 08:00:00,o3,PIIANN,1.539999,12.502295
2023-01-09 01:00:00,o3,PIIANN,12.4,17.413998
2022-03-08 12:00:00,o3,PIIANN,16.2,14.747167
2024-11-02 00:00:00,o3,PIIANN,6.119999,10.565989
2022-03-02 07:00:00,o3,PIIANN,21.42,24.489693
2021-08-06 00:00:00,o3,PIIANN,10.949999,26.116175
2024-11-05 06:00:00,o3,PIIANN,35.25,39.875397
2025-12-12 00:00:00,o3,PIIANN,7.2800007,19.383451
2021-12-02 01:00:00,o3,PIIANN,9.699999,9.215731
2022-07-04 19:00:00,o3,PIIANN,10.549999,8.842897
2024-06-04 06:00:00,o3,PIIANN,6.799999,14.1675
2024-02-12 19:00:00,o3,PIIANN,8.379999,-1.8806152
2023-02-08 14:00:00,o3,PIIANN,6.8500004,9.862034
2024-02-05 00:00:00,o3,PIIANN,15.350001,15.406348
2025-10-03 00:00:00,o3,PIIANN,4.449999,8.931231
2022-01-07 11:00:00,o3,PIIANN,39.2,16.321522
2024-05-05 23:00:00,o3,PIIANN,7.449999,11.680834
2023-10-11 20:00:00,o3,PIIANN,13.6,7.610775
2022-12-03 10:00:00,o3,PIIANN,64.92,48.98249
2023-02-07 08:00:00,o3,PIIANN,1.8666668,6.4206886
2023-09-03 08:00:00,o3,PIIANN,8.225,11.503056
2022-06-11 20:00:00,o3,PIIANN,2.7800007,-0.20595166
2025-06-05 07:00:00,o3,PIIANN,12.5,17.580322
2022-05-11 11:00:00,o3,PIIANN,27.05,31.435783
2022-11-09 02:00:00,o3,PIIANN,26.88,20.798903
2024-03-11 14:00:00,o3,PIIANN,69.8,74.83036
2021-08-07 18:00:00,o3,PIIANN,6.5,2.6632862
2021-07-02 04:00:00,o3,PIIANN,6.08,5.885128
2023-03-10 00:00:00,o3,PIIANN,9.9,13.954299
2025-04-05 06:00:00,o3,PIIANN,10.07,15.557779
2021-04-11 09:00:00,o3,PIIANN,18.58,19.989883
2021-07-10 20:00:00,o3,PIIANN,12.73,8.24234
2021-07-03 11:00:00,o3,PIIANN,7.2800007,25.819666
2025-03-09 11:00:00,o3,PIIANN,34.48,21.682638
2022-10-03 18:00:00,o3,PIIANN,46.02,48.86162
2021-09-03 00:00:00,o3,PIIANN,6.299999,4.51515
2021-09-05 00:00:00,o3,PIIANN,42.15,14.807251
2025-02-07 20:00:00,o3,PIIANN,20.4,15.896639
2024-02-01 22:00:00,o3,PIIANN,7.8999996,9.745527
2022-10-07 23:00:00,o3,PIIANN,14.0,15.266816
2024-05-06 11:00:00,o3,PIIANN,57.48,59.356396
2024-01-07 09:00:00,o3,PIIANN,27.88,27.998455
2022-03-02 13:00:00,o3,PIIANN,46.48,42.581215
2024-08-12 04:00:00,o3,PIIANN,12.3,8.830498
2025-07-04 17:00:00,o3,PIIANN,156.15,148.80353
2022-12-04 23:00:00,o3,PIIANN,12.92,15.944664
2024-04-12 18:00:00,o3,PIIANN,11.379999,13.866062
2021-10-08 14:00:00,o3,PIIANN,2.8500004,10.590675
2025-11-12 02:00:00,o3,PIIANN,8.02,14.531916
2022-10-08 06:00:00,o3,PIIANN,13.15,8.686197
2023-08-04 12:00:00,o3,PIIANN,99.65,98.104774
2022-02-07 11:00:00,o3,PIIANN,10.48,51.924263
2025-08-04 06:00:00,o3,PIIANN,53.42,40.22995
2023-03-03 07:00:00,o3,PIIANN,4.4750004,14.399847
2025-12-03 04:00:00,o3,PIIANN,4.42,8.672127
2025-09-06 18:00:00,o3,PIIANN,8.75,5.162388
2023-11-03 20:00:00,o3,PIIANN,3.9249992,2.8384323
2023-06-08 13:00:00,o3,PIIANN,7.1000004,13.877099
2022-10-04 13:00:00,o3,PIIANN,111.57,109.080826
2025-12-11 23:00:00,o3,PIIANN,9.02,17.189898
2025-02-07 08:00:00,o3,PIIANN,19.48,24.499594
2022-02-05 08:00:00,o3,PIIANN,20.0,22.656807
2023-10-07 09:00:00,o3,PIIANN,1.0750008,4.3266716
2022-08-03 03:00:00,o3,PIIANN,14.3,10.331459
2023-11-09 04:00:00,o3,PIIANN,11.85,12.227956
2025-06-07 03:00:00,o3,PIIANN,20.67,12.726337
2021-02-09 15:00:00,o3,PIIANN,24.92,21.2231
2021-05-07 13:00:00,o3,PIIANN,8.799999,15.818394
2021-03-01 23:00:00,o3,PIIANN,6.449999,10.776165
2021-02-08 13:00:00,o3,PIIANN,6.3999996,12.233777
2023-06-02 19:00:00,o3,PIIANN,4.3999996,6.2872868
2023-09-10 09:00:00,o3,PIIANN,14.375,16.106892
2022-07-06 01:00:00,o3,PIIANN,15.0,7.087658
2021-10-06 17:00:00,o3,PIIANN,62.92,53.85047
2023-02-08 05:00:00,o3,PIIANN,6.549999,3.9459133
2025-07-08 06:00:00,o3,PIIANN,11.379999,5.7717857
2022-09-02 15:00:00,o3,PIIANN,63.48,54.17567
2021-08-11 05:00:00,o3,PIIANN,6.6000004,8.947697
2021-12-09 11:00:00,o3,PIIANN,29.85,32.703865
2025-05-10 11:00:00,o3,PIIANN,71.55,46.343452
2024-03-12 07:00:00,o3,PIIANN,8.119999,10.951355
2025-09-02 13:00:00,o3,PIIANN,112.45,88.392914
2025-01-06 23:00:00,o3,PIIANN,39.98,23.532507
2022-06-12 07:00:00,o3,PIIANN,5.7800007,11.3114605
2024-12-09 20:00:00,o3,PIIANN,12.2,10.827908
2021-07-06 20:00:00,o3,PIIANN,40.5,31.970549
2021-10-09 21:00:00,o3,PIIANN,17.5,12.971271
2025-07-01 22:00:00,o3,PIIANN,0.75000006,5.710268
2025-12-08 15:00:00,o3,PIIANN,12.8,9.900902
2021-09-03 14:00:00,o3,PIIANN,8.98,14.649359
2021-09-10 17:00:00,o3,PIIANN,19.42,33.79085
2021-06-10 13:00:00,o3,PIIANN,27.8,31.479353
2023-03-01 20:00:00,o3,PIIANN,3.4249992,0.69868857
2025-06-10 09:00:00,o3,PIIANN,20.88,21.48158
2021-07-07 08:00:00,o3,PIIANN,8.619999,11.876677
2024-07-05 19:00:00,o3,PIIANN,55.17,48.39373
2022-09-11 13:00:00,o3,PIIANN,59.8,32.192448
2024-01-04 12:00:00,o3,PIIANN,41.6,45.68823
2022-11-03 15:00:00,o3,PIIANN,85.75,77.44688
2024-11-05 22:00:00,o3,PIIANN,35.08,34.62795
2024-08-10 08:00:00,o3,PIIANN,12.92,17.565943
2025-05-03 04:00:00,o3,PIIANN,33.55,26.754272
2021-07-03 19:00:00,o3,PIIANN,7.3999996,4.6082497
2025-06-12 03:00:00,o3,PIIANN,7.1800003,4.3937035
2024-07-02 09:00:00,o3,PIIANN,40.35,28.632505
2025-12-03 05:00:00,o3,PIIANN,2.7999992,5.4456825
2021-12-08 15:00:00,o3,PIIANN,11.15,11.681894
2025-10-11 00:00:00,o3,PIIANN,1.9500008,18.568363
2021-04-06 02:00:00,o3,PIIANN,11.1,9.915344
2022-03-07 16:00:00,o3,PIIANN,15.02,15.514944
2025-09-04 21:00:00,o3,PIIANN,58.95,6.3623695
2021-11-09 18:00:00,o3,PIIANN,14.42,13.57084
2024-01-09 17:00:00,o3,PIIANN,24.52,25.529839
2025-12-11 20:00:00,o3,PIIANN,9.75,7.8482933
2024-02-01 11:00:00,o3,PIIANN,17.75,20.604996
2021-02-10 11:00:00,o3,PIIANN,25.95,26.46859
2024-12-02 16:00:00,o3,PIIANN,141.5,134.95438
2025-07-07 13:00:00,o3,PIIANN,35.67,12.972563
2022-05-12 18:00:00,o3,PIIANN,5.25,0.36938098
2021-08-04 11:00:00,o3,PIIANN,101.0,100.38419
2021-02-07 22:00:00,o3,PIIANN,11.779999,9.387304
2021-12-10 02:00:00,o3,PIIANN,14.88,17.08238
2021-06-11 02:00:00,o3,PIIANN,8.4,15.782854
2022-12-05 20:00:00,o3,PIIANN,16.42,20.72215
2024-08-04 09:00:00,o3,PIIANN,48.45,53.221
2025-07-10 10:00:00,o3,PIIANN,57.4,34.362267
2024-10-04 13:00:00,o3,PIIANN,113.6,132.7338
2024-09-04 03:00:00,o3,PIIANN,4.1499996,12.771586
2025-01-12 11:00:00,o3,PIIANN,120.7,86.309616
2021-09-06 18:00:00,o3,PIIANN,31.45,39.18293
2025-05-08 04:00:00,o3,PIIANN,14.18,10.803722
2021-04-12 21:00:00,o3,PIIANN,7.2199993,2.088211
2025-08-03 02:00:00,o3,PIIANN,23.43,4.748665
2025-02-04 14:00:00,o3,PIIANN,119.38,109.343285
2025-05-07 22:00:00,o3,PIIANN,18.8,15.639971
2022-03-12 03:00:00,o3,PIIANN,6.2199993,8.241434
2021-01-12 14:00:00,o3,PIIANN,13.02,23.668333
2022-02-03 01:00:00,o3,PIIANN,12.0,5.7460346
2021-05-12 13:00:00,o3,PIIANN,7.799999,25.226896
2023-11-07 12:00:00,o3,PIIANN,1.75,7.5423145
2023-06-05 08:00:00,o3,PIIANN,9.75,19.842669
2024-10-12 14:00:00,o3,PIIANN,15.82,20.927635
2022-07-09 02:00:00,o3,PIIANN,18.38,20.680515
2021-06-02 14:00:00,o3,PIIANN,7.8500004,18.759487
2025-02-03 17:00:00,o3,PIIANN,78.9,64.520195
2024-12-04 15:00:00,o3,PIIANN,91.02,95.309006
2024-10-07 02:00:00,o3,PIIANN,7.3899994,13.41646
2022-09-06 03:00:00,o3,PIIANN,14.0,41.864162
2024-01-07 19:00:00,o3,PIIANN,20.27,26.571676
2024-05-07 16:00:00,o3,PIIANN,15.62,20.612123
2021-06-08 16:00:00,o3,PIIANN,18.58,8.109022
2024-02-01 18:00:00,o3,PIIANN,12.2,8.588593
2023-03-02 01:00:00,o3,PIIANN,3.7000008,8.83617
2024-10-03 07:00:00,o3,PIIANN,1.7000008,9.574535
2022-06-06 09:00:00,o3,PIIANN,72.75,65.08709
2023-08-12 16:00:00,o3,PIIANN,55.375,45.45254
2025-03-05 01:00:00,o3,PIIANN,2.2000008,11.041491
2024-12-10 16:00:00,o3,PIIANN,63.82,62.244152
2023-04-11 04:00:00,o3,PIIANN,21.525,48.445583
2022-01-09 06:00:00,o3,PIIANN,16.62,17.812994
2022-05-02 05:00:00,o3,PIIANN,9.68,10.274502
2023-09-05 04:00:00,o3,PIIANN,11.074999,10.119926
2023-05-12 20:00:00,o3,PIIANN,9.975,1.5983257
2021-04-06 03:00:00,o3,PIIANN,12.2,8.300974
2023-09-12 06:00:00,o3,PIIANN,9.225,11.55069
2025-10-02 17:00:00,o3,PIIANN,73.47,97.174614
2023-08-03 10:00:00,o3,PIIANN,65.225,58.884216
2023-11-12 23:00:00,o3,PIIANN,11.549999,15.399889
2022-07-08 15:00:00,o3,PIIANN,27.75,17.638132
2023-05-13 01:00:00,o3,PIIANN,10.46838,9.557869
2021-05-10 03:00:00,o3,PIIANN,14.0,13.252612
2022-12-05 06:00:00,o3,PIIANN,19.75,25.542099
2022-08-02 21:00:00,o3,PIIANN,13.15,6.576109
2022-11-05 22:00:00,o3,PIIANN,31.72,23.407934
2021-06-11 11:00:00,o3,PIIANN,88.62,67.32911
2021-03-09 03:00:00,o3,PIIANN,12.02,13.811924
2025-02-11 07:00:00,o3,PIIANN,14.0,12.765346
2023-05-04 07:00:00,o3,PIIANN,5.424999,8.554117
2022-11-07 16:00:00,o3,PIIANN,7.0,23.117777
2022-11-10 17:00:00,o3,PIIANN,39.2,43.665962
2021-08-04 16:00:00,o3,PIIANN,86.38,72.96965
2023-06-11 21:00:00,o3,PIIANN,33.0,32.87643
2023-01-11 17:00:00,o3,PIIANN,25.633333,41.37194
2023-10-03 03:00:00,o3,PIIANN,5.799999,10.163565
2025-09-07 22:00:00,o3,PIIANN,4.3199997,4.247488
2022-03-03 19:00:00,o3,PIIANN,33.75,31.833
2024-10-08 09:00:00,o3,PIIANN,34.65,30.459505
2025-01-11 18:00:00,o3,PIIANN,10.33,3.1918907
2024-04-07 01:00:00,o3,PIIANN,3.7000008,10.950348
2024-04-11 04:00:00,o3,PIIANN,2.6499996,4.4910297
2021-05-01 15:00:00,o3,PIIANN,12.48,15.391811
2025-07-09 07:00:00,o3,PIIANN,18.55,17.279564
2025-01-09 00:00:00,o3,PIIANN,11.397999,12.391182
2021-11-05 03:00:00,o3,PIIANN,18.1,7.709585
2024-12-08 19:00:00,o3,PIIANN,35.63,25.621557
2021-09-09 14:00:00,o3,PIIANN,13.12,18.434761
2021-12-09 12:00:00,o3,PIIANN,45.28,31.393908
2022-05-04 15:00:00,o3,PIIANN,93.7,82.60966
2021-01-03 03:00:00,o3,PIIANN,5.619999,2.3656483
2021-01-10 08:00:00,o3,PIIANN,31.28,21.505512
2022-02-04 09:00:00,o3,PIIANN,57.78,29.876999
2024-11-11 05:00:00,o3,PIIANN,2.414999,1.5173855
2024-11-08 17:00:00,o3,PIIANN,34.8,27.652533
2022-10-02 22:00:00,o3,PIIANN,9.02,11.474297
2023-09-02 19:00:00,o3,PIIANN,3.9750004,4.7018833
2024-04-08 22:00:00,o3,PIIANN,35.02,23.660097
2023-04-11 05:00:00,o3,PIIANN,25.475,24.565931
2024-09-05 08:00:00,o3,PIIANN,45.25,33.526367
2024-02-12 06:00:00,o3,PIIANN,7.2199993,10.69021
2021-09-06 21:00:00,o3,PIIANN,10.779999,13.117762
2022-11-12 11:00:00,o3,PIIANN,23.52,21.691595
2021-02-09 18:00:00,o3,PIIANN,12.4,17.895515
2025-05-11 21:00:00,o3,PIIANN,25.6,23.945782
2024-05-05 06:00:00,o3,PIIANN,5.6499996,23.026825
2023-12-11 06:00:00,o3,PIIANN,13.55,18.054153
2025-05-07 04:00:00,o3,PIIANN,17.82,13.859398
2021-09-02 07:00:00,o3,PIIANN,6.879999,11.892448
2021-02-10 13:00:00,o3,PIIANN,25.95,27.545908
2024-02-07 08:00:00,o3,PIIANN,3.1800003,10.084612
2024-04-05 06:00:00,o3,PIIANN,7.9799995,19.737846
2025-06-05 21:00:00,o3,PIIANN,16.28,14.912192
2023-06-06 07:00:00,o3,PIIANN,21.8,14.177091
2021-06-08 06:00:00,o3,PIIANN,5.7199993,7.6237965
2022-11-12 19:00:00,o3,PIIANN,5.3999996,-4.860483
2025-12-04 00:00:00,o3,PIIANN,12.6,11.576477
2021-08-05 06:00:00,o3,PIIANN,9.18,10.397182
2025-11-07 22:00:00,o3,PIIANN,5.199999,7.695343
2022-03-05 05:00:00,o3,PIIANN,16.33,20.342588
2021-08-07 00:00:00,o3,PIIANN,7.549999,6.430191
2022-03-02 06:00:00,o3,PIIANN,20.92,26.598642
2021-08-08 22:00:00,o3,PIIANN,4.2800007,11.416658
2025-08-12 14:00:00,o3,PIIANN,103.18,104.91072
2025-03-09 23:00:00,o3,PIIANN,15.45,16.489119
2022-02-13 02:00:00,o3,PIIANN,6.4176884,7.739128
2023-12-12 19:00:00,o3,PIIANN,13.05,4.4090576
2025-11-07 12:00:00,o3,PIIANN,16.2,26.551888
2025-08-06 17:00:00,o3,PIIANN,87.3,78.16725
2025-09-09 04:00:00,o3,PIIANN,15.28,15.376103
2023-03-11 00:00:00,o3,PIIANN,7.199999,20.518068
2025-07-08 16:00:00,o3,PIIANN,13.08,13.840173
2022-03-02 11:00:00,o3,PIIANN,34.33,39.359783
2021-06-08 03:00:00,o3,PIIANN,13.2,8.410505
2022-01-03 16:00:00,o3,PIIANN,95.9,88.29736
2023-05-04 13:00:00,o3,PIIANN,49.725,45.990883
2021-01-12 08:00:00,o3,PIIANN,9.15,13.707818
2024-02-02 23:00:00,o3,PIIANN,4.949999,11.489582
2022-03-01 23:00:00,o3,PIIANN,8.719999,16.608774
2025-11-12 10:00:00,o3,PIIANN,46.47,31.908916
2021-08-06 21:00:00,o3,PIIANN,5.9799995,9.191278
2025-02-06 04:00:00,o3,PIIANN,21.05,23.694239
2025-11-08 13:00:00,o3,PIIANN,8.33,7.3386936
2025-03-07 02:00:00,o3,PIIANN,20.0,15.54124
2025-03-13 00:00:00,o3,PIIANN,4.9745502,9.551607
2023-09-08 22:00:00,o3,PIIANN,5.174999,6.960823
2023-08-09 08:00:00,o3,PIIANN,13.7,16.774555
2021-04-07 05:00:00,o3,PIIANN,21.7,19.523958
2021-02-08 00:00:00,o3,PIIANN,10.799999,15.181018
2021-03-08 21:00:00,o3,PIIANN,5.8999996,9.850431
2023-07-05 18:00:00,o3,PIIANN,33.425,25.784163
2023-12-12 16:00:00,o3,PIIANN,54.65,58.90549
2021-08-11 07:00:00,o3,PIIANN,6.619999,11.333754
2025-02-04 03:00:00,o3,PIIANN,0.43000033,2.730566
2024-06-12 00:00:00,o3,PIIANN,9.699999,11.917193
2022-10-01 23:00:00,o3,PIIANN,9.15,15.364433
2025-07-12 04:00:00,o3,PIIANN,27.85,21.154112
2021-02-07 07:00:00,o3,PIIANN,12.78,12.540796
2025-02-07 05:00:00,o3,PIIANN,19.25,17.179783
2021-08-07 05:00:00,o3,PIIANN,7.3999996,4.3884964
2025-12-07 19:00:00,o3,PIIANN,10.30125,12.146004
2022-11-10 22:00:00,o3,PIIANN,30.3,21.891924
2024-06-07 21:00:00,o3,PIIANN,10.92,14.1990595
2025-08-05 06:00:00,o3,PIIANN,13.1,16.408928
2024-09-06 22:00:00,o3,PIIANN,8.57,23.052534
2025-05-03 22:00:00,o3,PIIANN,54.25,32.892418
2022-03-11 20:00:00,o3,PIIANN,1.2999992,13.676828
2022-01-06 10:00:00,o3,PIIANN,43.95,53.05069
2021-02-07 23:00:00,o3,PIIANN,16.03,11.450609
2021-01-03 23:00:00,o3,PIIANN,7.2800007,6.5915833
2023-03-09 16:00:00,o3,PIIANN,22.15,18.044191
2025-11-09 14:00:00,o3,PIIANN,29.6,40.98105
2022-03-07 08:00:00,o3,PIIANN,13.12,53.928825
2021-08-09 04:00:00,o3,PIIANN,10.5,26.444115
2024-04-08 09:00:00,o3,PIIANN,34.3,35.51897
2025-04-08 04:00:00,o3,PIIANN,16.38,12.226547
2025-07-07 16:00:00,o3,PIIANN,31.22,26.692715
2022-05-09 07:00:00,o3,PIIANN,19.07,18.455172
2023-11-09 21:00:00,o3,PIIANN,9.75,8.257593
2021-11-02 06:00:00,o3,PIIANN,5.799999,6.54364
2024-03-05 08:00:00,o3,PIIANN,57.12,38.68281
2025-05-09 07:00:00,o3,PIIANN,15.25,16.815372
2023-08-04 18:00:00,o3,PIIANN,48.125,65.09756
2022-11-03 11:00:00,o3,PIIANN,70.28,59.54131
2021-04-11 16:00:00,o3,PIIANN,83.18,102.839355
2023-07-12 15:00:00,o3,PIIANN,69.875,60.97644
2023-02-10 17:00:00,o3,PIIANN,40.525,35.56394
2023-07-01 18:00:00,o3,PIIANN,3.4249992,0.4822617
2023-05-09 07:00:00,o3,PIIANN,12.65,12.039871
2023-09-07 20:00:00,o3,PIIANN,5.174999,7.059847
2025-01-13 00:00:00,o3,PIIANN,3.6332607,7.0950413
2025-09-10 23:00:00,o3,PIIANN,7.2800007,24.332327
2024-08-04 21:00:00,o3,PIIANN,5.699997,4.432625
2022-09-06 17:00:00,o3,PIIANN,84.55,81.01677
2023-09-05 19:00:00,o3,PIIANN,20.9,46.576656
2024-03-01 23:00:00,o3,PIIANN,8.779999,12.052535
2025-08-05 11:00:00,o3,PIIANN,41.5,51.203037
2024-10-06 09:00:00,o3,PIIANN,81.5,79.69971
2021-12-10 07:00:00,o3,PIIANN,13.65,10.960596
2023-07-09 19:00:00,o3,PIIANN,15.3,14.368028
2025-08-08 16:00:00,o3,PIIANN,15.7,15.251719
2022-02-05 20:00:00,o3,PIIANN,39.48,33.060047
2021-04-10 23:00:00,o3,PIIANN,13.35,18.320892
2025-12-08 01:00:00,o3,PIIANN,8.299999,9.629604
2023-03-02 09:00:00,o3,PIIANN,15.350001,26.277403
2024-01-05 06:00:00,o3,PIIANN,18.18,17.532696
2023-01-02 05:00:00,o3,PIIANN,14.0,13.619402
2025-07-03 02:00:00,o3,PIIANN,1.5300007,0.6758252
2024-10-01 18:00:00,o3,PIIANN,8.549999,5.332485
2025-08-08 17:00:00,o3,PIIANN,16.5,12.60565
2021-11-05 15:00:00,o3,PIIANN,111.92,89.65262
2022-11-11 15:00:00,o3,PIIANN,43.82,29.827337
2024-01-09 00:00:00,o3,PIIANN,12.23,28.411148
2022-01-06 02:00:00,o3,PIIANN,33.3,16.383205
2022-08-10 10:00:00,o3,PIIANN,5.949999,12.024401
2023-09-05 03:00:00,o3,PIIANN,8.4,20.842041
2025-03-01 09:00:00,o3,PIIANN,6.7199993,12.285238
2025-11-03 07:00:00,o3,PIIANN,7.199999,10.749044
2025-10-09 17:00:00,o3,PIIANN,17.9,14.354037
2024-01-02 07:00:00,o3,PIIANN,21.92,21.481749
2025-09-02 23:00:00,o3,PIIANN,7.5,16.35965
2023-06-07 12:00:00,o3,PIIANN,1.4500008,7.6037865
2024-05-03 06:00:00,o3,PIIANN,6.379999,7.675596
2021-04-11 22:00:00,o3,PIIANN,10.079998,15.762681
2025-12-09 13:00:00,o3,PIIANN,27.026667,30.614412
2021-09-10 23:00:00,o3,PIIANN,14.42,8.633703
2025-11-12 22:00:00,o3,PIIANN,7.0699997,4.785822
2023-12-08 06:00:00,o3,PIIANN,4.9750004,7.3635693
2022-12-08 19:00:00,o3,PIIANN,23.35,21.696531
2023-10-11 18:00:00,o3,PIIANN,19.9,9.701191
2022-03-06 15:00:00,o3,PIIANN,122.22,120.23313
2024-03-08 12:00:00,o3,PIIANN,35.9,36.586483
2025-05-03 13:00:00,o3,PIIANN,77.55,75.50739
2025-06-07 14:00:00,o3,PIIANN,25.35,23.211964
2023-12-03 08:00:00,o3,PIIANN,9.674999,14.6867285
2024-12-03 23:00:00,o3,PIIANN,3.0499992,15.831737
2025-08-04 00:00:00,o3,PIIANN,9.75,7.376585
2025-08-07 12:00:00,o3,PIIANN,63.8,42.131485
2022-09-08 10:00:00,o3,PIIANN,41.05,37.176933
2024-09-10 04:00:00,o3,PIIANN,7.7800007,11.497122
2025-02-10 04:00:00,o3,PIIANN,5.4799995,10.873241
2025-12-07 21:00:00,o3,PIIANN,14.0,12.464699
2024-03-08 18:00:00,o3,PIIANN,36.08,25.988445
2025-09-09 19:00:00,o3,PIIANN,19.65,11.271811
2023-08-11 17:00:00,o3,PIIANN,16.275,38.508965
2024-05-06 04:00:00,o3,PIIANN,6.9300003,5.195381
2022-07-04 23:00:00,o3,PIIANN,9.879999,17.239637
2025-02-03 15:00:00,o3,PIIANN,86.32,70.41847
2023-08-10 08:00:00,o3,PIIANN,9.725,14.512464
2021-10-12 23:00:00,o3,PIIANN,6.3999996,10.496693
2022-04-04 17:00:00,o3,PIIANN,93.87,83.83457
2023-10-09 02:00:00,o3,PIIANN,12.15,12.997064
2022-08-04 18:00:00,o3,PIIANN,23.1,39.84897
2023-04-10 06:00:00,o3,PIIANN,9.625,14.872783
2024-08-09 01:00:00,o3,PIIANN,9.0,16.569853
2023-10-11 12:00:00,o3,PIIANN,27.925,27.739937
2022-01-04 02:00:00,o3,PIIANN,26.75,16.80681
2023-08-12 21:00:00,o3,PIIANN,9.5,7.7511635
2024-01-06 06:00:00,o3,PIIANN,5.0,14.240422
2022-06-11 17:00:00,o3,PIIANN,14.0,8.591772
2025-12-08 22:00:00,o3,PIIANN,9.68,8.053598
2024-11-03 06:00:00,o3,PIIANN,1.1299992,5.028557
2023-04-06 17:00:00,o3,PIIANN,64.35,44.477116
2024-07-07 04:00:00,o3,PIIANN,11.379999,13.753596
2021-04-08 21:00:00,o3,PIIANN,5.3500004,6.452652
2024-05-08 12:00:00,o3,PIIANN,36.1,36.502445
2024-02-12 16:00:00,o3,PIIANN,30.2,26.48641
2023-05-06 15:00:00,o3,PIIANN,60.425,56.07564
2025-02-05 22:00:00,o3,PIIANN,1.4500008,9.166203
2025-09-04 16:00:00,o3,PIIANN,14.0,13.093523
2023-05-03 20:00:00,o3,PIIANN,18.975,11.508755
2024-11-02 21:00:00,o3,PIIANN,7.949999,3.929428
2023-06-05 13:00:00,o3,PIIANN,15.25,16.98818
2024-07-04 15:00:00,o3,PIIANN,58.78,51.914494
2025-10-01 23:00:00,o3,PIIANN,11.94,17.236065
2022-11-02 05:00:00,o3,PIIANN,24.62,35.4482
2022-02-12 12:00:00,o3,PIIANN,74.47,46.135307
2021-02-06 01:00:00,o3,PIIANN,6.199999,10.713846
2023-06-02 00:00:00,o3,PIIANN,6.5,6.4521503
2025-02-05 09:00:00,o3,PIIANN,22.22,20.813595
2023-06-10 00:00:00,o3,PIIANN,15.1,12.852771
2022-03-04 01:00:00,o3,PIIANN,17.6,12.992746
2025-11-05 14:00:00,o3,PIIANN,124.38,101.69858
2024-08-10 21:00:00,o3,PIIANN,18.98,15.533432
2022-04-09 08:00:00,o3,PIIANN,25.28,22.113405
2023-03-01 13:00:00,o3,PIIANN,13.05,21.513157
2025-10-05 01:00:00,o3,PIIANN,23.1,25.138271
2025-01-12 17:00:00,o3,PIIANN,95.85,87.90678
2023-10-08 06:00:00,o3,PIIANN,5.0249996,4.898802
2024-03-12 21:00:00,o3,PIIANN,8.73,11.836118
2022-02-05 14:00:00,o3,PIIANN,93.2,78.60922
2025-04-06 22:00:00,o3,PIIANN,32.5,29.668997
2021-11-08 03:00:00,o3,PIIANN,7.0699997,10.821215
2024-08-06 09:00:00,o3,PIIANN,86.18,68.90257
2024-11-04 21:00:00,o3,PIIANN,20.12,7.64275
2021-01-07 07:00:00,o3,PIIANN,13.48,14.039725
2021-12-06 09:00:00,o3,PIIANN,23.85,23.622358
2022-08-03 07:00:00,o3,PIIANN,13.7,15.409227
2022-01-03 23:00:00,o3,PIIANN,12.12,14.161194
2023-04-01 18:00:00,o3,PIIANN,3.8500004,5.131277
2022-09-11 15:00:00,o3,PIIANN,54.7,52.413536
2022-07-05 16:00:00,o3,PIIANN,153.058,140.72542
2022-09-01 17:00:00,o3,PIIANN,15.15,14.653144
2023-11-08 15:00:00,o3,PIIANN,4.799999,6.3122826
2023-03-07 10:00:00,o3,PIIANN,5.2666664,10.258045
2023-10-08 13:00:00,o3,PIIANN,5.174999,11.004097
2021-03-06 23:00:00,o3,PIIANN,14.18,19.89718
2025-02-06 13:00:00,o3,PIIANN,111.15,96.6166
2024-04-09 05:00:00,o3,PIIANN,11.25,22.592678
2025-10-07 09:00:00,o3,PIIANN,4.1800003,5.722166
2023-10-05 17:00:00,o3,PIIANN,126.525,109.47755
2023-01-08 02:00:00,o3,PIIANN,7.949999,10.556725
2023-11-02 18:00:00,o3,PIIANN,22.5,25.366674
2023-03-12 18:00:00,o3,PIIANN,12.625,11.784952
2025-02-11 09:00:00,o3,PIIANN,14.0,16.557793
2021-06-06 15:00:00,o3,PIIANN,96.45,93.225784
2022-09-02 00:00:00,o3,PIIANN,13.82,14.491418
2022-05-09 06:00:00,o3,PIIANN,17.82,17.526747
2021-09-06 12:00:00,o3,PIIANN,33.6,46.217926
2022-12-09 15:00:00,o3,PIIANN,46.68,35.81936
2023-11-12 21:00:00,o3,PIIANN,12.675,12.185122
2023-12-11 10:00:00,o3,PIIANN,57.625,44.443104
2025-04-01 22:00:00,o3,PIIANN,5.92,13.824725
2024-04-04 04:00:00,o3,PIIANN,16.23,15.739779
2024-01-06 02:00:00,o3,PIIANN,17.09,29.889597
2024-01-09 04:00:00,o3,PIIANN,10.48,13.138325
2024-01-01 19:00:00,o3,PIIANN,10.949999,4.7760067
2021-05-09 07:00:00,o3,PIIANN,4.333334,8.800316
2025-09-11 11:00:00,o3,PIIANN,3.7619991,31.502758
2022-07-03 18:00:00,o3,PIIANN,62.7,87.34291
2024-03-11 16:00:00,o3,PIIANN,51.0,55.80885
2025-01-03 09:00:00,o3,PIIANN,13.53,9.5005665
2025-11-11 11:00:00,o3,PIIANN,13.32,47.81934
2021-05-10 06:00:00,o3,PIIANN,14.0,15.040959
2021-11-09 21:00:00,o3,PIIANN,9.02,9.256435
2024-11-05 13:00:00,o3,PIIANN,133.0,135.38997
2025-11-10 13:00:00,o3,PIIANN,10.65,62.202827
2021-09-05 19:00:00,o3,PIIANN,53.95,57.742462
2021-06-06 03:00:00,o3,PIIANN,7.9300003,7.0370903
2021-07-07 06:00:00,o3,PIIANN,8.5,6.8715134
2022-02-02 15:00:00,o3,PIIANN,121.48,114.6809
2025-04-11 19:00:00,o3,PIIANN,6.25,8.5350685
2025-04-03 15:00:00,o3,PIIANN,85.775,87.071915
2023-10-11 07:00:00,o3,PIIANN,8.625,8.775154
2023-07-10 06:00:00,o3,PIIANN,12.225,13.328197
2024-05-11 14:00:00,o3,PIIANN,64.28,52.319363
2023-02-07 02:00:00,o3,PIIANN,2.2999992,7.180792
2021-08-13 00:00:00,o3,PIIANN,5.905733,7.760168
2025-01-05 17:00:00,o3,PIIANN,71.8,77.84612
2022-08-03 04:00:00,o3,PIIANN,12.65,12.248627
2023-04-02 12:00:00,o3,PIIANN,53.2,56.75846
2025-02-04 08:00:00,o3,PIIANN,43.05,29.392418
2023-08-07 11:00:00,o3,PIIANN,1.25,8.094767
2022-07-01 16:00:00,o3,PIIANN,34.3,34.498955
2021-09-04 09:00:00,o3,PIIANN,72.2,55.182163
2023-11-11 17:00:00,o3,PIIANN,38.25,37.078365
2024-12-01 18:00:00,o3,PIIANN,8.279999,8.3722515
2022-08-06 04:00:00,o3,PIIANN,35.88,28.646801
2023-11-04 02:00:00,o3,PIIANN,4.2749996,11.580572
2024-02-03 21:00:00,o3,PIIANN,5.5200005,7.153639
2023-06-03 21:00:00,o3,PIIANN,3.125,7.7067795
2021-06-12 18:00:00,o3,PIIANN,7.75,3.6984043
2024-09-12 17:00:00,o3,PIIANN,15.0,15.147266
2023-10-06 03:00:00,o3,PIIANN,2.25,5.031212
2025-06-06 15:00:00,o3,PIIANN,142.35,113.7185
2021-01-02 00:00:00,o3,PIIANN,7.08,22.404188
2024-02-07 20:00:00,o3,PIIANN,8.08,10.827576
2024-07-03 22:00:00,o3,PIIANN,6.0200005,5.178673
2024-04-09 18:00:00,o3,PIIANN,9.279999,13.599029
2023-09-05 17:00:00,o3,PIIANN,81.175,64.586
2023-09-10 18:00:00,o3,PIIANN,12.05,14.903751
2021-07-09 22:00:00,o3,PIIANN,8.68,12.404529
2021-10-09 22:00:00,o3,PIIANN,47.3,16.146194
2022-07-08 16:00:00,o3,PIIANN,39.57,19.720745
2023-02-10 06:00:00,o3,PIIANN,11.574999,13.237101
2024-12-11 15:00:00,o3,PIIANN,36.48,35.783592
2025-11-02 12:00:00,o3,PIIANN,120.3,79.40579
2021-09-10 04:00:00,o3,PIIANN,8.9,4.88332
2021-10-08 04:00:00,o3,PIIANN,4.619999,7.9838734
2025-04-01 17:00:00,o3,PIIANN,9.15,22.527363
2021-05-01 19:00:00,o3,PIIANN,8.1,5.814907
2025-02-08 23:00:00,o3,PIIANN,14.38,16.394186
2023-07-03 11:00:00,o3,PIIANN,82.15,73.503395
2024-05-04 06:00:00,o3,PIIANN,12.08,5.1379147
2025-07-13 02:00:00,o3,PIIANN,16.722145,20.169252
2021-04-12 01:00:00,o3,PIIANN,9.4,-5.610815
2022-06-09 05:00:00,o3,PIIANN,15.65,15.230621
2024-06-01 21:00:00,o3,PIIANN,8.6,10.5396595
2021-03-11 15:00:00,o3,PIIANN,168.35,154.116
2021-10-08 15:00:00,o3,PIIANN,5.2199993,8.976633
2024-06-10 11:00:00,o3,PIIANN,32.78,31.541704
2021-01-04 22:00:00,o3,PIIANN,22.65,22.085812
2023-03-11 20:00:00,o3,PIIANN,16.6,3.3929768
2023-10-02 01:00:00,o3,PIIANN,5.799999,9.720839
2024-05-05 17:00:00,o3,PIIANN,72.05,54.02253
2023-12-12 05:00:00,o3,PIIANN,12.3,12.605102
2024-04-05 12:00:00,o3,PIIANN,108.18,131.4107
2023-08-04 15:00:00,o3,PIIANN,99.875,95.56542
2024-04-02 16:00:00,o3,PIIANN,24.05,26.778437
2021-10-06 08:00:00,o3,PIIANN,12.7,14.149252
2023-11-07 14:00:00,o3,PIIANN,0.29999927,7.7849216
2025-08-10 01:00:00,o3,PIIANN,31.68,13.342584
2021-08-01 20:00:00,o3,PIIANN,8.48,4.8771973
2021-07-04 12:00:00,o3,PIIANN,111.0,109.377426
2022-01-11 05:00:00,o3,PIIANN,2.7999992,7.151331
2021-02-06 16:00:00,o3,PIIANN,78.4,68.51039
2021-09-03 21:00:00,o3,PIIANN,6.6800003,2.6822338
2021-12-11 18:00:00,o3,PIIANN,10.379999,-1.6904202
2025-12-03 12:00:00,o3,PIIANN,70.28,72.183
2022-02-11 12:00:00,o3,PIIANN,57.95,59.336754
2025-04-12 04:00:00,o3,PIIANN,9.199999,5.831625
2023-05-10 16:00:00,o3,PIIANN,68.775,56.721485
2021-08-07 08:00:00,o3,PIIANN,6.1499996,9.210905
2021-11-12 12:00:00,o3,PIIANN,6.8500004,17.899462
2024-07-12 16:00:00,o3,PIIANN,35.88,26.140928
2022-09-05 05:00:00,o3,PIIANN,40.6,30.26754
2021-03-07 12:00:00,o3,PIIANN,27.18,37.030247
2021-04-08 03:00:00,o3,PIIANN,5.2800007,7.334749
2023-11-04 03:00:00,o3,PIIANN,3.6000004,17.057835
2023-08-10 23:00:00,o3,PIIANN,8.6,17.030588
2024-03-02 23:00:00,o3,PIIANN,13.35,17.725069
2024-08-04 19:00:00,o3,PIIANN,11.8,17.932304
2025-08-05 12:00:00,o3,PIIANN,76.07,58.65142
2025-06-09 14:00:00,o3,PIIANN,21.0,22.49337
2021-09-01 17:00:00,o3,PIIANN,10.713333,7.703331
2025-02-02 19:00:00,o3,PIIANN,7.0200005,9.100922
2025-11-05 07:00:00,o3,PIIANN,23.62,25.816746
2025-05-03 07:00:00,o3,PIIANN,38.93,38.07528
2023-10-01 10:00:00,o3,PIIANN,3.3500004,12.005696
2025-05-10 08:00:00,o3,PIIANN,23.3,24.602049
2025-10-10 15:00:00,o3,PIIANN,107.75,94.17354
2024-03-02 13:00:00,o3,PIIANN,86.2,70.37874
2023-12-04 15:00:00,o3,PIIANN,92.35,86.2926
2025-06-05 15:00:00,o3,PIIANN,112.4,95.36276
2022-08-02 03:00:00,o3,PIIANN,11.9,19.400753
2024-10-03 05:00:00,o3,PIIANN,1.8799992,2.5372658
2025-04-07 01:00:00,o3,PIIANN,18.1,21.438389
2021-09-05 08:00:00,o3,PIIANN,55.1,34.28953
2024-09-10 09:00:00,o3,PIIANN,48.52,34.880856
2024-02-09 19:00:00,o3,PIIANN,29.02,17.12584
2021-11-10 12:00:00,o3,PIIANN,2.119999,18.19707
2025-02-04 11:00:00,o3,PIIANN,101.55,102.517456
2021-01-09 09:00:00,o3,PIIANN,9.93,15.266079
2023-01-02 00:00:00,o3,PIIANN,3.2062492,12.970993
2022-09-09 23:00:00,o3,PIIANN,20.8,17.699646
2025-04-07 22:00:00,o3,PIIANN,17.73,17.718084
2021-08-05 01:00:00,o3,PIIANN,14.3,13.543706
2024-02-10 01:00:00,o3,PIIANN,4.5300007,15.232425
2021-08-13 02:00:00,o3,PIIANN,5.917198,7.134794
2025-03-01 14:00:00,o3,PIIANN,49.68,32.734196
2023-08-04 21:00:00,o3,PIIANN,5.199999,7.929016
2024-06-02 09:00:00,o3,PIIANN,14.22,13.983142
2023-11-11 14:00:00,o3,PIIANN,66.7,54.392437
2024-01-03 05:00:00,o3,PIIANN,5.699997,6.0976315
2025-05-02 21:00:00,o3,PIIANN,8.219999,7.564743
2021-07-02 18:00:00,o3,PIIANN,7.199999,1.4625816
2023-07-12 05:00:00,o3,PIIANN,15.825,29.00677
2021-01-04 09:00:00,o3,PIIANN,51.85,52.582447
2025-06-09 06:00:00,o3,PIIANN,15.48,16.07575
2024-05-03 22:00:00,o3,PIIANN,5.9799995,6.3764515
2024-05-10 03:00:00,o3,PIIANN,5.7700005,10.2314625
2024-01-12 23:00:00,o3,PIIANN,6.7199993,14.025917
2024-01-02 06:00:00,o3,PIIANN,22.35,19.357302
2021-08-06 12:00:00,o3,PIIANN,38.08,41.874004
2021-04-10 01:00:00,o3,PIIANN,43.8,22.887192
2023-06-07 02:00:00,o3,PIIANN,28.775,12.118317
2023-05-03 10:00:00,o3,PIIANN,44.35,42.381435
2021-11-06 16:00:00,o3,PIIANN,75.35,80.93232
2024-08-09 10:00:00,o3,PIIANN,17.52,16.134792
2024-10-09 03:00:00,o3,PIIANN,13.35,50.400116
2023-02-06 21:00:00,o3,PIIANN,0.50000006,6.5539
2021-10-08 11:00:00,o3,PIIANN,7.0,15.973076
2021-12-11 23:00:00,o3,PIIANN,10.619999,17.717928
2021-09-04 07:00:00,o3,PIIANN,13.1,18.998947
2023-03-06 14:00:00,o3,PIIANN,14.0,17.317715
2021-10-05 16:00:00,o3,PIIANN,109.88,103.77091
2022-02-03 05:00:00,o3,PIIANN,10.799999,11.528755
2023-08-10 04:00:00,o3,PIIANN,9.225,14.042333
2022-11-09 22:00:00,o3,PIIANN,27.62,15.171273
2024-09-10 18:00:00,o3,PIIANN,40.72,43.96746
2021-07-09 04:00:00,o3,PIIANN,14.0,11.560553
2025-05-09 10:00:00,o3,PIIANN,18.6,19.912823
2025-10-09 03:00:00,o3,PIIANN,18.62,14.882517
2021-01-03 07:00:00,o3,PIIANN,11.5,10.588415
2025-02-11 16:00:00,o3,PIIANN,101.55,95.15657
2021-12-10 06:00:00,o3,PIIANN,12.95,9.2865925
2023-08-08 10:00:00,o3,PIIANN,5.866667,13.384866
2022-12-12 05:00:00,o3,PIIANN,3.619999,7.4994736
2023-06-01 22:00:00,o3,PIIANN,3.125,7.1596565
2025-07-11 11:00:00,o3,PIIANN,139.25,101.08561
2025-10-06 10:00:00,o3,PIIANN,7.549999,21.339308
2024-11-04 20:00:00,o3,PIIANN,9.1,11.228916
2021-08-01 22:00:00,o3,PIIANN,7.1000004,12.504492
2022-06-06 10:00:00,o3,PIIANN,107.57,84.73096
2024-11-12 05:00:00,o3,PIIANN,12.08,14.000713
2021-11-01 15:00:00,o3,PIIANN,33.67,29.378754
2021-11-09 02:00:00,o3,PIIANN,13.48,20.842747
2024-06-10 03:00:00,o3,PIIANN,3.619999,9.145807
2023-02-10 19:00:00,o3,PIIANN,12.275,9.954596
2024-09-11 23:00:00,o3,PIIANN,59.5,33.50117
2023-05-02 16:00:00,o3,PIIANN,48.475,45.931564
2024-08-11 19:00:00,o3,PIIANN,3.8500004,3.3635979
2024-01-04 15:00:00,o3,PIIANN,52.05,43.48368
2021-05-12 03:00:00,o3,PIIANN,8.18,6.7378216
2024-02-03 14:00:00,o3,PIIANN,5.25,13.730193
2022-02-11 08:00:00,o3,PIIANN,3.1499996,8.611929
2025-11-12 03:00:00,o3,PIIANN,6.449999,9.686312
2023-05-01 20:00:00,o3,PIIANN,3.25,5.3119984
2025-04-06 02:00:00,o3,PIIANN,13.67,16.055258
2023-10-03 18:00:00,o3,PIIANN,42.625,41.34215
2022-05-11 18:00:00,o3,PIIANN,2.3999996,7.477106
2021-02-03 03:00:00,o3,PIIANN,6.299999,5.4698925
2022-04-02 15:00:00,o3,PIIANN,45.38,45.59231
2024-04-01 19:00:00,o3,PIIANN,5.8500004,11.266724
2024-11-02 10:00:00,o3,PIIANN,48.42,27.653429
2022-08-06 11:00:00,o3,PIIANN,65.38,63.429344
2023-01-05 23:00:00,o3,PIIANN,2.7999992,10.5625515
2021-01-09 01:00:00,o3,PIIANN,19.3,10.002966
2025-09-05 14:00:00,o3,PIIANN,98.05,95.6393
2023-12-10 19:00:00,o3,PIIANN,14.0,10.256622
2021-05-06 02:00:00,o3,PIIANN,18.33,11.319475
2022-09-10 09:00:00,o3,PIIANN,8.48,14.342019
2021-05-08 16:00:00,o3,PIIANN,22.32,10.63986
2021-01-07 01:00:00,o3,PIIANN,21.9,12.5354185
2025-09-12 08:00:00,o3,PIIANN,30.92,35.76279
2021-07-12 02:00:00,o3,PIIANN,6.8500004,4.1551113
2023-03-06 17:00:00,o3,PIIANN,6.0,9.562473
2024-11-03 01:00:00,o3,PIIANN,1.5100002,7.191946
2021-10-02 06:00:00,o3,PIIANN,6.3199997,6.5749035
2023-07-01 14:00:00,o3,PIIANN,20.325,24.94079
2022-06-06 21:00:00,o3,PIIANN,13.4,13.073721
2021-03-03 20:00:00,o3,PIIANN,6.949999,-0.009263959
2021-06-09 01:00:00,o3,PIIANN,30.473333,13.988062
2022-07-11 02:00:00,o3,PIIANN,2.3999996,12.19528
2024-06-09 20:00:00,o3,PIIANN,27.8,11.360855
2021-08-09 16:00:00,o3,PIIANN,20.02,21.320946
2021-02-05 19:00:00,o3,PIIANN,18.0,32.52643
2025-01-08 14:00:00,o3,PIIANN,15.1,16.94828
2021-05-05 17:00:00,o3,PIIANN,121.28,94.52306
2023-08-03 23:00:00,o3,PIIANN,17.3,16.249073
2024-02-03 23:00:00,o3,PIIANN,5.619999,11.337452
2024-10-10 06:00:00,o3,PIIANN,9.75,16.58232
2024-11-02 04:00:00,o3,PIIANN,6.2199993,11.409319
2024-01-01 09:00:00,o3,PIIANN,13.8,19.292685
2022-03-03 16:00:00,o3,PIIANN,131.75,124.18701
2025-12-06 14:00:00,o3,PIIANN,71.68,70.041916
2023-09-10 04:00:00,o3,PIIANN,76.2,17.640614
2024-03-02 21:00:00,o3,PIIANN,6.9799995,8.813623
2024-01-03 13:00:00,o3,PIIANN,5.619999,23.843298
2022-01-03 07:00:00,o3,PIIANN,9.549999,19.940613
2024-11-05 10:00:00,o3,PIIANN,84.43,79.88989
2022-02-01 23:00:00,o3,PIIANN,7.8999996,17.177052
2023-06-11 19:00:00,o3,PIIANN,47.425,21.209055
2021-10-04 11:00:00,o3,PIIANN,140.07,122.28411
2021-09-04 10:00:00,o3,PIIANN,85.2,77.857605
2021-01-08 13:00:00,o3,PIIANN,12.27,12.676627
2024-10-03 01:00:00,o3,PIIANN,1.2999992,9.816704
2023-05-05 12:00:00,o3,PIIANN,51.4,45.91194
2021-11-04 06:00:00,o3,PIIANN,14.0,22.638739
2023-05-09 01:00:00,o3,PIIANN,20.333334,12.602997
2024-03-07 03:00:00,o3,PIIANN,6.119999,4.8007336
2025-08-07 10:00:00,o3,PIIANN,29.83,25.149483
2024-01-12 20:00:00,o3,PIIANN,8.43,2.4188194
2024-08-07 00:00:00,o3,PIIANN,9.85,17.506323
2024-02-03 20:00:00,o3,PIIANN,5.379999,5.624584
2022-06-10 01:00:00,o3,PIIANN,9.5,11.951821
2023-11-03 01:00:00,o3,PIIANN,4.799999,4.4418335
2022-08-09 06:00:00,o3,PIIANN,18.1,16.479258
2025-02-06 05:00:00,o3,PIIANN,32.72,22.289015
2021-02-05 12:00:00,o3,PIIANN,113.7,164.316
2021-07-02 02:00:00,o3,PIIANN,6.0200005,7.2548256
2024-02-04 08:00:00,o3,PIIANN,32.0,32.464584
2024-11-11 14:00:00,o3,PIIANN,76.05,68.04187
2025-06-05 11:00:00,o3,PIIANN,92.22,81.967255
2022-12-10 12:00:00,o3,PIIANN,52.85,45.34415
2024-07-09 03:00:00,o3,PIIANN,8.279999,23.401264
2021-02-06 07:00:00,o3,PIIANN,21.0,17.563513
2022-11-12 01:00:00,o3,PIIANN,35.8,8.489573
2023-08-09 04:00:00,o3,PIIANN,11.375,11.795639
2023-08-04 09:00:00,o3,PIIANN,66.95,47.3013
2024-06-07 20:00:00,o3,PIIANN,14.18,16.793066
2022-09-11 08:00:00,o3,PIIANN,3.7999992,7.8624573
2022-01-10 07:00:00,o3,PIIANN,5.6000004,11.57309
2024-08-03 09:00:00,o3,PIIANN,6.08,14.751899
2024-01-07 07:00:00,o3,PIIANN,17.27,14.569838
2025-04-07 13:00:00,o3,PIIANN,32.88,38.141346
2025-05-10 21:00:00,o3,PIIANN,15.38,20.362383
2023-05-02 14:00:00,o3,PIIANN,60.5,65.946365
2021-05-06 01:00:00,o3,PIIANN,10.5,19.690306
2022-04-09 12:00:00,o3,PIIANN,38.15,36.828087
2023-10-04 06:00:00,o3,PIIANN,4.9750004,7.7137184
2022-01-08 17:00:00,o3,PIIANN,3.7199993,3.608242
2021-01-06 17:00:00,o3,PIIANN,70.3,51.723816
2022-09-02 23:00:00,o3,PIIANN,31.42,27.485886
2025-09-11 04:00:00,o3,PIIANN,1.4799995,1.7015133
2021-02-04 21:00:00,o3,PIIANN,7.25,9.689234
2021-11-07 23:00:00,o3,PIIANN,10.15,18.667847
2022-12-01 20:00:00,o3,PIIANN,8.93,1.489708
2023-07-10 19:00:00,o3,PIIANN,8.324999,4.9509144
2023-08-02 07:00:00,o3,PIIANN,5.1499996,16.897043
2023-09-10 13:00:00,o3,PIIANN,30.15,28.761581
2023-05-08 23:00:00,o3,PIIANN,6.8999996,12.882741
2022-12-10 14:00:00,o3,PIIANN,76.35,60.119213
2025-02-13 02:00:00,o3,PIIANN,6.5993767,9.924925
2023-09-05 02:00:00,o3,PIIANN,31.55,8.50495
2023-08-05 17:00:00,o3,PIIANN,20.925,19.586584
2025-06-04 11:00:00,o3,PIIANN,184.3,167.7594
2021-09-09 09:00:00,o3,PIIANN,11.35,15.704701
2023-05-04 20:00:00,o3,PIIANN,6.549999,4.6536465
2023-09-05 13:00:00,o3,PIIANN,37.0,50.63343
2022-09-07 02:00:00,o3,PIIANN,14.428,13.936247
2025-07-09 15:00:00,o3,PIIANN,17.92,17.209143
2021-09-11 14:00:00,o3,PIIANN,97.485,92.850204
2025-06-09 02:00:00,o3,PIIANN,21.5,15.824567
2024-09-05 01:00:00,o3,PIIANN,55.1,44.70847
2025-01-03 01:00:00,o3,PIIANN,3.3999996,9.391766
2021-10-11 19:00:00,o3,PIIANN,8.57,-0.727148
2023-04-03 05:00:00,o3,PIIANN,11.225,15.204596
2024-03-10 16:00:00,o3,PIIANN,73.85,73.19261
2024-06-09 21:00:00,o3,PIIANN,10.27,15.862
2025-11-08 12:00:00,o3,PIIANN,6.6000004,8.703745
2024-04-10 10:00:00,o3,PIIANN,18.4,19.016174
2022-03-06 16:00:00,o3,PIIANN,116.28,108.505066
2025-11-09 17:00:00,o3,PIIANN,23.05,21.41448
2025-08-01 21:00:00,o3,PIIANN,1.0,2.8321743
2025-12-06 16:00:00,o3,PIIANN,66.8,65.33623
2023-05-10 01:00:00,o3,PIIANN,12.7,11.768295
2021-03-13 00:00:00,o3,PIIANN,7.080744,9.904177
2021-11-10 22:00:00,o3,PIIANN,11.119999,12.890757
2024-07-12 08:00:00,o3,PIIANN,10.279999,15.037264
2024-10-08 11:00:00,o3,PIIANN,38.8,34.389484
2021-06-09 05:00:00,o3,PIIANN,12.55,27.26808
2025-01-06 03:00:00,o3,PIIANN,16.65,14.772799
2022-07-09 01:00:00,o3,PIIANN,19.2,25.797764
2023-01-08 05:00:00,o3,PIIANN,7.824999,8.664694
2025-10-09 18:00:00,o3,PIIANN,37.83,11.781837
2025-12-06 12:00:00,o3,PIIANN,63.1,61.554886
2021-02-01 15:00:00,o3,PIIANN,11.119999,37.018032
2025-11-10 19:00:00,o3,PIIANN,9.35,11.128695
2023-01-04 10:00:00,o3,PIIANN,78.95,39.295498
2023-07-07 06:00:00,o3,PIIANN,15.375,12.64099
2023-02-08 16:00:00,o3,PIIANN,7.0,8.142227
2024-05-11 00:00:00,o3,PIIANN,3.25,13.848763
2025-03-06 09:00:00,o3,PIIANN,73.65,70.901505
2021-07-05 18:00:00,o3,PIIANN,92.5,82.03973
2025-11-10 07:00:00,o3,PIIANN,14.0,21.773369
2024-05-09 23:00:00,o3,PIIANN,8.77,17.751497
2021-06-03 06:00:00,o3,PIIANN,5.0699997,8.65971
2023-07-08 23:00:00,o3,PIIANN,6.424999,6.6097355
2022-03-08 20:00:00,o3,PIIANN,25.38,10.943666
2021-11-07 10:00:00,o3,PIIANN,10.52,18.375187
2025-05-02 12:00:00,o3,PIIANN,40.28,34.71686
2023-03-12 12:00:00,o3,PIIANN,72.875,64.64088
2023-08-03 05:00:00,o3,PIIANN,5.625,5.461849
2024-06-07 18:00:00,o3,PIIANN,22.82,20.73157
2023-11-04 01:00:00,o3,PIIANN,1.3999996,5.3286495
2024-01-08 13:00:00,o3,PIIANN,48.38,33.97327
2023-03-10 22:00:00,o3,PIIANN,28.85,37.13333
2022-02-01 17:00:00,o3,PIIANN,28.35,76.77167
2024-04-09 20:00:00,o3,PIIANN,10.5,11.360861
2024-03-11 19:00:00,o3,PIIANN,3.1000004,2.3827782
2023-05-08 18:00:00,o3,PIIANN,6.5249996,7.3749485
2022-10-02 11:00:00,o3,PIIANN,52.72,41.739628
2023-08-09 12:00:00,o3,PIIANN,45.125,26.852741
2022-12-07 06:00:00,o3,PIIANN,7.1800003,9.303093
2021-04-09 10:00:00,o3,PIIANN,42.5,35.80592
2024-05-12 09:00:00,o3,PIIANN,15.1,17.626413
2021-06-04 11:00:00,o3,PIIANN,153.38,117.14932
2024-10-10 03:00:00,o3,PIIANN,23.05,23.63327
2021-01-05 13:00:00,o3,PIIANN,182.15,170.92899
2022-10-03 22:00:00,o3,PIIANN,16.42,17.483774
2021-09-01 13:00:00,o3,PIIANN,11.379999,25.23507
2024-02-09 23:00:00,o3,PIIANN,11.82,27.200354
2025-01-02 22:00:00,o3,PIIANN,3.7000008,10.131802
2024-12-01 14:00:00,o3,PIIANN,34.98,30.689718
2021-07-02 09:00:00,o3,PIIANN,6.619999,14.694962
2021-12-03 07:00:00,o3,PIIANN,5.75,1.6640415
2021-11-07 05:00:00,o3,PIIANN,8.52,10.120096
2025-07-02 05:00:00,o3,PIIANN,19.48,19.642359
2022-02-09 23:00:00,o3,PIIANN,15.45,16.608274
2022-01-11 14:00:00,o3,PIIANN,114.17,136.00797
2022-10-06 12:00:00,o3,PIIANN,39.1,40.050205
2022-02-12 01:00:00,o3,PIIANN,5.6000004,-0.22664449
2021-08-11 12:00:00,o3,PIIANN,137.78,119.772804
2022-06-10 07:00:00,o3,PIIANN,11.6,45.228542
2025-10-12 02:00:00,o3,PIIANN,13.5,11.30525
2022-01-03 01:00:00,o3,PIIANN,13.0,16.931524
2021-10-05 18:00:00,o3,PIIANN,79.5,78.771324
2022-12-06 15:00:00,o3,PIIANN,93.1,85.23936
2021-02-06 20:00:00,o3,PIIANN,23.98,21.96005
2021-01-06 05:00:00,o3,PIIANN,27.58,33.185474
2023-12-06 09:00:00,o3,PIIANN,12.225,17.291891
2024-09-06 21:00:00,o3,PIIANN,21.92,24.363554
2023-05-05 14:00:00,o3,PIIANN,64.15,41.339508
2024-03-08 07:00:00,o3,PIIANN,31.22,27.103342
2022-09-10 13:00:00,o3,PIIANN,13.65,17.391876
2023-06-09 03:00:00,o3,PIIANN,5.333334,8.1341305
2021-09-07 17:00:00,o3,PIIANN,8.15,7.7820816
2022-03-07 11:00:00,o3,PIIANN,16.27,23.376375
2022-09-05 04:00:00,o3,PIIANN,33.7,27.669815
2025-11-06 02:00:00,o3,PIIANN,2.9300003,8.138987
2021-02-12 20:00:00,o3,PIIANN,8.4,4.38006
2023-06-01 17:00:00,o3,PIIANN,5.25,10.923622
2021-11-02 13:00:00,o3,PIIANN,7.25,28.654924
2022-03-10 05:00:00,o3,PIIANN,6.9300003,8.7275715
2022-05-03 15:00:00,o3,PIIANN,80.65,69.21071
2022-12-06 18:00:00,o3,PIIANN,73.35,66.05586
2024-04-02 15:00:00,o3,PIIANN,29.3,25.963081
2022-08-10 23:00:00,o3,PIIANN,13.72,19.235468
2022-10-06 23:00:00,o3,PIIANN,45.9,19.303934
2025-02-02 20:00:00,o3,PIIANN,7.119999,2.670496
2023-02-12 21:00:00,o3,PIIANN,9.174999,1.8153858
2021-11-08 06:00:00,o3,PIIANN,1.7999992,5.4577293
2024-06-03 21:00:00,o3,PIIANN,5.949999,5.048439
2025-08-11 07:00:00,o3,PIIANN,6.699999,13.175711
2025-11-09 18:00:00,o3,PIIANN,17.0,16.820799
2021-02-04 09:00:00,o3,PIIANN,56.18,53.193436
2025-02-09 01:00:00,o3,PIIANN,17.9,13.956059
2021-12-06 22:00:00,o3,PIIANN,25.6,23.555107
2022-08-05 19:00:00,o3,PIIANN,124.95,122.69823
2023-06-06 03:00:00,o3,PIIANN,12.7,17.664724
2021-07-05 16:00:00,o3,PIIANN,129.12,100.311264
2021-01-09 13:00:00,o3,PIIANN,4.2199993,11.081442
2021-08-12 00:00:00,o3,PIIANN,6.3199997,13.73708
2021-04-06 20:00:00,o3,PIIANN,22.65,15.844715
2023-04-06 14:00:00,o3,PIIANN,41.125,22.033817
2024-12-09 19:00:00,o3,PIIANN,10.279999,9.608879
2021-11-04 03:00:00,o3,PIIANN,14.0,10.297928
2024-06-01 12:00:00,o3,PIIANN,9.15,17.821384
2023-07-12 08:00:00,o3,PIIANN,11.0,18.544561
2021-10-02 20:00:00,o3,PIIANN,6.3500004,-0.03454968
2021-02-11 13:00:00,o3,PIIANN,134.38,122.53424
2023-03-09 00:00:00,o3,PIIANN,9.625,13.62621
2021-04-05 19:00:00,o3,PIIANN,10.02,27.47438
2021-11-04 01:00:00,o3,PIIANN,9.952499,6.972803
2024-08-03 11:00:00,o3,PIIANN,5.4799995,19.904154
2022-12-07 23:00:00,o3,PIIANN,7.199999,11.776754
2024-04-06 12:00:00,o3,PIIANN,177.0,129.59837
2024-03-10 15:00:00,o3,PIIANN,79.5,82.59817
2023-08-10 09:00:00,o3,PIIANN,13.15,18.242157
2024-05-02 15:00:00,o3,PIIANN,62.4,54.69652
2022-11-03 23:00:00,o3,PIIANN,11.199999,19.039059
2023-08-08 16:00:00,o3,PIIANN,6.799999,12.936485
2025-11-08 05:00:00,o3,PIIANN,5.619999,5.0896893
2021-01-11 01:00:00,o3,PIIANN,12.9,5.1088753
2023-03-11 14:00:00,o3,PIIANN,84.6,82.503334
2023-01-08 12:00:00,o3,PIIANN,8.0,12.120907
2021-08-07 07:00:00,o3,PIIANN,6.4799995,7.4700775
2022-04-10 06:00:00,o3,PIIANN,5.1800003,8.6935005
2024-08-01 23:00:00,o3,PIIANN,8.1,12.710753
2024-03-11 07:00:00,o3,PIIANN,4.1800003,8.526024
2024-01-09 09:00:00,o3,PIIANN,22.48,20.008888
2022-03-11 19:00:00,o3,PIIANN,5.0,8.550762
2023-10-10 11:00:00,o3,PIIANN,28.075,25.913929
2022-03-10 02:00:00,o3,PIIANN,6.25,8.50861
2023-08-05 07:00:00,o3,PIIANN,39.25,42.025127
2025-10-08 17:00:00,o3,PIIANN,9.049999,8.005789
2023-03-10 14:00:00,o3,PIIANN,63.675,64.30006
2025-04-02 00:00:00,o3,PIIANN,1.75,11.205364
2022-11-07 19:00:00,o3,PIIANN,10.449999,7.681263
2022-03-10 15:00:00,o3,PIIANN,56.02,42.51097
2025-03-13 02:00:00,o3,PIIANN,4.983654,7.2841244
2021-11-07 08:00:00,o3,PIIANN,14.15,13.009058
2023-04-11 14:00:00,o3,PIIANN,84.625,79.97743
2022-01-13 00:00:00,o3,PIIANN,4.482645,13.558783
2023-06-01 15:00:00,o3,PIIANN,24.35,23.410881
2025-02-12 06:00:00,o3,PIIANN,3.0200005,9.542391
2021-11-02 00:00:00,o3,PIIANN,7.2199993,9.610643
2023-09-08 20:00:00,o3,PIIANN,5.799999,4.482691
2025-04-11 18:00:00,o3,PIIANN,12.0,24.788254
2025-01-11 20:00:00,o3,PIIANN,10.199999,6.492258
2024-09-09 13:00:00,o3,PIIANN,35.48,30.420668
2023-06-04 18:00:00,o3,PIIANN,26.575,41.101025
2021-06-10 06:00:00,o3,PIIANN,20.02,19.062042
2023-03-11 15:00:00,o3,PIIANN,74.525,74.93191
2024-01-11 08:00:00,o3,PIIANN,9.43,21.801384
2022-09-08 07:00:00,o3,PIIANN,12.4,11.076391
2022-04-06 02:00:00,o3,PIIANN,3.8199997,12.385801
2022-11-08 09:00:00,o3,PIIANN,22.0,22.180256
2021-04-04 20:00:00,o3,PIIANN,8.449999,5.5241776
2023-11-12 02:00:00,o3,PIIANN,8.725,6.934313
2024-11-09 02:00:00,o3,PIIANN,10.799999,10.893023
2022-05-08 12:00:00,o3,PIIANN,22.48,19.616022
2024-03-04 04:00:00,o3,PIIANN,10.42,16.678238
2022-02-09 06:00:00,o3,PIIANN,17.55,17.863474
2021-10-11 01:00:00,o3,PIIANN,8.5,8.936125
2021-05-12 00:00:00,o3,PIIANN,8.279999,18.845102
2021-08-10 21:00:00,o3,PIIANN,9.549999,9.985012
2022-08-03 17:00:00,o3,PIIANN,53.68,49.57726
2022-09-12 07:00:00,o3,PIIANN,4.5,11.02157
2025-11-02 07:00:00,o3,PIIANN,5.7199993,12.229763
2021-08-07 06:00:00,o3,PIIANN,7.0200005,6.1301956
2023-12-01 12:00:00,o3,PIIANN,3.8500004,18.809383
2025-10-07 11:00:00,o3,PIIANN,7.299999,6.595501
2022-10-12 11:00:00,o3,PIIANN,25.32,31.231848
2024-03-08 15:00:00,o3,PIIANN,40.4,31.286682
2021-04-06 18:00:00,o3,PIIANN,41.72,59.781895
2025-09-05 17:00:00,o3,PIIANN,75.53,57.387875
2021-03-08 00:00:00,o3,PIIANN,11.719999,15.32034
2024-01-10 07:00:00,o3,PIIANN,14.82,17.893314
2024-09-12 00:00:00,o3,PIIANN,13.62,39.234562
2025-05-12 16:00:00,o3,PIIANN,120.78,115.680595
2022-11-10 05:00:00,o3,PIIANN,4.2800007,2.3024845
2024-05-04 13:00:00,o3,PIIANN,42.88,48.69546
2023-05-04 09:00:00,o3,PIIANN,13.925,21.26638
2025-07-05 01:00:00,o3,PIIANN,31.9,30.622019
2022-04-02 11:00:00,o3,PIIANN,35.4,27.076788
2023-12-06 04:00:00,o3,PIIANN,4.25,4.5789013
2023-08-03 20:00:00,o3,PIIANN,15.05,14.357637
2025-12-08 19:00:00,o3,PIIANN,9.1,6.3333836
2024-01-07 04:00:00,o3,PIIANN,17.85,12.40011
2021-02-03 10:00:00,o3,PIIANN,9.6,21.815994
2021-05-10 00:00:00,o3,PIIANN,15.523529,16.07682
2023-11-05 01:00:00,o3,PIIANN,2.0,21.250233
2023-02-09 17:00:00,o3,PIIANN,21.375,13.788607
2025-05-10 04:00:00,o3,PIIANN,12.0,21.017345
2024-02-01 20:00:00,o3,PIIANN,9.77,7.96451
2021-07-03 10:00:00,o3,PIIANN,7.7800007,26.293135
2025-11-12 05:00:00,o3,PIIANN,6.2700005,8.904282
2024-04-07 14:00:00,o3,PIIANN,16.02,18.093054
2024-04-10 19:00:00,o3,PIIANN,11.95,19.443882
2022-07-09 03:00:00,o3,PIIANN,16.88,16.5025
2025-08-11 15:00:00,o3,PIIANN,152.15,137.23201
2021-07-02 19:00:00,o3,PIIANN,6.8500004,-0.025720563
2023-04-12 00:00:00,o3,PIIANN,12.1,24.024998
2022-04-11 10:00:00,o3,PIIANN,14.3,42.604923
2025-12-03 10:00:00,o3,PIIANN,43.92,38.07345
2021-02-02 08:00:00,o3,PIIANN,9.85,14.748957
2021-01-03 11:00:00,o3,PIIANN,9.949999,18.901403
2025-11-05 08:00:00,o3,PIIANN,37.05,29.795078
2021-05-05 10:00:00,o3,PIIANN,80.08,73.534515
2025-08-05 21:00:00,o3,PIIANN,19.25,15.397767
2025-06-09 17:00:00,o3,PIIANN,21.83,17.867659
2023-07-07 12:00:00,o3,PIIANN,1.2999992,8.93479
2025-07-05 08:00:00,o3,PIIANN,25.48,25.685427
2024-06-05 19:00:00,o3,PIIANN,17.32,35.6212
2025-01-05 22:00:00,o3,PIIANN,31.35,33.94429
2023-12-05 21:00:00,o3,PIIANN,4.875,16.570086
2023-07-10 14:00:00,o3,PIIANN,38.65,37.967415
2023-11-09 01:00:00,o3,PIIANN,16.4,13.074654
2023-07-02 20:00:00,o3,PIIANN,4.6000004,-2.645256
2025-01-11 21:00:00,o3,PIIANN,10.58,10.418245
2021-06-12 06:00:00,o3,PIIANN,6.7199993,7.4297237
2021-01-10 22:00:00,o3,PIIANN,14.62,15.036842
2022-04-11 05:00:00,o3,PIIANN,12.88,19.126165
2025-07-10 17:00:00,o3,PIIANN,36.0,57.981308
2022-07-05 04:00:00,o3,PIIANN,6.9799995,7.7282963
2021-12-10 09:00:00,o3,PIIANN,7.8999996,12.5034485
2025-02-09 08:00:00,o3,PIIANN,17.12,18.94031
2021-08-08 21:00:00,o3,PIIANN,2.92,9.724556
2023-12-03 17:00:00,o3,PIIANN,76.15,68.271194
2024-04-08 06:00:00,o3,PIIANN,34.45,30.34348
2022-05-07 13:00:00,o3,PIIANN,14.65,29.795315
2021-06-10 09:00:00,o3,PIIANN,20.82,24.596287
2021-12-11 09:00:00,o3,PIIANN,9.049999,18.817442
2025-04-09 03:00:00,o3,PIIANN,18.53,14.263182
2025-05-10 12:00:00,o3,PIIANN,100.65,68.762886
2021-01-05 12:00:00,o3,PIIANN,174.75,156.6606
2021-08-04 03:00:00,o3,PIIANN,24.22,26.133827
2025-08-08 22:00:00,o3,PIIANN,8.82,5.521818
2025-01-10 02:00:00,o3,PIIANN,10.619999,15.057944
2022-03-05 06:00:00,o3,PIIANN,14.65,17.732939
2025-04-08 13:00:00,o3,PIIANN,19.3,24.107506
2023-10-02 13:00:00,o3,PIIANN,55.8,45.56549
2023-12-05 08:00:00,o3,PIIANN,12.7,16.355206
2023-10-01 16:00:00,o3,PIIANN,3.5,9.619694
2021-06-12 22:00:00,o3,PIIANN,6.5,9.551025
2024-12-08 10:00:00,o3,PIIANN,36.67,32.128666
2025-09-03 15:00:00,o3,PIIANN,142.68,134.87216
2024-11-05 20:00:00,o3,PIIANN,56.7,44.296085
2021-04-09 14:00:00,o3,PIIANN,26.08,48.22046
2023-03-01 23:00:00,o3,PIIANN,2.9500008,6.431572
2023-11-01 14:00:00,o3,PIIANN,3.3999996,15.877455
2024-06-06 22:00:00,o3,PIIANN,25.15,7.743677
2022-01-06 17:00:00,o3,PIIANN,71.28,77.78739
2022-09-11 21:00:00,o3,PIIANN,3.2199993,4.008442
2023-10-10 05:00:00,o3,PIIANN,24.675,73.35478
2025-10-06 08:00:00,o3,PIIANN,2.5699997,13.164802
2021-11-07 00:00:00,o3,PIIANN,13.28,26.777283
2021-06-01 12:00:00,o3,PIIANN,11.049999,15.807979
2023-04-06 07:00:00,o3,PIIANN,14.0,18.92477
2022-08-03 10:00:00,o3,PIIANN,68.43,54.063923
2025-10-04 11:00:00,o3,PIIANN,192.12,142.37035
2023-02-03 07:00:00,o3,PIIANN,4.324999,12.070397
2021-09-06 03:00:00,o3,PIIANN,20.7,12.997275
2025-02-03 12:00:00,o3,PIIANN,60.82,52.862465
2025-03-09 19:00:00,o3,PIIANN,15.98,16.125492
2025-03-07 09:00:00,o3,PIIANN,23.72,24.966002
2022-06-09 07:00:00,o3,PIIANN,16.83,16.434978
2021-06-01 20:00:00,o3,PIIANN,12.0,9.889587
2022-07-04 12:00:00,o3,PIIANN,142.17,163.49275
2021-06-11 19:00:00,o3,PIIANN,8.75,2.8351994
2022-04-07 12:00:00,o3,PIIANN,31.05,31.487913
2022-10-02 16:00:00,o3,PIIANN,74.5,65.17663
2023-09-12 13:00:00,o3,PIIANN,65.525,59.747223
2023-07-11 05:00:00,o3,PIIANN,6.6499996,9.068787
2022-08-02 02:00:00,o3,PIIANN,17.6,23.020077
2025-07-03 23:00:00,o3,PIIANN,5.5,12.018159
2023-04-08 01:00:00,o3,PIIANN,2.0305557,8.013569
2024-06-11 15:00:00,o3,PIIANN,82.3,71.45644
2025-07-03 08:00:00,o3,PIIANN,7.25,16.527308
2024-07-08 16:00:00,o3,PIIANN,14.0,17.633043
2021-02-09 07:00:00,o3,PIIANN,7.949999,10.5093
2023-02-12 10:00:00,o3,PIIANN,33.325,25.128418
2024-08-08 06:00:00,o3,PIIANN,28.9,24.44231
2021-06-07 05:00:00,o3,PIIANN,8.25,6.345833
2022-02-04 06:00:00,o3,PIIANN,9.1,21.916925
2023-12-02 04:00:00,o3,PIIANN,5.424999,7.522604
2024-03-06 20:00:00,o3,PIIANN,4.5,33.29053
2021-02-02 04:00:00,o3,PIIANN,15.48,8.096266
2024-12-06 17:00:00,o3,PIIANN,92.18,82.14492
2021-01-06 03:00:00,o3,PIIANN,42.42,31.198948
2021-02-04 05:00:00,o3,PIIANN,14.0,23.547028
2023-10-12 08:00:00,o3,PIIANN,14.475,15.033278
2022-07-09 21:00:00,o3,PIIANN,17.52,15.646253
2023-11-08 12:00:00,o3,PIIANN,4.8500004,10.926764
2023-07-09 22:00:00,o3,PIIANN,9.549999,13.2975
2024-07-06 06:00:00,o3,PIIANN,17.02,16.493404
2021-07-03 07:00:00,o3,PIIANN,6.25,8.476692
2021-09-02 23:00:00,o3,PIIANN,6.5,4.816559
2024-07-04 00:00:00,o3,PIIANN,5.6800003,7.5337296
2025-08-09 19:00:00,o3,PIIANN,24.32,16.655033
2023-08-06 20:00:00,o3,PIIANN,8.824999,17.89269
2023-08-08 08:00:00,o3,PIIANN,6.3500004,9.959152
2021-12-10 18:00:00,o3,PIIANN,12.4,6.4572678
2021-09-12 02:00:00,o3,PIIANN,7.299999,5.284973
2023-04-03 15:00:00,o3,PIIANN,55.0,56.95149
2023-02-02 20:00:00,o3,PIIANN,5.75,5.30674
2023-10-11 23:00:00,o3,PIIANN,11.525,11.03602
2025-01-05 11:00:00,o3,PIIANN,68.37,68.113205
2022-06-02 06:00:00,o3,PIIANN,18.88,18.617958
2022-01-09 23:00:00,o3,PIIANN,17.9,21.283195
2021-02-06 03:00:00,o3,PIIANN,16.0,4.866087
2022-01-05 12:00:00,o3,PIIANN,45.53,49.04734
2021-03-05 04:00:00,o3,PIIANN,15.05,11.656237
2023-03-11 08:00:00,o3,PIIANN,11.324999,18.869596
2022-03-03 05:00:00,o3,PIIANN,13.68,12.086405
2023-08-03 17:00:00,o3,PIIANN,75.925,54.8171
2024-02-08 08:00:00,o3,PIIANN,36.12,34.2537
2024-12-13 01:00:00,o3,PIIANN,6.817299,9.478876
2025-07-11 01:00:00,o3,PIIANN,8.75,20.404179
2024-08-09 06:00:00,o3,PIIANN,7.5,11.105392
2021-09-02 09:00:00,o3,PIIANN,7.1800003,17.13773
2023-07-07 05:00:00,o3,PIIANN,16.225,6.272238
2022-09-10 10:00:00,o3,PIIANN,8.879999,14.47482
2023-09-02 06:00:00,o3,PIIANN,3.875,11.268131
2025-06-05 12:00:00,o3,PIIANN,109.45,99.26209
2025-12-05 09:00:00,o3,PIIANN,94.2,57.065582
2021-09-05 10:00:00,o3,PIIANN,107.35,86.94665
2022-10-12 07:00:00,o3,PIIANN,4.8999996,13.535683
2021-02-07 09:00:00,o3,PIIANN,14.62,20.845999
2021-12-10 01:00:00,o3,PIIANN,19.3,17.598917
2022-05-09 16:00:00,o3,PIIANN,54.02,38.875824
2024-09-07 02:00:00,o3,PIIANN,15.468,20.28267
2023-04-07 10:00:00,o3,PIIANN,0.63333327,9.95751
2025-12-01 18:00:00,o3,PIIANN,38.75,17.243565
2021-05-05 13:00:00,o3,PIIANN,151.12,119.40522
2023-03-06 01:00:00,o3,PIIANN,11.508333,16.252182
2022-06-10 20:00:00,o3,PIIANN,28.6,15.349392
2022-09-12 13:00:00,o3,PIIANN,45.22,41.94423
2022-06-01 16:00:00,o3,PIIANN,34.05,38.00069
2025-05-12 02:00:00,o3,PIIANN,2.7800007,3.682829
2021-04-11 21:00:00,o3,PIIANN,8.65,14.813536
2021-04-04 13:00:00,o3,PIIANN,92.0,95.198204
2025-03-02 06:00:00,o3,PIIANN,4.699999,8.039387
2021-12-01 12:00:00,o3,PIIANN,17.9,23.018753
2023-12-07 15:00:00,o3,PIIANN,1.7285709,5.7168903
2023-12-13 01:00:00,o3,PIIANN,34.061028,26.254478
2023-10-03 11:00:00,o3,PIIANN,71.925,66.01962
2022-10-09 00:00:00,o3,PIIANN,20.3,21.342009
2021-04-04 01:00:00,o3,PIIANN,9.199999,5.342251
2025-07-04 06:00:00,o3,PIIANN,9.379999,12.054824
2022-08-03 21:00:00,o3,PIIANN,10.07,5.4038563
2023-12-06 05:00:00,o3,PIIANN,3.3250008,5.6169987
2023-02-11 10:00:00,o3,PIIANN,35.775,31.14048
2022-04-05 14:00:00,o3,PIIANN,77.1875,95.314095
2021-12-06 02:00:00,o3,PIIANN,29.02,23.242212
2023-06-02 02:00:00,o3,PIIANN,7.2749977,1.6651878
2023-03-04 07:00:00,o3,PIIANN,5.924999,12.748672
2023-10-02 04:00:00,o3,PIIANN,8.525,8.25157
2022-08-08 00:00:00,o3,PIIANN,13.22,19.284449
2022-05-02 21:00:00,o3,PIIANN,11.98,10.6242695
2025-03-09 15:00:00,o3,PIIANN,9.17,23.206837
2023-12-02 11:00:00,o3,PIIANN,45.95,39.91655
2023-01-09 13:00:00,o3,PIIANN,15.8,23.513933
2025-12-01 13:00:00,o3,PIIANN,10.448,23.765083
2025-03-09 18:00:00,o3,PIIANN,16.55,17.427563
2024-09-11 06:00:00,o3,PIIANN,2.58,5.95405
2022-11-02 02:00:00,o3,PIIANN,26.22,18.159231
2023-08-09 19:00:00,o3,PIIANN,13.175,14.550406
2023-01-11 21:00:00,o3,PIIANN,5.583334,3.7958317
2024-12-04 14:00:00,o3,PIIANN,99.02,101.38663
2022-06-02 07:00:00,o3,PIIANN,16.98,24.254417
2021-06-10 04:00:00,o3,PIIANN,19.83,15.675724
2023-04-10 18:00:00,o3,PIIANN,32.025,28.8095
2023-07-11 13:00:00,o3,PIIANN,160.95,134.39848
2021-07-13 02:00:00,o3,PIIANN,6.6871777,9.409929
2021-04-10 04:00:00,o3,PIIANN,24.58,23.535397
2025-01-09 20:00:00,o3,PIIANN,16.33,11.550587
2023-06-11 10:00:00,o3,PIIANN,35.4,25.933252
2023-06-06 16:00:00,o3,PIIANN,63.225,56.8947
2021-12-02 18:00:00,o3,PIIANN,6.5,5.548807
2022-01-04 10:00:00,o3,PIIANN,100.43,85.31241
2024-11-01 18:00:00,o3,PIIANN,9.199999,11.080463
2024-06-05 11:00:00,o3,PIIANN,87.4,115.25078
2025-01-05 20:00:00,o3,PIIANN,55.27,45.2915
2024-02-10 02:00:00,o3,PIIANN,4.5300007,12.581705
2022-04-07 08:00:00,o3,PIIANN,14.95,15.3517
2021-12-07 04:00:00,o3,PIIANN,8.879999,12.592141
2025-10-03 07:00:00,o3,PIIANN,17.55,26.8741
2022-02-07 07:00:00,o3,PIIANN,65.82,32.30911
2023-01-01 18:00:00,o3,PIIANN,4.299999,10.361631
2023-08-11 19:00:00,o3,PIIANN,10.299999,4.592821
2023-10-07 08:00:00,o3,PIIANN,1.9249992,4.3672504
2022-10-06 16:00:00,o3,PIIANN,66.65,61.318188
2024-05-09 21:00:00,o3,PIIANN,16.5,43.056274
2022-01-01 22:00:00,o3,PIIANN,9.549999,10.852945
2024-08-05 09:00:00,o3,PIIANN,35.25,39.429512
2025-05-04 02:00:00,o3,PIIANN,51.67,34.171772
2022-02-10 03:00:00,o3,PIIANN,5.7199993,4.3437195
2022-03-02 09:00:00,o3,PIIANN,28.72,36.038963
2024-01-08 03:00:00,o3,PIIANN,33.88,24.805347
2025-12-04 06:00:00,o3,PIIANN,9.93,25.227713
2021-04-10 09:00:00,o3,PIIANN,20.88,25.787642
2024-04-02 03:00:00,o3,PIIANN,14.08,30.956938
2023-07-07 01:00:00,o3,PIIANN,21.025,26.472448
2023-10-06 02:00:00,o3,PIIANN,3.375,4.2489166
2025-02-07 13:00:00,o3,PIIANN,27.05,30.154947
2024-10-10 02:00:00,o3,PIIANN,28.72,20.37032
2024-01-10 14:00:00,o3,PIIANN,73.55,73.999115
2024-12-12 09:00:00,o3,PIIANN,5.9300003,15.672314
2022-04-03 17:00:00,o3,PIIANN,54.98,50.16877
2022-01-05 02:00:00,o3,PIIANN,18.1,12.336151
2024-04-03 03:00:00,o3,PIIANN,5.42,5.113432
2021-05-01 17:00:00,o3,PIIANN,11.42,13.434325
2023-02-08 22:00:00,o3,PIIANN,6.375,11.763292
2021-03-02 22:00:00,o3,PIIANN,10.18,11.501583
2022-10-06 21:00:00,o3,PIIANN,9.879999,7.4583282
2022-07-02 13:00:00,o3,PIIANN,89.12,77.3897
2025-11-02 08:00:00,o3,PIIANN,4.049999,13.678095
2022-01-05 06:00:00,o3,PIIANN,18.77,22.73655
2023-04-10 12:00:00,o3,PIIANN,52.2,58.25223
2022-05-12 06:00:00,o3,PIIANN,4.4300003,6.492346
2022-07-09 00:00:00,o3,PIIANN,16.45,29.169107
2021-11-04 02:00:00,o3,PIIANN,11.268749,10.495363
2023-03-01 09:00:00,o3,PIIANN,9.866667,19.166111
2025-09-07 07:00:00,o3,PIIANN,20.65,17.056646
2023-09-07 09:00:00,o3,PIIANN,0.85000044,9.778135
2023-06-07 14:00:00,o3,PIIANN,2.0249996,5.566925
2025-07-02 19:00:00,o3,PIIANN,28.05,27.860933
2021-01-09 05:00:00,o3,PIIANN,7.799999,8.986103
2025-02-10 09:00:00,o3,PIIANN,17.72,16.811077
2022-03-10 04:00:00,o3,PIIANN,7.1800003,6.7100067
2025-03-08 06:00:00,o3,PIIANN,16.62,16.14043
2023-03-09 02:00:00,o3,PIIANN,5.1000004,8.4502125
2024-10-03 02:00:00,o3,PIIANN,1.7999992,2.285183
2023-08-02 20:00:00,o3,PIIANN,3.7000008,3.4003887
2025-07-02 17:00:00,o3,PIIANN,66.2,70.82843
2022-03-04 14:00:00,o3,PIIANN,144.05,151.62794
2023-08-01 14:00:00,o3,PIIANN,17.225,22.192305
2022-04-05 17:00:00,o3,PIIANN,13.1,33.54969
2021-11-09 23:00:00,o3,PIIANN,9.57,13.874973
2021-02-06 21:00:00,o3,PIIANN,22.82,19.517883
2025-07-06 18:00:00,o3,PIIANN,95.4,75.99765
2023-08-06 15:00:00,o3,PIIANN,51.775,58.256184
2023-08-11 18:00:00,o3,PIIANN,8.65,16.940546
2025-01-08 21:00:00,o3,PIIANN,14.6,8.855034
2023-07-05 03:00:00,o3,PIIANN,4.5,4.188633
2022-01-11 22:00:00,o3,PIIANN,0.53000075,1.9114037
2024-10-09 06:00:00,o3,PIIANN,11.4,10.758608
2025-07-03 11:00:00,o3,PIIANN,98.4,86.791245
2023-05-02 11:00:00,o3,PIIANN,44.425,43.505196
2021-03-09 04:00:00,o3,PIIANN,11.98,10.362469
2025-11-07 16:00:00,o3,PIIANN,21.15,14.64176
2025-10-07 07:00:00,o3,PIIANN,3.3999996,4.5696716
2025-10-09 13:00:00,o3,PIIANN,19.4,42.235783
2023-07-07 04:00:00,o3,PIIANN,1.7250004,7.060663
2025-08-02 05:00:00,o3,PIIANN,15.28,14.250656
2021-11-13 02:00:00,o3,PIIANN,6.546051,9.700033
2021-10-10 01:00:00,o3,PIIANN,12.7,16.445583
2025-06-12 17:00:00,o3,PIIANN,38.13,58.56754
2023-04-12 05:00:00,o3,PIIANN,10.0,7.5659733
2021-12-01 22:00:00,o3,PIIANN,8.0,14.102417
2025-08-02 13:00:00,o3,PIIANN,92.32,81.03697
2025-05-11 11:00:00,o3,PIIANN,49.75,33.335068
2022-09-06 06:00:00,o3,PIIANN,14.0,16.386454
2025-10-04 15:00:00,o3,PIIANN,170.05,167.50194
2023-11-10 02:00:00,o3,PIIANN,10.899998,10.274612
2025-02-07 04:00:00,o3,PIIANN,18.2,16.888134
2023-06-03 03:00:00,o3,PIIANN,13.55,8.238861
2022-11-12 06:00:00,o3,PIIANN,3.92,8.002495
2022-05-10 16:00:00,o3,PIIANN,57.12,56.978497
2022-02-10 07:00:00,o3,PIIANN,6.9300003,7.2860985
2022-08-10 06:00:00,o3,PIIANN,4.8799973,8.662233
2023-10-05 11:00:00,o3,PIIANN,122.525,122.97079
2022-09-06 04:00:00,o3,PIIANN,14.0,20.323235
2021-03-06 22:00:00,o3,PIIANN,25.5,27.660084
2024-08-04 20:00:00,o3,PIIANN,5.4799995,4.5243473
2022-03-09 04:00:00,o3,PIIANN,16.1,15.545242
2021-02-01 17:00:00,o3,PIIANN,8.52,18.337782
2025-09-02 09:00:00,o3,PIIANN,15.45,10.680838
2025-11-04 00:00:00,o3,PIIANN,46.42,3.86841
2024-02-03 09:00:00,o3,PIIANN,5.619999,13.50984
2021-09-04 21:00:00,o3,PIIANN,6.6000004,12.004685
2024-06-08 11:00:00,o3,PIIANN,41.3,37.7042
2025-12-07 07:00:00,o3,PIIANN,5.449999,5.179781
2021-06-05 22:00:00,o3,PIIANN,22.3,21.039068
2021-05-12 18:00:00,o3,PIIANN,6.8199997,6.0105667
2023-01-07 06:00:00,o3,PIIANN,1.8250008,4.43495
2025-02-02 01:00:00,o3,PIIANN,3.7999992,8.39806
2024-03-05 00:00:00,o3,PIIANN,6.6499996,15.005275
2022-04-11 17:00:00,o3,PIIANN,33.42,64.68846
2022-07-12 16:00:00,o3,PIIANN,23.2,38.567234
2023-10-08 15:00:00,o3,PIIANN,5.449999,8.040478
2023-11-10 18:00:00,o3,PIIANN,20.025,17.156769
2024-06-08 18:00:00,o3,PIIANN,45.28,24.378021
2021-09-03 04:00:00,o3,PIIANN,6.9799995,6.3000984
2024-11-11 04:00:00,o3,PIIANN,2.119999,1.3923321
2022-03-04 12:00:00,o3,PIIANN,160.05,168.74245
2022-10-04 00:00:00,o3,PIIANN,50.8,14.864754
2023-02-11 13:00:00,o3,PIIANN,65.675,63.40277
2023-12-12 13:00:00,o3,PIIANN,75.325,69.06683
2021-07-03 17:00:00,o3,PIIANN,8.43,7.654249
2023-12-12 08:00:00,o3,PIIANN,14.0,21.07026
2025-01-10 09:00:00,o3,PIIANN,18.73,13.833425
2022-01-08 07:00:00,o3,PIIANN,14.25,8.755018
2024-09-07 01:00:00,o3,PIIANN,14.672,24.789581
2025-02-10 20:00:00,o3,PIIANN,25.38,19.661558
2024-11-06 19:00:00,o3,PIIANN,47.2,46.528706
2024-09-05 13:00:00,o3,PIIANN,94.48,101.26619
2023-06-08 22:00:00,o3,PIIANN,6.8500004,7.854662
2023-02-07 04:00:00,o3,PIIANN,0.7999993,3.7447758
2022-07-09 04:00:00,o3,PIIANN,17.4,15.100277
2025-07-04 23:00:00,o3,PIIANN,10.379999,11.131783
2022-05-08 08:00:00,o3,PIIANN,12.82,14.763372
2024-05-07 23:00:00,o3,PIIANN,9.07,13.260291
2023-11-07 15:00:00,o3,PIIANN,0.7999993,7.275358
2025-12-11 16:00:00,o3,PIIANN,17.32,17.488615
2023-01-11 02:00:00,o3,PIIANN,4.3999996,7.6103306
2025-01-12 06:00:00,o3,PIIANN,3.8999996,10.528383
2025-09-09 00:00:00,o3,PIIANN,16.68,11.197489
2023-09-04 22:00:00,o3,PIIANN,5.949999,0.6140385
2024-05-07 00:00:00,o3,PIIANN,2.4699993,26.768112
2024-04-05 17:00:00,o3,PIIANN,83.75,85.56275
2022-08-09 05:00:00,o3,PIIANN,19.82,15.422594
2022-04-05 08:00:00,o3,PIIANN,15.15,17.628702
2023-02-02 06:00:00,o3,PIIANN,3.25,8.485411
2025-10-03 06:00:00,o3,PIIANN,28.05,9.549099
2021-07-12 04:00:00,o3,PIIANN,5.7800007,7.056978
2021-02-12 11:00:00,o3,PIIANN,7.949999,22.603867
2024-01-10 11:00:00,o3,PIIANN,64.38,59.11769
2024-01-12 17:00:00,o3,PIIANN,17.52,24.317066
2025-07-04 09:00:00,o3,PIIANN,86.22,30.426334
2024-02-02 05:00:00,o3,PIIANN,7.1000004,9.459843
2024-04-10 14:00:00,o3,PIIANN,54.48,47.093586
2024-03-09 18:00:00,o3,PIIANN,24.65,27.640284
2024-04-02 23:00:00,o3,PIIANN,5.6800003,11.738899
2022-08-07 17:00:00,o3,PIIANN,42.85,47.687294
2022-11-01 10:00:00,o3,PIIANN,22.65,21.99922
2023-02-01 17:00:00,o3,PIIANN,11.324999,18.182749
2024-11-06 06:00:00,o3,PIIANN,4.8799973,19.294342
2022-04-03 18:00:00,o3,PIIANN,40.25,32.526108
2022-04-11 19:00:00,o3,PIIANN,8.619999,27.984034
2023-01-05 19:00:00,o3,PIIANN,5.2749996,7.5980625
2025-01-12 00:00:00,o3,PIIANN,3.17,15.937856
2025-02-09 22:00:00,o3,PIIANN,16.706667,16.705564
2024-08-09 16:00:00,o3,PIIANN,22.9,17.077856
2022-09-11 06:00:00,o3,PIIANN,3.2199993,3.650034
2023-05-09 13:00:00,o3,PIIANN,30.95,28.278456
2022-08-06 08:00:00,o3,PIIANN,36.9,33.756527
2022-05-06 11:00:00,o3,PIIANN,73.85,86.34383
2022-06-10 19:00:00,o3,PIIANN,31.5,11.786037
2022-07-04 11:00:00,o3,PIIANN,159.73,145.6663
2022-01-06 18:00:00,o3,PIIANN,24.22,45.31585
2025-12-08 17:00:00,o3,PIIANN,10.23,8.14229
2024-11-08 21:00:00,o3,PIIANN,34.67,21.58543
2024-06-07 16:00:00,o3,PIIANN,25.62,23.964338
2025-02-03 03:00:00,o3,PIIANN,14.12,12.278101
2021-08-10 04:00:00,o3,PIIANN,9.9,8.231379
2023-07-02 00:00:00,o3,PIIANN,22.675,11.771257
2022-04-02 14:00:00,o3,PIIANN,46.72,48.020454
2024-04-11 16:00:00,o3,PIIANN,49.28,59.606625
2025-02-09 09:00:00,o3,PIIANN,16.4,19.998753
2024-04-10 02:00:00,o3,PIIANN,23.02,14.020267
2023-07-03 22:00:00,o3,PIIANN,9.699999,6.912447
2023-05-01 22:00:00,o3,PIIANN,3.0,10.684143
2021-04-03 08:00:00,o3,PIIANN,21.95,10.5133915
2023-03-08 16:00:00,o3,PIIANN,3.6000004,6.538019
2022-03-10 22:00:00,o3,PIIANN,39.53,14.090005
2023-12-06 08:00:00,o3,PIIANN,6.074999,13.674158
2024-12-08 22:00:00,o3,PIIANN,34.6,28.114126
2025-01-02 18:00:00,o3,PIIANN,7.6800003,19.278711
2023-02-09 08:00:00,o3,PIIANN,14.425,15.969864
2022-02-06 03:00:00,o3,PIIANN,9.98,9.4958935
2021-07-04 17:00:00,o3,PIIANN,76.15,65.2685
2023-09-10 12:00:00,o3,PIIANN,24.75,26.785807
2024-01-04 03:00:00,o3,PIIANN,6.119999,9.643578
2025-09-08 12:00:00,o3,PIIANN,8.779999,5.78211
2025-07-05 00:00:00,o3,PIIANN,29.5,21.299149
2025-09-07 00:00:00,o3,PIIANN,21.72,9.736067
2021-08-07 10:00:00,o3,PIIANN,6.449999,14.241505
2021-09-11 19:00:00,o3,PIIANN,5.299999,-0.96454424
2024-04-03 14:00:00,o3,PIIANN,5.1499996,20.948452
2022-08-12 17:00:00,o3,PIIANN,17.4,30.128258
2023-09-01 21:00:00,o3,PIIANN,3.1749992,9.793018
2023-01-10 02:00:00,o3,PIIANN,9.924999,12.912308
2025-05-11 09:00:00,o3,PIIANN,7.2700005,25.218641
2023-07-06 22:00:00,o3,PIIANN,3.6499977,9.591963
2024-01-10 00:00:00,o3,PIIANN,11.0,11.822166
2024-09-05 14:00:00,o3,PIIANN,107.38,100.86181
2021-09-04 19:00:00,o3,PIIANN,10.07,14.378943
2022-12-10 20:00:00,o3,PIIANN,9.18,3.2730026
2023-02-06 18:00:00,o3,PIIANN,23.275,22.855537
2023-05-06 01:00:00,o3,PIIANN,2.961111,7.0322857
2023-02-12 05:00:00,o3,PIIANN,9.799999,10.476641
2025-12-12 22:00:00,o3,PIIANN,6.299999,12.260188
2022-05-02 22:00:00,o3,PIIANN,12.98,9.98143
2021-02-07 08:00:00,o3,PIIANN,14.92,16.577818
2024-01-08 19:00:00,o3,PIIANN,35.72,27.88373
2021-10-09 08:00:00,o3,PIIANN,8.449999,12.345195
2021-12-07 01:00:00,o3,PIIANN,10.0,17.564909
2025-07-11 19:00:00,o3,PIIANN,5.2199993,-7.912943
2023-11-11 06:00:00,o3,PIIANN,11.775,11.412876
2023-11-05 02:00:00,o3,PIIANN,3.25,12.318664
2025-08-03 07:00:00,o3,PIIANN,23.02,29.145687
2024-08-11 11:00:00,o3,PIIANN,16.85,24.19293
2021-02-07 11:00:00,o3,PIIANN,16.25,22.76613
2025-03-09 21:00:00,o3,PIIANN,15.02,15.963314
2021-04-09 08:00:00,o3,PIIANN,11.1,18.374392
2021-02-03 09:00:00,o3,PIIANN,10.02,20.36347
2025-02-13 01:00:00,o3,PIIANN,6.5995846,11.413116
2022-09-10 20:00:00,o3,PIIANN,9.18,13.937133
2022-08-04 01:00:00,o3,PIIANN,9.5,2.7043114
2022-01-12 12:00:00,o3,PIIANN,32.08,45.226997
2022-10-09 14:00:00,o3,PIIANN,42.0,30.865522
2025-08-06 12:00:00,o3,PIIANN,90.8,99.83064
2022-05-05 11:00:00,o3,PIIANN,45.32,35.195175
2022-02-02 04:00:00,o3,PIIANN,34.2,30.5497
2023-06-12 01:00:00,o3,PIIANN,7.8999996,14.494167
2025-11-06 05:00:00,o3,PIIANN,2.2299995,3.487774
2024-08-11 21:00:00,o3,PIIANN,24.72,3.1167889
2023-02-01 09:00:00,o3,PIIANN,8.9,12.811282
2025-03-09 12:00:00,o3,PIIANN,37.35,28.12024
2022-06-10 14:00:00,o3,PIIANN,39.93,26.866425
2021-08-08 23:00:00,o3,PIIANN,4.1800003,11.946032
2021-07-08 13:00:00,o3,PIIANN,2.8199997,15.7069645
2025-04-06 06:00:00,o3,PIIANN,22.92,22.052422
2025-04-12 06:00:00,o3,PIIANN,6.7800007,13.954571
2022-03-02 15:00:00,o3,PIIANN,25.25,45.47177
2024-09-03 23:00:00,o3,PIIANN,1.0499992,6.859848
2022-10-10 18:00:00,o3,PIIANN,6.2199993,11.008156
2021-04-01 14:00:00,o3,PIIANN,24.25,37.063683
2024-04-04 17:00:00,o3,PIIANN,47.18,43.51283
2021-10-04 22:00:00,o3,PIIANN,14.0,28.778305
2021-10-06 05:00:00,o3,PIIANN,10.799999,14.332713
2025-11-12 23:00:00,o3,PIIANN,6.5699997,11.904958
2025-05-05 21:00:00,o3,PIIANN,29.42,33.934196
2023-10-06 18:00:00,o3,PIIANN,5.299999,5.9625645
2021-06-05 20:00:00,o3,PIIANN,30.92,17.10152
2021-11-12 22:00:00,o3,PIIANN,6.4799995,1.9473343
2023-10-05 19:00:00,o3,PIIANN,27.9,46.89585
2021-03-02 02:00:00,o3,PIIANN,8.07,9.217775
2024-10-07 01:00:00,o3,PIIANN,6.209999,18.842024
2024-01-04 06:00:00,o3,PIIANN,5.1000004,12.424077
2022-11-04 10:00:00,o3,PIIANN,123.68,97.25011
2022-03-11 04:00:00,o3,PIIANN,0.39999965,7.9897423
2024-04-07 07:00:00,o3,PIIANN,1.8500004,9.001034
2021-10-08 09:00:00,o3,PIIANN,8.949999,9.664316
2022-10-09 15:00:00,o3,PIIANN,30.12,34.62621
2025-03-04 14:00:00,o3,PIIANN,144.07,155.89862
2023-10-10 15:00:00,o3,PIIANN,50.925,39.381012
2024-12-08 02:00:00,o3,PIIANN,40.2,25.44287
2024-03-07 13:00:00,o3,PIIANN,18.32,32.530327
2023-01-05 12:00:00,o3,PIIANN,8.65,13.824527
2022-06-06 02:00:00,o3,PIIANN,15.6,14.818941
2022-04-07 02:00:00,o3,PIIANN,13.8,19.687159
2023-11-03 13:00:00,o3,PIIANN,105.125,108.16056
2025-08-10 16:00:00,o3,PIIANN,86.55,72.1347
2024-09-10 21:00:00,o3,PIIANN,35.42,28.189013
2025-02-06 18:00:00,o3,PIIANN,71.12,74.6063
2022-05-02 23:00:00,o3,PIIANN,13.92,15.245891
2023-09-06 16:00:00,o3,PIIANN,38.225,31.270477
2025-08-07 22:00:00,o3,PIIANN,18.45,12.78376
2024-10-09 22:00:00,o3,PIIANN,9.75,13.348627
2022-02-01 14:00:00,o3,PIIANN,141.12,116.475426
2024-07-09 23:00:00,o3,PIIANN,11.6,14.895441
2022-04-07 09:00:00,o3,PIIANN,14.8,18.774992
2021-04-08 15:00:00,o3,PIIANN,13.62,11.2452965
2021-04-08 16:00:00,o3,PIIANN,16.08,11.472382
2024-08-05 23:00:00,o3,PIIANN,51.32,40.104286
2022-01-10 14:00:00,o3,PIIANN,39.55,36.292835
2024-08-08 13:00:00,o3,PIIANN,32.1,24.83829
2025-11-12 16:00:00,o3,PIIANN,74.45,89.021385
2022-10-06 06:00:00,o3,PIIANN,15.65,25.66023
2024-06-11 07:00:00,o3,PIIANN,8.619999,7.282217
2022-06-03 16:00:00,o3,PIIANN,106.7,112.20479
2021-07-09 23:00:00,o3,PIIANN,8.48,13.275601
2024-07-03 13:00:00,o3,PIIANN,6.0,20.448309
2025-10-04 05:00:00,o3,PIIANN,27.15,37.943287
2025-05-07 06:00:00,o3,PIIANN,18.02,14.348954
2025-08-06 03:00:00,o3,PIIANN,16.48,11.883198
2021-10-11 23:00:00,o3,PIIANN,8.35,13.333571
2024-07-05 12:00:00,o3,PIIANN,175.88,187.698
2022-11-02 04:00:00,o3,PIIANN,36.15,29.740347
2025-11-12 15:00:00,o3,PIIANN,106.48,110.41738
2023-03-08 11:00:00,o3,PIIANN,6.074999,12.025869
