target_timestamp,target,model,observed,predicted
2024-02-05 14:00:00,pm25,PIIANN,38.0,82.17241
2023-01-01 12:00:00,pm25,PIIANN,89.75,97.50046
2023-09-05 02:00:00,pm25,PIIANN,17.5,38.255016
2024-07-04 22:00:00,pm25,PIIANN,99.75,96.03853
2023-06-06 19:00:00,pm25,PIIANN,42.75,66.95179
2025-02-12 04:00:00,pm25,PIIANN,40.0,46.010868
2023-11-12 05:00:00,pm25,PIIANN,51.75,77.21787
2025-03-02 04:00:00,pm25,PIIANN,68.75,83.298676
2025-10-10 03:00:00,pm25,PIIANN,12.666668,31.932085
2024-05-04 03:00:00,pm25,PIIANN,22.5,91.5828
2025-04-02 01:00:00,pm25,PIIANN,82.0,89.916336
2025-02-03 13:00:00,pm25,PIIANN,55.5,53.549213
2023-08-06 18:00:00,pm25,PIIANN,43.5,54.782295
2025-12-07 16:00:00,pm25,PIIANN,24.0,34.82727
2024-12-09 23:00:00,pm25,PIIANN,354.5,63.22916
2025-08-11 20:00:00,pm25,PIIANN,32.0,43.854767
2023-10-04 21:00:00,pm25,PIIANN,100.5,74.23443
2024-07-13 02:00:00,pm25,PIIANN,64.146065,63.868427
2023-06-03 20:00:00,pm25,PIIANN,77.25,85.43784
2023-04-11 20:00:00,pm25,PIIANN,92.75,70.89835
2025-11-09 00:00:00,pm25,PIIANN,38.06091,40.301083
2023-08-02 01:00:00,pm25,PIIANN,104.0,108.51283
2025-09-07 10:00:00,pm25,PIIANN,17.5,21.001251
2024-01-03 13:00:00,pm25,PIIANN,86.0,93.74279
2024-09-06 10:00:00,pm25,PIIANN,44.0,42.70688
2025-03-10 13:00:00,pm25,PIIANN,18.75,31.193247
2025-07-12 15:00:00,pm25,PIIANN,64.0,78.589745
2023-05-07 21:00:00,pm25,PIIANN,43.75,59.738625
2025-05-08 07:00:00,pm25,PIIANN,37.0,45.17013
2023-05-08 07:00:00,pm25,PIIANN,4.9999957,35.025257
2023-03-08 17:00:00,pm25,PIIANN,45.36614,33.452732
2025-05-11 17:00:00,pm25,PIIANN,46.0,45.154236
2023-07-11 11:00:00,pm25,PIIANN,83.5,65.26115
2025-09-11 09:00:00,pm25,PIIANN,38.75,38.093803
2023-08-10 04:00:00,pm25,PIIANN,34.333332,31.53234
2023-12-10 22:00:00,pm25,PIIANN,34.0,41.402428
2024-06-05 03:00:00,pm25,PIIANN,37.0,52.995808
2023-05-06 09:00:00,pm25,PIIANN,45.36614,44.377792
2025-10-05 05:00:00,pm25,PIIANN,45.36614,48.158962
2025-11-04 04:00:00,pm25,PIIANN,56.0,58.91104
2025-06-02 08:00:00,pm25,PIIANN,89.0,90.94012
2023-06-11 22:00:00,pm25,PIIANN,52.25,80.04596
2024-09-12 12:00:00,pm25,PIIANN,60.25,57.277855
2023-12-02 20:00:00,pm25,PIIANN,120.24999,119.80008
2025-10-02 20:00:00,pm25,PIIANN,102.125,90.99732
2025-09-02 19:00:00,pm25,PIIANN,124.25,86.57111
2025-03-07 23:00:00,pm25,PIIANN,30.4375,47.946663
2024-11-03 09:00:00,pm25,PIIANN,150.0,111.96405
2025-11-11 15:00:00,pm25,PIIANN,22.0,34.19533
2025-12-04 01:00:00,pm25,PIIANN,91.25,88.23683
2023-07-11 00:00:00,pm25,PIIANN,46.0,36.345383
2023-07-10 18:00:00,pm25,PIIANN,16.75,14.750328
2024-03-02 02:00:00,pm25,PIIANN,48.75,83.03557
2025-10-09 15:00:00,pm25,PIIANN,30.0,25.770348
2023-05-01 10:00:00,pm25,PIIANN,135.0,112.576675
2024-02-13 00:00:00,pm25,PIIANN,44.95538,51.40723
2023-01-05 20:00:00,pm25,PIIANN,22.25,49.824684
2024-03-01 22:00:00,pm25,PIIANN,119.0,111.24966
2023-12-09 21:00:00,pm25,PIIANN,11.75,32.785583
2023-10-06 23:00:00,pm25,PIIANN,14.75,38.40255
2024-09-07 05:00:00,pm25,PIIANN,20.5,29.876305
2023-09-09 03:00:00,pm25,PIIANN,2.6000018,37.38548
2025-01-02 07:00:00,pm25,PIIANN,80.833336,94.53145
2025-08-09 08:00:00,pm25,PIIANN,61.5,56.926044
2024-10-03 05:00:00,pm25,PIIANN,78.25,94.433655
2023-02-05 10:00:00,pm25,PIIANN,40.25,41.95343
2024-05-03 23:00:00,pm25,PIIANN,107.25,102.99853
2024-08-11 05:00:00,pm25,PIIANN,31.25,53.954018
2025-06-06 08:00:00,pm25,PIIANN,24.5,28.143461
2023-08-10 02:00:00,pm25,PIIANN,39.0,28.371614
2025-01-06 19:00:00,pm25,PIIANN,32.0,35.82322
2023-07-04 00:00:00,pm25,PIIANN,30.500002,85.1515
2024-12-02 14:00:00,pm25,PIIANN,58.42857,53.937088
2023-12-11 16:00:00,pm25,PIIANN,50.25,51.728954
2025-07-03 10:00:00,pm25,PIIANN,89.5,77.44271
2025-02-07 14:00:00,pm25,PIIANN,21.75,38.712723
2023-07-05 04:00:00,pm25,PIIANN,32.25,51.35552
2025-08-06 07:00:00,pm25,PIIANN,72.75,43.99275
2025-03-11 01:00:00,pm25,PIIANN,48.5,41.434982
2024-01-06 21:00:00,pm25,PIIANN,78.5,33.892963
2023-07-07 13:00:00,pm25,PIIANN,2.9999995,17.583427
2025-01-12 23:00:00,pm25,PIIANN,22.5,43.620953
2024-07-09 12:00:00,pm25,PIIANN,4.9999957,43.865208
2025-11-10 17:00:00,pm25,PIIANN,11.333332,27.59562
2024-10-10 07:00:00,pm25,PIIANN,85.25,38.40694
2024-05-10 08:00:00,pm25,PIIANN,58.75,36.37024
2025-10-03 19:00:00,pm25,PIIANN,119.25,100.1479
2024-02-05 00:00:00,pm25,PIIANN,76.0,88.63893
2023-11-04 12:00:00,pm25,PIIANN,98.5,61.96009
2024-12-01 16:00:00,pm25,PIIANN,143.5,114.0319
2024-04-01 14:00:00,pm25,PIIANN,65.25,75.958885
2023-03-06 03:00:00,pm25,PIIANN,37.5,55.484272
2025-07-01 16:00:00,pm25,PIIANN,38.0,46.87511
2023-03-11 19:00:00,pm25,PIIANN,76.5,71.555084
2024-04-04 08:00:00,pm25,PIIANN,100.25,90.94161
2023-07-05 05:00:00,pm25,PIIANN,16.0,50.94828
2025-01-06 22:00:00,pm25,PIIANN,32.999996,39.575592
2025-04-05 13:00:00,pm25,PIIANN,69.25,68.10522
2024-07-10 12:00:00,pm25,PIIANN,74.75,41.8136
2025-10-06 14:00:00,pm25,PIIANN,19.75,28.285416
2025-11-02 09:00:00,pm25,PIIANN,45.36614,94.33442
2025-04-06 12:00:00,pm25,PIIANN,29.75,38.85335
2024-06-06 04:00:00,pm25,PIIANN,29.75,63.9238
2023-03-02 03:00:00,pm25,PIIANN,45.36614,111.15527
2023-09-12 11:00:00,pm25,PIIANN,73.0,48.0768
2023-09-12 16:00:00,pm25,PIIANN,40.75,41.923016
2025-06-06 05:00:00,pm25,PIIANN,26.67,35.313282
2024-06-10 13:00:00,pm25,PIIANN,29.250002,29.442942
2023-09-09 02:00:00,pm25,PIIANN,2.9999995,36.874565
2023-11-03 00:00:00,pm25,PIIANN,98.5,93.62561
2025-01-03 13:00:00,pm25,PIIANN,122.75,78.18426
2024-10-06 18:00:00,pm25,PIIANN,69.0,63.198063
2024-12-03 14:00:00,pm25,PIIANN,66.0,91.11705
2023-03-08 20:00:00,pm25,PIIANN,45.36614,33.691753
2025-12-01 21:00:00,pm25,PIIANN,186.24998,111.1944
2025-09-03 21:00:00,pm25,PIIANN,126.25,102.19472
2023-06-05 16:00:00,pm25,PIIANN,27.75,29.047192
2025-10-05 17:00:00,pm25,PIIANN,92.5,58.81036
2023-05-05 21:00:00,pm25,PIIANN,52.0,48.86115
2023-11-12 11:00:00,pm25,PIIANN,140.75,91.82072
2025-09-06 05:00:00,pm25,PIIANN,23.5,42.72148
2025-09-05 19:00:00,pm25,PIIANN,43.5,45.75759
2023-07-02 02:00:00,pm25,PIIANN,128.75,108.14023
2024-02-06 12:00:00,pm25,PIIANN,9.0,36.55185
2024-05-07 11:00:00,pm25,PIIANN,10.0,22.521366
2023-11-10 20:00:00,pm25,PIIANN,70.25,46.98704
2024-09-11 01:00:00,pm25,PIIANN,12.5,56.281975
2025-05-13 00:00:00,pm25,PIIANN,36.843544,46.987366
2023-09-12 02:00:00,pm25,PIIANN,20.25,52.15565
2023-06-09 14:00:00,pm25,PIIANN,12.25,23.242485
2025-10-08 19:00:00,pm25,PIIANN,38.75,38.873707
2023-06-06 23:00:00,pm25,PIIANN,38.0,70.206184
2025-06-08 15:00:00,pm25,PIIANN,25.25,21.832958
2024-12-04 03:00:00,pm25,PIIANN,132.25,109.385635
2025-10-03 07:00:00,pm25,PIIANN,93.3,96.250175
2025-04-12 18:00:00,pm25,PIIANN,42.5,42.28424
2024-06-02 23:00:00,pm25,PIIANN,100.5,100.005646
2024-04-03 12:00:00,pm25,PIIANN,57.0,84.06101
2025-07-11 03:00:00,pm25,PIIANN,29.0,46.38039
2023-03-09 20:00:00,pm25,PIIANN,60.0,44.995968
2023-03-09 11:00:00,pm25,PIIANN,46.0,37.475136
2025-05-13 02:00:00,pm25,PIIANN,37.030636,51.220215
2025-03-12 14:00:00,pm25,PIIANN,38.0,42.77293
2023-12-03 23:00:00,pm25,PIIANN,94.75,121.10569
2024-12-06 11:00:00,pm25,PIIANN,28.249998,59.7344
2025-11-04 19:00:00,pm25,PIIANN,53.5,50.159306
2023-08-08 10:00:00,pm25,PIIANN,45.36614,15.35751
2023-06-02 12:00:00,pm25,PIIANN,159.99998,118.036156
2025-09-03 15:00:00,pm25,PIIANN,56.75,93.82021
2023-03-05 11:00:00,pm25,PIIANN,38.75,41.33633
2023-02-09 01:00:00,pm25,PIIANN,32.75,48.84502
2024-05-07 19:00:00,pm25,PIIANN,16.25,26.706018
2024-09-03 15:00:00,pm25,PIIANN,50.75,70.09127
2023-02-04 08:00:00,pm25,PIIANN,45.36614,46.823307
2023-10-03 21:00:00,pm25,PIIANN,89.75,109.86884
2025-03-04 13:00:00,pm25,PIIANN,45.0,53.333015
2024-01-06 07:00:00,pm25,PIIANN,24.0,28.6407
2023-12-08 22:00:00,pm25,PIIANN,49.0,30.10477
2025-08-04 00:00:00,pm25,PIIANN,92.0,100.18872
2024-02-03 19:00:00,pm25,PIIANN,196.25,106.77582
2025-06-09 04:00:00,pm25,PIIANN,4.9999957,56.9893
2023-12-06 00:00:00,pm25,PIIANN,17.5,53.584393
2025-08-03 05:00:00,pm25,PIIANN,82.0,82.35809
2025-08-03 19:00:00,pm25,PIIANN,150.5,96.58522
2023-03-02 08:00:00,pm25,PIIANN,45.36614,88.01542
2024-05-11 17:00:00,pm25,PIIANN,24.0,35.75806
2025-04-08 18:00:00,pm25,PIIANN,29.33,30.965437
2023-07-03 19:00:00,pm25,PIIANN,102.75,90.89077
2025-11-12 21:00:00,pm25,PIIANN,66.25,53.15001
2023-05-11 02:00:00,pm25,PIIANN,46.5,45.82861
2024-04-08 19:00:00,pm25,PIIANN,15.5,69.47401
2025-08-06 13:00:00,pm25,PIIANN,88.0,38.130093
2023-02-04 02:00:00,pm25,PIIANN,21.0,74.59859
2023-05-07 22:00:00,pm25,PIIANN,36.0,52.77568
2023-03-12 15:00:00,pm25,PIIANN,62.0,63.117138
2025-02-05 16:00:00,pm25,PIIANN,46.0,47.101532
2023-09-07 04:00:00,pm25,PIIANN,12.5,39.887672
2023-06-01 13:00:00,pm25,PIIANN,73.25,91.797165
2025-02-08 01:00:00,pm25,PIIANN,28.000002,35.10474
2023-07-02 21:00:00,pm25,PIIANN,113.75,123.94798
2024-02-06 23:00:00,pm25,PIIANN,45.36614,29.807678
2024-10-07 14:00:00,pm25,PIIANN,17.5,27.139578
2023-08-07 02:00:00,pm25,PIIANN,34.25,47.862785
2023-11-02 21:00:00,pm25,PIIANN,85.25,102.88939
2023-01-10 10:00:00,pm25,PIIANN,14.5,21.6068
2025-08-13 01:00:00,pm25,PIIANN,52.9721,61.07821
2023-06-02 14:00:00,pm25,PIIANN,129.5,113.81541
2023-11-09 12:00:00,pm25,PIIANN,32.25,21.075947
2024-04-04 00:00:00,pm25,PIIANN,26.999998,85.79128
2023-02-01 17:00:00,pm25,PIIANN,75.75,75.691
2024-11-11 08:00:00,pm25,PIIANN,18.75,61.276154
2025-11-12 07:00:00,pm25,PIIANN,62.5,57.460625
2025-02-10 09:00:00,pm25,PIIANN,45.36614,56.416523
2023-04-02 05:00:00,pm25,PIIANN,97.0,93.57083
2023-01-05 19:00:00,pm25,PIIANN,26.0,41.50569
2025-06-09 05:00:00,pm25,PIIANN,168.0,45.110855
2023-08-02 12:00:00,pm25,PIIANN,106.75,112.906975
2023-07-06 17:00:00,pm25,PIIANN,36.75,39.929504
2023-06-05 22:00:00,pm25,PIIANN,50.25,72.08538
2025-09-05 01:00:00,pm25,PIIANN,30.0,56.302338
2025-11-12 06:00:00,pm25,PIIANN,46.0,55.959106
2024-06-11 23:00:00,pm25,PIIANN,38.25,58.170475
2024-04-11 05:00:00,pm25,PIIANN,35.75,50.424152
2024-04-06 08:00:00,pm25,PIIANN,112.99999,44.176872
2023-06-10 19:00:00,pm25,PIIANN,5.9999995,10.341686
2024-03-06 21:00:00,pm25,PIIANN,7.4999957,40.435635
2023-07-12 13:00:00,pm25,PIIANN,146.0,88.00466
2024-05-03 13:00:00,pm25,PIIANN,33.25,77.92603
2024-05-11 09:00:00,pm25,PIIANN,24.75,49.366898
2023-12-04 13:00:00,pm25,PIIANN,87.75,69.94332
2023-02-09 04:00:00,pm25,PIIANN,30.25,56.56405
2025-06-12 11:00:00,pm25,PIIANN,128.75,57.45005
2025-12-03 04:00:00,pm25,PIIANN,98.0,102.25814
2024-11-02 17:00:00,pm25,PIIANN,45.36614,82.78915
2023-07-07 04:00:00,pm25,PIIANN,0.9999996,43.93513
2023-06-02 06:00:00,pm25,PIIANN,127.75,115.85785
2024-06-04 05:00:00,pm25,PIIANN,34.75,81.74802
2024-01-03 06:00:00,pm25,PIIANN,135.75,110.05207
2024-11-02 01:00:00,pm25,PIIANN,104.25,109.962654
2023-01-10 03:00:00,pm25,PIIANN,8.75,43.548897
2025-03-12 07:00:00,pm25,PIIANN,32.67,66.87912
2024-09-11 23:00:00,pm25,PIIANN,13.25,47.33331
2025-06-03 12:00:00,pm25,PIIANN,68.0,62.673016
2023-11-10 01:00:00,pm25,PIIANN,53.75,37.63086
2024-04-05 02:00:00,pm25,PIIANN,91.0,98.15086
2024-06-09 09:00:00,pm25,PIIANN,473.75003,57.894596
2024-09-04 12:00:00,pm25,PIIANN,71.5,81.85489
2024-12-07 20:00:00,pm25,PIIANN,5.4999995,27.254692
2023-05-03 15:00:00,pm25,PIIANN,64.25,85.32309
2023-11-12 15:00:00,pm25,PIIANN,43.0,73.25183
2023-04-07 10:00:00,pm25,PIIANN,13.25,26.562525
2025-07-10 18:00:00,pm25,PIIANN,18.0,22.71151
2023-01-11 21:00:00,pm25,PIIANN,44.0,70.965645
2024-12-07 02:00:00,pm25,PIIANN,17.666668,39.57555
2023-11-11 14:00:00,pm25,PIIANN,46.5,61.807228
2025-10-09 06:00:00,pm25,PIIANN,28.000002,34.919407
2023-12-08 15:00:00,pm25,PIIANN,60.0,34.715504
2025-08-08 12:00:00,pm25,PIIANN,10.0,29.857872
2025-05-07 10:00:00,pm25,PIIANN,16.0,45.461494
2024-03-11 23:00:00,pm25,PIIANN,60.75,61.903713
2023-10-04 19:00:00,pm25,PIIANN,49.5,57.837887
2025-01-05 14:00:00,pm25,PIIANN,31.375,36.263523
2023-12-06 13:00:00,pm25,PIIANN,3.7499995,8.282955
2025-05-01 13:00:00,pm25,PIIANN,39.0,80.722595
2024-04-05 05:00:00,pm25,PIIANN,57.5,96.9907
2025-03-12 16:00:00,pm25,PIIANN,44.0,43.693344
2025-12-10 09:00:00,pm25,PIIANN,18.0,25.33263
2024-01-04 01:00:00,pm25,PIIANN,103.92857,101.46963
2024-05-02 08:00:00,pm25,PIIANN,96.75,88.777534
2023-02-11 15:00:00,pm25,PIIANN,36.5,51.23961
2024-07-02 04:00:00,pm25,PIIANN,77.5,86.77547
2023-10-09 04:00:00,pm25,PIIANN,4.9999957,35.970173
2023-11-08 17:00:00,pm25,PIIANN,28.000002,30.855288
2025-11-05 14:00:00,pm25,PIIANN,28.000002,36.27693
2024-07-05 06:00:00,pm25,PIIANN,53.75,56.730656
2025-04-12 08:00:00,pm25,PIIANN,28.000002,41.568806
2023-08-01 12:00:00,pm25,PIIANN,107.0,104.21034
2024-01-06 06:00:00,pm25,PIIANN,16.0,31.534363
2023-06-09 13:00:00,pm25,PIIANN,17.333336,17.0803
2023-04-09 07:00:00,pm25,PIIANN,46.25,37.634716
2024-06-04 20:00:00,pm25,PIIANN,85.75,78.120995
2023-08-11 09:00:00,pm25,PIIANN,64.5,53.79119
2024-04-10 11:00:00,pm25,PIIANN,14.25,29.10377
2023-10-08 01:00:00,pm25,PIIANN,19.5,41.536224
2023-07-01 23:00:00,pm25,PIIANN,98.25,102.32419
2023-11-11 19:00:00,pm25,PIIANN,101.75,75.771286
2025-09-04 22:00:00,pm25,PIIANN,54.0,59.1651
2024-07-08 03:00:00,pm25,PIIANN,25.75,123.87896
2025-02-12 21:00:00,pm25,PIIANN,30.25,46.215584
2025-07-05 11:00:00,pm25,PIIANN,14.75,24.79795
2023-09-03 15:00:00,pm25,PIIANN,58.5,65.341644
2025-04-03 21:00:00,pm25,PIIANN,86.75,75.74268
2025-05-10 22:00:00,pm25,PIIANN,45.36614,30.151579
2025-03-13 01:00:00,pm25,PIIANN,41.04212,49.50691
2024-06-12 05:00:00,pm25,PIIANN,26.999998,40.7942
2023-09-04 17:00:00,pm25,PIIANN,44.75,46.579582
2025-05-02 08:00:00,pm25,PIIANN,86.0,78.06945
2025-10-12 06:00:00,pm25,PIIANN,53.022,66.37746
2025-02-11 21:00:00,pm25,PIIANN,47.0,48.90017
2025-08-11 14:00:00,pm25,PIIANN,38.75,37.843246
2025-02-08 20:00:00,pm25,PIIANN,27.75,33.00095
2025-08-09 22:00:00,pm25,PIIANN,16.75,56.759136
2024-02-03 22:00:00,pm25,PIIANN,126.5,117.62262
2023-03-04 19:00:00,pm25,PIIANN,13.25,34.3936
2025-01-08 23:00:00,pm25,PIIANN,27.5,31.969202
2024-05-10 02:00:00,pm25,PIIANN,33.25,42.66669
2024-09-04 15:00:00,pm25,PIIANN,78.0,69.87445
2024-10-02 07:00:00,pm25,PIIANN,87.9,95.32556
2024-06-05 20:00:00,pm25,PIIANN,29.499998,61.66151
2024-06-09 18:00:00,pm25,PIIANN,51.75,34.683746
2023-03-08 07:00:00,pm25,PIIANN,45.36614,32.18351
2025-01-01 12:00:00,pm25,PIIANN,140.25,94.586296
2024-02-02 01:00:00,pm25,PIIANN,101.75,118.34958
2024-03-07 17:00:00,pm25,PIIANN,14.5,23.251766
2023-12-08 02:00:00,pm25,PIIANN,32.75,40.506203
2024-03-09 17:00:00,pm25,PIIANN,36.0,38.217525
2024-04-08 08:00:00,pm25,PIIANN,85.25,48.331196
2023-04-05 00:00:00,pm25,PIIANN,60.25,31.614809
2024-08-08 15:00:00,pm25,PIIANN,77.25,35.694473
2023-07-09 13:00:00,pm25,PIIANN,7.7499995,19.6987
2024-08-13 02:00:00,pm25,PIIANN,44.16849,54.468094
2023-12-11 19:00:00,pm25,PIIANN,302.75,66.87838
2023-08-07 15:00:00,pm25,PIIANN,31.0,23.767818
2025-05-10 11:00:00,pm25,PIIANN,18.75,24.633335
2025-07-08 06:00:00,pm25,PIIANN,24.0,34.178204
2024-02-08 12:00:00,pm25,PIIANN,111.5,53.891197
2023-05-03 12:00:00,pm25,PIIANN,79.75,98.79471
2025-02-11 06:00:00,pm25,PIIANN,48.25,44.83134
2025-09-09 21:00:00,pm25,PIIANN,26.0,45.545338
2025-01-07 07:00:00,pm25,PIIANN,18.75,31.964067
2025-02-08 10:00:00,pm25,PIIANN,28.5,31.588257
2023-06-08 05:00:00,pm25,PIIANN,4.6666675,23.82933
2023-03-08 14:00:00,pm25,PIIANN,45.36614,34.380424
2025-02-08 23:00:00,pm25,PIIANN,28.5,33.063057
2025-03-01 14:00:00,pm25,PIIANN,110.0,87.94005
2025-02-06 05:00:00,pm25,PIIANN,31.5,31.010242
2025-07-11 19:00:00,pm25,PIIANN,29.0,39.11458
2024-05-05 00:00:00,pm25,PIIANN,77.0,86.71539
2024-12-07 01:00:00,pm25,PIIANN,22.25,46.58213
2023-02-09 21:00:00,pm25,PIIANN,57.25,69.78159
2025-08-06 06:00:00,pm25,PIIANN,42.0,42.27459
2024-12-10 16:00:00,pm25,PIIANN,32.0,53.807926
2024-03-07 14:00:00,pm25,PIIANN,11.25,22.597076
2024-12-12 11:00:00,pm25,PIIANN,106.75,77.14757
2023-04-05 06:00:00,pm25,PIIANN,35.0,46.633278
2024-05-07 14:00:00,pm25,PIIANN,11.25,22.265575
2025-09-12 21:00:00,pm25,PIIANN,68.75,62.27004
2023-10-06 12:00:00,pm25,PIIANN,2.0000033,9.133041
2024-09-03 01:00:00,pm25,PIIANN,105.0,100.266365
2023-12-03 02:00:00,pm25,PIIANN,143.25,116.43774
2023-03-10 18:00:00,pm25,PIIANN,7.0000033,26.754225
2025-07-08 23:00:00,pm25,PIIANN,28.000002,31.337584
2023-08-02 04:00:00,pm25,PIIANN,97.75,106.62988
2025-02-10 15:00:00,pm25,PIIANN,17.0,39.700912
2023-11-10 06:00:00,pm25,PIIANN,20.5,40.36295
2025-02-03 07:00:00,pm25,PIIANN,63.125,93.39739
2024-01-09 11:00:00,pm25,PIIANN,46.0,39.691566
2023-12-10 21:00:00,pm25,PIIANN,27.5,47.086674
2024-05-11 13:00:00,pm25,PIIANN,14.75,34.421047
2023-04-09 15:00:00,pm25,PIIANN,14.5,19.303413
2025-08-05 09:00:00,pm25,PIIANN,26.0,42.762638
2024-08-06 06:00:00,pm25,PIIANN,177.0,60.698975
2023-08-01 08:00:00,pm25,PIIANN,89.25,94.09633
2024-03-12 17:00:00,pm25,PIIANN,21.0,47.033516
2023-04-03 11:00:00,pm25,PIIANN,99.5,122.67467
2023-11-10 13:00:00,pm25,PIIANN,56.0,31.838976
2025-04-01 12:00:00,pm25,PIIANN,111.25,91.51325
2023-07-06 14:00:00,pm25,PIIANN,39.0,37.87189
2025-12-03 23:00:00,pm25,PIIANN,107.25,81.41658
2025-01-07 16:00:00,pm25,PIIANN,24.75,28.724794
2025-05-10 13:00:00,pm25,PIIANN,19.0,24.726421
2023-03-08 12:00:00,pm25,PIIANN,45.36614,29.797218
2024-04-10 03:00:00,pm25,PIIANN,39.75,26.209583
2023-05-10 10:00:00,pm25,PIIANN,17.0,20.662952
2025-03-12 17:00:00,pm25,PIIANN,33.75,44.003857
2024-04-03 23:00:00,pm25,PIIANN,71.0,91.04304
2025-03-04 12:00:00,pm25,PIIANN,49.0,56.98958
2023-09-08 12:00:00,pm25,PIIANN,10.5,23.68734
2025-05-10 06:00:00,pm25,PIIANN,19.0,28.026442
2025-08-03 01:00:00,pm25,PIIANN,78.5,93.154816
2025-09-06 03:00:00,pm25,PIIANN,61.5,43.695976
2024-01-05 20:00:00,pm25,PIIANN,73.25,68.633156
2025-09-09 16:00:00,pm25,PIIANN,12.0,36.91094
2023-03-08 15:00:00,pm25,PIIANN,45.36614,35.416344
2025-05-12 08:00:00,pm25,PIIANN,26.25,38.908463
2025-07-10 23:00:00,pm25,PIIANN,18.0,30.398157
2025-04-02 06:00:00,pm25,PIIANN,50.5,83.27754
2025-06-03 00:00:00,pm25,PIIANN,70.25,45.61175
2025-10-02 04:00:00,pm25,PIIANN,63.25,79.13045
2025-01-10 05:00:00,pm25,PIIANN,18.0,36.526665
2025-03-04 23:00:00,pm25,PIIANN,81.33,73.705894
2023-12-12 13:00:00,pm25,PIIANN,101.0,63.78676
2023-01-05 01:00:00,pm25,PIIANN,34.25,51.921806
2025-10-09 04:00:00,pm25,PIIANN,25.0,32.439564
2023-03-12 01:00:00,pm25,PIIANN,75.0,68.72699
2025-09-10 11:00:00,pm25,PIIANN,27.5,24.57677
2024-03-07 16:00:00,pm25,PIIANN,7.0000033,23.823238
2024-03-08 18:00:00,pm25,PIIANN,6.2499995,59.91248
2023-06-03 11:00:00,pm25,PIIANN,121.5,97.03985
2024-02-08 06:00:00,pm25,PIIANN,144.0,51.947147
2025-10-05 12:00:00,pm25,PIIANN,66.0,55.027115
2024-11-12 03:00:00,pm25,PIIANN,31.5,55.194748
2024-05-06 12:00:00,pm25,PIIANN,8.75,42.103706
2023-12-08 09:00:00,pm25,PIIANN,72.0,44.349308
2024-09-09 03:00:00,pm25,PIIANN,34.5,53.284637
2024-07-10 13:00:00,pm25,PIIANN,22.5,47.752342
2023-09-03 00:00:00,pm25,PIIANN,78.25,93.00854
2024-08-03 12:00:00,pm25,PIIANN,78.75,71.19292
2023-10-09 05:00:00,pm25,PIIANN,6.4999995,35.100643
2023-11-10 23:00:00,pm25,PIIANN,43.5,48.70208
2023-05-02 04:00:00,pm25,PIIANN,90.75,95.81674
2023-08-06 20:00:00,pm25,PIIANN,42.0,62.365917
2024-12-04 22:00:00,pm25,PIIANN,152.0,114.41405
2023-05-07 13:00:00,pm25,PIIANN,23.75,23.092216
2025-01-07 17:00:00,pm25,PIIANN,23.25,29.556547
2025-08-02 21:00:00,pm25,PIIANN,111.75,99.368004
2024-06-06 22:00:00,pm25,PIIANN,193.5,63.806976
2025-02-05 23:00:00,pm25,PIIANN,62.5,54.77988
2025-11-02 11:00:00,pm25,PIIANN,151.0,87.78796
2023-06-07 13:00:00,pm25,PIIANN,169.66667,84.0428
2023-06-06 11:00:00,pm25,PIIANN,45.75,49.505543
2023-03-04 23:00:00,pm25,PIIANN,7.0000033,26.39544
2023-11-05 10:00:00,pm25,PIIANN,53.0,48.06572
2025-03-05 22:00:00,pm25,PIIANN,101.0,64.605705
2023-10-04 07:00:00,pm25,PIIANN,77.5,80.670265
2024-01-09 18:00:00,pm25,PIIANN,17.5,42.00096
2023-11-03 22:00:00,pm25,PIIANN,123.75,120.8415
2023-03-12 05:00:00,pm25,PIIANN,46.75,70.885635
2023-01-12 12:00:00,pm25,PIIANN,45.36614,43.58787
2024-11-03 20:00:00,pm25,PIIANN,154.0,127.25562
2023-03-03 10:00:00,pm25,PIIANN,110.25,126.90943
2023-02-08 18:00:00,pm25,PIIANN,45.36614,22.04702
2024-06-11 14:00:00,pm25,PIIANN,10.5,50.828556
2024-01-10 22:00:00,pm25,PIIANN,88.5,88.88223
2023-07-11 15:00:00,pm25,PIIANN,46.0,51.200367
2024-06-03 23:00:00,pm25,PIIANN,74.0,86.258415
2023-08-04 11:00:00,pm25,PIIANN,78.0,64.037254
2024-01-08 09:00:00,pm25,PIIANN,4.9999957,52.054996
2023-12-08 06:00:00,pm25,PIIANN,39.5,45.4676
2025-04-02 21:00:00,pm25,PIIANN,87.25,95.37043
2024-10-12 07:00:00,pm25,PIIANN,49.75,56.88763
2025-09-08 04:00:00,pm25,PIIANN,10.0,31.801317
2025-04-04 18:00:00,pm25,PIIANN,63.75,75.74022
2023-08-08 17:00:00,pm25,PIIANN,45.36614,18.04412
2024-10-12 11:00:00,pm25,PIIANN,60.0,65.008064
2024-07-06 15:00:00,pm25,PIIANN,9.0,65.1811
2024-09-11 00:00:00,pm25,PIIANN,79.25,46.99267
2025-03-10 18:00:00,pm25,PIIANN,24.0,29.496576
2025-01-02 13:00:00,pm25,PIIANN,80.25,97.77511
2023-06-09 06:00:00,pm25,PIIANN,9.5,38.665905
2024-08-10 00:00:00,pm25,PIIANN,21.75,57.978718
2025-06-10 12:00:00,pm25,PIIANN,18.0,41.41307
2025-01-11 09:00:00,pm25,PIIANN,45.5,75.165985
2023-12-03 01:00:00,pm25,PIIANN,144.25,113.13573
2024-09-13 01:00:00,pm25,PIIANN,69.72979,61.40508
2024-02-08 20:00:00,pm25,PIIANN,167.74998,56.338478
2025-08-10 11:00:00,pm25,PIIANN,28.5,26.931501
2023-01-11 14:00:00,pm25,PIIANN,56.0,55.896397
2024-08-07 06:00:00,pm25,PIIANN,96.0,38.53948
2024-12-02 19:00:00,pm25,PIIANN,45.36614,75.535576
2025-08-04 16:00:00,pm25,PIIANN,45.36614,68.56813
2025-05-11 20:00:00,pm25,PIIANN,40.67,46.900898
2025-07-13 02:00:00,pm25,PIIANN,58.875816,65.30152
2025-05-05 06:00:00,pm25,PIIANN,59.0,45.72491
2023-01-08 10:00:00,pm25,PIIANN,3.4999995,21.038616
2024-11-09 04:00:00,pm25,PIIANN,4.9999957,90.80339
2025-12-07 00:00:00,pm25,PIIANN,9.0,27.969124
2023-06-04 11:00:00,pm25,PIIANN,45.36614,41.492092
2024-12-04 08:00:00,pm25,PIIANN,140.25,120.48914
2025-01-11 20:00:00,pm25,PIIANN,48.0,42.749535
2024-07-01 13:00:00,pm25,PIIANN,60.0,91.29593
2024-05-12 08:00:00,pm25,PIIANN,42.25,51.72064
2024-06-12 01:00:00,pm25,PIIANN,38.25,49.163986
2023-06-03 08:00:00,pm25,PIIANN,132.5,117.15532
2025-07-09 03:00:00,pm25,PIIANN,441.0,38.05766
2024-07-12 04:00:00,pm25,PIIANN,69.75,75.97143
2025-07-09 02:00:00,pm25,PIIANN,12.0,42.427853
2024-04-12 12:00:00,pm25,PIIANN,59.75,64.679214
2024-05-08 19:00:00,pm25,PIIANN,126.75,71.971016
2024-07-12 01:00:00,pm25,PIIANN,88.75,68.76448
2023-11-12 03:00:00,pm25,PIIANN,70.5,81.37625
2024-11-06 22:00:00,pm25,PIIANN,64.0,43.663956
2024-05-04 06:00:00,pm25,PIIANN,42.0,100.09217
2025-09-10 04:00:00,pm25,PIIANN,16.0,24.108192
2024-04-04 01:00:00,pm25,PIIANN,43.0,88.60247
2025-09-04 06:00:00,pm25,PIIANN,72.0,65.93627
2024-08-02 17:00:00,pm25,PIIANN,83.0,80.73489
2025-03-05 19:00:00,pm25,PIIANN,94.5,46.924656
2024-11-03 02:00:00,pm25,PIIANN,121.0,99.89156
2024-10-02 19:00:00,pm25,PIIANN,128.5,137.69171
2025-08-05 23:00:00,pm25,PIIANN,29.250002,35.095806
2025-12-04 06:00:00,pm25,PIIANN,83.5,67.01353
2023-09-04 04:00:00,pm25,PIIANN,160.25,119.49782
2023-09-04 20:00:00,pm25,PIIANN,92.75,79.59815
2025-10-03 12:00:00,pm25,PIIANN,68.25,94.71713
2025-12-02 08:00:00,pm25,PIIANN,99.5,78.703926
2025-10-06 12:00:00,pm25,PIIANN,26.999998,36.282845
2025-03-03 22:00:00,pm25,PIIANN,104.25,87.2043
2025-05-09 11:00:00,pm25,PIIANN,32.5,29.58851
2025-09-06 23:00:00,pm25,PIIANN,28.5,33.04346
2025-05-08 03:00:00,pm25,PIIANN,24.5,63.135567
2023-04-03 23:00:00,pm25,PIIANN,102.75,113.024414
2023-12-12 09:00:00,pm25,PIIANN,147.25,63.21026
2023-02-11 06:00:00,pm25,PIIANN,24.0,50.812782
2024-05-10 22:00:00,pm25,PIIANN,22.5,34.26409
2025-09-07 22:00:00,pm25,PIIANN,23.0,31.076958
2024-06-03 02:00:00,pm25,PIIANN,65.5,97.94899
2025-07-02 09:00:00,pm25,PIIANN,102.875,55.78121
2025-05-04 14:00:00,pm25,PIIANN,56.0,67.454124
2024-08-12 11:00:00,pm25,PIIANN,108.5,82.18096
2024-05-01 16:00:00,pm25,PIIANN,57.75,69.65147
2025-04-01 16:00:00,pm25,PIIANN,35.5,82.10936
2023-10-09 11:00:00,pm25,PIIANN,19.75,31.892275
2025-01-08 06:00:00,pm25,PIIANN,28.67,29.91449
2023-09-11 03:00:00,pm25,PIIANN,33.25,55.345654
2025-04-11 05:00:00,pm25,PIIANN,45.5,46.45676
2024-12-11 11:00:00,pm25,PIIANN,107.5,52.50289
2024-09-06 23:00:00,pm25,PIIANN,46.25,86.4721
2023-05-08 21:00:00,pm25,PIIANN,13.0,25.727322
2024-08-10 04:00:00,pm25,PIIANN,15.0,37.439976
2023-12-10 11:00:00,pm25,PIIANN,62.75,40.8806
2024-09-09 00:00:00,pm25,PIIANN,390.25,64.30121
2024-03-03 06:00:00,pm25,PIIANN,112.083336,104.099464
2023-09-05 08:00:00,pm25,PIIANN,45.75,41.06421
2025-08-03 03:00:00,pm25,PIIANN,79.0,81.37129
2023-01-01 09:00:00,pm25,PIIANN,93.0,92.55509
2025-08-01 15:00:00,pm25,PIIANN,59.25,59.449093
2024-03-12 09:00:00,pm25,PIIANN,57.25,46.19409
2023-11-09 21:00:00,pm25,PIIANN,3.9999995,26.537832
2025-08-02 17:00:00,pm25,PIIANN,68.75,94.203835
2025-12-11 11:00:00,pm25,PIIANN,30.25,35.8728
2023-07-05 18:00:00,pm25,PIIANN,38.5,61.1696
2023-01-06 08:00:00,pm25,PIIANN,38.5,37.461784
2025-12-07 22:00:00,pm25,PIIANN,25.0,39.94111
2023-05-05 06:00:00,pm25,PIIANN,24.0,55.070736
2025-09-03 18:00:00,pm25,PIIANN,80.25,88.74671
2023-07-07 01:00:00,pm25,PIIANN,20.75,50.815235
2024-12-05 01:00:00,pm25,PIIANN,56.0,85.090675
2024-09-05 10:00:00,pm25,PIIANN,66.25,53.302925
2024-09-09 12:00:00,pm25,PIIANN,59.0,59.863182
2025-07-07 09:00:00,pm25,PIIANN,17.25,45.39678
2024-10-02 18:00:00,pm25,PIIANN,308.00003,108.69629
2024-03-06 16:00:00,pm25,PIIANN,185.25,47.106403
2025-02-07 15:00:00,pm25,PIIANN,18.5,36.691147
2025-05-12 17:00:00,pm25,PIIANN,37.0,43.13938
2023-09-11 01:00:00,pm25,PIIANN,47.0,46.491726
2023-07-06 00:00:00,pm25,PIIANN,37.5,56.456856
2023-01-03 08:00:00,pm25,PIIANN,163.0,130.72824
2024-04-02 01:00:00,pm25,PIIANN,65.5,103.32546
2024-03-11 20:00:00,pm25,PIIANN,62.75,66.95957
2024-12-06 14:00:00,pm25,PIIANN,112.5,41.043053
2024-06-06 11:00:00,pm25,PIIANN,43.25,63.52224
2024-03-06 04:00:00,pm25,PIIANN,45.36614,31.849754
2023-01-03 19:00:00,pm25,PIIANN,107.75,85.76743
2023-11-05 15:00:00,pm25,PIIANN,30.25,35.588062
2023-06-03 14:00:00,pm25,PIIANN,92.0,84.2548
2023-11-01 16:00:00,pm25,PIIANN,49.75,64.10891
2024-05-08 06:00:00,pm25,PIIANN,46.0,46.779915
2025-10-03 10:00:00,pm25,PIIANN,105.75,88.99443
2023-07-04 23:00:00,pm25,PIIANN,81.25,83.326294
2023-02-03 12:00:00,pm25,PIIANN,120.0,93.50962
2023-05-09 05:00:00,pm25,PIIANN,6.7500033,34.590557
2023-11-07 05:00:00,pm25,PIIANN,12.25,35.145527
2024-06-09 12:00:00,pm25,PIIANN,10.0,42.737362
2023-01-02 22:00:00,pm25,PIIANN,142.0,119.03269
2023-10-09 14:00:00,pm25,PIIANN,23.0,25.364231
2025-11-06 22:00:00,pm25,PIIANN,24.75,50.39253
2024-03-08 08:00:00,pm25,PIIANN,126.75,45.449516
2023-09-06 12:00:00,pm25,PIIANN,5.2499995,13.700611
2023-02-03 02:00:00,pm25,PIIANN,66.25,103.09029
2023-09-07 21:00:00,pm25,PIIANN,24.0,36.271862
2025-08-07 18:00:00,pm25,PIIANN,17.75,36.90371
2024-10-11 07:00:00,pm25,PIIANN,141.75,42.435677
2025-03-07 20:00:00,pm25,PIIANN,37.0,50.17656
2024-09-07 18:00:00,pm25,PIIANN,18.5,30.013248
2023-05-09 17:00:00,pm25,PIIANN,7.3333316,37.150314
2024-07-08 17:00:00,pm25,PIIANN,2.0000033,50.775196
2023-09-09 08:00:00,pm25,PIIANN,0.9999996,34.856365
2025-10-02 03:00:00,pm25,PIIANN,73.5,79.655396
2025-01-11 03:00:00,pm25,PIIANN,71.25,64.83878
2025-01-01 17:00:00,pm25,PIIANN,87.5,91.034706
2025-01-05 08:00:00,pm25,PIIANN,44.0,43.772274
2023-02-12 14:00:00,pm25,PIIANN,104.75,53.40751
2025-01-02 18:00:00,pm25,PIIANN,116.5,98.10393
2023-04-06 20:00:00,pm25,PIIANN,45.36614,54.79311
2024-08-08 11:00:00,pm25,PIIANN,140.5,48.990196
2024-12-03 00:00:00,pm25,PIIANN,113.24999,73.093834
2024-10-04 12:00:00,pm25,PIIANN,126.5,103.45725
2023-09-01 15:00:00,pm25,PIIANN,71.5,76.8379
2025-12-07 05:00:00,pm25,PIIANN,90.666664,61.23124
2025-03-02 17:00:00,pm25,PIIANN,102.25,87.63805
2023-05-05 19:00:00,pm25,PIIANN,42.0,37.18244
2023-04-07 16:00:00,pm25,PIIANN,5.9999995,25.4749
2024-12-08 23:00:00,pm25,PIIANN,23.25,68.73296
2023-11-03 09:00:00,pm25,PIIANN,125.75,115.81452
2025-08-06 20:00:00,pm25,PIIANN,22.25,46.964043
2023-02-10 13:00:00,pm25,PIIANN,28.000002,31.762856
2024-09-05 13:00:00,pm25,PIIANN,49.0,37.1327
2024-07-05 01:00:00,pm25,PIIANN,60.0,75.13994
2024-07-12 08:00:00,pm25,PIIANN,82.67,82.63244
2025-02-07 13:00:00,pm25,PIIANN,26.750002,40.463974
2025-11-03 09:00:00,pm25,PIIANN,145.75,108.309555
2023-11-04 17:00:00,pm25,PIIANN,55.25,50.64963
2024-06-06 12:00:00,pm25,PIIANN,24.5,59.895226
2025-09-01 17:00:00,pm25,PIIANN,66.5,80.07521
2023-06-09 07:00:00,pm25,PIIANN,20.5,37.37889
2023-06-03 00:00:00,pm25,PIIANN,80.75,120.25849
2025-08-05 03:00:00,pm25,PIIANN,40.785713,41.39217
2023-03-09 13:00:00,pm25,PIIANN,41.0,31.437252
2023-04-03 19:00:00,pm25,PIIANN,121.0,106.403465
2024-11-10 17:00:00,pm25,PIIANN,52.0,61.560062
2025-09-02 12:00:00,pm25,PIIANN,93.5,86.7253
2024-12-12 21:00:00,pm25,PIIANN,101.0,93.72037
2025-06-01 20:00:00,pm25,PIIANN,62.0,78.44294
2024-02-01 15:00:00,pm25,PIIANN,81.25,92.71849
2024-12-05 22:00:00,pm25,PIIANN,30.75,66.01466
2024-07-11 08:00:00,pm25,PIIANN,52.25,50.972267
2024-11-09 13:00:00,pm25,PIIANN,22.75,20.588718
2025-06-01 09:00:00,pm25,PIIANN,47.0,72.85528
2024-06-07 06:00:00,pm25,PIIANN,35.0,29.44951
2023-03-03 02:00:00,pm25,PIIANN,156.25,130.78864
2024-07-02 06:00:00,pm25,PIIANN,70.5,80.21782
2023-02-06 07:00:00,pm25,PIIANN,86.5,47.095554
2024-11-08 19:00:00,pm25,PIIANN,23.0,41.1598
2023-02-03 09:00:00,pm25,PIIANN,87.75,92.9585
2025-08-10 06:00:00,pm25,PIIANN,15.0,35.020023
2024-10-02 13:00:00,pm25,PIIANN,45.25,69.57845
2023-10-02 00:00:00,pm25,PIIANN,50.75,98.16034
2025-10-02 09:00:00,pm25,PIIANN,88.625,78.12711
2025-04-09 06:00:00,pm25,PIIANN,27.25,36.035213
2024-05-02 00:00:00,pm25,PIIANN,133.0,104.43239
2025-02-06 18:00:00,pm25,PIIANN,32.999996,31.46774
2025-01-10 21:00:00,pm25,PIIANN,362.0,35.662907
2024-12-09 18:00:00,pm25,PIIANN,68.75,47.805267
2024-12-02 07:00:00,pm25,PIIANN,56.0,77.83021
2023-11-12 13:00:00,pm25,PIIANN,90.25,83.51704
2024-05-02 13:00:00,pm25,PIIANN,77.75,78.351585
2023-01-01 21:00:00,pm25,PIIANN,159.5,125.03479
2024-03-05 23:00:00,pm25,PIIANN,45.75,80.21563
2024-07-06 07:00:00,pm25,PIIANN,18.25,75.57495
2025-11-12 17:00:00,pm25,PIIANN,73.75,67.362495
2025-06-11 05:00:00,pm25,PIIANN,47.67,44.70316
2023-10-01 18:00:00,pm25,PIIANN,99.75,87.51253
2023-06-11 14:00:00,pm25,PIIANN,47.666668,59.43162
2025-11-08 18:00:00,pm25,PIIANN,38.0,34.310497
2025-04-08 19:00:00,pm25,PIIANN,33.25,32.912083
2024-04-02 20:00:00,pm25,PIIANN,117.0,100.16767
2023-07-07 15:00:00,pm25,PIIANN,7.0000033,18.263737
2025-02-04 19:00:00,pm25,PIIANN,50.0,64.03906
2023-11-02 14:00:00,pm25,PIIANN,98.75,91.31184
2025-10-11 07:00:00,pm25,PIIANN,25.25,37.682392
2025-02-04 02:00:00,pm25,PIIANN,77.75,87.44869
2023-04-02 16:00:00,pm25,PIIANN,95.25,91.29236
2025-10-03 04:00:00,pm25,PIIANN,106.25,103.77892
2025-11-12 12:00:00,pm25,PIIANN,58.0,58.04069
2025-10-09 19:00:00,pm25,PIIANN,25.391666,27.143072
2023-03-10 12:00:00,pm25,PIIANN,7.0000033,33.958836
2025-12-06 00:00:00,pm25,PIIANN,51.75,50.82858
2023-08-09 06:00:00,pm25,PIIANN,14.25,37.60771
2025-03-06 00:00:00,pm25,PIIANN,32.999996,64.31978
2023-02-12 20:00:00,pm25,PIIANN,148.25,90.85491
2024-06-06 08:00:00,pm25,PIIANN,64.25,60.237934
2024-08-02 14:00:00,pm25,PIIANN,69.0,76.30277
2024-02-04 21:00:00,pm25,PIIANN,86.0,91.12933
2024-07-13 00:00:00,pm25,PIIANN,64.04869,77.96957
2025-03-12 04:00:00,pm25,PIIANN,41.5,42.22234
2023-08-10 07:00:00,pm25,PIIANN,51.5,23.988293
2024-02-07 07:00:00,pm25,PIIANN,9.5,29.42708
2025-01-09 22:00:00,pm25,PIIANN,36.0,42.198685
2024-08-02 23:00:00,pm25,PIIANN,88.5,102.35515
2025-06-07 08:00:00,pm25,PIIANN,17.0,27.526234
2024-01-05 10:00:00,pm25,PIIANN,29.0,54.05865
2024-05-04 18:00:00,pm25,PIIANN,47.0,78.926674
2024-08-07 14:00:00,pm25,PIIANN,13.0,22.679253
2025-06-08 16:00:00,pm25,PIIANN,25.0,20.248348
2025-01-06 13:00:00,pm25,PIIANN,32.5,34.15041
2023-03-07 09:00:00,pm25,PIIANN,22.5,44.490078
2023-09-08 08:00:00,pm25,PIIANN,3.9999995,31.734926
2023-09-07 19:00:00,pm25,PIIANN,12.5,36.096622
2025-02-11 10:00:00,pm25,PIIANN,47.75,43.129105
2025-11-13 02:00:00,pm25,PIIANN,62.386257,65.83851
2025-12-03 01:00:00,pm25,PIIANN,107.75,97.63061
2023-12-12 12:00:00,pm25,PIIANN,88.75,71.86844
2025-05-03 11:00:00,pm25,PIIANN,62.0,71.472916
2025-07-08 15:00:00,pm25,PIIANN,28.5,35.351257
2025-03-06 23:00:00,pm25,PIIANN,66.0,62.57631
2024-07-10 11:00:00,pm25,PIIANN,30.500002,46.756866
2023-07-06 09:00:00,pm25,PIIANN,61.75,55.03171
2023-05-01 20:00:00,pm25,PIIANN,130.5,104.503914
2024-08-08 02:00:00,pm25,PIIANN,40.5,35.3091
2024-11-05 20:00:00,pm25,PIIANN,93.0,57.477207
2025-06-05 03:00:00,pm25,PIIANN,80.0,51.102814
2025-04-07 23:00:00,pm25,PIIANN,43.75,37.31032
2025-08-04 03:00:00,pm25,PIIANN,93.5,77.94195
2023-03-11 04:00:00,pm25,PIIANN,43.75,56.131115
2025-11-04 14:00:00,pm25,PIIANN,81.25,52.198887
2024-07-04 02:00:00,pm25,PIIANN,86.25,100.65388
2023-06-11 12:00:00,pm25,PIIANN,58.0,76.123726
2025-02-01 10:00:00,pm25,PIIANN,81.75,86.30503
2025-01-08 03:00:00,pm25,PIIANN,28.000002,34.17546
2023-06-12 22:00:00,pm25,PIIANN,99.5,85.23943
2023-02-01 13:00:00,pm25,PIIANN,79.75,97.41118
2024-04-04 03:00:00,pm25,PIIANN,47.5,94.984535
2025-04-05 18:00:00,pm25,PIIANN,65.25,57.552616
2023-07-01 16:00:00,pm25,PIIANN,40.0,63.21594
2024-06-08 08:00:00,pm25,PIIANN,100.75,50.754936
2025-11-02 15:00:00,pm25,PIIANN,115.25,94.203674
2023-01-09 02:00:00,pm25,PIIANN,32.0,51.390255
2024-11-01 20:00:00,pm25,PIIANN,196.0,122.454636
2024-06-04 01:00:00,pm25,PIIANN,44.0,90.57521
2025-08-10 12:00:00,pm25,PIIANN,16.5,28.556849
2024-04-05 17:00:00,pm25,PIIANN,46.375,73.34737
2024-01-09 02:00:00,pm25,PIIANN,475.0,105.57273
2023-10-06 04:00:00,pm25,PIIANN,10.25,42.32964
2024-06-10 19:00:00,pm25,PIIANN,42.0,35.34373
2024-11-09 05:00:00,pm25,PIIANN,7.0000033,52.244003
2023-11-08 08:00:00,pm25,PIIANN,16.25,50.96411
2023-02-02 18:00:00,pm25,PIIANN,142.25,114.093506
2023-12-09 10:00:00,pm25,PIIANN,18.75,25.772018
2025-12-12 01:00:00,pm25,PIIANN,47.25,55.5639
2024-08-11 22:00:00,pm25,PIIANN,30.500002,47.452618
2024-02-05 02:00:00,pm25,PIIANN,62.25,76.289406
2025-07-05 21:00:00,pm25,PIIANN,41.25,37.309464
2023-07-10 21:00:00,pm25,PIIANN,40.0,23.487637
2023-11-04 05:00:00,pm25,PIIANN,149.75,114.83267
2023-08-05 04:00:00,pm25,PIIANN,26.999998,30.418997
2025-07-06 01:00:00,pm25,PIIANN,26.5,39.470375
2023-01-02 20:00:00,pm25,PIIANN,163.5,128.03271
2024-03-02 06:00:00,pm25,PIIANN,39.75,69.17301
2025-08-08 03:00:00,pm25,PIIANN,28.000002,28.572954
2025-08-01 19:00:00,pm25,PIIANN,93.5,62.143967
2025-12-06 02:00:00,pm25,PIIANN,16.75,46.877445
2024-09-04 06:00:00,pm25,PIIANN,125.0,92.076004
2024-05-03 18:00:00,pm25,PIIANN,63.0,81.849884
2024-06-07 02:00:00,pm25,PIIANN,15.0,31.94938
2023-02-06 02:00:00,pm25,PIIANN,37.75,51.472004
2023-02-02 14:00:00,pm25,PIIANN,119.25,96.21458
2024-01-01 14:00:00,pm25,PIIANN,69.25,72.87469
2023-12-10 05:00:00,pm25,PIIANN,26.5,41.6586
2025-09-13 01:00:00,pm25,PIIANN,63.366627,61.62662
2025-12-07 03:00:00,pm25,PIIANN,244.0,27.811705
2024-09-07 13:00:00,pm25,PIIANN,15.75,25.089111
2023-01-07 22:00:00,pm25,PIIANN,49.0,61.2598
2023-11-09 03:00:00,pm25,PIIANN,12.75,36.707367
2024-08-11 02:00:00,pm25,PIIANN,24.25,47.90619
2025-01-07 13:00:00,pm25,PIIANN,29.75,25.165909
2024-12-04 15:00:00,pm25,PIIANN,72.25,82.117905
2024-01-02 18:00:00,pm25,PIIANN,45.36614,94.034546
2025-11-11 19:00:00,pm25,PIIANN,26.999998,38.573338
2024-07-09 14:00:00,pm25,PIIANN,3.7499995,28.367525
2024-08-10 14:00:00,pm25,PIIANN,30.0,27.890541
2024-03-03 16:00:00,pm25,PIIANN,100.75,86.28048
2024-01-05 05:00:00,pm25,PIIANN,34.5,71.02341
2025-10-12 15:00:00,pm25,PIIANN,45.36614,63.921825
2025-07-04 10:00:00,pm25,PIIANN,45.36614,60.447025
2025-03-05 08:00:00,pm25,PIIANN,20.0,42.290787
2023-06-02 19:00:00,pm25,PIIANN,165.75,130.19467
2024-10-04 01:00:00,pm25,PIIANN,157.5,113.405396
2024-05-02 17:00:00,pm25,PIIANN,74.0,71.858055
2024-04-06 16:00:00,pm25,PIIANN,48.5,46.27751
2025-10-01 17:00:00,pm25,PIIANN,32.5,78.7587
2025-01-06 03:00:00,pm25,PIIANN,32.0,38.43603
2024-07-07 23:00:00,pm25,PIIANN,15.0,32.940823
2025-08-12 08:00:00,pm25,PIIANN,59.5,57.52356
2023-07-07 17:00:00,pm25,PIIANN,14.5,19.774132
2024-05-07 20:00:00,pm25,PIIANN,28.5,31.006386
2024-05-05 14:00:00,pm25,PIIANN,26.25,67.868256
2024-07-01 21:00:00,pm25,PIIANN,115.0,119.24725
2023-04-06 00:00:00,pm25,PIIANN,53.5,61.14741
2023-05-03 04:00:00,pm25,PIIANN,101.75,113.05114
2023-09-01 20:00:00,pm25,PIIANN,143.75,117.448425
2024-02-12 13:00:00,pm25,PIIANN,21.0,54.323997
2024-02-11 10:00:00,pm25,PIIANN,54.0,64.752335
2023-03-07 22:00:00,pm25,PIIANN,18.0,48.980164
2023-07-10 02:00:00,pm25,PIIANN,13.0,18.345112
2025-01-03 00:00:00,pm25,PIIANN,69.0,108.440674
2025-07-06 22:00:00,pm25,PIIANN,40.0,50.54533
2025-01-11 22:00:00,pm25,PIIANN,48.25,48.02147
2023-11-11 01:00:00,pm25,PIIANN,69.25,57.917194
2025-12-12 23:00:00,pm25,PIIANN,47.75,65.98471
2025-08-03 16:00:00,pm25,PIIANN,87.0,83.92028
2023-11-06 12:00:00,pm25,PIIANN,0.9999996,11.641293
2025-02-02 09:00:00,pm25,PIIANN,62.416668,90.7435
2024-04-03 01:00:00,pm25,PIIANN,107.0,109.943214
2024-07-02 13:00:00,pm25,PIIANN,71.0,68.82371
2023-08-10 22:00:00,pm25,PIIANN,19.666668,32.560047
2024-08-05 12:00:00,pm25,PIIANN,29.0,64.68083
2024-02-12 12:00:00,pm25,PIIANN,21.0,57.259914
2023-06-08 06:00:00,pm25,PIIANN,5.9999995,26.6677
2025-02-03 12:00:00,pm25,PIIANN,52.5,62.36509
2024-07-09 08:00:00,pm25,PIIANN,159.99998,43.10622
2024-11-08 22:00:00,pm25,PIIANN,14.25,46.32268
2023-01-07 09:00:00,pm25,PIIANN,64.0,28.716331
2025-02-12 07:00:00,pm25,PIIANN,19.5,47.148846
2024-09-07 17:00:00,pm25,PIIANN,26.750002,27.16897
2024-09-08 08:00:00,pm25,PIIANN,12.25,58.6898
2023-07-04 21:00:00,pm25,PIIANN,81.0,66.371056
2023-02-06 05:00:00,pm25,PIIANN,38.75,52.99826
2025-03-03 18:00:00,pm25,PIIANN,62.0,73.8952
2025-06-13 00:00:00,pm25,PIIANN,173.43245,100.24825
2025-09-07 23:00:00,pm25,PIIANN,37.5,26.951494
2024-09-05 19:00:00,pm25,PIIANN,15.75,64.780876
2023-03-06 05:00:00,pm25,PIIANN,35.0,56.865204
2024-01-02 19:00:00,pm25,PIIANN,45.36614,115.61915
2025-12-02 16:00:00,pm25,PIIANN,73.75,76.21217
2025-03-09 12:00:00,pm25,PIIANN,28.000002,38.969738
2023-10-05 23:00:00,pm25,PIIANN,64.0,84.53662
2024-06-01 22:00:00,pm25,PIIANN,111.75,114.14553
2023-03-10 19:00:00,pm25,PIIANN,7.7499995,29.680796
2023-12-02 09:00:00,pm25,PIIANN,145.25,113.75923
2025-10-05 00:00:00,pm25,PIIANN,42.84375,55.94836
2024-08-02 12:00:00,pm25,PIIANN,78.0,78.15861
2024-09-08 01:00:00,pm25,PIIANN,4.9999957,67.222755
2025-01-02 03:00:00,pm25,PIIANN,82.75,87.92876
2024-09-09 22:00:00,pm25,PIIANN,25.75,44.630383
2025-06-09 06:00:00,pm25,PIIANN,95.25,66.33326
2024-10-02 01:00:00,pm25,PIIANN,81.0,112.405525
2024-03-07 11:00:00,pm25,PIIANN,10.330002,19.290432
2024-07-02 12:00:00,pm25,PIIANN,74.0,71.431564
2024-01-06 12:00:00,pm25,PIIANN,20.0,35.210358
2023-06-04 16:00:00,pm25,PIIANN,26.5,36.688812
2023-11-10 21:00:00,pm25,PIIANN,51.25,50.823917
2025-04-11 19:00:00,pm25,PIIANN,45.25,48.741337
2025-04-06 00:00:00,pm25,PIIANN,74.5,58.42647
2024-07-09 20:00:00,pm25,PIIANN,17.25,40.31167
2023-02-01 19:00:00,pm25,PIIANN,172.0,108.57675
2024-03-10 06:00:00,pm25,PIIANN,21.0,45.010876
2025-01-04 10:00:00,pm25,PIIANN,84.0,110.277954
2025-02-02 03:00:00,pm25,PIIANN,78.25,99.32152
2025-03-10 22:00:00,pm25,PIIANN,16.75,32.963078
2025-01-07 22:00:00,pm25,PIIANN,93.0,50.284134
2024-06-11 22:00:00,pm25,PIIANN,28.75,74.1331
2023-08-06 06:00:00,pm25,PIIANN,33.5,52.894962
2025-09-05 07:00:00,pm25,PIIANN,30.0,28.619862
2024-10-12 00:00:00,pm25,PIIANN,67.25,42.866024
2025-08-02 13:00:00,pm25,PIIANN,91.25,102.62617
2025-03-11 22:00:00,pm25,PIIANN,50.0,50.218807
2025-07-12 19:00:00,pm25,PIIANN,39.25,79.883224
2025-07-07 19:00:00,pm25,PIIANN,237.75,49.41161
2025-02-09 02:00:00,pm25,PIIANN,35.25,39.979336
2023-10-12 11:00:00,pm25,PIIANN,117.74999,52.91534
2023-09-02 13:00:00,pm25,PIIANN,61.5,93.76111
2024-10-08 18:00:00,pm25,PIIANN,29.499998,40.58716
2023-01-05 06:00:00,pm25,PIIANN,29.75,44.66423
2024-02-05 04:00:00,pm25,PIIANN,77.75,71.99048
2025-02-10 13:00:00,pm25,PIIANN,12.0,46.977085
2023-08-08 22:00:00,pm25,PIIANN,45.36614,35.7535
2025-05-10 21:00:00,pm25,PIIANN,29.374998,26.342373
2024-01-06 05:00:00,pm25,PIIANN,9.0,31.548565
2024-11-02 14:00:00,pm25,PIIANN,73.90625,72.16007
2024-09-01 19:00:00,pm25,PIIANN,238.0,136.74442
2025-01-01 21:00:00,pm25,PIIANN,113.75,116.61599
2024-11-05 09:00:00,pm25,PIIANN,73.0,57.29334
2025-11-05 07:00:00,pm25,PIIANN,29.499998,42.780148
2024-02-07 19:00:00,pm25,PIIANN,9.5,26.982132
2024-05-01 21:00:00,pm25,PIIANN,107.75,111.383545
2023-01-05 05:00:00,pm25,PIIANN,31.0,45.530136
2024-02-03 03:00:00,pm25,PIIANN,100.0,103.1809
2023-04-12 09:00:00,pm25,PIIANN,80.25,63.85242
2023-07-10 15:00:00,pm25,PIIANN,12.0,14.375591
2023-08-11 20:00:00,pm25,PIIANN,69.25,73.8525
2024-04-08 04:00:00,pm25,PIIANN,41.5,46.75547
2025-02-09 01:00:00,pm25,PIIANN,35.0,38.572998
2025-07-11 23:00:00,pm25,PIIANN,27.25,45.91584
2025-02-03 22:00:00,pm25,PIIANN,101.0,93.72562
2025-12-11 19:00:00,pm25,PIIANN,18.75,37.839977
2023-07-10 00:00:00,pm25,PIIANN,10.166668,29.79009
2025-10-05 19:00:00,pm25,PIIANN,83.625,85.88617
2024-09-02 06:00:00,pm25,PIIANN,57.75,91.47935
2023-02-09 16:00:00,pm25,PIIANN,43.75,56.38799
2023-07-07 03:00:00,pm25,PIIANN,35.5,46.15395
2024-12-11 23:00:00,pm25,PIIANN,51.0,48.32434
2025-03-07 05:00:00,pm25,PIIANN,85.0,54.89302
2024-04-09 04:00:00,pm25,PIIANN,5.2499995,52.333927
2023-12-04 21:00:00,pm25,PIIANN,128.25,103.06467
2025-03-02 00:00:00,pm25,PIIANN,94.75,90.2286
2024-01-02 20:00:00,pm25,PIIANN,45.36614,93.61035
2023-02-03 14:00:00,pm25,PIIANN,79.25,77.63886
2023-03-05 21:00:00,pm25,PIIANN,59.75,65.91751
2025-10-11 14:00:00,pm25,PIIANN,27.5,36.220802
2024-03-03 12:00:00,pm25,PIIANN,81.625,88.72862
2024-01-02 16:00:00,pm25,PIIANN,45.36614,77.15046
2024-12-10 23:00:00,pm25,PIIANN,12.75,69.182236
2024-06-10 21:00:00,pm25,PIIANN,59.75,39.95384
2025-01-10 00:00:00,pm25,PIIANN,12.0,38.75174
2024-10-10 03:00:00,pm25,PIIANN,154.25,48.797543
2023-03-03 06:00:00,pm25,PIIANN,93.0,110.659775
2024-10-01 19:00:00,pm25,PIIANN,189.67,125.7703
2023-02-07 12:00:00,pm25,PIIANN,19.5,78.314514
2024-10-09 15:00:00,pm25,PIIANN,25.5,32.780727
2024-01-03 23:00:00,pm25,PIIANN,110.74999,113.265884
2025-06-02 04:00:00,pm25,PIIANN,30.500002,75.38199
2025-05-05 12:00:00,pm25,PIIANN,33.75,36.78206
2023-03-02 22:00:00,pm25,PIIANN,104.25,108.68823
2024-01-08 08:00:00,pm25,PIIANN,70.25,49.93922
2024-10-08 03:00:00,pm25,PIIANN,126.75,43.020702
2023-04-05 13:00:00,pm25,PIIANN,25.25,41.45705
2023-05-11 18:00:00,pm25,PIIANN,87.75,64.52953
2025-07-05 06:00:00,pm25,PIIANN,7.7499995,36.980324
2025-09-06 07:00:00,pm25,PIIANN,78.25,39.487953
2024-07-07 13:00:00,pm25,PIIANN,18.330002,20.74134
2023-01-05 09:00:00,pm25,PIIANN,36.75,42.86427
2025-12-11 22:00:00,pm25,PIIANN,34.5,36.778645
2025-08-10 22:00:00,pm25,PIIANN,18.0,29.957432
2024-09-09 10:00:00,pm25,PIIANN,266.37503,95.20943
2023-12-04 18:00:00,pm25,PIIANN,76.0,64.75634
2024-03-10 07:00:00,pm25,PIIANN,15.0,43.989662
2024-07-08 02:00:00,pm25,PIIANN,499.00003,88.120476
2024-07-12 12:00:00,pm25,PIIANN,51.75,83.89926
2024-02-10 08:00:00,pm25,PIIANN,140.5,71.55668
2024-10-02 16:00:00,pm25,PIIANN,71.5,66.20091
2023-09-04 07:00:00,pm25,PIIANN,171.5,117.041435
2024-11-12 08:00:00,pm25,PIIANN,46.0,51.224617
2023-11-11 15:00:00,pm25,PIIANN,36.5,57.55961
2023-11-10 22:00:00,pm25,PIIANN,51.75,48.374706
2023-11-07 00:00:00,pm25,PIIANN,24.0,34.44707
2024-12-01 18:00:00,pm25,PIIANN,163.0,125.63234
2024-05-06 10:00:00,pm25,PIIANN,120.0,38.490627
2023-02-10 17:00:00,pm25,PIIANN,45.36614,29.90232
2024-09-05 02:00:00,pm25,PIIANN,92.5,70.74354
2023-09-02 00:00:00,pm25,PIIANN,51.75,111.0316
2025-04-03 23:00:00,pm25,PIIANN,59.75,75.381035
2024-07-01 17:00:00,pm25,PIIANN,85.25,84.375916
2025-08-04 07:00:00,pm25,PIIANN,99.875,76.74654
2023-06-11 02:00:00,pm25,PIIANN,76.75,63.99953
2025-03-10 15:00:00,pm25,PIIANN,16.0,39.852505
2024-06-09 22:00:00,pm25,PIIANN,22.5,36.119205
2025-05-02 16:00:00,pm25,PIIANN,66.75,87.13467
2023-01-12 04:00:00,pm25,PIIANN,45.36614,46.63592
2025-11-02 05:00:00,pm25,PIIANN,79.0,82.846275
2025-12-12 22:00:00,pm25,PIIANN,52.5,64.702545
2023-06-05 17:00:00,pm25,PIIANN,39.75,33.951637
2023-02-02 06:00:00,pm25,PIIANN,95.25,97.94957
2024-08-02 21:00:00,pm25,PIIANN,109.75,111.934296
2023-07-02 18:00:00,pm25,PIIANN,134.0,107.92337
2023-07-08 21:00:00,pm25,PIIANN,45.36614,24.879559
2023-08-08 12:00:00,pm25,PIIANN,45.36614,12.319378
2023-12-01 17:00:00,pm25,PIIANN,96.75,110.33764
2023-10-01 12:00:00,pm25,PIIANN,49.75,93.71157
2025-03-09 10:00:00,pm25,PIIANN,45.36614,41.895824
2023-03-02 07:00:00,pm25,PIIANN,45.36614,87.66043
2023-03-06 23:00:00,pm25,PIIANN,53.5,51.227043
2025-04-07 12:00:00,pm25,PIIANN,26.5,36.047432
2023-11-11 09:00:00,pm25,PIIANN,137.75,71.531204
2024-06-04 16:00:00,pm25,PIIANN,42.0,54.795677
2025-12-03 22:00:00,pm25,PIIANN,61.5,77.29085
2025-10-11 04:00:00,pm25,PIIANN,40.25,40.173443
2025-01-08 05:00:00,pm25,PIIANN,28.000002,29.539059
2024-01-08 01:00:00,pm25,PIIANN,474.5,94.07058
2023-04-02 14:00:00,pm25,PIIANN,98.0,101.33775
2023-04-02 01:00:00,pm25,PIIANN,109.5,110.7058
2023-06-10 17:00:00,pm25,PIIANN,2.0000033,7.871391
2025-07-10 04:00:00,pm25,PIIANN,18.0,32.70473
2023-02-07 02:00:00,pm25,PIIANN,141.25,55.975918
2024-12-07 22:00:00,pm25,PIIANN,160.49998,40.53448
2024-01-13 01:00:00,pm25,PIIANN,84.26641,71.864586
2023-06-09 01:00:00,pm25,PIIANN,13.200001,40.95779
2024-11-05 08:00:00,pm25,PIIANN,36.75,66.49686
2024-05-08 15:00:00,pm25,PIIANN,40.0,38.079315
2025-08-08 18:00:00,pm25,PIIANN,36.0,24.24179
2023-08-12 17:00:00,pm25,PIIANN,17.0,30.899092
2025-11-06 21:00:00,pm25,PIIANN,22.25,57.476707
2024-03-06 03:00:00,pm25,PIIANN,45.36614,40.534744
2025-10-05 22:00:00,pm25,PIIANN,23.75,49.05889
2024-02-11 09:00:00,pm25,PIIANN,34.25,65.38065
2023-01-10 04:00:00,pm25,PIIANN,4.7499957,39.279354
2023-07-04 12:00:00,pm25,PIIANN,33.75,42.8636
2025-03-01 08:00:00,pm25,PIIANN,25.0,76.56656
2024-01-02 12:00:00,pm25,PIIANN,161.34616,101.31201
2024-10-06 12:00:00,pm25,PIIANN,64.0,66.994385
2024-12-03 04:00:00,pm25,PIIANN,134.25,110.48943
2023-05-03 21:00:00,pm25,PIIANN,89.5,112.83991
2023-01-12 19:00:00,pm25,PIIANN,109.5,69.792404
2024-02-02 17:00:00,pm25,PIIANN,93.25,91.56234
2025-12-11 00:00:00,pm25,PIIANN,20.0,30.649677
2024-07-06 00:00:00,pm25,PIIANN,34.25,71.15187
2023-09-02 16:00:00,pm25,PIIANN,48.75,77.31864
2023-08-08 01:00:00,pm25,PIIANN,9.5,25.832275
2024-07-12 03:00:00,pm25,PIIANN,70.0,75.28584
2025-11-03 14:00:00,pm25,PIIANN,21.25,89.876015
2024-04-05 15:00:00,pm25,PIIANN,42.125,70.320656
2024-05-07 21:00:00,pm25,PIIANN,7.2499957,31.290154
2023-04-07 03:00:00,pm25,PIIANN,38.0,60.311066
2025-03-12 09:00:00,pm25,PIIANN,33.5,53.3169
2025-06-05 01:00:00,pm25,PIIANN,42.25,53.73905
2023-04-12 15:00:00,pm25,PIIANN,57.0,50.577396
2025-05-12 16:00:00,pm25,PIIANN,48.0,41.552162
2025-12-10 03:00:00,pm25,PIIANN,16.0,28.334068
2023-10-07 09:00:00,pm25,PIIANN,10.0,62.1812
2023-11-10 18:00:00,pm25,PIIANN,49.25,37.07733
2023-03-04 15:00:00,pm25,PIIANN,11.0,21.454243
2023-12-11 06:00:00,pm25,PIIANN,38.25,75.11833
2024-04-11 08:00:00,pm25,PIIANN,62.25,50.93907
2025-12-08 15:00:00,pm25,PIIANN,38.0,36.6706
2024-09-05 14:00:00,pm25,PIIANN,48.5,36.52641
2024-06-11 12:00:00,pm25,PIIANN,38.5,39.528564
2024-09-10 05:00:00,pm25,PIIANN,28.249998,41.147976
2023-09-06 08:00:00,pm25,PIIANN,2.0000033,26.680252
2025-10-06 02:00:00,pm25,PIIANN,24.5,36.257294
2023-08-12 20:00:00,pm25,PIIANN,47.0,37.732067
2024-05-08 07:00:00,pm25,PIIANN,115.0,50.626472
2023-05-12 17:00:00,pm25,PIIANN,164.99998,104.46428
2024-04-10 15:00:00,pm25,PIIANN,13.25,24.5466
2023-08-05 05:00:00,pm25,PIIANN,43.25,33.425724
2024-12-10 18:00:00,pm25,PIIANN,34.25,60.27136
2024-04-05 03:00:00,pm25,PIIANN,85.75,98.59328
2023-10-11 13:00:00,pm25,PIIANN,77.25,55.740868
2023-04-09 06:00:00,pm25,PIIANN,26.5,34.36155
2025-04-03 01:00:00,pm25,PIIANN,104.75,84.878426
2025-06-12 14:00:00,pm25,PIIANN,123.0,68.86678
2023-08-12 22:00:00,pm25,PIIANN,42.25,41.991352
2024-10-06 16:00:00,pm25,PIIANN,52.5625,60.148773
2024-09-05 01:00:00,pm25,PIIANN,53.75,76.718544
2025-12-12 09:00:00,pm25,PIIANN,57.0,63.181744
2024-11-04 05:00:00,pm25,PIIANN,72.0,96.706764
2025-12-10 06:00:00,pm25,PIIANN,17.0,26.821377
2025-06-03 20:00:00,pm25,PIIANN,102.5,68.03608
2024-02-08 16:00:00,pm25,PIIANN,55.0,48.28417
2025-02-06 04:00:00,pm25,PIIANN,32.0,33.22063
2023-10-02 15:00:00,pm25,PIIANN,55.25,63.843918
2023-07-07 05:00:00,pm25,PIIANN,1.4999996,38.719887
2024-12-04 18:00:00,pm25,PIIANN,75.5,88.48667
2025-10-05 20:00:00,pm25,PIIANN,13.25,71.78655
2023-10-06 10:00:00,pm25,PIIANN,2.7499995,14.525215
2024-02-05 14:00:00,pm10,PIIANN,185.0,212.60933
2023-01-01 12:00:00,pm10,PIIANN,119.75,186.19208
2023-09-05 02:00:00,pm10,PIIANN,61.25,96.24578
2024-07-04 22:00:00,pm10,PIIANN,153.25,223.49939
2023-06-06 19:00:00,pm10,PIIANN,178.0,247.34511
2025-02-12 04:00:00,pm10,PIIANN,72.75,47.208588
2023-11-12 05:00:00,pm10,PIIANN,93.25,148.78668
2025-03-02 04:00:00,pm10,PIIANN,108.5,126.67426
2025-10-10 03:00:00,pm10,PIIANN,24.0,52.618042
2024-05-04 03:00:00,pm10,PIIANN,216.5,284.81317
2025-04-02 01:00:00,pm10,PIIANN,128.75,160.01056
2025-02-03 13:00:00,pm10,PIIANN,330.25,129.86511
2023-08-06 18:00:00,pm10,PIIANN,95.75,183.06448
2025-12-07 16:00:00,pm10,PIIANN,39.0,75.8608
2024-12-09 23:00:00,pm10,PIIANN,498.25,174.2898
2025-08-11 20:00:00,pm10,PIIANN,59.5,79.0434
2023-10-04 21:00:00,pm10,PIIANN,178.5,197.4058
2024-07-13 02:00:00,pm10,PIIANN,119.04595,116.26131
2023-06-03 20:00:00,pm10,PIIANN,173.5,355.28635
2023-04-11 20:00:00,pm10,PIIANN,128.5,98.20007
2025-11-09 00:00:00,pm10,PIIANN,52.788185,74.31496
2023-08-02 01:00:00,pm10,PIIANN,155.0,244.96605
2025-09-07 10:00:00,pm10,PIIANN,23.330002,23.443283
2024-01-03 13:00:00,pm10,PIIANN,187.25,154.8245
2024-09-06 10:00:00,pm10,PIIANN,46.0,78.77229
2025-03-10 13:00:00,pm10,PIIANN,33.0,54.601692
2025-07-12 15:00:00,pm10,PIIANN,124.0,141.09518
2023-05-07 21:00:00,pm10,PIIANN,680.2,343.57187
2025-05-08 07:00:00,pm10,PIIANN,52.0,74.08822
2023-05-08 07:00:00,pm10,PIIANN,427.42856,312.88516
2023-03-08 17:00:00,pm10,PIIANN,101.0,167.08932
2025-05-11 17:00:00,pm10,PIIANN,89.0,81.624214
2023-07-11 11:00:00,pm10,PIIANN,149.5,111.6915
2025-09-11 09:00:00,pm10,PIIANN,73.5,49.490273
2023-08-10 04:00:00,pm10,PIIANN,62.0,126.81909
2023-12-10 22:00:00,pm10,PIIANN,93.5,157.84468
2024-06-05 03:00:00,pm10,PIIANN,120.0,104.16651
2023-05-06 09:00:00,pm10,PIIANN,85.75,97.34321
2025-10-05 05:00:00,pm10,PIIANN,78.75,74.18293
2025-11-04 04:00:00,pm10,PIIANN,76.25,98.16203
2025-06-02 08:00:00,pm10,PIIANN,141.0,92.82956
2023-06-11 22:00:00,pm10,PIIANN,71.0,136.85452
2024-09-12 12:00:00,pm10,PIIANN,112.0,117.71006
2023-12-02 20:00:00,pm10,PIIANN,238.0,241.19054
2025-10-02 20:00:00,pm10,PIIANN,158.75,183.27167
2025-09-02 19:00:00,pm10,PIIANN,194.25,163.08939
2025-03-07 23:00:00,pm10,PIIANN,47.4375,85.957565
2024-11-03 09:00:00,pm10,PIIANN,278.5,233.4217
2025-11-11 15:00:00,pm10,PIIANN,40.5,55.03882
2025-12-04 01:00:00,pm10,PIIANN,127.5,177.39299
2023-07-11 00:00:00,pm10,PIIANN,62.0,123.22506
2023-07-10 18:00:00,pm10,PIIANN,26.0,77.63325
2024-03-02 02:00:00,pm10,PIIANN,127.5,125.85825
2025-10-09 15:00:00,pm10,PIIANN,40.5,41.614784
2023-05-01 10:00:00,pm10,PIIANN,218.0,106.89159
2024-02-13 00:00:00,pm10,PIIANN,63.367363,63.398727
2023-01-05 20:00:00,pm10,PIIANN,890.0,199.14328
2024-03-01 22:00:00,pm10,PIIANN,160.25,215.74112
2023-12-09 21:00:00,pm10,PIIANN,48.0,185.40445
2023-10-06 23:00:00,pm10,PIIANN,131.23077,115.27938
2024-09-07 05:00:00,pm10,PIIANN,41.5,60.333252
2023-09-09 03:00:00,pm10,PIIANN,39.0,146.69354
2025-01-02 07:00:00,pm10,PIIANN,126.833336,179.58525
2025-08-09 08:00:00,pm10,PIIANN,73.5,105.60979
2024-10-03 05:00:00,pm10,PIIANN,157.5,164.80966
2023-02-05 10:00:00,pm10,PIIANN,83.75,117.0898
2024-05-03 23:00:00,pm10,PIIANN,309.0,300.0816
2024-08-11 05:00:00,pm10,PIIANN,69.5,101.62714
2025-06-06 08:00:00,pm10,PIIANN,39.5,22.206116
2023-08-10 02:00:00,pm10,PIIANN,62.0,129.3845
2025-01-06 19:00:00,pm10,PIIANN,48.0,55.74691
2023-07-04 00:00:00,pm10,PIIANN,141.75,173.17625
2024-12-02 14:00:00,pm10,PIIANN,169.89285,126.89768
2023-12-11 16:00:00,pm10,PIIANN,69.75,114.28337
2025-07-03 10:00:00,pm10,PIIANN,110.0,114.9276
2025-02-07 14:00:00,pm10,PIIANN,32.75,52.446075
2023-07-05 04:00:00,pm10,PIIANN,722.0,245.02834
2025-08-06 07:00:00,pm10,PIIANN,102.5,69.05583
2025-03-11 01:00:00,pm10,PIIANN,90.25,69.37229
2024-01-06 21:00:00,pm10,PIIANN,202.75,74.60987
2023-07-07 13:00:00,pm10,PIIANN,17.5,82.55153
2025-01-12 23:00:00,pm10,PIIANN,39.75,80.36302
2024-07-09 12:00:00,pm10,PIIANN,8.249999,119.39315
2025-11-10 17:00:00,pm10,PIIANN,22.333336,44.90818
2024-10-10 07:00:00,pm10,PIIANN,120.5,76.77994
2024-05-10 08:00:00,pm10,PIIANN,89.5,82.3075
2025-10-03 19:00:00,pm10,PIIANN,349.0,262.22342
2024-02-05 00:00:00,pm10,PIIANN,131.0,241.5348
2023-11-04 12:00:00,pm10,PIIANN,218.75,199.31192
2024-12-01 16:00:00,pm10,PIIANN,207.75,240.82198
2024-04-01 14:00:00,pm10,PIIANN,144.0,141.7893
2023-03-06 03:00:00,pm10,PIIANN,141.75,161.83354
2025-07-01 16:00:00,pm10,PIIANN,56.833336,80.92714
2023-03-11 19:00:00,pm10,PIIANN,145.25,53.911583
2024-04-04 08:00:00,pm10,PIIANN,239.5,250.73763
2023-07-05 05:00:00,pm10,PIIANN,309.0,288.2705
2025-01-06 22:00:00,pm10,PIIANN,49.0,65.01185
2025-04-05 13:00:00,pm10,PIIANN,95.5,132.44943
2024-07-10 12:00:00,pm10,PIIANN,105.0,46.70616
2025-10-06 14:00:00,pm10,PIIANN,34.75,73.39779
2025-11-02 09:00:00,pm10,PIIANN,101.0,165.74565
2025-04-06 12:00:00,pm10,PIIANN,44.75,65.88913
2024-06-06 04:00:00,pm10,PIIANN,40.0,124.21314
2023-03-02 03:00:00,pm10,PIIANN,189.0,217.47353
2023-09-12 11:00:00,pm10,PIIANN,80.75,80.381386
2023-09-12 16:00:00,pm10,PIIANN,49.5,73.68033
2025-06-06 05:00:00,pm10,PIIANN,41.67,53.97309
2024-06-10 13:00:00,pm10,PIIANN,48.5,64.75195
2023-09-09 02:00:00,pm10,PIIANN,62.0,171.7749
2023-11-03 00:00:00,pm10,PIIANN,143.0,183.30534
2025-01-03 13:00:00,pm10,PIIANN,150.75,129.30974
2024-10-06 18:00:00,pm10,PIIANN,99.0,131.01353
2024-12-03 14:00:00,pm10,PIIANN,214.0,242.0097
2023-03-08 20:00:00,pm10,PIIANN,124.25,169.4678
2025-12-01 21:00:00,pm10,PIIANN,261.25,193.73914
2025-09-03 21:00:00,pm10,PIIANN,173.5,187.90866
2023-06-05 16:00:00,pm10,PIIANN,159.0,119.85786
2025-10-05 17:00:00,pm10,PIIANN,139.25,133.86685
2023-05-05 21:00:00,pm10,PIIANN,225.0,136.7473
2023-11-12 11:00:00,pm10,PIIANN,165.5,171.97337
2025-09-06 05:00:00,pm10,PIIANN,32.5,66.61911
2025-09-05 19:00:00,pm10,PIIANN,181.5,135.48784
2023-07-02 02:00:00,pm10,PIIANN,199.0,246.96729
2024-02-06 12:00:00,pm10,PIIANN,46.25,80.95459
2024-05-07 11:00:00,pm10,PIIANN,19.75,32.111504
2023-11-10 20:00:00,pm10,PIIANN,117.0,163.32552
2024-09-11 01:00:00,pm10,PIIANN,27.75,123.97878
2025-05-13 00:00:00,pm10,PIIANN,67.863785,44.515144
2023-09-12 02:00:00,pm10,PIIANN,94.75,88.57219
2023-06-09 14:00:00,pm10,PIIANN,40.0,138.31242
2025-10-08 19:00:00,pm10,PIIANN,53.75,57.615074
2023-06-06 23:00:00,pm10,PIIANN,254.99998,229.42992
2025-06-08 15:00:00,pm10,PIIANN,42.25,31.730194
2024-12-04 03:00:00,pm10,PIIANN,208.0,229.39867
2025-10-03 07:00:00,pm10,PIIANN,184.3,181.50598
2025-04-12 18:00:00,pm10,PIIANN,79.0,65.70338
2024-06-02 23:00:00,pm10,PIIANN,181.5,218.0234
2024-04-03 12:00:00,pm10,PIIANN,444.25,193.07573
2025-07-11 03:00:00,pm10,PIIANN,56.25,76.32825
2023-03-09 20:00:00,pm10,PIIANN,264.0,269.30853
2023-03-09 11:00:00,pm10,PIIANN,617.2,339.58994
2025-05-13 02:00:00,pm10,PIIANN,68.091354,44.644966
2025-03-12 14:00:00,pm10,PIIANN,69.99999,66.17043
2023-12-03 23:00:00,pm10,PIIANN,190.75,266.49573
2024-12-06 11:00:00,pm10,PIIANN,181.75,132.65349
2025-11-04 19:00:00,pm10,PIIANN,73.75,73.933525
2023-08-08 10:00:00,pm10,PIIANN,45.75,95.68558
2023-06-02 12:00:00,pm10,PIIANN,257.25,226.43208
2025-09-03 15:00:00,pm10,PIIANN,100.0,200.3221
2023-03-05 11:00:00,pm10,PIIANN,86.5,115.77503
2023-02-09 01:00:00,pm10,PIIANN,536.0,364.64636
2024-05-07 19:00:00,pm10,PIIANN,32.75,52.201553
2024-09-03 15:00:00,pm10,PIIANN,82.75,156.85922
2023-02-04 08:00:00,pm10,PIIANN,101.0,89.584564
2023-10-03 21:00:00,pm10,PIIANN,153.5,232.9246
2025-03-04 13:00:00,pm10,PIIANN,149.75,111.17426
2024-01-06 07:00:00,pm10,PIIANN,33.0,52.171562
2023-12-08 22:00:00,pm10,PIIANN,101.0,163.19705
2025-08-04 00:00:00,pm10,PIIANN,175.25,182.61328
2024-02-03 19:00:00,pm10,PIIANN,327.25,266.2727
2025-06-09 04:00:00,pm10,PIIANN,21.0,92.9441
2023-12-06 00:00:00,pm10,PIIANN,33.0,160.73035
2025-08-03 05:00:00,pm10,PIIANN,128.0,126.00459
2025-08-03 19:00:00,pm10,PIIANN,256.0,194.98662
2023-03-02 08:00:00,pm10,PIIANN,210.25,215.60335
2024-05-11 17:00:00,pm10,PIIANN,53.75,60.880074
2025-04-08 18:00:00,pm10,PIIANN,45.0,71.7629
2023-07-03 19:00:00,pm10,PIIANN,240.25,198.9523
2025-11-12 21:00:00,pm10,PIIANN,156.0,118.41538
2023-05-11 02:00:00,pm10,PIIANN,59.0,67.71041
2024-04-08 19:00:00,pm10,PIIANN,28.0,140.15837
2025-08-06 13:00:00,pm10,PIIANN,124.75,81.88839
2023-02-04 02:00:00,pm10,PIIANN,147.0,224.58179
2023-05-07 22:00:00,pm10,PIIANN,733.8,369.4443
2023-03-12 15:00:00,pm10,PIIANN,82.0,161.07233
2025-02-05 16:00:00,pm10,PIIANN,49.0,63.198555
2023-09-07 04:00:00,pm10,PIIANN,101.0,228.3482
2023-06-01 13:00:00,pm10,PIIANN,120.25,136.28041
2025-02-08 01:00:00,pm10,PIIANN,43.0,62.04223
2023-07-02 21:00:00,pm10,PIIANN,195.25,258.68268
2024-02-06 23:00:00,pm10,PIIANN,25.5,73.86263
2024-10-07 14:00:00,pm10,PIIANN,24.25,44.678856
2023-08-07 02:00:00,pm10,PIIANN,494.0,265.48535
2023-11-02 21:00:00,pm10,PIIANN,169.25,212.35529
2023-01-10 10:00:00,pm10,PIIANN,23.75,102.67431
2025-08-13 01:00:00,pm10,PIIANN,102.23195,85.13874
2023-06-02 14:00:00,pm10,PIIANN,188.5,235.55824
2023-11-09 12:00:00,pm10,PIIANN,98.75,164.77533
2024-04-04 00:00:00,pm10,PIIANN,227.0,196.69746
2023-02-01 17:00:00,pm10,PIIANN,152.75,155.714
2024-11-11 08:00:00,pm10,PIIANN,41.75,132.05937
2025-11-12 07:00:00,pm10,PIIANN,146.75,112.30579
2025-02-10 09:00:00,pm10,PIIANN,101.0,108.91844
2023-04-02 05:00:00,pm10,PIIANN,195.5,192.64355
2023-01-05 19:00:00,pm10,PIIANN,451.25,130.8495
2025-06-09 05:00:00,pm10,PIIANN,183.0,56.862488
2023-08-02 12:00:00,pm10,PIIANN,196.25,201.23393
2023-07-06 17:00:00,pm10,PIIANN,75.75,173.92474
2023-06-05 22:00:00,pm10,PIIANN,346.25,278.24588
2025-09-05 01:00:00,pm10,PIIANN,45.0,97.924614
2025-11-12 06:00:00,pm10,PIIANN,105.5,101.95617
2024-06-11 23:00:00,pm10,PIIANN,84.5,128.52402
2024-04-11 05:00:00,pm10,PIIANN,78.75,90.975464
2024-04-06 08:00:00,pm10,PIIANN,170.0,95.69454
2023-06-10 19:00:00,pm10,PIIANN,21.666664,74.61883
2024-03-06 21:00:00,pm10,PIIANN,9.999991,95.48932
2023-07-12 13:00:00,pm10,PIIANN,155.25,160.81992
2024-05-03 13:00:00,pm10,PIIANN,163.5,173.94193
2024-05-11 09:00:00,pm10,PIIANN,55.75,87.00306
2023-12-04 13:00:00,pm10,PIIANN,199.5,229.74503
2023-02-09 04:00:00,pm10,PIIANN,376.25003,354.15903
2025-06-12 11:00:00,pm10,PIIANN,168.25,68.04349
2025-12-03 04:00:00,pm10,PIIANN,214.0,212.52936
2024-11-02 17:00:00,pm10,PIIANN,101.0,190.88463
2023-07-07 04:00:00,pm10,PIIANN,387.6667,344.82455
2023-06-02 06:00:00,pm10,PIIANN,248.25,243.94016
2024-06-04 05:00:00,pm10,PIIANN,89.25,106.67972
2024-01-03 06:00:00,pm10,PIIANN,161.5,241.02441
2024-11-02 01:00:00,pm10,PIIANN,272.0,217.01302
2023-01-10 03:00:00,pm10,PIIANN,39.0,192.93387
2025-03-12 07:00:00,pm10,PIIANN,59.67,99.80124
2024-09-11 23:00:00,pm10,PIIANN,29.0,97.817726
2025-06-03 12:00:00,pm10,PIIANN,188.75,116.43591
2023-11-10 01:00:00,pm10,PIIANN,150.0,159.60623
2024-04-05 02:00:00,pm10,PIIANN,279.75,289.30286
2024-06-09 09:00:00,pm10,PIIANN,669.75,143.90535
2024-09-04 12:00:00,pm10,PIIANN,156.5,185.6609
2024-12-07 20:00:00,pm10,PIIANN,15.999999,36.645493
2023-05-03 15:00:00,pm10,PIIANN,112.5,176.54875
2023-11-12 15:00:00,pm10,PIIANN,94.5,165.70253
2023-04-07 10:00:00,pm10,PIIANN,42.25,93.24434
2025-07-10 18:00:00,pm10,PIIANN,33.0,39.840637
2023-01-11 21:00:00,pm10,PIIANN,54.75,137.05939
2024-12-07 02:00:00,pm10,PIIANN,30.666664,82.02226
2023-11-11 14:00:00,pm10,PIIANN,60.75,130.96019
2025-10-09 06:00:00,pm10,PIIANN,44.0,49.935112
2023-12-08 15:00:00,pm10,PIIANN,114.0,182.92955
2025-08-08 12:00:00,pm10,PIIANN,20.0,34.95597
2025-05-07 10:00:00,pm10,PIIANN,23.0,83.51938
2024-03-11 23:00:00,pm10,PIIANN,135.75,136.08473
2023-10-04 19:00:00,pm10,PIIANN,133.5,190.73889
2025-01-05 14:00:00,pm10,PIIANN,69.99999,44.39556
2023-12-06 13:00:00,pm10,PIIANN,23.25,81.64742
2025-05-01 13:00:00,pm10,PIIANN,58.25,149.57693
2024-04-05 05:00:00,pm10,PIIANN,156.0,264.67337
2025-03-12 16:00:00,pm10,PIIANN,81.5,64.00338
2025-12-10 09:00:00,pm10,PIIANN,32.0,27.76812
2024-01-04 01:00:00,pm10,PIIANN,149.39285,187.54607
2024-05-02 08:00:00,pm10,PIIANN,171.5,136.98
2023-02-11 15:00:00,pm10,PIIANN,48.25,65.4703
2024-07-02 04:00:00,pm10,PIIANN,173.75,169.90242
2023-10-09 04:00:00,pm10,PIIANN,23.0,151.4433
2023-11-08 17:00:00,pm10,PIIANN,267.5,226.36464
2025-11-05 14:00:00,pm10,PIIANN,43.0,46.077415
2024-07-05 06:00:00,pm10,PIIANN,91.0,92.33398
2025-04-12 08:00:00,pm10,PIIANN,50.25,49.756294
2023-08-01 12:00:00,pm10,PIIANN,175.5,118.28978
2024-01-06 06:00:00,pm10,PIIANN,14.249999,53.194695
2023-06-09 13:00:00,pm10,PIIANN,45.0,133.49808
2023-04-09 07:00:00,pm10,PIIANN,710.0,317.2717
2024-06-04 20:00:00,pm10,PIIANN,173.75,175.60307
2023-08-11 09:00:00,pm10,PIIANN,73.25,87.34859
2024-04-10 11:00:00,pm10,PIIANN,27.25,55.29785
2023-10-08 01:00:00,pm10,PIIANN,329.75,300.5946
2023-07-01 23:00:00,pm10,PIIANN,167.5,256.5992
2023-11-11 19:00:00,pm10,PIIANN,189.75,158.66417
2025-09-04 22:00:00,pm10,PIIANN,67.0,111.206406
2024-07-08 03:00:00,pm10,PIIANN,38.25,266.11887
2025-02-12 21:00:00,pm10,PIIANN,55.25,54.714462
2025-07-05 11:00:00,pm10,PIIANN,46.75,30.449425
2023-09-03 15:00:00,pm10,PIIANN,119.75,163.01561
2025-04-03 21:00:00,pm10,PIIANN,124.75,164.20113
2025-05-10 22:00:00,pm10,PIIANN,101.0,46.084686
2025-03-13 01:00:00,pm10,PIIANN,75.125275,62.65071
2024-06-12 05:00:00,pm10,PIIANN,51.0,70.81593
2023-09-04 17:00:00,pm10,PIIANN,134.25,164.36325
2025-05-02 08:00:00,pm10,PIIANN,135.0,114.2267
2025-10-12 06:00:00,pm10,PIIANN,103.655334,92.27929
2025-02-11 21:00:00,pm10,PIIANN,76.5,76.159966
2025-08-11 14:00:00,pm10,PIIANN,73.0,61.962936
2025-02-08 20:00:00,pm10,PIIANN,42.75,56.401024
2025-08-09 22:00:00,pm10,PIIANN,28.75,123.289085
2024-02-03 22:00:00,pm10,PIIANN,177.25,299.43658
2023-03-04 19:00:00,pm10,PIIANN,189.0,153.0997
2025-01-08 23:00:00,pm10,PIIANN,42.5,56.26567
2024-05-10 02:00:00,pm10,PIIANN,54.0,86.903435
2024-09-04 15:00:00,pm10,PIIANN,165.0,174.89693
2024-10-02 07:00:00,pm10,PIIANN,230.85,182.25319
2024-06-05 20:00:00,pm10,PIIANN,50.0,138.29726
2024-06-09 18:00:00,pm10,PIIANN,76.25,106.22639
2023-03-08 07:00:00,pm10,PIIANN,101.0,139.35942
2025-01-01 12:00:00,pm10,PIIANN,210.5,172.08012
2024-02-02 01:00:00,pm10,PIIANN,208.28572,207.85507
2024-03-07 17:00:00,pm10,PIIANN,28.75,31.953003
2023-12-08 02:00:00,pm10,PIIANN,503.8,378.67325
2024-03-09 17:00:00,pm10,PIIANN,57.75,52.72896
2024-04-08 08:00:00,pm10,PIIANN,133.0,64.06585
2023-04-05 00:00:00,pm10,PIIANN,112.625,71.404755
2024-08-08 15:00:00,pm10,PIIANN,114.0,48.177895
2023-07-09 13:00:00,pm10,PIIANN,35.5,129.03207
2024-08-13 02:00:00,pm10,PIIANN,81.19803,91.86618
2023-12-11 19:00:00,pm10,PIIANN,395.5,188.27983
2023-08-07 15:00:00,pm10,PIIANN,105.0,149.30667
2025-05-10 11:00:00,pm10,PIIANN,32.75,26.194122
2025-07-08 06:00:00,pm10,PIIANN,41.0,51.430145
2024-02-08 12:00:00,pm10,PIIANN,166.75,87.91245
2023-05-03 12:00:00,pm10,PIIANN,127.25,178.2082
2025-02-11 06:00:00,pm10,PIIANN,79.25,68.61521
2025-09-09 21:00:00,pm10,PIIANN,39.25,90.34563
2025-01-07 07:00:00,pm10,PIIANN,27.125,48.390182
2025-02-08 10:00:00,pm10,PIIANN,43.5,34.91658
2023-06-08 05:00:00,pm10,PIIANN,577.0,121.82294
2023-03-08 14:00:00,pm10,PIIANN,176.28572,168.2572
2025-02-08 23:00:00,pm10,PIIANN,43.5,53.330376
2025-03-01 14:00:00,pm10,PIIANN,164.75,163.49605
2025-02-06 05:00:00,pm10,PIIANN,46.75,46.594917
2025-07-11 19:00:00,pm10,PIIANN,54.75,53.779793
2024-05-05 00:00:00,pm10,PIIANN,117.25,138.84764
2024-12-07 01:00:00,pm10,PIIANN,39.5,104.0779
2023-02-09 21:00:00,pm10,PIIANN,182.25,286.80508
2025-08-06 06:00:00,pm10,PIIANN,58.0,63.501686
2024-12-10 16:00:00,pm10,PIIANN,44.75,70.24679
2024-03-07 14:00:00,pm10,PIIANN,22.25,38.236877
2024-12-12 11:00:00,pm10,PIIANN,186.75,138.41853
2023-04-05 06:00:00,pm10,PIIANN,127.9,127.270065
2024-05-07 14:00:00,pm10,PIIANN,23.25,31.602654
2025-09-12 21:00:00,pm10,PIIANN,134.0,70.642006
2023-10-06 12:00:00,pm10,PIIANN,101.0,69.170944
2024-09-03 01:00:00,pm10,PIIANN,168.75,186.16585
2023-12-03 02:00:00,pm10,PIIANN,184.5,208.82445
2023-03-10 18:00:00,pm10,PIIANN,20.0,100.70187
2025-07-08 23:00:00,pm10,PIIANN,51.25,50.64138
2023-08-02 04:00:00,pm10,PIIANN,176.5,221.59724
2025-02-10 15:00:00,pm10,PIIANN,30.75,65.22606
2023-11-10 06:00:00,pm10,PIIANN,54.5,120.90838
2025-02-03 07:00:00,pm10,PIIANN,104.75,160.1461
2024-01-09 11:00:00,pm10,PIIANN,64.25,80.561295
2023-12-10 21:00:00,pm10,PIIANN,59.0,191.07692
2024-05-11 13:00:00,pm10,PIIANN,32.5,62.13568
2023-04-09 15:00:00,pm10,PIIANN,102.75,170.13364
2025-08-05 09:00:00,pm10,PIIANN,41.0,88.86451
2024-08-06 06:00:00,pm10,PIIANN,101.0,134.04428
2023-08-01 08:00:00,pm10,PIIANN,167.5,182.08551
2024-03-12 17:00:00,pm10,PIIANN,25.0,63.60012
2023-04-03 11:00:00,pm10,PIIANN,151.5,179.35086
2023-11-10 13:00:00,pm10,PIIANN,60.0,140.35306
2025-04-01 12:00:00,pm10,PIIANN,167.0,199.79492
2023-07-06 14:00:00,pm10,PIIANN,236.16667,180.07385
2025-12-03 23:00:00,pm10,PIIANN,161.25,259.97086
2025-01-07 16:00:00,pm10,PIIANN,39.75,42.148666
2025-05-10 13:00:00,pm10,PIIANN,34.0,34.171806
2023-03-08 12:00:00,pm10,PIIANN,200.0,125.28062
2024-04-10 03:00:00,pm10,PIIANN,62.5,61.20713
2023-05-10 10:00:00,pm10,PIIANN,26.0,77.3678
2025-03-12 17:00:00,pm10,PIIANN,61.25,61.512497
2024-04-03 23:00:00,pm10,PIIANN,132.5,249.61162
2025-03-04 12:00:00,pm10,PIIANN,83.0,116.85441
2023-09-08 12:00:00,pm10,PIIANN,478.0,239.90117
2025-05-10 06:00:00,pm10,PIIANN,33.0,29.495796
2025-08-03 01:00:00,pm10,PIIANN,147.0,154.75604
2025-09-06 03:00:00,pm10,PIIANN,86.5,74.488
2024-01-05 20:00:00,pm10,PIIANN,170.0,196.28194
2025-09-09 16:00:00,pm10,PIIANN,18.0,83.88225
2023-03-08 15:00:00,pm10,PIIANN,164.42857,181.3139
2025-05-12 08:00:00,pm10,PIIANN,46.75,46.213867
2025-07-10 23:00:00,pm10,PIIANN,33.0,55.351936
2025-04-02 06:00:00,pm10,PIIANN,79.5,119.53212
2025-06-03 00:00:00,pm10,PIIANN,117.0,68.71414
2025-10-02 04:00:00,pm10,PIIANN,96.75,129.98778
2025-01-10 05:00:00,pm10,PIIANN,33.0,52.977295
2025-03-04 23:00:00,pm10,PIIANN,182.67,160.65286
2023-12-12 13:00:00,pm10,PIIANN,108.0,129.50374
2023-01-05 01:00:00,pm10,PIIANN,95.75,123.96544
2025-10-09 04:00:00,pm10,PIIANN,38.0,56.351738
2023-03-12 01:00:00,pm10,PIIANN,123.0,127.11743
2025-09-10 11:00:00,pm10,PIIANN,45.5,29.489944
2024-03-07 16:00:00,pm10,PIIANN,13.999999,34.488655
2024-03-08 18:00:00,pm10,PIIANN,13.999999,100.23482
2023-06-03 11:00:00,pm10,PIIANN,204.5,183.0395
2024-02-08 06:00:00,pm10,PIIANN,209.5,92.147964
2025-10-05 12:00:00,pm10,PIIANN,98.75,127.32563
2024-11-12 03:00:00,pm10,PIIANN,58.75,96.69659
2024-05-06 12:00:00,pm10,PIIANN,11.500007,72.224106
2023-12-08 09:00:00,pm10,PIIANN,595.8,405.42606
2024-09-09 03:00:00,pm10,PIIANN,52.75,120.31252
2024-07-10 13:00:00,pm10,PIIANN,31.75,72.66812
2023-09-03 00:00:00,pm10,PIIANN,149.5,172.2507
2024-08-03 12:00:00,pm10,PIIANN,167.75,144.69614
2023-10-09 05:00:00,pm10,PIIANN,26.75,128.3115
2023-11-10 23:00:00,pm10,PIIANN,104.0,156.44594
2023-05-02 04:00:00,pm10,PIIANN,159.75,193.14183
2023-08-06 20:00:00,pm10,PIIANN,133.0,190.3943
2024-12-04 22:00:00,pm10,PIIANN,204.5,249.73119
2023-05-07 13:00:00,pm10,PIIANN,101.0,133.1859
2025-01-07 17:00:00,pm10,PIIANN,38.25,43.253387
2025-08-02 21:00:00,pm10,PIIANN,172.25,179.65202
2024-06-06 22:00:00,pm10,PIIANN,277.0,149.90752
2025-02-05 23:00:00,pm10,PIIANN,87.25,101.882095
2025-11-02 11:00:00,pm10,PIIANN,237.0,159.13477
2023-06-07 13:00:00,pm10,PIIANN,293.0,206.9197
2023-06-06 11:00:00,pm10,PIIANN,398.75,382.06436
2023-03-04 23:00:00,pm10,PIIANN,35.5,95.831924
2023-11-05 10:00:00,pm10,PIIANN,161.25,155.81345
2025-03-05 22:00:00,pm10,PIIANN,110.25,131.94371
2023-10-04 07:00:00,pm10,PIIANN,147.25,168.01608
2024-01-09 18:00:00,pm10,PIIANN,31.5,102.58292
2023-11-03 22:00:00,pm10,PIIANN,194.5,240.16708
2023-03-12 05:00:00,pm10,PIIANN,91.25,96.46864
2023-01-12 12:00:00,pm10,PIIANN,88.0,86.168396
2024-11-03 20:00:00,pm10,PIIANN,271.0,288.4492
2023-03-03 10:00:00,pm10,PIIANN,172.75,206.34573
2023-02-08 18:00:00,pm10,PIIANN,127.5,162.75827
2024-06-11 14:00:00,pm10,PIIANN,24.25,112.97611
2024-01-10 22:00:00,pm10,PIIANN,130.5,204.60324
2023-07-11 15:00:00,pm10,PIIANN,115.25,82.84989
2024-06-03 23:00:00,pm10,PIIANN,170.5,193.79066
2023-08-04 11:00:00,pm10,PIIANN,148.25,166.3402
2024-01-08 09:00:00,pm10,PIIANN,13.999999,103.15077
2023-12-08 06:00:00,pm10,PIIANN,896.75,282.2357
2025-04-02 21:00:00,pm10,PIIANN,137.25,196.10344
2024-10-12 07:00:00,pm10,PIIANN,92.916664,99.37211
2025-09-08 04:00:00,pm10,PIIANN,20.0,27.098946
2025-04-04 18:00:00,pm10,PIIANN,188.75,174.72336
2023-08-08 17:00:00,pm10,PIIANN,562.5,152.24338
2024-10-12 11:00:00,pm10,PIIANN,111.0,124.57331
2024-07-06 15:00:00,pm10,PIIANN,130.0,204.71935
2024-09-11 00:00:00,pm10,PIIANN,176.0,109.40117
2025-03-10 18:00:00,pm10,PIIANN,40.75,54.391075
2025-01-02 13:00:00,pm10,PIIANN,125.5,210.92068
2023-06-09 06:00:00,pm10,PIIANN,126.5,144.3043
2024-08-10 00:00:00,pm10,PIIANN,30.75,140.52321
2025-06-10 12:00:00,pm10,PIIANN,32.0,63.34617
2025-01-11 09:00:00,pm10,PIIANN,73.5,130.76276
2023-12-03 01:00:00,pm10,PIIANN,186.75,207.44305
2024-09-13 01:00:00,pm10,PIIANN,129.42206,131.9197
2024-02-08 20:00:00,pm10,PIIANN,255.75,104.86103
2025-08-10 11:00:00,pm10,PIIANN,46.5,37.319916
2023-01-11 14:00:00,pm10,PIIANN,139.25,102.1042
2024-08-07 06:00:00,pm10,PIIANN,199.0,89.56455
2024-12-02 19:00:00,pm10,PIIANN,101.0,155.12021
2025-08-04 16:00:00,pm10,PIIANN,101.0,133.81055
2025-05-11 20:00:00,pm10,PIIANN,79.67,84.85989
2025-07-13 02:00:00,pm10,PIIANN,113.89706,94.457466
2025-05-05 06:00:00,pm10,PIIANN,61.0,87.139656
2023-01-08 10:00:00,pm10,PIIANN,101.0,307.40433
2024-11-09 04:00:00,pm10,PIIANN,9.000007,221.95609
2025-12-07 00:00:00,pm10,PIIANN,52.0,64.520134
2023-06-04 11:00:00,pm10,PIIANN,185.0,111.50657
2024-12-04 08:00:00,pm10,PIIANN,181.75,263.3548
2025-01-11 20:00:00,pm10,PIIANN,78.5,57.319008
2024-07-01 13:00:00,pm10,PIIANN,83.0,170.47763
2024-05-12 08:00:00,pm10,PIIANN,67.25,66.00764
2024-06-12 01:00:00,pm10,PIIANN,70.5,92.01185
2023-06-03 08:00:00,pm10,PIIANN,287.5,238.64677
2025-07-09 03:00:00,pm10,PIIANN,453.0,75.03565
2024-07-12 04:00:00,pm10,PIIANN,129.0,148.147
2025-07-09 02:00:00,pm10,PIIANN,23.0,86.45517
2024-04-12 12:00:00,pm10,PIIANN,84.25,112.82971
2024-05-08 19:00:00,pm10,PIIANN,178.0,160.78262
2024-07-12 01:00:00,pm10,PIIANN,163.75,134.92133
2023-11-12 03:00:00,pm10,PIIANN,130.5,177.21591
2024-11-06 22:00:00,pm10,PIIANN,312.0,94.42586
2024-05-04 06:00:00,pm10,PIIANN,140.75,269.26257
2025-09-10 04:00:00,pm10,PIIANN,30.0,24.667633
2024-04-04 01:00:00,pm10,PIIANN,201.0,221.0325
2025-09-04 06:00:00,pm10,PIIANN,163.0,138.68925
2024-08-02 17:00:00,pm10,PIIANN,187.25,145.83424
2025-03-05 19:00:00,pm10,PIIANN,188.75,178.82175
2024-11-03 02:00:00,pm10,PIIANN,163.75,189.28293
2024-10-02 19:00:00,pm10,PIIANN,259.0,293.09378
2025-08-05 23:00:00,pm10,PIIANN,44.25,39.689186
2025-12-04 06:00:00,pm10,PIIANN,116.125,114.483406
2023-09-04 04:00:00,pm10,PIIANN,315.75,263.14764
2023-09-04 20:00:00,pm10,PIIANN,256.0,216.35843
2025-10-03 12:00:00,pm10,PIIANN,554.25,239.501
2025-12-02 08:00:00,pm10,PIIANN,151.25,105.86347
2025-10-06 12:00:00,pm10,PIIANN,89.0,76.10259
2025-03-03 22:00:00,pm10,PIIANN,186.25,206.58572
2025-05-09 11:00:00,pm10,PIIANN,47.75,44.167152
2025-09-06 23:00:00,pm10,PIIANN,72.75,69.3272
2025-05-08 03:00:00,pm10,PIIANN,39.5,109.43329
2023-04-03 23:00:00,pm10,PIIANN,213.5,261.95438
2023-12-12 09:00:00,pm10,PIIANN,279.75,111.839935
2023-02-11 06:00:00,pm10,PIIANN,44.0,73.15794
2024-05-10 22:00:00,pm10,PIIANN,38.0,58.925285
2025-09-07 22:00:00,pm10,PIIANN,36.0,71.14096
2024-06-03 02:00:00,pm10,PIIANN,146.5,207.92003
2025-07-02 09:00:00,pm10,PIIANN,141.125,79.199326
2025-05-04 14:00:00,pm10,PIIANN,221.5,174.80841
2024-08-12 11:00:00,pm10,PIIANN,201.5,160.05527
2024-05-01 16:00:00,pm10,PIIANN,95.5,129.157
2025-04-01 16:00:00,pm10,PIIANN,53.75,187.47925
2023-10-09 11:00:00,pm10,PIIANN,99.5,179.24104
2025-01-08 06:00:00,pm10,PIIANN,43.67,40.64737
2023-09-11 03:00:00,pm10,PIIANN,50.75,56.416023
2025-04-11 05:00:00,pm10,PIIANN,83.5,57.359398
2024-12-11 11:00:00,pm10,PIIANN,238.25,110.93058
2024-09-06 23:00:00,pm10,PIIANN,123.75,190.3383
2023-05-08 21:00:00,pm10,PIIANN,235.5,163.1062
2024-08-10 04:00:00,pm10,PIIANN,21.0,81.395195
2023-12-10 11:00:00,pm10,PIIANN,79.25,130.74309
2024-09-09 00:00:00,pm10,PIIANN,550.25,175.74002
2024-03-03 06:00:00,pm10,PIIANN,332.5,231.2353
2023-09-05 08:00:00,pm10,PIIANN,94.5,110.19376
2025-08-03 03:00:00,pm10,PIIANN,99.75,143.89806
2023-01-01 09:00:00,pm10,PIIANN,186.0,186.9787
2025-08-01 15:00:00,pm10,PIIANN,88.5,102.75432
2024-03-12 09:00:00,pm10,PIIANN,80.0,53.399597
2023-11-09 21:00:00,pm10,PIIANN,43.0,152.8119
2025-08-02 17:00:00,pm10,PIIANN,108.5,172.96928
2025-12-11 11:00:00,pm10,PIIANN,57.25,57.147476
2023-07-05 18:00:00,pm10,PIIANN,375.0,203.65355
2023-01-06 08:00:00,pm10,PIIANN,65.75,165.7523
2025-12-07 22:00:00,pm10,PIIANN,40.0,86.97579
2023-05-05 06:00:00,pm10,PIIANN,549.6,267.2756
2025-09-03 18:00:00,pm10,PIIANN,143.5,175.57224
2023-07-07 01:00:00,pm10,PIIANN,572.0,248.47496
2024-12-05 01:00:00,pm10,PIIANN,90.0,189.20671
2024-09-05 10:00:00,pm10,PIIANN,100.25,113.74199
2024-09-09 12:00:00,pm10,PIIANN,84.25,117.24809
2025-07-07 09:00:00,pm10,PIIANN,25.5,102.49356
2024-10-02 18:00:00,pm10,PIIANN,556.5,220.05379
2024-03-06 16:00:00,pm10,PIIANN,254.5,113.62456
2025-02-07 15:00:00,pm10,PIIANN,27.75,49.49391
2025-05-12 17:00:00,pm10,PIIANN,67.75,42.37333
2023-09-11 01:00:00,pm10,PIIANN,89.0,108.349915
2023-07-06 00:00:00,pm10,PIIANN,101.0,193.31058
2023-01-03 08:00:00,pm10,PIIANN,296.75,160.3206
2024-04-02 01:00:00,pm10,PIIANN,134.5,88.11556
2024-03-11 20:00:00,pm10,PIIANN,140.5,160.027
2024-12-06 14:00:00,pm10,PIIANN,185.75,102.82116
2024-06-06 11:00:00,pm10,PIIANN,403.0,142.3364
2024-03-06 04:00:00,pm10,PIIANN,56.0,27.672005
2023-01-03 19:00:00,pm10,PIIANN,220.0,200.18143
2023-11-05 15:00:00,pm10,PIIANN,80.5,145.95592
2023-06-03 14:00:00,pm10,PIIANN,176.25,174.27745
2023-11-01 16:00:00,pm10,PIIANN,93.75,125.2282
2024-05-08 06:00:00,pm10,PIIANN,73.25,67.24815
2025-10-03 10:00:00,pm10,PIIANN,217.75,171.48683
2023-07-04 23:00:00,pm10,PIIANN,248.25,197.27443
2023-02-03 12:00:00,pm10,PIIANN,187.0,130.28549
2023-05-09 05:00:00,pm10,PIIANN,101.0,163.77747
2023-11-07 05:00:00,pm10,PIIANN,101.0,142.23265
2024-06-09 12:00:00,pm10,PIIANN,21.25,114.83165
2023-01-02 22:00:00,pm10,PIIANN,251.25,259.92587
2023-10-09 14:00:00,pm10,PIIANN,82.0,125.2732
2025-11-06 22:00:00,pm10,PIIANN,47.0,115.088104
2024-03-08 08:00:00,pm10,PIIANN,195.25,59.55504
2023-09-06 12:00:00,pm10,PIIANN,33.25,81.1444
2023-02-03 02:00:00,pm10,PIIANN,286.25,257.59882
2023-09-07 21:00:00,pm10,PIIANN,625.6,354.64627
2025-08-07 18:00:00,pm10,PIIANN,22.75,61.934883
2024-10-11 07:00:00,pm10,PIIANN,314.5,66.87187
2025-03-07 20:00:00,pm10,PIIANN,60.0,107.834915
2024-09-07 18:00:00,pm10,PIIANN,37.5,58.43772
2023-05-09 17:00:00,pm10,PIIANN,89.0,203.23883
2024-07-08 17:00:00,pm10,PIIANN,3.0000067,60.872353
2023-09-09 08:00:00,pm10,PIIANN,158.0,130.84386
2025-10-02 03:00:00,pm10,PIIANN,113.0,129.34612
2025-01-11 03:00:00,pm10,PIIANN,101.25,102.490875
2025-01-01 17:00:00,pm10,PIIANN,131.5,183.99307
2025-01-05 08:00:00,pm10,PIIANN,50.0,54.531868
2023-02-12 14:00:00,pm10,PIIANN,137.25,124.38271
2025-01-02 18:00:00,pm10,PIIANN,183.0,215.24883
2023-04-06 20:00:00,pm10,PIIANN,101.0,131.77783
2024-08-08 11:00:00,pm10,PIIANN,196.25,46.157486
2024-12-03 00:00:00,pm10,PIIANN,187.25,128.78339
2024-10-04 12:00:00,pm10,PIIANN,180.5,282.7283
2023-09-01 15:00:00,pm10,PIIANN,113.75,165.7837
2025-12-07 05:00:00,pm10,PIIANN,51.0,98.274994
2025-03-02 17:00:00,pm10,PIIANN,160.75,177.57697
2023-05-05 19:00:00,pm10,PIIANN,101.0,124.12042
2023-04-07 16:00:00,pm10,PIIANN,17.0,105.17723
2024-12-08 23:00:00,pm10,PIIANN,38.75,172.88374
2023-11-03 09:00:00,pm10,PIIANN,205.5,184.29585
2025-08-06 20:00:00,pm10,PIIANN,30.25,97.54372
2023-02-10 13:00:00,pm10,PIIANN,37.75,119.98936
2024-09-05 13:00:00,pm10,PIIANN,73.25,75.79689
2024-07-05 01:00:00,pm10,PIIANN,101.75,151.30081
2024-07-12 08:00:00,pm10,PIIANN,153.67,162.51968
2025-02-07 13:00:00,pm10,PIIANN,39.75,55.517815
2025-11-03 09:00:00,pm10,PIIANN,249.25,240.03629
2023-11-04 17:00:00,pm10,PIIANN,157.5,191.66595
2024-06-06 12:00:00,pm10,PIIANN,41.25,190.52634
2025-09-01 17:00:00,pm10,PIIANN,100.0,137.10333
2023-06-09 07:00:00,pm10,PIIANN,208.0,161.5285
2023-06-03 00:00:00,pm10,PIIANN,171.5,253.28706
2025-08-05 03:00:00,pm10,PIIANN,66.92857,60.8154
2023-03-09 13:00:00,pm10,PIIANN,101.0,361.0785
2023-04-03 19:00:00,pm10,PIIANN,272.0,250.16125
2024-11-10 17:00:00,pm10,PIIANN,72.75,110.974846
2025-09-02 12:00:00,pm10,PIIANN,147.5,156.107
2024-12-12 21:00:00,pm10,PIIANN,176.5,167.72192
2025-06-01 20:00:00,pm10,PIIANN,92.5,150.22522
2024-02-01 15:00:00,pm10,PIIANN,121.5,182.80162
2024-12-05 22:00:00,pm10,PIIANN,77.5,198.50777
2024-07-11 08:00:00,pm10,PIIANN,116.75,95.85852
2024-11-09 13:00:00,pm10,PIIANN,32.25,52.423775
2025-06-01 09:00:00,pm10,PIIANN,69.67,127.217804
2024-06-07 06:00:00,pm10,PIIANN,72.33,44.679497
2023-03-03 02:00:00,pm10,PIIANN,546.25,279.77094
2024-07-02 06:00:00,pm10,PIIANN,120.75,185.97906
2023-02-06 07:00:00,pm10,PIIANN,118.75,223.69833
2024-11-08 19:00:00,pm10,PIIANN,39.0,121.68725
2023-02-03 09:00:00,pm10,PIIANN,317.8,247.61299
2025-08-10 06:00:00,pm10,PIIANN,28.165,46.053185
2024-10-02 13:00:00,pm10,PIIANN,101.75,163.24643
2023-10-02 00:00:00,pm10,PIIANN,91.0,242.27867
2025-10-02 09:00:00,pm10,PIIANN,137.0,123.18324
2025-04-09 06:00:00,pm10,PIIANN,42.75,46.816895
2024-05-02 00:00:00,pm10,PIIANN,202.75,165.64008
2025-02-06 18:00:00,pm10,PIIANN,49.75,45.55121
2025-01-10 21:00:00,pm10,PIIANN,508.0,67.56665
2024-12-09 18:00:00,pm10,PIIANN,95.75,141.50247
2024-12-02 07:00:00,pm10,PIIANN,106.0,143.73683
2023-11-12 13:00:00,pm10,PIIANN,106.25,171.73581
2024-05-02 13:00:00,pm10,PIIANN,150.75,164.18858
2023-01-01 21:00:00,pm10,PIIANN,247.5,301.65485
2024-03-05 23:00:00,pm10,PIIANN,143.5,318.24805
2024-07-06 07:00:00,pm10,PIIANN,25.25,146.59384
2025-11-12 17:00:00,pm10,PIIANN,173.75,121.429054
2025-06-11 05:00:00,pm10,PIIANN,92.67,64.616196
2023-10-01 18:00:00,pm10,PIIANN,189.25,263.75516
2023-06-11 14:00:00,pm10,PIIANN,136.08333,133.13676
2025-11-08 18:00:00,pm10,PIIANN,53.0,50.69938
2025-04-08 19:00:00,pm10,PIIANN,48.25,73.61663
2024-04-02 20:00:00,pm10,PIIANN,224.25,171.52713
2023-07-07 15:00:00,pm10,PIIANN,6.749999,88.8075
2025-02-04 19:00:00,pm10,PIIANN,84.0,174.49095
2023-11-02 14:00:00,pm10,PIIANN,189.0,162.74197
2025-10-11 07:00:00,pm10,PIIANN,47.75,54.651787
2025-02-04 02:00:00,pm10,PIIANN,191.0,185.96465
2023-04-02 16:00:00,pm10,PIIANN,143.25,185.27701
2025-10-03 04:00:00,pm10,PIIANN,250.25,192.49744
2025-11-12 12:00:00,pm10,PIIANN,134.67,106.00864
2025-10-09 19:00:00,pm10,PIIANN,37.725,60.40625
2023-03-10 12:00:00,pm10,PIIANN,15.999999,103.085724
2025-12-06 00:00:00,pm10,PIIANN,85.0,100.20205
2023-08-09 06:00:00,pm10,PIIANN,83.0,136.5376
2025-03-06 00:00:00,pm10,PIIANN,49.0,121.34753
2023-02-12 20:00:00,pm10,PIIANN,216.25,200.87292
2024-06-06 08:00:00,pm10,PIIANN,88.5,128.86778
2024-08-02 14:00:00,pm10,PIIANN,128.5,140.37494
2024-02-04 21:00:00,pm10,PIIANN,306.75,239.04399
2024-07-13 00:00:00,pm10,PIIANN,119.01532,146.22171
2025-03-12 04:00:00,pm10,PIIANN,76.5,55.53083
2023-08-10 07:00:00,pm10,PIIANN,66.0,94.24704
2024-02-07 07:00:00,pm10,PIIANN,18.5,48.410904
2025-01-09 22:00:00,pm10,PIIANN,51.0,82.912865
2024-08-02 23:00:00,pm10,PIIANN,252.0,192.05948
2025-06-07 08:00:00,pm10,PIIANN,26.0,48.585983
2024-01-05 10:00:00,pm10,PIIANN,152.75,132.86908
2024-05-04 18:00:00,pm10,PIIANN,136.0,229.83357
2024-08-07 14:00:00,pm10,PIIANN,26.330002,35.946373
2025-06-08 16:00:00,pm10,PIIANN,42.0,24.941872
2025-01-06 13:00:00,pm10,PIIANN,48.75,57.598267
2023-03-07 09:00:00,pm10,PIIANN,122.0,80.91787
2023-09-08 08:00:00,pm10,PIIANN,150.0,196.2204
2023-09-07 19:00:00,pm10,PIIANN,657.0,292.0934
2025-02-11 10:00:00,pm10,PIIANN,78.0,59.026894
2025-11-13 02:00:00,pm10,PIIANN,145.13857,103.65814
2025-12-03 01:00:00,pm10,PIIANN,274.25,198.65382
2023-12-12 12:00:00,pm10,PIIANN,101.0,137.66832
2025-05-03 11:00:00,pm10,PIIANN,126.0,128.67513
2025-07-08 15:00:00,pm10,PIIANN,52.25,64.897896
2025-03-06 23:00:00,pm10,PIIANN,96.25,100.88948
2024-07-10 11:00:00,pm10,PIIANN,42.5,41.320457
2023-07-06 09:00:00,pm10,PIIANN,101.0,184.004
2023-05-01 20:00:00,pm10,PIIANN,240.25,259.6212
2024-08-08 02:00:00,pm10,PIIANN,32.25,94.28769
2024-11-05 20:00:00,pm10,PIIANN,130.25,132.0947
2025-06-05 03:00:00,pm10,PIIANN,129.0,79.56032
2025-04-07 23:00:00,pm10,PIIANN,63.25,71.997795
2025-08-04 03:00:00,pm10,PIIANN,213.75,145.64091
2023-03-11 04:00:00,pm10,PIIANN,55.0,96.68341
2025-11-04 14:00:00,pm10,PIIANN,111.0,71.27895
2024-07-04 02:00:00,pm10,PIIANN,192.25,211.14761
2023-06-11 12:00:00,pm10,PIIANN,90.25,110.9257
2025-02-01 10:00:00,pm10,PIIANN,122.75,175.54068
2025-01-08 03:00:00,pm10,PIIANN,43.0,60.481155
2023-06-12 22:00:00,pm10,PIIANN,199.5,206.32146
2023-02-01 13:00:00,pm10,PIIANN,106.75,171.98682
2024-04-04 03:00:00,pm10,PIIANN,218.5,235.02846
2025-04-05 18:00:00,pm10,PIIANN,92.5,148.16098
2023-07-01 16:00:00,pm10,PIIANN,83.5,154.21231
2024-06-08 08:00:00,pm10,PIIANN,148.5,112.942474
2025-11-02 15:00:00,pm10,PIIANN,182.75,182.3176
2023-01-09 02:00:00,pm10,PIIANN,43.0,378.42523
2024-11-01 20:00:00,pm10,PIIANN,310.0,255.38234
2024-06-04 01:00:00,pm10,PIIANN,134.0,177.98093
2025-08-10 12:00:00,pm10,PIIANN,30.5,41.237663
2024-04-05 17:00:00,pm10,PIIANN,101.0,179.04549
2024-01-09 02:00:00,pm10,PIIANN,664.0,257.4637
2023-10-06 04:00:00,pm10,PIIANN,352.0,185.15858
2024-06-10 19:00:00,pm10,PIIANN,66.0,95.6606
2024-11-09 05:00:00,pm10,PIIANN,11.749999,137.16371
2023-11-08 08:00:00,pm10,PIIANN,516.0,317.3149
2023-02-02 18:00:00,pm10,PIIANN,292.75,263.76126
2023-12-09 10:00:00,pm10,PIIANN,67.75,145.59804
2025-12-12 01:00:00,pm10,PIIANN,109.0,95.87758
2024-08-11 22:00:00,pm10,PIIANN,68.5,83.11696
2024-02-05 02:00:00,pm10,PIIANN,114.75,179.96849
2025-07-05 21:00:00,pm10,PIIANN,78.0,62.10408
2023-07-10 21:00:00,pm10,PIIANN,54.0,94.604576
2023-11-04 05:00:00,pm10,PIIANN,245.25,229.34312
2023-08-05 04:00:00,pm10,PIIANN,134.25,99.99025
2025-07-06 01:00:00,pm10,PIIANN,41.5,69.89423
2023-01-02 20:00:00,pm10,PIIANN,314.5,282.39023
2024-03-02 06:00:00,pm10,PIIANN,82.75,109.709366
2025-08-08 03:00:00,pm10,PIIANN,50.75,40.252007
2025-08-01 19:00:00,pm10,PIIANN,140.5,97.41651
2025-12-06 02:00:00,pm10,PIIANN,52.0,87.061195
2024-09-04 06:00:00,pm10,PIIANN,202.5,190.64313
2024-05-03 18:00:00,pm10,PIIANN,643.5,350.07507
2024-06-07 02:00:00,pm10,PIIANN,30.5,54.87139
2023-02-06 02:00:00,pm10,PIIANN,134.0,156.66956
2023-02-02 14:00:00,pm10,PIIANN,207.5,214.45293
2024-01-01 14:00:00,pm10,PIIANN,116.5,140.49055
2023-12-10 05:00:00,pm10,PIIANN,48.25,122.9414
2025-09-13 01:00:00,pm10,PIIANN,122.7985,90.03479
2025-12-07 03:00:00,pm10,PIIANN,27.0,70.1589
2024-09-07 13:00:00,pm10,PIIANN,31.25,42.47805
2023-01-07 22:00:00,pm10,PIIANN,101.0,206.54616
2023-11-09 03:00:00,pm10,PIIANN,45.66667,170.22385
2024-08-11 02:00:00,pm10,PIIANN,53.75,93.34803
2025-01-07 13:00:00,pm10,PIIANN,44.75,35.08046
2024-12-04 15:00:00,pm10,PIIANN,119.25,231.7367
2024-01-02 18:00:00,pm10,PIIANN,101.0,208.37366
2025-11-11 19:00:00,pm10,PIIANN,51.0,56.92981
2024-07-09 14:00:00,pm10,PIIANN,5.749999,87.30713
2024-08-10 14:00:00,pm10,PIIANN,43.25,62.58059
2024-03-03 16:00:00,pm10,PIIANN,323.75,237.5828
2024-01-05 05:00:00,pm10,PIIANN,90.75,155.55096
2025-10-12 15:00:00,pm10,PIIANN,101.0,55.917946
2025-07-04 10:00:00,pm10,PIIANN,101.0,90.19732
2025-03-05 08:00:00,pm10,PIIANN,59.0,66.20044
2023-06-02 19:00:00,pm10,PIIANN,264.5,245.05022
2024-10-04 01:00:00,pm10,PIIANN,198.5,251.83598
2024-05-02 17:00:00,pm10,PIIANN,439.5,200.08833
2024-04-06 16:00:00,pm10,PIIANN,75.25,127.76706
2025-10-01 17:00:00,pm10,PIIANN,48.5,151.20082
2025-01-06 03:00:00,pm10,PIIANN,47.0,51.218323
2024-07-07 23:00:00,pm10,PIIANN,30.5,62.139183
2025-08-12 08:00:00,pm10,PIIANN,115.0,89.22504
2023-07-07 17:00:00,pm10,PIIANN,115.25,96.780556
2024-05-07 20:00:00,pm10,PIIANN,59.0,55.517662
2024-05-05 14:00:00,pm10,PIIANN,38.25,122.80139
2024-07-01 21:00:00,pm10,PIIANN,177.25,224.24982
2023-04-06 00:00:00,pm10,PIIANN,190.25,194.56107
2023-05-03 04:00:00,pm10,PIIANN,218.25,247.94965
2023-09-01 20:00:00,pm10,PIIANN,234.0,320.3748
2024-02-12 13:00:00,pm10,PIIANN,25.0,91.61798
2024-02-11 10:00:00,pm10,PIIANN,120.5,105.52043
2023-03-07 22:00:00,pm10,PIIANN,276.5,239.93
2023-07-10 02:00:00,pm10,PIIANN,17.0,127.66214
2025-01-03 00:00:00,pm10,PIIANN,73.0,222.24399
2025-07-06 22:00:00,pm10,PIIANN,56.0,99.51924
2025-01-11 22:00:00,pm10,PIIANN,79.0,78.83983
2023-11-11 01:00:00,pm10,PIIANN,92.5,144.20229
2025-12-12 23:00:00,pm10,PIIANN,110.0,131.27682
2025-08-03 16:00:00,pm10,PIIANN,193.5,166.37175
2023-11-06 12:00:00,pm10,PIIANN,331.25,45.864006
2025-02-02 09:00:00,pm10,PIIANN,97.666664,162.02534
2024-04-03 01:00:00,pm10,PIIANN,189.25,225.49734
2024-07-02 13:00:00,pm10,PIIANN,138.0,161.07462
2023-08-10 22:00:00,pm10,PIIANN,45.0,127.28659
2024-08-05 12:00:00,pm10,PIIANN,125.25,148.73386
2024-02-12 12:00:00,pm10,PIIANN,25.0,102.307526
2023-06-08 06:00:00,pm10,PIIANN,577.0,245.57588
2025-02-03 12:00:00,pm10,PIIANN,106.75,128.46646
2024-07-09 08:00:00,pm10,PIIANN,228.5,104.21165
2024-11-08 22:00:00,pm10,PIIANN,27.25,133.86496
2023-01-07 09:00:00,pm10,PIIANN,146.0,44.08831
2025-02-12 07:00:00,pm10,PIIANN,34.25,61.359024
2024-09-07 17:00:00,pm10,PIIANN,54.5,50.074753
2024-09-08 08:00:00,pm10,PIIANN,24.5,135.03528
2023-07-04 21:00:00,pm10,PIIANN,232.0,177.83466
2023-02-06 05:00:00,pm10,PIIANN,249.25,182.8299
2025-03-03 18:00:00,pm10,PIIANN,356.5,227.08153
2025-06-13 00:00:00,pm10,PIIANN,226.35104,164.38866
2025-09-07 23:00:00,pm10,PIIANN,59.25,59.637062
2024-09-05 19:00:00,pm10,PIIANN,20.75,128.03978
2023-03-06 05:00:00,pm10,PIIANN,163.0,175.807
2024-01-02 19:00:00,pm10,PIIANN,101.0,127.63332
2025-12-02 16:00:00,pm10,PIIANN,116.5,131.36996
2025-03-09 12:00:00,pm10,PIIANN,43.25,74.2091
2023-10-05 23:00:00,pm10,PIIANN,263.0,200.0896
2024-06-01 22:00:00,pm10,PIIANN,188.75,208.13681
2023-03-10 19:00:00,pm10,PIIANN,29.0,112.12158
2023-12-02 09:00:00,pm10,PIIANN,216.75,138.92726
2025-10-05 00:00:00,pm10,PIIANN,67.6,84.30622
2024-08-02 12:00:00,pm10,PIIANN,155.0,136.09369
2024-09-08 01:00:00,pm10,PIIANN,13.999999,165.50528
2025-01-02 03:00:00,pm10,PIIANN,129.5,150.88446
2024-09-09 22:00:00,pm10,PIIANN,38.5,126.751
2025-06-09 06:00:00,pm10,PIIANN,108.75,112.196976
2024-10-02 01:00:00,pm10,PIIANN,245.75,209.63208
2024-03-07 11:00:00,pm10,PIIANN,20.0,15.153403
2024-07-02 12:00:00,pm10,PIIANN,200.0,148.17671
2024-01-06 12:00:00,pm10,PIIANN,78.0,126.184715
2023-06-04 16:00:00,pm10,PIIANN,77.75,137.0384
2023-11-10 21:00:00,pm10,PIIANN,97.5,171.2998
2025-04-11 19:00:00,pm10,PIIANN,83.25,89.87393
2025-04-06 00:00:00,pm10,PIIANN,108.5,176.01393
2024-07-09 20:00:00,pm10,PIIANN,27.5,117.39259
2023-02-01 19:00:00,pm10,PIIANN,297.5,256.18903
2024-03-10 06:00:00,pm10,PIIANN,34.25,83.022194
2025-01-04 10:00:00,pm10,PIIANN,326.0,273.1453
2025-02-02 03:00:00,pm10,PIIANN,123.0,172.33136
2025-03-10 22:00:00,pm10,PIIANN,30.75,62.308083
2025-01-07 22:00:00,pm10,PIIANN,137.25,92.42243
2024-06-11 22:00:00,pm10,PIIANN,64.0,168.12227
2023-08-06 06:00:00,pm10,PIIANN,316.5,211.9874
2025-09-05 07:00:00,pm10,PIIANN,45.0,31.246231
2024-10-12 00:00:00,pm10,PIIANN,124.25,72.34017
2025-08-02 13:00:00,pm10,PIIANN,143.75,189.95856
2025-03-11 22:00:00,pm10,PIIANN,92.25,75.02835
2025-07-12 19:00:00,pm10,PIIANN,75.0,117.72815
2025-07-07 19:00:00,pm10,PIIANN,355.75,109.89631
2025-02-09 02:00:00,pm10,PIIANN,50.75,71.0199
2023-10-12 11:00:00,pm10,PIIANN,139.0,85.559296
2023-09-02 13:00:00,pm10,PIIANN,190.75,178.16177
2024-10-08 18:00:00,pm10,PIIANN,47.75,77.37762
2023-01-05 06:00:00,pm10,PIIANN,139.875,152.02126
2024-02-05 04:00:00,pm10,PIIANN,142.25,163.96184
2025-02-10 13:00:00,pm10,PIIANN,25.0,85.02113
2023-08-08 22:00:00,pm10,PIIANN,443.0,163.22673
2025-05-10 21:00:00,pm10,PIIANN,53.75,34.666687
2024-01-06 05:00:00,pm10,PIIANN,10.125007,52.185776
2024-11-02 14:00:00,pm10,PIIANN,137.46875,168.45787
2024-09-01 19:00:00,pm10,PIIANN,436.0,275.01367
2025-01-01 21:00:00,pm10,PIIANN,170.5,188.8875
2024-11-05 09:00:00,pm10,PIIANN,101.0,107.89369
2025-11-05 07:00:00,pm10,PIIANN,44.5,42.099365
2024-02-07 19:00:00,pm10,PIIANN,19.0,52.490074
2024-05-01 21:00:00,pm10,PIIANN,147.5,191.1569
2023-01-05 05:00:00,pm10,PIIANN,219.0,157.98285
2024-02-03 03:00:00,pm10,PIIANN,128.5,215.12392
2023-04-12 09:00:00,pm10,PIIANN,133.25,100.60174
2023-07-10 15:00:00,pm10,PIIANN,10.499999,60.37754
2023-08-11 20:00:00,pm10,PIIANN,100.25,101.21825
2024-04-08 04:00:00,pm10,PIIANN,67.25,76.44754
2025-02-09 01:00:00,pm10,PIIANN,51.0,71.59032
2025-07-11 23:00:00,pm10,PIIANN,51.25,72.995804
2025-02-03 22:00:00,pm10,PIIANN,354.75,306.77756
2025-12-11 19:00:00,pm10,PIIANN,34.5,59.429977
2023-07-10 00:00:00,pm10,PIIANN,142.0,176.00983
2025-10-05 19:00:00,pm10,PIIANN,124.625,218.93942
2024-09-02 06:00:00,pm10,PIIANN,249.0,155.47794
2023-02-09 16:00:00,pm10,PIIANN,230.75,318.4128
2023-07-07 03:00:00,pm10,PIIANN,479.83334,354.3655
2024-12-11 23:00:00,pm10,PIIANN,113.5,105.59969
2025-03-07 05:00:00,pm10,PIIANN,124.0,94.836784
2024-04-09 04:00:00,pm10,PIIANN,14.499999,128.92505
2023-12-04 21:00:00,pm10,PIIANN,228.5,255.79224
2025-03-02 00:00:00,pm10,PIIANN,149.5,159.4343
2024-01-02 20:00:00,pm10,PIIANN,101.0,132.77742
2023-02-03 14:00:00,pm10,PIIANN,186.5,149.27612
2023-03-05 21:00:00,pm10,PIIANN,258.0,235.19374
2025-10-11 14:00:00,pm10,PIIANN,51.75,55.139893
2024-03-03 12:00:00,pm10,PIIANN,196.0,223.81804
2024-01-02 16:00:00,pm10,PIIANN,101.0,195.52786
2024-12-10 23:00:00,pm10,PIIANN,17.75,45.79827
2024-06-10 21:00:00,pm10,PIIANN,90.5,105.30569
2025-01-10 00:00:00,pm10,PIIANN,25.0,73.42828
2024-10-10 03:00:00,pm10,PIIANN,217.5,105.572426
2023-03-03 06:00:00,pm10,PIIANN,205.25,262.0164
2024-10-01 19:00:00,pm10,PIIANN,348.0,253.1575
2023-02-07 12:00:00,pm10,PIIANN,723.0,368.29947
2024-10-09 15:00:00,pm10,PIIANN,37.75,84.51349
2024-01-03 23:00:00,pm10,PIIANN,158.5,245.50993
2025-06-02 04:00:00,pm10,PIIANN,48.5,58.677742
2025-05-05 12:00:00,pm10,PIIANN,63.5,76.45339
2023-03-02 22:00:00,pm10,PIIANN,177.5,221.94336
2024-01-08 08:00:00,pm10,PIIANN,105.5,78.63017
2024-10-08 03:00:00,pm10,PIIANN,184.0,97.847885
2023-04-05 13:00:00,pm10,PIIANN,44.0,104.61765
2023-05-11 18:00:00,pm10,PIIANN,156.75,61.89631
2025-07-05 06:00:00,pm10,PIIANN,32.125,43.578873
2025-09-06 07:00:00,pm10,PIIANN,111.0,68.40226
2024-07-07 13:00:00,pm10,PIIANN,37.67,31.684036
2023-01-05 09:00:00,pm10,PIIANN,65.0,121.03214
2025-12-11 22:00:00,pm10,PIIANN,65.75,61.511566
2025-08-10 22:00:00,pm10,PIIANN,33.0,57.718437
2024-09-09 10:00:00,pm10,PIIANN,4.0000067,213.70389
2023-12-04 18:00:00,pm10,PIIANN,222.0,212.94095
2024-03-10 07:00:00,pm10,PIIANN,20.75,81.51466
2024-07-08 02:00:00,pm10,PIIANN,700.0,193.11171
2024-07-12 12:00:00,pm10,PIIANN,96.75,170.766
2024-02-10 08:00:00,pm10,PIIANN,204.0,163.97487
2024-10-02 16:00:00,pm10,PIIANN,121.0,149.78613
2023-09-04 07:00:00,pm10,PIIANN,316.5,230.4821
2024-11-12 08:00:00,pm10,PIIANN,84.333336,68.79592
2023-11-11 15:00:00,pm10,PIIANN,62.75,125.53638
2023-11-10 22:00:00,pm10,PIIANN,80.0,166.57652
2023-11-07 00:00:00,pm10,PIIANN,78.38461,119.34603
2024-12-01 18:00:00,pm10,PIIANN,215.25,255.80582
2024-05-06 10:00:00,pm10,PIIANN,166.25,69.75866
2023-02-10 17:00:00,pm10,PIIANN,101.0,117.19783
2024-09-05 02:00:00,pm10,PIIANN,105.0,135.5107
2023-09-02 00:00:00,pm10,PIIANN,428.75,268.4008
2025-04-03 23:00:00,pm10,PIIANN,74.75,147.87413
2024-07-01 17:00:00,pm10,PIIANN,156.5,166.86615
2025-08-04 07:00:00,pm10,PIIANN,250.125,172.35991
2023-06-11 02:00:00,pm10,PIIANN,125.0,93.4876
2025-03-10 15:00:00,pm10,PIIANN,30.25,80.54167
2024-06-09 22:00:00,pm10,PIIANN,35.25,102.00652
2025-05-02 16:00:00,pm10,PIIANN,104.25,182.25848
2023-01-12 04:00:00,pm10,PIIANN,117.75,108.69701
2025-11-02 05:00:00,pm10,PIIANN,120.0,117.69302
2025-12-12 22:00:00,pm10,PIIANN,120.75,136.11327
2023-06-05 17:00:00,pm10,PIIANN,304.75,131.08809
2023-02-02 06:00:00,pm10,PIIANN,182.75,219.26796
2024-08-02 21:00:00,pm10,PIIANN,179.0,222.58757
2023-07-02 18:00:00,pm10,PIIANN,260.5,232.16075
2023-07-08 21:00:00,pm10,PIIANN,5.9999914,102.41617
2023-08-08 12:00:00,pm10,PIIANN,46.0,93.495415
2023-12-01 17:00:00,pm10,PIIANN,167.75,216.52426
2023-10-01 12:00:00,pm10,PIIANN,81.25,191.17729
2025-03-09 10:00:00,pm10,PIIANN,101.0,81.22021
2023-03-02 07:00:00,pm10,PIIANN,167.75,216.49571
2023-03-06 23:00:00,pm10,PIIANN,204.75,236.0336
2025-04-07 12:00:00,pm10,PIIANN,41.5,60.86606
2023-11-11 09:00:00,pm10,PIIANN,240.75,133.66946
2024-06-04 16:00:00,pm10,PIIANN,120.0,127.42145
2025-12-03 22:00:00,pm10,PIIANN,124.0,303.5981
2025-10-11 04:00:00,pm10,PIIANN,76.25,55.584694
2025-01-08 05:00:00,pm10,PIIANN,43.0,45.441383
2024-01-08 01:00:00,pm10,PIIANN,668.75,143.94116
2023-04-02 14:00:00,pm10,PIIANN,144.25,200.52197
2023-04-02 01:00:00,pm10,PIIANN,214.0,232.7934
2023-06-10 17:00:00,pm10,PIIANN,19.0,74.168205
2025-07-10 04:00:00,pm10,PIIANN,32.75,49.908516
2023-02-07 02:00:00,pm10,PIIANN,702.0,222.92873
2024-12-07 22:00:00,pm10,PIIANN,326.25,93.610565
2024-01-13 01:00:00,pm10,PIIANN,118.03501,111.664795
2023-06-09 01:00:00,pm10,PIIANN,152.0,270.96964
2024-11-05 08:00:00,pm10,PIIANN,101.0,113.889465
2024-05-08 15:00:00,pm10,PIIANN,57.0,52.939056
2025-08-08 18:00:00,pm10,PIIANN,57.75,36.74134
2023-08-12 17:00:00,pm10,PIIANN,31.0,91.11176
2025-11-06 21:00:00,pm10,PIIANN,43.25,129.02176
2024-03-06 03:00:00,pm10,PIIANN,29.5,62.57859
2025-10-05 22:00:00,pm10,PIIANN,35.75,76.57877
2024-02-11 09:00:00,pm10,PIIANN,76.5,105.029205
2023-01-10 04:00:00,pm10,PIIANN,31.75,141.76755
2023-07-04 12:00:00,pm10,PIIANN,98.0,132.7591
2025-03-01 08:00:00,pm10,PIIANN,37.75,112.14521
2024-01-02 12:00:00,pm10,PIIANN,327.0,263.5032
2024-10-06 12:00:00,pm10,PIIANN,92.25,167.45815
2024-12-03 04:00:00,pm10,PIIANN,182.25,226.20287
2023-05-03 21:00:00,pm10,PIIANN,173.75,240.97356
2023-01-12 19:00:00,pm10,PIIANN,181.75,204.69757
2024-02-02 17:00:00,pm10,PIIANN,166.75,201.47102
2025-12-11 00:00:00,pm10,PIIANN,37.25,46.52558
2024-07-06 00:00:00,pm10,PIIANN,48.25,138.23212
2023-09-02 16:00:00,pm10,PIIANN,313.0,225.35478
2023-08-08 01:00:00,pm10,PIIANN,179.25,179.05406
2024-07-12 03:00:00,pm10,PIIANN,129.5,144.4623
2025-11-03 14:00:00,pm10,PIIANN,291.25,259.92578
2024-04-05 15:00:00,pm10,PIIANN,95.0,189.6322
2024-05-07 21:00:00,pm10,PIIANN,13.749999,59.87571
2023-04-07 03:00:00,pm10,PIIANN,835.0,278.05936
2025-03-12 09:00:00,pm10,PIIANN,61.5,87.57418
2025-06-05 01:00:00,pm10,PIIANN,101.75,87.16208
2023-04-12 15:00:00,pm10,PIIANN,80.5,128.00096
2025-05-12 16:00:00,pm10,PIIANN,89.5,46.03118
2025-12-10 03:00:00,pm10,PIIANN,29.0,33.495262
2023-10-07 09:00:00,pm10,PIIANN,101.0,146.66263
2023-11-10 18:00:00,pm10,PIIANN,67.25,144.064
2023-03-04 15:00:00,pm10,PIIANN,32.75,86.72098
2023-12-11 06:00:00,pm10,PIIANN,56.75,88.72718
2024-04-11 08:00:00,pm10,PIIANN,138.25,95.469765
2025-12-08 15:00:00,pm10,PIIANN,53.0,62.3976
2024-09-05 14:00:00,pm10,PIIANN,70.25,74.93224
2024-06-11 12:00:00,pm10,PIIANN,87.0,73.659805
2024-09-10 05:00:00,pm10,PIIANN,41.0,94.471695
2023-09-06 08:00:00,pm10,PIIANN,24.375,89.35669
2025-10-06 02:00:00,pm10,PIIANN,50.0,64.511185
2023-08-12 20:00:00,pm10,PIIANN,56.5,76.96274
2024-05-08 07:00:00,pm10,PIIANN,177.5,67.66997
2023-05-12 17:00:00,pm10,PIIANN,227.0,188.57246
2024-04-10 15:00:00,pm10,PIIANN,25.5,38.834946
2023-08-05 05:00:00,pm10,PIIANN,69.5,103.10932
2024-12-10 18:00:00,pm10,PIIANN,47.75,21.361885
2024-04-05 03:00:00,pm10,PIIANN,232.5,288.7067
2023-10-11 13:00:00,pm10,PIIANN,93.0,109.74785
2023-04-09 06:00:00,pm10,PIIANN,710.0,171.58951
2025-04-03 01:00:00,pm10,PIIANN,237.0,167.64798
2025-06-12 14:00:00,pm10,PIIANN,161.0,110.068954
2023-08-12 22:00:00,pm10,PIIANN,72.75,82.3045
2024-10-06 16:00:00,pm10,PIIANN,76.125,128.7882
2024-09-05 01:00:00,pm10,PIIANN,82.75,152.71117
2025-12-12 09:00:00,pm10,PIIANN,132.75,85.77898
2024-11-04 05:00:00,pm10,PIIANN,127.25,202.50429
2025-12-10 06:00:00,pm10,PIIANN,31.0,17.216507
2025-06-03 20:00:00,pm10,PIIANN,113.5,119.855835
2024-02-08 16:00:00,pm10,PIIANN,87.25,82.13311
2025-02-06 04:00:00,pm10,PIIANN,47.5,47.892044
2023-10-02 15:00:00,pm10,PIIANN,93.75,137.9808
2023-07-07 05:00:00,pm10,PIIANN,295.5,310.30466
2024-12-04 18:00:00,pm10,PIIANN,133.25,222.10956
2025-10-05 20:00:00,pm10,PIIANN,19.25,171.43517
2023-10-06 10:00:00,pm10,PIIANN,101.0,75.36841
2024-02-05 14:00:00,no2,PIIANN,30.1,51.855824
2023-01-01 12:00:00,no2,PIIANN,10.7,18.368523
2023-09-05 02:00:00,no2,PIIANN,10.225,19.447073
2024-07-04 22:00:00,no2,PIIANN,66.08,43.991535
2023-06-06 19:00:00,no2,PIIANN,19.125,21.170712
2025-02-12 04:00:00,no2,PIIANN,11.38,9.440431
2023-11-12 05:00:00,no2,PIIANN,4.525001,5.4321923
2025-03-02 04:00:00,no2,PIIANN,28.88,20.32717
2025-10-10 03:00:00,no2,PIIANN,10.85,12.020646
2024-05-04 03:00:00,no2,PIIANN,63.02,40.205685
2025-04-02 01:00:00,no2,PIIANN,28.2,25.004456
2025-02-03 13:00:00,no2,PIIANN,4.18,14.802248
2023-08-06 18:00:00,no2,PIIANN,21.0,18.595804
2025-12-07 16:00:00,no2,PIIANN,11.5,14.5312395
2024-12-09 23:00:00,no2,PIIANN,3.7500005,8.303092
2025-08-11 20:00:00,no2,PIIANN,11.52,15.94215
2023-10-04 21:00:00,no2,PIIANN,82.375,42.155346
2024-07-13 02:00:00,no2,PIIANN,17.397331,17.065065
2023-06-03 20:00:00,no2,PIIANN,40.8,29.166912
2023-04-11 20:00:00,no2,PIIANN,8.15,17.471281
2025-11-09 00:00:00,no2,PIIANN,11.860909,14.516617
2023-08-02 01:00:00,no2,PIIANN,50.425,35.798454
2025-09-07 10:00:00,no2,PIIANN,37.6,11.137048
2024-01-03 13:00:00,no2,PIIANN,18.7,25.84106
2024-09-06 10:00:00,no2,PIIANN,10.65,10.039425
2025-03-10 13:00:00,no2,PIIANN,11.5,12.298406
2025-07-12 15:00:00,no2,PIIANN,11.55,14.842327
2023-05-07 21:00:00,no2,PIIANN,3.6,9.471422
2025-05-08 07:00:00,no2,PIIANN,11.1,15.90385
2023-05-08 07:00:00,no2,PIIANN,3.5000005,4.026735
2023-03-08 17:00:00,no2,PIIANN,4.2000003,6.2244315
2025-05-11 17:00:00,no2,PIIANN,41.33,13.592931
2023-07-11 11:00:00,no2,PIIANN,3.275,7.184979
2025-09-11 09:00:00,no2,PIIANN,11.82,10.90486
2023-08-10 04:00:00,no2,PIIANN,3.025,3.950336
2023-12-10 22:00:00,no2,PIIANN,3.3750005,4.5216317
2024-06-05 03:00:00,no2,PIIANN,54.45,39.66806
2023-05-06 09:00:00,no2,PIIANN,8.675,10.607304
2025-10-05 05:00:00,no2,PIIANN,13.38,15.151289
2025-11-04 04:00:00,no2,PIIANN,14.38,17.774366
2025-06-02 08:00:00,no2,PIIANN,9.57,22.29697
2023-06-11 22:00:00,no2,PIIANN,7.1750007,16.732273
2024-09-12 12:00:00,no2,PIIANN,12.32,15.869337
2023-12-02 20:00:00,no2,PIIANN,45.975,42.547333
2025-10-02 20:00:00,no2,PIIANN,3.1,25.503525
2025-09-02 19:00:00,no2,PIIANN,11.5,18.380564
2025-03-07 23:00:00,no2,PIIANN,12.035,13.173149
2024-11-03 09:00:00,no2,PIIANN,23.6,24.536058
2025-11-11 15:00:00,no2,PIIANN,11.52,15.924379
2025-12-04 01:00:00,no2,PIIANN,16.23,21.310572
2023-07-11 00:00:00,no2,PIIANN,6.2500005,7.382113
2023-07-10 18:00:00,no2,PIIANN,3.725,6.2070575
2024-03-02 02:00:00,no2,PIIANN,14.75,18.737514
2025-10-09 15:00:00,no2,PIIANN,36.05,14.770966
2023-05-01 10:00:00,no2,PIIANN,30.925,34.47017
2024-02-13 00:00:00,no2,PIIANN,1.9492677,8.484847
2023-01-05 20:00:00,no2,PIIANN,11.675,18.414333
2024-03-01 22:00:00,no2,PIIANN,23.58,33.252728
2023-12-09 21:00:00,no2,PIIANN,4.0500007,4.0538974
2023-10-06 23:00:00,no2,PIIANN,24.05,17.47038
2024-09-07 05:00:00,no2,PIIANN,22.3,11.685564
2023-09-09 03:00:00,no2,PIIANN,3.0749993,3.860166
2025-01-02 07:00:00,no2,PIIANN,14.55,36.08013
2025-08-09 08:00:00,no2,PIIANN,12.32,13.608974
2024-10-03 05:00:00,no2,PIIANN,22.6,20.851028
2023-02-05 10:00:00,no2,PIIANN,7.3000007,3.8345819
2024-05-03 23:00:00,no2,PIIANN,23.68,30.41948
2024-08-11 05:00:00,no2,PIIANN,12.8,12.714672
2025-06-06 08:00:00,no2,PIIANN,13.65,12.108011
2023-08-10 02:00:00,no2,PIIANN,2.275,2.4323
2025-01-06 19:00:00,no2,PIIANN,13.22,13.99357
2023-07-04 00:00:00,no2,PIIANN,25.875,34.42261
2024-12-02 14:00:00,no2,PIIANN,18.186,14.722444
2023-12-11 16:00:00,no2,PIIANN,4.9500003,10.687605
2025-07-03 10:00:00,no2,PIIANN,16.58,18.895391
2025-02-07 14:00:00,no2,PIIANN,11.6,11.311955
2023-07-05 04:00:00,no2,PIIANN,10.025,19.82933
2025-08-06 07:00:00,no2,PIIANN,12.3,13.199568
2025-03-11 01:00:00,no2,PIIANN,87.63,10.217865
2024-01-06 21:00:00,no2,PIIANN,16.55,20.434593
2023-07-07 13:00:00,no2,PIIANN,2.6250005,0.57895505
2025-01-12 23:00:00,no2,PIIANN,12.7,12.450056
2024-07-09 12:00:00,no2,PIIANN,9.88,13.120407
2025-11-10 17:00:00,no2,PIIANN,11.82,14.242801
2024-10-10 07:00:00,no2,PIIANN,3.7500005,7.2171693
2024-05-10 08:00:00,no2,PIIANN,8.2,8.270185
2025-10-03 19:00:00,no2,PIIANN,17.3,28.208452
2024-02-05 00:00:00,no2,PIIANN,39.12,35.135277
2023-11-04 12:00:00,no2,PIIANN,12.3,11.908305
2024-12-01 16:00:00,no2,PIIANN,29.22,16.730728
2024-04-01 14:00:00,no2,PIIANN,7.35,13.505251
2023-03-06 03:00:00,no2,PIIANN,33.775005,21.791632
2025-07-01 16:00:00,no2,PIIANN,10.37,29.797695
2023-03-11 19:00:00,no2,PIIANN,6.8000007,20.94434
2024-04-04 08:00:00,no2,PIIANN,72.67999,50.365433
2023-07-05 05:00:00,no2,PIIANN,13.475,17.949478
2025-01-06 22:00:00,no2,PIIANN,14.25,13.600259
2025-04-05 13:00:00,no2,PIIANN,13.2,17.952236
2024-07-10 12:00:00,no2,PIIANN,26.4,9.449042
2025-10-06 14:00:00,no2,PIIANN,13.0,14.870459
2025-11-02 09:00:00,no2,PIIANN,10.92,22.375074
2025-04-06 12:00:00,no2,PIIANN,13.55,15.592583
2024-06-06 04:00:00,no2,PIIANN,20.85,22.829254
2023-03-02 03:00:00,no2,PIIANN,18.15,22.503164
2023-09-12 11:00:00,no2,PIIANN,5.3250003,7.253659
2023-09-12 16:00:00,no2,PIIANN,4.8750005,9.651595
2025-06-06 05:00:00,no2,PIIANN,12.25,11.972822
2024-06-10 13:00:00,no2,PIIANN,6.8000007,8.850735
2023-09-09 02:00:00,no2,PIIANN,2.7999997,5.0250916
2023-11-03 00:00:00,no2,PIIANN,32.05,32.079227
2025-01-03 13:00:00,no2,PIIANN,7.8800006,16.109034
2024-10-06 18:00:00,no2,PIIANN,23.72,17.337202
2024-12-03 14:00:00,no2,PIIANN,7.8800006,26.635864
2023-03-08 20:00:00,no2,PIIANN,3.775,5.771006
2025-12-01 21:00:00,no2,PIIANN,1.229999,10.404816
2025-09-03 21:00:00,no2,PIIANN,17.5,25.647495
2023-06-05 16:00:00,no2,PIIANN,21.5,12.069165
2025-10-05 17:00:00,no2,PIIANN,11.95,19.108532
2023-05-05 21:00:00,no2,PIIANN,38.525,24.12136
2023-11-12 11:00:00,no2,PIIANN,4.5000005,7.339025
2025-09-06 05:00:00,no2,PIIANN,13.12,12.53961
2025-09-05 19:00:00,no2,PIIANN,13.25,18.336641
2023-07-02 02:00:00,no2,PIIANN,16.075,27.497616
2024-02-06 12:00:00,no2,PIIANN,8.38,8.979072
2024-05-07 11:00:00,no2,PIIANN,4.68,13.391855
2023-11-10 20:00:00,no2,PIIANN,7.1,6.8873515
2024-09-11 01:00:00,no2,PIIANN,14.25,15.8721285
2025-05-13 00:00:00,no2,PIIANN,11.90232,11.852174
2023-09-12 02:00:00,no2,PIIANN,4.0000005,9.986134
2023-06-09 14:00:00,no2,PIIANN,4.6750007,4.8671117
2025-10-08 19:00:00,no2,PIIANN,12.4,14.58602
2023-06-06 23:00:00,no2,PIIANN,27.075,24.021772
2025-06-08 15:00:00,no2,PIIANN,11.63,18.24278
2024-12-04 03:00:00,no2,PIIANN,56.78,38.8131
2025-10-03 07:00:00,no2,PIIANN,15.5,20.987734
2025-04-12 18:00:00,no2,PIIANN,12.08,13.533
2024-06-02 23:00:00,no2,PIIANN,24.7,28.738045
2024-04-03 12:00:00,no2,PIIANN,11.38,7.196462
2025-07-11 03:00:00,no2,PIIANN,10.82,14.293616
2023-03-09 20:00:00,no2,PIIANN,4.9,7.724588
2023-03-09 11:00:00,no2,PIIANN,1.9,1.9248852
2025-05-13 02:00:00,no2,PIIANN,11.946959,12.4711895
2025-03-12 14:00:00,no2,PIIANN,11.38,13.685431
2023-12-03 23:00:00,no2,PIIANN,53.3,48.71228
2024-12-06 11:00:00,no2,PIIANN,7.3800006,10.342863
2025-11-04 19:00:00,no2,PIIANN,16.23,19.376268
2023-08-08 10:00:00,no2,PIIANN,2.6250005,4.417252
2023-06-02 12:00:00,no2,PIIANN,14.4,16.578901
2025-09-03 15:00:00,no2,PIIANN,17.15,20.76538
2023-03-05 11:00:00,no2,PIIANN,7.85,4.712189
2023-02-09 01:00:00,no2,PIIANN,4.2500005,9.073956
2024-05-07 19:00:00,no2,PIIANN,19.1,14.299901
2024-09-03 15:00:00,no2,PIIANN,8.35,16.291134
2023-02-04 08:00:00,no2,PIIANN,11.95,10.187486
2023-10-03 21:00:00,no2,PIIANN,43.15,45.43491
2025-03-04 13:00:00,no2,PIIANN,14.98,19.388306
2024-01-06 07:00:00,no2,PIIANN,17.95,7.8508325
2023-12-08 22:00:00,no2,PIIANN,1.6250004,6.649196
2025-08-04 00:00:00,no2,PIIANN,16.17,25.956448
2024-02-03 19:00:00,no2,PIIANN,49.2,29.181633
2025-06-09 04:00:00,no2,PIIANN,11.52,13.802843
2023-12-06 00:00:00,no2,PIIANN,18.35,22.910856
2025-08-03 05:00:00,no2,PIIANN,14.7,19.549414
2025-08-03 19:00:00,no2,PIIANN,17.62,26.911741
2023-03-02 08:00:00,no2,PIIANN,22.5,19.458273
2024-05-11 17:00:00,no2,PIIANN,34.12,11.924144
2025-04-08 18:00:00,no2,PIIANN,11.87,16.121199
2023-07-03 19:00:00,no2,PIIANN,50.95,44.12052
2025-11-12 21:00:00,no2,PIIANN,11.85,16.900047
2023-05-11 02:00:00,no2,PIIANN,2.8750005,8.296302
2024-04-08 19:00:00,no2,PIIANN,5.9500003,13.544252
2025-08-06 13:00:00,no2,PIIANN,12.45,15.147938
2023-02-04 02:00:00,no2,PIIANN,9.1,28.790295
2023-05-07 22:00:00,no2,PIIANN,4.0750003,8.995162
2023-03-12 15:00:00,no2,PIIANN,11.95,14.246111
2025-02-05 16:00:00,no2,PIIANN,4.9,13.615536
2023-09-07 04:00:00,no2,PIIANN,1.9500002,6.2469134
2023-06-01 13:00:00,no2,PIIANN,10.45,25.228731
2025-02-08 01:00:00,no2,PIIANN,11.28,12.972746
2023-07-02 21:00:00,no2,PIIANN,49.2,42.98639
2024-02-06 23:00:00,no2,PIIANN,7.28,14.49717
2024-10-07 14:00:00,no2,PIIANN,6.9,11.157625
2023-08-07 02:00:00,no2,PIIANN,1.65,12.10285
2023-11-02 21:00:00,no2,PIIANN,32.45,35.66967
2023-01-10 10:00:00,no2,PIIANN,2.2000003,1.6450638
2025-08-13 01:00:00,no2,PIIANN,11.919781,14.060975
2023-06-02 14:00:00,no2,PIIANN,15.1,17.351088
2023-11-09 12:00:00,no2,PIIANN,2.9,1.1119636
2024-04-04 00:00:00,no2,PIIANN,67.75,23.552448
2023-02-01 17:00:00,no2,PIIANN,74.4,28.433739
2024-11-11 08:00:00,no2,PIIANN,16.42,13.637844
2025-11-12 07:00:00,no2,PIIANN,14.1,13.479236
2025-02-10 09:00:00,no2,PIIANN,57.63,19.836098
2023-04-02 05:00:00,no2,PIIANN,33.125,23.966576
2023-01-05 19:00:00,no2,PIIANN,17.65,15.634096
2025-06-09 05:00:00,no2,PIIANN,11.2,12.678011
2023-08-02 12:00:00,no2,PIIANN,15.4,20.828249
2023-07-06 17:00:00,no2,PIIANN,14.625,15.687217
2023-06-05 22:00:00,no2,PIIANN,8.925,35.211956
2025-09-05 01:00:00,no2,PIIANN,14.0,26.684032
2025-11-12 06:00:00,no2,PIIANN,14.0,11.618769
2024-06-11 23:00:00,no2,PIIANN,23.42,20.587465
2024-04-11 05:00:00,no2,PIIANN,12.18,9.812832
2024-04-06 08:00:00,no2,PIIANN,18.72,12.172128
2023-06-10 19:00:00,no2,PIIANN,3.1,6.524735
2024-03-06 21:00:00,no2,PIIANN,10.92,15.4723425
2023-07-12 13:00:00,no2,PIIANN,4.474999,11.091927
2024-05-03 13:00:00,no2,PIIANN,10.28,14.429823
2024-05-11 09:00:00,no2,PIIANN,14.15,12.259194
2023-12-04 13:00:00,no2,PIIANN,13.575,15.217528
2023-02-09 04:00:00,no2,PIIANN,4.4500003,7.5963683
2025-06-12 11:00:00,no2,PIIANN,10.7,11.94688
2025-12-03 04:00:00,no2,PIIANN,16.27,20.597015
2024-11-02 17:00:00,no2,PIIANN,11.95,23.464703
2023-07-07 04:00:00,no2,PIIANN,1.7999996,8.849187
2023-06-02 06:00:00,no2,PIIANN,41.166668,25.0387
2024-06-04 05:00:00,no2,PIIANN,67.18,47.169292
2024-01-03 06:00:00,no2,PIIANN,21.57,26.556408
2024-11-02 01:00:00,no2,PIIANN,32.35,27.877735
2023-01-10 03:00:00,no2,PIIANN,2.4249997,3.3782353
2025-03-12 07:00:00,no2,PIIANN,104.95,42.653812
2024-09-11 23:00:00,no2,PIIANN,19.88,19.32928
2025-06-03 12:00:00,no2,PIIANN,13.7,16.998028
2023-11-10 01:00:00,no2,PIIANN,7.9,3.9034266
2024-04-05 02:00:00,no2,PIIANN,56.42,44.717285
2024-06-09 09:00:00,no2,PIIANN,2.9,5.607821
2024-09-04 12:00:00,no2,PIIANN,29.55,30.014544
2024-12-07 20:00:00,no2,PIIANN,15.72,15.0867195
2023-05-03 15:00:00,no2,PIIANN,8.95,13.991531
2023-11-12 15:00:00,no2,PIIANN,2.8250003,9.249485
2023-04-07 10:00:00,no2,PIIANN,2.0000005,2.0678153
2025-07-10 18:00:00,no2,PIIANN,11.8,14.611025
2023-01-11 21:00:00,no2,PIIANN,6.0500007,15.433129
2024-12-07 02:00:00,no2,PIIANN,14.75,13.133746
2023-11-11 14:00:00,no2,PIIANN,2.025,7.1399627
2025-10-09 06:00:00,no2,PIIANN,11.3,10.570449
2023-12-08 15:00:00,no2,PIIANN,1.7000002,2.9297738
2025-08-08 12:00:00,no2,PIIANN,11.28,12.047384
2025-05-07 10:00:00,no2,PIIANN,12.38,10.4962015
2024-03-11 23:00:00,no2,PIIANN,16.85,15.443683
2023-10-04 19:00:00,no2,PIIANN,33.9,36.163773
2025-01-05 14:00:00,no2,PIIANN,16.1,14.223109
2023-12-06 13:00:00,no2,PIIANN,6.1250005,5.830006
2025-05-01 13:00:00,no2,PIIANN,39.22,28.82349
2024-04-05 05:00:00,no2,PIIANN,49.8,40.22402
2025-03-12 16:00:00,no2,PIIANN,11.0,12.86504
2025-12-10 09:00:00,no2,PIIANN,11.35,10.82953
2024-01-04 01:00:00,no2,PIIANN,21.161818,23.74777
2024-05-02 08:00:00,no2,PIIANN,18.65,17.44747
2023-02-11 15:00:00,no2,PIIANN,1.8250002,11.972144
2024-07-02 04:00:00,no2,PIIANN,23.45,15.342856
2023-10-09 04:00:00,no2,PIIANN,3.6,2.7498193
2023-11-08 17:00:00,no2,PIIANN,2.3750005,5.830899
2025-11-05 14:00:00,no2,PIIANN,13.4,14.094563
2024-07-05 06:00:00,no2,PIIANN,61.5,42.426605
2025-04-12 08:00:00,no2,PIIANN,12.05,11.168141
2023-08-01 12:00:00,no2,PIIANN,16.775,27.850662
2024-01-06 06:00:00,no2,PIIANN,10.4,7.2319665
2023-06-09 13:00:00,no2,PIIANN,4.525001,4.731714
2023-04-09 07:00:00,no2,PIIANN,3.9,3.3222518
2024-06-04 20:00:00,no2,PIIANN,65.6,39.140633
2023-08-11 09:00:00,no2,PIIANN,3.8750005,6.666633
2024-04-10 11:00:00,no2,PIIANN,8.2,8.576465
2023-10-08 01:00:00,no2,PIIANN,3.525,6.3968062
2023-07-01 23:00:00,no2,PIIANN,46.075,42.004837
2023-11-11 19:00:00,no2,PIIANN,11.65,17.24461
2025-09-04 22:00:00,no2,PIIANN,15.02,22.451239
2024-07-08 03:00:00,no2,PIIANN,5.2499995,19.60983
2025-02-12 21:00:00,no2,PIIANN,11.87,11.792508
2025-07-05 11:00:00,no2,PIIANN,12.85,16.521652
2023-09-03 15:00:00,no2,PIIANN,10.6,12.176575
2025-04-03 21:00:00,no2,PIIANN,14.35,22.81484
2025-05-10 22:00:00,no2,PIIANN,11.95,13.170675
2025-03-13 01:00:00,no2,PIIANN,12.095536,11.097638
2024-06-12 05:00:00,no2,PIIANN,8.329999,11.129453
2023-09-04 17:00:00,no2,PIIANN,15.225,18.191057
2025-05-02 08:00:00,no2,PIIANN,24.0,15.9294
2025-10-12 06:00:00,no2,PIIANN,14.9,14.524077
2025-02-11 21:00:00,no2,PIIANN,11.22,13.159037
2025-08-11 14:00:00,no2,PIIANN,54.53,12.824585
2025-02-08 20:00:00,no2,PIIANN,11.35,13.238018
2025-08-09 22:00:00,no2,PIIANN,11.02,17.803461
2024-02-03 22:00:00,no2,PIIANN,19.88,30.8997
2023-03-04 19:00:00,no2,PIIANN,10.9,16.01265
2025-01-08 23:00:00,no2,PIIANN,12.08,13.4545
2024-05-10 02:00:00,no2,PIIANN,10.7,8.672933
2024-09-04 15:00:00,no2,PIIANN,27.32,29.050947
2024-10-02 07:00:00,no2,PIIANN,26.506666,23.65709
2024-06-05 20:00:00,no2,PIIANN,75.35,47.601284
2024-06-09 18:00:00,no2,PIIANN,25.68,16.573162
2023-03-08 07:00:00,no2,PIIANN,1.9,0.8853334
2025-01-01 12:00:00,no2,PIIANN,19.18,19.740686
2024-02-02 01:00:00,no2,PIIANN,26.58,31.14188
2024-03-07 17:00:00,no2,PIIANN,9.28,7.006475
2023-12-08 02:00:00,no2,PIIANN,1.5000004,3.772694
2024-03-09 17:00:00,no2,PIIANN,2.98,11.077199
2024-04-08 08:00:00,no2,PIIANN,7.0500007,6.4137235
2023-04-05 00:00:00,no2,PIIANN,45.225,14.7056
2024-08-08 15:00:00,no2,PIIANN,10.62,14.783064
2023-07-09 13:00:00,no2,PIIANN,6.1750007,0.8921131
2024-08-13 02:00:00,no2,PIIANN,14.849978,13.901934
2023-12-11 19:00:00,no2,PIIANN,11.15,13.035027
2023-08-07 15:00:00,no2,PIIANN,2.65,4.3739667
2025-05-10 11:00:00,no2,PIIANN,11.92,9.989303
2025-07-08 06:00:00,no2,PIIANN,12.0,13.721626
2024-02-08 12:00:00,no2,PIIANN,10.779999,11.606367
2023-05-03 12:00:00,no2,PIIANN,10.525,13.859144
2025-02-11 06:00:00,no2,PIIANN,12.03,9.317502
2025-09-09 21:00:00,no2,PIIANN,11.65,16.259119
2025-01-07 07:00:00,no2,PIIANN,13.02,11.967478
2025-02-08 10:00:00,no2,PIIANN,12.27,14.60813
2023-06-08 05:00:00,no2,PIIANN,1.9749998,3.407291
2023-03-08 14:00:00,no2,PIIANN,2.2000003,1.4702257
2025-02-08 23:00:00,no2,PIIANN,11.8,12.566127
2025-03-01 14:00:00,no2,PIIANN,21.8,29.058601
2025-02-06 05:00:00,no2,PIIANN,12.17,12.118336
2025-07-11 19:00:00,no2,PIIANN,11.02,16.688208
2024-05-05 00:00:00,no2,PIIANN,66.32,42.893475
2024-12-07 01:00:00,no2,PIIANN,14.05,14.360023
2023-02-09 21:00:00,no2,PIIANN,6.0500007,10.735661
2025-08-06 06:00:00,no2,PIIANN,12.4,12.89338
2024-12-10 16:00:00,no2,PIIANN,6.48,12.348254
2024-03-07 14:00:00,no2,PIIANN,5.28,6.8193097
2024-12-12 11:00:00,no2,PIIANN,16.8,17.957153
2023-04-05 06:00:00,no2,PIIANN,22.0,11.530287
2024-05-07 14:00:00,no2,PIIANN,4.85,7.326589
2025-09-12 21:00:00,no2,PIIANN,11.45,16.241337
2023-10-06 12:00:00,no2,PIIANN,6.025,9.730136
2024-09-03 01:00:00,no2,PIIANN,17.6,27.85374
2023-12-03 02:00:00,no2,PIIANN,33.5,33.52029
2023-03-10 18:00:00,no2,PIIANN,5.475,1.9786943
2025-07-08 23:00:00,no2,PIIANN,11.68,14.700796
2023-08-02 04:00:00,no2,PIIANN,57.55,29.943583
2025-02-10 15:00:00,no2,PIIANN,11.15,16.095713
2023-11-10 06:00:00,no2,PIIANN,2.9,1.2931827
2025-02-03 07:00:00,no2,PIIANN,15.13,33.532837
2024-01-09 11:00:00,no2,PIIANN,15.62,9.224876
2023-12-10 21:00:00,no2,PIIANN,3.15,5.7016873
2024-05-11 13:00:00,no2,PIIANN,4.5800004,11.32265
2023-04-09 15:00:00,no2,PIIANN,4.8250003,2.3873725
2025-08-05 09:00:00,no2,PIIANN,1.9,12.99638
2024-08-06 06:00:00,no2,PIIANN,23.13,14.973944
2023-08-01 08:00:00,no2,PIIANN,38.525,32.68791
2024-03-12 17:00:00,no2,PIIANN,1.9,13.665979
2023-04-03 11:00:00,no2,PIIANN,17.0,26.147642
2023-11-10 13:00:00,no2,PIIANN,2.15,1.5575632
2025-04-01 12:00:00,no2,PIIANN,32.53,34.492718
2023-07-06 14:00:00,no2,PIIANN,5.1,8.956549
2025-12-03 23:00:00,no2,PIIANN,16.95,19.721497
2025-01-07 16:00:00,no2,PIIANN,10.779999,11.341396
2025-05-10 13:00:00,no2,PIIANN,67.5,11.413427
2023-03-08 12:00:00,no2,PIIANN,2.2500005,-0.7021462
2024-04-10 03:00:00,no2,PIIANN,6.2000003,9.087883
2023-05-10 10:00:00,no2,PIIANN,3.525,3.1892715
2025-03-12 17:00:00,no2,PIIANN,12.55,12.690535
2024-04-03 23:00:00,no2,PIIANN,23.7,25.581083
2025-03-04 12:00:00,no2,PIIANN,15.15,18.82609
2023-09-08 12:00:00,no2,PIIANN,2.5000005,2.4105334
2025-05-10 06:00:00,no2,PIIANN,11.5,8.970349
2025-08-03 01:00:00,no2,PIIANN,15.12,21.08096
2025-09-06 03:00:00,no2,PIIANN,12.4,13.658759
2024-01-05 20:00:00,no2,PIIANN,34.8,24.27752
2025-09-09 16:00:00,no2,PIIANN,11.4,16.255486
2023-03-08 15:00:00,no2,PIIANN,2.1250005,2.8447852
2025-05-12 08:00:00,no2,PIIANN,12.4,11.687604
2025-07-10 23:00:00,no2,PIIANN,11.35,14.072844
2025-04-02 06:00:00,no2,PIIANN,38.3,21.218987
2025-06-03 00:00:00,no2,PIIANN,14.52,11.8612585
2025-10-02 04:00:00,no2,PIIANN,8.3,10.915003
2025-01-10 05:00:00,no2,PIIANN,26.28,9.854132
2025-03-04 23:00:00,no2,PIIANN,16.1,22.34109
2023-12-12 13:00:00,no2,PIIANN,3.0499997,8.106499
2023-01-05 01:00:00,no2,PIIANN,29.8,21.2212
2025-10-09 04:00:00,no2,PIIANN,11.3,12.163584
2023-03-12 01:00:00,no2,PIIANN,6.650001,11.090658
2025-09-10 11:00:00,no2,PIIANN,11.58,11.7678585
2024-03-07 16:00:00,no2,PIIANN,7.3000007,6.962353
2024-03-08 18:00:00,no2,PIIANN,13.9,10.339809
2023-06-03 11:00:00,no2,PIIANN,11.0,16.672321
2024-02-08 06:00:00,no2,PIIANN,6.27,6.863603
2025-10-05 12:00:00,no2,PIIANN,11.95,21.815695
2024-11-12 03:00:00,no2,PIIANN,9.75,11.801153
2024-05-06 12:00:00,no2,PIIANN,13.42,10.089725
2023-12-08 09:00:00,no2,PIIANN,1.9500002,3.2452378
2024-09-09 03:00:00,no2,PIIANN,7.9,11.180043
2024-07-10 13:00:00,no2,PIIANN,43.9,14.338304
2023-09-03 00:00:00,no2,PIIANN,22.075,32.45973
2024-08-03 12:00:00,no2,PIIANN,9.12,14.497233
2023-10-09 05:00:00,no2,PIIANN,4.275,2.476727
2023-11-10 23:00:00,no2,PIIANN,5.025,4.674543
2023-05-02 04:00:00,no2,PIIANN,23.225,18.486998
2023-08-06 20:00:00,no2,PIIANN,29.8,25.430307
2024-12-04 22:00:00,no2,PIIANN,61.8,45.668205
2023-05-07 13:00:00,no2,PIIANN,1.7999996,-0.50127566
2025-01-07 17:00:00,no2,PIIANN,12.13,12.290929
2025-08-02 21:00:00,no2,PIIANN,10.42,19.896585
2024-06-06 22:00:00,no2,PIIANN,32.62,27.547895
2025-02-05 23:00:00,no2,PIIANN,13.85,19.694572
2025-11-02 11:00:00,no2,PIIANN,10.35,16.001757
2023-06-07 13:00:00,no2,PIIANN,1.8750004,3.4306207
2023-06-06 11:00:00,no2,PIIANN,8.475,9.662202
2023-03-04 23:00:00,no2,PIIANN,6.35,14.457471
2023-11-05 10:00:00,no2,PIIANN,14.825,8.395083
2025-03-05 22:00:00,no2,PIIANN,13.92,19.882338
2023-10-04 07:00:00,no2,PIIANN,35.7,29.432428
2024-01-09 18:00:00,no2,PIIANN,9.88,16.457016
2023-11-03 22:00:00,no2,PIIANN,50.5,50.993343
2023-03-12 05:00:00,no2,PIIANN,4.525001,8.23436
2023-01-12 12:00:00,no2,PIIANN,2.6,6.0121818
2024-11-03 20:00:00,no2,PIIANN,43.4,40.578434
2023-03-03 10:00:00,no2,PIIANN,20.85,29.415655
2023-02-08 18:00:00,no2,PIIANN,3.025,4.4217095
2024-06-11 14:00:00,no2,PIIANN,12.2,22.251545
2024-01-10 22:00:00,no2,PIIANN,26.4,17.324854
2023-07-11 15:00:00,no2,PIIANN,2.7000003,10.751053
2024-06-03 23:00:00,no2,PIIANN,22.18,26.056843
2023-08-04 11:00:00,no2,PIIANN,13.0,13.196216
2024-01-08 09:00:00,no2,PIIANN,5.0500007,9.248464
2023-12-08 06:00:00,no2,PIIANN,3.766667,2.8725247
2025-04-02 21:00:00,no2,PIIANN,24.88,32.98603
2024-10-12 07:00:00,no2,PIIANN,6.8000007,18.0794
2025-09-08 04:00:00,no2,PIIANN,10.82,19.652908
2025-04-04 18:00:00,no2,PIIANN,16.12,24.10177
2023-08-08 17:00:00,no2,PIIANN,4.15,6.5966516
2024-10-12 11:00:00,no2,PIIANN,14.33,16.837889
2024-07-06 15:00:00,no2,PIIANN,8.82,15.489308
2024-09-11 00:00:00,no2,PIIANN,16.27,16.199072
2025-03-10 18:00:00,no2,PIIANN,11.62,14.11802
2025-01-02 13:00:00,no2,PIIANN,59.8,36.367653
2023-06-09 06:00:00,no2,PIIANN,4.0333333,3.0718446
2024-08-10 00:00:00,no2,PIIANN,11.55,16.659586
2025-06-10 12:00:00,no2,PIIANN,11.669999,13.165045
2025-01-11 09:00:00,no2,PIIANN,35.95,27.746674
2023-12-03 01:00:00,no2,PIIANN,33.875,33.953194
2024-09-13 01:00:00,no2,PIIANN,11.770762,14.976119
2024-02-08 20:00:00,no2,PIIANN,11.05,13.603316
2025-08-10 11:00:00,no2,PIIANN,11.8,11.997473
2023-01-11 14:00:00,no2,PIIANN,1.7500004,8.5869665
2024-08-07 06:00:00,no2,PIIANN,159.05,16.643929
2024-12-02 19:00:00,no2,PIIANN,42.22,35.633984
2025-08-04 16:00:00,no2,PIIANN,11.95,22.93778
2025-05-11 20:00:00,no2,PIIANN,11.47,16.027496
2025-07-13 02:00:00,no2,PIIANN,12.290766,15.017003
2025-05-05 06:00:00,no2,PIIANN,12.93,16.548752
2023-01-08 10:00:00,no2,PIIANN,2.1749997,2.385159
2024-11-09 04:00:00,no2,PIIANN,15.25,14.903365
2025-12-07 00:00:00,no2,PIIANN,11.58,14.471609
2023-06-04 11:00:00,no2,PIIANN,10.375,9.031618
2024-12-04 08:00:00,no2,PIIANN,60.58,48.22443
2025-01-11 20:00:00,no2,PIIANN,11.08,14.268431
2024-07-01 13:00:00,no2,PIIANN,8.68,17.966766
2024-05-12 08:00:00,no2,PIIANN,1.9,7.9080405
2024-06-12 01:00:00,no2,PIIANN,11.88,14.668378
2023-06-03 08:00:00,no2,PIIANN,21.3,34.585846
2025-07-09 03:00:00,no2,PIIANN,12.2,13.324446
2024-07-12 04:00:00,no2,PIIANN,17.27,17.873465
2025-07-09 02:00:00,no2,PIIANN,11.52,14.297623
2024-04-12 12:00:00,no2,PIIANN,1.9,8.500295
2024-05-08 19:00:00,no2,PIIANN,12.62,11.3531065
2024-07-12 01:00:00,no2,PIIANN,15.18,18.106485
2023-11-12 03:00:00,no2,PIIANN,4.5000005,7.838407
2024-11-06 22:00:00,no2,PIIANN,14.35,16.827494
2024-05-04 06:00:00,no2,PIIANN,79.33,48.39693
2025-09-10 04:00:00,no2,PIIANN,10.82,10.915735
2024-04-04 01:00:00,no2,PIIANN,80.78,38.46474
2025-09-04 06:00:00,no2,PIIANN,14.3,22.470867
2024-08-02 17:00:00,no2,PIIANN,50.12,20.281366
2025-03-05 19:00:00,no2,PIIANN,15.18,14.314435
2024-11-03 02:00:00,no2,PIIANN,16.88,20.955921
2024-10-02 19:00:00,no2,PIIANN,52.25,43.084892
2025-08-05 23:00:00,no2,PIIANN,15.0,19.259947
2025-12-04 06:00:00,no2,PIIANN,16.1,17.2364
2023-09-04 04:00:00,no2,PIIANN,36.85,38.032623
2023-09-04 20:00:00,no2,PIIANN,55.3,43.446003
2025-10-03 12:00:00,no2,PIIANN,15.88,22.223711
2025-12-02 08:00:00,no2,PIIANN,13.68,8.979499
2025-10-06 12:00:00,no2,PIIANN,13.83,15.134153
2025-03-03 22:00:00,no2,PIIANN,13.35,19.947878
2025-05-09 11:00:00,no2,PIIANN,11.02,13.788104
2025-09-06 23:00:00,no2,PIIANN,12.55,16.1102
2025-05-08 03:00:00,no2,PIIANN,11.32,12.75809
2023-04-03 23:00:00,no2,PIIANN,33.5,42.62213
2023-12-12 09:00:00,no2,PIIANN,9.125,6.7367997
2023-02-11 06:00:00,no2,PIIANN,3.733333,7.174049
2024-05-10 22:00:00,no2,PIIANN,6.7500005,9.760438
2025-09-07 22:00:00,no2,PIIANN,11.8,16.667433
2024-06-03 02:00:00,no2,PIIANN,16.58,23.281855
2025-07-02 09:00:00,no2,PIIANN,9.95,11.2262535
2025-05-04 14:00:00,no2,PIIANN,14.78,24.930521
2024-08-12 11:00:00,no2,PIIANN,9.55,18.10346
2024-05-01 16:00:00,no2,PIIANN,18.62,15.099782
2025-04-01 16:00:00,no2,PIIANN,34.1,30.277754
2023-10-09 11:00:00,no2,PIIANN,2.6749997,-0.23253213
2025-01-08 06:00:00,no2,PIIANN,33.25,9.701888
2023-09-11 03:00:00,no2,PIIANN,5.275,10.049034
2025-04-11 05:00:00,no2,PIIANN,16.7,9.091726
2024-12-11 11:00:00,no2,PIIANN,14.65,12.272579
2024-09-06 23:00:00,no2,PIIANN,25.38,24.216455
2023-05-08 21:00:00,no2,PIIANN,4.6,5.4008813
2024-08-10 04:00:00,no2,PIIANN,11.3,11.198971
2023-12-10 11:00:00,no2,PIIANN,2.025,-1.0236202
2024-09-09 00:00:00,no2,PIIANN,15.0,12.886785
2024-03-03 06:00:00,no2,PIIANN,30.77,20.954485
2023-09-05 08:00:00,no2,PIIANN,13.45,13.730334
2025-08-03 03:00:00,no2,PIIANN,14.5,21.45783
2023-01-01 09:00:00,no2,PIIANN,18.1,22.768644
2025-08-01 15:00:00,no2,PIIANN,19.65,22.745878
2024-03-12 09:00:00,no2,PIIANN,1.9,6.8413024
2023-11-09 21:00:00,no2,PIIANN,5.7000003,5.47547
2025-08-02 17:00:00,no2,PIIANN,14.6,20.806204
2025-12-11 11:00:00,no2,PIIANN,12.72,13.110129
2023-07-05 18:00:00,no2,PIIANN,11.95,15.0836935
2023-01-06 08:00:00,no2,PIIANN,12.425,6.7506757
2025-12-07 22:00:00,no2,PIIANN,11.62,15.272355
2023-05-05 06:00:00,no2,PIIANN,17.466667,14.464546
2025-09-03 18:00:00,no2,PIIANN,17.48,22.860466
2023-07-07 01:00:00,no2,PIIANN,1.8250002,15.067715
2024-12-05 01:00:00,no2,PIIANN,30.75,34.118595
2024-09-05 10:00:00,no2,PIIANN,31.85,30.406523
2024-09-09 12:00:00,no2,PIIANN,11.3,9.011395
2025-07-07 09:00:00,no2,PIIANN,11.35,12.170248
2024-10-02 18:00:00,no2,PIIANN,57.000004,37.002033
2024-03-06 16:00:00,no2,PIIANN,12.48,9.9515705
2025-02-07 15:00:00,no2,PIIANN,11.45,11.552943
2025-05-12 17:00:00,no2,PIIANN,12.4,13.21246
2023-09-11 01:00:00,no2,PIIANN,4.6,9.546375
2023-07-06 00:00:00,no2,PIIANN,28.35,24.679153
2023-01-03 08:00:00,no2,PIIANN,35.975,38.560093
2024-04-02 01:00:00,no2,PIIANN,19.2,33.47109
2024-03-11 20:00:00,no2,PIIANN,19.0,18.97285
2024-12-06 14:00:00,no2,PIIANN,5.1200004,9.815575
2024-06-06 11:00:00,no2,PIIANN,8.62,14.184347
2024-03-06 04:00:00,no2,PIIANN,10.25,16.886053
2023-01-03 19:00:00,no2,PIIANN,82.625,43.810024
2023-11-05 15:00:00,no2,PIIANN,9.025,8.26295
2023-06-03 14:00:00,no2,PIIANN,9.774999,13.464032
2023-11-01 16:00:00,no2,PIIANN,26.5,21.578743
2024-05-08 06:00:00,no2,PIIANN,7.3700004,9.9683695
2025-10-03 10:00:00,no2,PIIANN,17.0,19.226973
2023-07-04 23:00:00,no2,PIIANN,58.2,42.905308
2023-02-03 12:00:00,no2,PIIANN,14.95,25.206709
2023-05-09 05:00:00,no2,PIIANN,4.3750005,2.791265
2023-11-07 05:00:00,no2,PIIANN,1.7500004,3.1869617
2024-06-09 12:00:00,no2,PIIANN,7.7500005,6.6288733
2023-01-02 22:00:00,no2,PIIANN,20.0,31.997692
2023-10-09 14:00:00,no2,PIIANN,2.225,1.4313987
2025-11-06 22:00:00,no2,PIIANN,12.5,18.297623
2024-03-08 08:00:00,no2,PIIANN,5.72,7.4434485
2023-09-06 12:00:00,no2,PIIANN,6.2500005,8.368272
2023-02-03 02:00:00,no2,PIIANN,44.7,39.05586
2023-09-07 21:00:00,no2,PIIANN,3.0000005,8.915523
2025-08-07 18:00:00,no2,PIIANN,10.98,15.424635
2024-10-11 07:00:00,no2,PIIANN,16.85,12.1555
2025-03-07 20:00:00,no2,PIIANN,11.899999,15.5648575
2024-09-07 18:00:00,no2,PIIANN,19.32,14.413089
2023-05-09 17:00:00,no2,PIIANN,6.9250007,8.160233
2024-07-08 17:00:00,no2,PIIANN,12.42,14.979817
2023-09-09 08:00:00,no2,PIIANN,1.9749998,0.008949657
2025-10-02 03:00:00,no2,PIIANN,5.1,10.968648
2025-01-11 03:00:00,no2,PIIANN,11.52,10.053806
2025-01-01 17:00:00,no2,PIIANN,42.8,24.497734
2025-01-05 08:00:00,no2,PIIANN,13.95,12.872557
2023-02-12 14:00:00,no2,PIIANN,3.6250005,6.9721456
2025-01-02 18:00:00,no2,PIIANN,42.3,39.0808
2023-04-06 20:00:00,no2,PIIANN,11.95,14.462077
2024-08-08 11:00:00,no2,PIIANN,6.9,11.0077505
2024-12-03 00:00:00,no2,PIIANN,24.52,23.718157
2024-10-04 12:00:00,no2,PIIANN,24.52,27.995562
2023-09-01 15:00:00,no2,PIIANN,12.25,20.77283
2025-12-07 05:00:00,no2,PIIANN,30.97,10.693909
2025-03-02 17:00:00,no2,PIIANN,38.45,29.569277
2023-05-05 19:00:00,no2,PIIANN,22.9,17.960934
2023-04-07 16:00:00,no2,PIIANN,3.4500003,0.2177185
2024-12-08 23:00:00,no2,PIIANN,23.17,14.05488
2023-11-03 09:00:00,no2,PIIANN,23.3,29.56733
2025-08-06 20:00:00,no2,PIIANN,11.8,18.557468
2023-02-10 13:00:00,no2,PIIANN,2.400001,-0.8241478
2024-09-05 13:00:00,no2,PIIANN,13.52,25.13622
2024-07-05 01:00:00,no2,PIIANN,70.47,42.934418
2024-07-12 08:00:00,no2,PIIANN,35.33,16.881357
2025-02-07 13:00:00,no2,PIIANN,11.5,11.039778
2025-11-03 09:00:00,no2,PIIANN,15.0,20.53774
2023-11-04 17:00:00,no2,PIIANN,47.275,18.082212
2024-06-06 12:00:00,no2,PIIANN,15.1,13.665487
2025-09-01 17:00:00,no2,PIIANN,80.2,25.590776
2023-06-09 07:00:00,no2,PIIANN,3.2000003,2.8768172
2023-06-03 00:00:00,no2,PIIANN,25.4,31.28491
2025-08-05 03:00:00,no2,PIIANN,12.485714,17.91567
2023-03-09 13:00:00,no2,PIIANN,2.0750003,3.2340674
2023-04-03 19:00:00,no2,PIIANN,68.8,36.27243
2024-11-10 17:00:00,no2,PIIANN,33.2,17.419744
2025-09-02 12:00:00,no2,PIIANN,11.02,13.6436615
2024-12-12 21:00:00,no2,PIIANN,26.62,26.475119
2025-06-01 20:00:00,no2,PIIANN,24.3,35.457726
2024-02-01 15:00:00,no2,PIIANN,10.48,15.078649
2024-12-05 22:00:00,no2,PIIANN,25.52,30.562265
2024-07-11 08:00:00,no2,PIIANN,16.25,12.052721
2024-11-09 13:00:00,no2,PIIANN,9.52,12.329965
2025-06-01 09:00:00,no2,PIIANN,19.1,26.454088
2024-06-07 06:00:00,no2,PIIANN,14.43,10.319327
2023-03-03 02:00:00,no2,PIIANN,56.95,50.165325
2024-07-02 06:00:00,no2,PIIANN,21.4,18.037489
2023-02-06 07:00:00,no2,PIIANN,11.85,16.522373
2024-11-08 19:00:00,no2,PIIANN,6.35,13.62429
2023-02-03 09:00:00,no2,PIIANN,13.3,27.629747
2025-08-10 06:00:00,no2,PIIANN,13.6,13.131203
2024-10-02 13:00:00,no2,PIIANN,10.32,16.348543
2023-10-02 00:00:00,no2,PIIANN,32.725,33.927795
2025-10-02 09:00:00,no2,PIIANN,9.6,9.715237
2025-04-09 06:00:00,no2,PIIANN,15.2,10.065278
2024-05-02 00:00:00,no2,PIIANN,15.38,25.680496
2025-02-06 18:00:00,no2,PIIANN,12.38,15.337656
2025-01-10 21:00:00,no2,PIIANN,11.65,20.891054
2024-12-09 18:00:00,no2,PIIANN,3.7000003,10.377892
2024-12-02 07:00:00,no2,PIIANN,17.596666,19.26738
2023-11-12 13:00:00,no2,PIIANN,3.025,6.982631
2024-05-02 13:00:00,no2,PIIANN,8.25,12.265023
2023-01-01 21:00:00,no2,PIIANN,43.525,42.682438
2024-03-05 23:00:00,no2,PIIANN,43.6,37.041798
2024-07-06 07:00:00,no2,PIIANN,11.1,12.221327
2025-11-12 17:00:00,no2,PIIANN,12.18,19.858644
2025-06-11 05:00:00,no2,PIIANN,11.4,11.087884
2023-10-01 18:00:00,no2,PIIANN,75.3,40.965706
2023-06-11 14:00:00,no2,PIIANN,1.7999996,8.942132
2025-11-08 18:00:00,no2,PIIANN,11.899999,15.767282
2025-04-08 19:00:00,no2,PIIANN,11.35,16.883099
2024-04-02 20:00:00,no2,PIIANN,28.48,36.034416
2023-07-07 15:00:00,no2,PIIANN,3.1,1.4570907
2025-02-04 19:00:00,no2,PIIANN,13.08,19.46995
2023-11-02 14:00:00,no2,PIIANN,15.525,19.113832
2025-10-11 07:00:00,no2,PIIANN,10.55,10.919392
2025-02-04 02:00:00,no2,PIIANN,15.9,18.982693
2023-04-02 16:00:00,no2,PIIANN,34.95,17.234554
2025-10-03 04:00:00,no2,PIIANN,16.03,21.487204
2025-11-12 12:00:00,no2,PIIANN,13.43,12.886989
2025-10-09 19:00:00,no2,PIIANN,11.883333,15.0681505
2023-03-10 12:00:00,no2,PIIANN,4.15,-1.373653
2025-12-06 00:00:00,no2,PIIANN,12.94,15.63903
2023-08-09 06:00:00,no2,PIIANN,2.3666663,4.1871686
2025-03-06 00:00:00,no2,PIIANN,13.12,18.933235
2023-02-12 20:00:00,no2,PIIANN,11.25,16.208868
2024-06-06 08:00:00,no2,PIIANN,20.68,19.278393
2024-08-02 14:00:00,no2,PIIANN,9.25,16.164371
2024-02-04 21:00:00,no2,PIIANN,45.18,35.492596
2024-07-13 00:00:00,no2,PIIANN,17.385777,19.453056
2025-03-12 04:00:00,no2,PIIANN,11.62,10.543936
2023-08-10 07:00:00,no2,PIIANN,2.2500005,2.757999
2024-02-07 07:00:00,no2,PIIANN,8.05,7.5400205
2025-01-09 22:00:00,no2,PIIANN,11.38,14.709768
2024-08-02 23:00:00,no2,PIIANN,35.6,31.678944
2025-06-07 08:00:00,no2,PIIANN,11.18,10.148391
2024-01-05 10:00:00,no2,PIIANN,24.68,25.469397
2024-05-04 18:00:00,no2,PIIANN,39.620003,37.69918
2024-08-07 14:00:00,no2,PIIANN,15.22,10.39974
2025-06-08 16:00:00,no2,PIIANN,12.32,17.95397
2025-01-06 13:00:00,no2,PIIANN,13.42,12.294057
2023-03-07 09:00:00,no2,PIIANN,1.775,2.9055629
2023-09-08 08:00:00,no2,PIIANN,2.400001,3.2109866
2023-09-07 19:00:00,no2,PIIANN,3.2999997,7.889508
2025-02-11 10:00:00,no2,PIIANN,11.7,10.109775
2025-11-13 02:00:00,no2,PIIANN,11.354041,13.686427
2025-12-03 01:00:00,no2,PIIANN,18.42,17.897432
2023-12-12 12:00:00,no2,PIIANN,3.6,7.982329
2025-05-03 11:00:00,no2,PIIANN,13.2,25.267078
2025-07-08 15:00:00,no2,PIIANN,11.82,15.885605
2025-03-06 23:00:00,no2,PIIANN,12.05,16.627554
2024-07-10 11:00:00,no2,PIIANN,8.9,9.127222
2023-07-06 09:00:00,no2,PIIANN,20.1,13.641874
2023-05-01 20:00:00,no2,PIIANN,39.8,46.354156
2024-08-08 02:00:00,no2,PIIANN,6.3000007,10.624077
2024-11-05 20:00:00,no2,PIIANN,45.88,21.470379
2025-06-05 03:00:00,no2,PIIANN,13.6,17.566408
2025-04-07 23:00:00,no2,PIIANN,11.42,15.778358
2025-08-04 03:00:00,no2,PIIANN,15.52,22.681723
2023-03-11 04:00:00,no2,PIIANN,5.9500003,8.159602
2025-11-04 14:00:00,no2,PIIANN,14.15,16.068228
2024-07-04 02:00:00,no2,PIIANN,64.62,43.837986
2023-06-11 12:00:00,no2,PIIANN,2.025,9.4056635
2025-02-01 10:00:00,no2,PIIANN,25.07,31.452005
2025-01-08 03:00:00,no2,PIIANN,11.2,11.925932
2023-06-12 22:00:00,no2,PIIANN,5.4,15.827236
2023-02-01 13:00:00,no2,PIIANN,9.1,21.302675
2024-04-04 03:00:00,no2,PIIANN,70.2,50.57948
2025-04-05 18:00:00,no2,PIIANN,13.97,19.311283
2023-07-01 16:00:00,no2,PIIANN,40.65,19.395485
2024-06-08 08:00:00,no2,PIIANN,12.3,8.87744
2025-11-02 15:00:00,no2,PIIANN,10.73,15.090692
2023-01-09 02:00:00,no2,PIIANN,3.1749997,7.04406
2024-11-01 20:00:00,no2,PIIANN,28.57,25.434263
2024-06-04 01:00:00,no2,PIIANN,54.12,40.106346
2025-08-10 12:00:00,no2,PIIANN,10.77,12.465063
2024-04-05 17:00:00,no2,PIIANN,20.68,30.711962
2024-01-09 02:00:00,no2,PIIANN,12.6,17.317736
2023-10-06 04:00:00,no2,PIIANN,7.7500005,14.169316
2024-06-10 19:00:00,no2,PIIANN,11.8,11.982206
2024-11-09 05:00:00,no2,PIIANN,13.65,11.958407
2023-11-08 08:00:00,no2,PIIANN,2.1749997,0.04473724
2023-02-02 18:00:00,no2,PIIANN,66.275,34.070305
2023-12-09 10:00:00,no2,PIIANN,2.85,0.6221088
2025-12-12 01:00:00,no2,PIIANN,11.25,11.379972
2024-08-11 22:00:00,no2,PIIANN,24.9,18.955505
2024-02-05 02:00:00,no2,PIIANN,40.45,30.28619
2025-07-05 21:00:00,no2,PIIANN,13.88,17.77998
2023-07-10 21:00:00,no2,PIIANN,5.975,6.5288663
2023-11-04 05:00:00,no2,PIIANN,59.275,42.60263
2023-08-05 04:00:00,no2,PIIANN,14.625,14.177675
2025-07-06 01:00:00,no2,PIIANN,31.2,16.098377
2023-01-02 20:00:00,no2,PIIANN,36.35,43.50908
2024-03-02 06:00:00,no2,PIIANN,19.9,11.9209795
2025-08-08 03:00:00,no2,PIIANN,11.38,13.257018
2025-08-01 19:00:00,no2,PIIANN,16.63,26.282341
2025-12-06 02:00:00,no2,PIIANN,12.4,13.608612
2024-09-04 06:00:00,no2,PIIANN,50.47,30.206284
2024-05-03 18:00:00,no2,PIIANN,15.82,25.028135
2024-06-07 02:00:00,no2,PIIANN,6.3800006,11.374511
2023-02-06 02:00:00,no2,PIIANN,33.8,22.219933
2023-02-02 14:00:00,no2,PIIANN,15.475,12.500758
2024-01-01 14:00:00,no2,PIIANN,8.52,12.062528
2023-12-10 05:00:00,no2,PIIANN,3.5750003,1.0165981
2025-09-13 01:00:00,no2,PIIANN,12.353003,14.324199
2025-12-07 03:00:00,no2,PIIANN,11.479999,13.024736
2024-09-07 13:00:00,no2,PIIANN,11.45,9.515749
2023-01-07 22:00:00,no2,PIIANN,5.3000016,16.288261
2023-11-09 03:00:00,no2,PIIANN,3.5750003,2.6951232
2024-08-11 02:00:00,no2,PIIANN,14.88,15.357807
2025-01-07 13:00:00,no2,PIIANN,10.72,10.23351
2024-12-04 15:00:00,no2,PIIANN,16.85,24.99764
2024-01-02 18:00:00,no2,PIIANN,38.4,27.05436
2025-11-11 19:00:00,no2,PIIANN,10.92,13.74719
2024-07-09 14:00:00,no2,PIIANN,7.02,12.220133
2024-08-10 14:00:00,no2,PIIANN,11.68,11.362218
2024-03-03 16:00:00,no2,PIIANN,17.18,17.213741
2024-01-05 05:00:00,no2,PIIANN,64.7,39.869286
2025-10-12 15:00:00,no2,PIIANN,11.47,17.853027
2025-07-04 10:00:00,no2,PIIANN,11.95,16.375263
2025-03-05 08:00:00,no2,PIIANN,12.42,18.571655
2023-06-02 19:00:00,no2,PIIANN,32.55,36.065754
2024-10-04 01:00:00,no2,PIIANN,50.4,36.88433
2024-05-02 17:00:00,no2,PIIANN,13.7,7.2344356
2024-04-06 16:00:00,no2,PIIANN,7.9200006,13.801425
2025-10-01 17:00:00,no2,PIIANN,3.7199998,30.685179
2025-01-06 03:00:00,no2,PIIANN,12.98,10.78533
2024-07-07 23:00:00,no2,PIIANN,13.72,14.161784
2025-08-12 08:00:00,no2,PIIANN,12.3,12.292009
2023-07-07 17:00:00,no2,PIIANN,1.8750004,4.2959294
2024-05-07 20:00:00,no2,PIIANN,6.5000005,14.0551
2024-05-05 14:00:00,no2,PIIANN,91.12,49.120197
2024-07-01 21:00:00,no2,PIIANN,31.8,41.535225
2023-04-06 00:00:00,no2,PIIANN,17.6,18.751348
2023-05-03 04:00:00,no2,PIIANN,30.65,37.650223
2023-09-01 20:00:00,no2,PIIANN,53.625,49.140064
2024-02-12 13:00:00,no2,PIIANN,1.9,14.883388
2024-02-11 10:00:00,no2,PIIANN,7.820001,5.2960134
2023-03-07 22:00:00,no2,PIIANN,4.4250007,13.6932955
2023-07-10 02:00:00,no2,PIIANN,2.3250003,5.1244473
2025-01-03 00:00:00,no2,PIIANN,5.68,28.212267
2025-07-06 22:00:00,no2,PIIANN,12.15,16.57182
2025-01-11 22:00:00,no2,PIIANN,12.1,13.24789
2023-11-11 01:00:00,no2,PIIANN,5.4,7.7614846
2025-12-12 23:00:00,no2,PIIANN,11.95,16.041252
2025-08-03 16:00:00,no2,PIIANN,15.7,23.789457
2023-11-06 12:00:00,no2,PIIANN,5.4,9.0962305
2025-02-02 09:00:00,no2,PIIANN,29.8,29.744455
2024-04-03 01:00:00,no2,PIIANN,29.18,27.969168
2024-07-02 13:00:00,no2,PIIANN,8.12,11.985789
2023-08-10 22:00:00,no2,PIIANN,3.0000005,6.403175
2024-08-05 12:00:00,no2,PIIANN,43.2,38.70361
2024-02-12 12:00:00,no2,PIIANN,1.9,18.513317
2023-06-08 06:00:00,no2,PIIANN,2.6666665,4.1636815
2025-02-03 12:00:00,no2,PIIANN,4.35,13.18534
2024-07-09 08:00:00,no2,PIIANN,15.98,10.992841
2024-11-08 22:00:00,no2,PIIANN,20.88,12.087135
2023-01-07 09:00:00,no2,PIIANN,1.4749998,6.0791183
2025-02-12 07:00:00,no2,PIIANN,13.25,12.286348
2024-09-07 17:00:00,no2,PIIANN,16.85,12.89261
2024-09-08 08:00:00,no2,PIIANN,5.0000005,9.197953
2023-07-04 21:00:00,no2,PIIANN,50.2,39.656803
2023-02-06 05:00:00,no2,PIIANN,21.95,17.595556
2025-03-03 18:00:00,no2,PIIANN,10.85,20.857124
2025-06-13 00:00:00,no2,PIIANN,12.090969,16.661535
2025-09-07 23:00:00,no2,PIIANN,11.88,15.920642
2024-09-05 19:00:00,no2,PIIANN,80.75,42.30615
2023-03-06 05:00:00,no2,PIIANN,40.05,20.608412
2024-01-02 19:00:00,no2,PIIANN,50.95,39.12705
2025-12-02 16:00:00,no2,PIIANN,8.17,13.593631
2025-03-09 12:00:00,no2,PIIANN,12.9,10.484177
2023-10-05 23:00:00,no2,PIIANN,32.625,29.909098
2024-06-01 22:00:00,no2,PIIANN,33.43,34.061016
2023-03-10 19:00:00,no2,PIIANN,4.4250007,3.5684257
2023-12-02 09:00:00,no2,PIIANN,28.625,28.23251
2025-10-05 00:00:00,no2,PIIANN,14.0,18.492085
2024-08-02 12:00:00,no2,PIIANN,8.65,15.481702
2024-09-08 01:00:00,no2,PIIANN,8.12,13.770657
2025-01-02 03:00:00,no2,PIIANN,34.35,25.654047
2024-09-09 22:00:00,no2,PIIANN,16.8,15.723399
2025-06-09 06:00:00,no2,PIIANN,12.97,13.402741
2024-10-02 01:00:00,no2,PIIANN,34.75,31.076149
2024-03-07 11:00:00,no2,PIIANN,5.28,7.792687
2024-07-02 12:00:00,no2,PIIANN,8.18,11.180851
2024-01-06 12:00:00,no2,PIIANN,9.68,9.752513
2023-06-04 16:00:00,no2,PIIANN,21.925,12.579012
2023-11-10 21:00:00,no2,PIIANN,5.9500003,6.4908605
2025-04-11 19:00:00,no2,PIIANN,11.82,14.069016
2025-04-06 00:00:00,no2,PIIANN,12.15,16.578083
2024-07-09 20:00:00,no2,PIIANN,23.88,20.507492
2023-02-01 19:00:00,no2,PIIANN,57.35,47.479313
2024-03-10 06:00:00,no2,PIIANN,7.0000005,9.356203
2025-01-04 10:00:00,no2,PIIANN,18.35,20.60726
2025-02-02 03:00:00,no2,PIIANN,27.58,24.612007
2025-03-10 22:00:00,no2,PIIANN,10.9,12.994726
2025-01-07 22:00:00,no2,PIIANN,11.92,14.176796
2024-06-11 22:00:00,no2,PIIANN,17.95,25.843618
2023-08-06 06:00:00,no2,PIIANN,26.3,19.72941
2025-09-05 07:00:00,no2,PIIANN,13.2,15.894811
2024-10-12 00:00:00,no2,PIIANN,17.82,15.897904
2025-08-02 13:00:00,no2,PIIANN,11.5,18.407423
2025-03-11 22:00:00,no2,PIIANN,11.68,12.828437
2025-07-12 19:00:00,no2,PIIANN,12.0,19.914972
2025-07-07 19:00:00,no2,PIIANN,10.8,17.118464
2025-02-09 02:00:00,no2,PIIANN,11.8,11.346545
2023-10-12 11:00:00,no2,PIIANN,2.8250003,7.8309197
2023-09-02 13:00:00,no2,PIIANN,13.55,15.829181
2024-10-08 18:00:00,no2,PIIANN,13.98,12.997587
2023-01-05 06:00:00,no2,PIIANN,11.4,11.047756
2024-02-05 04:00:00,no2,PIIANN,42.38,27.707552
2025-02-10 13:00:00,no2,PIIANN,10.58,14.325345
2023-08-08 22:00:00,no2,PIIANN,3.9249997,3.9707723
2025-05-10 21:00:00,no2,PIIANN,11.75,13.46803
2024-01-06 05:00:00,no2,PIIANN,9.5,7.9511895
2024-11-02 14:00:00,no2,PIIANN,13.75,16.121988
2024-09-01 19:00:00,no2,PIIANN,41.1,38.004337
2025-01-01 21:00:00,no2,PIIANN,33.78,32.32475
2024-11-05 09:00:00,no2,PIIANN,11.5,13.901188
2025-11-05 07:00:00,no2,PIIANN,13.85,12.311767
2024-02-07 19:00:00,no2,PIIANN,10.8,9.340768
2024-05-01 21:00:00,no2,PIIANN,30.12,34.89976
2023-01-05 05:00:00,no2,PIIANN,11.325,12.267562
2024-02-03 03:00:00,no2,PIIANN,16.77,20.302633
2023-04-12 09:00:00,no2,PIIANN,4.1,6.8696866
2023-07-10 15:00:00,no2,PIIANN,3.1249995,4.6177
2023-08-11 20:00:00,no2,PIIANN,7.0750003,19.532711
2024-04-08 04:00:00,no2,PIIANN,4.6,7.706535
2025-02-09 01:00:00,no2,PIIANN,11.52,12.199513
2025-07-11 23:00:00,no2,PIIANN,12.52,15.06483
2025-02-03 22:00:00,no2,PIIANN,10.15,21.065594
2025-12-11 19:00:00,no2,PIIANN,12.3,13.30558
2023-07-10 00:00:00,no2,PIIANN,3.0499997,6.0254674
2025-10-05 19:00:00,no2,PIIANN,12.6,53.47976
2024-09-02 06:00:00,no2,PIIANN,22.57,20.168442
2023-02-09 16:00:00,no2,PIIANN,2.1749997,4.274237
2023-07-07 03:00:00,no2,PIIANN,1.5999998,10.261227
2024-12-11 23:00:00,no2,PIIANN,15.58,18.652243
2025-03-07 05:00:00,no2,PIIANN,11.43,10.436491
2024-04-09 04:00:00,no2,PIIANN,2.5499997,5.806065
2023-12-04 21:00:00,no2,PIIANN,53.975,51.92228
2025-03-02 00:00:00,no2,PIIANN,30.7,18.274485
2024-01-02 20:00:00,no2,PIIANN,51.6,38.60601
2023-02-03 14:00:00,no2,PIIANN,13.05,18.056492
2023-03-05 21:00:00,no2,PIIANN,49.425,29.86082
2025-10-11 14:00:00,no2,PIIANN,10.7,13.691123
2024-03-03 12:00:00,no2,PIIANN,9.3,12.813759
2024-01-02 16:00:00,no2,PIIANN,37.55,13.585637
2024-12-10 23:00:00,no2,PIIANN,9.5,21.385647
2024-06-10 21:00:00,no2,PIIANN,18.18,14.0545225
2025-01-10 00:00:00,no2,PIIANN,11.52,13.374546
2024-10-10 03:00:00,no2,PIIANN,8.98,11.706341
2023-03-03 06:00:00,no2,PIIANN,43.6,37.323643
2024-10-01 19:00:00,no2,PIIANN,48.87,31.474003
2023-02-07 12:00:00,no2,PIIANN,2.0499997,8.645678
2024-10-09 15:00:00,no2,PIIANN,7.32,10.848244
2024-01-03 23:00:00,no2,PIIANN,22.62,30.734783
2025-06-02 04:00:00,no2,PIIANN,10.55,12.397942
2025-05-05 12:00:00,no2,PIIANN,12.5,19.64019
2023-03-02 22:00:00,no2,PIIANN,32.55,36.67251
2024-01-08 08:00:00,no2,PIIANN,5.9200006,8.646593
2024-10-08 03:00:00,no2,PIIANN,3.5800004,9.318355
2023-04-05 13:00:00,no2,PIIANN,6.1250005,2.5906367
2023-05-11 18:00:00,no2,PIIANN,5.8750005,17.490538
2025-07-05 06:00:00,no2,PIIANN,12.47,14.401567
2025-09-06 07:00:00,no2,PIIANN,11.85,13.280797
2024-07-07 13:00:00,no2,PIIANN,3.9500003,7.816108
2023-01-05 09:00:00,no2,PIIANN,8.95,5.9970326
2025-12-11 22:00:00,no2,PIIANN,11.78,13.732222
2025-08-10 22:00:00,no2,PIIANN,11.62,15.140396
2024-09-09 10:00:00,no2,PIIANN,6.5000005,14.273779
2023-12-04 18:00:00,no2,PIIANN,86.75,31.80545
2024-03-10 07:00:00,no2,PIIANN,7.2674994,8.829661
2024-07-08 02:00:00,no2,PIIANN,6.7500005,17.874952
2024-07-12 12:00:00,no2,PIIANN,8.88,15.552389
2024-02-10 08:00:00,no2,PIIANN,15.38,12.578969
2024-10-02 16:00:00,no2,PIIANN,20.45,17.667747
2023-09-04 07:00:00,no2,PIIANN,30.2,34.466156
2024-11-12 08:00:00,no2,PIIANN,19.38,19.262909
2023-11-11 15:00:00,no2,PIIANN,2.5000005,9.10444
2023-11-10 22:00:00,no2,PIIANN,4.65,5.623531
2023-11-07 00:00:00,no2,PIIANN,4.725,19.424
2024-12-01 18:00:00,no2,PIIANN,51.45,29.548422
2024-05-06 10:00:00,no2,PIIANN,13.0,10.569855
2023-02-10 17:00:00,no2,PIIANN,11.95,1.0054716
2024-09-05 02:00:00,no2,PIIANN,38.2,33.27303
2023-09-02 00:00:00,no2,PIIANN,27.575,39.379547
2025-04-03 23:00:00,no2,PIIANN,14.32,20.64249
2024-07-01 17:00:00,no2,PIIANN,64.1,23.613617
2025-08-04 07:00:00,no2,PIIANN,15.075,22.89148
2023-06-11 02:00:00,no2,PIIANN,6.0500007,8.601512
2025-03-10 15:00:00,no2,PIIANN,11.5,13.938262
2024-06-09 22:00:00,no2,PIIANN,18.05,18.760412
2025-05-02 16:00:00,no2,PIIANN,20.93,34.604137
2023-01-12 04:00:00,no2,PIIANN,5.9,7.8523383
2025-11-02 05:00:00,no2,PIIANN,11.83,10.249213
2025-12-12 22:00:00,no2,PIIANN,11.18,15.642599
2023-06-05 17:00:00,no2,PIIANN,15.525,18.141588
2023-02-02 06:00:00,no2,PIIANN,27.433332,14.828899
2024-08-02 21:00:00,no2,PIIANN,23.28,38.134106
2023-07-02 18:00:00,no2,PIIANN,74.2,35.90741
2023-07-08 21:00:00,no2,PIIANN,3.6749997,4.558966
2023-08-08 12:00:00,no2,PIIANN,2.275,3.3392034
2023-12-01 17:00:00,no2,PIIANN,54.375,33.902668
2023-10-01 12:00:00,no2,PIIANN,9.3,20.81652
2025-03-09 10:00:00,no2,PIIANN,11.95,10.3054085
2023-03-02 07:00:00,no2,PIIANN,26.9,20.788673
2023-03-06 23:00:00,no2,PIIANN,28.1,19.478533
2025-04-07 12:00:00,no2,PIIANN,10.779999,12.005285
2023-11-11 09:00:00,no2,PIIANN,4.8000007,5.90346
2024-06-04 16:00:00,no2,PIIANN,25.62,21.42521
2025-12-03 22:00:00,no2,PIIANN,16.62,21.673084
2025-10-11 04:00:00,no2,PIIANN,11.72,11.058919
2025-01-08 05:00:00,no2,PIIANN,11.55,10.428299
2024-01-08 01:00:00,no2,PIIANN,8.099999,9.221062
2023-04-02 14:00:00,no2,PIIANN,12.675,15.393688
2023-04-02 01:00:00,no2,PIIANN,38.475,36.143936
2023-06-10 17:00:00,no2,PIIANN,2.3250003,6.739861
2025-07-10 04:00:00,no2,PIIANN,11.12,13.878817
2023-02-07 02:00:00,no2,PIIANN,3.3250003,14.731388
2024-12-07 22:00:00,no2,PIIANN,16.5,15.629074
2024-01-13 01:00:00,no2,PIIANN,2.0001311,7.483008
2023-06-09 01:00:00,no2,PIIANN,4.1250005,7.0517783
2024-11-05 08:00:00,no2,PIIANN,18.08,14.425708
2024-05-08 15:00:00,no2,PIIANN,5.18,8.713315
2025-08-08 18:00:00,no2,PIIANN,16.65,15.156324
2023-08-12 17:00:00,no2,PIIANN,3.9249997,12.769815
2025-11-06 21:00:00,no2,PIIANN,12.42,18.621542
2024-03-06 03:00:00,no2,PIIANN,8.72,20.321682
2025-10-05 22:00:00,no2,PIIANN,13.35,22.984144
2024-02-11 09:00:00,no2,PIIANN,4.7000003,4.1868167
2023-01-10 04:00:00,no2,PIIANN,2.5750003,2.6912875
2023-07-04 12:00:00,no2,PIIANN,9.175,9.9252825
2025-03-01 08:00:00,no2,PIIANN,22.92,19.461618
2024-01-02 12:00:00,no2,PIIANN,11.4,14.144534
2024-10-06 12:00:00,no2,PIIANN,12.38,13.56736
2024-12-03 04:00:00,no2,PIIANN,14.12,19.263594
2023-05-03 21:00:00,no2,PIIANN,37.225,42.45011
2023-01-12 19:00:00,no2,PIIANN,11.65,15.844331
2024-02-02 17:00:00,no2,PIIANN,26.67,22.614035
2025-12-11 00:00:00,no2,PIIANN,12.0,12.452295
2024-07-06 00:00:00,no2,PIIANN,15.55,45.326176
2023-09-02 16:00:00,no2,PIIANN,25.05,20.497173
2023-08-08 01:00:00,no2,PIIANN,7.3250003,6.657828
2024-07-12 03:00:00,no2,PIIANN,16.55,15.199467
2025-11-03 14:00:00,no2,PIIANN,13.2,23.065191
2024-04-05 15:00:00,no2,PIIANN,22.045,24.832872
2024-05-07 21:00:00,no2,PIIANN,2.7199998,11.856409
2023-04-07 03:00:00,no2,PIIANN,2.349999,12.264565
2025-03-12 09:00:00,no2,PIIANN,11.58,27.889154
2025-06-05 01:00:00,no2,PIIANN,13.78,19.6205
2023-04-12 15:00:00,no2,PIIANN,2.6749997,9.434343
2025-05-12 16:00:00,no2,PIIANN,10.45,12.547363
2025-12-10 03:00:00,no2,PIIANN,11.8,12.459145
2023-10-07 09:00:00,no2,PIIANN,1.5999998,0.8474926
2023-11-10 18:00:00,no2,PIIANN,6.4250007,5.59045
2023-03-04 15:00:00,no2,PIIANN,7.9250007,4.5222545
2023-12-11 06:00:00,no2,PIIANN,3.9333339,6.812738
2024-04-11 08:00:00,no2,PIIANN,14.6,10.300573
2025-12-08 15:00:00,no2,PIIANN,11.4,12.993673
2024-09-05 14:00:00,no2,PIIANN,21.75,21.963928
2024-06-11 12:00:00,no2,PIIANN,31.28,18.773731
2024-09-10 05:00:00,no2,PIIANN,10.779999,9.062894
2023-09-06 08:00:00,no2,PIIANN,9.7,10.415726
2025-10-06 02:00:00,no2,PIIANN,12.05,16.5102
2023-08-12 20:00:00,no2,PIIANN,6.15,11.920678
2024-05-08 07:00:00,no2,PIIANN,8.05,9.21477
2023-05-12 17:00:00,no2,PIIANN,7.8000007,23.153872
2024-04-10 15:00:00,no2,PIIANN,11.88,8.859248
2023-08-05 05:00:00,no2,PIIANN,13.7,13.996708
2024-12-10 18:00:00,no2,PIIANN,7.3800006,16.078629
2024-04-05 03:00:00,no2,PIIANN,53.02,44.33669
2023-10-11 13:00:00,no2,PIIANN,2.525,6.0593286
2023-04-09 06:00:00,no2,PIIANN,2.5000005,1.34242
2025-04-03 01:00:00,no2,PIIANN,12.45,21.018248
2025-06-12 14:00:00,no2,PIIANN,11.8,13.891569
2023-08-12 22:00:00,no2,PIIANN,5.85,11.200765
2024-10-06 16:00:00,no2,PIIANN,20.45,12.552936
2024-09-05 01:00:00,no2,PIIANN,40.25,38.577698
2025-12-12 09:00:00,no2,PIIANN,10.85,10.633583
2024-11-04 05:00:00,no2,PIIANN,34.15,28.418821
2025-12-10 06:00:00,no2,PIIANN,11.5,9.203142
2025-06-03 20:00:00,no2,PIIANN,11.95,18.059496
2024-02-08 16:00:00,no2,PIIANN,9.75,11.900526
2025-02-06 04:00:00,no2,PIIANN,12.55,12.094302
2023-10-02 15:00:00,no2,PIIANN,18.925,15.582844
2023-07-07 05:00:00,no2,PIIANN,3.5499997,6.2579913
2024-12-04 18:00:00,no2,PIIANN,53.42,30.399593
2025-10-05 20:00:00,no2,PIIANN,12.98,36.20889
2023-10-06 10:00:00,no2,PIIANN,5.9250007,10.818755
2024-02-05 14:00:00,so2,PIIANN,8.18,8.328616
2023-01-01 12:00:00,so2,PIIANN,14.175,21.595585
2023-09-05 02:00:00,so2,PIIANN,2.3687499,5.4078155
2024-07-04 22:00:00,so2,PIIANN,8.4,8.6988535
2023-06-06 19:00:00,so2,PIIANN,0.50000024,2.488993
2025-02-12 04:00:00,so2,PIIANN,8.9,11.247658
2023-11-12 05:00:00,so2,PIIANN,3.198568,5.6188073
2025-03-02 04:00:00,so2,PIIANN,9.83,10.294396
2025-10-10 03:00:00,so2,PIIANN,9.0,8.843487
2024-05-04 03:00:00,so2,PIIANN,11.0,8.739673
2025-04-02 01:00:00,so2,PIIANN,8.85,7.597222
2025-02-03 13:00:00,so2,PIIANN,7.43,7.89759
2023-08-06 18:00:00,so2,PIIANN,1.0499995,2.95068
2025-12-07 16:00:00,so2,PIIANN,4.18,6.0292673
2024-12-09 23:00:00,so2,PIIANN,4.85,3.6087935
2025-08-11 20:00:00,so2,PIIANN,8.32,7.8280816
2023-10-04 21:00:00,so2,PIIANN,16.4,7.934256
2024-07-13 02:00:00,so2,PIIANN,5.3978558,6.181056
2023-06-03 20:00:00,so2,PIIANN,7.05,8.666643
2023-04-11 20:00:00,so2,PIIANN,12.075,16.697935
2025-11-09 00:00:00,so2,PIIANN,8.836364,7.9750104
2023-08-02 01:00:00,so2,PIIANN,8.4,10.882435
2025-09-07 10:00:00,so2,PIIANN,9.12,8.184553
2024-01-03 13:00:00,so2,PIIANN,10.55,12.419789
2024-09-06 10:00:00,so2,PIIANN,8.02,8.333025
2025-03-10 13:00:00,so2,PIIANN,7.55,8.383483
2025-07-12 15:00:00,so2,PIIANN,9.52,8.837639
2023-05-07 21:00:00,so2,PIIANN,7.65,5.5526137
2025-05-08 07:00:00,so2,PIIANN,8.5,9.710024
2023-05-08 07:00:00,so2,PIIANN,8.2,5.9353986
2023-03-08 17:00:00,so2,PIIANN,7.65,8.398946
2025-05-11 17:00:00,so2,PIIANN,5.25,8.225802
2023-07-11 11:00:00,so2,PIIANN,27.425,12.187216
2025-09-11 09:00:00,so2,PIIANN,7.7,10.136955
2023-08-10 04:00:00,so2,PIIANN,7.5,8.229314
2023-12-10 22:00:00,so2,PIIANN,7.625,8.287093
2024-06-05 03:00:00,so2,PIIANN,5.9,7.4514046
2023-05-06 09:00:00,so2,PIIANN,8.25,8.335484
2025-10-05 05:00:00,so2,PIIANN,8.25,9.048936
2025-11-04 04:00:00,so2,PIIANN,9.52,9.218049
2025-06-02 08:00:00,so2,PIIANN,22.0,21.349398
2023-06-11 22:00:00,so2,PIIANN,16.3375,9.85968
2024-09-12 12:00:00,so2,PIIANN,7.4,7.2388115
2023-12-02 20:00:00,so2,PIIANN,14.425,15.051338
2025-10-02 20:00:00,so2,PIIANN,7.97,8.149886
2025-09-02 19:00:00,so2,PIIANN,6.93,7.13135
2025-03-07 23:00:00,so2,PIIANN,8.86,7.800433
2024-11-03 09:00:00,so2,PIIANN,9.41,13.357625
2025-11-11 15:00:00,so2,PIIANN,9.55,9.538287
2025-12-04 01:00:00,so2,PIIANN,9.3,7.747641
2023-07-11 00:00:00,so2,PIIANN,4.8,8.278685
2023-07-10 18:00:00,so2,PIIANN,7.85,8.614853
2024-03-02 02:00:00,so2,PIIANN,16.92,11.989677
2025-10-09 15:00:00,so2,PIIANN,5.55,8.670495
2023-05-01 10:00:00,so2,PIIANN,54.2,39.12777
2024-02-13 00:00:00,so2,PIIANN,7.9832764,8.349488
2023-01-05 20:00:00,so2,PIIANN,3.925,3.003702
2024-03-01 22:00:00,so2,PIIANN,8.98,8.558722
2023-12-09 21:00:00,so2,PIIANN,7.725,7.742065
2023-10-06 23:00:00,so2,PIIANN,2.175,3.427354
2024-09-07 05:00:00,so2,PIIANN,9.6,9.021233
2023-09-09 03:00:00,so2,PIIANN,7.975,8.05068
2025-01-02 07:00:00,so2,PIIANN,10.05,11.604866
2025-08-09 08:00:00,so2,PIIANN,8.82,8.1325865
2024-10-03 05:00:00,so2,PIIANN,10.75,11.62685
2023-02-05 10:00:00,so2,PIIANN,4.4,5.650526
2024-05-03 23:00:00,so2,PIIANN,10.5,8.673465
2024-08-11 05:00:00,so2,PIIANN,7.13,7.5916433
2025-06-06 08:00:00,so2,PIIANN,14.4,11.178716
2023-08-10 02:00:00,so2,PIIANN,7.55,8.361702
2025-01-06 19:00:00,so2,PIIANN,8.8,9.189636
2023-07-04 00:00:00,so2,PIIANN,3.8749998,8.893842
2024-12-02 14:00:00,so2,PIIANN,9.676,10.426702
2023-12-11 16:00:00,so2,PIIANN,1.8666666,11.460384
2025-07-03 10:00:00,so2,PIIANN,9.07,11.147006
2025-02-07 14:00:00,so2,PIIANN,10.82,10.145729
2023-07-05 04:00:00,so2,PIIANN,1.55,1.8461101
2025-08-06 07:00:00,so2,PIIANN,10.85,9.253768
2025-03-11 01:00:00,so2,PIIANN,7.73,7.6685734
2024-01-06 21:00:00,so2,PIIANN,5.1,5.2826104
2023-07-07 13:00:00,so2,PIIANN,8.025,8.388072
2025-01-12 23:00:00,so2,PIIANN,4.97,6.3234234
2024-07-09 12:00:00,so2,PIIANN,4.18,5.301015
2025-11-10 17:00:00,so2,PIIANN,9.8,8.099654
2024-10-10 07:00:00,so2,PIIANN,6.55,7.0143943
2024-05-10 08:00:00,so2,PIIANN,5.62,4.976086
2025-10-03 19:00:00,so2,PIIANN,9.07,8.364874
2024-02-05 00:00:00,so2,PIIANN,7.18,7.771417
2023-11-04 12:00:00,so2,PIIANN,6.45,9.905847
2024-12-01 16:00:00,so2,PIIANN,11.18,11.606383
2024-04-01 14:00:00,so2,PIIANN,11.55,12.576832
2023-03-06 03:00:00,so2,PIIANN,0.30000046,4.254169
2025-07-01 16:00:00,so2,PIIANN,7.8,10.317691
2023-03-11 19:00:00,so2,PIIANN,38.8,29.83467
2024-04-04 08:00:00,so2,PIIANN,9.5,10.912513
2023-07-05 05:00:00,so2,PIIANN,3.925,1.265156
2025-01-06 22:00:00,so2,PIIANN,10.85,8.120047
2025-04-05 13:00:00,so2,PIIANN,10.48,10.58854
2024-07-10 12:00:00,so2,PIIANN,8.94,12.057043
2025-10-06 14:00:00,so2,PIIANN,9.23,7.695693
2025-11-02 09:00:00,so2,PIIANN,6.72,10.314339
2025-04-06 12:00:00,so2,PIIANN,13.68,7.806494
2024-06-06 04:00:00,so2,PIIANN,8.75,9.04017
2023-03-02 03:00:00,so2,PIIANN,8.65,10.171884
2023-09-12 11:00:00,so2,PIIANN,8.25,7.780858
2023-09-12 16:00:00,so2,PIIANN,8.25,8.73575
2025-06-06 05:00:00,so2,PIIANN,5.2000003,7.959686
2024-06-10 13:00:00,so2,PIIANN,2.64,4.580126
2023-09-09 02:00:00,so2,PIIANN,8.0,7.092277
2023-11-03 00:00:00,so2,PIIANN,11.45,9.9091015
2025-01-03 13:00:00,so2,PIIANN,18.88,17.659096
2024-10-06 18:00:00,so2,PIIANN,9.15,8.753335
2024-12-03 14:00:00,so2,PIIANN,11.15,10.184794
2023-03-08 20:00:00,so2,PIIANN,7.475,7.7190456
2025-12-01 21:00:00,so2,PIIANN,7.0,7.6141477
2025-09-03 21:00:00,so2,PIIANN,7.68,8.304497
2023-06-05 16:00:00,so2,PIIANN,3.2249997,2.3652213
2025-10-05 17:00:00,so2,PIIANN,8.25,7.479518
2023-05-05 21:00:00,so2,PIIANN,5.975,4.820351
2023-11-12 11:00:00,so2,PIIANN,8.25,11.0475445
2025-09-06 05:00:00,so2,PIIANN,7.57,8.625077
2025-09-05 19:00:00,so2,PIIANN,9.575,7.996687
2023-07-02 02:00:00,so2,PIIANN,7.175,10.410653
2024-02-06 12:00:00,so2,PIIANN,5.7800007,7.4652157
2024-05-07 11:00:00,so2,PIIANN,8.88,8.447354
2023-11-10 20:00:00,so2,PIIANN,8.425,9.089459
2024-09-11 01:00:00,so2,PIIANN,6.25,6.209397
2025-05-13 00:00:00,so2,PIIANN,15.867244,11.84412
2023-09-12 02:00:00,so2,PIIANN,5.9,8.313411
2023-06-09 14:00:00,so2,PIIANN,8.825,8.073864
2025-10-08 19:00:00,so2,PIIANN,9.48,9.085115
2023-06-06 23:00:00,so2,PIIANN,0.57500005,2.5586321
2025-06-08 15:00:00,so2,PIIANN,8.88,8.389007
2024-12-04 03:00:00,so2,PIIANN,10.85,10.872572
2025-10-03 07:00:00,so2,PIIANN,9.35,9.821217
2025-04-12 18:00:00,so2,PIIANN,4.72,9.149438
2024-06-02 23:00:00,so2,PIIANN,8.25,7.0628095
2024-04-03 12:00:00,so2,PIIANN,10.45,10.694653
2025-07-11 03:00:00,so2,PIIANN,12.88,9.477064
2023-03-09 20:00:00,so2,PIIANN,9.075,8.568257
2023-03-09 11:00:00,so2,PIIANN,7.575,6.4617805
2025-05-13 02:00:00,so2,PIIANN,15.801735,13.039688
2025-03-12 14:00:00,so2,PIIANN,8.28,8.710205
2023-12-03 23:00:00,so2,PIIANN,15.175,15.041238
2024-12-06 11:00:00,so2,PIIANN,8.22,9.500264
2025-11-04 19:00:00,so2,PIIANN,8.9,9.551419
2023-08-08 10:00:00,so2,PIIANN,7.675,8.283108
2023-06-02 12:00:00,so2,PIIANN,19.275,16.910892
2025-09-03 15:00:00,so2,PIIANN,7.75,7.8362412
2023-03-05 11:00:00,so2,PIIANN,2.3749998,4.8206153
2023-02-09 01:00:00,so2,PIIANN,7.65,4.732276
2024-05-07 19:00:00,so2,PIIANN,9.62,9.003248
2024-09-03 15:00:00,so2,PIIANN,10.65,10.938105
2023-02-04 08:00:00,so2,PIIANN,8.25,8.044719
2023-10-03 21:00:00,so2,PIIANN,11.875,13.489302
2025-03-04 13:00:00,so2,PIIANN,9.9,9.341479
2024-01-06 07:00:00,so2,PIIANN,5.85,7.3678274
2023-12-08 22:00:00,so2,PIIANN,7.475,7.1893854
2025-08-04 00:00:00,so2,PIIANN,9.12,9.474072
2024-02-03 19:00:00,so2,PIIANN,10.85,10.893245
2025-06-09 04:00:00,so2,PIIANN,12.65,9.903938
2023-12-06 00:00:00,so2,PIIANN,0.09999968,3.4282887
2025-08-03 05:00:00,so2,PIIANN,9.07,9.2876625
2025-08-03 19:00:00,so2,PIIANN,9.18,9.035642
2023-03-02 08:00:00,so2,PIIANN,11.275,9.66436
2024-05-11 17:00:00,so2,PIIANN,6.98,8.408037
2025-04-08 18:00:00,so2,PIIANN,9.17,7.557053
2023-07-03 19:00:00,so2,PIIANN,11.25,11.895859
2025-11-12 21:00:00,so2,PIIANN,8.82,5.4460077
2023-05-11 02:00:00,so2,PIIANN,17.325,10.595278
2024-04-08 19:00:00,so2,PIIANN,14.28,10.802703
2025-08-06 13:00:00,so2,PIIANN,6.32,8.059013
2023-02-04 02:00:00,so2,PIIANN,3.3999999,5.1081243
2023-05-07 22:00:00,so2,PIIANN,7.8,4.776162
2023-03-12 15:00:00,so2,PIIANN,8.25,9.124188
2025-02-05 16:00:00,so2,PIIANN,11.6,10.945635
2023-09-07 04:00:00,so2,PIIANN,7.65,5.131576
2023-06-01 13:00:00,so2,PIIANN,21.975,32.287716
2025-02-08 01:00:00,so2,PIIANN,8.68,8.004109
2023-07-02 21:00:00,so2,PIIANN,12.1,13.256868
2024-02-06 23:00:00,so2,PIIANN,5.8000007,6.0491896
2024-10-07 14:00:00,so2,PIIANN,8.55,8.507163
2023-08-07 02:00:00,so2,PIIANN,7.55,4.8740773
2023-11-02 21:00:00,so2,PIIANN,12.125,12.41498
2023-01-10 10:00:00,so2,PIIANN,7.625,10.443269
2025-08-13 01:00:00,so2,PIIANN,10.467921,10.2498255
2023-06-02 14:00:00,so2,PIIANN,13.0,15.33114
2023-11-09 12:00:00,so2,PIIANN,7.65,8.240375
2024-04-04 00:00:00,so2,PIIANN,10.38,8.835666
2023-02-01 17:00:00,so2,PIIANN,13.125,22.079023
2024-11-11 08:00:00,so2,PIIANN,6.98,7.982528
2025-11-12 07:00:00,so2,PIIANN,9.67,6.9683337
2025-02-10 09:00:00,so2,PIIANN,8.13,10.345859
2023-04-02 05:00:00,so2,PIIANN,6.95,8.657308
2023-01-05 19:00:00,so2,PIIANN,3.5999997,3.8726199
2025-06-09 05:00:00,so2,PIIANN,7.35,11.085234
2023-08-02 12:00:00,so2,PIIANN,21.65,22.431776
2023-07-06 17:00:00,so2,PIIANN,1.4999998,1.8606565
2023-06-05 22:00:00,so2,PIIANN,3.95,4.539414
2025-09-05 01:00:00,so2,PIIANN,8.07,9.420247
2025-11-12 06:00:00,so2,PIIANN,5.13,6.6184306
2024-06-11 23:00:00,so2,PIIANN,5.92,6.636837
2024-04-11 05:00:00,so2,PIIANN,5.77,6.985567
2024-04-06 08:00:00,so2,PIIANN,6.18,6.6336393
2023-06-10 19:00:00,so2,PIIANN,7.425,7.9652896
2024-03-06 21:00:00,so2,PIIANN,5.6,5.656984
2023-07-12 13:00:00,so2,PIIANN,8.25,10.865097
2024-05-03 13:00:00,so2,PIIANN,10.22,10.430445
2024-05-11 09:00:00,so2,PIIANN,6.8,8.202604
2023-12-04 13:00:00,so2,PIIANN,5.6500006,10.965094
2023-02-09 04:00:00,so2,PIIANN,7.675,5.463381
2025-06-12 11:00:00,so2,PIIANN,12.62,14.056222
2025-12-03 04:00:00,so2,PIIANN,9.0,8.893626
2024-11-02 17:00:00,so2,PIIANN,8.25,8.97806
2023-07-07 04:00:00,so2,PIIANN,7.5,4.708978
2023-06-02 06:00:00,so2,PIIANN,9.066667,10.313728
2024-06-04 05:00:00,so2,PIIANN,21.03,21.72799
2024-01-03 06:00:00,so2,PIIANN,10.57,11.588556
2024-11-02 01:00:00,so2,PIIANN,10.55,9.274576
2023-01-10 03:00:00,so2,PIIANN,7.675,7.0633583
2025-03-12 07:00:00,so2,PIIANN,5.8000007,15.203182
2024-09-11 23:00:00,so2,PIIANN,7.05,7.2409177
2025-06-03 12:00:00,so2,PIIANN,8.07,9.348156
2023-11-10 01:00:00,so2,PIIANN,9.075,8.7242155
2024-04-05 02:00:00,so2,PIIANN,7.08,7.828473
2024-06-09 09:00:00,so2,PIIANN,1.3199999,4.5986476
2024-09-04 12:00:00,so2,PIIANN,6.2,8.833935
2024-12-07 20:00:00,so2,PIIANN,8.88,7.212785
2023-05-03 15:00:00,so2,PIIANN,16.625,17.906666
2023-11-12 15:00:00,so2,PIIANN,8.25,9.267724
2023-04-07 10:00:00,so2,PIIANN,8.25,5.2065716
2025-07-10 18:00:00,so2,PIIANN,7.52,8.229416
2023-01-11 21:00:00,so2,PIIANN,3.8749998,8.85815
2024-12-07 02:00:00,so2,PIIANN,7.8,7.821541
2023-11-11 14:00:00,so2,PIIANN,13.692307,12.751011
2025-10-09 06:00:00,so2,PIIANN,8.5,8.728952
2023-12-08 15:00:00,so2,PIIANN,7.7,7.477661
2025-08-08 12:00:00,so2,PIIANN,11.75,9.978261
2025-05-07 10:00:00,so2,PIIANN,8.78,8.13229
2024-03-11 23:00:00,so2,PIIANN,6.35,5.677193
2023-10-04 19:00:00,so2,PIIANN,5.7,4.2641006
2025-01-05 14:00:00,so2,PIIANN,11.6,11.103432
2023-12-06 13:00:00,so2,PIIANN,0.23333289,1.1367438
2025-05-01 13:00:00,so2,PIIANN,7.95,7.888973
2024-04-05 05:00:00,so2,PIIANN,6.8,8.293768
2025-03-12 16:00:00,so2,PIIANN,9.15,8.895568
2025-12-10 09:00:00,so2,PIIANN,9.12,9.798366
2024-01-04 01:00:00,so2,PIIANN,9.109091,10.276988
2024-05-02 08:00:00,so2,PIIANN,8.25,9.984811
2023-02-11 15:00:00,so2,PIIANN,23.05,22.275414
2024-07-02 04:00:00,so2,PIIANN,0.09999968,5.19246
2023-10-09 04:00:00,so2,PIIANN,8.025,7.8780727
2023-11-08 17:00:00,so2,PIIANN,7.65,6.3464026
2025-11-05 14:00:00,so2,PIIANN,10.52,10.533819
2024-07-05 06:00:00,so2,PIIANN,9.77,10.938463
2025-04-12 08:00:00,so2,PIIANN,7.85,11.171698
2023-08-01 12:00:00,so2,PIIANN,44.325,41.89005
2024-01-06 06:00:00,so2,PIIANN,5.73,7.055646
2023-06-09 13:00:00,so2,PIIANN,8.175,6.7631392
2023-04-09 07:00:00,so2,PIIANN,8.25,6.680423
2024-06-04 20:00:00,so2,PIIANN,9.85,9.363501
2023-08-11 09:00:00,so2,PIIANN,25.6,5.84585
2024-04-10 11:00:00,so2,PIIANN,5.8000007,5.9101634
2023-10-08 01:00:00,so2,PIIANN,7.5,5.0177884
2023-07-01 23:00:00,so2,PIIANN,3.425,11.573239
2023-11-11 19:00:00,so2,PIIANN,8.25,7.5365458
2025-09-04 22:00:00,so2,PIIANN,9.6,9.4709015
2024-07-08 03:00:00,so2,PIIANN,3.8999999,8.642903
2025-02-12 21:00:00,so2,PIIANN,12.88,10.6375265
2025-07-05 11:00:00,so2,PIIANN,11.2,9.910287
2023-09-03 15:00:00,so2,PIIANN,15.7,12.538446
2025-04-03 21:00:00,so2,PIIANN,6.1,7.4980254
2025-05-10 22:00:00,so2,PIIANN,8.25,8.436513
2025-03-13 01:00:00,so2,PIIANN,10.440131,9.348931
2024-06-12 05:00:00,so2,PIIANN,5.6,7.146917
2023-09-04 17:00:00,so2,PIIANN,3.6499999,4.5232253
2025-05-02 08:00:00,so2,PIIANN,8.8,10.309456
2025-10-12 06:00:00,so2,PIIANN,5.83,11.892554
2025-02-11 21:00:00,so2,PIIANN,7.5,7.7528377
2025-08-11 14:00:00,so2,PIIANN,9.63,10.296369
2025-02-08 20:00:00,so2,PIIANN,8.28,7.605817
2025-08-09 22:00:00,so2,PIIANN,6.75,6.114109
2024-02-03 22:00:00,so2,PIIANN,10.68,10.829453
2023-03-04 19:00:00,so2,PIIANN,2.675,1.649791
2025-01-08 23:00:00,so2,PIIANN,8.0,7.8123245
2024-05-10 02:00:00,so2,PIIANN,8.2,6.4918675
2024-09-04 15:00:00,so2,PIIANN,9.93,7.094996
2024-10-02 07:00:00,so2,PIIANN,10.51,11.343627
2024-06-05 20:00:00,so2,PIIANN,4.3,6.84216
2024-06-09 18:00:00,so2,PIIANN,4.45,4.8823423
2023-03-08 07:00:00,so2,PIIANN,7.55,8.642423
2025-01-01 12:00:00,so2,PIIANN,9.12,10.621732
2024-02-02 01:00:00,so2,PIIANN,12.72,13.021084
2024-03-07 17:00:00,so2,PIIANN,8.38,8.227778
2023-12-08 02:00:00,so2,PIIANN,7.475,3.9369304
2024-03-09 17:00:00,so2,PIIANN,10.2,11.66985
2024-04-08 08:00:00,so2,PIIANN,14.72,12.91251
2023-04-05 00:00:00,so2,PIIANN,8.5,3.8523219
2024-08-08 15:00:00,so2,PIIANN,12.08,9.94933
2023-07-09 13:00:00,so2,PIIANN,9.15,7.2777467
2024-08-13 02:00:00,so2,PIIANN,5.121663,5.918141
2023-12-11 19:00:00,so2,PIIANN,10.1,7.5603433
2023-08-07 15:00:00,so2,PIIANN,8.05,6.4810443
2025-05-10 11:00:00,so2,PIIANN,8.52,8.756551
2025-07-08 06:00:00,so2,PIIANN,9.8,9.593396
2024-02-08 12:00:00,so2,PIIANN,12.22,9.880602
2023-05-03 12:00:00,so2,PIIANN,26.45,21.100948
2025-02-11 06:00:00,so2,PIIANN,6.3,7.558596
2025-09-09 21:00:00,so2,PIIANN,8.57,7.6359353
2025-01-07 07:00:00,so2,PIIANN,2.5999997,8.503634
2025-02-08 10:00:00,so2,PIIANN,8.93,8.8973675
2023-06-08 05:00:00,so2,PIIANN,7.6,8.247676
2023-03-08 14:00:00,so2,PIIANN,9.225,8.448675
2025-02-08 23:00:00,so2,PIIANN,8.88,7.9647655
2025-03-01 14:00:00,so2,PIIANN,7.1,9.274245
2025-02-06 05:00:00,so2,PIIANN,6.5,7.897196
2025-07-11 19:00:00,so2,PIIANN,10.1,11.184452
2024-05-05 00:00:00,so2,PIIANN,7.78,19.818699
2024-12-07 01:00:00,so2,PIIANN,8.0,7.9980702
2023-02-09 21:00:00,so2,PIIANN,7.65,6.6641684
2025-08-06 06:00:00,so2,PIIANN,9.5,8.528559
2024-12-10 16:00:00,so2,PIIANN,23.833334,14.328611
2024-03-07 14:00:00,so2,PIIANN,7.58,8.270813
2024-12-12 11:00:00,so2,PIIANN,8.48,9.782035
2023-04-05 06:00:00,so2,PIIANN,6.6,3.9356134
2024-05-07 14:00:00,so2,PIIANN,8.4,8.261903
2025-09-12 21:00:00,so2,PIIANN,18.58,13.490125
2023-10-06 12:00:00,so2,PIIANN,2.8999999,2.3575957
2024-09-03 01:00:00,so2,PIIANN,10.9,11.128985
2023-12-03 02:00:00,so2,PIIANN,11.725,16.644012
2023-03-10 18:00:00,so2,PIIANN,9.0,9.295431
2025-07-08 23:00:00,so2,PIIANN,10.15,8.600123
2023-08-02 04:00:00,so2,PIIANN,7.625,9.038218
2025-02-10 15:00:00,so2,PIIANN,9.05,7.5736356
2023-11-10 06:00:00,so2,PIIANN,10.1,10.268715
2025-02-03 07:00:00,so2,PIIANN,7.25,8.648698
2024-01-09 11:00:00,so2,PIIANN,4.53,6.416375
2023-12-10 21:00:00,so2,PIIANN,7.575,8.046062
2024-05-11 13:00:00,so2,PIIANN,8.9,8.118144
2023-04-09 15:00:00,so2,PIIANN,9.5,6.4313087
2025-08-05 09:00:00,so2,PIIANN,4.9,8.187793
2024-08-06 06:00:00,so2,PIIANN,9.87,9.429558
2023-08-01 08:00:00,so2,PIIANN,6.4,14.142721
2024-03-12 17:00:00,so2,PIIANN,8.3,9.152513
2023-04-03 11:00:00,so2,PIIANN,33.2,38.73348
2023-11-10 13:00:00,so2,PIIANN,7.55,8.284702
2025-04-01 12:00:00,so2,PIIANN,1.3999999,6.6218123
2023-07-06 14:00:00,so2,PIIANN,0.9250004,1.7002628
2025-12-03 23:00:00,so2,PIIANN,7.32,3.0324137
2025-01-07 16:00:00,so2,PIIANN,9.0,8.949174
2025-05-10 13:00:00,so2,PIIANN,6.8,8.539555
2023-03-08 12:00:00,so2,PIIANN,7.725,8.953744
2024-04-10 03:00:00,so2,PIIANN,2.82,4.503254
2023-05-10 10:00:00,so2,PIIANN,7.8,10.109612
2025-03-12 17:00:00,so2,PIIANN,8.1,9.1991205
2024-04-03 23:00:00,so2,PIIANN,10.52,8.620752
2025-03-04 12:00:00,so2,PIIANN,9.83,9.440796
2023-09-08 12:00:00,so2,PIIANN,7.75,4.6914043
2025-05-10 06:00:00,so2,PIIANN,9.13,8.697675
2025-08-03 01:00:00,so2,PIIANN,9.12,8.341288
2025-09-06 03:00:00,so2,PIIANN,9.18,9.686208
2024-01-05 20:00:00,so2,PIIANN,8.6,7.2264276
2025-09-09 16:00:00,so2,PIIANN,9.07,7.691852
2023-03-08 15:00:00,so2,PIIANN,7.75,8.572024
2025-05-12 08:00:00,so2,PIIANN,9.0,9.044246
2025-07-10 23:00:00,so2,PIIANN,8.02,8.079335
2025-04-02 06:00:00,so2,PIIANN,8.32,9.950738
2025-06-03 00:00:00,so2,PIIANN,9.42,7.214615
2025-10-02 04:00:00,so2,PIIANN,6.8,7.90805
2025-01-10 05:00:00,so2,PIIANN,9.3,9.109212
2025-03-04 23:00:00,so2,PIIANN,8.83,8.299377
2023-12-12 13:00:00,so2,PIIANN,8.25,10.326047
2023-01-05 01:00:00,so2,PIIANN,5.1,5.6768203
2025-10-09 04:00:00,so2,PIIANN,8.62,8.720588
2023-03-12 01:00:00,so2,PIIANN,8.175,8.522491
2025-09-10 11:00:00,so2,PIIANN,11.2,9.9333
2024-03-07 16:00:00,so2,PIIANN,8.43,8.309906
2024-03-08 18:00:00,so2,PIIANN,13.42,9.247882
2023-06-03 11:00:00,so2,PIIANN,19.575,19.909357
2024-02-08 06:00:00,so2,PIIANN,10.23,8.995657
2025-10-05 12:00:00,so2,PIIANN,8.25,9.154553
2024-11-12 03:00:00,so2,PIIANN,2.6199996,5.219707
2024-05-06 12:00:00,so2,PIIANN,7.4,7.623534
2023-12-08 09:00:00,so2,PIIANN,7.775,4.622902
2024-09-09 03:00:00,so2,PIIANN,6.9,6.1390715
2024-07-10 13:00:00,so2,PIIANN,8.28,10.259844
2023-09-03 00:00:00,so2,PIIANN,7.925,10.75366
2024-08-03 12:00:00,so2,PIIANN,10.75,11.516218
2023-10-09 05:00:00,so2,PIIANN,9.275,8.797077
2023-11-10 23:00:00,so2,PIIANN,8.075,8.426758
2023-05-02 04:00:00,so2,PIIANN,5.9,8.579603
2023-08-06 20:00:00,so2,PIIANN,1.2499998,2.8764951
2024-12-04 22:00:00,so2,PIIANN,13.05,11.59941
2023-05-07 13:00:00,so2,PIIANN,7.6,6.345107
2025-01-07 17:00:00,so2,PIIANN,9.27,8.736852
2025-08-02 21:00:00,so2,PIIANN,7.22,7.3042455
2024-06-06 22:00:00,so2,PIIANN,8.93,8.099627
2025-02-05 23:00:00,so2,PIIANN,9.0,7.8745017
2025-11-02 11:00:00,so2,PIIANN,5.93,9.807491
2023-06-07 13:00:00,so2,PIIANN,7.55,10.162257
2023-06-06 11:00:00,so2,PIIANN,0.75000024,2.761504
2023-03-04 23:00:00,so2,PIIANN,1.8500001,2.6946795
2023-11-05 10:00:00,so2,PIIANN,4.125,6.152377
2025-03-05 22:00:00,so2,PIIANN,9.3,9.252173
2023-10-04 07:00:00,so2,PIIANN,8.65,7.580551
2024-01-09 18:00:00,so2,PIIANN,5.1,5.139007
2023-11-03 22:00:00,so2,PIIANN,15.375,16.149502
2023-03-12 05:00:00,so2,PIIANN,11.484211,11.533427
2023-01-12 12:00:00,so2,PIIANN,48.05,15.187636
2024-11-03 20:00:00,so2,PIIANN,10.98,12.184062
2023-03-03 10:00:00,so2,PIIANN,60.65,31.284624
2023-02-08 18:00:00,so2,PIIANN,8.15,8.209082
2024-06-11 14:00:00,so2,PIIANN,5.68,7.6777368
2024-01-10 22:00:00,so2,PIIANN,3.7299998,4.9395237
2023-07-11 15:00:00,so2,PIIANN,10.893333,14.317083
2024-06-03 23:00:00,so2,PIIANN,10.92,10.871409
2023-08-04 11:00:00,so2,PIIANN,5.775,7.714242
2024-01-08 09:00:00,so2,PIIANN,10.5,11.334301
2023-12-08 06:00:00,so2,PIIANN,7.9,6.309751
2025-04-02 21:00:00,so2,PIIANN,8.35,8.663791
2024-10-12 07:00:00,so2,PIIANN,3.3999999,6.2745023
2025-09-08 04:00:00,so2,PIIANN,19.65,10.389037
2025-04-04 18:00:00,so2,PIIANN,9.22,8.287243
2023-08-08 17:00:00,so2,PIIANN,9.95,6.5129433
2024-10-12 11:00:00,so2,PIIANN,1.2699997,7.14674
2024-07-06 15:00:00,so2,PIIANN,7.72,6.8830724
2024-09-11 00:00:00,so2,PIIANN,6.48,5.9297843
2025-03-10 18:00:00,so2,PIIANN,7.55,7.8320575
2025-01-02 13:00:00,so2,PIIANN,9.07,11.14784
2023-06-09 06:00:00,so2,PIIANN,9.433333,9.682576
2024-08-10 00:00:00,so2,PIIANN,3.8799999,5.7771587
2025-06-10 12:00:00,so2,PIIANN,10.97,9.465172
2025-01-11 09:00:00,so2,PIIANN,4.97,9.129817
2023-12-03 01:00:00,so2,PIIANN,16.0,16.937113
2024-09-13 01:00:00,so2,PIIANN,4.272864,4.6495123
2024-02-08 20:00:00,so2,PIIANN,11.18,8.594541
2025-08-10 11:00:00,so2,PIIANN,11.08,9.835538
2023-01-11 14:00:00,so2,PIIANN,13.575,16.971481
2024-08-07 06:00:00,so2,PIIANN,4.6,7.741659
2024-12-02 19:00:00,so2,PIIANN,10.42,7.8090963
2025-08-04 16:00:00,so2,PIIANN,8.25,10.134761
2025-05-11 20:00:00,so2,PIIANN,9.0,8.579632
2025-07-13 02:00:00,so2,PIIANN,10.521904,9.705097
2025-05-05 06:00:00,so2,PIIANN,9.83,10.654448
2023-01-08 10:00:00,so2,PIIANN,7.675,5.055044
2024-11-09 04:00:00,so2,PIIANN,4.38,6.454873
2025-12-07 00:00:00,so2,PIIANN,3.28,6.795125
2023-06-04 11:00:00,so2,PIIANN,4.05,4.181625
2024-12-04 08:00:00,so2,PIIANN,10.42,13.218028
2025-01-11 20:00:00,so2,PIIANN,7.38,6.801283
2024-07-01 13:00:00,so2,PIIANN,10.2,12.382033
2024-05-12 08:00:00,so2,PIIANN,7.78,9.70224
2024-06-12 01:00:00,so2,PIIANN,5.3,6.586636
2023-06-03 08:00:00,so2,PIIANN,20.625,14.302584
2025-07-09 03:00:00,so2,PIIANN,6.88,7.4651666
2024-07-12 04:00:00,so2,PIIANN,5.55,6.6603484
2025-07-09 02:00:00,so2,PIIANN,6.55,7.479525
2024-04-12 12:00:00,so2,PIIANN,8.02,9.500037
2024-05-08 19:00:00,so2,PIIANN,4.9,5.465012
2024-07-12 01:00:00,so2,PIIANN,5.28,6.704582
2023-11-12 03:00:00,so2,PIIANN,3.1661894,5.4992027
2024-11-06 22:00:00,so2,PIIANN,10.75,8.051892
2024-05-04 06:00:00,so2,PIIANN,10.8,10.052001
2025-09-10 04:00:00,so2,PIIANN,8.27,8.836939
2024-04-04 01:00:00,so2,PIIANN,10.5,9.342392
2025-09-04 06:00:00,so2,PIIANN,9.5,8.926146
2024-08-02 17:00:00,so2,PIIANN,10.15,10.572642
2025-03-05 19:00:00,so2,PIIANN,10.28,11.035094
2024-11-03 02:00:00,so2,PIIANN,10.32,11.38092
2024-10-02 19:00:00,so2,PIIANN,10.62,12.750373
2025-08-05 23:00:00,so2,PIIANN,7.2,8.583406
2025-12-04 06:00:00,so2,PIIANN,9.33,8.51012
2023-09-04 04:00:00,so2,PIIANN,15.625,13.650442
2023-09-04 20:00:00,so2,PIIANN,9.225,7.450743
2025-10-03 12:00:00,so2,PIIANN,8.78,9.21577
2025-12-02 08:00:00,so2,PIIANN,7.22,9.343531
2025-10-06 12:00:00,so2,PIIANN,14.1,9.037541
2025-03-03 22:00:00,so2,PIIANN,11.08,8.682002
2025-05-09 11:00:00,so2,PIIANN,12.88,10.220797
2025-09-06 23:00:00,so2,PIIANN,7.1,7.4478984
2025-05-08 03:00:00,so2,PIIANN,11.08,8.507561
2023-04-03 23:00:00,so2,PIIANN,11.075,11.140125
2023-12-12 09:00:00,so2,PIIANN,2.925,6.732432
2023-02-11 06:00:00,so2,PIIANN,7.0333333,7.6379576
2024-05-10 22:00:00,so2,PIIANN,11.08,6.931035
2025-09-07 22:00:00,so2,PIIANN,5.6,6.558014
2024-06-03 02:00:00,so2,PIIANN,10.78,9.8592825
2025-07-02 09:00:00,so2,PIIANN,6.6,8.266072
2025-05-04 14:00:00,so2,PIIANN,9.42,8.4219885
2024-08-12 11:00:00,so2,PIIANN,5.1,7.594899
2024-05-01 16:00:00,so2,PIIANN,10.35,11.433512
2025-04-01 16:00:00,so2,PIIANN,0.3999999,5.4666367
2023-10-09 11:00:00,so2,PIIANN,7.85,8.2039795
2025-01-08 06:00:00,so2,PIIANN,9.2,8.879105
2023-09-11 03:00:00,so2,PIIANN,22.575,13.238937
2025-04-11 05:00:00,so2,PIIANN,10.25,11.384779
2024-12-11 11:00:00,so2,PIIANN,6.68,7.7395964
2024-09-06 23:00:00,so2,PIIANN,12.55,11.32967
2023-05-08 21:00:00,so2,PIIANN,7.55,6.6306987
2024-08-10 04:00:00,so2,PIIANN,5.9,6.367783
2023-12-10 11:00:00,so2,PIIANN,7.45,10.671649
2024-09-09 00:00:00,so2,PIIANN,3.4999998,3.4845698
2024-03-03 06:00:00,so2,PIIANN,8.37,10.834756
2023-09-05 08:00:00,so2,PIIANN,8.25,5.9168024
2025-08-03 03:00:00,so2,PIIANN,9.12,8.481546
2023-01-01 09:00:00,so2,PIIANN,11.35,13.9593115
2025-08-01 15:00:00,so2,PIIANN,7.72,8.829813
2024-03-12 09:00:00,so2,PIIANN,7.82,9.694463
2023-11-09 21:00:00,so2,PIIANN,7.65,7.553308
2025-08-02 17:00:00,so2,PIIANN,5.6500006,7.1578684
2025-12-11 11:00:00,so2,PIIANN,8.57,10.087913
2023-07-05 18:00:00,so2,PIIANN,4.35,4.6460857
2023-01-06 08:00:00,so2,PIIANN,1.3500006,4.9885826
2025-12-07 22:00:00,so2,PIIANN,5.0,5.6458697
2023-05-05 06:00:00,so2,PIIANN,4.3,2.6767776
2025-09-03 18:00:00,so2,PIIANN,7.5,7.105123
2023-07-07 01:00:00,so2,PIIANN,7.55,4.2159863
2024-12-05 01:00:00,so2,PIIANN,8.32,10.006413
2024-09-05 10:00:00,so2,PIIANN,10.07,9.843339
2024-09-09 12:00:00,so2,PIIANN,5.95,7.2118454
2025-07-07 09:00:00,so2,PIIANN,3.2,7.444883
2024-10-02 18:00:00,so2,PIIANN,10.72,13.350715
2024-03-06 16:00:00,so2,PIIANN,5.68,5.8354506
2025-02-07 15:00:00,so2,PIIANN,9.98,9.939743
2025-05-12 17:00:00,so2,PIIANN,16.4,12.907141
2023-09-11 01:00:00,so2,PIIANN,19.375,4.95323
2023-07-06 00:00:00,so2,PIIANN,0.72499967,1.7448823
2023-01-03 08:00:00,so2,PIIANN,47.725,41.02969
2024-04-02 01:00:00,so2,PIIANN,62.52,35.86115
2024-03-11 20:00:00,so2,PIIANN,5.55,5.6175227
2024-12-06 14:00:00,so2,PIIANN,7.9,7.825125
2024-06-06 11:00:00,so2,PIIANN,4.35,7.426366
2024-03-06 04:00:00,so2,PIIANN,5.32,7.178854
2023-01-03 19:00:00,so2,PIIANN,19.2,15.0254965
2023-11-05 15:00:00,so2,PIIANN,4.6,4.880961
2023-06-03 14:00:00,so2,PIIANN,13.5,16.956068
2023-11-01 16:00:00,so2,PIIANN,17.325,19.71201
2024-05-08 06:00:00,so2,PIIANN,18.7,13.686933
2025-10-03 10:00:00,so2,PIIANN,8.98,8.900067
2023-07-04 23:00:00,so2,PIIANN,9.925,8.370816
2023-02-03 12:00:00,so2,PIIANN,25.325,32.669846
2023-05-09 05:00:00,so2,PIIANN,8.025,7.988621
2023-11-07 05:00:00,so2,PIIANN,7.625,8.71667
2024-06-09 12:00:00,so2,PIIANN,4.47,5.0058203
2023-01-02 22:00:00,so2,PIIANN,17.875,16.876879
2023-10-09 14:00:00,so2,PIIANN,7.75,7.456765
2025-11-06 22:00:00,so2,PIIANN,8.8,7.426816
2024-03-08 08:00:00,so2,PIIANN,8.12,11.736908
2023-09-06 12:00:00,so2,PIIANN,1.2250001,1.2004101
2023-02-03 02:00:00,so2,PIIANN,15.75,8.816148
2023-09-07 21:00:00,so2,PIIANN,7.575,4.8684196
2025-08-07 18:00:00,so2,PIIANN,8.18,8.039717
2024-10-11 07:00:00,so2,PIIANN,6.85,8.274676
2025-03-07 20:00:00,so2,PIIANN,9.1,7.601958
2024-09-07 18:00:00,so2,PIIANN,10.35,8.647851
2023-05-09 17:00:00,so2,PIIANN,9.2,8.720622
2024-07-08 17:00:00,so2,PIIANN,21.3,14.573611
2023-09-09 08:00:00,so2,PIIANN,8.425,10.625938
2025-10-02 03:00:00,so2,PIIANN,6.78,8.2251835
2025-01-11 03:00:00,so2,PIIANN,7.72,8.013184
2025-01-01 17:00:00,so2,PIIANN,4.25,5.5170317
2025-01-05 08:00:00,so2,PIIANN,8.77,8.666748
2023-02-12 14:00:00,so2,PIIANN,3.1333334,12.5497465
2025-01-02 18:00:00,so2,PIIANN,4.68,9.068327
2023-04-06 20:00:00,so2,PIIANN,8.25,6.132594
2024-08-08 11:00:00,so2,PIIANN,11.22,18.366852
2024-12-03 00:00:00,so2,PIIANN,10.2,9.201886
2024-10-04 12:00:00,so2,PIIANN,3.18,7.6711483
2023-09-01 15:00:00,so2,PIIANN,23.025,26.537682
2025-12-07 05:00:00,so2,PIIANN,4.23,6.140502
2025-03-02 17:00:00,so2,PIIANN,8.3,9.681777
2023-05-05 19:00:00,so2,PIIANN,4.575,4.0173993
2023-04-07 16:00:00,so2,PIIANN,8.675,8.178486
2024-12-08 23:00:00,so2,PIIANN,5.6700006,4.8813
2023-11-03 09:00:00,so2,PIIANN,26.7,30.339565
2025-08-06 20:00:00,so2,PIIANN,6.4,7.196968
2023-02-10 13:00:00,so2,PIIANN,7.725,10.444448
2024-09-05 13:00:00,so2,PIIANN,9.25,9.354459
2024-07-05 01:00:00,so2,PIIANN,9.95,9.177254
2024-07-12 08:00:00,so2,PIIANN,5.33,7.626934
2025-02-07 13:00:00,so2,PIIANN,11.58,10.117738
2025-11-03 09:00:00,so2,PIIANN,9.4,10.495414
2023-11-04 17:00:00,so2,PIIANN,6.45,6.581092
2024-06-06 12:00:00,so2,PIIANN,4.43,5.3110557
2025-09-01 17:00:00,so2,PIIANN,7.42,8.973616
2023-06-09 07:00:00,so2,PIIANN,8.1,10.521481
2023-06-03 00:00:00,so2,PIIANN,10.55,12.266676
2025-08-05 03:00:00,so2,PIIANN,8.6285715,9.176181
2023-03-09 13:00:00,so2,PIIANN,7.55,4.9891253
2023-04-03 19:00:00,so2,PIIANN,16.8,15.641701
2024-11-10 17:00:00,so2,PIIANN,9.68,9.069511
2025-09-02 12:00:00,so2,PIIANN,6.32,8.78359
2024-12-12 21:00:00,so2,PIIANN,8.5,8.593364
2025-06-01 20:00:00,so2,PIIANN,7.45,9.480229
2024-02-01 15:00:00,so2,PIIANN,11.12,13.30791
2024-12-05 22:00:00,so2,PIIANN,10.12,8.599486
2024-07-11 08:00:00,so2,PIIANN,5.7,7.3639865
2024-11-09 13:00:00,so2,PIIANN,4.97,6.3087997
2025-06-01 09:00:00,so2,PIIANN,0.45000008,7.379279
2024-06-07 06:00:00,so2,PIIANN,9.53,8.556451
2023-03-03 02:00:00,so2,PIIANN,18.65,14.907889
2024-07-02 06:00:00,so2,PIIANN,8.25,4.240728
2023-02-06 07:00:00,so2,PIIANN,1.0999997,3.3838656
2024-11-08 19:00:00,so2,PIIANN,2.3300002,3.6437676
2023-02-03 09:00:00,so2,PIIANN,6.25,8.571166
2025-08-10 06:00:00,so2,PIIANN,7.03,11.076988
2024-10-02 13:00:00,so2,PIIANN,10.6,11.866958
2023-10-02 00:00:00,so2,PIIANN,10.775,13.802394
2025-10-02 09:00:00,so2,PIIANN,6.9,8.894124
2025-04-09 06:00:00,so2,PIIANN,7.6,10.09734
2024-05-02 00:00:00,so2,PIIANN,8.225,10.5686
2025-02-06 18:00:00,so2,PIIANN,11.75,9.997737
2025-01-10 21:00:00,so2,PIIANN,9.3,7.081644
2024-12-09 18:00:00,so2,PIIANN,1.0000002,2.7509372
2024-12-02 07:00:00,so2,PIIANN,9.97,11.121045
2023-11-12 13:00:00,so2,PIIANN,8.25,10.563301
2024-05-02 13:00:00,so2,PIIANN,8.25,10.170834
2023-01-01 21:00:00,so2,PIIANN,4.275,13.386376
2024-03-05 23:00:00,so2,PIIANN,8.75,9.847617
2024-07-06 07:00:00,so2,PIIANN,9.35,9.957837
2025-11-12 17:00:00,so2,PIIANN,6.05,8.800912
2025-06-11 05:00:00,so2,PIIANN,8.5,8.908338
2023-10-01 18:00:00,so2,PIIANN,9.825,17.854063
2023-06-11 14:00:00,so2,PIIANN,10.733334,11.553074
2025-11-08 18:00:00,so2,PIIANN,8.2,8.556355
2025-04-08 19:00:00,so2,PIIANN,9.52,7.679016
2024-04-02 20:00:00,so2,PIIANN,12.5,20.710258
2023-07-07 15:00:00,so2,PIIANN,7.975,7.918746
2025-02-04 19:00:00,so2,PIIANN,8.45,7.2424297
2023-11-02 14:00:00,so2,PIIANN,21.05,24.303799
2025-10-11 07:00:00,so2,PIIANN,9.9,9.118476
2025-02-04 02:00:00,so2,PIIANN,8.95,7.749183
2023-04-02 16:00:00,so2,PIIANN,14.175,14.315287
2025-10-03 04:00:00,so2,PIIANN,9.33,9.66874
2025-11-12 12:00:00,so2,PIIANN,6.1,5.6017966
2025-10-09 19:00:00,so2,PIIANN,6.0416665,7.2242775
2023-03-10 12:00:00,so2,PIIANN,9.525,9.799488
2025-12-06 00:00:00,so2,PIIANN,7.4,7.430873
2023-08-09 06:00:00,so2,PIIANN,7.8,9.059727
2025-03-06 00:00:00,so2,PIIANN,10.0,8.767857
2023-02-12 20:00:00,so2,PIIANN,23.425,8.770136
2024-06-06 08:00:00,so2,PIIANN,6.72,8.472539
2024-08-02 14:00:00,so2,PIIANN,10.1,11.614043
2024-02-04 21:00:00,so2,PIIANN,8.25,8.063029
2024-07-13 00:00:00,so2,PIIANN,5.385952,6.0162973
2025-03-12 04:00:00,so2,PIIANN,9.32,9.556146
2023-08-10 07:00:00,so2,PIIANN,7.85,9.236079
2024-02-07 07:00:00,so2,PIIANN,8.6,8.182953
2025-01-09 22:00:00,so2,PIIANN,8.4,7.529328
2024-08-02 23:00:00,so2,PIIANN,10.22,10.520697
2025-06-07 08:00:00,so2,PIIANN,4.88,7.0452976
2024-01-05 10:00:00,so2,PIIANN,8.43,9.612133
2024-05-04 18:00:00,so2,PIIANN,4.93,6.4346805
2024-08-07 14:00:00,so2,PIIANN,7.18,7.820705
2025-06-08 16:00:00,so2,PIIANN,8.75,8.470937
2025-01-06 13:00:00,so2,PIIANN,9.65,8.516968
2023-03-07 09:00:00,so2,PIIANN,8.25,7.1187134
2023-09-08 08:00:00,so2,PIIANN,7.825,6.8559484
2023-09-07 19:00:00,so2,PIIANN,7.725,5.659714
2025-02-11 10:00:00,so2,PIIANN,8.88,8.191023
2025-11-13 02:00:00,so2,PIIANN,13.658776,11.340512
2025-12-03 01:00:00,so2,PIIANN,9.12,8.153486
2023-12-12 12:00:00,so2,PIIANN,8.25,10.404352
2025-05-03 11:00:00,so2,PIIANN,9.95,10.008473
2025-07-08 15:00:00,so2,PIIANN,6.12,9.69162
2025-03-06 23:00:00,so2,PIIANN,16.8,12.4966545
2024-07-10 11:00:00,so2,PIIANN,9.6,15.279793
2023-07-06 09:00:00,so2,PIIANN,1.0499995,4.4904184
2023-05-01 20:00:00,so2,PIIANN,5.4,14.948651
2024-08-08 02:00:00,so2,PIIANN,4.55,5.1391754
2024-11-05 20:00:00,so2,PIIANN,7.7,7.9220076
2025-06-05 03:00:00,so2,PIIANN,9.23,9.5900755
2025-04-07 23:00:00,so2,PIIANN,6.55,5.401237
2025-08-04 03:00:00,so2,PIIANN,9.3,8.496231
2023-03-11 04:00:00,so2,PIIANN,2.9666665,9.34257
2025-11-04 14:00:00,so2,PIIANN,10.45,11.251842
2024-07-04 02:00:00,so2,PIIANN,8.7,10.063313
2023-06-11 12:00:00,so2,PIIANN,28.075,18.000153
2025-02-01 10:00:00,so2,PIIANN,0.30000046,7.382295
2025-01-08 03:00:00,so2,PIIANN,8.52,7.983441
2023-06-12 22:00:00,so2,PIIANN,8.25,6.1436462
2023-02-01 13:00:00,so2,PIIANN,13.45,27.599514
2024-04-04 03:00:00,so2,PIIANN,10.75,10.361621
2025-04-05 18:00:00,so2,PIIANN,8.7,8.995447
2023-07-01 16:00:00,so2,PIIANN,8.2,19.885427
2024-06-08 08:00:00,so2,PIIANN,5.03,7.316688
2025-11-02 15:00:00,so2,PIIANN,8.28,8.102083
2023-01-09 02:00:00,so2,PIIANN,7.525,4.8264194
2024-11-01 20:00:00,so2,PIIANN,7.3,7.650706
2024-06-04 01:00:00,so2,PIIANN,24.3,15.014075
2025-08-10 12:00:00,so2,PIIANN,12.3,10.124235
2024-04-05 17:00:00,so2,PIIANN,9.8575,8.300124
2024-01-09 02:00:00,so2,PIIANN,4.37,7.596394
2023-10-06 04:00:00,so2,PIIANN,2.5999997,2.0444038
2024-06-10 19:00:00,so2,PIIANN,0.8000004,3.8727567
2024-11-09 05:00:00,so2,PIIANN,3.4199998,5.614512
2023-11-08 08:00:00,so2,PIIANN,7.975,6.5268965
2023-02-02 18:00:00,so2,PIIANN,15.15,12.552728
2023-12-09 10:00:00,so2,PIIANN,7.6,9.718733
2025-12-12 01:00:00,so2,PIIANN,5.3,8.442672
2024-08-11 22:00:00,so2,PIIANN,7.12,7.659984
2024-02-05 02:00:00,so2,PIIANN,6.82,7.8514376
2025-07-05 21:00:00,so2,PIIANN,7.8,9.75231
2023-07-10 21:00:00,so2,PIIANN,7.575,8.90398
2023-11-04 05:00:00,so2,PIIANN,12.625,13.268193
2023-08-05 04:00:00,so2,PIIANN,4.175,4.215952
2025-07-06 01:00:00,so2,PIIANN,9.02,7.912916
2023-01-02 20:00:00,so2,PIIANN,15.675,15.989341
2024-03-02 06:00:00,so2,PIIANN,8.25,9.753808
2025-08-08 03:00:00,so2,PIIANN,10.22,8.500844
2025-08-01 19:00:00,so2,PIIANN,7.75,8.8949175
2025-12-06 02:00:00,so2,PIIANN,8.8,8.063346
2024-09-04 06:00:00,so2,PIIANN,10.0,10.443546
2024-05-03 18:00:00,so2,PIIANN,10.42,8.372996
2024-06-07 02:00:00,so2,PIIANN,8.32,7.9201813
2023-02-06 02:00:00,so2,PIIANN,0.30000046,3.757851
2023-02-02 14:00:00,so2,PIIANN,17.3,14.025675
2024-01-01 14:00:00,so2,PIIANN,11.08,12.84663
2023-12-10 05:00:00,so2,PIIANN,8.3,9.693924
2025-09-13 01:00:00,so2,PIIANN,12.79612,11.457533
2025-12-07 03:00:00,so2,PIIANN,2.9999998,5.0200634
2024-09-07 13:00:00,so2,PIIANN,8.17,8.173145
2023-01-07 22:00:00,so2,PIIANN,8.25,3.8415582
2023-11-09 03:00:00,so2,PIIANN,7.675,7.5130568
2024-08-11 02:00:00,so2,PIIANN,7.75,6.536442
2025-01-07 13:00:00,so2,PIIANN,10.98,8.632998
2024-12-04 15:00:00,so2,PIIANN,6.15,7.8621893
2024-01-02 18:00:00,so2,PIIANN,67.97,8.516477
2025-11-11 19:00:00,so2,PIIANN,10.28,9.1682625
2024-07-09 14:00:00,so2,PIIANN,6.25,5.353868
2024-08-10 14:00:00,so2,PIIANN,6.27,6.2761855
2024-03-03 16:00:00,so2,PIIANN,10.62,10.167906
2024-01-05 05:00:00,so2,PIIANN,8.55,9.268355
2025-10-12 15:00:00,so2,PIIANN,25.2,21.411757
2025-07-04 10:00:00,so2,PIIANN,8.25,10.182192
2025-03-05 08:00:00,so2,PIIANN,9.43,9.097123
2023-06-02 19:00:00,so2,PIIANN,19.95,20.279911
2024-10-04 01:00:00,so2,PIIANN,5.2200003,9.599595
2024-05-02 17:00:00,so2,PIIANN,8.15,7.7505074
2024-04-06 16:00:00,so2,PIIANN,5.95,5.981808
2025-10-01 17:00:00,so2,PIIANN,11.58,9.344717
2025-01-06 03:00:00,so2,PIIANN,6.1,8.3595085
2024-07-07 23:00:00,so2,PIIANN,10.3,10.181923
2025-08-12 08:00:00,so2,PIIANN,7.75,10.327007
2023-07-07 17:00:00,so2,PIIANN,7.65,8.082919
2024-05-07 20:00:00,so2,PIIANN,6.7,8.644757
2024-05-05 14:00:00,so2,PIIANN,7.0,8.898505
2024-07-01 21:00:00,so2,PIIANN,11.08,10.289608
2023-04-06 00:00:00,so2,PIIANN,1.7249997,4.4922957
2023-05-03 04:00:00,so2,PIIANN,7.825,9.74788
2023-09-01 20:00:00,so2,PIIANN,6.55,15.441436
2024-02-12 13:00:00,so2,PIIANN,8.22,9.374444
2024-02-11 10:00:00,so2,PIIANN,8.72,8.693437
2023-03-07 22:00:00,so2,PIIANN,8.25,3.2686327
2023-07-10 02:00:00,so2,PIIANN,7.5,7.189772
2025-01-03 00:00:00,so2,PIIANN,8.8,7.829069
2025-07-06 22:00:00,so2,PIIANN,12.15,8.205056
2025-01-11 22:00:00,so2,PIIANN,7.78,6.8471313
2023-11-11 01:00:00,so2,PIIANN,6.65625,7.22321
2025-12-12 23:00:00,so2,PIIANN,15.3,9.039735
2025-08-03 16:00:00,so2,PIIANN,8.95,8.608284
2023-11-06 12:00:00,so2,PIIANN,1.7,2.6579087
2025-02-02 09:00:00,so2,PIIANN,6.07,11.675452
2024-04-03 01:00:00,so2,PIIANN,10.38,11.192173
2024-07-02 13:00:00,so2,PIIANN,2.8499997,5.4277816
2023-08-10 22:00:00,so2,PIIANN,7.8,8.734887
2024-08-05 12:00:00,so2,PIIANN,9.9,10.832017
2024-02-12 12:00:00,so2,PIIANN,8.15,10.437113
2023-06-08 06:00:00,so2,PIIANN,7.6666665,5.93889
2025-02-03 12:00:00,so2,PIIANN,7.43,8.949936
2024-07-09 08:00:00,so2,PIIANN,1.9999993,5.394305
2024-11-08 22:00:00,so2,PIIANN,5.6700006,3.7721403
2023-01-07 09:00:00,so2,PIIANN,15.7,12.536639
2025-02-12 07:00:00,so2,PIIANN,8.77,9.2637415
2024-09-07 17:00:00,so2,PIIANN,9.12,8.639299
2024-09-08 08:00:00,so2,PIIANN,2.78,5.472075
2023-07-04 21:00:00,so2,PIIANN,8.9,7.0572386
2023-02-06 05:00:00,so2,PIIANN,0.30000046,3.3380744
2025-03-03 18:00:00,so2,PIIANN,8.92,8.850637
2025-06-13 00:00:00,so2,PIIANN,8.568337,8.580611
2025-09-07 23:00:00,so2,PIIANN,4.62,6.635058
2024-09-05 19:00:00,so2,PIIANN,9.9,8.765694
2023-03-06 05:00:00,so2,PIIANN,0.64999986,3.9610875
2024-01-02 19:00:00,so2,PIIANN,15.1,34.532116
2025-12-02 16:00:00,so2,PIIANN,7.1,8.09839
2025-03-09 12:00:00,so2,PIIANN,11.0,8.886125
2023-10-05 23:00:00,so2,PIIANN,12.8,11.787716
2024-06-01 22:00:00,so2,PIIANN,10.9,10.005136
2023-03-10 19:00:00,so2,PIIANN,8.325,9.969333
2023-12-02 09:00:00,so2,PIIANN,41.025,26.74454
2025-10-05 00:00:00,so2,PIIANN,8.596,8.776624
2024-08-02 12:00:00,so2,PIIANN,10.17,12.136215
2024-09-08 01:00:00,so2,PIIANN,3.9799998,6.426967
2025-01-02 03:00:00,so2,PIIANN,9.45,10.602344
2024-09-09 22:00:00,so2,PIIANN,3.2499998,5.226155
2025-06-09 06:00:00,so2,PIIANN,7.37,9.411395
2024-10-02 01:00:00,so2,PIIANN,10.52,10.1839075
2024-03-07 11:00:00,so2,PIIANN,8.38,9.582926
2024-07-02 12:00:00,so2,PIIANN,1.1200001,6.968061
2024-01-06 12:00:00,so2,PIIANN,5.5200005,5.825969
2023-06-04 16:00:00,so2,PIIANN,3.7749999,2.9151394
2023-11-10 21:00:00,so2,PIIANN,8.225,8.990092
2025-04-11 19:00:00,so2,PIIANN,9.62,7.6989603
2025-04-06 00:00:00,so2,PIIANN,5.98,8.491412
2024-07-09 20:00:00,so2,PIIANN,2.6499999,4.492348
2023-02-01 19:00:00,so2,PIIANN,7.125,16.713278
2024-03-10 06:00:00,so2,PIIANN,7.37,8.331454
2025-01-04 10:00:00,so2,PIIANN,7.63,10.264551
2025-02-02 03:00:00,so2,PIIANN,10.1,10.121274
2025-03-10 22:00:00,so2,PIIANN,8.48,7.502598
2025-01-07 22:00:00,so2,PIIANN,9.02,8.143142
2024-06-11 22:00:00,so2,PIIANN,6.05,7.522391
2023-08-06 06:00:00,so2,PIIANN,1.3333333,2.5935652
2025-09-05 07:00:00,so2,PIIANN,7.85,8.860666
2024-10-12 00:00:00,so2,PIIANN,0.09999968,7.463879
2025-08-02 13:00:00,so2,PIIANN,6.22,8.604602
2025-03-11 22:00:00,so2,PIIANN,11.73,9.759519
2025-07-12 19:00:00,so2,PIIANN,17.7,12.665534
2025-07-07 19:00:00,so2,PIIANN,2.2,4.74641
2025-02-09 02:00:00,so2,PIIANN,9.32,7.8804436
2023-10-12 11:00:00,so2,PIIANN,8.25,10.111127
2023-09-02 13:00:00,so2,PIIANN,14.75,19.605936
2024-10-08 18:00:00,so2,PIIANN,14.55,8.893824
2023-01-05 06:00:00,so2,PIIANN,4.3,4.5201993
2024-02-05 04:00:00,so2,PIIANN,7.65,8.238246
2025-02-10 13:00:00,so2,PIIANN,9.77,9.323078
2023-08-08 22:00:00,so2,PIIANN,7.925,7.888618
2025-05-10 21:00:00,so2,PIIANN,8.9,8.563455
2024-01-06 05:00:00,so2,PIIANN,5.4,7.0486145
2024-11-02 14:00:00,so2,PIIANN,9.841666,11.296663
2024-09-01 19:00:00,so2,PIIANN,9.3,8.930776
2025-01-01 21:00:00,so2,PIIANN,20.42,14.737684
2024-11-05 09:00:00,so2,PIIANN,9.45,10.156142
2025-11-05 07:00:00,so2,PIIANN,10.9,11.3572235
2024-02-07 19:00:00,so2,PIIANN,9.6,8.164779
2024-05-01 21:00:00,so2,PIIANN,11.28,10.428974
2023-01-05 05:00:00,so2,PIIANN,4.25,3.8143065
2024-02-03 03:00:00,so2,PIIANN,11.02,10.739593
2023-04-12 09:00:00,so2,PIIANN,3.05,7.6388364
2023-07-10 15:00:00,so2,PIIANN,7.725,9.022947
2023-08-11 20:00:00,so2,PIIANN,22.625002,15.511903
2024-04-08 04:00:00,so2,PIIANN,13.02,11.37725
2025-02-09 01:00:00,so2,PIIANN,8.7,7.7404222
2025-07-11 23:00:00,so2,PIIANN,9.12,9.684845
2025-02-03 22:00:00,so2,PIIANN,8.02,6.7713127
2025-12-11 19:00:00,so2,PIIANN,9.07,8.70426
2023-07-10 00:00:00,so2,PIIANN,7.5,7.4423685
2025-10-05 19:00:00,so2,PIIANN,8.52,8.099629
2024-09-02 06:00:00,so2,PIIANN,10.57,10.708304
2023-02-09 16:00:00,so2,PIIANN,7.625,5.4912887
2023-07-07 03:00:00,so2,PIIANN,7.5,4.4788847
2024-12-11 23:00:00,so2,PIIANN,8.12,6.7525873
2025-03-07 05:00:00,so2,PIIANN,8.25,8.7523155
2024-04-09 04:00:00,so2,PIIANN,1.9999993,5.2298074
2023-12-04 21:00:00,so2,PIIANN,17.55,11.214659
2025-03-02 00:00:00,so2,PIIANN,9.6,7.1783752
2024-01-02 20:00:00,so2,PIIANN,13.22,22.281475
2023-02-03 14:00:00,so2,PIIANN,22.225,23.857557
2023-03-05 21:00:00,so2,PIIANN,9.525,4.638435
2025-10-11 14:00:00,so2,PIIANN,12.08,10.528143
2024-03-03 12:00:00,so2,PIIANN,9.45,11.185615
2024-01-02 16:00:00,so2,PIIANN,6.38,8.543989
2024-12-10 23:00:00,so2,PIIANN,21.89,30.356518
2024-06-10 21:00:00,so2,PIIANN,0.09999968,3.420376
2025-01-10 00:00:00,so2,PIIANN,8.83,7.6452346
2024-10-10 03:00:00,so2,PIIANN,4.45,6.409802
2023-03-03 06:00:00,so2,PIIANN,9.633333,10.408062
2024-10-01 19:00:00,so2,PIIANN,10.03,8.852432
2023-02-07 12:00:00,so2,PIIANN,8.25,5.1973825
2024-10-09 15:00:00,so2,PIIANN,5.3,6.2517023
2024-01-03 23:00:00,so2,PIIANN,10.6,10.794757
2025-06-02 04:00:00,so2,PIIANN,24.8,19.49967
2025-05-05 12:00:00,so2,PIIANN,13.3,9.8390665
2023-03-02 22:00:00,so2,PIIANN,13.55,11.944916
2024-01-08 08:00:00,so2,PIIANN,10.6,12.056464
2024-10-08 03:00:00,so2,PIIANN,4.28,5.529066
2023-04-05 13:00:00,so2,PIIANN,3.8749998,4.7953615
2023-05-11 18:00:00,so2,PIIANN,33.4,23.839865
2025-07-05 06:00:00,so2,PIIANN,9.4,10.099264
2025-09-06 07:00:00,so2,PIIANN,10.1,8.643368
2024-07-07 13:00:00,so2,PIIANN,8.85,7.226588
2023-01-05 09:00:00,so2,PIIANN,2.95,5.4324884
2025-12-11 22:00:00,so2,PIIANN,9.43,8.814865
2025-08-10 22:00:00,so2,PIIANN,7.88,8.111507
2024-09-09 10:00:00,so2,PIIANN,6.68,6.4636393
2023-12-04 18:00:00,so2,PIIANN,12.125,6.953783
2024-03-10 07:00:00,so2,PIIANN,5.7,8.011265
2024-07-08 02:00:00,so2,PIIANN,4.45,7.7578826
2024-07-12 12:00:00,so2,PIIANN,5.2200003,7.273002
2024-02-10 08:00:00,so2,PIIANN,3.5199997,5.0569735
2024-10-02 16:00:00,so2,PIIANN,10.62,11.667486
2023-09-04 07:00:00,so2,PIIANN,11.6,15.15718
2024-11-12 08:00:00,so2,PIIANN,2.5999997,9.169806
2023-11-11 15:00:00,so2,PIIANN,8.25,12.166891
2023-11-10 22:00:00,so2,PIIANN,7.725,8.687044
2023-11-07 00:00:00,so2,PIIANN,7.675,2.1214793
2024-12-01 18:00:00,so2,PIIANN,10.92,10.000712
2024-05-06 10:00:00,so2,PIIANN,7.48,6.6850677
2023-02-10 17:00:00,so2,PIIANN,8.25,8.616563
2024-09-05 02:00:00,so2,PIIANN,9.15,9.552265
2023-09-02 00:00:00,so2,PIIANN,11.875,13.878646
2025-04-03 23:00:00,so2,PIIANN,5.38,7.3979692
2024-07-01 17:00:00,so2,PIIANN,9.78,11.098162
2025-08-04 07:00:00,so2,PIIANN,10.5,8.874126
2023-06-11 02:00:00,so2,PIIANN,21.175,9.864473
2025-03-10 15:00:00,so2,PIIANN,7.98,7.843305
2024-06-09 22:00:00,so2,PIIANN,4.12,5.5120025
2025-05-02 16:00:00,so2,PIIANN,7.75,10.80918
2023-01-12 04:00:00,so2,PIIANN,2.8999999,4.898889
2025-11-02 05:00:00,so2,PIIANN,7.1,8.666415
2025-12-12 22:00:00,so2,PIIANN,12.2,7.125173
2023-06-05 17:00:00,so2,PIIANN,3.2749999,3.0700023
2023-02-02 06:00:00,so2,PIIANN,10.6,10.853448
2024-08-02 21:00:00,so2,PIIANN,10.12,10.687561
2023-07-02 18:00:00,so2,PIIANN,16.15,12.967024
2023-07-08 21:00:00,so2,PIIANN,7.5,8.013721
2023-08-08 12:00:00,so2,PIIANN,7.525,7.735668
2023-12-01 17:00:00,so2,PIIANN,14.275,19.538704
2023-10-01 12:00:00,so2,PIIANN,14.4,27.06461
2025-03-09 10:00:00,so2,PIIANN,8.25,8.463288
2023-03-02 07:00:00,so2,PIIANN,9.7,8.207933
2023-03-06 23:00:00,so2,PIIANN,0.84999967,2.0276783
2025-04-07 12:00:00,so2,PIIANN,10.05,8.313492
2023-11-11 09:00:00,so2,PIIANN,2.2666662,7.1764684
2024-06-04 16:00:00,so2,PIIANN,8.25,9.410581
2025-12-03 22:00:00,so2,PIIANN,7.28,2.4013078
2025-10-11 04:00:00,so2,PIIANN,10.12,9.460351
2025-01-08 05:00:00,so2,PIIANN,8.57,8.582109
2024-01-08 01:00:00,so2,PIIANN,9.85,10.88559
2023-04-02 14:00:00,so2,PIIANN,14.0,16.194479
2023-04-02 01:00:00,so2,PIIANN,7.175,10.579392
2023-06-10 17:00:00,so2,PIIANN,6.825,8.033618
2025-07-10 04:00:00,so2,PIIANN,10.1,8.999627
2023-02-07 02:00:00,so2,PIIANN,1.1780002,1.3882449
2024-12-07 22:00:00,so2,PIIANN,8.88,7.341659
2024-01-13 01:00:00,so2,PIIANN,8.109278,8.291481
2023-06-09 01:00:00,so2,PIIANN,7.65,4.4463477
2024-11-05 08:00:00,so2,PIIANN,9.32,10.580075
2024-05-08 15:00:00,so2,PIIANN,8.25,11.081467
2025-08-08 18:00:00,so2,PIIANN,10.08,8.909873
2023-08-12 17:00:00,so2,PIIANN,4.4666667,4.5994806
2025-11-06 21:00:00,so2,PIIANN,8.75,7.7316966
2024-03-06 03:00:00,so2,PIIANN,5.6500006,6.8133
2025-10-05 22:00:00,so2,PIIANN,4.67,7.6433716
2024-02-11 09:00:00,so2,PIIANN,9.05,8.731305
2023-01-10 04:00:00,so2,PIIANN,7.775,8.606736
2023-07-04 12:00:00,so2,PIIANN,3.7749999,4.6347117
2025-03-01 08:00:00,so2,PIIANN,7.72,8.80451
2024-01-02 12:00:00,so2,PIIANN,6.78,9.359168
2024-10-06 12:00:00,so2,PIIANN,8.05,8.123083
2024-12-03 04:00:00,so2,PIIANN,10.15,11.669184
2023-05-03 21:00:00,so2,PIIANN,9.875,12.895618
2023-01-12 19:00:00,so2,PIIANN,1.4999998,4.9620433
2024-02-02 17:00:00,so2,PIIANN,15.5,15.152183
2025-12-11 00:00:00,so2,PIIANN,10.35,9.30207
2024-07-06 00:00:00,so2,PIIANN,9.67,10.806382
2023-09-02 16:00:00,so2,PIIANN,8.075,10.075217
2023-08-08 01:00:00,so2,PIIANN,7.95,6.293361
2024-07-12 03:00:00,so2,PIIANN,5.2000003,6.6501465
2025-11-03 14:00:00,so2,PIIANN,9.02,8.472062
2024-04-05 15:00:00,so2,PIIANN,8.7725,8.115015
2024-05-07 21:00:00,so2,PIIANN,8.8,7.53925
2023-04-07 03:00:00,so2,PIIANN,8.25,4.2076926
2025-03-12 09:00:00,so2,PIIANN,5.2000003,10.141551
2025-06-05 01:00:00,so2,PIIANN,9.0,9.266301
2023-04-12 15:00:00,so2,PIIANN,1.9999993,6.4106736
2025-05-12 16:00:00,so2,PIIANN,16.77,11.443701
2025-12-10 03:00:00,so2,PIIANN,11.05,9.482954
2023-10-07 09:00:00,so2,PIIANN,7.9,10.429398
2023-11-10 18:00:00,so2,PIIANN,7.75,8.372992
2023-03-04 15:00:00,so2,PIIANN,2.0750005,2.8580396
2023-12-11 06:00:00,so2,PIIANN,23.4,16.339315
2024-04-11 08:00:00,so2,PIIANN,6.7,7.614881
2025-12-08 15:00:00,so2,PIIANN,9.17,8.597996
2024-09-05 14:00:00,so2,PIIANN,9.35,9.117517
2024-06-11 12:00:00,so2,PIIANN,6.6,8.515662
2024-09-10 05:00:00,so2,PIIANN,4.7,5.3273363
2023-09-06 08:00:00,so2,PIIANN,1.4249995,3.3064153
2025-10-06 02:00:00,so2,PIIANN,9.05,8.539753
2023-08-12 20:00:00,so2,PIIANN,1.9999993,5.8109274
2024-05-08 07:00:00,so2,PIIANN,19.75,14.919421
2023-05-12 17:00:00,so2,PIIANN,26.0,23.435408
2024-04-10 15:00:00,so2,PIIANN,4.82,6.962092
2023-08-05 05:00:00,so2,PIIANN,7.325,4.3168473
2024-12-10 18:00:00,so2,PIIANN,70.9,28.170927
2024-04-05 03:00:00,so2,PIIANN,6.45,7.9952354
2023-10-11 13:00:00,so2,PIIANN,11.975,13.098196
2023-04-09 06:00:00,so2,PIIANN,8.533334,8.517324
2025-04-03 01:00:00,so2,PIIANN,10.45,9.013436
2025-06-12 14:00:00,so2,PIIANN,8.23,10.675931
2023-08-12 22:00:00,so2,PIIANN,16.5,5.82682
2024-10-06 16:00:00,so2,PIIANN,8.82,7.003345
2024-09-05 01:00:00,so2,PIIANN,9.6,9.346544
2025-12-12 09:00:00,so2,PIIANN,7.28,10.414945
2024-11-04 05:00:00,so2,PIIANN,10.32,10.972427
2025-12-10 06:00:00,so2,PIIANN,10.8,10.274516
2025-06-03 20:00:00,so2,PIIANN,6.88,8.081417
2024-02-08 16:00:00,so2,PIIANN,11.38,10.033016
2025-02-06 04:00:00,so2,PIIANN,6.5,8.26775
2023-10-02 15:00:00,so2,PIIANN,11.325,14.202561
2023-07-07 05:00:00,so2,PIIANN,8.35,4.748925
2024-12-04 18:00:00,so2,PIIANN,9.72,6.8248334
2025-10-05 20:00:00,so2,PIIANN,11.38,6.8624926
2023-10-06 10:00:00,so2,PIIANN,2.4749997,2.8027742
2024-02-05 14:00:00,co,PIIANN,1.02,0.85116684
2023-01-01 12:00:00,co,PIIANN,2.525,2.3989139
2023-09-05 02:00:00,co,PIIANN,0.3075,0.2707976
2024-07-04 22:00:00,co,PIIANN,1.04,1.0062453
2023-06-06 19:00:00,co,PIIANN,0.565,0.56127214
2025-02-12 04:00:00,co,PIIANN,0.59,0.60627925
2023-11-12 05:00:00,co,PIIANN,1.025,0.7612899
2025-03-02 04:00:00,co,PIIANN,0.94,0.8010579
2025-10-10 03:00:00,co,PIIANN,0.66,0.7795282
2024-05-04 03:00:00,co,PIIANN,0.91,1.1075536
2025-04-02 01:00:00,co,PIIANN,0.92,0.63977367
2025-02-03 13:00:00,co,PIIANN,0.39999998,0.73706234
2023-08-06 18:00:00,co,PIIANN,0.6525,0.6624088
2025-12-07 16:00:00,co,PIIANN,0.63,0.6522527
2024-12-09 23:00:00,co,PIIANN,0.88,0.95938444
2025-08-11 20:00:00,co,PIIANN,0.64,0.7846544
2023-10-04 21:00:00,co,PIIANN,1.4375,0.5495551
2024-07-13 02:00:00,co,PIIANN,0.59143454,0.61514693
2023-06-03 20:00:00,co,PIIANN,0.9425,0.97066444
2023-04-11 20:00:00,co,PIIANN,0.40249997,0.7580501
2025-11-09 00:00:00,co,PIIANN,0.6709091,0.6416589
2023-08-02 01:00:00,co,PIIANN,0.685,1.5772822
2025-09-07 10:00:00,co,PIIANN,0.5,0.64915437
2024-01-03 13:00:00,co,PIIANN,0.43,0.6205154
2024-09-06 10:00:00,co,PIIANN,0.88,0.8128701
2025-03-10 13:00:00,co,PIIANN,0.68,0.67962414
2025-07-12 15:00:00,co,PIIANN,0.65,0.72552687
2023-05-07 21:00:00,co,PIIANN,2.3275,2.5083404
2025-05-08 07:00:00,co,PIIANN,0.55,0.93992794
2023-05-08 07:00:00,co,PIIANN,2.485,2.935048
2023-03-08 17:00:00,co,PIIANN,2.3175,2.4107318
2025-05-11 17:00:00,co,PIIANN,0.69,0.7599859
2023-07-11 11:00:00,co,PIIANN,0.015555629,0.21545185
2025-09-11 09:00:00,co,PIIANN,0.68,0.6926607
2023-08-10 04:00:00,co,PIIANN,2.275,2.3028517
2023-12-10 22:00:00,co,PIIANN,2.3125,2.1438684
2024-06-05 03:00:00,co,PIIANN,0.96,0.8878642
2023-05-06 09:00:00,co,PIIANN,0.72,0.6183755
2025-10-05 05:00:00,co,PIIANN,1.02,0.5538909
2025-11-04 04:00:00,co,PIIANN,0.58,0.53337175
2025-06-02 08:00:00,co,PIIANN,0.33999997,0.617828
2023-06-11 22:00:00,co,PIIANN,0.5275,0.6971702
2024-09-12 12:00:00,co,PIIANN,0.57,0.7075219
2023-12-02 20:00:00,co,PIIANN,0.7275,0.84938556
2025-10-02 20:00:00,co,PIIANN,0.15000005,0.7102658
2025-09-02 19:00:00,co,PIIANN,0.40999997,0.44777495
2025-03-07 23:00:00,co,PIIANN,0.67,0.66365874
2024-11-03 09:00:00,co,PIIANN,0.88,0.72011095
2025-11-11 15:00:00,co,PIIANN,0.64,0.7001983
2025-12-04 01:00:00,co,PIIANN,0.6,0.5599019
2023-07-11 00:00:00,co,PIIANN,0.17999996,2.2600884
2023-07-10 18:00:00,co,PIIANN,2.385,2.2752678
2024-03-02 02:00:00,co,PIIANN,0.72,0.69514257
2025-10-09 15:00:00,co,PIIANN,3.68,0.6711617
2023-05-01 10:00:00,co,PIIANN,3.0475,2.4400213
2024-02-13 00:00:00,co,PIIANN,0.6075566,0.6127839
2023-01-05 20:00:00,co,PIIANN,0.33999997,0.45710856
2024-03-01 22:00:00,co,PIIANN,0.72,0.69982153
2023-12-09 21:00:00,co,PIIANN,2.33,2.599977
2023-10-06 23:00:00,co,PIIANN,0.5375,0.71019953
2024-09-07 05:00:00,co,PIIANN,0.7,0.84646004
2023-09-09 03:00:00,co,PIIANN,2.4225,2.1891513
2025-01-02 07:00:00,co,PIIANN,0.5,1.136757
2025-08-09 08:00:00,co,PIIANN,0.79,0.6594604
2024-10-03 05:00:00,co,PIIANN,0.67,0.63714266
2023-02-05 10:00:00,co,PIIANN,0.385,0.38615662
2024-05-03 23:00:00,co,PIIANN,0.9,1.1233294
2024-08-11 05:00:00,co,PIIANN,0.77,0.683332
2025-06-06 08:00:00,co,PIIANN,0.66,0.6920288
2023-08-10 02:00:00,co,PIIANN,2.29,2.4706933
2025-01-06 19:00:00,co,PIIANN,0.67,0.65129226
2023-07-04 00:00:00,co,PIIANN,0.33749998,0.4698567
2024-12-02 14:00:00,co,PIIANN,0.42666668,0.6505303
2023-12-11 16:00:00,co,PIIANN,0.76,0.58875775
2025-07-03 10:00:00,co,PIIANN,0.62,0.5346016
2025-02-07 14:00:00,co,PIIANN,0.65,0.71939003
2023-07-05 04:00:00,co,PIIANN,0.13999994,0.56839144
2025-08-06 07:00:00,co,PIIANN,0.66,0.7043136
2025-03-11 01:00:00,co,PIIANN,0.8,0.59554756
2024-01-06 21:00:00,co,PIIANN,0.89,0.88784665
2023-07-07 13:00:00,co,PIIANN,2.435,2.372416
2025-01-12 23:00:00,co,PIIANN,0.8,0.66297525
2024-07-09 12:00:00,co,PIIANN,0.88,0.84333456
2025-11-10 17:00:00,co,PIIANN,0.68,0.8728364
2024-10-10 07:00:00,co,PIIANN,0.62,0.6930251
2024-05-10 08:00:00,co,PIIANN,0.72,0.6248254
2025-10-03 19:00:00,co,PIIANN,0.61,0.5555126
2024-02-05 00:00:00,co,PIIANN,1.17,0.92346925
2023-11-04 12:00:00,co,PIIANN,0.5625,0.54472125
2024-12-01 16:00:00,co,PIIANN,0.72,0.6072847
2024-04-01 14:00:00,co,PIIANN,0.72,0.68118805
2023-03-06 03:00:00,co,PIIANN,1.3275,1.1523561
2025-07-01 16:00:00,co,PIIANN,0.56,0.9274527
2023-03-11 19:00:00,co,PIIANN,0.3075,0.787743
2024-04-04 08:00:00,co,PIIANN,1.23,1.1979963
2023-07-05 05:00:00,co,PIIANN,0.34499997,0.7014634
2025-01-06 22:00:00,co,PIIANN,0.73,0.7102984
2025-04-05 13:00:00,co,PIIANN,0.42333335,0.60916
2024-07-10 12:00:00,co,PIIANN,0.37,0.5809612
2025-10-06 14:00:00,co,PIIANN,0.76,0.68100643
2025-11-02 09:00:00,co,PIIANN,0.39,0.8484921
2025-04-06 12:00:00,co,PIIANN,0.89,0.97568244
2024-06-06 04:00:00,co,PIIANN,0.84,0.8654207
2023-03-02 03:00:00,co,PIIANN,0.59,1.0072012
2023-09-12 11:00:00,co,PIIANN,0.8525,0.85462636
2023-09-12 16:00:00,co,PIIANN,0.77,0.7492212
2025-06-06 05:00:00,co,PIIANN,0.66,0.7318222
2024-06-10 13:00:00,co,PIIANN,0.62,0.6762319
2023-09-09 02:00:00,co,PIIANN,2.43,2.255307
2023-11-03 00:00:00,co,PIIANN,0.6175,0.5472681
2025-01-03 13:00:00,co,PIIANN,0.78,0.90990293
2024-10-06 18:00:00,co,PIIANN,1.0,0.8604504
2024-12-03 14:00:00,co,PIIANN,0.64,0.6082844
2023-03-08 20:00:00,co,PIIANN,2.2725,2.4559047
2025-12-01 21:00:00,co,PIIANN,0.51,0.43028176
2025-09-03 21:00:00,co,PIIANN,0.62,0.44722843
2023-06-05 16:00:00,co,PIIANN,0.27999997,0.22855069
2025-10-05 17:00:00,co,PIIANN,0.18666662,0.5704631
2023-05-05 21:00:00,co,PIIANN,0.5225,0.5117315
2023-11-12 11:00:00,co,PIIANN,0.7425,0.70946276
2025-09-06 05:00:00,co,PIIANN,0.66,0.6574692
2025-09-05 19:00:00,co,PIIANN,0.89,1.1513841
2023-07-02 02:00:00,co,PIIANN,0.6725,1.1756477
2024-02-06 12:00:00,co,PIIANN,1.02,0.94442517
2024-05-07 11:00:00,co,PIIANN,0.96,0.68410295
2023-11-10 20:00:00,co,PIIANN,2.5574996,2.400726
2024-09-11 01:00:00,co,PIIANN,0.27999997,0.7287051
2025-05-13 00:00:00,co,PIIANN,0.6398468,0.67948204
2023-09-12 02:00:00,co,PIIANN,0.7575,0.7492623
2023-06-09 14:00:00,co,PIIANN,2.6799998,2.366081
2025-10-08 19:00:00,co,PIIANN,0.71,0.71142745
2023-06-06 23:00:00,co,PIIANN,0.7775,0.6724128
2025-06-08 15:00:00,co,PIIANN,0.63,0.6700314
2024-12-04 03:00:00,co,PIIANN,1.31,1.0231814
2025-10-03 07:00:00,co,PIIANN,0.65,0.48223147
2025-04-12 18:00:00,co,PIIANN,0.76,0.92360693
2024-06-02 23:00:00,co,PIIANN,1.32,1.3300456
2024-04-03 12:00:00,co,PIIANN,0.68,0.5911808
2025-07-11 03:00:00,co,PIIANN,0.54,0.72731453
2023-03-09 20:00:00,co,PIIANN,2.745,3.0803256
2023-03-09 11:00:00,co,PIIANN,2.295,2.4242373
2025-05-13 02:00:00,co,PIIANN,0.6395405,0.6708073
2025-03-12 14:00:00,co,PIIANN,0.66,0.6284857
2023-12-03 23:00:00,co,PIIANN,1.05,0.965233
2024-12-06 11:00:00,co,PIIANN,0.9,0.9775034
2025-11-04 19:00:00,co,PIIANN,0.61,0.58921283
2023-08-08 10:00:00,co,PIIANN,2.33,2.209677
2023-06-02 12:00:00,co,PIIANN,0.8025,0.7013063
2025-09-03 15:00:00,co,PIIANN,0.15000005,0.3612827
2023-03-05 11:00:00,co,PIIANN,0.2025,0.30278957
2023-02-09 01:00:00,co,PIIANN,2.31,2.3859265
2024-05-07 19:00:00,co,PIIANN,1.05,0.9492659
2024-09-03 15:00:00,co,PIIANN,0.8,0.7059236
2023-02-04 08:00:00,co,PIIANN,0.72,0.6229463
2023-10-03 21:00:00,co,PIIANN,0.685,0.8392903
2025-03-04 13:00:00,co,PIIANN,0.32,0.4534359
2024-01-06 07:00:00,co,PIIANN,1.02,0.8370973
2023-12-08 22:00:00,co,PIIANN,2.28,2.3447456
2025-08-04 00:00:00,co,PIIANN,0.47,0.62841713
2024-02-03 19:00:00,co,PIIANN,1.6500001,1.1208291
2025-06-09 04:00:00,co,PIIANN,0.63,0.5976764
2023-12-06 00:00:00,co,PIIANN,0.7125,0.49687782
2025-08-03 05:00:00,co,PIIANN,8.306458e-09,0.23394991
2025-08-03 19:00:00,co,PIIANN,0.67,0.58940274
2023-03-02 08:00:00,co,PIIANN,0.7675,0.8477312
2024-05-11 17:00:00,co,PIIANN,0.67,0.69046247
2025-04-08 18:00:00,co,PIIANN,0.67,0.93895394
2023-07-03 19:00:00,co,PIIANN,0.7275,0.75574464
2025-11-12 21:00:00,co,PIIANN,0.66,0.7011232
2023-05-11 02:00:00,co,PIIANN,0.265,0.8709449
2024-04-08 19:00:00,co,PIIANN,0.9,0.96143246
2025-08-06 13:00:00,co,PIIANN,0.67,0.6889535
2023-02-04 02:00:00,co,PIIANN,0.29499996,0.7289056
2023-05-07 22:00:00,co,PIIANN,2.37,2.576718
2023-03-12 15:00:00,co,PIIANN,0.72,0.62404555
2025-02-05 16:00:00,co,PIIANN,0.8,0.8326966
2023-09-07 04:00:00,co,PIIANN,2.32,2.1741903
2023-06-01 13:00:00,co,PIIANN,2.75,2.259835
2025-02-08 01:00:00,co,PIIANN,0.65,0.6132254
2023-07-02 21:00:00,co,PIIANN,0.81,0.78108895
2024-02-06 23:00:00,co,PIIANN,1.01,0.98047817
2024-10-07 14:00:00,co,PIIANN,0.93,0.8016142
2023-08-07 02:00:00,co,PIIANN,2.2925,1.9205639
2023-11-02 21:00:00,co,PIIANN,0.64,0.660259
2023-01-10 10:00:00,co,PIIANN,2.3125,2.4010985
2025-08-13 01:00:00,co,PIIANN,0.6695186,0.7420682
2023-06-02 14:00:00,co,PIIANN,0.7225,0.6755334
2023-11-09 12:00:00,co,PIIANN,2.32,2.180921
2024-04-04 00:00:00,co,PIIANN,0.92,0.89663637
2023-02-01 17:00:00,co,PIIANN,3.3825,2.617083
2024-11-11 08:00:00,co,PIIANN,0.79,0.75887483
2025-11-12 07:00:00,co,PIIANN,0.92,0.7869229
2025-02-10 09:00:00,co,PIIANN,0.57,1.2682035
2023-04-02 05:00:00,co,PIIANN,0.6975,0.81861573
2023-01-05 19:00:00,co,PIIANN,0.31,0.41007078
2025-06-09 05:00:00,co,PIIANN,0.64,0.6137612
2023-08-02 12:00:00,co,PIIANN,0.71,0.7767635
2023-07-06 17:00:00,co,PIIANN,0.5525,0.65711915
2023-06-05 22:00:00,co,PIIANN,0.34499997,0.8235939
2025-09-05 01:00:00,co,PIIANN,8.306458e-09,0.6843602
2025-11-12 06:00:00,co,PIIANN,1.06,0.6568045
2024-06-11 23:00:00,co,PIIANN,0.83,0.75694454
2024-04-11 05:00:00,co,PIIANN,0.66,0.72434247
2024-04-06 08:00:00,co,PIIANN,1.08,0.9378207
2023-06-10 19:00:00,co,PIIANN,2.2575,2.1268144
2024-03-06 21:00:00,co,PIIANN,0.98,0.9319579
2023-07-12 13:00:00,co,PIIANN,0.9325,0.976007
2024-05-03 13:00:00,co,PIIANN,0.44,0.6370358
2024-05-11 09:00:00,co,PIIANN,0.96,0.80522186
2023-12-04 13:00:00,co,PIIANN,0.4925,0.55653536
2023-02-09 04:00:00,co,PIIANN,2.33,2.1782367
2025-06-12 11:00:00,co,PIIANN,0.5,0.7398357
2025-12-03 04:00:00,co,PIIANN,0.36,0.39511585
2024-11-02 17:00:00,co,PIIANN,0.72,0.26876378
2023-07-07 04:00:00,co,PIIANN,2.2875,2.2720587
2023-06-02 06:00:00,co,PIIANN,0.81333333,0.82409775
2024-06-04 05:00:00,co,PIIANN,0.97,1.0556971
2024-01-03 06:00:00,co,PIIANN,0.69,0.79486984
2024-11-02 01:00:00,co,PIIANN,1.08,0.6635533
2023-01-10 03:00:00,co,PIIANN,2.33,2.1549459
2025-03-12 07:00:00,co,PIIANN,0.72,0.6233896
2024-09-11 23:00:00,co,PIIANN,0.45,0.5560198
2025-06-03 12:00:00,co,PIIANN,0.46000004,0.48572177
2023-11-10 01:00:00,co,PIIANN,2.755,2.3101783
2024-04-05 02:00:00,co,PIIANN,1.15,1.2272822
2024-06-09 09:00:00,co,PIIANN,0.9,0.94004357
2024-09-04 12:00:00,co,PIIANN,0.78,0.8524672
2024-12-07 20:00:00,co,PIIANN,0.96,0.89496434
2023-05-03 15:00:00,co,PIIANN,0.32,0.45489335
2023-11-12 15:00:00,co,PIIANN,0.48,0.54128164
2023-04-07 10:00:00,co,PIIANN,8.306458e-09,0.29080486
2025-07-10 18:00:00,co,PIIANN,0.59,0.6798768
2023-01-11 21:00:00,co,PIIANN,0.23250003,0.42760384
2024-12-07 02:00:00,co,PIIANN,0.57,0.83869296
2023-11-11 14:00:00,co,PIIANN,0.55,0.43561286
2025-10-09 06:00:00,co,PIIANN,0.65,0.64631414
2023-12-08 15:00:00,co,PIIANN,2.3375,2.3255086
2025-08-08 12:00:00,co,PIIANN,0.62,0.7702449
2025-05-07 10:00:00,co,PIIANN,0.8,0.7088653
2024-03-11 23:00:00,co,PIIANN,0.64,0.85829914
2023-10-04 19:00:00,co,PIIANN,0.495,0.34852427
2025-01-05 14:00:00,co,PIIANN,0.46000004,1.1222446
2023-12-06 13:00:00,co,PIIANN,0.33249998,0.47926372
2025-05-01 13:00:00,co,PIIANN,0.57,0.52676064
2024-04-05 05:00:00,co,PIIANN,1.22,1.1743026
2025-03-12 16:00:00,co,PIIANN,0.58,0.64726585
2025-12-10 09:00:00,co,PIIANN,0.64,0.6531341
2024-01-04 01:00:00,co,PIIANN,0.69272727,0.72588354
2024-05-02 08:00:00,co,PIIANN,0.88,0.7794027
2023-02-11 15:00:00,co,PIIANN,0.014999994,0.38906598
2024-07-02 04:00:00,co,PIIANN,0.76,0.6123178
2023-10-09 04:00:00,co,PIIANN,2.4375,2.153926
2023-11-08 17:00:00,co,PIIANN,2.3275,2.4464526
2025-11-05 14:00:00,co,PIIANN,1.06,0.9244215
2024-07-05 06:00:00,co,PIIANN,0.95,0.76529175
2025-04-12 08:00:00,co,PIIANN,0.63,0.8870298
2023-08-01 12:00:00,co,PIIANN,3.345,2.3877294
2024-01-06 06:00:00,co,PIIANN,1.0,0.8502839
2023-06-09 13:00:00,co,PIIANN,2.4899998,2.2061217
2023-04-09 07:00:00,co,PIIANN,2.4999998,2.6730363
2024-06-04 20:00:00,co,PIIANN,1.23,1.1234134
2023-08-11 09:00:00,co,PIIANN,0.10000003,0.31991416
2024-04-10 11:00:00,co,PIIANN,0.75,0.63790923
2023-10-08 01:00:00,co,PIIANN,2.2875,2.4358807
2023-07-01 23:00:00,co,PIIANN,3.5925,2.7923882
2023-11-11 19:00:00,co,PIIANN,0.3035714,0.4044612
2025-09-04 22:00:00,co,PIIANN,0.94,0.71743447
2024-07-08 03:00:00,co,PIIANN,0.89,0.7458259
2025-02-12 21:00:00,co,PIIANN,0.67,0.7092338
2025-07-05 11:00:00,co,PIIANN,0.77,0.55622685
2023-09-03 15:00:00,co,PIIANN,0.36,0.45281193
2025-04-03 21:00:00,co,PIIANN,1.21,0.93957335
2025-05-10 22:00:00,co,PIIANN,0.72,0.6761795
2025-03-13 01:00:00,co,PIIANN,0.68960613,0.65296173
2024-06-12 05:00:00,co,PIIANN,0.48,0.54425097
2023-09-04 17:00:00,co,PIIANN,0.3175,0.35542274
2025-05-02 08:00:00,co,PIIANN,0.40999997,0.5716579
2025-10-12 06:00:00,co,PIIANN,1.26,1.058216
2025-02-11 21:00:00,co,PIIANN,0.62,0.67637867
2025-08-11 14:00:00,co,PIIANN,1.43,0.817429
2025-02-08 20:00:00,co,PIIANN,0.57,0.7020069
2025-08-09 22:00:00,co,PIIANN,0.58,0.6673573
2024-02-03 22:00:00,co,PIIANN,1.19,1.173155
2023-03-04 19:00:00,co,PIIANN,0.23250003,0.29166532
2025-01-08 23:00:00,co,PIIANN,0.65,0.613925
2024-05-10 02:00:00,co,PIIANN,0.67,0.76668704
2024-09-04 15:00:00,co,PIIANN,0.72,0.7574755
2024-10-02 07:00:00,co,PIIANN,0.32,0.74211466
2024-06-05 20:00:00,co,PIIANN,1.0,0.74340546
2024-06-09 18:00:00,co,PIIANN,1.02,0.94708574
2023-03-08 07:00:00,co,PIIANN,2.29,2.2046702
2025-01-01 12:00:00,co,PIIANN,0.55,0.563549
2024-02-02 01:00:00,co,PIIANN,1.39,1.0849873
2024-03-07 17:00:00,co,PIIANN,0.91,0.85353035
2023-12-08 02:00:00,co,PIIANN,2.265,2.7159271
2024-03-09 17:00:00,co,PIIANN,0.73,0.88958824
2024-04-08 08:00:00,co,PIIANN,0.8,0.8908071
2023-04-05 00:00:00,co,PIIANN,0.7425,0.4588015
2024-08-08 15:00:00,co,PIIANN,0.84,0.92895496
2023-07-09 13:00:00,co,PIIANN,2.7775,2.3194306
2024-08-13 02:00:00,co,PIIANN,0.6224948,0.6186989
2023-12-11 19:00:00,co,PIIANN,3.0,1.8168786
2023-08-07 15:00:00,co,PIIANN,2.445,2.447289
2025-05-10 11:00:00,co,PIIANN,0.74,0.6267296
2025-07-08 06:00:00,co,PIIANN,0.68,0.85566777
2024-02-08 12:00:00,co,PIIANN,0.78,0.7518729
2023-05-03 12:00:00,co,PIIANN,0.375,0.42043453
2025-02-11 06:00:00,co,PIIANN,0.66,0.62788993
2025-09-09 21:00:00,co,PIIANN,0.64,0.7089278
2025-01-07 07:00:00,co,PIIANN,5.11,0.582821
2025-02-08 10:00:00,co,PIIANN,0.76,0.7202318
2023-06-08 05:00:00,co,PIIANN,2.305,2.0844631
2023-03-08 14:00:00,co,PIIANN,2.7975,2.3551707
2025-02-08 23:00:00,co,PIIANN,0.66,0.6141522
2025-03-01 14:00:00,co,PIIANN,0.57,0.74645436
2025-02-06 05:00:00,co,PIIANN,0.66,0.574813
2025-07-11 19:00:00,co,PIIANN,0.66,0.7475565
2024-05-05 00:00:00,co,PIIANN,0.96,1.2077194
2024-12-07 01:00:00,co,PIIANN,0.88,0.8830274
2023-02-09 21:00:00,co,PIIANN,2.3175,1.8862839
2025-08-06 06:00:00,co,PIIANN,0.66,0.71319234
2024-12-10 16:00:00,co,PIIANN,0.40999997,0.5363053
2024-03-07 14:00:00,co,PIIANN,0.83,0.91167223
2024-12-12 11:00:00,co,PIIANN,0.62,0.6043433
2023-04-05 06:00:00,co,PIIANN,0.57666665,0.44026202
2024-05-07 14:00:00,co,PIIANN,0.92,0.8992884
2025-09-12 21:00:00,co,PIIANN,0.66,0.7478227
2023-10-06 12:00:00,co,PIIANN,0.3025,0.5073944
2024-09-03 01:00:00,co,PIIANN,0.79,0.7796045
2023-12-03 02:00:00,co,PIIANN,0.9,0.82206327
2023-03-10 18:00:00,co,PIIANN,2.735,2.5237718
2025-07-08 23:00:00,co,PIIANN,0.68,0.7125165
2023-08-02 04:00:00,co,PIIANN,0.7125,0.7165752
2025-02-10 15:00:00,co,PIIANN,0.64,1.0363336
2023-11-10 06:00:00,co,PIIANN,3.06,2.2748163
2025-02-03 07:00:00,co,PIIANN,0.55,0.54857975
2024-01-09 11:00:00,co,PIIANN,0.94,0.79509866
2023-12-10 21:00:00,co,PIIANN,2.3025,2.223864
2024-05-11 13:00:00,co,PIIANN,0.63,0.82175493
2023-04-09 15:00:00,co,PIIANN,2.8799999,2.3574586
2025-08-05 09:00:00,co,PIIANN,8.306458e-09,0.68018776
2024-08-06 06:00:00,co,PIIANN,1.08,1.0493771
2023-08-01 08:00:00,co,PIIANN,3.4375,2.5050478
2024-03-12 17:00:00,co,PIIANN,0.85,0.6950197
2023-04-03 11:00:00,co,PIIANN,0.875,0.9813318
2023-11-10 13:00:00,co,PIIANN,2.2925,2.13252
2025-04-01 12:00:00,co,PIIANN,0.57,0.6853854
2023-07-06 14:00:00,co,PIIANN,0.55,0.54665774
2025-12-03 23:00:00,co,PIIANN,0.07999993,0.56036824
2025-01-07 16:00:00,co,PIIANN,0.64,0.7168077
2025-05-10 13:00:00,co,PIIANN,0.43,0.667291
2023-03-08 12:00:00,co,PIIANN,2.345,2.3214586
2024-04-10 03:00:00,co,PIIANN,0.69,0.56944615
2023-05-10 10:00:00,co,PIIANN,2.36,2.2887936
2025-03-12 17:00:00,co,PIIANN,0.66,0.61834204
2024-04-03 23:00:00,co,PIIANN,0.87,1.0216826
2025-03-04 12:00:00,co,PIIANN,0.33999997,0.48971102
2023-09-08 12:00:00,co,PIIANN,2.35,2.533497
2025-05-10 06:00:00,co,PIIANN,0.64,0.6243309
2025-08-03 01:00:00,co,PIIANN,8.306458e-09,0.32557446
2025-09-06 03:00:00,co,PIIANN,0.63,0.70977217
2024-01-05 20:00:00,co,PIIANN,1.26,1.1448015
2025-09-09 16:00:00,co,PIIANN,0.62,0.77422655
2023-03-08 15:00:00,co,PIIANN,2.3525,2.567612
2025-05-12 08:00:00,co,PIIANN,0.69,0.38936377
2025-07-10 23:00:00,co,PIIANN,0.65,0.742587
2025-04-02 06:00:00,co,PIIANN,1.23,0.75823075
2025-06-03 00:00:00,co,PIIANN,0.49,0.36466336
2025-10-02 04:00:00,co,PIIANN,0.31,0.31445557
2025-01-10 05:00:00,co,PIIANN,2.8,0.55387473
2025-03-04 23:00:00,co,PIIANN,0.98,0.7035691
2023-12-12 13:00:00,co,PIIANN,0.7,0.6876336
2023-01-05 01:00:00,co,PIIANN,0.4475,0.53443843
2025-10-09 04:00:00,co,PIIANN,0.64,0.633873
2023-03-12 01:00:00,co,PIIANN,0.71,0.73134345
2025-09-10 11:00:00,co,PIIANN,0.66,0.7127902
2024-03-07 16:00:00,co,PIIANN,0.92,0.8561476
2024-03-08 18:00:00,co,PIIANN,0.54,0.69270813
2023-06-03 11:00:00,co,PIIANN,0.64,0.6001282
2024-02-08 06:00:00,co,PIIANN,0.48,0.67233044
2025-10-05 12:00:00,co,PIIANN,0.37,1.0468903
2024-11-12 03:00:00,co,PIIANN,0.6,0.5715537
2024-05-06 12:00:00,co,PIIANN,0.93,0.88993454
2023-12-08 09:00:00,co,PIIANN,2.3625,2.7408834
2024-09-09 03:00:00,co,PIIANN,1.05,0.84938896
2024-07-10 13:00:00,co,PIIANN,0.33999997,0.5739909
2023-09-03 00:00:00,co,PIIANN,0.64,0.6155329
2024-08-03 12:00:00,co,PIIANN,0.55,0.5635034
2023-10-09 05:00:00,co,PIIANN,2.81,2.1495292
2023-11-10 23:00:00,co,PIIANN,2.45,2.2417798
2023-05-02 04:00:00,co,PIIANN,0.6225,0.816918
2023-08-06 20:00:00,co,PIIANN,0.48500004,0.6878174
2024-12-04 22:00:00,co,PIIANN,1.42,0.9421945
2023-05-07 13:00:00,co,PIIANN,2.3125,2.201684
2025-01-07 17:00:00,co,PIIANN,0.75,0.70781714
2025-08-02 21:00:00,co,PIIANN,0.38,0.39854175
2024-06-06 22:00:00,co,PIIANN,0.98,0.91593033
2025-02-05 23:00:00,co,PIIANN,1.8,0.6277214
2025-11-02 11:00:00,co,PIIANN,0.37,0.6008372
2023-06-07 13:00:00,co,PIIANN,2.295,1.9752051
2023-06-06 11:00:00,co,PIIANN,0.5025,1.0099527
2023-03-04 23:00:00,co,PIIANN,0.16000004,0.29325932
2023-11-05 10:00:00,co,PIIANN,0.66,0.43103033
2025-03-05 22:00:00,co,PIIANN,0.65,0.82636595
2023-10-04 07:00:00,co,PIIANN,0.76,0.59710395
2024-01-09 18:00:00,co,PIIANN,0.85,0.88635933
2023-11-03 22:00:00,co,PIIANN,0.94,1.066275
2023-03-12 05:00:00,co,PIIANN,0.615,0.6941084
2023-01-12 12:00:00,co,PIIANN,0.6825,0.745155
2024-11-03 20:00:00,co,PIIANN,1.26,1.0138203
2023-03-03 10:00:00,co,PIIANN,0.6925,0.8744068
2023-02-08 18:00:00,co,PIIANN,2.47,2.6052992
2024-06-11 14:00:00,co,PIIANN,0.72,0.74711174
2024-01-10 22:00:00,co,PIIANN,0.9,0.7789401
2023-07-11 15:00:00,co,PIIANN,0.72,0.46266156
2024-06-03 23:00:00,co,PIIANN,1.06,1.0474511
2023-08-04 11:00:00,co,PIIANN,0.505,0.3812337
2024-01-08 09:00:00,co,PIIANN,0.84,0.9804694
2023-12-08 06:00:00,co,PIIANN,2.3933334,2.5771317
2025-04-02 21:00:00,co,PIIANN,0.82,0.9415938
2024-10-12 07:00:00,co,PIIANN,0.59,0.5629821
2025-09-08 04:00:00,co,PIIANN,0.59,0.7901235
2025-04-04 18:00:00,co,PIIANN,0.10000003,0.37505835
2023-08-08 17:00:00,co,PIIANN,3.02,2.355719
2024-10-12 11:00:00,co,PIIANN,0.55,0.54412067
2024-07-06 15:00:00,co,PIIANN,0.84,1.0131047
2024-09-11 00:00:00,co,PIIANN,0.6,0.7260376
2025-03-10 18:00:00,co,PIIANN,0.67,0.63108444
2025-01-02 13:00:00,co,PIIANN,1.88,1.2322078
2023-06-09 06:00:00,co,PIIANN,2.87,2.375278
2024-08-10 00:00:00,co,PIIANN,0.71,0.84461886
2025-06-10 12:00:00,co,PIIANN,0.74,0.84697145
2025-01-11 09:00:00,co,PIIANN,0.51,0.693547
2023-12-03 01:00:00,co,PIIANN,0.9625,0.79055744
2024-09-13 01:00:00,co,PIIANN,0.6021444,0.63384545
2024-02-08 20:00:00,co,PIIANN,0.47,0.7151134
2025-08-10 11:00:00,co,PIIANN,0.76,0.74335915
2023-01-11 14:00:00,co,PIIANN,0.088999934,0.25675052
2024-08-07 06:00:00,co,PIIANN,0.5,0.7947924
2024-12-02 19:00:00,co,PIIANN,0.3,0.5853165
2025-08-04 16:00:00,co,PIIANN,0.72,0.46663213
2025-05-11 20:00:00,co,PIIANN,0.61,0.83747977
2025-07-13 02:00:00,co,PIIANN,0.6586871,0.72693986
2025-05-05 06:00:00,co,PIIANN,1.37,1.1577333
2023-01-08 10:00:00,co,PIIANN,2.3325,2.4436212
2024-11-09 04:00:00,co,PIIANN,1.12,0.9606179
2025-12-07 00:00:00,co,PIIANN,0.65,0.60510224
2023-06-04 11:00:00,co,PIIANN,0.35499996,0.22546585
2024-12-04 08:00:00,co,PIIANN,1.23,1.1206508
2025-01-11 20:00:00,co,PIIANN,0.62,0.8604288
2024-07-01 13:00:00,co,PIIANN,0.72,0.5868306
2024-05-12 08:00:00,co,PIIANN,0.92,0.72068274
2024-06-12 01:00:00,co,PIIANN,0.66,0.6600281
2023-06-03 08:00:00,co,PIIANN,0.745,0.8642828
2025-07-09 03:00:00,co,PIIANN,0.76,0.6912341
2024-07-12 04:00:00,co,PIIANN,0.75,0.7175022
2025-07-09 02:00:00,co,PIIANN,0.66,0.6990699
2024-04-12 12:00:00,co,PIIANN,0.45,0.67114824
2024-05-08 19:00:00,co,PIIANN,0.8,0.85819656
2024-07-12 01:00:00,co,PIIANN,0.83,0.70470184
2023-11-12 03:00:00,co,PIIANN,0.845,0.8144829
2024-11-06 22:00:00,co,PIIANN,1.17,0.9381583
2024-05-04 06:00:00,co,PIIANN,1.15,1.1654041
2025-09-10 04:00:00,co,PIIANN,0.6,0.5344685
2024-04-04 01:00:00,co,PIIANN,0.9,0.9006445
2025-09-04 06:00:00,co,PIIANN,0.54,0.5588238
2024-08-02 17:00:00,co,PIIANN,1.13,0.7138282
2025-03-05 19:00:00,co,PIIANN,0.36,2.449942
2024-11-03 02:00:00,co,PIIANN,0.78,0.75842035
2024-10-02 19:00:00,co,PIIANN,1.02,1.2828649
2025-08-05 23:00:00,co,PIIANN,8.306458e-09,0.33608687
2025-12-04 06:00:00,co,PIIANN,0.66,0.44492686
2023-09-04 04:00:00,co,PIIANN,1.3675,1.354772
2023-09-04 20:00:00,co,PIIANN,0.81,0.7498053
2025-10-03 12:00:00,co,PIIANN,0.37,0.42362827
2025-12-02 08:00:00,co,PIIANN,0.48,0.4314574
2025-10-06 12:00:00,co,PIIANN,0.97,0.686485
2025-03-03 22:00:00,co,PIIANN,0.92,0.8296825
2025-05-09 11:00:00,co,PIIANN,0.65,0.6772298
2025-09-06 23:00:00,co,PIIANN,0.68,0.70065564
2025-05-08 03:00:00,co,PIIANN,0.64,0.5934468
2023-04-03 23:00:00,co,PIIANN,0.66,0.8542264
2023-12-12 09:00:00,co,PIIANN,1.03,0.92672545
2023-02-11 06:00:00,co,PIIANN,0.14666672,0.3562709
2024-05-10 22:00:00,co,PIIANN,0.65,0.7223213
2025-09-07 22:00:00,co,PIIANN,0.78,0.63753647
2024-06-03 02:00:00,co,PIIANN,0.59,0.813564
2025-07-02 09:00:00,co,PIIANN,0.36,0.3590145
2025-05-04 14:00:00,co,PIIANN,0.49,0.49943542
2024-08-12 11:00:00,co,PIIANN,0.56,0.568224
2024-05-01 16:00:00,co,PIIANN,0.72,0.6899372
2025-04-01 16:00:00,co,PIIANN,0.57,0.67728215
2023-10-09 11:00:00,co,PIIANN,2.38,2.427889
2025-01-08 06:00:00,co,PIIANN,0.51,0.5444727
2023-09-11 03:00:00,co,PIIANN,0.024999924,0.50912416
2025-04-11 05:00:00,co,PIIANN,0.53,0.6109306
2024-12-11 11:00:00,co,PIIANN,0.65,0.7215402
2024-09-06 23:00:00,co,PIIANN,1.37,1.2408915
2023-05-08 21:00:00,co,PIIANN,2.29,2.3565607
2024-08-10 04:00:00,co,PIIANN,0.57,0.637946
2023-12-10 11:00:00,co,PIIANN,2.255,2.2880392
2024-09-09 00:00:00,co,PIIANN,1.01,0.92753446
2024-03-03 06:00:00,co,PIIANN,0.71,0.7666572
2023-09-05 08:00:00,co,PIIANN,0.55,0.58088166
2025-08-03 03:00:00,co,PIIANN,8.306458e-09,0.23490949
2023-01-01 09:00:00,co,PIIANN,2.815,2.410423
2025-08-01 15:00:00,co,PIIANN,0.56,0.584608
2024-03-12 09:00:00,co,PIIANN,0.93,0.710149
2023-11-09 21:00:00,co,PIIANN,2.315,2.3332593
2025-08-02 17:00:00,co,PIIANN,0.5,0.4767499
2025-12-11 11:00:00,co,PIIANN,0.69,0.9112632
2023-07-05 18:00:00,co,PIIANN,0.465,0.43206137
2023-01-06 08:00:00,co,PIIANN,1.49,1.25191
2025-12-07 22:00:00,co,PIIANN,0.66,0.6839278
2023-05-05 06:00:00,co,PIIANN,0.38,0.8099355
2025-09-03 18:00:00,co,PIIANN,0.27999997,0.37831914
2023-07-07 01:00:00,co,PIIANN,2.2925,1.4674852
2024-12-05 01:00:00,co,PIIANN,1.05,0.92250395
2024-09-05 10:00:00,co,PIIANN,0.82,0.8894364
2024-09-09 12:00:00,co,PIIANN,1.01,0.8410232
2025-07-07 09:00:00,co,PIIANN,0.64,1.2231579
2024-10-02 18:00:00,co,PIIANN,1.18,1.2646811
2024-03-06 16:00:00,co,PIIANN,1.0,0.7898393
2025-02-07 15:00:00,co,PIIANN,0.65,0.70815414
2025-05-12 17:00:00,co,PIIANN,0.63,0.6370014
2023-09-11 01:00:00,co,PIIANN,0.034999914,1.0845593
2023-07-06 00:00:00,co,PIIANN,0.65,0.5352194
2023-01-03 08:00:00,co,PIIANN,0.8025,1.1800725
2024-04-02 01:00:00,co,PIIANN,0.92,0.9870668
2024-03-11 20:00:00,co,PIIANN,0.88,0.9031423
2024-12-06 14:00:00,co,PIIANN,0.86,0.8936271
2024-06-06 11:00:00,co,PIIANN,0.72,0.8655003
2024-03-06 04:00:00,co,PIIANN,0.93,1.1030333
2023-01-03 19:00:00,co,PIIANN,1.0625,0.9781467
2023-11-05 15:00:00,co,PIIANN,0.3275,0.4568638
2023-06-03 14:00:00,co,PIIANN,0.6825,0.5578495
2023-11-01 16:00:00,co,PIIANN,0.595,0.93549293
2024-05-08 06:00:00,co,PIIANN,0.78,0.93678135
2025-10-03 10:00:00,co,PIIANN,0.28999996,0.27829623
2023-07-04 23:00:00,co,PIIANN,0.8675,0.8202838
2023-02-03 12:00:00,co,PIIANN,0.3725,0.84012216
2023-05-09 05:00:00,co,PIIANN,2.4375,2.2519987
2023-11-07 05:00:00,co,PIIANN,2.3125,1.9876938
2024-06-09 12:00:00,co,PIIANN,0.86,0.83100635
2023-01-02 22:00:00,co,PIIANN,0.7925,0.76282954
2023-10-09 14:00:00,co,PIIANN,2.35,2.1936748
2025-11-06 22:00:00,co,PIIANN,0.67,0.6834764
2024-03-08 08:00:00,co,PIIANN,0.66,0.7612557
2023-09-06 12:00:00,co,PIIANN,0.26999998,0.44908065
2023-02-03 02:00:00,co,PIIANN,0.5625,0.9013184
2023-09-07 21:00:00,co,PIIANN,2.305,2.5939722
2025-08-07 18:00:00,co,PIIANN,0.53,0.84695864
2024-10-11 07:00:00,co,PIIANN,0.6,0.6111929
2025-03-07 20:00:00,co,PIIANN,0.67,0.73708683
2024-09-07 18:00:00,co,PIIANN,1.13,0.94894665
2023-05-09 17:00:00,co,PIIANN,2.7875,2.584067
2024-07-08 17:00:00,co,PIIANN,0.75,0.9088317
2023-09-09 08:00:00,co,PIIANN,2.55,2.547621
2025-10-02 03:00:00,co,PIIANN,0.21000005,0.33074653
2025-01-11 03:00:00,co,PIIANN,0.66,0.6220262
2025-01-01 17:00:00,co,PIIANN,0.56,0.57205826
2025-01-05 08:00:00,co,PIIANN,0.56,0.42576128
2023-02-12 14:00:00,co,PIIANN,0.7775,0.7526606
2025-01-02 18:00:00,co,PIIANN,1.35,1.1343855
2023-04-06 20:00:00,co,PIIANN,0.72,0.81693256
2024-08-08 11:00:00,co,PIIANN,0.89,0.95343965
2024-12-03 00:00:00,co,PIIANN,0.87,0.38594478
2024-10-04 12:00:00,co,PIIANN,0.84,0.97685355
2023-09-01 15:00:00,co,PIIANN,3.35,2.6133788
2025-12-07 05:00:00,co,PIIANN,0.33999997,0.5890674
2025-03-02 17:00:00,co,PIIANN,1.23,0.9307961
2023-05-05 19:00:00,co,PIIANN,0.39749998,0.4860323
2023-04-07 16:00:00,co,PIIANN,2.6275,2.1491656
2024-12-08 23:00:00,co,PIIANN,0.87,0.86416924
2023-11-03 09:00:00,co,PIIANN,0.705,0.8284543
2025-08-06 20:00:00,co,PIIANN,0.64,0.7208593
2023-02-10 13:00:00,co,PIIANN,2.3525,2.5522032
2024-09-05 13:00:00,co,PIIANN,0.88,0.79507005
2024-07-05 01:00:00,co,PIIANN,0.96,0.8403314
2024-07-12 08:00:00,co,PIIANN,0.59,0.735777
2025-02-07 13:00:00,co,PIIANN,0.65,0.7276821
2025-11-03 09:00:00,co,PIIANN,0.7,0.50609416
2023-11-04 17:00:00,co,PIIANN,0.5675,0.50461715
2024-06-06 12:00:00,co,PIIANN,0.72,0.92950714
2025-09-01 17:00:00,co,PIIANN,0.54,0.7710027
2023-06-09 07:00:00,co,PIIANN,2.465,2.5708103
2023-06-03 00:00:00,co,PIIANN,0.5375,0.7572665
2025-08-05 03:00:00,co,PIIANN,0.3857143,0.5191902
2023-03-09 13:00:00,co,PIIANN,2.3,2.5005271
2023-04-03 19:00:00,co,PIIANN,1.2,0.8153193
2024-11-10 17:00:00,co,PIIANN,0.47,0.5719536
2025-09-02 12:00:00,co,PIIANN,0.39,0.39605784
2024-12-12 21:00:00,co,PIIANN,0.62,0.60179
2025-06-01 20:00:00,co,PIIANN,0.55,0.7446356
2024-02-01 15:00:00,co,PIIANN,0.72,0.6156863
2024-12-05 22:00:00,co,PIIANN,1.03,0.9264252
2024-07-11 08:00:00,co,PIIANN,0.76,0.8309297
2024-11-09 13:00:00,co,PIIANN,0.96,0.8981896
2025-06-01 09:00:00,co,PIIANN,0.57,0.62760556
2024-06-07 06:00:00,co,PIIANN,0.78,0.73574626
2023-03-03 02:00:00,co,PIIANN,1.005,1.0887973
2024-07-02 06:00:00,co,PIIANN,0.75,0.60422367
2023-02-06 07:00:00,co,PIIANN,1.585,1.4501156
2024-11-08 19:00:00,co,PIIANN,1.03,0.8534859
2023-02-03 09:00:00,co,PIIANN,0.785,0.8994957
2025-08-10 06:00:00,co,PIIANN,0.96,1.0233015
2024-10-02 13:00:00,co,PIIANN,0.41999996,0.70550215
2023-10-02 00:00:00,co,PIIANN,0.445,2.7821639
2025-10-02 09:00:00,co,PIIANN,0.34999996,0.35551125
2025-04-09 06:00:00,co,PIIANN,0.49,0.6280736
2024-05-02 00:00:00,co,PIIANN,0.7,0.67728144
2025-02-06 18:00:00,co,PIIANN,0.6,0.653651
2025-01-10 21:00:00,co,PIIANN,0.64,1.1122543
2024-12-09 18:00:00,co,PIIANN,0.92,0.78883004
2024-12-02 07:00:00,co,PIIANN,0.3533333,0.6733925
2023-11-12 13:00:00,co,PIIANN,0.5975,0.56784344
2024-05-02 13:00:00,co,PIIANN,0.72,0.59740776
2023-01-01 21:00:00,co,PIIANN,3.48,2.89116
2024-03-05 23:00:00,co,PIIANN,2.4999998,2.584834
2024-07-06 07:00:00,co,PIIANN,1.02,0.94984245
2025-11-12 17:00:00,co,PIIANN,0.72,0.5811225
2025-06-11 05:00:00,co,PIIANN,0.64,0.7108404
2023-10-01 18:00:00,co,PIIANN,4.325,3.097005
2023-06-11 14:00:00,co,PIIANN,0.16000004,0.30544454
2025-11-08 18:00:00,co,PIIANN,0.66,0.6192453
2025-04-08 19:00:00,co,PIIANN,0.59,0.84393847
2024-04-02 20:00:00,co,PIIANN,1.23,1.4622953
2023-07-07 15:00:00,co,PIIANN,2.4175,2.3890312
2025-02-04 19:00:00,co,PIIANN,0.56,0.6706751
2023-11-02 14:00:00,co,PIIANN,0.51,0.75680304
2025-10-11 07:00:00,co,PIIANN,0.52,0.76291424
2025-02-04 02:00:00,co,PIIANN,0.66,0.609447
2023-04-02 16:00:00,co,PIIANN,0.5975,0.5749996
2025-10-03 04:00:00,co,PIIANN,0.44,0.42680645
2025-11-12 12:00:00,co,PIIANN,1.07,0.57474965
2025-10-09 19:00:00,co,PIIANN,0.45500004,0.8456758
2023-03-10 12:00:00,co,PIIANN,2.895,2.2912514
2025-12-06 00:00:00,co,PIIANN,0.865,0.8980844
2023-08-09 06:00:00,co,PIIANN,2.3633332,2.1957102
2025-03-06 00:00:00,co,PIIANN,0.68,0.7165803
2023-02-12 20:00:00,co,PIIANN,1.59,1.3806086
2024-06-06 08:00:00,co,PIIANN,0.82,0.8836621
2024-08-02 14:00:00,co,PIIANN,0.62,0.6540023
2024-02-04 21:00:00,co,PIIANN,0.92,0.8624943
2024-07-13 00:00:00,co,PIIANN,0.5904782,0.58383536
2025-03-12 04:00:00,co,PIIANN,0.67,0.6352105
2023-08-10 07:00:00,co,PIIANN,2.4,2.2511287
2024-02-07 07:00:00,co,PIIANN,0.94,0.73718053
2025-01-09 22:00:00,co,PIIANN,0.64,0.70236707
2024-08-02 23:00:00,co,PIIANN,1.14,0.9994978
2025-06-07 08:00:00,co,PIIANN,0.62,0.9385299
2024-01-05 10:00:00,co,PIIANN,1.0,1.0246971
2024-05-04 18:00:00,co,PIIANN,1.1,1.0069078
2024-08-07 14:00:00,co,PIIANN,0.78,0.72136676
2025-06-08 16:00:00,co,PIIANN,0.66,0.63551533
2025-01-06 13:00:00,co,PIIANN,0.76,0.79362106
2023-03-07 09:00:00,co,PIIANN,8.306458e-09,0.22430654
2023-09-08 08:00:00,co,PIIANN,2.375,2.4604638
2023-09-07 19:00:00,co,PIIANN,2.3525,2.633928
2025-02-11 10:00:00,co,PIIANN,0.76,0.6269115
2025-11-13 02:00:00,co,PIIANN,0.6593072,0.6977207
2025-12-03 01:00:00,co,PIIANN,0.48,0.40971106
2023-12-12 12:00:00,co,PIIANN,0.775,0.71391565
2025-05-03 11:00:00,co,PIIANN,0.46000004,0.46780026
2025-07-08 15:00:00,co,PIIANN,0.81,0.9728991
2025-03-06 23:00:00,co,PIIANN,0.66,0.77603304
2024-07-10 11:00:00,co,PIIANN,0.39,0.5768818
2023-07-06 09:00:00,co,PIIANN,0.85,0.69750714
2023-05-01 20:00:00,co,PIIANN,3.3425,2.781731
2024-08-08 02:00:00,co,PIIANN,1.07,0.9898265
2024-11-05 20:00:00,co,PIIANN,1.29,1.006179
2025-06-05 03:00:00,co,PIIANN,0.38,0.5883626
2025-04-07 23:00:00,co,PIIANN,0.65,0.7331093
2025-08-04 03:00:00,co,PIIANN,0.5,0.63435227
2023-03-11 04:00:00,co,PIIANN,0.15249999,0.5671753
2025-11-04 14:00:00,co,PIIANN,0.57,0.63125175
2024-07-04 02:00:00,co,PIIANN,1.08,1.0667833
2023-06-11 12:00:00,co,PIIANN,0.13937499,0.18152751
2025-02-01 10:00:00,co,PIIANN,0.57,0.70725685
2025-01-08 03:00:00,co,PIIANN,0.59,0.58858323
2023-06-12 22:00:00,co,PIIANN,0.815,1.1896564
2023-02-01 13:00:00,co,PIIANN,2.555,2.4961863
2024-04-04 03:00:00,co,PIIANN,0.95,1.009276
2025-04-05 18:00:00,co,PIIANN,2.42,1.2486764
2023-07-01 16:00:00,co,PIIANN,3.125,2.5562115
2024-06-08 08:00:00,co,PIIANN,0.91,0.9853197
2025-11-02 15:00:00,co,PIIANN,0.38,0.4038527
2023-01-09 02:00:00,co,PIIANN,2.29,2.2247767
2024-11-01 20:00:00,co,PIIANN,0.72,0.5622867
2024-06-04 01:00:00,co,PIIANN,1.03,1.070461
2025-08-10 12:00:00,co,PIIANN,0.78,0.76554394
2024-04-05 17:00:00,co,PIIANN,1.1,0.80642843
2024-01-09 02:00:00,co,PIIANN,0.8,1.0180439
2023-10-06 04:00:00,co,PIIANN,0.26999998,0.7845555
2024-06-10 19:00:00,co,PIIANN,0.82,0.7982145
2024-11-09 05:00:00,co,PIIANN,1.08,0.8550138
2023-11-08 08:00:00,co,PIIANN,2.42,2.388638
2023-02-02 18:00:00,co,PIIANN,1.16,0.73396176
2023-12-09 10:00:00,co,PIIANN,2.3,2.3296697
2025-12-12 01:00:00,co,PIIANN,0.64,0.59262323
2024-08-11 22:00:00,co,PIIANN,0.87,0.7641242
2024-02-05 02:00:00,co,PIIANN,1.12,0.9607155
2025-07-05 21:00:00,co,PIIANN,0.48,0.59812254
2023-07-10 21:00:00,co,PIIANN,2.295,2.35032
2023-11-04 05:00:00,co,PIIANN,1.1,1.12689
2023-08-05 04:00:00,co,PIIANN,0.41749996,0.3445487
2025-07-06 01:00:00,co,PIIANN,0.51,0.62343717
2023-01-02 20:00:00,co,PIIANN,0.9575,0.90647054
2024-03-02 06:00:00,co,PIIANN,0.72,0.80518025
2025-08-08 03:00:00,co,PIIANN,0.66,0.78002363
2025-08-01 19:00:00,co,PIIANN,0.56,0.5547325
2025-12-06 02:00:00,co,PIIANN,0.66,0.68879455
2024-09-04 06:00:00,co,PIIANN,1.25,1.1788028
2024-05-03 18:00:00,co,PIIANN,0.62,0.92162824
2024-06-07 02:00:00,co,PIIANN,0.91,0.7176751
2023-02-06 02:00:00,co,PIIANN,1.4275,1.1150622
2023-02-02 14:00:00,co,PIIANN,0.6475,0.55983377
2024-01-01 14:00:00,co,PIIANN,0.72,0.6802284
2023-12-10 05:00:00,co,PIIANN,2.5099998,2.252724
2025-09-13 01:00:00,co,PIIANN,0.70930713,0.73054516
2025-12-07 03:00:00,co,PIIANN,0.65,0.60161257
2024-09-07 13:00:00,co,PIIANN,0.89,0.8372137
2023-01-07 22:00:00,co,PIIANN,8.306458e-09,0.44715595
2023-11-09 03:00:00,co,PIIANN,2.3225,2.1761885
2024-08-11 02:00:00,co,PIIANN,0.55,0.6593031
2025-01-07 13:00:00,co,PIIANN,0.54,0.86176324
2024-12-04 15:00:00,co,PIIANN,0.79,0.87567365
2024-01-02 18:00:00,co,PIIANN,1.21,0.7615103
2025-11-11 19:00:00,co,PIIANN,0.49,0.7248848
2024-07-09 14:00:00,co,PIIANN,0.81,0.8174383
2024-08-10 14:00:00,co,PIIANN,0.49,0.6150718
2024-03-03 16:00:00,co,PIIANN,0.94,0.81595486
2024-01-05 05:00:00,co,PIIANN,1.15,0.9152235
2025-10-12 15:00:00,co,PIIANN,0.61,0.8444234
2025-07-04 10:00:00,co,PIIANN,0.72,0.5513452
2025-03-05 08:00:00,co,PIIANN,0.55,0.32608867
2023-06-02 19:00:00,co,PIIANN,0.895,0.7976367
2024-10-04 01:00:00,co,PIIANN,1.29,1.2416906
2024-05-02 17:00:00,co,PIIANN,0.83,0.6386405
2024-04-06 16:00:00,co,PIIANN,1.04,0.94370884
2025-10-01 17:00:00,co,PIIANN,0.55,0.8464478
2025-01-06 03:00:00,co,PIIANN,0.68,0.7120304
2024-07-07 23:00:00,co,PIIANN,1.12,1.014298
2025-08-12 08:00:00,co,PIIANN,0.73,0.7839368
2023-07-07 17:00:00,co,PIIANN,2.3125,2.3860273
2024-05-07 20:00:00,co,PIIANN,0.73,0.919303
2024-05-05 14:00:00,co,PIIANN,0.89,0.97450733
2024-07-01 21:00:00,co,PIIANN,0.72,0.7342711
2023-04-06 00:00:00,co,PIIANN,1.9025,0.8448792
2023-05-03 04:00:00,co,PIIANN,0.6475,0.8722231
2023-09-01 20:00:00,co,PIIANN,4.2225,3.1379209
2024-02-12 13:00:00,co,PIIANN,0.41999996,0.821607
2024-02-11 10:00:00,co,PIIANN,0.48,0.25193888
2023-03-07 22:00:00,co,PIIANN,8.306458e-09,0.60025865
2023-07-10 02:00:00,co,PIIANN,2.27,2.3324919
2025-01-03 00:00:00,co,PIIANN,0.44,0.8785225
2025-07-06 22:00:00,co,PIIANN,0.62,0.7531654
2025-01-11 22:00:00,co,PIIANN,0.81,0.6922885
2023-11-11 01:00:00,co,PIIANN,0.28999996,1.3150238
2025-12-12 23:00:00,co,PIIANN,0.68,0.7351941
2025-08-03 16:00:00,co,PIIANN,0.48,0.46613222
2023-11-06 12:00:00,co,PIIANN,0.43,0.5346096
2025-02-02 09:00:00,co,PIIANN,0.96,0.9840501
2024-04-03 01:00:00,co,PIIANN,0.72,1.0854154
2024-07-02 13:00:00,co,PIIANN,0.84,0.7202639
2023-08-10 22:00:00,co,PIIANN,2.36,2.6114552
2024-08-05 12:00:00,co,PIIANN,0.85,0.85775214
2024-02-12 12:00:00,co,PIIANN,0.6,0.95664567
2023-06-08 06:00:00,co,PIIANN,2.3333333,2.35779
2025-02-03 12:00:00,co,PIIANN,0.68,0.6799709
2024-07-09 08:00:00,co,PIIANN,0.92,0.90127593
2024-11-08 22:00:00,co,PIIANN,0.68,0.8602757
2023-01-07 09:00:00,co,PIIANN,0.33999997,0.5539135
2025-02-12 07:00:00,co,PIIANN,0.82,0.76291496
2024-09-07 17:00:00,co,PIIANN,1.0,0.93518144
2024-09-08 08:00:00,co,PIIANN,0.58,0.8477904
2023-07-04 21:00:00,co,PIIANN,0.7775,0.6693789
2023-02-06 05:00:00,co,PIIANN,1.3375,1.1950779
2025-03-03 18:00:00,co,PIIANN,0.63,0.7170294
2025-06-13 00:00:00,co,PIIANN,0.7595612,0.6151365
2025-09-07 23:00:00,co,PIIANN,0.67,0.6642612
2024-09-05 19:00:00,co,PIIANN,0.93,0.8076582
2023-03-06 05:00:00,co,PIIANN,1.38,1.1744193
2024-01-02 19:00:00,co,PIIANN,1.6500001,1.1437405
2025-12-02 16:00:00,co,PIIANN,0.3,0.4376936
2025-03-09 12:00:00,co,PIIANN,0.94,0.8093902
2023-10-05 23:00:00,co,PIIANN,0.685,0.73894763
2024-06-01 22:00:00,co,PIIANN,0.72,0.7089351
2023-03-10 19:00:00,co,PIIANN,2.5274997,2.4784935
2023-12-02 09:00:00,co,PIIANN,0.6325,0.8327345
2025-10-05 00:00:00,co,PIIANN,0.12999995,0.61039066
2024-08-02 12:00:00,co,PIIANN,0.6,0.68393093
2024-09-08 01:00:00,co,PIIANN,0.84,0.9376571
2025-01-02 03:00:00,co,PIIANN,1.1,0.93277484
2024-09-09 22:00:00,co,PIIANN,0.98,1.0550188
2025-06-09 06:00:00,co,PIIANN,0.9,0.6288249
2024-10-02 01:00:00,co,PIIANN,0.86,0.73507714
2024-03-07 11:00:00,co,PIIANN,0.92,0.7595079
2024-07-02 12:00:00,co,PIIANN,0.82,0.7069522
2024-01-06 12:00:00,co,PIIANN,0.97,1.0043288
2023-06-04 16:00:00,co,PIIANN,0.3275,0.2306514
2023-11-10 21:00:00,co,PIIANN,2.4924998,2.4200017
2025-04-11 19:00:00,co,PIIANN,0.66,0.7604278
2025-04-06 00:00:00,co,PIIANN,0.62,1.9026797
2024-07-09 20:00:00,co,PIIANN,0.69,0.8041637
2023-02-01 19:00:00,co,PIIANN,4.315,2.8893526
2024-03-10 06:00:00,co,PIIANN,0.48,0.5884483
2025-01-04 10:00:00,co,PIIANN,0.5,0.47252125
2025-02-02 03:00:00,co,PIIANN,0.9,0.6666867
2025-03-10 22:00:00,co,PIIANN,0.57,0.5883007
2025-01-07 22:00:00,co,PIIANN,0.65,0.7048612
2024-06-11 22:00:00,co,PIIANN,0.65,0.83195865
2023-08-06 06:00:00,co,PIIANN,0.42666668,0.73885536
2025-09-05 07:00:00,co,PIIANN,8.306458e-09,0.28406465
2024-10-12 00:00:00,co,PIIANN,0.6,0.7507714
2025-08-02 13:00:00,co,PIIANN,0.40999997,0.40740442
2025-03-11 22:00:00,co,PIIANN,0.67,0.6944683
2025-07-12 19:00:00,co,PIIANN,0.66,0.78110254
2025-07-07 19:00:00,co,PIIANN,0.64,0.7095065
2025-02-09 02:00:00,co,PIIANN,0.69,0.63223314
2023-10-12 11:00:00,co,PIIANN,0.8725,0.7319819
2023-09-02 13:00:00,co,PIIANN,0.18750001,0.5064159
2024-10-08 18:00:00,co,PIIANN,0.88,0.83175594
2023-01-05 06:00:00,co,PIIANN,0.37666667,0.45683137
2024-02-05 04:00:00,co,PIIANN,1.05,0.9472766
2025-02-10 13:00:00,co,PIIANN,0.53,0.80110246
2023-08-08 22:00:00,co,PIIANN,2.41,2.566831
2025-05-10 21:00:00,co,PIIANN,0.66,0.6762828
2024-01-06 05:00:00,co,PIIANN,0.95,0.7576501
2024-11-02 14:00:00,co,PIIANN,0.1666667,0.37480563
2024-09-01 19:00:00,co,PIIANN,0.72,0.66830796
2025-01-01 21:00:00,co,PIIANN,0.55,0.5675707
2024-11-05 09:00:00,co,PIIANN,1.02,0.9451521
2025-11-05 07:00:00,co,PIIANN,1.06,0.88568103
2024-02-07 19:00:00,co,PIIANN,1.04,0.9510166
2024-05-01 21:00:00,co,PIIANN,0.72,0.72860605
2023-01-05 05:00:00,co,PIIANN,0.3725,0.44868177
2024-02-03 03:00:00,co,PIIANN,0.7,0.8765173
2023-04-12 09:00:00,co,PIIANN,0.68,0.5878365
2023-07-10 15:00:00,co,PIIANN,2.34,2.2109709
2023-08-11 20:00:00,co,PIIANN,0.18999995,0.5551635
2024-04-08 04:00:00,co,PIIANN,0.86,0.8994025
2025-02-09 01:00:00,co,PIIANN,0.64,0.6594693
2025-07-11 23:00:00,co,PIIANN,0.68,0.75494677
2025-02-03 22:00:00,co,PIIANN,0.66,0.8177272
2025-12-11 19:00:00,co,PIIANN,0.66,0.6641101
2023-07-10 00:00:00,co,PIIANN,2.27,2.3696735
2025-10-05 19:00:00,co,PIIANN,0.76,0.50443006
2024-09-02 06:00:00,co,PIIANN,0.98,0.8940708
2023-02-09 16:00:00,co,PIIANN,2.315,1.9560455
2023-07-07 03:00:00,co,PIIANN,2.2875,2.1810706
2024-12-11 23:00:00,co,PIIANN,0.56,0.6122401
2025-03-07 05:00:00,co,PIIANN,0.64,0.7950071
2024-04-09 04:00:00,co,PIIANN,0.76,0.8268083
2023-12-04 21:00:00,co,PIIANN,1.5375,0.94728005
2025-03-02 00:00:00,co,PIIANN,0.99,0.5327507
2024-01-02 20:00:00,co,PIIANN,1.45,1.4700294
2023-02-03 14:00:00,co,PIIANN,0.32,0.5748058
2023-03-05 21:00:00,co,PIIANN,0.8325,0.80890626
2025-10-11 14:00:00,co,PIIANN,0.57,0.7051823
2024-03-03 12:00:00,co,PIIANN,0.82,0.711748
2024-01-02 16:00:00,co,PIIANN,0.7,0.8015934
2024-12-10 23:00:00,co,PIIANN,0.48,0.5532513
2024-06-10 21:00:00,co,PIIANN,0.98,0.8163838
2025-01-10 00:00:00,co,PIIANN,0.66,0.5799561
2024-10-10 03:00:00,co,PIIANN,0.77,0.72493404
2023-03-03 06:00:00,co,PIIANN,0.81666666,0.8506473
2024-10-01 19:00:00,co,PIIANN,0.72,0.62911147
2023-02-07 12:00:00,co,PIIANN,8.306458e-09,0.7173795
2024-10-09 15:00:00,co,PIIANN,0.83,0.9634603
2024-01-03 23:00:00,co,PIIANN,0.82,0.87055916
2025-06-02 04:00:00,co,PIIANN,0.38,0.48458207
2025-05-05 12:00:00,co,PIIANN,0.82,0.61756366
2023-03-02 22:00:00,co,PIIANN,0.785,0.8326693
2024-01-08 08:00:00,co,PIIANN,0.92,0.8867805
2024-10-08 03:00:00,co,PIIANN,0.93,0.8344721
2023-04-05 13:00:00,co,PIIANN,0.33749998,0.31847203
2023-05-11 18:00:00,co,PIIANN,0.40999997,0.52728075
2025-07-05 06:00:00,co,PIIANN,0.52,0.5485801
2025-09-06 07:00:00,co,PIIANN,0.65,0.6704077
2024-07-07 13:00:00,co,PIIANN,0.96,0.7089877
2023-01-05 09:00:00,co,PIIANN,0.26,0.40370286
2025-12-11 22:00:00,co,PIIANN,0.68,0.68921745
2025-08-10 22:00:00,co,PIIANN,0.64,0.710489
2024-09-09 10:00:00,co,PIIANN,1.04,0.95420575
2023-12-04 18:00:00,co,PIIANN,1.0625,0.49584773
2024-03-10 07:00:00,co,PIIANN,0.515,0.6569958
2024-07-08 02:00:00,co,PIIANN,0.86,0.83081573
2024-07-12 12:00:00,co,PIIANN,0.57,0.5975095
2024-02-10 08:00:00,co,PIIANN,0.76,0.5672365
2024-10-02 16:00:00,co,PIIANN,1.06,0.6813179
2023-09-04 07:00:00,co,PIIANN,1.015,1.253227
2024-11-12 08:00:00,co,PIIANN,0.58,0.6025288
2023-11-11 15:00:00,co,PIIANN,0.49,0.53382313
2023-11-10 22:00:00,co,PIIANN,2.3375,2.362037
2023-11-07 00:00:00,co,PIIANN,2.32,0.7134291
2024-12-01 18:00:00,co,PIIANN,0.72,0.6902597
2024-05-06 10:00:00,co,PIIANN,0.97,0.89517933
2023-02-10 17:00:00,co,PIIANN,0.72,2.4989288
2024-09-05 02:00:00,co,PIIANN,1.03,0.82359594
2023-09-02 00:00:00,co,PIIANN,0.2025,2.734864
2025-04-03 23:00:00,co,PIIANN,1.0,0.9354239
2024-07-01 17:00:00,co,PIIANN,0.72,0.69507605
2025-08-04 07:00:00,co,PIIANN,0.475,0.5874957
2023-06-11 02:00:00,co,PIIANN,0.16000004,0.82452315
2025-03-10 15:00:00,co,PIIANN,0.65,0.66425306
2024-06-09 22:00:00,co,PIIANN,1.03,0.89110714
2025-05-02 16:00:00,co,PIIANN,0.69,0.93616724
2023-01-12 04:00:00,co,PIIANN,0.9425,0.7157945
2025-11-02 05:00:00,co,PIIANN,0.41999996,0.36981612
2025-12-12 22:00:00,co,PIIANN,0.69,0.71703416
2023-06-05 17:00:00,co,PIIANN,0.28749996,0.27712458
2023-02-02 06:00:00,co,PIIANN,0.5833333,0.7513325
2024-08-02 21:00:00,co,PIIANN,1.06,1.101936
2023-07-02 18:00:00,co,PIIANN,1.0725,0.6386247
2023-07-08 21:00:00,co,PIIANN,2.285,2.2651
2023-08-08 12:00:00,co,PIIANN,2.29,2.1849897
2023-12-01 17:00:00,co,PIIANN,1.2725,1.0662928
2023-10-01 12:00:00,co,PIIANN,3.335,2.6193786
2025-03-09 10:00:00,co,PIIANN,0.72,0.75652015
2023-03-02 07:00:00,co,PIIANN,0.885,0.8548065
2023-03-06 23:00:00,co,PIIANN,1.8975,1.5279824
2025-04-07 12:00:00,co,PIIANN,0.54,0.98619395
2023-11-11 09:00:00,co,PIIANN,0.26,0.4317016
2024-06-04 16:00:00,co,PIIANN,0.95,1.0093813
2025-12-03 22:00:00,co,PIIANN,0.07,0.79199857
2025-10-11 04:00:00,co,PIIANN,0.66,0.5980511
2025-01-08 05:00:00,co,PIIANN,0.66,0.503751
2024-01-08 01:00:00,co,PIIANN,0.88,0.8035899
2023-04-02 14:00:00,co,PIIANN,0.5175,0.5978333
2023-04-02 01:00:00,co,PIIANN,0.685,1.7406148
2023-06-10 17:00:00,co,PIIANN,2.0725,2.10606
2025-07-10 04:00:00,co,PIIANN,0.66,0.6672126
2023-02-07 02:00:00,co,PIIANN,8.306458e-09,0.7700378
2024-12-07 22:00:00,co,PIIANN,0.97,0.8944185
2024-01-13 01:00:00,co,PIIANN,0.9227443,0.8644046
2023-06-09 01:00:00,co,PIIANN,2.3175,2.4258163
2024-11-05 08:00:00,co,PIIANN,1.12,0.8974361
2024-05-08 15:00:00,co,PIIANN,0.71,0.9760568
2025-08-08 18:00:00,co,PIIANN,1.62,0.85971636
2023-08-12 17:00:00,co,PIIANN,0.5725,0.6735785
2025-11-06 21:00:00,co,PIIANN,0.66,0.7326331
2024-03-06 03:00:00,co,PIIANN,0.98,1.0021477
2025-10-05 22:00:00,co,PIIANN,8.306458e-09,0.59581035
2024-02-11 09:00:00,co,PIIANN,8.306458e-09,0.27639186
2023-01-10 04:00:00,co,PIIANN,2.3625,2.0837379
2023-07-04 12:00:00,co,PIIANN,0.32999998,0.29539818
2025-03-01 08:00:00,co,PIIANN,0.56,0.55181193
2024-01-02 12:00:00,co,PIIANN,0.74,0.7639603
2024-10-06 12:00:00,co,PIIANN,0.88,0.8163458
2024-12-03 04:00:00,co,PIIANN,0.86,0.69993436
2023-05-03 21:00:00,co,PIIANN,0.7575,0.8096185
2023-01-12 19:00:00,co,PIIANN,1.495,1.435495
2024-02-02 17:00:00,co,PIIANN,1.69,1.6205634
2025-12-11 00:00:00,co,PIIANN,0.64,0.6604967
2024-07-06 00:00:00,co,PIIANN,1.06,0.98994136
2023-09-02 16:00:00,co,PIIANN,0.46250004,0.60237086
2023-08-08 01:00:00,co,PIIANN,2.4125,2.4919922
2024-07-12 03:00:00,co,PIIANN,0.85,0.71204513
2025-11-03 14:00:00,co,PIIANN,0.31,0.5319775
2024-04-05 15:00:00,co,PIIANN,8.306458e-09,1.0131302
2024-05-07 21:00:00,co,PIIANN,0.96,0.8337604
2023-04-07 03:00:00,co,PIIANN,8.306458e-09,0.75781024
2025-03-12 09:00:00,co,PIIANN,0.57,0.601567
2025-06-05 01:00:00,co,PIIANN,0.54,0.63942
2023-04-12 15:00:00,co,PIIANN,0.515,0.47439373
2025-05-12 16:00:00,co,PIIANN,0.67,0.6519997
2025-12-10 03:00:00,co,PIIANN,0.65,0.60360163
2023-10-07 09:00:00,co,PIIANN,2.3925,2.050867
2023-11-10 18:00:00,co,PIIANN,2.3525,2.302832
2023-03-04 15:00:00,co,PIIANN,0.18250002,0.22798403
2023-12-11 06:00:00,co,PIIANN,0.72,0.9420798
2024-04-11 08:00:00,co,PIIANN,0.74,0.681623
2025-12-08 15:00:00,co,PIIANN,0.66,0.70063686
2024-09-05 14:00:00,co,PIIANN,0.77,0.79949397
2024-06-11 12:00:00,co,PIIANN,0.74,0.7217699
2024-09-10 05:00:00,co,PIIANN,0.74,0.7136278
2023-09-06 08:00:00,co,PIIANN,0.3825,0.38024193
2025-10-06 02:00:00,co,PIIANN,0.65,0.59546196
2023-08-12 20:00:00,co,PIIANN,0.77,0.7816031
2024-05-08 07:00:00,co,PIIANN,0.71,0.963282
2023-05-12 17:00:00,co,PIIANN,0.93,1.0758798
2024-04-10 15:00:00,co,PIIANN,0.82,0.6927077
2023-08-05 05:00:00,co,PIIANN,0.47,0.39973634
2024-12-10 18:00:00,co,PIIANN,0.39999998,0.7200669
2024-04-05 03:00:00,co,PIIANN,1.22,1.2445652
2023-10-11 13:00:00,co,PIIANN,0.10500003,0.2368889
2023-04-09 06:00:00,co,PIIANN,2.5966666,2.3025534
2025-04-03 01:00:00,co,PIIANN,0.5,0.7380219
2025-06-12 14:00:00,co,PIIANN,0.68,0.7226557
2023-08-12 22:00:00,co,PIIANN,0.75,0.8416064
2024-10-06 16:00:00,co,PIIANN,0.97,0.5214144
2024-09-05 01:00:00,co,PIIANN,1.05,0.8824373
2025-12-12 09:00:00,co,PIIANN,0.5,0.60897404
2024-11-04 05:00:00,co,PIIANN,0.95,0.845322
2025-12-10 06:00:00,co,PIIANN,0.67,0.5837762
2025-06-03 20:00:00,co,PIIANN,1.02,0.7551852
2024-02-08 16:00:00,co,PIIANN,0.61,0.8217172
2025-02-06 04:00:00,co,PIIANN,0.66,0.56416875
2023-10-02 15:00:00,co,PIIANN,0.39749998,0.6068598
2023-07-07 05:00:00,co,PIIANN,2.5425,2.4613712
2024-12-04 18:00:00,co,PIIANN,0.9,0.8012357
2025-10-05 20:00:00,co,PIIANN,0.595,0.5680942
2023-10-06 10:00:00,co,PIIANN,0.5025,0.5251245
2024-02-05 14:00:00,o3,PIIANN,8.07,16.564085
2023-01-01 12:00:00,o3,PIIANN,108.175,97.128685
2023-09-05 02:00:00,o3,PIIANN,48.45,35.56838
2024-07-04 22:00:00,o3,PIIANN,4.6800003,9.304617
2023-06-06 19:00:00,o3,PIIANN,73.225,47.319725
2025-02-12 04:00:00,o3,PIIANN,11.449999,14.930077
2023-11-12 05:00:00,o3,PIIANN,1.2250001,10.89819
2025-03-02 04:00:00,o3,PIIANN,20.82,16.051723
2025-10-10 03:00:00,o3,PIIANN,15.68,13.174697
2024-05-04 03:00:00,o3,PIIANN,30.0,19.257772
2025-04-02 01:00:00,o3,PIIANN,20.65,11.038579
2025-02-03 13:00:00,o3,PIIANN,11.100001,14.751152
2023-08-06 18:00:00,o3,PIIANN,45.225,43.662216
2025-12-07 16:00:00,o3,PIIANN,7.8199997,14.746367
2024-12-09 23:00:00,o3,PIIANN,14.1,15.997858
2025-08-11 20:00:00,o3,PIIANN,14.55,9.417377
2023-10-04 21:00:00,o3,PIIANN,20.125,48.202473
2024-07-13 02:00:00,o3,PIIANN,20.076893,15.416514
2023-06-03 20:00:00,o3,PIIANN,37.2,60.846634
2023-04-11 20:00:00,o3,PIIANN,10.475,16.110058
2025-11-09 00:00:00,o3,PIIANN,17.684546,14.177401
2023-08-02 01:00:00,o3,PIIANN,22.85,18.060568
2025-09-07 10:00:00,o3,PIIANN,17.1,17.234295
2024-01-03 13:00:00,o3,PIIANN,58.8,36.98162
2024-09-06 10:00:00,o3,PIIANN,27.38,27.864708
2025-03-10 13:00:00,o3,PIIANN,14.98,15.584876
2025-07-12 15:00:00,o3,PIIANN,10.28,15.559073
2023-05-07 21:00:00,o3,PIIANN,11.175,4.427248
2025-05-08 07:00:00,o3,PIIANN,18.03,9.95122
2023-05-08 07:00:00,o3,PIIANN,10.200001,20.027222
2023-03-08 17:00:00,o3,PIIANN,30.575,66.78873
2025-05-11 17:00:00,o3,PIIANN,13.2,13.748764
2023-07-11 11:00:00,o3,PIIANN,84.97499,71.9514
2025-09-11 09:00:00,o3,PIIANN,12.419999,18.072144
2023-08-10 04:00:00,o3,PIIANN,5.466667,8.482077
2023-12-10 22:00:00,o3,PIIANN,40.325,23.344433
2024-06-05 03:00:00,o3,PIIANN,10.62,6.693615
2023-05-06 09:00:00,o3,PIIANN,105.1,50.953445
2025-10-05 05:00:00,o3,PIIANN,18.7,14.378501
2025-11-04 04:00:00,o3,PIIANN,15.9,13.192345
2025-06-02 08:00:00,o3,PIIANN,16.42,29.908657
2023-06-11 22:00:00,o3,PIIANN,0.89999944,9.940342
2024-09-12 12:00:00,o3,PIIANN,19.6,20.710209
2023-12-02 20:00:00,o3,PIIANN,49.7,30.270054
2025-10-02 20:00:00,o3,PIIANN,19.87,16.605854
2025-09-02 19:00:00,o3,PIIANN,17.27,16.946367
2025-03-07 23:00:00,o3,PIIANN,14.165,11.014412
2024-11-03 09:00:00,o3,PIIANN,60.72,45.84145
2025-11-11 15:00:00,o3,PIIANN,14.38,13.03206
2025-12-04 01:00:00,o3,PIIANN,15.08,14.398016
2023-07-11 00:00:00,o3,PIIANN,1.8111112,-0.86450785
2023-07-10 18:00:00,o3,PIIANN,7.700001,7.1070766
2024-03-02 02:00:00,o3,PIIANN,6.4799995,13.415906
2025-10-09 15:00:00,o3,PIIANN,19.9,14.046979
2023-05-01 10:00:00,o3,PIIANN,97.925,78.21944
2024-02-13 00:00:00,o3,PIIANN,19.983496,12.413082
2023-01-05 20:00:00,o3,PIIANN,64.5,43.853348
2024-03-01 22:00:00,o3,PIIANN,13.65,6.1368217
2023-12-09 21:00:00,o3,PIIANN,11.975,11.463489
2023-10-06 23:00:00,o3,PIIANN,11.775,13.075646
2024-09-07 05:00:00,o3,PIIANN,21.9,24.121658
2023-09-09 03:00:00,o3,PIIANN,6.75,5.3268623
2025-01-02 07:00:00,o3,PIIANN,20.9,14.903474
2025-08-09 08:00:00,o3,PIIANN,15.4,19.591255
2024-10-03 05:00:00,o3,PIIANN,12.5,27.179827
2023-02-05 10:00:00,o3,PIIANN,81.1,94.36817
2024-05-03 23:00:00,o3,PIIANN,15.82,19.976603
2024-08-11 05:00:00,o3,PIIANN,16.9,17.936085
2025-06-06 08:00:00,o3,PIIANN,10.77,13.333905
2023-08-10 02:00:00,o3,PIIANN,9.200001,3.7275789
2025-01-06 19:00:00,o3,PIIANN,6.5699997,10.260521
2023-07-04 00:00:00,o3,PIIANN,29.7,20.95464
2024-12-02 14:00:00,o3,PIIANN,65.556,66.65195
2023-12-11 16:00:00,o3,PIIANN,52.2,64.12904
2025-07-03 10:00:00,o3,PIIANN,16.08,22.35785
2025-02-07 14:00:00,o3,PIIANN,11.8,14.0546255
2023-07-05 04:00:00,o3,PIIANN,37.5,34.485977
2025-08-06 07:00:00,o3,PIIANN,8.15,14.640807
2025-03-11 01:00:00,o3,PIIANN,15.75,14.892757
2024-01-06 21:00:00,o3,PIIANN,26.6,16.663092
2023-07-07 13:00:00,o3,PIIANN,23.875,37.471165
2025-01-12 23:00:00,o3,PIIANN,10.4,9.696865
2024-07-09 12:00:00,o3,PIIANN,17.35,20.94942
2025-11-10 17:00:00,o3,PIIANN,15.25,11.011269
2024-10-10 07:00:00,o3,PIIANN,24.4,34.801296
2024-05-10 08:00:00,o3,PIIANN,13.58,23.912294
2025-10-03 19:00:00,o3,PIIANN,15.98,17.995937
2024-02-05 00:00:00,o3,PIIANN,10.380001,14.665871
2023-11-04 12:00:00,o3,PIIANN,174.625,146.93779
2024-12-01 16:00:00,o3,PIIANN,38.35,52.285126
2024-04-01 14:00:00,o3,PIIANN,88.649994,71.860504
2023-03-06 03:00:00,o3,PIIANN,16.2,17.61615
2025-07-01 16:00:00,o3,PIIANN,19.35,13.604666
2023-03-11 19:00:00,o3,PIIANN,15.025,25.523457
2024-04-04 08:00:00,o3,PIIANN,33.22,21.068262
2023-07-05 05:00:00,o3,PIIANN,27.25,37.18909
2025-01-06 22:00:00,o3,PIIANN,8.15,7.841837
2025-04-05 13:00:00,o3,PIIANN,22.35,23.149595
2024-07-10 12:00:00,o3,PIIANN,16.0,27.934908
2025-10-06 14:00:00,o3,PIIANN,19.2,21.029121
2025-11-02 09:00:00,o3,PIIANN,16.73,22.707226
2025-04-06 12:00:00,o3,PIIANN,10.25,10.066645
2024-06-06 04:00:00,o3,PIIANN,17.08,16.261354
2023-03-02 03:00:00,o3,PIIANN,25.7,21.490047
2023-09-12 11:00:00,o3,PIIANN,41.6,25.261557
2023-09-12 16:00:00,o3,PIIANN,30.125,36.16192
2025-06-06 05:00:00,o3,PIIANN,3.8999994,8.967932
2024-06-10 13:00:00,o3,PIIANN,22.4,22.133656
2023-09-09 02:00:00,o3,PIIANN,0.3999994,3.78598
2023-11-03 00:00:00,o3,PIIANN,47.8,19.52271
2025-01-03 13:00:00,o3,PIIANN,8.77,23.181158
2024-10-06 18:00:00,o3,PIIANN,22.9,20.038189
2024-12-03 14:00:00,o3,PIIANN,87.88,55.183853
2023-03-08 20:00:00,o3,PIIANN,18.25,12.60185
2025-12-01 21:00:00,o3,PIIANN,17.42,16.55123
2025-09-03 21:00:00,o3,PIIANN,15.7,12.102162
2023-06-05 16:00:00,o3,PIIANN,122.3,109.575645
2025-10-05 17:00:00,o3,PIIANN,7.75,16.89912
2023-05-05 21:00:00,o3,PIIANN,8.1,26.920221
2023-11-12 11:00:00,o3,PIIANN,83.075,41.19731
2025-09-06 05:00:00,o3,PIIANN,5.67,14.283767
2025-09-05 19:00:00,o3,PIIANN,19.4,13.500603
2023-07-02 02:00:00,o3,PIIANN,76.075,31.89394
2024-02-06 12:00:00,o3,PIIANN,23.58,29.421444
2024-05-07 11:00:00,o3,PIIANN,26.0,22.265945
2023-11-10 20:00:00,o3,PIIANN,5.575001,7.6471634
2024-09-11 01:00:00,o3,PIIANN,13.55,16.548986
2025-05-13 00:00:00,o3,PIIANN,12.714924,8.154675
2023-09-12 02:00:00,o3,PIIANN,1.8666666,9.823416
2023-06-09 14:00:00,o3,PIIANN,17.575,41.027557
2025-10-08 19:00:00,o3,PIIANN,16.9,10.000616
2023-06-06 23:00:00,o3,PIIANN,38.75,26.502314
2025-06-08 15:00:00,o3,PIIANN,14.12,9.325748
2024-12-04 03:00:00,o3,PIIANN,10.62,11.459532
2025-10-03 07:00:00,o3,PIIANN,16.55,20.819756
2025-04-12 18:00:00,o3,PIIANN,9.620001,11.707445
2024-06-02 23:00:00,o3,PIIANN,6.0,5.986494
2024-04-03 12:00:00,o3,PIIANN,27.9,79.3649
2025-07-11 03:00:00,o3,PIIANN,14.1,11.814687
2023-03-09 20:00:00,o3,PIIANN,7.7250004,7.4472923
2023-03-09 11:00:00,o3,PIIANN,52.55,69.88985
2025-05-13 02:00:00,o3,PIIANN,12.74477,12.857595
2025-03-12 14:00:00,o3,PIIANN,12.77,16.931934
2023-12-03 23:00:00,o3,PIIANN,7.200001,17.152096
2024-12-06 11:00:00,o3,PIIANN,26.38,29.643799
2025-11-04 19:00:00,o3,PIIANN,11.65,10.149279
2023-08-08 10:00:00,o3,PIIANN,30.725,36.48193
2023-06-02 12:00:00,o3,PIIANN,119.075,96.12598
2025-09-03 15:00:00,o3,PIIANN,15.9,19.013712
2023-03-05 11:00:00,o3,PIIANN,95.925,93.78161
2023-02-09 01:00:00,o3,PIIANN,5.1499996,10.01038
2024-05-07 19:00:00,o3,PIIANN,24.1,14.10738
2024-09-03 15:00:00,o3,PIIANN,78.2,67.05065
2023-02-04 08:00:00,o3,PIIANN,17.0,25.190563
2023-10-03 21:00:00,o3,PIIANN,38.975,31.169498
2025-03-04 13:00:00,o3,PIIANN,19.35,18.647734
2024-01-06 07:00:00,o3,PIIANN,26.25,25.990313
2023-12-08 22:00:00,o3,PIIANN,38.475,16.711521
2025-08-04 00:00:00,o3,PIIANN,12.82,14.090394
2024-02-03 19:00:00,o3,PIIANN,3.5799997,28.9262
2025-06-09 04:00:00,o3,PIIANN,15.6,20.286936
2023-12-06 00:00:00,o3,PIIANN,15.5,35.08439
2025-08-03 05:00:00,o3,PIIANN,15.93,18.921946
2025-08-03 19:00:00,o3,PIIANN,16.2,15.66859
2023-03-02 08:00:00,o3,PIIANN,65.225,29.648254
2024-05-11 17:00:00,o3,PIIANN,16.25,17.698019
2025-04-08 18:00:00,o3,PIIANN,16.07,9.981422
2023-07-03 19:00:00,o3,PIIANN,30.6,37.326183
2025-11-12 21:00:00,o3,PIIANN,12.5,9.925262
2023-05-11 02:00:00,o3,PIIANN,12.249999,19.067785
2024-04-08 19:00:00,o3,PIIANN,8.0,16.983086
2025-08-06 13:00:00,o3,PIIANN,4.7199993,15.685166
2023-02-04 02:00:00,o3,PIIANN,24.25,13.15165
2023-05-07 22:00:00,o3,PIIANN,8.6,5.1648445
2023-03-12 15:00:00,o3,PIIANN,74.15,75.27441
2025-02-05 16:00:00,o3,PIIANN,21.2,19.642124
2023-09-07 04:00:00,o3,PIIANN,3.3999994,7.959158
2023-06-01 13:00:00,o3,PIIANN,103.475,106.5623
2025-02-08 01:00:00,o3,PIIANN,16.2,11.707544
2023-07-02 21:00:00,o3,PIIANN,36.725,38.29326
2024-02-06 23:00:00,o3,PIIANN,28.98,18.346844
2024-10-07 14:00:00,o3,PIIANN,30.25,20.759327
2023-08-07 02:00:00,o3,PIIANN,18.325,17.290016
2023-11-02 21:00:00,o3,PIIANN,32.475,33.384525
2023-01-10 10:00:00,o3,PIIANN,23.225,31.108303
2025-08-13 01:00:00,o3,PIIANN,10.936236,9.627953
2023-06-02 14:00:00,o3,PIIANN,142.89998,104.70985
2023-11-09 12:00:00,o3,PIIANN,79.475,73.54409
2024-04-04 00:00:00,o3,PIIANN,30.88,15.941134
2023-02-01 17:00:00,o3,PIIANN,6.0,57.530605
2024-11-11 08:00:00,o3,PIIANN,16.35,22.975
2025-11-12 07:00:00,o3,PIIANN,13.15,19.986416
2025-02-10 09:00:00,o3,PIIANN,15.13,9.248535
2023-04-02 05:00:00,o3,PIIANN,8.366667,21.223341
2023-01-05 19:00:00,o3,PIIANN,61.825,49.18402
2025-06-09 05:00:00,o3,PIIANN,12.8,19.885683
2023-08-02 12:00:00,o3,PIIANN,92.075,99.81306
2023-07-06 17:00:00,o3,PIIANN,86.049995,68.54286
2023-06-05 22:00:00,o3,PIIANN,33.775,21.46469
2025-09-05 01:00:00,o3,PIIANN,20.15,9.34561
2025-11-12 06:00:00,o3,PIIANN,11.599999,18.59847
2024-06-11 23:00:00,o3,PIIANN,12.2,9.919586
2024-04-11 05:00:00,o3,PIIANN,11.8,15.2379
2024-04-06 08:00:00,o3,PIIANN,29.05,28.282711
2023-06-10 19:00:00,o3,PIIANN,23.425,11.830565
2024-03-06 21:00:00,o3,PIIANN,26.82,14.930044
2023-07-12 13:00:00,o3,PIIANN,30.4,38.283894
2024-05-03 13:00:00,o3,PIIANN,49.1,67.356514
2024-05-11 09:00:00,o3,PIIANN,15.62,18.041876
2023-12-04 13:00:00,o3,PIIANN,177.8,150.75555
2023-02-09 04:00:00,o3,PIIANN,5.25,8.661339
2025-06-12 11:00:00,o3,PIIANN,11.08,18.542067
2025-12-03 04:00:00,o3,PIIANN,16.52,18.628712
2024-11-02 17:00:00,o3,PIIANN,17.0,45.111168
2023-07-07 04:00:00,o3,PIIANN,8.075001,14.593043
2023-06-02 06:00:00,o3,PIIANN,11.5,29.09473
2024-06-04 05:00:00,o3,PIIANN,43.63,12.139874
2024-01-03 06:00:00,o3,PIIANN,13.65,23.340029
2024-11-02 01:00:00,o3,PIIANN,0.4999998,13.507371
2023-01-10 03:00:00,o3,PIIANN,7.6000004,7.141588
2025-03-12 07:00:00,o3,PIIANN,12.07,11.292196
2024-09-11 23:00:00,o3,PIIANN,16.65,11.941998
2025-06-03 12:00:00,o3,PIIANN,14.7,19.84902
2023-11-10 01:00:00,o3,PIIANN,5.325001,9.569971
2024-04-05 02:00:00,o3,PIIANN,9.9,14.689233
2024-06-09 09:00:00,o3,PIIANN,15.12,21.849619
2024-09-04 12:00:00,o3,PIIANN,21.15,33.706715
2024-12-07 20:00:00,o3,PIIANN,25.55,18.198471
2023-05-03 15:00:00,o3,PIIANN,147.525,129.9937
2023-11-12 15:00:00,o3,PIIANN,65.1,55.90351
2023-04-07 10:00:00,o3,PIIANN,40.675,59.345737
2025-07-10 18:00:00,o3,PIIANN,15.25,12.610348
2023-01-11 21:00:00,o3,PIIANN,6.625,17.688137
2024-12-07 02:00:00,o3,PIIANN,20.03,21.190998
2023-11-11 14:00:00,o3,PIIANN,80.05,91.42132
2025-10-09 06:00:00,o3,PIIANN,12.300001,15.9845705
2023-12-08 15:00:00,o3,PIIANN,61.525,61.600742
2025-08-08 12:00:00,o3,PIIANN,13.9,13.470553
2025-05-07 10:00:00,o3,PIIANN,16.4,17.089283
2024-03-11 23:00:00,o3,PIIANN,13.95,8.349363
2023-10-04 19:00:00,o3,PIIANN,78.875,69.69059
2025-01-05 14:00:00,o3,PIIANN,14.4,11.481377
2023-12-06 13:00:00,o3,PIIANN,63.975,68.88211
2025-05-01 13:00:00,o3,PIIANN,19.68,20.407385
2024-04-05 05:00:00,o3,PIIANN,5.130001,15.653304
2025-03-12 16:00:00,o3,PIIANN,13.15,14.974611
2025-12-10 09:00:00,o3,PIIANN,14.4,18.04518
2024-01-04 01:00:00,o3,PIIANN,14.810909,18.563442
2024-05-02 08:00:00,o3,PIIANN,18.28,20.2841
2023-02-11 15:00:00,o3,PIIANN,84.62499,88.22356
2024-07-02 04:00:00,o3,PIIANN,17.58,19.638052
2023-10-09 04:00:00,o3,PIIANN,4.8500004,9.019623
2023-11-08 17:00:00,o3,PIIANN,59.3,38.610386
2025-11-05 14:00:00,o3,PIIANN,15.1,12.595307
2024-07-05 06:00:00,o3,PIIANN,13.95,11.677262
2025-04-12 08:00:00,o3,PIIANN,12.28,15.260535
2023-08-01 12:00:00,o3,PIIANN,148.55,119.13684
2024-01-06 06:00:00,o3,PIIANN,24.45,24.072735
2023-06-09 13:00:00,o3,PIIANN,39.95,55.887447
2023-04-09 07:00:00,o3,PIIANN,13.35,22.939508
2024-06-04 20:00:00,o3,PIIANN,5.25,7.2757454
2023-08-11 09:00:00,o3,PIIANN,58.95,35.724945
2024-04-10 11:00:00,o3,PIIANN,21.67,23.256645
2023-10-08 01:00:00,o3,PIIANN,9.85,9.485413
2023-07-01 23:00:00,o3,PIIANN,5.800001,6.954424
2023-11-11 19:00:00,o3,PIIANN,2.8250005,25.01401
2025-09-04 22:00:00,o3,PIIANN,16.95,12.468505
2024-07-08 03:00:00,o3,PIIANN,9.68,21.198652
2025-02-12 21:00:00,o3,PIIANN,12.549999,8.531681
2025-07-05 11:00:00,o3,PIIANN,19.58,15.251434
2023-09-03 15:00:00,o3,PIIANN,167.125,134.07277
2025-04-03 21:00:00,o3,PIIANN,15.35,11.866503
2025-05-10 22:00:00,o3,PIIANN,17.0,9.955799
2025-03-13 01:00:00,o3,PIIANN,12.952954,11.448934
2024-06-12 05:00:00,o3,PIIANN,20.95,20.872702
2023-09-04 17:00:00,o3,PIIANN,112.4,105.99789
2025-05-02 08:00:00,o3,PIIANN,15.68,21.297506
2025-10-12 06:00:00,o3,PIIANN,12.18,14.997777
2025-02-11 21:00:00,o3,PIIANN,15.27,9.778112
2025-08-11 14:00:00,o3,PIIANN,16.12,18.855957
2025-02-08 20:00:00,o3,PIIANN,15.52,11.510967
2025-08-09 22:00:00,o3,PIIANN,15.4,13.000779
2024-02-03 22:00:00,o3,PIIANN,21.88,19.866873
2023-03-04 19:00:00,o3,PIIANN,31.133333,50.806377
2025-01-08 23:00:00,o3,PIIANN,15.0,11.496092
2024-05-10 02:00:00,o3,PIIANN,15.7,17.055191
2024-09-04 15:00:00,o3,PIIANN,17.32,30.6344
2024-10-02 07:00:00,o3,PIIANN,17.0,21.351547
2024-06-05 20:00:00,o3,PIIANN,20.23,9.622837
2024-06-09 18:00:00,o3,PIIANN,14.95,14.282454
2023-03-08 07:00:00,o3,PIIANN,40.3,34.563263
2025-01-01 12:00:00,o3,PIIANN,18.62,23.483397
2024-02-02 01:00:00,o3,PIIANN,1.8299997,11.378946
2024-03-07 17:00:00,o3,PIIANN,24.48,19.152582
2023-12-08 02:00:00,o3,PIIANN,49.25,22.192984
2024-03-09 17:00:00,o3,PIIANN,19.95,13.970495
2024-04-08 08:00:00,o3,PIIANN,11.319999,22.75977
2023-04-05 00:00:00,o3,PIIANN,1.6666658,32.360687
2024-08-08 15:00:00,o3,PIIANN,11.449999,15.490352
2023-07-09 13:00:00,o3,PIIANN,29.525,54.289852
2024-08-13 02:00:00,o3,PIIANN,20.889715,16.88429
2023-12-11 19:00:00,o3,PIIANN,1.2000005,15.33599
2023-08-07 15:00:00,o3,PIIANN,21.325,33.773804
2025-05-10 11:00:00,o3,PIIANN,15.2,16.450748
2025-07-08 06:00:00,o3,PIIANN,11.599999,11.167557
2024-02-08 12:00:00,o3,PIIANN,10.899999,24.905746
2023-05-03 12:00:00,o3,PIIANN,138.575,127.49241
2025-02-11 06:00:00,o3,PIIANN,14.25,17.178343
2025-09-09 21:00:00,o3,PIIANN,14.85,10.343183
2025-01-07 07:00:00,o3,PIIANN,13.85,17.6493
2025-02-08 10:00:00,o3,PIIANN,16.68,12.829672
2023-06-08 05:00:00,o3,PIIANN,21.0,19.160326
2023-03-08 14:00:00,o3,PIIANN,59.65,76.00963
2025-02-08 23:00:00,o3,PIIANN,16.62,11.658885
2025-03-01 14:00:00,o3,PIIANN,19.85,16.747143
2025-02-06 05:00:00,o3,PIIANN,4.83,12.751096
2025-07-11 19:00:00,o3,PIIANN,14.8,11.592205
2024-05-05 00:00:00,o3,PIIANN,9.9,10.677607
2024-12-07 01:00:00,o3,PIIANN,24.18,19.872961
2023-02-09 21:00:00,o3,PIIANN,16.1,14.603516
2025-08-06 06:00:00,o3,PIIANN,7.1000004,11.783424
2024-12-10 16:00:00,o3,PIIANN,18.45,19.556782
2024-03-07 14:00:00,o3,PIIANN,26.8,21.177229
2024-12-12 11:00:00,o3,PIIANN,21.15,23.810253
2023-04-05 06:00:00,o3,PIIANN,24.2,31.198668
2024-05-07 14:00:00,o3,PIIANN,27.6,19.309946
2025-09-12 21:00:00,o3,PIIANN,13.15,9.462778
2023-10-06 12:00:00,o3,PIIANN,45.65,44.255295
2024-09-03 01:00:00,o3,PIIANN,19.38,19.595133
2023-12-03 02:00:00,o3,PIIANN,34.025,38.822754
2023-03-10 18:00:00,o3,PIIANN,80.066666,22.922003
2025-07-08 23:00:00,o3,PIIANN,16.02,8.756416
2023-08-02 04:00:00,o3,PIIANN,3.2333333,24.340965
2025-02-10 15:00:00,o3,PIIANN,15.63,21.068666
2023-11-10 06:00:00,o3,PIIANN,13.566667,11.3894825
2025-02-03 07:00:00,o3,PIIANN,10.879999,9.299961
2024-01-09 11:00:00,o3,PIIANN,14.7,22.554163
2023-12-10 21:00:00,o3,PIIANN,48.975,24.199997
2024-05-11 13:00:00,o3,PIIANN,23.42,15.727671
2023-04-09 15:00:00,o3,PIIANN,35.85,52.179432
2025-08-05 09:00:00,o3,PIIANN,8.4,22.318779
2024-08-06 06:00:00,o3,PIIANN,27.3,24.620384
2023-08-01 08:00:00,o3,PIIANN,31.125,31.992462
2024-03-12 17:00:00,o3,PIIANN,21.25,17.438826
2023-04-03 11:00:00,o3,PIIANN,128.525,119.3588
2023-11-10 13:00:00,o3,PIIANN,91.925,67.63703
2025-04-01 12:00:00,o3,PIIANN,19.55,13.261441
2023-07-06 14:00:00,o3,PIIANN,103.1,109.29752
2025-12-03 23:00:00,o3,PIIANN,15.8,8.1465
2025-01-07 16:00:00,o3,PIIANN,9.6,19.444782
2025-05-10 13:00:00,o3,PIIANN,14.6,14.151933
2023-03-08 12:00:00,o3,PIIANN,42.275,54.64472
2024-04-10 03:00:00,o3,PIIANN,20.88,21.33542
2023-05-10 10:00:00,o3,PIIANN,6.3500004,18.369682
2025-03-12 17:00:00,o3,PIIANN,12.7,13.176323
2024-04-03 23:00:00,o3,PIIANN,19.48,16.231213
2025-03-04 12:00:00,o3,PIIANN,18.85,18.720716
2023-09-08 12:00:00,o3,PIIANN,52.4,52.857807
2025-05-10 06:00:00,o3,PIIANN,12.5,14.709225
2025-08-03 01:00:00,o3,PIIANN,15.92,18.866753
2025-09-06 03:00:00,o3,PIIANN,6.8500004,17.734098
2024-01-05 20:00:00,o3,PIIANN,11.279999,11.458208
2025-09-09 16:00:00,o3,PIIANN,16.08,13.386092
2023-03-08 15:00:00,o3,PIIANN,90.5,65.9697
2025-05-12 08:00:00,o3,PIIANN,12.8,18.46098
2025-07-10 23:00:00,o3,PIIANN,15.5,8.981344
2025-04-02 06:00:00,o3,PIIANN,19.25,14.36208
2025-06-03 00:00:00,o3,PIIANN,16.233,17.049627
2025-10-02 04:00:00,o3,PIIANN,16.9,23.13198
2025-01-10 05:00:00,o3,PIIANN,15.83,18.710295
2025-03-04 23:00:00,o3,PIIANN,17.87,13.480579
2023-12-12 13:00:00,o3,PIIANN,83.524994,63.892
2023-01-05 01:00:00,o3,PIIANN,26.8,20.990843
2025-10-09 04:00:00,o3,PIIANN,14.7,16.35264
2023-03-12 01:00:00,o3,PIIANN,0.20000055,11.3853
2025-09-10 11:00:00,o3,PIIANN,15.5,16.490883
2024-03-07 16:00:00,o3,PIIANN,26.2,19.628866
2024-03-08 18:00:00,o3,PIIANN,8.220001,14.490567
2023-06-03 11:00:00,o3,PIIANN,127.0,116.11528
2024-02-08 06:00:00,o3,PIIANN,9.950001,21.751728
2025-10-05 12:00:00,o3,PIIANN,16.6,15.847812
2024-11-12 03:00:00,o3,PIIANN,20.42,16.508476
2024-05-06 12:00:00,o3,PIIANN,15.92,24.069765
2023-12-08 09:00:00,o3,PIIANN,34.375,46.458622
2024-09-09 03:00:00,o3,PIIANN,12.78,19.183231
2024-07-10 13:00:00,o3,PIIANN,20.08,25.080725
2023-09-03 00:00:00,o3,PIIANN,50.95,18.629848
2024-08-03 12:00:00,o3,PIIANN,85.78,76.74432
2023-10-09 05:00:00,o3,PIIANN,5.575001,9.477711
2023-11-10 23:00:00,o3,PIIANN,3.6666658,0.46051958
2023-05-02 04:00:00,o3,PIIANN,23.4,28.566551
2023-08-06 20:00:00,o3,PIIANN,25.775,25.099586
2024-12-04 22:00:00,o3,PIIANN,17.0,12.055658
2023-05-07 13:00:00,o3,PIIANN,38.1,60.442406
2025-01-07 17:00:00,o3,PIIANN,6.5,15.999486
2025-08-02 21:00:00,o3,PIIANN,18.02,15.728567
2024-06-06 22:00:00,o3,PIIANN,20.45,16.286285
2025-02-05 23:00:00,o3,PIIANN,19.18,12.985624
2025-11-02 11:00:00,o3,PIIANN,14.83,27.855204
2023-06-07 13:00:00,o3,PIIANN,46.125,49.84466
2023-06-06 11:00:00,o3,PIIANN,132.35,101.93147
2023-03-04 23:00:00,o3,PIIANN,72.175,39.3292
2023-11-05 10:00:00,o3,PIIANN,121.875,100.596664
2025-03-05 22:00:00,o3,PIIANN,19.8,13.746157
2023-10-04 07:00:00,o3,PIIANN,56.599995,28.976696
2024-01-09 18:00:00,o3,PIIANN,14.35,13.402601
2023-11-03 22:00:00,o3,PIIANN,25.225,23.099934
2023-03-12 05:00:00,o3,PIIANN,0.3999994,15.570701
2023-01-12 12:00:00,o3,PIIANN,79.25,80.84655
2024-11-03 20:00:00,o3,PIIANN,17.98,26.219862
2023-03-03 10:00:00,o3,PIIANN,103.275,92.16011
2023-02-08 18:00:00,o3,PIIANN,19.6,56.357136
2024-06-11 14:00:00,o3,PIIANN,11.5,16.564896
2024-01-10 22:00:00,o3,PIIANN,16.42,12.886839
2023-07-11 15:00:00,o3,PIIANN,78.725,79.168045
2024-06-03 23:00:00,o3,PIIANN,25.5,31.213741
2023-08-04 11:00:00,o3,PIIANN,136.17499,121.98786
2024-01-08 09:00:00,o3,PIIANN,10.6,20.700645
2023-12-08 06:00:00,o3,PIIANN,6.1499996,30.556917
2025-04-02 21:00:00,o3,PIIANN,18.42,9.442715
2024-10-12 07:00:00,o3,PIIANN,20.2,15.319081
2025-09-08 04:00:00,o3,PIIANN,18.15,13.486958
2025-04-04 18:00:00,o3,PIIANN,19.02,21.237015
2023-08-08 17:00:00,o3,PIIANN,25.675,43.132477
2024-10-12 11:00:00,o3,PIIANN,19.0,20.319487
2024-07-06 15:00:00,o3,PIIANN,21.52,25.320501
2024-09-11 00:00:00,o3,PIIANN,14.42,20.02417
2025-03-10 18:00:00,o3,PIIANN,14.55,14.18781
2025-01-02 13:00:00,o3,PIIANN,20.55,19.222162
2023-06-09 06:00:00,o3,PIIANN,10.45,10.75901
2024-08-10 00:00:00,o3,PIIANN,14.6,13.593816
2025-06-10 12:00:00,o3,PIIANN,16.17,20.81268
2025-01-11 09:00:00,o3,PIIANN,14.48,14.342413
2023-12-03 01:00:00,o3,PIIANN,36.925,41.634686
2024-09-13 01:00:00,o3,PIIANN,20.44194,15.051292
2024-02-08 20:00:00,o3,PIIANN,9.880001,13.342207
2025-08-10 11:00:00,o3,PIIANN,15.45,16.68555
2023-01-11 14:00:00,o3,PIIANN,85.275,92.52441
2024-08-07 06:00:00,o3,PIIANN,20.52,21.93001
2024-12-02 19:00:00,o3,PIIANN,13.28,11.461292
2025-08-04 16:00:00,o3,PIIANN,17.0,20.51687
2025-05-11 20:00:00,o3,PIIANN,14.3,8.912201
2025-07-13 02:00:00,o3,PIIANN,11.030198,11.924958
2025-05-05 06:00:00,o3,PIIANN,19.35,17.049988
2023-01-08 10:00:00,o3,PIIANN,38.15,60.560368
2024-11-09 04:00:00,o3,PIIANN,13.75,16.782433
2025-12-07 00:00:00,o3,PIIANN,6.1000004,14.889117
2023-06-04 11:00:00,o3,PIIANN,64.15,87.49366
2024-12-04 08:00:00,o3,PIIANN,8.85,16.17509
2025-01-11 20:00:00,o3,PIIANN,15.48,12.12655
2024-07-01 13:00:00,o3,PIIANN,99.95,68.94834
2024-05-12 08:00:00,o3,PIIANN,19.25,21.198185
2024-06-12 01:00:00,o3,PIIANN,19.75,13.717817
2023-06-03 08:00:00,o3,PIIANN,74.8,42.422115
2025-07-09 03:00:00,o3,PIIANN,14.65,14.747974
2024-07-12 04:00:00,o3,PIIANN,20.68,14.09629
2025-07-09 02:00:00,o3,PIIANN,14.95,13.474089
2024-04-12 12:00:00,o3,PIIANN,20.27,28.350851
2024-05-08 19:00:00,o3,PIIANN,9.880001,12.130789
2024-07-12 01:00:00,o3,PIIANN,19.8,11.855654
2023-11-12 03:00:00,o3,PIIANN,1.612499,9.104797
2024-11-06 22:00:00,o3,PIIANN,24.55,16.36307
2024-05-04 06:00:00,o3,PIIANN,32.15,18.841291
2025-09-10 04:00:00,o3,PIIANN,14.62,14.236571
2024-04-04 01:00:00,o3,PIIANN,30.65,14.861512
2025-09-04 06:00:00,o3,PIIANN,16.38889,20.491505
2024-08-02 17:00:00,o3,PIIANN,17.55,50.88552
2025-03-05 19:00:00,o3,PIIANN,21.02,20.708282
2024-11-03 02:00:00,o3,PIIANN,31.02,28.013168
2024-10-02 19:00:00,o3,PIIANN,1.4199998,23.02925
2025-08-05 23:00:00,o3,PIIANN,17.95,9.991323
2025-12-04 06:00:00,o3,PIIANN,9.65,14.688028
2023-09-04 04:00:00,o3,PIIANN,1.299999,15.890235
2023-09-04 20:00:00,o3,PIIANN,25.975,35.31726
2025-10-03 12:00:00,o3,PIIANN,15.97,24.870255
2025-12-02 08:00:00,o3,PIIANN,18.0,22.362791
2025-10-06 12:00:00,o3,PIIANN,10.57,15.978306
2025-03-03 22:00:00,o3,PIIANN,16.95,19.167135
2025-05-09 11:00:00,o3,PIIANN,13.52,16.150652
2025-09-06 23:00:00,o3,PIIANN,5.3500004,10.869305
2025-05-08 03:00:00,o3,PIIANN,15.92,15.167239
2023-04-03 23:00:00,o3,PIIANN,38.825,22.476847
2023-12-12 09:00:00,o3,PIIANN,34.05,14.725296
2023-02-11 06:00:00,o3,PIIANN,13.766666,18.414131
2024-05-10 22:00:00,o3,PIIANN,15.6,12.188729
2025-09-07 22:00:00,o3,PIIANN,10.45,11.885521
2024-06-03 02:00:00,o3,PIIANN,22.92,25.89038
2025-07-02 09:00:00,o3,PIIANN,16.4,26.52752
2025-05-04 14:00:00,o3,PIIANN,18.48,20.961725
2024-08-12 11:00:00,o3,PIIANN,19.08,22.718218
2024-05-01 16:00:00,o3,PIIANN,54.08,60.457985
2025-04-01 16:00:00,o3,PIIANN,19.68,16.549675
2023-10-09 11:00:00,o3,PIIANN,48.775,46.170403
2025-01-08 06:00:00,o3,PIIANN,17.13,17.588955
2023-09-11 03:00:00,o3,PIIANN,5.5,15.964366
2025-04-11 05:00:00,o3,PIIANN,13.7,17.431349
2024-12-11 11:00:00,o3,PIIANN,15.2,23.276627
2024-09-06 23:00:00,o3,PIIANN,23.55,18.005787
2023-05-08 21:00:00,o3,PIIANN,6.4333344,8.550152
2024-08-10 04:00:00,o3,PIIANN,22.05,21.961153
2023-12-10 11:00:00,o3,PIIANN,55.45,58.9359
2024-09-09 00:00:00,o3,PIIANN,17.75,10.773879
2024-03-03 06:00:00,o3,PIIANN,6.050001,25.315796
2023-09-05 08:00:00,o3,PIIANN,82.37499,52.069965
2025-08-03 03:00:00,o3,PIIANN,16.1,18.879557
2023-01-01 09:00:00,o3,PIIANN,52.925,41.244335
2025-08-01 15:00:00,o3,PIIANN,19.3,15.697196
2024-03-12 09:00:00,o3,PIIANN,19.5,20.147636
2023-11-09 21:00:00,o3,PIIANN,21.2,13.052709
2025-08-02 17:00:00,o3,PIIANN,14.08,19.310528
2025-12-11 11:00:00,o3,PIIANN,15.45,17.542076
2023-07-05 18:00:00,o3,PIIANN,64.05,66.11129
2023-01-06 08:00:00,o3,PIIANN,87.275,58.140453
2025-12-07 22:00:00,o3,PIIANN,9.35,11.168042
2023-05-05 06:00:00,o3,PIIANN,26.866667,26.539389
2025-09-03 18:00:00,o3,PIIANN,16.32,12.903757
2023-07-07 01:00:00,o3,PIIANN,13.075,14.642855
2024-12-05 01:00:00,o3,PIIANN,44.95,22.765259
2024-09-05 10:00:00,o3,PIIANN,13.32,22.16063
2024-09-09 12:00:00,o3,PIIANN,10.62,24.632938
2025-07-07 09:00:00,o3,PIIANN,6.0200005,11.772594
2024-10-02 18:00:00,o3,PIIANN,2.2000005,34.584366
2024-03-06 16:00:00,o3,PIIANN,28.88,30.078321
2025-02-07 15:00:00,o3,PIIANN,11.699999,14.546152
2025-05-12 17:00:00,o3,PIIANN,12.75,12.800494
2023-09-11 01:00:00,o3,PIIANN,4.7250004,11.603127
2023-07-06 00:00:00,o3,PIIANN,26.075,21.254477
2023-01-03 08:00:00,o3,PIIANN,52.225,61.31178
2024-04-02 01:00:00,o3,PIIANN,15.9,36.572926
2024-03-11 20:00:00,o3,PIIANN,11.049999,6.133871
2024-12-06 14:00:00,o3,PIIANN,21.22,28.09693
2024-06-06 11:00:00,o3,PIIANN,16.2,29.57776
2024-03-06 04:00:00,o3,PIIANN,29.68,18.392447
2023-01-03 19:00:00,o3,PIIANN,5.075001,45.409534
2023-11-05 15:00:00,o3,PIIANN,134.1,108.328514
2023-06-03 14:00:00,o3,PIIANN,129.35,127.004036
2023-11-01 16:00:00,o3,PIIANN,74.55,101.50486
2024-05-08 06:00:00,o3,PIIANN,5.1499996,18.761507
2025-10-03 10:00:00,o3,PIIANN,16.05,22.755302
2023-07-04 23:00:00,o3,PIIANN,2.2000005,18.028399
2023-02-03 12:00:00,o3,PIIANN,140.675,119.600555
2023-05-09 05:00:00,o3,PIIANN,5.5249996,10.9414625
2023-11-07 05:00:00,o3,PIIANN,34.8,20.171442
2024-06-09 12:00:00,o3,PIIANN,22.62,22.999338
2023-01-02 22:00:00,o3,PIIANN,100.275,58.859276
2023-10-09 14:00:00,o3,PIIANN,51.7,64.31116
2025-11-06 22:00:00,o3,PIIANN,17.12,16.460659
2024-03-08 08:00:00,o3,PIIANN,10.45,22.092192
2023-09-06 12:00:00,o3,PIIANN,65.5,72.993576
2023-02-03 02:00:00,o3,PIIANN,2.433334,13.591195
2023-09-07 21:00:00,o3,PIIANN,11.699999,19.43905
2025-08-07 18:00:00,o3,PIIANN,15.32,15.50901
2024-10-11 07:00:00,o3,PIIANN,15.8,18.373589
2025-03-07 20:00:00,o3,PIIANN,7.3999996,12.668112
2024-09-07 18:00:00,o3,PIIANN,26.6,14.889424
2023-05-09 17:00:00,o3,PIIANN,36.433334,43.219204
2024-07-08 17:00:00,o3,PIIANN,12.58,14.304598
2023-09-09 08:00:00,o3,PIIANN,15.425,21.543385
2025-10-02 03:00:00,o3,PIIANN,16.82,23.654593
2025-01-11 03:00:00,o3,PIIANN,14.92,16.277483
2025-01-01 17:00:00,o3,PIIANN,19.35,11.651037
2025-01-05 08:00:00,o3,PIIANN,16.55,15.351096
2023-02-12 14:00:00,o3,PIIANN,110.4,98.60882
2025-01-02 18:00:00,o3,PIIANN,21.2,7.638317
2023-04-06 20:00:00,o3,PIIANN,17.0,17.824656
2024-08-08 11:00:00,o3,PIIANN,11.5,23.631733
2024-12-03 00:00:00,o3,PIIANN,25.78,23.488512
2024-10-04 12:00:00,o3,PIIANN,5.620001,23.908064
2023-09-01 15:00:00,o3,PIIANN,113.225,108.08528
2025-12-07 05:00:00,o3,PIIANN,7.8999996,11.88587
2025-03-02 17:00:00,o3,PIIANN,20.75,16.830006
2023-05-05 19:00:00,o3,PIIANN,57.775,46.979424
2023-04-07 16:00:00,o3,PIIANN,29.4,27.15526
2024-12-08 23:00:00,o3,PIIANN,14.3,11.773358
2023-11-03 09:00:00,o3,PIIANN,143.3,95.432335
2025-08-06 20:00:00,o3,PIIANN,4.7800007,11.603459
2023-02-10 13:00:00,o3,PIIANN,55.95,35.692284
2024-09-05 13:00:00,o3,PIIANN,10.200001,21.543406
2024-07-05 01:00:00,o3,PIIANN,16.15,7.3277073
2024-07-12 08:00:00,o3,PIIANN,20.0,21.139412
2025-02-07 13:00:00,o3,PIIANN,11.200001,13.539945
2025-11-03 09:00:00,o3,PIIANN,16.58,27.039867
2023-11-04 17:00:00,o3,PIIANN,109.9,120.14087
2024-06-06 12:00:00,o3,PIIANN,17.27,31.769316
2025-09-01 17:00:00,o3,PIIANN,18.48,15.716083
2023-06-09 07:00:00,o3,PIIANN,11.449999,16.697735
2023-06-03 00:00:00,o3,PIIANN,59.075,40.304394
2025-08-05 03:00:00,o3,PIIANN,15.428572,11.941197
2023-03-09 13:00:00,o3,PIIANN,64.075,73.25532
2023-04-03 19:00:00,o3,PIIANN,23.95,60.80687
2024-11-10 17:00:00,o3,PIIANN,24.12,21.613247
2025-09-02 12:00:00,o3,PIIANN,15.7,30.369272
2024-12-12 21:00:00,o3,PIIANN,21.2,11.176047
2025-06-01 20:00:00,o3,PIIANN,18.65,11.255039
2024-02-01 15:00:00,o3,PIIANN,74.85,70.89891
2024-12-05 22:00:00,o3,PIIANN,50.25,30.159298
2024-07-11 08:00:00,o3,PIIANN,11.48,15.703956
2024-11-09 13:00:00,o3,PIIANN,16.48,24.004793
2025-06-01 09:00:00,o3,PIIANN,19.67,15.094864
2024-06-07 06:00:00,o3,PIIANN,22.9,19.749458
2023-03-03 02:00:00,o3,PIIANN,0.45000055,10.764474
2024-07-02 06:00:00,o3,PIIANN,4.200001,19.750563
2023-02-06 07:00:00,o3,PIIANN,86.7,36.095467
2024-11-08 19:00:00,o3,PIIANN,11.149999,15.020454
2023-02-03 09:00:00,o3,PIIANN,62.725,34.709473
2025-08-10 06:00:00,o3,PIIANN,14.42,11.165688
2024-10-02 13:00:00,o3,PIIANN,75.55,67.47705
2023-10-02 00:00:00,o3,PIIANN,15.35,18.919668
2025-10-02 09:00:00,o3,PIIANN,17.18,31.660376
2025-04-09 06:00:00,o3,PIIANN,13.58,15.229562
2024-05-02 00:00:00,o3,PIIANN,18.55,10.137405
2025-02-06 18:00:00,o3,PIIANN,8.800001,11.58004
2025-01-10 21:00:00,o3,PIIANN,15.98,18.044521
2024-12-09 18:00:00,o3,PIIANN,10.3,18.45179
2024-12-02 07:00:00,o3,PIIANN,11.200001,20.46346
2023-11-12 13:00:00,o3,PIIANN,75.625,63.60409
2024-05-02 13:00:00,o3,PIIANN,57.6,76.877106
2023-01-01 21:00:00,o3,PIIANN,1.2000005,10.838415
2024-03-05 23:00:00,o3,PIIANN,10.53,7.912569
2024-07-06 07:00:00,o3,PIIANN,24.0,28.624493
2025-11-12 17:00:00,o3,PIIANN,11.98,15.550277
2025-06-11 05:00:00,o3,PIIANN,16.0,14.112078
2023-10-01 18:00:00,o3,PIIANN,6.325001,35.95259
2023-06-11 14:00:00,o3,PIIANN,63.625,84.44661
2025-11-08 18:00:00,o3,PIIANN,15.55,12.724928
2025-04-08 19:00:00,o3,PIIANN,16.08,10.383797
2024-04-02 20:00:00,o3,PIIANN,25.7,25.146885
2023-07-07 15:00:00,o3,PIIANN,29.275,41.22346
2025-02-04 19:00:00,o3,PIIANN,19.58,20.493881
2023-11-02 14:00:00,o3,PIIANN,136.0,112.29621
2025-10-11 07:00:00,o3,PIIANN,13.65,17.566282
2025-02-04 02:00:00,o3,PIIANN,13.4,14.55759
2023-04-02 16:00:00,o3,PIIANN,102.925,99.01694
2025-10-03 04:00:00,o3,PIIANN,16.12,18.571857
2025-11-12 12:00:00,o3,PIIANN,11.4,19.077005
2025-10-09 19:00:00,o3,PIIANN,13.0,16.841082
2023-03-10 12:00:00,o3,PIIANN,19.95,37.779613
2025-12-06 00:00:00,o3,PIIANN,10.31,7.5635586
2023-08-09 06:00:00,o3,PIIANN,16.35,11.2782755
2025-03-06 00:00:00,o3,PIIANN,7.5,12.913524
2023-02-12 20:00:00,o3,PIIANN,0.7000006,7.442829
2024-06-06 08:00:00,o3,PIIANN,18.42,20.631332
2024-08-02 14:00:00,o3,PIIANN,68.1,56.991467
2024-02-04 21:00:00,o3,PIIANN,17.38,15.597559
2024-07-13 00:00:00,o3,PIIANN,20.092299,12.1731825
2025-03-12 04:00:00,o3,PIIANN,12.8,13.506211
2023-08-10 07:00:00,o3,PIIANN,2.9999998,18.69449
2024-02-07 07:00:00,o3,PIIANN,24.8,22.86878
2025-01-09 22:00:00,o3,PIIANN,16.2,12.3346815
2024-08-02 23:00:00,o3,PIIANN,1.3800008,10.678207
2025-06-07 08:00:00,o3,PIIANN,9.120001,11.975793
2024-01-05 10:00:00,o3,PIIANN,16.7,22.607313
2024-05-04 18:00:00,o3,PIIANN,37.0,31.883183
2024-08-07 14:00:00,o3,PIIANN,25.45,19.56182
2025-06-08 16:00:00,o3,PIIANN,13.8,9.340462
2025-01-06 13:00:00,o3,PIIANN,7.2199993,13.06218
2023-03-07 09:00:00,o3,PIIANN,55.299995,40.259445
2023-09-08 08:00:00,o3,PIIANN,25.475,21.89255
2023-09-07 19:00:00,o3,PIIANN,9.6,12.275049
2025-02-11 10:00:00,o3,PIIANN,15.32,17.290045
2025-11-13 02:00:00,o3,PIIANN,13.460531,16.411345
2025-12-03 01:00:00,o3,PIIANN,16.42,15.272711
2023-12-12 12:00:00,o3,PIIANN,90.35,57.512264
2025-05-03 11:00:00,o3,PIIANN,14.86,17.237804
2025-07-08 15:00:00,o3,PIIANN,17.03,12.923693
2025-03-06 23:00:00,o3,PIIANN,12.549999,11.259879
2024-07-10 11:00:00,o3,PIIANN,18.52,30.633125
2023-07-06 09:00:00,o3,PIIANN,137.77498,84.511185
2023-05-01 20:00:00,o3,PIIANN,6.7250004,12.553733
2024-08-08 02:00:00,o3,PIIANN,11.999999,13.37073
2024-11-05 20:00:00,o3,PIIANN,37.95,19.772776
2025-06-05 03:00:00,o3,PIIANN,18.45,11.790095
2025-04-07 23:00:00,o3,PIIANN,12.22,10.615992
2025-08-04 03:00:00,o3,PIIANN,15.02,14.308866
2023-03-11 04:00:00,o3,PIIANN,2.8500001,18.041882
2025-11-04 14:00:00,o3,PIIANN,19.92,16.411148
2024-07-04 02:00:00,o3,PIIANN,4.2199993,8.786024
2023-06-11 12:00:00,o3,PIIANN,80.325,86.94796
2025-02-01 10:00:00,o3,PIIANN,19.52,14.71372
2025-01-08 03:00:00,o3,PIIANN,15.95,15.251271
2023-06-12 22:00:00,o3,PIIANN,7.5,6.950844
2023-02-01 13:00:00,o3,PIIANN,91.25,92.51058
2024-04-04 03:00:00,o3,PIIANN,29.5,15.522408
2025-04-05 18:00:00,o3,PIIANN,20.78,13.398319
2023-07-01 16:00:00,o3,PIIANN,66.625,82.793594
2024-06-08 08:00:00,o3,PIIANN,11.599999,20.204058
2025-11-02 15:00:00,o3,PIIANN,20.62,25.30152
2023-01-09 02:00:00,o3,PIIANN,8.35,7.3475475
2024-11-01 20:00:00,o3,PIIANN,13.27,14.00873
2024-06-04 01:00:00,o3,PIIANN,2.7700002,14.644072
2025-08-10 12:00:00,o3,PIIANN,16.6,16.63002
2024-04-05 17:00:00,o3,PIIANN,7.75,16.817093
2024-01-09 02:00:00,o3,PIIANN,14.68,17.116673
2023-10-06 04:00:00,o3,PIIANN,29.725,18.333202
2024-06-10 19:00:00,o3,PIIANN,22.3,17.350517
2024-11-09 05:00:00,o3,PIIANN,13.03,23.227057
2023-11-08 08:00:00,o3,PIIANN,25.35,26.035393
2023-02-02 18:00:00,o3,PIIANN,20.125,50.692806
2023-12-09 10:00:00,o3,PIIANN,61.5,53.62055
2025-12-12 01:00:00,o3,PIIANN,12.419999,13.811966
2024-08-11 22:00:00,o3,PIIANN,16.85,8.035055
2024-02-05 02:00:00,o3,PIIANN,9.300001,9.7217655
2025-07-05 21:00:00,o3,PIIANN,20.4,12.50706
2023-07-10 21:00:00,o3,PIIANN,3.3999994,-0.9440672
2023-11-04 05:00:00,o3,PIIANN,3.3500001,13.050534
2023-08-05 04:00:00,o3,PIIANN,49.5,41.31013
2025-07-06 01:00:00,o3,PIIANN,6.75,9.828194
2023-01-02 20:00:00,o3,PIIANN,64.85,39.964046
2024-03-02 06:00:00,o3,PIIANN,0.89999944,14.5702915
2025-08-08 03:00:00,o3,PIIANN,15.48,14.041839
2025-08-01 19:00:00,o3,PIIANN,19.35,10.653225
2025-12-06 02:00:00,o3,PIIANN,11.12,12.914885
2024-09-04 06:00:00,o3,PIIANN,17.0,19.871735
2024-05-03 18:00:00,o3,PIIANN,41.22,48.20238
2024-06-07 02:00:00,o3,PIIANN,24.65,15.807099
2023-02-06 02:00:00,o3,PIIANN,3.9999998,10.250916
2023-02-02 14:00:00,o3,PIIANN,149.725,107.86278
2024-01-01 14:00:00,o3,PIIANN,92.2,71.02212
2023-12-10 05:00:00,o3,PIIANN,0.3999994,8.028263
2025-09-13 01:00:00,o3,PIIANN,12.082472,10.290195
2025-12-07 03:00:00,o3,PIIANN,5.550001,14.119182
2024-09-07 13:00:00,o3,PIIANN,26.32,23.21888
2023-01-07 22:00:00,o3,PIIANN,2.6249998,21.244986
2023-11-09 03:00:00,o3,PIIANN,6.1000004,11.188162
2024-08-11 02:00:00,o3,PIIANN,19.2,13.871517
2025-01-07 13:00:00,o3,PIIANN,19.15,17.376842
2024-12-04 15:00:00,o3,PIIANN,17.0,30.061678
2024-01-02 18:00:00,o3,PIIANN,10.1,26.086218
2025-11-11 19:00:00,o3,PIIANN,15.58,12.275756
2024-07-09 14:00:00,o3,PIIANN,17.12,25.360468
2024-08-10 14:00:00,o3,PIIANN,23.4,24.92372
2024-03-03 16:00:00,o3,PIIANN,68.65,62.560272
2024-01-05 05:00:00,o3,PIIANN,8.57,11.478273
2025-10-12 15:00:00,o3,PIIANN,12.33,20.733498
2025-07-04 10:00:00,o3,PIIANN,17.0,19.004347
2025-03-05 08:00:00,o3,PIIANN,19.6,20.074207
2023-06-02 19:00:00,o3,PIIANN,101.325,79.199265
2024-10-04 01:00:00,o3,PIIANN,7.92,12.313355
2024-05-02 17:00:00,o3,PIIANN,42.22,103.58136
2024-04-06 16:00:00,o3,PIIANN,29.75,26.543968
2025-10-01 17:00:00,o3,PIIANN,18.62,13.347707
2025-01-06 03:00:00,o3,PIIANN,4.5699997,9.116596
2024-07-07 23:00:00,o3,PIIANN,23.68,14.000507
2025-08-12 08:00:00,o3,PIIANN,9.800001,19.151316
2023-07-07 17:00:00,o3,PIIANN,30.6,35.871315
2024-05-07 20:00:00,o3,PIIANN,21.75,13.269828
2024-05-05 14:00:00,o3,PIIANN,11.920001,8.726734
2024-07-01 21:00:00,o3,PIIANN,13.58,10.494722
2023-04-06 00:00:00,o3,PIIANN,38.775,14.962755
2023-05-03 04:00:00,o3,PIIANN,26.15,14.3636055
2023-09-01 20:00:00,o3,PIIANN,4.425001,15.471132
2024-02-12 13:00:00,o3,PIIANN,20.98,18.47487
2024-02-11 10:00:00,o3,PIIANN,22.85,30.81634
2023-03-07 22:00:00,o3,PIIANN,16.55,28.579245
2023-07-10 02:00:00,o3,PIIANN,13.633333,4.592806
2025-01-03 00:00:00,o3,PIIANN,12.68,8.453926
2025-07-06 22:00:00,o3,PIIANN,9.1,6.7875767
2025-01-11 22:00:00,o3,PIIANN,16.0,10.513024
2023-11-11 01:00:00,o3,PIIANN,0.30000094,6.673273
2025-12-12 23:00:00,o3,PIIANN,13.15,13.772215
2025-08-03 16:00:00,o3,PIIANN,15.98,18.932608
2023-11-06 12:00:00,o3,PIIANN,55.874996,39.403786
2025-02-02 09:00:00,o3,PIIANN,18.65,16.687313
2024-04-03 01:00:00,o3,PIIANN,9.35,17.970387
2024-07-02 13:00:00,o3,PIIANN,62.7,47.873775
2023-08-10 22:00:00,o3,PIIANN,5.6000004,-3.8054602
2024-08-05 12:00:00,o3,PIIANN,23.0,21.64521
2024-02-12 12:00:00,o3,PIIANN,20.82,18.60163
2023-06-08 06:00:00,o3,PIIANN,10.200001,22.520515
2025-02-03 12:00:00,o3,PIIANN,11.12,20.324244
2024-07-09 08:00:00,o3,PIIANN,13.25,19.635439
2024-11-08 22:00:00,o3,PIIANN,14.25,13.885257
2023-01-07 09:00:00,o3,PIIANN,17.0,28.972725
2025-02-12 07:00:00,o3,PIIANN,10.650001,13.416417
2024-09-07 17:00:00,o3,PIIANN,25.02,16.570347
2024-09-08 08:00:00,o3,PIIANN,9.280001,21.405573
2023-07-04 21:00:00,o3,PIIANN,17.7,28.25505
2023-02-06 05:00:00,o3,PIIANN,19.625,15.081794
2025-03-03 18:00:00,o3,PIIANN,20.08,25.843792
2025-06-13 00:00:00,o3,PIIANN,11.319214,11.460135
2025-09-07 23:00:00,o3,PIIANN,8.620001,11.390642
2024-09-05 19:00:00,o3,PIIANN,16.03,7.668083
2023-03-06 05:00:00,o3,PIIANN,8.875,15.804539
2024-01-02 19:00:00,o3,PIIANN,1.1000001,42.3783
2025-12-02 16:00:00,o3,PIIANN,17.68,23.004028
2025-03-09 12:00:00,o3,PIIANN,14.68,19.953918
2023-10-05 23:00:00,o3,PIIANN,34.75,29.610727
2024-06-01 22:00:00,o3,PIIANN,0.9500006,8.923065
2023-03-10 19:00:00,o3,PIIANN,3.799999,31.552645
2023-12-02 09:00:00,o3,PIIANN,43.35,44.87881
2025-10-05 00:00:00,o3,PIIANN,10.25,8.800653
2024-08-02 12:00:00,o3,PIIANN,70.28,56.238792
2024-09-08 01:00:00,o3,PIIANN,10.15,14.724512
2025-01-02 03:00:00,o3,PIIANN,20.33,11.958214
2024-09-09 22:00:00,o3,PIIANN,20.7,15.701273
2025-06-09 06:00:00,o3,PIIANN,12.5,21.87617
2024-10-02 01:00:00,o3,PIIANN,2.4187505,13.06654
2024-03-07 11:00:00,o3,PIIANN,28.2,26.42834
2024-07-02 12:00:00,o3,PIIANN,58.98,45.67496
2024-01-06 12:00:00,o3,PIIANN,24.75,29.957773
2023-06-04 16:00:00,o3,PIIANN,71.075,97.96031
2023-11-10 21:00:00,o3,PIIANN,3.4500005,2.0193555
2025-04-11 19:00:00,o3,PIIANN,15.8,11.321665
2025-04-06 00:00:00,o3,PIIANN,4.4799995,6.234646
2024-07-09 20:00:00,o3,PIIANN,22.52,15.873068
2023-02-01 19:00:00,o3,PIIANN,1.1249998,14.59964
2024-03-10 06:00:00,o3,PIIANN,17.1,27.580194
2025-01-04 10:00:00,o3,PIIANN,16.47,29.345716
2025-02-02 03:00:00,o3,PIIANN,20.72,12.725334
2025-03-10 22:00:00,o3,PIIANN,15.0,14.204962
2025-01-07 22:00:00,o3,PIIANN,7.6000004,9.129059
2024-06-11 22:00:00,o3,PIIANN,12.88,9.571396
2023-08-06 06:00:00,o3,PIIANN,25.433332,27.590433
2025-09-05 07:00:00,o3,PIIANN,19.6,17.118628
2024-10-12 00:00:00,o3,PIIANN,20.48,10.5965395
2025-08-02 13:00:00,o3,PIIANN,15.55,26.66302
2025-03-11 22:00:00,o3,PIIANN,15.3,10.409812
2025-07-12 19:00:00,o3,PIIANN,13.08,11.719409
2025-07-07 19:00:00,o3,PIIANN,4.1499996,7.3638363
2025-02-09 02:00:00,o3,PIIANN,15.58,14.409047
2023-10-12 11:00:00,o3,PIIANN,72.8,41.15769
2023-09-02 13:00:00,o3,PIIANN,101.975,105.441475
2024-10-08 18:00:00,o3,PIIANN,17.98,14.443927
2023-01-05 06:00:00,o3,PIIANN,40.4,37.197815
2024-02-05 04:00:00,o3,PIIANN,20.5,13.386011
2025-02-10 13:00:00,o3,PIIANN,15.8,17.624613
2023-08-08 22:00:00,o3,PIIANN,23.775,3.9448354
2025-05-10 21:00:00,o3,PIIANN,15.075,9.765459
2024-01-06 05:00:00,o3,PIIANN,27.22,23.977749
2024-11-02 14:00:00,o3,PIIANN,68.46667,77.60466
2024-09-01 19:00:00,o3,PIIANN,1.8999994,10.517687
2025-01-01 21:00:00,o3,PIIANN,18.92,17.023783
2024-11-05 09:00:00,o3,PIIANN,27.58,33.417492
2025-11-05 07:00:00,o3,PIIANN,18.7,13.7696495
2024-02-07 19:00:00,o3,PIIANN,26.45,20.070053
2024-05-01 21:00:00,o3,PIIANN,2.6699998,8.304506
2023-01-05 05:00:00,o3,PIIANN,37.1,34.45734
2024-02-03 03:00:00,o3,PIIANN,12.379999,22.059355
2023-04-12 09:00:00,o3,PIIANN,49.725,27.011974
2023-07-10 15:00:00,o3,PIIANN,28.4,22.48901
2023-08-11 20:00:00,o3,PIIANN,11.975,18.26356
2024-04-08 04:00:00,o3,PIIANN,8.280001,17.840702
2025-02-09 01:00:00,o3,PIIANN,15.58,13.222016
2025-07-11 23:00:00,o3,PIIANN,13.62,9.579025
2025-02-03 22:00:00,o3,PIIANN,11.98,19.961788
2025-12-11 19:00:00,o3,PIIANN,14.48,12.101754
2023-07-10 00:00:00,o3,PIIANN,16.15,1.2527483
2025-10-05 19:00:00,o3,PIIANN,15.75,15.101019
2024-09-02 06:00:00,o3,PIIANN,0.10000018,12.956659
2023-02-09 16:00:00,o3,PIIANN,53.924995,50.883118
2023-07-07 03:00:00,o3,PIIANN,12.249999,13.040089
2024-12-11 23:00:00,o3,PIIANN,20.6,14.469089
2025-03-07 05:00:00,o3,PIIANN,10.37,11.988454
2024-04-09 04:00:00,o3,PIIANN,13.85,20.319471
2023-12-04 21:00:00,o3,PIIANN,39.175,29.408915
2025-03-02 00:00:00,o3,PIIANN,20.42,16.279343
2024-01-02 20:00:00,o3,PIIANN,0.89999944,12.2401285
2023-02-03 14:00:00,o3,PIIANN,147.7,134.00786
2023-03-05 21:00:00,o3,PIIANN,4.5874996,14.022809
2025-10-11 14:00:00,o3,PIIANN,17.25,19.402617
2024-03-03 12:00:00,o3,PIIANN,76.18,67.15593
2024-01-02 16:00:00,o3,PIIANN,35.08,52.985847
2024-12-10 23:00:00,o3,PIIANN,16.75,20.676268
2024-06-10 21:00:00,o3,PIIANN,21.7,13.884504
2025-01-10 00:00:00,o3,PIIANN,16.27,13.438573
2024-10-10 03:00:00,o3,PIIANN,16.62,20.731014
2023-03-03 06:00:00,o3,PIIANN,8.6,13.40322
2024-10-01 19:00:00,o3,PIIANN,0.6000002,13.023492
2023-02-07 12:00:00,o3,PIIANN,26.75,47.14783
2024-10-09 15:00:00,o3,PIIANN,23.35,21.475332
2024-01-03 23:00:00,o3,PIIANN,14.48,18.39185
2025-06-02 04:00:00,o3,PIIANN,18.52,26.001099
2025-05-05 12:00:00,o3,PIIANN,21.65,19.05343
2023-03-02 22:00:00,o3,PIIANN,31.925,19.378656
2024-01-08 08:00:00,o3,PIIANN,10.6,22.439562
2024-10-08 03:00:00,o3,PIIANN,7.92,15.437389
2023-04-05 13:00:00,o3,PIIANN,92.125,98.0487
2023-05-11 18:00:00,o3,PIIANN,21.6,52.841194
2025-07-05 06:00:00,o3,PIIANN,18.7,13.919715
2025-09-06 07:00:00,o3,PIIANN,7.550001,17.073448
2024-07-07 13:00:00,o3,PIIANN,28.65,21.67572
2023-01-05 09:00:00,o3,PIIANN,90.174995,66.84227
2025-12-11 22:00:00,o3,PIIANN,14.98,12.148758
2025-08-10 22:00:00,o3,PIIANN,15.85,10.414441
2024-09-09 10:00:00,o3,PIIANN,11.08,20.397049
2023-12-04 18:00:00,o3,PIIANN,35.675,87.600975
2024-03-10 07:00:00,o3,PIIANN,11.3,22.866085
2024-07-08 02:00:00,o3,PIIANN,12.78,15.484715
2024-07-12 12:00:00,o3,PIIANN,19.52,24.760576
2024-02-10 08:00:00,o3,PIIANN,13.32,21.897507
2024-10-02 16:00:00,o3,PIIANN,54.18,71.68655
2023-09-04 07:00:00,o3,PIIANN,47.05,29.183102
2024-11-12 08:00:00,o3,PIIANN,19.75,15.6412
2023-11-11 15:00:00,o3,PIIANN,77.15,81.75795
2023-11-10 22:00:00,o3,PIIANN,5.3500004,-0.5592119
2023-11-07 00:00:00,o3,PIIANN,27.4,13.798676
2024-12-01 18:00:00,o3,PIIANN,6.3500004,19.640532
2024-05-06 10:00:00,o3,PIIANN,17.5,26.47035
2023-02-10 17:00:00,o3,PIIANN,17.0,26.52776
2024-09-05 02:00:00,o3,PIIANN,18.53,11.475344
2023-09-02 00:00:00,o3,PIIANN,38.375,16.293682
2025-04-03 23:00:00,o3,PIIANN,16.77,9.387878
2024-07-01 17:00:00,o3,PIIANN,12.05,54.8597
2025-08-04 07:00:00,o3,PIIANN,15.51,22.616184
2023-06-11 02:00:00,o3,PIIANN,1.1000001,13.669962
2025-03-10 15:00:00,o3,PIIANN,13.95,13.706247
2024-06-09 22:00:00,o3,PIIANN,18.12,13.343983
2025-05-02 16:00:00,o3,PIIANN,16.7,17.722055
2023-01-12 04:00:00,o3,PIIANN,17.0,20.941658
2025-11-02 05:00:00,o3,PIIANN,17.6,21.317514
2025-12-12 22:00:00,o3,PIIANN,13.18,10.628859
2023-06-05 17:00:00,o3,PIIANN,118.375,88.461426
2023-02-02 06:00:00,o3,PIIANN,53.15,46.210056
2024-08-02 21:00:00,o3,PIIANN,17.68,9.59828
2023-07-02 18:00:00,o3,PIIANN,32.3,65.72199
2023-07-08 21:00:00,o3,PIIANN,18.375,7.153635
2023-08-08 12:00:00,o3,PIIANN,40.95,51.486546
2023-12-01 17:00:00,o3,PIIANN,45.45,76.10915
2023-10-01 12:00:00,o3,PIIANN,106.55,105.54429
2025-03-09 10:00:00,o3,PIIANN,17.0,20.846083
2023-03-02 07:00:00,o3,PIIANN,24.875,16.93396
2023-03-06 23:00:00,o3,PIIANN,20.625,16.627987
2025-04-07 12:00:00,o3,PIIANN,18.77,19.512375
2023-11-11 09:00:00,o3,PIIANN,69.55,38.98549
2024-06-04 16:00:00,o3,PIIANN,10.0,16.866955
2025-12-03 22:00:00,o3,PIIANN,15.82,14.228751
2025-10-11 04:00:00,o3,PIIANN,14.65,15.561623
2025-01-08 05:00:00,o3,PIIANN,16.1,17.802483
2024-01-08 01:00:00,o3,PIIANN,11.25,21.805943
2023-04-02 14:00:00,o3,PIIANN,125.15,109.10675
2023-04-02 01:00:00,o3,PIIANN,17.475,3.9821603
2023-06-10 17:00:00,o3,PIIANN,27.0,20.563261
2025-07-10 04:00:00,o3,PIIANN,14.62,15.848041
2023-02-07 02:00:00,o3,PIIANN,14.866667,15.428176
2024-12-07 22:00:00,o3,PIIANN,25.62,17.218178
2024-01-13 01:00:00,o3,PIIANN,20.38151,13.938746
2023-06-09 01:00:00,o3,PIIANN,7.050001,0.9904478
2024-11-05 08:00:00,o3,PIIANN,23.8,36.622303
2024-05-08 15:00:00,o3,PIIANN,11.8,19.22703
2025-08-08 18:00:00,o3,PIIANN,14.35,8.402786
2023-08-12 17:00:00,o3,PIIANN,31.425,29.448782
2025-11-06 21:00:00,o3,PIIANN,17.48,16.30434
2024-03-06 03:00:00,o3,PIIANN,31.48,15.412123
2025-10-05 22:00:00,o3,PIIANN,15.9,11.425063
2024-02-11 09:00:00,o3,PIIANN,24.08,31.738958
2023-01-10 04:00:00,o3,PIIANN,1.6000001,10.247828
2023-07-04 12:00:00,o3,PIIANN,109.375,113.344734
2025-03-01 08:00:00,o3,PIIANN,19.25,15.467698
2024-01-02 12:00:00,o3,PIIANN,49.82,49.21105
2024-10-06 12:00:00,o3,PIIANN,26.3,34.591854
2024-12-03 04:00:00,o3,PIIANN,30.6,33.66706
2023-05-03 21:00:00,o3,PIIANN,41.775,33.653904
2023-01-12 19:00:00,o3,PIIANN,0.80000097,9.14978
2024-02-02 17:00:00,o3,PIIANN,28.38,60.36536
2025-12-11 00:00:00,o3,PIIANN,14.08,12.461332
2024-07-06 00:00:00,o3,PIIANN,20.68,5.9049816
2023-09-02 16:00:00,o3,PIIANN,90.975,84.48467
2023-08-08 01:00:00,o3,PIIANN,0.64999944,-1.5971034
2024-07-12 03:00:00,o3,PIIANN,19.48,15.197823
2025-11-03 14:00:00,o3,PIIANN,15.88,25.859898
2024-04-05 15:00:00,o3,PIIANN,13.8,25.024172
2024-05-07 21:00:00,o3,PIIANN,23.55,13.016991
2023-04-07 03:00:00,o3,PIIANN,4.800001,20.82791
2025-03-12 09:00:00,o3,PIIANN,12.12,12.979924
2025-06-05 01:00:00,o3,PIIANN,18.08,10.515281
2023-04-12 15:00:00,o3,PIIANN,73.45,64.605316
2025-05-12 16:00:00,o3,PIIANN,12.98,14.263341
2025-12-10 03:00:00,o3,PIIANN,14.92,14.046411
2023-10-07 09:00:00,o3,PIIANN,30.425,39.433582
2023-11-10 18:00:00,o3,PIIANN,15.3,20.917763
2023-03-04 15:00:00,o3,PIIANN,95.35,101.31629
2023-12-11 06:00:00,o3,PIIANN,12.333333,21.547386
2024-04-11 08:00:00,o3,PIIANN,15.35,19.907047
2025-12-08 15:00:00,o3,PIIANN,15.92,16.917645
2024-09-05 14:00:00,o3,PIIANN,5.75,21.475721
2024-06-11 12:00:00,o3,PIIANN,14.85,19.311878
2024-09-10 05:00:00,o3,PIIANN,17.67,24.69629
2023-09-06 08:00:00,o3,PIIANN,62.6,49.975304
2025-10-06 02:00:00,o3,PIIANN,6.75,13.205671
2023-08-12 20:00:00,o3,PIIANN,3.424999,12.803764
2024-05-08 07:00:00,o3,PIIANN,8.200001,19.514082
2023-05-12 17:00:00,o3,PIIANN,9.466667,56.63166
2024-04-10 15:00:00,o3,PIIANN,18.1,19.109934
2023-08-05 05:00:00,o3,PIIANN,64.75,39.51225
2024-12-10 18:00:00,o3,PIIANN,23.88,28.977682
2024-04-05 03:00:00,o3,PIIANN,15.25,13.802724
2023-10-11 13:00:00,o3,PIIANN,96.175,103.95497
2023-04-09 06:00:00,o3,PIIANN,10.1,13.905542
2025-04-03 01:00:00,o3,PIIANN,17.77,14.087867
2025-06-12 14:00:00,o3,PIIANN,10.85,18.26284
2023-08-12 22:00:00,o3,PIIANN,2.1249998,7.3055058
2024-10-06 16:00:00,o3,PIIANN,29.32,23.796354
2024-09-05 01:00:00,o3,PIIANN,15.4,8.760109
2025-12-12 09:00:00,o3,PIIANN,12.7,21.380096
2024-11-04 05:00:00,o3,PIIANN,12.2300005,19.689583
2025-12-10 06:00:00,o3,PIIANN,13.15,16.187191
2025-06-03 20:00:00,o3,PIIANN,15.5,14.072352
2024-02-08 16:00:00,o3,PIIANN,11.999999,18.927227
2025-02-06 04:00:00,o3,PIIANN,4.8500004,12.0955925
2023-10-02 15:00:00,o3,PIIANN,105.225,97.991196
2023-07-07 05:00:00,o3,PIIANN,6.7666664,16.952751
2024-12-04 18:00:00,o3,PIIANN,17.0,17.32047
2025-10-05 20:00:00,o3,PIIANN,15.25,12.905927
2023-10-06 10:00:00,o3,PIIANN,32.875,38.56715
