target_timestamp,target,model,observed,predicted
2023-02-10 20:00:00,aqi,GRU,99.99999991819155,106.04762
2022-08-07 15:00:00,aqi,GRU,43.00000066425701,50.016544
2022-02-07 19:00:00,aqi,GRU,57.99999897544661,65.30527
2021-05-09 06:00:00,aqi,GRU,26.999998610575936,37.108322
2021-05-09 02:00:00,aqi,GRU,25.000000021928756,47.215694
2022-12-02 13:00:00,aqi,GRU,68.00000081501827,62.835163
2021-10-03 22:00:00,aqi,GRU,258.0000068537885,256.06967
2023-08-09 02:00:00,aqi,GRU,68.00000081501827,68.01896
2022-09-05 11:00:00,aqi,GRU,68.00000081501827,47.648407
2021-06-01 02:00:00,aqi,GRU,354.9999940052752,326.98624
2022-01-02 04:00:00,aqi,GRU,68.00000081501827,232.81393
2021-05-09 21:00:00,aqi,GRU,47.99999935995889,53.286163
2021-01-07 12:00:00,aqi,GRU,57.99999897544661,56.515198
2021-06-04 14:00:00,aqi,GRU,152.9999986587058,158.18147
2021-03-08 21:00:00,aqi,GRU,68.00000081501827,57.51919
2023-02-02 20:00:00,aqi,GRU,68.00000081501827,214.15828
2022-12-03 02:00:00,aqi,GRU,68.00000081501827,129.52843
2021-11-03 02:00:00,aqi,GRU,246.0000064255697,195.30226
2022-02-07 21:00:00,aqi,GRU,56.000000386799435,57.675556
2021-06-08 21:00:00,aqi,GRU,46.00000077131172,42.746216
2021-05-11 17:00:00,aqi,GRU,315.0000044396601,304.77127
2022-04-09 06:00:00,aqi,GRU,25.000000021928756,30.958603
2023-12-10 14:00:00,aqi,GRU,68.00000081501827,101.07639
2022-08-06 12:00:00,aqi,GRU,68.00000081501827,57.02188
2022-02-08 15:00:00,aqi,GRU,21.999999914874053,36.20068
2022-09-11 19:00:00,aqi,GRU,68.00000081501827,83.61906
2023-10-03 02:00:00,aqi,GRU,68.00000081501827,142.23015
2023-03-08 04:00:00,aqi,GRU,68.00000081501827,76.649796
2022-12-11 05:00:00,aqi,GRU,68.00000081501827,43.873543
2022-04-11 04:00:00,aqi,GRU,68.00000081501827,46.70776
2022-05-07 05:00:00,aqi,GRU,59.000000493854145,80.78827
2021-05-02 20:00:00,aqi,GRU,169.99999778262656,209.95557
2021-01-12 11:00:00,aqi,GRU,68.00000081501827,101.15961
2023-03-02 05:00:00,aqi,GRU,68.00000081501827,135.82521
2022-09-06 11:00:00,aqi,GRU,68.00000081501827,65.68903
2023-05-08 00:00:00,aqi,GRU,125.99999991929738,196.13335
2021-02-03 15:00:00,aqi,GRU,99.99999991819155,81.35369
2021-01-05 09:00:00,aqi,GRU,49.00000087836643,60.31488
2022-08-09 12:00:00,aqi,GRU,34.00000034309288,35.641315
2023-03-01 17:00:00,aqi,GRU,257.000005335381,290.01987
2023-07-11 10:00:00,aqi,GRU,68.00000081501827,270.15417
2022-03-07 15:00:00,aqi,GRU,49.99999794860607,53.71096
2021-03-08 14:00:00,aqi,GRU,68.00000081501827,39.27791
2023-10-07 19:00:00,aqi,GRU,68.00000081501827,185.95999
2022-10-04 02:00:00,aqi,GRU,68.00000081501827,276.37747
2022-08-05 15:00:00,aqi,GRU,68.00000081501827,60.987034
2022-10-12 00:00:00,aqi,GRU,68.00000081501827,124.483215
2021-07-12 20:00:00,aqi,GRU,68.00000081501827,129.80179
2022-07-12 15:00:00,aqi,GRU,68.00000081501827,61.80109
2023-05-10 10:00:00,aqi,GRU,55.00000109247584,42.234158
2023-01-04 02:00:00,aqi,GRU,68.00000081501827,89.365295
2022-08-09 08:00:00,aqi,GRU,37.00000045014759,37.764355
2021-12-11 05:00:00,aqi,GRU,68.00000081501827,282.99066
2022-04-11 15:00:00,aqi,GRU,68.00000081501827,83.93388
2023-08-06 19:00:00,aqi,GRU,68.00000081501827,82.59822
2022-10-02 20:00:00,aqi,GRU,68.00000081501827,129.54242
2021-10-08 14:00:00,aqi,GRU,35.99999893174006,34.229816
2021-05-02 08:00:00,aqi,GRU,211.99999928139246,197.74294
2023-02-03 13:00:00,aqi,GRU,68.00000081501827,62.379303
2021-11-07 19:00:00,aqi,GRU,69.00000010934185,57.820957
2022-06-07 06:00:00,aqi,GRU,103.99999987559083,129.17432
2022-12-09 02:00:00,aqi,GRU,102.00000017490169,73.842094
2023-11-10 03:00:00,aqi,GRU,68.00000081501827,114.98578
2021-12-08 00:00:00,aqi,GRU,68.00000081501827,73.00563
2022-03-01 15:00:00,aqi,GRU,68.00000081501827,374.74112
2023-07-01 05:00:00,aqi,GRU,92.9999999927428,112.88444
2021-02-12 17:00:00,aqi,GRU,68.00000081501827,81.704414
2022-02-10 14:00:00,aqi,GRU,93.50000005692034,65.906395
2021-03-09 18:00:00,aqi,GRU,72.99999951072016,63.553967
2021-05-11 07:00:00,aqi,GRU,294.999991864181,310.84717
2022-07-01 10:00:00,aqi,GRU,68.00000081501827,249.75246
2022-01-05 03:00:00,aqi,GRU,68.00000081501827,189.98734
2021-04-09 15:00:00,aqi,GRU,47.99999935995889,43.81698
2021-03-02 04:00:00,aqi,GRU,248.99999318812073,229.67104
2023-08-10 18:00:00,aqi,GRU,68.00000081501827,220.75577
2021-03-01 00:00:00,aqi,GRU,354.9999940052752,102.651
2023-07-05 08:00:00,aqi,GRU,113.99999949107854,104.00607
2022-02-06 18:00:00,aqi,GRU,68.00000081501827,85.1709
2023-08-07 18:00:00,aqi,GRU,68.00000081501827,143.20738
2021-08-03 18:00:00,aqi,GRU,185.00000276606798,156.06422
2023-10-10 10:00:00,aqi,GRU,68.00000081501827,85.159676
2021-07-01 14:00:00,aqi,GRU,210.99999776298495,224.15239
2021-08-10 20:00:00,aqi,GRU,140.999998230487,184.71466
2023-02-01 12:00:00,aqi,GRU,286.9999975095923,255.59734
2021-05-05 01:00:00,aqi,GRU,122.99999981224268,174.64583
2023-03-11 16:00:00,aqi,GRU,68.00000081501827,78.15636
2022-08-02 23:00:00,aqi,GRU,68.00000081501827,144.13197
2022-02-04 12:00:00,aqi,GRU,68.00000081501827,147.81773
2022-03-02 14:00:00,aqi,GRU,68.00000081501827,160.05582
2022-04-01 19:00:00,aqi,GRU,68.00000081501827,415.6531
2022-10-09 01:00:00,aqi,GRU,34.00000034309288,26.301163
2022-08-03 16:00:00,aqi,GRU,68.00000081501827,251.4233
2021-09-05 03:00:00,aqi,GRU,29.99999871763064,44.542732
2021-09-09 17:00:00,aqi,GRU,57.99999897544661,48.6913
2022-09-12 00:00:00,aqi,GRU,68.00000081501827,144.4836
2022-10-12 02:00:00,aqi,GRU,68.00000081501827,115.183075
2023-01-02 00:00:00,aqi,GRU,68.00000081501827,240.54153
2021-11-11 19:00:00,aqi,GRU,68.00000081501827,148.47717
2023-07-01 13:00:00,aqi,GRU,88.0000000459937,81.87207
2023-05-05 22:00:00,aqi,GRU,62.00000060090885,53.546673
2021-10-05 22:00:00,aqi,GRU,35.99999893174006,40.598907
2023-04-11 18:00:00,aqi,GRU,310.99999836603,323.45468
2021-02-10 17:00:00,aqi,GRU,69.99999940366544,61.557167
2021-02-09 06:00:00,aqi,GRU,40.0000005572023,32.698055
2021-05-12 06:00:00,aqi,GRU,68.00000081501827,156.02882
2022-12-05 19:00:00,aqi,GRU,68.00000081501827,120.80178
2021-10-08 07:00:00,aqi,GRU,41.00000207560983,26.207924
2022-07-06 02:00:00,aqi,GRU,68.00000081501827,142.37178
2022-01-11 07:00:00,aqi,GRU,68.00000081501827,61.839123
2023-11-02 04:00:00,aqi,GRU,68.00000081501827,260.46072
2022-01-01 02:00:00,aqi,GRU,68.00000081501827,129.32362
2021-10-07 18:00:00,aqi,GRU,49.00000087836643,48.091774
2022-03-02 10:00:00,aqi,GRU,68.00000081501827,172.12857
2021-05-03 04:00:00,aqi,GRU,128.99999780226815,112.40409
2021-05-05 22:00:00,aqi,GRU,137.00000105319265,127.02399
2021-07-10 03:00:00,aqi,GRU,32.000001754445705,55.12929
2021-08-12 02:00:00,aqi,GRU,68.00000081501827,362.0644
2021-06-07 07:00:00,aqi,GRU,72.99999951072016,62.325085
2022-08-10 00:00:00,aqi,GRU,26.000001540336285,35.710247
2022-09-11 11:00:00,aqi,GRU,68.00000081501827,55.843323
2023-11-01 04:00:00,aqi,GRU,68.00000081501827,105.95169
2022-04-04 06:00:00,aqi,GRU,68.00000081501827,105.49669
2021-08-11 23:00:00,aqi,GRU,386.00000549056557,385.09036
2021-07-02 05:00:00,aqi,GRU,146.00000137435677,125.49637
2022-11-10 13:00:00,aqi,GRU,29.99999871763064,39.758587
2023-06-04 18:00:00,aqi,GRU,68.00000081501827,65.47699
2022-10-01 10:00:00,aqi,GRU,68.00000081501827,244.63615
2021-12-08 17:00:00,aqi,GRU,60.99999908250132,50.820343
2023-04-08 09:00:00,aqi,GRU,271.9999925261509,226.64275
2023-05-10 09:00:00,aqi,GRU,57.99999897544661,42.074608
2022-01-05 10:00:00,aqi,GRU,68.00000081501827,99.13522
2023-03-11 01:00:00,aqi,GRU,68.00000081501827,124.77107
2021-12-08 13:00:00,aqi,GRU,46.00000077131172,43.88447
2022-07-11 00:00:00,aqi,GRU,68.00000081501827,31.34497
2021-07-07 18:00:00,aqi,GRU,55.00000109247584,57.531307
2021-09-08 14:00:00,aqi,GRU,35.99999893174006,51.131393
2022-10-03 12:00:00,aqi,GRU,68.00000081501827,110.17505
2023-12-09 18:00:00,aqi,GRU,68.00000081501827,62.823353
2021-10-06 07:00:00,aqi,GRU,46.00000077131172,42.66607
2022-10-12 16:00:00,aqi,GRU,68.00000081501827,80.62689
2023-11-01 18:00:00,aqi,GRU,68.00000081501827,161.3918
2022-06-04 13:00:00,aqi,GRU,68.00000081501827,131.62917
2022-04-04 13:00:00,aqi,GRU,68.00000081501827,130.30173
2022-12-01 01:00:00,aqi,GRU,68.00000081501827,100.455574
2022-08-03 07:00:00,aqi,GRU,68.00000081501827,295.84314
2022-03-04 10:00:00,aqi,GRU,68.00000081501827,199.30544
2022-08-04 03:00:00,aqi,GRU,68.00000081501827,178.85474
2021-11-03 14:00:00,aqi,GRU,216.99999797709435,224.47469
2022-07-12 09:00:00,aqi,GRU,68.00000081501827,54.23941
2021-07-05 21:00:00,aqi,GRU,40.0000005572023,37.493874
2022-09-12 20:00:00,aqi,GRU,68.00000081501827,128.64882
2021-01-06 22:00:00,aqi,GRU,50.9999994670136,58.70506
2022-02-11 15:00:00,aqi,GRU,68.00000081501827,69.09695
2022-12-11 22:00:00,aqi,GRU,68.00000081501827,127.28651
2021-06-06 15:00:00,aqi,GRU,55.00000109247584,51.382805
2022-07-13 02:00:00,aqi,GRU,68.00000081501827,113.23018
2023-03-04 23:00:00,aqi,GRU,68.00000081501827,111.469765
2023-03-03 13:00:00,aqi,GRU,68.00000081501827,56.56544
2022-06-01 08:00:00,aqi,GRU,68.00000081501827,383.12653
2022-07-12 23:00:00,aqi,GRU,68.00000081501827,132.02718
2021-01-11 05:00:00,aqi,GRU,290.0000020648149,300.60596
2021-09-02 20:00:00,aqi,GRU,68.00000081501827,164.03749
2021-05-08 11:00:00,aqi,GRU,25.000000021928756,35.047417
2021-02-03 03:00:00,aqi,GRU,122.00000051791909,107.020676
2023-09-09 21:00:00,aqi,GRU,68.00000081501827,74.089355
2021-09-01 23:00:00,aqi,GRU,68.00000081501827,109.06366
2021-04-09 01:00:00,aqi,GRU,43.00000066425701,29.743301
2022-04-11 09:00:00,aqi,GRU,68.00000081501827,66.449455
2021-08-11 02:00:00,aqi,GRU,415.9999976647769,293.99747
2021-12-05 17:00:00,aqi,GRU,38.99999903879477,43.47513
2021-03-09 15:00:00,aqi,GRU,62.999999895232435,59.837173
2021-09-09 02:00:00,aqi,GRU,35.99999893174006,28.540783
2023-11-09 15:00:00,aqi,GRU,68.00000081501827,50.163574
2023-10-08 14:00:00,aqi,GRU,68.00000081501827,53.81251
2023-06-06 16:00:00,aqi,GRU,68.00000081501827,73.657776
2021-08-05 06:00:00,aqi,GRU,32.99999882468535,37.1413
2022-08-12 00:00:00,aqi,GRU,68.00000081501827,156.63629
2021-05-01 13:00:00,aqi,GRU,388.00000852738066,382.9902
2022-10-04 16:00:00,aqi,GRU,68.00000081501827,326.13394
2022-05-07 11:00:00,aqi,GRU,69.99999940366544,80.9635
2021-07-08 02:00:00,aqi,GRU,40.0000005572023,47.408337
2021-09-01 03:00:00,aqi,GRU,237.00000165623766,244.20715
2021-12-07 09:00:00,aqi,GRU,57.99999897544661,46.470238
2022-06-09 13:00:00,aqi,GRU,32.99999882468535,50.7532
2021-05-08 14:00:00,aqi,GRU,32.000001754445705,38.304573
2022-06-10 07:00:00,aqi,GRU,26.000001540336285,32.242058
2021-01-09 13:00:00,aqi,GRU,46.00000077131172,53.02128
2022-03-01 04:00:00,aqi,GRU,68.00000081501827,338.82388
2021-12-03 01:00:00,aqi,GRU,181.99999821084538,211.13531
2021-01-10 22:00:00,aqi,GRU,40.0000005572023,67.7501
2021-09-11 14:00:00,aqi,GRU,431.00000264821836,452.7592
2023-11-10 22:00:00,aqi,GRU,68.00000081501827,164.40538
2022-08-07 09:00:00,aqi,GRU,38.99999903879477,44.49384
2021-01-04 00:00:00,aqi,GRU,105.00000028195639,98.205124
2021-12-08 02:00:00,aqi,GRU,46.99999784155136,39.007233
2022-04-10 22:00:00,aqi,GRU,116.99999959813326,110.37841
2022-06-05 08:00:00,aqi,GRU,68.00000081501827,126.20082
2021-05-12 21:00:00,aqi,GRU,68.00000081501827,125.7161
2023-04-03 01:00:00,aqi,GRU,68.00000081501827,111.21055
2023-01-06 23:00:00,aqi,GRU,68.00000081501827,75.06413
2021-07-09 05:00:00,aqi,GRU,55.00000109247584,54.59552
2023-07-01 16:00:00,aqi,GRU,84.00000008859442,75.80794
2021-06-06 23:00:00,aqi,GRU,56.000000386799435,52.84314
2022-10-05 17:00:00,aqi,GRU,68.00000081501827,105.82193
2021-04-09 07:00:00,aqi,GRU,35.99999893174006,30.641304
2021-07-10 07:00:00,aqi,GRU,34.00000034309288,41.47185
2021-01-05 07:00:00,aqi,GRU,40.0000005572023,48.199738
2022-01-11 13:00:00,aqi,GRU,68.00000081501827,65.924576
2023-02-09 01:00:00,aqi,GRU,68.00000081501827,129.4447
2022-05-08 07:00:00,aqi,GRU,38.99999903879477,41.121307
2022-07-12 08:00:00,aqi,GRU,68.00000081501827,56.269676
2023-08-07 17:00:00,aqi,GRU,68.00000081501827,148.88051
2023-06-06 23:00:00,aqi,GRU,68.00000081501827,181.66956
2023-02-04 23:00:00,aqi,GRU,68.00000081501827,112.67743
2022-09-12 08:00:00,aqi,GRU,68.00000081501827,78.31328
2021-05-10 17:00:00,aqi,GRU,78.00000043050598,62.429207
2022-09-02 01:00:00,aqi,GRU,68.00000081501827,238.42778
2023-02-02 04:00:00,aqi,GRU,68.00000081501827,257.55954
2023-02-04 05:00:00,aqi,GRU,68.00000081501827,62.145588
2022-03-10 22:00:00,aqi,GRU,190.00000146176984,197.85324
2023-08-08 10:00:00,aqi,GRU,68.00000081501827,35.285297
2021-11-02 22:00:00,aqi,GRU,262.99999665315465,238.53737
2021-11-02 02:00:00,aqi,GRU,282.9999914359622,192.4163
2022-04-08 04:00:00,aqi,GRU,35.000001861500415,41.908234
2023-12-11 22:00:00,aqi,GRU,68.00000081501827,158.07317
2021-07-03 02:00:00,aqi,GRU,108.0000003890111,174.05011
2023-11-06 05:00:00,aqi,GRU,68.00000081501827,78.20354
2022-12-11 08:00:00,aqi,GRU,68.00000081501827,49.353413
2022-11-09 00:00:00,aqi,GRU,35.000001861500415,73.9732
2023-03-02 12:00:00,aqi,GRU,68.00000081501827,86.75158
2021-06-10 16:00:00,aqi,GRU,60.99999908250132,46.374428
2023-07-07 12:00:00,aqi,GRU,68.00000081501827,152.39838
2021-01-08 13:00:00,aqi,GRU,29.99999871763064,35.69198
2022-09-11 08:00:00,aqi,GRU,68.00000081501827,60.448376
2023-03-02 20:00:00,aqi,GRU,68.00000081501827,110.65505
2021-03-07 20:00:00,aqi,GRU,65.00000070796355,69.58325
2023-02-01 18:00:00,aqi,GRU,283.9999929543697,271.15106
2022-04-05 12:00:00,aqi,GRU,68.00000081501827,82.36652
2021-08-01 20:00:00,aqi,GRU,217.99999949550187,223.49799
2023-05-05 02:00:00,aqi,GRU,68.00000081501827,67.368774
2023-07-06 11:00:00,aqi,GRU,68.00000081501827,142.19113
2021-05-04 02:00:00,aqi,GRU,83.00000023824984,98.67952
2021-04-01 13:00:00,aqi,GRU,310.99999836603,336.0842
2022-11-12 09:00:00,aqi,GRU,68.00000081501827,54.891113
2021-08-07 11:00:00,aqi,GRU,108.0000003890111,144.12277
2022-01-10 15:00:00,aqi,GRU,99.99999991819155,68.15837
2022-06-08 22:00:00,aqi,GRU,71.00000092207299,65.55067
2022-12-02 03:00:00,aqi,GRU,68.00000081501827,85.41735
2022-08-09 01:00:00,aqi,GRU,44.00000218266454,31.071758
2022-11-11 08:00:00,aqi,GRU,68.00000081501827,52.97987
2023-07-02 17:00:00,aqi,GRU,68.00000081501827,130.0458
2021-08-04 06:00:00,aqi,GRU,164.99999908692467,140.91255
2023-05-10 02:00:00,aqi,GRU,81.0000005375607,62.393204
2022-06-01 13:00:00,aqi,GRU,68.00000081501827,383.81207
2021-02-10 04:00:00,aqi,GRU,37.00000045014759,35.53636
2021-05-08 19:00:00,aqi,GRU,44.99999925290419,41.63251
2021-11-12 20:00:00,aqi,GRU,68.00000081501827,190.36243
2021-02-08 18:00:00,aqi,GRU,38.00000196855512,36.190517
2021-06-07 04:00:00,aqi,GRU,69.99999940366544,46.46983
2022-05-08 16:00:00,aqi,GRU,35.99999893174006,44.771168
2022-07-06 04:00:00,aqi,GRU,68.00000081501827,116.70766
2021-07-03 04:00:00,aqi,GRU,125.99999991929738,198.05565
2021-11-10 13:00:00,aqi,GRU,115.00000100948608,111.25417
2022-05-03 01:00:00,aqi,GRU,68.00000081501827,140.34047
2022-04-03 14:00:00,aqi,GRU,68.00000081501827,164.1536
2021-10-03 20:00:00,aqi,GRU,247.9999916697132,275.7519
2023-08-12 02:00:00,aqi,GRU,68.00000081501827,175.63023
2021-06-11 03:00:00,aqi,GRU,299.9999994562187,205.10843
2023-04-05 09:00:00,aqi,GRU,55.00000109247584,43.616783
2021-11-01 09:00:00,aqi,GRU,78.00000043050598,52.040775
2021-09-12 21:00:00,aqi,GRU,68.00000081501827,160.24883
2021-10-08 23:00:00,aqi,GRU,44.00000218266454,53.197926
2023-11-11 12:00:00,aqi,GRU,68.00000081501827,103.361145
2021-02-11 11:00:00,aqi,GRU,280.0000046734111,317.12686
2021-07-02 03:00:00,aqi,GRU,140.999998230487,120.75094
2021-03-07 08:00:00,aqi,GRU,44.99999925290419,48.511242
2023-11-10 16:00:00,aqi,GRU,68.00000081501827,90.86057
2022-11-07 22:00:00,aqi,GRU,46.00000077131172,51.898235
2023-05-01 03:00:00,aqi,GRU,233.99999710101508,165.82925
2021-08-12 18:00:00,aqi,GRU,68.00000081501827,146.45253
2021-12-11 18:00:00,aqi,GRU,214.00000231820752,271.13577
2023-11-08 08:00:00,aqi,GRU,66.00000000228715,66.09653
2021-02-05 04:00:00,aqi,GRU,46.00000077131172,36.932266
2021-01-05 01:00:00,aqi,GRU,40.0000005572023,80.139305
2023-02-03 02:00:00,aqi,GRU,68.00000081501827,130.5036
2021-03-12 17:00:00,aqi,GRU,68.00000081501827,90.94743
2022-12-12 05:00:00,aqi,GRU,68.00000081501827,49.954666
2021-03-02 16:00:00,aqi,GRU,232.99999558260754,265.94327
2022-05-07 20:00:00,aqi,GRU,85.99999978928356,85.88195
2022-06-13 02:00:00,aqi,GRU,68.00000081501827,106.75557
2021-06-08 11:00:00,aqi,GRU,32.000001754445705,36.42723
2022-07-05 06:00:00,aqi,GRU,68.00000081501827,91.50578
2021-11-08 07:00:00,aqi,GRU,32.000001754445705,54.16774
2023-09-08 23:00:00,aqi,GRU,40.0000005572023,41.194656
2023-07-06 21:00:00,aqi,GRU,68.00000081501827,147.76138
2023-03-02 18:00:00,aqi,GRU,68.00000081501827,97.52726
2021-06-11 04:00:00,aqi,GRU,301.00000097462623,220.44371
2022-12-07 04:00:00,aqi,GRU,37.00000045014759,24.57891
2021-08-02 01:00:00,aqi,GRU,185.00000276606798,181.00737
2021-01-12 07:00:00,aqi,GRU,68.00000081501827,135.58542
2022-08-08 07:00:00,aqi,GRU,21.999999914874053,32.399128
2021-04-01 11:00:00,aqi,GRU,308.9999953292149,332.02713
2022-08-04 20:00:00,aqi,GRU,68.00000081501827,314.97
2023-01-01 14:00:00,aqi,GRU,277.0000001181885,291.47025
2023-04-12 02:00:00,aqi,GRU,68.00000081501827,332.78714
2021-11-12 15:00:00,aqi,GRU,68.00000081501827,114.23208
2023-06-11 20:00:00,aqi,GRU,68.00000081501827,400.78952
2021-08-11 11:00:00,aqi,GRU,68.00000081501827,416.69736
2021-07-10 20:00:00,aqi,GRU,105.00000028195639,108.62854
2023-01-03 08:00:00,aqi,GRU,68.00000081501827,71.28918
2022-04-10 14:00:00,aqi,GRU,150.4999993108549,152.83885
2023-10-08 00:00:00,aqi,GRU,40.0000005572023,175.11705
2022-04-04 09:00:00,aqi,GRU,68.00000081501827,113.44191
2022-08-01 15:00:00,aqi,GRU,68.00000081501827,136.83594
2023-01-06 16:00:00,aqi,GRU,68.00000081501827,75.75881
2023-11-06 02:00:00,aqi,GRU,68.00000081501827,135.61388
2021-05-09 18:00:00,aqi,GRU,52.99999805566078,52.428932
2021-08-09 13:00:00,aqi,GRU,41.00000207560983,31.907436
2021-01-12 23:00:00,aqi,GRU,68.00000081501827,128.17368
2022-12-09 05:00:00,aqi,GRU,99.00000006784697,36.815083
2021-10-08 22:00:00,aqi,GRU,46.99999784155136,45.596222
2023-07-10 08:00:00,aqi,GRU,68.00000081501827,219.87918
2021-01-06 05:00:00,aqi,GRU,73.99999991708572,72.77221
2022-02-09 18:00:00,aqi,GRU,23.000001433281582,34.623386
2022-10-01 17:00:00,aqi,GRU,68.00000081501827,264.51556
2021-11-06 12:00:00,aqi,GRU,35.000001861500415,52.29667
2022-04-01 13:00:00,aqi,GRU,68.00000081501827,426.46643
2022-02-03 12:00:00,aqi,GRU,68.00000081501827,124.41912
2021-11-07 06:00:00,aqi,GRU,52.00000098542113,60.696495
2023-03-04 14:00:00,aqi,GRU,68.00000081501827,55.397816
2022-08-02 01:00:00,aqi,GRU,68.00000081501827,170.37608
2021-11-01 13:00:00,aqi,GRU,75.00000032345127,60.507282
2022-10-09 23:00:00,aqi,GRU,35.000001861500415,36.32395
2022-04-04 10:00:00,aqi,GRU,68.00000081501827,112.82552
2023-03-01 00:00:00,aqi,GRU,289.00000054640736,102.651
2022-03-12 03:00:00,aqi,GRU,68.00000081501827,97.70837
2022-09-10 13:00:00,aqi,GRU,51.50000022621737,60.36796
2021-08-10 08:00:00,aqi,GRU,75.00000032345127,72.98262
2021-04-04 10:00:00,aqi,GRU,69.99999940366544,81.082375
2022-03-06 03:00:00,aqi,GRU,68.00000081501827,202.09177
2022-10-01 20:00:00,aqi,GRU,68.00000081501827,276.9517
2023-02-06 12:00:00,aqi,GRU,68.00000081501827,69.02708
2021-06-06 14:00:00,aqi,GRU,56.99999968112302,52.48453
2023-09-10 04:00:00,aqi,GRU,68.00000081501827,144.08965
2022-05-10 13:00:00,aqi,GRU,32.499998065481584,42.126804
2021-06-09 23:00:00,aqi,GRU,55.00000109247584,76.2813
2022-06-03 06:00:00,aqi,GRU,68.00000081501827,181.4396
2021-10-06 15:00:00,aqi,GRU,41.99999914584948,38.935833
2021-02-12 02:00:00,aqi,GRU,68.00000081501827,192.64684
2023-04-08 02:00:00,aqi,GRU,263.9999981715622,246.77046
2022-09-03 07:00:00,aqi,GRU,68.00000081501827,273.2447
2021-02-04 15:00:00,aqi,GRU,59.000000493854145,64.47712
2022-07-01 16:00:00,aqi,GRU,68.00000081501827,266.3427
2022-01-01 14:00:00,aqi,GRU,68.00000081501827,144.28252
2022-02-11 23:00:00,aqi,GRU,68.00000081501827,137.5135
2021-10-12 23:00:00,aqi,GRU,68.00000081501827,150.92401
2023-01-07 02:00:00,aqi,GRU,68.00000081501827,82.951904
2022-10-12 23:00:00,aqi,GRU,68.00000081501827,158.34073
2021-11-06 06:00:00,aqi,GRU,32.000001754445705,43.470688
2022-08-03 03:00:00,aqi,GRU,68.00000081501827,267.22287
2021-11-06 22:00:00,aqi,GRU,49.00000087836643,48.435505
2022-02-09 21:00:00,aqi,GRU,23.000001433281582,26.72107
2022-09-02 12:00:00,aqi,GRU,68.00000081501827,101.22544
2022-02-12 13:00:00,aqi,GRU,68.00000081501827,59.660007
2022-07-07 04:00:00,aqi,GRU,65.00000070796355,43.124863
2021-01-04 22:00:00,aqi,GRU,56.000000386799435,60.27351
2022-11-02 00:00:00,aqi,GRU,68.00000081501827,140.14348
2022-04-03 16:00:00,aqi,GRU,68.00000081501827,153.61931
2023-12-10 06:00:00,aqi,GRU,68.00000081501827,94.51774
2023-11-09 00:00:00,aqi,GRU,68.00000081501827,77.52715
2021-06-09 04:00:00,aqi,GRU,55.00000109247584,78.240326
2023-12-06 03:00:00,aqi,GRU,68.00000081501827,62.005013
2023-12-10 15:00:00,aqi,GRU,68.00000081501827,104.67223
2023-01-01 00:00:00,aqi,GRU,199.99999885317362,99.277275
2023-11-11 09:00:00,aqi,GRU,68.00000081501827,100.18843
2021-07-06 13:00:00,aqi,GRU,72.99999951072016,70.15789
2021-10-02 05:00:00,aqi,GRU,285.99999599118473,305.55618
2022-09-08 11:00:00,aqi,GRU,35.99999893174006,40.92836
2022-05-10 08:00:00,aqi,GRU,45.500000012107954,40.825344
2023-12-06 00:00:00,aqi,GRU,68.00000081501827,112.16828
2023-09-09 19:00:00,aqi,GRU,68.00000081501827,55.932564
2022-12-02 07:00:00,aqi,GRU,68.00000081501827,63.4331
2022-10-06 08:00:00,aqi,GRU,68.00000081501827,85.417755
2022-11-04 21:00:00,aqi,GRU,68.00000081501827,304.91913
2022-08-05 17:00:00,aqi,GRU,68.00000081501827,62.39318
2022-09-11 14:00:00,aqi,GRU,68.00000081501827,59.122383
2021-02-06 21:00:00,aqi,GRU,60.99999908250132,59.716568
2022-11-05 19:00:00,aqi,GRU,68.00000081501827,93.56617
2023-07-06 10:00:00,aqi,GRU,68.00000081501827,146.24153
2023-03-08 10:00:00,aqi,GRU,120.99999899951155,103.14855
2022-02-08 05:00:00,aqi,GRU,23.000001433281582,19.391228
2021-01-12 05:00:00,aqi,GRU,68.00000081501827,186.79362
2023-03-03 05:00:00,aqi,GRU,68.00000081501827,63.860886
2022-05-11 14:00:00,aqi,GRU,68.00000081501827,59.604313
2021-10-03 16:00:00,aqi,GRU,242.00000035193955,270.08014
2021-01-05 23:00:00,aqi,GRU,46.99999784155136,68.45424
2022-05-05 21:00:00,aqi,GRU,68.00000081501827,95.717735
2023-08-01 01:00:00,aqi,GRU,129.99999932067567,285.24466
2021-04-12 17:00:00,aqi,GRU,68.00000081501827,163.92683
2023-03-01 15:00:00,aqi,GRU,256.00000381697345,283.4321
2021-04-09 18:00:00,aqi,GRU,49.00000087836643,42.337654
2021-02-02 13:00:00,aqi,GRU,294.000008138445,287.17773
2023-04-11 06:00:00,aqi,GRU,68.00000081501827,290.30737
2022-12-02 19:00:00,aqi,GRU,68.00000081501827,93.26425
2021-02-08 20:00:00,aqi,GRU,38.99999903879477,35.248734
2022-08-03 04:00:00,aqi,GRU,68.00000081501827,281.5472
2022-08-01 22:00:00,aqi,GRU,68.00000081501827,158.92686
2023-03-04 09:00:00,aqi,GRU,68.00000081501827,50.82774
2021-01-07 11:00:00,aqi,GRU,59.99999978817773,50.250473
2021-06-06 03:00:00,aqi,GRU,68.00000081501827,34.87274
2022-05-07 02:00:00,aqi,GRU,60.99999908250132,144.67133
2023-05-11 16:00:00,aqi,GRU,364.999991396679,367.54272
2022-06-11 01:00:00,aqi,GRU,68.00000081501827,29.325024
2023-11-06 17:00:00,aqi,GRU,68.00000081501827,62.087868
2023-03-08 14:00:00,aqi,GRU,166.0000006053322,148.48279
2023-02-08 12:00:00,aqi,GRU,68.00000081501827,56.889122
2021-06-01 11:00:00,aqi,GRU,341.9999920586488,360.38965
2023-11-02 14:00:00,aqi,GRU,68.00000081501827,123.825584
2022-12-10 20:00:00,aqi,GRU,31.000000236038176,31.51831
2021-06-05 04:00:00,aqi,GRU,62.00000060090885,63.821938
2021-12-12 20:00:00,aqi,GRU,68.00000081501827,140.97237
2021-12-07 13:00:00,aqi,GRU,49.99999794860607,53.17271
2022-01-04 21:00:00,aqi,GRU,68.00000081501827,195.88792
2023-03-06 18:00:00,aqi,GRU,68.00000081501827,98.02979
2023-08-10 14:00:00,aqi,GRU,68.00000081501827,230.6361
2022-03-10 15:00:00,aqi,GRU,168.99999626421902,189.31345
2023-09-02 02:00:00,aqi,GRU,68.00000081501827,144.50601
2022-04-05 01:00:00,aqi,GRU,68.00000081501827,162.85562
2022-11-12 04:00:00,aqi,GRU,68.00000081501827,71.10894
2022-12-02 23:00:00,aqi,GRU,68.00000081501827,123.176506
2022-07-02 01:00:00,aqi,GRU,68.00000081501827,260.0233
2021-03-12 10:00:00,aqi,GRU,68.00000081501827,90.97629
2023-10-06 20:00:00,aqi,GRU,68.00000081501827,119.30907
2022-10-12 04:00:00,aqi,GRU,68.00000081501827,98.72517
2021-11-09 02:00:00,aqi,GRU,41.99999914584948,41.600323
2021-07-07 02:00:00,aqi,GRU,72.00000021639656,65.339554
2022-05-12 19:00:00,aqi,GRU,68.00000081501827,113.160645
2022-03-06 15:00:00,aqi,GRU,68.00000081501827,74.4813
2022-10-12 08:00:00,aqi,GRU,68.00000081501827,68.243515
2021-06-06 22:00:00,aqi,GRU,53.99999957406831,49.020344
2023-07-08 08:00:00,aqi,GRU,125.99999991929738,101.57792
2022-06-01 23:00:00,aqi,GRU,68.00000081501827,358.56033
2022-07-09 03:00:00,aqi,GRU,38.99999903879477,25.613419
2022-02-12 00:00:00,aqi,GRU,68.00000081501827,118.82149
2021-01-09 09:00:00,aqi,GRU,38.99999903879477,40.261097
2023-11-02 23:00:00,aqi,GRU,68.00000081501827,141.28468
2021-04-05 16:00:00,aqi,GRU,44.00000218266454,65.388596
2022-07-02 13:00:00,aqi,GRU,68.00000081501827,114.270546
2021-01-03 07:00:00,aqi,GRU,140.00000116024734,138.9153
2021-07-10 23:00:00,aqi,GRU,78.00000043050598,163.46179
2021-06-09 12:00:00,aqi,GRU,62.999999895232435,70.41832
2022-03-03 21:00:00,aqi,GRU,68.00000081501827,186.99434
2022-07-12 01:00:00,aqi,GRU,68.00000081501827,111.20852
2022-09-04 23:00:00,aqi,GRU,68.00000081501827,277.95355
2023-11-12 02:00:00,aqi,GRU,68.00000081501827,131.1136
2022-04-12 16:00:00,aqi,GRU,68.00000081501827,75.546234
2021-02-04 21:00:00,aqi,GRU,56.000000386799435,60.525707
2023-09-02 19:00:00,aqi,GRU,68.00000081501827,81.365814
2023-11-01 05:00:00,aqi,GRU,68.00000081501827,97.88053
2021-04-06 17:00:00,aqi,GRU,75.99999961777486,119.23537
2021-05-03 09:00:00,aqi,GRU,131.0000008390832,117.036415
2023-08-02 11:00:00,aqi,GRU,68.00000081501827,126.82858
2022-12-07 07:00:00,aqi,GRU,35.99999893174006,35.586597
2022-06-11 19:00:00,aqi,GRU,68.00000081501827,78.49944
2021-06-06 10:00:00,aqi,GRU,66.99999929661074,52.42364
2022-05-11 12:00:00,aqi,GRU,68.00000081501827,55.387524
2021-04-02 03:00:00,aqi,GRU,247.0000079439772,231.37442
2022-09-06 03:00:00,aqi,GRU,68.00000081501827,120.95723
2023-07-09 08:00:00,aqi,GRU,68.00000081501827,47.93184
2021-05-07 17:00:00,aqi,GRU,65.00000070796355,63.80593
2021-04-10 00:00:00,aqi,GRU,59.99999978817773,59.61249
2022-05-02 06:00:00,aqi,GRU,68.00000081501827,180.28932
2022-01-03 12:00:00,aqi,GRU,68.00000081501827,104.65155
2022-10-05 23:00:00,aqi,GRU,68.00000081501827,205.21657
2022-12-10 11:00:00,aqi,GRU,32.000001754445705,39.92234
2022-02-10 15:00:00,aqi,GRU,91.50000000871808,64.94158
2022-12-06 19:00:00,aqi,GRU,68.00000081501827,78.192375
2022-08-04 22:00:00,aqi,GRU,68.00000081501827,319.92612
2023-10-07 12:00:00,aqi,GRU,68.00000081501827,95.70693
2021-09-03 21:00:00,aqi,GRU,256.00000381697345,265.20477
2023-05-08 07:00:00,aqi,GRU,166.0000006053322,149.52676
2022-07-12 03:00:00,aqi,GRU,68.00000081501827,87.21096
2023-08-05 01:00:00,aqi,GRU,102.00000017490169,127.05502
2023-02-02 03:00:00,aqi,GRU,68.00000081501827,312.25128
2022-07-09 16:00:00,aqi,GRU,32.99999882468535,33.8797
2023-01-07 00:00:00,aqi,GRU,68.00000081501827,86.93539
2022-11-01 06:00:00,aqi,GRU,68.00000081501827,238.3208
2021-04-12 18:00:00,aqi,GRU,68.00000081501827,168.53658
2021-09-03 07:00:00,aqi,GRU,257.000005335381,266.3749
2023-01-10 06:00:00,aqi,GRU,119.99999970518797,130.479
2021-07-09 18:00:00,aqi,GRU,52.00000098542113,51.988525
2023-07-06 22:00:00,aqi,GRU,68.00000081501827,153.32195
2022-02-04 02:00:00,aqi,GRU,68.00000081501827,200.50789
2022-05-07 03:00:00,aqi,GRU,60.99999908250132,116.573586
2022-08-06 22:00:00,aqi,GRU,68.00000081501827,93.2176
2023-06-10 14:00:00,aqi,GRU,108.0000003890111,137.41827
2021-10-05 08:00:00,aqi,GRU,26.999998610575936,36.45265
2021-09-13 00:00:00,aqi,GRU,68.00000081501827,159.67572
2021-08-06 02:00:00,aqi,GRU,78.00000043050598,53.52721
2022-09-01 08:00:00,aqi,GRU,68.00000081501827,115.8685
2023-06-02 16:00:00,aqi,GRU,68.00000081501827,69.5298
2021-03-09 17:00:00,aqi,GRU,72.99999951072016,62.290874
2021-04-08 04:00:00,aqi,GRU,35.99999893174006,21.390839
2023-06-09 10:00:00,aqi,GRU,49.00000087836643,62.89513
2023-07-10 09:00:00,aqi,GRU,68.00000081501827,219.84206
2021-05-11 20:00:00,aqi,GRU,317.99999120221116,296.7496
2023-03-06 15:00:00,aqi,GRU,68.00000081501827,71.480316
2022-03-03 22:00:00,aqi,GRU,68.00000081501827,191.66582
2022-04-05 08:00:00,aqi,GRU,68.00000081501827,100.33396
2021-08-05 10:00:00,aqi,GRU,32.99999882468535,42.009476
2022-02-10 23:00:00,aqi,GRU,77.49999967130222,87.628
2023-10-02 20:00:00,aqi,GRU,68.00000081501827,104.275505
2022-11-01 03:00:00,aqi,GRU,68.00000081501827,230.13081
2021-11-02 12:00:00,aqi,GRU,285.99999599118473,310.30978
2023-04-01 12:00:00,aqi,GRU,252.99999926175087,240.54135
2023-06-11 13:00:00,aqi,GRU,68.00000081501827,360.77625
2022-10-11 22:00:00,aqi,GRU,68.00000081501827,127.43256
2023-05-08 04:00:00,aqi,GRU,125.99999991929738,155.69014
2023-12-02 21:00:00,aqi,GRU,68.00000081501827,119.45006
2021-12-07 18:00:00,aqi,GRU,50.9999994670136,52.59894
2021-06-08 13:00:00,aqi,GRU,35.99999893174006,42.924046
2023-10-06 04:00:00,aqi,GRU,68.00000081501827,103.70743
2021-12-11 20:00:00,aqi,GRU,246.0000064255697,280.87463
2023-04-09 00:00:00,aqi,GRU,68.00000081501827,142.39688
2023-05-11 06:00:00,aqi,GRU,350.0000042059091,345.063
2021-04-09 09:00:00,aqi,GRU,35.000001861500415,35.184807
2021-07-05 18:00:00,aqi,GRU,43.00000066425701,44.53357
2021-03-08 23:00:00,aqi,GRU,68.00000081501827,52.743458
2021-01-03 17:00:00,aqi,GRU,146.9999984445964,143.67126
2022-09-05 19:00:00,aqi,GRU,68.00000081501827,42.834324
2021-10-01 12:00:00,aqi,GRU,85.99999978928356,112.40125
2022-06-03 01:00:00,aqi,GRU,68.00000081501827,133.73828
2022-02-03 08:00:00,aqi,GRU,68.00000081501827,124.31247
2022-09-10 06:00:00,aqi,GRU,24.499999262724984,36.414635
2022-02-10 19:00:00,aqi,GRU,88.0000000459937,64.67731
2022-02-11 19:00:00,aqi,GRU,68.00000081501827,120.63658
2022-02-11 16:00:00,aqi,GRU,68.00000081501827,74.145035
2023-09-07 14:00:00,aqi,GRU,68.00000081501827,124.73926
2021-02-01 07:00:00,aqi,GRU,322.9999987942488,333.89923
2021-03-11 00:00:00,aqi,GRU,249.99999470652827,101.28641
2022-05-05 00:00:00,aqi,GRU,68.00000081501827,162.78261
2022-04-03 05:00:00,aqi,GRU,68.00000081501827,177.63803
2022-06-11 02:00:00,aqi,GRU,68.00000081501827,34.75846
2023-07-11 19:00:00,aqi,GRU,68.00000081501827,221.97551
2022-10-12 11:00:00,aqi,GRU,68.00000081501827,61.99735
2021-01-10 07:00:00,aqi,GRU,34.00000034309288,44.21103
2021-02-03 19:00:00,aqi,GRU,98.0000002175024,79.31336
2021-10-11 00:00:00,aqi,GRU,437.9999954843995,133.77419
2023-07-08 04:00:00,aqi,GRU,125.0000006249738,89.019844
2022-05-12 21:00:00,aqi,GRU,68.00000081501827,148.71141
2022-07-08 12:00:00,aqi,GRU,91.00000000101141,72.01441
2021-05-08 09:00:00,aqi,GRU,21.999999914874053,32.610058
2023-01-06 15:00:00,aqi,GRU,68.00000081501827,71.60703
2021-09-01 02:00:00,aqi,GRU,233.99999710101508,233.1024
2021-05-01 17:00:00,aqi,GRU,389.99999377152415,379.18985
2021-05-02 16:00:00,aqi,GRU,173.00000233784914,206.25269
2022-01-04 20:00:00,aqi,GRU,68.00000081501827,211.2476
2021-02-03 04:00:00,aqi,GRU,117.99999889245684,95.44127
2022-10-01 18:00:00,aqi,GRU,68.00000081501827,269.5407
2022-10-10 15:00:00,aqi,GRU,23.000001433281582,35.753963
2021-08-05 23:00:00,aqi,GRU,32.99999882468535,33.296986
2021-04-11 02:00:00,aqi,GRU,215.99999645868684,182.68599
2022-11-12 10:00:00,aqi,GRU,68.00000081501827,55.245987
2023-05-04 21:00:00,aqi,GRU,68.00000081501827,85.08168
2021-02-03 08:00:00,aqi,GRU,106.99999998264553,75.57824
2021-07-06 02:00:00,aqi,GRU,62.999999895232435,45.977192
2021-11-07 22:00:00,aqi,GRU,69.00000010934185,53.499687
2021-08-07 13:00:00,aqi,GRU,108.0000003890111,151.23029
2023-12-10 12:00:00,aqi,GRU,68.00000081501827,93.28152
2021-10-10 16:00:00,aqi,GRU,128.99999780226815,135.63986
2021-11-10 00:00:00,aqi,GRU,119.00000041086437,51.95236
2022-02-04 09:00:00,aqi,GRU,68.00000081501827,162.38231
2022-06-09 02:00:00,aqi,GRU,37.50000120935135,72.335106
2022-01-11 22:00:00,aqi,GRU,68.00000081501827,146.37144
2022-07-12 16:00:00,aqi,GRU,68.00000081501827,64.850136
2023-10-11 22:00:00,aqi,GRU,68.00000081501827,167.46251
2022-03-02 17:00:00,aqi,GRU,68.00000081501827,165.61781
2021-04-09 05:00:00,aqi,GRU,35.000001861500415,22.598106
2021-02-09 02:00:00,aqi,GRU,40.0000005572023,20.831429
2022-01-12 20:00:00,aqi,GRU,68.00000081501827,88.51218
2021-11-07 18:00:00,aqi,GRU,72.00000021639656,61.85218
2022-10-13 01:00:00,aqi,GRU,68.00000081501827,132.3218
2022-08-07 17:00:00,aqi,GRU,49.99999794860607,50.055157
2023-06-08 11:00:00,aqi,GRU,119.99999970518797,97.42595
2022-08-12 20:00:00,aqi,GRU,68.00000081501827,102.15494
2022-12-05 14:00:00,aqi,GRU,68.00000081501827,108.88662
2021-08-08 14:00:00,aqi,GRU,40.0000005572023,46.30374
2023-06-09 17:00:00,aqi,GRU,60.99999908250132,56.102917
2022-10-02 23:00:00,aqi,GRU,68.00000081501827,151.14879
2021-06-04 10:00:00,aqi,GRU,155.0000016955209,145.44537
2021-08-05 22:00:00,aqi,GRU,35.000001861500415,33.5387
2021-07-11 05:00:00,aqi,GRU,352.00000724272417,352.80725
2023-05-09 12:00:00,aqi,GRU,55.00000109247584,54.64472
2023-10-10 04:00:00,aqi,GRU,68.00000081501827,126.20789
2023-05-09 08:00:00,aqi,GRU,68.00000081501827,72.21163
2021-10-02 18:00:00,aqi,GRU,287.9999990279998,319.3352
2022-10-12 09:00:00,aqi,GRU,68.00000081501827,64.335945
2022-04-09 08:00:00,aqi,GRU,26.999998610575936,35.73504
2021-07-01 12:00:00,aqi,GRU,226.00000274642636,215.9259
2021-03-05 03:00:00,aqi,GRU,29.99999871763064,45.454086
2021-11-04 02:00:00,aqi,GRU,49.99999794860607,76.4061
2022-06-08 23:00:00,aqi,GRU,75.99999961777486,75.0061
2021-05-10 21:00:00,aqi,GRU,72.99999951072016,76.8447
2023-10-06 15:00:00,aqi,GRU,68.00000081501827,63.801125
2022-12-06 11:00:00,aqi,GRU,68.00000081501827,57.53943
2022-11-02 23:00:00,aqi,GRU,68.00000081501827,136.46791
2022-11-04 19:00:00,aqi,GRU,68.00000081501827,326.48026
2023-05-05 12:00:00,aqi,GRU,55.00000109247584,53.202667
2022-05-09 18:00:00,aqi,GRU,26.999998610575936,38.968
2021-03-06 01:00:00,aqi,GRU,66.00000000228715,64.085304
2022-03-07 06:00:00,aqi,GRU,44.99999925290419,44.02566
2022-07-02 02:00:00,aqi,GRU,68.00000081501827,254.39874
2021-09-08 08:00:00,aqi,GRU,28.000000128983466,38.94541
2022-03-01 08:00:00,aqi,GRU,68.00000081501827,370.34805
2022-12-09 19:00:00,aqi,GRU,50.9999994670136,46.977848
2023-01-06 21:00:00,aqi,GRU,68.00000081501827,95.84508
2022-05-01 17:00:00,aqi,GRU,68.00000081501827,130.28912
2023-03-01 11:00:00,aqi,GRU,267.00000272678477,275.14383
2022-07-09 19:00:00,aqi,GRU,35.000001861500415,35.273968
2021-06-08 08:00:00,aqi,GRU,31.000000236038176,32.48415
2021-04-07 21:00:00,aqi,GRU,56.000000386799435,46.416576
2021-10-13 00:00:00,aqi,GRU,68.00000081501827,142.07039
2022-11-09 15:00:00,aqi,GRU,98.0000002175024,93.311554
2022-05-09 12:00:00,aqi,GRU,32.000001754445705,42.268623
2021-03-05 14:00:00,aqi,GRU,38.00000196855512,48.574585
2022-09-09 01:00:00,aqi,GRU,40.0000005572023,35.224915
2021-03-12 23:00:00,aqi,GRU,68.00000081501827,129.05739
2022-11-05 07:00:00,aqi,GRU,68.00000081501827,103.55467
2022-05-05 14:00:00,aqi,GRU,68.00000081501827,65.33073
2023-06-09 19:00:00,aqi,GRU,68.00000081501827,52.64206
2023-02-04 17:00:00,aqi,GRU,68.00000081501827,64.38956
2021-07-03 14:00:00,aqi,GRU,205.99999906728306,244.92183
2021-12-11 00:00:00,aqi,GRU,68.00000081501827,149.65674
2023-01-01 22:00:00,aqi,GRU,274.99999708137346,279.65402
2022-10-11 18:00:00,aqi,GRU,68.00000081501827,71.924774
2021-11-04 05:00:00,aqi,GRU,40.0000005572023,27.83368
2023-03-03 15:00:00,aqi,GRU,68.00000081501827,58.959896
2022-11-06 09:00:00,aqi,GRU,68.00000081501827,67.68681
2023-07-08 00:00:00,aqi,GRU,123.99999910656626,125.51087
2021-08-06 04:00:00,aqi,GRU,80.00000013119514,63.248528
2022-12-07 00:00:00,aqi,GRU,44.00000218266454,108.02705
2021-12-02 23:00:00,aqi,GRU,278.00000163659604,247.57732
2021-05-01 11:00:00,aqi,GRU,388.00000852738066,379.2111
2021-01-08 05:00:00,aqi,GRU,23.999998503521226,16.417824
2021-06-01 05:00:00,aqi,GRU,68.00000081501827,349.1969
2023-01-11 06:00:00,aqi,GRU,68.00000081501827,71.33979
2021-03-01 13:00:00,aqi,GRU,349.00000268750154,354.37076
2022-01-09 14:00:00,aqi,GRU,32.000001754445705,39.327522
2023-04-01 11:00:00,aqi,GRU,252.99999926175087,239.98318
2023-07-07 10:00:00,aqi,GRU,68.00000081501827,145.95593
2023-03-06 03:00:00,aqi,GRU,68.00000081501827,67.903206
2021-08-03 10:00:00,aqi,GRU,168.00000364214725,132.09201
2022-12-05 12:00:00,aqi,GRU,68.00000081501827,105.52592
2022-04-04 20:00:00,aqi,GRU,68.00000081501827,141.11906
2022-10-09 07:00:00,aqi,GRU,35.000001861500415,39.48331
2021-03-09 01:00:00,aqi,GRU,44.99999925290419,39.315643
2023-04-02 15:00:00,aqi,GRU,68.00000081501827,89.65449
2022-08-05 08:00:00,aqi,GRU,68.00000081501827,94.923615
2022-05-12 18:00:00,aqi,GRU,68.00000081501827,97.03909
2022-04-05 00:00:00,aqi,GRU,68.00000081501827,149.6695
2022-10-02 16:00:00,aqi,GRU,68.00000081501827,97.22901
2021-05-12 14:00:00,aqi,GRU,68.00000081501827,106.62229
2021-01-11 01:00:00,aqi,GRU,266.0000012083772,158.25188
2021-02-01 19:00:00,aqi,GRU,343.9999950954639,358.22757
2023-12-01 17:00:00,aqi,GRU,362.0000046341279,348.26892
2022-03-12 19:00:00,aqi,GRU,68.00000081501827,105.39943
2023-01-03 15:00:00,aqi,GRU,68.00000081501827,67.28208
2022-12-09 01:00:00,aqi,GRU,100.99999976853613,74.06388
2022-11-11 06:00:00,aqi,GRU,68.00000081501827,54.649914
2021-12-06 00:00:00,aqi,GRU,50.9999994670136,29.312767
2022-04-03 07:00:00,aqi,GRU,68.00000081501827,170.77531
2021-07-01 03:00:00,aqi,GRU,306.00000856666384,238.15962
2023-06-10 16:00:00,aqi,GRU,117.99999889245684,137.60127
2022-04-13 00:00:00,aqi,GRU,68.00000081501827,160.10083
2022-10-08 23:00:00,aqi,GRU,32.000001754445705,21.780777
2023-10-12 00:00:00,aqi,GRU,68.00000081501827,155.53845
2021-12-02 11:00:00,aqi,GRU,252.99999926175087,272.3138
2021-02-07 00:00:00,aqi,GRU,50.9999994670136,81.537186
2022-04-07 05:00:00,aqi,GRU,59.000000493854145,67.15833
2023-04-03 14:00:00,aqi,GRU,68.00000081501827,58.7071
2021-01-06 00:00:00,aqi,GRU,72.00000021639656,72.300385
2023-05-08 21:00:00,aqi,GRU,122.00000051791909,135.31247
2022-04-12 03:00:00,aqi,GRU,68.00000081501827,84.13435
2021-03-09 12:00:00,aqi,GRU,41.00000207560983,54.828415
2022-05-07 15:00:00,aqi,GRU,81.0000005375607,81.93886
2023-11-10 01:00:00,aqi,GRU,68.00000081501827,110.22857
2023-06-01 05:00:00,aqi,GRU,137.00000105319265,122.466736
2021-02-10 13:00:00,aqi,GRU,38.99999903879477,54.838146
2021-06-10 22:00:00,aqi,GRU,37.00000045014759,50.05684
2021-03-06 19:00:00,aqi,GRU,77.00000002414042,62.89072
2021-05-03 15:00:00,aqi,GRU,132.9999994277304,138.94666
2021-04-06 00:00:00,aqi,GRU,75.99999961777486,127.05157
2022-06-02 02:00:00,aqi,GRU,68.00000081501827,301.1241
2023-03-10 14:00:00,aqi,GRU,65.00000070796355,61.53265
2022-12-06 22:00:00,aqi,GRU,68.00000081501827,109.92585
2021-08-09 09:00:00,aqi,GRU,41.99999914584948,26.831429
2023-04-03 02:00:00,aqi,GRU,68.00000081501827,101.661674
2021-11-06 13:00:00,aqi,GRU,40.0000005572023,53.112328
2021-10-07 04:00:00,aqi,GRU,56.000000386799435,48.747417
2022-05-02 03:00:00,aqi,GRU,68.00000081501827,244.42761
2022-09-04 15:00:00,aqi,GRU,68.00000081501827,343.70416
2023-09-01 16:00:00,aqi,GRU,364.999991396679,351.1896
2023-12-06 01:00:00,aqi,GRU,68.00000081501827,95.25326
2021-01-03 09:00:00,aqi,GRU,143.00000126730205,139.29489
2023-08-06 17:00:00,aqi,GRU,68.00000081501827,64.035904
2022-09-12 02:00:00,aqi,GRU,68.00000081501827,131.99963
2021-02-03 22:00:00,aqi,GRU,99.00000006784697,92.58944
2023-06-10 05:00:00,aqi,GRU,86.99999991763863,144.33592
2023-12-11 23:00:00,aqi,GRU,68.00000081501827,148.17683
2021-11-10 05:00:00,aqi,GRU,102.99999946922527,106.89453
2021-02-04 07:00:00,aqi,GRU,59.99999978817773,77.320915
2023-05-11 15:00:00,aqi,GRU,364.000007670943,361.5917
2023-10-06 18:00:00,aqi,GRU,68.00000081501827,93.673645
2023-11-11 14:00:00,aqi,GRU,68.00000081501827,111.68185
2021-03-02 14:00:00,aqi,GRU,231.00000144212825,260.50748
2023-04-11 19:00:00,aqi,GRU,319.99999423902625,331.70557
2023-10-08 22:00:00,aqi,GRU,46.99999784155136,76.8114
2021-12-04 14:00:00,aqi,GRU,68.00000081501827,45.78356
2022-12-05 17:00:00,aqi,GRU,68.00000081501827,112.52021
2022-02-01 11:00:00,aqi,GRU,68.00000081501827,342.70065
2021-06-06 12:00:00,aqi,GRU,59.99999978817773,54.056576
2023-01-03 06:00:00,aqi,GRU,68.00000081501827,81.571655
2021-11-01 17:00:00,aqi,GRU,69.00000010934185,60.964405
2021-05-02 02:00:00,aqi,GRU,221.00000405072447,239.69128
2023-02-03 14:00:00,aqi,GRU,68.00000081501827,62.32142
2022-10-12 22:00:00,aqi,GRU,68.00000081501827,169.1892
2022-01-02 00:00:00,aqi,GRU,68.00000081501827,299.32248
2023-05-03 02:00:00,aqi,GRU,68.00000081501827,108.44963
2022-01-07 08:00:00,aqi,GRU,38.99999903879477,36.015884
2021-09-01 17:00:00,aqi,GRU,68.00000081501827,157.24178
2022-12-02 05:00:00,aqi,GRU,68.00000081501827,70.47578
2021-11-04 14:00:00,aqi,GRU,20.99999839646651,33.157772
2022-10-03 20:00:00,aqi,GRU,68.00000081501827,144.40265
2021-05-09 00:00:00,aqi,GRU,29.99999871763064,56.163635
2022-08-02 22:00:00,aqi,GRU,68.00000081501827,135.5184
2023-05-01 16:00:00,aqi,GRU,191.00000298017738,161.73544
2022-12-07 20:00:00,aqi,GRU,41.99999914584948,39.913055
2021-04-08 05:00:00,aqi,GRU,35.000001861500415,22.970222
2023-11-06 07:00:00,aqi,GRU,68.00000081501827,61.28195
2023-04-11 20:00:00,aqi,GRU,325.00000183106386,339.71658
2022-10-03 06:00:00,aqi,GRU,68.00000081501827,178.69893
2023-07-11 18:00:00,aqi,GRU,68.00000081501827,223.56767
2022-11-10 02:00:00,aqi,GRU,26.000001540336285,55.33384
2023-12-08 11:00:00,aqi,GRU,62.00000060090885,56.772835
2021-04-09 19:00:00,aqi,GRU,47.99999935995889,41.879814
2023-05-10 19:00:00,aqi,GRU,63.99999918955603,44.73862
2022-07-09 08:00:00,aqi,GRU,29.99999871763064,36.047527
2021-04-07 13:00:00,aqi,GRU,66.99999929661074,53.280693
2023-07-06 07:00:00,aqi,GRU,68.00000081501827,161.60744
2023-03-04 17:00:00,aqi,GRU,68.00000081501827,62.35908
2021-10-01 06:00:00,aqi,GRU,68.00000081501827,135.58455
2021-01-02 19:00:00,aqi,GRU,280.0000046734111,309.97906
2021-06-08 22:00:00,aqi,GRU,41.00000207560983,43.30323
2023-07-01 15:00:00,aqi,GRU,84.99999993893898,76.95474
2022-09-06 21:00:00,aqi,GRU,68.00000081501827,94.47483
2021-01-05 08:00:00,aqi,GRU,46.00000077131172,58.757996
2022-09-03 00:00:00,aqi,GRU,68.00000081501827,154.09749
2023-12-09 01:00:00,aqi,GRU,68.00000081501827,105.45832
2021-12-05 06:00:00,aqi,GRU,38.99999903879477,40.47002
2021-01-05 16:00:00,aqi,GRU,49.00000087836643,55.811333
2023-08-02 17:00:00,aqi,GRU,68.00000081501827,120.1798
2022-11-12 02:00:00,aqi,GRU,68.00000081501827,100.17536
2023-09-08 06:00:00,aqi,GRU,68.00000081501827,60.92518
2023-03-03 22:00:00,aqi,GRU,68.00000081501827,111.25577
2023-03-03 21:00:00,aqi,GRU,68.00000081501827,101.51001
2021-09-07 08:00:00,aqi,GRU,152.00000158846618,185.69872
2023-08-11 21:00:00,aqi,GRU,68.00000081501827,204.05656
2022-12-02 22:00:00,aqi,GRU,68.00000081501827,125.19032
2022-02-03 01:00:00,aqi,GRU,68.00000081501827,119.584045
2021-08-06 09:00:00,aqi,GRU,63.99999918955603,46.35334
2023-12-06 04:00:00,aqi,GRU,68.00000081501827,51.816956
2022-06-08 07:00:00,aqi,GRU,56.99999968112302,40.347397
2021-11-08 18:00:00,aqi,GRU,68.00000081501827,73.42331
2022-03-12 23:00:00,aqi,GRU,68.00000081501827,140.50389
2021-08-06 03:00:00,aqi,GRU,78.99999972482958,59.25949
2021-09-07 23:00:00,aqi,GRU,122.99999981224268,95.2493
2022-08-10 12:00:00,aqi,GRU,26.49999785137217,38.427498
2021-04-02 08:00:00,aqi,GRU,237.00000165623766,205.62334
2023-02-03 15:00:00,aqi,GRU,68.00000081501827,62.96289
2021-06-04 13:00:00,aqi,GRU,152.00000158846618,154.92567
2021-12-10 07:00:00,aqi,GRU,135.9999995347851,131.59915
2022-02-04 20:00:00,aqi,GRU,68.00000081501827,105.97353
2022-09-02 23:00:00,aqi,GRU,68.00000081501827,155.66455
2021-01-04 17:00:00,aqi,GRU,57.99999897544661,51.57376
2023-07-10 01:00:00,aqi,GRU,68.00000081501827,176.67816
2021-07-04 04:00:00,aqi,GRU,158.00000180257558,145.49367
2022-06-02 10:00:00,aqi,GRU,68.00000081501827,126.32829
2023-12-02 15:00:00,aqi,GRU,68.00000081501827,81.67473
2023-06-02 23:00:00,aqi,GRU,68.00000081501827,114.29264
2022-04-12 15:00:00,aqi,GRU,68.00000081501827,70.4557
2022-01-01 13:00:00,aqi,GRU,68.00000081501827,132.89177
2022-03-10 01:00:00,aqi,GRU,79.50000048403334,64.29367
2023-10-08 21:00:00,aqi,GRU,46.99999784155136,51.034077
2021-12-01 07:00:00,aqi,GRU,72.00000021639656,61.382023
2022-03-01 20:00:00,aqi,GRU,68.00000081501827,402.54883
2021-04-09 16:00:00,aqi,GRU,49.99999794860607,43.630733
2022-12-12 12:00:00,aqi,GRU,68.00000081501827,55.201374
2021-10-01 23:00:00,aqi,GRU,99.99999991819155,63.448097
2023-02-10 16:00:00,aqi,GRU,93.99999998209262,104.53056
2022-07-05 08:00:00,aqi,GRU,68.00000081501827,82.91579
2022-05-08 01:00:00,aqi,GRU,44.00000218266454,87.08654
2023-03-05 21:00:00,aqi,GRU,49.99999794860607,59.515957
2023-03-11 19:00:00,aqi,GRU,68.00000081501827,173.8254
2021-05-07 07:00:00,aqi,GRU,53.99999957406831,56.802193
2022-09-10 14:00:00,aqi,GRU,51.50000022621737,57.160603
2022-01-04 05:00:00,aqi,GRU,68.00000081501827,271.34677
2023-07-11 07:00:00,aqi,GRU,68.00000081501827,349.22076
2022-10-03 10:00:00,aqi,GRU,68.00000081501827,107.89029
2022-08-06 20:00:00,aqi,GRU,68.00000081501827,72.58237
2022-08-05 00:00:00,aqi,GRU,68.00000081501827,324.31604
2021-02-08 14:00:00,aqi,GRU,34.00000034309288,36.80464
2022-01-11 11:00:00,aqi,GRU,68.00000081501827,62.424114
2022-09-04 00:00:00,aqi,GRU,68.00000081501827,226.0751
2023-07-10 23:00:00,aqi,GRU,68.00000081501827,237.82806
2022-05-10 00:00:00,aqi,GRU,102.99999946922527,42.687954
2022-04-10 07:00:00,aqi,GRU,190.00000146176984,159.98517
2022-06-04 05:00:00,aqi,GRU,68.00000081501827,127.33189
2023-03-04 21:00:00,aqi,GRU,68.00000081501827,93.89196
2021-01-04 02:00:00,aqi,GRU,91.00000000101141,66.453575
2023-09-07 01:00:00,aqi,GRU,68.00000081501827,113.25258
2022-04-12 02:00:00,aqi,GRU,68.00000081501827,110.05113
2021-03-01 09:00:00,aqi,GRU,356.99999704209023,350.38165
2023-01-11 10:00:00,aqi,GRU,68.00000081501827,63.795567
2021-02-12 13:00:00,aqi,GRU,68.00000081501827,70.00284
2021-11-02 18:00:00,aqi,GRU,271.9999925261509,298.3027
2022-08-12 12:00:00,aqi,GRU,68.00000081501827,55.659348
2021-11-12 10:00:00,aqi,GRU,68.00000081501827,68.1551
2021-04-07 20:00:00,aqi,GRU,59.000000493854145,47.699615
2021-11-01 15:00:00,aqi,GRU,69.99999940366544,62.01351
2021-06-08 19:00:00,aqi,GRU,49.00000087836643,45.75151
2022-07-02 03:00:00,aqi,GRU,68.00000081501827,248.38606
2021-07-01 02:00:00,aqi,GRU,310.99999836603,235.29858
2021-03-10 19:00:00,aqi,GRU,84.00000008859442,64.63724
2021-05-01 06:00:00,aqi,GRU,380.9999978985279,369.4262
2022-07-04 08:00:00,aqi,GRU,68.00000081501827,211.08427
2021-05-01 03:00:00,aqi,GRU,374.00000506234676,363.51978
2023-07-04 00:00:00,aqi,GRU,68.00000081501827,122.13221
2022-08-09 21:00:00,aqi,GRU,41.99999914584948,42.0586
2022-09-06 17:00:00,aqi,GRU,68.00000081501827,66.70098
2021-12-06 18:00:00,aqi,GRU,59.99999978817773,50.38467
2023-06-05 10:00:00,aqi,GRU,68.00000081501827,65.16693
2022-05-03 15:00:00,aqi,GRU,68.00000081501827,144.979
2023-11-11 01:00:00,aqi,GRU,68.00000081501827,166.45654
2023-12-02 00:00:00,aqi,GRU,68.00000081501827,329.71753
2021-04-10 15:00:00,aqi,GRU,69.99999940366544,102.86916
2022-02-11 13:00:00,aqi,GRU,68.00000081501827,62.766216
2023-06-11 02:00:00,aqi,GRU,68.00000081501827,293.60413
2022-05-06 01:00:00,aqi,GRU,68.00000081501827,164.09572
2021-12-07 11:00:00,aqi,GRU,52.00000098542113,46.726093
2022-06-01 04:00:00,aqi,GRU,68.00000081501827,383.9429
2023-11-11 03:00:00,aqi,GRU,68.00000081501827,145.0418
2021-01-11 02:00:00,aqi,GRU,277.0000001181885,225.43086
2022-04-01 17:00:00,aqi,GRU,68.00000081501827,411.9396
2021-02-11 03:00:00,aqi,GRU,283.9999929543697,281.56177
2023-11-08 23:00:00,aqi,GRU,75.99999961777486,82.34249
2021-02-10 00:00:00,aqi,GRU,37.00000045014759,88.3642
2021-03-03 22:00:00,aqi,GRU,103.99999987559083,88.287224
2022-02-04 16:00:00,aqi,GRU,68.00000081501827,132.4951
2021-09-10 18:00:00,aqi,GRU,68.00000081501827,111.78048
2023-04-12 01:00:00,aqi,GRU,68.00000081501827,335.78128
2022-06-07 13:00:00,aqi,GRU,91.00000000101141,102.98615
2021-04-11 18:00:00,aqi,GRU,251.99999774334333,257.1556
2021-03-02 08:00:00,aqi,GRU,68.00000081501827,235.078
2023-03-08 00:00:00,aqi,GRU,68.00000081501827,104.18254
2022-04-08 02:00:00,aqi,GRU,38.00000196855512,62.437336
2022-07-06 08:00:00,aqi,GRU,68.00000081501827,80.98726
2022-02-02 17:00:00,aqi,GRU,68.00000081501827,153.23488
2023-08-11 16:00:00,aqi,GRU,68.00000081501827,124.42417
2021-03-07 10:00:00,aqi,GRU,40.0000005572023,50.9192
2023-02-01 00:00:00,aqi,GRU,267.00000272678477,96.25581
2022-02-06 21:00:00,aqi,GRU,68.00000081501827,108.05292
2021-11-04 12:00:00,aqi,GRU,20.99999839646651,33.247368
2023-07-01 20:00:00,aqi,GRU,75.99999961777486,83.69395
2021-03-08 08:00:00,aqi,GRU,68.00000081501827,28.022694
2022-08-11 17:00:00,aqi,GRU,68.00000081501827,66.7071
2023-09-02 14:00:00,aqi,GRU,68.00000081501827,70.33714
2023-06-05 17:00:00,aqi,GRU,75.99999961777486,80.27231
2023-12-10 07:00:00,aqi,GRU,68.00000081501827,93.198685
2022-07-05 07:00:00,aqi,GRU,68.00000081501827,88.37556
2023-02-01 22:00:00,aqi,GRU,285.99999599118473,277.77066
2021-11-10 21:00:00,aqi,GRU,125.0000006249738,112.51121
2022-06-13 00:00:00,aqi,GRU,68.00000081501827,135.9383
2023-09-01 12:00:00,aqi,GRU,371.0000005071241,321.25067
2021-06-09 07:00:00,aqi,GRU,59.99999978817773,72.81592
2023-12-10 16:00:00,aqi,GRU,68.00000081501827,109.05924
2023-08-01 05:00:00,aqi,GRU,186.0000042844755,326.59555
2023-02-03 04:00:00,aqi,GRU,68.00000081501827,110.13619
2023-03-06 04:00:00,aqi,GRU,68.00000081501827,58.41271
2021-03-03 21:00:00,aqi,GRU,105.99999957627998,86.73028
2022-09-07 10:00:00,aqi,GRU,63.99999918955603,65.045616
2021-03-03 09:00:00,aqi,GRU,108.0000003890111,87.77424
2022-09-07 07:00:00,aqi,GRU,63.99999918955603,72.46542
2023-04-03 04:00:00,aqi,GRU,68.00000081501827,82.09704
2022-09-04 13:00:00,aqi,GRU,68.00000081501827,364.36603
2023-07-05 02:00:00,aqi,GRU,98.0000002175024,124.43144
2021-10-05 12:00:00,aqi,GRU,29.99999871763064,41.780453
2023-01-03 18:00:00,aqi,GRU,68.00000081501827,79.37902
2023-03-04 02:00:00,aqi,GRU,68.00000081501827,66.23451
2021-07-07 15:00:00,aqi,GRU,53.99999957406831,56.794903
2023-06-04 22:00:00,aqi,GRU,68.00000081501827,102.531296
2023-12-09 10:00:00,aqi,GRU,68.00000081501827,43.53889
2022-06-08 19:00:00,aqi,GRU,66.99999929661074,50.11191
2021-03-11 17:00:00,aqi,GRU,203.00000340839622,204.49998
2022-09-10 05:00:00,aqi,GRU,23.999998503521226,38.967945
2021-04-02 10:00:00,aqi,GRU,234.9999986194226,209.52048
2023-12-06 12:00:00,aqi,GRU,68.00000081501827,63.19583
2023-02-10 20:00:00,aqi,PIIANN,99.99999991819155,109.0287
2022-08-07 15:00:00,aqi,PIIANN,43.00000066425701,52.387527
2022-02-07 19:00:00,aqi,PIIANN,57.99999897544661,59.997437
2021-05-09 06:00:00,aqi,PIIANN,26.999998610575936,35.840374
2021-05-09 02:00:00,aqi,PIIANN,25.000000021928756,49.258545
2022-12-02 13:00:00,aqi,PIIANN,68.00000081501827,65.24321
2021-10-03 22:00:00,aqi,PIIANN,258.0000068537885,247.3536
2023-08-09 02:00:00,aqi,PIIANN,68.00000081501827,70.65712
2022-09-05 11:00:00,aqi,PIIANN,68.00000081501827,53.44655
2021-06-01 02:00:00,aqi,PIIANN,354.9999940052752,317.84418
2022-01-02 04:00:00,aqi,PIIANN,68.00000081501827,263.94775
2021-05-09 21:00:00,aqi,PIIANN,47.99999935995889,54.08138
2021-01-07 12:00:00,aqi,PIIANN,57.99999897544661,50.7658
2021-06-04 14:00:00,aqi,PIIANN,152.9999986587058,157.46208
2021-03-08 21:00:00,aqi,PIIANN,68.00000081501827,51.006973
2023-02-02 20:00:00,aqi,PIIANN,68.00000081501827,173.68744
2022-12-03 02:00:00,aqi,PIIANN,68.00000081501827,135.1062
2021-11-03 02:00:00,aqi,PIIANN,246.0000064255697,191.12357
2022-02-07 21:00:00,aqi,PIIANN,56.000000386799435,53.434383
2021-06-08 21:00:00,aqi,PIIANN,46.00000077131172,40.586452
2021-05-11 17:00:00,aqi,PIIANN,315.0000044396601,316.67325
2022-04-09 06:00:00,aqi,PIIANN,25.000000021928756,26.860458
2023-12-10 14:00:00,aqi,PIIANN,68.00000081501827,99.0411
2022-08-06 12:00:00,aqi,PIIANN,68.00000081501827,62.299168
2022-02-08 15:00:00,aqi,PIIANN,21.999999914874053,32.41122
2022-09-11 19:00:00,aqi,PIIANN,68.00000081501827,89.45728
2023-10-03 02:00:00,aqi,PIIANN,68.00000081501827,143.07817
2023-03-08 04:00:00,aqi,PIIANN,68.00000081501827,100.30445
2022-12-11 05:00:00,aqi,PIIANN,68.00000081501827,44.924595
2022-04-11 04:00:00,aqi,PIIANN,68.00000081501827,58.961586
2022-05-07 05:00:00,aqi,PIIANN,59.000000493854145,92.34459
2021-05-02 20:00:00,aqi,PIIANN,169.99999778262656,202.86995
2021-01-12 11:00:00,aqi,PIIANN,68.00000081501827,98.14232
2023-03-02 05:00:00,aqi,PIIANN,68.00000081501827,145.17104
2022-09-06 11:00:00,aqi,PIIANN,68.00000081501827,68.07245
2023-05-08 00:00:00,aqi,PIIANN,125.99999991929738,200.36339
2021-02-03 15:00:00,aqi,PIIANN,99.99999991819155,77.29779
2021-01-05 09:00:00,aqi,PIIANN,49.00000087836643,58.470608
2022-08-09 12:00:00,aqi,PIIANN,34.00000034309288,34.340897
2023-03-01 17:00:00,aqi,PIIANN,257.000005335381,276.36957
2023-07-11 10:00:00,aqi,PIIANN,68.00000081501827,268.69275
2022-03-07 15:00:00,aqi,PIIANN,49.99999794860607,50.679398
2021-03-08 14:00:00,aqi,PIIANN,68.00000081501827,40.825546
2023-10-07 19:00:00,aqi,PIIANN,68.00000081501827,149.75241
2022-10-04 02:00:00,aqi,PIIANN,68.00000081501827,278.78415
2022-08-05 15:00:00,aqi,PIIANN,68.00000081501827,66.366714
2022-10-12 00:00:00,aqi,PIIANN,68.00000081501827,124.86704
2021-07-12 20:00:00,aqi,PIIANN,68.00000081501827,124.774574
2022-07-12 15:00:00,aqi,PIIANN,68.00000081501827,71.591736
2023-05-10 10:00:00,aqi,PIIANN,55.00000109247584,44.863144
2023-01-04 02:00:00,aqi,PIIANN,68.00000081501827,99.72904
2022-08-09 08:00:00,aqi,PIIANN,37.00000045014759,36.51535
2021-12-11 05:00:00,aqi,PIIANN,68.00000081501827,263.1827
2022-04-11 15:00:00,aqi,PIIANN,68.00000081501827,84.49092
2023-08-06 19:00:00,aqi,PIIANN,68.00000081501827,90.20116
2022-10-02 20:00:00,aqi,PIIANN,68.00000081501827,124.31808
2021-10-08 14:00:00,aqi,PIIANN,35.99999893174006,30.542194
2021-05-02 08:00:00,aqi,PIIANN,211.99999928139246,195.9197
2023-02-03 13:00:00,aqi,PIIANN,68.00000081501827,65.15729
2021-11-07 19:00:00,aqi,PIIANN,69.00000010934185,57.78687
2022-06-07 06:00:00,aqi,PIIANN,103.99999987559083,142.13258
2022-12-09 02:00:00,aqi,PIIANN,102.00000017490169,86.64045
2023-11-10 03:00:00,aqi,PIIANN,68.00000081501827,111.843704
2021-12-08 00:00:00,aqi,PIIANN,68.00000081501827,78.71536
2022-03-01 15:00:00,aqi,PIIANN,68.00000081501827,382.18207
2023-07-01 05:00:00,aqi,PIIANN,92.9999999927428,127.65679
2021-02-12 17:00:00,aqi,PIIANN,68.00000081501827,82.55799
2022-02-10 14:00:00,aqi,PIIANN,93.50000005692034,62.89657
2021-03-09 18:00:00,aqi,PIIANN,72.99999951072016,68.22201
2021-05-11 07:00:00,aqi,PIIANN,294.999991864181,354.74768
2022-07-01 10:00:00,aqi,PIIANN,68.00000081501827,257.6018
2022-01-05 03:00:00,aqi,PIIANN,68.00000081501827,216.39793
2021-04-09 15:00:00,aqi,PIIANN,47.99999935995889,43.77252
2021-03-02 04:00:00,aqi,PIIANN,248.99999318812073,226.08714
2023-08-10 18:00:00,aqi,PIIANN,68.00000081501827,220.62059
2021-03-01 00:00:00,aqi,PIIANN,354.9999940052752,115.46116
2023-07-05 08:00:00,aqi,PIIANN,113.99999949107854,121.10281
2022-02-06 18:00:00,aqi,PIIANN,68.00000081501827,87.61398
2023-08-07 18:00:00,aqi,PIIANN,68.00000081501827,119.89762
2021-08-03 18:00:00,aqi,PIIANN,185.00000276606798,154.30154
2023-10-10 10:00:00,aqi,PIIANN,68.00000081501827,88.35517
2021-07-01 14:00:00,aqi,PIIANN,210.99999776298495,216.81267
2021-08-10 20:00:00,aqi,PIIANN,140.999998230487,184.51091
2023-02-01 12:00:00,aqi,PIIANN,286.9999975095923,243.81464
2021-05-05 01:00:00,aqi,PIIANN,122.99999981224268,168.17596
2023-03-11 16:00:00,aqi,PIIANN,68.00000081501827,84.85007
2022-08-02 23:00:00,aqi,PIIANN,68.00000081501827,144.22435
2022-02-04 12:00:00,aqi,PIIANN,68.00000081501827,158.59192
2022-03-02 14:00:00,aqi,PIIANN,68.00000081501827,149.46628
2022-04-01 19:00:00,aqi,PIIANN,68.00000081501827,407.60492
2022-10-09 01:00:00,aqi,PIIANN,34.00000034309288,28.388035
2022-08-03 16:00:00,aqi,PIIANN,68.00000081501827,247.98227
2021-09-05 03:00:00,aqi,PIIANN,29.99999871763064,48.807335
2021-09-09 17:00:00,aqi,PIIANN,57.99999897544661,51.65488
2022-09-12 00:00:00,aqi,PIIANN,68.00000081501827,148.46332
2022-10-12 02:00:00,aqi,PIIANN,68.00000081501827,123.47329
2023-01-02 00:00:00,aqi,PIIANN,68.00000081501827,234.57973
2021-11-11 19:00:00,aqi,PIIANN,68.00000081501827,135.72423
2023-07-01 13:00:00,aqi,PIIANN,88.0000000459937,86.71762
2023-05-05 22:00:00,aqi,PIIANN,62.00000060090885,58.52146
2021-10-05 22:00:00,aqi,PIIANN,35.99999893174006,40.995384
2023-04-11 18:00:00,aqi,PIIANN,310.99999836603,331.58673
2021-02-10 17:00:00,aqi,PIIANN,69.99999940366544,69.22138
2021-02-09 06:00:00,aqi,PIIANN,40.0000005572023,27.365314
2021-05-12 06:00:00,aqi,PIIANN,68.00000081501827,166.07542
2022-12-05 19:00:00,aqi,PIIANN,68.00000081501827,113.13754
2021-10-08 07:00:00,aqi,PIIANN,41.00000207560983,19.934265
2022-07-06 02:00:00,aqi,PIIANN,68.00000081501827,146.42822
2022-01-11 07:00:00,aqi,PIIANN,68.00000081501827,69.305046
2023-11-02 04:00:00,aqi,PIIANN,68.00000081501827,286.13043
2022-01-01 02:00:00,aqi,PIIANN,68.00000081501827,128.09454
2021-10-07 18:00:00,aqi,PIIANN,49.00000087836643,43.518497
2022-03-02 10:00:00,aqi,PIIANN,68.00000081501827,165.27415
2021-05-03 04:00:00,aqi,PIIANN,128.99999780226815,114.12629
2021-05-05 22:00:00,aqi,PIIANN,137.00000105319265,115.97524
2021-07-10 03:00:00,aqi,PIIANN,32.000001754445705,62.004208
2021-08-12 02:00:00,aqi,PIIANN,68.00000081501827,365.13797
2021-06-07 07:00:00,aqi,PIIANN,72.99999951072016,65.736046
2022-08-10 00:00:00,aqi,PIIANN,26.000001540336285,42.976913
2022-09-11 11:00:00,aqi,PIIANN,68.00000081501827,53.69677
2023-11-01 04:00:00,aqi,PIIANN,68.00000081501827,106.96924
2022-04-04 06:00:00,aqi,PIIANN,68.00000081501827,135.56004
2021-08-11 23:00:00,aqi,PIIANN,386.00000549056557,378.89264
2021-07-02 05:00:00,aqi,PIIANN,146.00000137435677,128.47699
2022-11-10 13:00:00,aqi,PIIANN,29.99999871763064,37.807022
2023-06-04 18:00:00,aqi,PIIANN,68.00000081501827,75.72071
2022-10-01 10:00:00,aqi,PIIANN,68.00000081501827,239.2107
2021-12-08 17:00:00,aqi,PIIANN,60.99999908250132,51.79986
2023-04-08 09:00:00,aqi,PIIANN,271.9999925261509,211.40662
2023-05-10 09:00:00,aqi,PIIANN,57.99999897544661,44.0693
2022-01-05 10:00:00,aqi,PIIANN,68.00000081501827,105.21963
2023-03-11 01:00:00,aqi,PIIANN,68.00000081501827,121.049065
2021-12-08 13:00:00,aqi,PIIANN,46.00000077131172,43.63494
2022-07-11 00:00:00,aqi,PIIANN,68.00000081501827,42.25418
2021-07-07 18:00:00,aqi,PIIANN,55.00000109247584,56.190582
2021-09-08 14:00:00,aqi,PIIANN,35.99999893174006,48.371384
2022-10-03 12:00:00,aqi,PIIANN,68.00000081501827,111.500626
2023-12-09 18:00:00,aqi,PIIANN,68.00000081501827,61.178856
2021-10-06 07:00:00,aqi,PIIANN,46.00000077131172,40.436764
2022-10-12 16:00:00,aqi,PIIANN,68.00000081501827,77.62059
2023-11-01 18:00:00,aqi,PIIANN,68.00000081501827,213.2743
2022-06-04 13:00:00,aqi,PIIANN,68.00000081501827,149.64061
2022-04-04 13:00:00,aqi,PIIANN,68.00000081501827,163.60345
2022-12-01 01:00:00,aqi,PIIANN,68.00000081501827,103.05255
2022-08-03 07:00:00,aqi,PIIANN,68.00000081501827,313.03284
2022-03-04 10:00:00,aqi,PIIANN,68.00000081501827,238.61272
2022-08-04 03:00:00,aqi,PIIANN,68.00000081501827,190.72812
2021-11-03 14:00:00,aqi,PIIANN,216.99999797709435,211.98087
2022-07-12 09:00:00,aqi,PIIANN,68.00000081501827,68.46853
2021-07-05 21:00:00,aqi,PIIANN,40.0000005572023,37.064453
2022-09-12 20:00:00,aqi,PIIANN,68.00000081501827,135.41821
2021-01-06 22:00:00,aqi,PIIANN,50.9999994670136,53.984753
2022-02-11 15:00:00,aqi,PIIANN,68.00000081501827,72.07625
2022-12-11 22:00:00,aqi,PIIANN,68.00000081501827,116.12413
2021-06-06 15:00:00,aqi,PIIANN,55.00000109247584,52.554462
2022-07-13 02:00:00,aqi,PIIANN,68.00000081501827,139.74806
2023-03-04 23:00:00,aqi,PIIANN,68.00000081501827,110.585396
2023-03-03 13:00:00,aqi,PIIANN,68.00000081501827,55.198814
2022-06-01 08:00:00,aqi,PIIANN,68.00000081501827,389.2578
2022-07-12 23:00:00,aqi,PIIANN,68.00000081501827,144.8358
2021-01-11 05:00:00,aqi,PIIANN,290.0000020648149,287.47098
2021-09-02 20:00:00,aqi,PIIANN,68.00000081501827,184.06918
2021-05-08 11:00:00,aqi,PIIANN,25.000000021928756,30.003147
2021-02-03 03:00:00,aqi,PIIANN,122.00000051791909,124.97477
2023-09-09 21:00:00,aqi,PIIANN,68.00000081501827,74.295334
2021-09-01 23:00:00,aqi,PIIANN,68.00000081501827,109.32941
2021-04-09 01:00:00,aqi,PIIANN,43.00000066425701,25.924385
2022-04-11 09:00:00,aqi,PIIANN,68.00000081501827,68.205215
2021-08-11 02:00:00,aqi,PIIANN,415.9999976647769,331.82584
2021-12-05 17:00:00,aqi,PIIANN,38.99999903879477,36.384594
2021-03-09 15:00:00,aqi,PIIANN,62.999999895232435,68.04668
2021-09-09 02:00:00,aqi,PIIANN,35.99999893174006,32.96976
2023-11-09 15:00:00,aqi,PIIANN,68.00000081501827,50.65174
2023-10-08 14:00:00,aqi,PIIANN,68.00000081501827,57.988693
2023-06-06 16:00:00,aqi,PIIANN,68.00000081501827,84.458855
2021-08-05 06:00:00,aqi,PIIANN,32.99999882468535,35.36332
2022-08-12 00:00:00,aqi,PIIANN,68.00000081501827,159.97867
2021-05-01 13:00:00,aqi,PIIANN,388.00000852738066,388.15564
2022-10-04 16:00:00,aqi,PIIANN,68.00000081501827,310.7684
2022-05-07 11:00:00,aqi,PIIANN,69.99999940366544,84.39622
2021-07-08 02:00:00,aqi,PIIANN,40.0000005572023,57.07026
2021-09-01 03:00:00,aqi,PIIANN,237.00000165623766,237.26456
2021-12-07 09:00:00,aqi,PIIANN,57.99999897544661,39.56818
2022-06-09 13:00:00,aqi,PIIANN,32.99999882468535,52.227932
2021-05-08 14:00:00,aqi,PIIANN,32.000001754445705,34.636967
2022-06-10 07:00:00,aqi,PIIANN,26.000001540336285,31.460777
2021-01-09 13:00:00,aqi,PIIANN,46.00000077131172,55.633896
2022-03-01 04:00:00,aqi,PIIANN,68.00000081501827,334.43393
2021-12-03 01:00:00,aqi,PIIANN,181.99999821084538,208.53027
2021-01-10 22:00:00,aqi,PIIANN,40.0000005572023,72.23257
2021-09-11 14:00:00,aqi,PIIANN,431.00000264821836,457.04987
2023-11-10 22:00:00,aqi,PIIANN,68.00000081501827,153.10753
2022-08-07 09:00:00,aqi,PIIANN,38.99999903879477,47.46081
2021-01-04 00:00:00,aqi,PIIANN,105.00000028195639,94.38564
2021-12-08 02:00:00,aqi,PIIANN,46.99999784155136,45.291492
2022-04-10 22:00:00,aqi,PIIANN,116.99999959813326,107.61747
2022-06-05 08:00:00,aqi,PIIANN,68.00000081501827,144.24626
2021-05-12 21:00:00,aqi,PIIANN,68.00000081501827,132.46185
2023-04-03 01:00:00,aqi,PIIANN,68.00000081501827,119.224365
2023-01-06 23:00:00,aqi,PIIANN,68.00000081501827,89.18125
2021-07-09 05:00:00,aqi,PIIANN,55.00000109247584,61.78582
2023-07-01 16:00:00,aqi,PIIANN,84.00000008859442,80.958855
2021-06-06 23:00:00,aqi,PIIANN,56.000000386799435,61.719265
2022-10-05 17:00:00,aqi,PIIANN,68.00000081501827,107.5967
2021-04-09 07:00:00,aqi,PIIANN,35.99999893174006,23.364288
2021-07-10 07:00:00,aqi,PIIANN,34.00000034309288,41.013355
2021-01-05 07:00:00,aqi,PIIANN,40.0000005572023,46.63276
2022-01-11 13:00:00,aqi,PIIANN,68.00000081501827,66.380356
2023-02-09 01:00:00,aqi,PIIANN,68.00000081501827,140.24191
2022-05-08 07:00:00,aqi,PIIANN,38.99999903879477,42.647503
2022-07-12 08:00:00,aqi,PIIANN,68.00000081501827,72.44999
2023-08-07 17:00:00,aqi,PIIANN,68.00000081501827,128.79636
2023-06-06 23:00:00,aqi,PIIANN,68.00000081501827,180.22963
2023-02-04 23:00:00,aqi,PIIANN,68.00000081501827,113.653564
2022-09-12 08:00:00,aqi,PIIANN,68.00000081501827,86.459305
2021-05-10 17:00:00,aqi,PIIANN,78.00000043050598,71.70416
2022-09-02 01:00:00,aqi,PIIANN,68.00000081501827,243.3852
2023-02-02 04:00:00,aqi,PIIANN,68.00000081501827,236.70848
2023-02-04 05:00:00,aqi,PIIANN,68.00000081501827,70.00399
2022-03-10 22:00:00,aqi,PIIANN,190.00000146176984,188.18382
2023-08-08 10:00:00,aqi,PIIANN,68.00000081501827,47.12924
2021-11-02 22:00:00,aqi,PIIANN,262.99999665315465,234.86165
2021-11-02 02:00:00,aqi,PIIANN,282.9999914359622,167.79356
2022-04-08 04:00:00,aqi,PIIANN,35.000001861500415,51.080082
2023-12-11 22:00:00,aqi,PIIANN,68.00000081501827,154.66293
2021-07-03 02:00:00,aqi,PIIANN,108.0000003890111,177.48448
2023-11-06 05:00:00,aqi,PIIANN,68.00000081501827,92.934074
2022-12-11 08:00:00,aqi,PIIANN,68.00000081501827,48.786015
2022-11-09 00:00:00,aqi,PIIANN,35.000001861500415,76.4788
2023-03-02 12:00:00,aqi,PIIANN,68.00000081501827,86.288315
2021-06-10 16:00:00,aqi,PIIANN,60.99999908250132,52.127888
2023-07-07 12:00:00,aqi,PIIANN,68.00000081501827,140.07318
2021-01-08 13:00:00,aqi,PIIANN,29.99999871763064,31.033092
2022-09-11 08:00:00,aqi,PIIANN,68.00000081501827,58.88345
2023-03-02 20:00:00,aqi,PIIANN,68.00000081501827,107.43443
2021-03-07 20:00:00,aqi,PIIANN,65.00000070796355,76.49515
2023-02-01 18:00:00,aqi,PIIANN,283.9999929543697,259.489
2022-04-05 12:00:00,aqi,PIIANN,68.00000081501827,92.27753
2021-08-01 20:00:00,aqi,PIIANN,217.99999949550187,221.56908
2023-05-05 02:00:00,aqi,PIIANN,68.00000081501827,88.58224
2023-07-06 11:00:00,aqi,PIIANN,68.00000081501827,149.41026
2021-05-04 02:00:00,aqi,PIIANN,83.00000023824984,102.61938
2021-04-01 13:00:00,aqi,PIIANN,310.99999836603,346.2343
2022-11-12 09:00:00,aqi,PIIANN,68.00000081501827,53.719913
2021-08-07 11:00:00,aqi,PIIANN,108.0000003890111,149.04669
2022-01-10 15:00:00,aqi,PIIANN,99.99999991819155,61.857758
2022-06-08 22:00:00,aqi,PIIANN,71.00000092207299,77.10757
2022-12-02 03:00:00,aqi,PIIANN,68.00000081501827,100.36869
2022-08-09 01:00:00,aqi,PIIANN,44.00000218266454,39.76036
2022-11-11 08:00:00,aqi,PIIANN,68.00000081501827,49.76936
2023-07-02 17:00:00,aqi,PIIANN,68.00000081501827,120.59065
2021-08-04 06:00:00,aqi,PIIANN,164.99999908692467,136.9801
2023-05-10 02:00:00,aqi,PIIANN,81.0000005375607,65.93127
2022-06-01 13:00:00,aqi,PIIANN,68.00000081501827,381.8087
2021-02-10 04:00:00,aqi,PIIANN,37.00000045014759,58.24535
2021-05-08 19:00:00,aqi,PIIANN,44.99999925290419,36.05109
2021-11-12 20:00:00,aqi,PIIANN,68.00000081501827,187.07907
2021-02-08 18:00:00,aqi,PIIANN,38.00000196855512,30.491215
2021-06-07 04:00:00,aqi,PIIANN,69.99999940366544,51.705162
2022-05-08 16:00:00,aqi,PIIANN,35.99999893174006,43.830288
2022-07-06 04:00:00,aqi,PIIANN,68.00000081501827,131.53929
2021-07-03 04:00:00,aqi,PIIANN,125.99999991929738,198.9281
2021-11-10 13:00:00,aqi,PIIANN,115.00000100948608,100.56133
2022-05-03 01:00:00,aqi,PIIANN,68.00000081501827,149.28888
2022-04-03 14:00:00,aqi,PIIANN,68.00000081501827,176.50836
2021-10-03 20:00:00,aqi,PIIANN,247.9999916697132,265.44107
2023-08-12 02:00:00,aqi,PIIANN,68.00000081501827,212.85498
2021-06-11 03:00:00,aqi,PIIANN,299.9999994562187,202.60054
2023-04-05 09:00:00,aqi,PIIANN,55.00000109247584,43.667614
2021-11-01 09:00:00,aqi,PIIANN,78.00000043050598,50.897633
2021-09-12 21:00:00,aqi,PIIANN,68.00000081501827,154.04025
2021-10-08 23:00:00,aqi,PIIANN,44.00000218266454,59.662548
2023-11-11 12:00:00,aqi,PIIANN,68.00000081501827,98.17718
2021-02-11 11:00:00,aqi,PIIANN,280.0000046734111,313.37912
2021-07-02 03:00:00,aqi,PIIANN,140.999998230487,123.90159
2021-03-07 08:00:00,aqi,PIIANN,44.99999925290419,44.206844
2023-11-10 16:00:00,aqi,PIIANN,68.00000081501827,89.69605
2022-11-07 22:00:00,aqi,PIIANN,46.00000077131172,52.411457
2023-05-01 03:00:00,aqi,PIIANN,233.99999710101508,185.18712
2021-08-12 18:00:00,aqi,PIIANN,68.00000081501827,133.39088
2021-12-11 18:00:00,aqi,PIIANN,214.00000231820752,273.5806
2023-11-08 08:00:00,aqi,PIIANN,66.00000000228715,62.801014
2021-02-05 04:00:00,aqi,PIIANN,46.00000077131172,40.57851
2021-01-05 01:00:00,aqi,PIIANN,40.0000005572023,75.581184
2023-02-03 02:00:00,aqi,PIIANN,68.00000081501827,132.2747
2021-03-12 17:00:00,aqi,PIIANN,68.00000081501827,90.328545
2022-12-12 05:00:00,aqi,PIIANN,68.00000081501827,67.46265
2021-03-02 16:00:00,aqi,PIIANN,232.99999558260754,265.24103
2022-05-07 20:00:00,aqi,PIIANN,85.99999978928356,85.38772
2022-06-13 02:00:00,aqi,PIIANN,68.00000081501827,140.59895
2021-06-08 11:00:00,aqi,PIIANN,32.000001754445705,32.80419
2022-07-05 06:00:00,aqi,PIIANN,68.00000081501827,107.49919
2021-11-08 07:00:00,aqi,PIIANN,32.000001754445705,49.116077
2023-09-08 23:00:00,aqi,PIIANN,40.0000005572023,52.862537
2023-07-06 21:00:00,aqi,PIIANN,68.00000081501827,146.48383
2023-03-02 18:00:00,aqi,PIIANN,68.00000081501827,92.10927
2021-06-11 04:00:00,aqi,PIIANN,301.00000097462623,221.01723
2022-12-07 04:00:00,aqi,PIIANN,37.00000045014759,30.714825
2021-08-02 01:00:00,aqi,PIIANN,185.00000276606798,182.34808
2021-01-12 07:00:00,aqi,PIIANN,68.00000081501827,138.61424
2022-08-08 07:00:00,aqi,PIIANN,21.999999914874053,37.290733
2021-04-01 11:00:00,aqi,PIIANN,308.9999953292149,342.8141
2022-08-04 20:00:00,aqi,PIIANN,68.00000081501827,330.0932
2023-01-01 14:00:00,aqi,PIIANN,277.0000001181885,264.82224
2023-04-12 02:00:00,aqi,PIIANN,68.00000081501827,323.31262
2021-11-12 15:00:00,aqi,PIIANN,68.00000081501827,122.5138
2023-06-11 20:00:00,aqi,PIIANN,68.00000081501827,376.49426
2021-08-11 11:00:00,aqi,PIIANN,68.00000081501827,436.86102
2021-07-10 20:00:00,aqi,PIIANN,105.00000028195639,112.43941
2023-01-03 08:00:00,aqi,PIIANN,68.00000081501827,80.27628
2022-04-10 14:00:00,aqi,PIIANN,150.4999993108549,137.74385
2023-10-08 00:00:00,aqi,PIIANN,40.0000005572023,192.261
2022-04-04 09:00:00,aqi,PIIANN,68.00000081501827,137.39417
2022-08-01 15:00:00,aqi,PIIANN,68.00000081501827,132.74179
2023-01-06 16:00:00,aqi,PIIANN,68.00000081501827,72.17922
2023-11-06 02:00:00,aqi,PIIANN,68.00000081501827,140.97699
2021-05-09 18:00:00,aqi,PIIANN,52.99999805566078,52.581528
2021-08-09 13:00:00,aqi,PIIANN,41.00000207560983,34.040287
2021-01-12 23:00:00,aqi,PIIANN,68.00000081501827,136.7725
2022-12-09 05:00:00,aqi,PIIANN,99.00000006784697,43.0016
2021-10-08 22:00:00,aqi,PIIANN,46.99999784155136,50.389606
2023-07-10 08:00:00,aqi,PIIANN,68.00000081501827,244.34111
2021-01-06 05:00:00,aqi,PIIANN,73.99999991708572,71.328
2022-02-09 18:00:00,aqi,PIIANN,23.000001433281582,31.479088
2022-10-01 17:00:00,aqi,PIIANN,68.00000081501827,239.81091
2021-11-06 12:00:00,aqi,PIIANN,35.000001861500415,49.12242
2022-04-01 13:00:00,aqi,PIIANN,68.00000081501827,430.07135
2022-02-03 12:00:00,aqi,PIIANN,68.00000081501827,134.36813
2021-11-07 06:00:00,aqi,PIIANN,52.00000098542113,53.455864
2023-03-04 14:00:00,aqi,PIIANN,68.00000081501827,57.094246
2022-08-02 01:00:00,aqi,PIIANN,68.00000081501827,174.28975
2021-11-01 13:00:00,aqi,PIIANN,75.00000032345127,61.26531
2022-10-09 23:00:00,aqi,PIIANN,35.000001861500415,40.83382
2022-04-04 10:00:00,aqi,PIIANN,68.00000081501827,134.77063
2023-03-01 00:00:00,aqi,PIIANN,289.00000054640736,115.46116
2022-03-12 03:00:00,aqi,PIIANN,68.00000081501827,138.21526
2022-09-10 13:00:00,aqi,PIIANN,51.50000022621737,64.180916
2021-08-10 08:00:00,aqi,PIIANN,75.00000032345127,74.68727
2021-04-04 10:00:00,aqi,PIIANN,69.99999940366544,79.37724
2022-03-06 03:00:00,aqi,PIIANN,68.00000081501827,232.1906
2022-10-01 20:00:00,aqi,PIIANN,68.00000081501827,248.51344
2023-02-06 12:00:00,aqi,PIIANN,68.00000081501827,72.36881
2021-06-06 14:00:00,aqi,PIIANN,56.99999968112302,53.574497
2023-09-10 04:00:00,aqi,PIIANN,68.00000081501827,155.06648
2022-05-10 13:00:00,aqi,PIIANN,32.499998065481584,42.44157
2021-06-09 23:00:00,aqi,PIIANN,55.00000109247584,75.64485
2022-06-03 06:00:00,aqi,PIIANN,68.00000081501827,203.99217
2021-10-06 15:00:00,aqi,PIIANN,41.99999914584948,36.715115
2021-02-12 02:00:00,aqi,PIIANN,68.00000081501827,186.92505
2023-04-08 02:00:00,aqi,PIIANN,263.9999981715622,226.25652
2022-09-03 07:00:00,aqi,PIIANN,68.00000081501827,289.36835
2021-02-04 15:00:00,aqi,PIIANN,59.000000493854145,55.85434
2022-07-01 16:00:00,aqi,PIIANN,68.00000081501827,265.09845
2022-01-01 14:00:00,aqi,PIIANN,68.00000081501827,153.05829
2022-02-11 23:00:00,aqi,PIIANN,68.00000081501827,141.43141
2021-10-12 23:00:00,aqi,PIIANN,68.00000081501827,149.28537
2023-01-07 02:00:00,aqi,PIIANN,68.00000081501827,103.068115
2022-10-12 23:00:00,aqi,PIIANN,68.00000081501827,165.28558
2021-11-06 06:00:00,aqi,PIIANN,32.000001754445705,40.101856
2022-08-03 03:00:00,aqi,PIIANN,68.00000081501827,266.18228
2021-11-06 22:00:00,aqi,PIIANN,49.00000087836643,58.362793
2022-02-09 21:00:00,aqi,PIIANN,23.000001433281582,27.569187
2022-09-02 12:00:00,aqi,PIIANN,68.00000081501827,105.90387
2022-02-12 13:00:00,aqi,PIIANN,68.00000081501827,64.20301
2022-07-07 04:00:00,aqi,PIIANN,65.00000070796355,51.102116
2021-01-04 22:00:00,aqi,PIIANN,56.000000386799435,59.966972
2022-11-02 00:00:00,aqi,PIIANN,68.00000081501827,158.1482
2022-04-03 16:00:00,aqi,PIIANN,68.00000081501827,161.5797
2023-12-10 06:00:00,aqi,PIIANN,68.00000081501827,97.166626
2023-11-09 00:00:00,aqi,PIIANN,68.00000081501827,76.48994
2021-06-09 04:00:00,aqi,PIIANN,55.00000109247584,83.0338
2023-12-06 03:00:00,aqi,PIIANN,68.00000081501827,80.25241
2023-12-10 15:00:00,aqi,PIIANN,68.00000081501827,102.5238
2023-01-01 00:00:00,aqi,PIIANN,199.99999885317362,98.538376
2023-11-11 09:00:00,aqi,PIIANN,68.00000081501827,102.15351
2021-07-06 13:00:00,aqi,PIIANN,72.99999951072016,71.05708
2021-10-02 05:00:00,aqi,PIIANN,285.99999599118473,292.6831
2022-09-08 11:00:00,aqi,PIIANN,35.99999893174006,40.60653
2022-05-10 08:00:00,aqi,PIIANN,45.500000012107954,37.38039
2023-12-06 00:00:00,aqi,PIIANN,68.00000081501827,117.345024
2023-09-09 19:00:00,aqi,PIIANN,68.00000081501827,62.828514
2022-12-02 07:00:00,aqi,PIIANN,68.00000081501827,68.394775
2022-10-06 08:00:00,aqi,PIIANN,68.00000081501827,92.8878
2022-11-04 21:00:00,aqi,PIIANN,68.00000081501827,281.74283
2022-08-05 17:00:00,aqi,PIIANN,68.00000081501827,67.74672
2022-09-11 14:00:00,aqi,PIIANN,68.00000081501827,58.743767
2021-02-06 21:00:00,aqi,PIIANN,60.99999908250132,59.23317
2022-11-05 19:00:00,aqi,PIIANN,68.00000081501827,95.35819
2023-07-06 10:00:00,aqi,PIIANN,68.00000081501827,154.08296
2023-03-08 10:00:00,aqi,PIIANN,120.99999899951155,100.27038
2022-02-08 05:00:00,aqi,PIIANN,23.000001433281582,22.14209
2021-01-12 05:00:00,aqi,PIIANN,68.00000081501827,178.51933
2023-03-03 05:00:00,aqi,PIIANN,68.00000081501827,72.556404
2022-05-11 14:00:00,aqi,PIIANN,68.00000081501827,60.630062
2021-10-03 16:00:00,aqi,PIIANN,242.00000035193955,259.63837
2021-01-05 23:00:00,aqi,PIIANN,46.99999784155136,68.238075
2022-05-05 21:00:00,aqi,PIIANN,68.00000081501827,99.54811
2023-08-01 01:00:00,aqi,PIIANN,129.99999932067567,255.19754
2021-04-12 17:00:00,aqi,PIIANN,68.00000081501827,147.7863
2023-03-01 15:00:00,aqi,PIIANN,256.00000381697345,268.03632
2021-04-09 18:00:00,aqi,PIIANN,49.00000087836643,40.324722
2021-02-02 13:00:00,aqi,PIIANN,294.000008138445,276.50247
2023-04-11 06:00:00,aqi,PIIANN,68.00000081501827,281.88464
2022-12-02 19:00:00,aqi,PIIANN,68.00000081501827,93.25877
2021-02-08 20:00:00,aqi,PIIANN,38.99999903879477,29.453941
2022-08-03 04:00:00,aqi,PIIANN,68.00000081501827,289.30234
2022-08-01 22:00:00,aqi,PIIANN,68.00000081501827,148.3957
2023-03-04 09:00:00,aqi,PIIANN,68.00000081501827,52.518387
2021-01-07 11:00:00,aqi,PIIANN,59.99999978817773,43.77646
2021-06-06 03:00:00,aqi,PIIANN,68.00000081501827,41.802418
2022-05-07 02:00:00,aqi,PIIANN,60.99999908250132,151.66545
2023-05-11 16:00:00,aqi,PIIANN,364.999991396679,357.4568
2022-06-11 01:00:00,aqi,PIIANN,68.00000081501827,36.961136
2023-11-06 17:00:00,aqi,PIIANN,68.00000081501827,59.063118
2023-03-08 14:00:00,aqi,PIIANN,166.0000006053322,170.058
2023-02-08 12:00:00,aqi,PIIANN,68.00000081501827,58.734207
2021-06-01 11:00:00,aqi,PIIANN,341.9999920586488,354.71414
2023-11-02 14:00:00,aqi,PIIANN,68.00000081501827,112.86048
2022-12-10 20:00:00,aqi,PIIANN,31.000000236038176,37.127747
2021-06-05 04:00:00,aqi,PIIANN,62.00000060090885,69.96931
2021-12-12 20:00:00,aqi,PIIANN,68.00000081501827,123.76165
2021-12-07 13:00:00,aqi,PIIANN,49.99999794860607,48.675293
2022-01-04 21:00:00,aqi,PIIANN,68.00000081501827,181.18312
2023-03-06 18:00:00,aqi,PIIANN,68.00000081501827,89.620415
2023-08-10 14:00:00,aqi,PIIANN,68.00000081501827,233.53745
2022-03-10 15:00:00,aqi,PIIANN,168.99999626421902,190.2765
2023-09-02 02:00:00,aqi,PIIANN,68.00000081501827,154.35327
2022-04-05 01:00:00,aqi,PIIANN,68.00000081501827,176.72351
2022-11-12 04:00:00,aqi,PIIANN,68.00000081501827,82.40688
2022-12-02 23:00:00,aqi,PIIANN,68.00000081501827,124.11974
2022-07-02 01:00:00,aqi,PIIANN,68.00000081501827,256.56308
2021-03-12 10:00:00,aqi,PIIANN,68.00000081501827,100.213196
2023-10-06 20:00:00,aqi,PIIANN,68.00000081501827,108.087166
2022-10-12 04:00:00,aqi,PIIANN,68.00000081501827,107.93311
2021-11-09 02:00:00,aqi,PIIANN,41.99999914584948,61.385674
2021-07-07 02:00:00,aqi,PIIANN,72.00000021639656,71.16192
2022-05-12 19:00:00,aqi,PIIANN,68.00000081501827,122.669464
2022-03-06 15:00:00,aqi,PIIANN,68.00000081501827,80.35298
2022-10-12 08:00:00,aqi,PIIANN,68.00000081501827,69.75163
2021-06-06 22:00:00,aqi,PIIANN,53.99999957406831,54.03973
2023-07-08 08:00:00,aqi,PIIANN,125.99999991929738,101.22351
2022-06-01 23:00:00,aqi,PIIANN,68.00000081501827,361.37808
2022-07-09 03:00:00,aqi,PIIANN,38.99999903879477,24.970222
2022-02-12 00:00:00,aqi,PIIANN,68.00000081501827,136.39935
2021-01-09 09:00:00,aqi,PIIANN,38.99999903879477,33.424522
2023-11-02 23:00:00,aqi,PIIANN,68.00000081501827,141.81305
2021-04-05 16:00:00,aqi,PIIANN,44.00000218266454,60.047134
2022-07-02 13:00:00,aqi,PIIANN,68.00000081501827,126.26118
2021-01-03 07:00:00,aqi,PIIANN,140.00000116024734,141.55809
2021-07-10 23:00:00,aqi,PIIANN,78.00000043050598,178.92734
2021-06-09 12:00:00,aqi,PIIANN,62.999999895232435,72.4218
2022-03-03 21:00:00,aqi,PIIANN,68.00000081501827,179.92906
2022-07-12 01:00:00,aqi,PIIANN,68.00000081501827,117.46478
2022-09-04 23:00:00,aqi,PIIANN,68.00000081501827,269.4009
2023-11-12 02:00:00,aqi,PIIANN,68.00000081501827,153.36914
2022-04-12 16:00:00,aqi,PIIANN,68.00000081501827,86.77181
2021-02-04 21:00:00,aqi,PIIANN,56.000000386799435,55.234356
2023-09-02 19:00:00,aqi,PIIANN,68.00000081501827,88.38651
2023-11-01 05:00:00,aqi,PIIANN,68.00000081501827,98.96394
2021-04-06 17:00:00,aqi,PIIANN,75.99999961777486,107.6056
2021-05-03 09:00:00,aqi,PIIANN,131.0000008390832,122.864494
2023-08-02 11:00:00,aqi,PIIANN,68.00000081501827,122.39217
2022-12-07 07:00:00,aqi,PIIANN,35.99999893174006,32.164433
2022-06-11 19:00:00,aqi,PIIANN,68.00000081501827,85.59946
2021-06-06 10:00:00,aqi,PIIANN,66.99999929661074,52.946785
2022-05-11 12:00:00,aqi,PIIANN,68.00000081501827,57.718445
2021-04-02 03:00:00,aqi,PIIANN,247.0000079439772,246.12553
2022-09-06 03:00:00,aqi,PIIANN,68.00000081501827,118.3064
2023-07-09 08:00:00,aqi,PIIANN,68.00000081501827,50.832363
2021-05-07 17:00:00,aqi,PIIANN,65.00000070796355,67.44212
2021-04-10 00:00:00,aqi,PIIANN,59.99999978817773,59.423428
2022-05-02 06:00:00,aqi,PIIANN,68.00000081501827,198.75464
2022-01-03 12:00:00,aqi,PIIANN,68.00000081501827,110.54419
2022-10-05 23:00:00,aqi,PIIANN,68.00000081501827,199.26599
2022-12-10 11:00:00,aqi,PIIANN,32.000001754445705,36.619778
2022-02-10 15:00:00,aqi,PIIANN,91.50000000871808,61.548664
2022-12-06 19:00:00,aqi,PIIANN,68.00000081501827,80.75686
2022-08-04 22:00:00,aqi,PIIANN,68.00000081501827,331.62302
2023-10-07 12:00:00,aqi,PIIANN,68.00000081501827,79.31785
2021-09-03 21:00:00,aqi,PIIANN,256.00000381697345,275.50604
2023-05-08 07:00:00,aqi,PIIANN,166.0000006053322,160.50153
2022-07-12 03:00:00,aqi,PIIANN,68.00000081501827,102.98635
2023-08-05 01:00:00,aqi,PIIANN,102.00000017490169,138.40427
2023-02-02 03:00:00,aqi,PIIANN,68.00000081501827,275.39594
2022-07-09 16:00:00,aqi,PIIANN,32.99999882468535,32.265594
2023-01-07 00:00:00,aqi,PIIANN,68.00000081501827,100.55532
2022-11-01 06:00:00,aqi,PIIANN,68.00000081501827,233.23172
2021-04-12 18:00:00,aqi,PIIANN,68.00000081501827,151.50487
2021-09-03 07:00:00,aqi,PIIANN,257.000005335381,271.4031
2023-01-10 06:00:00,aqi,PIIANN,119.99999970518797,133.99245
2021-07-09 18:00:00,aqi,PIIANN,52.00000098542113,54.346073
2023-07-06 22:00:00,aqi,PIIANN,68.00000081501827,153.54163
2022-02-04 02:00:00,aqi,PIIANN,68.00000081501827,227.7894
2022-05-07 03:00:00,aqi,PIIANN,60.99999908250132,131.1082
2022-08-06 22:00:00,aqi,PIIANN,68.00000081501827,104.40583
2023-06-10 14:00:00,aqi,PIIANN,108.0000003890111,162.47559
2021-10-05 08:00:00,aqi,PIIANN,26.999998610575936,31.072495
2021-09-13 00:00:00,aqi,PIIANN,68.00000081501827,160.53166
2021-08-06 02:00:00,aqi,PIIANN,78.00000043050598,64.70954
2022-09-01 08:00:00,aqi,PIIANN,68.00000081501827,122.09684
2023-06-02 16:00:00,aqi,PIIANN,68.00000081501827,69.878365
2021-03-09 17:00:00,aqi,PIIANN,72.99999951072016,68.28581
2021-04-08 04:00:00,aqi,PIIANN,35.99999893174006,18.511772
2023-06-09 10:00:00,aqi,PIIANN,49.00000087836643,70.65778
2023-07-10 09:00:00,aqi,PIIANN,68.00000081501827,241.82538
2021-05-11 20:00:00,aqi,PIIANN,317.99999120221116,305.39786
2023-03-06 15:00:00,aqi,PIIANN,68.00000081501827,71.32318
2022-03-03 22:00:00,aqi,PIIANN,68.00000081501827,186.696
2022-04-05 08:00:00,aqi,PIIANN,68.00000081501827,120.87134
2021-08-05 10:00:00,aqi,PIIANN,32.99999882468535,37.18535
2022-02-10 23:00:00,aqi,PIIANN,77.49999967130222,86.08854
2023-10-02 20:00:00,aqi,PIIANN,68.00000081501827,108.527626
2022-11-01 03:00:00,aqi,PIIANN,68.00000081501827,208.58852
2021-11-02 12:00:00,aqi,PIIANN,285.99999599118473,297.7936
2023-04-01 12:00:00,aqi,PIIANN,252.99999926175087,241.1521
2023-06-11 13:00:00,aqi,PIIANN,68.00000081501827,343.1052
2022-10-11 22:00:00,aqi,PIIANN,68.00000081501827,121.880745
2023-05-08 04:00:00,aqi,PIIANN,125.99999991929738,185.37175
2023-12-02 21:00:00,aqi,PIIANN,68.00000081501827,111.2848
2021-12-07 18:00:00,aqi,PIIANN,50.9999994670136,52.459538
2021-06-08 13:00:00,aqi,PIIANN,35.99999893174006,41.74943
2023-10-06 04:00:00,aqi,PIIANN,68.00000081501827,114.03674
2021-12-11 20:00:00,aqi,PIIANN,246.0000064255697,285.60992
2023-04-09 00:00:00,aqi,PIIANN,68.00000081501827,140.61699
2023-05-11 06:00:00,aqi,PIIANN,350.0000042059091,324.4027
2021-04-09 09:00:00,aqi,PIIANN,35.000001861500415,29.687637
2021-07-05 18:00:00,aqi,PIIANN,43.00000066425701,41.103775
2021-03-08 23:00:00,aqi,PIIANN,68.00000081501827,52.7545
2021-01-03 17:00:00,aqi,PIIANN,146.9999984445964,131.50995
2022-09-05 19:00:00,aqi,PIIANN,68.00000081501827,50.623604
2021-10-01 12:00:00,aqi,PIIANN,85.99999978928356,110.06567
2022-06-03 01:00:00,aqi,PIIANN,68.00000081501827,143.06256
2022-02-03 08:00:00,aqi,PIIANN,68.00000081501827,134.78435
2022-09-10 06:00:00,aqi,PIIANN,24.499999262724984,34.60351
2022-02-10 19:00:00,aqi,PIIANN,88.0000000459937,62.844658
2022-02-11 19:00:00,aqi,PIIANN,68.00000081501827,109.96831
2022-02-11 16:00:00,aqi,PIIANN,68.00000081501827,76.24849
2023-09-07 14:00:00,aqi,PIIANN,68.00000081501827,107.66607
2021-02-01 07:00:00,aqi,PIIANN,322.9999987942488,341.8415
2021-03-11 00:00:00,aqi,PIIANN,249.99999470652827,106.90571
2022-05-05 00:00:00,aqi,PIIANN,68.00000081501827,169.27959
2022-04-03 05:00:00,aqi,PIIANN,68.00000081501827,195.07411
2022-06-11 02:00:00,aqi,PIIANN,68.00000081501827,40.127502
2023-07-11 19:00:00,aqi,PIIANN,68.00000081501827,226.41733
2022-10-12 11:00:00,aqi,PIIANN,68.00000081501827,59.002968
2021-01-10 07:00:00,aqi,PIIANN,34.00000034309288,44.57407
2021-02-03 19:00:00,aqi,PIIANN,98.0000002175024,70.47335
2021-10-11 00:00:00,aqi,PIIANN,437.9999954843995,123.22431
2023-07-08 04:00:00,aqi,PIIANN,125.0000006249738,116.03322
2022-05-12 21:00:00,aqi,PIIANN,68.00000081501827,157.61694
2022-07-08 12:00:00,aqi,PIIANN,91.00000000101141,74.5673
2021-05-08 09:00:00,aqi,PIIANN,21.999999914874053,26.721169
2023-01-06 15:00:00,aqi,PIIANN,68.00000081501827,69.348404
2021-09-01 02:00:00,aqi,PIIANN,233.99999710101508,218.8984
2021-05-01 17:00:00,aqi,PIIANN,389.99999377152415,385.87338
2021-05-02 16:00:00,aqi,PIIANN,173.00000233784914,200.10547
2022-01-04 20:00:00,aqi,PIIANN,68.00000081501827,186.91745
2021-02-03 04:00:00,aqi,PIIANN,117.99999889245684,110.605774
2022-10-01 18:00:00,aqi,PIIANN,68.00000081501827,243.10493
2022-10-10 15:00:00,aqi,PIIANN,23.000001433281582,34.090347
2021-08-05 23:00:00,aqi,PIIANN,32.99999882468535,34.967503
2021-04-11 02:00:00,aqi,PIIANN,215.99999645868684,181.0486
2022-11-12 10:00:00,aqi,PIIANN,68.00000081501827,53.430553
2023-05-04 21:00:00,aqi,PIIANN,68.00000081501827,90.46263
2021-02-03 08:00:00,aqi,PIIANN,106.99999998264553,76.267715
2021-07-06 02:00:00,aqi,PIIANN,62.999999895232435,57.65276
2021-11-07 22:00:00,aqi,PIIANN,69.00000010934185,62.565304
2021-08-07 13:00:00,aqi,PIIANN,108.0000003890111,149.88777
2023-12-10 12:00:00,aqi,PIIANN,68.00000081501827,93.88623
2021-10-10 16:00:00,aqi,PIIANN,128.99999780226815,132.07085
2021-11-10 00:00:00,aqi,PIIANN,119.00000041086437,57.090645
2022-02-04 09:00:00,aqi,PIIANN,68.00000081501827,186.2869
2022-06-09 02:00:00,aqi,PIIANN,37.50000120935135,82.83202
2022-01-11 22:00:00,aqi,PIIANN,68.00000081501827,137.44406
2022-07-12 16:00:00,aqi,PIIANN,68.00000081501827,74.44364
2023-10-11 22:00:00,aqi,PIIANN,68.00000081501827,167.9246
2022-03-02 17:00:00,aqi,PIIANN,68.00000081501827,150.05612
2021-04-09 05:00:00,aqi,PIIANN,35.000001861500415,15.619582
2021-02-09 02:00:00,aqi,PIIANN,40.0000005572023,22.70015
2022-01-12 20:00:00,aqi,PIIANN,68.00000081501827,87.1698
2021-11-07 18:00:00,aqi,PIIANN,72.00000021639656,58.54101
2022-10-13 01:00:00,aqi,PIIANN,68.00000081501827,150.85951
2022-08-07 17:00:00,aqi,PIIANN,49.99999794860607,51.67067
2023-06-08 11:00:00,aqi,PIIANN,119.99999970518797,108.6536
2022-08-12 20:00:00,aqi,PIIANN,68.00000081501827,119.22641
2022-12-05 14:00:00,aqi,PIIANN,68.00000081501827,110.08793
2021-08-08 14:00:00,aqi,PIIANN,40.0000005572023,42.504463
2023-06-09 17:00:00,aqi,PIIANN,60.99999908250132,63.157856
2022-10-02 23:00:00,aqi,PIIANN,68.00000081501827,149.74896
2021-06-04 10:00:00,aqi,PIIANN,155.0000016955209,147.53928
2021-08-05 22:00:00,aqi,PIIANN,35.000001861500415,32.50683
2021-07-11 05:00:00,aqi,PIIANN,352.00000724272417,382.04648
2023-05-09 12:00:00,aqi,PIIANN,55.00000109247584,61.720535
2023-10-10 04:00:00,aqi,PIIANN,68.00000081501827,133.61896
2023-05-09 08:00:00,aqi,PIIANN,68.00000081501827,90.98796
2021-10-02 18:00:00,aqi,PIIANN,287.9999990279998,313.61987
2022-10-12 09:00:00,aqi,PIIANN,68.00000081501827,63.846676
2022-04-09 08:00:00,aqi,PIIANN,26.999998610575936,30.174248
2021-07-01 12:00:00,aqi,PIIANN,226.00000274642636,207.78206
2021-03-05 03:00:00,aqi,PIIANN,29.99999871763064,55.886986
2021-11-04 02:00:00,aqi,PIIANN,49.99999794860607,95.792946
2022-06-08 23:00:00,aqi,PIIANN,75.99999961777486,88.70238
2021-05-10 21:00:00,aqi,PIIANN,72.99999951072016,79.91592
2023-10-06 15:00:00,aqi,PIIANN,68.00000081501827,64.09618
2022-12-06 11:00:00,aqi,PIIANN,68.00000081501827,57.630802
2022-11-02 23:00:00,aqi,PIIANN,68.00000081501827,136.27016
2022-11-04 19:00:00,aqi,PIIANN,68.00000081501827,301.30533
2023-05-05 12:00:00,aqi,PIIANN,55.00000109247584,54.507156
2022-05-09 18:00:00,aqi,PIIANN,26.999998610575936,33.27843
2021-03-06 01:00:00,aqi,PIIANN,66.00000000228715,62.12249
2022-03-07 06:00:00,aqi,PIIANN,44.99999925290419,47.90314
2022-07-02 02:00:00,aqi,PIIANN,68.00000081501827,253.98476
2021-09-08 08:00:00,aqi,PIIANN,28.000000128983466,36.8418
2022-03-01 08:00:00,aqi,PIIANN,68.00000081501827,395.25797
2022-12-09 19:00:00,aqi,PIIANN,50.9999994670136,46.293427
2023-01-06 21:00:00,aqi,PIIANN,68.00000081501827,96.6685
2022-05-01 17:00:00,aqi,PIIANN,68.00000081501827,186.19434
2023-03-01 11:00:00,aqi,PIIANN,267.00000272678477,257.92313
2022-07-09 19:00:00,aqi,PIIANN,35.000001861500415,33.845886
2021-06-08 08:00:00,aqi,PIIANN,31.000000236038176,27.685635
2021-04-07 21:00:00,aqi,PIIANN,56.000000386799435,48.817287
2021-10-13 00:00:00,aqi,PIIANN,68.00000081501827,143.31897
2022-11-09 15:00:00,aqi,PIIANN,98.0000002175024,106.24085
2022-05-09 12:00:00,aqi,PIIANN,32.000001754445705,39.976696
2021-03-05 14:00:00,aqi,PIIANN,38.00000196855512,41.1148
2022-09-09 01:00:00,aqi,PIIANN,40.0000005572023,41.2509
2021-03-12 23:00:00,aqi,PIIANN,68.00000081501827,131.80759
2022-11-05 07:00:00,aqi,PIIANN,68.00000081501827,113.092094
2022-05-05 14:00:00,aqi,PIIANN,68.00000081501827,74.985825
2023-06-09 19:00:00,aqi,PIIANN,68.00000081501827,60.967777
2023-02-04 17:00:00,aqi,PIIANN,68.00000081501827,63.67929
2021-07-03 14:00:00,aqi,PIIANN,205.99999906728306,248.00468
2021-12-11 00:00:00,aqi,PIIANN,68.00000081501827,136.29599
2023-01-01 22:00:00,aqi,PIIANN,274.99999708137346,259.23462
2022-10-11 18:00:00,aqi,PIIANN,68.00000081501827,71.0704
2021-11-04 05:00:00,aqi,PIIANN,40.0000005572023,36.950172
2023-03-03 15:00:00,aqi,PIIANN,68.00000081501827,58.17563
2022-11-06 09:00:00,aqi,PIIANN,68.00000081501827,68.20113
2023-07-08 00:00:00,aqi,PIIANN,123.99999910656626,160.62769
2021-08-06 04:00:00,aqi,PIIANN,80.00000013119514,71.778564
2022-12-07 00:00:00,aqi,PIIANN,44.00000218266454,108.60366
2021-12-02 23:00:00,aqi,PIIANN,278.00000163659604,244.99876
2021-05-01 11:00:00,aqi,PIIANN,388.00000852738066,384.59927
2021-01-08 05:00:00,aqi,PIIANN,23.999998503521226,16.750114
2021-06-01 05:00:00,aqi,PIIANN,68.00000081501827,358.90448
2023-01-11 06:00:00,aqi,PIIANN,68.00000081501827,75.208954
2021-03-01 13:00:00,aqi,PIIANN,349.00000268750154,357.68713
2022-01-09 14:00:00,aqi,PIIANN,32.000001754445705,34.162827
2023-04-01 11:00:00,aqi,PIIANN,252.99999926175087,241.83575
2023-07-07 10:00:00,aqi,PIIANN,68.00000081501827,135.8108
2023-03-06 03:00:00,aqi,PIIANN,68.00000081501827,78.18901
2021-08-03 10:00:00,aqi,PIIANN,168.00000364214725,132.12424
2022-12-05 12:00:00,aqi,PIIANN,68.00000081501827,110.35202
2022-04-04 20:00:00,aqi,PIIANN,68.00000081501827,162.10191
2022-10-09 07:00:00,aqi,PIIANN,35.000001861500415,34.799137
2021-03-09 01:00:00,aqi,PIIANN,44.99999925290419,52.211143
2023-04-02 15:00:00,aqi,PIIANN,68.00000081501827,85.38585
2022-08-05 08:00:00,aqi,PIIANN,68.00000081501827,103.34659
2022-05-12 18:00:00,aqi,PIIANN,68.00000081501827,104.67638
2022-04-05 00:00:00,aqi,PIIANN,68.00000081501827,165.73547
2022-10-02 16:00:00,aqi,PIIANN,68.00000081501827,99.785194
2021-05-12 14:00:00,aqi,PIIANN,68.00000081501827,107.64953
2021-01-11 01:00:00,aqi,PIIANN,266.0000012083772,130.9727
2021-02-01 19:00:00,aqi,PIIANN,343.9999950954639,356.8297
2023-12-01 17:00:00,aqi,PIIANN,362.0000046341279,342.8763
2022-03-12 19:00:00,aqi,PIIANN,68.00000081501827,107.33368
2023-01-03 15:00:00,aqi,PIIANN,68.00000081501827,69.05869
2022-12-09 01:00:00,aqi,PIIANN,100.99999976853613,93.079506
2022-11-11 06:00:00,aqi,PIIANN,68.00000081501827,51.615562
2021-12-06 00:00:00,aqi,PIIANN,50.9999994670136,32.913105
2022-04-03 07:00:00,aqi,PIIANN,68.00000081501827,190.63542
2021-07-01 03:00:00,aqi,PIIANN,306.00000856666384,240.62375
2023-06-10 16:00:00,aqi,PIIANN,117.99999889245684,166.04839
2022-04-13 00:00:00,aqi,PIIANN,68.00000081501827,181.58218
2022-10-08 23:00:00,aqi,PIIANN,32.000001754445705,21.218712
2023-10-12 00:00:00,aqi,PIIANN,68.00000081501827,169.62346
2021-12-02 11:00:00,aqi,PIIANN,252.99999926175087,277.17267
2021-02-07 00:00:00,aqi,PIIANN,50.9999994670136,80.86784
2022-04-07 05:00:00,aqi,PIIANN,59.000000493854145,79.5739
2023-04-03 14:00:00,aqi,PIIANN,68.00000081501827,58.244358
2021-01-06 00:00:00,aqi,PIIANN,72.00000021639656,72.279884
2023-05-08 21:00:00,aqi,PIIANN,122.00000051791909,129.94781
2022-04-12 03:00:00,aqi,PIIANN,68.00000081501827,126.26504
2021-03-09 12:00:00,aqi,PIIANN,41.00000207560983,59.399105
2022-05-07 15:00:00,aqi,PIIANN,81.0000005375607,87.51809
2023-11-10 01:00:00,aqi,PIIANN,68.00000081501827,102.87524
2023-06-01 05:00:00,aqi,PIIANN,137.00000105319265,142.58357
2021-02-10 13:00:00,aqi,PIIANN,38.99999903879477,58.761677
2021-06-10 22:00:00,aqi,PIIANN,37.00000045014759,63.455055
2021-03-06 19:00:00,aqi,PIIANN,77.00000002414042,55.44369
2021-05-03 15:00:00,aqi,PIIANN,132.9999994277304,140.14507
2021-04-06 00:00:00,aqi,PIIANN,75.99999961777486,172.87456
2022-06-02 02:00:00,aqi,PIIANN,68.00000081501827,303.63705
2023-03-10 14:00:00,aqi,PIIANN,65.00000070796355,62.75973
2022-12-06 22:00:00,aqi,PIIANN,68.00000081501827,104.23001
2021-08-09 09:00:00,aqi,PIIANN,41.99999914584948,26.558167
2023-04-03 02:00:00,aqi,PIIANN,68.00000081501827,111.628784
2021-11-06 13:00:00,aqi,PIIANN,40.0000005572023,50.82513
2021-10-07 04:00:00,aqi,PIIANN,56.000000386799435,45.86172
2022-05-02 03:00:00,aqi,PIIANN,68.00000081501827,285.3053
2022-09-04 15:00:00,aqi,PIIANN,68.00000081501827,329.53528
2023-09-01 16:00:00,aqi,PIIANN,364.999991396679,351.2524
2023-12-06 01:00:00,aqi,PIIANN,68.00000081501827,110.33373
2021-01-03 09:00:00,aqi,PIIANN,143.00000126730205,139.03899
2023-08-06 17:00:00,aqi,PIIANN,68.00000081501827,72.97
2022-09-12 02:00:00,aqi,PIIANN,68.00000081501827,141.8595
2021-02-03 22:00:00,aqi,PIIANN,99.00000006784697,84.57405
2023-06-10 05:00:00,aqi,PIIANN,86.99999991763863,159.90897
2023-12-11 23:00:00,aqi,PIIANN,68.00000081501827,153.06465
2021-11-10 05:00:00,aqi,PIIANN,102.99999946922527,94.65733
2021-02-04 07:00:00,aqi,PIIANN,59.99999978817773,78.33188
2023-05-11 15:00:00,aqi,PIIANN,364.000007670943,351.41977
2023-10-06 18:00:00,aqi,PIIANN,68.00000081501827,83.5568
2023-11-11 14:00:00,aqi,PIIANN,68.00000081501827,103.42257
2021-03-02 14:00:00,aqi,PIIANN,231.00000144212825,260.38602
2023-04-11 19:00:00,aqi,PIIANN,319.99999423902625,337.82718
2023-10-08 22:00:00,aqi,PIIANN,46.99999784155136,85.863174
2021-12-04 14:00:00,aqi,PIIANN,68.00000081501827,45.00898
2022-12-05 17:00:00,aqi,PIIANN,68.00000081501827,107.66263
2022-02-01 11:00:00,aqi,PIIANN,68.00000081501827,357.47894
2021-06-06 12:00:00,aqi,PIIANN,59.99999978817773,55.096382
2023-01-03 06:00:00,aqi,PIIANN,68.00000081501827,95.55549
2021-11-01 17:00:00,aqi,PIIANN,69.00000010934185,62.165443
2021-05-02 02:00:00,aqi,PIIANN,221.00000405072447,253.73506
2023-02-03 14:00:00,aqi,PIIANN,68.00000081501827,64.589836
2022-10-12 22:00:00,aqi,PIIANN,68.00000081501827,168.09998
2022-01-02 00:00:00,aqi,PIIANN,68.00000081501827,293.27716
2023-05-03 02:00:00,aqi,PIIANN,68.00000081501827,119.34595
2022-01-07 08:00:00,aqi,PIIANN,38.99999903879477,33.019505
2021-09-01 17:00:00,aqi,PIIANN,68.00000081501827,132.08376
2022-12-02 05:00:00,aqi,PIIANN,68.00000081501827,81.298904
2021-11-04 14:00:00,aqi,PIIANN,20.99999839646651,29.804996
2022-10-03 20:00:00,aqi,PIIANN,68.00000081501827,136.13431
2021-05-09 00:00:00,aqi,PIIANN,29.99999871763064,53.19538
2022-08-02 22:00:00,aqi,PIIANN,68.00000081501827,135.87065
2023-05-01 16:00:00,aqi,PIIANN,191.00000298017738,172.6749
2022-12-07 20:00:00,aqi,PIIANN,41.99999914584948,33.105873
2021-04-08 05:00:00,aqi,PIIANN,35.000001861500415,18.293938
2023-11-06 07:00:00,aqi,PIIANN,68.00000081501827,64.94125
2023-04-11 20:00:00,aqi,PIIANN,325.00000183106386,341.7001
2022-10-03 06:00:00,aqi,PIIANN,68.00000081501827,193.6325
2023-07-11 18:00:00,aqi,PIIANN,68.00000081501827,227.24448
2022-11-10 02:00:00,aqi,PIIANN,26.000001540336285,64.86654
2023-12-08 11:00:00,aqi,PIIANN,62.00000060090885,53.88156
2021-04-09 19:00:00,aqi,PIIANN,47.99999935995889,39.11124
2023-05-10 19:00:00,aqi,PIIANN,63.99999918955603,54.198936
2022-07-09 08:00:00,aqi,PIIANN,29.99999871763064,34.320698
2021-04-07 13:00:00,aqi,PIIANN,66.99999929661074,53.052483
2023-07-06 07:00:00,aqi,PIIANN,68.00000081501827,170.06998
2023-03-04 17:00:00,aqi,PIIANN,68.00000081501827,65.11082
2021-10-01 06:00:00,aqi,PIIANN,68.00000081501827,134.7169
2021-01-02 19:00:00,aqi,PIIANN,280.0000046734111,307.52313
2021-06-08 22:00:00,aqi,PIIANN,41.00000207560983,43.850605
2023-07-01 15:00:00,aqi,PIIANN,84.99999993893898,81.83617
2022-09-06 21:00:00,aqi,PIIANN,68.00000081501827,102.52458
2021-01-05 08:00:00,aqi,PIIANN,46.00000077131172,58.16536
2022-09-03 00:00:00,aqi,PIIANN,68.00000081501827,156.75728
2023-12-09 01:00:00,aqi,PIIANN,68.00000081501827,102.69021
2021-12-05 06:00:00,aqi,PIIANN,38.99999903879477,43.266266
2021-01-05 16:00:00,aqi,PIIANN,49.00000087836643,50.632645
2023-08-02 17:00:00,aqi,PIIANN,68.00000081501827,109.9275
2022-11-12 02:00:00,aqi,PIIANN,68.00000081501827,114.93779
2023-09-08 06:00:00,aqi,PIIANN,68.00000081501827,72.78144
2023-03-03 22:00:00,aqi,PIIANN,68.00000081501827,109.13002
2023-03-03 21:00:00,aqi,PIIANN,68.00000081501827,100.85841
2021-09-07 08:00:00,aqi,PIIANN,152.00000158846618,200.48123
2023-08-11 21:00:00,aqi,PIIANN,68.00000081501827,190.81706
2022-12-02 22:00:00,aqi,PIIANN,68.00000081501827,119.787834
2022-02-03 01:00:00,aqi,PIIANN,68.00000081501827,134.97977
2021-08-06 09:00:00,aqi,PIIANN,63.99999918955603,44.95928
2023-12-06 04:00:00,aqi,PIIANN,68.00000081501827,66.94343
2022-06-08 07:00:00,aqi,PIIANN,56.99999968112302,43.266098
2021-11-08 18:00:00,aqi,PIIANN,68.00000081501827,68.13652
2022-03-12 23:00:00,aqi,PIIANN,68.00000081501827,148.86928
2021-08-06 03:00:00,aqi,PIIANN,78.99999972482958,70.90254
2021-09-07 23:00:00,aqi,PIIANN,122.99999981224268,98.86655
2022-08-10 12:00:00,aqi,PIIANN,26.49999785137217,40.630535
2021-04-02 08:00:00,aqi,PIIANN,237.00000165623766,206.97316
2023-02-03 15:00:00,aqi,PIIANN,68.00000081501827,65.44987
2021-06-04 13:00:00,aqi,PIIANN,152.00000158846618,154.81274
2021-12-10 07:00:00,aqi,PIIANN,135.9999995347851,129.79567
2022-02-04 20:00:00,aqi,PIIANN,68.00000081501827,108.296776
2022-09-02 23:00:00,aqi,PIIANN,68.00000081501827,152.93161
2021-01-04 17:00:00,aqi,PIIANN,57.99999897544661,45.400944
2023-07-10 01:00:00,aqi,PIIANN,68.00000081501827,170.94882
2021-07-04 04:00:00,aqi,PIIANN,158.00000180257558,147.36845
2022-06-02 10:00:00,aqi,PIIANN,68.00000081501827,135.86984
2023-12-02 15:00:00,aqi,PIIANN,68.00000081501827,77.883255
2023-06-02 23:00:00,aqi,PIIANN,68.00000081501827,120.012085
2022-04-12 15:00:00,aqi,PIIANN,68.00000081501827,82.652504
2022-01-01 13:00:00,aqi,PIIANN,68.00000081501827,137.33171
2022-03-10 01:00:00,aqi,PIIANN,79.50000048403334,61.842068
2023-10-08 21:00:00,aqi,PIIANN,46.99999784155136,60.784184
2021-12-01 07:00:00,aqi,PIIANN,72.00000021639656,59.47051
2022-03-01 20:00:00,aqi,PIIANN,68.00000081501827,393.35776
2021-04-09 16:00:00,aqi,PIIANN,49.99999794860607,43.17049
2022-12-12 12:00:00,aqi,PIIANN,68.00000081501827,55.5877
2021-10-01 23:00:00,aqi,PIIANN,99.99999991819155,72.16703
2023-02-10 16:00:00,aqi,PIIANN,93.99999998209262,111.58946
2022-07-05 08:00:00,aqi,PIIANN,68.00000081501827,97.25592
2022-05-08 01:00:00,aqi,PIIANN,44.00000218266454,91.51175
2023-03-05 21:00:00,aqi,PIIANN,49.99999794860607,60.334774
2023-03-11 19:00:00,aqi,PIIANN,68.00000081501827,153.0339
2021-05-07 07:00:00,aqi,PIIANN,53.99999957406831,56.451958
2022-09-10 14:00:00,aqi,PIIANN,51.50000022621737,60.294678
2022-01-04 05:00:00,aqi,PIIANN,68.00000081501827,272.1327
2023-07-11 07:00:00,aqi,PIIANN,68.00000081501827,343.60715
2022-10-03 10:00:00,aqi,PIIANN,68.00000081501827,114.28147
2022-08-06 20:00:00,aqi,PIIANN,68.00000081501827,84.7536
2022-08-05 00:00:00,aqi,PIIANN,68.00000081501827,330.99234
2021-02-08 14:00:00,aqi,PIIANN,34.00000034309288,31.97678
2022-01-11 11:00:00,aqi,PIIANN,68.00000081501827,61.958794
2022-09-04 00:00:00,aqi,PIIANN,68.00000081501827,213.89465
2023-07-10 23:00:00,aqi,PIIANN,68.00000081501827,239.91344
2022-05-10 00:00:00,aqi,PIIANN,102.99999946922527,44.09377
2022-04-10 07:00:00,aqi,PIIANN,190.00000146176984,154.74358
2022-06-04 05:00:00,aqi,PIIANN,68.00000081501827,144.15594
2023-03-04 21:00:00,aqi,PIIANN,68.00000081501827,92.0589
2021-01-04 02:00:00,aqi,PIIANN,91.00000000101141,76.378944
2023-09-07 01:00:00,aqi,PIIANN,68.00000081501827,149.10184
2022-04-12 02:00:00,aqi,PIIANN,68.00000081501827,148.80351
2021-03-01 09:00:00,aqi,PIIANN,356.99999704209023,351.654
2023-01-11 10:00:00,aqi,PIIANN,68.00000081501827,63.532116
2021-02-12 13:00:00,aqi,PIIANN,68.00000081501827,72.200424
2021-11-02 18:00:00,aqi,PIIANN,271.9999925261509,282.79364
2022-08-12 12:00:00,aqi,PIIANN,68.00000081501827,65.57181
2021-11-12 10:00:00,aqi,PIIANN,68.00000081501827,80.323845
2021-04-07 20:00:00,aqi,PIIANN,59.000000493854145,47.565876
2021-11-01 15:00:00,aqi,PIIANN,69.99999940366544,62.69894
2021-06-08 19:00:00,aqi,PIIANN,49.00000087836643,44.18379
2022-07-02 03:00:00,aqi,PIIANN,68.00000081501827,251.62589
2021-07-01 02:00:00,aqi,PIIANN,310.99999836603,230.5681
2021-03-10 19:00:00,aqi,PIIANN,84.00000008859442,71.20913
2021-05-01 06:00:00,aqi,PIIANN,380.9999978985279,384.17722
2022-07-04 08:00:00,aqi,PIIANN,68.00000081501827,233.89
2021-05-01 03:00:00,aqi,PIIANN,374.00000506234676,371.69913
2023-07-04 00:00:00,aqi,PIIANN,68.00000081501827,124.674965
2022-08-09 21:00:00,aqi,PIIANN,41.99999914584948,42.939793
2022-09-06 17:00:00,aqi,PIIANN,68.00000081501827,71.81849
2021-12-06 18:00:00,aqi,PIIANN,59.99999978817773,46.962536
2023-06-05 10:00:00,aqi,PIIANN,68.00000081501827,70.79025
2022-05-03 15:00:00,aqi,PIIANN,68.00000081501827,153.88564
2023-11-11 01:00:00,aqi,PIIANN,68.00000081501827,182.83342
2023-12-02 00:00:00,aqi,PIIANN,68.00000081501827,337.9252
2021-04-10 15:00:00,aqi,PIIANN,69.99999940366544,108.03724
2022-02-11 13:00:00,aqi,PIIANN,68.00000081501827,65.22763
2023-06-11 02:00:00,aqi,PIIANN,68.00000081501827,266.0164
2022-05-06 01:00:00,aqi,PIIANN,68.00000081501827,161.87456
2021-12-07 11:00:00,aqi,PIIANN,52.00000098542113,37.304745
2022-06-01 04:00:00,aqi,PIIANN,68.00000081501827,396.8226
2023-11-11 03:00:00,aqi,PIIANN,68.00000081501827,168.26201
2021-01-11 02:00:00,aqi,PIIANN,277.0000001181885,185.83878
2022-04-01 17:00:00,aqi,PIIANN,68.00000081501827,405.3185
2021-02-11 03:00:00,aqi,PIIANN,283.9999929543697,261.05194
2023-11-08 23:00:00,aqi,PIIANN,75.99999961777486,78.70974
2021-02-10 00:00:00,aqi,PIIANN,37.00000045014759,93.455635
2021-03-03 22:00:00,aqi,PIIANN,103.99999987559083,83.1053
2022-02-04 16:00:00,aqi,PIIANN,68.00000081501827,131.21832
2021-09-10 18:00:00,aqi,PIIANN,68.00000081501827,123.533676
2023-04-12 01:00:00,aqi,PIIANN,68.00000081501827,331.37866
2022-06-07 13:00:00,aqi,PIIANN,91.00000000101141,108.16548
2021-04-11 18:00:00,aqi,PIIANN,251.99999774334333,260.1943
2021-03-02 08:00:00,aqi,PIIANN,68.00000081501827,228.50113
2023-03-08 00:00:00,aqi,PIIANN,68.00000081501827,113.59492
2022-04-08 02:00:00,aqi,PIIANN,38.00000196855512,70.99489
2022-07-06 08:00:00,aqi,PIIANN,68.00000081501827,92.74397
2022-02-02 17:00:00,aqi,PIIANN,68.00000081501827,142.79912
2023-08-11 16:00:00,aqi,PIIANN,68.00000081501827,117.391594
2021-03-07 10:00:00,aqi,PIIANN,40.0000005572023,46.80707
2023-02-01 00:00:00,aqi,PIIANN,267.00000272678477,103.07785
2022-02-06 21:00:00,aqi,PIIANN,68.00000081501827,104.762085
2021-11-04 12:00:00,aqi,PIIANN,20.99999839646651,29.84451
2023-07-01 20:00:00,aqi,PIIANN,75.99999961777486,90.067024
2021-03-08 08:00:00,aqi,PIIANN,68.00000081501827,30.598377
2022-08-11 17:00:00,aqi,PIIANN,68.00000081501827,65.28324
2023-09-02 14:00:00,aqi,PIIANN,68.00000081501827,70.610916
2023-06-05 17:00:00,aqi,PIIANN,75.99999961777486,91.22823
2023-12-10 07:00:00,aqi,PIIANN,68.00000081501827,94.57846
2022-07-05 07:00:00,aqi,PIIANN,68.00000081501827,103.300705
2023-02-01 22:00:00,aqi,PIIANN,285.99999599118473,263.1174
2021-11-10 21:00:00,aqi,PIIANN,125.0000006249738,100.15594
2022-06-13 00:00:00,aqi,PIIANN,68.00000081501827,154.7184
2023-09-01 12:00:00,aqi,PIIANN,371.0000005071241,312.80164
2021-06-09 07:00:00,aqi,PIIANN,59.99999978817773,77.86937
2023-12-10 16:00:00,aqi,PIIANN,68.00000081501827,106.945335
2023-08-01 05:00:00,aqi,PIIANN,186.0000042844755,332.08612
2023-02-03 04:00:00,aqi,PIIANN,68.00000081501827,125.34712
2023-03-06 04:00:00,aqi,PIIANN,68.00000081501827,72.46176
2021-03-03 21:00:00,aqi,PIIANN,105.99999957627998,79.56677
2022-09-07 10:00:00,aqi,PIIANN,63.99999918955603,65.95794
2021-03-03 09:00:00,aqi,PIIANN,108.0000003890111,86.10717
2022-09-07 07:00:00,aqi,PIIANN,63.99999918955603,78.86964
2023-04-03 04:00:00,aqi,PIIANN,68.00000081501827,92.051895
2022-09-04 13:00:00,aqi,PIIANN,68.00000081501827,357.14624
2023-07-05 02:00:00,aqi,PIIANN,98.0000002175024,142.18228
2021-10-05 12:00:00,aqi,PIIANN,29.99999871763064,39.654263
2023-01-03 18:00:00,aqi,PIIANN,68.00000081501827,82.078835
2023-03-04 02:00:00,aqi,PIIANN,68.00000081501827,80.947876
2021-07-07 15:00:00,aqi,PIIANN,53.99999957406831,57.050724
2023-06-04 22:00:00,aqi,PIIANN,68.00000081501827,113.64172
2023-12-09 10:00:00,aqi,PIIANN,68.00000081501827,46.38571
2022-06-08 19:00:00,aqi,PIIANN,66.99999929661074,54.061592
2021-03-11 17:00:00,aqi,PIIANN,203.00000340839622,207.86028
2022-09-10 05:00:00,aqi,PIIANN,23.999998503521226,38.677887
2021-04-02 10:00:00,aqi,PIIANN,234.9999986194226,207.77722
2023-12-06 12:00:00,aqi,PIIANN,68.00000081501827,65.23984
