target_timestamp,target,model,observed,predicted
2025-05-01 21:00:00,pm25,PIIANN,67.28,52.85484
2022-08-04 06:00:00,pm25,PIIANN,22.1,43.17931
2021-09-02 06:00:00,pm25,PIIANN,182.9,55.4943
2025-06-07 00:00:00,pm25,PIIANN,28.2,45.933132
2025-05-12 09:00:00,pm25,PIIANN,75.98,57.801613
2022-08-06 22:00:00,pm25,PIIANN,39.6,46.044754
2023-07-05 11:00:00,pm25,PIIANN,31.715,48.84738
2022-03-07 05:00:00,pm25,PIIANN,21.55,42.476162
2025-09-09 22:00:00,pm25,PIIANN,36.63,46.00605
2024-09-09 19:00:00,pm25,PIIANN,10.279998,43.36179
2023-06-05 13:00:00,pm25,PIIANN,37.45,50.19867
2025-05-10 07:00:00,pm25,PIIANN,30.26,44.012943
2021-10-02 17:00:00,pm25,PIIANN,89.15,60.30713
2023-10-06 13:00:00,pm25,PIIANN,2.9999995,46.257042
2025-04-08 14:00:00,pm25,PIIANN,56.12,49.65412
2025-01-07 12:00:00,pm25,PIIANN,27.81,44.834373
2024-04-04 06:00:00,pm25,PIIANN,18.810001,45.740993
2022-05-11 04:00:00,pm25,PIIANN,147.65,54.805264
2022-05-04 03:00:00,pm25,PIIANN,11.619998,43.21559
2021-06-06 07:00:00,pm25,PIIANN,23.78,44.44506
2023-10-03 23:00:00,pm25,PIIANN,92.34333,51.537827
2023-12-03 06:00:00,pm25,PIIANN,102.5975,50.051395
2023-10-06 16:00:00,pm25,PIIANN,47.795,46.077152
2023-07-06 14:00:00,pm25,PIIANN,42.125,49.457615
2022-01-10 09:00:00,pm25,PIIANN,66.82,47.526455
2025-11-03 13:00:00,pm25,PIIANN,48.21,52.75622
2024-01-01 23:00:00,pm25,PIIANN,138.12,55.889683
2023-05-05 18:00:00,pm25,PIIANN,36.235,49.045536
2025-09-02 03:00:00,pm25,PIIANN,106.75,54.5135
2022-09-10 13:00:00,pm25,PIIANN,11.319999,45.781303
2025-03-08 12:00:00,pm25,PIIANN,46.51,47.555862
2025-03-11 12:00:00,pm25,PIIANN,63.91,49.09058
2021-04-03 11:00:00,pm25,PIIANN,93.34999,57.931694
2022-03-09 10:00:00,pm25,PIIANN,6.5800014,42.40938
2021-12-12 08:00:00,pm25,PIIANN,91.38,57.008663
2022-02-06 15:00:00,pm25,PIIANN,36.95,47.119392
2023-07-07 05:00:00,pm25,PIIANN,7.917503,41.668182
2025-04-05 17:00:00,pm25,PIIANN,37.24,48.60589
2022-06-11 02:00:00,pm25,PIIANN,97.18,52.002254
2025-09-08 17:00:00,pm25,PIIANN,24.719997,45.675137
2023-10-03 16:00:00,pm25,PIIANN,77.55,54.92681
2024-04-07 23:00:00,pm25,PIIANN,9.389998,43.73992
2021-01-02 14:00:00,pm25,PIIANN,96.2,59.670563
2025-12-08 14:00:00,pm25,PIIANN,43.163334,46.238052
2025-03-10 11:00:00,pm25,PIIANN,28.26,43.605892
2021-12-10 16:00:00,pm25,PIIANN,87.2,58.19722
2024-09-02 05:00:00,pm25,PIIANN,57.7,50.499702
2025-09-11 06:00:00,pm25,PIIANN,91.049995,52.690407
2021-02-03 21:00:00,pm25,PIIANN,44.98,49.91261
2024-08-07 06:00:00,pm25,PIIANN,13.749999,42.39646
2023-08-06 11:00:00,pm25,PIIANN,40.1775,46.600185
2021-03-03 04:00:00,pm25,PIIANN,40.6,47.679794
2024-01-04 00:00:00,pm25,PIIANN,31.54,51.040726
2023-08-10 19:00:00,pm25,PIIANN,40.97,48.005608
2023-11-04 02:00:00,pm25,PIIANN,68.75,47.284977
2025-01-05 03:00:00,pm25,PIIANN,57.79,46.170322
2023-06-08 21:00:00,pm25,PIIANN,23.81,45.47545
2023-01-04 12:00:00,pm25,PIIANN,20.1775,45.092255
2024-05-09 02:00:00,pm25,PIIANN,17.05,42.59161
2021-01-03 17:00:00,pm25,PIIANN,36.88,50.96015
2025-11-02 16:00:00,pm25,PIIANN,67.32,50.92978
2025-12-11 03:00:00,pm25,PIIANN,143.76,56.863018
2021-06-10 01:00:00,pm25,PIIANN,27.720001,46.58769
2023-12-07 09:00:00,pm25,PIIANN,9.260005,42.357952
2025-09-10 13:00:00,pm25,PIIANN,58.16,47.673756
2021-09-12 13:00:00,pm25,PIIANN,41.32,51.31942
2023-07-10 19:00:00,pm25,PIIANN,34.91,47.968433
2023-10-07 20:00:00,pm25,PIIANN,18.665,43.758297
2021-08-10 23:00:00,pm25,PIIANN,98.12,52.75616
2021-05-05 17:00:00,pm25,PIIANN,14.7,46.20519
2024-01-08 01:00:00,pm25,PIIANN,14.900001,43.097958
2025-08-05 15:00:00,pm25,PIIANN,57.22,50.906292
2025-07-07 23:00:00,pm25,PIIANN,21.87,44.88581
2022-01-05 12:00:00,pm25,PIIANN,39.1,46.51098
2025-07-04 09:00:00,pm25,PIIANN,35.52,45.84472
2024-10-05 13:00:00,pm25,PIIANN,17.75,45.793076
2025-11-07 07:00:00,pm25,PIIANN,29.3,43.78244
2021-01-02 03:00:00,pm25,PIIANN,129.72,58.74621
2023-03-07 08:00:00,pm25,PIIANN,15.13,42.820305
2022-04-02 16:00:00,pm25,PIIANN,17.98,46.868557
2023-07-01 14:00:00,pm25,PIIANN,137.225,59.358208
2025-10-10 00:00:00,pm25,PIIANN,49.05,44.36857
2022-06-02 19:00:00,pm25,PIIANN,59.32,51.805046
2022-01-05 01:00:00,pm25,PIIANN,20.270002,44.68898
2022-08-13 02:00:00,pm25,PIIANN,175.963,55.702393
2023-10-10 07:00:00,pm25,PIIANN,60.0325,48.57644
2024-07-05 06:00:00,pm25,PIIANN,8.119998,43.187756
2023-04-03 18:00:00,pm25,PIIANN,72.9675,51.20587
2021-08-08 15:00:00,pm25,PIIANN,21.6,46.0609
2024-05-03 16:00:00,pm25,PIIANN,44.99,50.727467
2021-09-06 07:00:00,pm25,PIIANN,25.080002,45.62741
2021-05-12 06:00:00,pm25,PIIANN,43.65,50.161156
2025-09-10 03:00:00,pm25,PIIANN,49.08,45.915234
2025-08-11 04:00:00,pm25,PIIANN,82.88,53.326572
2021-03-11 22:00:00,pm25,PIIANN,106.1,52.482143
2024-08-11 10:00:00,pm25,PIIANN,43.64,50.734207
2025-10-01 19:00:00,pm25,PIIANN,82.32,54.734055
2022-08-03 19:00:00,pm25,PIIANN,58.82,53.2213
2022-03-09 13:00:00,pm25,PIIANN,9.100001,42.793808
2022-12-03 04:00:00,pm25,PIIANN,113.75,52.68849
2025-07-09 23:00:00,pm25,PIIANN,33.41,46.36675
2021-09-02 04:00:00,pm25,PIIANN,185.68,53.96404
2022-03-01 11:00:00,pm25,PIIANN,83.45,57.120777
2021-02-02 03:00:00,pm25,PIIANN,163.38,63.56136
2022-09-11 05:00:00,pm25,PIIANN,113.22,52.233074
2021-06-06 19:00:00,pm25,PIIANN,25.65,46.317635
2023-09-03 07:00:00,pm25,PIIANN,62.915,50.80858
2022-10-02 04:00:00,pm25,PIIANN,55.3,48.957752
2022-08-12 13:00:00,pm25,PIIANN,138.81,61.707424
2021-11-04 10:00:00,pm25,PIIANN,29.05,47.8082
2022-04-10 04:00:00,pm25,PIIANN,11.979999,42.208786
2021-04-09 00:00:00,pm25,PIIANN,13.479999,45.492805
2023-08-05 12:00:00,pm25,PIIANN,34.905,46.081215
2024-08-01 11:00:00,pm25,PIIANN,99.64,59.024395
2021-04-08 19:00:00,pm25,PIIANN,34.78,47.227295
2022-03-06 05:00:00,pm25,PIIANN,37.67,44.571945
2024-02-04 04:00:00,pm25,PIIANN,19.06,44.869476
2024-01-07 06:00:00,pm25,PIIANN,20.44,43.720856
2023-01-07 18:00:00,pm25,PIIANN,14.075,43.71592
2025-02-10 23:00:00,pm25,PIIANN,26.89,43.135445
2024-02-08 01:00:00,pm25,PIIANN,20.15,42.299603
2023-07-08 07:00:00,pm25,PIIANN,20.445,45.440384
2024-05-08 23:00:00,pm25,PIIANN,39.09625,42.42503
2024-03-12 04:00:00,pm25,PIIANN,85.22,51.307537
2023-06-01 12:00:00,pm25,PIIANN,127.1075,57.60085
2025-01-02 11:00:00,pm25,PIIANN,37.13,46.356777
2022-12-03 11:00:00,pm25,PIIANN,61.3,54.74208
2022-03-04 18:00:00,pm25,PIIANN,13.400001,44.7015
2021-05-01 11:00:00,pm25,PIIANN,89.08,60.5035
2025-12-12 14:00:00,pm25,PIIANN,91.57,61.327652
2021-01-11 02:00:00,pm25,PIIANN,113.91999,55.532127
2024-10-11 18:00:00,pm25,PIIANN,30.72,47.51175
2023-03-02 02:00:00,pm25,PIIANN,83.6725,50.529922
2025-11-05 16:00:00,pm25,PIIANN,68.17,51.273952
2023-03-07 22:00:00,pm25,PIIANN,17.29,43.00295
2025-11-11 21:00:00,pm25,PIIANN,152.38,58.35003
2021-06-03 04:00:00,pm25,PIIANN,29.38,49.029503
2025-08-05 18:00:00,pm25,PIIANN,57.01,50.166668
2023-04-12 21:00:00,pm25,PIIANN,81.255,50.89714
2022-06-11 03:00:00,pm25,PIIANN,99.48,52.88858
2024-08-08 12:00:00,pm25,PIIANN,17.850002,43.367462
2021-07-10 02:00:00,pm25,PIIANN,22.48,45.91035
2022-07-05 15:00:00,pm25,PIIANN,33.55,48.7074
2024-04-08 01:00:00,pm25,PIIANN,21.48,42.590004
2023-08-05 21:00:00,pm25,PIIANN,55.3,45.16134
2021-05-11 18:00:00,pm25,PIIANN,45.12,54.795807
2025-03-04 18:00:00,pm25,PIIANN,49.04,48.053795
2025-11-10 11:00:00,pm25,PIIANN,54.1,50.167336
2024-09-02 14:00:00,pm25,PIIANN,55.08,53.6976
2022-11-02 18:00:00,pm25,PIIANN,67.8,56.26744
2025-08-10 08:00:00,pm25,PIIANN,57.71,46.675663
2023-12-10 19:00:00,pm25,PIIANN,56.14,52.192173
2022-11-10 23:00:00,pm25,PIIANN,9.670001,41.440487
2022-06-02 06:00:00,pm25,PIIANN,50.95,50.563683
2023-12-10 14:00:00,pm25,PIIANN,67.7025,51.86032
2023-07-07 21:00:00,pm25,PIIANN,12.432498,42.52988
2022-01-04 16:00:00,pm25,PIIANN,25.48,45.965286
2025-08-09 01:00:00,pm25,PIIANN,35.94,44.77352
2025-09-09 09:00:00,pm25,PIIANN,36.6,46.28666
2025-07-01 20:00:00,pm25,PIIANN,91.72,52.00404
2021-07-09 08:00:00,pm25,PIIANN,10.049998,42.803505
2021-07-02 02:00:00,pm25,PIIANN,48.6,54.482468
2025-09-11 14:00:00,pm25,PIIANN,90.9,57.857426
2024-12-13 02:00:00,pm25,PIIANN,104.97012,52.441216
2022-06-06 22:00:00,pm25,PIIANN,26.919998,45.289413
2021-05-06 16:00:00,pm25,PIIANN,49.6,46.44485
2021-03-02 06:00:00,pm25,PIIANN,183.4,65.01417
2023-07-07 19:00:00,pm25,PIIANN,11.049998,42.988525
2023-02-05 07:00:00,pm25,PIIANN,45.395,45.30895
2022-11-07 04:00:00,pm25,PIIANN,16.68,42.554596
2021-01-08 13:00:00,pm25,PIIANN,29.5,47.51924
2022-03-08 06:00:00,pm25,PIIANN,32.02,43.502155
2023-12-08 07:00:00,pm25,PIIANN,23.2075,40.64637
2022-12-08 02:00:00,pm25,PIIANN,16.920002,42.535286
2023-05-11 11:00:00,pm25,PIIANN,71.1075,51.24477
2024-10-10 23:00:00,pm25,PIIANN,17.810001,43.980755
2025-03-09 06:00:00,pm25,PIIANN,18.150002,42.975174
2023-12-05 18:00:00,pm25,PIIANN,35.135,45.32711
2025-03-02 15:00:00,pm25,PIIANN,57.0,55.154594
2023-10-09 15:00:00,pm25,PIIANN,18.970001,44.511333
2025-02-02 09:00:00,pm25,PIIANN,41.34,46.983536
2022-11-06 13:00:00,pm25,PIIANN,39.8,45.515434
2023-04-09 18:00:00,pm25,PIIANN,15.677501,44.40166
2022-09-02 06:00:00,pm25,PIIANN,71.4,51.73412
2025-01-10 05:00:00,pm25,PIIANN,36.0,43.930084
2022-11-06 03:00:00,pm25,PIIANN,27.12,44.191933
2021-12-05 17:00:00,pm25,PIIANN,25.42,46.25993
2024-06-12 14:00:00,pm25,PIIANN,42.96,54.77571
2021-02-03 22:00:00,pm25,PIIANN,39.48,49.423096
2023-02-10 22:00:00,pm25,PIIANN,19.127502,43.93211
2024-11-06 08:00:00,pm25,PIIANN,18.91,42.986004
2023-04-07 03:00:00,pm25,PIIANN,12.002498,42.61784
2023-07-11 03:00:00,pm25,PIIANN,110.71749,53.256542
2024-10-10 01:00:00,pm25,PIIANN,17.3,42.604576
2022-11-05 04:00:00,pm25,PIIANN,10.229999,46.09239
2025-06-07 21:00:00,pm25,PIIANN,33.99,45.782444
2022-01-11 12:00:00,pm25,PIIANN,49.16,50.90094
2025-06-05 09:00:00,pm25,PIIANN,42.22,46.529903
2025-02-04 03:00:00,pm25,PIIANN,38.35,44.91712
2023-12-05 04:00:00,pm25,PIIANN,26.046667,44.142063
2023-01-06 14:00:00,pm25,PIIANN,40.0,48.71353
2021-10-10 21:00:00,pm25,PIIANN,58.38,54.64976
2025-05-05 23:00:00,pm25,PIIANN,42.68,46.61607
2021-08-09 15:00:00,pm25,PIIANN,22.466667,44.49015
2024-04-02 06:00:00,pm25,PIIANN,114.12,51.525974
2021-09-10 05:00:00,pm25,PIIANN,86.35,52.46844
2022-10-11 22:00:00,pm25,PIIANN,74.58,50.60233
2023-02-06 13:00:00,pm25,PIIANN,48.97,49.23957
2022-03-07 14:00:00,pm25,PIIANN,16.600002,44.071693
2023-06-07 10:00:00,pm25,PIIANN,6.3900027,39.39204
2023-09-10 09:00:00,pm25,PIIANN,43.0925,47.139782
2022-08-11 00:00:00,pm25,PIIANN,84.48,42.408722
2022-02-07 01:00:00,pm25,PIIANN,24.799997,43.855026
2023-06-05 21:00:00,pm25,PIIANN,54.8425,50.70605
2023-01-06 11:00:00,pm25,PIIANN,31.52,47.01239
2024-07-06 13:00:00,pm25,PIIANN,32.43,47.924507
2025-04-12 17:00:00,pm25,PIIANN,113.6,60.473057
2023-05-06 10:00:00,pm25,PIIANN,28.844997,46.17818
2025-06-09 11:00:00,pm25,PIIANN,43.05,56.871616
2021-08-02 22:00:00,pm25,PIIANN,160.8,53.187298
2022-06-06 12:00:00,pm25,PIIANN,40.48,47.014153
2024-11-12 19:00:00,pm25,PIIANN,84.96,55.097538
2021-11-05 11:00:00,pm25,PIIANN,15.179999,43.72147
2022-07-06 12:00:00,pm25,PIIANN,34.853333,47.298508
2024-09-07 12:00:00,pm25,PIIANN,22.13,45.20579
2021-03-09 20:00:00,pm25,PIIANN,22.02,43.897034
2025-02-07 06:00:00,pm25,PIIANN,25.79,42.871994
2025-12-11 09:00:00,pm25,PIIANN,148.91,58.67206
2021-06-08 08:00:00,pm25,PIIANN,47.32,45.24339
2024-08-02 00:00:00,pm25,PIIANN,88.36,57.431206
2023-02-12 21:00:00,pm25,PIIANN,73.0825,49.158894
2021-05-11 10:00:00,pm25,PIIANN,55.38,57.833633
2024-09-13 01:00:00,pm25,PIIANN,75.1803,50.387466
2022-05-10 11:00:00,pm25,PIIANN,10.999999,42.557205
2025-07-04 02:00:00,pm25,PIIANN,28.56,44.928574
2021-11-05 23:00:00,pm25,PIIANN,11.150001,42.29864
2021-07-11 09:00:00,pm25,PIIANN,85.75,55.178394
2023-03-11 12:00:00,pm25,PIIANN,77.3775,53.751812
2021-03-12 03:00:00,pm25,PIIANN,115.22,53.8484
2021-05-07 09:00:00,pm25,PIIANN,28.0,44.824787
2022-03-13 02:00:00,pm25,PIIANN,172.48744,57.71566
2022-11-07 09:00:00,pm25,PIIANN,16.080002,42.68513
2022-04-11 21:00:00,pm25,PIIANN,94.45,53.152077
2025-06-03 15:00:00,pm25,PIIANN,14.589999,48.349438
2024-05-08 05:00:00,pm25,PIIANN,22.990002,42.321377
2025-10-04 14:00:00,pm25,PIIANN,29.93,46.962708
2025-12-10 01:00:00,pm25,PIIANN,44.52,43.969517
2024-05-04 00:00:00,pm25,PIIANN,19.32,48.385685
2024-11-02 04:00:00,pm25,PIIANN,135.82,54.841496
2021-07-05 11:00:00,pm25,PIIANN,15.799998,44.926956
2023-12-01 10:00:00,pm25,PIIANN,177.6125,59.230095
2022-12-01 15:00:00,pm25,PIIANN,64.95,50.870888
2021-02-12 12:00:00,pm25,PIIANN,65.5,56.969856
2024-01-11 20:00:00,pm25,PIIANN,84.7,50.383152
2025-11-05 00:00:00,pm25,PIIANN,57.4,43.919285
2024-08-04 17:00:00,pm25,PIIANN,32.59,47.404987
2024-09-03 18:00:00,pm25,PIIANN,30.879997,52.882824
2023-01-07 14:00:00,pm25,PIIANN,17.825,43.79696
2021-12-07 14:00:00,pm25,PIIANN,9.900001,42.89002
2021-10-08 11:00:00,pm25,PIIANN,30.85,45.984478
2021-02-10 03:00:00,pm25,PIIANN,19.18,44.83374
2021-01-09 00:00:00,pm25,PIIANN,21.9,44.225033
2022-07-03 11:00:00,pm25,PIIANN,86.5,54.191395
2022-12-05 09:00:00,pm25,PIIANN,16.420002,43.689655
2024-06-05 15:00:00,pm25,PIIANN,20.789999,45.71105
2024-01-05 11:00:00,pm25,PIIANN,40.62,49.409138
2024-03-08 23:00:00,pm25,PIIANN,23.49,42.46777
2022-01-12 15:00:00,pm25,PIIANN,68.18,55.08701
2024-02-09 09:00:00,pm25,PIIANN,13.839999,42.65891
2025-05-08 06:00:00,pm25,PIIANN,32.85,38.836025
2024-10-10 16:00:00,pm25,PIIANN,18.920002,44.995037
2025-03-03 23:00:00,pm25,PIIANN,32.62,45.17939
2021-03-09 19:00:00,pm25,PIIANN,23.320002,44.191425
2021-08-04 10:00:00,pm25,PIIANN,30.7,48.108353
2024-12-02 14:00:00,pm25,PIIANN,99.78,59.60616
2024-08-05 09:00:00,pm25,PIIANN,12.889998,44.691357
2024-03-05 08:00:00,pm25,PIIANN,24.499998,43.888195
2023-02-11 18:00:00,pm25,PIIANN,63.0325,49.93189
2022-03-08 17:00:00,pm25,PIIANN,15.150001,44.979443
2022-11-05 17:00:00,pm25,PIIANN,14.999999,46.81252
2025-06-11 07:00:00,pm25,PIIANN,116.66,57.83565
2021-06-07 19:00:00,pm25,PIIANN,54.4,48.832626
2022-09-05 00:00:00,pm25,PIIANN,14.305831,41.905125
2024-07-10 06:00:00,pm25,PIIANN,28.209997,44.523125
2021-11-08 07:00:00,pm25,PIIANN,21.3,43.90454
2024-01-09 08:00:00,pm25,PIIANN,11.900004,42.30449
2022-06-11 08:00:00,pm25,PIIANN,81.88,52.8832
2023-08-06 01:00:00,pm25,PIIANN,43.0575,45.017284
2025-04-04 12:00:00,pm25,PIIANN,61.12,47.88376
2022-05-03 16:00:00,pm25,PIIANN,71.15,55.904266
2025-12-10 20:00:00,pm25,PIIANN,73.67,50.780663
2023-04-08 06:00:00,pm25,PIIANN,17.2025,43.13309
2024-07-07 12:00:00,pm25,PIIANN,11.260001,44.458935
2022-02-03 02:00:00,pm25,PIIANN,103.35,50.516167
2024-04-03 03:00:00,pm25,PIIANN,74.72,48.15866
2024-02-10 13:00:00,pm25,PIIANN,37.37,47.09984
2021-04-02 13:00:00,pm25,PIIANN,74.82,61.943066
2021-08-04 06:00:00,pm25,PIIANN,25.4,45.983143
2025-08-13 02:00:00,pm25,PIIANN,212.98428,59.91036
2024-08-09 00:00:00,pm25,PIIANN,16.030003,43.020557
2025-01-04 11:00:00,pm25,PIIANN,47.39,49.673492
2022-08-11 11:00:00,pm25,PIIANN,64.38,52.285458
2022-09-02 16:00:00,pm25,PIIANN,59.47,55.352333
2023-03-05 20:00:00,pm25,PIIANN,32.445,46.215298
2023-07-06 22:00:00,pm25,PIIANN,45.0425,47.02703
2022-07-11 15:00:00,pm25,PIIANN,52.58,52.437675
2022-04-12 17:00:00,pm25,PIIANN,100.22,58.901722
2023-09-08 15:00:00,pm25,PIIANN,43.145,47.804775
2022-04-04 13:00:00,pm25,PIIANN,15.549998,44.01834
2024-08-05 22:00:00,pm25,PIIANN,9.490001,44.67302
2021-04-05 10:00:00,pm25,PIIANN,39.09625,44.868523
2023-01-03 11:00:00,pm25,PIIANN,72.605,52.170963
2024-07-01 15:00:00,pm25,PIIANN,91.759995,59.575962
2021-06-04 22:00:00,pm25,PIIANN,34.15,48.73796
2025-07-12 13:00:00,pm25,PIIANN,80.48,60.65732
2025-07-12 18:00:00,pm25,PIIANN,95.02,59.284718
2021-07-12 09:00:00,pm25,PIIANN,16.2,45.55498
2021-02-03 17:00:00,pm25,PIIANN,46.15,52.286575
2023-05-02 11:00:00,pm25,PIIANN,83.0775,58.754322
2023-04-03 01:00:00,pm25,PIIANN,81.245,51.37859
2025-12-07 21:00:00,pm25,PIIANN,28.97,45.559452
2023-03-04 13:00:00,pm25,PIIANN,28.972502,49.688484
2023-05-12 01:00:00,pm25,PIIANN,91.1825,49.947823
2023-10-02 13:00:00,pm25,PIIANN,110.74,59.44157
2024-08-09 23:00:00,pm25,PIIANN,6.1300006,43.1228
2022-07-04 23:00:00,pm25,PIIANN,19.629997,43.737045
2022-11-02 10:00:00,pm25,PIIANN,92.4,55.42067
2023-05-09 07:00:00,pm25,PIIANN,17.025002,43.290516
2024-11-11 23:00:00,pm25,PIIANN,59.88,47.488087
2022-02-06 01:00:00,pm25,PIIANN,28.18,43.91424
2024-12-12 18:00:00,pm25,PIIANN,61.41,53.95347
2025-08-05 05:00:00,pm25,PIIANN,49.77,47.024708
2023-07-02 01:00:00,pm25,PIIANN,63.72,52.387634
2024-08-09 19:00:00,pm25,PIIANN,8.61,44.554012
2024-07-05 23:00:00,pm25,PIIANN,14.319999,45.280968
2024-03-09 15:00:00,pm25,PIIANN,30.24,45.295662
2023-05-06 12:00:00,pm25,PIIANN,29.2,47.31442
2022-02-02 16:00:00,pm25,PIIANN,47.48,52.420338
2025-05-09 23:00:00,pm25,PIIANN,45.63,55.267735
2024-07-09 00:00:00,pm25,PIIANN,14.479999,42.876072
2025-11-03 02:00:00,pm25,PIIANN,64.06,49.24446
2025-04-03 14:00:00,pm25,PIIANN,20.240002,49.039013
2025-10-02 01:00:00,pm25,PIIANN,77.03,52.764793
2024-03-09 19:00:00,pm25,PIIANN,11.100001,44.282864
2021-12-10 15:00:00,pm25,PIIANN,80.8,58.82602
2023-11-06 16:00:00,pm25,PIIANN,36.135,47.669846
2024-01-10 06:00:00,pm25,PIIANN,33.28,44.572983
2023-06-11 20:00:00,pm25,PIIANN,107.92,52.331833
2025-10-01 11:00:00,pm25,PIIANN,81.94,54.65254
2021-01-07 01:00:00,pm25,PIIANN,24.25,43.86185
2025-10-07 03:00:00,pm25,PIIANN,24.81,42.97428
2021-08-06 06:00:00,pm25,PIIANN,18.850002,44.25944
2024-05-10 16:00:00,pm25,PIIANN,31.08,46.10218
2023-05-07 14:00:00,pm25,PIIANN,13.5675,44.22824
2024-02-06 02:00:00,pm25,PIIANN,24.46,42.824314
2023-01-02 14:00:00,pm25,PIIANN,50.49,54.787025
2025-08-02 19:00:00,pm25,PIIANN,68.9,54.58999
2021-12-02 19:00:00,pm25,PIIANN,97.42,54.730244
2025-10-03 15:00:00,pm25,PIIANN,70.66,54.904007
2021-11-03 07:00:00,pm25,PIIANN,12.7,44.06444
2023-08-03 18:00:00,pm25,PIIANN,59.9225,53.871883
2025-10-10 02:00:00,pm25,PIIANN,52.32,45.560802
2021-10-04 12:00:00,pm25,PIIANN,35.15,48.65679
2023-07-06 11:00:00,pm25,PIIANN,29.2525,47.407856
2022-06-06 15:00:00,pm25,PIIANN,31.28,47.427933
2024-12-12 21:00:00,pm25,PIIANN,102.87,54.106617
2023-11-01 09:00:00,pm25,PIIANN,142.735,57.398014
2021-01-10 04:00:00,pm25,PIIANN,17.880001,44.883633
2025-09-09 06:00:00,pm25,PIIANN,35.75,44.845985
2021-02-06 21:00:00,pm25,PIIANN,19.83,49.52758
2021-06-05 11:00:00,pm25,PIIANN,17.380001,44.54376
2024-11-10 12:00:00,pm25,PIIANN,18.32,46.934505
2024-09-06 12:00:00,pm25,PIIANN,32.14,46.214397
2022-03-09 07:00:00,pm25,PIIANN,6.319999,41.49157
2022-06-10 15:00:00,pm25,PIIANN,11.38,42.782047
2021-08-09 05:00:00,pm25,PIIANN,11.479999,42.122932
2024-07-02 18:00:00,pm25,PIIANN,57.17,53.714615
2021-05-01 19:00:00,pm25,PIIANN,137.1,60.663136
2021-04-02 07:00:00,pm25,PIIANN,181.62,65.25671
2025-04-07 00:00:00,pm25,PIIANN,31.54,47.513435
2023-10-05 21:00:00,pm25,PIIANN,33.9825,46.594654
2023-12-07 01:00:00,pm25,PIIANN,14.189998,42.44031
2024-02-03 20:00:00,pm25,PIIANN,73.9,51.304752
2025-04-03 04:00:00,pm25,PIIANN,19.86,44.116993
2025-12-08 15:00:00,pm25,PIIANN,45.02,44.78961
2025-09-04 16:00:00,pm25,PIIANN,35.76,46.45351
2021-10-01 12:00:00,pm25,PIIANN,75.53,58.54219
2022-01-09 18:00:00,pm25,PIIANN,8.279998,42.071877
2025-10-12 06:00:00,pm25,PIIANN,149.67,63.44781
2021-05-01 23:00:00,pm25,PIIANN,199.42,60.20506
2025-04-02 03:00:00,pm25,PIIANN,74.87,53.69949
2022-05-12 21:00:00,pm25,PIIANN,119.74,59.43503
2025-08-13 01:00:00,pm25,PIIANN,213.3062,60.749252
2022-01-02 05:00:00,pm25,PIIANN,53.38,49.059605
2021-11-04 09:00:00,pm25,PIIANN,24.799997,46.70705
2021-05-05 12:00:00,pm25,PIIANN,19.550001,46.07393
2024-07-07 15:00:00,pm25,PIIANN,13.999999,40.853825
2022-10-05 01:00:00,pm25,PIIANN,6.0499988,41.393616
2022-09-07 04:00:00,pm25,PIIANN,18.05,42.36187
2021-09-01 14:00:00,pm25,PIIANN,89.6,57.234882
2024-08-04 08:00:00,pm25,PIIANN,26.6,45.685997
2024-02-03 19:00:00,pm25,PIIANN,72.67,51.54241
2022-12-02 17:00:00,pm25,PIIANN,39.8,52.04992
2025-12-05 17:00:00,pm25,PIIANN,67.41,51.021194
2023-06-10 01:00:00,pm25,PIIANN,31.8875,44.051113
2023-12-06 11:00:00,pm25,PIIANN,31.25,45.799797
2021-09-04 04:00:00,pm25,PIIANN,33.45,46.273895
2024-05-06 03:00:00,pm25,PIIANN,32.14,44.87666
2025-08-09 14:00:00,pm25,PIIANN,48.49,48.940006
2025-03-09 10:00:00,pm25,PIIANN,18.530003,46.84856
2025-12-08 19:00:00,pm25,PIIANN,43.8,46.12923
2024-07-10 12:00:00,pm25,PIIANN,21.779999,47.083126
2021-01-09 16:00:00,pm25,PIIANN,15.900001,44.70838
2025-04-08 04:00:00,pm25,PIIANN,27.6,43.665348
2025-06-06 09:00:00,pm25,PIIANN,44.04,49.611496
2024-08-04 14:00:00,pm25,PIIANN,23.62,48.689194
2025-09-04 22:00:00,pm25,PIIANN,31.31,45.826313
2021-02-07 10:00:00,pm25,PIIANN,25.1,44.894962
2025-04-02 20:00:00,pm25,PIIANN,111.02,54.361576
2021-08-07 12:00:00,pm25,PIIANN,26.83,46.137196
2022-04-12 23:00:00,pm25,PIIANN,181.57,59.696198
2022-08-06 16:00:00,pm25,PIIANN,39.0,47.16781
2024-10-08 12:00:00,pm25,PIIANN,17.77,44.568058
2022-09-12 13:00:00,pm25,PIIANN,123.1,61.90857
2022-03-09 15:00:00,pm25,PIIANN,13.95,43.025803
2023-11-06 09:00:00,pm25,PIIANN,24.19,44.03991
2021-05-02 19:00:00,pm25,PIIANN,89.92,61.469658
2023-11-12 10:00:00,pm25,PIIANN,67.225,52.870625
2023-07-08 21:00:00,pm25,PIIANN,22.95,45.478977
2023-12-11 02:00:00,pm25,PIIANN,166.325,57.614174
2022-08-07 18:00:00,pm25,PIIANN,15.619998,42.667683
2024-04-11 22:00:00,pm25,PIIANN,107.9,53.391792
2021-01-08 23:00:00,pm25,PIIANN,33.5,44.830322
2021-07-11 21:00:00,pm25,PIIANN,66.9,52.60411
2021-06-10 09:00:00,pm25,PIIANN,18.25,47.554756
2022-11-10 14:00:00,pm25,PIIANN,9.534999,42.85084
2021-03-04 11:00:00,pm25,PIIANN,25.2,49.89358
2023-03-12 21:00:00,pm25,PIIANN,91.8425,52.618702
2022-02-12 23:00:00,pm25,PIIANN,169.21,57.482456
2025-12-12 22:00:00,pm25,PIIANN,164.78,62.898422
2022-05-02 03:00:00,pm25,PIIANN,26.0,44.84847
2021-10-06 13:00:00,pm25,PIIANN,28.743334,47.800262
2022-02-04 02:00:00,pm25,PIIANN,19.8,44.19766
2022-10-12 01:00:00,pm25,PIIANN,194.08,57.28855
2022-09-06 20:00:00,pm25,PIIANN,23.15,44.139507
2025-04-10 04:00:00,pm25,PIIANN,38.11,43.059177
2024-01-06 23:00:00,pm25,PIIANN,31.34,43.099476
2023-09-09 18:00:00,pm25,PIIANN,16.802502,43.89882
2024-07-07 07:00:00,pm25,PIIANN,12.709998,42.377136
2025-09-12 13:00:00,pm25,PIIANN,124.31,63.304417
2022-09-11 11:00:00,pm25,PIIANN,66.1,54.854458
2023-05-08 21:00:00,pm25,PIIANN,26.2425,45.609047
2024-05-07 23:00:00,pm25,PIIANN,15.920001,43.790733
2025-01-07 09:00:00,pm25,PIIANN,23.42,42.945404
2021-10-09 07:00:00,pm25,PIIANN,32.7,44.32091
2021-01-04 22:00:00,pm25,PIIANN,54.35,49.99655
2023-01-10 02:00:00,pm25,PIIANN,5.747501,42.422962
2025-11-07 22:00:00,pm25,PIIANN,43.64,45.691856
2025-07-12 15:00:00,pm25,PIIANN,74.78,59.64277
2021-04-04 12:00:00,pm25,PIIANN,34.72,50.916145
2025-10-06 15:00:00,pm25,PIIANN,54.08,50.108902
2024-02-06 14:00:00,pm25,PIIANN,32.48,45.16419
2021-11-04 12:00:00,pm25,PIIANN,26.28,49.744194
2024-12-05 19:00:00,pm25,PIIANN,18.350002,46.333805
2021-09-07 20:00:00,pm25,PIIANN,25.5,45.329853
2024-04-08 14:00:00,pm25,PIIANN,22.47,43.093372
2025-03-04 22:00:00,pm25,PIIANN,46.4,46.402363
2025-09-12 17:00:00,pm25,PIIANN,103.73,62.27658
2024-02-02 13:00:00,pm25,PIIANN,56.28,50.641464
2024-03-10 14:00:00,pm25,PIIANN,51.8,49.219936
2022-10-05 02:00:00,pm25,PIIANN,4.7000003,41.781994
2024-11-10 14:00:00,pm25,PIIANN,18.18,47.553555
2021-09-02 19:00:00,pm25,PIIANN,101.45,58.76572
2023-10-10 08:00:00,pm25,PIIANN,57.935,49.43569
2023-01-12 17:00:00,pm25,PIIANN,32.12,47.233
2025-11-04 20:00:00,pm25,PIIANN,34.98,46.21737
2023-03-01 22:00:00,pm25,PIIANN,125.655,54.25281
2023-06-09 04:00:00,pm25,PIIANN,6.6975017,42.204712
2024-01-08 17:00:00,pm25,PIIANN,14.279998,43.473335
2024-05-05 23:00:00,pm25,PIIANN,17.96,44.337624
2025-09-08 02:00:00,pm25,PIIANN,29.1,44.79882
2021-09-06 16:00:00,pm25,PIIANN,41.82,48.985905
2024-11-03 17:00:00,pm25,PIIANN,59.66,50.585987
2025-10-03 19:00:00,pm25,PIIANN,67.63,51.90754
2025-07-07 22:00:00,pm25,PIIANN,23.099998,45.212967
2021-08-13 00:00:00,pm25,PIIANN,56.265537,48.621952
2025-08-05 00:00:00,pm25,PIIANN,48.58,44.631767
2023-05-06 09:00:00,pm25,PIIANN,30.845,45.40757
2022-10-06 10:00:00,pm25,PIIANN,35.15,46.007526
2024-02-12 13:00:00,pm25,PIIANN,44.83,50.16909
2023-09-02 23:00:00,pm25,PIIANN,109.18,53.036514
2021-12-03 01:00:00,pm25,PIIANN,26.400002,47.007557
2021-07-08 14:00:00,pm25,PIIANN,42.2,45.689095
2022-03-02 21:00:00,pm25,PIIANN,24.15,47.45307
2024-05-12 22:00:00,pm25,PIIANN,81.91,55.722492
2022-03-10 08:00:00,pm25,PIIANN,23.42,43.60679
2024-06-03 08:00:00,pm25,PIIANN,46.38,49.764122
2021-09-09 09:00:00,pm25,PIIANN,9.200004,44.118336
2024-03-05 22:00:00,pm25,PIIANN,32.86,46.914993
2021-11-04 06:00:00,pm25,PIIANN,28.15,44.589035
2024-11-08 22:00:00,pm25,PIIANN,25.83,43.79796
2022-08-07 06:00:00,pm25,PIIANN,13.679999,42.154686
2023-03-07 06:00:00,pm25,PIIANN,14.682498,42.506096
2024-02-12 14:00:00,pm25,PIIANN,42.64,50.231934
2022-12-13 02:00:00,pm25,PIIANN,177.9553,56.992752
2025-09-10 18:00:00,pm25,PIIANN,45.82,47.900173
2025-03-01 14:00:00,pm25,PIIANN,148.29,53.28848
2021-11-05 13:00:00,pm25,PIIANN,15.679999,44.808357
2021-06-07 09:00:00,pm25,PIIANN,39.6,48.55751
2022-01-06 04:00:00,pm25,PIIANN,35.42,45.492058
2024-04-10 12:00:00,pm25,PIIANN,31.28,46.336365
2021-10-04 06:00:00,pm25,PIIANN,26.9,45.05222
2025-02-05 19:00:00,pm25,PIIANN,49.96,49.011097
2022-10-08 15:00:00,pm25,PIIANN,8.2,44.50059
2024-10-06 08:00:00,pm25,PIIANN,25.5,44.150196
2024-07-09 12:00:00,pm25,PIIANN,13.740001,46.27862
2024-11-05 21:00:00,pm25,PIIANN,17.18,43.931965
2022-01-07 21:00:00,pm25,PIIANN,23.320002,44.107025
2025-06-10 18:00:00,pm25,PIIANN,58.26,47.96898
2025-08-03 15:00:00,pm25,PIIANN,74.89,55.58287
2022-04-12 20:00:00,pm25,PIIANN,135.03,60.182125
2023-01-07 11:00:00,pm25,PIIANN,16.835,43.16849
2021-06-04 03:00:00,pm25,PIIANN,40.85,47.615685
2024-09-12 03:00:00,pm25,PIIANN,79.04,51.33555
2024-02-03 23:00:00,pm25,PIIANN,65.82,49.22885
2024-07-12 03:00:00,pm25,PIIANN,61.37,52.587723
2021-07-09 16:00:00,pm25,PIIANN,10.299998,43.272533
2023-07-09 17:00:00,pm25,PIIANN,8.499999,41.101097
2024-10-05 16:00:00,pm25,PIIANN,17.43,45.78259
2025-09-03 04:00:00,pm25,PIIANN,62.1,48.935158
2025-02-02 02:00:00,pm25,PIIANN,51.48,46.306305
2025-02-04 10:00:00,pm25,PIIANN,37.85,47.163414
2022-12-10 00:00:00,pm25,PIIANN,9.779998,41.58001
2025-07-06 23:00:00,pm25,PIIANN,53.58,48.129375
2022-10-12 11:00:00,pm25,PIIANN,109.68,60.69219
2024-07-09 17:00:00,pm25,PIIANN,27.41,45.393005
2024-06-10 11:00:00,pm25,PIIANN,51.4,48.083553
2024-12-07 11:00:00,pm25,PIIANN,14.689998,44.14608
2022-12-02 05:00:00,pm25,PIIANN,68.38,52.22372
2022-05-02 16:00:00,pm25,PIIANN,33.58,47.78787
2025-02-05 15:00:00,pm25,PIIANN,47.95,48.961567
2022-11-09 20:00:00,pm25,PIIANN,11.299998,41.802616
2023-12-08 00:00:00,pm25,PIIANN,28.1725,41.397366
2025-11-08 11:00:00,pm25,PIIANN,24.65,44.840927
2025-06-12 19:00:00,pm25,PIIANN,178.13998,59.519543
2022-07-03 05:00:00,pm25,PIIANN,80.58,50.79122
2021-04-10 07:00:00,pm25,PIIANN,26.72,50.662617
2025-04-07 09:00:00,pm25,PIIANN,31.59,43.6846
2023-01-10 03:00:00,pm25,PIIANN,5.080005,41.933483
2021-12-07 10:00:00,pm25,PIIANN,9.850001,42.725273
2024-08-02 19:00:00,pm25,PIIANN,63.11,51.615463
2021-12-07 05:00:00,pm25,PIIANN,10.319999,41.375156
2023-07-05 13:00:00,pm25,PIIANN,48.42,52.09484
2024-05-08 20:00:00,pm25,PIIANN,9.395999,41.704346
2021-09-06 14:00:00,pm25,PIIANN,54.75,48.045723
2024-10-01 17:00:00,pm25,PIIANN,65.44,56.814938
2023-04-02 03:00:00,pm25,PIIANN,151.5075,54.978397
2024-12-06 22:00:00,pm25,PIIANN,28.23,43.80467
2022-05-02 17:00:00,pm25,PIIANN,34.6,47.839474
2025-11-13 00:00:00,pm25,PIIANN,207.7545,64.42068
2022-05-07 13:00:00,pm25,PIIANN,13.600001,45.0996
2023-01-04 19:00:00,pm25,PIIANN,30.975,45.195175
2021-06-06 21:00:00,pm25,PIIANN,25.42,45.660698
2021-05-10 10:00:00,pm25,PIIANN,14.95,49.052723
2024-05-06 00:00:00,pm25,PIIANN,29.36,43.80473
2024-04-01 12:00:00,pm25,PIIANN,70.4,55.50819
2022-02-03 16:00:00,pm25,PIIANN,61.0,52.09538
2022-08-12 21:00:00,pm25,PIIANN,158.99998,61.959053
2023-01-03 13:00:00,pm25,PIIANN,66.95,53.108826
2022-10-09 05:00:00,pm25,PIIANN,13.38,42.705982
2024-07-12 12:00:00,pm25,PIIANN,47.44,53.588146
2024-11-04 04:00:00,pm25,PIIANN,63.33,49.138977
2022-02-10 08:00:00,pm25,PIIANN,38.45,44.82208
2021-02-08 00:00:00,pm25,PIIANN,43.78,44.683235
2021-07-03 20:00:00,pm25,PIIANN,58.52,52.36853
2023-02-05 03:00:00,pm25,PIIANN,40.2,43.490566
2023-02-08 14:00:00,pm25,PIIANN,15.292499,43.16707
2025-10-10 20:00:00,pm25,PIIANN,38.34,48.64549
2022-02-01 17:00:00,pm25,PIIANN,70.35,54.441334
2021-11-11 10:00:00,pm25,PIIANN,55.92,53.537247
2021-06-05 19:00:00,pm25,PIIANN,12.95,44.18306
2024-12-11 16:00:00,pm25,PIIANN,36.62,49.514816
2024-09-10 01:00:00,pm25,PIIANN,25.35,43.42109
2023-03-09 21:00:00,pm25,PIIANN,18.9225,44.68726
2023-01-05 16:00:00,pm25,PIIANN,23.9425,48.20188
2025-06-12 09:00:00,pm25,PIIANN,105.21,55.904575
2022-05-08 10:00:00,pm25,PIIANN,12.100001,44.088604
2022-04-03 02:00:00,pm25,PIIANN,124.28,53.518074
2025-06-12 16:00:00,pm25,PIIANN,81.22,57.75915
2025-12-12 01:00:00,pm25,PIIANN,230.60002,63.867203
2025-07-01 21:00:00,pm25,PIIANN,93.689995,52.014618
2021-06-05 12:00:00,pm25,PIIANN,17.32,45.40734
2021-03-08 02:00:00,pm25,PIIANN,44.05,45.10192
2024-11-12 17:00:00,pm25,PIIANN,69.18,55.10336
2022-02-04 20:00:00,pm25,PIIANN,11.7699995,43.71639
2025-08-12 09:00:00,pm25,PIIANN,132.9,60.4092
2025-03-11 16:00:00,pm25,PIIANN,78.76,49.448185
2022-07-12 10:00:00,pm25,PIIANN,156.11998,59.96348
2021-12-09 21:00:00,pm25,PIIANN,10.520003,43.693134
2024-10-02 03:00:00,pm25,PIIANN,88.78,51.267597
2021-08-10 18:00:00,pm25,PIIANN,59.52,51.688465
2025-08-03 06:00:00,pm25,PIIANN,86.88,51.33918
2023-12-06 19:00:00,pm25,PIIANN,36.94,45.274452
2024-03-05 06:00:00,pm25,PIIANN,26.75,43.194588
2021-01-12 19:00:00,pm25,PIIANN,76.78,52.862797
2022-06-05 06:00:00,pm25,PIIANN,27.45,43.956406
2023-04-09 22:00:00,pm25,PIIANN,28.395,43.04177
2024-02-06 22:00:00,pm25,PIIANN,29.58,43.19806
2022-06-10 19:00:00,pm25,PIIANN,11.399997,42.893158
2021-06-10 18:00:00,pm25,PIIANN,38.25,49.018215
2023-06-08 23:00:00,pm25,PIIANN,25.343334,44.59962
2024-04-02 23:00:00,pm25,PIIANN,114.3,54.416668
2023-12-09 21:00:00,pm25,PIIANN,27.2525,42.729767
2024-02-05 17:00:00,pm25,PIIANN,40.52,50.37386
2022-05-07 04:00:00,pm25,PIIANN,16.45,42.868813
2021-09-05 14:00:00,pm25,PIIANN,10.049998,45.585304
2021-02-02 23:00:00,pm25,PIIANN,238.75,63.078236
2023-01-12 05:00:00,pm25,PIIANN,37.3075,45.199192
2023-09-09 19:00:00,pm25,PIIANN,13.432498,43.776196
2024-07-11 15:00:00,pm25,PIIANN,54.06,51.105156
2022-08-06 11:00:00,pm25,PIIANN,37.25,46.105873
2021-01-08 05:00:00,pm25,PIIANN,19.98,42.57273
2022-12-02 11:00:00,pm25,PIIANN,55.75,54.25162
2024-08-13 00:00:00,pm25,PIIANN,82.05516,51.699253
2023-01-04 23:00:00,pm25,PIIANN,36.136665,43.979824
2024-06-12 07:00:00,pm25,PIIANN,67.69,52.892612
2024-07-07 21:00:00,pm25,PIIANN,18.95,43.940414
2021-05-04 10:00:00,pm25,PIIANN,31.9,50.05467
2025-11-05 05:00:00,pm25,PIIANN,44.82,46.50321
2022-11-04 03:00:00,pm25,PIIANN,19.0,40.700783
2023-02-07 16:00:00,pm25,PIIANN,19.655,44.501354
2024-01-08 10:00:00,pm25,PIIANN,26.42,44.002735
2023-05-09 19:00:00,pm25,PIIANN,9.709998,43.730904
2025-09-13 01:00:00,pm25,PIIANN,183.61972,62.090645
2023-05-01 13:00:00,pm25,PIIANN,122.0575,57.072567
2021-10-09 17:00:00,pm25,PIIANN,14.420001,49.010727
2024-06-01 16:00:00,pm25,PIIANN,76.25,57.098053
2021-08-04 19:00:00,pm25,PIIANN,36.98,48.9709
2025-02-02 11:00:00,pm25,PIIANN,53.24,47.389103
2023-07-04 21:00:00,pm25,PIIANN,75.5425,50.68176
2023-12-06 06:00:00,pm25,PIIANN,19.7125,43.823162
2024-09-08 13:00:00,pm25,PIIANN,16.46,44.553223
2025-12-07 11:00:00,pm25,PIIANN,34.81,45.938793
2024-11-02 20:00:00,pm25,PIIANN,100.09,55.558483
2022-05-12 20:00:00,pm25,PIIANN,104.01,59.724487
2021-11-09 10:00:00,pm25,PIIANN,23.18,45.389107
2025-10-12 20:00:00,pm25,PIIANN,191.76,66.63557
2022-06-12 16:00:00,pm25,PIIANN,80.64,58.378178
2021-05-02 15:00:00,pm25,PIIANN,63.68,60.928497
2024-05-11 23:00:00,pm25,PIIANN,102.6075,53.089397
2021-05-12 08:00:00,pm25,PIIANN,38.85,49.996815
2022-11-08 03:00:00,pm25,PIIANN,12.049998,42.206703
2024-08-02 07:00:00,pm25,PIIANN,60.59,50.717083
2025-01-05 05:00:00,pm25,PIIANN,59.84,45.646408
2023-03-10 00:00:00,pm25,PIIANN,17.11,43.949383
2022-12-05 01:00:00,pm25,PIIANN,21.5,42.70265
2021-01-05 07:00:00,pm25,PIIANN,21.52,45.515224
2023-06-11 12:00:00,pm25,PIIANN,65.05,52.733967
2021-12-09 08:00:00,pm25,PIIANN,9.299994,44.402565
2025-02-09 17:00:00,pm25,PIIANN,19.23,47.945404
2021-09-05 03:00:00,pm25,PIIANN,12.979999,43.008244
2021-12-07 13:00:00,pm25,PIIANN,9.979999,42.820366
2023-09-05 16:00:00,pm25,PIIANN,63.8425,51.58686
2025-09-03 21:00:00,pm25,PIIANN,70.89,50.990105
2024-03-08 13:00:00,pm25,PIIANN,17.34,42.892914
2025-12-06 16:00:00,pm25,PIIANN,23.44,46.015957
2023-03-08 15:00:00,pm25,PIIANN,36.8825,44.888485
2021-02-01 18:00:00,pm25,PIIANN,132.25,59.809784
2025-03-12 04:00:00,pm25,PIIANN,118.18,60.171074
2024-11-07 04:00:00,pm25,PIIANN,18.440002,42.59865
2021-12-03 16:00:00,pm25,PIIANN,33.35,49.23153
2023-10-09 23:00:00,pm25,PIIANN,17.38667,43.047756
2022-12-09 06:00:00,pm25,PIIANN,11.100001,39.45813
2025-09-01 22:00:00,pm25,PIIANN,106.67,53.475235
2024-01-07 01:00:00,pm25,PIIANN,22.07,42.772293
2025-10-12 03:00:00,pm25,PIIANN,172.63,64.77094
2025-04-03 23:00:00,pm25,PIIANN,34.84,45.027977
2025-05-07 12:00:00,pm25,PIIANN,35.38,45.852074
2023-02-05 12:00:00,pm25,PIIANN,27.567501,49.37948
2021-11-06 05:00:00,pm25,PIIANN,30.48,43.508953
2022-05-11 19:00:00,pm25,PIIANN,57.08,54.465263
2025-03-12 21:00:00,pm25,PIIANN,152.73999,59.820446
2023-01-12 02:00:00,pm25,PIIANN,53.34,48.394703
2021-07-03 22:00:00,pm25,PIIANN,68.12,51.176105
2024-06-03 15:00:00,pm25,PIIANN,48.02,51.47779
2021-03-12 01:00:00,pm25,PIIANN,126.98,55.65648
2022-02-11 02:00:00,pm25,PIIANN,58.55,46.332127
2024-12-08 03:00:00,pm25,PIIANN,22.330002,42.558052
2024-07-10 10:00:00,pm25,PIIANN,19.18,46.491238
2021-08-06 22:00:00,pm25,PIIANN,27.500002,46.149734
2024-09-12 10:00:00,pm25,PIIANN,66.14,53.48284
2022-03-02 15:00:00,pm25,PIIANN,43.95,48.7307
2022-12-08 09:00:00,pm25,PIIANN,20.1,43.617992
2024-02-10 09:00:00,pm25,PIIANN,22.97,46.279575
2025-01-07 20:00:00,pm25,PIIANN,35.41,44.679882
2024-12-03 12:00:00,pm25,PIIANN,49.74,48.60775
2024-03-02 06:00:00,pm25,PIIANN,25.53,47.57214
2023-10-07 23:00:00,pm25,PIIANN,16.116669,42.76585
2023-05-06 23:00:00,pm25,PIIANN,35.71,45.562546
2023-09-11 05:00:00,pm25,PIIANN,149.355,56.11048
2025-07-04 19:00:00,pm25,PIIANN,43.93,47.02469
2023-04-09 05:00:00,pm25,PIIANN,24.7,43.421867
2022-03-10 10:00:00,pm25,PIIANN,20.2,43.601357
2024-09-12 14:00:00,pm25,PIIANN,59.63,53.953136
2023-10-02 10:00:00,pm25,PIIANN,122.4725,59.142162
2023-06-02 22:00:00,pm25,PIIANN,62.6425,52.990887
2024-02-05 01:00:00,pm25,PIIANN,27.64,47.451942
2025-03-12 12:00:00,pm25,PIIANN,5.1199946,58.475735
2021-07-03 00:00:00,pm25,PIIANN,71.7,51.53025
2023-10-12 19:00:00,pm25,PIIANN,66.4975,52.004383
2022-11-10 11:00:00,pm25,PIIANN,12.429999,43.08177
2025-09-10 21:00:00,pm25,PIIANN,49.52,47.691994
2022-08-07 14:00:00,pm25,PIIANN,18.5,43.598366
2022-11-05 13:00:00,pm25,PIIANN,11.799998,47.65547
2021-05-08 02:00:00,pm25,PIIANN,38.78,45.290318
2025-10-12 16:00:00,pm25,PIIANN,116.34,62.514065
2023-06-03 17:00:00,pm25,PIIANN,50.9225,52.483784
2025-02-02 01:00:00,pm25,PIIANN,50.47,47.5673
2022-01-11 15:00:00,pm25,PIIANN,53.65,50.70844
2024-12-11 14:00:00,pm25,PIIANN,34.89,50.537834
2023-09-06 05:00:00,pm25,PIIANN,28.4375,44.483448
2021-03-01 16:00:00,pm25,PIIANN,105.62,61.86092
2023-04-09 17:00:00,pm25,PIIANN,14.345,44.43941
2022-01-02 08:00:00,pm25,PIIANN,52.25,48.562744
2024-05-02 22:00:00,pm25,PIIANN,107.57,51.885227
2021-03-09 06:00:00,pm25,PIIANN,35.2,42.636547
2024-10-03 07:00:00,pm25,PIIANN,83.53,50.82642
2025-12-06 09:00:00,pm25,PIIANN,29.06,45.756504
2024-07-11 11:00:00,pm25,PIIANN,57.3,50.11572
2022-09-08 17:00:00,pm25,PIIANN,39.09625,44.464344
2025-01-11 08:00:00,pm25,PIIANN,31.16,43.662537
2023-08-12 14:00:00,pm25,PIIANN,11.792495,44.72252
2025-05-09 20:00:00,pm25,PIIANN,42.03,54.856678
2023-05-03 18:00:00,pm25,PIIANN,49.1675,52.752384
2024-05-02 21:00:00,pm25,PIIANN,93.84,53.087044
2021-06-05 16:00:00,pm25,PIIANN,20.15,45.214672
2025-01-04 22:00:00,pm25,PIIANN,43.5,46.348244
2021-07-02 07:00:00,pm25,PIIANN,41.6,53.052925
2024-10-12 19:00:00,pm25,PIIANN,84.64,53.692886
2021-11-07 00:00:00,pm25,PIIANN,24.499998,45.211395
2024-07-08 15:00:00,pm25,PIIANN,26.82,43.929928
2022-06-04 22:00:00,pm25,PIIANN,23.18,43.882973
2025-01-08 13:00:00,pm25,PIIANN,42.12,47.31683
2024-09-12 08:00:00,pm25,PIIANN,62.2,51.810314
2022-08-08 21:00:00,pm25,PIIANN,13.2,42.957684
2025-04-05 19:00:00,pm25,PIIANN,34.95,48.065327
2025-11-05 22:00:00,pm25,PIIANN,63.83,49.324142
2025-11-02 07:00:00,pm25,PIIANN,36.76,47.781208
2022-06-04 02:00:00,pm25,PIIANN,17.830002,43.769505
2023-12-12 23:00:00,pm25,PIIANN,125.24,54.02706
2024-03-05 03:00:00,pm25,PIIANN,17.760002,42.76938
2023-12-12 21:00:00,pm25,PIIANN,105.9575,54.19547
2022-07-07 05:00:00,pm25,PIIANN,13.619998,42.457684
2025-02-12 04:00:00,pm25,PIIANN,135.98,55.996952
2023-05-07 12:00:00,pm25,PIIANN,20.71,43.635193
2021-12-01 17:00:00,pm25,PIIANN,106.62,58.32635
2023-10-03 04:00:00,pm25,PIIANN,77.06,49.10322
2022-04-12 11:00:00,pm25,PIIANN,123.48,58.88188
2024-02-08 20:00:00,pm25,PIIANN,23.78,41.25249
2023-03-10 02:00:00,pm25,PIIANN,15.510001,43.12248
2024-07-08 01:00:00,pm25,PIIANN,23.399998,43.15429
2025-06-12 03:00:00,pm25,PIIANN,87.17,54.43399
2021-10-05 15:00:00,pm25,PIIANN,29.38,46.295425
2021-11-04 14:00:00,pm25,PIIANN,35.35,50.211224
2024-12-08 20:00:00,pm25,PIIANN,24.18,44.467052
2022-05-10 05:00:00,pm25,PIIANN,13.45,42.14724
2024-06-04 04:00:00,pm25,PIIANN,34.22,44.779488
2022-11-02 16:00:00,pm25,PIIANN,65.9,57.04874
2024-01-12 03:00:00,pm25,PIIANN,45.1,47.83125
2022-04-11 16:00:00,pm25,PIIANN,58.78,52.77393
2022-07-04 05:00:00,pm25,PIIANN,20.1,43.32666
2022-12-10 17:00:00,pm25,PIIANN,10.900001,43.591423
2025-07-10 21:00:00,pm25,PIIANN,45.2,47.878887
2021-02-11 14:00:00,pm25,PIIANN,74.28,55.100685
2021-09-10 15:00:00,pm25,PIIANN,92.35,57.46544
2025-10-11 12:00:00,pm25,PIIANN,107.06,58.80169
2022-04-02 05:00:00,pm25,PIIANN,23.020002,45.55725
2025-12-04 14:00:00,pm25,PIIANN,38.36,46.777836
2021-07-02 21:00:00,pm25,PIIANN,130.38,52.47275
2022-02-02 01:00:00,pm25,PIIANN,81.05,51.637657
2023-03-04 03:00:00,pm25,PIIANN,24.3625,43.071507
2025-04-06 16:00:00,pm25,PIIANN,41.94,49.50945
2021-08-09 22:00:00,pm25,PIIANN,7.8800044,43.717407
2025-12-09 18:00:00,pm25,PIIANN,31.84,45.261745
2023-06-03 20:00:00,pm25,PIIANN,76.02,52.61187
2022-08-01 23:00:00,pm25,PIIANN,146.8,57.83013
2023-07-03 10:00:00,pm25,PIIANN,69.6325,51.506176
2025-05-11 01:00:00,pm25,PIIANN,171.19,54.620327
2025-03-12 08:00:00,pm25,PIIANN,103.57,58.47275
2022-07-04 11:00:00,pm25,PIIANN,18.48,44.839123
2024-02-10 19:00:00,pm25,PIIANN,42.25,47.331406
2023-09-01 23:00:00,pm25,PIIANN,121.56,58.939766
2021-02-10 18:00:00,pm25,PIIANN,26.08,46.782654
2022-06-01 12:00:00,pm25,PIIANN,119.67333,60.46741
2023-07-05 20:00:00,pm25,PIIANN,73.7425,51.525322
2024-07-03 11:00:00,pm25,PIIANN,43.35,51.512177
2025-02-03 15:00:00,pm25,PIIANN,37.48,48.44502
2022-08-04 04:00:00,pm25,PIIANN,19.8,43.019325
2023-05-04 12:00:00,pm25,PIIANN,34.21,47.18242
2025-06-10 00:00:00,pm25,PIIANN,44.91,49.575264
2021-04-10 18:00:00,pm25,PIIANN,30.879997,51.487053
2022-08-06 09:00:00,pm25,PIIANN,37.5,45.66774
2025-01-12 19:00:00,pm25,PIIANN,116.24,58.05192
2025-04-10 19:00:00,pm25,PIIANN,39.62,46.086597
2023-02-12 16:00:00,pm25,PIIANN,48.1225,49.738415
2025-07-02 09:00:00,pm25,PIIANN,58.98,52.50452
2025-09-10 10:00:00,pm25,PIIANN,58.62,48.719135
2023-05-10 13:00:00,pm25,PIIANN,21.95,46.210884
2022-11-08 22:00:00,pm25,PIIANN,15.600001,42.64018
2024-04-09 20:00:00,pm25,PIIANN,17.3,43.88643
2024-09-10 17:00:00,pm25,PIIANN,39.09625,47.1881
2024-01-09 23:00:00,pm25,PIIANN,15.0199995,42.359577
2022-08-09 11:00:00,pm25,PIIANN,7.7999988,45.739296
2023-08-09 03:00:00,pm25,PIIANN,10.9075,42.197727
2025-07-05 14:00:00,pm25,PIIANN,63.11,51.055843
2021-07-02 19:00:00,pm25,PIIANN,66.08,52.088028
2022-07-10 11:00:00,pm25,PIIANN,10.7,43.526836
2025-12-07 07:00:00,pm25,PIIANN,36.89,44.49037
2022-06-05 13:00:00,pm25,PIIANN,36.58,48.515396
2024-06-03 21:00:00,pm25,PIIANN,79.6,49.760902
2025-10-11 14:00:00,pm25,PIIANN,91.86,58.951637
2022-10-12 19:00:00,pm25,PIIANN,100.54,59.364433
2024-09-06 16:00:00,pm25,PIIANN,39.2,47.414803
2021-08-11 06:00:00,pm25,PIIANN,89.15,52.661552
2021-02-07 08:00:00,pm25,PIIANN,23.020002,44.030815
2023-12-07 11:00:00,pm25,PIIANN,6.8399997,43.041946
2024-08-08 15:00:00,pm25,PIIANN,24.640001,44.17545
2023-10-05 09:00:00,pm25,PIIANN,29.3675,45.47593
2025-07-01 22:00:00,pm25,PIIANN,90.32,51.94828
2023-11-12 21:00:00,pm25,PIIANN,97.665,52.2175
2025-03-09 08:00:00,pm25,PIIANN,20.92,46.594185
2025-01-11 00:00:00,pm25,PIIANN,33.45,44.076984
2022-10-08 07:00:00,pm25,PIIANN,39.09625,45.100914
2022-10-11 00:00:00,pm25,PIIANN,130.1,41.178635
2021-06-11 02:00:00,pm25,PIIANN,106.35,56.943165
2021-08-08 06:00:00,pm25,PIIANN,32.33,43.75402
2024-01-02 02:00:00,pm25,PIIANN,51.85,47.90581
2023-03-06 11:00:00,pm25,PIIANN,45.785,46.623257
2024-01-11 19:00:00,pm25,PIIANN,66.24,50.387047
2023-09-03 12:00:00,pm25,PIIANN,57.98,52.8296
2025-11-11 03:00:00,pm25,PIIANN,138.74,56.985004
2023-11-06 22:00:00,pm25,PIIANN,25.795002,46.387497
2024-06-09 20:00:00,pm25,PIIANN,17.380001,45.58299
2021-02-07 23:00:00,pm25,PIIANN,34.7,43.821888
2024-11-11 17:00:00,pm25,PIIANN,44.2,48.757935
2023-07-10 15:00:00,pm25,PIIANN,26.4425,48.861385
2021-01-05 13:00:00,pm25,PIIANN,32.65,47.219852
2022-10-05 16:00:00,pm25,PIIANN,10.100001,45.54142
2023-12-02 06:00:00,pm25,PIIANN,48.3775,47.14218
2024-01-12 04:00:00,pm25,PIIANN,47.03,47.393345
2021-05-11 12:00:00,pm25,PIIANN,71.28,57.204487
2025-06-05 14:00:00,pm25,PIIANN,48.4,49.787415
2023-05-08 18:00:00,pm25,PIIANN,19.592499,46.254288
2023-03-13 01:00:00,pm25,PIIANN,93.9862,52.055557
2025-11-06 05:00:00,pm25,PIIANN,46.69,47.190994
2021-10-02 16:00:00,pm25,PIIANN,83.32,61.179207
2025-05-03 21:00:00,pm25,PIIANN,21.02,47.370987
2021-02-07 12:00:00,pm25,PIIANN,34.38,45.823685
2025-05-09 12:00:00,pm25,PIIANN,37.17,54.10013
2025-06-12 13:00:00,pm25,PIIANN,80.41,58.420486
2024-12-08 00:00:00,pm25,PIIANN,31.8,42.974148
2021-02-04 22:00:00,pm25,PIIANN,37.05,48.566048
2021-04-12 14:00:00,pm25,PIIANN,97.12,53.345562
2021-04-03 08:00:00,pm25,PIIANN,141.82,56.41285
2024-07-07 06:00:00,pm25,PIIANN,11.7699995,42.2539
2025-08-06 14:00:00,pm25,PIIANN,61.78,50.27655
2022-10-01 23:00:00,pm25,PIIANN,117.97,56.89179
2021-12-03 11:00:00,pm25,PIIANN,28.95,46.297764
2021-09-04 16:00:00,pm25,PIIANN,34.2,49.127747
2021-08-11 18:00:00,pm25,PIIANN,43.5,53.435787
2025-09-07 02:00:00,pm25,PIIANN,31.68,44.72475
2023-02-11 05:00:00,pm25,PIIANN,69.7925,47.488995
2023-01-03 20:00:00,pm25,PIIANN,59.615,51.5519
2024-02-11 02:00:00,pm25,PIIANN,314.8,54.904957
2021-02-08 06:00:00,pm25,PIIANN,31.019999,44.27242
2021-01-12 17:00:00,pm25,PIIANN,35.22,52.484146
2022-04-05 19:00:00,pm25,PIIANN,23.9,45.66837
2025-11-06 12:00:00,pm25,PIIANN,40.35,48.68942
2023-01-07 06:00:00,pm25,PIIANN,9.7275,42.111275
2022-06-11 00:00:00,pm25,PIIANN,91.88,42.43944
2021-05-07 03:00:00,pm25,PIIANN,35.55,44.13003
2025-06-05 18:00:00,pm25,PIIANN,48.05,49.4663
2024-06-02 11:00:00,pm25,PIIANN,88.82375,52.350163
2025-12-11 11:00:00,pm25,PIIANN,123.23,59.488197
2022-03-06 09:00:00,pm25,PIIANN,38.17,45.65311
2021-08-02 14:00:00,pm25,PIIANN,41.62,56.041065
2023-11-03 20:00:00,pm25,PIIANN,69.7175,51.53724
2022-01-08 17:00:00,pm25,PIIANN,33.53,45.232967
2024-09-12 06:00:00,pm25,PIIANN,71.85,52.016186
2022-04-05 12:00:00,pm25,PIIANN,20.7,45.64557
2021-06-05 07:00:00,pm25,PIIANN,13.619998,43.548782
2021-01-07 03:00:00,pm25,PIIANN,22.75,44.50592
2021-04-06 23:00:00,pm25,PIIANN,30.2,44.316673
2025-01-10 10:00:00,pm25,PIIANN,43.58,46.636127
2021-06-06 09:00:00,pm25,PIIANN,29.8,44.708897
2021-09-13 00:00:00,pm25,PIIANN,33.441616,46.87867
2023-01-03 03:00:00,pm25,PIIANN,53.985,48.596294
2024-05-02 01:00:00,pm25,PIIANN,65.91,52.904594
2022-01-06 22:00:00,pm25,PIIANN,22.049997,45.644577
2022-04-12 06:00:00,pm25,PIIANN,127.2,57.63349
2023-03-03 13:00:00,pm25,PIIANN,26.57,53.075935
2022-09-11 16:00:00,pm25,PIIANN,47.82,52.88776
2024-07-09 07:00:00,pm25,PIIANN,11.79,43.24827
2025-05-11 06:00:00,pm25,PIIANN,152.82,58.651627
2021-09-02 18:00:00,pm25,PIIANN,71.28,58.33139
2022-11-06 04:00:00,pm25,PIIANN,25.98,43.998238
2023-01-02 07:00:00,pm25,PIIANN,64.1975,54.989674
2022-08-11 12:00:00,pm25,PIIANN,57.62,52.29767
2025-12-07 22:00:00,pm25,PIIANN,30.83,45.999313
2022-08-09 15:00:00,pm25,PIIANN,8.119998,45.193302
2022-01-03 02:00:00,pm25,PIIANN,106.1,50.771137
2024-12-01 23:00:00,pm25,PIIANN,140.98,54.79987
2023-05-07 20:00:00,pm25,PIIANN,7.0050006,41.602688
2021-02-04 06:00:00,pm25,PIIANN,36.95,47.93238
2025-01-13 02:00:00,pm25,PIIANN,145.42976,56.192364
2022-08-07 05:00:00,pm25,PIIANN,14.299998,42.410706
2023-11-04 16:00:00,pm25,PIIANN,69.5825,53.103077
2024-09-04 22:00:00,pm25,PIIANN,52.33,48.762253
2025-12-11 19:00:00,pm25,PIIANN,149.38,59.148766
2024-12-06 08:00:00,pm25,PIIANN,27.75,43.044243
2022-03-05 02:00:00,pm25,PIIANN,21.58,42.935028
2023-04-04 13:00:00,pm25,PIIANN,40.625,47.67093
2024-01-10 08:00:00,pm25,PIIANN,33.99,45.112034
2023-07-04 01:00:00,pm25,PIIANN,72.4375,48.66324
2023-11-06 13:00:00,pm25,PIIANN,29.6025,47.65385
2024-12-07 15:00:00,pm25,PIIANN,22.47,45.13374
2022-04-08 03:00:00,pm25,PIIANN,18.05,42.67702
2023-09-06 10:00:00,pm25,PIIANN,31.7825,45.44031
2024-02-07 07:00:00,pm25,PIIANN,17.400002,43.32695
2021-09-02 02:00:00,pm25,PIIANN,154.68,55.44119
2021-01-09 08:00:00,pm25,PIIANN,19.1,42.990017
2024-01-12 13:00:00,pm25,PIIANN,41.9,50.296745
2025-08-04 16:00:00,pm25,PIIANN,34.07,47.31404
2022-08-09 10:00:00,pm25,PIIANN,8.0999975,44.599014
2022-01-12 00:00:00,pm25,PIIANN,149.47,47.891083
2024-04-04 02:00:00,pm25,PIIANN,20.900002,44.687706
2023-07-04 17:00:00,pm25,PIIANN,50.665,51.887512
2025-06-08 18:00:00,pm25,PIIANN,46.99,47.078754
2025-12-01 10:00:00,pm25,PIIANN,104.22,59.103966
2023-05-05 00:00:00,pm25,PIIANN,14.392501,44.738327
2024-05-07 00:00:00,pm25,PIIANN,32.36,44.816486
2023-03-11 01:00:00,pm25,PIIANN,84.735,48.389687
2022-03-10 14:00:00,pm25,PIIANN,13.549998,43.740124
2023-10-03 10:00:00,pm25,PIIANN,101.545,52.237602
2021-04-12 03:00:00,pm25,PIIANN,71.05,53.446598
2025-11-10 12:00:00,pm25,PIIANN,58.5,50.437508
2021-02-03 04:00:00,pm25,PIIANN,55.15,47.70673
2021-05-05 21:00:00,pm25,PIIANN,13.400001,45.133015
2022-09-03 18:00:00,pm25,PIIANN,44.18,53.5888
2022-12-05 17:00:00,pm25,PIIANN,20.600002,45.771088
2025-12-05 16:00:00,pm25,PIIANN,72.86,51.139587
2021-01-04 15:00:00,pm25,PIIANN,46.92,51.343067
2021-09-05 05:00:00,pm25,PIIANN,10.95,42.51924
2025-08-06 19:00:00,pm25,PIIANN,56.7,49.318645
2021-02-10 12:00:00,pm25,PIIANN,13.979999,48.01796
2023-01-09 14:00:00,pm25,PIIANN,67.5325,49.0496
2022-11-04 20:00:00,pm25,PIIANN,14.420001,43.867165
2021-08-11 01:00:00,pm25,PIIANN,94.62,55.89523
2021-04-09 13:00:00,pm25,PIIANN,38.0,44.905174
2022-03-09 06:00:00,pm25,PIIANN,6.2499995,41.69616
2022-03-10 04:00:00,pm25,PIIANN,27.799997,42.458035
2024-07-06 17:00:00,pm25,PIIANN,31.76,47.99488
2022-08-04 09:00:00,pm25,PIIANN,15.850001,43.51305
2021-12-09 20:00:00,pm25,PIIANN,10.999999,43.883595
2025-04-05 08:00:00,pm25,PIIANN,52.22,46.648087
2022-03-08 14:00:00,pm25,PIIANN,26.100002,44.711185
2023-10-02 11:00:00,pm25,PIIANN,124.3875,59.246696
2025-12-10 00:00:00,pm25,PIIANN,47.41,43.535156
2022-09-07 19:00:00,pm25,PIIANN,24.22,43.63587
2022-11-08 07:00:00,pm25,PIIANN,17.400002,41.97689
2022-11-11 15:00:00,pm25,PIIANN,53.78,50.876785
2023-02-05 14:00:00,pm25,PIIANN,24.927498,49.658356
2024-11-04 21:00:00,pm25,PIIANN,46.13,49.70263
2025-09-02 19:00:00,pm25,PIIANN,75.08,55.20085
2023-09-06 21:00:00,pm25,PIIANN,34.2875,43.621494
2023-11-08 04:00:00,pm25,PIIANN,31.8275,46.37588
2022-03-06 13:00:00,pm25,PIIANN,50.78,46.52638
2024-06-09 15:00:00,pm25,PIIANN,17.030003,46.19603
2022-11-07 11:00:00,pm25,PIIANN,15.350001,43.4633
2021-12-11 19:00:00,pm25,PIIANN,46.85,48.977955
2022-06-05 12:00:00,pm25,PIIANN,33.68,47.169426
2022-10-09 03:00:00,pm25,PIIANN,15.45,43.12413
2025-06-04 13:00:00,pm25,PIIANN,53.57,49.381863
2023-10-08 23:00:00,pm25,PIIANN,62.04,47.76419
2022-02-11 23:00:00,pm25,PIIANN,57.4,47.65904
2023-08-05 14:00:00,pm25,PIIANN,35.4825,47.294445
2021-04-10 00:00:00,pm25,PIIANN,15.7,43.691174
2024-09-05 10:00:00,pm25,PIIANN,14.600001,43.98767
2024-09-12 09:00:00,pm25,PIIANN,61.98,52.839504
2021-11-12 19:00:00,pm25,PIIANN,83.9,59.435425
2024-03-12 13:00:00,pm25,PIIANN,48.0,52.976116
2024-08-02 21:00:00,pm25,PIIANN,69.94,51.19773
2024-06-11 00:00:00,pm25,PIIANN,72.15,45.839935
2021-09-08 14:00:00,pm25,PIIANN,25.1,46.544273
2025-04-09 22:00:00,pm25,PIIANN,31.48,48.698013
2022-07-09 15:00:00,pm25,PIIANN,19.92,48.311176
2021-03-07 14:00:00,pm25,PIIANN,37.65,46.441708
2025-12-08 17:00:00,pm25,PIIANN,38.88,46.03755
2025-07-12 01:00:00,pm25,PIIANN,170.71,61.241383
2024-11-08 19:00:00,pm25,PIIANN,30.42,44.581913
2023-08-10 18:00:00,pm25,PIIANN,34.8025,48.15776
2025-07-06 02:00:00,pm25,PIIANN,39.54,47.660072
2023-12-02 04:00:00,pm25,PIIANN,54.0525,47.90087
2022-02-03 12:00:00,pm25,PIIANN,59.25,54.031567
2021-11-05 03:00:00,pm25,PIIANN,11.999995,42.07367
2023-05-11 17:00:00,pm25,PIIANN,62.0225,51.714775
2023-03-12 10:00:00,pm25,PIIANN,90.74749,52.505013
2025-04-07 10:00:00,pm25,PIIANN,33.24,43.9984
2021-06-09 02:00:00,pm25,PIIANN,5.280002,42.67139
2024-07-03 20:00:00,pm25,PIIANN,72.29,50.756897
2023-02-10 12:00:00,pm25,PIIANN,17.0625,43.465286
2024-07-04 16:00:00,pm25,PIIANN,34.4,48.03077
2022-04-04 05:00:00,pm25,PIIANN,10.299998,41.478573
2021-05-08 20:00:00,pm25,PIIANN,29.3,46.025208
2025-12-02 17:00:00,pm25,PIIANN,66.21,52.03798
2021-02-09 08:00:00,pm25,PIIANN,15.350001,43.19633
2023-08-04 05:00:00,pm25,PIIANN,45.0375,46.331306
2025-12-03 18:00:00,pm25,PIIANN,82.16,51.578804
2022-12-06 20:00:00,pm25,PIIANN,29.620003,44.23305
2021-04-07 07:00:00,pm25,PIIANN,26.12,45.001003
2022-02-02 15:00:00,pm25,PIIANN,54.82,52.644505
2025-11-08 02:00:00,pm25,PIIANN,23.78,43.15447
2025-11-10 04:00:00,pm25,PIIANN,43.86,45.458134
2025-09-10 06:00:00,pm25,PIIANN,48.76,45.369236
2023-10-07 05:00:00,pm25,PIIANN,10.927501,42.089725
2021-11-01 21:00:00,pm25,PIIANN,113.45,57.71976
2024-07-03 13:00:00,pm25,PIIANN,42.13,51.78085
2022-06-09 01:00:00,pm25,PIIANN,29.82,44.02797
2022-08-02 11:00:00,pm25,PIIANN,58.53,51.830097
2022-12-04 21:00:00,pm25,PIIANN,16.100002,43.13524
2021-12-01 23:00:00,pm25,PIIANN,114.4,57.011555
2025-09-05 14:00:00,pm25,PIIANN,62.1,51.0932
2023-04-11 13:00:00,pm25,PIIANN,46.9525,50.129745
2023-03-03 04:00:00,pm25,PIIANN,58.1075,48.81346
2025-03-10 17:00:00,pm25,PIIANN,43.42,44.339222
2022-06-02 02:00:00,pm25,PIIANN,74.5,51.29313
2022-03-02 11:00:00,pm25,PIIANN,33.45,48.70636
2021-01-12 08:00:00,pm25,PIIANN,87.55,52.93207
2025-10-02 21:00:00,pm25,PIIANN,53.78,51.77581
2025-02-11 13:00:00,pm25,PIIANN,34.38,47.072308
2024-05-10 04:00:00,pm25,PIIANN,22.27,43.529167
2024-05-01 11:00:00,pm25,PIIANN,94.76,58.220287
2025-06-05 21:00:00,pm25,PIIANN,47.35,48.570988
2024-06-12 04:00:00,pm25,PIIANN,72.4,52.187424
2023-03-03 11:00:00,pm25,PIIANN,60.601665,53.184242
2022-12-05 03:00:00,pm25,PIIANN,18.7,42.690132
2025-08-13 00:00:00,pm25,PIIANN,213.6281,62.43741
2023-04-12 23:00:00,pm25,PIIANN,78.23333,50.286495
2024-01-12 05:00:00,pm25,PIIANN,47.22,46.54565
2022-09-03 08:00:00,pm25,PIIANN,88.98,54.227325
2023-12-12 11:00:00,pm25,PIIANN,83.61,55.37472
2025-07-03 11:00:00,pm25,PIIANN,23.5,47.500645
2022-11-05 03:00:00,pm25,PIIANN,11.479999,45.919765
2022-03-04 00:00:00,pm25,PIIANN,13.799998,52.699802
2021-07-06 13:00:00,pm25,PIIANN,26.8,47.246643
2023-04-03 12:00:00,pm25,PIIANN,57.5425,52.480988
2023-05-03 02:00:00,pm25,PIIANN,86.66,51.23651
2023-03-07 14:00:00,pm25,PIIANN,18.7725,44.36916
2025-07-05 00:00:00,pm25,PIIANN,43.48,44.80736
2023-06-02 20:00:00,pm25,PIIANN,63.205,55.23975
2025-01-03 04:00:00,pm25,PIIANN,29.38,45.039692
2024-09-02 12:00:00,pm25,PIIANN,52.43,53.277603
2021-06-01 17:00:00,pm25,PIIANN,115.12,62.180424
2024-11-04 22:00:00,pm25,PIIANN,48.48,49.072083
2022-03-09 22:00:00,pm25,PIIANN,20.979998,42.53131
2021-06-07 22:00:00,pm25,PIIANN,41.65,47.73068
2024-02-01 20:00:00,pm25,PIIANN,86.48,55.576458
2023-10-10 10:00:00,pm25,PIIANN,52.855,50.77106
2023-10-02 06:00:00,pm25,PIIANN,131.78,55.161297
2022-01-04 20:00:00,pm25,PIIANN,27.92,44.934998
2024-04-01 22:00:00,pm25,PIIANN,195.52,56.33262
2023-05-12 13:00:00,pm25,PIIANN,31.270002,50.791065
2022-01-10 17:00:00,pm25,PIIANN,37.7,47.999584
2025-02-08 13:00:00,pm25,PIIANN,48.86,46.589134
2025-11-11 20:00:00,pm25,PIIANN,127.58,57.743885
2024-07-04 04:00:00,pm25,PIIANN,27.88,45.06031
2022-06-12 22:00:00,pm25,PIIANN,144.82,58.272125
2023-06-12 02:00:00,pm25,PIIANN,30.035,46.780926
2023-03-12 08:00:00,pm25,PIIANN,79.1375,50.648563
2023-08-03 21:00:00,pm25,PIIANN,62.7175,52.536015
2021-06-08 21:00:00,pm25,PIIANN,45.05,46.78536
2021-03-03 22:00:00,pm25,PIIANN,104.98,52.53751
2025-09-06 20:00:00,pm25,PIIANN,54.07,50.232166
2025-05-08 19:00:00,pm25,PIIANN,45.11,47.11699
2023-06-10 05:00:00,pm25,PIIANN,22.532497,46.083004
2022-02-10 18:00:00,pm25,PIIANN,22.8,44.639767
2022-06-03 17:00:00,pm25,PIIANN,46.12,51.604603
2023-08-09 21:00:00,pm25,PIIANN,20.755,43.931194
2024-10-12 04:00:00,pm25,PIIANN,68.61,50.413044
2024-02-08 12:00:00,pm25,PIIANN,9.400001,43.126842
2025-03-09 11:00:00,pm25,PIIANN,17.740002,46.689167
2023-08-10 15:00:00,pm25,PIIANN,38.7875,49.20268
2021-02-02 09:00:00,pm25,PIIANN,197.15,63.41709
2021-01-06 03:00:00,pm25,PIIANN,20.83,42.510166
2025-03-07 11:00:00,pm25,PIIANN,22.439999,43.93094
2021-04-07 04:00:00,pm25,PIIANN,31.349998,44.25081
2025-04-06 11:00:00,pm25,PIIANN,39.62,48.766903
2023-07-07 12:00:00,pm25,PIIANN,8.737494,42.608402
2025-12-03 03:00:00,pm25,PIIANN,57.08,47.59139
2024-05-10 06:00:00,pm25,PIIANN,30.71,43.922855
2022-09-07 21:00:00,pm25,PIIANN,18.8,43.07103
2023-03-04 16:00:00,pm25,PIIANN,30.175,48.36426
2023-09-04 05:00:00,pm25,PIIANN,41.62,45.6917
2021-11-07 18:00:00,pm25,PIIANN,9.279998,43.737457
2021-11-10 23:00:00,pm25,PIIANN,119.48,57.4436
2025-02-01 23:00:00,pm25,PIIANN,82.0,51.103996
2023-04-05 11:00:00,pm25,PIIANN,19.329998,47.931656
2024-01-11 05:00:00,pm25,PIIANN,51.16,46.59697
2021-03-05 01:00:00,pm25,PIIANN,20.88,45.868538
2024-05-02 03:00:00,pm25,PIIANN,82.04,51.36281
2021-10-05 08:00:00,pm25,PIIANN,15.249999,43.90243
2021-08-05 15:00:00,pm25,PIIANN,28.72,47.037342
2025-08-07 16:00:00,pm25,PIIANN,21.749998,45.492195
2021-09-10 13:00:00,pm25,PIIANN,104.78,57.525764
2023-07-09 08:00:00,pm25,PIIANN,9.1449995,42.543537
2025-03-03 12:00:00,pm25,PIIANN,29.43,48.82799
2024-01-12 00:00:00,pm25,PIIANN,53.49,52.996433
2021-08-01 16:00:00,pm25,PIIANN,63.25,60.15815
2022-01-11 20:00:00,pm25,PIIANN,59.58,49.060143
2023-07-12 12:00:00,pm25,PIIANN,20.3025,46.241795
2024-11-08 14:00:00,pm25,PIIANN,26.6,44.456676
2023-12-07 12:00:00,pm25,PIIANN,7.9550014,42.872154
2023-10-03 01:00:00,pm25,PIIANN,69.52,50.24089
2025-07-09 12:00:00,pm25,PIIANN,33.18,49.857006
2023-01-02 08:00:00,pm25,PIIANN,59.4125,54.917297
2025-05-05 10:00:00,pm25,PIIANN,35.96,46.73688
2025-07-11 14:00:00,pm25,PIIANN,100.54,58.83822
2023-11-09 14:00:00,pm25,PIIANN,16.1675,44.62331
2021-09-09 04:00:00,pm25,PIIANN,17.5,42.079254
2023-05-01 12:00:00,pm25,PIIANN,121.37,56.80291
2023-02-09 04:00:00,pm25,PIIANN,62.245,46.39344
2024-10-02 08:00:00,pm25,PIIANN,101.08,52.09694
2022-03-06 12:00:00,pm25,PIIANN,45.1,46.39196
2025-08-11 02:00:00,pm25,PIIANN,84.31,53.10055
2023-04-05 22:00:00,pm25,PIIANN,18.77,45.69975
2023-07-01 19:00:00,pm25,PIIANN,147.6375,56.138527
2025-07-05 01:00:00,pm25,PIIANN,42.31,45.814285
2024-06-11 13:00:00,pm25,PIIANN,25.440002,51.31284
2025-05-11 18:00:00,pm25,PIIANN,105.08,60.231586
2023-12-12 08:00:00,pm25,PIIANN,86.875,53.209038
2023-11-03 00:00:00,pm25,PIIANN,91.8375,49.7778
2023-02-02 20:00:00,pm25,PIIANN,77.2025,51.545475
2023-03-04 01:00:00,pm25,PIIANN,28.88,42.85647
2021-04-11 19:00:00,pm25,PIIANN,89.7,55.895924
2023-12-10 09:00:00,pm25,PIIANN,58.1675,51.036205
2023-09-07 15:00:00,pm25,PIIANN,23.975,44.7692
2021-12-11 03:00:00,pm25,PIIANN,72.5,53.531975
2021-07-06 17:00:00,pm25,PIIANN,22.95,45.400845
2024-04-03 08:00:00,pm25,PIIANN,70.08,50.224323
2023-11-04 17:00:00,pm25,PIIANN,66.57333,53.04201
2023-03-11 22:00:00,pm25,PIIANN,72.445,51.10631
2023-05-07 01:00:00,pm25,PIIANN,10.314998,42.622772
2024-04-12 12:00:00,pm25,PIIANN,72.05,56.335495
2024-09-10 15:00:00,pm25,PIIANN,39.09625,47.95821
2025-09-03 18:00:00,pm25,PIIANN,63.13,52.046772
2023-10-07 14:00:00,pm25,PIIANN,25.7425,44.624554
2022-07-06 08:00:00,pm25,PIIANN,27.22,45.273724
2022-03-04 07:00:00,pm25,PIIANN,13.5199995,42.891758
2025-04-10 15:00:00,pm25,PIIANN,38.46,46.440277
2024-08-01 13:00:00,pm25,PIIANN,99.15,59.52612
2021-08-05 18:00:00,pm25,PIIANN,25.42,46.660904
2024-03-04 15:00:00,pm25,PIIANN,53.02,51.634964
2024-03-09 20:00:00,pm25,PIIANN,12.339999,43.856487
2025-09-06 13:00:00,pm25,PIIANN,75.41,51.01928
2023-08-01 22:00:00,pm25,PIIANN,168.7575,60.743374
2024-12-05 05:00:00,pm25,PIIANN,14.63,42.735867
2023-08-11 08:00:00,pm25,PIIANN,85.21,54.7469
2021-02-04 10:00:00,pm25,PIIANN,38.1,49.12676
2025-01-10 02:00:00,pm25,PIIANN,35.77,45.927227
2022-10-01 11:00:00,pm25,PIIANN,87.85,57.549553
2021-05-07 17:00:00,pm25,PIIANN,23.85,46.576035
2025-08-08 00:00:00,pm25,PIIANN,32.39,44.432453
2025-10-05 10:00:00,pm25,PIIANN,52.81,50.12992
2023-03-05 12:00:00,pm25,PIIANN,25.4425,47.702946
2022-04-11 09:00:00,pm25,PIIANN,72.15,51.021004
2024-12-10 22:00:00,pm25,PIIANN,32.35,44.098373
2022-09-04 13:00:00,pm25,PIIANN,26.05,43.80093
2024-12-09 10:00:00,pm25,PIIANN,30.800001,45.802547
2023-11-07 17:00:00,pm25,PIIANN,9.9975,43.283512
2022-11-11 00:00:00,pm25,PIIANN,84.22,41.30206
2024-03-10 19:00:00,pm25,PIIANN,39.15,47.751118
2024-07-02 11:00:00,pm25,PIIANN,54.33,55.79304
2024-08-01 09:00:00,pm25,PIIANN,104.11,57.9668
2022-06-01 20:00:00,pm25,PIIANN,138.52,63.672283
2025-01-01 17:00:00,pm25,PIIANN,45.59,50.721195
2025-12-05 12:00:00,pm25,PIIANN,96.34,51.145836
2022-09-05 19:00:00,pm25,PIIANN,9.569999,44.220867
2022-05-08 05:00:00,pm25,PIIANN,10.920001,42.609104
2022-04-08 19:00:00,pm25,PIIANN,13.319999,43.607056
2024-02-13 02:00:00,pm25,PIIANN,81.461494,51.10446
2022-05-11 15:00:00,pm25,PIIANN,28.4,54.817818
2023-01-03 02:00:00,pm25,PIIANN,54.0125,48.39458
2021-12-01 13:00:00,pm25,PIIANN,96.08,58.140724
2025-12-04 15:00:00,pm25,PIIANN,42.17,46.888226
2024-02-09 07:00:00,pm25,PIIANN,10.38,41.8654
2025-09-08 01:00:00,pm25,PIIANN,28.490002,45.20645
2022-05-03 17:00:00,pm25,PIIANN,67.9,55.61324
2023-10-06 04:00:00,pm25,PIIANN,21.36,43.165607
2023-12-02 17:00:00,pm25,PIIANN,45.6325,50.39078
2023-01-12 21:00:00,pm25,PIIANN,57.975,46.911434
2025-04-05 16:00:00,pm25,PIIANN,40.63,48.81238
2022-02-10 14:00:00,pm25,PIIANN,28.7,45.582237
2023-06-08 17:00:00,pm25,PIIANN,15.81,46.26772
2025-07-10 09:00:00,pm25,PIIANN,54.45,47.542152
2023-06-06 01:00:00,pm25,PIIANN,35.5075,47.698345
2023-03-06 15:00:00,pm25,PIIANN,51.1575,47.984272
2021-04-01 12:00:00,pm25,PIIANN,104.43,61.93715
2021-12-09 00:00:00,pm25,PIIANN,6.979999,44.833523
2021-12-05 02:00:00,pm25,PIIANN,15.249999,42.085667
2022-07-06 05:00:00,pm25,PIIANN,26.2,44.576115
2024-05-10 20:00:00,pm25,PIIANN,24.799997,45.201836
2025-12-07 19:00:00,pm25,PIIANN,38.83,46.111496
2025-10-10 17:00:00,pm25,PIIANN,44.83,48.05741
2021-12-06 11:00:00,pm25,PIIANN,22.02,45.066704
2021-05-05 10:00:00,pm25,PIIANN,22.6,45.573067
2023-07-07 06:00:00,pm25,PIIANN,6.7449946,39.134888
2024-01-01 12:00:00,pm25,PIIANN,93.68,55.833473
2025-03-03 20:00:00,pm25,PIIANN,35.47,47.428364
2021-06-02 13:00:00,pm25,PIIANN,42.1,61.61132
2023-06-04 23:00:00,pm25,PIIANN,85.94334,48.980976
2022-02-10 12:00:00,pm25,PIIANN,32.3,45.352062
2025-07-04 14:00:00,pm25,PIIANN,35.05,48.011433
2025-02-06 18:00:00,pm25,PIIANN,72.97,49.802876
2025-06-07 14:00:00,pm25,PIIANN,31.23,45.86749
2025-06-04 19:00:00,pm25,PIIANN,43.34,48.568657
2025-07-05 23:00:00,pm25,PIIANN,48.84,47.34222
2025-05-11 08:00:00,pm25,PIIANN,155.69,59.75928
2021-01-10 22:00:00,pm25,PIIANN,19.52,47.41982
2023-06-02 21:00:00,pm25,PIIANN,65.2,54.60419
2023-04-04 14:00:00,pm25,PIIANN,37.87,47.197094
2025-11-03 12:00:00,pm25,PIIANN,59.21,52.681675
2025-08-12 10:00:00,pm25,PIIANN,131.41,60.85201
2025-01-05 18:00:00,pm25,PIIANN,38.72,48.08985
2024-04-05 23:00:00,pm25,PIIANN,15.839999,44.04763
2024-06-09 05:00:00,pm25,PIIANN,21.560001,43.532627
2023-07-02 08:00:00,pm25,PIIANN,55.565,50.05178
2025-01-04 23:00:00,pm25,PIIANN,42.82,45.6722
2024-04-08 03:00:00,pm25,PIIANN,19.37,42.12827
2021-08-13 01:00:00,pm25,PIIANN,56.431072,48.86032
2023-05-04 11:00:00,pm25,PIIANN,31.19,46.006653
2025-08-12 21:00:00,pm25,PIIANN,171.7,62.49026
2024-03-06 08:00:00,pm25,PIIANN,24.67,44.26804
2025-12-05 14:00:00,pm25,PIIANN,76.15,51.895954
2021-07-04 14:00:00,pm25,PIIANN,32.5,50.35643
2025-08-10 23:00:00,pm25,PIIANN,48.06,45.757248
2021-04-01 17:00:00,pm25,PIIANN,84.42,59.943787
2022-10-03 18:00:00,pm25,PIIANN,45.3,54.852467
2022-05-06 23:00:00,pm25,PIIANN,25.93,45.003788
2021-12-08 21:00:00,pm25,PIIANN,55.48,44.236954
2024-10-04 23:00:00,pm25,PIIANN,72.27,49.38206
2024-11-10 03:00:00,pm25,PIIANN,12.819999,42.4327
2023-11-08 21:00:00,pm25,PIIANN,42.075,44.081585
2022-12-04 16:00:00,pm25,PIIANN,27.279999,44.763073
2025-07-02 14:00:00,pm25,PIIANN,49.49,55.046707
2023-08-06 21:00:00,pm25,PIIANN,27.9875,46.311024
2023-05-11 01:00:00,pm25,PIIANN,68.1525,47.204784
2024-09-07 06:00:00,pm25,PIIANN,13.420001,42.74376
2023-02-01 11:00:00,pm25,PIIANN,80.615,54.644146
2024-06-12 06:00:00,pm25,PIIANN,69.28,52.52897
2023-11-08 14:00:00,pm25,PIIANN,42.35,46.8581
2021-03-07 00:00:00,pm25,PIIANN,36.0,42.794434
2021-06-09 20:00:00,pm25,PIIANN,7.600002,42.611927
2024-02-02 19:00:00,pm25,PIIANN,71.285,50.191162
2024-06-11 16:00:00,pm25,PIIANN,30.1,49.901623
2025-11-03 05:00:00,pm25,PIIANN,64.43,48.400078
2025-01-07 05:00:00,pm25,PIIANN,25.09,42.85401
2023-03-03 17:00:00,pm25,PIIANN,34.055,51.741676
2024-01-09 10:00:00,pm25,PIIANN,9.589999,43.771152
2025-10-11 05:00:00,pm25,PIIANN,123.13,55.29758
2023-08-12 07:00:00,pm25,PIIANN,7.485,43.535347
2025-02-08 05:00:00,pm25,PIIANN,29.09,43.82495
2024-11-09 07:00:00,pm25,PIIANN,11.959998,42.007885
2021-04-01 10:00:00,pm25,PIIANN,138.98,62.574608
2025-05-07 22:00:00,pm25,PIIANN,30.46,45.629784
2022-11-12 18:00:00,pm25,PIIANN,116.09,59.302303
2022-06-12 17:00:00,pm25,PIIANN,78.15,57.97683
2023-10-10 06:00:00,pm25,PIIANN,59.91,48.26152
2022-07-09 10:00:00,pm25,PIIANN,30.67,47.64046
2022-04-08 05:00:00,pm25,PIIANN,17.100002,43.762318
2021-03-04 14:00:00,pm25,PIIANN,26.28,50.99004
2025-11-03 09:00:00,pm25,PIIANN,59.73,50.596695
2025-10-01 10:00:00,pm25,PIIANN,81.2,53.838696
2022-12-02 09:00:00,pm25,PIIANN,72.7,52.927776
2022-09-09 05:00:00,pm25,PIIANN,29.65,43.611454
2025-04-12 10:00:00,pm25,PIIANN,130.9,61.990456
2022-08-04 08:00:00,pm25,PIIANN,13.900001,43.430527
2024-11-12 09:00:00,pm25,PIIANN,94.24,52.44665
2022-11-03 08:00:00,pm25,PIIANN,97.35,53.666733
2023-06-10 04:00:00,pm25,PIIANN,30.475,45.579983
2025-03-06 02:00:00,pm25,PIIANN,59.72,48.276424
2025-12-06 20:00:00,pm25,PIIANN,32.35,45.84052
2021-12-07 22:00:00,pm25,PIIANN,10.119998,41.858486
2024-01-11 13:00:00,pm25,PIIANN,52.19,50.718
2023-07-12 14:00:00,pm25,PIIANN,22.9075,45.786636
2024-01-04 13:00:00,pm25,PIIANN,32.04,49.32434
2022-10-08 23:00:00,pm25,PIIANN,11.399997,43.1262
2021-04-10 12:00:00,pm25,PIIANN,29.983332,52.435234
2023-06-08 12:00:00,pm25,PIIANN,23.8425,45.330223
2023-01-05 21:00:00,pm25,PIIANN,26.5575,46.135326
2023-06-03 13:00:00,pm25,PIIANN,65.1775,53.88154
2021-09-07 12:00:00,pm25,PIIANN,29.85,47.333614
2023-11-08 03:00:00,pm25,PIIANN,35.665,45.780067
2024-07-01 10:00:00,pm25,PIIANN,111.84,58.817863
2023-04-11 02:00:00,pm25,PIIANN,53.6925,47.78687
2025-06-06 13:00:00,pm25,PIIANN,46.88,50.709858
2022-07-07 03:00:00,pm25,PIIANN,14.580001,42.929585
2022-01-04 02:00:00,pm25,PIIANN,11.2,43.036976
2025-11-02 00:00:00,pm25,PIIANN,51.31,58.101048
2022-06-10 02:00:00,pm25,PIIANN,13.45,42.443768
2022-03-01 20:00:00,pm25,PIIANN,59.72,57.02242
2023-06-06 02:00:00,pm25,PIIANN,32.3275,47.045643
2024-07-07 05:00:00,pm25,PIIANN,10.799998,42.22894
2025-03-09 23:00:00,pm25,PIIANN,16.830002,48.38177
2022-02-05 19:00:00,pm25,PIIANN,26.02,45.064243
2024-08-10 11:00:00,pm25,PIIANN,20.89,46.135174
2024-10-06 14:00:00,pm25,PIIANN,32.9,47.22778
2024-10-08 18:00:00,pm25,PIIANN,24.7,43.997597
2022-07-12 03:00:00,pm25,PIIANN,127.14,55.93086
2023-01-06 20:00:00,pm25,PIIANN,51.055,49.06675
2022-05-12 15:00:00,pm25,PIIANN,76.04,58.969025
2023-06-04 21:00:00,pm25,PIIANN,96.29,51.452503
2025-05-06 18:00:00,pm25,PIIANN,40.4,48.91833
2022-01-03 17:00:00,pm25,PIIANN,36.83,53.584248
2025-05-04 12:00:00,pm25,PIIANN,55.06,50.350014
2024-11-12 23:00:00,pm25,PIIANN,115.33,53.25158
2023-08-05 03:00:00,pm25,PIIANN,19.5025,43.27336
2025-09-12 18:00:00,pm25,PIIANN,122.1,62.56841
2023-11-06 21:00:00,pm25,PIIANN,31.555,46.663445
2021-09-04 12:00:00,pm25,PIIANN,37.7,48.89581
2021-02-05 07:00:00,pm25,PIIANN,30.48,44.186646
2023-01-08 18:00:00,pm25,PIIANN,21.44,46.166
2024-08-12 14:00:00,pm25,PIIANN,49.48,54.23997
2022-02-04 08:00:00,pm25,PIIANN,14.499999,43.608234
2024-02-03 18:00:00,pm25,PIIANN,72.31,51.92729
2021-08-08 13:00:00,pm25,PIIANN,18.23,45.94158
2025-08-03 22:00:00,pm25,PIIANN,66.78,52.453667
2025-08-01 09:00:00,pm25,PIIANN,72.74,52.68226
2025-06-12 02:00:00,pm25,PIIANN,94.33,54.45035
2022-08-10 04:00:00,pm25,PIIANN,20.72,44.442394
2023-05-11 02:00:00,pm25,PIIANN,66.2675,46.55671
2023-05-10 08:00:00,pm25,PIIANN,26.987497,44.255905
2022-07-11 08:00:00,pm25,PIIANN,75.6,50.053295
2021-07-04 10:00:00,pm25,PIIANN,31.7,48.920467
2023-05-10 00:00:00,pm25,PIIANN,17.940002,43.09003
2023-04-05 09:00:00,pm25,PIIANN,19.4175,47.01528
2021-11-12 11:00:00,pm25,PIIANN,97.2,60.32133
2025-10-09 05:00:00,pm25,PIIANN,31.92,43.87964
2023-07-04 00:00:00,pm25,PIIANN,78.86,50.41113
2023-10-10 20:00:00,pm25,PIIANN,72.5725,51.86484
2021-02-06 10:00:00,pm25,PIIANN,14.499999,44.833862
2025-02-07 03:00:00,pm25,PIIANN,30.56,43.510807
2024-03-08 21:00:00,pm25,PIIANN,23.539999,42.90174
2025-05-09 02:00:00,pm25,PIIANN,29.64,51.047966
2023-09-12 15:00:00,pm25,PIIANN,40.6375,50.150867
2025-09-11 05:00:00,pm25,PIIANN,88.73,52.34351
2023-01-09 00:00:00,pm25,PIIANN,55.575,41.610058
2022-10-10 18:00:00,pm25,PIIANN,18.7,43.54799
2021-03-06 15:00:00,pm25,PIIANN,40.72,45.806866
2025-08-03 23:00:00,pm25,PIIANN,59.97,51.61395
2023-08-01 09:00:00,pm25,PIIANN,150.2625,59.116627
2023-05-02 01:00:00,pm25,PIIANN,110.385,55.963097
2021-04-10 21:00:00,pm25,PIIANN,38.92,51.092293
2022-03-12 03:00:00,pm25,PIIANN,152.88,56.542248
2022-08-02 23:00:00,pm25,PIIANN,87.2,51.841957
2021-07-02 08:00:00,pm25,PIIANN,46.45,53.110043
2023-10-11 19:00:00,pm25,PIIANN,91.7125,60.540245
2022-12-06 03:00:00,pm25,PIIANN,24.05,43.742687
2022-08-03 05:00:00,pm25,PIIANN,85.15,53.090435
2023-09-12 09:00:00,pm25,PIIANN,49.995,48.28238
2021-04-13 00:00:00,pm25,PIIANN,64.83691,50.441895
2023-07-07 00:00:00,pm25,PIIANN,12.572501,45.700848
2024-01-01 20:00:00,pm25,PIIANN,107.329994,55.30005
2022-11-09 22:00:00,pm25,PIIANN,11.299998,41.40653
2025-09-08 23:00:00,pm25,PIIANN,23.61,43.963787
2021-06-08 05:00:00,pm25,PIIANN,53.58,44.64949
2023-06-04 10:00:00,pm25,PIIANN,64.84,49.23872
2025-12-06 23:00:00,pm25,PIIANN,32.91,45.128838
2024-07-03 21:00:00,pm25,PIIANN,69.69,50.38076
2025-12-11 15:00:00,pm25,PIIANN,92.78,58.448627
2023-05-01 20:00:00,pm25,PIIANN,137.795,55.01931
2021-11-06 11:00:00,pm25,PIIANN,19.42,46.422245
2025-10-10 14:00:00,pm25,PIIANN,59.42,50.637814
2021-12-03 03:00:00,pm25,PIIANN,19.5,45.47115
2025-05-02 21:00:00,pm25,PIIANN,149.8,58.06914
2022-11-03 14:00:00,pm25,PIIANN,50.9,55.281662
2022-02-04 13:00:00,pm25,PIIANN,18.600002,45.49972
2025-09-12 19:00:00,pm25,PIIANN,159.48,63.62438
2024-04-08 07:00:00,pm25,PIIANN,25.02,42.58149
2025-12-11 12:00:00,pm25,PIIANN,111.706665,59.4118
2021-10-08 03:00:00,pm25,PIIANN,25.75,43.776478
2022-02-07 07:00:00,pm25,PIIANN,21.22,43.32717
2021-04-04 23:00:00,pm25,PIIANN,29.45,50.031433
2021-02-05 08:00:00,pm25,PIIANN,31.12,44.740467
2024-06-03 14:00:00,pm25,PIIANN,45.34,51.748665
2023-07-04 03:00:00,pm25,PIIANN,52.635,48.178963
2021-01-04 09:00:00,pm25,PIIANN,56.62,49.699966
2025-04-07 20:00:00,pm25,PIIANN,34.44,45.54646
2021-10-09 18:00:00,pm25,PIIANN,15.999999,48.72374
2025-12-11 06:00:00,pm25,PIIANN,137.7,57.520588
2024-03-07 14:00:00,pm25,PIIANN,25.39,44.002758
2022-08-09 05:00:00,pm25,PIIANN,7.4200015,43.118168
2024-05-03 09:00:00,pm25,PIIANN,45.08,48.382973
2022-06-11 09:00:00,pm25,PIIANN,74.97,52.137436
2025-09-01 12:00:00,pm25,PIIANN,55.73,52.451157
2024-03-09 11:00:00,pm25,PIIANN,14.72,44.836857
2024-04-02 00:00:00,pm25,PIIANN,77.96,56.77091
2023-08-05 13:00:00,pm25,PIIANN,34.56,47.280674
2024-11-11 05:00:00,pm25,PIIANN,46.86,45.416016
2021-02-06 17:00:00,pm25,PIIANN,29.12,45.004047
2023-01-06 12:00:00,pm25,PIIANN,35.7175,47.985218
2023-08-12 03:00:00,pm25,PIIANN,13.897498,44.27981
2021-04-12 07:00:00,pm25,PIIANN,66.53,52.281338
2022-11-02 02:00:00,pm25,PIIANN,106.52,53.444725
2023-05-01 17:00:00,pm25,PIIANN,114.49,56.295074
2025-05-07 13:00:00,pm25,PIIANN,35.88,45.722195
2023-06-08 14:00:00,pm25,PIIANN,24.5225,45.304897
2022-11-07 23:00:00,pm25,PIIANN,15.249999,43.241894
2024-02-09 16:00:00,pm25,PIIANN,9.819999,44.612583
2022-10-11 13:00:00,pm25,PIIANN,35.58,52.662624
2024-02-03 22:00:00,pm25,PIIANN,75.56,49.96386
2021-09-05 22:00:00,pm25,PIIANN,14.600001,43.17307
2022-03-04 20:00:00,pm25,PIIANN,17.080002,43.92106
2022-04-05 18:00:00,pm25,PIIANN,18.55,46.903847
2023-11-04 11:00:00,pm25,PIIANN,66.21,51.745586
2023-04-02 08:00:00,pm25,PIIANN,168.0875,58.432938
2024-05-03 18:00:00,pm25,PIIANN,45.88,50.043083
2022-01-07 04:00:00,pm25,PIIANN,21.449999,42.314793
2024-07-11 07:00:00,pm25,PIIANN,57.38,46.60979
2021-11-07 09:00:00,pm25,PIIANN,16.75,44.535313
2023-10-06 06:00:00,pm25,PIIANN,26.275,44.547836
2023-02-03 21:00:00,pm25,PIIANN,108.56,53.308792
2022-02-10 10:00:00,pm25,PIIANN,32.25,45.510143
2023-04-06 19:00:00,pm25,PIIANN,43.46,47.69349
2025-08-07 06:00:00,pm25,PIIANN,19.04,39.066776
2023-10-11 17:00:00,pm25,PIIANN,82.64,59.312126
2022-09-02 17:00:00,pm25,PIIANN,56.28,54.802708
2023-09-04 07:00:00,pm25,PIIANN,48.4025,46.21739
2022-06-10 14:00:00,pm25,PIIANN,11.049998,43.2722
2022-08-11 21:00:00,pm25,PIIANN,77.95,51.974857
2025-12-06 11:00:00,pm25,PIIANN,28.58,46.89193
2023-05-11 22:00:00,pm25,PIIANN,58.54,50.295406
2025-12-09 03:00:00,pm25,PIIANN,26.540003,43.48547
2024-04-04 05:00:00,pm25,PIIANN,19.53,45.72826
2025-04-11 07:00:00,pm25,PIIANN,118.9,54.62624
2024-02-06 09:00:00,pm25,PIIANN,32.45,43.83877
2022-02-04 14:00:00,pm25,PIIANN,20.5,45.560642
2022-10-11 06:00:00,pm25,PIIANN,84.5,53.324997
2022-12-02 06:00:00,pm25,PIIANN,66.53,51.59
2025-01-05 21:00:00,pm25,PIIANN,27.31,46.796646
2022-11-05 18:00:00,pm25,PIIANN,17.970001,46.311863
2021-12-06 17:00:00,pm25,PIIANN,19.62,45.21401
2022-07-01 19:00:00,pm25,PIIANN,98.5,61.5573
2024-03-02 11:00:00,pm25,PIIANN,64.86,51.295708
2021-01-04 13:00:00,pm25,PIIANN,39.3,50.78646
2024-07-09 23:00:00,pm25,PIIANN,20.74,44.25083
2024-01-05 08:00:00,pm25,PIIANN,36.1,46.245872
2024-04-03 18:00:00,pm25,PIIANN,41.98,50.487175
2022-02-03 03:00:00,pm25,PIIANN,109.5,50.3761
2021-01-12 23:00:00,pm25,PIIANN,104.799995,52.33932
2021-04-08 18:00:00,pm25,PIIANN,31.28,47.831306
2024-07-04 10:00:00,pm25,PIIANN,21.86,47.400696
2025-07-02 12:00:00,pm25,PIIANN,51.96,54.97567
2023-03-02 05:00:00,pm25,PIIANN,91.55,50.360214
2025-06-04 07:00:00,pm25,PIIANN,45.5,46.21377
2022-06-04 12:00:00,pm25,PIIANN,8.95,44.54967
2024-01-04 02:00:00,pm25,PIIANN,32.08,44.445343
2025-01-03 02:00:00,pm25,PIIANN,38.23,46.5705
2024-02-02 20:00:00,pm25,PIIANN,32.88,49.967224
2025-05-08 10:00:00,pm25,PIIANN,32.94,45.752956
2023-12-08 21:00:00,pm25,PIIANN,24.84,42.58101
2022-04-07 19:00:00,pm25,PIIANN,18.0,43.010345
2021-12-04 15:00:00,pm25,PIIANN,26.88,50.11328
2024-10-04 04:00:00,pm25,PIIANN,45.21,46.375336
2024-11-07 05:00:00,pm25,PIIANN,17.64,42.68147
2022-09-12 15:00:00,pm25,PIIANN,106.26,61.695755
2025-09-11 09:00:00,pm25,PIIANN,106.88,54.43127
2023-07-08 08:00:00,pm25,PIIANN,14.944999,43.043655
2023-11-11 01:00:00,pm25,PIIANN,153.745,55.735077
2024-10-05 01:00:00,pm25,PIIANN,14.339999,45.548466
2025-02-12 18:00:00,pm25,PIIANN,105.54,58.713623
2023-02-12 13:00:00,pm25,PIIANN,46.935,51.34002
2023-03-09 08:00:00,pm25,PIIANN,57.3125,46.54479
2021-05-11 06:00:00,pm25,PIIANN,144.65,58.924232
2023-11-10 10:00:00,pm25,PIIANN,62.365,52.975338
2025-02-07 11:00:00,pm25,PIIANN,23.27,44.888443
2025-02-04 22:00:00,pm25,PIIANN,42.1,45.657673
2025-05-04 00:00:00,pm25,PIIANN,70.17,45.475662
2025-01-07 04:00:00,pm25,PIIANN,26.22,42.940044
2025-11-12 02:00:00,pm25,PIIANN,191.44,64.87849
2024-08-03 22:00:00,pm25,PIIANN,90.4,51.288223
2022-11-05 08:00:00,pm25,PIIANN,14.799998,46.073082
2025-05-10 01:00:00,pm25,PIIANN,38.72,45.516956
2024-03-07 13:00:00,pm25,PIIANN,24.799997,43.97607
2023-12-06 00:00:00,pm25,PIIANN,28.6825,42.81807
2021-03-11 16:00:00,pm25,PIIANN,52.12,52.779896
2023-08-03 20:00:00,pm25,PIIANN,60.4375,53.021893
2023-12-03 05:00:00,pm25,PIIANN,104.375,50.251045
2022-06-10 22:00:00,pm25,PIIANN,12.600001,42.654232
2021-08-12 09:00:00,pm25,PIIANN,55.45,48.84297
2021-10-01 17:00:00,pm25,PIIANN,56.42,57.240738
2021-06-07 08:00:00,pm25,PIIANN,42.32,47.430042
2023-04-08 20:00:00,pm25,PIIANN,23.7575,44.084255
2022-05-02 21:00:00,pm25,PIIANN,108.18,49.414085
2025-10-04 11:00:00,pm25,PIIANN,29.840002,46.36269
2025-11-05 06:00:00,pm25,PIIANN,46.97,47.247208
2025-05-11 02:00:00,pm25,PIIANN,164.47,56.603054
2024-04-02 22:00:00,pm25,PIIANN,144.65,54.802193
2023-04-05 05:00:00,pm25,PIIANN,19.155,44.402466
2024-03-07 22:00:00,pm25,PIIANN,14.429999,42.652184
2023-12-10 02:00:00,pm25,PIIANN,96.2375,50.109177
2025-09-08 03:00:00,pm25,PIIANN,26.58,44.20992
2024-03-05 19:00:00,pm25,PIIANN,45.98,49.057392
2025-12-11 04:00:00,pm25,PIIANN,135.77,56.997078
2023-04-07 14:00:00,pm25,PIIANN,15.685,44.41202
2023-12-08 11:00:00,pm25,PIIANN,25.2,42.41609
2025-05-05 07:00:00,pm25,PIIANN,36.51,45.970367
2024-04-12 11:00:00,pm25,PIIANN,76.73,56.010468
2024-12-08 01:00:00,pm25,PIIANN,26.9,42.880905
2021-01-04 11:00:00,pm25,PIIANN,49.833332,50.878178
2021-05-03 04:00:00,pm25,PIIANN,53.35,51.752808
2024-08-05 08:00:00,pm25,PIIANN,10.229999,44.597153
2021-08-07 00:00:00,pm25,PIIANN,33.8,45.350086
2023-06-08 09:00:00,pm25,PIIANN,27.56,45.60509
2021-11-02 17:00:00,pm25,PIIANN,57.1,50.3557
2023-06-11 03:00:00,pm25,PIIANN,69.2175,48.47548
2025-04-02 17:00:00,pm25,PIIANN,61.84,52.553654
2024-09-06 05:00:00,pm25,PIIANN,27.139997,42.8466
2021-03-09 05:00:00,pm25,PIIANN,20.8,42.692894
2022-05-04 20:00:00,pm25,PIIANN,12.749999,44.206043
2024-05-01 13:00:00,pm25,PIIANN,80.29,58.347153
2021-03-05 17:00:00,pm25,PIIANN,39.09625,45.501045
2023-11-01 16:00:00,pm25,PIIANN,82.9925,59.400948
2025-06-11 10:00:00,pm25,PIIANN,107.72,59.05042
2024-11-01 22:00:00,pm25,PIIANN,108.0,55.046555
2022-09-11 15:00:00,pm25,PIIANN,51.45,53.199554
2023-04-11 18:00:00,pm25,PIIANN,51.79,49.805656
2021-02-02 12:00:00,pm25,PIIANN,114.6,62.339714
2021-04-12 04:00:00,pm25,PIIANN,65.3,53.154934
2021-12-02 10:00:00,pm25,PIIANN,111.38,54.41841
2021-07-09 15:00:00,pm25,PIIANN,11.120002,43.178238
2025-03-08 06:00:00,pm25,PIIANN,46.04,44.61518
2024-08-04 18:00:00,pm25,PIIANN,33.3,47.03199
2022-02-09 23:00:00,pm25,PIIANN,13.2,42.136444
2023-12-03 02:00:00,pm25,PIIANN,100.9975,50.636196
2025-01-10 16:00:00,pm25,PIIANN,33.72,46.69197
2022-01-12 07:00:00,pm25,PIIANN,92.17,52.589497
2021-07-04 06:00:00,pm25,PIIANN,24.35,46.644608
2025-07-10 22:00:00,pm25,PIIANN,44.0,47.28938
2024-06-02 15:00:00,pm25,PIIANN,39.09625,52.674572
2023-11-05 20:00:00,pm25,PIIANN,39.09625,45.599686
2022-10-08 20:00:00,pm25,PIIANN,13.72,43.504894
2025-04-02 19:00:00,pm25,PIIANN,86.68,53.17327
2022-06-03 12:00:00,pm25,PIIANN,58.18,55.167694
2021-03-09 02:00:00,pm25,PIIANN,21.88,42.54983
2023-08-12 17:00:00,pm25,PIIANN,26.72,45.140015
2025-03-12 19:00:00,pm25,PIIANN,126.8,57.86167
2021-06-03 23:00:00,pm25,PIIANN,71.78,50.240128
2021-12-10 17:00:00,pm25,PIIANN,99.38,58.261475
2022-10-05 06:00:00,pm25,PIIANN,6.43,43.797276
2021-06-09 13:00:00,pm25,PIIANN,11.120002,43.618423
2021-09-06 00:00:00,pm25,PIIANN,23.45,43.0627
2023-03-11 07:00:00,pm25,PIIANN,80.3875,49.470253
2023-07-03 08:00:00,pm25,PIIANN,87.315,50.561108
2023-05-03 01:00:00,pm25,PIIANN,91.7325,51.956417
2025-03-03 00:00:00,pm25,PIIANN,23.6,55.201042
2021-11-13 00:00:00,pm25,PIIANN,96.12388,57.24269
2021-06-01 12:00:00,pm25,PIIANN,133.35,63.4745
2022-08-02 05:00:00,pm25,PIIANN,65.48,49.56749
2024-08-05 12:00:00,pm25,PIIANN,8.639998,45.267975
2023-06-04 14:00:00,pm25,PIIANN,55.56,51.67453
2023-03-11 11:00:00,pm25,PIIANN,86.7675,53.739925
2024-12-04 20:00:00,pm25,PIIANN,48.09,48.389835
2021-06-04 01:00:00,pm25,PIIANN,39.42,47.735294
2023-08-10 14:00:00,pm25,PIIANN,37.54,50.102192
2021-05-12 09:00:00,pm25,PIIANN,38.05,50.405975
2023-09-03 16:00:00,pm25,PIIANN,54.9725,52.9224
2025-11-11 06:00:00,pm25,PIIANN,113.71,56.560112
2022-05-04 13:00:00,pm25,PIIANN,13.080001,44.100433
2025-02-11 14:00:00,pm25,PIIANN,34.51,46.98653
2023-01-02 04:00:00,pm25,PIIANN,88.7425,55.939476
2025-07-11 09:00:00,pm25,PIIANN,110.5,57.27929
2021-11-09 21:00:00,pm25,PIIANN,6.280002,42.830414
2025-03-05 04:00:00,pm25,PIIANN,48.94,46.31998
2022-10-07 18:00:00,pm25,PIIANN,16.665,43.92547
2025-10-07 00:00:00,pm25,PIIANN,28.14,48.04468
2021-07-01 21:00:00,pm25,PIIANN,146.72,64.24133
2024-10-07 02:00:00,pm25,PIIANN,19.11,42.724567
2022-09-05 22:00:00,pm25,PIIANN,9.119998,45.45223
2025-01-01 23:00:00,pm25,PIIANN,71.71,49.624573
2025-10-09 06:00:00,pm25,PIIANN,34.2,44.12157
2025-03-05 11:00:00,pm25,PIIANN,35.65,48.44329
2023-02-04 10:00:00,pm25,PIIANN,23.265001,45.84352
2022-05-11 23:00:00,pm25,PIIANN,93.799995,54.29039
2023-01-10 12:00:00,pm25,PIIANN,13.607501,39.143616
2023-05-09 17:00:00,pm25,PIIANN,12.850001,44.076336
2024-02-03 03:00:00,pm25,PIIANN,73.26,49.931423
2021-02-03 06:00:00,pm25,PIIANN,49.2,47.397907
2022-06-03 01:00:00,pm25,PIIANN,72.52,51.20992
2024-04-12 06:00:00,pm25,PIIANN,98.61,53.32642
2024-09-05 12:00:00,pm25,PIIANN,11.080001,44.344875
2024-09-03 20:00:00,pm25,PIIANN,48.4,51.715565
2024-06-03 02:00:00,pm25,PIIANN,67.16,48.744293
2024-11-12 20:00:00,pm25,PIIANN,110.39,54.758366
2024-04-02 14:00:00,pm25,PIIANN,68.32,55.536392
2022-10-06 02:00:00,pm25,PIIANN,22.67,45.256123
2023-10-12 23:00:00,pm25,PIIANN,101.956665,53.37359
2023-10-10 22:00:00,pm25,PIIANN,86.1625,52.26855
2024-12-01 19:00:00,pm25,PIIANN,105.47666,54.884274
2023-07-03 12:00:00,pm25,PIIANN,46.24,52.88286
2023-10-10 02:00:00,pm25,PIIANN,78.375,48.191566
2021-10-01 13:00:00,pm25,PIIANN,69.9,58.575237
2023-12-12 13:00:00,pm25,PIIANN,69.3575,55.904213
2023-11-07 16:00:00,pm25,PIIANN,11.939994,43.57021
2025-12-05 06:00:00,pm25,PIIANN,41.56,47.303787
2024-01-09 21:00:00,pm25,PIIANN,13.95,42.75903
2024-09-01 19:00:00,pm25,PIIANN,87.92,56.060493
2024-09-01 23:00:00,pm25,PIIANN,122.73,55.46853
2022-05-12 13:00:00,pm25,PIIANN,60.855,59.609417
2024-05-10 19:00:00,pm25,PIIANN,22.83,44.855423
2023-10-01 17:00:00,pm25,PIIANN,68.8975,57.73532
2022-10-10 23:00:00,pm25,PIIANN,14.069999,41.48945
2021-06-03 14:00:00,pm25,PIIANN,59.47,54.27501
2021-08-01 10:00:00,pm25,PIIANN,117.15,61.865616
2024-08-12 05:00:00,pm25,PIIANN,59.78,51.67041
2025-11-12 03:00:00,pm25,PIIANN,180.35,64.90915
2024-11-05 09:00:00,pm25,PIIANN,20.13,43.156967
2021-04-03 17:00:00,pm25,PIIANN,66.4,56.040413
2021-06-09 07:00:00,pm25,PIIANN,7.0500026,42.301876
2021-12-11 20:00:00,pm25,PIIANN,53.65,49.670017
2024-03-09 17:00:00,pm25,PIIANN,13.900001,44.290783
2025-04-09 09:00:00,pm25,PIIANN,20.94,52.268707
2023-09-12 19:00:00,pm25,PIIANN,52.325,48.79697
2023-03-05 15:00:00,pm25,PIIANN,26.3375,47.136086
2021-08-02 16:00:00,pm25,PIIANN,38.72,54.94848
2025-06-04 22:00:00,pm25,PIIANN,36.16,46.88943
2022-07-01 12:00:00,pm25,PIIANN,82.72,62.57669
2022-11-05 16:00:00,pm25,PIIANN,11.799998,47.21524
2022-08-08 12:00:00,pm25,PIIANN,12.900001,43.98343
2021-03-12 09:00:00,pm25,PIIANN,132.78,56.823563
2022-06-13 00:00:00,pm25,PIIANN,150.89651,57.30655
2022-06-12 06:00:00,pm25,PIIANN,98.35999,55.535435
2025-08-04 05:00:00,pm25,PIIANN,31.14,43.7107
2022-02-09 17:00:00,pm25,PIIANN,11.549998,42.24487
2023-11-11 10:00:00,pm25,PIIANN,100.6375,58.03546
2021-08-11 00:00:00,pm25,PIIANN,95.4,53.37981
2025-07-10 11:00:00,pm25,PIIANN,53.98,49.449844
2024-11-07 23:00:00,pm25,PIIANN,23.92,44.158844
2023-05-05 23:00:00,pm25,PIIANN,33.173332,47.506107
2025-01-06 16:00:00,pm25,PIIANN,49.7,46.488697
2021-12-02 07:00:00,pm25,PIIANN,82.4,51.62369
2023-06-05 04:00:00,pm25,PIIANN,28.3075,44.921474
2025-01-06 18:00:00,pm25,PIIANN,49.31,46.35041
2022-11-02 22:00:00,pm25,PIIANN,79.25,55.67089
2025-08-01 16:00:00,pm25,PIIANN,48.9,54.168903
2021-12-09 12:00:00,pm25,PIIANN,13.229999,46.097492
2025-08-04 10:00:00,pm25,PIIANN,34.6,45.880478
2025-02-09 16:00:00,pm25,PIIANN,19.629997,48.153065
2024-03-01 17:00:00,pm25,PIIANN,56.67,53.314606
2022-08-08 14:00:00,pm25,PIIANN,12.819999,43.91721
2024-07-06 15:00:00,pm25,PIIANN,38.35,48.150993
2022-07-12 22:00:00,pm25,PIIANN,214.98,63.02088
2025-10-01 23:00:00,pm25,PIIANN,126.2,54.91259
2022-07-11 11:00:00,pm25,PIIANN,67.6,51.780838
2023-06-07 08:00:00,pm25,PIIANN,5.810001,41.657986
2023-04-04 11:00:00,pm25,PIIANN,2.9999995,46.553085
2024-08-11 23:00:00,pm25,PIIANN,48.91,47.601418
2023-02-01 13:00:00,pm25,PIIANN,90.875,56.18414
2024-06-04 14:00:00,pm25,PIIANN,33.72,50.10421
2022-01-05 00:00:00,pm25,PIIANN,17.080002,43.74525
2023-11-04 01:00:00,pm25,PIIANN,74.0325,47.200397
2025-06-02 02:00:00,pm25,PIIANN,61.32,51.57316
2022-04-05 15:00:00,pm25,PIIANN,26.100002,46.85421
2021-06-06 15:00:00,pm25,PIIANN,46.3,45.91412
2024-10-11 14:00:00,pm25,PIIANN,24.719997,49.064533
2022-01-06 11:00:00,pm25,PIIANN,52.12,47.133823
2025-07-04 06:00:00,pm25,PIIANN,30.44,44.945347
2022-04-09 21:00:00,pm25,PIIANN,38.65,45.46546
2022-05-10 02:00:00,pm25,PIIANN,12.650001,41.849724
2024-05-05 15:00:00,pm25,PIIANN,38.57,46.627346
2021-12-02 21:00:00,pm25,PIIANN,138.65,56.158707
2022-12-03 19:00:00,pm25,PIIANN,47.02,53.492706
2025-05-01 21:00:00,pm10,PIIANN,190.51,111.27371
2022-08-04 06:00:00,pm10,PIIANN,35.700005,98.087585
2021-09-02 06:00:00,pm10,PIIANN,294.8,124.17333
2025-06-07 00:00:00,pm10,PIIANN,45.089996,103.17131
2025-05-12 09:00:00,pm10,PIIANN,138.4,125.81615
2022-08-06 22:00:00,pm10,PIIANN,88.02,98.244736
2023-07-05 11:00:00,pm10,PIIANN,66.0425,103.150375
2022-03-07 05:00:00,pm10,PIIANN,26.4,97.52132
2025-09-09 22:00:00,pm10,PIIANN,61.54,98.82898
2024-09-09 19:00:00,pm10,PIIANN,33.28,97.569725
2023-06-05 13:00:00,pm10,PIIANN,69.315,107.76313
2025-05-10 07:00:00,pm10,PIIANN,49.08,101.67735
2021-10-02 17:00:00,pm10,PIIANN,176.58,128.8628
2023-10-06 13:00:00,pm10,PIIANN,7.999998,93.45278
2025-04-08 14:00:00,pm10,PIIANN,99.6,107.24821
2025-01-07 12:00:00,pm10,PIIANN,44.309998,103.12513
2024-04-04 06:00:00,pm10,PIIANN,63.95,99.51363
2022-05-11 04:00:00,pm10,PIIANN,244.82,117.22388
2022-05-04 03:00:00,pm10,PIIANN,30.919996,98.01977
2021-06-06 07:00:00,pm10,PIIANN,47.18,97.213
2023-10-03 23:00:00,pm10,PIIANN,165.07666,111.15268
2023-12-03 06:00:00,pm10,PIIANN,170.12,111.5414
2023-10-06 16:00:00,pm10,PIIANN,58.2125,91.51615
2023-07-06 14:00:00,pm10,PIIANN,73.4075,103.59167
2022-01-10 09:00:00,pm10,PIIANN,115.88,101.613815
2025-11-03 13:00:00,pm10,PIIANN,84.16,108.07954
2024-01-01 23:00:00,pm10,PIIANN,262.64,116.23051
2023-05-05 18:00:00,pm10,PIIANN,36.71,104.52582
2025-09-02 03:00:00,pm10,PIIANN,208.5,119.807755
2022-09-10 13:00:00,pm10,PIIANN,16.58,100.67786
2025-03-08 12:00:00,pm10,PIIANN,80.83,102.75263
2025-03-11 12:00:00,pm10,PIIANN,114.88,102.88672
2021-04-03 11:00:00,pm10,PIIANN,181.18,121.66551
2022-03-09 10:00:00,pm10,PIIANN,29.480001,99.583824
2021-12-12 08:00:00,pm10,PIIANN,173.85,125.58889
2022-02-06 15:00:00,pm10,PIIANN,94.2,102.51374
2023-07-07 05:00:00,pm10,PIIANN,30.059996,97.053894
2025-04-05 17:00:00,pm10,PIIANN,62.73,102.801895
2022-06-11 02:00:00,pm10,PIIANN,175.72,111.72966
2025-09-08 17:00:00,pm10,PIIANN,38.29,99.24322
2023-10-03 16:00:00,pm10,PIIANN,145.7975,112.919365
2024-04-07 23:00:00,pm10,PIIANN,46.1,96.80552
2021-01-02 14:00:00,pm10,PIIANN,165.05,135.85353
2025-12-08 14:00:00,pm10,PIIANN,74.30334,101.638016
2025-03-10 11:00:00,pm10,PIIANN,45.19,100.85018
2021-12-10 16:00:00,pm10,PIIANN,133.32,120.6691
2024-09-02 05:00:00,pm10,PIIANN,94.35,108.80951
2025-09-11 06:00:00,pm10,PIIANN,167.82,110.956696
2021-02-03 21:00:00,pm10,PIIANN,126.7,106.307884
2024-08-07 06:00:00,pm10,PIIANN,33.53,97.23506
2023-08-06 11:00:00,pm10,PIIANN,75.7975,100.25688
2021-03-03 04:00:00,pm10,PIIANN,81.25,105.43927
2024-01-04 00:00:00,pm10,PIIANN,55.86,108.18043
2023-08-10 19:00:00,pm10,PIIANN,73.9075,99.728355
2023-11-04 02:00:00,pm10,PIIANN,114.16,104.73103
2025-01-05 03:00:00,pm10,PIIANN,102.88,104.15536
2023-06-08 21:00:00,pm10,PIIANN,47.99,98.24888
2023-01-04 12:00:00,pm10,PIIANN,38.67,105.407104
2024-05-09 02:00:00,pm10,PIIANN,38.01,96.031624
2021-01-03 17:00:00,pm10,PIIANN,126.48,107.89825
2025-11-02 16:00:00,pm10,PIIANN,131.47,105.972496
2025-12-11 03:00:00,pm10,PIIANN,270.77,122.18347
2021-06-10 01:00:00,pm10,PIIANN,61.03,102.76484
2023-12-07 09:00:00,pm10,PIIANN,32.165,99.984314
2025-09-10 13:00:00,pm10,PIIANN,103.59,107.3986
2021-09-12 13:00:00,pm10,PIIANN,99.88,106.714615
2023-07-10 19:00:00,pm10,PIIANN,77.5025,99.72585
2023-10-07 20:00:00,pm10,PIIANN,43.9125,97.28714
2021-08-10 23:00:00,pm10,PIIANN,148.15,109.52018
2021-05-05 17:00:00,pm10,PIIANN,42.3,98.10452
2024-01-08 01:00:00,pm10,PIIANN,30.289999,99.04592
2025-08-05 15:00:00,pm10,PIIANN,101.76,103.84195
2025-07-07 23:00:00,pm10,PIIANN,32.72,100.26919
2022-01-05 12:00:00,pm10,PIIANN,63.68,100.433556
2025-07-04 09:00:00,pm10,PIIANN,59.38,99.752144
2024-10-05 13:00:00,pm10,PIIANN,33.340004,104.97
2025-11-07 07:00:00,pm10,PIIANN,47.21,101.70238
2021-01-02 03:00:00,pm10,PIIANN,210.18,133.68303
2023-03-07 08:00:00,pm10,PIIANN,42.425,98.33155
2022-04-02 16:00:00,pm10,PIIANN,43.28,102.87102
2023-07-01 14:00:00,pm10,PIIANN,213.535,111.50667
2025-10-10 00:00:00,pm10,PIIANN,85.8,98.95928
2022-06-02 19:00:00,pm10,PIIANN,147.65,107.36154
2022-01-05 01:00:00,pm10,PIIANN,40.48,99.020195
2022-08-13 02:00:00,pm10,PIIANN,299.5562,114.565605
2023-10-10 07:00:00,pm10,PIIANN,116.975,103.52047
2024-07-05 06:00:00,pm10,PIIANN,16.840002,100.78667
2023-04-03 18:00:00,pm10,PIIANN,141.095,109.20983
2021-08-08 15:00:00,pm10,PIIANN,42.92,98.87295
2024-05-03 16:00:00,pm10,PIIANN,92.23,104.22566
2021-09-06 07:00:00,pm10,PIIANN,46.3,95.45236
2021-05-12 06:00:00,pm10,PIIANN,94.25,108.66582
2025-09-10 03:00:00,pm10,PIIANN,85.85,104.28485
2025-08-11 04:00:00,pm10,PIIANN,151.89,113.19412
2021-03-11 22:00:00,pm10,PIIANN,196.4,107.62108
2024-08-11 10:00:00,pm10,PIIANN,93.93,107.59251
2025-10-01 19:00:00,pm10,PIIANN,168.46,111.23845
2022-08-03 19:00:00,pm10,PIIANN,132.88,110.50959
2022-03-09 13:00:00,pm10,PIIANN,39.78,98.15079
2022-12-03 04:00:00,pm10,PIIANN,256.77,114.47389
2025-07-09 23:00:00,pm10,PIIANN,55.26,100.260735
2021-09-02 04:00:00,pm10,PIIANN,75.555,122.96695
2022-03-01 11:00:00,pm10,PIIANN,174.82,121.93271
2021-02-02 03:00:00,pm10,PIIANN,227.4,135.50941
2022-09-11 05:00:00,pm10,PIIANN,173.72,111.04035
2021-06-06 19:00:00,pm10,PIIANN,48.95,96.123566
2023-09-03 07:00:00,pm10,PIIANN,129.675,110.19705
2022-10-02 04:00:00,pm10,PIIANN,125.62,110.26939
2022-08-12 13:00:00,pm10,PIIANN,211.01,131.94942
2021-11-04 10:00:00,pm10,PIIANN,69.08,103.68631
2022-04-10 04:00:00,pm10,PIIANN,25.700003,96.96678
2021-04-09 00:00:00,pm10,PIIANN,46.85,97.61366
2023-08-05 12:00:00,pm10,PIIANN,67.7825,97.185745
2024-08-01 11:00:00,pm10,PIIANN,194.36,126.17219
2021-04-08 19:00:00,pm10,PIIANN,38.42,99.66075
2022-03-06 05:00:00,pm10,PIIANN,56.4,98.96145
2024-02-04 04:00:00,pm10,PIIANN,49.15,99.437294
2024-01-07 06:00:00,pm10,PIIANN,28.230001,99.383415
2023-01-07 18:00:00,pm10,PIIANN,34.9225,97.70046
2025-02-10 23:00:00,pm10,PIIANN,42.51,99.625404
2024-02-08 01:00:00,pm10,PIIANN,42.02,96.75875
2023-07-08 07:00:00,pm10,PIIANN,47.1225,99.963684
2024-05-08 23:00:00,pm10,PIIANN,75.555,95.42034
2024-03-12 04:00:00,pm10,PIIANN,207.24,110.871445
2023-06-01 12:00:00,pm10,PIIANN,194.9725,113.42766
2025-01-02 11:00:00,pm10,PIIANN,72.52,104.77369
2022-12-03 11:00:00,pm10,PIIANN,153.08,118.19394
2022-03-04 18:00:00,pm10,PIIANN,62.68,97.677734
2021-05-01 11:00:00,pm10,PIIANN,151.98,130.1879
2025-12-12 14:00:00,pm10,PIIANN,168.83,130.069
2021-01-11 02:00:00,pm10,PIIANN,184.08,113.65689
2024-10-11 18:00:00,pm10,PIIANN,69.15,104.94538
2023-03-02 02:00:00,pm10,PIIANN,142.1825,109.68736
2025-11-05 16:00:00,pm10,PIIANN,123.14,106.647644
2023-03-07 22:00:00,pm10,PIIANN,34.235,97.2779
2025-11-11 21:00:00,pm10,PIIANN,287.61,119.4478
2021-06-03 04:00:00,pm10,PIIANN,85.57,104.90303
2025-08-05 18:00:00,pm10,PIIANN,101.34,101.76627
2023-04-12 21:00:00,pm10,PIIANN,184.565,106.44864
2022-06-11 03:00:00,pm10,PIIANN,174.5,113.704094
2024-08-08 12:00:00,pm10,PIIANN,42.88,99.09251
2021-07-10 02:00:00,pm10,PIIANN,67.78,103.328865
2022-07-05 15:00:00,pm10,PIIANN,69.1,92.91451
2024-04-08 01:00:00,pm10,PIIANN,39.28,96.05914
2023-08-05 21:00:00,pm10,PIIANN,92.4275,93.75839
2021-05-11 18:00:00,pm10,PIIANN,112.3,115.277084
2025-03-04 18:00:00,pm10,PIIANN,85.78,100.10491
2025-11-10 11:00:00,pm10,PIIANN,95.66,106.379234
2024-09-02 14:00:00,pm10,PIIANN,94.3,108.0844
2022-11-02 18:00:00,pm10,PIIANN,129.0,117.35661
2025-08-10 08:00:00,pm10,PIIANN,102.71,102.28538
2023-12-10 19:00:00,pm10,PIIANN,133.235,108.97766
2022-11-10 23:00:00,pm10,PIIANN,23.769995,98.21419
2022-06-02 06:00:00,pm10,PIIANN,92.28,113.03255
2023-12-10 14:00:00,pm10,PIIANN,113.9175,109.34276
2023-07-07 21:00:00,pm10,PIIANN,29.934996,96.05657
2022-01-04 16:00:00,pm10,PIIANN,85.52,100.03965
2025-08-09 01:00:00,pm10,PIIANN,60.19,97.45793
2025-09-09 09:00:00,pm10,PIIANN,61.49,102.32573
2025-07-01 20:00:00,pm10,PIIANN,176.37,104.19054
2021-07-09 08:00:00,pm10,PIIANN,19.100004,96.69995
2021-07-02 02:00:00,pm10,PIIANN,138.85,122.24525
2025-09-11 14:00:00,pm10,PIIANN,167.54,111.6415
2024-12-13 02:00:00,pm10,PIIANN,242.51614,112.67734
2022-06-06 22:00:00,pm10,PIIANN,79.73,97.63327
2021-05-06 16:00:00,pm10,PIIANN,74.03,97.401596
2021-03-02 06:00:00,pm10,PIIANN,287.25,134.90663
2023-07-07 19:00:00,pm10,PIIANN,26.179998,96.64122
2023-02-05 07:00:00,pm10,PIIANN,78.93,104.7914
2022-11-07 04:00:00,pm10,PIIANN,22.779997,98.38112
2021-01-08 13:00:00,pm10,PIIANN,51.98,101.720665
2022-03-08 06:00:00,pm10,PIIANN,49.82,98.26833
2023-12-08 07:00:00,pm10,PIIANN,44.0725,99.72269
2022-12-08 02:00:00,pm10,PIIANN,41.75,99.000946
2023-05-11 11:00:00,pm10,PIIANN,132.2975,105.86914
2024-10-10 23:00:00,pm10,PIIANN,44.12,101.57888
2025-03-09 06:00:00,pm10,PIIANN,25.450003,109.401306
2023-12-05 18:00:00,pm10,PIIANN,66.275,95.32249
2025-03-02 15:00:00,pm10,PIIANN,111.32,115.2452
2023-10-09 15:00:00,pm10,PIIANN,36.6575,98.40661
2025-02-02 09:00:00,pm10,PIIANN,80.75,105.07526
2022-11-06 13:00:00,pm10,PIIANN,75.12,101.0519
2023-04-09 18:00:00,pm10,PIIANN,23.825003,99.58037
2022-09-02 06:00:00,pm10,PIIANN,140.95,114.229256
2025-01-10 05:00:00,pm10,PIIANN,60.3,104.0685
2022-11-06 03:00:00,pm10,PIIANN,55.25,99.98332
2021-12-05 17:00:00,pm10,PIIANN,68.65,100.885735
2024-06-12 14:00:00,pm10,PIIANN,119.14,112.590004
2021-02-03 22:00:00,pm10,PIIANN,109.82,105.44389
2023-02-10 22:00:00,pm10,PIIANN,37.755005,100.0632
2024-11-06 08:00:00,pm10,PIIANN,29.65,99.16811
2023-04-07 03:00:00,pm10,PIIANN,39.36,97.07544
2023-07-11 03:00:00,pm10,PIIANN,208.85,112.26938
2024-10-10 01:00:00,pm10,PIIANN,39.089996,96.51723
2022-11-05 04:00:00,pm10,PIIANN,40.37,107.76254
2025-06-07 21:00:00,pm10,PIIANN,56.38,99.46442
2022-01-11 12:00:00,pm10,PIIANN,96.59333,108.164024
2025-06-05 09:00:00,pm10,PIIANN,72.46,100.427055
2025-02-04 03:00:00,pm10,PIIANN,64.9,100.15543
2023-12-05 04:00:00,pm10,PIIANN,32.370003,93.02895
2023-01-06 14:00:00,pm10,PIIANN,80.0525,105.41448
2021-10-10 21:00:00,pm10,PIIANN,77.15,111.25552
2025-05-05 23:00:00,pm10,PIIANN,73.35,98.84347
2021-08-09 15:00:00,pm10,PIIANN,32.950005,98.144226
2024-04-02 06:00:00,pm10,PIIANN,165.33,112.87942
2021-09-10 05:00:00,pm10,PIIANN,129.12,110.671364
2022-10-11 22:00:00,pm10,PIIANN,165.1,108.95674
2023-02-06 13:00:00,pm10,PIIANN,88.4725,105.91008
2022-03-07 14:00:00,pm10,PIIANN,34.93,98.93228
2023-06-07 10:00:00,pm10,PIIANN,19.887503,97.37283
2023-09-10 09:00:00,pm10,PIIANN,85.555,101.19198
2022-08-11 00:00:00,pm10,PIIANN,140.68,99.03529
2022-02-07 01:00:00,pm10,PIIANN,39.67,97.83979
2023-06-05 21:00:00,pm10,PIIANN,92.455,106.79787
2023-01-06 11:00:00,pm10,PIIANN,57.245003,103.56376
2024-07-06 13:00:00,pm10,PIIANN,64.01,100.52002
2025-04-12 17:00:00,pm10,PIIANN,211.88,124.17955
2023-05-06 10:00:00,pm10,PIIANN,57.585,93.37113
2025-06-09 11:00:00,pm10,PIIANN,74.1,122.31251
2021-08-02 22:00:00,pm10,PIIANN,75.555,118.099396
2022-06-06 12:00:00,pm10,PIIANN,74.8,101.03867
2024-11-12 19:00:00,pm10,PIIANN,206.63,112.5934
2021-11-05 11:00:00,pm10,PIIANN,36.32,98.63464
2022-07-06 12:00:00,pm10,PIIANN,67.253334,101.67987
2024-09-07 12:00:00,pm10,PIIANN,39.470005,100.23741
2021-03-09 20:00:00,pm10,PIIANN,33.6,96.27581
2025-02-07 06:00:00,pm10,PIIANN,40.38,99.44725
2025-12-11 09:00:00,pm10,PIIANN,280.83,127.0112
2021-06-08 08:00:00,pm10,PIIANN,70.75,97.236595
2024-08-02 00:00:00,pm10,PIIANN,176.78,117.76952
2023-02-12 21:00:00,pm10,PIIANN,159.365,105.10813
2021-05-11 10:00:00,pm10,PIIANN,112.78,122.565475
2024-09-13 01:00:00,pm10,PIIANN,159.90446,106.835686
2022-05-10 11:00:00,pm10,PIIANN,20.9,101.12358
2025-07-04 02:00:00,pm10,PIIANN,45.789997,96.42856
2021-11-05 23:00:00,pm10,PIIANN,22.499998,97.6266
2021-07-11 09:00:00,pm10,PIIANN,174.02,113.491615
2023-03-11 12:00:00,pm10,PIIANN,161.4075,111.79953
2021-03-12 03:00:00,pm10,PIIANN,242.02,118.49905
2021-05-07 09:00:00,pm10,PIIANN,51.42,97.95711
2022-03-13 02:00:00,pm10,PIIANN,262.1927,117.9199
2022-11-07 09:00:00,pm10,PIIANN,24.480001,98.8312
2022-04-11 21:00:00,pm10,PIIANN,189.62,109.93306
2025-06-03 15:00:00,pm10,PIIANN,28.489996,101.309845
2024-05-08 05:00:00,pm10,PIIANN,42.82,96.63663
2025-10-04 14:00:00,pm10,PIIANN,48.46,100.20226
2025-12-10 01:00:00,pm10,PIIANN,76.94,97.0404
2024-05-04 00:00:00,pm10,PIIANN,48.88,101.743706
2024-11-02 04:00:00,pm10,PIIANN,241.36,117.36451
2021-07-05 11:00:00,pm10,PIIANN,43.05,98.35092
2023-12-01 10:00:00,pm10,PIIANN,265.6025,130.88194
2022-12-01 15:00:00,pm10,PIIANN,147.85,110.843506
2021-02-12 12:00:00,pm10,PIIANN,140.3,118.972145
2024-01-11 20:00:00,pm10,PIIANN,191.27,109.229675
2025-11-05 00:00:00,pm10,PIIANN,102.09,98.569664
2024-08-04 17:00:00,pm10,PIIANN,71.31,98.25142
2024-09-03 18:00:00,pm10,PIIANN,78.82,112.188835
2023-01-07 14:00:00,pm10,PIIANN,41.3625,98.76958
2021-12-07 14:00:00,pm10,PIIANN,26.33,98.56375
2021-10-08 11:00:00,pm10,PIIANN,55.58,100.172424
2021-02-10 03:00:00,pm10,PIIANN,47.47,106.47957
2021-01-09 00:00:00,pm10,PIIANN,45.78,97.8778
2022-07-03 11:00:00,pm10,PIIANN,211.6,110.086105
2022-12-05 09:00:00,pm10,PIIANN,60.38,99.57271
2024-06-05 15:00:00,pm10,PIIANN,51.11,100.3979
2024-01-05 11:00:00,pm10,PIIANN,122.34,105.72327
2024-03-08 23:00:00,pm10,PIIANN,43.98,96.6569
2022-01-12 15:00:00,pm10,PIIANN,118.11,115.59801
2024-02-09 09:00:00,pm10,PIIANN,30.629995,97.97945
2025-05-08 06:00:00,pm10,PIIANN,54.18,105.95348
2024-10-10 16:00:00,pm10,PIIANN,32.71,96.754715
2025-03-03 23:00:00,pm10,PIIANN,63.72,100.151085
2021-03-09 19:00:00,pm10,PIIANN,41.3,96.390884
2021-08-04 10:00:00,pm10,PIIANN,85.0,102.64819
2024-12-02 14:00:00,pm10,PIIANN,153.38,121.99279
2024-08-05 09:00:00,pm10,PIIANN,25.919996,103.27987
2024-03-05 08:00:00,pm10,PIIANN,61.219997,98.68911
2023-02-11 18:00:00,pm10,PIIANN,130.8725,105.114555
2022-03-08 17:00:00,pm10,PIIANN,37.62,98.54336
2022-11-05 17:00:00,pm10,PIIANN,44.8,106.54008
2025-06-11 07:00:00,pm10,PIIANN,217.84,123.491264
2021-06-07 19:00:00,pm10,PIIANN,76.42,99.02681
2022-09-05 00:00:00,pm10,PIIANN,27.6275,97.517235
2024-07-10 06:00:00,pm10,PIIANN,55.19,103.352745
2021-11-08 07:00:00,pm10,PIIANN,54.600002,99.80837
2024-01-09 08:00:00,pm10,PIIANN,30.590002,98.848076
2022-06-11 08:00:00,pm10,PIIANN,142.88,113.48791
2023-08-06 01:00:00,pm10,PIIANN,76.1,97.65787
2025-04-04 12:00:00,pm10,PIIANN,109.38,103.143555
2022-05-03 16:00:00,pm10,PIIANN,131.25,118.68015
2025-12-10 20:00:00,pm10,PIIANN,133.89,104.74632
2023-04-08 06:00:00,pm10,PIIANN,55.99,97.37231
2024-07-07 12:00:00,pm10,PIIANN,32.990005,99.049706
2022-02-03 02:00:00,pm10,PIIANN,213.3,111.8177
2024-04-03 03:00:00,pm10,PIIANN,144.17,103.33853
2024-02-10 13:00:00,pm10,PIIANN,69.75,103.55953
2021-04-02 13:00:00,pm10,PIIANN,136.9,132.19792
2021-08-04 06:00:00,pm10,PIIANN,72.05,100.89513
2025-08-13 02:00:00,pm10,PIIANN,406.13788,117.875465
2024-08-09 00:00:00,pm10,PIIANN,38.08,96.96184
2025-01-04 11:00:00,pm10,PIIANN,82.56,104.32059
2022-08-11 11:00:00,pm10,PIIANN,128.48,109.83474
2022-09-02 16:00:00,pm10,PIIANN,128.6,112.68936
2023-03-05 20:00:00,pm10,PIIANN,57.2975,103.21856
2023-07-06 22:00:00,pm10,PIIANN,82.55,98.88029
2022-07-11 15:00:00,pm10,PIIANN,111.08,107.26793
2022-04-12 17:00:00,pm10,PIIANN,159.26,125.00187
2023-09-08 15:00:00,pm10,PIIANN,103.43,100.05579
2022-04-04 13:00:00,pm10,PIIANN,60.22,97.15649
2024-08-05 22:00:00,pm10,PIIANN,29.109999,100.027
2021-04-05 10:00:00,pm10,PIIANN,69.6,98.15524
2023-01-03 11:00:00,pm10,PIIANN,140.04,110.814575
2024-07-01 15:00:00,pm10,PIIANN,178.42,119.86547
2021-06-04 22:00:00,pm10,PIIANN,92.18,100.75239
2025-07-12 13:00:00,pm10,PIIANN,147.2,124.13976
2025-07-12 18:00:00,pm10,PIIANN,175.59,118.09254
2021-07-12 09:00:00,pm10,PIIANN,45.18,101.44374
2021-02-03 17:00:00,pm10,PIIANN,139.95,110.688965
2023-05-02 11:00:00,pm10,PIIANN,127.1225,124.477486
2023-04-03 01:00:00,pm10,PIIANN,137.6025,111.51499
2025-12-07 21:00:00,pm10,PIIANN,46.570004,101.10869
2023-03-04 13:00:00,pm10,PIIANN,52.095005,104.358795
2023-05-12 01:00:00,pm10,PIIANN,200.41,104.143585
2023-10-02 13:00:00,pm10,PIIANN,195.2225,123.3861
2024-08-09 23:00:00,pm10,PIIANN,25.419996,97.38229
2022-07-04 23:00:00,pm10,PIIANN,44.2,97.077484
2022-11-02 10:00:00,pm10,PIIANN,186.2,120.84368
2023-05-09 07:00:00,pm10,PIIANN,27.300001,97.961266
2024-11-11 23:00:00,pm10,PIIANN,119.11,102.121315
2022-02-06 01:00:00,pm10,PIIANN,51.9,98.6991
2024-12-12 18:00:00,pm10,PIIANN,144.58,114.99919
2025-08-05 05:00:00,pm10,PIIANN,87.21,100.46646
2023-07-02 01:00:00,pm10,PIIANN,109.3525,110.94409
2024-08-09 19:00:00,pm10,PIIANN,33.020004,98.18046
2024-07-05 23:00:00,pm10,PIIANN,27.419996,99.80922
2024-03-09 15:00:00,pm10,PIIANN,48.08,98.13593
2023-05-06 12:00:00,pm10,PIIANN,63.43,94.82837
2022-02-02 16:00:00,pm10,PIIANN,116.7,109.19884
2025-05-09 23:00:00,pm10,PIIANN,79.12,116.77463
2024-07-09 00:00:00,pm10,PIIANN,44.08,96.464676
2025-11-03 02:00:00,pm10,PIIANN,115.13,107.631516
2025-04-03 14:00:00,pm10,PIIANN,39.54,102.569405
2025-10-02 01:00:00,pm10,PIIANN,150.45,113.94195
2024-03-09 19:00:00,pm10,PIIANN,40.53,97.20757
2021-12-10 15:00:00,pm10,PIIANN,130.0,120.52405
2023-11-06 16:00:00,pm10,PIIANN,64.01,101.44481
2024-01-10 06:00:00,pm10,PIIANN,63.87,101.28081
2023-06-11 20:00:00,pm10,PIIANN,157.7375,106.4207
2025-10-01 11:00:00,pm10,PIIANN,171.62,113.76699
2021-01-07 01:00:00,pm10,PIIANN,57.72,97.88567
2025-10-07 03:00:00,pm10,PIIANN,38.47,102.51457
2021-08-06 06:00:00,pm10,PIIANN,39.399998,100.1124
2024-05-10 16:00:00,pm10,PIIANN,78.48,101.33664
2023-05-07 14:00:00,pm10,PIIANN,38.6575,98.49659
2024-02-06 02:00:00,pm10,PIIANN,44.07,97.26317
2023-01-02 14:00:00,pm10,PIIANN,103.88,119.778946
2025-08-02 19:00:00,pm10,PIIANN,134.56,110.85816
2021-12-02 19:00:00,pm10,PIIANN,252.98,116.686424
2025-10-03 15:00:00,pm10,PIIANN,128.01,107.70989
2021-11-03 07:00:00,pm10,PIIANN,47.18,100.983505
2023-08-03 18:00:00,pm10,PIIANN,100.065,112.26284
2025-10-10 02:00:00,pm10,PIIANN,92.18,100.81277
2021-10-04 12:00:00,pm10,PIIANN,88.7,103.57568
2023-07-06 11:00:00,pm10,PIIANN,64.0975,102.72454
2022-06-06 15:00:00,pm10,PIIANN,70.38,100.17617
2024-12-12 21:00:00,pm10,PIIANN,252.19998,114.21703
2023-11-01 09:00:00,pm10,PIIANN,215.9125,125.88541
2021-01-10 04:00:00,pm10,PIIANN,39.28,107.34481
2025-09-09 06:00:00,pm10,PIIANN,59.820004,99.986046
2021-02-06 21:00:00,pm10,PIIANN,58.25,105.89576
2021-06-05 11:00:00,pm10,PIIANN,36.200005,96.970825
2024-11-10 12:00:00,pm10,PIIANN,25.349997,103.38404
2024-09-06 12:00:00,pm10,PIIANN,55.28,100.50179
2022-03-09 07:00:00,pm10,PIIANN,18.300009,98.137085
2022-06-10 15:00:00,pm10,PIIANN,15.9,97.2468
2021-08-09 05:00:00,pm10,PIIANN,25.919996,96.73458
2024-07-02 18:00:00,pm10,PIIANN,98.9,109.856674
2021-05-01 19:00:00,pm10,PIIANN,379.5,123.5912
2021-04-02 07:00:00,pm10,PIIANN,293.12,137.22656
2025-04-07 00:00:00,pm10,PIIANN,51.61,113.67573
2023-10-05 21:00:00,pm10,PIIANN,71.085,92.0856
2023-12-07 01:00:00,pm10,PIIANN,30.249998,98.807594
2024-02-03 20:00:00,pm10,PIIANN,147.25,107.83369
2025-04-03 04:00:00,pm10,PIIANN,38.8,99.13396
2025-12-08 15:00:00,pm10,PIIANN,77.93,105.25135
2025-09-04 16:00:00,pm10,PIIANN,59.86,96.92178
2021-10-01 12:00:00,pm10,PIIANN,140.98,123.7463
2022-01-09 18:00:00,pm10,PIIANN,22.9,97.021614
2025-10-12 06:00:00,pm10,PIIANN,282.33,136.90335
2021-05-01 23:00:00,pm10,PIIANN,333.6,124.661
2025-04-02 03:00:00,pm10,PIIANN,146.22,115.65606
2022-05-12 21:00:00,pm10,PIIANN,215.1,122.441795
2025-08-13 01:00:00,pm10,PIIANN,406.71524,118.928
2022-01-02 05:00:00,pm10,PIIANN,114.3,110.705185
2021-11-04 09:00:00,pm10,PIIANN,76.15,102.94702
2021-05-05 12:00:00,pm10,PIIANN,41.650005,98.059616
2024-07-07 15:00:00,pm10,PIIANN,34.340004,98.819534
2022-10-05 01:00:00,pm10,PIIANN,28.300001,91.90564
2022-09-07 04:00:00,pm10,PIIANN,24.879988,96.80872
2021-09-01 14:00:00,pm10,PIIANN,197.95,116.35771
2024-08-04 08:00:00,pm10,PIIANN,64.49,100.05639
2024-02-03 19:00:00,pm10,PIIANN,133.81,108.55649
2022-12-02 17:00:00,pm10,PIIANN,106.7,112.74568
2025-12-05 17:00:00,pm10,PIIANN,121.67,103.79721
2023-06-10 01:00:00,pm10,PIIANN,61.772495,92.366806
2023-12-06 11:00:00,pm10,PIIANN,61.44,103.09894
2021-09-04 04:00:00,pm10,PIIANN,66.62,101.67624
2024-05-06 03:00:00,pm10,PIIANN,55.36,98.172806
2025-08-09 14:00:00,pm10,PIIANN,84.71,102.02937
2025-03-09 10:00:00,pm10,PIIANN,26.200003,109.43316
2025-12-08 19:00:00,pm10,PIIANN,75.55,100.57691
2024-07-10 12:00:00,pm10,PIIANN,38.81,103.777794
2021-01-09 16:00:00,pm10,PIIANN,26.22,98.410225
2025-04-08 04:00:00,pm10,PIIANN,43.920002,100.32516
2025-06-06 09:00:00,pm10,PIIANN,76.0,114.66081
2024-08-04 14:00:00,pm10,PIIANN,63.07,101.519775
2025-09-04 22:00:00,pm10,PIIANN,51.15,97.432014
2021-02-07 10:00:00,pm10,PIIANN,47.78,100.769875
2025-04-02 20:00:00,pm10,PIIANN,216.82,112.918076
2021-08-07 12:00:00,pm10,PIIANN,42.45,99.94845
2022-04-12 23:00:00,pm10,PIIANN,325.77,122.2428
2022-08-06 16:00:00,pm10,PIIANN,77.85,101.60885
2024-10-08 12:00:00,pm10,PIIANN,37.72,100.25408
2022-09-12 13:00:00,pm10,PIIANN,194.41,128.89365
2022-03-09 15:00:00,pm10,PIIANN,34.5,98.55755
2023-11-06 09:00:00,pm10,PIIANN,43.1825,100.66172
2021-05-02 19:00:00,pm10,PIIANN,225.75,126.26813
2023-11-12 10:00:00,pm10,PIIANN,133.285,116.319595
2023-07-08 21:00:00,pm10,PIIANN,43.5325,97.744995
2023-12-11 02:00:00,pm10,PIIANN,375.61,124.4723
2022-08-07 18:00:00,pm10,PIIANN,30.65,97.05023
2024-04-11 22:00:00,pm10,PIIANN,224.45,117.908875
2021-01-08 23:00:00,pm10,PIIANN,64.6,98.14436
2021-07-11 21:00:00,pm10,PIIANN,137.42,105.830505
2021-06-10 09:00:00,pm10,PIIANN,39.52,105.228714
2022-11-10 14:00:00,pm10,PIIANN,28.559996,98.62919
2021-03-04 11:00:00,pm10,PIIANN,126.45,106.2545
2023-03-12 21:00:00,pm10,PIIANN,202.7475,109.929276
2022-02-12 23:00:00,pm10,PIIANN,327.34,119.895325
2025-12-12 22:00:00,pm10,PIIANN,311.83,128.08984
2022-05-02 03:00:00,pm10,PIIANN,56.780003,104.69154
2021-10-06 13:00:00,pm10,PIIANN,49.273335,95.14027
2022-02-04 02:00:00,pm10,PIIANN,49.92,101.485794
2022-10-12 01:00:00,pm10,PIIANN,312.71,123.469154
2022-09-06 20:00:00,pm10,PIIANN,80.12,98.463646
2025-04-10 04:00:00,pm10,PIIANN,64.44,99.63112
2024-01-06 23:00:00,pm10,PIIANN,51.94,95.98803
2023-09-09 18:00:00,pm10,PIIANN,33.895004,98.13961
2024-07-07 07:00:00,pm10,PIIANN,34.310005,97.21497
2025-09-12 13:00:00,pm10,PIIANN,232.79,128.62949
2022-09-11 11:00:00,pm10,PIIANN,125.68,114.21592
2023-05-08 21:00:00,pm10,PIIANN,43.33,98.193634
2024-05-07 23:00:00,pm10,PIIANN,50.35,96.31161
2025-01-07 09:00:00,pm10,PIIANN,35.740005,104.07949
2021-10-09 07:00:00,pm10,PIIANN,95.02,98.78656
2021-01-04 22:00:00,pm10,PIIANN,158.5,104.27744
2023-01-10 02:00:00,pm10,PIIANN,18.152502,98.99023
2025-11-07 22:00:00,pm10,PIIANN,75.24,102.813896
2025-07-12 15:00:00,pm10,PIIANN,136.06,120.41006
2021-04-04 12:00:00,pm10,PIIANN,126.75,105.92729
2025-10-06 15:00:00,pm10,PIIANN,95.63,104.18819
2024-02-06 14:00:00,pm10,PIIANN,48.45,98.7724
2021-11-04 12:00:00,pm10,PIIANN,84.32,104.04807
2024-12-05 19:00:00,pm10,PIIANN,43.8,105.428665
2021-09-07 20:00:00,pm10,PIIANN,59.3,98.386734
2024-04-08 14:00:00,pm10,PIIANN,41.59,97.78243
2025-03-04 22:00:00,pm10,PIIANN,80.64,98.33489
2025-09-12 17:00:00,pm10,PIIANN,192.6,124.1108
2024-02-02 13:00:00,pm10,PIIANN,141.44,104.60596
2024-03-10 14:00:00,pm10,PIIANN,109.89,103.6412
2022-10-05 02:00:00,pm10,PIIANN,24.629995,90.01069
2024-11-10 14:00:00,pm10,PIIANN,39.52,103.12663
2021-09-02 19:00:00,pm10,PIIANN,176.69998,124.516205
2023-10-10 08:00:00,pm10,PIIANN,116.66,104.924164
2023-01-12 17:00:00,pm10,PIIANN,77.21,98.34894
2025-11-04 20:00:00,pm10,PIIANN,58.330006,99.749725
2023-03-01 22:00:00,pm10,PIIANN,199.46,109.50628
2023-06-09 04:00:00,pm10,PIIANN,17.075003,96.34084
2024-01-08 17:00:00,pm10,PIIANN,26.26,98.98919
2024-05-05 23:00:00,pm10,PIIANN,53.89,97.2682
2025-09-08 02:00:00,pm10,PIIANN,46.82,94.7718
2021-09-06 16:00:00,pm10,PIIANN,70.68,96.689835
2024-11-03 17:00:00,pm10,PIIANN,105.69,108.051834
2025-10-03 19:00:00,pm10,PIIANN,122.1,104.81734
2025-07-07 22:00:00,pm10,PIIANN,35.120003,101.962814
2021-08-13 00:00:00,pm10,PIIANN,133.18416,103.70968
2025-08-05 00:00:00,pm10,PIIANN,84.9,97.031296
2023-05-06 09:00:00,pm10,PIIANN,59.2825,92.813194
2022-10-06 10:00:00,pm10,PIIANN,68.62,101.69814
2024-02-12 13:00:00,pm10,PIIANN,115.49,109.03497
2023-09-02 23:00:00,pm10,PIIANN,225.54,107.93388
2021-12-03 01:00:00,pm10,PIIANN,43.1,105.94105
2021-07-08 14:00:00,pm10,PIIANN,64.25,99.021996
2022-03-02 21:00:00,pm10,PIIANN,82.22,102.12188
2024-05-12 22:00:00,pm10,PIIANN,233.66,114.44932
2022-03-10 08:00:00,pm10,PIIANN,40.569996,99.40361
2024-06-03 08:00:00,pm10,PIIANN,95.95,104.956985
2021-09-09 09:00:00,pm10,PIIANN,30.319998,98.752426
2024-03-05 22:00:00,pm10,PIIANN,73.1,99.20717
2021-11-04 06:00:00,pm10,PIIANN,61.0,101.049385
2024-11-08 22:00:00,pm10,PIIANN,55.459995,97.81689
2022-08-07 06:00:00,pm10,PIIANN,25.300001,96.65833
2023-03-07 06:00:00,pm10,PIIANN,41.9675,98.06285
2024-02-12 14:00:00,pm10,PIIANN,111.17,108.84488
2022-12-13 02:00:00,pm10,PIIANN,354.77847,122.79131
2025-09-10 18:00:00,pm10,PIIANN,79.51,101.650246
2025-03-01 14:00:00,pm10,PIIANN,191.87,114.0169
2021-11-05 13:00:00,pm10,PIIANN,39.65,99.75581
2021-06-07 09:00:00,pm10,PIIANN,68.75,101.594666
2022-01-06 04:00:00,pm10,PIIANN,72.47,100.16331
2024-04-10 12:00:00,pm10,PIIANN,53.62,101.81424
2021-10-04 06:00:00,pm10,PIIANN,70.08,101.06569
2025-02-05 19:00:00,pm10,PIIANN,87.57,104.98867
2022-10-08 15:00:00,pm10,PIIANN,17.300001,93.49254
2024-10-06 08:00:00,pm10,PIIANN,45.93,99.59853
2024-07-09 12:00:00,pm10,PIIANN,42.77,99.565475
2024-11-05 21:00:00,pm10,PIIANN,36.32,101.202286
2022-01-07 21:00:00,pm10,PIIANN,48.050003,97.1987
2025-06-10 18:00:00,pm10,PIIANN,103.8,101.00192
2025-08-03 15:00:00,pm10,PIIANN,136.27,108.91569
2022-04-12 20:00:00,pm10,PIIANN,244.83,124.50218
2023-01-07 11:00:00,pm10,PIIANN,44.35,99.184395
2021-06-04 03:00:00,pm10,PIIANN,95.88,102.53932
2024-09-12 03:00:00,pm10,PIIANN,209.89,114.57765
2024-02-03 23:00:00,pm10,PIIANN,135.33,104.437805
2024-07-12 03:00:00,pm10,PIIANN,150.64,114.01162
2021-07-09 16:00:00,pm10,PIIANN,20.300001,97.29369
2023-07-09 17:00:00,pm10,PIIANN,19.702497,97.079605
2024-10-05 16:00:00,pm10,PIIANN,29.800001,103.97365
2025-09-03 04:00:00,pm10,PIIANN,111.3,106.32837
2025-02-02 02:00:00,pm10,PIIANN,100.54,104.316284
2025-02-04 10:00:00,pm10,PIIANN,63.92,102.34275
2022-12-10 00:00:00,pm10,PIIANN,23.299994,94.10691
2025-07-06 23:00:00,pm10,PIIANN,94.66,100.49936
2022-10-12 11:00:00,pm10,PIIANN,206.34,130.00479
2024-07-09 17:00:00,pm10,PIIANN,76.46,100.86232
2024-06-10 11:00:00,pm10,PIIANN,92.82,105.2105
2024-12-07 11:00:00,pm10,PIIANN,29.889997,101.115105
2022-12-02 05:00:00,pm10,PIIANN,143.72,119.21601
2022-05-02 16:00:00,pm10,PIIANN,96.22,104.31275
2025-02-05 15:00:00,pm10,PIIANN,83.65,105.08747
2022-11-09 20:00:00,pm10,PIIANN,16.770002,100.848564
2023-12-08 00:00:00,pm10,PIIANN,42.5825,97.1824
2025-11-08 11:00:00,pm10,PIIANN,38.13,101.7681
2025-06-12 19:00:00,pm10,PIIANN,337.92,118.294304
2022-07-03 05:00:00,pm10,PIIANN,178.27,107.206604
2021-04-10 07:00:00,pm10,PIIANN,42.599995,108.68258
2025-04-07 09:00:00,pm10,PIIANN,51.7,99.25418
2023-01-10 03:00:00,pm10,PIIANN,17.302504,98.95502
2021-12-07 10:00:00,pm10,PIIANN,23.020002,98.43685
2024-08-02 19:00:00,pm10,PIIANN,101.4,105.46731
2021-12-07 05:00:00,pm10,PIIANN,22.749998,97.08718
2023-07-05 13:00:00,pm10,PIIANN,70.02,111.324005
2024-05-08 20:00:00,pm10,PIIANN,17.655996,95.679565
2021-09-06 14:00:00,pm10,PIIANN,65.22,95.35982
2024-10-01 17:00:00,pm10,PIIANN,127.82,116.878044
2023-04-02 03:00:00,pm10,PIIANN,263.265,118.38616
2024-12-06 22:00:00,pm10,PIIANN,51.52,97.83807
2022-05-02 17:00:00,pm10,PIIANN,96.83,103.93255
2025-11-13 00:00:00,pm10,PIIANN,396.02252,132.94048
2022-05-07 13:00:00,pm10,PIIANN,64.0,99.16847
2023-01-04 19:00:00,pm10,PIIANN,59.5775,102.2968
2021-06-06 21:00:00,pm10,PIIANN,47.2,96.779884
2021-05-10 10:00:00,pm10,PIIANN,42.200005,105.89822
2024-05-06 00:00:00,pm10,PIIANN,49.41,97.24119
2024-04-01 12:00:00,pm10,PIIANN,132.72,118.313034
2022-02-03 16:00:00,pm10,PIIANN,144.8,108.781815
2022-08-12 21:00:00,pm10,PIIANN,263.12,126.44857
2023-01-03 13:00:00,pm10,PIIANN,132.965,112.02823
2022-10-09 05:00:00,pm10,PIIANN,31.050001,98.92249
2024-07-12 12:00:00,pm10,PIIANN,119.58,111.74151
2024-11-04 04:00:00,pm10,PIIANN,118.44,107.57234
2022-02-10 08:00:00,pm10,PIIANN,59.580006,100.73781
2021-02-08 00:00:00,pm10,PIIANN,59.52,98.70948
2021-07-03 20:00:00,pm10,PIIANN,161.05,107.865234
2023-02-05 03:00:00,pm10,PIIANN,67.68,102.3633
2023-02-08 14:00:00,pm10,PIIANN,26.147497,98.29263
2025-10-10 20:00:00,pm10,PIIANN,64.87,102.38624
2022-02-01 17:00:00,pm10,PIIANN,134.12,115.42445
2021-11-11 10:00:00,pm10,PIIANN,126.0,112.15387
2021-06-05 19:00:00,pm10,PIIANN,37.0,93.29284
2024-12-11 16:00:00,pm10,PIIANN,81.77,104.50891
2024-09-10 01:00:00,pm10,PIIANN,49.79,100.78971
2023-03-09 21:00:00,pm10,PIIANN,40.4325,98.63042
2023-01-05 16:00:00,pm10,PIIANN,41.62,105.07286
2025-06-12 09:00:00,pm10,PIIANN,195.49,117.78991
2022-05-08 10:00:00,pm10,PIIANN,25.819998,97.84401
2022-04-03 02:00:00,pm10,PIIANN,242.72,112.6755
2025-06-12 16:00:00,pm10,PIIANN,148.64,115.311806
2025-12-12 01:00:00,pm10,PIIANN,440.38,128.02829
2025-07-01 21:00:00,pm10,PIIANN,183.98,104.63857
2021-06-05 12:00:00,pm10,PIIANN,35.42,98.131004
2021-03-08 02:00:00,pm10,PIIANN,76.6,98.37159
2024-11-12 17:00:00,pm10,PIIANN,128.47,113.4939
2022-02-04 20:00:00,pm10,PIIANN,46.1,98.249916
2025-08-12 09:00:00,pm10,PIIANN,249.56,125.822784
2025-03-11 16:00:00,pm10,PIIANN,143.82,102.201515
2022-07-12 10:00:00,pm10,PIIANN,247.35,127.24325
2021-12-09 21:00:00,pm10,PIIANN,26.480001,99.294975
2024-10-02 03:00:00,pm10,PIIANN,158.57,110.10506
2021-08-10 18:00:00,pm10,PIIANN,135.25,110.21273
2025-08-03 06:00:00,pm10,PIIANN,159.74,105.60323
2023-12-06 19:00:00,pm10,PIIANN,58.15,99.910805
2024-03-05 06:00:00,pm10,PIIANN,51.73,96.440315
2021-01-12 19:00:00,pm10,PIIANN,190.85,110.57898
2022-06-05 06:00:00,pm10,PIIANN,75.7,95.62032
2023-04-09 22:00:00,pm10,PIIANN,50.435,98.71741
2024-02-06 22:00:00,pm10,PIIANN,56.68,96.68669
2022-06-10 19:00:00,pm10,PIIANN,24.450003,97.10964
2021-06-10 18:00:00,pm10,PIIANN,57.28,106.61828
2023-06-08 23:00:00,pm10,PIIANN,44.623333,97.5148
2024-04-02 23:00:00,pm10,PIIANN,231.57,111.51213
2023-12-09 21:00:00,pm10,PIIANN,56.9875,100.55378
2024-02-05 17:00:00,pm10,PIIANN,99.23,108.03432
2022-05-07 04:00:00,pm10,PIIANN,27.599997,93.93746
2021-09-05 14:00:00,pm10,PIIANN,49.5,97.39169
2021-02-02 23:00:00,pm10,PIIANN,446.55,129.77051
2023-01-12 05:00:00,pm10,PIIANN,81.6,102.89714
2023-09-09 19:00:00,pm10,PIIANN,44.1,97.58819
2024-07-11 15:00:00,pm10,PIIANN,124.02,106.03221
2022-08-06 11:00:00,pm10,PIIANN,80.15,101.0335
2021-01-08 05:00:00,pm10,PIIANN,42.519997,98.68815
2022-12-02 11:00:00,pm10,PIIANN,140.07,117.2852
2024-08-13 00:00:00,pm10,PIIANN,239.58315,110.19514
2023-01-04 23:00:00,pm10,PIIANN,68.846664,101.64641
2024-06-12 07:00:00,pm10,PIIANN,174.26,114.802246
2024-07-07 21:00:00,pm10,PIIANN,43.52,96.690735
2021-05-04 10:00:00,pm10,PIIANN,83.9,105.62408
2025-11-05 05:00:00,pm10,PIIANN,77.56,102.14248
2022-11-04 03:00:00,pm10,PIIANN,24.980001,100.11109
2023-02-07 16:00:00,pm10,PIIANN,51.29,98.37923
2024-01-08 10:00:00,pm10,PIIANN,28.679998,99.97136
2023-05-09 19:00:00,pm10,PIIANN,30.247496,97.38189
2025-09-13 01:00:00,pm10,PIIANN,348.84366,128.85098
2023-05-01 13:00:00,pm10,PIIANN,195.0625,114.203804
2021-10-09 17:00:00,pm10,PIIANN,63.3,102.30809
2024-06-01 16:00:00,pm10,PIIANN,130.73,120.12318
2021-08-04 19:00:00,pm10,PIIANN,93.42,99.81563
2025-02-02 11:00:00,pm10,PIIANN,103.98,105.03543
2023-07-04 21:00:00,pm10,PIIANN,149.26,107.04822
2023-12-06 06:00:00,pm10,PIIANN,41.52,100.46351
2024-09-08 13:00:00,pm10,PIIANN,68.3,99.41755
2025-12-07 11:00:00,pm10,PIIANN,57.98,103.02319
2024-11-02 20:00:00,pm10,PIIANN,241.28,115.12681
2022-05-12 20:00:00,pm10,PIIANN,193.28,123.534966
2021-11-09 10:00:00,pm10,PIIANN,56.82,100.5637
2025-10-12 20:00:00,pm10,PIIANN,364.54,131.38388
2022-06-12 16:00:00,pm10,PIIANN,141.76,119.35226
2021-05-02 15:00:00,pm10,PIIANN,111.78,126.29156
2024-05-11 23:00:00,pm10,PIIANN,256.4525,110.66044
2021-05-12 08:00:00,pm10,PIIANN,69.03,108.54879
2022-11-08 03:00:00,pm10,PIIANN,27.069998,91.189
2024-08-02 07:00:00,pm10,PIIANN,102.51,108.55094
2025-01-05 05:00:00,pm10,PIIANN,106.89,104.69485
2023-03-10 00:00:00,pm10,PIIANN,39.322502,100.384186
2022-12-05 01:00:00,pm10,PIIANN,62.72,97.54321
2021-01-05 07:00:00,pm10,PIIANN,64.68,101.00855
2023-06-11 12:00:00,pm10,PIIANN,122.9975,108.31248
2021-12-09 08:00:00,pm10,PIIANN,28.749998,98.60907
2025-02-09 17:00:00,pm10,PIIANN,27.559996,105.99315
2021-09-05 03:00:00,pm10,PIIANN,18.9,97.238594
2021-12-07 13:00:00,pm10,PIIANN,28.22,99.29735
2023-09-05 16:00:00,pm10,PIIANN,115.595,106.125305
2025-09-03 21:00:00,pm10,PIIANN,128.45,101.75669
2024-03-08 13:00:00,pm10,PIIANN,29.58,98.663765
2025-12-06 16:00:00,pm10,PIIANN,35.78,103.35064
2023-03-08 15:00:00,pm10,PIIANN,55.7425,98.33732
2021-02-01 18:00:00,pm10,PIIANN,238.18,128.8377
2025-03-12 04:00:00,pm10,PIIANN,220.80998,128.73663
2024-11-07 04:00:00,pm10,PIIANN,39.64,99.246605
2021-12-03 16:00:00,pm10,PIIANN,88.48,103.87762
2023-10-09 23:00:00,pm10,PIIANN,35.493332,96.841515
2022-12-09 06:00:00,pm10,PIIANN,15.4,103.22867
2025-09-01 22:00:00,pm10,PIIANN,250.03998,115.22141
2024-01-07 01:00:00,pm10,PIIANN,44.28,97.31699
2025-10-12 03:00:00,pm10,PIIANN,327.15,135.13307
2025-04-03 23:00:00,pm10,PIIANN,68.04,102.581276
2025-05-07 12:00:00,pm10,PIIANN,59.120003,101.437515
2023-02-05 12:00:00,pm10,PIIANN,47.4925,107.957275
2021-11-06 05:00:00,pm10,PIIANN,41.4,91.955864
2022-05-11 19:00:00,pm10,PIIANN,117.1,114.996315
2025-03-12 21:00:00,pm10,PIIANN,288.32004,121.46029
2023-01-12 02:00:00,pm10,PIIANN,135.35,108.35638
2021-07-03 22:00:00,pm10,PIIANN,151.95,106.20627
2024-06-03 15:00:00,pm10,PIIANN,104.12,104.94562
2021-03-12 01:00:00,pm10,PIIANN,259.02,117.7089
2022-02-11 02:00:00,pm10,PIIANN,114.38,103.053894
2024-12-08 03:00:00,pm10,PIIANN,53.52,98.70174
2024-07-10 10:00:00,pm10,PIIANN,35.86,104.041435
2021-08-06 22:00:00,pm10,PIIANN,47.6,89.590004
2024-09-12 10:00:00,pm10,PIIANN,163.84,114.31954
2022-03-02 15:00:00,pm10,PIIANN,80.65,104.63826
2022-12-08 09:00:00,pm10,PIIANN,40.4,100.787796
2024-02-10 09:00:00,pm10,PIIANN,48.86,103.51512
2025-01-07 20:00:00,pm10,PIIANN,59.16,100.575455
2024-12-03 12:00:00,pm10,PIIANN,96.01,104.30083
2024-03-02 06:00:00,pm10,PIIANN,85.29,103.60256
2023-10-07 23:00:00,pm10,PIIANN,40.196667,96.985245
2023-05-06 23:00:00,pm10,PIIANN,72.07,90.51771
2023-09-11 05:00:00,pm10,PIIANN,295.9875,118.136246
2025-07-04 19:00:00,pm10,PIIANN,75.8,98.41425
2023-04-09 05:00:00,pm10,PIIANN,45.2625,98.45316
2022-03-10 10:00:00,pm10,PIIANN,32.92,99.4453
2024-09-12 14:00:00,pm10,PIIANN,147.52,112.61339
2023-10-02 10:00:00,pm10,PIIANN,227.225,122.89973
2023-06-02 22:00:00,pm10,PIIANN,110.7975,111.43295
2024-02-05 01:00:00,pm10,PIIANN,54.17,102.84756
2025-03-12 12:00:00,pm10,PIIANN,146.34,126.27621
2021-07-03 00:00:00,pm10,PIIANN,144.23,112.8028
2023-10-12 19:00:00,pm10,PIIANN,135.95,109.19088
2022-11-10 11:00:00,pm10,PIIANN,20.129995,98.518105
2025-09-10 21:00:00,pm10,PIIANN,86.72,101.101524
2022-08-07 14:00:00,pm10,PIIANN,28.83,97.82405
2022-11-05 13:00:00,pm10,PIIANN,43.299995,107.35268
2021-05-08 02:00:00,pm10,PIIANN,57.399998,96.86916
2025-10-12 16:00:00,pm10,PIIANN,217.24,126.17153
2023-06-03 17:00:00,pm10,PIIANN,74.325,109.46028
2025-02-02 01:00:00,pm10,PIIANN,98.56,105.837746
2022-01-11 15:00:00,pm10,PIIANN,94.28,108.6524
2024-12-11 14:00:00,pm10,PIIANN,73.96,105.73923
2023-09-06 05:00:00,pm10,PIIANN,43.72,99.630066
2021-03-01 16:00:00,pm10,PIIANN,184.18,130.59906
2023-04-09 17:00:00,pm10,PIIANN,26.480001,99.87984
2022-01-02 08:00:00,pm10,PIIANN,110.22,109.63738
2024-05-02 22:00:00,pm10,PIIANN,161.21,107.01796
2021-03-09 06:00:00,pm10,PIIANN,42.95,95.619865
2024-10-03 07:00:00,pm10,PIIANN,159.44,108.93173
2025-12-06 09:00:00,pm10,PIIANN,46.75,102.45049
2024-07-11 11:00:00,pm10,PIIANN,119.81,106.32048
2022-09-08 17:00:00,pm10,PIIANN,75.555,98.35599
2025-01-11 08:00:00,pm10,PIIANN,50.85,99.735825
2023-08-12 14:00:00,pm10,PIIANN,47.7925,102.56594
2025-05-09 20:00:00,pm10,PIIANN,72.08,115.795235
2023-05-03 18:00:00,pm10,PIIANN,103.4775,110.36154
2024-05-02 21:00:00,pm10,PIIANN,166.75,108.08853
2021-06-05 16:00:00,pm10,PIIANN,44.45,96.053955
2025-01-04 22:00:00,pm10,PIIANN,74.97,99.108
2021-07-02 07:00:00,pm10,PIIANN,75.82,116.62491
2024-10-12 19:00:00,pm10,PIIANN,167.88,109.716415
2021-11-07 00:00:00,pm10,PIIANN,48.3,92.48119
2024-07-08 15:00:00,pm10,PIIANN,30.249998,98.0183
2022-06-04 22:00:00,pm10,PIIANN,42.42,96.72987
2025-01-08 13:00:00,pm10,PIIANN,72.26,102.857086
2024-09-12 08:00:00,pm10,PIIANN,159.74,113.413734
2022-08-08 21:00:00,pm10,PIIANN,23.980001,96.99686
2025-04-05 19:00:00,pm10,PIIANN,58.260002,101.374664
2025-11-05 22:00:00,pm10,PIIANN,114.68,100.24516
2025-11-02 07:00:00,pm10,PIIANN,71.79,106.6168
2022-06-04 02:00:00,pm10,PIIANN,36.82,99.702065
2023-12-12 23:00:00,pm10,PIIANN,218.83,113.90755
2024-03-05 03:00:00,pm10,PIIANN,36.4,95.585526
2023-12-12 21:00:00,pm10,PIIANN,202.8,113.662506
2022-07-07 05:00:00,pm10,PIIANN,24.999998,96.5301
2025-02-12 04:00:00,pm10,PIIANN,255.58,123.23365
2023-05-07 12:00:00,pm10,PIIANN,46.67,98.35136
2021-12-01 17:00:00,pm10,PIIANN,178.2,121.898186
2023-10-03 04:00:00,pm10,PIIANN,130.905,107.67444
2022-04-12 11:00:00,pm10,PIIANN,195.09,129.4848
2024-02-08 20:00:00,pm10,PIIANN,37.63,98.55097
2023-03-10 02:00:00,pm10,PIIANN,28.9075,98.6794
2024-07-08 01:00:00,pm10,PIIANN,36.56,96.70333
2025-06-12 03:00:00,pm10,PIIANN,160.26,115.67703
2021-10-05 15:00:00,pm10,PIIANN,48.85,99.31796
2021-11-04 14:00:00,pm10,PIIANN,97.68,103.81755
2024-12-08 20:00:00,pm10,PIIANN,42.79,97.72937
2022-05-10 05:00:00,pm10,PIIANN,30.15,98.140945
2024-06-04 04:00:00,pm10,PIIANN,69.33,98.035965
2022-11-02 16:00:00,pm10,PIIANN,146.9,119.42661
2024-01-12 03:00:00,pm10,PIIANN,101.47,108.912125
2022-04-11 16:00:00,pm10,PIIANN,112.98,111.553314
2022-07-04 05:00:00,pm10,PIIANN,37.48,97.53147
2022-12-10 17:00:00,pm10,PIIANN,33.950005,97.4052
2025-07-10 21:00:00,pm10,PIIANN,78.28,101.203125
2021-02-11 14:00:00,pm10,PIIANN,105.4,119.79899
2021-09-10 15:00:00,pm10,PIIANN,156.98,112.82332
2025-10-11 12:00:00,pm10,PIIANN,199.09,121.626045
2022-04-02 05:00:00,pm10,PIIANN,61.97,103.164986
2025-12-04 14:00:00,pm10,PIIANN,64.91,102.80921
2021-07-02 21:00:00,pm10,PIIANN,371.72,109.92802
2022-02-02 01:00:00,pm10,PIIANN,123.85,111.23379
2023-03-04 03:00:00,pm10,PIIANN,43.1875,100.14167
2025-04-06 16:00:00,pm10,PIIANN,71.9,111.42194
2021-08-09 22:00:00,pm10,PIIANN,58.649998,99.42415
2025-12-09 18:00:00,pm10,PIIANN,52.189995,98.73094
2023-06-03 20:00:00,pm10,PIIANN,132.28,111.69384
2022-08-01 23:00:00,pm10,PIIANN,320.3,126.04747
2023-07-03 10:00:00,pm10,PIIANN,128.6475,108.27921
2025-05-11 01:00:00,pm10,PIIANN,324.35,116.93131
2025-03-12 08:00:00,pm10,PIIANN,192.28,128.991
2022-07-04 11:00:00,pm10,PIIANN,47.1,98.120674
2024-02-10 19:00:00,pm10,PIIANN,101.79,100.86906
2023-09-01 23:00:00,pm10,PIIANN,217.54,120.81352
2021-02-10 18:00:00,pm10,PIIANN,38.25,105.777626
2022-06-01 12:00:00,pm10,PIIANN,241.78334,126.4995
2023-07-05 20:00:00,pm10,PIIANN,128.575,109.09222
2024-07-03 11:00:00,pm10,PIIANN,110.64,106.376884
2025-02-03 15:00:00,pm10,PIIANN,73.22,106.22499
2022-08-04 04:00:00,pm10,PIIANN,33.4,98.155266
2023-05-04 12:00:00,pm10,PIIANN,80.475,99.732956
2025-06-10 00:00:00,pm10,PIIANN,77.71,104.87051
2021-04-10 18:00:00,pm10,PIIANN,49.58,107.75163
2022-08-06 09:00:00,pm10,PIIANN,81.73,100.32544
2025-01-12 19:00:00,pm10,PIIANN,217.04,124.42902
2025-04-10 19:00:00,pm10,PIIANN,67.38,100.56117
2023-02-12 16:00:00,pm10,PIIANN,103.095,105.66023
2025-07-02 09:00:00,pm10,PIIANN,115.21,113.10437
2025-09-10 10:00:00,pm10,PIIANN,104.47,105.66551
2023-05-10 13:00:00,pm10,PIIANN,49.9075,97.04305
2022-11-08 22:00:00,pm10,PIIANN,32.33,98.45985
2024-04-09 20:00:00,pm10,PIIANN,43.02,96.81668
2024-09-10 17:00:00,pm10,PIIANN,75.555,99.77301
2024-01-09 23:00:00,pm10,PIIANN,42.77,97.937416
2022-08-09 11:00:00,pm10,PIIANN,84.1,99.193504
2023-08-09 03:00:00,pm10,PIIANN,26.412497,97.39184
2025-07-05 14:00:00,pm10,PIIANN,115.99,106.451706
2021-07-02 19:00:00,pm10,PIIANN,119.98,109.61854
2022-07-10 11:00:00,pm10,PIIANN,23.520002,98.83941
2025-12-07 07:00:00,pm10,PIIANN,62.06,102.24841
2022-06-05 13:00:00,pm10,PIIANN,72.65,101.24019
2024-06-03 21:00:00,pm10,PIIANN,177.12,101.95412
2025-10-11 14:00:00,pm10,PIIANN,169.42,119.67215
2022-10-12 19:00:00,pm10,PIIANN,216.9,121.50181
2024-09-06 16:00:00,pm10,PIIANN,63.08,100.30628
2021-08-11 06:00:00,pm10,PIIANN,161.1,110.248085
2021-02-07 08:00:00,pm10,PIIANN,52.45,100.146645
2023-12-07 11:00:00,pm10,PIIANN,25.669996,99.947624
2024-08-08 15:00:00,pm10,PIIANN,36.61,98.581116
2023-10-05 09:00:00,pm10,PIIANN,49.7275,100.73747
2025-07-01 22:00:00,pm10,PIIANN,177.85,105.85178
2023-11-12 21:00:00,pm10,PIIANN,182.2875,110.28174
2025-03-09 08:00:00,pm10,PIIANN,30.859999,108.4917
2025-01-11 00:00:00,pm10,PIIANN,55.34,101.92016
2022-10-08 07:00:00,pm10,PIIANN,75.555,92.503914
2022-10-11 00:00:00,pm10,PIIANN,273.3,97.402374
2021-06-11 02:00:00,pm10,PIIANN,183.9,114.72305
2021-08-08 06:00:00,pm10,PIIANN,63.92,97.84213
2024-01-02 02:00:00,pm10,PIIANN,93.6,105.77938
2023-03-06 11:00:00,pm10,PIIANN,78.49,102.94301
2024-01-11 19:00:00,pm10,PIIANN,128.14,108.336235
2023-09-03 12:00:00,pm10,PIIANN,135.57,109.93765
2025-11-11 03:00:00,pm10,PIIANN,260.98,121.40117
2023-11-06 22:00:00,pm10,PIIANN,57.4225,100.47233
2024-06-09 20:00:00,pm10,PIIANN,36.32,97.47872
2021-02-07 23:00:00,pm10,PIIANN,58.5,97.35245
2024-11-11 17:00:00,pm10,PIIANN,77.87,104.85742
2023-07-10 15:00:00,pm10,PIIANN,72.245,101.377144
2021-01-05 13:00:00,pm10,PIIANN,65.42,100.40507
2022-10-05 16:00:00,pm10,PIIANN,38.18,102.18667
2023-12-02 06:00:00,pm10,PIIANN,81.8425,106.70925
2024-01-12 04:00:00,pm10,PIIANN,101.58,107.52399
2021-05-11 12:00:00,pm10,PIIANN,111.12,122.63463
2025-06-05 14:00:00,pm10,PIIANN,84.54,102.38088
2023-05-08 18:00:00,pm10,PIIANN,46.265,99.830055
2023-03-13 01:00:00,pm10,PIIANN,214.00761,107.505165
2025-11-06 05:00:00,pm10,PIIANN,81.21,104.23204
2021-10-02 16:00:00,pm10,PIIANN,151.3,129.8228
2025-05-03 21:00:00,pm10,PIIANN,41.05,103.007225
2021-02-07 12:00:00,pm10,PIIANN,65.22,101.25978
2025-05-09 12:00:00,pm10,PIIANN,62.6,116.11785
2025-06-12 13:00:00,pm10,PIIANN,147.05,117.835365
2024-12-08 00:00:00,pm10,PIIANN,61.66,99.29399
2021-02-04 22:00:00,pm10,PIIANN,114.78,102.856636
2021-04-12 14:00:00,pm10,PIIANN,181.15,111.043
2021-04-03 08:00:00,pm10,PIIANN,348.9,115.97617
2024-07-07 06:00:00,pm10,PIIANN,32.21,96.94658
2025-08-06 14:00:00,pm10,PIIANN,110.64,103.05725
2022-10-01 23:00:00,pm10,PIIANN,248.4,121.11911
2021-12-03 11:00:00,pm10,PIIANN,77.4,102.82567
2021-09-04 16:00:00,pm10,PIIANN,73.5,101.53138
2021-08-11 18:00:00,pm10,PIIANN,112.38,112.76161
2025-09-07 02:00:00,pm10,PIIANN,51.870003,101.390076
2023-02-11 05:00:00,pm10,PIIANN,126.165,107.21038
2023-01-03 20:00:00,pm10,PIIANN,107.86,111.5937
2024-02-11 02:00:00,pm10,PIIANN,589.13,103.448715
2021-02-08 06:00:00,pm10,PIIANN,49.999996,97.83445
2021-01-12 17:00:00,pm10,PIIANN,103.38,111.0175
2022-04-05 19:00:00,pm10,PIIANN,55.55,99.488976
2025-11-06 12:00:00,pm10,PIIANN,68.82,104.85231
2023-01-07 06:00:00,pm10,PIIANN,41.175,98.82452
2022-06-11 00:00:00,pm10,PIIANN,174.58,98.25681
2021-05-07 03:00:00,pm10,PIIANN,53.7,96.83803
2025-06-05 18:00:00,pm10,PIIANN,83.85,101.71904
2024-06-02 11:00:00,pm10,PIIANN,109.0775,109.49617
2025-12-11 11:00:00,pm10,PIIANN,230.69,127.04755
2022-03-06 09:00:00,pm10,PIIANN,69.85,100.06982
2021-08-02 14:00:00,pm10,PIIANN,75.555,117.889984
2023-11-03 20:00:00,pm10,PIIANN,144.9375,110.44441
2022-01-08 17:00:00,pm10,PIIANN,66.48,97.97381
2024-09-12 06:00:00,pm10,PIIANN,170.66,114.36002
2022-04-05 12:00:00,pm10,PIIANN,51.5,96.41523
2021-06-05 07:00:00,pm10,PIIANN,32.480003,97.27609
2021-01-07 03:00:00,pm10,PIIANN,42.45,99.59447
2021-04-06 23:00:00,pm10,PIIANN,59.0,96.03562
2025-01-10 10:00:00,pm10,PIIANN,75.1,105.70607
2021-06-06 09:00:00,pm10,PIIANN,48.55,97.709335
2021-09-13 00:00:00,pm10,PIIANN,65.675545,105.044136
2023-01-03 03:00:00,pm10,PIIANN,80.225,106.966606
2024-05-02 01:00:00,pm10,PIIANN,132.56,113.42488
2022-01-06 22:00:00,pm10,PIIANN,62.92,100.30383
2022-04-12 06:00:00,pm10,PIIANN,194.59,126.99956
2023-03-03 13:00:00,pm10,PIIANN,82.1,112.896774
2022-09-11 16:00:00,pm10,PIIANN,85.5,112.11983
2024-07-09 07:00:00,pm10,PIIANN,35.15,98.51645
2025-05-11 06:00:00,pm10,PIIANN,288.47,126.581055
2021-09-02 18:00:00,pm10,PIIANN,137.08,123.81658
2022-11-06 04:00:00,pm10,PIIANN,57.799995,100.37988
2023-01-02 07:00:00,pm10,PIIANN,106.7,125.49818
2022-08-11 12:00:00,pm10,PIIANN,114.68,110.24222
2025-12-07 22:00:00,pm10,PIIANN,50.230003,103.37436
2022-08-09 15:00:00,pm10,PIIANN,37.72,99.61306
2022-01-03 02:00:00,pm10,PIIANN,240.23,111.907715
2024-12-01 23:00:00,pm10,PIIANN,228.73,112.78046
2023-05-07 20:00:00,pm10,PIIANN,29.885,96.50582
2021-02-04 06:00:00,pm10,PIIANN,104.48,105.48537
2025-01-13 02:00:00,pm10,PIIANN,274.41382,115.936714
2022-08-07 05:00:00,pm10,PIIANN,26.879995,96.3651
2023-11-04 16:00:00,pm10,PIIANN,103.8375,109.839615
2024-09-04 22:00:00,pm10,PIIANN,128.82,101.13707
2025-12-11 19:00:00,pm10,PIIANN,281.75,124.69664
2024-12-06 08:00:00,pm10,PIIANN,46.04,98.76817
2022-03-05 02:00:00,pm10,PIIANN,40.52,97.22079
2023-04-04 13:00:00,pm10,PIIANN,53.1425,101.7021
2024-01-10 08:00:00,pm10,PIIANN,65.01,102.25162
2023-07-04 01:00:00,pm10,PIIANN,123.7875,102.746414
2023-11-06 13:00:00,pm10,PIIANN,52.2625,102.56948
2024-12-07 15:00:00,pm10,PIIANN,37.28,101.147766
2022-04-08 03:00:00,pm10,PIIANN,40.100002,96.422424
2023-09-06 10:00:00,pm10,PIIANN,56.8725,99.8539
2024-02-07 07:00:00,pm10,PIIANN,31.059996,98.389244
2021-09-02 02:00:00,pm10,PIIANN,252.62857,122.572655
2021-01-09 08:00:00,pm10,PIIANN,39.6,98.900055
2024-01-12 13:00:00,pm10,PIIANN,75.71,107.77704
2025-08-04 16:00:00,pm10,PIIANN,56.540005,99.6518
2022-08-09 10:00:00,pm10,PIIANN,56.65,98.760025
2022-01-12 00:00:00,pm10,PIIANN,313.51,103.03879
2024-04-04 02:00:00,pm10,PIIANN,232.77,97.95744
2023-07-04 17:00:00,pm10,PIIANN,96.5825,108.60812
2025-06-08 18:00:00,pm10,PIIANN,81.77,99.96864
2025-12-01 10:00:00,pm10,PIIANN,190.1,127.80904
2023-05-05 00:00:00,pm10,PIIANN,30.029997,103.71933
2024-05-07 00:00:00,pm10,PIIANN,43.33,96.69892
2023-03-11 01:00:00,pm10,PIIANN,180.9525,105.89296
2022-03-10 14:00:00,pm10,PIIANN,30.520002,98.608086
2023-10-03 10:00:00,pm10,PIIANN,172.5275,110.34969
2021-04-12 03:00:00,pm10,PIIANN,158.02,113.677475
2025-11-10 12:00:00,pm10,PIIANN,104.26,106.241325
2021-02-03 04:00:00,pm10,PIIANN,111.28,106.36631
2021-05-05 21:00:00,pm10,PIIANN,31.550001,97.35578
2022-09-03 18:00:00,pm10,PIIANN,114.7,112.29339
2022-12-05 17:00:00,pm10,PIIANN,58.45,101.20454
2025-12-05 16:00:00,pm10,PIIANN,132.29,104.84925
2021-01-04 15:00:00,pm10,PIIANN,149.55,112.224915
2021-09-05 05:00:00,pm10,PIIANN,30.65,96.05083
2025-08-06 19:00:00,pm10,PIIANN,100.72,96.82236
2021-02-10 12:00:00,pm10,PIIANN,42.15,106.99171
2023-01-09 14:00:00,pm10,PIIANN,122.385,101.48154
2022-11-04 20:00:00,pm10,PIIANN,36.22,97.87941
2021-08-11 01:00:00,pm10,PIIANN,167.77,115.29067
2021-04-09 13:00:00,pm10,PIIANN,111.68,99.08836
2022-03-09 06:00:00,pm10,PIIANN,18.77001,98.044365
2022-03-10 04:00:00,pm10,PIIANN,53.279995,96.93008
2024-07-06 17:00:00,pm10,PIIANN,57.71,99.90182
2022-08-04 09:00:00,pm10,PIIANN,39.7,99.16883
2021-12-09 20:00:00,pm10,PIIANN,25.799994,99.17136
2025-04-05 08:00:00,pm10,PIIANN,91.99,102.276344
2022-03-08 14:00:00,pm10,PIIANN,49.219997,98.91267
2023-10-02 11:00:00,pm10,PIIANN,227.135,122.299675
2025-12-10 00:00:00,pm10,PIIANN,82.58,99.18931
2022-09-07 19:00:00,pm10,PIIANN,37.6,97.010185
2022-11-08 07:00:00,pm10,PIIANN,30.749998,97.51338
2022-11-11 15:00:00,pm10,PIIANN,105.82,110.641075
2023-02-05 14:00:00,pm10,PIIANN,34.32,108.61816
2024-11-04 21:00:00,pm10,PIIANN,116.58,105.027245
2025-09-02 19:00:00,pm10,PIIANN,146.65,111.822495
2023-09-06 21:00:00,pm10,PIIANN,45.88,97.15413
2023-11-08 04:00:00,pm10,PIIANN,62.125,101.821
2022-03-06 13:00:00,pm10,PIIANN,84.35,100.36849
2024-06-09 15:00:00,pm10,PIIANN,44.540005,98.85186
2022-11-07 11:00:00,pm10,PIIANN,28.599997,99.55209
2021-12-11 19:00:00,pm10,PIIANN,102.95,104.40717
2022-06-05 12:00:00,pm10,PIIANN,68.78,99.939606
2022-10-09 03:00:00,pm10,PIIANN,24.480001,98.77884
2025-06-04 13:00:00,pm10,PIIANN,94.63,101.94429
2023-10-08 23:00:00,pm10,PIIANN,110.76,100.97447
2022-02-11 23:00:00,pm10,PIIANN,119.27,101.36104
2023-08-05 14:00:00,pm10,PIIANN,61.9325,97.788864
2021-04-10 00:00:00,pm10,PIIANN,37.0,95.96196
2024-09-05 10:00:00,pm10,PIIANN,28.389997,102.42916
2024-09-12 09:00:00,pm10,PIIANN,163.95,114.28752
2021-11-12 19:00:00,pm10,PIIANN,188.65,120.92223
2024-03-12 13:00:00,pm10,PIIANN,92.89,113.4523
2024-08-02 21:00:00,pm10,PIIANN,135.26,104.68912
2024-06-11 00:00:00,pm10,PIIANN,162.56,101.62794
2021-09-08 14:00:00,pm10,PIIANN,76.03,100.19818
2025-04-09 22:00:00,pm10,PIIANN,51.480003,106.73107
2022-07-09 15:00:00,pm10,PIIANN,43.5,101.30002
2021-03-07 14:00:00,pm10,PIIANN,51.1,99.9789
2025-12-08 17:00:00,pm10,PIIANN,65.93,102.06577
2025-07-12 01:00:00,pm10,PIIANN,323.41,123.25741
2024-11-08 19:00:00,pm10,PIIANN,62.62,97.81511
2023-08-10 18:00:00,pm10,PIIANN,72.1625,99.91786
2025-07-06 02:00:00,pm10,PIIANN,67.23,102.208275
2023-12-02 04:00:00,pm10,PIIANN,87.7025,108.03778
2022-02-03 12:00:00,pm10,PIIANN,142.95,113.56482
2021-11-05 03:00:00,pm10,PIIANN,29.58,97.17469
2023-05-11 17:00:00,pm10,PIIANN,127.3925,105.00288
2023-03-12 10:00:00,pm10,PIIANN,171.08,110.44791
2025-04-07 10:00:00,pm10,PIIANN,54.92,99.9644
2021-06-09 02:00:00,pm10,PIIANN,10.380003,94.99527
2024-07-03 20:00:00,pm10,PIIANN,152.75,103.61038
2023-02-10 12:00:00,pm10,PIIANN,38.7975,100.31121
2024-07-04 16:00:00,pm10,PIIANN,75.9,101.72199
2022-04-04 05:00:00,pm10,PIIANN,37.42,94.7897
2021-05-08 20:00:00,pm10,PIIANN,61.08,97.84283
2025-12-02 17:00:00,pm10,PIIANN,116.92,110.28764
2021-02-09 08:00:00,pm10,PIIANN,26.919996,97.74289
2023-08-04 05:00:00,pm10,PIIANN,74.705,103.005745
2025-12-03 18:00:00,pm10,PIIANN,150.48,106.46211
2022-12-06 20:00:00,pm10,PIIANN,54.18,98.022354
2021-04-07 07:00:00,pm10,PIIANN,56.75,98.71431
2022-02-02 15:00:00,pm10,PIIANN,136.8,109.10928
2025-11-08 02:00:00,pm10,PIIANN,36.440002,100.926254
2025-11-10 04:00:00,pm10,PIIANN,75.66,102.142
2025-09-10 06:00:00,pm10,PIIANN,85.24,104.47637
2023-10-07 05:00:00,pm10,PIIANN,36.2525,98.17476
2021-11-01 21:00:00,pm10,PIIANN,200.6,117.69005
2024-07-03 13:00:00,pm10,PIIANN,107.4,107.05302
2022-06-09 01:00:00,pm10,PIIANN,49.65,92.15755
2022-08-02 11:00:00,pm10,PIIANN,121.95,108.795204
2022-12-04 21:00:00,pm10,PIIANN,47.72,97.77955
2021-12-01 23:00:00,pm10,PIIANN,182.25,119.09317
2025-09-05 14:00:00,pm10,PIIANN,111.29,103.47337
2023-04-11 13:00:00,pm10,PIIANN,101.2425,105.59054
2023-03-03 04:00:00,pm10,PIIANN,108.055,110.372604
2025-03-10 17:00:00,pm10,PIIANN,74.81,100.51836
2022-06-02 02:00:00,pm10,PIIANN,115.68,116.15482
2022-03-02 11:00:00,pm10,PIIANN,77.07,107.033745
2021-01-12 08:00:00,pm10,PIIANN,184.95,117.459435
2025-10-02 21:00:00,pm10,PIIANN,105.04,107.84662
2025-02-11 13:00:00,pm10,PIIANN,57.14,101.66561
2024-05-10 04:00:00,pm10,PIIANN,45.94,99.80326
2024-05-01 11:00:00,pm10,PIIANN,177.08,123.98421
2025-06-05 21:00:00,pm10,PIIANN,82.48,100.67533
2024-06-12 04:00:00,pm10,PIIANN,188.07,114.04989
2023-03-03 11:00:00,pm10,PIIANN,139.31667,113.97836
2022-12-05 03:00:00,pm10,PIIANN,57.72,98.17519
2025-08-13 00:00:00,pm10,PIIANN,407.29263,120.774055
2023-04-12 23:00:00,pm10,PIIANN,175.22667,105.62332
2024-01-12 05:00:00,pm10,PIIANN,105.51,106.33334
2022-09-03 08:00:00,pm10,PIIANN,203.42,112.76075
2023-12-12 11:00:00,pm10,PIIANN,97.015,117.72104
2025-07-03 11:00:00,pm10,PIIANN,45.9,100.08125
2022-11-05 03:00:00,pm10,PIIANN,46.47,107.09732
2022-03-04 00:00:00,pm10,PIIANN,48.35,114.58962
2021-07-06 13:00:00,pm10,PIIANN,50.2,100.698105
2023-04-03 12:00:00,pm10,PIIANN,118.79,110.63279
2023-05-03 02:00:00,pm10,PIIANN,161.23,110.23668
2023-03-07 14:00:00,pm10,PIIANN,46.235,98.35465
2025-07-05 00:00:00,pm10,PIIANN,74.93,96.71638
2023-06-02 20:00:00,pm10,PIIANN,111.46,114.6087
2025-01-03 04:00:00,pm10,PIIANN,57.399998,103.82922
2024-09-02 12:00:00,pm10,PIIANN,94.28,109.00216
2021-06-01 17:00:00,pm10,PIIANN,238.65,123.17074
2024-11-04 22:00:00,pm10,PIIANN,122.55,103.84488
2022-03-09 22:00:00,pm10,PIIANN,45.9,97.01474
2021-06-07 22:00:00,pm10,PIIANN,68.47,98.21087
2024-02-01 20:00:00,pm10,PIIANN,158.57,116.84147
2023-10-10 10:00:00,pm10,PIIANN,113.9875,105.36475
2023-10-02 06:00:00,pm10,PIIANN,232.4825,119.5966
2022-01-04 20:00:00,pm10,PIIANN,63.9,99.03043
2024-04-01 22:00:00,pm10,PIIANN,374.6,115.01127
2023-05-12 13:00:00,pm10,PIIANN,75.945,108.0712
2022-01-10 17:00:00,pm10,PIIANN,71.25,101.53319
2025-02-08 13:00:00,pm10,PIIANN,85.42,103.41174
2025-11-11 20:00:00,pm10,PIIANN,239.18,118.848564
2024-07-04 04:00:00,pm10,PIIANN,56.000004,98.57051
2022-06-12 22:00:00,pm10,PIIANN,259.71,117.7233
2023-06-12 02:00:00,pm10,PIIANN,69.46,103.72431
2023-03-12 08:00:00,pm10,PIIANN,170.2675,109.01319
2023-08-03 21:00:00,pm10,PIIANN,118.775,110.41203
2021-06-08 21:00:00,pm10,PIIANN,65.22,97.099686
2021-03-03 22:00:00,pm10,PIIANN,234.7,111.06409
2025-09-06 20:00:00,pm10,PIIANN,95.61,102.97421
2025-05-08 19:00:00,pm10,PIIANN,78.1,100.20969
2023-06-10 05:00:00,pm10,PIIANN,45.3325,96.446205
2022-02-10 18:00:00,pm10,PIIANN,39.5,99.28438
2022-06-03 17:00:00,pm10,PIIANN,134.6,108.59848
2023-08-09 21:00:00,pm10,PIIANN,45.6,99.09402
2024-10-12 04:00:00,pm10,PIIANN,176.66,112.25487
2024-02-08 12:00:00,pm10,PIIANN,21.789999,99.74277
2025-03-09 11:00:00,pm10,PIIANN,24.629995,108.31067
2023-08-10 15:00:00,pm10,PIIANN,64.5225,101.37561
2021-02-02 09:00:00,pm10,PIIANN,319.8,133.87907
2021-01-06 03:00:00,pm10,PIIANN,57.099995,97.86017
2025-03-07 11:00:00,pm10,PIIANN,33.83,100.47934
2021-04-07 04:00:00,pm10,PIIANN,50.780003,97.61274
2025-04-06 11:00:00,pm10,PIIANN,67.39,106.267265
2023-07-07 12:00:00,pm10,PIIANN,26.58,97.73521
2025-12-03 03:00:00,pm10,PIIANN,101.48,104.111404
2024-05-10 06:00:00,pm10,PIIANN,53.94,101.5357
2022-09-07 21:00:00,pm10,PIIANN,36.15,97.643745
2023-03-04 16:00:00,pm10,PIIANN,52.68,103.94399
2023-09-04 05:00:00,pm10,PIIANN,84.85,102.17171
2021-11-07 18:00:00,pm10,PIIANN,21.999998,97.69141
2021-11-10 23:00:00,pm10,PIIANN,181.48,113.64353
2025-02-01 23:00:00,pm10,PIIANN,217.47,110.252754
2023-04-05 11:00:00,pm10,PIIANN,32.7875,103.58816
2024-01-11 05:00:00,pm10,PIIANN,95.48,103.603165
2021-03-05 01:00:00,pm10,PIIANN,48.78,99.59216
2024-05-02 03:00:00,pm10,PIIANN,105.06,113.82741
2021-10-05 08:00:00,pm10,PIIANN,38.95,98.876205
2021-08-05 15:00:00,pm10,PIIANN,56.12,98.00654
2025-08-07 16:00:00,pm10,PIIANN,32.490005,100.40417
2021-09-10 13:00:00,pm10,PIIANN,133.38,111.64985
2023-07-09 08:00:00,pm10,PIIANN,28.995,97.63407
2025-03-03 12:00:00,pm10,PIIANN,57.480003,103.77565
2024-01-12 00:00:00,pm10,PIIANN,113.6,109.57305
2021-08-01 16:00:00,pm10,PIIANN,111.95,122.22711
2022-01-11 20:00:00,pm10,PIIANN,110.65,104.084404
2023-07-12 12:00:00,pm10,PIIANN,54.01,102.70411
2024-11-08 14:00:00,pm10,PIIANN,51.74,99.97658
2023-12-07 12:00:00,pm10,PIIANN,27.535002,99.47227
2023-10-03 01:00:00,pm10,PIIANN,125.7775,107.33949
2025-07-09 12:00:00,pm10,PIIANN,54.81,105.06016
2023-01-02 08:00:00,pm10,PIIANN,109.47,124.999825
2025-05-05 10:00:00,pm10,PIIANN,60.24,101.98095
2025-07-11 14:00:00,pm10,PIIANN,186.35999,117.18037
2023-11-09 14:00:00,pm10,PIIANN,33.2575,98.68203
2021-09-09 04:00:00,pm10,PIIANN,54.600002,97.271095
2023-05-01 12:00:00,pm10,PIIANN,180.4125,114.91984
2023-02-09 04:00:00,pm10,PIIANN,111.3525,101.36994
2024-10-02 08:00:00,pm10,PIIANN,171.62,111.3273
2022-03-06 12:00:00,pm10,PIIANN,79.78,100.73667
2025-08-11 02:00:00,pm10,PIIANN,154.67,114.80396
2023-04-05 22:00:00,pm10,PIIANN,31.999998,100.8779
2023-07-01 19:00:00,pm10,PIIANN,228.1425,104.66815
2025-07-05 01:00:00,pm10,PIIANN,72.64,97.803314
2024-06-11 13:00:00,pm10,PIIANN,50.930004,107.337875
2025-05-11 18:00:00,pm10,PIIANN,195.24,123.51271
2023-12-12 08:00:00,pm10,PIIANN,171.66,116.292435
2023-11-03 00:00:00,pm10,PIIANN,306.765,108.89256
2023-02-02 20:00:00,pm10,PIIANN,124.5125,108.51206
2023-03-04 01:00:00,pm10,PIIANN,55.8325,103.4577
2021-04-11 19:00:00,pm10,PIIANN,169.25,117.781075
2023-12-10 09:00:00,pm10,PIIANN,134.8875,110.22639
2023-09-07 15:00:00,pm10,PIIANN,45.225,99.7696
2021-12-11 03:00:00,pm10,PIIANN,138.9,114.99398
2021-07-06 17:00:00,pm10,PIIANN,48.88,98.50378
2024-04-03 08:00:00,pm10,PIIANN,126.33,105.031136
2023-11-04 17:00:00,pm10,PIIANN,96.886665,110.97833
2023-03-11 22:00:00,pm10,PIIANN,125.1575,107.366425
2023-05-07 01:00:00,pm10,PIIANN,33.050003,94.21989
2024-04-12 12:00:00,pm10,PIIANN,141.59,117.98446
2024-09-10 15:00:00,pm10,PIIANN,75.555,102.6926
2025-09-03 18:00:00,pm10,PIIANN,113.3,104.38967
2023-10-07 14:00:00,pm10,PIIANN,59.0025,98.80985
2022-07-06 08:00:00,pm10,PIIANN,65.85,99.60069
2022-03-04 07:00:00,pm10,PIIANN,36.32,98.45918
2025-04-10 15:00:00,pm10,PIIANN,65.11,101.78797
2024-08-01 13:00:00,pm10,PIIANN,194.51,124.23967
2021-08-05 18:00:00,pm10,PIIANN,52.9,98.00812
2024-03-04 15:00:00,pm10,PIIANN,138.05,110.26113
2024-03-09 20:00:00,pm10,PIIANN,40.560005,96.96096
2025-09-06 13:00:00,pm10,PIIANN,137.28,104.3033
2023-08-01 22:00:00,pm10,PIIANN,256.7675,121.55548
2024-12-05 05:00:00,pm10,PIIANN,32.690002,102.8895
2023-08-11 08:00:00,pm10,PIIANN,185.7325,115.279785
2021-02-04 10:00:00,pm10,PIIANN,115.82,107.267235
2025-01-10 02:00:00,pm10,PIIANN,59.86,104.62591
2022-10-01 11:00:00,pm10,PIIANN,186.2,117.658066
2021-05-07 17:00:00,pm10,PIIANN,55.38,98.05257
2025-08-08 00:00:00,pm10,PIIANN,53.270004,100.96325
2025-10-05 10:00:00,pm10,PIIANN,93.15,104.89919
2023-03-05 12:00:00,pm10,PIIANN,41.2875,106.18962
2022-04-11 09:00:00,pm10,PIIANN,148.45,115.46736
2024-12-10 22:00:00,pm10,PIIANN,59.820004,103.60831
2022-09-04 13:00:00,pm10,PIIANN,34.9,95.77742
2024-12-09 10:00:00,pm10,PIIANN,80.2,95.786514
2023-11-07 17:00:00,pm10,PIIANN,33.5075,98.18079
2022-11-11 00:00:00,pm10,PIIANN,164.42,98.11244
2024-03-10 19:00:00,pm10,PIIANN,75.99,102.65584
2024-07-02 11:00:00,pm10,PIIANN,103.47,118.02276
2024-08-01 09:00:00,pm10,PIIANN,200.0,126.443825
2022-06-01 20:00:00,pm10,PIIANN,348.05,126.808914
2025-01-01 17:00:00,pm10,PIIANN,115.72,106.55527
2025-12-05 12:00:00,pm10,PIIANN,178.16,107.53581
2022-09-05 19:00:00,pm10,PIIANN,25.279997,90.76017
2022-05-08 05:00:00,pm10,PIIANN,26.499998,96.79859
2022-04-08 19:00:00,pm10,PIIANN,27.999998,96.8258
2024-02-13 02:00:00,pm10,PIIANN,182.44582,107.60361
2022-05-11 15:00:00,pm10,PIIANN,84.12,118.88489
2023-01-03 02:00:00,pm10,PIIANN,73.8275,107.104576
2021-12-01 13:00:00,pm10,PIIANN,163.82,125.5393
2025-12-04 15:00:00,pm10,PIIANN,72.34,105.307594
2024-02-09 07:00:00,pm10,PIIANN,33.0,94.08346
2025-09-08 01:00:00,pm10,PIIANN,45.66,97.55281
2022-05-03 17:00:00,pm10,PIIANN,132.55,118.95842
2023-10-06 04:00:00,pm10,PIIANN,33.002502,94.27203
2023-12-02 17:00:00,pm10,PIIANN,101.11,104.70371
2023-01-12 21:00:00,pm10,PIIANN,158.485,99.66084
2025-04-05 16:00:00,pm10,PIIANN,69.36,103.246635
2022-02-10 14:00:00,pm10,PIIANN,45.22,100.03128
2023-06-08 17:00:00,pm10,PIIANN,34.230003,99.807556
2025-07-10 09:00:00,pm10,PIIANN,96.34,104.07027
2023-06-06 01:00:00,pm10,PIIANN,66.2275,96.54129
2023-03-06 15:00:00,pm10,PIIANN,84.92,102.57809
2021-04-01 12:00:00,pm10,PIIANN,196.4,133.46814
2021-12-09 00:00:00,pm10,PIIANN,42.32,98.36018
2021-12-05 02:00:00,pm10,PIIANN,25.17999,97.271385
2022-07-06 05:00:00,pm10,PIIANN,59.95,98.97293
2024-05-10 20:00:00,pm10,PIIANN,49.42,99.66648
2025-12-07 19:00:00,pm10,PIIANN,65.84,102.25115
2025-10-10 17:00:00,pm10,PIIANN,77.56,104.0124
2021-12-06 11:00:00,pm10,PIIANN,40.05,100.31969
2021-05-05 10:00:00,pm10,PIIANN,47.53,98.14712
2023-07-07 06:00:00,pm10,PIIANN,32.707504,96.836365
2024-01-01 12:00:00,pm10,PIIANN,180.95,121.64549
2025-03-03 20:00:00,pm10,PIIANN,69.28,103.56368
2021-06-02 13:00:00,pm10,PIIANN,172.3,128.92552
2023-06-04 23:00:00,pm10,PIIANN,153.82666,105.9464
2022-02-10 12:00:00,pm10,PIIANN,51.92,100.19146
2025-07-04 14:00:00,pm10,PIIANN,58.45,100.14838
2025-02-06 18:00:00,pm10,PIIANN,132.52,100.42701
2025-06-07 14:00:00,pm10,PIIANN,50.99,100.48938
2025-06-04 19:00:00,pm10,PIIANN,74.65,99.378296
2025-07-05 23:00:00,pm10,PIIANN,85.39,98.931915
2025-05-11 08:00:00,pm10,PIIANN,294.09,128.69156
2021-01-10 22:00:00,pm10,PIIANN,40.43,107.35204
2023-06-02 21:00:00,pm10,PIIANN,111.8325,114.06686
2023-04-04 14:00:00,pm10,PIIANN,54.1825,101.15272
2025-11-03 12:00:00,pm10,PIIANN,105.63,108.91203
2025-08-12 10:00:00,pm10,PIIANN,246.66,125.51288
2025-01-05 18:00:00,pm10,PIIANN,65.65,102.713135
2024-04-05 23:00:00,pm10,PIIANN,39.68,97.57236
2024-06-09 05:00:00,pm10,PIIANN,39.52,96.807724
2023-07-02 08:00:00,pm10,PIIANN,96.335,109.56304
2025-01-04 23:00:00,pm10,PIIANN,73.63,99.00267
2024-04-08 03:00:00,pm10,PIIANN,34.340004,96.35967
2021-08-13 01:00:00,pm10,PIIANN,133.43831,102.13958
2023-05-04 11:00:00,pm10,PIIANN,66.605,98.60135
2025-08-12 21:00:00,pm10,PIIANN,325.36,124.50395
2024-03-06 08:00:00,pm10,PIIANN,43.5,99.23167
2025-12-05 14:00:00,pm10,PIIANN,138.74,107.08612
2021-07-04 14:00:00,pm10,PIIANN,86.15,102.77946
2025-08-10 23:00:00,pm10,PIIANN,83.86,100.63881
2021-04-01 17:00:00,pm10,PIIANN,167.22,128.85991
2022-10-03 18:00:00,pm10,PIIANN,124.22,118.76113
2022-05-06 23:00:00,pm10,PIIANN,72.57,98.10574
2021-12-08 21:00:00,pm10,PIIANN,74.02,98.00225
2024-10-04 23:00:00,pm10,PIIANN,160.71,107.76251
2024-11-10 03:00:00,pm10,PIIANN,32.760002,101.67934
2023-11-08 21:00:00,pm10,PIIANN,79.3875,98.52828
2022-12-04 16:00:00,pm10,PIIANN,61.35,99.01359
2025-07-02 14:00:00,pm10,PIIANN,96.68,111.633545
2023-08-06 21:00:00,pm10,PIIANN,65.605,97.45374
2023-05-11 01:00:00,pm10,PIIANN,137.0825,99.17982
2024-09-07 06:00:00,pm10,PIIANN,23.62,99.54393
2023-02-01 11:00:00,pm10,PIIANN,144.1125,120.90304
2024-06-12 06:00:00,pm10,PIIANN,173.5,114.92132
2023-11-08 14:00:00,pm10,PIIANN,69.09,103.11709
2021-03-07 00:00:00,pm10,PIIANN,59.62,96.46182
2021-06-09 20:00:00,pm10,PIIANN,19.880003,95.934525
2024-02-02 19:00:00,pm10,PIIANN,157.35,102.86157
2024-06-11 16:00:00,pm10,PIIANN,65.68,105.98523
2025-11-03 05:00:00,pm10,PIIANN,115.84,106.25498
2025-01-07 05:00:00,pm10,PIIANN,39.0,100.36005
2023-03-03 17:00:00,pm10,PIIANN,72.2875,111.80906
2024-01-09 10:00:00,pm10,PIIANN,29.770002,99.62712
2025-10-11 05:00:00,pm10,PIIANN,230.49,117.29076
2023-08-12 07:00:00,pm10,PIIANN,25.567503,99.4695
2025-02-08 05:00:00,pm10,PIIANN,46.82,101.145996
2024-11-09 07:00:00,pm10,PIIANN,32.61,99.208496
2021-04-01 10:00:00,pm10,PIIANN,260.3,135.0789
2025-05-07 22:00:00,pm10,PIIANN,49.49,99.38587
2022-11-12 18:00:00,pm10,PIIANN,205.53,123.25822
2022-06-12 17:00:00,pm10,PIIANN,144.3,118.69908
2023-10-10 06:00:00,pm10,PIIANN,119.565,102.71645
2022-07-09 10:00:00,pm10,PIIANN,53.62,101.30872
2022-04-08 05:00:00,pm10,PIIANN,30.800001,97.24822
2021-03-04 14:00:00,pm10,PIIANN,149.93,105.855385
2025-11-03 09:00:00,pm10,PIIANN,106.66,108.7297
2025-10-01 10:00:00,pm10,PIIANN,168.23,114.15601
2022-12-02 09:00:00,pm10,PIIANN,178.4,117.646545
2022-09-09 05:00:00,pm10,PIIANN,62.4,102.5118
2025-04-12 10:00:00,pm10,PIIANN,245.66,129.07678
2022-08-04 08:00:00,pm10,PIIANN,39.9,98.94948
2024-11-12 09:00:00,pm10,PIIANN,179.43,115.44478
2022-11-03 08:00:00,pm10,PIIANN,216.2,112.95375
2023-06-10 04:00:00,pm10,PIIANN,55.56,99.27684
2025-03-06 02:00:00,pm10,PIIANN,106.63,104.29878
2025-12-06 20:00:00,pm10,PIIANN,53.18,102.17226
2021-12-07 22:00:00,pm10,PIIANN,33.72,97.6633
2024-01-11 13:00:00,pm10,PIIANN,96.67,108.69939
2023-07-12 14:00:00,pm10,PIIANN,45.8325,102.69078
2024-01-04 13:00:00,pm10,PIIANN,79.87,103.42693
2022-10-08 23:00:00,pm10,PIIANN,20.730001,89.35405
2021-04-10 12:00:00,pm10,PIIANN,48.416668,109.81834
2023-06-08 12:00:00,pm10,PIIANN,67.34,100.33466
2023-01-05 21:00:00,pm10,PIIANN,32.3975,103.79561
2023-06-03 13:00:00,pm10,PIIANN,110.045,110.933655
2021-09-07 12:00:00,pm10,PIIANN,49.05,101.48062
2023-11-08 03:00:00,pm10,PIIANN,71.62,101.47324
2024-07-01 10:00:00,pm10,PIIANN,226.23,121.36549
2023-04-11 02:00:00,pm10,PIIANN,112.0925,103.24959
2025-06-06 13:00:00,pm10,PIIANN,81.56,113.38558
2022-07-07 03:00:00,pm10,PIIANN,20.550001,96.26716
2022-01-04 02:00:00,pm10,PIIANN,51.72,100.10245
2025-11-02 00:00:00,pm10,PIIANN,100.22,127.30724
2022-06-10 02:00:00,pm10,PIIANN,28.249998,97.02582
2022-03-01 20:00:00,pm10,PIIANN,211.8,120.036674
2023-06-06 02:00:00,pm10,PIIANN,57.3875,94.01775
2024-07-07 05:00:00,pm10,PIIANN,32.370003,96.66351
2025-03-09 23:00:00,pm10,PIIANN,22.879995,110.53549
2022-02-05 19:00:00,pm10,PIIANN,45.2,99.271805
2024-08-10 11:00:00,pm10,PIIANN,38.06,102.55104
2024-10-06 14:00:00,pm10,PIIANN,47.8,101.49933
2024-10-08 18:00:00,pm10,PIIANN,43.7,98.562836
2022-07-12 03:00:00,pm10,PIIANN,215.62,120.73463
2023-01-06 20:00:00,pm10,PIIANN,91.9625,102.561226
2022-05-12 15:00:00,pm10,PIIANN,145.24,126.38089
2023-06-04 21:00:00,pm10,PIIANN,165.4475,108.5949
2025-05-06 18:00:00,pm10,PIIANN,68.91,114.95721
2022-01-03 17:00:00,pm10,PIIANN,104.1,112.17232
2025-05-04 12:00:00,pm10,PIIANN,97.54,104.433815
2024-11-12 23:00:00,pm10,PIIANN,270.0,114.31668
2023-08-05 03:00:00,pm10,PIIANN,35.795,97.794754
2025-09-12 18:00:00,pm10,PIIANN,228.48,124.38973
2023-11-06 21:00:00,pm10,PIIANN,59.515,100.21137
2021-09-04 12:00:00,pm10,PIIANN,87.38,102.57593
2021-02-05 07:00:00,pm10,PIIANN,46.4,98.87301
2023-01-08 18:00:00,pm10,PIIANN,35.415,96.0471
2024-08-12 14:00:00,pm10,PIIANN,127.62,112.4108
2022-02-04 08:00:00,pm10,PIIANN,41.38,99.30205
2024-02-03 18:00:00,pm10,PIIANN,130.64,109.62008
2021-08-08 13:00:00,pm10,PIIANN,46.08,98.346214
2025-08-03 22:00:00,pm10,PIIANN,120.43,105.48093
2025-08-01 09:00:00,pm10,PIIANN,155.28,111.78358
2025-06-12 02:00:00,pm10,PIIANN,174.24,116.12819
2022-08-10 04:00:00,pm10,PIIANN,46.35,102.25972
2023-05-11 02:00:00,pm10,PIIANN,136.6125,101.50775
2023-05-10 08:00:00,pm10,PIIANN,54.33,93.43553
2022-07-11 08:00:00,pm10,PIIANN,156.38,109.42086
2021-07-04 10:00:00,pm10,PIIANN,73.58,103.550964
2023-05-10 00:00:00,pm10,PIIANN,48.8775,96.06101
2023-04-05 09:00:00,pm10,PIIANN,38.0225,103.22977
2021-11-12 11:00:00,pm10,PIIANN,210.65,124.28542
2025-10-09 05:00:00,pm10,PIIANN,52.35,100.51113
2023-07-04 00:00:00,pm10,PIIANN,137.015,104.569565
2023-10-10 20:00:00,pm10,PIIANN,181.3425,106.14914
2021-02-06 10:00:00,pm10,PIIANN,34.17,101.508514
2025-02-07 03:00:00,pm10,PIIANN,49.7,98.868805
2024-03-08 21:00:00,pm10,PIIANN,44.1,97.08143
2025-05-09 02:00:00,pm10,PIIANN,47.88,110.608665
2023-09-12 15:00:00,pm10,PIIANN,73.4125,106.038994
2025-09-11 05:00:00,pm10,PIIANN,163.3,109.75974
2023-01-09 00:00:00,pm10,PIIANN,107.9225,94.887726
2022-10-10 18:00:00,pm10,PIIANN,24.179998,98.06642
2021-03-06 15:00:00,pm10,PIIANN,52.78,98.095146
2025-08-03 23:00:00,pm10,PIIANN,107.13,104.312256
2023-08-01 09:00:00,pm10,PIIANN,229.4925,128.32243
2023-05-02 01:00:00,pm10,PIIANN,138.27,117.34447
2021-04-10 21:00:00,pm10,PIIANN,46.25,107.68369
2022-03-12 03:00:00,pm10,PIIANN,228.48,122.19652
2022-08-02 23:00:00,pm10,PIIANN,184.9,107.563805
2021-07-02 08:00:00,pm10,PIIANN,83.78,115.096634
2023-10-11 19:00:00,pm10,PIIANN,224.2125,121.97773
2022-12-06 03:00:00,pm10,PIIANN,55.38,100.29025
2022-08-03 05:00:00,pm10,PIIANN,190.22,109.94503
2023-09-12 09:00:00,pm10,PIIANN,95.8375,107.51628
2021-04-13 00:00:00,pm10,PIIANN,128.59544,108.816216
2023-07-07 00:00:00,pm10,PIIANN,35.9525,97.70527
2024-01-01 20:00:00,pm10,PIIANN,192.04,115.5767
2022-11-09 22:00:00,pm10,PIIANN,14.700003,101.441956
2025-09-08 23:00:00,pm10,PIIANN,36.11,98.79399
2021-06-08 05:00:00,pm10,PIIANN,71.52,95.31651
2023-06-04 10:00:00,pm10,PIIANN,118.0725,103.69399
2025-12-06 23:00:00,pm10,PIIANN,54.28,101.023346
2024-07-03 21:00:00,pm10,PIIANN,150.83,103.28038
2025-12-11 15:00:00,pm10,PIIANN,171.21,127.100586
2023-05-01 20:00:00,pm10,PIIANN,217.29749,106.1007
2021-11-06 11:00:00,pm10,PIIANN,37.920002,93.35024
2025-10-10 14:00:00,pm10,PIIANN,106.06,104.04913
2021-12-03 03:00:00,pm10,PIIANN,43.42,103.51855
2025-05-02 21:00:00,pm10,PIIANN,292.59,119.00505
2022-11-03 14:00:00,pm10,PIIANN,140.68,114.74661
2022-02-04 13:00:00,pm10,PIIANN,61.450005,100.758675
2025-09-12 19:00:00,pm10,PIIANN,301.48,125.5074
2024-04-08 07:00:00,pm10,PIIANN,47.56,97.62735
2025-12-11 12:00:00,pm10,PIIANN,208.18333,126.69106
2021-10-08 03:00:00,pm10,PIIANN,57.52,98.69211
2022-02-07 07:00:00,pm10,PIIANN,37.05,98.97824
2021-04-04 23:00:00,pm10,PIIANN,92.55,105.52857
2021-02-05 08:00:00,pm10,PIIANN,54.72,98.92603
2024-06-03 14:00:00,pm10,PIIANN,100.28,104.92709
2023-07-04 03:00:00,pm10,PIIANN,89.7475,103.76584
2021-01-04 09:00:00,pm10,PIIANN,132.75,107.305305
2025-04-07 20:00:00,pm10,PIIANN,57.26,100.1972
2021-10-09 18:00:00,pm10,PIIANN,64.25,102.00244
2025-12-11 06:00:00,pm10,PIIANN,258.96,125.36354
2024-03-07 14:00:00,pm10,PIIANN,46.36,98.99297
2022-08-09 05:00:00,pm10,PIIANN,24.079992,98.52
2024-05-03 09:00:00,pm10,PIIANN,95.42,102.33441
2022-06-11 09:00:00,pm10,PIIANN,143.38,113.33169
2025-09-01 12:00:00,pm10,PIIANN,128.27,109.62455
2024-03-09 11:00:00,pm10,PIIANN,39.7,99.293465
2024-04-02 00:00:00,pm10,PIIANN,162.99,117.01863
2023-08-05 13:00:00,pm10,PIIANN,70.0525,98.34138
2024-11-11 05:00:00,pm10,PIIANN,95.37,106.7444
2021-02-06 17:00:00,pm10,PIIANN,42.12,97.85913
2023-01-06 12:00:00,pm10,PIIANN,61.345,104.6682
2023-08-12 03:00:00,pm10,PIIANN,27.489996,101.810036
2021-04-12 07:00:00,pm10,PIIANN,148.88,112.43259
2022-11-02 02:00:00,pm10,PIIANN,221.6,112.53673
2023-05-01 17:00:00,pm10,PIIANN,174.3525,109.971695
2025-05-07 13:00:00,pm10,PIIANN,60.07,100.889084
2023-06-08 14:00:00,pm10,PIIANN,47.525,100.57064
2022-11-07 23:00:00,pm10,PIIANN,27.270002,97.92317
2024-02-09 16:00:00,pm10,PIIANN,32.800003,98.82597
2022-10-11 13:00:00,pm10,PIIANN,76.8,113.08904
2024-02-03 22:00:00,pm10,PIIANN,148.97,105.087006
2021-09-05 22:00:00,pm10,PIIANN,30.849997,97.36106
2022-03-04 20:00:00,pm10,PIIANN,51.55,97.866646
2022-04-05 18:00:00,pm10,PIIANN,64.03,100.52549
2023-11-04 11:00:00,pm10,PIIANN,136.8725,108.26082
2023-04-02 08:00:00,pm10,PIIANN,266.5775,125.52298
2024-05-03 18:00:00,pm10,PIIANN,102.18,103.6013
2022-01-07 04:00:00,pm10,PIIANN,40.78,97.69924
2024-07-11 07:00:00,pm10,PIIANN,131.5,104.477715
2021-11-07 09:00:00,pm10,PIIANN,27.700003,99.60737
2023-10-06 06:00:00,pm10,PIIANN,52.295,91.7981
2023-02-03 21:00:00,pm10,PIIANN,240.8975,117.75776
2022-02-10 10:00:00,pm10,PIIANN,64.15,100.64634
2023-04-06 19:00:00,pm10,PIIANN,84.945,100.02584
2025-08-07 06:00:00,pm10,PIIANN,27.19,107.17909
2023-10-11 17:00:00,pm10,PIIANN,194.4,122.17373
2022-09-02 17:00:00,pm10,PIIANN,126.48,111.635216
2023-09-04 07:00:00,pm10,PIIANN,89.8875,101.87419
2022-06-10 14:00:00,pm10,PIIANN,15.08,97.285866
2022-08-11 21:00:00,pm10,PIIANN,141.17,104.089905
2025-12-06 11:00:00,pm10,PIIANN,45.82,103.06301
2023-05-11 22:00:00,pm10,PIIANN,126.5225,103.15744
2025-12-09 03:00:00,pm10,PIIANN,41.83,100.60624
2024-04-04 05:00:00,pm10,PIIANN,41.93,99.737
2025-04-11 07:00:00,pm10,PIIANN,222.25,113.392746
2024-02-06 09:00:00,pm10,PIIANN,58.87,98.36101
2022-02-04 14:00:00,pm10,PIIANN,62.52,100.833015
2022-10-11 06:00:00,pm10,PIIANN,146.85,117.428665
2022-12-02 06:00:00,pm10,PIIANN,141.88,117.11906
2025-01-05 21:00:00,pm10,PIIANN,43.34,102.2107
2022-11-05 18:00:00,pm10,PIIANN,47.93,105.330734
2021-12-06 17:00:00,pm10,PIIANN,29.599997,99.17716
2022-07-01 19:00:00,pm10,PIIANN,230.1,123.63893
2024-03-02 11:00:00,pm10,PIIANN,145.61,106.62695
2021-01-04 13:00:00,pm10,PIIANN,136.0,109.687294
2024-07-09 23:00:00,pm10,PIIANN,39.470005,96.595276
2024-01-05 08:00:00,pm10,PIIANN,93.15,100.40127
2024-04-03 18:00:00,pm10,PIIANN,80.07,104.66032
2022-02-03 03:00:00,pm10,PIIANN,215.08,112.18084
2021-01-12 23:00:00,pm10,PIIANN,221.09999,117.654366
2021-04-08 18:00:00,pm10,PIIANN,36.08,100.64049
2024-07-04 10:00:00,pm10,PIIANN,55.24,102.043755
2025-07-02 12:00:00,pm10,PIIANN,101.5,112.76693
2023-03-02 05:00:00,pm10,PIIANN,140.6325,110.39562
2025-06-04 07:00:00,pm10,PIIANN,78.87,99.79169
2022-06-04 12:00:00,pm10,PIIANN,61.25,96.97487
2024-01-04 02:00:00,pm10,PIIANN,60.22,99.39839
2025-01-03 02:00:00,pm10,PIIANN,74.67,104.805305
2024-02-02 20:00:00,pm10,PIIANN,191.81,103.635605
2025-05-08 10:00:00,pm10,PIIANN,54.35,102.38776
2023-12-08 21:00:00,pm10,PIIANN,65.0025,97.450714
2022-04-07 19:00:00,pm10,PIIANN,31.669996,96.6763
2021-12-04 15:00:00,pm10,PIIANN,82.15,105.184105
2024-10-04 04:00:00,pm10,PIIANN,102.09,100.962524
2024-11-07 05:00:00,pm10,PIIANN,37.48,99.68804
2022-09-12 15:00:00,pm10,PIIANN,184.8,127.69634
2025-09-11 09:00:00,pm10,PIIANN,198.76,113.15564
2023-07-08 08:00:00,pm10,PIIANN,47.15,99.52265
2023-11-11 01:00:00,pm10,PIIANN,381.1025,116.87129
2024-10-05 01:00:00,pm10,PIIANN,26.590002,107.27103
2025-02-12 18:00:00,pm10,PIIANN,196.13,122.80597
2023-02-12 13:00:00,pm10,PIIANN,101.125,107.43519
2023-03-09 08:00:00,pm10,PIIANN,91.535,103.549614
2021-05-11 06:00:00,pm10,PIIANN,226.5,121.13901
2023-11-10 10:00:00,pm10,PIIANN,148.81,110.4546
2025-02-07 11:00:00,pm10,PIIANN,35.46,101.88852
2025-02-04 22:00:00,pm10,PIIANN,72.21,97.020424
2025-05-04 00:00:00,pm10,PIIANN,127.05,103.41468
2025-01-07 04:00:00,pm10,PIIANN,41.2,100.22811
2025-11-12 02:00:00,pm10,PIIANN,363.92,135.69551
2024-08-03 22:00:00,pm10,PIIANN,188.74,105.76796
2022-11-05 08:00:00,pm10,PIIANN,44.1,106.497314
2025-05-10 01:00:00,pm10,PIIANN,65.63,106.000786
2024-03-07 13:00:00,pm10,PIIANN,55.51,99.118835
2023-12-06 00:00:00,pm10,PIIANN,56.2225,98.06539
2021-03-11 16:00:00,pm10,PIIANN,101.18,113.35648
2023-08-03 20:00:00,pm10,PIIANN,104.1725,111.370995
2023-12-03 05:00:00,pm10,PIIANN,185.9475,112.10348
2022-06-10 22:00:00,pm10,PIIANN,30.700003,98.06235
2021-08-12 09:00:00,pm10,PIIANN,108.05,106.907104
2021-10-01 17:00:00,pm10,PIIANN,102.08,117.94676
2021-06-07 08:00:00,pm10,PIIANN,72.2,100.231804
2023-04-08 20:00:00,pm10,PIIANN,51.6975,97.27168
2022-05-02 21:00:00,pm10,PIIANN,438.8,108.05575
2025-10-04 11:00:00,pm10,PIIANN,48.28,99.98468
2025-11-05 06:00:00,pm10,PIIANN,81.74,102.725365
2025-05-11 02:00:00,pm10,PIIANN,311.23,121.52223
2024-04-02 22:00:00,pm10,PIIANN,263.08,111.65888
2023-04-05 05:00:00,pm10,PIIANN,34.055,101.794975
2024-03-07 22:00:00,pm10,PIIANN,36.57,97.82261
2023-12-10 02:00:00,pm10,PIIANN,184.32,110.72014
2025-09-08 03:00:00,pm10,PIIANN,41.92,93.04998
2024-03-05 19:00:00,pm10,PIIANN,95.355,103.95973
2025-12-11 04:00:00,pm10,PIIANN,255.18,122.71097
2023-04-07 14:00:00,pm10,PIIANN,36.18,98.021355
2023-12-08 11:00:00,pm10,PIIANN,46.745,100.4499
2025-05-05 07:00:00,pm10,PIIANN,61.300003,101.0837
2024-04-12 11:00:00,pm10,PIIANN,157.7,116.82178
2024-12-08 01:00:00,pm10,PIIANN,59.739998,98.71063
2021-01-04 11:00:00,pm10,PIIANN,145.8,108.3515
2021-05-03 04:00:00,pm10,PIIANN,95.72,113.98473
2024-08-05 08:00:00,pm10,PIIANN,18.889997,103.161964
2021-08-07 00:00:00,pm10,PIIANN,52.75,92.19355
2023-06-08 09:00:00,pm10,PIIANN,50.5025,101.04873
2021-11-02 17:00:00,pm10,PIIANN,82.88,102.00759
2023-06-11 03:00:00,pm10,PIIANN,127.58,102.9133
2025-04-02 17:00:00,pm10,PIIANN,120.78,111.28238
2024-09-06 05:00:00,pm10,PIIANN,36.16,97.84383
2021-03-09 05:00:00,pm10,PIIANN,27.58,95.89512
2022-05-04 20:00:00,pm10,PIIANN,46.05,98.312645
2024-05-01 13:00:00,pm10,PIIANN,151.06,123.68372
2021-03-05 17:00:00,pm10,PIIANN,55.68,96.9626
2023-11-01 16:00:00,pm10,PIIANN,140.5525,123.56938
2025-06-11 10:00:00,pm10,PIIANN,200.38,124.212326
2024-11-01 22:00:00,pm10,PIIANN,193.37,112.76013
2022-09-11 15:00:00,pm10,PIIANN,96.02,112.52421
2023-04-11 18:00:00,pm10,PIIANN,112.4325,104.00275
2021-02-02 12:00:00,pm10,PIIANN,171.0,135.31569
2021-04-12 04:00:00,pm10,PIIANN,154.1,114.57668
2021-12-02 10:00:00,pm10,PIIANN,193.22998,117.061966
2021-07-09 15:00:00,pm10,PIIANN,19.450003,97.15314
2025-03-08 06:00:00,pm10,PIIANN,79.93,100.44562
2024-08-04 18:00:00,pm10,PIIANN,75.78,97.698265
2022-02-09 23:00:00,pm10,PIIANN,32.93,97.29459
2023-12-03 02:00:00,pm10,PIIANN,177.08,111.42152
2025-01-10 16:00:00,pm10,PIIANN,55.86,104.58033
2022-01-12 07:00:00,pm10,PIIANN,148.13,118.10692
2021-07-04 06:00:00,pm10,PIIANN,77.73,101.81656
2025-07-10 22:00:00,pm10,PIIANN,75.96,100.960884
2024-06-02 15:00:00,pm10,PIIANN,75.555,108.22706
2023-11-05 20:00:00,pm10,PIIANN,75.555,98.79262
2022-10-08 20:00:00,pm10,PIIANN,24.419996,89.511955
2025-04-02 19:00:00,pm10,PIIANN,169.28,111.49715
2022-06-03 12:00:00,pm10,PIIANN,137.55,111.973976
2021-03-09 02:00:00,pm10,PIIANN,31.050001,96.276436
2023-08-12 17:00:00,pm10,PIIANN,49.8925,101.18207
2025-03-12 19:00:00,pm10,PIIANN,237.64,120.53258
2021-06-03 23:00:00,pm10,PIIANN,144.1,104.61306
2021-12-10 17:00:00,pm10,PIIANN,160.68,119.91437
2022-10-05 06:00:00,pm10,PIIANN,27.550001,90.202194
2021-06-09 13:00:00,pm10,PIIANN,38.65,96.323524
2021-09-06 00:00:00,pm10,PIIANN,45.25,97.36604
2023-03-11 07:00:00,pm10,PIIANN,175.8475,110.5951
2023-07-03 08:00:00,pm10,PIIANN,151.1025,108.07203
2023-05-03 01:00:00,pm10,PIIANN,180.095,110.19696
2025-03-03 00:00:00,pm10,PIIANN,46.08,118.83064
2021-11-13 00:00:00,pm10,PIIANN,200.08177,123.510185
2021-06-01 12:00:00,pm10,PIIANN,212.72,125.1593
2022-08-02 05:00:00,pm10,PIIANN,130.05,109.58214
2024-08-05 12:00:00,pm10,PIIANN,22.01,103.01037
2023-06-04 14:00:00,pm10,PIIANN,96.345,107.12416
2023-03-11 11:00:00,pm10,PIIANN,179.4375,112.23179
2024-12-04 20:00:00,pm10,PIIANN,92.81,103.13744
2021-06-04 01:00:00,pm10,PIIANN,108.98,100.14624
2023-08-10 14:00:00,pm10,PIIANN,60.1375,102.43088
2021-05-12 09:00:00,pm10,PIIANN,63.38,108.70218
2023-09-03 16:00:00,pm10,PIIANN,111.2975,110.12525
2025-11-11 06:00:00,pm10,PIIANN,212.08,123.78441
2022-05-04 13:00:00,pm10,PIIANN,51.15,96.11142
2025-02-11 14:00:00,pm10,PIIANN,57.39,101.60166
2023-01-02 04:00:00,pm10,PIIANN,180.3075,124.79793
2025-07-11 09:00:00,pm10,PIIANN,205.81999,117.68382
2021-11-09 21:00:00,pm10,PIIANN,48.050003,98.205795
2025-03-05 04:00:00,pm10,PIIANN,85.59,102.245384
2022-10-07 18:00:00,pm10,PIIANN,24.849997,97.810555
2025-10-07 00:00:00,pm10,PIIANN,44.96,102.30002
2021-07-01 21:00:00,pm10,PIIANN,288.42,126.86982
2024-10-07 02:00:00,pm10,PIIANN,30.26,98.35603
2022-09-05 22:00:00,pm10,PIIANN,32.28,96.410934
2025-01-01 23:00:00,pm10,PIIANN,191.73,107.44466
2025-10-09 06:00:00,pm10,PIIANN,56.8,100.935265
2025-03-05 11:00:00,pm10,PIIANN,59.63,103.81191
2023-02-04 10:00:00,pm10,PIIANN,46.56,101.365845
2022-05-11 23:00:00,pm10,PIIANN,175.37,113.344765
2023-01-10 12:00:00,pm10,PIIANN,31.840002,104.11277
2023-05-09 17:00:00,pm10,PIIANN,25.095,97.05538
2024-02-03 03:00:00,pm10,PIIANN,138.21,108.528145
2021-02-03 06:00:00,pm10,PIIANN,103.3,105.946526
2022-06-03 01:00:00,pm10,PIIANN,141.82,110.77072
2024-04-12 06:00:00,pm10,PIIANN,181.04,116.03983
2024-09-05 12:00:00,pm10,PIIANN,21.999998,102.13651
2024-09-03 20:00:00,pm10,PIIANN,109.77,108.20749
2024-06-03 02:00:00,pm10,PIIANN,146.73,103.06062
2024-11-12 20:00:00,pm10,PIIANN,246.75,111.796486
2024-04-02 14:00:00,pm10,PIIANN,72.83,116.08913
2022-10-06 02:00:00,pm10,PIIANN,61.4,101.16533
2023-10-12 23:00:00,pm10,PIIANN,212.09334,113.596344
2023-10-10 22:00:00,pm10,PIIANN,192.1725,112.40437
2024-12-01 19:00:00,pm10,PIIANN,7.999998,114.508
2023-07-03 12:00:00,pm10,PIIANN,78.985,109.400635
2023-10-10 02:00:00,pm10,PIIANN,148.02,101.168
2021-10-01 13:00:00,pm10,PIIANN,130.68,122.806114
2023-12-12 13:00:00,pm10,PIIANN,106.995,117.54609
2023-11-07 16:00:00,pm10,PIIANN,30.595,98.73773
2025-12-05 06:00:00,pm10,PIIANN,71.17,104.40083
2024-01-09 21:00:00,pm10,PIIANN,35.35,97.614174
2024-09-01 19:00:00,pm10,PIIANN,195.92,112.63805
2024-09-01 23:00:00,pm10,PIIANN,269.53,118.33934
2022-05-12 13:00:00,pm10,PIIANN,120.28,128.80557
2024-05-10 19:00:00,pm10,PIIANN,50.699997,99.801834
2023-10-01 17:00:00,pm10,PIIANN,103.815,122.177086
2022-10-10 23:00:00,pm10,PIIANN,20.9,97.12205
2021-06-03 14:00:00,pm10,PIIANN,141.7,112.427864
2021-08-01 10:00:00,pm10,PIIANN,213.48,129.21053
2024-08-12 05:00:00,pm10,PIIANN,162.39,114.128876
2025-11-12 03:00:00,pm10,PIIANN,342.24,136.97244
2024-11-05 09:00:00,pm10,PIIANN,27.410002,102.41178
2021-04-03 17:00:00,pm10,PIIANN,173.0,121.35193
2021-06-09 07:00:00,pm10,PIIANN,22.879995,95.91504
2021-12-11 20:00:00,pm10,PIIANN,109.42,105.16841
2024-03-09 17:00:00,pm10,PIIANN,50.34,97.11785
2025-04-09 09:00:00,pm10,PIIANN,30.889997,114.73749
2023-09-12 19:00:00,pm10,PIIANN,108.7625,103.67409
2023-03-05 15:00:00,pm10,PIIANN,43.9675,105.1967
2021-08-02 16:00:00,pm10,PIIANN,75.555,116.28485
2025-06-04 22:00:00,pm10,PIIANN,60.62,97.17232
2022-07-01 12:00:00,pm10,PIIANN,154.43,129.44864
2022-11-05 16:00:00,pm10,PIIANN,43.299995,107.37449
2022-08-08 12:00:00,pm10,PIIANN,20.279997,99.083984
2021-03-12 09:00:00,pm10,PIIANN,232.25,120.96978
2022-06-13 00:00:00,pm10,PIIANN,260.86115,116.400566
2022-06-12 06:00:00,pm10,PIIANN,167.96,119.8987
2025-08-04 05:00:00,pm10,PIIANN,50.81,97.5152
2022-02-09 17:00:00,pm10,PIIANN,34.980003,96.079384
2023-11-11 10:00:00,pm10,PIIANN,226.4125,123.31674
2021-08-11 00:00:00,pm10,PIIANN,178.45,109.54756
2025-07-10 11:00:00,pm10,PIIANN,95.43,105.23011
2024-11-07 23:00:00,pm10,PIIANN,50.65,98.45246
2023-05-05 23:00:00,pm10,PIIANN,45.433334,100.61506
2025-01-06 16:00:00,pm10,PIIANN,87.06,98.64954
2021-12-02 07:00:00,pm10,PIIANN,141.3,112.317406
2023-06-05 04:00:00,pm10,PIIANN,45.1625,99.661194
2025-01-06 18:00:00,pm10,PIIANN,86.31,98.663994
2022-11-02 22:00:00,pm10,PIIANN,189.94998,113.40135
2025-08-01 16:00:00,pm10,PIIANN,90.75,110.05197
2021-12-09 12:00:00,pm10,PIIANN,35.22,100.34573
2025-08-04 10:00:00,pm10,PIIANN,57.58,99.764145
2025-02-09 16:00:00,pm10,PIIANN,28.340002,105.5967
2024-03-01 17:00:00,pm10,PIIANN,105.0,111.67208
2022-08-08 14:00:00,pm10,PIIANN,25.65,99.11449
2024-07-06 15:00:00,pm10,PIIANN,61.99,100.55494
2022-07-12 22:00:00,pm10,PIIANN,358.79,124.09645
2025-10-01 23:00:00,pm10,PIIANN,289.61,112.31927
2022-07-11 11:00:00,pm10,PIIANN,136.22,108.45006
2023-06-07 08:00:00,pm10,PIIANN,17.279997,96.70335
2023-04-04 11:00:00,pm10,PIIANN,7.999998,101.033424
2024-08-11 23:00:00,pm10,PIIANN,102.5,102.352196
2023-02-01 13:00:00,pm10,PIIANN,150.47,119.87716
2024-06-04 14:00:00,pm10,PIIANN,82.87,103.44129
2022-01-05 00:00:00,pm10,PIIANN,31.919996,99.242134
2023-11-04 01:00:00,pm10,PIIANN,127.085,105.40584
2025-06-02 02:00:00,pm10,PIIANN,119.77,113.421715
2022-04-05 15:00:00,pm10,PIIANN,51.2,100.26729
2021-06-06 15:00:00,pm10,PIIANN,63.5,97.93774
2024-10-11 14:00:00,pm10,PIIANN,57.559998,106.14157
2022-01-06 11:00:00,pm10,PIIANN,95.88,102.30922
2025-07-04 06:00:00,pm10,PIIANN,49.459995,98.93006
2022-04-09 21:00:00,pm10,PIIANN,62.12,92.16908
2022-05-10 02:00:00,pm10,PIIANN,38.620003,94.933205
2024-05-05 15:00:00,pm10,PIIANN,79.0,100.57185
2021-12-02 21:00:00,pm10,PIIANN,302.88,116.38594
2022-12-03 19:00:00,pm10,PIIANN,154.95,113.50801
2025-05-01 21:00:00,no2,PIIANN,30.09,26.579552
2022-08-04 06:00:00,no2,PIIANN,17.3,23.12828
2021-09-02 06:00:00,no2,PIIANN,54.65,29.220327
2025-06-07 00:00:00,no2,PIIANN,20.2,24.762293
2025-05-12 09:00:00,no2,PIIANN,27.38,33.857857
2022-08-06 22:00:00,no2,PIIANN,19.83,21.87866
2023-07-05 11:00:00,no2,PIIANN,12.905,27.779526
2022-03-07 05:00:00,no2,PIIANN,22.95,22.643824
2025-09-09 22:00:00,no2,PIIANN,43.71,23.07422
2024-09-09 19:00:00,no2,PIIANN,15.18,21.000362
2023-06-05 13:00:00,no2,PIIANN,12.2725,29.132515
2025-05-10 07:00:00,no2,PIIANN,18.51,25.295963
2021-10-02 17:00:00,no2,PIIANN,67.4,33.33977
2023-10-06 13:00:00,no2,PIIANN,10.825,23.42099
2025-04-08 14:00:00,no2,PIIANN,65.42,26.92922
2025-01-07 12:00:00,no2,PIIANN,29.66,26.484991
2024-04-04 06:00:00,no2,PIIANN,3.7100005,25.316406
2022-05-11 04:00:00,no2,PIIANN,17.95,30.40153
2022-05-04 03:00:00,no2,PIIANN,18.955,21.033148
2021-06-06 07:00:00,no2,PIIANN,12.88,23.572876
2023-10-03 23:00:00,no2,PIIANN,31.763334,28.151913
2023-12-03 06:00:00,no2,PIIANN,12.249999,28.651428
2023-10-06 16:00:00,no2,PIIANN,9.545,22.1823
2023-07-06 14:00:00,no2,PIIANN,9.130001,24.775818
2022-01-10 09:00:00,no2,PIIANN,14.48,28.189156
2025-11-03 13:00:00,no2,PIIANN,8.15,28.46516
2024-01-01 23:00:00,no2,PIIANN,4.93,29.515022
2023-05-05 18:00:00,no2,PIIANN,18.72,27.628183
2025-09-02 03:00:00,no2,PIIANN,53.0,31.39883
2022-09-10 13:00:00,no2,PIIANN,12.000001,25.209387
2025-03-08 12:00:00,no2,PIIANN,54.829998,27.511988
2025-03-11 12:00:00,no2,PIIANN,15.98,25.704931
2021-04-03 11:00:00,no2,PIIANN,41.75,33.459133
2022-03-09 10:00:00,no2,PIIANN,12.75,23.4292
2021-12-12 08:00:00,no2,PIIANN,104.8,31.52663
2022-02-06 15:00:00,no2,PIIANN,12.15,25.268423
2023-07-07 05:00:00,no2,PIIANN,19.74,20.6674
2025-04-05 17:00:00,no2,PIIANN,26.97,25.137447
2022-06-11 02:00:00,no2,PIIANN,18.27,30.274582
2025-09-08 17:00:00,no2,PIIANN,65.47,23.144968
2023-10-03 16:00:00,no2,PIIANN,45.395,30.01993
2024-04-07 23:00:00,no2,PIIANN,11.35,21.114603
2021-01-02 14:00:00,no2,PIIANN,41.65,35.564346
2025-12-08 14:00:00,no2,PIIANN,27.16,24.896269
2025-03-10 11:00:00,no2,PIIANN,18.59,25.09833
2021-12-10 16:00:00,no2,PIIANN,15.22,31.86162
2024-09-02 05:00:00,no2,PIIANN,2.9700007,25.590065
2025-09-11 06:00:00,no2,PIIANN,13.81,29.255117
2021-02-03 21:00:00,no2,PIIANN,27.7,26.624308
2024-08-07 06:00:00,no2,PIIANN,15.36,21.558596
2023-08-06 11:00:00,no2,PIIANN,18.955,25.234873
2021-03-03 04:00:00,no2,PIIANN,26.95,26.88854
2024-01-04 00:00:00,no2,PIIANN,5.2599998,24.707905
2023-08-10 19:00:00,no2,PIIANN,22.555,24.572865
2023-11-04 02:00:00,no2,PIIANN,20.425,26.834421
2025-01-05 03:00:00,no2,PIIANN,42.44,25.67806
2023-06-08 21:00:00,no2,PIIANN,4.0449996,21.111359
2023-01-04 12:00:00,no2,PIIANN,31.77,26.423168
2024-05-09 02:00:00,no2,PIIANN,15.16,21.686455
2021-01-03 17:00:00,no2,PIIANN,46.9,27.557413
2025-11-02 16:00:00,no2,PIIANN,79.97,26.990555
2025-12-11 03:00:00,no2,PIIANN,5.18,30.52112
2021-06-10 01:00:00,no2,PIIANN,13.579999,20.273664
2023-12-07 09:00:00,no2,PIIANN,19.4625,23.637228
2025-09-10 13:00:00,no2,PIIANN,34.335,27.010376
2021-09-12 13:00:00,no2,PIIANN,17.65,26.39997
2023-07-10 19:00:00,no2,PIIANN,33.58,24.203848
2023-10-07 20:00:00,no2,PIIANN,5.132499,21.356354
2021-08-10 23:00:00,no2,PIIANN,6.93,22.205404
2021-05-05 17:00:00,no2,PIIANN,16.9,23.844334
2024-01-08 01:00:00,no2,PIIANN,13.72,21.911196
2025-08-05 15:00:00,no2,PIIANN,31.74,26.451319
2025-07-07 23:00:00,no2,PIIANN,35.72,20.658382
2022-01-05 12:00:00,no2,PIIANN,21.7,24.397812
2025-07-04 09:00:00,no2,PIIANN,23.39,25.230774
2024-10-05 13:00:00,no2,PIIANN,41.9,25.382896
2025-11-07 07:00:00,no2,PIIANN,25.35,23.211275
2021-01-02 03:00:00,no2,PIIANN,50.779995,31.879837
2023-03-07 08:00:00,no2,PIIANN,28.3975,24.469164
2022-04-02 16:00:00,no2,PIIANN,28.4,24.62106
2023-07-01 14:00:00,no2,PIIANN,16.855,31.88103
2025-10-10 00:00:00,no2,PIIANN,16.91,23.474232
2022-06-02 19:00:00,no2,PIIANN,18.955,27.931807
2022-01-05 01:00:00,no2,PIIANN,22.35,23.11003
2022-08-13 02:00:00,no2,PIIANN,8.145405,29.885021
2023-10-10 07:00:00,no2,PIIANN,13.212501,27.151793
2024-07-05 06:00:00,no2,PIIANN,33.75,23.912003
2023-04-03 18:00:00,no2,PIIANN,83.4325,30.330177
2021-08-08 15:00:00,no2,PIIANN,11.68,23.5459
2024-05-03 16:00:00,no2,PIIANN,2.3199992,26.619864
2021-09-06 07:00:00,no2,PIIANN,24.78,23.90288
2021-05-12 06:00:00,no2,PIIANN,24.45,27.29773
2025-09-10 03:00:00,no2,PIIANN,18.6,24.843332
2025-08-11 04:00:00,no2,PIIANN,12.95,30.771374
2021-03-11 22:00:00,no2,PIIANN,18.475,27.655254
2024-08-11 10:00:00,no2,PIIANN,31.96,28.415525
2025-10-01 19:00:00,no2,PIIANN,46.64,28.801111
2022-08-03 19:00:00,no2,PIIANN,30.9,28.44361
2022-03-09 13:00:00,no2,PIIANN,15.05,23.341997
2022-12-03 04:00:00,no2,PIIANN,13.3,28.464294
2025-07-09 23:00:00,no2,PIIANN,61.86,24.08643
2021-09-02 04:00:00,no2,PIIANN,18.955,26.17567
2022-03-01 11:00:00,no2,PIIANN,59.42,32.450348
2021-02-02 03:00:00,no2,PIIANN,62.52,31.840239
2022-09-11 05:00:00,no2,PIIANN,17.1,28.3242
2021-06-06 19:00:00,no2,PIIANN,16.08,21.630426
2023-09-03 07:00:00,no2,PIIANN,25.1425,29.884554
2022-10-02 04:00:00,no2,PIIANN,20.98,26.280832
2022-08-12 13:00:00,no2,PIIANN,27.422,36.012745
2021-11-04 10:00:00,no2,PIIANN,13.2,25.37095
2022-04-10 04:00:00,no2,PIIANN,10.28,22.30556
2021-04-09 00:00:00,no2,PIIANN,10.02,24.239193
2023-08-05 12:00:00,no2,PIIANN,12.5425,25.20472
2024-08-01 11:00:00,no2,PIIANN,3.729999,32.831863
2021-04-08 19:00:00,no2,PIIANN,15.08,25.483397
2022-03-06 05:00:00,no2,PIIANN,13.15,24.225077
2024-02-04 04:00:00,no2,PIIANN,5.7399993,23.971107
2024-01-07 06:00:00,no2,PIIANN,12.540001,23.46798
2023-01-07 18:00:00,no2,PIIANN,17.41,22.982176
2025-02-10 23:00:00,no2,PIIANN,17.7,22.783361
2024-02-08 01:00:00,no2,PIIANN,12.76,21.298529
2023-07-08 07:00:00,no2,PIIANN,4.014999,22.353907
2024-05-08 23:00:00,no2,PIIANN,11.47,20.887825
2024-03-12 04:00:00,no2,PIIANN,20.11,28.21827
2023-06-01 12:00:00,no2,PIIANN,19.3675,32.101597
2025-01-02 11:00:00,no2,PIIANN,14.97,27.213932
2022-12-03 11:00:00,no2,PIIANN,19.8,32.104244
2022-03-04 18:00:00,no2,PIIANN,18.955,23.331635
2021-05-01 11:00:00,no2,PIIANN,75.95,36.19956
2025-12-12 14:00:00,no2,PIIANN,20.39,34.750603
2021-01-11 02:00:00,no2,PIIANN,9.930001,26.937386
2024-10-11 18:00:00,no2,PIIANN,51.24,26.23688
2023-03-02 02:00:00,no2,PIIANN,9.8275,27.707771
2025-11-05 16:00:00,no2,PIIANN,27.54,27.29252
2023-03-07 22:00:00,no2,PIIANN,27.7175,22.315643
2025-11-11 21:00:00,no2,PIIANN,34.79,31.2464
2021-06-03 04:00:00,no2,PIIANN,27.15,25.019522
2025-08-05 18:00:00,no2,PIIANN,23.87,24.824919
2023-04-12 21:00:00,no2,PIIANN,11.824999,26.777428
2022-06-11 03:00:00,no2,PIIANN,16.82,29.670301
2024-08-08 12:00:00,no2,PIIANN,12.240001,22.994186
2021-07-10 02:00:00,no2,PIIANN,7.5500007,19.175554
2022-07-05 15:00:00,no2,PIIANN,16.95,23.335167
2024-04-08 01:00:00,no2,PIIANN,11.579999,21.022284
2023-08-05 21:00:00,no2,PIIANN,12.16,22.700468
2021-05-11 18:00:00,no2,PIIANN,34.9,32.094482
2025-03-04 18:00:00,no2,PIIANN,24.23,24.798023
2025-11-10 11:00:00,no2,PIIANN,42.1,26.781599
2024-09-02 14:00:00,no2,PIIANN,1.6799998,27.985014
2022-11-02 18:00:00,no2,PIIANN,23.6,31.03757
2025-08-10 08:00:00,no2,PIIANN,19.35,26.60111
2023-12-10 19:00:00,no2,PIIANN,54.9425,27.650465
2022-11-10 23:00:00,no2,PIIANN,9.870001,21.525469
2022-06-02 06:00:00,no2,PIIANN,33.525715,26.965088
2023-12-10 14:00:00,no2,PIIANN,36.9575,29.58328
2023-07-07 21:00:00,no2,PIIANN,16.005,20.029997
2022-01-04 16:00:00,no2,PIIANN,27.7,24.318111
2025-08-09 01:00:00,no2,PIIANN,61.85,23.388868
2025-09-09 09:00:00,no2,PIIANN,47.7,26.225908
2025-07-01 20:00:00,no2,PIIANN,49.54,26.650452
2021-07-09 08:00:00,no2,PIIANN,10.299999,21.483969
2021-07-02 02:00:00,no2,PIIANN,40.8,30.15325
2025-09-11 14:00:00,no2,PIIANN,11.66,31.999136
2024-12-13 02:00:00,no2,PIIANN,25.397964,30.657238
2022-06-06 22:00:00,no2,PIIANN,19.17,21.919626
2021-05-06 16:00:00,no2,PIIANN,13.35,24.358006
2021-03-02 06:00:00,no2,PIIANN,55.4,33.42
2023-07-07 19:00:00,no2,PIIANN,16.3975,20.572168
2023-02-05 07:00:00,no2,PIIANN,4.2875,27.0229
2022-11-07 04:00:00,no2,PIIANN,20.92,20.886017
2021-01-08 13:00:00,no2,PIIANN,11.98,23.727362
2022-03-08 06:00:00,no2,PIIANN,29.72,23.8453
2023-12-08 07:00:00,no2,PIIANN,10.9275,25.477957
2022-12-08 02:00:00,no2,PIIANN,21.68,21.08662
2023-05-11 11:00:00,no2,PIIANN,22.735,29.861046
2024-10-10 23:00:00,no2,PIIANN,46.01,24.373983
2025-03-09 06:00:00,no2,PIIANN,117.97,29.00008
2023-12-05 18:00:00,no2,PIIANN,11.020001,22.3584
2025-03-02 15:00:00,no2,PIIANN,20.77,32.76066
2023-10-09 15:00:00,no2,PIIANN,6.5675006,22.915499
2025-02-02 09:00:00,no2,PIIANN,15.27,28.05045
2022-11-06 13:00:00,no2,PIIANN,19.35,24.820059
2023-04-09 18:00:00,no2,PIIANN,4.3325,22.078508
2022-09-02 06:00:00,no2,PIIANN,25.82,27.518654
2025-01-10 05:00:00,no2,PIIANN,19.25,26.608772
2022-11-06 03:00:00,no2,PIIANN,20.6,22.791422
2021-12-05 17:00:00,no2,PIIANN,21.2,21.219843
2024-06-12 14:00:00,no2,PIIANN,65.44,31.5521
2021-02-03 22:00:00,no2,PIIANN,26.62,25.827929
2023-02-10 22:00:00,no2,PIIANN,17.3525,21.493872
2024-11-06 08:00:00,no2,PIIANN,9.190001,23.723694
2023-04-07 03:00:00,no2,PIIANN,26.8625,22.057146
2023-07-11 03:00:00,no2,PIIANN,27.7825,28.607208
2024-10-10 01:00:00,no2,PIIANN,43.64,21.544405
2022-11-05 04:00:00,no2,PIIANN,17.4,18.8708
2025-06-07 21:00:00,no2,PIIANN,32.57,21.630232
2022-01-11 12:00:00,no2,PIIANN,16.08,29.259129
2025-06-05 09:00:00,no2,PIIANN,12.9800005,25.607132
2025-02-04 03:00:00,no2,PIIANN,6.0500007,24.320644
2023-12-05 04:00:00,no2,PIIANN,8.25,24.046505
2023-01-06 14:00:00,no2,PIIANN,11.48,25.822702
2021-10-10 21:00:00,no2,PIIANN,21.85,24.225672
2025-05-05 23:00:00,no2,PIIANN,26.76,22.633236
2021-08-09 15:00:00,no2,PIIANN,31.183332,22.051935
2024-04-02 06:00:00,no2,PIIANN,1.9600005,30.330667
2021-09-10 05:00:00,no2,PIIANN,12.050001,23.954721
2022-10-11 22:00:00,no2,PIIANN,23.67,26.64301
2023-02-06 13:00:00,no2,PIIANN,9.2775,26.40737
2022-03-07 14:00:00,no2,PIIANN,21.65,23.680786
2023-06-07 10:00:00,no2,PIIANN,17.7775,24.01451
2023-09-10 09:00:00,no2,PIIANN,17.095,25.179169
2022-08-11 00:00:00,no2,PIIANN,17.15,23.929558
2022-02-07 01:00:00,no2,PIIANN,23.6,21.32033
2023-06-05 21:00:00,no2,PIIANN,11.22,28.06383
2023-01-06 11:00:00,no2,PIIANN,10.369999,26.084185
2024-07-06 13:00:00,no2,PIIANN,11.389999,24.256853
2025-04-12 17:00:00,no2,PIIANN,48.29,34.570724
2023-05-06 10:00:00,no2,PIIANN,8.280001,25.627617
2025-06-09 11:00:00,no2,PIIANN,188.16,34.62019
2021-08-02 22:00:00,no2,PIIANN,18.955,23.565886
2022-06-06 12:00:00,no2,PIIANN,18.52,25.031393
2024-11-12 19:00:00,no2,PIIANN,40.44,29.632624
2021-11-05 11:00:00,no2,PIIANN,14.28,23.086811
2022-07-06 12:00:00,no2,PIIANN,18.62,24.96719
2024-09-07 12:00:00,no2,PIIANN,10.69,22.637312
2021-03-09 20:00:00,no2,PIIANN,18.73,21.82743
2025-02-07 06:00:00,no2,PIIANN,12.540001,24.751554
2025-12-11 09:00:00,no2,PIIANN,13.260001,33.44557
2021-06-08 08:00:00,no2,PIIANN,12.319999,24.363945
2024-08-02 00:00:00,no2,PIIANN,2.1100001,29.300894
2023-02-12 21:00:00,no2,PIIANN,10.525,26.16313
2021-05-11 10:00:00,no2,PIIANN,28.7,34.371437
2024-09-13 01:00:00,no2,PIIANN,24.886547,27.435623
2022-05-10 11:00:00,no2,PIIANN,11.05,25.32139
2025-07-04 02:00:00,no2,PIIANN,23.31,22.71589
2021-11-05 23:00:00,no2,PIIANN,13.0,20.67357
2021-07-11 09:00:00,no2,PIIANN,35.6,30.176472
2023-03-11 12:00:00,no2,PIIANN,31.6175,31.961983
2021-03-12 03:00:00,no2,PIIANN,25.0,30.895872
2021-05-07 09:00:00,no2,PIIANN,10.82,24.15209
2022-03-13 02:00:00,no2,PIIANN,23.149824,33.631073
2022-11-07 09:00:00,no2,PIIANN,22.48,22.93028
2022-04-11 21:00:00,no2,PIIANN,37.7,28.264313
2025-06-03 15:00:00,no2,PIIANN,10.669999,22.28365
2024-05-08 05:00:00,no2,PIIANN,11.62,22.473812
2025-10-04 14:00:00,no2,PIIANN,36.38,24.051954
2025-12-10 01:00:00,no2,PIIANN,41.72,23.204
2024-05-04 00:00:00,no2,PIIANN,2.9700007,22.582964
2024-11-02 04:00:00,no2,PIIANN,4.1200004,28.536156
2021-07-05 11:00:00,no2,PIIANN,16.77,22.681108
2023-12-01 10:00:00,no2,PIIANN,25.045,33.574245
2022-12-01 15:00:00,no2,PIIANN,69.18,27.585638
2021-02-12 12:00:00,no2,PIIANN,18.955,32.45487
2024-01-11 20:00:00,no2,PIIANN,48.32,28.105797
2025-11-05 00:00:00,no2,PIIANN,18.43,22.393326
2024-08-04 17:00:00,no2,PIIANN,17.92,23.326412
2024-09-03 18:00:00,no2,PIIANN,10.249999,29.043901
2023-01-07 14:00:00,no2,PIIANN,14.18,24.352861
2021-12-07 14:00:00,no2,PIIANN,15.62,23.21476
2021-10-08 11:00:00,no2,PIIANN,9.1,24.107332
2021-02-10 03:00:00,no2,PIIANN,18.955,19.084114
2021-01-09 00:00:00,no2,PIIANN,14.6,21.945759
2022-07-03 11:00:00,no2,PIIANN,20.23,30.566786
2022-12-05 09:00:00,no2,PIIANN,20.58,24.681767
2024-06-05 15:00:00,no2,PIIANN,27.82,24.96884
2024-01-05 11:00:00,no2,PIIANN,20.62,27.591328
2024-03-08 23:00:00,no2,PIIANN,11.229999,21.474962
2022-01-12 15:00:00,no2,PIIANN,20.49,34.518173
2024-02-09 09:00:00,no2,PIIANN,14.84,23.683645
2025-05-08 06:00:00,no2,PIIANN,21.7,26.070114
2024-10-10 16:00:00,no2,PIIANN,53.53,25.085957
2025-03-03 23:00:00,no2,PIIANN,11.11,22.489296
2021-03-09 19:00:00,no2,PIIANN,21.52,22.174582
2021-08-04 10:00:00,no2,PIIANN,16.45,25.721865
2024-12-02 14:00:00,no2,PIIANN,6.0099998,34.312096
2024-08-05 09:00:00,no2,PIIANN,37.47,24.299574
2024-03-05 08:00:00,no2,PIIANN,18.955,25.422977
2023-02-11 18:00:00,no2,PIIANN,68.1875,27.508667
2022-03-08 17:00:00,no2,PIIANN,25.12,23.81685
2022-11-05 17:00:00,no2,PIIANN,27.8,22.269928
2025-06-11 07:00:00,no2,PIIANN,9.530001,32.123566
2021-06-07 19:00:00,no2,PIIANN,11.020001,24.731934
2022-09-05 00:00:00,no2,PIIANN,18.955,20.839798
2024-07-10 06:00:00,no2,PIIANN,51.64,27.56408
2021-11-08 07:00:00,no2,PIIANN,7.8800006,24.031761
2024-01-09 08:00:00,no2,PIIANN,15.1,23.74979
2022-06-11 08:00:00,no2,PIIANN,17.95,30.813715
2023-08-06 01:00:00,no2,PIIANN,6.917499,23.745731
2025-04-04 12:00:00,no2,PIIANN,34.82,27.560104
2022-05-03 16:00:00,no2,PIIANN,11.62,31.830236
2025-12-10 20:00:00,no2,PIIANN,60.54,26.138523
2023-04-08 06:00:00,no2,PIIANN,13.102499,23.575052
2024-07-07 12:00:00,no2,PIIANN,13.67,21.933973
2022-02-03 02:00:00,no2,PIIANN,24.6,27.1134
2024-04-03 03:00:00,no2,PIIANN,1.309999,24.475603
2024-02-10 13:00:00,no2,PIIANN,38.35,27.78437
2021-04-02 13:00:00,no2,PIIANN,55.619995,36.076305
2021-08-04 06:00:00,no2,PIIANN,16.33,24.495913
2025-08-13 02:00:00,no2,PIIANN,60.83884,30.46042
2024-08-09 00:00:00,no2,PIIANN,14.85,20.583323
2025-01-04 11:00:00,no2,PIIANN,9.450001,27.030987
2022-08-11 11:00:00,no2,PIIANN,13.1,31.282265
2022-09-02 16:00:00,no2,PIIANN,18.2,29.427982
2023-03-05 20:00:00,no2,PIIANN,17.2675,26.43891
2023-07-06 22:00:00,no2,PIIANN,8.585001,21.873276
2022-07-11 15:00:00,no2,PIIANN,19.17,29.408165
2022-04-12 17:00:00,no2,PIIANN,27.6,35.49416
2023-09-08 15:00:00,no2,PIIANN,3.9724994,24.335089
2022-04-04 13:00:00,no2,PIIANN,18.955,23.882437
2024-08-05 22:00:00,no2,PIIANN,29.67,22.425436
2021-04-05 10:00:00,no2,PIIANN,21.25,24.386753
2023-01-03 11:00:00,no2,PIIANN,17.075,29.07987
2024-07-01 15:00:00,no2,PIIANN,3.309999,33.056744
2021-06-04 22:00:00,no2,PIIANN,16.62,23.04695
2025-07-12 13:00:00,no2,PIIANN,31.46,35.261547
2025-07-12 18:00:00,no2,PIIANN,53.97,32.72847
2021-07-12 09:00:00,no2,PIIANN,53.28,24.553204
2021-02-03 17:00:00,no2,PIIANN,37.2,28.716621
2023-05-02 11:00:00,no2,PIIANN,6.3649993,34.382595
2023-04-03 01:00:00,no2,PIIANN,21.8475,24.049446
2025-12-07 21:00:00,no2,PIIANN,65.13,23.509523
2023-03-04 13:00:00,no2,PIIANN,19.9875,25.575178
2023-05-12 01:00:00,no2,PIIANN,7.0349994,28.195246
2023-10-02 13:00:00,no2,PIIANN,1.7874999,33.249508
2024-08-09 23:00:00,no2,PIIANN,14.47,20.464933
2022-07-04 23:00:00,no2,PIIANN,17.43,21.013224
2022-11-02 10:00:00,no2,PIIANN,21.6,31.171722
2023-05-09 07:00:00,no2,PIIANN,10.95,22.856195
2024-11-11 23:00:00,no2,PIIANN,33.87,24.778044
2022-02-06 01:00:00,no2,PIIANN,12.300001,23.595858
2024-12-12 18:00:00,no2,PIIANN,49.65,31.44331
2025-08-05 05:00:00,no2,PIIANN,24.24,25.269236
2023-07-02 01:00:00,no2,PIIANN,2.9724994,29.200392
2024-08-09 19:00:00,no2,PIIANN,15.05,20.967417
2024-07-05 23:00:00,no2,PIIANN,33.96,22.990417
2024-03-09 15:00:00,no2,PIIANN,14.62,23.464884
2023-05-06 12:00:00,no2,PIIANN,7.3350005,25.72854
2022-02-02 16:00:00,no2,PIIANN,23.45,28.84016
2025-05-09 23:00:00,no2,PIIANN,186.66,32.802933
2024-07-09 00:00:00,no2,PIIANN,14.53,20.32951
2025-11-03 02:00:00,no2,PIIANN,18.18,26.252586
2025-04-03 14:00:00,no2,PIIANN,13.48,24.68536
2025-10-02 01:00:00,no2,PIIANN,35.54,27.852932
2024-03-09 19:00:00,no2,PIIANN,14.55,22.48878
2021-12-10 15:00:00,no2,PIIANN,13.95,32.125828
2023-11-06 16:00:00,no2,PIIANN,8.460001,22.88253
2024-01-10 06:00:00,no2,PIIANN,33.21,25.790283
2023-06-11 20:00:00,no2,PIIANN,60.905,27.047787
2025-10-01 11:00:00,no2,PIIANN,40.11,29.810734
2021-01-07 01:00:00,no2,PIIANN,10.420001,22.954704
2025-10-07 03:00:00,no2,PIIANN,35.08,24.284767
2021-08-06 06:00:00,no2,PIIANN,22.42,22.404919
2024-05-10 16:00:00,no2,PIIANN,50.09,25.48602
2023-05-07 14:00:00,no2,PIIANN,16.86,22.112576
2024-02-06 02:00:00,no2,PIIANN,10.83,23.031502
2023-01-02 14:00:00,no2,PIIANN,13.175,32.517315
2025-08-02 19:00:00,no2,PIIANN,42.37,29.363522
2021-12-02 19:00:00,no2,PIIANN,59.32,30.203707
2025-10-03 15:00:00,no2,PIIANN,10.75,28.178438
2021-11-03 07:00:00,no2,PIIANN,20.3,24.47508
2023-08-03 18:00:00,no2,PIIANN,81.8525,29.782114
2025-10-10 02:00:00,no2,PIIANN,17.32,24.567286
2021-10-04 12:00:00,no2,PIIANN,18.33,25.239563
2023-07-06 11:00:00,no2,PIIANN,6.8849998,25.261763
2022-06-06 15:00:00,no2,PIIANN,17.98,24.344784
2024-12-12 21:00:00,no2,PIIANN,32.56,29.054974
2023-11-01 09:00:00,no2,PIIANN,18.955,32.906223
2021-01-10 04:00:00,no2,PIIANN,13.7,18.608572
2025-09-09 06:00:00,no2,PIIANN,44.22,25.154556
2021-02-06 21:00:00,no2,PIIANN,16.5,27.186216
2021-06-05 11:00:00,no2,PIIANN,12.58,22.7253
2024-11-10 12:00:00,no2,PIIANN,55.07,25.81661
2024-09-06 12:00:00,no2,PIIANN,9.67,23.275604
2022-03-09 07:00:00,no2,PIIANN,26.7,22.691141
2022-06-10 15:00:00,no2,PIIANN,11.32,22.887377
2021-08-09 05:00:00,no2,PIIANN,13.92,20.5071
2024-07-02 18:00:00,no2,PIIANN,9.060001,29.430077
2021-05-01 19:00:00,no2,PIIANN,70.45,34.112488
2021-04-02 07:00:00,no2,PIIANN,66.3,34.108356
2025-04-07 00:00:00,no2,PIIANN,11.11,28.633766
2023-10-05 21:00:00,no2,PIIANN,9.2225,22.26596
2023-12-07 01:00:00,no2,PIIANN,21.1925,21.461594
2024-02-03 20:00:00,no2,PIIANN,9.68,27.617958
2025-04-03 04:00:00,no2,PIIANN,12.619999,23.990114
2025-12-08 15:00:00,no2,PIIANN,32.18,25.851536
2025-09-04 16:00:00,no2,PIIANN,17.77,22.784138
2021-10-01 12:00:00,no2,PIIANN,56.98,33.831455
2022-01-09 18:00:00,no2,PIIANN,23.8,22.108528
2025-10-12 06:00:00,no2,PIIANN,71.57,34.09204
2021-05-01 23:00:00,no2,PIIANN,49.2,29.539076
2025-04-02 03:00:00,no2,PIIANN,35.83,30.610226
2022-05-12 21:00:00,no2,PIIANN,7.4999995,32.181717
2025-08-13 01:00:00,no2,PIIANN,60.92256,30.730642
2022-01-02 05:00:00,no2,PIIANN,31.7,26.543913
2021-11-04 09:00:00,no2,PIIANN,14.48,25.444786
2021-05-05 12:00:00,no2,PIIANN,13.22,24.888615
2024-07-07 15:00:00,no2,PIIANN,15.08,23.088858
2022-10-05 01:00:00,no2,PIIANN,15.82,19.438118
2022-09-07 04:00:00,no2,PIIANN,20.25,20.570553
2021-09-01 14:00:00,no2,PIIANN,51.1,32.849964
2024-08-04 08:00:00,no2,PIIANN,8.360001,24.361485
2024-02-03 19:00:00,no2,PIIANN,9.040001,27.830965
2022-12-02 17:00:00,no2,PIIANN,21.98,29.308199
2025-12-05 17:00:00,no2,PIIANN,12.75,26.966032
2023-06-10 01:00:00,no2,PIIANN,12.575,21.875233
2023-12-06 11:00:00,no2,PIIANN,13.9975,24.768131
2021-09-04 04:00:00,no2,PIIANN,18.25,23.673939
2024-05-06 03:00:00,no2,PIIANN,10.050001,22.572147
2025-08-09 14:00:00,no2,PIIANN,59.33,26.02644
2025-03-09 10:00:00,no2,PIIANN,91.78,29.593163
2025-12-08 19:00:00,no2,PIIANN,33.36,22.887316
2024-07-10 12:00:00,no2,PIIANN,54.26,27.164497
2021-01-09 16:00:00,no2,PIIANN,10.22,23.434938
2025-04-08 04:00:00,no2,PIIANN,19.97,23.945257
2025-06-06 09:00:00,no2,PIIANN,66.17,30.352652
2024-08-04 14:00:00,no2,PIIANN,11.25,25.01437
2025-09-04 22:00:00,no2,PIIANN,13.18,21.716478
2021-02-07 10:00:00,no2,PIIANN,13.12,24.505627
2025-04-02 20:00:00,no2,PIIANN,66.94,29.396275
2021-08-07 12:00:00,no2,PIIANN,10.38,23.849564
2022-04-12 23:00:00,no2,PIIANN,2.9999995,32.80134
2022-08-06 16:00:00,no2,PIIANN,19.42,24.205208
2024-10-08 12:00:00,no2,PIIANN,12.369999,23.102154
2022-09-12 13:00:00,no2,PIIANN,23.3,35.37909
2022-03-09 15:00:00,no2,PIIANN,14.23,23.413687
2023-11-06 09:00:00,no2,PIIANN,7.9150004,23.85964
2021-05-02 19:00:00,no2,PIIANN,70.55,34.39801
2023-11-12 10:00:00,no2,PIIANN,6.145,30.272589
2023-07-08 21:00:00,no2,PIIANN,4.0225005,20.36595
2023-12-11 02:00:00,no2,PIIANN,16.4725,29.957127
2022-08-07 18:00:00,no2,PIIANN,27.58,20.969187
2024-04-11 22:00:00,no2,PIIANN,61.39,31.313005
2021-01-08 23:00:00,no2,PIIANN,10.38,22.127087
2021-07-11 21:00:00,no2,PIIANN,18.955,27.092201
2021-06-10 09:00:00,no2,PIIANN,11.279999,20.484922
2022-11-10 14:00:00,no2,PIIANN,12.5,23.374239
2021-03-04 11:00:00,no2,PIIANN,17.68,28.037376
2023-03-12 21:00:00,no2,PIIANN,8.415001,28.6866
2022-02-12 23:00:00,no2,PIIANN,0.25999784,33.290897
2025-12-12 22:00:00,no2,PIIANN,180.23,36.09004
2022-05-02 03:00:00,no2,PIIANN,30.33,23.701406
2021-10-06 13:00:00,no2,PIIANN,17.93,23.614147
2022-02-04 02:00:00,no2,PIIANN,26.92,22.583178
2022-10-12 01:00:00,no2,PIIANN,1.349998,31.639011
2022-09-06 20:00:00,no2,PIIANN,19.05,22.109447
2025-04-10 04:00:00,no2,PIIANN,17.49,24.18532
2024-01-06 23:00:00,no2,PIIANN,11.6,22.674915
2023-09-09 18:00:00,no2,PIIANN,13.140001,21.566162
2024-07-07 07:00:00,no2,PIIANN,13.95,21.715424
2025-09-12 13:00:00,no2,PIIANN,46.59,35.485813
2022-09-11 11:00:00,no2,PIIANN,18.8,31.683048
2023-05-08 21:00:00,no2,PIIANN,13.12,21.329845
2024-05-07 23:00:00,no2,PIIANN,11.64,20.47365
2025-01-07 09:00:00,no2,PIIANN,34.01,26.9342
2021-10-09 07:00:00,no2,PIIANN,16.52,23.499294
2021-01-04 22:00:00,no2,PIIANN,15.3,25.186863
2023-01-10 02:00:00,no2,PIIANN,9.5875,20.94037
2025-11-07 22:00:00,no2,PIIANN,59.66,23.083166
2025-07-12 15:00:00,no2,PIIANN,30.5,34.39409
2021-04-04 12:00:00,no2,PIIANN,15.65,28.16491
2025-10-06 15:00:00,no2,PIIANN,62.3,27.726957
2024-02-06 14:00:00,no2,PIIANN,10.16,24.380262
2021-11-04 12:00:00,no2,PIIANN,15.05,24.983599
2024-12-05 19:00:00,no2,PIIANN,52.04,24.60349
2021-09-07 20:00:00,no2,PIIANN,18.955,21.889193
2024-04-08 14:00:00,no2,PIIANN,11.08,24.172981
2025-03-04 22:00:00,no2,PIIANN,13.31,23.424925
2025-09-12 17:00:00,no2,PIIANN,66.01,33.796806
2024-02-02 13:00:00,no2,PIIANN,3.8900008,27.93657
2024-03-10 14:00:00,no2,PIIANN,47.51,28.073875
2022-10-05 02:00:00,no2,PIIANN,16.0,19.447989
2024-11-10 14:00:00,no2,PIIANN,47.48,25.54638
2021-09-02 19:00:00,no2,PIIANN,73.15,32.191933
2023-10-10 08:00:00,no2,PIIANN,14.8225,27.091713
2023-01-12 17:00:00,no2,PIIANN,21.955,25.715565
2025-11-04 20:00:00,no2,PIIANN,19.09,22.718243
2023-03-01 22:00:00,no2,PIIANN,15.535,30.6841
2023-06-09 04:00:00,no2,PIIANN,7.2625003,21.139158
2024-01-08 17:00:00,no2,PIIANN,12.7,22.572262
2024-05-05 23:00:00,no2,PIIANN,18.955,21.482836
2025-09-08 02:00:00,no2,PIIANN,23.96,21.993807
2021-09-06 16:00:00,no2,PIIANN,18.02,23.475826
2024-11-03 17:00:00,no2,PIIANN,5.479999,28.500559
2025-10-03 19:00:00,no2,PIIANN,20.88,26.586702
2025-07-07 22:00:00,no2,PIIANN,36.46,19.997725
2021-08-13 00:00:00,no2,PIIANN,36.499783,23.733486
2025-08-05 00:00:00,no2,PIIANN,25.6,21.551249
2023-05-06 09:00:00,no2,PIIANN,8.280001,25.67163
2022-10-06 10:00:00,no2,PIIANN,19.12,25.390163
2024-02-12 13:00:00,no2,PIIANN,59.84,29.19175
2023-09-02 23:00:00,no2,PIIANN,1.4533305,26.91039
2021-12-03 01:00:00,no2,PIIANN,19.98,21.301603
2021-07-08 14:00:00,no2,PIIANN,11.3,23.981642
2022-03-02 21:00:00,no2,PIIANN,28.48,25.407547
2024-05-12 22:00:00,no2,PIIANN,28.4,29.04746
2022-03-10 08:00:00,no2,PIIANN,11.279999,24.770107
2024-06-03 08:00:00,no2,PIIANN,1.6599994,27.098434
2021-09-09 09:00:00,no2,PIIANN,18.17,22.52866
2024-03-05 22:00:00,no2,PIIANN,14.82,23.881601
2021-11-04 06:00:00,no2,PIIANN,15.1,24.93829
2024-11-08 22:00:00,no2,PIIANN,12.76,21.63068
2022-08-07 06:00:00,no2,PIIANN,21.58,21.08405
2023-03-07 06:00:00,no2,PIIANN,27.9725,23.88758
2024-02-12 14:00:00,no2,PIIANN,63.3,29.040012
2022-12-13 02:00:00,no2,PIIANN,18.955,30.064413
2025-09-10 18:00:00,no2,PIIANN,31.4,24.976057
2025-03-01 14:00:00,no2,PIIANN,21.926666,31.145472
2021-11-05 13:00:00,no2,PIIANN,14.35,23.03358
2021-06-07 09:00:00,no2,PIIANN,8.5,26.340132
2022-01-06 04:00:00,no2,PIIANN,14.9,23.217989
2024-04-10 12:00:00,no2,PIIANN,48.64,27.164024
2021-10-04 06:00:00,no2,PIIANN,15.8,24.532188
2025-02-05 19:00:00,no2,PIIANN,136.28,24.897114
2022-10-08 15:00:00,no2,PIIANN,23.3,22.276302
2024-10-06 08:00:00,no2,PIIANN,8.92,23.766098
2024-07-09 12:00:00,no2,PIIANN,13.339999,22.751657
2024-11-05 21:00:00,no2,PIIANN,37.36,23.03744
2022-01-07 21:00:00,no2,PIIANN,36.55,21.482887
2025-06-10 18:00:00,no2,PIIANN,22.67,25.040188
2025-08-03 15:00:00,no2,PIIANN,8.690001,29.718962
2022-04-12 20:00:00,no2,PIIANN,5.889999,34.329163
2023-01-07 11:00:00,no2,PIIANN,13.9425,24.675707
2021-06-04 03:00:00,no2,PIIANN,18.7,24.23953
2024-09-12 03:00:00,no2,PIIANN,20.12,27.998058
2024-02-03 23:00:00,no2,PIIANN,2.44,25.323833
2024-07-12 03:00:00,no2,PIIANN,19.82,27.727003
2021-07-09 16:00:00,no2,PIIANN,13.35,21.192558
2023-07-09 17:00:00,no2,PIIANN,4.0225005,21.210573
2024-10-05 16:00:00,no2,PIIANN,39.33,24.689869
2025-09-03 04:00:00,no2,PIIANN,19.14,26.82658
2025-02-02 02:00:00,no2,PIIANN,18.1,25.846634
2025-02-04 10:00:00,no2,PIIANN,8.43,26.58992
2022-12-10 00:00:00,no2,PIIANN,9.78,24.866882
2025-07-06 23:00:00,no2,PIIANN,51.479996,24.352488
2022-10-12 11:00:00,no2,PIIANN,22.24,34.41123
2024-07-09 17:00:00,no2,PIIANN,14.52,22.308382
2024-06-10 11:00:00,no2,PIIANN,59.57,28.68256
2024-12-07 11:00:00,no2,PIIANN,13.48,24.647358
2022-12-02 05:00:00,no2,PIIANN,25.05,28.410456
2022-05-02 16:00:00,no2,PIIANN,26.85,24.945662
2025-02-05 15:00:00,no2,PIIANN,26.03,25.752075
2022-11-09 20:00:00,no2,PIIANN,17.85,21.911982
2023-12-08 00:00:00,no2,PIIANN,5.78,21.080517
2025-11-08 11:00:00,no2,PIIANN,50.7,25.143423
2025-06-12 19:00:00,no2,PIIANN,99.47,32.612324
2022-07-03 05:00:00,no2,PIIANN,26.28,27.15107
2021-04-10 07:00:00,no2,PIIANN,18.955,27.922337
2025-04-07 09:00:00,no2,PIIANN,24.9,25.334576
2023-01-10 03:00:00,no2,PIIANN,9.6325,21.588367
2021-12-07 10:00:00,no2,PIIANN,7.4999995,23.477486
2024-08-02 19:00:00,no2,PIIANN,16.84,26.23314
2021-12-07 05:00:00,no2,PIIANN,7.1200004,22.038616
2023-07-05 13:00:00,no2,PIIANN,12.187499,30.614162
2024-05-08 20:00:00,no2,PIIANN,12.01,21.833233
2021-09-06 14:00:00,no2,PIIANN,17.58,23.20498
2024-10-01 17:00:00,no2,PIIANN,5.809999,31.663883
2023-04-02 03:00:00,no2,PIIANN,8.1675,31.623777
2024-12-06 22:00:00,no2,PIIANN,10.31,21.742867
2022-05-02 17:00:00,no2,PIIANN,27.15,24.549461
2025-11-13 00:00:00,no2,PIIANN,128.83672,33.25952
2022-05-07 13:00:00,no2,PIIANN,26.28,22.464209
2023-01-04 19:00:00,no2,PIIANN,36.235,23.368525
2021-06-06 21:00:00,no2,PIIANN,18.1,21.010899
2021-05-10 10:00:00,no2,PIIANN,17.62,20.77985
2024-05-06 00:00:00,no2,PIIANN,9.759999,21.799433
2024-04-01 12:00:00,no2,PIIANN,4.9500003,32.977493
2022-02-03 16:00:00,no2,PIIANN,25.83,29.439589
2022-08-12 21:00:00,no2,PIIANN,3.3000007,32.025936
2023-01-03 13:00:00,no2,PIIANN,16.76,29.379099
2022-10-09 05:00:00,no2,PIIANN,14.92,22.418667
2024-07-12 12:00:00,no2,PIIANN,54.03,30.360235
2024-11-04 04:00:00,no2,PIIANN,40.49,26.505085
2022-02-10 08:00:00,no2,PIIANN,14.38,26.69568
2021-02-08 00:00:00,no2,PIIANN,10.9,22.051613
2021-07-03 20:00:00,no2,PIIANN,40.35,26.974144
2023-02-05 03:00:00,no2,PIIANN,7.0925,26.092785
2023-02-08 14:00:00,no2,PIIANN,15.5125,23.041761
2025-10-10 20:00:00,no2,PIIANN,21.47,23.844704
2022-02-01 17:00:00,no2,PIIANN,62.25,30.822071
2021-11-11 10:00:00,no2,PIIANN,39.45,29.281319
2021-06-05 19:00:00,no2,PIIANN,16.75,20.778166
2024-12-11 16:00:00,no2,PIIANN,34.26,27.163445
2024-09-10 01:00:00,no2,PIIANN,50.65,23.229467
2023-03-09 21:00:00,no2,PIIANN,13.845,23.685291
2023-01-05 16:00:00,no2,PIIANN,17.24,28.007593
2025-06-12 09:00:00,no2,PIIANN,33.42,32.834667
2022-05-08 10:00:00,no2,PIIANN,25.8,22.28505
2022-04-03 02:00:00,no2,PIIANN,26.05,28.72583
2025-06-12 16:00:00,no2,PIIANN,45.09,33.08257
2025-12-12 01:00:00,no2,PIIANN,125.44,31.867416
2025-07-01 21:00:00,no2,PIIANN,32.76,27.044167
2021-06-05 12:00:00,no2,PIIANN,13.75,22.79218
2021-03-08 02:00:00,no2,PIIANN,15.95,23.249529
2024-11-12 17:00:00,no2,PIIANN,65.24,31.219976
2022-02-04 20:00:00,no2,PIIANN,27.02,23.261
2025-08-12 09:00:00,no2,PIIANN,43.52,34.13769
2025-03-11 16:00:00,no2,PIIANN,17.02,25.09288
2022-07-12 10:00:00,no2,PIIANN,23.95,35.268738
2021-12-09 21:00:00,no2,PIIANN,19.2,22.271082
2024-10-02 03:00:00,no2,PIIANN,3.9299998,25.10462
2021-08-10 18:00:00,no2,PIIANN,16.08,22.63726
2025-08-03 06:00:00,no2,PIIANN,14.28,26.414427
2023-12-06 19:00:00,no2,PIIANN,17.565,23.418453
2024-03-05 06:00:00,no2,PIIANN,18.955,24.862892
2021-01-12 19:00:00,no2,PIIANN,0.8800006,28.036718
2022-06-05 06:00:00,no2,PIIANN,18.38,23.25141
2023-04-09 22:00:00,no2,PIIANN,3.9649997,22.236809
2024-02-06 22:00:00,no2,PIIANN,9.750001,22.510857
2022-06-10 19:00:00,no2,PIIANN,11.72,21.404016
2021-06-10 18:00:00,no2,PIIANN,19.23,19.823606
2023-06-08 23:00:00,no2,PIIANN,4.023334,21.243486
2024-04-02 23:00:00,no2,PIIANN,4.059999,27.260912
2023-12-09 21:00:00,no2,PIIANN,33.465,22.31495
2024-02-05 17:00:00,no2,PIIANN,22.8,27.445408
2022-05-07 04:00:00,no2,PIIANN,22.18,21.079304
2021-09-05 14:00:00,no2,PIIANN,13.579999,22.613195
2021-02-02 23:00:00,no2,PIIANN,63.85,29.62177
2023-01-12 05:00:00,no2,PIIANN,3.979999,28.600407
2023-09-09 19:00:00,no2,PIIANN,13.5025,21.09846
2024-07-11 15:00:00,no2,PIIANN,28.94,27.276707
2022-08-06 11:00:00,no2,PIIANN,19.62,24.97534
2021-01-08 05:00:00,no2,PIIANN,10.849999,22.880365
2022-12-02 11:00:00,no2,PIIANN,22.7,30.567862
2024-08-13 00:00:00,no2,PIIANN,25.221575,27.315771
2023-01-04 23:00:00,no2,PIIANN,18.04,23.696497
2024-06-12 07:00:00,no2,PIIANN,28.19,30.079199
2024-07-07 21:00:00,no2,PIIANN,16.93,19.778082
2021-05-04 10:00:00,no2,PIIANN,16.58,27.068558
2025-11-05 05:00:00,no2,PIIANN,17.09,25.84561
2022-11-04 03:00:00,no2,PIIANN,18.955,20.664282
2023-02-07 16:00:00,no2,PIIANN,24.2625,23.968868
2024-01-08 10:00:00,no2,PIIANN,13.48,24.380775
2023-05-09 19:00:00,no2,PIIANN,5.0274997,21.508827
2025-09-13 01:00:00,no2,PIIANN,145.42984,31.926418
2023-05-01 13:00:00,no2,PIIANN,21.29,32.45596
2021-10-09 17:00:00,no2,PIIANN,18.92,24.283224
2024-06-01 16:00:00,no2,PIIANN,5.1699996,33.263752
2021-08-04 19:00:00,no2,PIIANN,17.25,23.910551
2025-02-02 11:00:00,no2,PIIANN,20.74,28.175287
2023-07-04 21:00:00,no2,PIIANN,36.5025,26.826279
2023-12-06 06:00:00,no2,PIIANN,11.135,23.392467
2024-09-08 13:00:00,no2,PIIANN,10.739999,23.01641
2025-12-07 11:00:00,no2,PIIANN,41.34,25.89395
2024-11-02 20:00:00,no2,PIIANN,4.53,30.720556
2022-05-12 20:00:00,no2,PIIANN,8.68,33.246048
2021-11-09 10:00:00,no2,PIIANN,12.52,24.390429
2025-10-12 20:00:00,no2,PIIANN,150.47,34.441227
2022-06-12 16:00:00,no2,PIIANN,22.93,35.100525
2021-05-02 15:00:00,no2,PIIANN,52.15,36.082943
2024-05-11 23:00:00,no2,PIIANN,34.38,29.111763
2021-05-12 08:00:00,no2,PIIANN,24.75,28.110615
2022-11-08 03:00:00,no2,PIIANN,21.68,21.039349
2024-08-02 07:00:00,no2,PIIANN,2.4999995,27.362282
2025-01-05 05:00:00,no2,PIIANN,41.14,26.820248
2023-03-10 00:00:00,no2,PIIANN,16.55,24.142847
2022-12-05 01:00:00,no2,PIIANN,21.8,22.001408
2021-01-05 07:00:00,no2,PIIANN,15.1,24.737381
2023-06-11 12:00:00,no2,PIIANN,29.0675,31.054129
2021-12-09 08:00:00,no2,PIIANN,14.7,23.027662
2025-02-09 17:00:00,no2,PIIANN,107.96,28.087431
2021-09-05 03:00:00,no2,PIIANN,14.15,21.726513
2021-12-07 13:00:00,no2,PIIANN,11.98,23.789087
2023-09-05 16:00:00,no2,PIIANN,19.2725,27.635185
2025-09-03 21:00:00,no2,PIIANN,8.210001,23.917942
2024-03-08 13:00:00,no2,PIIANN,11.700001,23.890753
2025-12-06 16:00:00,no2,PIIANN,39.29,25.759724
2023-03-08 15:00:00,no2,PIIANN,14.76,23.07496
2021-02-01 18:00:00,no2,PIIANN,74.92,34.783722
2025-03-12 04:00:00,no2,PIIANN,49.94,34.161026
2024-11-07 04:00:00,no2,PIIANN,13.400001,21.9731
2021-12-03 16:00:00,no2,PIIANN,23.6,24.518824
2023-10-09 23:00:00,no2,PIIANN,3.983333,20.397974
2022-12-09 06:00:00,no2,PIIANN,17.15,25.440477
2025-09-01 22:00:00,no2,PIIANN,62.18,27.19004
2024-01-07 01:00:00,no2,PIIANN,11.84,22.16245
2025-10-12 03:00:00,no2,PIIANN,98.0,33.039112
2025-04-03 23:00:00,no2,PIIANN,28.47,21.476734
2025-05-07 12:00:00,no2,PIIANN,23.7,24.753876
2023-02-05 12:00:00,no2,PIIANN,22.2975,28.228603
2021-11-06 05:00:00,no2,PIIANN,15.75,22.527655
2022-05-11 19:00:00,no2,PIIANN,27.95,30.44381
2025-03-12 21:00:00,no2,PIIANN,99.26,32.612995
2023-01-12 02:00:00,no2,PIIANN,5.6025004,29.988094
2021-07-03 22:00:00,no2,PIIANN,28.5,25.560818
2024-06-03 15:00:00,no2,PIIANN,2.2100005,27.183508
2021-03-12 01:00:00,no2,PIIANN,23.55,28.530987
2022-02-11 02:00:00,no2,PIIANN,15.82,26.890615
2024-12-08 03:00:00,no2,PIIANN,13.330001,22.68097
2024-07-10 10:00:00,no2,PIIANN,55.02,27.438692
2021-08-06 22:00:00,no2,PIIANN,20.27,20.614511
2024-09-12 10:00:00,no2,PIIANN,51.38,30.25177
2022-03-02 15:00:00,no2,PIIANN,23.5,27.593107
2022-12-08 09:00:00,no2,PIIANN,21.55,23.232035
2024-02-10 09:00:00,no2,PIIANN,34.14,27.716833
2025-01-07 20:00:00,no2,PIIANN,54.03,24.009918
2024-12-03 12:00:00,no2,PIIANN,2.7100005,27.03372
2024-03-02 06:00:00,no2,PIIANN,1.2599998,27.352036
2023-10-07 23:00:00,no2,PIIANN,5.053333,21.138195
2023-05-06 23:00:00,no2,PIIANN,7.1133323,23.309687
2023-09-11 05:00:00,no2,PIIANN,28.9225,32.73025
2025-07-04 19:00:00,no2,PIIANN,22.895,22.655975
2023-04-09 05:00:00,no2,PIIANN,3.9924998,23.841242
2022-03-10 10:00:00,no2,PIIANN,12.599999,25.118914
2024-09-12 14:00:00,no2,PIIANN,65.56,30.590805
2023-10-02 10:00:00,no2,PIIANN,1.0324988,32.60163
2023-06-02 22:00:00,no2,PIIANN,3.6200004,28.745363
2024-02-05 01:00:00,no2,PIIANN,14.49,24.652615
2025-03-12 12:00:00,no2,PIIANN,36.84,35.762714
2021-07-03 00:00:00,no2,PIIANN,33.2,20.905424
2023-10-12 19:00:00,no2,PIIANN,5.0825,27.464466
2022-11-10 11:00:00,no2,PIIANN,11.48,23.69308
2025-09-10 21:00:00,no2,PIIANN,25.62,22.861805
2022-08-07 14:00:00,no2,PIIANN,21.95,22.115412
2022-11-05 13:00:00,no2,PIIANN,21.0,21.40204
2021-05-08 02:00:00,no2,PIIANN,15.0,23.089878
2025-10-12 16:00:00,no2,PIIANN,57.6,34.394657
2023-06-03 17:00:00,no2,PIIANN,66.3225,30.665026
2025-02-02 01:00:00,no2,PIIANN,18.68,24.39222
2022-01-11 15:00:00,no2,PIIANN,16.75,29.238781
2024-12-11 14:00:00,no2,PIIANN,34.0,27.221155
2023-09-06 05:00:00,no2,PIIANN,7.6375003,23.130526
2021-03-01 16:00:00,no2,PIIANN,50.9,35.840836
2023-04-09 17:00:00,no2,PIIANN,18.1775,22.730762
2022-01-02 08:00:00,no2,PIIANN,32.0,27.828613
2024-05-02 22:00:00,no2,PIIANN,2.6799998,27.12555
2021-03-09 06:00:00,no2,PIIANN,10.82,22.757559
2024-10-03 07:00:00,no2,PIIANN,2.2200007,27.314323
2025-12-06 09:00:00,no2,PIIANN,47.05,25.422327
2024-07-11 11:00:00,no2,PIIANN,31.88,27.692507
2022-09-08 17:00:00,no2,PIIANN,18.12,21.794323
2025-01-11 08:00:00,no2,PIIANN,4.319999,24.843758
2023-08-12 14:00:00,no2,PIIANN,3.9875007,23.054832
2025-05-09 20:00:00,no2,PIIANN,223.86,32.626163
2023-05-03 18:00:00,no2,PIIANN,92.77,31.942505
2024-05-02 21:00:00,no2,PIIANN,3.3999991,28.176897
2021-06-05 16:00:00,no2,PIIANN,13.0,21.956388
2025-01-04 22:00:00,no2,PIIANN,7.229999,23.324347
2021-07-02 07:00:00,no2,PIIANN,42.52,30.041983
2024-10-12 19:00:00,no2,PIIANN,40.34,28.89034
2021-11-07 00:00:00,no2,PIIANN,9.930001,22.527618
2024-07-08 15:00:00,no2,PIIANN,11.2,23.105192
2022-06-04 22:00:00,no2,PIIANN,17.3,21.176916
2025-01-08 13:00:00,no2,PIIANN,60.38,26.10173
2024-09-12 08:00:00,no2,PIIANN,40.28,29.702711
2022-08-08 21:00:00,no2,PIIANN,22.85,20.491913
2025-04-05 19:00:00,no2,PIIANN,22.07,24.114931
2025-11-05 22:00:00,no2,PIIANN,19.7,24.280174
2025-11-02 07:00:00,no2,PIIANN,18.81,26.644712
2022-06-04 02:00:00,no2,PIIANN,39.75,20.071804
2023-12-12 23:00:00,no2,PIIANN,5.3700004,28.310558
2024-03-05 03:00:00,no2,PIIANN,19.506874,23.931147
2023-12-12 21:00:00,no2,PIIANN,4.944999,27.61831
2022-07-07 05:00:00,no2,PIIANN,24.5,20.399265
2025-02-12 04:00:00,no2,PIIANN,29.91,31.679716
2023-05-07 12:00:00,no2,PIIANN,19.78,22.522158
2021-12-01 17:00:00,no2,PIIANN,49.5,33.099655
2023-10-03 04:00:00,no2,PIIANN,39.7975,27.000982
2022-04-12 11:00:00,no2,PIIANN,22.58,36.27755
2024-02-08 20:00:00,no2,PIIANN,21.46,23.426449
2023-03-10 02:00:00,no2,PIIANN,16.835,21.595325
2024-07-08 01:00:00,no2,PIIANN,12.17,20.938318
2025-06-12 03:00:00,no2,PIIANN,28.74,29.453197
2021-10-05 15:00:00,no2,PIIANN,16.23,21.948198
2021-11-04 14:00:00,no2,PIIANN,14.02,25.149712
2024-12-08 20:00:00,no2,PIIANN,13.529999,22.431932
2022-05-10 05:00:00,no2,PIIANN,9.999999,23.491604
2024-06-04 04:00:00,no2,PIIANN,5.2499995,23.635857
2022-11-02 16:00:00,no2,PIIANN,18.7,31.792997
2024-01-12 03:00:00,no2,PIIANN,19.96,25.74013
2022-04-11 16:00:00,no2,PIIANN,15.73,32.13651
2022-07-04 05:00:00,no2,PIIANN,17.55,22.56154
2022-12-10 17:00:00,no2,PIIANN,12.02,22.215357
2025-07-10 21:00:00,no2,PIIANN,19.67,24.092056
2021-02-11 14:00:00,no2,PIIANN,15.75,34.0723
2021-09-10 15:00:00,no2,PIIANN,2.2200007,27.948011
2025-10-11 12:00:00,no2,PIIANN,19.84,33.99258
2022-04-02 05:00:00,no2,PIIANN,28.55,25.345108
2025-12-04 14:00:00,no2,PIIANN,186.88,24.20259
2021-07-02 21:00:00,no2,PIIANN,57.62,24.741123
2022-02-02 01:00:00,no2,PIIANN,34.33,24.674334
2023-03-04 03:00:00,no2,PIIANN,13.3324995,23.729076
2025-04-06 16:00:00,no2,PIIANN,91.8,29.55302
2021-08-09 22:00:00,no2,PIIANN,34.75,19.929344
2025-12-09 18:00:00,no2,PIIANN,19.83,23.70951
2023-06-03 20:00:00,no2,PIIANN,51.785,28.448774
2022-08-01 23:00:00,no2,PIIANN,99.93,26.302794
2023-07-03 10:00:00,no2,PIIANN,22.2425,30.478497
2025-05-11 01:00:00,no2,PIIANN,12.120001,31.792902
2025-03-12 08:00:00,no2,PIIANN,40.64,34.693172
2022-07-04 11:00:00,no2,PIIANN,17.17,23.173721
2024-02-10 19:00:00,no2,PIIANN,52.05,25.123575
2023-09-01 23:00:00,no2,PIIANN,24.93,29.99694
2021-02-10 18:00:00,no2,PIIANN,18.955,20.056114
2022-06-01 12:00:00,no2,PIIANN,69.3,35.156166
2023-07-05 20:00:00,no2,PIIANN,26.65,28.604391
2024-07-03 11:00:00,no2,PIIANN,3.02,28.226664
2025-02-03 15:00:00,no2,PIIANN,65.76,27.212679
2022-08-04 04:00:00,no2,PIIANN,17.3,22.434757
2023-05-04 12:00:00,no2,PIIANN,26.9525,25.029127
2025-06-10 00:00:00,no2,PIIANN,19.02,27.301136
2021-04-10 18:00:00,no2,PIIANN,28.52,26.000732
2022-08-06 09:00:00,no2,PIIANN,18.75,24.802608
2025-01-12 19:00:00,no2,PIIANN,57.98,33.43229
2025-04-10 19:00:00,no2,PIIANN,18.2,24.090084
2023-02-12 16:00:00,no2,PIIANN,12.53,27.534182
2025-07-02 09:00:00,no2,PIIANN,28.75,30.415676
2025-09-10 10:00:00,no2,PIIANN,22.56,26.08938
2023-05-10 13:00:00,no2,PIIANN,12.76,26.693922
2022-11-08 22:00:00,no2,PIIANN,24.5,20.41973
2024-04-09 20:00:00,no2,PIIANN,15.38,21.56765
2024-09-10 17:00:00,no2,PIIANN,18.955,23.850748
2024-01-09 23:00:00,no2,PIIANN,15.06,21.798359
2022-08-09 11:00:00,no2,PIIANN,19.38,22.66999
2023-08-09 03:00:00,no2,PIIANN,4.0099998,19.706528
2025-07-05 14:00:00,no2,PIIANN,22.27,26.891275
2021-07-02 19:00:00,no2,PIIANN,55.4,26.061525
2022-07-10 11:00:00,no2,PIIANN,11.18,24.424099
2025-12-07 07:00:00,no2,PIIANN,39.56,24.718685
2022-06-05 13:00:00,no2,PIIANN,16.32,25.428059
2024-06-03 21:00:00,no2,PIIANN,8.59,24.88418
2025-10-11 14:00:00,no2,PIIANN,15.33,33.722584
2022-10-12 19:00:00,no2,PIIANN,16.48,33.54326
2024-09-06 16:00:00,no2,PIIANN,9.720001,23.07503
2021-08-11 06:00:00,no2,PIIANN,18.955,26.599463
2021-02-07 08:00:00,no2,PIIANN,15.58,24.347971
2023-12-07 11:00:00,no2,PIIANN,16.603333,23.514471
2024-08-08 15:00:00,no2,PIIANN,11.579999,22.356157
2023-10-05 09:00:00,no2,PIIANN,10.485001,26.153627
2025-07-01 22:00:00,no2,PIIANN,24.94,26.227943
2023-11-12 21:00:00,no2,PIIANN,8.4725,26.854593
2025-03-09 08:00:00,no2,PIIANN,138.2,28.959703
2025-01-11 00:00:00,no2,PIIANN,4.1599994,23.870052
2022-10-08 07:00:00,no2,PIIANN,19.32,23.072529
2022-10-11 00:00:00,no2,PIIANN,23.35,21.577791
2021-06-11 02:00:00,no2,PIIANN,28.95,27.63751
2021-08-08 06:00:00,no2,PIIANN,8.65,22.923626
2024-01-02 02:00:00,no2,PIIANN,1.3999991,25.311186
2023-03-06 11:00:00,no2,PIIANN,7.655,26.19995
2024-01-11 19:00:00,no2,PIIANN,49.74,28.379002
2023-09-03 12:00:00,no2,PIIANN,36.3225,30.062252
2025-11-11 03:00:00,no2,PIIANN,18.955,30.334064
2023-11-06 22:00:00,no2,PIIANN,11.3175,21.369528
2024-06-09 20:00:00,no2,PIIANN,14.59,20.957714
2021-02-07 23:00:00,no2,PIIANN,13.38,22.218613
2024-11-11 17:00:00,no2,PIIANN,57.48,26.33782
2023-07-10 15:00:00,no2,PIIANN,23.58,25.523977
2021-01-05 13:00:00,no2,PIIANN,11.52,25.04359
2022-10-05 16:00:00,no2,PIIANN,18.67,19.726534
2023-12-02 06:00:00,no2,PIIANN,0.09944488,26.900177
2024-01-12 04:00:00,no2,PIIANN,20.0,25.672823
2021-05-11 12:00:00,no2,PIIANN,24.3,35.104652
2025-06-05 14:00:00,no2,PIIANN,20.65,25.355442
2023-05-08 18:00:00,no2,PIIANN,13.565,22.215933
2023-03-13 01:00:00,no2,PIIANN,7.582174,29.0992
2025-11-06 05:00:00,no2,PIIANN,57.7,26.290659
2021-10-02 16:00:00,no2,PIIANN,44.9,33.980083
2025-05-03 21:00:00,no2,PIIANN,63.06,23.41302
2021-02-07 12:00:00,no2,PIIANN,12.050001,24.24367
2025-05-09 12:00:00,no2,PIIANN,172.01,33.306305
2025-06-12 13:00:00,no2,PIIANN,30.56,34.156162
2024-12-08 00:00:00,no2,PIIANN,13.43,21.24107
2021-02-04 22:00:00,no2,PIIANN,16.88,24.94624
2021-04-12 14:00:00,no2,PIIANN,34.28,30.23295
2021-04-03 08:00:00,no2,PIIANN,52.62,31.638748
2024-07-07 06:00:00,no2,PIIANN,14.15,21.379389
2025-08-06 14:00:00,no2,PIIANN,41.88,26.624172
2022-10-01 23:00:00,no2,PIIANN,74.1,26.953035
2021-12-03 11:00:00,no2,PIIANN,26.3,25.932901
2021-09-04 16:00:00,no2,PIIANN,16.2,24.981405
2021-08-11 18:00:00,no2,PIIANN,115.15,29.55953
2025-09-07 02:00:00,no2,PIIANN,27.87,20.522585
2023-02-11 05:00:00,no2,PIIANN,24.9675,26.74541
2023-01-03 20:00:00,no2,PIIANN,36.08,29.046005
2024-02-11 02:00:00,no2,PIIANN,28.7,30.24024
2021-02-08 06:00:00,no2,PIIANN,11.9,24.125114
2021-01-12 17:00:00,no2,PIIANN,3.6200004,29.793343
2022-04-05 19:00:00,no2,PIIANN,16.9,22.625813
2025-11-06 12:00:00,no2,PIIANN,43.94,27.222689
2023-01-07 06:00:00,no2,PIIANN,13.217501,23.693102
2022-06-11 00:00:00,no2,PIIANN,20.27,22.387493
2021-05-07 03:00:00,no2,PIIANN,11.820001,22.249313
2025-06-05 18:00:00,no2,PIIANN,50.829998,24.509687
2024-06-02 11:00:00,no2,PIIANN,2.5500007,30.071924
2025-12-11 11:00:00,no2,PIIANN,19.34,34.84229
2022-03-06 09:00:00,no2,PIIANN,13.32,25.436924
2021-08-02 14:00:00,no2,PIIANN,18.955,31.04739
2023-11-03 20:00:00,no2,PIIANN,60.555,27.90568
2022-01-08 17:00:00,no2,PIIANN,26.08,22.83885
2024-09-12 06:00:00,no2,PIIANN,22.02,28.65058
2022-04-05 12:00:00,no2,PIIANN,16.73,23.687895
2021-06-05 07:00:00,no2,PIIANN,17.3,22.258171
2021-01-07 03:00:00,no2,PIIANN,9.949999,22.715494
2021-04-06 23:00:00,no2,PIIANN,14.25,22.34017
2025-01-10 10:00:00,no2,PIIANN,21.28,27.07664
2021-06-06 09:00:00,no2,PIIANN,13.229999,24.132051
2021-09-13 00:00:00,no2,PIIANN,10.6035795,23.323559
2023-01-03 03:00:00,no2,PIIANN,18.5575,26.663717
2024-05-02 01:00:00,no2,PIIANN,2.8999991,27.118649
2022-01-06 22:00:00,no2,PIIANN,13.42,23.31315
2022-04-12 06:00:00,no2,PIIANN,21.86,33.838627
2023-03-03 13:00:00,no2,PIIANN,45.805,32.031605
2022-09-11 16:00:00,no2,PIIANN,25.95,30.239178
2024-07-09 07:00:00,no2,PIIANN,15.09,22.903456
2025-05-11 06:00:00,no2,PIIANN,9.86,32.63382
2021-09-02 18:00:00,no2,PIIANN,67.08,32.577984
2022-11-06 04:00:00,no2,PIIANN,20.23,23.153183
2023-01-02 07:00:00,no2,PIIANN,14.0,31.930666
2022-08-11 12:00:00,no2,PIIANN,14.25,31.304863
2025-12-07 22:00:00,no2,PIIANN,94.58,23.63579
2022-08-09 15:00:00,no2,PIIANN,19.95,23.258354
2022-01-03 02:00:00,no2,PIIANN,28.88,25.144491
2024-12-01 23:00:00,no2,PIIANN,6.43,27.482355
2023-05-07 20:00:00,no2,PIIANN,17.12,21.25819
2021-02-04 06:00:00,no2,PIIANN,22.5,27.380392
2025-01-13 02:00:00,no2,PIIANN,42.638382,30.997183
2022-08-07 05:00:00,no2,PIIANN,20.78,20.537045
2023-11-04 16:00:00,no2,PIIANN,22.7625,29.592339
2024-09-04 22:00:00,no2,PIIANN,24.96,23.614815
2025-12-11 19:00:00,no2,PIIANN,2.9449992,32.399956
2024-12-06 08:00:00,no2,PIIANN,10.4,23.267782
2022-03-05 02:00:00,no2,PIIANN,17.5,22.50805
2023-04-04 13:00:00,no2,PIIANN,16.5675,24.790215
2024-01-10 08:00:00,no2,PIIANN,37.55,26.879995
2023-07-04 01:00:00,no2,PIIANN,20.1425,24.289454
2023-11-06 13:00:00,no2,PIIANN,7.9374995,23.44725
2024-12-07 15:00:00,no2,PIIANN,13.579999,23.583212
2022-04-08 03:00:00,no2,PIIANN,29.15,22.242966
2023-09-06 10:00:00,no2,PIIANN,7.4274993,24.313223
2024-02-07 07:00:00,no2,PIIANN,18.955,24.212366
2021-09-02 02:00:00,no2,PIIANN,52.735714,25.23814
2021-01-09 08:00:00,no2,PIIANN,10.249999,23.49943
2024-01-12 13:00:00,no2,PIIANN,60.45,27.644691
2025-08-04 16:00:00,no2,PIIANN,14.965,23.7491
2022-08-09 10:00:00,no2,PIIANN,22.17,22.886724
2022-01-12 00:00:00,no2,PIIANN,14.13,25.845486
2024-04-04 02:00:00,no2,PIIANN,2.9099994,23.56034
2023-07-04 17:00:00,no2,PIIANN,53.22,29.183006
2025-06-08 18:00:00,no2,PIIANN,49.17,24.03684
2025-12-01 10:00:00,no2,PIIANN,34.85,33.651752
2023-05-05 00:00:00,no2,PIIANN,9.83,22.470457
2024-05-07 00:00:00,no2,PIIANN,11.77,22.059526
2023-03-11 01:00:00,no2,PIIANN,41.1925,27.128483
2022-03-10 14:00:00,no2,PIIANN,12.000001,24.831892
2023-10-03 10:00:00,no2,PIIANN,46.0275,30.463448
2021-04-12 03:00:00,no2,PIIANN,36.08,29.080793
2025-11-10 12:00:00,no2,PIIANN,35.36,26.6358
2021-02-03 04:00:00,no2,PIIANN,33.12,27.07968
2021-05-05 21:00:00,no2,PIIANN,15.73,21.915186
2022-09-03 18:00:00,no2,PIIANN,23.4,29.677935
2022-12-05 17:00:00,no2,PIIANN,20.68,21.7279
2025-12-05 16:00:00,no2,PIIANN,15.82,27.305887
2021-01-04 15:00:00,no2,PIIANN,16.7,29.46168
2021-09-05 05:00:00,no2,PIIANN,14.05,22.342564
2025-08-06 19:00:00,no2,PIIANN,47.98,24.860977
2021-02-10 12:00:00,no2,PIIANN,18.955,20.098001
2023-01-09 14:00:00,no2,PIIANN,4.0349994,27.704977
2022-11-04 20:00:00,no2,PIIANN,21.85,21.107933
2021-08-11 01:00:00,no2,PIIANN,7.6249995,24.96652
2021-04-09 13:00:00,no2,PIIANN,15.05,24.196228
2022-03-09 06:00:00,no2,PIIANN,12.95,22.6457
2022-03-10 04:00:00,no2,PIIANN,12.08,24.206654
2024-07-06 17:00:00,no2,PIIANN,11.11,23.421907
2022-08-04 09:00:00,no2,PIIANN,16.9,23.743834
2021-12-09 20:00:00,no2,PIIANN,17.45,22.508263
2025-04-05 08:00:00,no2,PIIANN,35.96,26.49148
2022-03-08 14:00:00,no2,PIIANN,25.45,24.804512
2023-10-02 11:00:00,no2,PIIANN,1.2650008,33.223873
2025-12-10 00:00:00,no2,PIIANN,39.73,23.209515
2022-09-07 19:00:00,no2,PIIANN,29.05,20.224422
2022-11-08 07:00:00,no2,PIIANN,22.3,21.811636
2022-11-11 15:00:00,no2,PIIANN,16.6,30.670761
2023-02-05 14:00:00,no2,PIIANN,22.5725,29.028349
2024-11-04 21:00:00,no2,PIIANN,37.34,26.496311
2025-09-02 19:00:00,no2,PIIANN,62.3,29.132381
2023-09-06 21:00:00,no2,PIIANN,8.610001,21.347218
2023-11-08 04:00:00,no2,PIIANN,11.222499,24.2574
2022-03-06 13:00:00,no2,PIIANN,12.58,25.363987
2024-06-09 15:00:00,no2,PIIANN,13.93,22.80884
2022-11-07 11:00:00,no2,PIIANN,23.48,23.369886
2021-12-11 19:00:00,no2,PIIANN,37.55,25.544205
2022-06-05 12:00:00,no2,PIIANN,16.7,25.191189
2022-10-09 03:00:00,no2,PIIANN,9.78,21.946257
2025-06-04 13:00:00,no2,PIIANN,20.55,26.58853
2023-10-08 23:00:00,no2,PIIANN,13.883333,23.131468
2022-02-11 23:00:00,no2,PIIANN,18.6,25.489809
2023-08-05 14:00:00,no2,PIIANN,11.522499,24.912262
2021-04-10 00:00:00,no2,PIIANN,9.443335,21.411245
2024-09-05 10:00:00,no2,PIIANN,28.58,24.15853
2024-09-12 09:00:00,no2,PIIANN,39.89,29.982758
2021-11-12 19:00:00,no2,PIIANN,120.57,31.483435
2024-03-12 13:00:00,no2,PIIANN,59.4,31.900324
2024-08-02 21:00:00,no2,PIIANN,4.5500007,24.878534
2024-06-11 00:00:00,no2,PIIANN,47.34,25.198036
2021-09-08 14:00:00,no2,PIIANN,25.62,23.433931
2025-04-09 22:00:00,no2,PIIANN,56.789997,28.693909
2022-07-09 15:00:00,no2,PIIANN,21.55,25.126074
2021-03-07 14:00:00,no2,PIIANN,12.52,24.857147
2025-12-08 17:00:00,no2,PIIANN,26.01,24.017328
2025-07-12 01:00:00,no2,PIIANN,92.91,31.624277
2024-11-08 19:00:00,no2,PIIANN,13.24,22.165857
2023-08-10 18:00:00,no2,PIIANN,31.9925,25.065865
2025-07-06 02:00:00,no2,PIIANN,91.08,25.201004
2023-12-02 04:00:00,no2,PIIANN,0.14333297,26.63541
2022-02-03 12:00:00,no2,PIIANN,19.9,30.368807
2021-11-05 03:00:00,no2,PIIANN,13.7,21.374739
2023-05-11 17:00:00,no2,PIIANN,32.1525,27.694763
2023-03-12 10:00:00,no2,PIIANN,5.372499,30.610456
2025-04-07 10:00:00,no2,PIIANN,21.59,25.518726
2021-06-09 02:00:00,no2,PIIANN,7.4999995,19.424452
2024-07-03 20:00:00,no2,PIIANN,5.0400004,25.160534
2023-02-10 12:00:00,no2,PIIANN,14.38,23.947603
2024-07-04 16:00:00,no2,PIIANN,6.899999,23.993137
2022-04-04 05:00:00,no2,PIIANN,18.955,22.818714
2021-05-08 20:00:00,no2,PIIANN,26.85,22.020338
2025-12-02 17:00:00,no2,PIIANN,78.68,27.319164
2021-02-09 08:00:00,no2,PIIANN,9.6,23.580807
2023-08-04 05:00:00,no2,PIIANN,15.5025,25.950645
2025-12-03 18:00:00,no2,PIIANN,11.55,27.5427
2022-12-06 20:00:00,no2,PIIANN,19.38,22.593987
2021-04-07 07:00:00,no2,PIIANN,15.12,24.197891
2022-02-02 15:00:00,no2,PIIANN,23.68,28.98626
2025-11-08 02:00:00,no2,PIIANN,23.95,22.93914
2025-11-10 04:00:00,no2,PIIANN,20.09,25.226797
2025-09-10 06:00:00,no2,PIIANN,19.22,25.704987
2023-10-07 05:00:00,no2,PIIANN,4.0524993,21.820791
2021-11-01 21:00:00,no2,PIIANN,54.22,30.181536
2024-07-03 13:00:00,no2,PIIANN,1.7800002,28.106773
2022-06-09 01:00:00,no2,PIIANN,19.08,21.895163
2022-08-02 11:00:00,no2,PIIANN,32.5,27.94167
2022-12-04 21:00:00,no2,PIIANN,21.65,21.113756
2021-12-01 23:00:00,no2,PIIANN,46.35,29.779577
2025-09-05 14:00:00,no2,PIIANN,22.46,26.207924
2023-04-11 13:00:00,no2,PIIANN,22.1575,29.236412
2023-03-03 04:00:00,no2,PIIANN,58.76,27.67219
2025-03-10 17:00:00,no2,PIIANN,17.89,23.96944
2022-06-02 02:00:00,no2,PIIANN,38.33,24.275434
2022-03-02 11:00:00,no2,PIIANN,24.82,28.297653
2021-01-12 08:00:00,no2,PIIANN,8.1,30.870758
2025-10-02 21:00:00,no2,PIIANN,23.3,26.716068
2025-02-11 13:00:00,no2,PIIANN,5.5500007,26.532358
2024-05-10 04:00:00,no2,PIIANN,42.12,25.314312
2024-05-01 11:00:00,no2,PIIANN,5.8299994,34.423256
2025-06-05 21:00:00,no2,PIIANN,31.26,23.27285
2024-06-12 04:00:00,no2,PIIANN,19.87,29.669922
2023-03-03 11:00:00,no2,PIIANN,84.435,31.967852
2022-12-05 03:00:00,no2,PIIANN,21.28,22.582916
2025-08-13 00:00:00,no2,PIIANN,61.00628,30.626352
2023-04-12 23:00:00,no2,PIIANN,12.866667,27.290297
2024-01-12 05:00:00,no2,PIIANN,22.36,26.63674
2022-09-03 08:00:00,no2,PIIANN,29.63,30.033175
2023-12-12 11:00:00,no2,PIIANN,9.335001,31.940598
2025-07-03 11:00:00,no2,PIIANN,23.27,23.242916
2022-11-05 03:00:00,no2,PIIANN,16.62,19.355398
2022-03-04 00:00:00,no2,PIIANN,27.18,26.424473
2021-07-06 13:00:00,no2,PIIANN,15.8,23.69764
2023-04-03 12:00:00,no2,PIIANN,26.5,32.423893
2023-05-03 02:00:00,no2,PIIANN,28.96,28.119709
2023-03-07 14:00:00,no2,PIIANN,26.325,24.28279
2025-07-05 00:00:00,no2,PIIANN,21.52,21.596481
2023-06-02 20:00:00,no2,PIIANN,4.1175,30.868456
2025-01-03 04:00:00,no2,PIIANN,19.9,26.496937
2024-09-02 12:00:00,no2,PIIANN,1.9899993,28.011858
2021-06-01 17:00:00,no2,PIIANN,91.02,36.12583
2024-11-04 22:00:00,no2,PIIANN,19.34,25.81964
2022-03-09 22:00:00,no2,PIIANN,21.72,21.165455
2021-06-07 22:00:00,no2,PIIANN,9.02,23.713833
2024-02-01 20:00:00,no2,PIIANN,4.5099998,30.438068
2023-10-10 10:00:00,no2,PIIANN,16.08,27.675663
2023-10-02 06:00:00,no2,PIIANN,1.5099998,31.118856
2022-01-04 20:00:00,no2,PIIANN,27.5,23.491934
2024-04-01 22:00:00,no2,PIIANN,5.9899993,29.020798
2023-05-12 13:00:00,no2,PIIANN,6.2000003,29.382496
2022-01-10 17:00:00,no2,PIIANN,13.48,26.66785
2025-02-08 13:00:00,no2,PIIANN,59.53,26.267307
2025-11-11 20:00:00,no2,PIIANN,63.15,31.157658
2024-07-04 04:00:00,no2,PIIANN,2.3600001,23.108341
2022-06-12 22:00:00,no2,PIIANN,18.41,30.883408
2023-06-12 02:00:00,no2,PIIANN,6.19,25.138014
2023-03-12 08:00:00,no2,PIIANN,5.2599998,29.917236
2023-08-03 21:00:00,no2,PIIANN,54.0775,28.759716
2021-06-08 21:00:00,no2,PIIANN,15.45,21.349834
2021-03-03 22:00:00,no2,PIIANN,50.7,25.690033
2025-09-06 20:00:00,no2,PIIANN,94.58,25.967466
2025-05-08 19:00:00,no2,PIIANN,39.79,24.393543
2023-06-10 05:00:00,no2,PIIANN,15.1675,24.326334
2022-02-10 18:00:00,no2,PIIANN,13.8,23.851849
2022-06-03 17:00:00,no2,PIIANN,16.52,29.268938
2023-08-09 21:00:00,no2,PIIANN,30.3425,19.758669
2024-10-12 04:00:00,no2,PIIANN,20.08,27.702003
2024-02-08 12:00:00,no2,PIIANN,12.22,23.913239
2025-03-09 11:00:00,no2,PIIANN,97.9,29.191475
2023-08-10 15:00:00,no2,PIIANN,28.8275,26.34862
2021-02-02 09:00:00,no2,PIIANN,71.28,34.653885
2021-01-06 03:00:00,no2,PIIANN,14.4,22.965866
2025-03-07 11:00:00,no2,PIIANN,22.34,25.390493
2021-04-07 04:00:00,no2,PIIANN,18.88,23.22822
2025-04-06 11:00:00,no2,PIIANN,69.17,29.364868
2023-07-07 12:00:00,no2,PIIANN,20.95,22.538544
2025-12-03 03:00:00,no2,PIIANN,8.550001,24.567415
2024-05-10 06:00:00,no2,PIIANN,38.04,25.544699
2022-09-07 21:00:00,no2,PIIANN,25.6,20.416258
2023-03-04 16:00:00,no2,PIIANN,20.9725,26.061165
2023-09-04 05:00:00,no2,PIIANN,40.0175,25.642221
2021-11-07 18:00:00,no2,PIIANN,9.700001,22.673496
2021-11-10 23:00:00,no2,PIIANN,32.2,26.630228
2025-02-01 23:00:00,no2,PIIANN,22.07,26.586523
2023-04-05 11:00:00,no2,PIIANN,17.473333,26.496534
2024-01-11 05:00:00,no2,PIIANN,30.85,27.184486
2021-03-05 01:00:00,no2,PIIANN,15.38,22.072155
2024-05-02 03:00:00,no2,PIIANN,3.1,29.02914
2021-10-05 08:00:00,no2,PIIANN,14.68,22.343992
2021-08-05 15:00:00,no2,PIIANN,14.48,22.291342
2025-08-07 16:00:00,no2,PIIANN,18.11,22.668509
2021-09-10 13:00:00,no2,PIIANN,19.92,27.442568
2023-07-09 08:00:00,no2,PIIANN,3.9999995,20.964968
2025-03-03 12:00:00,no2,PIIANN,55.4,25.547663
2024-01-12 00:00:00,no2,PIIANN,24.13,31.178034
2021-08-01 16:00:00,no2,PIIANN,47.58,34.566853
2022-01-11 20:00:00,no2,PIIANN,28.55,26.443186
2023-07-12 12:00:00,no2,PIIANN,5.1300006,26.466934
2024-11-08 14:00:00,no2,PIIANN,12.78,23.823078
2023-12-07 12:00:00,no2,PIIANN,14.755333,23.658688
2023-10-03 01:00:00,no2,PIIANN,31.2825,22.87058
2025-07-09 12:00:00,no2,PIIANN,54.99,27.486557
2023-01-02 08:00:00,no2,PIIANN,14.115,32.14836
2025-05-05 10:00:00,no2,PIIANN,16.86,25.556423
2025-07-11 14:00:00,no2,PIIANN,21.36,33.492252
2023-11-09 14:00:00,no2,PIIANN,11.49,23.002682
2021-09-09 04:00:00,no2,PIIANN,21.3,20.792852
2023-05-01 12:00:00,no2,PIIANN,23.3825,32.747635
2023-02-09 04:00:00,no2,PIIANN,3.9924998,26.115215
2024-10-02 08:00:00,no2,PIIANN,3.8800006,28.60033
2022-03-06 12:00:00,no2,PIIANN,12.52,25.509119
2025-08-11 02:00:00,no2,PIIANN,11.67,29.630558
2023-04-05 22:00:00,no2,PIIANN,10.5775,24.672285
2023-07-01 19:00:00,no2,PIIANN,27.125,30.41701
2025-07-05 01:00:00,no2,PIIANN,24.75,22.827826
2024-06-11 13:00:00,no2,PIIANN,24.52,29.135588
2025-05-11 18:00:00,no2,PIIANN,38.64,33.24392
2023-12-12 08:00:00,no2,PIIANN,4.8625007,30.41634
2023-11-03 00:00:00,no2,PIIANN,25.95,26.09895
2023-02-02 20:00:00,no2,PIIANN,10.599999,27.984592
2023-03-04 01:00:00,no2,PIIANN,14.2525,23.594603
2021-04-11 19:00:00,no2,PIIANN,83.48,32.51502
2023-12-10 09:00:00,no2,PIIANN,19.5025,29.082693
2023-09-07 15:00:00,no2,PIIANN,28.7425,22.030188
2021-12-11 03:00:00,no2,PIIANN,36.38,22.889784
2021-07-06 17:00:00,no2,PIIANN,16.0,22.962437
2024-04-03 08:00:00,no2,PIIANN,0.8800006,27.29191
2023-11-04 17:00:00,no2,PIIANN,45.486668,29.566702
2023-03-11 22:00:00,no2,PIIANN,26.26,27.23477
2023-05-07 01:00:00,no2,PIIANN,21.29,20.592175
2024-04-12 12:00:00,no2,PIIANN,55.16,33.743805
2024-09-10 15:00:00,no2,PIIANN,18.955,25.239344
2025-09-03 18:00:00,no2,PIIANN,29.44,25.70839
2023-10-07 14:00:00,no2,PIIANN,4.1599994,23.430439
2022-07-06 08:00:00,no2,PIIANN,19.6,24.445803
2022-03-04 07:00:00,no2,PIIANN,26.55,24.439495
2025-04-10 15:00:00,no2,PIIANN,18.64,25.504337
2024-08-01 13:00:00,no2,PIIANN,4.219999,33.366154
2021-08-05 18:00:00,no2,PIIANN,21.08,21.572647
2024-03-04 15:00:00,no2,PIIANN,9.530001,29.948444
2024-03-09 20:00:00,no2,PIIANN,14.71,22.140024
2025-09-06 13:00:00,no2,PIIANN,43.27,27.160543
2023-08-01 22:00:00,no2,PIIANN,23.58,30.881413
2024-12-05 05:00:00,no2,PIIANN,39.87,24.64499
2023-08-11 08:00:00,no2,PIIANN,39.215,32.449753
2021-02-04 10:00:00,no2,PIIANN,16.4,28.49933
2025-01-10 02:00:00,no2,PIIANN,19.29,25.508366
2022-10-01 11:00:00,no2,PIIANN,64.8,30.680853
2021-05-07 17:00:00,no2,PIIANN,1.9999995,23.287045
2025-08-08 00:00:00,no2,PIIANN,24.45,20.83615
2025-10-05 10:00:00,no2,PIIANN,13.86,27.436186
2023-03-05 12:00:00,no2,PIIANN,20.2325,28.313911
2022-04-11 09:00:00,no2,PIIANN,17.98,32.223427
2024-12-10 22:00:00,no2,PIIANN,45.83,25.4933
2022-09-04 13:00:00,no2,PIIANN,20.58,21.341124
2024-12-09 10:00:00,no2,PIIANN,15.37,25.89428
2023-11-07 17:00:00,no2,PIIANN,5.1974998,22.684137
2022-11-11 00:00:00,no2,PIIANN,20.75,21.511251
2024-03-10 19:00:00,no2,PIIANN,74.67,26.654734
2024-07-02 11:00:00,no2,PIIANN,1.5500007,31.720861
2024-08-01 09:00:00,no2,PIIANN,3.52,32.153435
2022-06-01 20:00:00,no2,PIIANN,99.85,33.08074
2025-01-01 17:00:00,no2,PIIANN,15.1,27.714651
2025-12-05 12:00:00,no2,PIIANN,18.84,27.324936
2022-09-05 19:00:00,no2,PIIANN,16.27,21.027344
2022-05-08 05:00:00,no2,PIIANN,29.3,21.099548
2022-04-08 19:00:00,no2,PIIANN,27.17,21.933153
2024-02-13 02:00:00,no2,PIIANN,24.936113,28.486656
2022-05-11 15:00:00,no2,PIIANN,17.23,33.752575
2023-01-03 02:00:00,no2,PIIANN,20.2775,27.046503
2021-12-01 13:00:00,no2,PIIANN,49.78,34.406467
2025-12-04 15:00:00,no2,PIIANN,24.35,26.671324
2024-02-09 07:00:00,no2,PIIANN,15.15,23.969366
2025-09-08 01:00:00,no2,PIIANN,23.51,22.638826
2022-05-03 17:00:00,no2,PIIANN,13.18,31.686462
2023-10-06 04:00:00,no2,PIIANN,7.8399997,21.765553
2023-12-02 17:00:00,no2,PIIANN,0.25250006,26.75951
2023-01-12 21:00:00,no2,PIIANN,8.685001,25.583782
2025-04-05 16:00:00,no2,PIIANN,18.51,25.50228
2022-02-10 14:00:00,no2,PIIANN,12.58,25.618305
2023-06-08 17:00:00,no2,PIIANN,12.614999,22.105774
2025-07-10 09:00:00,no2,PIIANN,20.36,27.385748
2023-06-06 01:00:00,no2,PIIANN,7.2375007,25.553709
2023-03-06 15:00:00,no2,PIIANN,7.157499,25.653717
2021-04-01 12:00:00,no2,PIIANN,49.35,37.2218
2021-12-09 00:00:00,no2,PIIANN,12.350001,21.942738
2021-12-05 02:00:00,no2,PIIANN,11.78,20.380823
2022-07-06 05:00:00,no2,PIIANN,18.8,23.306858
2024-05-10 20:00:00,no2,PIIANN,119.68,24.029064
2025-12-07 19:00:00,no2,PIIANN,46.99,24.290527
2025-10-10 17:00:00,no2,PIIANN,31.96,26.400562
2021-12-06 11:00:00,no2,PIIANN,14.12,23.797731
2021-05-05 10:00:00,no2,PIIANN,13.88,24.883179
2023-07-07 06:00:00,no2,PIIANN,19.195,22.610323
2024-01-01 12:00:00,no2,PIIANN,4.319999,32.64926
2025-03-03 20:00:00,no2,PIIANN,57.65,23.512625
2021-06-02 13:00:00,no2,PIIANN,35.0,36.39231
2023-06-04 23:00:00,no2,PIIANN,23.113333,24.684277
2022-02-10 12:00:00,no2,PIIANN,14.27,26.206043
2025-07-04 14:00:00,no2,PIIANN,16.27,24.40157
2025-02-06 18:00:00,no2,PIIANN,104.23,26.973104
2025-06-07 14:00:00,no2,PIIANN,28.46,23.87244
2025-06-04 19:00:00,no2,PIIANN,17.48,24.624126
2025-07-05 23:00:00,no2,PIIANN,30.49,23.003517
2025-05-11 08:00:00,no2,PIIANN,10.599999,33.821255
2021-01-10 22:00:00,no2,PIIANN,18.955,20.825756
2023-06-02 21:00:00,no2,PIIANN,3.9649997,29.91359
2023-04-04 14:00:00,no2,PIIANN,16.1875,24.763372
2025-11-03 12:00:00,no2,PIIANN,8.880001,28.605223
2025-08-12 10:00:00,no2,PIIANN,39.4,34.530487
2025-01-05 18:00:00,no2,PIIANN,32.93,25.732254
2024-04-05 23:00:00,no2,PIIANN,14.97,23.423569
2024-06-09 05:00:00,no2,PIIANN,14.59,22.15405
2023-07-02 08:00:00,no2,PIIANN,2.4775004,28.413206
2025-01-04 23:00:00,no2,PIIANN,6.4099994,23.34248
2024-04-08 03:00:00,no2,PIIANN,11.47,21.57977
2021-08-13 01:00:00,no2,PIIANN,36.54956,24.772179
2023-05-04 11:00:00,no2,PIIANN,26.81,24.99904
2025-08-12 21:00:00,no2,PIIANN,80.83,32.828903
2024-03-06 08:00:00,no2,PIIANN,9.4,24.387215
2025-12-05 14:00:00,no2,PIIANN,23.37,27.308012
2021-07-04 14:00:00,no2,PIIANN,14.32,25.5246
2025-08-10 23:00:00,no2,PIIANN,19.87,24.001173
2021-04-01 17:00:00,no2,PIIANN,56.03,35.69553
2022-10-03 18:00:00,no2,PIIANN,19.75,31.700201
2022-05-06 23:00:00,no2,PIIANN,18.4,22.43623
2021-12-08 21:00:00,no2,PIIANN,15.9,23.016788
2024-10-04 23:00:00,no2,PIIANN,142.45001,25.636904
2024-11-10 03:00:00,no2,PIIANN,42.57,24.203806
2023-11-08 21:00:00,no2,PIIANN,4.02,22.210104
2022-12-04 16:00:00,no2,PIIANN,21.55,22.718943
2025-07-02 14:00:00,no2,PIIANN,21.11,30.978664
2023-08-06 21:00:00,no2,PIIANN,8.645,21.776121
2023-05-11 01:00:00,no2,PIIANN,31.7975,24.420383
2024-09-07 06:00:00,no2,PIIANN,14.5,21.761915
2023-02-01 11:00:00,no2,PIIANN,27.445,32.73542
2024-06-12 06:00:00,no2,PIIANN,22.43,29.73772
2023-11-08 14:00:00,no2,PIIANN,4.0575004,26.578709
2021-03-07 00:00:00,no2,PIIANN,11.820001,22.391308
2021-06-09 20:00:00,no2,PIIANN,10.720001,20.374771
2024-02-02 19:00:00,no2,PIIANN,15.25,26.876541
2024-06-11 16:00:00,no2,PIIANN,42.94,28.321777
2025-11-03 05:00:00,no2,PIIANN,9.4,27.341446
2025-01-07 05:00:00,no2,PIIANN,22.53,24.62638
2023-03-03 17:00:00,no2,PIIANN,21.515,31.36884
2024-01-09 10:00:00,no2,PIIANN,14.1,23.779747
2025-10-11 05:00:00,no2,PIIANN,1.1499991,30.081532
2023-08-12 07:00:00,no2,PIIANN,2.8374991,22.850004
2025-02-08 05:00:00,no2,PIIANN,22.36,24.617176
2024-11-09 07:00:00,no2,PIIANN,15.74,23.209747
2021-04-01 10:00:00,no2,PIIANN,66.48,36.30906
2025-05-07 22:00:00,no2,PIIANN,33.51,22.613852
2022-11-12 18:00:00,no2,PIIANN,21.99,34.466316
2022-06-12 17:00:00,no2,PIIANN,27.68,34.42685
2023-10-10 06:00:00,no2,PIIANN,12.607499,26.373325
2022-07-09 10:00:00,no2,PIIANN,25.55,25.210096
2022-04-08 05:00:00,no2,PIIANN,31.97,22.611015
2021-03-04 14:00:00,no2,PIIANN,17.75,27.465185
2025-11-03 09:00:00,no2,PIIANN,9.530001,28.495981
2025-10-01 10:00:00,no2,PIIANN,25.67,29.754461
2022-12-02 09:00:00,no2,PIIANN,25.58,29.805557
2022-09-09 05:00:00,no2,PIIANN,33.48,22.524214
2025-04-12 10:00:00,no2,PIIANN,40.45,36.07268
2022-08-04 08:00:00,no2,PIIANN,17.0,23.733528
2024-11-12 09:00:00,no2,PIIANN,40.42,30.72637
2022-11-03 08:00:00,no2,PIIANN,20.35,30.391317
2023-06-10 04:00:00,no2,PIIANN,11.6125,22.645771
2025-03-06 02:00:00,no2,PIIANN,76.19,28.178555
2025-12-06 20:00:00,no2,PIIANN,52.56,24.37278
2021-12-07 22:00:00,no2,PIIANN,11.48,21.162897
2024-01-11 13:00:00,no2,PIIANN,33.73,29.998154
2023-07-12 14:00:00,no2,PIIANN,3.8299994,26.192318
2024-01-04 13:00:00,no2,PIIANN,3.1300006,25.7799
2022-10-08 23:00:00,no2,PIIANN,21.13,20.464676
2021-04-10 12:00:00,no2,PIIANN,11.529999,27.15697
2023-06-08 12:00:00,no2,PIIANN,12.7925005,24.096004
2023-01-05 21:00:00,no2,PIIANN,15.3125,25.990883
2023-06-03 13:00:00,no2,PIIANN,32.7375,32.403507
2021-09-07 12:00:00,no2,PIIANN,10.420001,23.559702
2023-11-08 03:00:00,no2,PIIANN,10.599999,24.17599
2024-07-01 10:00:00,no2,PIIANN,4.03,32.4566
2023-04-11 02:00:00,no2,PIIANN,26.375,27.007107
2025-06-06 13:00:00,no2,PIIANN,60.56,30.288612
2022-07-07 03:00:00,no2,PIIANN,23.4,19.602705
2022-01-04 02:00:00,no2,PIIANN,27.1,22.203543
2025-11-02 00:00:00,no2,PIIANN,30.08,30.189886
2022-06-10 02:00:00,no2,PIIANN,10.7,21.144346
2022-03-01 20:00:00,no2,PIIANN,95.75,30.301672
2023-06-06 02:00:00,no2,PIIANN,7.1300006,25.082422
2024-07-07 05:00:00,no2,PIIANN,14.35,20.985855
2025-03-09 23:00:00,no2,PIIANN,174.85,28.658297
2022-02-05 19:00:00,no2,PIIANN,19.27,22.988264
2024-08-10 11:00:00,no2,PIIANN,49.65,26.60715
2024-10-06 14:00:00,no2,PIIANN,8.32,23.652214
2024-10-08 18:00:00,no2,PIIANN,15.25,21.434483
2022-07-12 03:00:00,no2,PIIANN,24.33,31.680681
2023-01-06 20:00:00,no2,PIIANN,8.045,24.581264
2022-05-12 15:00:00,no2,PIIANN,21.94,36.578632
2023-06-04 21:00:00,no2,PIIANN,83.5925,26.244207
2025-05-06 18:00:00,no2,PIIANN,131.81001,29.206486
2022-01-03 17:00:00,no2,PIIANN,18.38,29.854498
2025-05-04 12:00:00,no2,PIIANN,17.26,28.441534
2024-11-12 23:00:00,no2,PIIANN,24.34,28.250566
2023-08-05 03:00:00,no2,PIIANN,8.82,23.890724
2025-09-12 18:00:00,no2,PIIANN,81.87,33.584705
2023-11-06 21:00:00,no2,PIIANN,10.969999,21.517906
2021-09-04 12:00:00,no2,PIIANN,17.05,25.242664
2021-02-05 07:00:00,no2,PIIANN,13.45,25.258148
2023-01-08 18:00:00,no2,PIIANN,17.82,24.718882
2024-08-12 14:00:00,no2,PIIANN,64.64,30.657701
2022-02-04 08:00:00,no2,PIIANN,27.33,25.097532
2024-02-03 18:00:00,no2,PIIANN,13.3,28.217405
2021-08-08 13:00:00,no2,PIIANN,11.1,23.366405
2025-08-03 22:00:00,no2,PIIANN,8.41,25.760075
2025-08-01 09:00:00,no2,PIIANN,22.15,29.43016
2025-06-12 02:00:00,no2,PIIANN,32.14,29.130802
2022-08-10 04:00:00,no2,PIIANN,9.65,24.959774
2023-05-11 02:00:00,no2,PIIANN,37.6375,25.114124
2023-05-10 08:00:00,no2,PIIANN,24.6875,25.891375
2022-07-11 08:00:00,no2,PIIANN,18.95,29.687304
2021-07-04 10:00:00,no2,PIIANN,15.75,26.03058
2023-05-10 00:00:00,no2,PIIANN,11.212501,20.427908
2023-04-05 09:00:00,no2,PIIANN,18.955,26.753935
2021-11-12 11:00:00,no2,PIIANN,129.32,32.192856
2025-10-09 05:00:00,no2,PIIANN,47.0,25.117409
2023-07-04 00:00:00,no2,PIIANN,19.88,23.998003
2023-10-10 20:00:00,no2,PIIANN,74.1525,25.887537
2021-02-06 10:00:00,no2,PIIANN,16.62,25.338108
2025-02-07 03:00:00,no2,PIIANN,5.1200004,23.368502
2024-03-08 21:00:00,no2,PIIANN,12.059999,21.472282
2025-05-09 02:00:00,no2,PIIANN,139.42,30.423058
2023-09-12 15:00:00,no2,PIIANN,4.417499,26.028233
2025-09-11 05:00:00,no2,PIIANN,14.92,28.639917
2023-01-09 00:00:00,no2,PIIANN,9.550001,28.074965
2022-10-10 18:00:00,no2,PIIANN,11.62,23.676003
2021-03-06 15:00:00,no2,PIIANN,15.32,23.852419
2025-08-03 23:00:00,no2,PIIANN,8.550001,24.992344
2023-08-01 09:00:00,no2,PIIANN,18.7675,34.855694
2023-05-02 01:00:00,no2,PIIANN,6.61,32.72832
2021-04-10 21:00:00,no2,PIIANN,21.6,26.333334
2022-03-12 03:00:00,no2,PIIANN,6.8299994,33.850483
2022-08-02 23:00:00,no2,PIIANN,24.5,23.611694
2021-07-02 08:00:00,no2,PIIANN,45.4,29.705307
2023-10-11 19:00:00,no2,PIIANN,41.5025,32.348595
2022-12-06 03:00:00,no2,PIIANN,18.52,23.002033
2022-08-03 05:00:00,no2,PIIANN,24.8,28.6062
2023-09-12 09:00:00,no2,PIIANN,4.1375003,27.27535
2021-04-13 00:00:00,no2,PIIANN,30.684412,25.713186
2023-07-07 00:00:00,no2,PIIANN,18.855,22.12891
2024-01-01 20:00:00,no2,PIIANN,5.889999,29.741018
2022-11-09 22:00:00,no2,PIIANN,15.42,22.633184
2025-09-08 23:00:00,no2,PIIANN,24.9,22.080738
2021-06-08 05:00:00,no2,PIIANN,12.92,23.014153
2023-06-04 10:00:00,no2,PIIANN,31.84,27.87586
2025-12-06 23:00:00,no2,PIIANN,43.01,23.823181
2024-07-03 21:00:00,no2,PIIANN,3.9700007,24.575603
2025-12-11 15:00:00,no2,PIIANN,29.51,34.55048
2023-05-01 20:00:00,no2,PIIANN,19.7925,30.82209
2021-11-06 11:00:00,no2,PIIANN,15.65,23.657393
2025-10-10 14:00:00,no2,PIIANN,25.26,27.17534
2021-12-03 03:00:00,no2,PIIANN,19.75,23.998959
2025-05-02 21:00:00,no2,PIIANN,72.99,32.043213
2022-11-03 14:00:00,no2,PIIANN,18.2,31.394463
2022-02-04 13:00:00,no2,PIIANN,26.7,24.724361
2025-09-12 19:00:00,no2,PIIANN,95.5,33.464813
2024-04-08 07:00:00,no2,PIIANN,13.24,22.856314
2025-12-11 12:00:00,no2,PIIANN,21.183332,35.046112
2021-10-08 03:00:00,no2,PIIANN,9.18,22.200998
2022-02-07 07:00:00,no2,PIIANN,23.88,23.933887
2021-04-04 23:00:00,no2,PIIANN,24.4,23.687672
2021-02-05 08:00:00,no2,PIIANN,13.85,25.423841
2024-06-03 14:00:00,no2,PIIANN,1.8299994,27.393444
2023-07-04 03:00:00,no2,PIIANN,15.3525,25.932663
2021-01-04 09:00:00,no2,PIIANN,21.3,27.908384
2025-04-07 20:00:00,no2,PIIANN,39.81,23.039898
2021-10-09 18:00:00,no2,PIIANN,19.48,23.809704
2025-12-11 06:00:00,no2,PIIANN,7.35,32.10221
2024-03-07 14:00:00,no2,PIIANN,12.64,23.31792
2022-08-09 05:00:00,no2,PIIANN,17.02,22.051773
2024-05-03 09:00:00,no2,PIIANN,2.1599994,27.330118
2022-06-11 09:00:00,no2,PIIANN,16.77,31.415806
2025-09-01 12:00:00,no2,PIIANN,23.79,27.641127
2024-03-09 11:00:00,no2,PIIANN,13.32,23.571615
2024-04-02 00:00:00,no2,PIIANN,2.6,28.642372
2023-08-05 13:00:00,no2,PIIANN,12.26,25.392456
2024-11-11 05:00:00,no2,PIIANN,36.27,27.271713
2021-02-06 17:00:00,no2,PIIANN,16.85,23.976675
2023-01-06 12:00:00,no2,PIIANN,10.5675,26.04779
2023-08-12 03:00:00,no2,PIIANN,2.3450007,22.296236
2021-04-12 07:00:00,no2,PIIANN,33.72,30.277596
2022-11-02 02:00:00,no2,PIIANN,25.08,23.754208
2023-05-01 17:00:00,no2,PIIANN,22.5675,31.65355
2025-05-07 13:00:00,no2,PIIANN,36.92,24.692837
2023-06-08 14:00:00,no2,PIIANN,13.572501,24.029512
2022-11-07 23:00:00,no2,PIIANN,22.2,20.588755
2024-02-09 16:00:00,no2,PIIANN,14.26,23.15523
2022-10-11 13:00:00,no2,PIIANN,17.42,30.955038
2024-02-03 22:00:00,no2,PIIANN,2.6599994,26.414232
2021-09-05 22:00:00,no2,PIIANN,13.3,20.388601
2022-03-04 20:00:00,no2,PIIANN,18.955,22.950485
2022-04-05 18:00:00,no2,PIIANN,18.28,22.616926
2023-11-04 11:00:00,no2,PIIANN,42.3175,28.176453
2023-04-02 08:00:00,no2,PIIANN,8.275,34.009647
2024-05-03 18:00:00,no2,PIIANN,10.92,25.986507
2022-01-07 04:00:00,no2,PIIANN,28.05,21.973288
2024-07-11 07:00:00,no2,PIIANN,31.29,27.03492
2021-11-07 09:00:00,no2,PIIANN,7.68,24.36514
2023-10-06 06:00:00,no2,PIIANN,8.522501,22.406797
2023-02-03 21:00:00,no2,PIIANN,178.4775,28.704508
2022-02-10 10:00:00,no2,PIIANN,21.62,26.355864
2023-04-06 19:00:00,no2,PIIANN,7.0799994,23.289469
2025-08-07 06:00:00,no2,PIIANN,41.54,26.295183
2023-10-11 17:00:00,no2,PIIANN,41.2025,33.52333
2022-09-02 17:00:00,no2,PIIANN,20.25,28.814468
2023-09-04 07:00:00,no2,PIIANN,28.8225,26.206966
2022-06-10 14:00:00,no2,PIIANN,11.750001,22.797052
2022-08-11 21:00:00,no2,PIIANN,23.75,26.850279
2025-12-06 11:00:00,no2,PIIANN,49.34,25.359842
2023-05-11 22:00:00,no2,PIIANN,30.26,26.2108
2025-12-09 03:00:00,no2,PIIANN,45.59,23.988676
2024-04-04 05:00:00,no2,PIIANN,3.0899997,24.676123
2025-04-11 07:00:00,no2,PIIANN,11.829999,31.664534
2024-02-06 09:00:00,no2,PIIANN,10.65,24.707767
2022-02-04 14:00:00,no2,PIIANN,26.95,24.812702
2022-10-11 06:00:00,no2,PIIANN,18.73,30.835863
2022-12-02 06:00:00,no2,PIIANN,25.75,28.99094
2025-01-05 21:00:00,no2,PIIANN,19.49,24.943846
2022-11-05 18:00:00,no2,PIIANN,28.45,21.626944
2021-12-06 17:00:00,no2,PIIANN,16.02,22.974934
2022-07-01 19:00:00,no2,PIIANN,88.45,32.993847
2024-03-02 11:00:00,no2,PIIANN,4.2900004,28.655254
2021-01-04 13:00:00,no2,PIIANN,18.48,28.388464
2024-07-09 23:00:00,no2,PIIANN,14.59,21.606281
2024-01-05 08:00:00,no2,PIIANN,33.94,25.960463
2024-04-03 18:00:00,no2,PIIANN,2.0799994,26.63514
2022-02-03 03:00:00,no2,PIIANN,24.55,27.117453
2021-01-12 23:00:00,no2,PIIANN,18.955,26.19406
2021-04-08 18:00:00,no2,PIIANN,14.62,25.924295
2024-07-04 10:00:00,no2,PIIANN,9.809999,24.847977
2025-07-02 12:00:00,no2,PIIANN,24.76,31.146677
2023-03-02 05:00:00,no2,PIIANN,9.237501,28.40471
2025-06-04 07:00:00,no2,PIIANN,17.35,26.30789
2022-06-04 12:00:00,no2,PIIANN,17.17,23.559212
2024-01-04 02:00:00,no2,PIIANN,4.569999,22.085743
2025-01-03 02:00:00,no2,PIIANN,23.32,25.18855
2024-02-02 20:00:00,no2,PIIANN,7.5099998,26.934937
2025-05-08 10:00:00,no2,PIIANN,50.79,26.64921
2023-12-08 21:00:00,no2,PIIANN,4.0274997,22.465584
2022-04-07 19:00:00,no2,PIIANN,23.95,22.079004
2021-12-04 15:00:00,no2,PIIANN,14.27,26.38295
2024-10-04 04:00:00,no2,PIIANN,30.88,23.894224
2024-11-07 05:00:00,no2,PIIANN,13.2,22.289001
2022-09-12 15:00:00,no2,PIIANN,31.67,34.88858
2025-09-11 09:00:00,no2,PIIANN,17.69,30.991982
2023-07-08 08:00:00,no2,PIIANN,4.0125003,23.759872
2023-11-11 01:00:00,no2,PIIANN,25.1125,31.53804
2024-10-05 01:00:00,no2,PIIANN,39.78,22.544739
2025-02-12 18:00:00,no2,PIIANN,56.02,33.733433
2023-02-12 13:00:00,no2,PIIANN,6.7075,28.045887
2023-03-09 08:00:00,no2,PIIANN,15.9025,26.832336
2021-05-11 06:00:00,no2,PIIANN,27.68,33.56444
2023-11-10 10:00:00,no2,PIIANN,20.645,29.414572
2025-02-07 11:00:00,no2,PIIANN,15.93,25.82009
2025-02-04 22:00:00,no2,PIIANN,15.9,22.970543
2025-05-04 00:00:00,no2,PIIANN,22.96,21.950184
2025-01-07 04:00:00,no2,PIIANN,15.9,24.146301
2025-11-12 02:00:00,no2,PIIANN,128.12,32.99067
2024-08-03 22:00:00,no2,PIIANN,9.89,23.772118
2022-11-05 08:00:00,no2,PIIANN,19.3,20.514526
2025-05-10 01:00:00,no2,PIIANN,18.27,25.736519
2024-03-07 13:00:00,no2,PIIANN,12.38,23.456133
2023-12-06 00:00:00,no2,PIIANN,8.83,22.868883
2021-03-11 16:00:00,no2,PIIANN,21.7,32.47174
2023-08-03 20:00:00,no2,PIIANN,81.545,29.218094
2023-12-03 05:00:00,no2,PIIANN,13.9975,28.360294
2022-06-10 22:00:00,no2,PIIANN,10.7,21.675554
2021-08-12 09:00:00,no2,PIIANN,27.8,25.279598
2021-10-01 17:00:00,no2,PIIANN,44.75,32.40867
2021-06-07 08:00:00,no2,PIIANN,11.08,25.81643
2023-04-08 20:00:00,no2,PIIANN,14.5775,22.33147
2022-05-02 21:00:00,no2,PIIANN,46.4,22.462267
2025-10-04 11:00:00,no2,PIIANN,33.7,23.734444
2025-11-05 06:00:00,no2,PIIANN,15.78,26.010225
2025-05-11 02:00:00,no2,PIIANN,8.52,31.383162
2024-04-02 22:00:00,no2,PIIANN,6.6699996,28.430267
2023-04-05 05:00:00,no2,PIIANN,12.199048,26.140644
2024-03-07 22:00:00,no2,PIIANN,13.83,21.473059
2023-12-10 02:00:00,no2,PIIANN,30.515,27.736042
2025-09-08 03:00:00,no2,PIIANN,19.89,22.221224
2024-03-05 19:00:00,no2,PIIANN,21.66,25.222351
2025-12-11 04:00:00,no2,PIIANN,7.6599994,30.799358
2023-04-07 14:00:00,no2,PIIANN,25.61,23.669731
2023-12-08 11:00:00,no2,PIIANN,11.697499,25.764893
2025-05-05 07:00:00,no2,PIIANN,23.37,25.089788
2024-04-12 11:00:00,no2,PIIANN,49.87,33.507355
2024-12-08 01:00:00,no2,PIIANN,13.560001,22.382238
2021-01-04 11:00:00,no2,PIIANN,19.55,27.858978
2021-05-03 04:00:00,no2,PIIANN,30.58,29.452427
2024-08-05 08:00:00,no2,PIIANN,39.12,24.007133
2021-08-07 00:00:00,no2,PIIANN,10.599999,21.019121
2023-06-08 09:00:00,no2,PIIANN,13.5825,23.207863
2021-11-02 17:00:00,no2,PIIANN,55.18,25.911697
2023-06-11 03:00:00,no2,PIIANN,25.515,27.28809
2025-04-02 17:00:00,no2,PIIANN,28.45,31.007202
2024-09-06 05:00:00,no2,PIIANN,9.759999,22.444902
2021-03-09 05:00:00,no2,PIIANN,10.48,22.406387
2022-05-04 20:00:00,no2,PIIANN,39.62,22.010519
2024-05-01 13:00:00,no2,PIIANN,6.2399993,34.889744
2021-03-05 17:00:00,no2,PIIANN,12.8,23.644974
2023-11-01 16:00:00,no2,PIIANN,20.4,33.86878
2025-06-11 10:00:00,no2,PIIANN,14.18,33.70954
2024-11-01 22:00:00,no2,PIIANN,6.35,28.05963
2022-09-11 15:00:00,no2,PIIANN,20.98,30.62584
2023-04-11 18:00:00,no2,PIIANN,57.095,26.670538
2021-02-02 12:00:00,no2,PIIANN,60.465,36.378468
2021-04-12 04:00:00,no2,PIIANN,34.95,29.122574
2021-12-02 10:00:00,no2,PIIANN,63.0,31.07709
2021-07-09 15:00:00,no2,PIIANN,14.05,21.738117
2025-03-08 06:00:00,no2,PIIANN,22.3,25.779276
2024-08-04 18:00:00,no2,PIIANN,9.23,22.881598
2022-02-09 23:00:00,no2,PIIANN,16.9,21.418564
2023-12-03 02:00:00,no2,PIIANN,24.1925,27.008598
2025-01-10 16:00:00,no2,PIIANN,19.24,26.460018
2022-01-12 07:00:00,no2,PIIANN,21.54,33.794003
2021-07-04 06:00:00,no2,PIIANN,17.12,24.931377
2025-07-10 22:00:00,no2,PIIANN,18.96,24.06556
2024-06-02 15:00:00,no2,PIIANN,4.86,29.71727
2023-11-05 20:00:00,no2,PIIANN,18.955,21.833935
2022-10-08 20:00:00,no2,PIIANN,22.35,20.492012
2025-04-02 19:00:00,no2,PIIANN,86.02,29.752794
2022-06-03 12:00:00,no2,PIIANN,18.45,30.873621
2021-03-09 02:00:00,no2,PIIANN,8.620001,21.699682
2023-08-12 17:00:00,no2,PIIANN,4.059999,22.357208
2025-03-12 19:00:00,no2,PIIANN,70.06,33.0712
2021-06-03 23:00:00,no2,PIIANN,33.75,23.933516
2021-12-10 17:00:00,no2,PIIANN,18.6,31.559233
2022-10-05 06:00:00,no2,PIIANN,16.3,21.340147
2021-06-09 13:00:00,no2,PIIANN,9.720001,21.7853
2021-09-06 00:00:00,no2,PIIANN,23.3,20.731617
2023-03-11 07:00:00,no2,PIIANN,62.3425,29.676254
2023-07-03 08:00:00,no2,PIIANN,32.4525,29.669752
2023-05-03 01:00:00,no2,PIIANN,27.315,25.558146
2025-03-03 00:00:00,no2,PIIANN,24.92,29.819687
2021-11-13 00:00:00,no2,PIIANN,120.68873,28.81641
2021-06-01 12:00:00,no2,PIIANN,73.32,37.374622
2022-08-02 05:00:00,no2,PIIANN,35.22,25.715328
2024-08-05 12:00:00,no2,PIIANN,39.48,24.868645
2023-06-04 14:00:00,no2,PIIANN,24.8825,29.242798
2023-03-11 11:00:00,no2,PIIANN,31.0675,31.858536
2024-12-04 20:00:00,no2,PIIANN,12.849999,24.506037
2021-06-04 01:00:00,no2,PIIANN,28.28,23.258965
2023-08-10 14:00:00,no2,PIIANN,26.8975,26.447134
2021-05-12 09:00:00,no2,PIIANN,23.1,28.17146
2023-09-03 16:00:00,no2,PIIANN,50.3025,29.137678
2025-11-11 06:00:00,no2,PIIANN,3.4899993,31.069181
2022-05-04 13:00:00,no2,PIIANN,18.955,22.983505
2025-02-11 14:00:00,no2,PIIANN,6.059999,26.360136
2023-01-02 04:00:00,no2,PIIANN,14.2725,31.367062
2025-07-11 09:00:00,no2,PIIANN,14.44,32.608543
2021-11-09 21:00:00,no2,PIIANN,16.1,21.369759
2025-03-05 04:00:00,no2,PIIANN,63.77,26.214264
2022-10-07 18:00:00,no2,PIIANN,31.78,20.715948
2025-10-07 00:00:00,no2,PIIANN,55.479996,25.170023
2021-07-01 21:00:00,no2,PIIANN,68.55,33.20043
2024-10-07 02:00:00,no2,PIIANN,13.84,20.621025
2022-09-05 22:00:00,no2,PIIANN,16.27,21.4782
2025-01-01 23:00:00,no2,PIIANN,21.28,25.87411
2025-10-09 06:00:00,no2,PIIANN,53.939995,25.69932
2025-03-05 11:00:00,no2,PIIANN,18.98,27.654316
2023-02-04 10:00:00,no2,PIIANN,19.105,25.868681
2022-05-11 23:00:00,no2,PIIANN,20.17,28.288242
2023-01-10 12:00:00,no2,PIIANN,14.8525,25.220585
2023-05-09 17:00:00,no2,PIIANN,19.2225,21.656147
2024-02-03 03:00:00,no2,PIIANN,2.7800002,26.782423
2021-02-03 06:00:00,no2,PIIANN,31.3,27.849886
2022-06-03 01:00:00,no2,PIIANN,20.98,27.37704
2024-04-12 06:00:00,no2,PIIANN,22.26,30.778316
2024-09-05 12:00:00,no2,PIIANN,37.8,24.145294
2024-09-03 20:00:00,no2,PIIANN,7.9199996,27.54152
2024-06-03 02:00:00,no2,PIIANN,1.6799998,23.879393
2024-11-12 20:00:00,no2,PIIANN,31.52,29.70417
2024-04-02 14:00:00,no2,PIIANN,2.4299998,33.226463
2022-10-06 02:00:00,no2,PIIANN,18.5,22.901323
2023-10-12 23:00:00,no2,PIIANN,5.6633334,27.236494
2023-10-10 22:00:00,no2,PIIANN,56.255,25.635664
2024-12-01 19:00:00,no2,PIIANN,8.66,30.155077
2023-07-03 12:00:00,no2,PIIANN,20.15,30.595598
2023-10-10 02:00:00,no2,PIIANN,15.59,23.356283
2021-10-01 13:00:00,no2,PIIANN,54.28,33.9953
2023-12-12 13:00:00,no2,PIIANN,6.6,32.05595
2023-11-07 16:00:00,no2,PIIANN,4.985,23.079472
2025-12-05 06:00:00,no2,PIIANN,13.48,26.214613
2024-01-09 21:00:00,no2,PIIANN,15.58,21.788528
2024-09-01 19:00:00,no2,PIIANN,21.96,29.585142
2024-09-01 23:00:00,no2,PIIANN,9.42,26.385597
2022-05-12 13:00:00,no2,PIIANN,25.52,37.10111
2024-05-10 19:00:00,no2,PIIANN,74.26,24.568058
2023-10-01 17:00:00,no2,PIIANN,19.68,32.82254
2022-10-10 23:00:00,no2,PIIANN,10.599999,21.443186
2021-06-03 14:00:00,no2,PIIANN,24.88,29.728407
2021-08-01 10:00:00,no2,PIIANN,64.0,34.72192
2024-08-12 05:00:00,no2,PIIANN,21.5,29.114368
2025-11-12 03:00:00,no2,PIIANN,102.77,33.34537
2024-11-05 09:00:00,no2,PIIANN,37.66,25.718502
2021-04-03 17:00:00,no2,PIIANN,35.5,33.467518
2021-06-09 07:00:00,no2,PIIANN,9.8,21.35415
2021-12-11 20:00:00,no2,PIIANN,38.65,24.676964
2024-03-09 17:00:00,no2,PIIANN,13.87,23.055147
2025-04-09 09:00:00,no2,PIIANN,176.66,32.650017
2023-09-12 19:00:00,no2,PIIANN,7.43,23.79217
2023-03-05 15:00:00,no2,PIIANN,21.2475,28.939081
2021-08-02 16:00:00,no2,PIIANN,18.955,30.422775
2025-06-04 22:00:00,no2,PIIANN,11.91,22.843145
2022-07-01 12:00:00,no2,PIIANN,71.4,35.29803
2022-11-05 16:00:00,no2,PIIANN,33.78,22.51406
2022-08-08 12:00:00,no2,PIIANN,25.28,22.240572
2021-03-12 09:00:00,no2,PIIANN,17.42,33.58041
2022-06-13 00:00:00,no2,PIIANN,22.260647,29.968353
2022-06-12 06:00:00,no2,PIIANN,22.34,33.14692
2025-08-04 05:00:00,no2,PIIANN,29.99,22.870752
2022-02-09 17:00:00,no2,PIIANN,18.77,22.089483
2023-11-11 10:00:00,no2,PIIANN,26.76,34.946873
2021-08-11 00:00:00,no2,PIIANN,7.2774997,23.234167
2025-07-10 11:00:00,no2,PIIANN,24.59,27.282488
2024-11-07 23:00:00,no2,PIIANN,12.300001,21.233139
2023-05-05 23:00:00,no2,PIIANN,11.12,24.721857
2025-01-06 16:00:00,no2,PIIANN,34.58,25.073927
2021-12-02 07:00:00,no2,PIIANN,57.58,30.013485
2023-06-05 04:00:00,no2,PIIANN,9.060001,24.848722
2025-01-06 18:00:00,no2,PIIANN,40.39,24.73509
2022-11-02 22:00:00,no2,PIIANN,26.65,27.462341
2025-08-01 16:00:00,no2,PIIANN,37.14,29.00974
2021-12-09 12:00:00,no2,PIIANN,15.18,23.660345
2025-08-04 10:00:00,no2,PIIANN,23.03,24.473671
2025-02-09 16:00:00,no2,PIIANN,75.41,28.125214
2024-03-01 17:00:00,no2,PIIANN,8.640001,31.049213
2022-08-08 14:00:00,no2,PIIANN,22.25,22.670425
2024-07-06 15:00:00,no2,PIIANN,11.700001,24.03062
2022-07-12 22:00:00,no2,PIIANN,9.190001,32.526154
2025-10-01 23:00:00,no2,PIIANN,38.94,27.843636
2022-07-11 11:00:00,no2,PIIANN,15.12,30.20235
2023-06-07 08:00:00,no2,PIIANN,17.85,22.17147
2023-04-04 11:00:00,no2,PIIANN,21.2075,25.118256
2024-08-11 23:00:00,no2,PIIANN,42.12,25.849632
2023-02-01 13:00:00,no2,PIIANN,20.085,33.01316
2024-06-04 14:00:00,no2,PIIANN,4.719999,25.981197
2022-01-05 00:00:00,no2,PIIANN,22.1,22.845444
2023-11-04 01:00:00,no2,PIIANN,24.2875,25.645596
2025-06-02 02:00:00,no2,PIIANN,29.28,29.347382
2022-04-05 15:00:00,no2,PIIANN,17.5,23.624266
2021-06-06 15:00:00,no2,PIIANN,13.2,23.482939
2024-10-11 14:00:00,no2,PIIANN,27.06,26.927528
2022-01-06 11:00:00,no2,PIIANN,14.28,26.133312
2025-07-04 06:00:00,no2,PIIANN,16.01,24.925217
2022-04-09 21:00:00,no2,PIIANN,15.35,23.875317
2022-05-10 02:00:00,no2,PIIANN,10.069999,21.608576
2024-05-05 15:00:00,no2,PIIANN,13.728182,23.900642
2021-12-02 21:00:00,no2,PIIANN,54.18,28.97455
2022-12-03 19:00:00,no2,PIIANN,22.75,30.115757
2025-05-01 21:00:00,so2,PIIANN,4.78,5.3578715
2022-08-04 06:00:00,so2,PIIANN,6.0,4.9653687
2021-09-02 06:00:00,so2,PIIANN,6.6,5.5915236
2025-06-07 00:00:00,so2,PIIANN,2.42,5.094155
2025-05-12 09:00:00,so2,PIIANN,5.2,6.6158757
2022-08-06 22:00:00,so2,PIIANN,4.28,5.192035
2023-07-05 11:00:00,so2,PIIANN,34.965,5.5483003
2022-03-07 05:00:00,so2,PIIANN,4.62,4.6536574
2025-09-09 22:00:00,so2,PIIANN,5.7,5.1188593
2024-09-09 19:00:00,so2,PIIANN,3.87,4.8235726
2023-06-05 13:00:00,so2,PIIANN,31.6625,5.767915
2025-05-10 07:00:00,so2,PIIANN,4.69,4.888862
2021-10-02 17:00:00,so2,PIIANN,9.3,7.098013
2023-10-06 13:00:00,so2,PIIANN,3.6,4.8960586
2025-04-08 14:00:00,so2,PIIANN,2.06,5.0341454
2025-01-07 12:00:00,so2,PIIANN,3.11,4.665652
2024-04-04 06:00:00,so2,PIIANN,4.6,4.987094
2022-05-11 04:00:00,so2,PIIANN,4.4,5.847012
2022-05-04 03:00:00,so2,PIIANN,5.12,4.816571
2021-06-06 07:00:00,so2,PIIANN,4.65,4.911658
2023-10-03 23:00:00,so2,PIIANN,7.3233333,5.5545163
2023-12-03 06:00:00,so2,PIIANN,6.825,5.4449778
2023-10-06 16:00:00,so2,PIIANN,4.13,4.8874483
2023-07-06 14:00:00,so2,PIIANN,3.34,5.3072195
2022-01-10 09:00:00,so2,PIIANN,8.57,5.41185
2025-11-03 13:00:00,so2,PIIANN,6.96,5.8302765
2024-01-01 23:00:00,so2,PIIANN,4.71,5.9910865
2023-05-05 18:00:00,so2,PIIANN,14.5875,5.5073895
2025-09-02 03:00:00,so2,PIIANN,3.43,6.115922
2022-09-10 13:00:00,so2,PIIANN,5.52,4.9126844
2025-03-08 12:00:00,so2,PIIANN,2.94,5.034386
2025-03-11 12:00:00,so2,PIIANN,3.72,5.211201
2021-04-03 11:00:00,so2,PIIANN,13.42,6.4829774
2022-03-09 10:00:00,so2,PIIANN,5.68,4.5706415
2021-12-12 08:00:00,so2,PIIANN,4.18,6.0245953
2022-02-06 15:00:00,so2,PIIANN,4.85,5.12173
2023-07-07 05:00:00,so2,PIIANN,2.9899998,4.632746
2025-04-05 17:00:00,so2,PIIANN,5.04,5.16158
2022-06-11 02:00:00,so2,PIIANN,1.05,5.630498
2025-09-08 17:00:00,so2,PIIANN,2.69,4.8465967
2023-10-03 16:00:00,so2,PIIANN,16.845,5.8731184
2024-04-07 23:00:00,so2,PIIANN,3.55,4.682135
2021-01-02 14:00:00,so2,PIIANN,7.4,7.2449746
2025-12-08 14:00:00,so2,PIIANN,5.48,4.900585
2025-03-10 11:00:00,so2,PIIANN,4.28,4.6807523
2021-12-10 16:00:00,so2,PIIANN,8.3,7.2704186
2024-09-02 05:00:00,so2,PIIANN,3.99,5.532163
2025-09-11 06:00:00,so2,PIIANN,4.18,5.992533
2021-02-03 21:00:00,so2,PIIANN,6.72,5.3066735
2024-08-07 06:00:00,so2,PIIANN,3.78,4.731472
2023-08-06 11:00:00,so2,PIIANN,2.675,5.0301113
2021-03-03 04:00:00,so2,PIIANN,6.42,5.3187404
2024-01-04 00:00:00,so2,PIIANN,5.16,5.315214
2023-08-10 19:00:00,so2,PIIANN,2.145,5.0752053
2023-11-04 02:00:00,so2,PIIANN,2.6875,5.193878
2025-01-05 03:00:00,so2,PIIANN,3.7,4.9531198
2023-06-08 21:00:00,so2,PIIANN,4.1675,4.783823
2023-01-04 12:00:00,so2,PIIANN,0.695,4.5168467
2024-05-09 02:00:00,so2,PIIANN,2.93,4.753845
2021-01-03 17:00:00,so2,PIIANN,11.6,5.549865
2025-11-02 16:00:00,so2,PIIANN,14.24,5.630486
2025-12-11 03:00:00,so2,PIIANN,3.4,6.6504602
2021-06-10 01:00:00,so2,PIIANN,4.25,5.463856
2023-12-07 09:00:00,so2,PIIANN,2.47,4.5793214
2025-09-10 13:00:00,so2,PIIANN,4.14,5.2247453
2021-09-12 13:00:00,so2,PIIANN,4.98,5.3772736
2023-07-10 19:00:00,so2,PIIANN,3.385,5.2948
2023-10-07 20:00:00,so2,PIIANN,3.4750001,4.764205
2021-08-10 23:00:00,so2,PIIANN,4.8,5.8882923
2021-05-05 17:00:00,so2,PIIANN,6.0,4.939232
2024-01-08 01:00:00,so2,PIIANN,3.88,4.74705
2025-08-05 15:00:00,so2,PIIANN,8.35,5.6046295
2025-07-07 23:00:00,so2,PIIANN,2.93,4.930331
2022-01-05 12:00:00,so2,PIIANN,17.65,5.116283
2025-07-04 09:00:00,so2,PIIANN,4.61,5.0714483
2024-10-05 13:00:00,so2,PIIANN,3.91,4.68341
2025-11-07 07:00:00,so2,PIIANN,1.78,4.6220365
2021-01-02 03:00:00,so2,PIIANN,5.55,6.6855707
2023-03-07 08:00:00,so2,PIIANN,3.915,4.644684
2022-04-02 16:00:00,so2,PIIANN,4.45,4.842494
2023-07-01 14:00:00,so2,PIIANN,4.285,6.68421
2025-10-10 00:00:00,so2,PIIANN,4.28,5.0629067
2022-06-02 19:00:00,so2,PIIANN,4.62,5.9400287
2022-01-05 01:00:00,so2,PIIANN,3.47,4.962511
2022-08-13 02:00:00,so2,PIIANN,5.7371116,6.219173
2023-10-10 07:00:00,so2,PIIANN,2.89,5.2546654
2024-07-05 06:00:00,so2,PIIANN,3.45,4.7264156
2023-04-03 18:00:00,so2,PIIANN,15.2725,5.9914665
2021-08-08 15:00:00,so2,PIIANN,12.88,5.055212
2024-05-03 16:00:00,so2,PIIANN,12.17,5.580978
2021-09-06 07:00:00,so2,PIIANN,4.62,5.1175475
2021-05-12 06:00:00,so2,PIIANN,3.02,5.3250813
2025-09-10 03:00:00,so2,PIIANN,3.6,5.191658
2025-08-11 04:00:00,so2,PIIANN,4.64,6.437946
2021-03-11 22:00:00,so2,PIIANN,6.72,5.72928
2024-08-11 10:00:00,so2,PIIANN,2.78,5.4284587
2025-10-01 19:00:00,so2,PIIANN,3.65,5.967073
2022-08-03 19:00:00,so2,PIIANN,9.93,6.227691
2022-03-09 13:00:00,so2,PIIANN,4.8,4.73388
2022-12-03 04:00:00,so2,PIIANN,9.98,6.2810855
2025-07-09 23:00:00,so2,PIIANN,3.86,5.114052
2021-09-02 04:00:00,so2,PIIANN,4.68,5.515408
2022-03-01 11:00:00,so2,PIIANN,9.12,6.1721435
2021-02-02 03:00:00,so2,PIIANN,6.75,6.832622
2022-09-11 05:00:00,so2,PIIANN,6.98,5.7664533
2021-06-06 19:00:00,so2,PIIANN,4.68,4.993755
2023-09-03 07:00:00,so2,PIIANN,6.0975,5.631879
2022-10-02 04:00:00,so2,PIIANN,6.05,5.3103557
2022-08-12 13:00:00,so2,PIIANN,11.92,7.6074743
2021-11-04 10:00:00,so2,PIIANN,5.9,5.0998564
2022-04-10 04:00:00,so2,PIIANN,5.58,4.634585
2021-04-09 00:00:00,so2,PIIANN,4.52,5.2284484
2023-08-05 12:00:00,so2,PIIANN,27.665,5.551291
2024-08-01 11:00:00,so2,PIIANN,4.79,6.7288585
2021-04-08 19:00:00,so2,PIIANN,4.25,5.387911
2022-03-06 05:00:00,so2,PIIANN,6.42,5.044214
2024-02-04 04:00:00,so2,PIIANN,4.9,4.9201074
2024-01-07 06:00:00,so2,PIIANN,3.88,4.7694564
2023-01-07 18:00:00,so2,PIIANN,3.8075,4.7798676
2025-02-10 23:00:00,so2,PIIANN,4.41,4.6531134
2024-02-08 01:00:00,so2,PIIANN,3.4199998,4.56052
2023-07-08 07:00:00,so2,PIIANN,3.0075,4.959496
2024-05-08 23:00:00,so2,PIIANN,2.81,4.7122254
2024-03-12 04:00:00,so2,PIIANN,3.4,5.5943694
2023-06-01 12:00:00,so2,PIIANN,9.0375,6.325338
2025-01-02 11:00:00,so2,PIIANN,3.16,4.8140993
2022-12-03 11:00:00,so2,PIIANN,13.42,6.569473
2022-03-04 18:00:00,so2,PIIANN,4.4,4.9152975
2021-05-01 11:00:00,so2,PIIANN,13.25,7.016641
2025-12-12 14:00:00,so2,PIIANN,6.14,7.228837
2021-01-11 02:00:00,so2,PIIANN,4.2,6.3563128
2024-10-11 18:00:00,so2,PIIANN,3.77,5.0126348
2023-03-02 02:00:00,so2,PIIANN,3.445,5.5145473
2025-11-05 16:00:00,so2,PIIANN,12.07,5.7515345
2023-03-07 22:00:00,so2,PIIANN,3.6275,4.6113553
2025-11-11 21:00:00,so2,PIIANN,3.06,6.707582
2021-06-03 04:00:00,so2,PIIANN,7.8,5.294399
2025-08-05 18:00:00,so2,PIIANN,7.41,5.550152
2023-04-12 21:00:00,so2,PIIANN,4.465,5.328004
2022-06-11 03:00:00,so2,PIIANN,0.9199999,5.5724835
2024-08-08 12:00:00,so2,PIIANN,3.59,4.8604956
2021-07-10 02:00:00,so2,PIIANN,5.25,5.3435097
2022-07-05 15:00:00,so2,PIIANN,8.18,5.2579336
2024-04-08 01:00:00,so2,PIIANN,3.32,4.6167536
2023-08-05 21:00:00,so2,PIIANN,50.9725,5.585133
2021-05-11 18:00:00,so2,PIIANN,5.45,6.5342646
2025-03-04 18:00:00,so2,PIIANN,3.8,5.0319943
2025-11-10 11:00:00,so2,PIIANN,3.48,5.149202
2024-09-02 14:00:00,so2,PIIANN,4.99,5.873951
2022-11-02 18:00:00,so2,PIIANN,5.25,6.559759
2025-08-10 08:00:00,so2,PIIANN,4.78,5.1845384
2023-12-10 19:00:00,so2,PIIANN,3.5525,5.2454357
2022-11-10 23:00:00,so2,PIIANN,7.0,4.698881
2022-06-02 06:00:00,so2,PIIANN,5.55,5.3024697
2023-12-10 14:00:00,so2,PIIANN,2.2675,5.5371056
2023-07-07 21:00:00,so2,PIIANN,3.22,4.7085547
2022-01-04 16:00:00,so2,PIIANN,7.28,5.191319
2025-08-09 01:00:00,so2,PIIANN,3.44,5.0003624
2025-09-09 09:00:00,so2,PIIANN,3.39,5.0077314
2025-07-01 20:00:00,so2,PIIANN,2.57,5.6105103
2021-07-09 08:00:00,so2,PIIANN,4.58,4.7339187
2021-07-02 02:00:00,so2,PIIANN,6.5,6.35911
2025-09-11 14:00:00,so2,PIIANN,3.09,6.544173
2024-12-13 02:00:00,so2,PIIANN,4.190328,5.820245
2022-06-06 22:00:00,so2,PIIANN,4.25,5.1282167
2021-05-06 16:00:00,so2,PIIANN,5.52,5.112935
2021-03-02 06:00:00,so2,PIIANN,7.05,6.805125
2023-07-07 19:00:00,so2,PIIANN,3.395,4.7176275
2023-02-05 07:00:00,so2,PIIANN,4.155,4.628492
2022-11-07 04:00:00,so2,PIIANN,4.6,4.635242
2021-01-08 13:00:00,so2,PIIANN,7.32,4.891451
2022-03-08 06:00:00,so2,PIIANN,4.75,4.654088
2023-12-08 07:00:00,so2,PIIANN,3.7925,4.614237
2022-12-08 02:00:00,so2,PIIANN,5.88,4.6417456
2023-05-11 11:00:00,so2,PIIANN,3.7,5.4435225
2024-10-10 23:00:00,so2,PIIANN,3.48,4.8992805
2025-03-09 06:00:00,so2,PIIANN,2.37,4.784454
2023-12-05 18:00:00,so2,PIIANN,6.0525,4.819365
2025-03-02 15:00:00,so2,PIIANN,4.84,6.040488
2023-10-09 15:00:00,so2,PIIANN,3.79,4.788645
2025-02-02 09:00:00,so2,PIIANN,2.69,4.8829904
2022-11-06 13:00:00,so2,PIIANN,4.28,5.054443
2023-04-09 18:00:00,so2,PIIANN,2.5175,4.4924927
2022-09-02 06:00:00,so2,PIIANN,6.2,5.488254
2025-01-10 05:00:00,so2,PIIANN,5.15,4.8146434
2022-11-06 03:00:00,so2,PIIANN,7.5,4.881426
2021-12-05 17:00:00,so2,PIIANN,6.25,4.7166314
2024-06-12 14:00:00,so2,PIIANN,3.84,5.969371
2021-02-03 22:00:00,so2,PIIANN,6.25,5.1898193
2023-02-10 22:00:00,so2,PIIANN,3.81,4.4766846
2024-11-06 08:00:00,so2,PIIANN,5.04,4.773956
2023-04-07 03:00:00,so2,PIIANN,3.23,4.637918
2023-07-11 03:00:00,so2,PIIANN,4.19,5.7937922
2024-10-10 01:00:00,so2,PIIANN,3.86,4.9852166
2022-11-05 04:00:00,so2,PIIANN,3.97,4.9734297
2025-06-07 21:00:00,so2,PIIANN,2.28,4.800486
2022-01-11 12:00:00,so2,PIIANN,8.2,5.552175
2025-06-05 09:00:00,so2,PIIANN,4.95,5.1483397
2025-02-04 03:00:00,so2,PIIANN,1.5699999,4.923812
2023-12-05 04:00:00,so2,PIIANN,9.6325,5.1250315
2023-01-06 14:00:00,so2,PIIANN,6.3325,5.1554337
2021-10-10 21:00:00,so2,PIIANN,4.7,5.9771085
2025-05-05 23:00:00,so2,PIIANN,4.18,5.0052476
2021-08-09 15:00:00,so2,PIIANN,7.3,4.9380703
2024-04-02 06:00:00,so2,PIIANN,3.38,5.8074737
2021-09-10 05:00:00,so2,PIIANN,4.65,6.1034737
2022-10-11 22:00:00,so2,PIIANN,5.78,5.460719
2023-02-06 13:00:00,so2,PIIANN,2.9525,5.147606
2022-03-07 14:00:00,so2,PIIANN,4.1,4.7188354
2023-06-07 10:00:00,so2,PIIANN,3.5175,4.6620183
2023-09-10 09:00:00,so2,PIIANN,2.795,5.1074557
2022-08-11 00:00:00,so2,PIIANN,5.98,4.9481354
2022-02-07 01:00:00,so2,PIIANN,4.92,4.7102265
2023-06-05 21:00:00,so2,PIIANN,7.3725,5.751517
2023-01-06 11:00:00,so2,PIIANN,4.985,4.9869447
2024-07-06 13:00:00,so2,PIIANN,6.26,5.0754333
2025-04-12 17:00:00,so2,PIIANN,4.94,7.230991
2023-05-06 10:00:00,so2,PIIANN,3.0625,4.978478
2025-06-09 11:00:00,so2,PIIANN,3.65,6.1215067
2021-08-02 22:00:00,so2,PIIANN,4.68,5.001086
2022-06-06 12:00:00,so2,PIIANN,4.3,5.2871013
2024-11-12 19:00:00,so2,PIIANN,6.1,5.885711
2021-11-05 11:00:00,so2,PIIANN,7.1,4.7383294
2022-07-06 12:00:00,so2,PIIANN,4.3,5.315553
2024-09-07 12:00:00,so2,PIIANN,3.6,4.9792385
2021-03-09 20:00:00,so2,PIIANN,5.78,4.711972
2025-02-07 06:00:00,so2,PIIANN,2.15,4.591756
2025-12-11 09:00:00,so2,PIIANN,3.02,6.8979826
2021-06-08 08:00:00,so2,PIIANN,4.12,5.1398153
2024-08-02 00:00:00,so2,PIIANN,4.27,6.2122507
2023-02-12 21:00:00,so2,PIIANN,4.2175,5.1197577
2021-05-11 10:00:00,so2,PIIANN,4.58,6.745489
2024-09-13 01:00:00,so2,PIIANN,4.121432,5.7443275
2022-05-10 11:00:00,so2,PIIANN,4.5,4.805543
2025-07-04 02:00:00,so2,PIIANN,7.67,5.0951295
2021-11-05 23:00:00,so2,PIIANN,5.85,4.636058
2021-07-11 09:00:00,so2,PIIANN,5.85,6.0957227
2023-03-11 12:00:00,so2,PIIANN,4.445,5.814322
2021-03-12 03:00:00,so2,PIIANN,4.8,5.9227915
2021-05-07 09:00:00,so2,PIIANN,4.65,4.8612394
2022-03-13 02:00:00,so2,PIIANN,4.011597,7.0239897
2022-11-07 09:00:00,so2,PIIANN,4.2,4.677359
2022-04-11 21:00:00,so2,PIIANN,6.48,5.6055303
2025-06-03 15:00:00,so2,PIIANN,8.75,5.315759
2024-05-08 05:00:00,so2,PIIANN,3.92,4.688394
2025-10-04 14:00:00,so2,PIIANN,5.97,5.057848
2025-12-10 01:00:00,so2,PIIANN,3.79,4.995013
2024-05-04 00:00:00,so2,PIIANN,3.16,5.1464467
2024-11-02 04:00:00,so2,PIIANN,4.32,5.9439917
2021-07-05 11:00:00,so2,PIIANN,12.78,4.879026
2023-12-01 10:00:00,so2,PIIANN,5.4925,6.886972
2022-12-01 15:00:00,so2,PIIANN,8.52,5.3050995
2021-02-12 12:00:00,so2,PIIANN,3.82,6.2894735
2024-01-11 20:00:00,so2,PIIANN,4.84,5.016113
2025-11-05 00:00:00,so2,PIIANN,4.59,4.8365455
2024-08-04 17:00:00,so2,PIIANN,19.92,5.4960346
2024-09-03 18:00:00,so2,PIIANN,8.14,6.007501
2023-01-07 14:00:00,so2,PIIANN,2.455,4.659726
2021-12-07 14:00:00,so2,PIIANN,4.8,4.663394
2021-10-08 11:00:00,so2,PIIANN,4.2,5.062253
2021-02-10 03:00:00,so2,PIIANN,3.88,4.9353104
2021-01-09 00:00:00,so2,PIIANN,4.03,4.7983794
2022-07-03 11:00:00,so2,PIIANN,9.8,6.4766035
2022-12-05 09:00:00,so2,PIIANN,5.6,4.846294
2024-06-05 15:00:00,so2,PIIANN,3.64,4.930441
2024-01-05 11:00:00,so2,PIIANN,15.14,5.655325
2024-03-08 23:00:00,so2,PIIANN,3.73,4.6061697
2022-01-12 15:00:00,so2,PIIANN,6.66,6.4137335
2024-02-09 09:00:00,so2,PIIANN,4.12,4.566541
2025-05-08 06:00:00,so2,PIIANN,2.2400002,5.0160856
2024-10-10 16:00:00,so2,PIIANN,4.06,5.0030794
2025-03-03 23:00:00,so2,PIIANN,4.63,4.790912
2021-03-09 19:00:00,so2,PIIANN,6.38,4.7546287
2021-08-04 10:00:00,so2,PIIANN,6.75,5.230275
2024-12-02 14:00:00,so2,PIIANN,7.84,6.644994
2024-08-05 09:00:00,so2,PIIANN,3.5300002,4.665295
2024-03-05 08:00:00,so2,PIIANN,3.77,4.8356223
2023-02-11 18:00:00,so2,PIIANN,6.485,5.2373214
2022-03-08 17:00:00,so2,PIIANN,5.75,4.906081
2022-11-05 17:00:00,so2,PIIANN,3.4,5.126858
2025-06-11 07:00:00,so2,PIIANN,4.81,6.653492
2021-06-07 19:00:00,so2,PIIANN,4.32,5.275233
2022-09-05 00:00:00,so2,PIIANN,4.6141667,4.890232
2024-07-10 06:00:00,so2,PIIANN,3.64,4.9940424
2021-11-08 07:00:00,so2,PIIANN,3.47,4.835641
2024-01-09 08:00:00,so2,PIIANN,4.16,4.6026373
2022-06-11 08:00:00,so2,PIIANN,0.31999996,5.67633
2023-08-06 01:00:00,so2,PIIANN,2.5600002,5.3436317
2025-04-04 12:00:00,so2,PIIANN,9.47,5.260741
2022-05-03 16:00:00,so2,PIIANN,15.95,6.5846453
2025-12-10 20:00:00,so2,PIIANN,3.73,5.376883
2023-04-08 06:00:00,so2,PIIANN,1.3549998,4.6898336
2024-07-07 12:00:00,so2,PIIANN,2.98,4.8138638
2022-02-03 02:00:00,so2,PIIANN,4.88,5.492805
2024-04-03 03:00:00,so2,PIIANN,4.2,5.194392
2024-02-10 13:00:00,so2,PIIANN,3.86,5.042879
2021-04-02 13:00:00,so2,PIIANN,8.3,7.3549824
2021-08-04 06:00:00,so2,PIIANN,4.77,5.0652304
2025-08-13 02:00:00,so2,PIIANN,7.466521,6.955054
2024-08-09 00:00:00,so2,PIIANN,3.86,4.820801
2025-01-04 11:00:00,so2,PIIANN,1.9299998,5.050808
2022-08-11 11:00:00,so2,PIIANN,6.4,6.0166574
2022-09-02 16:00:00,so2,PIIANN,7.65,5.9559226
2023-03-05 20:00:00,so2,PIIANN,10.8825,4.9930015
2023-07-06 22:00:00,so2,PIIANN,3.69,5.1022778
2022-07-11 15:00:00,so2,PIIANN,8.3,5.748927
2022-04-12 17:00:00,so2,PIIANN,6.07,7.44111
2023-09-08 15:00:00,so2,PIIANN,4.1325,5.1980605
2022-04-04 13:00:00,so2,PIIANN,12.02,5.121761
2024-08-05 22:00:00,so2,PIIANN,3.82,4.7913947
2021-04-05 10:00:00,so2,PIIANN,8.9,4.698305
2023-01-03 11:00:00,so2,PIIANN,7.9725,5.2788153
2024-07-01 15:00:00,so2,PIIANN,6.99,6.8759174
2021-06-04 22:00:00,so2,PIIANN,5.62,5.1651115
2025-07-12 13:00:00,so2,PIIANN,5.28,6.9156456
2025-07-12 18:00:00,so2,PIIANN,5.55,6.808877
2021-07-12 09:00:00,so2,PIIANN,4.75,5.082016
2021-02-03 17:00:00,so2,PIIANN,10.28,5.5850325
2023-05-02 11:00:00,so2,PIIANN,5.7525,6.4766536
2023-04-03 01:00:00,so2,PIIANN,8.7675,5.3416123
2025-12-07 21:00:00,so2,PIIANN,2.14,4.7200594
2023-03-04 13:00:00,so2,PIIANN,21.8775,5.04559
2023-05-12 01:00:00,so2,PIIANN,4.0475,5.543467
2023-10-02 13:00:00,so2,PIIANN,20.0125,6.6669874
2024-08-09 23:00:00,so2,PIIANN,2.64,4.83208
2022-07-04 23:00:00,so2,PIIANN,5.1,5.0227566
2022-11-02 10:00:00,so2,PIIANN,5.6,6.471756
2023-05-09 07:00:00,so2,PIIANN,2.73,4.687399
2024-11-11 23:00:00,so2,PIIANN,3.23,5.1778593
2022-02-06 01:00:00,so2,PIIANN,3.4,4.925309
2024-12-12 18:00:00,so2,PIIANN,3.34,5.929437
2025-08-05 05:00:00,so2,PIIANN,4.95,5.3450413
2023-07-02 01:00:00,so2,PIIANN,4.1775,6.195852
2024-08-09 19:00:00,so2,PIIANN,3.79,4.780448
2024-07-05 23:00:00,so2,PIIANN,4.05,4.877689
2024-03-09 15:00:00,so2,PIIANN,3.6,4.841242
2023-05-06 12:00:00,so2,PIIANN,3.2525,5.1185193
2022-02-02 16:00:00,so2,PIIANN,51.97,5.626057
2025-05-09 23:00:00,so2,PIIANN,3.47,5.6789875
2024-07-09 00:00:00,so2,PIIANN,3.18,4.803774
2025-11-03 02:00:00,so2,PIIANN,9.35,5.6266747
2025-04-03 14:00:00,so2,PIIANN,5.12,5.2960978
2025-10-02 01:00:00,so2,PIIANN,3.39,5.8084264
2024-03-09 19:00:00,so2,PIIANN,4.49,4.6975527
2021-12-10 15:00:00,so2,PIIANN,7.95,7.2293243
2023-11-06 16:00:00,so2,PIIANN,3.9925,4.964397
2024-01-10 06:00:00,so2,PIIANN,4.29,4.9013805
2023-06-11 20:00:00,so2,PIIANN,7.105,5.772667
2025-10-01 11:00:00,so2,PIIANN,16.08,5.852838
2021-01-07 01:00:00,so2,PIIANN,3.8,4.8833814
2025-10-07 03:00:00,so2,PIIANN,1.5899999,4.6358504
2021-08-06 06:00:00,so2,PIIANN,4.22,4.8985577
2024-05-10 16:00:00,so2,PIIANN,4.47,4.863113
2023-05-07 14:00:00,so2,PIIANN,3.685,4.672837
2024-02-06 02:00:00,so2,PIIANN,5.36,4.749035
2023-01-02 14:00:00,so2,PIIANN,14.01,6.1518397
2025-08-02 19:00:00,so2,PIIANN,3.56,6.113902
2021-12-02 19:00:00,so2,PIIANN,9.48,6.000806
2025-10-03 15:00:00,so2,PIIANN,4.42,5.7755613
2021-11-03 07:00:00,so2,PIIANN,5.12,4.7422814
2023-08-03 18:00:00,so2,PIIANN,14.4425,6.034777
2025-10-10 02:00:00,so2,PIIANN,3.84,5.1763864
2021-10-04 12:00:00,so2,PIIANN,10.7,5.203911
2023-07-06 11:00:00,so2,PIIANN,3.645,5.182923
2022-06-06 15:00:00,so2,PIIANN,4.5,5.295511
2024-12-12 21:00:00,so2,PIIANN,4.76,5.57912
2023-11-01 09:00:00,so2,PIIANN,6.1,6.9962745
2021-01-10 04:00:00,so2,PIIANN,3.95,4.837682
2025-09-09 06:00:00,so2,PIIANN,3.59,4.943761
2021-02-06 21:00:00,so2,PIIANN,4.23,5.2360415
2021-06-05 11:00:00,so2,PIIANN,8.43,4.8979235
2024-11-10 12:00:00,so2,PIIANN,3.98,4.9858346
2024-09-06 12:00:00,so2,PIIANN,6.0,4.962434
2022-03-09 07:00:00,so2,PIIANN,4.8,4.5574946
2022-06-10 15:00:00,so2,PIIANN,5.85,4.7404337
2021-08-09 05:00:00,so2,PIIANN,4.53,4.7012305
2024-07-02 18:00:00,so2,PIIANN,3.66,6.062818
2021-05-01 19:00:00,so2,PIIANN,9.72,6.8779364
2021-04-02 07:00:00,so2,PIIANN,7.7,7.1353927
2025-04-07 00:00:00,so2,PIIANN,2.1299999,4.652118
2023-10-05 21:00:00,so2,PIIANN,6.57,5.325024
2023-12-07 01:00:00,so2,PIIANN,2.7,4.552992
2024-02-03 20:00:00,so2,PIIANN,8.88,5.6036773
2025-04-03 04:00:00,so2,PIIANN,3.64,4.9878497
2025-12-08 15:00:00,so2,PIIANN,4.775,4.919048
2025-09-04 16:00:00,so2,PIIANN,23.8,5.297796
2021-10-01 12:00:00,so2,PIIANN,7.85,6.701448
2022-01-09 18:00:00,so2,PIIANN,7.32,4.6236
2025-10-12 06:00:00,so2,PIIANN,7.06,7.0260315
2021-05-01 23:00:00,so2,PIIANN,8.45,6.334263
2025-04-02 03:00:00,so2,PIIANN,3.79,5.7793264
2022-05-12 21:00:00,so2,PIIANN,6.7,6.853122
2025-08-13 01:00:00,so2,PIIANN,7.4776807,7.059659
2022-01-02 05:00:00,so2,PIIANN,4.05,5.0763783
2021-11-04 09:00:00,so2,PIIANN,5.9,5.054984
2021-05-05 12:00:00,so2,PIIANN,7.78,4.963356
2024-07-07 15:00:00,so2,PIIANN,3.63,4.7949653
2022-10-05 01:00:00,so2,PIIANN,3.15,4.81525
2022-09-07 04:00:00,so2,PIIANN,4.75,4.7635202
2021-09-01 14:00:00,so2,PIIANN,12.7,6.4332843
2024-08-04 08:00:00,so2,PIIANN,16.52,5.1778784
2024-02-03 19:00:00,so2,PIIANN,9.77,5.6427193
2022-12-02 17:00:00,so2,PIIANN,7.4,6.2004642
2025-12-05 17:00:00,so2,PIIANN,6.32,5.573715
2023-06-10 01:00:00,so2,PIIANN,3.76,4.9896502
2023-12-06 11:00:00,so2,PIIANN,3.645,4.7390027
2021-09-04 04:00:00,so2,PIIANN,8.23,5.0840945
2024-05-06 03:00:00,so2,PIIANN,6.04,4.9523506
2025-08-09 14:00:00,so2,PIIANN,3.38,5.215636
2025-03-09 10:00:00,so2,PIIANN,2.71,4.8359795
2025-12-08 19:00:00,so2,PIIANN,3.12,4.7344174
2024-07-10 12:00:00,so2,PIIANN,3.1,4.948316
2021-01-09 16:00:00,so2,PIIANN,4.53,4.805563
2025-04-08 04:00:00,so2,PIIANN,1.1400001,4.7533
2025-06-06 09:00:00,so2,PIIANN,2.22,4.91411
2024-08-04 14:00:00,so2,PIIANN,25.47,5.5487623
2025-09-04 22:00:00,so2,PIIANN,6.26,5.11699
2021-02-07 10:00:00,so2,PIIANN,5.2,4.7607183
2025-04-02 20:00:00,so2,PIIANN,4.56,5.770879
2021-08-07 12:00:00,so2,PIIANN,5.6,4.9355955
2022-04-12 23:00:00,so2,PIIANN,5.22,6.794772
2022-08-06 16:00:00,so2,PIIANN,3.85,5.365848
2024-10-08 12:00:00,so2,PIIANN,3.86,4.9337397
2022-09-12 13:00:00,so2,PIIANN,8.75,7.3900266
2022-03-09 15:00:00,so2,PIIANN,4.05,4.677046
2023-11-06 09:00:00,so2,PIIANN,2.7775,4.685206
2021-05-02 19:00:00,so2,PIIANN,8.35,7.1627655
2023-11-12 10:00:00,so2,PIIANN,3.5175,5.5243883
2023-07-08 21:00:00,so2,PIIANN,4.0575,5.1173954
2023-12-11 02:00:00,so2,PIIANN,5.275,6.5795803
2022-08-07 18:00:00,so2,PIIANN,4.52,4.8990793
2024-04-11 22:00:00,so2,PIIANN,3.73,5.43083
2021-01-08 23:00:00,so2,PIIANN,5.8,4.8244095
2021-07-11 21:00:00,so2,PIIANN,4.58,5.8550396
2021-06-10 09:00:00,so2,PIIANN,4.85,5.404254
2022-11-10 14:00:00,so2,PIIANN,7.98,4.725689
2021-03-04 11:00:00,so2,PIIANN,6.88,5.3031673
2023-03-12 21:00:00,so2,PIIANN,3.89,5.45103
2022-02-12 23:00:00,so2,PIIANN,8.25,6.604353
2025-12-12 22:00:00,so2,PIIANN,10.4,6.834998
2022-05-02 03:00:00,so2,PIIANN,4.62,4.9623384
2021-10-06 13:00:00,so2,PIIANN,5.18,4.9694448
2022-02-04 02:00:00,so2,PIIANN,4.25,4.8385816
2022-10-12 01:00:00,so2,PIIANN,6.78,6.902952
2022-09-06 20:00:00,so2,PIIANN,4.45,5.3191686
2025-04-10 04:00:00,so2,PIIANN,4.44,4.782816
2024-01-06 23:00:00,so2,PIIANN,5.55,4.8192496
2023-09-09 18:00:00,so2,PIIANN,2.33,4.757453
2024-07-07 07:00:00,so2,PIIANN,2.82,4.7458673
2025-09-12 13:00:00,so2,PIIANN,6.31,7.7057114
2022-09-11 11:00:00,so2,PIIANN,5.78,6.0104694
2023-05-08 21:00:00,so2,PIIANN,3.4,4.7534833
2024-05-07 23:00:00,so2,PIIANN,3.63,4.7929153
2025-01-07 09:00:00,so2,PIIANN,3.14,4.6019006
2021-10-09 07:00:00,so2,PIIANN,15.85,5.193364
2021-01-04 22:00:00,so2,PIIANN,6.6,5.3462267
2023-01-10 02:00:00,so2,PIIANN,4.265,4.468608
2025-11-07 22:00:00,so2,PIIANN,2.05,4.7765017
2025-07-12 15:00:00,so2,PIIANN,5.5,6.885575
2021-04-04 12:00:00,so2,PIIANN,9.07,5.3702183
2025-10-06 15:00:00,so2,PIIANN,1.76,5.3355713
2024-02-06 14:00:00,so2,PIIANN,6.22,4.808942
2021-11-04 12:00:00,so2,PIIANN,14.82,5.127195
2024-12-05 19:00:00,so2,PIIANN,3.27,4.6702704
2021-09-07 20:00:00,so2,PIIANN,4.9,4.9829564
2024-04-08 14:00:00,so2,PIIANN,4.12,4.815658
2025-03-04 22:00:00,so2,PIIANN,10.18,4.912352
2025-09-12 17:00:00,so2,PIIANN,6.41,7.5139375
2024-02-02 13:00:00,so2,PIIANN,11.93,5.263378
2024-03-10 14:00:00,so2,PIIANN,4.39,5.2679515
2022-10-05 02:00:00,so2,PIIANN,2.88,4.7569056
2024-11-10 14:00:00,so2,PIIANN,4.47,5.027123
2021-09-02 19:00:00,so2,PIIANN,7.12,6.7758417
2023-10-10 08:00:00,so2,PIIANN,2.915,5.3519926
2023-01-12 17:00:00,so2,PIIANN,6.24,5.314863
2025-11-04 20:00:00,so2,PIIANN,4.68,4.8872094
2023-03-01 22:00:00,so2,PIIANN,2.8325,6.213749
2023-06-09 04:00:00,so2,PIIANN,2.5049999,4.6465664
2024-01-08 17:00:00,so2,PIIANN,3.09,4.444827
2024-05-05 23:00:00,so2,PIIANN,3.73,4.864046
2025-09-08 02:00:00,so2,PIIANN,3.07,4.9442396
2021-09-06 16:00:00,so2,PIIANN,4.9,5.18373
2024-11-03 17:00:00,so2,PIIANN,57.82,5.996393
2025-10-03 19:00:00,so2,PIIANN,19.99,5.774097
2025-07-07 22:00:00,so2,PIIANN,2.79,4.956237
2021-08-13 00:00:00,so2,PIIANN,5.2839823,5.340028
2025-08-05 00:00:00,so2,PIIANN,5.44,4.9851418
2023-05-06 09:00:00,so2,PIIANN,3.1075,4.9285154
2022-10-06 10:00:00,so2,PIIANN,5.65,5.0532184
2024-02-12 13:00:00,so2,PIIANN,3.82,5.316804
2023-09-02 23:00:00,so2,PIIANN,6.2366667,5.7716813
2021-12-03 01:00:00,so2,PIIANN,4.78,5.0462036
2021-07-08 14:00:00,so2,PIIANN,3.98,5.034585
2022-03-02 21:00:00,so2,PIIANN,6.7,5.032993
2024-05-12 22:00:00,so2,PIIANN,3.68,5.758323
2022-03-10 08:00:00,so2,PIIANN,4.38,4.6404204
2024-06-03 08:00:00,so2,PIIANN,5.46,5.4673324
2021-09-09 09:00:00,so2,PIIANN,4.45,4.77674
2024-03-05 22:00:00,so2,PIIANN,4.66,4.989224
2021-11-04 06:00:00,so2,PIIANN,5.38,4.9166284
2024-11-08 22:00:00,so2,PIIANN,3.84,4.73849
2022-08-07 06:00:00,so2,PIIANN,4.28,4.7646637
2023-03-07 06:00:00,so2,PIIANN,3.795,4.626862
2024-02-12 14:00:00,so2,PIIANN,4.07,5.339927
2022-12-13 02:00:00,so2,PIIANN,7.8318,5.8782825
2025-09-10 18:00:00,so2,PIIANN,3.72,5.089313
2025-03-01 14:00:00,so2,PIIANN,3.32,5.6508427
2021-11-05 13:00:00,so2,PIIANN,6.9,4.8463225
2021-06-07 09:00:00,so2,PIIANN,4.8,5.2439604
2022-01-06 04:00:00,so2,PIIANN,4.6,5.0191865
2024-04-10 12:00:00,so2,PIIANN,3.93,4.9418306
2021-10-04 06:00:00,so2,PIIANN,5.18,5.0171776
2025-02-05 19:00:00,so2,PIIANN,5.28,5.197754
2022-10-08 15:00:00,so2,PIIANN,5.12,4.8294744
2024-10-06 08:00:00,so2,PIIANN,5.12,4.8521457
2024-07-09 12:00:00,so2,PIIANN,4.14,4.926522
2024-11-05 21:00:00,so2,PIIANN,3.54,4.7426963
2022-01-07 21:00:00,so2,PIIANN,6.15,4.8393307
2025-06-10 18:00:00,so2,PIIANN,4.64,5.186186
2025-08-03 15:00:00,so2,PIIANN,4.97,6.022662
2022-04-12 20:00:00,so2,PIIANN,6.69,7.2345896
2023-01-07 11:00:00,so2,PIIANN,3.0825,4.629601
2021-06-04 03:00:00,so2,PIIANN,5.28,5.2722025
2024-09-12 03:00:00,so2,PIIANN,3.52,5.5739493
2024-02-03 23:00:00,so2,PIIANN,6.83,5.298847
2024-07-12 03:00:00,so2,PIIANN,2.89,5.6010146
2021-07-09 16:00:00,so2,PIIANN,3.85,4.799573
2023-07-09 17:00:00,so2,PIIANN,3.24,4.639701
2024-10-05 16:00:00,so2,PIIANN,4.58,4.7507105
2025-09-03 04:00:00,so2,PIIANN,3.15,5.5192246
2025-02-02 02:00:00,so2,PIIANN,3.32,5.0341797
2025-02-04 10:00:00,so2,PIIANN,2.52,4.955251
2022-12-10 00:00:00,so2,PIIANN,6.7,4.848929
2025-07-06 23:00:00,so2,PIIANN,2.43,5.260752
2022-10-12 11:00:00,so2,PIIANN,5.96,7.1013384
2024-07-09 17:00:00,so2,PIIANN,3.85,5.033637
2024-06-10 11:00:00,so2,PIIANN,4.57,5.166704
2024-12-07 11:00:00,so2,PIIANN,4.24,4.623434
2022-12-02 05:00:00,so2,PIIANN,5.72,5.5746818
2022-05-02 16:00:00,so2,PIIANN,5.72,5.7304263
2025-02-05 15:00:00,so2,PIIANN,5.83,5.182825
2022-11-09 20:00:00,so2,PIIANN,4.58,4.5878973
2023-12-08 00:00:00,so2,PIIANN,3.3099997,4.490625
2025-11-08 11:00:00,so2,PIIANN,4.02,4.8264966
2025-06-12 19:00:00,so2,PIIANN,6.54,6.5882716
2022-07-03 05:00:00,so2,PIIANN,7.55,5.7580132
2021-04-10 07:00:00,so2,PIIANN,5.35,6.003674
2025-04-07 09:00:00,so2,PIIANN,2.53,4.7066708
2023-01-10 03:00:00,so2,PIIANN,4.185,4.469535
2021-12-07 10:00:00,so2,PIIANN,4.25,4.689437
2024-08-02 19:00:00,so2,PIIANN,5.84,5.720675
2021-12-07 05:00:00,so2,PIIANN,4.43,4.600486
2023-07-05 13:00:00,so2,PIIANN,19.225,6.0338783
2024-05-08 20:00:00,so2,PIIANN,4.39,4.6831527
2021-09-06 14:00:00,so2,PIIANN,4.48,5.085773
2024-10-01 17:00:00,so2,PIIANN,3.71,6.491883
2023-04-02 03:00:00,so2,PIIANN,5.4075,5.982894
2024-12-06 22:00:00,so2,PIIANN,4.32,4.94774
2022-05-02 17:00:00,so2,PIIANN,4.98,5.6735764
2025-11-13 00:00:00,so2,PIIANN,8.513141,6.779052
2022-05-07 13:00:00,so2,PIIANN,4.9,4.7930856
2023-01-04 19:00:00,so2,PIIANN,6.14,4.5688934
2021-06-06 21:00:00,so2,PIIANN,4.4,4.930125
2021-05-10 10:00:00,so2,PIIANN,3.72,5.1940236
2024-05-06 00:00:00,so2,PIIANN,5.84,4.8633156
2024-04-01 12:00:00,so2,PIIANN,3.5300002,5.9548364
2022-02-03 16:00:00,so2,PIIANN,12.58,5.7494965
2022-08-12 21:00:00,so2,PIIANN,7.74,6.981833
2023-01-03 13:00:00,so2,PIIANN,10.8475,5.4441037
2022-10-09 05:00:00,so2,PIIANN,4.43,4.7791586
2024-07-12 12:00:00,so2,PIIANN,3.15,5.657096
2024-11-04 04:00:00,so2,PIIANN,9.75,5.3979864
2022-02-10 08:00:00,so2,PIIANN,6.78,4.956133
2021-02-08 00:00:00,so2,PIIANN,5.85,4.8786187
2021-07-03 20:00:00,so2,PIIANN,8.68,5.6926465
2023-02-05 03:00:00,so2,PIIANN,6.3125,4.668462
2023-02-08 14:00:00,so2,PIIANN,2.6700003,4.607905
2025-10-10 20:00:00,so2,PIIANN,3.32,4.9734793
2022-02-01 17:00:00,so2,PIIANN,5.58,6.070512
2021-11-11 10:00:00,so2,PIIANN,5.48,5.8530073
2021-06-05 19:00:00,so2,PIIANN,15.62,5.0386605
2024-12-11 16:00:00,so2,PIIANN,2.25,5.2169447
2024-09-10 01:00:00,so2,PIIANN,4.46,5.026087
2023-03-09 21:00:00,so2,PIIANN,3.1875,4.7424483
2023-01-05 16:00:00,so2,PIIANN,8.11,5.2151484
2025-06-12 09:00:00,so2,PIIANN,5.16,6.339715
2022-05-08 10:00:00,so2,PIIANN,4.85,4.665215
2022-04-03 02:00:00,so2,PIIANN,4.75,5.8118935
2025-06-12 16:00:00,so2,PIIANN,5.14,6.619353
2025-12-12 01:00:00,so2,PIIANN,8.28,6.8983326
2025-07-01 21:00:00,so2,PIIANN,2.57,5.606478
2021-06-05 12:00:00,so2,PIIANN,14.799999,4.9742694
2021-03-08 02:00:00,so2,PIIANN,4.4,4.862547
2024-11-12 17:00:00,so2,PIIANN,4.17,6.050432
2022-02-04 20:00:00,so2,PIIANN,5.22,4.9064703
2025-08-12 09:00:00,so2,PIIANN,5.42,6.8495564
2025-03-11 16:00:00,so2,PIIANN,4.28,5.414137
2022-07-12 10:00:00,so2,PIIANN,8.44,7.2617035
2021-12-09 21:00:00,so2,PIIANN,4.15,4.799295
2024-10-02 03:00:00,so2,PIIANN,3.41,5.5403275
2021-08-10 18:00:00,so2,PIIANN,5.0,5.899976
2025-08-03 06:00:00,so2,PIIANN,2.43,5.7019796
2023-12-06 19:00:00,so2,PIIANN,2.4925,4.8135753
2024-03-05 06:00:00,so2,PIIANN,5.32,4.749337
2021-01-12 19:00:00,so2,PIIANN,4.05,5.445926
2022-06-05 06:00:00,so2,PIIANN,17.52,5.0514073
2023-04-09 22:00:00,so2,PIIANN,3.0,4.5427027
2024-02-06 22:00:00,so2,PIIANN,5.38,4.7674837
2022-06-10 19:00:00,so2,PIIANN,6.83,4.7187777
2021-06-10 18:00:00,so2,PIIANN,4.55,5.2285094
2023-06-08 23:00:00,so2,PIIANN,3.9433334,4.871171
2024-04-02 23:00:00,so2,PIIANN,4.51,5.7456307
2023-12-09 21:00:00,so2,PIIANN,4.4475,4.6575747
2024-02-05 17:00:00,so2,PIIANN,11.45,5.4224916
2022-05-07 04:00:00,so2,PIIANN,3.92,4.635883
2021-09-05 14:00:00,so2,PIIANN,11.6,5.04287
2021-02-02 23:00:00,so2,PIIANN,9.55,6.345194
2023-01-12 05:00:00,so2,PIIANN,4.97,5.0618362
2023-09-09 19:00:00,so2,PIIANN,2.275,4.7378645
2024-07-11 15:00:00,so2,PIIANN,2.81,5.528277
2022-08-06 11:00:00,so2,PIIANN,3.75,5.1909747
2021-01-08 05:00:00,so2,PIIANN,4.9,4.6964507
2022-12-02 11:00:00,so2,PIIANN,7.68,6.1294165
2024-08-13 00:00:00,so2,PIIANN,3.8897154,5.546298
2023-01-04 23:00:00,so2,PIIANN,2.93,4.879616
2024-06-12 07:00:00,so2,PIIANN,3.09,5.5853515
2024-07-07 21:00:00,so2,PIIANN,3.92,4.7651253
2021-05-04 10:00:00,so2,PIIANN,7.12,5.174696
2025-11-05 05:00:00,so2,PIIANN,4.01,5.242167
2022-11-04 03:00:00,so2,PIIANN,7.68,4.9420114
2023-02-07 16:00:00,so2,PIIANN,2.835,4.7298503
2024-01-08 10:00:00,so2,PIIANN,4.35,4.764167
2023-05-09 19:00:00,so2,PIIANN,4.0275,4.6310687
2025-09-13 01:00:00,so2,PIIANN,8.732748,6.4327426
2023-05-01 13:00:00,so2,PIIANN,12.695,6.270846
2021-10-09 17:00:00,so2,PIIANN,5.22,5.0827813
2024-06-01 16:00:00,so2,PIIANN,7.54,6.7271266
2021-08-04 19:00:00,so2,PIIANN,4.6,5.2505555
2025-02-02 11:00:00,so2,PIIANN,3.3,4.9539976
2023-07-04 21:00:00,so2,PIIANN,28.39,5.700293
2023-12-06 06:00:00,so2,PIIANN,3.13,4.6929374
2024-09-08 13:00:00,so2,PIIANN,3.39,4.91517
2025-12-07 11:00:00,so2,PIIANN,2.16,4.7136602
2024-11-02 20:00:00,so2,PIIANN,4.8,6.297504
2022-05-12 20:00:00,so2,PIIANN,7.22,6.9738255
2021-11-09 10:00:00,so2,PIIANN,5.22,4.8359704
2025-10-12 20:00:00,so2,PIIANN,8.12,7.3580737
2022-06-12 16:00:00,so2,PIIANN,9.4,7.1127834
2021-05-02 15:00:00,so2,PIIANN,13.95,7.253512
2024-05-11 23:00:00,so2,PIIANN,4.395,5.638816
2021-05-12 08:00:00,so2,PIIANN,2.78,5.3179216
2022-11-08 03:00:00,so2,PIIANN,5.52,4.76363
2024-08-02 07:00:00,so2,PIIANN,3.98,5.4777527
2025-01-05 05:00:00,so2,PIIANN,4.61,4.936822
2023-03-10 00:00:00,so2,PIIANN,3.665,4.6706567
2022-12-05 01:00:00,so2,PIIANN,4.4,4.8074746
2021-01-05 07:00:00,so2,PIIANN,8.65,4.935012
2023-06-11 12:00:00,so2,PIIANN,3.255,5.775805
2021-12-09 08:00:00,so2,PIIANN,4.42,4.781154
2025-02-09 17:00:00,so2,PIIANN,3.57,4.9768825
2021-09-05 03:00:00,so2,PIIANN,5.82,4.9791718
2021-12-07 13:00:00,so2,PIIANN,3.85,4.708634
2023-09-05 16:00:00,so2,PIIANN,17.65,5.855306
2025-09-03 21:00:00,so2,PIIANN,3.1,5.382829
2024-03-08 13:00:00,so2,PIIANN,3.19,4.6326723
2025-12-06 16:00:00,so2,PIIANN,2.09,4.822151
2023-03-08 15:00:00,so2,PIIANN,3.455,4.700413
2021-02-01 18:00:00,so2,PIIANN,6.98,7.265014
2025-03-12 04:00:00,so2,PIIANN,4.94,6.6910453
2024-11-07 04:00:00,so2,PIIANN,3.05,4.71667
2021-12-03 16:00:00,so2,PIIANN,8.82,5.0178156
2023-10-09 23:00:00,so2,PIIANN,3.3099997,4.7178755
2022-12-09 06:00:00,so2,PIIANN,4.03,4.417194
2025-09-01 22:00:00,so2,PIIANN,3.86,5.6079693
2024-01-07 01:00:00,so2,PIIANN,2.8,4.644201
2025-10-12 03:00:00,so2,PIIANN,7.8,7.076024
2025-04-03 23:00:00,so2,PIIANN,4.65,4.7845554
2025-05-07 12:00:00,so2,PIIANN,2.79,4.8388915
2023-02-05 12:00:00,so2,PIIANN,15.98,4.9462123
2021-11-06 05:00:00,so2,PIIANN,4.82,4.7987676
2022-05-11 19:00:00,so2,PIIANN,2.68,6.0524507
2025-03-12 21:00:00,so2,PIIANN,6.01,6.5287213
2023-01-12 02:00:00,so2,PIIANN,5.2625,5.4148345
2021-07-03 22:00:00,so2,PIIANN,8.35,5.5561585
2024-06-03 15:00:00,so2,PIIANN,11.51,5.7070723
2021-03-12 01:00:00,so2,PIIANN,4.55,5.8536506
2022-02-11 02:00:00,so2,PIIANN,6.2,5.349187
2024-12-08 03:00:00,so2,PIIANN,3.28,4.7005744
2024-07-10 10:00:00,so2,PIIANN,3.02,4.900832
2021-08-06 22:00:00,so2,PIIANN,4.6,5.0196915
2024-09-12 10:00:00,so2,PIIANN,3.23,5.6558976
2022-03-02 15:00:00,so2,PIIANN,63.68,5.4883122
2022-12-08 09:00:00,so2,PIIANN,4.43,4.5727563
2024-02-10 09:00:00,so2,PIIANN,3.92,4.88271
2025-01-07 20:00:00,so2,PIIANN,0.85999995,4.6604323
2024-12-03 12:00:00,so2,PIIANN,9.01,5.0688863
2024-03-02 06:00:00,so2,PIIANN,3.11,4.9662642
2023-10-07 23:00:00,so2,PIIANN,3.0633335,4.761961
2023-05-06 23:00:00,so2,PIIANN,2.68,5.033797
2023-09-11 05:00:00,so2,PIIANN,4.555,6.3997507
2025-07-04 19:00:00,so2,PIIANN,5.05,5.14666
2023-04-09 05:00:00,so2,PIIANN,3.5024998,4.7619543
2022-03-10 10:00:00,so2,PIIANN,5.3,4.6211815
2024-09-12 14:00:00,so2,PIIANN,2.72,5.7524505
2023-10-02 10:00:00,so2,PIIANN,5.49,6.3229427
2023-06-02 22:00:00,so2,PIIANN,4.7,5.809551
2024-02-05 01:00:00,so2,PIIANN,5.66,5.092077
2025-03-12 12:00:00,so2,PIIANN,4.2,6.78017
2021-07-03 00:00:00,so2,PIIANN,9.45,5.4804
2023-10-12 19:00:00,so2,PIIANN,3.835,5.389996
2022-11-10 11:00:00,so2,PIIANN,6.15,4.860552
2025-09-10 21:00:00,so2,PIIANN,4.17,5.169987
2022-08-07 14:00:00,so2,PIIANN,5.4,4.9032545
2022-11-05 13:00:00,so2,PIIANN,3.0,4.923747
2021-05-08 02:00:00,so2,PIIANN,5.72,5.244101
2025-10-12 16:00:00,so2,PIIANN,6.36,7.37628
2023-06-03 17:00:00,so2,PIIANN,24.1475,6.0269895
2025-02-02 01:00:00,so2,PIIANN,3.41,5.0897593
2022-01-11 15:00:00,so2,PIIANN,8.7,5.665845
2024-12-11 14:00:00,so2,PIIANN,1.95,5.2970133
2023-09-06 05:00:00,so2,PIIANN,3.435,4.9034214
2021-03-01 16:00:00,so2,PIIANN,9.7,7.5984926
2023-04-09 17:00:00,so2,PIIANN,2.605,4.549276
2022-01-02 08:00:00,so2,PIIANN,4.62,4.992057
2024-05-02 22:00:00,so2,PIIANN,4.14,5.6276746
2021-03-09 06:00:00,so2,PIIANN,6.78,4.7916465
2024-10-03 07:00:00,so2,PIIANN,6.42,5.5597935
2025-12-06 09:00:00,so2,PIIANN,2.82,4.794987
2024-07-11 11:00:00,so2,PIIANN,2.32,5.380822
2022-09-08 17:00:00,so2,PIIANN,5.0,5.077602
2025-01-11 08:00:00,so2,PIIANN,4.38,4.698397
2023-08-12 14:00:00,so2,PIIANN,3.6975,4.9689603
2025-05-09 20:00:00,so2,PIIANN,3.16,5.669768
2023-05-03 18:00:00,so2,PIIANN,13.59,6.043822
2024-05-02 21:00:00,so2,PIIANN,4.51,5.790509
2021-06-05 16:00:00,so2,PIIANN,17.5,5.055526
2025-01-04 22:00:00,so2,PIIANN,0.56000024,4.839091
2021-07-02 07:00:00,so2,PIIANN,5.78,5.8489623
2024-10-12 19:00:00,so2,PIIANN,3.24,5.9129367
2021-11-07 00:00:00,so2,PIIANN,3.32,5.3036823
2024-07-08 15:00:00,so2,PIIANN,3.28,4.927555
2022-06-04 22:00:00,so2,PIIANN,3.9,4.9869647
2025-01-08 13:00:00,so2,PIIANN,3.03,5.057796
2024-09-12 08:00:00,so2,PIIANN,2.51,5.533397
2022-08-08 21:00:00,so2,PIIANN,4.53,4.9181995
2025-04-05 19:00:00,so2,PIIANN,5.37,5.0915003
2025-11-05 22:00:00,so2,PIIANN,7.68,5.4329567
2025-11-02 07:00:00,so2,PIIANN,2.21,5.157512
2022-06-04 02:00:00,so2,PIIANN,6.28,4.8975015
2023-12-12 23:00:00,so2,PIIANN,4.536667,5.550316
2024-03-05 03:00:00,so2,PIIANN,6.81,4.8562584
2023-12-12 21:00:00,so2,PIIANN,4.6675,5.514232
2022-07-07 05:00:00,so2,PIIANN,4.53,4.682126
2025-02-12 04:00:00,so2,PIIANN,4.24,6.599238
2023-05-07 12:00:00,so2,PIIANN,2.3399997,4.6393924
2021-12-01 17:00:00,so2,PIIANN,8.65,6.739975
2023-10-03 04:00:00,so2,PIIANN,9.5175,5.5336685
2022-04-12 11:00:00,so2,PIIANN,8.0,7.2914495
2024-02-08 20:00:00,so2,PIIANN,2.96,4.5977516
2023-03-10 02:00:00,so2,PIIANN,4.39,4.517685
2024-07-08 01:00:00,so2,PIIANN,3.1,4.8313785
2025-06-12 03:00:00,so2,PIIANN,5.26,6.1527467
2021-10-05 15:00:00,so2,PIIANN,8.82,5.099521
2021-11-04 14:00:00,so2,PIIANN,21.95,5.3194356
2024-12-08 20:00:00,so2,PIIANN,3.67,4.711761
2022-05-10 05:00:00,so2,PIIANN,5.62,4.697112
2024-06-04 04:00:00,so2,PIIANN,2.76,4.966096
2022-11-02 16:00:00,so2,PIIANN,6.9,6.727318
2024-01-12 03:00:00,so2,PIIANN,3.46,5.1827993
2022-04-11 16:00:00,so2,PIIANN,9.07,6.1725216
2022-07-04 05:00:00,so2,PIIANN,5.48,4.9315457
2022-12-10 17:00:00,so2,PIIANN,6.88,4.649683
2025-07-10 21:00:00,so2,PIIANN,4.19,5.195466
2021-02-11 14:00:00,so2,PIIANN,6.48,6.667681
2021-09-10 15:00:00,so2,PIIANN,6.3,6.568704
2025-10-11 12:00:00,so2,PIIANN,3.98,6.885693
2022-04-02 05:00:00,so2,PIIANN,5.42,4.9060807
2025-12-04 14:00:00,so2,PIIANN,7.8,5.0389504
2021-07-02 21:00:00,so2,PIIANN,5.9,5.476314
2022-02-02 01:00:00,so2,PIIANN,4.68,5.213401
2023-03-04 03:00:00,so2,PIIANN,3.7175,4.833461
2025-04-06 16:00:00,so2,PIIANN,3.2,4.953928
2021-08-09 22:00:00,so2,PIIANN,4.7,4.8481226
2025-12-09 18:00:00,so2,PIIANN,5.73,4.8349657
2023-06-03 20:00:00,so2,PIIANN,11.0825,5.6531367
2022-08-01 23:00:00,so2,PIIANN,5.33,5.7421937
2023-07-03 10:00:00,so2,PIIANN,8.2275,5.707158
2025-05-11 01:00:00,so2,PIIANN,4.96,6.644382
2025-03-12 08:00:00,so2,PIIANN,4.29,6.5837216
2022-07-04 11:00:00,so2,PIIANN,10.95,5.263273
2024-02-10 19:00:00,so2,PIIANN,5.36,5.0755224
2023-09-01 23:00:00,so2,PIIANN,3.4333334,6.5935726
2021-02-10 18:00:00,so2,PIIANN,5.55,5.0420623
2022-06-01 12:00:00,so2,PIIANN,5.3,6.835473
2023-07-05 20:00:00,so2,PIIANN,19.89,5.9193807
2024-07-03 11:00:00,so2,PIIANN,8.36,5.5976853
2025-02-03 15:00:00,so2,PIIANN,14.580001,5.2295084
2022-08-04 04:00:00,so2,PIIANN,9.9,4.9732313
2023-05-04 12:00:00,so2,PIIANN,17.7425,5.2380753
2025-06-10 00:00:00,so2,PIIANN,5.04,5.405438
2021-04-10 18:00:00,so2,PIIANN,6.9,5.827259
2022-08-06 09:00:00,so2,PIIANN,5.58,5.0837765
2025-01-12 19:00:00,so2,PIIANN,4.81,6.5410476
2025-04-10 19:00:00,so2,PIIANN,4.1,4.8958826
2023-02-12 16:00:00,so2,PIIANN,4.3675,5.2847433
2025-07-02 09:00:00,so2,PIIANN,3.82,5.827273
2025-09-10 10:00:00,so2,PIIANN,3.86,5.294556
2023-05-10 13:00:00,so2,PIIANN,2.7125,5.0459223
2022-11-08 22:00:00,so2,PIIANN,4.8,4.635933
2024-04-09 20:00:00,so2,PIIANN,3.3,4.6641226
2024-09-10 17:00:00,so2,PIIANN,4.68,5.021295
2024-01-09 23:00:00,so2,PIIANN,2.74,4.5999002
2022-08-09 11:00:00,so2,PIIANN,3.68,4.869253
2023-08-09 03:00:00,so2,PIIANN,2.9624999,4.69035
2025-07-05 14:00:00,so2,PIIANN,6.51,5.5650644
2021-07-02 19:00:00,so2,PIIANN,5.68,5.6366124
2022-07-10 11:00:00,so2,PIIANN,6.05,4.766413
2025-12-07 07:00:00,so2,PIIANN,2.1,4.648245
2022-06-05 13:00:00,so2,PIIANN,15.0199995,5.347384
2024-06-03 21:00:00,so2,PIIANN,6.05,5.488789
2025-10-11 14:00:00,so2,PIIANN,4.19,6.9093685
2022-10-12 19:00:00,so2,PIIANN,5.8,7.021012
2024-09-06 16:00:00,so2,PIIANN,6.26,5.019247
2021-08-11 06:00:00,so2,PIIANN,4.92,5.834581
2021-02-07 08:00:00,so2,PIIANN,5.18,4.6588583
2023-12-07 11:00:00,so2,PIIANN,2.7625,4.6121216
2024-08-08 15:00:00,so2,PIIANN,3.4,4.9173164
2023-10-05 09:00:00,so2,PIIANN,9.59,5.122202
2025-07-01 22:00:00,so2,PIIANN,2.82,5.579903
2023-11-12 21:00:00,so2,PIIANN,3.95,5.3497214
2025-03-09 08:00:00,so2,PIIANN,2.21,4.8104563
2025-01-11 00:00:00,so2,PIIANN,4.58,4.805263
2022-10-08 07:00:00,so2,PIIANN,4.0,4.9586754
2022-10-11 00:00:00,so2,PIIANN,7.02,4.728227
2021-06-11 02:00:00,so2,PIIANN,5.9,6.786954
2021-08-08 06:00:00,so2,PIIANN,4.28,4.920507
2024-01-02 02:00:00,so2,PIIANN,3.26,5.0598025
2023-03-06 11:00:00,so2,PIIANN,2.5625,4.9144773
2024-01-11 19:00:00,so2,PIIANN,4.58,5.1369896
2023-09-03 12:00:00,so2,PIIANN,7.1625,5.6210833
2025-11-11 03:00:00,so2,PIIANN,2.88,6.659572
2023-11-06 22:00:00,so2,PIIANN,2.7974997,4.882187
2024-06-09 20:00:00,so2,PIIANN,3.96,4.882865
2021-02-07 23:00:00,so2,PIIANN,3.72,4.685291
2024-11-11 17:00:00,so2,PIIANN,2.7,5.0386558
2023-07-10 15:00:00,so2,PIIANN,4.2325,5.307668
2021-01-05 13:00:00,so2,PIIANN,11.1,5.218701
2022-10-05 16:00:00,so2,PIIANN,1.1200001,4.76033
2023-12-02 06:00:00,so2,PIIANN,4.9725,5.1524057
2024-01-12 04:00:00,so2,PIIANN,3.15,5.081669
2021-05-11 12:00:00,so2,PIIANN,5.03,6.893117
2025-06-05 14:00:00,so2,PIIANN,5.04,5.3766255
2023-05-08 18:00:00,so2,PIIANN,3.3325,4.8671126
2023-03-13 01:00:00,so2,PIIANN,3.166145,5.849582
2025-11-06 05:00:00,so2,PIIANN,2.04,5.087814
2021-10-02 16:00:00,so2,PIIANN,13.65,7.0966315
2025-05-03 21:00:00,so2,PIIANN,8.33,5.046347
2021-02-07 12:00:00,so2,PIIANN,5.48,4.950936
2025-05-09 12:00:00,so2,PIIANN,3.17,5.547406
2025-06-12 13:00:00,so2,PIIANN,5.35,6.6924453
2024-12-08 00:00:00,so2,PIIANN,3.76,4.6075025
2021-02-04 22:00:00,so2,PIIANN,5.98,5.1447506
2021-04-12 14:00:00,so2,PIIANN,3.18,5.660291
2021-04-03 08:00:00,so2,PIIANN,14.35,6.1323404
2024-07-07 06:00:00,so2,PIIANN,3.01,4.748764
2025-08-06 14:00:00,so2,PIIANN,3.5300002,5.2969537
2022-10-01 23:00:00,so2,PIIANN,3.3,5.8210597
2021-12-03 11:00:00,so2,PIIANN,6.8,4.936777
2021-09-04 16:00:00,so2,PIIANN,6.28,5.250498
2021-08-11 18:00:00,so2,PIIANN,6.12,6.089771
2025-09-07 02:00:00,so2,PIIANN,2.27,4.701776
2023-02-11 05:00:00,so2,PIIANN,4.9575,4.9427013
2023-01-03 20:00:00,so2,PIIANN,6.195,5.4223814
2024-02-11 02:00:00,so2,PIIANN,4.42,6.2165356
2021-02-08 06:00:00,so2,PIIANN,5.8,4.9931154
2021-01-12 17:00:00,so2,PIIANN,3.65,5.822227
2022-04-05 19:00:00,so2,PIIANN,4.0,4.896516
2025-11-06 12:00:00,so2,PIIANN,1.8899999,5.0496664
2023-01-07 06:00:00,so2,PIIANN,2.6975,4.573752
2022-06-11 00:00:00,so2,PIIANN,0.87999946,4.8084736
2021-05-07 03:00:00,so2,PIIANN,4.0,4.8722043
2025-06-05 18:00:00,so2,PIIANN,5.24,5.2142544
2024-06-02 11:00:00,so2,PIIANN,3.81,5.6767592
2025-12-11 11:00:00,so2,PIIANN,3.19,7.0583243
2022-03-06 09:00:00,so2,PIIANN,5.4,4.8626614
2021-08-02 14:00:00,so2,PIIANN,4.68,6.0762887
2023-11-03 20:00:00,so2,PIIANN,10.8975,5.5551176
2022-01-08 17:00:00,so2,PIIANN,6.65,4.920857
2024-09-12 06:00:00,so2,PIIANN,2.5600002,5.5189157
2022-04-05 12:00:00,so2,PIIANN,6.85,4.8891425
2021-06-05 07:00:00,so2,PIIANN,7.6,4.738209
2021-01-07 03:00:00,so2,PIIANN,3.92,4.717413
2021-04-06 23:00:00,so2,PIIANN,4.5,4.9518194
2025-01-10 10:00:00,so2,PIIANN,4.11,4.902225
2021-06-06 09:00:00,so2,PIIANN,4.68,4.999016
2021-09-13 00:00:00,so2,PIIANN,5.007044,5.2763805
2023-01-03 03:00:00,so2,PIIANN,4.475,5.089869
2024-05-02 01:00:00,so2,PIIANN,3.84,5.6220083
2022-01-06 22:00:00,so2,PIIANN,3.85,4.930973
2022-04-12 06:00:00,so2,PIIANN,5.37,6.9093385
2023-03-03 13:00:00,so2,PIIANN,10.4125,5.8330045
2022-09-11 16:00:00,so2,PIIANN,7.32,5.867113
2024-07-09 07:00:00,so2,PIIANN,3.06,4.8332343
2025-05-11 06:00:00,so2,PIIANN,5.36,7.1123734
2021-09-02 18:00:00,so2,PIIANN,7.62,6.788013
2022-11-06 04:00:00,so2,PIIANN,7.88,4.8886476
2023-01-02 07:00:00,so2,PIIANN,6.615,6.216174
2022-08-11 12:00:00,so2,PIIANN,6.62,6.076629
2025-12-07 22:00:00,so2,PIIANN,2.04,4.8231993
2022-08-09 15:00:00,so2,PIIANN,3.1,4.9715724
2022-01-03 02:00:00,so2,PIIANN,4.88,5.3632174
2024-12-01 23:00:00,so2,PIIANN,4.43,5.9883676
2023-05-07 20:00:00,so2,PIIANN,2.5600002,4.5583572
2021-02-04 06:00:00,so2,PIIANN,8.93,5.143736
2025-01-13 02:00:00,so2,PIIANN,4.574486,6.401676
2022-08-07 05:00:00,so2,PIIANN,4.38,4.786877
2023-11-04 16:00:00,so2,PIIANN,16.52,6.149168
2024-09-04 22:00:00,so2,PIIANN,16.32,5.4612145
2025-12-11 19:00:00,so2,PIIANN,2.48,6.9262557
2024-12-06 08:00:00,so2,PIIANN,4.13,4.6585407
2022-03-05 02:00:00,so2,PIIANN,2.58,4.801652
2023-04-04 13:00:00,so2,PIIANN,3.3925002,4.679918
2024-01-10 08:00:00,so2,PIIANN,4.65,4.9252
2023-07-04 01:00:00,so2,PIIANN,4.29,5.414017
2023-11-06 13:00:00,so2,PIIANN,3.61,4.9721937
2024-12-07 15:00:00,so2,PIIANN,3.85,4.6704674
2022-04-08 03:00:00,so2,PIIANN,4.9,4.748143
2023-09-06 10:00:00,so2,PIIANN,3.94,4.9590154
2024-02-07 07:00:00,so2,PIIANN,3.3,4.7251225
2021-09-02 02:00:00,so2,PIIANN,7.3142858,5.682424
2021-01-09 08:00:00,so2,PIIANN,7.08,4.60801
2024-01-12 13:00:00,so2,PIIANN,3.18,5.2085032
2025-08-04 16:00:00,so2,PIIANN,5.5,5.151367
2022-08-09 10:00:00,so2,PIIANN,3.5,4.859308
2022-01-12 00:00:00,so2,PIIANN,8.07,5.344313
2024-04-04 02:00:00,so2,PIIANN,3.72,4.8647904
2023-07-04 17:00:00,so2,PIIANN,17.5225,6.001167
2025-06-08 18:00:00,so2,PIIANN,2.62,4.94515
2025-12-01 10:00:00,so2,PIIANN,3.36,6.110652
2023-05-05 00:00:00,so2,PIIANN,8.915,5.0045733
2024-05-07 00:00:00,so2,PIIANN,3.4199998,4.8920417
2023-03-11 01:00:00,so2,PIIANN,3.4199998,5.195501
2022-03-10 14:00:00,so2,PIIANN,5.72,4.6610065
2023-10-03 10:00:00,so2,PIIANN,13.29,5.7190294
2021-04-12 03:00:00,so2,PIIANN,3.05,5.8980794
2025-11-10 12:00:00,so2,PIIANN,3.47,5.1677613
2021-02-03 04:00:00,so2,PIIANN,7.65,5.182591
2021-05-05 21:00:00,so2,PIIANN,5.95,5.10889
2022-09-03 18:00:00,so2,PIIANN,10.3,6.3993435
2022-12-05 17:00:00,so2,PIIANN,5.4,5.1886225
2025-12-05 16:00:00,so2,PIIANN,8.57,5.60873
2021-01-04 15:00:00,so2,PIIANN,29.4,5.882864
2021-09-05 05:00:00,so2,PIIANN,6.28,4.8242364
2025-08-06 19:00:00,so2,PIIANN,2.48,5.3697944
2021-02-10 12:00:00,so2,PIIANN,13.08,4.9611983
2023-01-09 14:00:00,so2,PIIANN,4.44,5.2860756
2022-11-04 20:00:00,so2,PIIANN,6.32,4.948601
2021-08-11 01:00:00,so2,PIIANN,5.22,6.5305505
2021-04-09 13:00:00,so2,PIIANN,8.22,5.0370445
2022-03-09 06:00:00,so2,PIIANN,5.0,4.6234837
2022-03-10 04:00:00,so2,PIIANN,6.57,4.734773
2024-07-06 17:00:00,so2,PIIANN,6.01,5.0728073
2022-08-04 09:00:00,so2,PIIANN,15.5,5.0275702
2021-12-09 20:00:00,so2,PIIANN,4.75,4.7988977
2025-04-05 08:00:00,so2,PIIANN,5.97,5.0041194
2022-03-08 14:00:00,so2,PIIANN,4.28,4.7812047
2023-10-02 11:00:00,so2,PIIANN,15.6,6.393836
2025-12-10 00:00:00,so2,PIIANN,4.23,4.860316
2022-09-07 19:00:00,so2,PIIANN,3.9,4.7730064
2022-11-08 07:00:00,so2,PIIANN,4.5,4.4741025
2022-11-11 15:00:00,so2,PIIANN,7.2,5.957796
2023-02-05 14:00:00,so2,PIIANN,29.36,5.2012925
2024-11-04 21:00:00,so2,PIIANN,11.58,5.473191
2025-09-02 19:00:00,so2,PIIANN,4.48,6.1140065
2023-09-06 21:00:00,so2,PIIANN,3.065,4.7498336
2023-11-08 04:00:00,so2,PIIANN,3.175,5.1178203
2022-03-06 13:00:00,so2,PIIANN,13.32,5.105024
2024-06-09 15:00:00,so2,PIIANN,4.12,4.9600763
2022-11-07 11:00:00,so2,PIIANN,3.72,4.7496533
2021-12-11 19:00:00,so2,PIIANN,4.25,5.025979
2022-06-05 12:00:00,so2,PIIANN,16.98,5.303999
2022-10-09 03:00:00,so2,PIIANN,4.62,4.8164315
2025-06-04 13:00:00,so2,PIIANN,24.01,5.496811
2023-10-08 23:00:00,so2,PIIANN,4.2466664,5.1075387
2022-02-11 23:00:00,so2,PIIANN,8.33,5.475942
2023-08-05 14:00:00,so2,PIIANN,31.765,5.6688337
2021-04-10 00:00:00,so2,PIIANN,4.88,4.8753886
2024-09-05 10:00:00,so2,PIIANN,4.11,4.650354
2024-09-12 09:00:00,so2,PIIANN,2.84,5.617425
2021-11-12 19:00:00,so2,PIIANN,4.4,6.2760587
2024-03-12 13:00:00,so2,PIIANN,4.41,5.7484727
2024-08-02 21:00:00,so2,PIIANN,4.39,5.4823203
2024-06-11 00:00:00,so2,PIIANN,3.35,5.073656
2021-09-08 14:00:00,so2,PIIANN,5.03,5.0741844
2025-04-09 22:00:00,so2,PIIANN,4.1,5.1182046
2022-07-09 15:00:00,so2,PIIANN,2.85,5.0930815
2021-03-07 14:00:00,so2,PIIANN,5.5,4.949721
2025-12-08 17:00:00,so2,PIIANN,3.72,4.9007897
2025-07-12 01:00:00,so2,PIIANN,6.8,6.671483
2024-11-08 19:00:00,so2,PIIANN,4.06,4.748771
2023-08-10 18:00:00,so2,PIIANN,2.3,5.0937
2025-07-06 02:00:00,so2,PIIANN,2.37,5.261396
2023-12-02 04:00:00,so2,PIIANN,5.765,5.127064
2022-02-03 12:00:00,so2,PIIANN,7.2,5.77621
2021-11-05 03:00:00,so2,PIIANN,6.78,4.7182865
2023-05-11 17:00:00,so2,PIIANN,3.4775,5.5046186
2023-03-12 10:00:00,so2,PIIANN,4.635,5.5236716
2025-04-07 10:00:00,so2,PIIANN,2.17,4.69178
2021-06-09 02:00:00,so2,PIIANN,4.28,4.726046
2024-07-03 20:00:00,so2,PIIANN,5.69,5.462624
2023-02-10 12:00:00,so2,PIIANN,4.7975,4.503049
2024-07-04 16:00:00,so2,PIIANN,6.48,5.091613
2022-04-04 05:00:00,so2,PIIANN,15.1,4.858568
2021-05-08 20:00:00,so2,PIIANN,3.68,4.936017
2025-12-02 17:00:00,so2,PIIANN,3.71,5.219446
2021-02-09 08:00:00,so2,PIIANN,4.07,4.82843
2023-08-04 05:00:00,so2,PIIANN,4.02,5.282711
2025-12-03 18:00:00,so2,PIIANN,6.66,5.721497
2022-12-06 20:00:00,so2,PIIANN,4.4,4.9382153
2021-04-07 07:00:00,so2,PIIANN,3.85,4.7705073
2022-02-02 15:00:00,so2,PIIANN,13.2,5.634817
2025-11-08 02:00:00,so2,PIIANN,2.82,4.8246884
2025-11-10 04:00:00,so2,PIIANN,4.23,5.084496
2025-09-10 06:00:00,so2,PIIANN,3.97,5.0992494
2023-10-07 05:00:00,so2,PIIANN,3.635,4.6963553
2021-11-01 21:00:00,so2,PIIANN,7.42,6.2813964
2024-07-03 13:00:00,so2,PIIANN,5.63,5.7060204
2022-06-09 01:00:00,so2,PIIANN,4.53,4.9919996
2022-08-02 11:00:00,so2,PIIANN,22.92,5.44778
2022-12-04 21:00:00,so2,PIIANN,4.25,4.8951178
2021-12-01 23:00:00,so2,PIIANN,5.3,6.301859
2025-09-05 14:00:00,so2,PIIANN,4.75,5.605548
2023-04-11 13:00:00,so2,PIIANN,3.1325,5.301387
2023-03-03 04:00:00,so2,PIIANN,6.19,5.1300454
2025-03-10 17:00:00,so2,PIIANN,4.26,4.6988597
2022-06-02 02:00:00,so2,PIIANN,5.28,5.4058957
2022-03-02 11:00:00,so2,PIIANN,14.25,5.295431
2021-01-12 08:00:00,so2,PIIANN,5.0,5.943193
2025-10-02 21:00:00,so2,PIIANN,3.68,5.5174403
2025-02-11 13:00:00,so2,PIIANN,5.02,5.0862436
2024-05-10 04:00:00,so2,PIIANN,3.82,4.7713237
2024-05-01 11:00:00,so2,PIIANN,4.11,6.5021443
2025-06-05 21:00:00,so2,PIIANN,5.08,5.1540356
2024-06-12 04:00:00,so2,PIIANN,2.96,5.52862
2023-03-03 11:00:00,so2,PIIANN,17.085,5.6901207
2022-12-05 03:00:00,so2,PIIANN,4.78,4.8019056
2025-08-13 00:00:00,so2,PIIANN,7.48884,7.249163
2023-04-12 23:00:00,so2,PIIANN,4.403333,5.385717
2024-01-12 05:00:00,so2,PIIANN,3.44,4.977469
2022-09-03 08:00:00,so2,PIIANN,11.15,6.142044
2023-12-12 11:00:00,so2,PIIANN,5.23,5.979234
2025-07-03 11:00:00,so2,PIIANN,32.09,5.2371626
2022-11-05 03:00:00,so2,PIIANN,2.92,5.0448174
2022-03-04 00:00:00,so2,PIIANN,5.68,5.5566087
2021-07-06 13:00:00,so2,PIIANN,4.2,5.081839
2023-04-03 12:00:00,so2,PIIANN,20.4475,5.9229803
2023-05-03 02:00:00,so2,PIIANN,7.8825,5.7526555
2023-03-07 14:00:00,so2,PIIANN,3.575,4.7090654
2025-07-05 00:00:00,so2,PIIANN,5.07,5.0184927
2023-06-02 20:00:00,so2,PIIANN,6.2675,6.2580957
2025-01-03 04:00:00,so2,PIIANN,3.3,4.936404
2024-09-02 12:00:00,so2,PIIANN,6.03,5.782494
2021-06-01 17:00:00,so2,PIIANN,9.1,7.4942937
2024-11-04 22:00:00,so2,PIIANN,10.46,5.37513
2022-03-09 22:00:00,so2,PIIANN,6.28,4.620154
2021-06-07 22:00:00,so2,PIIANN,3.55,5.2144957
2024-02-01 20:00:00,so2,PIIANN,3.71,6.118593
2023-10-10 10:00:00,so2,PIIANN,3.2650003,5.445096
2023-10-02 06:00:00,so2,PIIANN,6.4675,5.9268894
2022-01-04 20:00:00,so2,PIIANN,4.68,4.955175
2024-04-01 22:00:00,so2,PIIANN,6.26,6.000047
2023-05-12 13:00:00,so2,PIIANN,4.3775,5.4872823
2022-01-10 17:00:00,so2,PIIANN,6.25,5.1420946
2025-02-08 13:00:00,so2,PIIANN,2.33,4.913493
2025-11-11 20:00:00,so2,PIIANN,4.28,6.687982
2024-07-04 04:00:00,so2,PIIANN,2.61,4.9403286
2022-06-12 22:00:00,so2,PIIANN,4.25,6.63166
2023-06-12 02:00:00,so2,PIIANN,5.59,5.323462
2023-03-12 08:00:00,so2,PIIANN,3.2075,5.389234
2023-08-03 21:00:00,so2,PIIANN,15.8,5.953744
2021-06-08 21:00:00,so2,PIIANN,4.1,4.927672
2021-03-03 22:00:00,so2,PIIANN,8.72,5.609107
2025-09-06 20:00:00,so2,PIIANN,2.71,5.371695
2025-05-08 19:00:00,so2,PIIANN,2.42,4.8750997
2023-06-10 05:00:00,so2,PIIANN,3.1475,5.0479755
2022-02-10 18:00:00,so2,PIIANN,6.15,4.620644
2022-06-03 17:00:00,so2,PIIANN,11.0,6.1934752
2023-08-09 21:00:00,so2,PIIANN,3.5575,4.6676207
2024-10-12 04:00:00,so2,PIIANN,2.76,5.6514406
2024-02-08 12:00:00,so2,PIIANN,3.79,4.5921383
2025-03-09 11:00:00,so2,PIIANN,2.71,4.8175125
2023-08-10 15:00:00,so2,PIIANN,5.1075,5.239687
2021-02-02 09:00:00,so2,PIIANN,9.1,7.11387
2021-01-06 03:00:00,so2,PIIANN,4.97,4.767466
2025-03-07 11:00:00,so2,PIIANN,2.69,4.596393
2021-04-07 04:00:00,so2,PIIANN,4.0,4.829212
2025-04-06 11:00:00,so2,PIIANN,8.1,5.1715136
2023-07-07 12:00:00,so2,PIIANN,3.2075,4.658946
2025-12-03 03:00:00,so2,PIIANN,2.59,5.2239065
2024-05-10 06:00:00,so2,PIIANN,3.41,4.8028536
2022-09-07 21:00:00,so2,PIIANN,4.25,4.816206
2023-03-04 16:00:00,so2,PIIANN,26.36,5.341038
2023-09-04 05:00:00,so2,PIIANN,22.405,5.222409
2021-11-07 18:00:00,so2,PIIANN,3.32,4.814335
2021-11-10 23:00:00,so2,PIIANN,5.9,6.680289
2025-02-01 23:00:00,so2,PIIANN,3.9,5.33752
2023-04-05 11:00:00,so2,PIIANN,4.8975,5.005476
2024-01-11 05:00:00,so2,PIIANN,3.62,5.116577
2021-03-05 01:00:00,so2,PIIANN,8.48,4.9655113
2024-05-02 03:00:00,so2,PIIANN,3.69,5.629346
2021-10-05 08:00:00,so2,PIIANN,6.85,4.7526517
2021-08-05 15:00:00,so2,PIIANN,8.8,5.060237
2025-08-07 16:00:00,so2,PIIANN,2.62,4.7042522
2021-09-10 13:00:00,so2,PIIANN,5.12,6.45838
2023-07-09 08:00:00,so2,PIIANN,3.3175,4.646678
2025-03-03 12:00:00,so2,PIIANN,5.72,4.979504
2024-01-12 00:00:00,so2,PIIANN,2.36,5.722188
2021-08-01 16:00:00,so2,PIIANN,11.28,7.189207
2022-01-11 20:00:00,so2,PIIANN,9.95,5.4711485
2023-07-12 12:00:00,so2,PIIANN,3.9475,5.0023575
2024-11-08 14:00:00,so2,PIIANN,4.23,4.686234
2023-12-07 12:00:00,so2,PIIANN,2.72,4.588525
2023-10-03 01:00:00,so2,PIIANN,5.5825,5.255789
2025-07-09 12:00:00,so2,PIIANN,2.62,5.190962
2023-01-02 08:00:00,so2,PIIANN,6.2925,6.166819
2025-05-05 10:00:00,so2,PIIANN,5.36,5.016551
2025-07-11 14:00:00,so2,PIIANN,6.21,6.798211
2023-11-09 14:00:00,so2,PIIANN,2.985,4.69373
2021-09-09 04:00:00,so2,PIIANN,4.28,4.782637
2023-05-01 12:00:00,so2,PIIANN,14.97,6.2523737
2023-02-09 04:00:00,so2,PIIANN,3.56,5.1301847
2024-10-02 08:00:00,so2,PIIANN,4.86,5.7483587
2022-03-06 12:00:00,so2,PIIANN,12.35,5.0539174
2025-08-11 02:00:00,so2,PIIANN,4.73,6.402519
2023-04-05 22:00:00,so2,PIIANN,10.2925,5.001803
2023-07-01 19:00:00,so2,PIIANN,4.055,6.588326
2025-07-05 01:00:00,so2,PIIANN,8.27,5.2078505
2024-06-11 13:00:00,so2,PIIANN,2.6,5.3487153
2025-05-11 18:00:00,so2,PIIANN,4.51,7.3565145
2023-12-12 08:00:00,so2,PIIANN,4.185,5.8224106
2023-11-03 00:00:00,so2,PIIANN,5.695,5.271787
2023-02-02 20:00:00,so2,PIIANN,4.7225,5.5667295
2023-03-04 01:00:00,so2,PIIANN,4.79,4.7436438
2021-04-11 19:00:00,so2,PIIANN,14.82,6.6012573
2023-12-10 09:00:00,so2,PIIANN,3.2775,5.441506
2023-09-07 15:00:00,so2,PIIANN,4.0875,4.7644405
2021-12-11 03:00:00,so2,PIIANN,3.22,5.7526913
2021-07-06 17:00:00,so2,PIIANN,4.62,5.267251
2024-04-03 08:00:00,so2,PIIANN,4.08,5.43773
2023-11-04 17:00:00,so2,PIIANN,11.21,6.133714
2023-03-11 22:00:00,so2,PIIANN,4.72,5.52283
2023-05-07 01:00:00,so2,PIIANN,3.0575,4.5023227
2024-04-12 12:00:00,so2,PIIANN,3.38,6.0974336
2024-09-10 15:00:00,so2,PIIANN,4.68,5.0888586
2025-09-03 18:00:00,so2,PIIANN,3.47,5.51022
2023-10-07 14:00:00,so2,PIIANN,4.16,4.823524
2022-07-06 08:00:00,so2,PIIANN,6.12,5.0845013
2022-03-04 07:00:00,so2,PIIANN,4.95,4.765206
2025-04-10 15:00:00,so2,PIIANN,5.23,5.0060143
2024-08-01 13:00:00,so2,PIIANN,6.05,6.800393
2021-08-05 18:00:00,so2,PIIANN,8.57,5.043735
2024-03-04 15:00:00,so2,PIIANN,12.609999,5.7132215
2024-03-09 20:00:00,so2,PIIANN,4.39,4.667042
2025-09-06 13:00:00,so2,PIIANN,2.1199996,5.376523
2023-08-01 22:00:00,so2,PIIANN,2.6575,7.0736837
2024-12-05 05:00:00,so2,PIIANN,4.02,4.6467037
2023-08-11 08:00:00,so2,PIIANN,3.5300002,6.161706
2021-02-04 10:00:00,so2,PIIANN,10.12,5.4074078
2025-01-10 02:00:00,so2,PIIANN,4.18,5.056392
2022-10-01 11:00:00,so2,PIIANN,7.85,6.012679
2021-05-07 17:00:00,so2,PIIANN,4.7,5.0821466
2025-08-08 00:00:00,so2,PIIANN,2.74,4.780545
2025-10-05 10:00:00,so2,PIIANN,7.32,5.530836
2023-03-05 12:00:00,so2,PIIANN,5.8175,4.747643
2022-04-11 09:00:00,so2,PIIANN,8.2,5.816148
2024-12-10 22:00:00,so2,PIIANN,3.4199998,4.7858324
2022-09-04 13:00:00,so2,PIIANN,10.98,5.24306
2024-12-09 10:00:00,so2,PIIANN,4.38,5.1331897
2023-11-07 17:00:00,so2,PIIANN,2.8625,4.66228
2022-11-11 00:00:00,so2,PIIANN,5.62,4.6773806
2024-03-10 19:00:00,so2,PIIANN,3.79,4.8786426
2024-07-02 11:00:00,so2,PIIANN,4.11,6.2243347
2024-08-01 09:00:00,so2,PIIANN,4.36,6.6129694
2022-06-01 20:00:00,so2,PIIANN,5.52,6.892236
2025-01-01 17:00:00,so2,PIIANN,3.99,5.479045
2025-12-05 12:00:00,so2,PIIANN,6.94,5.549219
2022-09-05 19:00:00,so2,PIIANN,3.5,4.888002
2022-05-08 05:00:00,so2,PIIANN,3.52,4.6226788
2022-04-08 19:00:00,so2,PIIANN,3.58,4.706432
2024-02-13 02:00:00,so2,PIIANN,2.7689488,5.8319054
2022-05-11 15:00:00,so2,PIIANN,1.8299999,6.412931
2023-01-03 02:00:00,so2,PIIANN,4.5225,5.214186
2021-12-01 13:00:00,so2,PIIANN,7.82,6.7248464
2025-12-04 15:00:00,so2,PIIANN,8.68,5.2505074
2024-02-09 07:00:00,so2,PIIANN,3.59,4.6513586
2025-09-08 01:00:00,so2,PIIANN,3.26,4.977213
2022-05-03 17:00:00,so2,PIIANN,18.82,6.5887713
2023-10-06 04:00:00,so2,PIIANN,2.6775,4.786159
2023-12-02 17:00:00,so2,PIIANN,9.4325,5.613653
2023-01-12 21:00:00,so2,PIIANN,4.9825,5.2269793
2025-04-05 16:00:00,so2,PIIANN,4.59,5.1793303
2022-02-10 14:00:00,so2,PIIANN,6.1,4.7907677
2023-06-08 17:00:00,so2,PIIANN,3.745,4.7510796
2025-07-10 09:00:00,so2,PIIANN,5.39,5.2486367
2023-06-06 01:00:00,so2,PIIANN,2.8075,5.331552
2023-03-06 15:00:00,so2,PIIANN,3.0625,5.043695
2021-04-01 12:00:00,so2,PIIANN,32.08,7.46139
2021-12-09 00:00:00,so2,PIIANN,4.18,4.973917
2021-12-05 02:00:00,so2,PIIANN,5.45,4.5110474
2022-07-06 05:00:00,so2,PIIANN,3.65,5.0510707
2024-05-10 20:00:00,so2,PIIANN,4.6,4.8788486
2025-12-07 19:00:00,so2,PIIANN,2.28,4.72269
2025-10-10 17:00:00,so2,PIIANN,3.76,5.2268705
2021-12-06 11:00:00,so2,PIIANN,4.65,4.711521
2021-05-05 10:00:00,so2,PIIANN,6.57,4.899022
2023-07-07 06:00:00,so2,PIIANN,3.2125,4.606212
2024-01-01 12:00:00,so2,PIIANN,4.4,6.120774
2025-03-03 20:00:00,so2,PIIANN,8.86,4.892994
2021-06-02 13:00:00,so2,PIIANN,16.73,7.2852483
2023-06-04 23:00:00,so2,PIIANN,7.556667,5.4804893
2022-02-10 12:00:00,so2,PIIANN,8.18,4.865666
2025-07-04 14:00:00,so2,PIIANN,6.18,5.1796427
2025-02-06 18:00:00,so2,PIIANN,7.23,5.552218
2025-06-07 14:00:00,so2,PIIANN,2.4,4.774359
2025-06-04 19:00:00,so2,PIIANN,4.51,5.323606
2025-07-05 23:00:00,so2,PIIANN,5.67,5.515483
2025-05-11 08:00:00,so2,PIIANN,5.36,7.2928247
2021-01-10 22:00:00,so2,PIIANN,5.43,5.137639
2023-06-02 21:00:00,so2,PIIANN,4.8525,6.0972443
2023-04-04 14:00:00,so2,PIIANN,0.82,4.7120333
2025-11-03 12:00:00,so2,PIIANN,7.6,5.793156
2025-08-12 10:00:00,so2,PIIANN,5.67,6.9406137
2025-01-05 18:00:00,so2,PIIANN,5.12,5.0635176
2024-04-05 23:00:00,so2,PIIANN,3.18,4.7950253
2024-06-09 05:00:00,so2,PIIANN,3.32,5.0092425
2023-07-02 08:00:00,so2,PIIANN,4.6425,5.4108176
2025-01-04 23:00:00,so2,PIIANN,0.43999985,4.828641
2024-04-08 03:00:00,so2,PIIANN,3.2,4.5927925
2021-08-13 01:00:00,so2,PIIANN,5.287965,5.5211005
2023-05-04 11:00:00,so2,PIIANN,17.3075,5.161777
2025-08-12 21:00:00,so2,PIIANN,7.88,7.2158375
2024-03-06 08:00:00,so2,PIIANN,5.86,4.8096895
2025-12-05 14:00:00,so2,PIIANN,8.55,5.673395
2021-07-04 14:00:00,so2,PIIANN,5.5,5.3289504
2025-08-10 23:00:00,so2,PIIANN,4.19,5.1056876
2021-04-01 17:00:00,so2,PIIANN,8.85,7.4913063
2022-10-03 18:00:00,so2,PIIANN,13.92,6.6262207
2022-05-06 23:00:00,so2,PIIANN,3.2,5.1224585
2021-12-08 21:00:00,so2,PIIANN,3.92,4.8131166
2024-10-04 23:00:00,so2,PIIANN,11.51,5.372779
2024-11-10 03:00:00,so2,PIIANN,3.3,4.765832
2023-11-08 21:00:00,so2,PIIANN,3.52,4.76892
2022-12-04 16:00:00,so2,PIIANN,7.3,5.028447
2025-07-02 14:00:00,so2,PIIANN,5.53,6.041005
2023-08-06 21:00:00,so2,PIIANN,2.7375,5.029091
2023-05-11 01:00:00,so2,PIIANN,4.5075,5.040399
2024-09-07 06:00:00,so2,PIIANN,3.09,4.693606
2023-02-01 11:00:00,so2,PIIANN,3.645,5.87618
2024-06-12 06:00:00,so2,PIIANN,3.2100003,5.561997
2023-11-08 14:00:00,so2,PIIANN,5.06,5.005291
2021-03-07 00:00:00,so2,PIIANN,3.35,4.8419876
2021-06-09 20:00:00,so2,PIIANN,4.03,4.8387675
2024-02-02 19:00:00,so2,PIIANN,6.36,5.3547115
2024-06-11 16:00:00,so2,PIIANN,3.36,5.3826513
2025-11-03 05:00:00,so2,PIIANN,4.2,5.473283
2025-01-07 05:00:00,so2,PIIANN,2.5600002,4.6380134
2023-03-03 17:00:00,so2,PIIANN,12.7375,5.8610787
2024-01-09 10:00:00,so2,PIIANN,3.32,4.6869183
2025-10-11 05:00:00,so2,PIIANN,3.62,6.3798313
2023-08-12 07:00:00,so2,PIIANN,3.95,4.9880266
2025-02-08 05:00:00,so2,PIIANN,2.23,4.859105
2024-11-09 07:00:00,so2,PIIANN,3.08,4.622376
2021-04-01 10:00:00,so2,PIIANN,6.88,7.306085
2025-05-07 22:00:00,so2,PIIANN,2.25,4.8458304
2022-11-12 18:00:00,so2,PIIANN,5.03,7.167979
2022-06-12 17:00:00,so2,PIIANN,8.04,7.076175
2023-10-10 06:00:00,so2,PIIANN,2.8775,5.287827
2022-07-09 10:00:00,so2,PIIANN,4.82,5.1046968
2022-04-08 05:00:00,so2,PIIANN,4.87,4.8576274
2021-03-04 14:00:00,so2,PIIANN,15.48,5.358344
2025-11-03 09:00:00,so2,PIIANN,3.96,5.5325766
2025-10-01 10:00:00,so2,PIIANN,11.49,5.748167
2022-12-02 09:00:00,so2,PIIANN,7.95,5.8611884
2022-09-09 05:00:00,so2,PIIANN,3.28,4.891376
2025-04-12 10:00:00,so2,PIIANN,5.11,7.0999055
2022-08-04 08:00:00,so2,PIIANN,7.0,4.9843197
2024-11-12 09:00:00,so2,PIIANN,3.06,5.6037188
2022-11-03 08:00:00,so2,PIIANN,11.23,6.2580743
2023-06-10 04:00:00,so2,PIIANN,3.76,4.94231
2025-03-06 02:00:00,so2,PIIANN,7.5,5.506494
2025-12-06 20:00:00,so2,PIIANN,2.38,4.753378
2021-12-07 22:00:00,so2,PIIANN,3.8,4.6142073
2024-01-11 13:00:00,so2,PIIANN,3.19,5.328014
2023-07-12 14:00:00,so2,PIIANN,3.8975,4.9991465
2024-01-04 13:00:00,so2,PIIANN,13.87,5.4930673
2022-10-08 23:00:00,so2,PIIANN,5.83,4.836161
2021-04-10 12:00:00,so2,PIIANN,4.85,5.6877985
2023-06-08 12:00:00,so2,PIIANN,3.1625,4.832589
2023-01-05 21:00:00,so2,PIIANN,7.515,4.863698
2023-06-03 13:00:00,so2,PIIANN,16.955,5.971662
2021-09-07 12:00:00,so2,PIIANN,0.20000009,4.9721947
2023-11-08 03:00:00,so2,PIIANN,3.1425,5.1612344
2024-07-01 10:00:00,so2,PIIANN,4.48,6.596394
2023-04-11 02:00:00,so2,PIIANN,3.72,5.349754
2025-06-06 13:00:00,so2,PIIANN,2.27,5.097051
2022-07-07 03:00:00,so2,PIIANN,4.0,4.734013
2022-01-04 02:00:00,so2,PIIANN,8.6,4.785392
2025-11-02 00:00:00,so2,PIIANN,2.91,6.0228467
2022-06-10 02:00:00,so2,PIIANN,5.52,4.7646375
2022-03-01 20:00:00,so2,PIIANN,8.05,5.7998147
2023-06-06 02:00:00,so2,PIIANN,2.73,5.297559
2024-07-07 05:00:00,so2,PIIANN,3.02,4.7603455
2025-03-09 23:00:00,so2,PIIANN,2.63,4.8144445
2022-02-05 19:00:00,so2,PIIANN,3.08,4.812479
2024-08-10 11:00:00,so2,PIIANN,4.54,4.9407372
2024-10-06 14:00:00,so2,PIIANN,5.54,4.9569063
2024-10-08 18:00:00,so2,PIIANN,3.96,4.6640577
2022-07-12 03:00:00,so2,PIIANN,5.46,6.791247
2023-01-06 20:00:00,so2,PIIANN,3.7275,5.061473
2022-05-12 15:00:00,so2,PIIANN,10.43,7.3790236
2023-06-04 21:00:00,so2,PIIANN,19.4325,5.5669346
2025-05-06 18:00:00,so2,PIIANN,2.51,4.8879247
2022-01-03 17:00:00,so2,PIIANN,11.549999,5.8163896
2025-05-04 12:00:00,so2,PIIANN,13.79,5.53653
2024-11-12 23:00:00,so2,PIIANN,5.28,5.540415
2023-08-05 03:00:00,so2,PIIANN,5.99,5.126519
2025-09-12 18:00:00,so2,PIIANN,7.1,7.4848413
2023-11-06 21:00:00,so2,PIIANN,3.2025,4.903776
2021-09-04 12:00:00,so2,PIIANN,7.75,5.258824
2021-02-05 07:00:00,so2,PIIANN,9.43,4.8350077
2023-01-08 18:00:00,so2,PIIANN,2.425,5.1160026
2024-08-12 14:00:00,so2,PIIANN,6.47,5.925556
2022-02-04 08:00:00,so2,PIIANN,6.72,4.8642907
2024-02-03 18:00:00,so2,PIIANN,13.86,5.67656
2021-08-08 13:00:00,so2,PIIANN,5.65,5.048918
2025-08-03 22:00:00,so2,PIIANN,4.49,5.670955
2025-08-01 09:00:00,so2,PIIANN,2.66,5.7827926
2025-06-12 02:00:00,so2,PIIANN,5.37,6.147704
2022-08-10 04:00:00,so2,PIIANN,5.78,5.1632314
2023-05-11 02:00:00,so2,PIIANN,4.32,5.0625005
2023-05-10 08:00:00,so2,PIIANN,3.0625,4.810404
2022-07-11 08:00:00,so2,PIIANN,0.57000047,5.5333295
2021-07-04 10:00:00,so2,PIIANN,5.98,5.272141
2023-05-10 00:00:00,so2,PIIANN,3.025,4.671497
2023-04-05 09:00:00,so2,PIIANN,5.1875,4.9197764
2021-11-12 11:00:00,so2,PIIANN,6.1,6.2141166
2025-10-09 05:00:00,so2,PIIANN,4.71,4.982143
2023-07-04 00:00:00,so2,PIIANN,6.2825,5.5357904
2023-10-10 20:00:00,so2,PIIANN,4.5925,5.329263
2021-02-06 10:00:00,so2,PIIANN,1.05,4.8370686
2025-02-07 03:00:00,so2,PIIANN,1.99,4.657468
2024-03-08 21:00:00,so2,PIIANN,3.85,4.587963
2025-05-09 02:00:00,so2,PIIANN,3.32,5.5211883
2023-09-12 15:00:00,so2,PIIANN,3.8225,5.395326
2025-09-11 05:00:00,so2,PIIANN,3.72,5.9629846
2023-01-09 00:00:00,so2,PIIANN,3.39,5.054181
2022-10-10 18:00:00,so2,PIIANN,5.5,4.8655887
2021-03-06 15:00:00,so2,PIIANN,4.72,4.9198074
2025-08-03 23:00:00,so2,PIIANN,4.13,5.5579305
2023-08-01 09:00:00,so2,PIIANN,4.0775,7.2226915
2023-05-02 01:00:00,so2,PIIANN,4.455,6.657381
2021-04-10 21:00:00,so2,PIIANN,4.55,5.9573154
2022-03-12 03:00:00,so2,PIIANN,5.61,6.6262507
2022-08-02 23:00:00,so2,PIIANN,5.37,5.622227
2021-07-02 08:00:00,so2,PIIANN,6.78,5.707273
2023-10-11 19:00:00,so2,PIIANN,4.7575,6.7829247
2022-12-06 03:00:00,so2,PIIANN,5.28,4.9441543
2022-08-03 05:00:00,so2,PIIANN,6.93,6.1444263
2023-09-12 09:00:00,so2,PIIANN,4.305,5.2256136
2021-04-13 00:00:00,so2,PIIANN,4.4118247,5.334815
2023-07-07 00:00:00,so2,PIIANN,2.8125,5.058072
2024-01-01 20:00:00,so2,PIIANN,4.92,6.071922
2022-11-09 22:00:00,so2,PIIANN,2.72,4.610931
2025-09-08 23:00:00,so2,PIIANN,2.44,4.8959174
2021-06-08 05:00:00,so2,PIIANN,4.03,4.964006
2023-06-04 10:00:00,so2,PIIANN,28.1875,5.7292657
2025-12-06 23:00:00,so2,PIIANN,1.96,4.778795
2024-07-03 21:00:00,so2,PIIANN,4.93,5.4508615
2025-12-11 15:00:00,so2,PIIANN,5.935,7.0371323
2023-05-01 20:00:00,so2,PIIANN,2.915,6.5330763
2021-11-06 11:00:00,so2,PIIANN,4.65,4.9028845
2025-10-10 14:00:00,so2,PIIANN,4.19,5.3346868
2021-12-03 03:00:00,so2,PIIANN,4.18,4.9203176
2025-05-02 21:00:00,so2,PIIANN,5.68,6.1409335
2022-11-03 14:00:00,so2,PIIANN,8.85,6.6501575
2022-02-04 13:00:00,so2,PIIANN,6.45,5.142617
2025-09-12 19:00:00,so2,PIIANN,7.63,7.444322
2024-04-08 07:00:00,so2,PIIANN,4.16,4.609244
2025-12-11 12:00:00,so2,PIIANN,4.34,7.0603375
2021-10-08 03:00:00,so2,PIIANN,2.85,4.8679085
2022-02-07 07:00:00,so2,PIIANN,4.75,4.6074953
2021-04-04 23:00:00,so2,PIIANN,4.82,5.200213
2021-02-05 08:00:00,so2,PIIANN,12.9,4.888484
2024-06-03 14:00:00,so2,PIIANN,10.779999,5.7126737
2023-07-04 03:00:00,so2,PIIANN,2.1199996,5.437284
2021-01-04 09:00:00,so2,PIIANN,11.7,5.258297
2025-04-07 20:00:00,so2,PIIANN,2.4499998,4.668398
2021-10-09 18:00:00,so2,PIIANN,5.03,5.018595
2025-12-11 06:00:00,so2,PIIANN,4.18,6.614247
2024-03-07 14:00:00,so2,PIIANN,3.74,4.5959454
2022-08-09 05:00:00,so2,PIIANN,5.55,4.8756633
2024-05-03 09:00:00,so2,PIIANN,8.2,5.3589134
2022-06-11 09:00:00,so2,PIIANN,1.3300002,5.75895
2025-09-01 12:00:00,so2,PIIANN,3.52,5.4754643
2024-03-09 11:00:00,so2,PIIANN,4.41,4.718402
2024-04-02 00:00:00,so2,PIIANN,3.94,5.974801
2023-08-05 13:00:00,so2,PIIANN,29.44,5.627047
2024-11-11 05:00:00,so2,PIIANN,3.14,5.0557404
2021-02-06 17:00:00,so2,PIIANN,4.55,4.8548174
2023-01-06 12:00:00,so2,PIIANN,6.3675,5.055581
2023-08-12 03:00:00,so2,PIIANN,4.5675,4.967246
2021-04-12 07:00:00,so2,PIIANN,2.48,5.6046166
2022-11-02 02:00:00,so2,PIIANN,5.62,5.501588
2023-05-01 17:00:00,so2,PIIANN,6.5425,6.440656
2025-05-07 13:00:00,so2,PIIANN,3.45,4.8308253
2023-06-08 14:00:00,so2,PIIANN,3.44,4.8092704
2022-11-07 23:00:00,so2,PIIANN,5.6,4.807508
2024-02-09 16:00:00,so2,PIIANN,3.92,4.7484097
2022-10-11 13:00:00,so2,PIIANN,6.38,5.8224535
2024-02-03 22:00:00,so2,PIIANN,8.61,5.4225464
2021-09-05 22:00:00,so2,PIIANN,5.68,4.7675815
2022-03-04 20:00:00,so2,PIIANN,3.7,4.8537116
2022-04-05 18:00:00,so2,PIIANN,4.38,4.87388
2023-11-04 11:00:00,so2,PIIANN,31.6975,5.6091332
2023-04-02 08:00:00,so2,PIIANN,4.84,6.3204184
2024-05-03 18:00:00,so2,PIIANN,15.29,5.5714035
2022-01-07 04:00:00,so2,PIIANN,5.6,4.7253366
2024-07-11 07:00:00,so2,PIIANN,2.68,5.1811543
2021-11-07 09:00:00,so2,PIIANN,4.12,4.8235984
2023-10-06 06:00:00,so2,PIIANN,3.36,4.9801865
2023-02-03 21:00:00,so2,PIIANN,10.3825,5.6059523
2022-02-10 10:00:00,so2,PIIANN,10.68,4.840307
2023-04-06 19:00:00,so2,PIIANN,2.885,4.9676857
2025-08-07 06:00:00,so2,PIIANN,2.36,4.7951407
2023-10-11 17:00:00,so2,PIIANN,4.985,6.955254
2022-09-02 17:00:00,so2,PIIANN,6.78,5.8899
2023-09-04 07:00:00,so2,PIIANN,38.6275,5.4242706
2022-06-10 14:00:00,so2,PIIANN,5.62,4.7185426
2022-08-11 21:00:00,so2,PIIANN,6.38,5.6511297
2025-12-06 11:00:00,so2,PIIANN,3.26,4.870624
2023-05-11 22:00:00,so2,PIIANN,3.855,5.433823
2025-12-09 03:00:00,so2,PIIANN,4.86,4.800935
2024-04-04 05:00:00,so2,PIIANN,4.58,5.0075054
2025-04-11 07:00:00,so2,PIIANN,4.85,6.2108574
2024-02-06 09:00:00,so2,PIIANN,5.56,4.7055798
2022-02-04 14:00:00,so2,PIIANN,5.18,5.127334
2022-10-11 06:00:00,so2,PIIANN,6.75,5.8911996
2022-12-02 06:00:00,so2,PIIANN,5.85,5.448343
2025-01-05 21:00:00,so2,PIIANN,4.86,5.2024884
2022-11-05 18:00:00,so2,PIIANN,3.33,5.027997
2021-12-06 17:00:00,so2,PIIANN,4.45,4.743953
2022-07-01 19:00:00,so2,PIIANN,4.45,7.022931
2024-03-02 11:00:00,so2,PIIANN,8.06,5.4639406
2021-01-04 13:00:00,so2,PIIANN,21.8,5.724084
2024-07-09 23:00:00,so2,PIIANN,3.81,5.033805
2024-01-05 08:00:00,so2,PIIANN,34.880005,5.3810334
2024-04-03 18:00:00,so2,PIIANN,8.66,5.319449
2022-02-03 03:00:00,so2,PIIANN,4.5,5.4590664
2021-01-12 23:00:00,so2,PIIANN,4.55,5.4258785
2021-04-08 18:00:00,so2,PIIANN,3.72,5.410238
2024-07-04 10:00:00,so2,PIIANN,5.44,5.0459876
2025-07-02 12:00:00,so2,PIIANN,4.9,6.0157547
2023-03-02 05:00:00,so2,PIIANN,4.165,5.3950505
2025-06-04 07:00:00,so2,PIIANN,6.87,5.1224604
2022-06-04 12:00:00,so2,PIIANN,14.96,5.2878013
2024-01-04 02:00:00,so2,PIIANN,6.92,4.755685
2025-01-03 02:00:00,so2,PIIANN,3.98,5.084264
2024-02-02 20:00:00,so2,PIIANN,5.39,5.1899586
2025-05-08 10:00:00,so2,PIIANN,2.54,4.991496
2023-12-08 21:00:00,so2,PIIANN,4.0175,4.619653
2022-04-07 19:00:00,so2,PIIANN,4.42,4.8212
2021-12-04 15:00:00,so2,PIIANN,15.45,5.456552
2024-10-04 04:00:00,so2,PIIANN,18.29,5.406129
2024-11-07 05:00:00,so2,PIIANN,3.37,4.716207
2022-09-12 15:00:00,so2,PIIANN,10.04,7.41547
2025-09-11 09:00:00,so2,PIIANN,4.25,6.1934514
2023-07-08 08:00:00,so2,PIIANN,3.0225,4.932779
2023-11-11 01:00:00,so2,PIIANN,5.455,6.3714476
2024-10-05 01:00:00,so2,PIIANN,3.74,4.870548
2025-02-12 18:00:00,so2,PIIANN,4.84,6.9879317
2023-02-12 13:00:00,so2,PIIANN,3.94,5.279608
2023-03-09 08:00:00,so2,PIIANN,2.68,4.9077783
2021-05-11 06:00:00,so2,PIIANN,4.8,7.029842
2023-11-10 10:00:00,so2,PIIANN,2.185,5.7008386
2025-02-07 11:00:00,so2,PIIANN,1.0199997,4.6239347
2025-02-04 22:00:00,so2,PIIANN,6.29,4.860347
2025-05-04 00:00:00,so2,PIIANN,6.47,4.977285
2025-01-07 04:00:00,so2,PIIANN,2.8,4.6466966
2025-11-12 02:00:00,so2,PIIANN,8.31,6.959882
2024-08-03 22:00:00,so2,PIIANN,6.22,5.4624968
2022-11-05 08:00:00,so2,PIIANN,2.55,4.8793716
2025-05-10 01:00:00,so2,PIIANN,3.96,4.797305
2024-03-07 13:00:00,so2,PIIANN,3.46,4.566911
2023-12-06 00:00:00,so2,PIIANN,2.69,4.771435
2021-03-11 16:00:00,so2,PIIANN,15.8,6.3203483
2023-08-03 20:00:00,so2,PIIANN,16.0875,6.027999
2023-12-03 05:00:00,so2,PIIANN,7.435,5.46429
2022-06-10 22:00:00,so2,PIIANN,6.18,4.7841554
2021-08-12 09:00:00,so2,PIIANN,5.62,5.2771654
2021-10-01 17:00:00,so2,PIIANN,8.82,6.5377307
2021-06-07 08:00:00,so2,PIIANN,4.38,5.190912
2023-04-08 20:00:00,so2,PIIANN,2.735,4.6574693
2022-05-02 21:00:00,so2,PIIANN,7.15,5.070288
2025-10-04 11:00:00,so2,PIIANN,12.46,5.095299
2025-11-05 06:00:00,so2,PIIANN,4.12,5.232051
2025-05-11 02:00:00,so2,PIIANN,5.36,6.888882
2024-04-02 22:00:00,so2,PIIANN,4.54,5.8236957
2023-04-05 05:00:00,so2,PIIANN,6.153333,4.9016104
2024-03-07 22:00:00,so2,PIIANN,3.5300002,4.5737977
2023-12-10 02:00:00,so2,PIIANN,3.115,5.4737954
2025-09-08 03:00:00,so2,PIIANN,3.28,4.8883357
2024-03-05 19:00:00,so2,PIIANN,6.82,5.2689075
2025-12-11 04:00:00,so2,PIIANN,3.16,6.619706
2023-04-07 14:00:00,so2,PIIANN,3.7175,4.6996417
2023-12-08 11:00:00,so2,PIIANN,3.6875,4.593074
2025-05-05 07:00:00,so2,PIIANN,4.24,4.8430467
2024-04-12 11:00:00,so2,PIIANN,3.48,5.960792
2024-12-08 01:00:00,so2,PIIANN,3.32,4.7148027
2021-01-04 11:00:00,so2,PIIANN,25.9,5.522171
2021-05-03 04:00:00,so2,PIIANN,7.45,5.733833
2024-08-05 08:00:00,so2,PIIANN,4.17,4.660873
2021-08-07 00:00:00,so2,PIIANN,3.25,5.046396
2023-06-08 09:00:00,so2,PIIANN,3.4525,4.9083962
2021-11-02 17:00:00,so2,PIIANN,9.93,5.7434435
2023-06-11 03:00:00,so2,PIIANN,2.5975,5.53432
2025-04-02 17:00:00,so2,PIIANN,5.04,6.0151515
2024-09-06 05:00:00,so2,PIIANN,5.96,4.869136
2021-03-09 05:00:00,so2,PIIANN,5.0,4.8141737
2022-05-04 20:00:00,so2,PIIANN,4.3,4.981015
2024-05-01 13:00:00,so2,PIIANN,5.66,6.67288
2021-03-05 17:00:00,so2,PIIANN,18.7,5.2250853
2023-11-01 16:00:00,so2,PIIANN,5.3325,7.1355734
2025-06-11 10:00:00,so2,PIIANN,4.94,6.8842354
2024-11-01 22:00:00,so2,PIIANN,4.02,6.0230584
2022-09-11 15:00:00,so2,PIIANN,6.88,5.819608
2023-04-11 18:00:00,so2,PIIANN,3.3775,5.2612705
2021-02-02 12:00:00,so2,PIIANN,18.1,7.3469367
2021-04-12 04:00:00,so2,PIIANN,2.92,5.804164
2021-12-02 10:00:00,so2,PIIANN,9.32,5.725482
2021-07-09 15:00:00,so2,PIIANN,3.97,4.8337607
2025-03-08 06:00:00,so2,PIIANN,2.8,4.865903
2024-08-04 18:00:00,so2,PIIANN,12.26,5.503939
2022-02-09 23:00:00,so2,PIIANN,3.97,4.595376
2023-12-03 02:00:00,so2,PIIANN,8.0925,5.547632
2025-01-10 16:00:00,so2,PIIANN,4.63,4.912035
2022-01-12 07:00:00,so2,PIIANN,4.12,6.08019
2021-07-04 06:00:00,so2,PIIANN,4.73,5.1099987
2025-07-10 22:00:00,so2,PIIANN,3.81,5.199091
2024-06-02 15:00:00,so2,PIIANN,5.6,5.8550005
2023-11-05 20:00:00,so2,PIIANN,4.68,4.841834
2022-10-08 20:00:00,so2,PIIANN,4.35,4.823801
2025-04-02 19:00:00,so2,PIIANN,4.85,5.826502
2022-06-03 12:00:00,so2,PIIANN,7.85,6.0454082
2021-03-09 02:00:00,so2,PIIANN,3.9,4.660409
2023-08-12 17:00:00,so2,PIIANN,4.4725,4.9615583
2025-03-12 19:00:00,so2,PIIANN,5.26,6.6330023
2021-06-03 23:00:00,so2,PIIANN,10.38,5.527291
2021-12-10 17:00:00,so2,PIIANN,6.35,7.1800776
2022-10-05 06:00:00,so2,PIIANN,3.02,4.8208413
2021-06-09 13:00:00,so2,PIIANN,2.9,4.763998
2021-09-06 00:00:00,so2,PIIANN,4.43,5.040434
2023-03-11 07:00:00,so2,PIIANN,4.54,5.255961
2023-07-03 08:00:00,so2,PIIANN,14.1575,5.5683794
2023-05-03 01:00:00,so2,PIIANN,7.035,5.5336366
2025-03-03 00:00:00,so2,PIIANN,4.08,5.7456913
2021-11-13 00:00:00,so2,PIIANN,3.8266973,5.7779098
2021-06-01 12:00:00,so2,PIIANN,8.43,7.285643
2022-08-02 05:00:00,so2,PIIANN,4.5,5.2904363
2024-08-05 12:00:00,so2,PIIANN,2.7699997,4.693316
2023-06-04 14:00:00,so2,PIIANN,18.8425,5.9310117
2023-03-11 11:00:00,so2,PIIANN,4.7875,5.737607
2024-12-04 20:00:00,so2,PIIANN,14.57,5.3456182
2021-06-04 01:00:00,so2,PIIANN,5.65,5.2272973
2023-08-10 14:00:00,so2,PIIANN,5.0025,5.321291
2021-05-12 09:00:00,so2,PIIANN,2.4,5.333739
2023-09-03 16:00:00,so2,PIIANN,9.5975,5.701796
2025-11-11 06:00:00,so2,PIIANN,4.34,6.4594526
2022-05-04 13:00:00,so2,PIIANN,14.6,5.1951323
2025-02-11 14:00:00,so2,PIIANN,4.97,5.104609
2023-01-02 04:00:00,so2,PIIANN,7.3775,6.3633814
2025-07-11 09:00:00,so2,PIIANN,5.52,6.535301
2021-11-09 21:00:00,so2,PIIANN,4.47,4.7056093
2025-03-05 04:00:00,so2,PIIANN,3.95,5.034542
2022-10-07 18:00:00,so2,PIIANN,5.15,4.6986756
2025-10-07 00:00:00,so2,PIIANN,2.53,5.2427673
2021-07-01 21:00:00,so2,PIIANN,8.12,7.0881424
2024-10-07 02:00:00,so2,PIIANN,2.49,4.7266974
2022-09-05 22:00:00,so2,PIIANN,3.6,5.3091855
2025-01-01 23:00:00,so2,PIIANN,3.88,5.3202963
2025-10-09 06:00:00,so2,PIIANN,4.91,4.958709
2025-03-05 11:00:00,so2,PIIANN,4.73,5.1179543
2023-02-04 10:00:00,so2,PIIANN,11.595,4.6967316
2022-05-11 23:00:00,so2,PIIANN,1.2299998,5.4792447
2023-01-10 12:00:00,so2,PIIANN,2.9425,4.651274
2023-05-09 17:00:00,so2,PIIANN,4.415,4.6453876
2024-02-03 03:00:00,so2,PIIANN,3.49,5.3550477
2021-02-03 06:00:00,so2,PIIANN,6.2,5.1292005
2022-06-03 01:00:00,so2,PIIANN,7.62,5.906113
2024-04-12 06:00:00,so2,PIIANN,3.19,5.5274243
2024-09-05 12:00:00,so2,PIIANN,3.83,4.6544924
2024-09-03 20:00:00,so2,PIIANN,7.42,5.829108
2024-06-03 02:00:00,so2,PIIANN,4.68,5.3163805
2024-11-12 20:00:00,so2,PIIANN,6.81,5.7459445
2024-04-02 14:00:00,so2,PIIANN,8.78,6.3210983
2022-10-06 02:00:00,so2,PIIANN,4.45,5.0903373
2023-10-12 23:00:00,so2,PIIANN,5.13,5.4488025
2023-10-10 22:00:00,so2,PIIANN,4.75,5.2757945
2024-12-01 19:00:00,so2,PIIANN,4.56,6.19128
2023-07-03 12:00:00,so2,PIIANN,7.8425,5.8331156
2023-10-10 02:00:00,so2,PIIANN,2.305,5.290176
2021-10-01 13:00:00,so2,PIIANN,6.7,6.7390385
2023-12-12 13:00:00,so2,PIIANN,5.9,6.0030184
2023-11-07 16:00:00,so2,PIIANN,2.4925,4.6779275
2025-12-05 06:00:00,so2,PIIANN,7.36,5.245502
2024-01-09 21:00:00,so2,PIIANN,2.95,4.595197
2024-09-01 19:00:00,so2,PIIANN,6.98,6.2258453
2024-09-01 23:00:00,so2,PIIANN,4.6,5.6032443
2022-05-12 13:00:00,so2,PIIANN,7.68,7.429786
2024-05-10 19:00:00,so2,PIIANN,4.34,4.9621816
2023-10-01 17:00:00,so2,PIIANN,10.4925,6.6267643
2022-10-10 23:00:00,so2,PIIANN,5.6,4.723334
2021-06-03 14:00:00,so2,PIIANN,11.92,5.9239626
2021-08-01 10:00:00,so2,PIIANN,8.75,7.125814
2024-08-12 05:00:00,so2,PIIANN,3.27,5.528016
2025-11-12 03:00:00,so2,PIIANN,7.55,7.0503
2024-11-05 09:00:00,so2,PIIANN,3.17,4.5897036
2021-04-03 17:00:00,so2,PIIANN,14.08,6.578881
2021-06-09 07:00:00,so2,PIIANN,4.82,4.7194257
2021-12-11 20:00:00,so2,PIIANN,4.08,5.0083203
2024-03-09 17:00:00,so2,PIIANN,4.07,4.8281674
2025-04-09 09:00:00,so2,PIIANN,3.27,5.408986
2023-09-12 19:00:00,so2,PIIANN,4.8975,5.0900645
2023-03-05 15:00:00,so2,PIIANN,12.792499,5.039904
2021-08-02 16:00:00,so2,PIIANN,4.68,6.0682445
2025-06-04 22:00:00,so2,PIIANN,4.67,5.092045
2022-07-01 12:00:00,so2,PIIANN,5.6,7.2000422
2022-11-05 16:00:00,so2,PIIANN,3.78,5.1049547
2022-08-08 12:00:00,so2,PIIANN,4.05,4.793551
2021-03-12 09:00:00,so2,PIIANN,3.12,6.348572
2022-06-13 00:00:00,so2,PIIANN,4.217367,6.5811095
2022-06-12 06:00:00,so2,PIIANN,4.8,6.8240194
2025-08-04 05:00:00,so2,PIIANN,4.96,4.924263
2022-02-09 17:00:00,so2,PIIANN,8.2,4.825575
2023-11-11 10:00:00,so2,PIIANN,4.44,6.5803533
2021-08-11 00:00:00,so2,PIIANN,4.4,6.0746737
2025-07-10 11:00:00,so2,PIIANN,5.86,5.362156
2024-11-07 23:00:00,so2,PIIANN,3.3099997,4.7791243
2023-05-05 23:00:00,so2,PIIANN,18.42,5.115474
2025-01-06 16:00:00,so2,PIIANN,7.75,5.1646256
2021-12-02 07:00:00,so2,PIIANN,5.78,5.593987
2023-06-05 04:00:00,so2,PIIANN,10.4025,5.1277847
2025-01-06 18:00:00,so2,PIIANN,7.01,5.066929
2022-11-02 22:00:00,so2,PIIANN,5.6,5.8316827
2025-08-01 16:00:00,so2,PIIANN,4.18,5.872541
2021-12-09 12:00:00,so2,PIIANN,4.68,4.752723
2025-08-04 10:00:00,so2,PIIANN,4.43,5.010576
2025-02-09 16:00:00,so2,PIIANN,11.28,4.9319525
2024-03-01 17:00:00,so2,PIIANN,4.54,5.857343
2022-08-08 14:00:00,so2,PIIANN,3.82,4.8870554
2024-07-06 15:00:00,so2,PIIANN,6.08,5.07641
2022-07-12 22:00:00,so2,PIIANN,6.54,7.2448
2025-10-01 23:00:00,so2,PIIANN,3.39,5.827032
2022-07-11 11:00:00,so2,PIIANN,2.3,5.7424016
2023-06-07 08:00:00,so2,PIIANN,3.4025,4.5810213
2023-04-04 11:00:00,so2,PIIANN,2.645,4.639285
2024-08-11 23:00:00,so2,PIIANN,3.72,5.329099
2023-02-01 13:00:00,so2,PIIANN,6.3875,5.913856
2024-06-04 14:00:00,so2,PIIANN,4.01,5.2170334
2022-01-05 00:00:00,so2,PIIANN,2.98,4.955875
2023-11-04 01:00:00,so2,PIIANN,2.95,5.1980886
2025-06-02 02:00:00,so2,PIIANN,2.79,5.5557404
2022-04-05 15:00:00,so2,PIIANN,5.55,4.8854146
2021-06-06 15:00:00,so2,PIIANN,4.3,5.179501
2024-10-11 14:00:00,so2,PIIANN,3.24,5.091911
2022-01-06 11:00:00,so2,PIIANN,5.3,5.0013447
2025-07-04 06:00:00,so2,PIIANN,5.85,5.041595
2022-04-09 21:00:00,so2,PIIANN,4.12,5.073825
2022-05-10 02:00:00,so2,PIIANN,5.68,4.578383
2024-05-05 15:00:00,so2,PIIANN,1.0699999,5.0018806
2021-12-02 21:00:00,so2,PIIANN,8.05,5.9218397
2022-12-03 19:00:00,so2,PIIANN,11.78,6.2197723
2025-05-01 21:00:00,co,PIIANN,1.56,0.8455183
2022-08-04 06:00:00,co,PIIANN,0.18,0.6148783
2021-09-02 06:00:00,co,PIIANN,1.68,0.9592186
2025-06-07 00:00:00,co,PIIANN,0.41,0.7217701
2025-05-12 09:00:00,co,PIIANN,0.88,1.0341122
2022-08-06 22:00:00,co,PIIANN,0.26,0.636065
2023-07-05 11:00:00,co,PIIANN,0.2775,0.6914255
2022-03-07 05:00:00,co,PIIANN,0.24000001,0.6159681
2025-09-09 22:00:00,co,PIIANN,0.34,0.664443
2024-09-09 19:00:00,co,PIIANN,0.48,0.5650194
2023-06-05 13:00:00,co,PIIANN,0.4,0.7312998
2025-05-10 07:00:00,co,PIIANN,0.44,0.6702057
2021-10-02 17:00:00,co,PIIANN,0.8,1.1006238
2023-10-06 13:00:00,co,PIIANN,0.17250001,0.67450565
2025-04-08 14:00:00,co,PIIANN,0.34,0.6736325
2025-01-07 12:00:00,co,PIIANN,0.36,0.62931335
2024-04-04 06:00:00,co,PIIANN,0.48,0.6700026
2022-05-11 04:00:00,co,PIIANN,2.56,0.93929994
2022-05-04 03:00:00,co,PIIANN,0.13999999,0.62308276
2021-06-06 07:00:00,co,PIIANN,0.26,0.6249657
2023-10-03 23:00:00,co,PIIANN,2.016667,0.87669784
2023-12-03 06:00:00,co,PIIANN,2.1875,0.8382964
2023-10-06 16:00:00,co,PIIANN,0.08499997,0.65817106
2023-07-06 14:00:00,co,PIIANN,0.7825,0.6595147
2022-01-10 09:00:00,co,PIIANN,0.36,0.68116575
2025-11-03 13:00:00,co,PIIANN,0.27,0.74260545
2024-01-01 23:00:00,co,PIIANN,1.95,0.98237073
2023-05-05 18:00:00,co,PIIANN,0.19749999,0.69428575
2025-09-02 03:00:00,co,PIIANN,1.78,0.9754887
2022-09-10 13:00:00,co,PIIANN,1.0,0.6237489
2025-03-08 12:00:00,co,PIIANN,0.32999998,0.6626504
2025-03-11 12:00:00,co,PIIANN,0.39,0.6644448
2021-04-03 11:00:00,co,PIIANN,0.42,0.89073056
2022-03-09 10:00:00,co,PIIANN,0.38,0.6130463
2021-12-12 08:00:00,co,PIIANN,0.44,0.9676806
2022-02-06 15:00:00,co,PIIANN,0.26,0.63471925
2023-07-07 05:00:00,co,PIIANN,0.385,0.59456354
2025-04-05 17:00:00,co,PIIANN,0.4,0.65063334
2022-06-11 02:00:00,co,PIIANN,2.27,0.8993166
2025-09-08 17:00:00,co,PIIANN,0.28,0.6161577
2023-10-03 16:00:00,co,PIIANN,1.56,0.84415245
2024-04-07 23:00:00,co,PIIANN,0.17000002,0.62146413
2021-01-02 14:00:00,co,PIIANN,0.57,1.1256263
2025-12-08 14:00:00,co,PIIANN,0.34,0.6162804
2025-03-10 11:00:00,co,PIIANN,0.42,0.6153502
2021-12-10 16:00:00,co,PIIANN,0.26,0.9594648
2024-09-02 05:00:00,co,PIIANN,0.55,0.7668691
2025-09-11 06:00:00,co,PIIANN,0.66,0.85024357
2021-02-03 21:00:00,co,PIIANN,0.45999998,0.7414337
2024-08-07 06:00:00,co,PIIANN,0.039999954,0.60208565
2023-08-06 11:00:00,co,PIIANN,0.17000002,0.6266774
2021-03-03 04:00:00,co,PIIANN,0.4,0.7301377
2024-01-04 00:00:00,co,PIIANN,0.56,0.80255574
2023-08-10 19:00:00,co,PIIANN,0.48,0.6817744
2023-11-04 02:00:00,co,PIIANN,1.8175,0.7697661
2025-01-05 03:00:00,co,PIIANN,0.7,0.7019912
2023-06-08 21:00:00,co,PIIANN,0.58,0.62865955
2023-01-04 12:00:00,co,PIIANN,0.785,0.64109784
2024-05-09 02:00:00,co,PIIANN,0.39,0.627392
2021-01-03 17:00:00,co,PIIANN,0.52,0.7257872
2025-11-02 16:00:00,co,PIIANN,0.62,0.71459734
2025-12-11 03:00:00,co,PIIANN,1.35,1.1065342
2021-06-10 01:00:00,co,PIIANN,0.22,0.69566375
2023-12-07 09:00:00,co,PIIANN,0.345,0.58789915
2025-09-10 13:00:00,co,PIIANN,0.42,0.7061588
2021-09-12 13:00:00,co,PIIANN,0.45,0.69556713
2023-07-10 19:00:00,co,PIIANN,0.8775,0.67395526
2023-10-07 20:00:00,co,PIIANN,0.3975,0.58501464
2021-08-10 23:00:00,co,PIIANN,0.7,0.7897708
2021-05-05 17:00:00,co,PIIANN,0.34,0.61268103
2024-01-08 01:00:00,co,PIIANN,0.62,0.64693975
2025-08-05 15:00:00,co,PIIANN,0.24000001,0.6866637
2025-07-07 23:00:00,co,PIIANN,0.45,0.6627986
2022-01-05 12:00:00,co,PIIANN,0.19,0.6215336
2025-07-04 09:00:00,co,PIIANN,0.37,0.6291481
2024-10-05 13:00:00,co,PIIANN,0.45,0.6272902
2025-11-07 07:00:00,co,PIIANN,0.41,0.6150951
2021-01-02 03:00:00,co,PIIANN,0.78,1.1594179
2023-03-07 08:00:00,co,PIIANN,0.3375,0.6151341
2022-04-02 16:00:00,co,PIIANN,0.5,0.63566196
2023-07-01 14:00:00,co,PIIANN,1.0,0.89265424
2025-10-10 00:00:00,co,PIIANN,0.69,0.6779103
2022-06-02 19:00:00,co,PIIANN,0.65,0.7703134
2022-01-05 01:00:00,co,PIIANN,0.21000001,0.6498008
2022-08-13 02:00:00,co,PIIANN,2.434661,0.98338395
2023-10-10 07:00:00,co,PIIANN,0.3675,0.71662474
2024-07-05 06:00:00,co,PIIANN,0.36,0.61861986
2023-04-03 18:00:00,co,PIIANN,2.2375,0.7726078
2021-08-08 15:00:00,co,PIIANN,0.17000002,0.5997966
2024-05-03 16:00:00,co,PIIANN,0.36,0.6768625
2021-09-06 07:00:00,co,PIIANN,0.45,0.73916423
2021-05-12 06:00:00,co,PIIANN,0.47,0.7667802
2025-09-10 03:00:00,co,PIIANN,0.62,0.73594236
2025-08-11 04:00:00,co,PIIANN,0.57,0.9449677
2021-03-11 22:00:00,co,PIIANN,1.05,0.83378243
2024-08-11 10:00:00,co,PIIANN,0.54,0.7415131
2025-10-01 19:00:00,co,PIIANN,1.27,0.8651465
2022-08-03 19:00:00,co,PIIANN,1.12,0.8020914
2022-03-09 13:00:00,co,PIIANN,0.45,0.6178361
2022-12-03 04:00:00,co,PIIANN,0.45999998,0.897742
2025-07-09 23:00:00,co,PIIANN,0.31,0.6874921
2021-09-02 04:00:00,co,PIIANN,1.84,0.9384715
2022-03-01 11:00:00,co,PIIANN,0.48,0.88627326
2021-02-02 03:00:00,co,PIIANN,1.34,1.1783212
2022-09-11 05:00:00,co,PIIANN,1.87,0.87329453
2021-06-06 19:00:00,co,PIIANN,0.32999998,0.60959107
2023-09-03 07:00:00,co,PIIANN,1.47,0.80211926
2022-10-02 04:00:00,co,PIIANN,0.62,0.7827215
2022-08-12 13:00:00,co,PIIANN,0.55,1.1674732
2021-11-04 10:00:00,co,PIIANN,0.3,0.6754283
2022-04-10 04:00:00,co,PIIANN,0.3,0.60320204
2021-04-09 00:00:00,co,PIIANN,0.21000001,0.69208497
2023-08-05 12:00:00,co,PIIANN,0.3125,0.6410482
2024-08-01 11:00:00,co,PIIANN,0.73,1.0276219
2021-04-08 19:00:00,co,PIIANN,0.19999999,0.67414314
2022-03-06 05:00:00,co,PIIANN,0.27,0.65358186
2024-02-04 04:00:00,co,PIIANN,0.45999998,0.6699859
2024-01-07 06:00:00,co,PIIANN,0.52,0.63048595
2023-01-07 18:00:00,co,PIIANN,0.38,0.58811766
2025-02-10 23:00:00,co,PIIANN,0.45,0.64969957
2024-02-08 01:00:00,co,PIIANN,0.43,0.6248971
2023-07-08 07:00:00,co,PIIANN,0.4975,0.62956935
2024-05-08 23:00:00,co,PIIANN,0.45999998,0.6033309
2024-03-12 04:00:00,co,PIIANN,1.18,0.8108215
2023-06-01 12:00:00,co,PIIANN,0.78,0.86843336
2025-01-02 11:00:00,co,PIIANN,0.43,0.68210304
2022-12-03 11:00:00,co,PIIANN,0.36,0.8639669
2022-03-04 18:00:00,co,PIIANN,0.22,0.6028176
2021-05-01 11:00:00,co,PIIANN,0.4,1.0967404
2025-12-12 14:00:00,co,PIIANN,0.45,1.1886439
2021-01-11 02:00:00,co,PIIANN,0.59,0.891972
2024-10-11 18:00:00,co,PIIANN,1.34,0.6961451
2023-03-02 02:00:00,co,PIIANN,1.3475,0.83612776
2025-11-05 16:00:00,co,PIIANN,0.54,0.71803105
2023-03-07 22:00:00,co,PIIANN,0.4225,0.609452
2025-11-11 21:00:00,co,PIIANN,1.62,1.074766
2021-06-03 04:00:00,co,PIIANN,0.45,0.71408224
2025-08-05 18:00:00,co,PIIANN,0.56,0.6826344
2023-04-12 21:00:00,co,PIIANN,1.6575,0.8032551
2022-06-11 03:00:00,co,PIIANN,2.1900003,0.8878182
2024-08-08 12:00:00,co,PIIANN,0.43,0.58397055
2021-07-10 02:00:00,co,PIIANN,0.28,0.6903811
2022-07-05 15:00:00,co,PIIANN,0.24000001,0.67249465
2024-04-08 01:00:00,co,PIIANN,0.49,0.62747854
2023-08-05 21:00:00,co,PIIANN,0.04499995,0.6555073
2021-05-11 18:00:00,co,PIIANN,0.48,0.91700834
2025-03-04 18:00:00,co,PIIANN,0.39,0.6568059
2025-11-10 11:00:00,co,PIIANN,0.32999998,0.6867822
2024-09-02 14:00:00,co,PIIANN,0.26,0.73598486
2022-11-02 18:00:00,co,PIIANN,0.55,0.94598126
2025-08-10 08:00:00,co,PIIANN,0.49,0.69515866
2023-12-10 19:00:00,co,PIIANN,1.2575,0.8027181
2022-11-10 23:00:00,co,PIIANN,0.42,0.5920372
2022-06-02 06:00:00,co,PIIANN,0.6,0.77761286
2023-12-10 14:00:00,co,PIIANN,0.37,0.76388675
2023-07-07 21:00:00,co,PIIANN,0.4575,0.5785548
2022-01-04 16:00:00,co,PIIANN,0.18,0.62086695
2025-08-09 01:00:00,co,PIIANN,0.3,0.721771
2025-09-09 09:00:00,co,PIIANN,0.31,0.66801697
2025-07-01 20:00:00,co,PIIANN,1.54,0.7769961
2021-07-09 08:00:00,co,PIIANN,0.19999999,0.5645917
2021-07-02 02:00:00,co,PIIANN,0.43,0.9414893
2025-09-11 14:00:00,co,PIIANN,0.51,0.8835499
2024-12-13 02:00:00,co,PIIANN,2.3971336,0.97730356
2022-06-06 22:00:00,co,PIIANN,0.26,0.6334725
2021-05-06 16:00:00,co,PIIANN,0.29,0.61750954
2021-03-02 06:00:00,co,PIIANN,1.48,1.1564288
2023-07-07 19:00:00,co,PIIANN,0.37,0.5674998
2023-02-05 07:00:00,co,PIIANN,0.6025,0.6979452
2022-11-07 04:00:00,co,PIIANN,0.059999995,0.5913009
2021-01-08 13:00:00,co,PIIANN,0.24000001,0.6195413
2022-03-08 06:00:00,co,PIIANN,0.24000001,0.62865025
2023-12-08 07:00:00,co,PIIANN,0.4575,0.6296161
2022-12-08 02:00:00,co,PIIANN,0.29,0.6169228
2023-05-11 11:00:00,co,PIIANN,0.3775,0.72750396
2024-10-10 23:00:00,co,PIIANN,0.45,0.67932117
2025-03-09 06:00:00,co,PIIANN,0.32999998,0.7555748
2023-12-05 18:00:00,co,PIIANN,0.55,0.6456077
2025-03-02 15:00:00,co,PIIANN,0.74,0.91188556
2023-10-09 15:00:00,co,PIIANN,0.23250002,0.5843737
2025-02-02 09:00:00,co,PIIANN,0.56,0.70258385
2022-11-06 13:00:00,co,PIIANN,0.29,0.6191925
2023-04-09 18:00:00,co,PIIANN,0.725,0.59156597
2022-09-02 06:00:00,co,PIIANN,0.78,0.81887406
2025-01-10 05:00:00,co,PIIANN,0.92,0.71498847
2022-11-06 03:00:00,co,PIIANN,0.22,0.6474563
2021-12-05 17:00:00,co,PIIANN,0.32999998,0.57855165
2024-06-12 14:00:00,co,PIIANN,0.8,0.81611973
2021-02-03 22:00:00,co,PIIANN,0.44,0.7363899
2023-02-10 22:00:00,co,PIIANN,0.51,0.6224569
2024-11-06 08:00:00,co,PIIANN,0.29,0.59788704
2023-04-07 03:00:00,co,PIIANN,0.3775,0.62713987
2023-07-11 03:00:00,co,PIIANN,1.45,0.8674348
2024-10-10 01:00:00,co,PIIANN,0.42,0.69451374
2022-11-05 04:00:00,co,PIIANN,0.11000001,0.6379559
2025-06-07 21:00:00,co,PIIANN,0.52,0.626517
2022-01-11 12:00:00,co,PIIANN,0.52,0.72193664
2025-06-05 09:00:00,co,PIIANN,0.43,0.6610196
2025-02-04 03:00:00,co,PIIANN,0.32,0.682635
2023-12-05 04:00:00,co,PIIANN,0.2425,0.7303735
2023-01-06 14:00:00,co,PIIANN,0.7725,0.68777025
2021-10-10 21:00:00,co,PIIANN,0.68,0.81624013
2025-05-05 23:00:00,co,PIIANN,0.42,0.66280526
2021-08-09 15:00:00,co,PIIANN,0.19,0.5755919
2024-04-02 06:00:00,co,PIIANN,0.61,0.83847624
2021-09-10 05:00:00,co,PIIANN,0.34,0.7965271
2022-10-11 22:00:00,co,PIIANN,1.81,0.85827255
2023-02-06 13:00:00,co,PIIANN,0.725,0.6939688
2022-03-07 14:00:00,co,PIIANN,0.26,0.58517146
2023-06-07 10:00:00,co,PIIANN,0.3875,0.61160594
2023-09-10 09:00:00,co,PIIANN,0.31,0.65996015
2022-08-11 00:00:00,co,PIIANN,1.69,0.6508771
2022-02-07 01:00:00,co,PIIANN,0.22,0.6277319
2023-06-05 21:00:00,co,PIIANN,0.255,0.7494459
2023-01-06 11:00:00,co,PIIANN,0.6625,0.67250127
2024-07-06 13:00:00,co,PIIANN,0.42,0.6391503
2025-04-12 17:00:00,co,PIIANN,1.16,1.1175245
2023-05-06 10:00:00,co,PIIANN,0.6775,0.70210963
2025-06-09 11:00:00,co,PIIANN,0.35,1.0014592
2021-08-02 22:00:00,co,PIIANN,3.18,0.8687403
2022-06-06 12:00:00,co,PIIANN,0.24000001,0.63430077
2024-11-12 19:00:00,co,PIIANN,2.77,0.8817002
2021-11-05 11:00:00,co,PIIANN,0.26,0.5823536
2022-07-06 12:00:00,co,PIIANN,0.28,0.6333244
2024-09-07 12:00:00,co,PIIANN,0.34,0.5942498
2021-03-09 20:00:00,co,PIIANN,0.38,0.5957477
2025-02-07 06:00:00,co,PIIANN,0.29,0.62904054
2025-12-11 09:00:00,co,PIIANN,1.09,1.0952057
2021-06-08 08:00:00,co,PIIANN,0.16000003,0.6428442
2024-08-02 00:00:00,co,PIIANN,1.38,1.0273027
2023-02-12 21:00:00,co,PIIANN,1.5999999,0.76109105
2021-05-11 10:00:00,co,PIIANN,0.42,0.9738202
2024-09-13 01:00:00,co,PIIANN,0.90928406,0.8617386
2022-05-10 11:00:00,co,PIIANN,0.78,0.6245112
2025-07-04 02:00:00,co,PIIANN,0.35,0.6751385
2021-11-05 23:00:00,co,PIIANN,0.3,0.6041171
2021-07-11 09:00:00,co,PIIANN,0.45999998,0.8339565
2023-03-11 12:00:00,co,PIIANN,0.3425,0.8101988
2021-03-12 03:00:00,co,PIIANN,1.8,0.9524847
2021-05-07 09:00:00,co,PIIANN,0.31,0.632424
2022-03-13 02:00:00,co,PIIANN,1.3234136,1.0491555
2022-11-07 09:00:00,co,PIIANN,0.22,0.5600849
2022-04-11 21:00:00,co,PIIANN,2.37,0.84796625
2025-06-03 15:00:00,co,PIIANN,0.32,0.63364214
2024-05-08 05:00:00,co,PIIANN,0.44,0.6256371
2025-10-04 14:00:00,co,PIIANN,0.35,0.61828446
2025-12-10 01:00:00,co,PIIANN,0.51,0.718256
2024-05-04 00:00:00,co,PIIANN,0.61,0.72071946
2024-11-02 04:00:00,co,PIIANN,1.75,0.9614274
2021-07-05 11:00:00,co,PIIANN,0.26,0.6157508
2023-12-01 10:00:00,co,PIIANN,1.1,1.1203653
2022-12-01 15:00:00,co,PIIANN,0.57,0.7187958
2021-02-12 12:00:00,co,PIIANN,0.3,0.89997387
2024-01-11 20:00:00,co,PIIANN,2.7,0.77276415
2025-11-05 00:00:00,co,PIIANN,0.44,0.6402439
2024-08-04 17:00:00,co,PIIANN,0.45,0.64466673
2024-09-03 18:00:00,co,PIIANN,0.67,0.7933184
2023-01-07 14:00:00,co,PIIANN,0.365,0.58872896
2021-12-07 14:00:00,co,PIIANN,0.32999998,0.5743733
2021-10-08 11:00:00,co,PIIANN,0.15000004,0.63934
2021-02-10 03:00:00,co,PIIANN,0.16000003,0.65799946
2021-01-09 00:00:00,co,PIIANN,0.38,0.6357039
2022-07-03 11:00:00,co,PIIANN,0.22,0.79381347
2022-12-05 09:00:00,co,PIIANN,0.13999999,0.6080542
2024-06-05 15:00:00,co,PIIANN,0.26,0.6047966
2024-01-05 11:00:00,co,PIIANN,0.34,0.70511335
2024-03-08 23:00:00,co,PIIANN,0.53,0.6163012
2022-01-12 15:00:00,co,PIIANN,0.28,0.89165765
2024-02-09 09:00:00,co,PIIANN,0.41,0.60661924
2025-05-08 06:00:00,co,PIIANN,0.45999998,0.7353635
2024-10-10 16:00:00,co,PIIANN,0.41,0.7216252
2025-03-03 23:00:00,co,PIIANN,0.58,0.65709156
2021-03-09 19:00:00,co,PIIANN,0.45,0.5900761
2021-08-04 10:00:00,co,PIIANN,0.32,0.6604074
2024-12-02 14:00:00,co,PIIANN,0.81,1.0375669
2024-08-05 09:00:00,co,PIIANN,0.4,0.6088874
2024-03-05 08:00:00,co,PIIANN,0.26,0.64184165
2023-02-11 18:00:00,co,PIIANN,1.5875,0.72335434
2022-03-08 17:00:00,co,PIIANN,0.19,0.60446763
2022-11-05 17:00:00,co,PIIANN,0.89,0.6300762
2025-06-11 07:00:00,co,PIIANN,1.03,1.0574564
2021-06-07 19:00:00,co,PIIANN,0.29,0.67975485
2022-09-05 00:00:00,co,PIIANN,0.19833332,0.5840242
2024-07-10 06:00:00,co,PIIANN,0.49,0.710135
2021-11-08 07:00:00,co,PIIANN,0.27,0.617169
2024-01-09 08:00:00,co,PIIANN,0.41,0.5950764
2022-06-11 08:00:00,co,PIIANN,1.28,0.8474294
2023-08-06 01:00:00,co,PIIANN,0.725,0.6726554
2025-04-04 12:00:00,co,PIIANN,0.62,0.6807963
2022-05-03 16:00:00,co,PIIANN,0.39,0.8496881
2025-12-10 20:00:00,co,PIIANN,0.85,0.7423427
2023-04-08 06:00:00,co,PIIANN,0.45999998,0.6209144
2024-07-07 12:00:00,co,PIIANN,0.45999998,0.58627146
2022-02-03 02:00:00,co,PIIANN,0.82,0.84260577
2024-04-03 03:00:00,co,PIIANN,0.58,0.72529674
2024-02-10 13:00:00,co,PIIANN,0.88,0.6725342
2021-04-02 13:00:00,co,PIIANN,0.59,1.1739504
2021-08-04 06:00:00,co,PIIANN,0.3,0.65792185
2025-08-13 02:00:00,co,PIIANN,1.7148796,1.0116946
2024-08-09 00:00:00,co,PIIANN,0.4,0.6140805
2025-01-04 11:00:00,co,PIIANN,0.42,0.6854716
2022-08-11 11:00:00,co,PIIANN,0.9,0.786072
2022-09-02 16:00:00,co,PIIANN,0.34,0.8464467
2023-03-05 20:00:00,co,PIIANN,0.595,0.68305683
2023-07-06 22:00:00,co,PIIANN,0.8825,0.6617167
2022-07-11 15:00:00,co,PIIANN,0.68,0.7586063
2022-04-12 17:00:00,co,PIIANN,0.65,1.1014134
2023-09-08 15:00:00,co,PIIANN,0.645,0.63763523
2022-04-04 13:00:00,co,PIIANN,0.16000003,0.6108328
2024-08-05 22:00:00,co,PIIANN,0.49,0.629067
2021-04-05 10:00:00,co,PIIANN,0.39,0.6164692
2023-01-03 11:00:00,co,PIIANN,1.3699999,0.7858535
2024-07-01 15:00:00,co,PIIANN,0.55,1.0131912
2021-06-04 22:00:00,co,PIIANN,0.44,0.68273133
2025-07-12 13:00:00,co,PIIANN,0.9,1.0472232
2025-07-12 18:00:00,co,PIIANN,1.2,1.0280793
2021-07-12 09:00:00,co,PIIANN,0.32999998,0.6333943
2021-02-03 17:00:00,co,PIIANN,0.5,0.75896317
2023-05-02 11:00:00,co,PIIANN,1.35,0.99789786
2023-04-03 01:00:00,co,PIIANN,1.9375,0.8401968
2025-12-07 21:00:00,co,PIIANN,0.73,0.65631557
2023-03-04 13:00:00,co,PIIANN,0.062499993,0.664496
2023-05-12 01:00:00,co,PIIANN,1.7725,0.80659014
2023-10-02 13:00:00,co,PIIANN,1.4325,1.0468513
2024-08-09 23:00:00,co,PIIANN,0.37,0.5947582
2022-07-04 23:00:00,co,PIIANN,0.21000001,0.6100953
2022-11-02 10:00:00,co,PIIANN,0.63,0.88852817
2023-05-09 07:00:00,co,PIIANN,0.4325,0.60224986
2024-11-11 23:00:00,co,PIIANN,1.26,0.7548656
2022-02-06 01:00:00,co,PIIANN,0.19999999,0.64569455
2024-12-12 18:00:00,co,PIIANN,1.12,0.8611619
2025-08-05 05:00:00,co,PIIANN,0.039999954,0.69074535
2023-07-02 01:00:00,co,PIIANN,1.325,0.93935955
2024-08-09 19:00:00,co,PIIANN,0.45999998,0.5752957
2024-07-05 23:00:00,co,PIIANN,0.37,0.644086
2024-03-09 15:00:00,co,PIIANN,0.38,0.59231675
2023-05-06 12:00:00,co,PIIANN,0.6475,0.7086269
2022-02-02 16:00:00,co,PIIANN,0.32,0.7560489
2025-05-09 23:00:00,co,PIIANN,0.4,0.9335963
2024-07-09 00:00:00,co,PIIANN,0.47,0.6073206
2025-11-03 02:00:00,co,PIIANN,0.52,0.81955534
2025-04-03 14:00:00,co,PIIANN,0.26,0.6607043
2025-10-02 01:00:00,co,PIIANN,0.97,0.911651
2024-03-09 19:00:00,co,PIIANN,0.44,0.59943646
2021-12-10 15:00:00,co,PIIANN,0.25,0.95282036
2023-11-06 16:00:00,co,PIIANN,0.30500004,0.6187858
2024-01-10 06:00:00,co,PIIANN,0.67,0.6744479
2023-06-11 20:00:00,co,PIIANN,1.58,0.76237893
2025-10-01 11:00:00,co,PIIANN,0.74,0.82630026
2021-01-07 01:00:00,co,PIIANN,0.23000002,0.66149026
2025-10-07 03:00:00,co,PIIANN,0.37,0.66458
2021-08-06 06:00:00,co,PIIANN,0.24000001,0.6178399
2024-05-10 16:00:00,co,PIIANN,0.7,0.62658465
2023-05-07 14:00:00,co,PIIANN,0.28749996,0.5598747
2024-02-06 02:00:00,co,PIIANN,0.12,0.62927926
2023-01-02 14:00:00,co,PIIANN,0.865,0.8955799
2025-08-02 19:00:00,co,PIIANN,0.83,0.8559873
2021-12-02 19:00:00,co,PIIANN,2.3000002,0.857752
2025-10-03 15:00:00,co,PIIANN,0.32,0.7703606
2021-11-03 07:00:00,co,PIIANN,0.28,0.636105
2023-08-03 18:00:00,co,PIIANN,1.47,0.82517594
2025-10-10 02:00:00,co,PIIANN,0.69,0.7279335
2021-10-04 12:00:00,co,PIIANN,0.52,0.66993165
2023-07-06 11:00:00,co,PIIANN,0.755,0.6626849
2022-06-06 15:00:00,co,PIIANN,0.21000001,0.6298808
2024-12-12 21:00:00,co,PIIANN,2.72,0.90211976
2023-11-01 09:00:00,co,PIIANN,0.050000004,1.053059
2021-01-10 04:00:00,co,PIIANN,0.24000001,0.642155
2025-09-09 06:00:00,co,PIIANN,0.32999998,0.6580306
2021-02-06 21:00:00,co,PIIANN,0.27,0.7622065
2021-06-05 11:00:00,co,PIIANN,0.24000001,0.61642855
2024-11-10 12:00:00,co,PIIANN,0.42,0.6580677
2024-09-06 12:00:00,co,PIIANN,0.42,0.6097284
2022-03-09 07:00:00,co,PIIANN,0.35,0.590541
2022-06-10 15:00:00,co,PIIANN,0.51,0.56692463
2021-08-09 05:00:00,co,PIIANN,0.18,0.5831347
2024-07-02 18:00:00,co,PIIANN,0.74,0.830112
2021-05-01 19:00:00,co,PIIANN,3.22,1.0420604
2021-04-02 07:00:00,co,PIIANN,1.18,1.2020952
2025-04-07 00:00:00,co,PIIANN,0.36,0.8548177
2023-10-05 21:00:00,co,PIIANN,0.32,0.6605532
2023-12-07 01:00:00,co,PIIANN,0.3275,0.6186345
2024-02-03 20:00:00,co,PIIANN,0.91,0.7872217
2025-04-03 04:00:00,co,PIIANN,0.64,0.66443896
2025-12-08 15:00:00,co,PIIANN,0.36,0.6494687
2025-09-04 16:00:00,co,PIIANN,0.32,0.6216978
2021-10-01 12:00:00,co,PIIANN,0.45,0.98290396
2022-01-09 18:00:00,co,PIIANN,0.42,0.5641056
2025-10-12 06:00:00,co,PIIANN,1.78,1.2391654
2021-05-01 23:00:00,co,PIIANN,2.95,1.0195712
2025-04-02 03:00:00,co,PIIANN,1.69,0.9087778
2022-05-12 21:00:00,co,PIIANN,-6.567525e-08,1.0421213
2025-08-13 01:00:00,co,PIIANN,1.7165865,1.030336
2022-01-02 05:00:00,co,PIIANN,0.52,0.7659389
2021-11-04 09:00:00,co,PIIANN,0.32,0.6729771
2021-05-05 12:00:00,co,PIIANN,0.25,0.6308271
2024-07-07 15:00:00,co,PIIANN,0.030000025,0.6097501
2022-10-05 01:00:00,co,PIIANN,0.13999999,0.59266657
2022-09-07 04:00:00,co,PIIANN,0.13,0.57686406
2021-09-01 14:00:00,co,PIIANN,0.59,0.9040296
2024-08-04 08:00:00,co,PIIANN,0.4,0.64458305
2024-02-03 19:00:00,co,PIIANN,0.76,0.7796482
2022-12-02 17:00:00,co,PIIANN,0.5,0.7953143
2025-12-05 17:00:00,co,PIIANN,0.44,0.7177372
2023-06-10 01:00:00,co,PIIANN,0.3975,0.6838813
2023-12-06 11:00:00,co,PIIANN,0.4475,0.6235669
2021-09-04 04:00:00,co,PIIANN,0.32,0.6655813
2024-05-06 03:00:00,co,PIIANN,0.41,0.6659608
2025-08-09 14:00:00,co,PIIANN,0.39,0.6719151
2025-03-09 10:00:00,co,PIIANN,0.35,0.73728675
2025-12-08 19:00:00,co,PIIANN,0.6,0.62193483
2024-07-10 12:00:00,co,PIIANN,0.4,0.66476464
2021-01-09 16:00:00,co,PIIANN,0.13999999,0.5876848
2025-04-08 04:00:00,co,PIIANN,0.32999998,0.6648383
2025-06-06 09:00:00,co,PIIANN,4.12,0.84274584
2024-08-04 14:00:00,co,PIIANN,0.38,0.6428792
2025-09-04 22:00:00,co,PIIANN,0.34,0.6166442
2021-02-07 10:00:00,co,PIIANN,0.26,0.6194625
2025-04-02 20:00:00,co,PIIANN,1.85,0.8712268
2021-08-07 12:00:00,co,PIIANN,0.27,0.6069156
2022-04-12 23:00:00,co,PIIANN,2.43,1.063645
2022-08-06 16:00:00,co,PIIANN,0.24000001,0.63528526
2024-10-08 12:00:00,co,PIIANN,0.44,0.59109724
2022-09-12 13:00:00,co,PIIANN,0.42,1.1353137
2022-03-09 15:00:00,co,PIIANN,0.32999998,0.5847861
2023-11-06 09:00:00,co,PIIANN,0.24000001,0.60967314
2021-05-02 19:00:00,co,PIIANN,1.78,1.146862
2023-11-12 10:00:00,co,PIIANN,1.9075,0.8344319
2023-07-08 21:00:00,co,PIIANN,0.57,0.629794
2023-12-11 02:00:00,co,PIIANN,1.7425,1.1711081
2022-08-07 18:00:00,co,PIIANN,0.27,0.5635945
2024-04-11 22:00:00,co,PIIANN,3.02,0.92544115
2021-01-08 23:00:00,co,PIIANN,0.22,0.63521034
2021-07-11 21:00:00,co,PIIANN,0.66,0.8068093
2021-06-10 09:00:00,co,PIIANN,0.27,0.68894297
2022-11-10 14:00:00,co,PIIANN,0.35,0.57132804
2021-03-04 11:00:00,co,PIIANN,0.4,0.6964723
2023-03-12 21:00:00,co,PIIANN,2.0525,0.8608292
2022-02-12 23:00:00,co,PIIANN,2.49,1.061377
2025-12-12 22:00:00,co,PIIANN,5.58,1.1960268
2022-05-02 03:00:00,co,PIIANN,0.5,0.6812714
2021-10-06 13:00:00,co,PIIANN,0.26,0.6857151
2022-02-04 02:00:00,co,PIIANN,0.090000026,0.6495527
2022-10-12 01:00:00,co,PIIANN,2.55,1.183241
2022-09-06 20:00:00,co,PIIANN,0.32,0.67342114
2025-04-10 04:00:00,co,PIIANN,0.35,0.66619575
2024-01-06 23:00:00,co,PIIANN,0.16000003,0.6444357
2023-09-09 18:00:00,co,PIIANN,0.225,0.564864
2024-07-07 07:00:00,co,PIIANN,0.014000052,0.5880406
2025-09-12 13:00:00,co,PIIANN,0.54,1.1762064
2022-09-11 11:00:00,co,PIIANN,1.1,0.86597186
2023-05-08 21:00:00,co,PIIANN,0.64,0.6313411
2024-05-07 23:00:00,co,PIIANN,0.23000002,0.6139486
2025-01-07 09:00:00,co,PIIANN,0.36,0.6452223
2021-10-09 07:00:00,co,PIIANN,0.43,0.6477773
2021-01-04 22:00:00,co,PIIANN,0.4,0.7244982
2023-01-10 02:00:00,co,PIIANN,0.365,0.62107617
2025-11-07 22:00:00,co,PIIANN,0.68,0.65292686
2025-07-12 15:00:00,co,PIIANN,0.83,1.0328454
2021-04-04 12:00:00,co,PIIANN,0.31,0.71037817
2025-10-06 15:00:00,co,PIIANN,0.42,0.70570904
2024-02-06 14:00:00,co,PIIANN,0.28,0.60009646
2021-11-04 12:00:00,co,PIIANN,0.36,0.67272866
2024-12-05 19:00:00,co,PIIANN,0.89,0.6492
2021-09-07 20:00:00,co,PIIANN,0.53,0.61332834
2024-04-08 14:00:00,co,PIIANN,0.44,0.5983484
2025-03-04 22:00:00,co,PIIANN,0.4,0.6673404
2025-09-12 17:00:00,co,PIIANN,0.88,1.1712263
2024-02-02 13:00:00,co,PIIANN,0.39,0.7147709
2024-03-10 14:00:00,co,PIIANN,0.86,0.6949866
2022-10-05 02:00:00,co,PIIANN,0.13999999,0.6186045
2024-11-10 14:00:00,co,PIIANN,0.49,0.6519369
2021-09-02 19:00:00,co,PIIANN,1.92,1.0327197
2023-10-10 08:00:00,co,PIIANN,0.2975,0.72215563
2023-01-12 17:00:00,co,PIIANN,1.4625,0.7566033
2025-11-04 20:00:00,co,PIIANN,0.38,0.62339056
2023-03-01 22:00:00,co,PIIANN,1.25,0.9896589
2023-06-09 04:00:00,co,PIIANN,0.21499997,0.6164836
2024-01-08 17:00:00,co,PIIANN,0.55,0.5780004
2024-05-05 23:00:00,co,PIIANN,0.45999998,0.62614644
2025-09-08 02:00:00,co,PIIANN,0.2246154,0.71787775
2021-09-06 16:00:00,co,PIIANN,0.38,0.71086675
2024-11-03 17:00:00,co,PIIANN,0.62,0.76412785
2025-10-03 19:00:00,co,PIIANN,0.44,0.7695691
2025-07-07 22:00:00,co,PIIANN,0.45999998,0.6507488
2021-08-13 00:00:00,co,PIIANN,1.0414442,0.7550992
2025-08-05 00:00:00,co,PIIANN,0.039999954,0.6312447
2023-05-06 09:00:00,co,PIIANN,0.6575,0.70261204
2022-10-06 10:00:00,co,PIIANN,0.29,0.6370122
2024-02-12 13:00:00,co,PIIANN,0.7,0.7316997
2023-09-02 23:00:00,co,PIIANN,2.92,0.89379585
2021-12-03 01:00:00,co,PIIANN,0.29,0.73350435
2021-07-08 14:00:00,co,PIIANN,0.17000002,0.60065156
2022-03-02 21:00:00,co,PIIANN,0.53,0.6955236
2024-05-12 22:00:00,co,PIIANN,3.31,0.92764515
2022-03-10 08:00:00,co,PIIANN,0.24000001,0.60676223
2024-06-03 08:00:00,co,PIIANN,0.48,0.7129888
2021-09-09 09:00:00,co,PIIANN,0.18,0.5879846
2024-03-05 22:00:00,co,PIIANN,0.15000004,0.6568991
2021-11-04 06:00:00,co,PIIANN,0.35,0.67084384
2024-11-08 22:00:00,co,PIIANN,0.4,0.615496
2022-08-07 06:00:00,co,PIIANN,0.21000001,0.5781856
2023-03-07 06:00:00,co,PIIANN,0.35499996,0.6195615
2024-02-12 14:00:00,co,PIIANN,0.68,0.7292264
2022-12-13 02:00:00,co,PIIANN,4.906138,1.0598207
2025-09-10 18:00:00,co,PIIANN,0.56,0.6914073
2025-03-01 14:00:00,co,PIIANN,1.05,0.8012426
2021-11-05 13:00:00,co,PIIANN,0.32,0.58903754
2021-06-07 09:00:00,co,PIIANN,0.28,0.6727699
2022-01-06 04:00:00,co,PIIANN,0.28,0.6613517
2024-04-10 12:00:00,co,PIIANN,0.55,0.659828
2021-10-04 06:00:00,co,PIIANN,0.38,0.6646347
2025-02-05 19:00:00,co,PIIANN,0.9,0.6744723
2022-10-08 15:00:00,co,PIIANN,0.25,0.6619844
2024-10-06 08:00:00,co,PIIANN,0.4,0.6156986
2024-07-09 12:00:00,co,PIIANN,0.47,0.59661657
2024-11-05 21:00:00,co,PIIANN,0.48,0.63751525
2022-01-07 21:00:00,co,PIIANN,0.4,0.61970633
2025-06-10 18:00:00,co,PIIANN,0.82,0.688105
2025-08-03 15:00:00,co,PIIANN,0.3,0.8061193
2022-04-12 20:00:00,co,PIIANN,2.04,1.1258736
2023-01-07 11:00:00,co,PIIANN,0.37,0.59700406
2021-06-04 03:00:00,co,PIIANN,0.4,0.714223
2024-09-12 03:00:00,co,PIIANN,2.04,0.86964166
2024-02-03 23:00:00,co,PIIANN,0.5,0.77542406
2024-07-12 03:00:00,co,PIIANN,1.75,0.856978
2021-07-09 16:00:00,co,PIIANN,0.32,0.5628171
2023-07-09 17:00:00,co,PIIANN,0.3675,0.5641765
2024-10-05 16:00:00,co,PIIANN,0.38,0.61902666
2025-09-03 04:00:00,co,PIIANN,0.42,0.78872406
2025-02-02 02:00:00,co,PIIANN,0.62,0.7480079
2025-02-04 10:00:00,co,PIIANN,0.34,0.66547585
2022-12-10 00:00:00,co,PIIANN,0.31,0.7180483
2025-07-06 23:00:00,co,PIIANN,0.52,0.70719934
2022-10-12 11:00:00,co,PIIANN,1.03,1.163245
2024-07-09 17:00:00,co,PIIANN,1.36,0.62314284
2024-06-10 11:00:00,co,PIIANN,0.66,0.7093965
2024-12-07 11:00:00,co,PIIANN,0.49,0.61169195
2022-12-02 05:00:00,co,PIIANN,0.81,0.894555
2022-05-02 16:00:00,co,PIIANN,0.47,0.6776778
2025-02-05 15:00:00,co,PIIANN,0.43,0.6635922
2022-11-09 20:00:00,co,PIIANN,0.41,0.5638962
2023-12-08 00:00:00,co,PIIANN,0.49,0.60809886
2025-11-08 11:00:00,co,PIIANN,0.52,0.6334554
2025-06-12 19:00:00,co,PIIANN,2.31,0.99870265
2022-07-03 05:00:00,co,PIIANN,0.64,0.7935243
2021-04-10 07:00:00,co,PIIANN,0.28,0.873035
2025-04-07 09:00:00,co,PIIANN,0.44,0.6337956
2023-01-10 03:00:00,co,PIIANN,0.365,0.6179809
2021-12-07 10:00:00,co,PIIANN,0.22,0.563503
2024-08-02 19:00:00,co,PIIANN,1.13,0.7315931
2021-12-07 05:00:00,co,PIIANN,0.19,0.58920616
2023-07-05 13:00:00,co,PIIANN,0.1825,0.77303207
2024-05-08 20:00:00,co,PIIANN,0.4,0.59484035
2021-09-06 14:00:00,co,PIIANN,0.4,0.6999204
2024-10-01 17:00:00,co,PIIANN,0.55,0.9586311
2023-04-02 03:00:00,co,PIIANN,3.665,0.99701107
2024-12-06 22:00:00,co,PIIANN,0.43,0.6313864
2022-05-02 17:00:00,co,PIIANN,0.5,0.6740087
2025-11-13 00:00:00,co,PIIANN,3.6912007,1.1982769
2022-05-07 13:00:00,co,PIIANN,0.24000001,0.56737363
2023-01-04 19:00:00,co,PIIANN,0.8075,0.6263258
2021-06-06 21:00:00,co,PIIANN,0.36,0.61690575
2021-05-10 10:00:00,co,PIIANN,0.25,0.68243176
2024-05-06 00:00:00,co,PIIANN,0.36,0.6307871
2024-04-01 12:00:00,co,PIIANN,0.52,0.89281064
2022-02-03 16:00:00,co,PIIANN,0.395,0.7831895
2022-08-12 21:00:00,co,PIIANN,2.53,1.1501529
2023-01-03 13:00:00,co,PIIANN,1.2725,0.7998787
2022-10-09 05:00:00,co,PIIANN,0.25,0.6046274
2024-07-12 12:00:00,co,PIIANN,0.84,0.7903829
2024-11-04 04:00:00,co,PIIANN,1.1,0.79292184
2022-02-10 08:00:00,co,PIIANN,0.45,0.65557307
2021-02-08 00:00:00,co,PIIANN,0.18,0.65626264
2021-07-03 20:00:00,co,PIIANN,0.73,0.780989
2023-02-05 03:00:00,co,PIIANN,0.68,0.70109063
2023-02-08 14:00:00,co,PIIANN,0.23500004,0.5820674
2025-10-10 20:00:00,co,PIIANN,0.52,0.68723905
2022-02-01 17:00:00,co,PIIANN,0.41,0.83233553
2021-11-11 10:00:00,co,PIIANN,0.4,0.80282277
2021-06-05 19:00:00,co,PIIANN,0.34,0.5977775
2024-12-11 16:00:00,co,PIIANN,0.43,0.6977921
2024-09-10 01:00:00,co,PIIANN,1.04,0.6978632
2023-03-09 21:00:00,co,PIIANN,0.525,0.65722156
2023-01-05 16:00:00,co,PIIANN,0.3275,0.6740641
2025-06-12 09:00:00,co,PIIANN,0.69,0.90231204
2022-05-08 10:00:00,co,PIIANN,0.15000004,0.5678023
2022-04-03 02:00:00,co,PIIANN,0.8,0.8878277
2025-06-12 16:00:00,co,PIIANN,0.88,0.94653827
2025-12-12 01:00:00,co,PIIANN,3.37,1.1778119
2025-07-01 21:00:00,co,PIIANN,1.5,0.792079
2021-06-05 12:00:00,co,PIIANN,0.22,0.6210256
2021-03-08 02:00:00,co,PIIANN,0.16000003,0.65889925
2024-11-12 17:00:00,co,PIIANN,0.94,0.87291443
2022-02-04 20:00:00,co,PIIANN,0.19999999,0.60881835
2025-08-12 09:00:00,co,PIIANN,1.42,1.0741065
2025-03-11 16:00:00,co,PIIANN,0.55,0.6698717
2022-07-12 10:00:00,co,PIIANN,0.83,1.0514461
2021-12-09 21:00:00,co,PIIANN,0.24000001,0.5906835
2024-10-02 03:00:00,co,PIIANN,0.77,0.8106023
2021-08-10 18:00:00,co,PIIANN,0.32999998,0.7725123
2025-08-03 06:00:00,co,PIIANN,0.58,0.7765187
2023-12-06 19:00:00,co,PIIANN,0.5725,0.6208237
2024-03-05 06:00:00,co,PIIANN,0.19,0.6297356
2021-01-12 19:00:00,co,PIIANN,2.03,0.83042157
2022-06-05 06:00:00,co,PIIANN,0.35,0.64888227
2023-04-09 22:00:00,co,PIIANN,1.3175,0.6609978
2024-02-06 22:00:00,co,PIIANN,0.29,0.6104589
2022-06-10 19:00:00,co,PIIANN,0.84,0.5773433
2021-06-10 18:00:00,co,PIIANN,0.45,0.6705398
2023-06-08 23:00:00,co,PIIANN,0.45666668,0.6577555
2024-04-02 23:00:00,co,PIIANN,1.76,0.8884103
2023-12-09 21:00:00,co,PIIANN,1.885,0.6597211
2024-02-05 17:00:00,co,PIIANN,0.27,0.70824206
2022-05-07 04:00:00,co,PIIANN,0.12,0.6241095
2021-09-05 14:00:00,co,PIIANN,0.32,0.5850797
2021-02-02 23:00:00,co,PIIANN,3.4,1.0695672
2023-01-12 05:00:00,co,PIIANN,1.5375,0.8464355
2023-09-09 19:00:00,co,PIIANN,0.2425,0.56730324
2024-07-11 15:00:00,co,PIIANN,0.67,0.71063226
2022-08-06 11:00:00,co,PIIANN,0.26,0.6332631
2021-01-08 05:00:00,co,PIIANN,0.25,0.63925064
2022-12-02 11:00:00,co,PIIANN,0.4,0.8273926
2024-08-13 00:00:00,co,PIIANN,2.3696718,0.86004317
2023-01-04 23:00:00,co,PIIANN,0.63,0.66667116
2024-06-12 07:00:00,co,PIIANN,1.54,0.85277975
2024-07-07 21:00:00,co,PIIANN,0.19999999,0.5895464
2021-05-04 10:00:00,co,PIIANN,0.31,0.69708234
2025-11-05 05:00:00,co,PIIANN,0.4,0.7068596
2022-11-04 03:00:00,co,PIIANN,0.15000004,0.65879726
2023-02-07 16:00:00,co,PIIANN,0.3775,0.60733503
2024-01-08 10:00:00,co,PIIANN,0.6,0.6136196
2023-05-09 19:00:00,co,PIIANN,0.5575,0.5839205
2025-09-13 01:00:00,co,PIIANN,3.9021478,1.1055665
2023-05-01 13:00:00,co,PIIANN,0.885,0.87585706
2021-10-09 17:00:00,co,PIIANN,0.34,0.64335877
2024-06-01 16:00:00,co,PIIANN,0.58,0.97686213
2021-08-04 19:00:00,co,PIIANN,0.4,0.6623249
2025-02-02 11:00:00,co,PIIANN,0.59,0.6983085
2023-07-04 21:00:00,co,PIIANN,1.685,0.7652648
2023-12-06 06:00:00,co,PIIANN,0.22750002,0.6238262
2024-09-08 13:00:00,co,PIIANN,0.34,0.5852635
2025-12-07 11:00:00,co,PIIANN,0.45999998,0.63611394
2024-11-02 20:00:00,co,PIIANN,1.15,0.9556751
2022-05-12 20:00:00,co,PIIANN,-6.567525e-08,1.0574161
2021-11-09 10:00:00,co,PIIANN,0.21000001,0.59267235
2025-10-12 20:00:00,co,PIIANN,3.18,1.2408718
2022-06-12 16:00:00,co,PIIANN,0.36,0.9661668
2021-05-02 15:00:00,co,PIIANN,0.58,1.1378475
2024-05-11 23:00:00,co,PIIANN,2.6825001,0.87327987
2021-05-12 08:00:00,co,PIIANN,0.4,0.74665946
2022-11-08 03:00:00,co,PIIANN,0.28,0.6859267
2024-08-02 07:00:00,co,PIIANN,0.54,0.75286543
2025-01-05 05:00:00,co,PIIANN,0.68,0.71981937
2023-03-10 00:00:00,co,PIIANN,0.32,0.695984
2022-12-05 01:00:00,co,PIIANN,0.17000002,0.60933095
2021-01-05 07:00:00,co,PIIANN,0.36,0.65557957
2023-06-11 12:00:00,co,PIIANN,0.1925,0.73078674
2021-12-09 08:00:00,co,PIIANN,0.18,0.5837654
2025-02-09 17:00:00,co,PIIANN,0.36,0.71642286
2021-09-05 03:00:00,co,PIIANN,0.25,0.63341707
2021-12-07 13:00:00,co,PIIANN,0.24000001,0.56754684
2023-09-05 16:00:00,co,PIIANN,0.16250002,0.74083036
2025-09-03 21:00:00,co,PIIANN,0.42,0.72593486
2024-03-08 13:00:00,co,PIIANN,0.47,0.5892696
2025-12-06 16:00:00,co,PIIANN,0.34,0.64505607
2023-03-08 15:00:00,co,PIIANN,0.1925,0.59187675
2021-02-01 18:00:00,co,PIIANN,1.99,1.1642237
2025-03-12 04:00:00,co,PIIANN,1.76,1.1281149
2024-11-07 04:00:00,co,PIIANN,0.4,0.61938375
2021-12-03 16:00:00,co,PIIANN,0.39,0.6479263
2023-10-09 23:00:00,co,PIIANN,0.25333333,0.5926204
2022-12-09 06:00:00,co,PIIANN,0.32,0.6188158
2025-09-01 22:00:00,co,PIIANN,2.78,0.8909918
2024-01-07 01:00:00,co,PIIANN,0.59,0.64083546
2025-10-12 03:00:00,co,PIIANN,2.62,1.254176
2025-04-03 23:00:00,co,PIIANN,1.1,0.6886093
2025-05-07 12:00:00,co,PIIANN,0.43,0.63123184
2023-02-05 12:00:00,co,PIIANN,0.2575,0.70393693
2021-11-06 05:00:00,co,PIIANN,0.29,0.7038684
2022-05-11 19:00:00,co,PIIANN,1.82,0.8931734
2025-03-12 21:00:00,co,PIIANN,3.02,1.0599141
2023-01-12 02:00:00,co,PIIANN,1.965,0.8930145
2021-07-03 22:00:00,co,PIIANN,0.54,0.76333576
2024-06-03 15:00:00,co,PIIANN,0.37,0.6970824
2021-03-12 01:00:00,co,PIIANN,2.08,0.96216685
2022-02-11 02:00:00,co,PIIANN,0.89,0.7561754
2024-12-08 03:00:00,co,PIIANN,0.31,0.62903893
2024-07-10 10:00:00,co,PIIANN,0.45,0.670414
2021-08-06 22:00:00,co,PIIANN,0.32999998,0.6692394
2024-09-12 10:00:00,co,PIIANN,1.08,0.8345479
2022-03-02 15:00:00,co,PIIANN,0.32999998,0.7108951
2022-12-08 09:00:00,co,PIIANN,0.29,0.5973907
2024-02-10 09:00:00,co,PIIANN,0.94,0.682341
2025-01-07 20:00:00,co,PIIANN,0.48,0.61950386
2024-12-03 12:00:00,co,PIIANN,0.62,0.6861662
2024-03-02 06:00:00,co,PIIANN,0.5,0.7144214
2023-10-07 23:00:00,co,PIIANN,0.46333334,0.6003451
2023-05-06 23:00:00,co,PIIANN,0.6766667,0.72243565
2023-09-11 05:00:00,co,PIIANN,2.035,0.95543784
2025-07-04 19:00:00,co,PIIANN,0.39,0.6209849
2023-04-09 05:00:00,co,PIIANN,0.645,0.64804256
2022-03-10 10:00:00,co,PIIANN,0.28,0.5925529
2024-09-12 14:00:00,co,PIIANN,0.9,0.82486814
2023-10-02 10:00:00,co,PIIANN,2.135,1.0483828
2023-06-02 22:00:00,co,PIIANN,1.3749999,0.88980824
2024-02-05 01:00:00,co,PIIANN,0.11000001,0.70665205
2025-03-12 12:00:00,co,PIIANN,0.91,1.0803822
2021-07-03 00:00:00,co,PIIANN,0.61,0.8071107
2023-10-12 19:00:00,co,PIIANN,2.1325,0.81368834
2022-11-10 11:00:00,co,PIIANN,0.43,0.6216729
2025-09-10 21:00:00,co,PIIANN,1.1,0.7192215
2022-08-07 14:00:00,co,PIIANN,0.24000001,0.5582132
2022-11-05 13:00:00,co,PIIANN,0.069999985,0.6219641
2021-05-08 02:00:00,co,PIIANN,0.22,0.6732602
2025-10-12 16:00:00,co,PIIANN,0.88,1.1797488
2023-06-03 17:00:00,co,PIIANN,2.0025,0.7783972
2025-02-02 01:00:00,co,PIIANN,0.66,0.7718571
2022-01-11 15:00:00,co,PIIANN,0.69,0.717468
2024-12-11 14:00:00,co,PIIANN,0.37,0.6959985
2023-09-06 05:00:00,co,PIIANN,0.45999998,0.6296147
2021-03-01 16:00:00,co,PIIANN,0.6,1.2149471
2023-04-09 17:00:00,co,PIIANN,0.635,0.59214014
2022-01-02 08:00:00,co,PIIANN,0.52,0.74718046
2024-05-02 22:00:00,co,PIIANN,0.87,0.8371313
2021-03-09 06:00:00,co,PIIANN,0.35,0.6133121
2024-10-03 07:00:00,co,PIIANN,1.08,0.79002994
2025-12-06 09:00:00,co,PIIANN,0.38,0.6385285
2024-07-11 11:00:00,co,PIIANN,0.68,0.70896024
2022-09-08 17:00:00,co,PIIANN,0.19,0.53835535
2025-01-11 08:00:00,co,PIIANN,0.4,0.62711143
2023-08-12 14:00:00,co,PIIANN,1.1725,0.60796523
2025-05-09 20:00:00,co,PIIANN,0.51,0.9198706
2023-05-03 18:00:00,co,PIIANN,1.955,0.8090155
2024-05-02 21:00:00,co,PIIANN,0.94,0.8534141
2021-06-05 16:00:00,co,PIIANN,0.22,0.5919953
2025-01-04 22:00:00,co,PIIANN,0.4,0.6593388
2021-07-02 07:00:00,co,PIIANN,0.42,0.81012505
2024-10-12 19:00:00,co,PIIANN,1.07,0.83355165
2021-11-07 00:00:00,co,PIIANN,0.12,0.75095487
2024-07-08 15:00:00,co,PIIANN,0.48,0.5815426
2022-06-04 22:00:00,co,PIIANN,0.21000001,0.6040558
2025-01-08 13:00:00,co,PIIANN,0.34,0.64420307
2024-09-12 08:00:00,co,PIIANN,1.22,0.82621807
2022-08-08 21:00:00,co,PIIANN,0.26,0.562148
2025-04-05 19:00:00,co,PIIANN,0.45,0.6482049
2025-11-05 22:00:00,co,PIIANN,0.48,0.7003797
2025-11-02 07:00:00,co,PIIANN,0.39,0.73082656
2022-06-04 02:00:00,co,PIIANN,0.17000002,0.6586424
2023-12-12 23:00:00,co,PIIANN,2.4533334,0.93919843
2024-03-05 03:00:00,co,PIIANN,0.13,0.6621161
2023-12-12 21:00:00,co,PIIANN,2.0125003,0.91477054
2022-07-07 05:00:00,co,PIIANN,0.22,0.58856356
2025-02-12 04:00:00,co,PIIANN,0.95,1.0602103
2023-05-07 12:00:00,co,PIIANN,0.24000001,0.57072765
2021-12-01 17:00:00,co,PIIANN,0.57,1.0311899
2023-10-03 04:00:00,co,PIIANN,1.6825,0.80741185
2022-04-12 11:00:00,co,PIIANN,0.5,1.0826513
2024-02-08 20:00:00,co,PIIANN,0.5,0.6020212
2023-03-10 02:00:00,co,PIIANN,0.3,0.63192564
2024-07-08 01:00:00,co,PIIANN,0.47,0.624198
2025-06-12 03:00:00,co,PIIANN,0.8,0.918821
2021-10-05 15:00:00,co,PIIANN,0.22,0.61738515
2021-11-04 14:00:00,co,PIIANN,0.37,0.67113197
2024-12-08 20:00:00,co,PIIANN,0.31,0.600851
2022-05-10 05:00:00,co,PIIANN,0.77,0.627446
2024-06-04 04:00:00,co,PIIANN,0.72,0.6643166
2022-11-02 16:00:00,co,PIIANN,0.61,0.95035475
2024-01-12 03:00:00,co,PIIANN,0.74,0.76559305
2022-04-11 16:00:00,co,PIIANN,0.8,0.80219686
2022-07-04 05:00:00,co,PIIANN,0.17000002,0.61258835
2022-12-10 17:00:00,co,PIIANN,0.48,0.5687288
2025-07-10 21:00:00,co,PIIANN,0.52,0.7103916
2021-02-11 14:00:00,co,PIIANN,0.3,0.9375525
2021-09-10 15:00:00,co,PIIANN,1.58,0.8627952
2025-10-11 12:00:00,co,PIIANN,0.65,1.0044292
2022-04-02 05:00:00,co,PIIANN,0.38,0.67710316
2025-12-04 14:00:00,co,PIIANN,0.48,0.64483416
2021-07-02 21:00:00,co,PIIANN,1.55,0.75819486
2022-02-02 01:00:00,co,PIIANN,0.81,0.7976938
2023-03-04 03:00:00,co,PIIANN,0.3425,0.662899
2025-04-06 16:00:00,co,PIIANN,4.1500006,0.77324337
2021-08-09 22:00:00,co,PIIANN,0.32999998,0.5835373
2025-12-09 18:00:00,co,PIIANN,0.5,0.6061651
2023-06-03 20:00:00,co,PIIANN,1.83,0.82107276
2022-08-01 23:00:00,co,PIIANN,3.08,0.9710283
2023-07-03 10:00:00,co,PIIANN,1.2575,0.7743392
2025-05-11 01:00:00,co,PIIANN,1.23,1.0732127
2025-03-12 08:00:00,co,PIIANN,1.25,1.1028048
2022-07-04 11:00:00,co,PIIANN,0.16000003,0.61166304
2024-02-10 19:00:00,co,PIIANN,1.06,0.67430633
2023-09-01 23:00:00,co,PIIANN,1.8033333,1.0839173
2021-02-10 18:00:00,co,PIIANN,0.26,0.63464516
2022-06-01 12:00:00,co,PIIANN,0.36,1.0147218
2023-07-05 20:00:00,co,PIIANN,0.5675,0.808807
2024-07-03 11:00:00,co,PIIANN,0.4,0.7285372
2025-02-03 15:00:00,co,PIIANN,0.55,0.6958583
2022-08-04 04:00:00,co,PIIANN,0.17000002,0.62969697
2023-05-04 12:00:00,co,PIIANN,0.975,0.65981734
2025-06-10 00:00:00,co,PIIANN,0.71,0.79419124
2021-04-10 18:00:00,co,PIIANN,0.35,0.8003941
2022-08-06 09:00:00,co,PIIANN,0.27,0.6326477
2025-01-12 19:00:00,co,PIIANN,1.58,1.114198
2025-04-10 19:00:00,co,PIIANN,0.41,0.6472605
2023-02-12 16:00:00,co,PIIANN,1.035,0.70916355
2025-07-02 09:00:00,co,PIIANN,0.79,0.816472
2025-09-10 10:00:00,co,PIIANN,0.45999998,0.7119971
2023-05-10 13:00:00,co,PIIANN,0.4475,0.7313758
2022-11-08 22:00:00,co,PIIANN,0.47,0.591191
2024-04-09 20:00:00,co,PIIANN,0.48,0.59732157
2024-09-10 17:00:00,co,PIIANN,0.45999998,0.6360105
2024-01-09 23:00:00,co,PIIANN,0.47,0.6051871
2022-08-09 11:00:00,co,PIIANN,0.36,0.58372265
2023-08-09 03:00:00,co,PIIANN,0.2675,0.5964916
2025-07-05 14:00:00,co,PIIANN,0.55,0.6896837
2021-07-02 19:00:00,co,PIIANN,0.87,0.7325839
2022-07-10 11:00:00,co,PIIANN,0.84,0.5971026
2025-12-07 07:00:00,co,PIIANN,0.43,0.6421216
2022-06-05 13:00:00,co,PIIANN,0.25,0.648862
2024-06-03 21:00:00,co,PIIANN,1.03,0.71927273
2025-10-11 14:00:00,co,PIIANN,0.55,1.0028623
2022-10-12 19:00:00,co,PIIANN,1.5999999,1.0911443
2024-09-06 16:00:00,co,PIIANN,0.38,0.6169387
2021-08-11 06:00:00,co,PIIANN,0.58,0.80862314
2021-02-07 08:00:00,co,PIIANN,0.28,0.62087566
2023-12-07 11:00:00,co,PIIANN,0.35250002,0.58288306
2024-08-08 15:00:00,co,PIIANN,0.45999998,0.57098013
2023-10-05 09:00:00,co,PIIANN,0.17000002,0.654701
2025-07-01 22:00:00,co,PIIANN,1.47,0.8100307
2023-11-12 21:00:00,co,PIIANN,1.5275,0.84841716
2025-03-09 08:00:00,co,PIIANN,0.35,0.7402381
2025-01-11 00:00:00,co,PIIANN,0.38,0.6913689
2022-10-08 07:00:00,co,PIIANN,0.27,0.6797862
2022-10-11 00:00:00,co,PIIANN,2.9,0.5933848
2021-06-11 02:00:00,co,PIIANN,0.54,0.93495816
2021-08-08 06:00:00,co,PIIANN,0.12,0.61330205
2024-01-02 02:00:00,co,PIIANN,0.37,0.7426401
2023-03-06 11:00:00,co,PIIANN,0.695,0.6695108
2024-01-11 19:00:00,co,PIIANN,2.32,0.7536847
2023-09-03 12:00:00,co,PIIANN,1.305,0.77128696
2025-11-11 03:00:00,co,PIIANN,1.23,1.0949495
2023-11-06 22:00:00,co,PIIANN,0.30250004,0.62883955
2024-06-09 20:00:00,co,PIIANN,0.63,0.59695816
2021-02-07 23:00:00,co,PIIANN,0.36,0.6468136
2024-11-11 17:00:00,co,PIIANN,0.73,0.6877809
2023-07-10 15:00:00,co,PIIANN,0.515,0.6535377
2021-01-05 13:00:00,co,PIIANN,0.3,0.6575272
2022-10-05 16:00:00,co,PIIANN,0.31,0.5667549
2023-12-02 06:00:00,co,PIIANN,1.115,0.74763
2024-01-12 04:00:00,co,PIIANN,0.72,0.7431518
2021-05-11 12:00:00,co,PIIANN,0.3,0.9650116
2025-06-05 14:00:00,co,PIIANN,0.44,0.6561388
2023-05-08 18:00:00,co,PIIANN,0.5275,0.6248084
2023-03-13 01:00:00,co,PIIANN,1.4356966,0.92012256
2025-11-06 05:00:00,co,PIIANN,0.38,0.7177391
2021-10-02 16:00:00,co,PIIANN,0.54,1.0991259
2025-05-03 21:00:00,co,PIIANN,1.15,0.6747995
2021-02-07 12:00:00,co,PIIANN,0.26,0.6300089
2025-05-09 12:00:00,co,PIIANN,0.39,0.88163453
2025-06-12 13:00:00,co,PIIANN,0.72,0.92944765
2024-12-08 00:00:00,co,PIIANN,0.4,0.62412006
2021-02-04 22:00:00,co,PIIANN,0.41,0.7131299
2021-04-12 14:00:00,co,PIIANN,0.99,0.792293
2021-04-03 08:00:00,co,PIIANN,0.9,0.8668826
2024-07-07 06:00:00,co,PIIANN,0.012000018,0.5914601
2025-08-06 14:00:00,co,PIIANN,0.48,0.6831827
2022-10-01 23:00:00,co,PIIANN,1.24,0.9718776
2021-12-03 11:00:00,co,PIIANN,0.37,0.6516289
2021-09-04 16:00:00,co,PIIANN,0.36,0.65223247
2021-08-11 18:00:00,co,PIIANN,0.76,0.78229606
2025-09-07 02:00:00,co,PIIANN,0.47,0.63861436
2023-02-11 05:00:00,co,PIIANN,0.96,0.75588447
2023-01-03 20:00:00,co,PIIANN,1.28,0.78577715
2024-02-11 02:00:00,co,PIIANN,1.71,0.81473976
2021-02-08 06:00:00,co,PIIANN,0.25,0.63318676
2021-01-12 17:00:00,co,PIIANN,0.78,0.82034594
2022-04-05 19:00:00,co,PIIANN,0.26,0.60817385
2025-11-06 12:00:00,co,PIIANN,0.43,0.67944664
2023-01-07 06:00:00,co,PIIANN,0.37,0.61428285
2022-06-11 00:00:00,co,PIIANN,2.46,0.6422604
2021-05-07 03:00:00,co,PIIANN,0.17000002,0.6371733
2025-06-05 18:00:00,co,PIIANN,0.54,0.6661212
2024-06-02 11:00:00,co,PIIANN,0.19,0.7988681
2025-12-11 11:00:00,co,PIIANN,0.73,1.0857903
2022-03-06 09:00:00,co,PIIANN,0.32,0.63567674
2021-08-02 14:00:00,co,PIIANN,0.4,0.8184983
2023-11-03 20:00:00,co,PIIANN,1.765,0.7999138
2022-01-08 17:00:00,co,PIIANN,0.29,0.5918778
2024-09-12 06:00:00,co,PIIANN,1.44,0.83559185
2022-04-05 12:00:00,co,PIIANN,0.21000001,0.6164368
2021-06-05 07:00:00,co,PIIANN,0.36,0.6136118
2021-01-07 03:00:00,co,PIIANN,0.22,0.63949573
2021-04-06 23:00:00,co,PIIANN,0.27,0.6382961
2025-01-10 10:00:00,co,PIIANN,0.45999998,0.6995575
2021-06-06 09:00:00,co,PIIANN,0.29,0.63845885
2021-09-13 00:00:00,co,PIIANN,0.5105312,0.74785995
2023-01-03 03:00:00,co,PIIANN,1.4525,0.7857363
2024-05-02 01:00:00,co,PIIANN,1.18,0.8894755
2022-01-06 22:00:00,co,PIIANN,0.28,0.650065
2022-04-12 06:00:00,co,PIIANN,0.74,1.0873582
2023-03-03 13:00:00,co,PIIANN,0.8125,0.80715716
2022-09-11 16:00:00,co,PIIANN,0.82,0.8304818
2024-07-09 07:00:00,co,PIIANN,0.41,0.5968614
2025-05-11 06:00:00,co,PIIANN,1.17,1.1199157
2021-09-02 18:00:00,co,PIIANN,1.02,1.0024164
2022-11-06 04:00:00,co,PIIANN,0.24000001,0.6430928
2023-01-02 07:00:00,co,PIIANN,1.2325,1.001119
2022-08-11 12:00:00,co,PIIANN,0.77666664,0.78352827
2025-12-07 22:00:00,co,PIIANN,0.92,0.6860055
2022-08-09 15:00:00,co,PIIANN,0.35,0.5732297
2022-01-03 02:00:00,co,PIIANN,0.88,0.8235013
2024-12-01 23:00:00,co,PIIANN,0.73,0.91756636
2023-05-07 20:00:00,co,PIIANN,0.455,0.5819646
2021-02-04 06:00:00,co,PIIANN,0.36,0.7244698
2025-01-13 02:00:00,co,PIIANN,1.2176367,1.0018117
2022-08-07 05:00:00,co,PIIANN,0.19999999,0.57378274
2023-11-04 16:00:00,co,PIIANN,0.7725,0.8286155
2024-09-04 22:00:00,co,PIIANN,1.03,0.7156024
2025-12-11 19:00:00,co,PIIANN,1.58,1.10803
2024-12-06 08:00:00,co,PIIANN,0.39,0.61211336
2022-03-05 02:00:00,co,PIIANN,0.16000003,0.61586887
2023-04-04 13:00:00,co,PIIANN,0.485,0.6219061
2024-01-10 08:00:00,co,PIIANN,0.79,0.67195445
2023-07-04 01:00:00,co,PIIANN,1.2125,0.7569047
2023-11-06 13:00:00,co,PIIANN,0.32999998,0.6236374
2024-12-07 15:00:00,co,PIIANN,0.51,0.6011361
2022-04-08 03:00:00,co,PIIANN,0.12,0.6517017
2023-09-06 10:00:00,co,PIIANN,0.052500002,0.61201376
2024-02-07 07:00:00,co,PIIANN,0.42,0.63837767
2021-09-02 02:00:00,co,PIIANN,2.33,0.94001657
2021-01-09 08:00:00,co,PIIANN,0.12,0.6065736
2024-01-12 13:00:00,co,PIIANN,0.53,0.70164967
2025-08-04 16:00:00,co,PIIANN,0.3,0.6155439
2022-08-09 10:00:00,co,PIIANN,0.38,0.5822596
2022-01-12 00:00:00,co,PIIANN,2.22,0.7738415
2024-04-04 02:00:00,co,PIIANN,0.43,0.6680793
2023-07-04 17:00:00,co,PIIANN,1.3425,0.7511952
2025-06-08 18:00:00,co,PIIANN,0.44,0.63144165
2025-12-01 10:00:00,co,PIIANN,1.88,1.0532507
2023-05-05 00:00:00,co,PIIANN,0.31,0.72893316
2024-05-07 00:00:00,co,PIIANN,0.16000003,0.64831877
2023-03-11 01:00:00,co,PIIANN,1.0875,0.85063654
2022-03-10 14:00:00,co,PIIANN,0.36,0.57912666
2023-10-03 10:00:00,co,PIIANN,1.6675,0.8060605
2021-04-12 03:00:00,co,PIIANN,0.65,0.86007786
2025-11-10 12:00:00,co,PIIANN,0.3,0.6869594
2021-02-03 04:00:00,co,PIIANN,0.48,0.7456339
2021-05-05 21:00:00,co,PIIANN,0.3,0.6357127
2022-09-03 18:00:00,co,PIIANN,0.67,0.8275966
2022-12-05 17:00:00,co,PIIANN,0.18,0.6180996
2025-12-05 16:00:00,co,PIIANN,0.45,0.72207415
2021-01-04 15:00:00,co,PIIANN,0.39,0.78946203
2021-09-05 05:00:00,co,PIIANN,0.28,0.6110416
2025-08-06 19:00:00,co,PIIANN,0.55,0.69981897
2021-02-10 12:00:00,co,PIIANN,0.26,0.65608865
2023-01-09 14:00:00,co,PIIANN,0.765,0.69915247
2022-11-04 20:00:00,co,PIIANN,0.25,0.5825383
2021-08-11 01:00:00,co,PIIANN,0.64,0.90086025
2021-04-09 13:00:00,co,PIIANN,0.39,0.6400568
2022-03-09 06:00:00,co,PIIANN,0.32999998,0.5974901
2022-03-10 04:00:00,co,PIIANN,0.37,0.6525743
2024-07-06 17:00:00,co,PIIANN,0.4,0.62991947
2022-08-04 09:00:00,co,PIIANN,0.17500001,0.60565925
2021-12-09 20:00:00,co,PIIANN,0.25,0.58227634
2025-04-05 08:00:00,co,PIIANN,0.45999998,0.6798313
2022-03-08 14:00:00,co,PIIANN,0.16000003,0.5919558
2023-10-02 11:00:00,co,PIIANN,1.6475,1.0364665
2025-12-10 00:00:00,co,PIIANN,0.5,0.65447557
2022-09-07 19:00:00,co,PIIANN,0.35,0.5590964
2022-11-08 07:00:00,co,PIIANN,0.29,0.59879214
2022-11-11 15:00:00,co,PIIANN,0.77,0.782856
2023-02-05 14:00:00,co,PIIANN,0.2425,0.71998113
2024-11-04 21:00:00,co,PIIANN,1.13,0.7603892
2025-09-02 19:00:00,co,PIIANN,1.14,0.8729262
2023-09-06 21:00:00,co,PIIANN,0.057499997,0.5946873
2023-11-08 04:00:00,co,PIIANN,0.4775,0.67777896
2022-03-06 13:00:00,co,PIIANN,0.26,0.63434833
2024-06-09 15:00:00,co,PIIANN,0.45,0.5989499
2022-11-07 11:00:00,co,PIIANN,0.28,0.5495219
2021-12-11 19:00:00,co,PIIANN,0.53,0.7107452
2022-06-05 12:00:00,co,PIIANN,0.28,0.65172464
2022-10-09 03:00:00,co,PIIANN,0.19,0.6213964
2025-06-04 13:00:00,co,PIIANN,0.42,0.6765654
2023-10-08 23:00:00,co,PIIANN,0.45666668,0.712916
2022-02-11 23:00:00,co,PIIANN,0.99,0.73752284
2023-08-05 14:00:00,co,PIIANN,0.1825,0.64740896
2021-04-10 00:00:00,co,PIIANN,0.41,0.63129705
2024-09-05 10:00:00,co,PIIANN,0.39,0.6048016
2024-09-12 09:00:00,co,PIIANN,1.16,0.83144945
2021-11-12 19:00:00,co,PIIANN,1.03,1.0149809
2024-03-12 13:00:00,co,PIIANN,0.7,0.803726
2024-08-02 21:00:00,co,PIIANN,1.11,0.74107987
2024-06-11 00:00:00,co,PIIANN,1.18,0.7043675
2021-09-08 14:00:00,co,PIIANN,0.16000003,0.60104305
2025-04-09 22:00:00,co,PIIANN,0.64,0.7869424
2022-07-09 15:00:00,co,PIIANN,0.3,0.6250128
2021-03-07 14:00:00,co,PIIANN,0.31,0.630344
2025-12-08 17:00:00,co,PIIANN,0.43,0.6417526
2025-07-12 01:00:00,co,PIIANN,2.89,1.0508116
2024-11-08 19:00:00,co,PIIANN,0.39,0.59211326
2023-08-10 18:00:00,co,PIIANN,0.5675,0.67464226
2025-07-06 02:00:00,co,PIIANN,0.48,0.723242
2023-12-02 04:00:00,co,PIIANN,1.175,0.77195495
2022-02-03 12:00:00,co,PIIANN,0.37,0.8016738
2021-11-05 03:00:00,co,PIIANN,0.26,0.60574704
2023-05-11 17:00:00,co,PIIANN,0.23749998,0.73715234
2023-03-12 10:00:00,co,PIIANN,1.26,0.78229934
2025-04-07 10:00:00,co,PIIANN,0.5,0.6337479
2021-06-09 02:00:00,co,PIIANN,0.13999999,0.5879278
2024-07-03 20:00:00,co,PIIANN,0.95,0.7479993
2023-02-10 12:00:00,co,PIIANN,0.4525,0.5978159
2024-07-04 16:00:00,co,PIIANN,0.51,0.6336752
2022-04-04 05:00:00,co,PIIANN,0.13,0.6174199
2021-05-08 20:00:00,co,PIIANN,0.57,0.6377576
2025-12-02 17:00:00,co,PIIANN,0.72,0.78886354
2021-02-09 08:00:00,co,PIIANN,0.17000002,0.6123358
2023-08-04 05:00:00,co,PIIANN,1.4025,0.7151851
2025-12-03 18:00:00,co,PIIANN,0.49,0.7530104
2022-12-06 20:00:00,co,PIIANN,0.27,0.61296535
2021-04-07 07:00:00,co,PIIANN,0.24000001,0.62828904
2022-02-02 15:00:00,co,PIIANN,0.28,0.758184
2025-11-08 02:00:00,co,PIIANN,0.45,0.6644462
2025-11-10 04:00:00,co,PIIANN,0.56,0.7111055
2025-09-10 06:00:00,co,PIIANN,0.82,0.72325456
2023-10-07 05:00:00,co,PIIANN,0.3775,0.6055148
2021-11-01 21:00:00,co,PIIANN,0.92,1.0060179
2024-07-03 13:00:00,co,PIIANN,0.43,0.7284777
2022-06-09 01:00:00,co,PIIANN,0.19999999,0.6591477
2022-08-02 11:00:00,co,PIIANN,0.55,0.75529265
2022-12-04 21:00:00,co,PIIANN,0.21000001,0.58880264
2021-12-01 23:00:00,co,PIIANN,0.71,1.0089852
2025-09-05 14:00:00,co,PIIANN,0.48,0.69137305
2023-04-11 13:00:00,co,PIIANN,0.14749998,0.70116657
2023-03-03 04:00:00,co,PIIANN,1.6825,0.812701
2025-03-10 17:00:00,co,PIIANN,0.42,0.61492336
2022-06-02 02:00:00,co,PIIANN,0.79,0.8247794
2022-03-02 11:00:00,co,PIIANN,0.24000001,0.7227014
2021-01-12 08:00:00,co,PIIANN,0.55,0.86800766
2025-10-02 21:00:00,co,PIIANN,0.48,0.8036079
2025-02-11 13:00:00,co,PIIANN,0.52,0.65469
2024-05-10 04:00:00,co,PIIANN,0.78,0.68449163
2024-05-01 11:00:00,co,PIIANN,0.96,1.0038872
2025-06-05 21:00:00,co,PIIANN,0.52,0.66747767
2024-06-12 04:00:00,co,PIIANN,2.09,0.8730587
2023-03-03 11:00:00,co,PIIANN,0.92,0.8131186
2022-12-05 03:00:00,co,PIIANN,0.10000002,0.61482805
2025-08-13 00:00:00,co,PIIANN,1.7182932,1.0846286
2023-04-12 23:00:00,co,PIIANN,1.87,0.8223696
2024-01-12 05:00:00,co,PIIANN,0.72,0.727812
2022-09-03 08:00:00,co,PIIANN,0.38,0.8578153
2023-12-12 11:00:00,co,PIIANN,1.17,0.8658301
2025-07-03 11:00:00,co,PIIANN,0.49,0.6652597
2022-11-05 03:00:00,co,PIIANN,0.090000026,0.6472066
2022-03-04 00:00:00,co,PIIANN,0.13,0.9160229
2021-07-06 13:00:00,co,PIIANN,0.31,0.62831324
2023-04-03 12:00:00,co,PIIANN,1.1325,0.78790605
2023-05-03 02:00:00,co,PIIANN,1.85,0.86008584
2023-03-07 14:00:00,co,PIIANN,0.3875,0.5932962
2025-07-05 00:00:00,co,PIIANN,0.51,0.6338418
2023-06-02 20:00:00,co,PIIANN,1.41,0.95030624
2025-01-03 04:00:00,co,PIIANN,0.5,0.7228915
2024-09-02 12:00:00,co,PIIANN,0.3,0.73906285
2021-06-01 17:00:00,co,PIIANN,2.01,1.1421287
2024-11-04 22:00:00,co,PIIANN,0.75,0.7484724
2022-03-09 22:00:00,co,PIIANN,0.47,0.6196489
2021-06-07 22:00:00,co,PIIANN,0.27,0.6837802
2024-02-01 20:00:00,co,PIIANN,0.9,0.93964505
2023-10-10 10:00:00,co,PIIANN,0.23500004,0.72393274
2023-10-02 06:00:00,co,PIIANN,2.65,0.9695257
2022-01-04 20:00:00,co,PIIANN,0.28,0.61783653
2024-04-01 22:00:00,co,PIIANN,2.77,0.9438545
2023-05-12 13:00:00,co,PIIANN,0.58,0.7309788
2022-01-10 17:00:00,co,PIIANN,0.54,0.6670944
2025-02-08 13:00:00,co,PIIANN,0.39,0.6527421
2025-11-11 20:00:00,co,PIIANN,1.39,1.0607519
2024-07-04 04:00:00,co,PIIANN,0.63,0.6567215
2022-06-12 22:00:00,co,PIIANN,1.56,1.0003241
2023-06-12 02:00:00,co,PIIANN,0.5275,0.7322113
2023-03-12 08:00:00,co,PIIANN,1.3275,0.77397287
2023-08-03 21:00:00,co,PIIANN,1.465,0.8399422
2021-06-08 21:00:00,co,PIIANN,0.25,0.631033
2021-03-03 22:00:00,co,PIIANN,1.18,0.7757167
2025-09-06 20:00:00,co,PIIANN,0.5,0.7243061
2025-05-08 19:00:00,co,PIIANN,0.5,0.64763415
2023-06-10 05:00:00,co,PIIANN,0.4575,0.72642916
2022-02-10 18:00:00,co,PIIANN,0.56,0.59724957
2022-06-03 17:00:00,co,PIIANN,0.41,0.7758407
2023-08-09 21:00:00,co,PIIANN,0.435,0.5851052
2024-10-12 04:00:00,co,PIIANN,0.97,0.826952
2024-02-08 12:00:00,co,PIIANN,0.39,0.59164315
2025-03-09 11:00:00,co,PIIANN,0.36,0.716806
2023-08-10 15:00:00,co,PIIANN,0.6025,0.67879397
2021-02-02 09:00:00,co,PIIANN,1.23,1.1596305
2021-01-06 03:00:00,co,PIIANN,0.22,0.6293663
2025-03-07 11:00:00,co,PIIANN,0.34,0.6152221
2021-04-07 04:00:00,co,PIIANN,0.26,0.66027844
2025-04-06 11:00:00,co,PIIANN,2.3000002,0.7111701
2023-07-07 12:00:00,co,PIIANN,0.3425,0.5968672
2025-12-03 03:00:00,co,PIIANN,0.42,0.74145234
2024-05-10 06:00:00,co,PIIANN,0.76,0.6797763
2022-09-07 21:00:00,co,PIIANN,0.28,0.5804005
2023-03-04 16:00:00,co,PIIANN,0.15500003,0.66968036
2023-09-04 05:00:00,co,PIIANN,1.53,0.72937936
2021-11-07 18:00:00,co,PIIANN,0.3,0.5790852
2021-11-10 23:00:00,co,PIIANN,0.77,0.9337268
2025-02-01 23:00:00,co,PIIANN,1.56,0.8465778
2023-04-05 11:00:00,co,PIIANN,0.3425,0.661155
2024-01-11 05:00:00,co,PIIANN,0.55,0.73639613
2021-03-05 01:00:00,co,PIIANN,0.29,0.67875564
2024-05-02 03:00:00,co,PIIANN,0.92,0.86763227
2021-10-05 08:00:00,co,PIIANN,0.35,0.59658676
2021-08-05 15:00:00,co,PIIANN,0.28,0.5874941
2025-08-07 16:00:00,co,PIIANN,0.43,0.6050236
2021-09-10 13:00:00,co,PIIANN,0.44,0.8248433
2023-07-09 08:00:00,co,PIIANN,0.255,0.5714872
2025-03-03 12:00:00,co,PIIANN,0.35,0.66791487
2024-01-12 00:00:00,co,PIIANN,0.9,0.79534316
2021-08-01 16:00:00,co,PIIANN,0.51,1.069567
2022-01-11 20:00:00,co,PIIANN,1.05,0.7183195
2023-07-12 12:00:00,co,PIIANN,0.64,0.64974195
2024-11-08 14:00:00,co,PIIANN,0.37,0.5838648
2023-12-07 12:00:00,co,PIIANN,0.405,0.5789825
2023-10-03 01:00:00,co,PIIANN,1.645,0.80333054
2025-07-09 12:00:00,co,PIIANN,0.32999998,0.6948421
2023-01-02 08:00:00,co,PIIANN,1.1575,0.9831163
2025-05-05 10:00:00,co,PIIANN,0.4,0.6643076
2025-07-11 14:00:00,co,PIIANN,0.62,0.94145864
2023-11-09 14:00:00,co,PIIANN,0.255,0.5760737
2021-09-09 04:00:00,co,PIIANN,0.17000002,0.6224255
2023-05-01 12:00:00,co,PIIANN,0.855,0.88308746
2023-02-09 04:00:00,co,PIIANN,0.5625,0.7188003
2024-10-02 08:00:00,co,PIIANN,0.59,0.79644245
2022-03-06 12:00:00,co,PIIANN,0.3,0.6405349
2025-08-11 02:00:00,co,PIIANN,0.7,0.9889842
2023-04-05 22:00:00,co,PIIANN,0.30500004,0.66218436
2023-07-01 19:00:00,co,PIIANN,1.3275,0.89332736
2025-07-05 01:00:00,co,PIIANN,0.45,0.68325365
2024-06-11 13:00:00,co,PIIANN,0.22,0.7215206
2025-05-11 18:00:00,co,PIIANN,1.2,1.1543636
2023-12-12 08:00:00,co,PIIANN,1.0525,0.8567388
2023-11-03 00:00:00,co,PIIANN,1.7925,0.8334017
2023-02-02 20:00:00,co,PIIANN,1.31,0.78860575
2023-03-04 01:00:00,co,PIIANN,0.3825,0.70807225
2021-04-11 19:00:00,co,PIIANN,1.04,0.93582374
2023-12-10 09:00:00,co,PIIANN,0.3475,0.78482753
2023-09-07 15:00:00,co,PIIANN,0.43,0.57992923
2021-12-11 03:00:00,co,PIIANN,0.65,0.8343044
2021-07-06 17:00:00,co,PIIANN,0.26,0.6425127
2024-04-03 08:00:00,co,PIIANN,0.54,0.71412146
2023-11-04 17:00:00,co,PIIANN,1.2225,0.8219326
2023-03-11 22:00:00,co,PIIANN,0.29,0.8212835
2023-05-07 01:00:00,co,PIIANN,0.49,0.6560108
2024-04-12 12:00:00,co,PIIANN,1.09,0.89775217
2024-09-10 15:00:00,co,PIIANN,0.45999998,0.6693901
2025-09-03 18:00:00,co,PIIANN,0.45,0.72695804
2023-10-07 14:00:00,co,PIIANN,0.385,0.5870815
2022-07-06 08:00:00,co,PIIANN,0.26,0.63493574
2022-03-04 07:00:00,co,PIIANN,0.16000003,0.6171472
2025-04-10 15:00:00,co,PIIANN,0.36,0.6408281
2024-08-01 13:00:00,co,PIIANN,0.69,1.0143814
2021-08-05 18:00:00,co,PIIANN,0.37,0.58637726
2024-03-04 15:00:00,co,PIIANN,0.78,0.77737594
2024-03-09 20:00:00,co,PIIANN,0.5,0.5983746
2025-09-06 13:00:00,co,PIIANN,0.5,0.69788104
2023-08-01 22:00:00,co,PIIANN,1.56,1.1271616
2024-12-05 05:00:00,co,PIIANN,0.52,0.67363906
2023-08-11 08:00:00,co,PIIANN,0.87,0.8953578
2021-02-04 10:00:00,co,PIIANN,0.36,0.7385153
2025-01-10 02:00:00,co,PIIANN,0.56,0.74498725
2022-10-01 11:00:00,co,PIIANN,0.26,0.884345
2021-05-07 17:00:00,co,PIIANN,0.3,0.6212665
2025-08-08 00:00:00,co,PIIANN,0.36,0.64263105
2025-10-05 10:00:00,co,PIIANN,0.43,0.70765805
2023-03-05 12:00:00,co,PIIANN,0.34,0.6830984
2022-04-11 09:00:00,co,PIIANN,1.11,0.8226917
2024-12-10 22:00:00,co,PIIANN,0.58,0.6957544
2022-09-04 13:00:00,co,PIIANN,0.15000004,0.5785629
2024-12-09 10:00:00,co,PIIANN,0.7,0.7242683
2023-11-07 17:00:00,co,PIIANN,0.425,0.56890553
2022-11-11 00:00:00,co,PIIANN,2.01,0.6010296
2024-03-10 19:00:00,co,PIIANN,1.05,0.69879323
2024-07-02 11:00:00,co,PIIANN,0.32,0.8744064
2024-08-01 09:00:00,co,PIIANN,0.8,1.0358914
2022-06-01 20:00:00,co,PIIANN,3.03,1.0763179
2025-01-01 17:00:00,co,PIIANN,0.4,0.73345053
2025-12-05 12:00:00,co,PIIANN,0.52,0.7254124
2022-09-05 19:00:00,co,PIIANN,0.22,0.67517155
2022-05-08 05:00:00,co,PIIANN,0.16000003,0.59633005
2022-04-08 19:00:00,co,PIIANN,0.19999999,0.57677704
2024-02-13 02:00:00,co,PIIANN,1.3966993,0.9409468
2022-05-11 15:00:00,co,PIIANN,0.8,0.8951362
2023-01-03 02:00:00,co,PIIANN,1.385,0.79710567
2021-12-01 13:00:00,co,PIIANN,0.56,1.0239458
2025-12-04 15:00:00,co,PIIANN,0.48,0.68160015
2024-02-09 07:00:00,co,PIIANN,0.42,0.64169294
2025-09-08 01:00:00,co,PIIANN,0.22,0.71492183
2022-05-03 17:00:00,co,PIIANN,0.44,0.85414267
2023-10-06 04:00:00,co,PIIANN,0.022499973,0.6453397
2023-12-02 17:00:00,co,PIIANN,1.1325,0.72531784
2023-01-12 21:00:00,co,PIIANN,1.7325,0.82578975
2025-04-05 16:00:00,co,PIIANN,0.4,0.65249157
2022-02-10 14:00:00,co,PIIANN,0.45,0.6022141
2023-06-08 17:00:00,co,PIIANN,0.5075,0.6097944
2025-07-10 09:00:00,co,PIIANN,0.48,0.7048699
2023-06-06 01:00:00,co,PIIANN,0.685,0.7181496
2023-03-06 15:00:00,co,PIIANN,0.7075,0.6663969
2021-04-01 12:00:00,co,PIIANN,0.26,1.1773081
2021-12-09 00:00:00,co,PIIANN,0.18,0.67310435
2021-12-05 02:00:00,co,PIIANN,0.32,0.62029696
2022-07-06 05:00:00,co,PIIANN,0.19999999,0.639392
2024-05-10 20:00:00,co,PIIANN,1.07,0.66161114
2025-12-07 19:00:00,co,PIIANN,0.52,0.6385253
2025-10-10 17:00:00,co,PIIANN,0.58,0.70755917
2021-12-06 11:00:00,co,PIIANN,0.23000002,0.5867859
2021-05-05 10:00:00,co,PIIANN,0.23000002,0.62879497
2023-07-07 06:00:00,co,PIIANN,0.3825,0.59413975
2024-01-01 12:00:00,co,PIIANN,0.88,0.91955066
2025-03-03 20:00:00,co,PIIANN,0.94,0.6643347
2021-06-02 13:00:00,co,PIIANN,0.39,1.0808177
2023-06-04 23:00:00,co,PIIANN,1.4033333,0.7536767
2022-02-10 12:00:00,co,PIIANN,0.3,0.6324356
2025-07-04 14:00:00,co,PIIANN,0.38,0.62374175
2025-02-06 18:00:00,co,PIIANN,0.36,0.69991803
2025-06-07 14:00:00,co,PIIANN,0.51,0.6010101
2025-06-04 19:00:00,co,PIIANN,0.43,0.6570866
2025-07-05 23:00:00,co,PIIANN,0.069999985,0.67927456
2025-05-11 08:00:00,co,PIIANN,1.15,1.1403109
2021-01-10 22:00:00,co,PIIANN,0.25,0.67427677
2023-06-02 21:00:00,co,PIIANN,1.385,0.93216485
2023-04-04 14:00:00,co,PIIANN,0.51,0.61592937
2025-11-03 12:00:00,co,PIIANN,0.25,0.74688226
2025-08-12 10:00:00,co,PIIANN,1.34,1.079829
2025-01-05 18:00:00,co,PIIANN,0.41,0.6707165
2024-04-05 23:00:00,co,PIIANN,0.35,0.6292726
2024-06-09 05:00:00,co,PIIANN,0.4,0.6301403
2023-07-02 08:00:00,co,PIIANN,1.23,0.7648793
2025-01-04 23:00:00,co,PIIANN,0.39,0.6631381
2024-04-08 03:00:00,co,PIIANN,0.48,0.6239565
2021-08-13 01:00:00,co,PIIANN,1.0428884,0.81290364
2023-05-04 11:00:00,co,PIIANN,1.0225,0.65726984
2025-08-12 21:00:00,co,PIIANN,1.56,1.1540196
2024-03-06 08:00:00,co,PIIANN,0.34,0.6429132
2025-12-05 14:00:00,co,PIIANN,0.56,0.72941697
2021-07-04 14:00:00,co,PIIANN,0.32,0.6671132
2025-08-10 23:00:00,co,PIIANN,0.88,0.74593407
2021-04-01 17:00:00,co,PIIANN,0.77,1.1659129
2022-10-03 18:00:00,co,PIIANN,0.88,0.8814631
2022-05-06 23:00:00,co,PIIANN,0.23000002,0.6406492
2021-12-08 21:00:00,co,PIIANN,0.42,0.6576492
2024-10-04 23:00:00,co,PIIANN,2.32,0.7878852
2024-11-10 03:00:00,co,PIIANN,0.43,0.69267404
2023-11-08 21:00:00,co,PIIANN,0.5725,0.65584606
2022-12-04 16:00:00,co,PIIANN,0.24000001,0.58785397
2025-07-02 14:00:00,co,PIIANN,0.58,0.79802597
2023-08-06 21:00:00,co,PIIANN,0.112500004,0.6254327
2023-05-11 01:00:00,co,PIIANN,0.75,0.7637879
2024-09-07 06:00:00,co,PIIANN,0.42,0.6056966
2023-02-01 11:00:00,co,PIIANN,0.91,0.9283839
2024-06-12 06:00:00,co,PIIANN,1.6499999,0.85905606
2023-11-08 14:00:00,co,PIIANN,0.455,0.666247
2021-03-07 00:00:00,co,PIIANN,0.3,0.62108785
2021-06-09 20:00:00,co,PIIANN,0.28,0.5615363
2024-02-02 19:00:00,co,PIIANN,1.64,0.7381686
2024-06-11 16:00:00,co,PIIANN,0.45,0.7148599
2025-11-03 05:00:00,co,PIIANN,0.48,0.7831783
2025-01-07 05:00:00,co,PIIANN,0.28,0.6381437
2023-03-03 17:00:00,co,PIIANN,1.055,0.7888342
2024-01-09 10:00:00,co,PIIANN,0.44,0.5886643
2025-10-11 05:00:00,co,PIIANN,1.02,0.98575443
2023-08-12 07:00:00,co,PIIANN,0.3225,0.608038
2025-02-08 05:00:00,co,PIIANN,0.29,0.67647076
2024-11-09 07:00:00,co,PIIANN,0.45,0.599041
2021-04-01 10:00:00,co,PIIANN,1.01,1.19648
2025-05-07 22:00:00,co,PIIANN,0.44,0.6472386
2022-11-12 18:00:00,co,PIIANN,1.3,1.114274
2022-06-12 17:00:00,co,PIIANN,0.64,0.97718865
2023-10-10 06:00:00,co,PIIANN,0.4225,0.7230639
2022-07-09 10:00:00,co,PIIANN,0.3,0.6430485
2022-04-08 05:00:00,co,PIIANN,0.27,0.6279225
2021-03-04 14:00:00,co,PIIANN,0.32999998,0.70160156
2025-11-03 09:00:00,co,PIIANN,0.39,0.7683264
2025-10-01 10:00:00,co,PIIANN,0.84,0.8236064
2022-12-02 09:00:00,co,PIIANN,0.57,0.84469515
2022-09-09 05:00:00,co,PIIANN,0.4,0.6690859
2025-04-12 10:00:00,co,PIIANN,1.29,1.115873
2022-08-04 08:00:00,co,PIIANN,0.19,0.6059528
2024-11-12 09:00:00,co,PIIANN,1.06,0.8470213
2022-11-03 08:00:00,co,PIIANN,0.6,0.84492844
2023-06-10 04:00:00,co,PIIANN,0.4475,0.68445015
2025-03-06 02:00:00,co,PIIANN,0.24000001,0.7612532
2025-12-06 20:00:00,co,PIIANN,0.47,0.6469679
2021-12-07 22:00:00,co,PIIANN,0.26,0.5826981
2024-01-11 13:00:00,co,PIIANN,0.71,0.74282926
2023-07-12 14:00:00,co,PIIANN,0.65,0.6465663
2024-01-04 13:00:00,co,PIIANN,0.26,0.67968726
2022-10-08 23:00:00,co,PIIANN,0.34,0.6976034
2021-04-10 12:00:00,co,PIIANN,0.34,0.8150411
2023-06-08 12:00:00,co,PIIANN,0.5175,0.6259981
2023-01-05 21:00:00,co,PIIANN,0.5275,0.6760583
2023-06-03 13:00:00,co,PIIANN,0.9175,0.77980727
2021-09-07 12:00:00,co,PIIANN,0.27,0.60827464
2023-11-08 03:00:00,co,PIIANN,0.4875,0.68173856
2024-07-01 10:00:00,co,PIIANN,0.85,1.0055038
2023-04-11 02:00:00,co,PIIANN,0.3475,0.7912781
2025-06-06 13:00:00,co,PIIANN,4.2000003,0.8241335
2022-07-07 03:00:00,co,PIIANN,0.17000002,0.5901137
2022-01-04 02:00:00,co,PIIANN,0.15000004,0.64911294
2025-11-02 00:00:00,co,PIIANN,0.44,1.0302899
2022-06-10 02:00:00,co,PIIANN,0.15333337,0.6123829
2022-03-01 20:00:00,co,PIIANN,2.74,0.90453464
2023-06-06 02:00:00,co,PIIANN,0.6625,0.7407984
2024-07-07 05:00:00,co,PIIANN,0.009999984,0.59564316
2025-03-09 23:00:00,co,PIIANN,0.36,0.78957164
2022-02-05 19:00:00,co,PIIANN,0.25,0.59847873
2024-08-10 11:00:00,co,PIIANN,0.42,0.6606454
2024-10-06 14:00:00,co,PIIANN,0.41,0.61618817
2024-10-08 18:00:00,co,PIIANN,0.56,0.56979674
2022-07-12 03:00:00,co,PIIANN,0.85,1.0383111
2023-01-06 20:00:00,co,PIIANN,0.775,0.67828184
2022-05-12 15:00:00,co,PIIANN,0.32999998,1.0691122
2023-06-04 21:00:00,co,PIIANN,1.7775,0.80288017
2025-05-06 18:00:00,co,PIIANN,4.5,0.8353575
2022-01-03 17:00:00,co,PIIANN,0.4,0.8526373
2025-05-04 12:00:00,co,PIIANN,0.52,0.7138264
2024-11-12 23:00:00,co,PIIANN,2.99,0.93866277
2023-08-05 03:00:00,co,PIIANN,0.22,0.6642753
2025-09-12 18:00:00,co,PIIANN,1.64,1.180978
2023-11-06 21:00:00,co,PIIANN,0.32,0.623415
2021-09-04 12:00:00,co,PIIANN,0.31,0.656809
2021-02-05 07:00:00,co,PIIANN,0.26,0.6410743
2023-01-08 18:00:00,co,PIIANN,0.44,0.72937566
2024-08-12 14:00:00,co,PIIANN,0.74,0.8150651
2022-02-04 08:00:00,co,PIIANN,0.18,0.6224928
2024-02-03 18:00:00,co,PIIANN,0.64,0.7779657
2021-08-08 13:00:00,co,PIIANN,0.19,0.61600435
2025-08-03 22:00:00,co,PIIANN,0.38,0.81610054
2025-08-01 09:00:00,co,PIIANN,0.89,0.78369886
2025-06-12 02:00:00,co,PIIANN,0.92,0.93070173
2022-08-10 04:00:00,co,PIIANN,1.32,0.6964055
2023-05-11 02:00:00,co,PIIANN,0.77,0.7460508
2023-05-10 08:00:00,co,PIIANN,0.5825,0.7250296
2022-07-11 08:00:00,co,PIIANN,1.17,0.7714101
2021-07-04 10:00:00,co,PIIANN,0.34,0.6679788
2023-05-10 00:00:00,co,PIIANN,0.2675,0.61583954
2023-04-05 09:00:00,co,PIIANN,0.3775,0.6726651
2021-11-12 11:00:00,co,PIIANN,0.56,0.9853964
2025-10-09 05:00:00,co,PIIANN,0.31,0.67387116
2023-07-04 00:00:00,co,PIIANN,1.365,0.765622
2023-10-10 20:00:00,co,PIIANN,1.9575,0.77751356
2021-02-06 10:00:00,co,PIIANN,0.28,0.62411535
2025-02-07 03:00:00,co,PIIANN,0.24000001,0.63278764
2024-03-08 21:00:00,co,PIIANN,0.57,0.60198057
2025-05-09 02:00:00,co,PIIANN,0.35,0.85628545
2023-09-12 15:00:00,co,PIIANN,1.3425,0.6956069
2025-09-11 05:00:00,co,PIIANN,0.65,0.84726346
2023-01-09 00:00:00,co,PIIANN,0.6,0.742571
2022-10-10 18:00:00,co,PIIANN,0.45,0.5931203
2021-03-06 15:00:00,co,PIIANN,0.22,0.60293734
2025-08-03 23:00:00,co,PIIANN,0.4,0.793957
2023-08-01 09:00:00,co,PIIANN,1.0925,1.1418749
2023-05-02 01:00:00,co,PIIANN,2.5875,1.0754453
2021-04-10 21:00:00,co,PIIANN,0.29,0.84314245
2022-03-12 03:00:00,co,PIIANN,1.79,1.0348219
2022-08-02 23:00:00,co,PIIANN,0.85,0.81805676
2021-07-02 08:00:00,co,PIIANN,0.45999998,0.7878414
2023-10-11 19:00:00,co,PIIANN,1.9,1.0693098
2022-12-06 03:00:00,co,PIIANN,0.19999999,0.6347682
2022-08-03 05:00:00,co,PIIANN,0.63,0.8333484
2023-09-12 09:00:00,co,PIIANN,1.565,0.71553946
2021-04-13 00:00:00,co,PIIANN,0.79891455,0.82821256
2023-07-07 00:00:00,co,PIIANN,0.4425,0.6644098
2024-01-01 20:00:00,co,PIIANN,1.14,0.960592
2022-11-09 22:00:00,co,PIIANN,0.41,0.58751845
2025-09-08 23:00:00,co,PIIANN,0.37,0.63502175
2021-06-08 05:00:00,co,PIIANN,0.19,0.6415422
2023-06-04 10:00:00,co,PIIANN,1.1175,0.74639755
2025-12-06 23:00:00,co,PIIANN,0.42,0.6605873
2024-07-03 21:00:00,co,PIIANN,0.82,0.75320727
2025-12-11 15:00:00,co,PIIANN,0.63,1.069656
2023-05-01 20:00:00,co,PIIANN,1.0925,0.9081453
2021-11-06 11:00:00,co,PIIANN,0.24000001,0.67820805
2025-10-10 14:00:00,co,PIIANN,0.45999998,0.70324975
2021-12-03 03:00:00,co,PIIANN,0.3,0.6816829
2025-05-02 21:00:00,co,PIIANN,2.96,0.9442528
2022-11-03 14:00:00,co,PIIANN,0.42,0.8371756
2022-02-04 13:00:00,co,PIIANN,0.22,0.6187702
2025-09-12 19:00:00,co,PIIANN,2.04,1.1928772
2024-04-08 07:00:00,co,PIIANN,0.5,0.6117035
2025-12-11 12:00:00,co,PIIANN,0.56,1.076814
2021-10-08 03:00:00,co,PIIANN,0.11000001,0.6272809
2022-02-07 07:00:00,co,PIIANN,0.26,0.61635196
2021-04-04 23:00:00,co,PIIANN,0.4,0.7203361
2021-02-05 08:00:00,co,PIIANN,0.25,0.6416432
2024-06-03 14:00:00,co,PIIANN,0.34,0.6984031
2023-07-04 03:00:00,co,PIIANN,1.24,0.76324177
2021-01-04 09:00:00,co,PIIANN,0.43,0.73217654
2025-04-07 20:00:00,co,PIIANN,0.52,0.6287963
2021-10-09 18:00:00,co,PIIANN,0.36,0.6422593
2025-12-11 06:00:00,co,PIIANN,1.17,1.0929555
2024-03-07 14:00:00,co,PIIANN,0.45,0.5907776
2022-08-09 05:00:00,co,PIIANN,0.19,0.5975088
2024-05-03 09:00:00,co,PIIANN,0.42,0.67756826
2022-06-11 09:00:00,co,PIIANN,1.14,0.8296048
2025-09-01 12:00:00,co,PIIANN,0.8,0.741505
2024-03-09 11:00:00,co,PIIANN,0.42,0.5995688
2024-04-02 00:00:00,co,PIIANN,0.78,0.96936804
2023-08-05 13:00:00,co,PIIANN,0.2225,0.6489052
2024-11-11 05:00:00,co,PIIANN,0.78,0.7455109
2021-02-06 17:00:00,co,PIIANN,0.29,0.6133595
2023-01-06 12:00:00,co,PIIANN,0.685,0.6803595
2023-08-12 03:00:00,co,PIIANN,0.415,0.66088533
2021-04-12 07:00:00,co,PIIANN,0.65,0.8082075
2022-11-02 02:00:00,co,PIIANN,1.27,0.82681537
2023-05-01 17:00:00,co,PIIANN,0.87,0.87263197
2025-05-07 13:00:00,co,PIIANN,0.52,0.62597287
2023-06-08 14:00:00,co,PIIANN,0.5225,0.6298105
2022-11-07 23:00:00,co,PIIANN,0.19,0.5734977
2024-02-09 16:00:00,co,PIIANN,0.45,0.58374643
2022-10-11 13:00:00,co,PIIANN,0.79,0.8332551
2024-02-03 22:00:00,co,PIIANN,0.53,0.7766422
2021-09-05 22:00:00,co,PIIANN,0.4,0.5969514
2022-03-04 20:00:00,co,PIIANN,0.22,0.60246384
2022-04-05 18:00:00,co,PIIANN,0.25,0.6046502
2023-11-04 11:00:00,co,PIIANN,1.1075,0.8176478
2023-04-02 08:00:00,co,PIIANN,2.4700003,1.0383246
2024-05-03 18:00:00,co,PIIANN,0.57,0.6866741
2022-01-07 04:00:00,co,PIIANN,0.25,0.6390775
2024-07-11 07:00:00,co,PIIANN,0.8,0.7176493
2021-11-07 09:00:00,co,PIIANN,0.22,0.5865001
2023-10-06 06:00:00,co,PIIANN,0.09250002,0.68720627
2023-02-03 21:00:00,co,PIIANN,2.72,0.83722687
2022-02-10 10:00:00,co,PIIANN,0.29,0.6267447
2023-04-06 19:00:00,co,PIIANN,0.705,0.6470214
2025-08-07 06:00:00,co,PIIANN,0.44,0.7293879
2023-10-11 17:00:00,co,PIIANN,1.1025,1.0617572
2022-09-02 17:00:00,co,PIIANN,0.59,0.8406903
2023-09-04 07:00:00,co,PIIANN,1.4925,0.733129
2022-06-10 14:00:00,co,PIIANN,0.49,0.5671766
2022-08-11 21:00:00,co,PIIANN,1.56,0.79775363
2025-12-06 11:00:00,co,PIIANN,0.4,0.64102423
2023-05-11 22:00:00,co,PIIANN,0.385,0.7655792
2025-12-09 03:00:00,co,PIIANN,0.39,0.6651856
2024-04-04 05:00:00,co,PIIANN,0.47,0.6721146
2025-04-11 07:00:00,co,PIIANN,0.99,0.8863501
2024-02-06 09:00:00,co,PIIANN,0.12,0.61263406
2022-02-04 14:00:00,co,PIIANN,0.22,0.6155222
2022-10-11 06:00:00,co,PIIANN,1.76,0.9224789
2022-12-02 06:00:00,co,PIIANN,0.74,0.85628504
2025-01-05 21:00:00,co,PIIANN,0.44,0.66929144
2022-11-05 18:00:00,co,PIIANN,0.98,0.62620884
2021-12-06 17:00:00,co,PIIANN,0.26,0.5868365
2022-07-01 19:00:00,co,PIIANN,1.91,1.0982438
2024-03-02 11:00:00,co,PIIANN,0.52,0.72383815
2021-01-04 13:00:00,co,PIIANN,0.38,0.7572836
2024-07-09 23:00:00,co,PIIANN,0.42,0.6347896
2024-01-05 08:00:00,co,PIIANN,0.6,0.68705726
2024-04-03 18:00:00,co,PIIANN,0.34,0.7050829
2022-02-03 03:00:00,co,PIIANN,0.74,0.82964516
2021-01-12 23:00:00,co,PIIANN,2.05,0.9081096
2021-04-08 18:00:00,co,PIIANN,0.19,0.673518
2024-07-04 10:00:00,co,PIIANN,0.52,0.63213986
2025-07-02 12:00:00,co,PIIANN,0.62,0.8049187
2023-03-02 05:00:00,co,PIIANN,1.225,0.7983037
2025-06-04 07:00:00,co,PIIANN,0.4,0.674651
2022-06-04 12:00:00,co,PIIANN,0.16000003,0.60925967
2024-01-04 02:00:00,co,PIIANN,0.38,0.66951364
2025-01-03 02:00:00,co,PIIANN,0.55,0.75929105
2024-02-02 20:00:00,co,PIIANN,1.25,0.7544499
2025-05-08 10:00:00,co,PIIANN,0.4,0.67183477
2023-12-08 21:00:00,co,PIIANN,0.95,0.6249228
2022-04-07 19:00:00,co,PIIANN,0.22,0.59177226
2021-12-04 15:00:00,co,PIIANN,0.35,0.69035226
2024-10-04 04:00:00,co,PIIANN,0.75,0.7154265
2024-11-07 05:00:00,co,PIIANN,0.4,0.6163789
2022-09-12 15:00:00,co,PIIANN,0.54,1.1267616
2025-09-11 09:00:00,co,PIIANN,0.79,0.86050606
2023-07-08 08:00:00,co,PIIANN,0.5125,0.62649804
2023-11-11 01:00:00,co,PIIANN,2.735,1.0371051
2024-10-05 01:00:00,co,PIIANN,0.49,0.6930263
2025-02-12 18:00:00,co,PIIANN,1.22,1.1217275
2023-02-12 13:00:00,co,PIIANN,0.83,0.7163822
2023-03-09 08:00:00,co,PIIANN,0.67,0.69022363
2021-05-11 06:00:00,co,PIIANN,0.6,1.0141091
2023-11-10 10:00:00,co,PIIANN,0.485,0.7895971
2025-02-07 11:00:00,co,PIIANN,0.28,0.6197011
2025-02-04 22:00:00,co,PIIANN,0.45,0.66581154
2025-05-04 00:00:00,co,PIIANN,0.56,0.6848769
2025-01-07 04:00:00,co,PIIANN,0.29,0.64271677
2025-11-12 02:00:00,co,PIIANN,3.14,1.2575753
2024-08-03 22:00:00,co,PIIANN,2.0200002,0.7507114
2022-11-05 08:00:00,co,PIIANN,0.19999999,0.630241
2025-05-10 01:00:00,co,PIIANN,0.38,0.73765767
2024-03-07 13:00:00,co,PIIANN,0.45,0.5932299
2023-12-06 00:00:00,co,PIIANN,0.2525,0.62921256
2021-03-11 16:00:00,co,PIIANN,0.35,0.8371158
2023-08-03 20:00:00,co,PIIANN,1.5675,0.8410137
2023-12-03 05:00:00,co,PIIANN,2.2975,0.8496827
2022-06-10 22:00:00,co,PIIANN,0.96,0.6126407
2021-08-12 09:00:00,co,PIIANN,0.56,0.70448846
2021-10-01 17:00:00,co,PIIANN,0.56,0.9522524
2021-06-07 08:00:00,co,PIIANN,0.23000002,0.6796706
2023-04-08 20:00:00,co,PIIANN,0.6225,0.6102461
2022-05-02 21:00:00,co,PIIANN,1.73,0.7494587
2025-10-04 11:00:00,co,PIIANN,0.32,0.6326888
2025-11-05 06:00:00,co,PIIANN,0.43,0.7014585
2025-05-11 02:00:00,co,PIIANN,1.19,1.134043
2024-04-02 22:00:00,co,PIIANN,1.92,0.89360994
2023-04-05 05:00:00,co,PIIANN,0.4125,0.68701434
2024-03-07 22:00:00,co,PIIANN,0.52,0.6031927
2023-12-10 02:00:00,co,PIIANN,1.0575,0.8581782
2025-09-08 03:00:00,co,PIIANN,0.22923076,0.72402
2024-03-05 19:00:00,co,PIIANN,0.31,0.66766906
2025-12-11 04:00:00,co,PIIANN,1.25,1.084931
2023-04-07 14:00:00,co,PIIANN,0.37250003,0.58742696
2023-12-08 11:00:00,co,PIIANN,0.51,0.6132399
2025-05-05 07:00:00,co,PIIANN,0.42,0.6582754
2024-04-12 11:00:00,co,PIIANN,1.18,0.89183366
2024-12-08 01:00:00,co,PIIANN,0.36,0.63643175
2021-01-04 11:00:00,co,PIIANN,0.31,0.743117
2021-05-03 04:00:00,co,PIIANN,0.39,0.85050595
2024-08-05 08:00:00,co,PIIANN,0.4,0.61661625
2021-08-07 00:00:00,co,PIIANN,0.25,0.7256207
2023-06-08 09:00:00,co,PIIANN,0.515,0.62468714
2021-11-02 17:00:00,co,PIIANN,0.63,0.7964558
2023-06-11 03:00:00,co,PIIANN,0.2675,0.7570905
2025-04-02 17:00:00,co,PIIANN,0.69,0.82394516
2024-09-06 05:00:00,co,PIIANN,0.31,0.61406714
2021-03-09 05:00:00,co,PIIANN,0.32999998,0.6146594
2022-05-04 20:00:00,co,PIIANN,0.22,0.6087531
2024-05-01 13:00:00,co,PIIANN,0.52,1.0262525
2021-03-05 17:00:00,co,PIIANN,0.27,0.62831223
2023-11-01 16:00:00,co,PIIANN,0.7225,1.0775383
2025-06-11 10:00:00,co,PIIANN,0.78,1.041238
2024-11-01 22:00:00,co,PIIANN,0.65,0.92403215
2022-09-11 15:00:00,co,PIIANN,0.68,0.82837075
2023-04-11 18:00:00,co,PIIANN,0.55,0.7028291
2021-02-02 12:00:00,co,PIIANN,0.15000004,1.1683553
2021-04-12 04:00:00,co,PIIANN,0.45,0.8606493
2021-12-02 10:00:00,co,PIIANN,0.77,0.8419027
2021-07-09 15:00:00,co,PIIANN,0.32,0.5643382
2025-03-08 06:00:00,co,PIIANN,0.32999998,0.6659264
2024-08-04 18:00:00,co,PIIANN,0.37,0.64875114
2022-02-09 23:00:00,co,PIIANN,0.34,0.5995522
2023-12-03 02:00:00,co,PIIANN,2.435,0.857875
2025-01-10 16:00:00,co,PIIANN,0.44,0.67074305
2022-01-12 07:00:00,co,PIIANN,0.81,0.91581476
2021-07-04 06:00:00,co,PIIANN,0.34,0.6661376
2025-07-10 22:00:00,co,PIIANN,0.53,0.7155521
2024-06-02 15:00:00,co,PIIANN,0.31,0.7829588
2023-11-05 20:00:00,co,PIIANN,0.45999998,0.6147694
2022-10-08 20:00:00,co,PIIANN,0.36,0.6662324
2025-04-02 19:00:00,co,PIIANN,1.76,0.8362778
2022-06-03 12:00:00,co,PIIANN,0.39,0.79564506
2021-03-09 02:00:00,co,PIIANN,0.23000002,0.6229249
2023-08-12 17:00:00,co,PIIANN,1.185,0.62053096
2025-03-12 19:00:00,co,PIIANN,2.01,1.0426756
2021-06-03 23:00:00,co,PIIANN,0.6,0.7326377
2021-12-10 17:00:00,co,PIIANN,0.34,0.9613567
2022-10-05 06:00:00,co,PIIANN,0.19,0.67127347
2021-06-09 13:00:00,co,PIIANN,0.27,0.5643949
2021-09-06 00:00:00,co,PIIANN,0.31,0.6201104
2023-03-11 07:00:00,co,PIIANN,0.9975,0.78793055
2023-07-03 08:00:00,co,PIIANN,1.5825,0.78784066
2023-05-03 01:00:00,co,PIIANN,1.9025,0.8539125
2025-03-03 00:00:00,co,PIIANN,0.53,0.96713674
2021-11-13 00:00:00,co,PIIANN,1.0799077,0.9915414
2021-06-01 12:00:00,co,PIIANN,0.76,1.0945215
2022-08-02 05:00:00,co,PIIANN,0.68,0.770713
2024-08-05 12:00:00,co,PIIANN,0.38,0.6093604
2023-06-04 14:00:00,co,PIIANN,0.74,0.7489995
2023-03-11 11:00:00,co,PIIANN,0.5525,0.80361366
2024-12-04 20:00:00,co,PIIANN,0.65,0.70249933
2021-06-04 01:00:00,co,PIIANN,0.52,0.6977173
2023-08-10 14:00:00,co,PIIANN,0.595,0.6841654
2021-05-12 09:00:00,co,PIIANN,0.42,0.74608344
2023-09-03 16:00:00,co,PIIANN,1.3525,0.7666396
2025-11-11 06:00:00,co,PIIANN,1.05,1.0582745
2022-05-04 13:00:00,co,PIIANN,0.16000003,0.59975713
2025-02-11 14:00:00,co,PIIANN,0.53,0.65065247
2023-01-02 04:00:00,co,PIIANN,1.5625,1.0583876
2025-07-11 09:00:00,co,PIIANN,0.9,0.9516843
2021-11-09 21:00:00,co,PIIANN,0.42,0.61754787
2025-03-05 04:00:00,co,PIIANN,0.45,0.7117621
2022-10-07 18:00:00,co,PIIANN,0.45999998,0.5439862
2025-10-07 00:00:00,co,PIIANN,0.55,0.7312042
2021-07-01 21:00:00,co,PIIANN,2.61,1.159876
2024-10-07 02:00:00,co,PIIANN,0.41,0.610167
2022-09-05 22:00:00,co,PIIANN,0.22,0.7361562
2025-01-01 23:00:00,co,PIIANN,0.99,0.8073901
2025-10-09 06:00:00,co,PIIANN,0.34,0.66706145
2025-03-05 11:00:00,co,PIIANN,0.36,0.6752759
2023-02-04 10:00:00,co,PIIANN,0.2925,0.6341772
2022-05-11 23:00:00,co,PIIANN,2.51,0.9063469
2023-01-10 12:00:00,co,PIIANN,0.4175,0.6530593
2023-05-09 17:00:00,co,PIIANN,0.4875,0.56729835
2024-02-03 03:00:00,co,PIIANN,0.76,0.8125237
2021-02-03 06:00:00,co,PIIANN,0.57,0.7359591
2022-06-03 01:00:00,co,PIIANN,0.5,0.84948665
2024-04-12 06:00:00,co,PIIANN,1.79,0.8794565
2024-09-05 12:00:00,co,PIIANN,0.38,0.614408
2024-09-03 20:00:00,co,PIIANN,1.02,0.7795472
2024-06-03 02:00:00,co,PIIANN,0.82,0.74671924
2024-11-12 20:00:00,co,PIIANN,3.4100003,0.8903874
2024-04-02 14:00:00,co,PIIANN,0.29,0.86330223
2022-10-06 02:00:00,co,PIIANN,0.24000001,0.6717082
2023-10-12 23:00:00,co,PIIANN,3.51,0.9105302
2023-10-10 22:00:00,co,PIIANN,2.3625,0.8517135
2024-12-01 19:00:00,co,PIIANN,0.45999998,0.9002817
2023-07-03 12:00:00,co,PIIANN,0.9225,0.7704811
2023-10-10 02:00:00,co,PIIANN,0.4075,0.7301587
2021-10-01 13:00:00,co,PIIANN,0.5,0.97869635
2023-12-12 13:00:00,co,PIIANN,0.5,0.8688479
2023-11-07 16:00:00,co,PIIANN,0.42,0.5697022
2025-12-05 06:00:00,co,PIIANN,0.44,0.71925646
2024-01-09 21:00:00,co,PIIANN,0.54,0.585778
2024-09-01 19:00:00,co,PIIANN,3.6,0.9063919
2024-09-01 23:00:00,co,PIIANN,3.26,0.9406764
2022-05-12 13:00:00,co,PIIANN,0.28,1.0839012
2024-05-10 19:00:00,co,PIIANN,0.8,0.6500074
2023-10-01 17:00:00,co,PIIANN,0.82,0.9842978
2022-10-10 23:00:00,co,PIIANN,0.41,0.5910306
2021-06-03 14:00:00,co,PIIANN,0.34,0.75614405
2021-08-01 10:00:00,co,PIIANN,0.78,1.1168137
2024-08-12 05:00:00,co,PIIANN,1.58,0.8351145
2025-11-12 03:00:00,co,PIIANN,2.69,1.2821316
2024-11-05 09:00:00,co,PIIANN,0.35,0.626404
2021-04-03 17:00:00,co,PIIANN,0.53,0.9208418
2021-06-09 07:00:00,co,PIIANN,0.21000001,0.5692103
2021-12-11 20:00:00,co,PIIANN,0.57,0.71661085
2024-03-09 17:00:00,co,PIIANN,0.48,0.60764647
2025-04-09 09:00:00,co,PIIANN,0.38,0.8688083
2023-09-12 19:00:00,co,PIIANN,2.3925002,0.7126077
2023-03-05 15:00:00,co,PIIANN,0.3675,0.6816938
2021-08-02 16:00:00,co,PIIANN,0.36,0.8150338
2025-06-04 22:00:00,co,PIIANN,0.35,0.6529288
2022-07-01 12:00:00,co,PIIANN,0.24000001,1.1068232
2022-11-05 16:00:00,co,PIIANN,0.85,0.636044
2022-08-08 12:00:00,co,PIIANN,0.45999998,0.5564267
2021-03-12 09:00:00,co,PIIANN,1.21,0.9501968
2022-06-13 00:00:00,co,PIIANN,1.5135335,0.9790524
2022-06-12 06:00:00,co,PIIANN,-6.567525e-08,0.96109325
2025-08-04 05:00:00,co,PIIANN,0.34,0.6283709
2022-02-09 17:00:00,co,PIIANN,0.36,0.59880596
2023-11-11 10:00:00,co,PIIANN,0.8225,1.0388298
2021-08-11 00:00:00,co,PIIANN,0.81,0.81472117
2025-07-10 11:00:00,co,PIIANN,0.5,0.70653814
2024-11-07 23:00:00,co,PIIANN,0.45999998,0.61873853
2023-05-05 23:00:00,co,PIIANN,0.29,0.6868343
2025-01-06 16:00:00,co,PIIANN,0.44,0.64447266
2021-12-02 07:00:00,co,PIIANN,0.73,0.83649683
2023-06-05 04:00:00,co,PIIANN,0.23500004,0.6857785
2025-01-06 18:00:00,co,PIIANN,0.51,0.6429524
2022-11-02 22:00:00,co,PIIANN,1.12,0.9103769
2025-08-01 16:00:00,co,PIIANN,0.62,0.7852269
2021-12-09 12:00:00,co,PIIANN,0.18,0.57424796
2025-08-04 10:00:00,co,PIIANN,0.37,0.6255745
2025-02-09 16:00:00,co,PIIANN,0.36,0.70060533
2024-03-01 17:00:00,co,PIIANN,0.94,0.8366992
2022-08-08 14:00:00,co,PIIANN,0.059999995,0.55109316
2024-07-06 15:00:00,co,PIIANN,0.37,0.63051134
2022-07-12 22:00:00,co,PIIANN,3.05,1.164666
2025-10-01 23:00:00,co,PIIANN,2.1,0.9205129
2022-07-11 11:00:00,co,PIIANN,0.96,0.7585074
2023-06-07 08:00:00,co,PIIANN,0.37,0.58472455
2023-04-04 11:00:00,co,PIIANN,0.515,0.63182944
2024-08-11 23:00:00,co,PIIANN,1.17,0.7469106
2023-02-01 13:00:00,co,PIIANN,0.79,0.9487085
2024-06-04 14:00:00,co,PIIANN,0.79,0.6695439
2022-01-05 00:00:00,co,PIIANN,0.19,0.62867063
2023-11-04 01:00:00,co,PIIANN,1.8,0.77263105
2025-06-02 02:00:00,co,PIIANN,1.71,0.9014329
2022-04-05 15:00:00,co,PIIANN,0.22,0.6012797
2021-06-06 15:00:00,co,PIIANN,0.28,0.6318185
2024-10-11 14:00:00,co,PIIANN,0.32,0.6904726
2022-01-06 11:00:00,co,PIIANN,0.27,0.6421658
2025-07-04 06:00:00,co,PIIANN,0.4,0.6434109
2022-04-09 21:00:00,co,PIIANN,0.32,0.7099115
2022-05-10 02:00:00,co,PIIANN,0.88,0.65688473
2024-05-05 15:00:00,co,PIIANN,0.22,0.61410576
2021-12-02 21:00:00,co,PIIANN,1.8,0.87836134
2022-12-03 19:00:00,co,PIIANN,1.38,0.8323344
2025-05-01 21:00:00,o3,PIIANN,10.1,24.31887
2022-08-04 06:00:00,o3,PIIANN,13.97,23.960676
2021-09-02 06:00:00,o3,PIIANN,7.67,24.327782
2025-06-07 00:00:00,o3,PIIANN,16.66,24.732277
2025-05-12 09:00:00,o3,PIIANN,16.43,24.001247
2022-08-06 22:00:00,o3,PIIANN,29.92,24.3786
2023-07-05 11:00:00,o3,PIIANN,157.365,28.387516
2022-03-07 05:00:00,o3,PIIANN,14.15,23.380753
2025-09-09 22:00:00,o3,PIIANN,12.280001,24.079773
2024-09-09 19:00:00,o3,PIIANN,7.200001,23.543217
2023-06-05 13:00:00,o3,PIIANN,150.865,28.697247
2025-05-10 07:00:00,o3,PIIANN,20.11,24.222225
2021-10-02 17:00:00,o3,PIIANN,43.05,24.224113
2023-10-06 13:00:00,o3,PIIANN,43.246666,21.528889
2025-04-08 14:00:00,o3,PIIANN,12.740001,26.901623
2025-01-07 12:00:00,o3,PIIANN,18.08,24.777267
2024-04-04 06:00:00,o3,PIIANN,23.47,25.306477
2022-05-11 04:00:00,o3,PIIANN,6.24,24.818537
2022-05-04 03:00:00,o3,PIIANN,14.82,23.626907
2021-06-06 07:00:00,o3,PIIANN,18.5125,24.646288
2023-10-03 23:00:00,o3,PIIANN,12.273334,25.400854
2023-12-03 06:00:00,o3,PIIANN,8.3325,25.387314
2023-10-06 16:00:00,o3,PIIANN,41.495,21.188015
2023-07-06 14:00:00,o3,PIIANN,88.005,27.54951
2022-01-10 09:00:00,o3,PIIANN,10.689999,26.41211
2025-11-03 13:00:00,o3,PIIANN,88.53,28.58299
2024-01-01 23:00:00,o3,PIIANN,11.29,24.100853
2023-05-05 18:00:00,o3,PIIANN,99.3225,27.370241
2025-09-02 03:00:00,o3,PIIANN,8.18,25.570557
2022-09-10 13:00:00,o3,PIIANN,10.02,26.3569
2025-03-08 12:00:00,o3,PIIANN,17.34,25.398222
2025-03-11 12:00:00,o3,PIIANN,41.1,27.336117
2021-04-03 11:00:00,o3,PIIANN,150.53001,27.665964
2022-03-09 10:00:00,o3,PIIANN,19.41,24.492847
2021-12-12 08:00:00,o3,PIIANN,16.51,24.08008
2022-02-06 15:00:00,o3,PIIANN,66.64,25.790443
2023-07-07 05:00:00,o3,PIIANN,7.9375,23.476894
2025-04-05 17:00:00,o3,PIIANN,52.67,26.332499
2022-06-11 02:00:00,o3,PIIANN,6.33,24.507368
2025-09-08 17:00:00,o3,PIIANN,5.34,24.003698
2023-10-03 16:00:00,o3,PIIANN,79.365005,27.032438
2024-04-07 23:00:00,o3,PIIANN,41.6,23.971233
2021-01-02 14:00:00,o3,PIIANN,70.23,24.096493
2025-12-08 14:00:00,o3,PIIANN,62.04,24.902363
2025-03-10 11:00:00,o3,PIIANN,25.43,24.212267
2021-12-10 16:00:00,o3,PIIANN,80.25,25.562113
2024-09-02 05:00:00,o3,PIIANN,11.23,25.960001
2025-09-11 06:00:00,o3,PIIANN,11.74,26.300508
2021-02-03 21:00:00,o3,PIIANN,31.94,25.751806
2024-08-07 06:00:00,o3,PIIANN,17.8,23.620024
2023-08-06 11:00:00,o3,PIIANN,51.735,25.819378
2021-03-03 04:00:00,o3,PIIANN,26.8,25.771849
2024-01-04 00:00:00,o3,PIIANN,31.52,25.06355
2023-08-10 19:00:00,o3,PIIANN,28.21,24.961813
2023-11-04 02:00:00,o3,PIIANN,11.194524,25.256006
2025-01-05 03:00:00,o3,PIIANN,12.470001,24.18611
2023-06-08 21:00:00,o3,PIIANN,48.895,24.68688
2023-01-04 12:00:00,o3,PIIANN,40.575,25.578526
2024-05-09 02:00:00,o3,PIIANN,9.630001,23.620602
2021-01-03 17:00:00,o3,PIIANN,60.22,27.309134
2025-11-02 16:00:00,o3,PIIANN,63.89,27.082596
2025-12-11 03:00:00,o3,PIIANN,12.609999,24.412827
2021-06-10 01:00:00,o3,PIIANN,5.76,25.237818
2023-12-07 09:00:00,o3,PIIANN,17.035,23.684877
2025-09-10 13:00:00,o3,PIIANN,39.46,26.265696
2021-09-12 13:00:00,o3,PIIANN,19.94,26.174522
2023-07-10 19:00:00,o3,PIIANN,28.0975,25.549149
2023-10-07 20:00:00,o3,PIIANN,13.645001,23.571716
2021-08-10 23:00:00,o3,PIIANN,5.58,24.123219
2021-05-05 17:00:00,o3,PIIANN,6.3600006,24.710938
2024-01-08 01:00:00,o3,PIIANN,17.89,24.005026
2025-08-05 15:00:00,o3,PIIANN,103.58,27.746763
2025-07-07 23:00:00,o3,PIIANN,16.58,24.459528
2022-01-05 12:00:00,o3,PIIANN,48.52,25.082485
2025-07-04 09:00:00,o3,PIIANN,25.88,25.358768
2024-10-05 13:00:00,o3,PIIANN,60.47,25.705133
2025-11-07 07:00:00,o3,PIIANN,17.92,23.898409
2021-01-02 03:00:00,o3,PIIANN,22.44,23.031784
2023-03-07 08:00:00,o3,PIIANN,7.6550007,23.691936
2022-04-02 16:00:00,o3,PIIANN,6.0599995,24.613403
2023-07-01 14:00:00,o3,PIIANN,20.2725,24.22368
2025-10-10 00:00:00,o3,PIIANN,16.01,24.108873
2022-06-02 19:00:00,o3,PIIANN,4.4699993,25.536903
2022-01-05 01:00:00,o3,PIIANN,16.92,24.144642
2022-08-13 02:00:00,o3,PIIANN,8.722036,22.032318
2023-10-10 07:00:00,o3,PIIANN,23.535,25.91719
2024-07-05 06:00:00,o3,PIIANN,32.12,24.82048
2023-04-03 18:00:00,o3,PIIANN,6.4174995,26.780039
2021-08-08 15:00:00,o3,PIIANN,39.52,25.494593
2024-05-03 16:00:00,o3,PIIANN,89.810005,27.28763
2021-09-06 07:00:00,o3,PIIANN,47.08,22.186413
2021-05-12 06:00:00,o3,PIIANN,8.950001,25.216436
2025-09-10 03:00:00,o3,PIIANN,13.37,24.860483
2025-08-11 04:00:00,o3,PIIANN,21.01,25.482101
2021-03-11 22:00:00,o3,PIIANN,8.390001,24.990326
2024-08-11 10:00:00,o3,PIIANN,39.11,27.25816
2025-10-01 19:00:00,o3,PIIANN,9.84,25.32995
2022-08-03 19:00:00,o3,PIIANN,10.899999,26.14922
2022-03-09 13:00:00,o3,PIIANN,20.85,24.693888
2022-12-03 04:00:00,o3,PIIANN,12.740001,25.658419
2025-07-09 23:00:00,o3,PIIANN,17.61,24.495537
2021-09-02 04:00:00,o3,PIIANN,7.550001,24.427855
2022-03-01 11:00:00,o3,PIIANN,31.13,26.161783
2021-02-02 03:00:00,o3,PIIANN,8.15,22.64646
2022-09-11 05:00:00,o3,PIIANN,5.8600006,25.637064
2021-06-06 19:00:00,o3,PIIANN,18.5125,24.528427
2023-09-03 07:00:00,o3,PIIANN,12.605,26.350603
2022-10-02 04:00:00,o3,PIIANN,4.01,24.711048
2022-08-12 13:00:00,o3,PIIANN,81.81,23.407473
2021-11-04 10:00:00,o3,PIIANN,57.73,26.20826
2022-04-10 04:00:00,o3,PIIANN,9.530001,23.608093
2021-04-09 00:00:00,o3,PIIANN,9.050001,24.724178
2023-08-05 12:00:00,o3,PIIANN,83.1625,26.53577
2024-08-01 11:00:00,o3,PIIANN,19.88,24.86744
2021-04-08 19:00:00,o3,PIIANN,18.65,25.347418
2022-03-06 05:00:00,o3,PIIANN,19.27,25.101164
2024-02-04 04:00:00,o3,PIIANN,14.07,24.538975
2024-01-07 06:00:00,o3,PIIANN,19.26,24.424044
2023-01-07 18:00:00,o3,PIIANN,8.0375,23.941458
2025-02-10 23:00:00,o3,PIIANN,15.81,23.127338
2024-02-08 01:00:00,o3,PIIANN,18.04,23.2775
2023-07-08 07:00:00,o3,PIIANN,45.8925,25.982256
2024-05-08 23:00:00,o3,PIIANN,1.8099993,23.15096
2024-03-12 04:00:00,o3,PIIANN,9.800001,25.912724
2023-06-01 12:00:00,o3,PIIANN,25.1225,24.3881
2025-01-02 11:00:00,o3,PIIANN,19.16,24.42982
2022-12-03 11:00:00,o3,PIIANN,38.36,27.183002
2022-03-04 18:00:00,o3,PIIANN,22.35,24.241827
2021-05-01 11:00:00,o3,PIIANN,28.64,23.583378
2025-12-12 14:00:00,o3,PIIANN,29.62,22.534822
2021-01-11 02:00:00,o3,PIIANN,6.9699993,24.944519
2024-10-11 18:00:00,o3,PIIANN,14.080001,25.31605
2023-03-02 02:00:00,o3,PIIANN,4.2024994,24.901222
2025-11-05 16:00:00,o3,PIIANN,106.68,27.89959
2023-03-07 22:00:00,o3,PIIANN,7.870001,23.14885
2025-11-11 21:00:00,o3,PIIANN,13.4,24.198296
2021-06-03 04:00:00,o3,PIIANN,52.1,26.516384
2025-08-05 18:00:00,o3,PIIANN,47.93,26.888506
2023-04-12 21:00:00,o3,PIIANN,15.3125,25.391472
2022-06-11 03:00:00,o3,PIIANN,6.550001,24.667763
2024-08-08 12:00:00,o3,PIIANN,15.39,24.397217
2021-07-10 02:00:00,o3,PIIANN,4.8999996,24.803106
2022-07-05 15:00:00,o3,PIIANN,96.4,23.446356
2024-04-08 01:00:00,o3,PIIANN,15.56,23.5181
2023-08-05 21:00:00,o3,PIIANN,2.9099996,23.490551
2021-05-11 18:00:00,o3,PIIANN,20.76,24.714798
2025-03-04 18:00:00,o3,PIIANN,21.25,25.56019
2025-11-10 11:00:00,o3,PIIANN,57.01,26.996174
2024-09-02 14:00:00,o3,PIIANN,22.15,27.638664
2022-11-02 18:00:00,o3,PIIANN,14.24,24.188675
2025-08-10 08:00:00,o3,PIIANN,24.91,25.433083
2023-12-10 19:00:00,o3,PIIANN,25.925,25.241232
2022-11-10 23:00:00,o3,PIIANN,14.319999,23.327589
2022-06-02 06:00:00,o3,PIIANN,4.460001,24.821978
2023-12-10 14:00:00,o3,PIIANN,42.0025,26.515575
2023-07-07 21:00:00,o3,PIIANN,5.6975,23.219477
2022-01-04 16:00:00,o3,PIIANN,36.1,24.776264
2025-08-09 01:00:00,o3,PIIANN,18.83,22.688358
2025-09-09 09:00:00,o3,PIIANN,21.38,25.373947
2025-07-01 20:00:00,o3,PIIANN,11.96,25.37035
2021-07-09 08:00:00,o3,PIIANN,21.95,24.163029
2021-07-02 02:00:00,o3,PIIANN,72.14,25.506954
2025-09-11 14:00:00,o3,PIIANN,42.83,27.40472
2024-12-13 02:00:00,o3,PIIANN,5.913151,21.750141
2022-06-06 22:00:00,o3,PIIANN,25.49,24.25221
2021-05-06 16:00:00,o3,PIIANN,18.5125,25.192724
2021-03-02 06:00:00,o3,PIIANN,8.280001,22.585232
2023-07-07 19:00:00,o3,PIIANN,7.352501,23.457317
2023-02-05 07:00:00,o3,PIIANN,67.995,26.800255
2022-11-07 04:00:00,o3,PIIANN,15.74,23.046162
2021-01-08 13:00:00,o3,PIIANN,80.26,25.810734
2022-03-08 06:00:00,o3,PIIANN,5.0,23.47849
2023-12-08 07:00:00,o3,PIIANN,22.9225,23.550934
2022-12-08 02:00:00,o3,PIIANN,16.55,23.022007
2023-05-11 11:00:00,o3,PIIANN,42.78,26.975695
2024-10-10 23:00:00,o3,PIIANN,10.190001,23.862148
2025-03-09 06:00:00,o3,PIIANN,13.840001,24.281971
2023-12-05 18:00:00,o3,PIIANN,17.9175,22.918688
2025-03-02 15:00:00,o3,PIIANN,32.17,24.673296
2023-10-09 15:00:00,o3,PIIANN,21.8225,24.434298
2025-02-02 09:00:00,o3,PIIANN,10.44,24.57866
2022-11-06 13:00:00,o3,PIIANN,30.94,24.9605
2023-04-09 18:00:00,o3,PIIANN,18.1475,23.769114
2022-09-02 06:00:00,o3,PIIANN,4.200001,24.758244
2025-01-10 05:00:00,o3,PIIANN,11.030001,24.145336
2022-11-06 03:00:00,o3,PIIANN,25.4,23.831354
2021-12-05 17:00:00,o3,PIIANN,6.460001,24.199015
2024-06-12 14:00:00,o3,PIIANN,30.12,26.883898
2021-02-03 22:00:00,o3,PIIANN,31.75,25.526714
2023-02-10 22:00:00,o3,PIIANN,30.5475,23.443892
2024-11-06 08:00:00,o3,PIIANN,32.67,24.002308
2023-04-07 03:00:00,o3,PIIANN,16.29,23.436232
2023-07-11 03:00:00,o3,PIIANN,11.6375,25.013893
2024-10-10 01:00:00,o3,PIIANN,8.99,21.987997
2022-11-05 04:00:00,o3,PIIANN,20.08,24.693398
2025-06-07 21:00:00,o3,PIIANN,16.78,24.131426
2022-01-11 12:00:00,o3,PIIANN,64.12,27.702389
2025-06-05 09:00:00,o3,PIIANN,44.61,26.084436
2025-02-04 03:00:00,o3,PIIANN,16.76,24.752827
2023-12-05 04:00:00,o3,PIIANN,8.4825,21.53011
2023-01-06 14:00:00,o3,PIIANN,114.19,27.10285
2021-10-10 21:00:00,o3,PIIANN,9.09,24.970596
2025-05-05 23:00:00,o3,PIIANN,31.78,24.965126
2021-08-09 15:00:00,o3,PIIANN,24.03,24.69411
2024-04-02 06:00:00,o3,PIIANN,2.68,24.961546
2021-09-10 05:00:00,o3,PIIANN,5.76,25.07707
2022-10-11 22:00:00,o3,PIIANN,6.050001,24.989414
2023-02-06 13:00:00,o3,PIIANN,100.09,27.514616
2022-03-07 14:00:00,o3,PIIANN,23.11,24.425276
2023-06-07 10:00:00,o3,PIIANN,6.5975,23.328712
2023-09-10 09:00:00,o3,PIIANN,25.58,25.903505
2022-08-11 00:00:00,o3,PIIANN,6.460001,24.62499
2022-02-07 01:00:00,o3,PIIANN,14.0,23.42852
2023-06-05 21:00:00,o3,PIIANN,85.0675,26.69385
2023-01-06 11:00:00,o3,PIIANN,92.5925,26.664444
2024-07-06 13:00:00,o3,PIIANN,77.05001,26.648016
2025-04-12 17:00:00,o3,PIIANN,16.81,22.898464
2023-05-06 10:00:00,o3,PIIANN,51.225,21.697063
2025-06-09 11:00:00,o3,PIIANN,23.83,22.961374
2021-08-02 22:00:00,o3,PIIANN,8.0,24.103514
2022-06-06 12:00:00,o3,PIIANN,53.48,26.040413
2024-11-12 19:00:00,o3,PIIANN,8.99,25.29099
2021-11-05 11:00:00,o3,PIIANN,49.2,23.715538
2022-07-06 12:00:00,o3,PIIANN,69.05,26.071697
2024-09-07 12:00:00,o3,PIIANN,36.58,25.301437
2021-03-09 20:00:00,o3,PIIANN,11.669999,23.623184
2025-02-07 06:00:00,o3,PIIANN,16.71,24.075958
2025-12-11 09:00:00,o3,PIIANN,16.32,24.668152
2021-06-08 08:00:00,o3,PIIANN,14.26,25.482986
2024-08-02 00:00:00,o3,PIIANN,16.568333,24.092772
2023-02-12 21:00:00,o3,PIIANN,16.24,25.425116
2021-05-11 10:00:00,o3,PIIANN,18.75,25.382566
2024-09-13 01:00:00,o3,PIIANN,8.709192,22.620668
2022-05-10 11:00:00,o3,PIIANN,11.35,25.091719
2025-07-04 02:00:00,o3,PIIANN,12.44,24.583502
2021-11-05 23:00:00,o3,PIIANN,6.16,22.78118
2021-07-11 09:00:00,o3,PIIANN,16.74,26.204325
2023-03-11 12:00:00,o3,PIIANN,46.5175,26.642193
2021-03-12 03:00:00,o3,PIIANN,7.7700005,24.624514
2021-05-07 09:00:00,o3,PIIANN,42.31,25.046822
2022-03-13 02:00:00,o3,PIIANN,10.784988,23.486338
2022-11-07 09:00:00,o3,PIIANN,24.7,23.554693
2022-04-11 21:00:00,o3,PIIANN,6.5200005,25.16639
2025-06-03 15:00:00,o3,PIIANN,54.099995,27.07179
2024-05-08 05:00:00,o3,PIIANN,16.08,23.783796
2025-10-04 14:00:00,o3,PIIANN,30.79,25.41144
2025-12-10 01:00:00,o3,PIIANN,16.5,21.376732
2024-05-04 00:00:00,o3,PIIANN,22.62,24.882742
2024-11-02 04:00:00,o3,PIIANN,9.360001,24.866428
2021-07-05 11:00:00,o3,PIIANN,61.94,24.746092
2023-12-01 10:00:00,o3,PIIANN,8.045,24.472551
2022-12-01 15:00:00,o3,PIIANN,22.09,25.886467
2021-02-12 12:00:00,o3,PIIANN,14.599999,25.65204
2024-01-11 20:00:00,o3,PIIANN,37.52,26.152794
2025-11-05 00:00:00,o3,PIIANN,16.36,23.806345
2024-08-04 17:00:00,o3,PIIANN,34.18,25.515797
2024-09-03 18:00:00,o3,PIIANN,32.38,26.53495
2023-01-07 14:00:00,o3,PIIANN,7.505001,24.09938
2021-12-07 14:00:00,o3,PIIANN,20.7,24.134882
2021-10-08 11:00:00,o3,PIIANN,52.23,25.380123
2021-02-10 03:00:00,o3,PIIANN,6.6100006,23.921482
2021-01-09 00:00:00,o3,PIIANN,3.93,23.822876
2022-07-03 11:00:00,o3,PIIANN,47.83,27.86502
2022-12-05 09:00:00,o3,PIIANN,6.0599995,24.072666
2024-06-05 15:00:00,o3,PIIANN,32.4,25.589685
2024-01-05 11:00:00,o3,PIIANN,132.14001,27.311857
2024-03-08 23:00:00,o3,PIIANN,16.28,23.158821
2022-01-12 15:00:00,o3,PIIANN,47.33,26.040388
2024-02-09 09:00:00,o3,PIIANN,14.47,23.376707
2025-05-08 06:00:00,o3,PIIANN,9.940001,23.536594
2024-10-10 16:00:00,o3,PIIANN,19.49,21.072695
2025-03-03 23:00:00,o3,PIIANN,23.56,24.460224
2021-03-09 19:00:00,o3,PIIANN,9.550001,23.946749
2021-08-04 10:00:00,o3,PIIANN,50.989998,26.367525
2024-12-02 14:00:00,o3,PIIANN,52.02,25.107235
2024-08-05 09:00:00,o3,PIIANN,40.6,25.42018
2024-03-05 08:00:00,o3,PIIANN,42.2,24.561903
2023-02-11 18:00:00,o3,PIIANN,25.61,25.760117
2022-03-08 17:00:00,o3,PIIANN,16.56,24.756792
2022-11-05 17:00:00,o3,PIIANN,5.960001,24.604765
2025-06-11 07:00:00,o3,PIIANN,19.13,24.214985
2021-06-07 19:00:00,o3,PIIANN,32.39,25.221804
2022-09-05 00:00:00,o3,PIIANN,17.170834,23.362972
2024-07-10 06:00:00,o3,PIIANN,4.200001,24.607903
2021-11-08 07:00:00,o3,PIIANN,25.44,24.290201
2024-01-09 08:00:00,o3,PIIANN,10.86,23.417969
2022-06-11 08:00:00,o3,PIIANN,11.11,25.427732
2023-08-06 01:00:00,o3,PIIANN,31.2875,25.31382
2025-04-04 12:00:00,o3,PIIANN,70.6,25.938017
2022-05-03 16:00:00,o3,PIIANN,62.68,25.848265
2025-12-10 20:00:00,o3,PIIANN,17.41,26.029417
2023-04-08 06:00:00,o3,PIIANN,13.9175005,23.985125
2024-07-07 12:00:00,o3,PIIANN,23.34,24.814571
2022-02-03 02:00:00,o3,PIIANN,17.883333,24.466438
2024-04-03 03:00:00,o3,PIIANN,19.87,25.201605
2024-02-10 13:00:00,o3,PIIANN,19.03,25.926252
2021-04-02 13:00:00,o3,PIIANN,37.46,23.082039
2021-08-04 06:00:00,o3,PIIANN,28.78,25.18068
2025-08-13 02:00:00,o3,PIIANN,11.653698,23.788301
2024-08-09 00:00:00,o3,PIIANN,12.369999,23.618181
2025-01-04 11:00:00,o3,PIIANN,51.94,27.023823
2022-08-11 11:00:00,o3,PIIANN,24.26,26.72679
2022-09-02 16:00:00,o3,PIIANN,21.68,25.577978
2023-03-05 20:00:00,o3,PIIANN,61.61,26.114546
2023-07-06 22:00:00,o3,PIIANN,31.915,25.136759
2022-07-11 15:00:00,o3,PIIANN,78.47,27.032501
2022-04-12 17:00:00,o3,PIIANN,11.030001,23.212069
2023-09-08 15:00:00,o3,PIIANN,33.45,26.200264
2022-04-04 13:00:00,o3,PIIANN,27.36,24.283413
2024-08-05 22:00:00,o3,PIIANN,35.6,24.668756
2021-04-05 10:00:00,o3,PIIANN,35.11,24.495516
2023-01-03 11:00:00,o3,PIIANN,43.75,26.678453
2024-07-01 15:00:00,o3,PIIANN,37.74,24.672064
2021-06-04 22:00:00,o3,PIIANN,42.67,25.530474
2025-07-12 13:00:00,o3,PIIANN,20.68,24.882362
2025-07-12 18:00:00,o3,PIIANN,10.24,23.670145
2021-07-12 09:00:00,o3,PIIANN,14.31,25.727724
2021-02-03 17:00:00,o3,PIIANN,65.97,26.96158
2023-05-02 11:00:00,o3,PIIANN,16.83,24.980425
2023-04-03 01:00:00,o3,PIIANN,14.5475,25.30567
2025-12-07 21:00:00,o3,PIIANN,18.69,24.265661
2023-03-04 13:00:00,o3,PIIANN,104.4225,27.996925
2023-05-12 01:00:00,o3,PIIANN,11.6375,25.43699
2023-10-02 13:00:00,o3,PIIANN,38.9725,25.587011
2024-08-09 23:00:00,o3,PIIANN,14.16,23.594131
2022-07-04 23:00:00,o3,PIIANN,16.92,23.744432
2022-11-02 10:00:00,o3,PIIANN,13.68,25.662285
2023-05-09 07:00:00,o3,PIIANN,23.6425,24.344084
2024-11-11 23:00:00,o3,PIIANN,10.84,25.22428
2022-02-06 01:00:00,o3,PIIANN,46.65,24.056501
2024-12-12 18:00:00,o3,PIIANN,9.690001,25.245237
2025-08-05 05:00:00,o3,PIIANN,27.78,26.174885
2023-07-02 01:00:00,o3,PIIANN,5.897501,24.286783
2024-08-09 19:00:00,o3,PIIANN,8.52,23.68118
2024-07-05 23:00:00,o3,PIIANN,49.96,25.23346
2024-03-09 15:00:00,o3,PIIANN,14.82,24.71377
2023-05-06 12:00:00,o3,PIIANN,61.625,22.339848
2022-02-02 16:00:00,o3,PIIANN,95.08,26.247555
2025-05-09 23:00:00,o3,PIIANN,18.37,23.114363
2024-07-09 00:00:00,o3,PIIANN,10.4,23.612211
2025-11-03 02:00:00,o3,PIIANN,14.91,25.701168
2025-04-03 14:00:00,o3,PIIANN,45.92,27.528416
2025-10-02 01:00:00,o3,PIIANN,7.800001,25.200876
2024-03-09 19:00:00,o3,PIIANN,13.859999,23.986725
2021-12-10 15:00:00,o3,PIIANN,63.86,25.982883
2023-11-06 16:00:00,o3,PIIANN,49.9475,25.7773
2024-01-10 06:00:00,o3,PIIANN,12.27,24.87766
2023-06-11 20:00:00,o3,PIIANN,15.805,26.451303
2025-10-01 11:00:00,o3,PIIANN,42.78,26.602861
2021-01-07 01:00:00,o3,PIIANN,35.26,24.390318
2025-10-07 03:00:00,o3,PIIANN,17.46,24.038216
2021-08-06 06:00:00,o3,PIIANN,41.95,24.796635
2024-05-10 16:00:00,o3,PIIANN,13.51,25.221613
2023-05-07 14:00:00,o3,PIIANN,17.5025,24.528711
2024-02-06 02:00:00,o3,PIIANN,24.06,23.49676
2023-01-02 14:00:00,o3,PIIANN,59.6625,25.312353
2025-08-02 19:00:00,o3,PIIANN,9.640001,25.291412
2021-12-02 19:00:00,o3,PIIANN,8.050001,25.964846
2025-10-03 15:00:00,o3,PIIANN,81.87001,27.917292
2021-11-03 07:00:00,o3,PIIANN,14.88,24.064857
2023-08-03 18:00:00,o3,PIIANN,35.2375,27.232224
2025-10-10 02:00:00,o3,PIIANN,13.32,25.141882
2021-10-04 12:00:00,o3,PIIANN,82.94001,26.49479
2023-07-06 11:00:00,o3,PIIANN,63.305,27.008598
2022-06-06 15:00:00,o3,PIIANN,36.67,25.928585
2024-12-12 21:00:00,o3,PIIANN,8.59,25.172474
2023-11-01 09:00:00,o3,PIIANN,7.290001,24.299868
2021-01-10 04:00:00,o3,PIIANN,9.02,23.616575
2025-09-09 06:00:00,o3,PIIANN,14.36,24.678492
2021-02-06 21:00:00,o3,PIIANN,47.9625,25.530506
2021-06-05 11:00:00,o3,PIIANN,48.62,24.548727
2024-11-10 12:00:00,o3,PIIANN,19.0,26.180672
2024-09-06 12:00:00,o3,PIIANN,80.31,25.770649
2022-03-09 07:00:00,o3,PIIANN,16.78,23.505966
2022-06-10 15:00:00,o3,PIIANN,10.26,24.433126
2021-08-09 05:00:00,o3,PIIANN,15.47,23.308077
2024-07-02 18:00:00,o3,PIIANN,18.41,25.453794
2021-05-01 19:00:00,o3,PIIANN,9.68,22.846804
2021-04-02 07:00:00,o3,PIIANN,8.360001,21.795414
2025-04-07 00:00:00,o3,PIIANN,16.66,24.901005
2023-10-05 21:00:00,o3,PIIANN,17.665,22.785019
2023-12-07 01:00:00,o3,PIIANN,14.945,23.119406
2024-02-03 20:00:00,o3,PIIANN,15.54,25.959105
2025-04-03 04:00:00,o3,PIIANN,14.37,25.036055
2025-12-08 15:00:00,o3,PIIANN,27.64,24.582033
2025-09-04 16:00:00,o3,PIIANN,40.97,24.614992
2021-10-01 12:00:00,o3,PIIANN,22.7,26.166231
2022-01-09 18:00:00,o3,PIIANN,14.47,23.144287
2025-10-12 06:00:00,o3,PIIANN,9.52,22.64
2021-05-01 23:00:00,o3,PIIANN,9.83,23.328907
2025-04-02 03:00:00,o3,PIIANN,9.360001,25.019018
2022-05-12 21:00:00,o3,PIIANN,9.9,22.74512
2025-08-13 01:00:00,o3,PIIANN,11.6558,24.136864
2022-01-02 05:00:00,o3,PIIANN,4.0200005,24.521837
2021-11-04 09:00:00,o3,PIIANN,43.31,25.592052
2021-05-05 12:00:00,o3,PIIANN,6.4799995,25.081808
2024-07-07 15:00:00,o3,PIIANN,18.26,23.672403
2022-10-05 01:00:00,o3,PIIANN,17.34,21.35228
2022-09-07 04:00:00,o3,PIIANN,18.68,23.324707
2021-09-01 14:00:00,o3,PIIANN,53.73,26.258726
2024-08-04 08:00:00,o3,PIIANN,29.11,25.645327
2024-02-03 19:00:00,o3,PIIANN,18.48,26.319757
2022-12-02 17:00:00,o3,PIIANN,10.96,25.610222
2025-12-05 17:00:00,o3,PIIANN,37.74,26.616043
2023-06-10 01:00:00,o3,PIIANN,67.24,22.40618
2023-12-06 11:00:00,o3,PIIANN,54.48,25.162842
2021-09-04 04:00:00,o3,PIIANN,30.68,25.283638
2024-05-06 03:00:00,o3,PIIANN,25.56,25.564713
2025-08-09 14:00:00,o3,PIIANN,18.58,25.487679
2025-03-09 10:00:00,o3,PIIANN,14.09,23.627438
2025-12-08 19:00:00,o3,PIIANN,14.71,24.084963
2024-07-10 12:00:00,o3,PIIANN,9.380001,25.973803
2021-01-09 16:00:00,o3,PIIANN,29.32,24.486567
2025-04-08 04:00:00,o3,PIIANN,12.96,23.70183
2025-06-06 09:00:00,o3,PIIANN,21.61,25.909498
2024-08-04 14:00:00,o3,PIIANN,79.42,26.979486
2025-09-04 22:00:00,o3,PIIANN,23.6,24.373558
2021-02-07 10:00:00,o3,PIIANN,45.03,24.962906
2025-04-02 20:00:00,o3,PIIANN,8.860001,24.572327
2021-08-07 12:00:00,o3,PIIANN,47.99,25.481232
2022-04-12 23:00:00,o3,PIIANN,10.82,23.021017
2022-08-06 16:00:00,o3,PIIANN,52.42,25.772636
2024-10-08 12:00:00,o3,PIIANN,26.56,24.886097
2022-09-12 13:00:00,o3,PIIANN,50.5,24.310612
2022-03-09 15:00:00,o3,PIIANN,30.11,24.410355
2023-11-06 09:00:00,o3,PIIANN,40.7625,24.506746
2021-05-02 19:00:00,o3,PIIANN,7.1000004,22.137365
2023-11-12 10:00:00,o3,PIIANN,26.8525,26.62332
2023-07-08 21:00:00,o3,PIIANN,26.3925,25.209448
2023-12-11 02:00:00,o3,PIIANN,11.1575,23.121492
2022-08-07 18:00:00,o3,PIIANN,17.91,23.441704
2024-04-11 22:00:00,o3,PIIANN,18.22,24.070845
2021-01-08 23:00:00,o3,PIIANN,33.65,23.98716
2021-07-11 21:00:00,o3,PIIANN,11.340001,25.320143
2021-06-10 09:00:00,o3,PIIANN,24.56,25.578772
2022-11-10 14:00:00,o3,PIIANN,17.48,24.42091
2021-03-04 11:00:00,o3,PIIANN,68.24,27.631943
2023-03-12 21:00:00,o3,PIIANN,15.5625,25.18272
2022-02-12 23:00:00,o3,PIIANN,11.32,23.782034
2025-12-12 22:00:00,o3,PIIANN,9.02,23.810732
2022-05-02 03:00:00,o3,PIIANN,3.34,24.96686
2021-10-06 13:00:00,o3,PIIANN,74.04,22.513779
2022-02-04 02:00:00,o3,PIIANN,25.36,23.991543
2022-10-12 01:00:00,o3,PIIANN,8.24,23.656519
2022-09-06 20:00:00,o3,PIIANN,23.98,24.361752
2025-04-10 04:00:00,o3,PIIANN,13.020001,23.732838
2024-01-06 23:00:00,o3,PIIANN,23.55,23.78437
2023-09-09 18:00:00,o3,PIIANN,20.915,23.8976
2024-07-07 07:00:00,o3,PIIANN,17.58,23.838964
2025-09-12 13:00:00,o3,PIIANN,17.59,23.894701
2022-09-11 11:00:00,o3,PIIANN,13.1,26.242708
2023-05-08 21:00:00,o3,PIIANN,46.28,24.692732
2024-05-07 23:00:00,o3,PIIANN,31.51,23.884512
2025-01-07 09:00:00,o3,PIIANN,17.66,24.345335
2021-10-09 07:00:00,o3,PIIANN,13.020001,25.019857
2021-01-04 22:00:00,o3,PIIANN,47.73,25.923111
2023-01-10 02:00:00,o3,PIIANN,32.6775,23.268467
2025-11-07 22:00:00,o3,PIIANN,18.98,24.182993
2025-07-12 15:00:00,o3,PIIANN,23.45,24.194143
2021-04-04 12:00:00,o3,PIIANN,84.28,27.44707
2025-10-06 15:00:00,o3,PIIANN,20.31,26.021013
2024-02-06 14:00:00,o3,PIIANN,26.34,24.64029
2021-11-04 12:00:00,o3,PIIANN,95.73,26.91157
2024-12-05 19:00:00,o3,PIIANN,19.4,25.212805
2021-09-07 20:00:00,o3,PIIANN,20.05,24.300444
2024-04-08 14:00:00,o3,PIIANN,18.86,24.251558
2025-03-04 22:00:00,o3,PIIANN,19.07,24.465294
2025-09-12 17:00:00,o3,PIIANN,10.200001,22.873245
2024-02-02 13:00:00,o3,PIIANN,31.72,26.395369
2024-03-10 14:00:00,o3,PIIANN,25.01,26.494177
2022-10-05 02:00:00,o3,PIIANN,16.65,20.81467
2024-11-10 14:00:00,o3,PIIANN,24.41,26.332499
2021-09-02 19:00:00,o3,PIIANN,8.67,24.482786
2023-10-10 08:00:00,o3,PIIANN,30.8625,26.308891
2023-01-12 17:00:00,o3,PIIANN,26.595,22.408749
2025-11-04 20:00:00,o3,PIIANN,19.07,24.57391
2023-03-01 22:00:00,o3,PIIANN,7.4925003,21.313719
2023-06-09 04:00:00,o3,PIIANN,19.8,23.884022
2024-01-08 17:00:00,o3,PIIANN,17.53,23.594137
2024-05-05 23:00:00,o3,PIIANN,26.84,24.012928
2025-09-08 02:00:00,o3,PIIANN,8.6,20.400179
2021-09-06 16:00:00,o3,PIIANN,94.37,22.640766
2024-11-03 17:00:00,o3,PIIANN,125.97,27.339468
2025-10-03 19:00:00,o3,PIIANN,35.75,26.274168
2025-07-07 22:00:00,o3,PIIANN,15.97,24.057718
2021-08-13 00:00:00,o3,PIIANN,14.809759,25.188992
2025-08-05 00:00:00,o3,PIIANN,55.039997,24.29503
2023-05-06 09:00:00,o3,PIIANN,46.8825,21.338928
2022-10-06 10:00:00,o3,PIIANN,37.18,25.026987
2024-02-12 13:00:00,o3,PIIANN,20.11,26.215134
2023-09-02 23:00:00,o3,PIIANN,5.6566677,25.165333
2021-12-03 01:00:00,o3,PIIANN,16.61,24.646978
2021-07-08 14:00:00,o3,PIIANN,24.87,25.012838
2022-03-02 21:00:00,o3,PIIANN,6.25,24.671904
2024-05-12 22:00:00,o3,PIIANN,9.66,24.81829
2022-03-10 08:00:00,o3,PIIANN,9.880001,24.238693
2024-06-03 08:00:00,o3,PIIANN,20.12,26.481707
2021-09-09 09:00:00,o3,PIIANN,26.32,24.49618
2024-03-05 22:00:00,o3,PIIANN,31.1,24.866768
2021-11-04 06:00:00,o3,PIIANN,19.84,24.336136
2024-11-08 22:00:00,o3,PIIANN,15.6,23.45699
2022-08-07 06:00:00,o3,PIIANN,11.150001,23.405855
2023-03-07 06:00:00,o3,PIIANN,8.165001,23.487295
2024-02-12 14:00:00,o3,PIIANN,17.98,26.200817
2022-12-13 02:00:00,o3,PIIANN,9.157244,21.010448
2025-09-10 18:00:00,o3,PIIANN,20.17,24.868305
2025-03-01 14:00:00,o3,PIIANN,49.15,26.028467
2021-11-05 13:00:00,o3,PIIANN,28.7,24.44634
2021-06-07 09:00:00,o3,PIIANN,49.759995,26.257261
2022-01-06 04:00:00,o3,PIIANN,29.07,24.847301
2024-04-10 12:00:00,o3,PIIANN,13.67,25.283577
2021-10-04 06:00:00,o3,PIIANN,15.8,24.977749
2025-02-05 19:00:00,o3,PIIANN,27.96,26.892967
2022-10-08 15:00:00,o3,PIIANN,14.690001,20.500504
2024-10-06 08:00:00,o3,PIIANN,52.1,24.610107
2024-07-09 12:00:00,o3,PIIANN,38.78,25.686918
2024-11-05 21:00:00,o3,PIIANN,25.16,24.606031
2022-01-07 21:00:00,o3,PIIANN,16.23,24.032866
2025-06-10 18:00:00,o3,PIIANN,20.54,25.02231
2025-08-03 15:00:00,o3,PIIANN,80.05,27.511812
2022-04-12 20:00:00,o3,PIIANN,10.02,22.550528
2023-01-07 11:00:00,o3,PIIANN,6.8199997,23.865389
2021-06-04 03:00:00,o3,PIIANN,29.03,25.791803
2024-09-12 03:00:00,o3,PIIANN,8.1,25.373146
2024-02-03 23:00:00,o3,PIIANN,17.28,25.287178
2024-07-12 03:00:00,o3,PIIANN,8.42,25.209854
2021-07-09 16:00:00,o3,PIIANN,14.87,24.081408
2023-07-09 17:00:00,o3,PIIANN,22.5125,23.048943
2024-10-05 16:00:00,o3,PIIANN,51.82,25.426983
2025-09-03 04:00:00,o3,PIIANN,13.4,25.613916
2025-02-02 02:00:00,o3,PIIANN,10.280001,24.447784
2025-02-04 10:00:00,o3,PIIANN,30.22,26.210253
2022-12-10 00:00:00,o3,PIIANN,15.26,19.389475
2025-07-06 23:00:00,o3,PIIANN,20.31,25.170843
2022-10-12 11:00:00,o3,PIIANN,12.52,22.779379
2024-07-09 17:00:00,o3,PIIANN,16.3,25.32517
2024-06-10 11:00:00,o3,PIIANN,19.52,26.25476
2024-12-07 11:00:00,o3,PIIANN,33.34,24.275719
2022-12-02 05:00:00,o3,PIIANN,3.469999,24.078438
2022-05-02 16:00:00,o3,PIIANN,14.439999,26.19927
2025-02-05 15:00:00,o3,PIIANN,90.67,27.142056
2022-11-09 20:00:00,o3,PIIANN,14.38,23.66758
2023-12-08 00:00:00,o3,PIIANN,24.6425,22.57243
2025-11-08 11:00:00,o3,PIIANN,15.66,24.667374
2025-06-12 19:00:00,o3,PIIANN,10.08,24.137127
2022-07-03 05:00:00,o3,PIIANN,11.35,25.629028
2021-04-10 07:00:00,o3,PIIANN,22.74,22.45507
2025-04-07 09:00:00,o3,PIIANN,16.8,25.011454
2023-01-10 03:00:00,o3,PIIANN,31.95,23.193365
2021-12-07 10:00:00,o3,PIIANN,27.97,23.961472
2024-08-02 19:00:00,o3,PIIANN,7.3600006,26.134659
2021-12-07 05:00:00,o3,PIIANN,8.24,22.828686
2023-07-05 13:00:00,o3,PIIANN,155.13,30.009762
2024-05-08 20:00:00,o3,PIIANN,1.2200011,23.129942
2021-09-06 14:00:00,o3,PIIANN,92.86,22.508045
2024-10-01 17:00:00,o3,PIIANN,17.96,24.913334
2023-04-02 03:00:00,o3,PIIANN,4.567501,23.688234
2024-12-06 22:00:00,o3,PIIANN,21.33,24.165707
2022-05-02 17:00:00,o3,PIIANN,7.700001,25.986006
2025-11-13 00:00:00,o3,PIIANN,10.6172285,22.810976
2022-05-07 13:00:00,o3,PIIANN,13.05,24.91225
2023-01-04 19:00:00,o3,PIIANN,11.72,24.356339
2021-06-06 21:00:00,o3,PIIANN,18.5125,24.193985
2021-05-10 10:00:00,o3,PIIANN,33.94,26.299994
2024-05-06 00:00:00,o3,PIIANN,57.26,23.958572
2024-04-01 12:00:00,o3,PIIANN,20.02,25.877157
2022-02-03 16:00:00,o3,PIIANN,18.5125,25.672543
2022-08-12 21:00:00,o3,PIIANN,7.300001,22.580908
2023-01-03 13:00:00,o3,PIIANN,112.07,27.119614
2022-10-09 05:00:00,o3,PIIANN,10.779999,23.621204
2024-07-12 12:00:00,o3,PIIANN,14.86,26.786728
2024-11-04 04:00:00,o3,PIIANN,9.940001,25.497387
2022-02-10 08:00:00,o3,PIIANN,10.419999,25.454967
2021-02-08 00:00:00,o3,PIIANN,28.83,24.30452
2021-07-03 20:00:00,o3,PIIANN,38.68,26.360844
2023-02-05 03:00:00,o3,PIIANN,55.0825,26.149006
2023-02-08 14:00:00,o3,PIIANN,18.5125,23.59987
2025-10-10 20:00:00,o3,PIIANN,22.3,24.379896
2022-02-01 17:00:00,o3,PIIANN,14.110001,25.050095
2021-11-11 10:00:00,o3,PIIANN,10.68,26.381718
2021-06-05 19:00:00,o3,PIIANN,6.16,23.172155
2024-12-11 16:00:00,o3,PIIANN,47.96,26.213955
2024-09-10 01:00:00,o3,PIIANN,6.0200005,24.056005
2023-03-09 21:00:00,o3,PIIANN,20.34,24.274723
2023-01-05 16:00:00,o3,PIIANN,76.5025,27.189922
2025-06-12 09:00:00,o3,PIIANN,12.09,25.592926
2022-05-08 10:00:00,o3,PIIANN,18.58,24.524302
2022-04-03 02:00:00,o3,PIIANN,13.996667,23.69182
2025-06-12 16:00:00,o3,PIIANN,10.32,25.242598
2025-12-12 01:00:00,o3,PIIANN,8.43,23.811583
2025-07-01 21:00:00,o3,PIIANN,9.960001,25.165974
2021-06-05 12:00:00,o3,PIIANN,46.05,25.228695
2021-03-08 02:00:00,o3,PIIANN,23.08,24.381874
2024-11-12 17:00:00,o3,PIIANN,9.65,25.475677
2022-02-04 20:00:00,o3,PIIANN,14.36,23.86862
2025-08-12 09:00:00,o3,PIIANN,11.1,24.490759
2025-03-11 16:00:00,o3,PIIANN,31.06,26.803251
2022-07-12 10:00:00,o3,PIIANN,17.66,24.68429
2021-12-09 21:00:00,o3,PIIANN,19.42,23.863873
2024-10-02 03:00:00,o3,PIIANN,8.620001,25.721434
2021-08-10 18:00:00,o3,PIIANN,32.74,24.988379
2025-08-03 06:00:00,o3,PIIANN,21.03,26.39885
2023-12-06 19:00:00,o3,PIIANN,25.1975,24.61993
2024-03-05 06:00:00,o3,PIIANN,8.17,23.746988
2021-01-12 19:00:00,o3,PIIANN,9.59,24.368984
2022-06-05 06:00:00,o3,PIIANN,15.57,24.635843
2023-04-09 22:00:00,o3,PIIANN,19.7425,23.697952
2024-02-06 22:00:00,o3,PIIANN,16.6,23.332972
2022-06-10 19:00:00,o3,PIIANN,9.620001,24.149113
2021-06-10 18:00:00,o3,PIIANN,11.56,25.062778
2023-06-08 23:00:00,o3,PIIANN,45.883335,25.025011
2024-04-02 23:00:00,o3,PIIANN,10.65,24.891592
2023-12-09 21:00:00,o3,PIIANN,19.425,23.55552
2024-02-05 17:00:00,o3,PIIANN,66.15,27.220823
2022-05-07 04:00:00,o3,PIIANN,15.34,23.030409
2021-09-05 14:00:00,o3,PIIANN,6.25,24.785503
2021-02-02 23:00:00,o3,PIIANN,7.5,23.423378
2023-01-12 05:00:00,o3,PIIANN,11.635,20.63872
2023-09-09 19:00:00,o3,PIIANN,21.1775,23.753643
2024-07-11 15:00:00,o3,PIIANN,64.27,27.751307
2022-08-06 11:00:00,o3,PIIANN,44.32,25.50262
2021-01-08 05:00:00,o3,PIIANN,16.09,23.752403
2022-12-02 11:00:00,o3,PIIANN,12.7699995,26.586113
2024-08-13 00:00:00,o3,PIIANN,9.10162,25.39955
2023-01-04 23:00:00,o3,PIIANN,11.046667,24.675898
2024-06-12 07:00:00,o3,PIIANN,9.280001,25.479572
2024-07-07 21:00:00,o3,PIIANN,18.1,23.288603
2021-05-04 10:00:00,o3,PIIANN,77.13,27.117819
2025-11-05 05:00:00,o3,PIIANN,20.22,25.473982
2022-11-04 03:00:00,o3,PIIANN,19.18,22.097857
2023-02-07 16:00:00,o3,PIIANN,5.862501,24.188711
2024-01-08 10:00:00,o3,PIIANN,17.7,24.882927
2023-05-09 19:00:00,o3,PIIANN,20.825,23.6357
2025-09-13 01:00:00,o3,PIIANN,10.512148,21.439272
2023-05-01 13:00:00,o3,PIIANN,44.89,24.2147
2021-10-09 17:00:00,o3,PIIANN,52.51,26.084785
2024-06-01 16:00:00,o3,PIIANN,24.04,24.249151
2021-08-04 19:00:00,o3,PIIANN,30.12,25.534868
2025-02-02 11:00:00,o3,PIIANN,13.31,25.11452
2023-07-04 21:00:00,o3,PIIANN,41.1825,25.552692
2023-12-06 06:00:00,o3,PIIANN,45.715,24.150015
2024-09-08 13:00:00,o3,PIIANN,20.88,24.856434
2025-12-07 11:00:00,o3,PIIANN,20.7,24.741957
2024-11-02 20:00:00,o3,PIIANN,10.130001,24.409895
2022-05-12 20:00:00,o3,PIIANN,10.26,22.7742
2021-11-09 10:00:00,o3,PIIANN,28.08,25.169989
2025-10-12 20:00:00,o3,PIIANN,11.51,22.091124
2022-06-12 16:00:00,o3,PIIANN,36.28,25.199553
2021-05-02 15:00:00,o3,PIIANN,15.79,23.157871
2024-05-11 23:00:00,o3,PIIANN,8.9025,25.232174
2021-05-12 08:00:00,o3,PIIANN,9.690001,25.283058
2022-11-08 03:00:00,o3,PIIANN,9.23,19.846518
2024-08-02 07:00:00,o3,PIIANN,18.5125,26.158684
2025-01-05 05:00:00,o3,PIIANN,10.509999,24.645891
2023-03-10 00:00:00,o3,PIIANN,37.9275,23.728464
2022-12-05 01:00:00,o3,PIIANN,6.1399994,23.36547
2021-01-05 07:00:00,o3,PIIANN,6.16,24.145782
2023-06-11 12:00:00,o3,PIIANN,45.365,28.624762
2021-12-09 08:00:00,o3,PIIANN,22.16,24.738071
2025-02-09 17:00:00,o3,PIIANN,14.26,24.34197
2021-09-05 03:00:00,o3,PIIANN,5.4699993,24.059406
2021-12-07 13:00:00,o3,PIIANN,22.58,24.217764
2023-09-05 16:00:00,o3,PIIANN,82.8475,27.628115
2025-09-03 21:00:00,o3,PIIANN,31.4,25.880135
2024-03-08 13:00:00,o3,PIIANN,17.04,23.716757
2025-12-06 16:00:00,o3,PIIANN,18.77,24.55211
2023-03-08 15:00:00,o3,PIIANN,41.98,24.646982
2021-02-01 18:00:00,o3,PIIANN,10.41,21.802052
2025-03-12 04:00:00,o3,PIIANN,11.01,22.589703
2024-11-07 04:00:00,o3,PIIANN,33.76,23.671892
2021-12-03 16:00:00,o3,PIIANN,61.86,26.030073
2023-10-09 23:00:00,o3,PIIANN,19.686666,23.294626
2022-12-09 06:00:00,o3,PIIANN,14.540001,23.517288
2025-09-01 22:00:00,o3,PIIANN,10.32,24.465729
2024-01-07 01:00:00,o3,PIIANN,21.47,23.64332
2025-10-12 03:00:00,o3,PIIANN,9.77,22.669228
2025-04-03 23:00:00,o3,PIIANN,15.87,24.764532
2025-05-07 12:00:00,o3,PIIANN,17.57,25.404348
2023-02-05 12:00:00,o3,PIIANN,107.65,28.059813
2021-11-06 05:00:00,o3,PIIANN,22.47,19.839386
2022-05-11 19:00:00,o3,PIIANN,6.6000004,25.090988
2025-03-12 21:00:00,o3,PIIANN,12.23,22.713594
2023-01-12 02:00:00,o3,PIIANN,11.9575,22.059195
2021-07-03 22:00:00,o3,PIIANN,42.9,25.97947
2024-06-03 15:00:00,o3,PIIANN,78.19,27.53887
2021-03-12 01:00:00,o3,PIIANN,8.9,23.173643
2022-02-11 02:00:00,o3,PIIANN,13.73,25.211832
2024-12-08 03:00:00,o3,PIIANN,15.96,23.445929
2024-07-10 10:00:00,o3,PIIANN,8.09,25.803688
2021-08-06 22:00:00,o3,PIIANN,29.56,21.46245
2024-09-12 10:00:00,o3,PIIANN,13.990001,25.909534
2022-03-02 15:00:00,o3,PIIANN,64.51,25.08936
2022-12-08 09:00:00,o3,PIIANN,24.6,23.89716
2024-02-10 09:00:00,o3,PIIANN,7.7199993,25.19066
2025-01-07 20:00:00,o3,PIIANN,17.35,24.30509
2024-12-03 12:00:00,o3,PIIANN,89.14,26.570988
2024-03-02 06:00:00,o3,PIIANN,7.08,24.95083
2023-10-07 23:00:00,o3,PIIANN,13.473333,23.40182
2023-05-06 23:00:00,o3,PIIANN,22.813334,20.690067
2023-09-11 05:00:00,o3,PIIANN,11.1075,25.19394
2025-07-04 19:00:00,o3,PIIANN,24.525,25.075098
2023-04-09 05:00:00,o3,PIIANN,19.9725,24.322756
2022-03-10 10:00:00,o3,PIIANN,11.39,24.450054
2024-09-12 14:00:00,o3,PIIANN,26.66,26.080004
2023-10-02 10:00:00,o3,PIIANN,18.43,25.4562
2023-06-02 22:00:00,o3,PIIANN,6.6499996,24.376795
2024-02-05 01:00:00,o3,PIIANN,78.270004,25.594984
2025-03-12 12:00:00,o3,PIIANN,60.29,23.717848
2021-07-03 00:00:00,o3,PIIANN,39.58,24.94145
2023-10-12 19:00:00,o3,PIIANN,23.605,25.231161
2022-11-10 11:00:00,o3,PIIANN,14.48,25.376787
2025-09-10 21:00:00,o3,PIIANN,13.09,24.664518
2022-08-07 14:00:00,o3,PIIANN,25.34,24.347403
2022-11-05 13:00:00,o3,PIIANN,31.93,25.442835
2021-05-08 02:00:00,o3,PIIANN,10.380001,25.077337
2025-10-12 16:00:00,o3,PIIANN,11.000001,22.608652
2023-06-03 17:00:00,o3,PIIANN,39.9475,27.537605
2025-02-02 01:00:00,o3,PIIANN,10.17,24.869665
2022-01-11 15:00:00,o3,PIIANN,86.79,27.349644
2024-12-11 14:00:00,o3,PIIANN,53.66,26.91485
2023-09-06 05:00:00,o3,PIIANN,35.45,24.70509
2021-03-01 16:00:00,o3,PIIANN,25.34,21.419916
2023-04-09 17:00:00,o3,PIIANN,18.93,24.001781
2022-01-02 08:00:00,o3,PIIANN,7.210001,24.617613
2024-05-02 22:00:00,o3,PIIANN,12.489999,24.694439
2021-03-09 06:00:00,o3,PIIANN,5.24,24.003843
2024-10-03 07:00:00,o3,PIIANN,17.08,26.262197
2025-12-06 09:00:00,o3,PIIANN,20.39,24.671534
2024-07-11 11:00:00,o3,PIIANN,54.55,27.699747
2022-09-08 17:00:00,o3,PIIANN,13.11,24.578796
2025-01-11 08:00:00,o3,PIIANN,28.02,24.00655
2023-08-12 14:00:00,o3,PIIANN,40.97,25.853708
2025-05-09 20:00:00,o3,PIIANN,16.06,23.15997
2023-05-03 18:00:00,o3,PIIANN,7.870001,26.86405
2024-05-02 21:00:00,o3,PIIANN,12.219999,24.711014
2021-06-05 16:00:00,o3,PIIANN,10.16,24.446074
2025-01-04 22:00:00,o3,PIIANN,16.6,24.258831
2021-07-02 07:00:00,o3,PIIANN,35.02,26.375721
2024-10-12 19:00:00,o3,PIIANN,9.550001,25.491997
2021-11-07 00:00:00,o3,PIIANN,21.02,21.098171
2024-07-08 15:00:00,o3,PIIANN,15.76,24.401493
2022-06-04 22:00:00,o3,PIIANN,14.319999,23.779728
2025-01-08 13:00:00,o3,PIIANN,23.15,26.036034
2024-09-12 08:00:00,o3,PIIANN,11.13,25.507881
2022-08-08 21:00:00,o3,PIIANN,13.88,23.501648
2025-04-05 19:00:00,o3,PIIANN,41.04,25.83415
2025-11-05 22:00:00,o3,PIIANN,21.69,25.67019
2025-11-02 07:00:00,o3,PIIANN,10.880001,25.174503
2022-06-04 02:00:00,o3,PIIANN,15.86,23.592232
2023-12-12 23:00:00,o3,PIIANN,16.13,24.274384
2024-03-05 03:00:00,o3,PIIANN,6.880001,24.118446
2023-12-12 21:00:00,o3,PIIANN,16.3825,24.341167
2022-07-07 05:00:00,o3,PIIANN,11.700001,23.432749
2025-02-12 04:00:00,o3,PIIANN,11.549999,24.033417
2023-05-07 12:00:00,o3,PIIANN,23.24,24.504698
2021-12-01 17:00:00,o3,PIIANN,25.36,24.318996
2023-10-03 04:00:00,o3,PIIANN,8.6175,25.981049
2022-04-12 11:00:00,o3,PIIANN,20.02,24.017801
2024-02-08 20:00:00,o3,PIIANN,22.03,23.343857
2023-03-10 02:00:00,o3,PIIANN,32.17,23.797031
2024-07-08 01:00:00,o3,PIIANN,13.32,23.747276
2025-06-12 03:00:00,o3,PIIANN,7.3600006,25.242855
2021-10-05 15:00:00,o3,PIIANN,29.82,25.045214
2021-11-04 14:00:00,o3,PIIANN,94.87,26.876368
2024-12-08 20:00:00,o3,PIIANN,16.05,23.636456
2022-05-10 05:00:00,o3,PIIANN,9.93,24.169975
2024-06-04 04:00:00,o3,PIIANN,22.4,25.028286
2022-11-02 16:00:00,o3,PIIANN,10.790001,24.65437
2024-01-12 03:00:00,o3,PIIANN,6.5699997,24.911427
2022-04-11 16:00:00,o3,PIIANN,45.62,26.714573
2022-07-04 05:00:00,o3,PIIANN,15.71,24.10768
2022-12-10 17:00:00,o3,PIIANN,12.24,23.757065
2025-07-10 21:00:00,o3,PIIANN,17.33,24.273232
2021-02-11 14:00:00,o3,PIIANN,32.04,25.433123
2021-09-10 15:00:00,o3,PIIANN,6.42,25.4988
2025-10-11 12:00:00,o3,PIIANN,47.99,26.544073
2022-04-02 05:00:00,o3,PIIANN,3.7499998,24.313911
2025-12-04 14:00:00,o3,PIIANN,54.34,25.655325
2021-07-02 21:00:00,o3,PIIANN,8.85,25.905067
2022-02-02 01:00:00,o3,PIIANN,5.7299995,24.418615
2023-03-04 03:00:00,o3,PIIANN,18.0925,25.18618
2025-04-06 16:00:00,o3,PIIANN,20.21,25.879295
2021-08-09 22:00:00,o3,PIIANN,12.26,23.80458
2025-12-09 18:00:00,o3,PIIANN,11.41,24.040958
2023-06-03 20:00:00,o3,PIIANN,25.7125,25.331797
2022-08-01 23:00:00,o3,PIIANN,3.0900018,23.023493
2023-07-03 10:00:00,o3,PIIANN,38.295,27.318789
2025-05-11 01:00:00,o3,PIIANN,18.56,24.320587
2025-03-12 08:00:00,o3,PIIANN,12.919999,22.780428
2022-07-04 11:00:00,o3,PIIANN,40.07,24.85187
2024-02-10 19:00:00,o3,PIIANN,11.089999,25.336111
2023-09-01 23:00:00,o3,PIIANN,4.8933334,23.639914
2021-02-10 18:00:00,o3,PIIANN,8.43,24.264984
2022-06-01 12:00:00,o3,PIIANN,59.72,23.894436
2023-07-05 20:00:00,o3,PIIANN,28.97,26.116228
2024-07-03 11:00:00,o3,PIIANN,34.24,26.89919
2025-02-03 15:00:00,o3,PIIANN,117.66,26.840816
2022-08-04 04:00:00,o3,PIIANN,18.19,23.860518
2023-05-04 12:00:00,o3,PIIANN,87.3825,26.790754
2025-06-10 00:00:00,o3,PIIANN,11.8,24.746058
2021-04-10 18:00:00,o3,PIIANN,24.72,22.23328
2022-08-06 09:00:00,o3,PIIANN,30.56,25.149204
2025-01-12 19:00:00,o3,PIIANN,11.37,22.600088
2025-04-10 19:00:00,o3,PIIANN,22.16,24.310776
2023-02-12 16:00:00,o3,PIIANN,31.815,26.363035
2025-07-02 09:00:00,o3,PIIANN,13.78,25.921803
2025-09-10 10:00:00,o3,PIIANN,38.78,26.539732
2023-05-10 13:00:00,o3,PIIANN,67.3275,22.534159
2022-11-08 22:00:00,o3,PIIANN,11.63,22.786625
2024-04-09 20:00:00,o3,PIIANN,10.280001,23.748394
2024-09-10 17:00:00,o3,PIIANN,18.5125,25.449799
2024-01-09 23:00:00,o3,PIIANN,9.68,23.10066
2022-08-09 11:00:00,o3,PIIANN,24.65,25.851381
2023-08-09 03:00:00,o3,PIIANN,21.805,23.644787
2025-07-05 14:00:00,o3,PIIANN,71.37,28.028719
2021-07-02 19:00:00,o3,PIIANN,9.59,26.716564
2022-07-10 11:00:00,o3,PIIANN,11.32,25.0828
2025-12-07 07:00:00,o3,PIIANN,19.2,24.153244
2022-06-05 13:00:00,o3,PIIANN,95.14,26.578154
2024-06-03 21:00:00,o3,PIIANN,16.34,25.941563
2025-10-11 14:00:00,o3,PIIANN,46.77,25.963642
2022-10-12 19:00:00,o3,PIIANN,8.060001,23.176533
2024-09-06 16:00:00,o3,PIIANN,69.37,25.639233
2021-08-11 06:00:00,o3,PIIANN,11.759999,25.378275
2021-02-07 08:00:00,o3,PIIANN,41.56,24.302557
2023-12-07 11:00:00,o3,PIIANN,18.0175,24.135134
2024-08-08 15:00:00,o3,PIIANN,15.49,24.437471
2023-10-05 09:00:00,o3,PIIANN,46.525,25.648726
2025-07-01 22:00:00,o3,PIIANN,10.520001,25.271336
2023-11-12 21:00:00,o3,PIIANN,15.0375,24.688866
2025-03-09 08:00:00,o3,PIIANN,15.19,23.422955
2025-01-11 00:00:00,o3,PIIANN,23.38,23.211237
2022-10-08 07:00:00,o3,PIIANN,16.85,20.669472
2022-10-11 00:00:00,o3,PIIANN,6.2299995,23.408575
2021-06-11 02:00:00,o3,PIIANN,13.809999,24.515957
2021-08-08 06:00:00,o3,PIIANN,11.84,24.107557
2024-01-02 02:00:00,o3,PIIANN,15.59,24.808895
2023-03-06 11:00:00,o3,PIIANN,60.605,26.22827
2024-01-11 19:00:00,o3,PIIANN,38.4,26.436716
2023-09-03 12:00:00,o3,PIIANN,79.26,27.63174
2025-11-11 03:00:00,o3,PIIANN,13.720001,24.16199
2023-11-06 22:00:00,o3,PIIANN,54.6125,24.671429
2024-06-09 20:00:00,o3,PIIANN,8.560001,24.343878
2021-02-07 23:00:00,o3,PIIANN,22.07,23.628428
2024-11-11 17:00:00,o3,PIIANN,23.98,25.738176
2023-07-10 15:00:00,o3,PIIANN,31.0525,26.777845
2021-01-05 13:00:00,o3,PIIANN,6.7199993,25.529907
2022-10-05 16:00:00,o3,PIIANN,19.06,24.231237
2023-12-02 06:00:00,o3,PIIANN,7.0175,24.998287
2024-01-12 04:00:00,o3,PIIANN,7.01,24.94468
2021-05-11 12:00:00,o3,PIIANN,24.72,25.478249
2025-06-05 14:00:00,o3,PIIANN,58.18,27.476477
2023-05-08 18:00:00,o3,PIIANN,48.54,25.570871
2023-03-13 01:00:00,o3,PIIANN,16.505707,22.717113
2025-11-06 05:00:00,o3,PIIANN,18.61,24.898884
2021-10-02 16:00:00,o3,PIIANN,93.16,24.484827
2025-05-03 21:00:00,o3,PIIANN,14.01,25.188944
2021-02-07 12:00:00,o3,PIIANN,65.58,25.646572
2025-05-09 12:00:00,o3,PIIANN,23.18,23.77333
2025-06-12 13:00:00,o3,PIIANN,15.43,26.598555
2024-12-08 00:00:00,o3,PIIANN,15.71,23.407667
2021-02-04 22:00:00,o3,PIIANN,29.46,25.384726
2021-04-12 14:00:00,o3,PIIANN,9.67,25.091677
2021-04-03 08:00:00,o3,PIIANN,76.73,25.69501
2024-07-07 06:00:00,o3,PIIANN,18.74,23.718887
2025-08-06 14:00:00,o3,PIIANN,23.6,26.271753
2022-10-01 23:00:00,o3,PIIANN,18.5125,23.754892
2021-12-03 11:00:00,o3,PIIANN,38.36,25.374887
2021-09-04 16:00:00,o3,PIIANN,43.82,26.214088
2021-08-11 18:00:00,o3,PIIANN,8.75,26.720484
2025-09-07 02:00:00,o3,PIIANN,16.08,24.158825
2023-02-11 05:00:00,o3,PIIANN,12.2075,24.48103
2023-01-03 20:00:00,o3,PIIANN,19.305,26.404562
2024-02-11 02:00:00,o3,PIIANN,40.23,27.333172
2021-02-08 06:00:00,o3,PIIANN,18.14,24.777796
2021-01-12 17:00:00,o3,PIIANN,8.460001,25.094276
2022-04-05 19:00:00,o3,PIIANN,40.13,24.691998
2025-11-06 12:00:00,o3,PIIANN,20.0,25.62463
2023-01-07 06:00:00,o3,PIIANN,8.157501,23.29349
2022-06-11 00:00:00,o3,PIIANN,6.26,24.219896
2021-05-07 03:00:00,o3,PIIANN,10.96,24.158543
2025-06-05 18:00:00,o3,PIIANN,50.48,26.233797
2024-06-02 11:00:00,o3,PIIANN,26.43,25.789444
2025-12-11 11:00:00,o3,PIIANN,63.58,25.570803
2022-03-06 09:00:00,o3,PIIANN,48.93,24.867933
2021-08-02 14:00:00,o3,PIIANN,115.19,27.873745
2023-11-03 20:00:00,o3,PIIANN,9.7075,25.911179
2022-01-08 17:00:00,o3,PIIANN,35.86,24.617384
2024-09-12 06:00:00,o3,PIIANN,8.700001,25.47052
2022-04-05 12:00:00,o3,PIIANN,57.32,24.06792
2021-06-05 07:00:00,o3,PIIANN,5.870001,23.908134
2021-01-07 03:00:00,o3,PIIANN,38.34,24.24482
2021-04-06 23:00:00,o3,PIIANN,18.5125,23.924187
2025-01-10 10:00:00,o3,PIIANN,21.9,24.534502
2021-06-06 09:00:00,o3,PIIANN,18.5125,25.03373
2021-09-13 00:00:00,o3,PIIANN,9.443026,24.19354
2023-01-03 03:00:00,o3,PIIANN,6.6800003,24.887325
2024-05-02 01:00:00,o3,PIIANN,9.91,24.806084
2022-01-06 22:00:00,o3,PIIANN,35.72,24.424738
2022-04-12 06:00:00,o3,PIIANN,11.42,23.119307
2023-03-03 13:00:00,o3,PIIANN,55.6175,27.278528
2022-09-11 16:00:00,o3,PIIANN,14.5,26.02861
2024-07-09 07:00:00,o3,PIIANN,9.48,24.281944
2025-05-11 06:00:00,o3,PIIANN,14.2300005,23.701027
2021-09-02 18:00:00,o3,PIIANN,15.5,25.005432
2022-11-06 04:00:00,o3,PIIANN,25.77,23.856514
2023-01-02 07:00:00,o3,PIIANN,7.3549995,23.914627
2022-08-11 12:00:00,o3,PIIANN,82.09,26.771563
2025-12-07 22:00:00,o3,PIIANN,18.14,24.638857
2022-08-09 15:00:00,o3,PIIANN,27.45,25.334013
2022-01-03 02:00:00,o3,PIIANN,5.210001,24.189709
2024-12-01 23:00:00,o3,PIIANN,11.890001,24.623363
2023-05-07 20:00:00,o3,PIIANN,3.0624998,22.873487
2021-02-04 06:00:00,o3,PIIANN,24.97,25.276236
2025-01-13 02:00:00,o3,PIIANN,12.9107,23.170406
2022-08-07 05:00:00,o3,PIIANN,11.939999,23.42901
2023-11-04 16:00:00,o3,PIIANN,98.045,27.57231
2024-09-04 22:00:00,o3,PIIANN,29.98,25.231123
2025-12-11 19:00:00,o3,PIIANN,13.1,23.398203
2024-12-06 08:00:00,o3,PIIANN,24.86,23.604994
2022-03-05 02:00:00,o3,PIIANN,17.28,23.621616
2023-04-04 13:00:00,o3,PIIANN,46.2925,26.799257
2024-01-10 08:00:00,o3,PIIANN,18.72,25.242537
2023-07-04 01:00:00,o3,PIIANN,30.2925,25.43357
2023-11-06 13:00:00,o3,PIIANN,80.2475,26.521444
2024-12-07 15:00:00,o3,PIIANN,32.6,24.390789
2022-04-08 03:00:00,o3,PIIANN,10.62,23.896742
2023-09-06 10:00:00,o3,PIIANN,42.4425,25.197535
2024-02-07 07:00:00,o3,PIIANN,17.85,24.677237
2021-09-02 02:00:00,o3,PIIANN,8.810001,24.15162
2021-01-09 08:00:00,o3,PIIANN,13.76,23.665174
2024-01-12 13:00:00,o3,PIIANN,19.06,26.442554
2025-08-04 16:00:00,o3,PIIANN,27.17,25.612095
2022-08-09 10:00:00,o3,PIIANN,29.35,25.138058
2022-01-12 00:00:00,o3,PIIANN,11.26,25.049486
2024-04-04 02:00:00,o3,PIIANN,16.01,24.325232
2023-07-04 17:00:00,o3,PIIANN,98.0375,27.583961
2025-06-08 18:00:00,o3,PIIANN,10.93,24.821732
2025-12-01 10:00:00,o3,PIIANN,11.14,23.647896
2023-05-05 00:00:00,o3,PIIANN,60.3,24.896002
2024-05-07 00:00:00,o3,PIIANN,40.45,24.286364
2023-03-11 01:00:00,o3,PIIANN,11.81,23.121466
2022-03-10 14:00:00,o3,PIIANN,9.720001,24.42058
2023-10-03 10:00:00,o3,PIIANN,36.4775,26.196894
2021-04-12 03:00:00,o3,PIIANN,10.0,25.242693
2025-11-10 12:00:00,o3,PIIANN,62.53,27.194859
2021-02-03 04:00:00,o3,PIIANN,8.49,24.892162
2021-05-05 21:00:00,o3,PIIANN,6.16,24.676287
2022-09-03 18:00:00,o3,PIIANN,25.59,26.070232
2022-12-05 17:00:00,o3,PIIANN,5.950001,24.129547
2025-12-05 16:00:00,o3,PIIANN,49.05,26.92087
2021-01-04 15:00:00,o3,PIIANN,145.25,27.496103
2021-09-05 05:00:00,o3,PIIANN,5.6100006,23.81412
2025-08-06 19:00:00,o3,PIIANN,20.05,24.161507
2021-02-10 12:00:00,o3,PIIANN,39.25,25.104704
2023-01-09 14:00:00,o3,PIIANN,20.6625,26.09379
2022-11-04 20:00:00,o3,PIIANN,21.66,23.463524
2021-08-11 01:00:00,o3,PIIANN,12.02,24.589884
2021-04-09 13:00:00,o3,PIIANN,83.0,25.468493
2022-03-09 06:00:00,o3,PIIANN,16.89,23.620888
2022-03-10 04:00:00,o3,PIIANN,9.82,24.215368
2024-07-06 17:00:00,o3,PIIANN,55.6,25.82792
2022-08-04 09:00:00,o3,PIIANN,24.01,24.352606
2021-12-09 20:00:00,o3,PIIANN,22.43,24.005745
2025-04-05 08:00:00,o3,PIIANN,50.85,25.85988
2022-03-08 14:00:00,o3,PIIANN,28.38,24.288797
2023-10-02 11:00:00,o3,PIIANN,66.53,25.435726
2025-12-10 00:00:00,o3,PIIANN,16.64,23.455235
2022-09-07 19:00:00,o3,PIIANN,9.02,23.362337
2022-11-08 07:00:00,o3,PIIANN,8.440001,22.391426
2022-11-11 15:00:00,o3,PIIANN,35.47,26.466845
2023-02-05 14:00:00,o3,PIIANN,130.5925,28.2508
2024-11-04 21:00:00,o3,PIIANN,14.06,25.462967
2025-09-02 19:00:00,o3,PIIANN,8.73,25.331455
2023-09-06 21:00:00,o3,PIIANN,16.41,23.473627
2023-11-08 04:00:00,o3,PIIANN,18.7125,25.307976
2022-03-06 13:00:00,o3,PIIANN,43.41,25.289892
2024-06-09 15:00:00,o3,PIIANN,25.86,25.40145
2022-11-07 11:00:00,o3,PIIANN,26.13,24.23849
2021-12-11 19:00:00,o3,PIIANN,14.660001,24.845383
2022-06-05 12:00:00,o3,PIIANN,91.52,25.959867
2022-10-09 03:00:00,o3,PIIANN,18.91,23.57568
2025-06-04 13:00:00,o3,PIIANN,82.00001,26.943796
2023-10-08 23:00:00,o3,PIIANN,42.89,24.808376
2022-02-11 23:00:00,o3,PIIANN,9.77,25.282227
2023-08-05 14:00:00,o3,PIIANN,66.975,26.89738
2021-04-10 00:00:00,o3,PIIANN,4.5300007,24.06449
2024-09-05 10:00:00,o3,PIIANN,42.71,25.129078
2024-09-12 09:00:00,o3,PIIANN,13.2,25.722132
2021-11-12 19:00:00,o3,PIIANN,14.13,22.874575
2024-03-12 13:00:00,o3,PIIANN,59.58,26.26643
2024-08-02 21:00:00,o3,PIIANN,9.040001,25.541393
2024-06-11 00:00:00,o3,PIIANN,15.18,24.427305
2021-09-08 14:00:00,o3,PIIANN,43.72,25.755037
2025-04-09 22:00:00,o3,PIIANN,12.55,24.577791
2022-07-09 15:00:00,o3,PIIANN,29.89,26.078289
2021-03-07 14:00:00,o3,PIIANN,59.41,25.319296
2025-12-08 17:00:00,o3,PIIANN,25.22,24.81033
2025-07-12 01:00:00,o3,PIIANN,10.18,24.51028
2024-11-08 19:00:00,o3,PIIANN,17.3,23.65407
2023-08-10 18:00:00,o3,PIIANN,29.3025,25.004335
2025-07-06 02:00:00,o3,PIIANN,18.68,25.42664
2023-12-02 04:00:00,o3,PIIANN,11.2625,24.76596
2022-02-03 12:00:00,o3,PIIANN,18.5125,26.623903
2021-11-05 03:00:00,o3,PIIANN,5.620001,22.967724
2023-05-11 17:00:00,o3,PIIANN,27.5825,26.250917
2023-03-12 10:00:00,o3,PIIANN,25.8825,26.877838
2025-04-07 10:00:00,o3,PIIANN,17.48,25.00735
2021-06-09 02:00:00,o3,PIIANN,14.68,23.477875
2024-07-03 20:00:00,o3,PIIANN,17.63,25.533924
2023-02-10 12:00:00,o3,PIIANN,32.895,24.047514
2024-07-04 16:00:00,o3,PIIANN,62.18,25.809216
2022-04-04 05:00:00,o3,PIIANN,14.92,23.009094
2021-05-08 20:00:00,o3,PIIANN,9.34,24.895239
2025-12-02 17:00:00,o3,PIIANN,47.86,24.529356
2021-02-09 08:00:00,o3,PIIANN,19.19,24.507967
2023-08-04 05:00:00,o3,PIIANN,25.5175,26.231386
2025-12-03 18:00:00,o3,PIIANN,55.819996,27.119
2022-12-06 20:00:00,o3,PIIANN,18.73,23.848646
2021-04-07 07:00:00,o3,PIIANN,22.57,24.588324
2022-02-02 15:00:00,o3,PIIANN,78.4,26.271986
2025-11-08 02:00:00,o3,PIIANN,7.1800003,23.420187
2025-11-10 04:00:00,o3,PIIANN,15.78,25.079163
2025-09-10 06:00:00,o3,PIIANN,10.300001,24.735317
2023-10-07 05:00:00,o3,PIIANN,14.377501,23.497044
2021-11-01 21:00:00,o3,PIIANN,11.23,24.639755
2024-07-03 13:00:00,o3,PIIANN,22.1,26.836557
2022-06-09 01:00:00,o3,PIIANN,33.72,22.198658
2022-08-02 11:00:00,o3,PIIANN,10.62,26.1157
2022-12-04 21:00:00,o3,PIIANN,24.85,23.385534
2021-12-01 23:00:00,o3,PIIANN,10.0,24.520569
2025-09-05 14:00:00,o3,PIIANN,76.38,27.793514
2023-04-11 13:00:00,o3,PIIANN,46.57,26.950388
2023-03-03 04:00:00,o3,PIIANN,6.8500004,24.69859
2025-03-10 17:00:00,o3,PIIANN,19.98,23.813118
2022-06-02 02:00:00,o3,PIIANN,2.6900003,24.806574
2022-03-02 11:00:00,o3,PIIANN,40.28,25.686508
2021-01-12 08:00:00,o3,PIIANN,11.329999,25.09469
2025-10-02 21:00:00,o3,PIIANN,13.57,24.951899
2025-02-11 13:00:00,o3,PIIANN,22.63,25.8786
2024-05-10 04:00:00,o3,PIIANN,5.34,24.555119
2024-05-01 11:00:00,o3,PIIANN,19.55,24.472935
2025-06-05 21:00:00,o3,PIIANN,40.89,25.485968
2024-06-12 04:00:00,o3,PIIANN,9.26,25.133755
2023-03-03 11:00:00,o3,PIIANN,32.5575,27.129223
2022-12-05 03:00:00,o3,PIIANN,5.92,23.411213
2025-08-13 00:00:00,o3,PIIANN,11.6579,24.662497
2023-04-12 23:00:00,o3,PIIANN,15.996667,25.181978
2024-01-12 05:00:00,o3,PIIANN,9.23,24.982496
2022-09-03 08:00:00,o3,PIIANN,28.71,26.016659
2023-12-12 11:00:00,o3,PIIANN,37.9325,26.624136
2025-07-03 11:00:00,o3,PIIANN,55.7,26.433779
2022-11-05 03:00:00,o3,PIIANN,26.04,24.691017
2022-03-04 00:00:00,o3,PIIANN,16.82,25.125137
2021-07-06 13:00:00,o3,PIIANN,76.62,26.253035
2023-04-03 12:00:00,o3,PIIANN,115.38,28.194883
2023-05-03 02:00:00,o3,PIIANN,8.0175,26.078833
2023-03-07 14:00:00,o3,PIIANN,5.8999996,24.297668
2025-07-05 00:00:00,o3,PIIANN,37.17,24.232244
2023-06-02 20:00:00,o3,PIIANN,16.5275,24.41124
2025-01-03 04:00:00,o3,PIIANN,14.690001,24.421513
2024-09-02 12:00:00,o3,PIIANN,19.62,27.620111
2021-06-01 17:00:00,o3,PIIANN,9.51,23.08939
2024-11-04 22:00:00,o3,PIIANN,28.9,25.207712
2022-03-09 22:00:00,o3,PIIANN,18.34,23.486877
2021-06-07 22:00:00,o3,PIIANN,32.68,24.743591
2024-02-01 20:00:00,o3,PIIANN,14.58,23.36356
2023-10-10 10:00:00,o3,PIIANN,34.9125,27.51123
2023-10-02 06:00:00,o3,PIIANN,5.2075005,25.014812
2022-01-04 20:00:00,o3,PIIANN,21.09,24.187147
2024-04-01 22:00:00,o3,PIIANN,12.36,24.305822
2023-05-12 13:00:00,o3,PIIANN,41.6675,26.443779
2022-01-10 17:00:00,o3,PIIANN,11.65,25.386492
2025-02-08 13:00:00,o3,PIIANN,30.46,25.461441
2025-11-11 20:00:00,o3,PIIANN,13.0,24.062302
2024-07-04 04:00:00,o3,PIIANN,30.34,24.918905
2022-06-12 22:00:00,o3,PIIANN,8.83,24.170797
2023-06-12 02:00:00,o3,PIIANN,12.53,26.06225
2023-03-12 08:00:00,o3,PIIANN,15.6325,26.18703
2023-08-03 21:00:00,o3,PIIANN,26.3125,26.305674
2021-06-08 21:00:00,o3,PIIANN,28.57,24.579433
2021-03-03 22:00:00,o3,PIIANN,17.18,26.49919
2025-09-06 20:00:00,o3,PIIANN,19.5,25.362951
2025-05-08 19:00:00,o3,PIIANN,10.310001,24.571672
2023-06-10 05:00:00,o3,PIIANN,68.7975,24.057053
2022-02-10 18:00:00,o3,PIIANN,10.87,24.0175
2022-06-03 17:00:00,o3,PIIANN,49.77,26.084517
2023-08-09 21:00:00,o3,PIIANN,21.1175,23.596523
2024-10-12 04:00:00,o3,PIIANN,9.440001,25.324207
2024-02-08 12:00:00,o3,PIIANN,31.66,24.02886
2025-03-09 11:00:00,o3,PIIANN,14.570001,23.882908
2023-08-10 15:00:00,o3,PIIANN,26.3625,26.078007
2021-02-02 09:00:00,o3,PIIANN,36.06,23.453558
2021-01-06 03:00:00,o3,PIIANN,18.5125,23.415184
2025-03-07 11:00:00,o3,PIIANN,17.5,24.719051
2021-04-07 04:00:00,o3,PIIANN,14.47,24.537134
2025-04-06 11:00:00,o3,PIIANN,40.01,25.71977
2023-07-07 12:00:00,o3,PIIANN,20.8375,24.311182
2025-12-03 03:00:00,o3,PIIANN,22.7,25.478144
2024-05-10 06:00:00,o3,PIIANN,4.1100006,24.6037
2022-09-07 21:00:00,o3,PIIANN,16.61,23.187801
2023-03-04 16:00:00,o3,PIIANN,121.7375,27.138865
2023-09-04 05:00:00,o3,PIIANN,22.8825,25.989164
2021-11-07 18:00:00,o3,PIIANN,12.099999,24.063362
2021-11-10 23:00:00,o3,PIIANN,11.93,24.7961
2025-02-01 23:00:00,o3,PIIANN,9.540001,24.775887
2023-04-05 11:00:00,o3,PIIANN,77.78501,26.86593
2024-01-11 05:00:00,o3,PIIANN,41.89,26.24074
2021-03-05 01:00:00,o3,PIIANN,5.5300007,24.72094
2024-05-02 03:00:00,o3,PIIANN,6.41,24.629915
2021-10-05 08:00:00,o3,PIIANN,6.4699993,24.047375
2021-08-05 15:00:00,o3,PIIANN,6.5,25.22226
2025-08-07 16:00:00,o3,PIIANN,17.4,24.169962
2021-09-10 13:00:00,o3,PIIANN,42.83,26.705822
2023-07-09 08:00:00,o3,PIIANN,19.85,23.860811
2025-03-03 12:00:00,o3,PIIANN,49.55,26.302845
2024-01-12 00:00:00,o3,PIIANN,7.4400005,27.386353
2021-08-01 16:00:00,o3,PIIANN,36.72,23.753223
2022-01-11 20:00:00,o3,PIIANN,7.290001,25.89741
2023-07-12 12:00:00,o3,PIIANN,41.6175,25.903568
2024-11-08 14:00:00,o3,PIIANN,16.74,24.137392
2023-12-07 12:00:00,o3,PIIANN,19.3525,23.96245
2023-10-03 01:00:00,o3,PIIANN,11.18,25.308838
2025-07-09 12:00:00,o3,PIIANN,20.86,26.73228
2023-01-02 08:00:00,o3,PIIANN,8.9175,23.972425
2025-05-05 10:00:00,o3,PIIANN,66.98,26.401592
2025-07-11 14:00:00,o3,PIIANN,72.72,26.590246
2023-11-09 14:00:00,o3,PIIANN,20.59,24.38412
2021-09-09 04:00:00,o3,PIIANN,13.410001,23.578215
2023-05-01 12:00:00,o3,PIIANN,51.175,23.926638
2023-02-09 04:00:00,o3,PIIANN,19.3475,25.207794
2024-10-02 08:00:00,o3,PIIANN,11.68,26.195177
2022-03-06 12:00:00,o3,PIIANN,47.06,25.322603
2025-08-11 02:00:00,o3,PIIANN,21.4,25.283705
2023-04-05 22:00:00,o3,PIIANN,62.9225,25.17887
2023-07-01 19:00:00,o3,PIIANN,5.6975,22.045858
2025-07-05 01:00:00,o3,PIIANN,38.57,25.202677
2024-06-11 13:00:00,o3,PIIANN,38.06,26.989313
2025-05-11 18:00:00,o3,PIIANN,33.55,22.983562
2023-12-12 08:00:00,o3,PIIANN,15.5975,25.540396
2023-11-03 00:00:00,o3,PIIANN,15.6,24.625244
2023-02-02 20:00:00,o3,PIIANN,5.4825,25.26363
2023-03-04 01:00:00,o3,PIIANN,15.2575,24.646235
2021-04-11 19:00:00,o3,PIIANN,14.73,24.859438
2023-12-10 09:00:00,o3,PIIANN,31.735,26.44607
2023-09-07 15:00:00,o3,PIIANN,36.445,24.625292
2021-12-11 03:00:00,o3,PIIANN,8.09,24.240438
2021-07-06 17:00:00,o3,PIIANN,22.92,25.437523
2024-04-03 08:00:00,o3,PIIANN,20.2,26.269176
2023-11-04 17:00:00,o3,PIIANN,77.945,27.934933
2023-03-11 22:00:00,o3,PIIANN,16.415,25.168213
2023-05-07 01:00:00,o3,PIIANN,4.192501,22.455954
2024-04-12 12:00:00,o3,PIIANN,21.12,26.009907
2024-09-10 15:00:00,o3,PIIANN,18.5125,26.851181
2025-09-03 18:00:00,o3,PIIANN,43.98,26.786102
2023-10-07 14:00:00,o3,PIIANN,25.665,24.828407
2022-07-06 08:00:00,o3,PIIANN,48.3,25.043596
2022-03-04 07:00:00,o3,PIIANN,17.29,23.780642
2025-04-10 15:00:00,o3,PIIANN,30.04,25.173668
2024-08-01 13:00:00,o3,PIIANN,34.46,25.240322
2021-08-05 18:00:00,o3,PIIANN,5.950001,24.561476
2024-03-04 15:00:00,o3,PIIANN,128.4,27.60773
2024-03-09 20:00:00,o3,PIIANN,9.720001,23.73157
2025-09-06 13:00:00,o3,PIIANN,44.37,26.761465
2023-08-01 22:00:00,o3,PIIANN,5.885,23.067226
2024-12-05 05:00:00,o3,PIIANN,19.15,24.450233
2023-08-11 08:00:00,o3,PIIANN,16.94,25.706913
2021-02-04 10:00:00,o3,PIIANN,61.62,26.230534
2025-01-10 02:00:00,o3,PIIANN,18.86,24.74991
2022-10-01 11:00:00,o3,PIIANN,49.1,25.59416
2021-05-07 17:00:00,o3,PIIANN,58.64,25.535952
2025-08-08 00:00:00,o3,PIIANN,14.21,23.950792
2025-10-05 10:00:00,o3,PIIANN,70.6,27.703794
2023-03-05 12:00:00,o3,PIIANN,91.03,27.522993
2022-04-11 09:00:00,o3,PIIANN,14.22,25.940605
2024-12-10 22:00:00,o3,PIIANN,9.710001,23.89691
2022-09-04 13:00:00,o3,PIIANN,38.36,23.748354
2024-12-09 10:00:00,o3,PIIANN,14.01,21.636896
2023-11-07 17:00:00,o3,PIIANN,14.105,23.734941
2022-11-11 00:00:00,o3,PIIANN,6.01,23.325813
2024-03-10 19:00:00,o3,PIIANN,5.6000004,24.801199
2024-07-02 11:00:00,o3,PIIANN,15.67,26.007917
2024-08-01 09:00:00,o3,PIIANN,14.62,24.18216
2022-06-01 20:00:00,o3,PIIANN,4.1000004,22.01937
2025-01-01 17:00:00,o3,PIIANN,11.26,25.607641
2025-12-05 12:00:00,o3,PIIANN,79.92,27.868214
2022-09-05 19:00:00,o3,PIIANN,14.0,20.140678
2022-05-08 05:00:00,o3,PIIANN,3.469999,23.292189
2022-04-08 19:00:00,o3,PIIANN,12.0,23.564322
2024-02-13 02:00:00,o3,PIIANN,10.342567,21.496235
2022-05-11 15:00:00,o3,PIIANN,72.26,25.472294
2023-01-03 02:00:00,o3,PIIANN,12.652499,25.055208
2021-12-01 13:00:00,o3,PIIANN,21.99,24.769447
2025-12-04 15:00:00,o3,PIIANN,77.46,25.519205
2024-02-09 07:00:00,o3,PIIANN,10.360001,21.363174
2025-09-08 01:00:00,o3,PIIANN,7.51,21.696058
2022-05-03 17:00:00,o3,PIIANN,67.68,25.646921
2023-10-06 04:00:00,o3,PIIANN,8.977501,21.96565
2023-12-02 17:00:00,o3,PIIANN,25.7325,26.21237
2023-01-12 21:00:00,o3,PIIANN,15.83,21.22365
2025-04-05 16:00:00,o3,PIIANN,60.78,26.527843
2022-02-10 14:00:00,o3,PIIANN,11.26,24.708704
2023-06-08 17:00:00,o3,PIIANN,47.0975,25.106476
2025-07-10 09:00:00,o3,PIIANN,35.21,25.972677
2023-06-06 01:00:00,o3,PIIANN,17.18,23.776995
2023-03-06 15:00:00,o3,PIIANN,62.82,26.237267
2021-04-01 12:00:00,o3,PIIANN,109.15,22.905159
2021-12-09 00:00:00,o3,PIIANN,16.57,24.350098
2021-12-05 02:00:00,o3,PIIANN,6.33,22.995571
2022-07-06 05:00:00,o3,PIIANN,24.25,24.60436
2024-05-10 20:00:00,o3,PIIANN,4.6399994,24.586365
2025-12-07 19:00:00,o3,PIIANN,18.75,24.20294
2025-10-10 17:00:00,o3,PIIANN,16.32,25.20326
2021-12-06 11:00:00,o3,PIIANN,44.53,24.493235
2021-05-05 10:00:00,o3,PIIANN,5.790001,24.817898
2023-07-07 06:00:00,o3,PIIANN,7.4449997,22.909462
2024-01-01 12:00:00,o3,PIIANN,19.04,25.93412
2025-03-03 20:00:00,o3,PIIANN,20.5,25.328848
2021-06-02 13:00:00,o3,PIIANN,97.34,24.913074
2023-06-04 23:00:00,o3,PIIANN,42.79,25.60978
2022-02-10 12:00:00,o3,PIIANN,11.4,24.974699
2025-07-04 14:00:00,o3,PIIANN,41.02,26.241484
2025-02-06 18:00:00,o3,PIIANN,17.52,25.761696
2025-06-07 14:00:00,o3,PIIANN,16.52,24.934689
2025-06-04 19:00:00,o3,PIIANN,19.3,25.52733
2025-07-05 23:00:00,o3,PIIANN,55.88,25.854954
2025-05-11 08:00:00,o3,PIIANN,22.19,23.710276
2021-01-10 22:00:00,o3,PIIANN,7.7800007,24.276077
2023-06-02 21:00:00,o3,PIIANN,10.245001,24.444036
2023-04-04 14:00:00,o3,PIIANN,39.17,26.304377
2025-11-03 12:00:00,o3,PIIANN,78.75,28.646265
2025-08-12 10:00:00,o3,PIIANN,14.15,24.83282
2025-01-05 18:00:00,o3,PIIANN,24.71,25.532356
2024-04-05 23:00:00,o3,PIIANN,21.64,24.296007
2024-06-09 05:00:00,o3,PIIANN,10.53,25.020578
2023-07-02 08:00:00,o3,PIIANN,8.305,25.50824
2025-01-04 23:00:00,o3,PIIANN,16.28,24.125029
2024-04-08 03:00:00,o3,PIIANN,16.73,23.435268
2021-08-13 01:00:00,o3,PIIANN,14.79952,23.147997
2023-05-04 11:00:00,o3,PIIANN,75.3775,26.32776
2025-08-12 21:00:00,o3,PIIANN,10.65,23.404024
2024-03-06 08:00:00,o3,PIIANN,37.3,24.981173
2025-12-05 14:00:00,o3,PIIANN,82.130005,27.845114
2021-07-04 14:00:00,o3,PIIANN,56.44,27.174456
2025-08-10 23:00:00,o3,PIIANN,13.32,24.269688
2021-04-01 17:00:00,o3,PIIANN,12.21,22.055155
2022-10-03 18:00:00,o3,PIIANN,32.94,26.078268
2022-05-06 23:00:00,o3,PIIANN,22.47,24.23069
2021-12-08 21:00:00,o3,PIIANN,17.3,23.622519
2024-10-04 23:00:00,o3,PIIANN,9.880001,24.936924
2024-11-10 03:00:00,o3,PIIANN,9.99,23.875887
2023-11-08 21:00:00,o3,PIIANN,19.1175,24.324476
2022-12-04 16:00:00,o3,PIIANN,35.01,24.253023
2025-07-02 14:00:00,o3,PIIANN,30.89,27.470589
2023-08-06 21:00:00,o3,PIIANN,34.8375,24.454657
2023-05-11 01:00:00,o3,PIIANN,12.06,23.683622
2024-09-07 06:00:00,o3,PIIANN,32.96,23.938175
2023-02-01 11:00:00,o3,PIIANN,23.6475,24.77414
2024-06-12 06:00:00,o3,PIIANN,7.9300003,25.484224
2023-11-08 14:00:00,o3,PIIANN,91.5425,26.424137
2021-03-07 00:00:00,o3,PIIANN,23.58,23.568804
2021-06-09 20:00:00,o3,PIIANN,14.4,23.567043
2024-02-02 19:00:00,o3,PIIANN,11.19,25.270916
2024-06-11 16:00:00,o3,PIIANN,34.76,26.578388
2025-11-03 05:00:00,o3,PIIANN,18.02,25.587904
2025-01-07 05:00:00,o3,PIIANN,16.4,23.913769
2023-03-03 17:00:00,o3,PIIANN,63.4675,26.814932
2024-01-09 10:00:00,o3,PIIANN,15.36,24.12673
2025-10-11 05:00:00,o3,PIIANN,14.199999,25.14738
2023-08-12 07:00:00,o3,PIIANN,15.24,25.122395
2025-02-08 05:00:00,o3,PIIANN,12.919999,24.226313
2024-11-09 07:00:00,o3,PIIANN,10.58,23.29495
2021-04-01 10:00:00,o3,PIIANN,13.34,22.374134
2025-05-07 22:00:00,o3,PIIANN,16.93,24.182663
2022-11-12 18:00:00,o3,PIIANN,8.1,23.748392
2022-06-12 17:00:00,o3,PIIANN,17.5,24.913822
2023-10-10 06:00:00,o3,PIIANN,23.2025,26.06139
2022-07-09 10:00:00,o3,PIIANN,21.74,26.25466
2022-04-08 05:00:00,o3,PIIANN,7.01,24.461767
2021-03-04 14:00:00,o3,PIIANN,94.02,27.674845
2025-11-03 09:00:00,o3,PIIANN,38.12,26.703218
2025-10-01 10:00:00,o3,PIIANN,17.25,26.200386
2022-12-02 09:00:00,o3,PIIANN,8.02,25.456488
2022-09-09 05:00:00,o3,PIIANN,7.0200005,23.549849
2025-04-12 10:00:00,o3,PIIANN,15.78,24.066273
2022-08-04 08:00:00,o3,PIIANN,19.24,24.178146
2024-11-12 09:00:00,o3,PIIANN,8.84,25.32567
2022-11-03 08:00:00,o3,PIIANN,20.08,26.633589
2023-06-10 04:00:00,o3,PIIANN,57.4025,25.857862
2025-03-06 02:00:00,o3,PIIANN,12.88,25.097048
2025-12-06 20:00:00,o3,PIIANN,21.88,24.04571
2021-12-07 22:00:00,o3,PIIANN,16.18,22.812609
2024-01-11 13:00:00,o3,PIIANN,97.77,28.255571
2023-07-12 14:00:00,o3,PIIANN,41.4425,25.767082
2024-01-04 13:00:00,o3,PIIANN,104.73,27.439495
2022-10-08 23:00:00,o3,PIIANN,11.37,19.12922
2021-04-10 12:00:00,o3,PIIANN,62.24,23.636555
2023-06-08 12:00:00,o3,PIIANN,45.8375,25.74994
2023-01-05 21:00:00,o3,PIIANN,58.985,26.433914
2023-06-03 13:00:00,o3,PIIANN,107.89,28.815735
2021-09-07 12:00:00,o3,PIIANN,70.0,26.148117
2023-11-08 03:00:00,o3,PIIANN,18.285,25.16111
2024-07-01 10:00:00,o3,PIIANN,17.95,24.99888
2023-04-11 02:00:00,o3,PIIANN,12.4775,25.095507
2025-06-06 13:00:00,o3,PIIANN,22.66,26.246271
2022-07-07 03:00:00,o3,PIIANN,9.24,23.491077
2022-01-04 02:00:00,o3,PIIANN,23.63,23.475506
2025-11-02 00:00:00,o3,PIIANN,12.55,23.378668
2022-06-10 02:00:00,o3,PIIANN,10.060001,23.987331
2022-03-01 20:00:00,o3,PIIANN,13.600001,24.107119
2023-06-06 02:00:00,o3,PIIANN,17.6875,22.4341
2024-07-07 05:00:00,o3,PIIANN,18.74,23.656416
2025-03-09 23:00:00,o3,PIIANN,13.870001,23.532635
2022-02-05 19:00:00,o3,PIIANN,26.21,24.337154
2024-08-10 11:00:00,o3,PIIANN,13.720001,25.938423
2024-10-06 14:00:00,o3,PIIANN,84.9,25.869762
2024-10-08 18:00:00,o3,PIIANN,15.91,23.517277
2022-07-12 03:00:00,o3,PIIANN,12.21,24.211075
2023-01-06 20:00:00,o3,PIIANN,39.1675,25.869076
2022-05-12 15:00:00,o3,PIIANN,81.6,23.547838
2023-06-04 21:00:00,o3,PIIANN,38.3725,24.996513
2025-05-06 18:00:00,o3,PIIANN,20.87,25.08928
2022-01-03 17:00:00,o3,PIIANN,18.5125,25.601803
2025-05-04 12:00:00,o3,PIIANN,87.07,27.643309
2024-11-12 23:00:00,o3,PIIANN,7.950001,24.855947
2023-08-05 03:00:00,o3,PIIANN,9.3475,24.845156
2025-09-12 18:00:00,o3,PIIANN,11.63,22.6523
2023-11-06 21:00:00,o3,PIIANN,48.335,24.741144
2021-09-04 12:00:00,o3,PIIANN,57.459995,26.494402
2021-02-05 07:00:00,o3,PIIANN,5.74,23.934263
2023-01-08 18:00:00,o3,PIIANN,18.5125,21.395597
2024-08-12 14:00:00,o3,PIIANN,34.9,26.721127
2022-02-04 08:00:00,o3,PIIANN,22.41,23.835001
2024-02-03 18:00:00,o3,PIIANN,32.11,26.763285
2021-08-08 13:00:00,o3,PIIANN,40.76,25.662928
2025-08-03 22:00:00,o3,PIIANN,27.04,25.385128
2025-08-01 09:00:00,o3,PIIANN,11.7300005,26.284492
2025-06-12 02:00:00,o3,PIIANN,7.51,25.125069
2022-08-10 04:00:00,o3,PIIANN,9.290001,25.600737
2023-05-11 02:00:00,o3,PIIANN,11.089999,25.295597
2023-05-10 08:00:00,o3,PIIANN,35.045,20.899273
2022-07-11 08:00:00,o3,PIIANN,15.36,26.44143
2021-07-04 10:00:00,o3,PIIANN,62.98,26.80745
2023-05-10 00:00:00,o3,PIIANN,31.135,23.540997
2023-04-05 09:00:00,o3,PIIANN,72.26,26.803478
2021-11-12 11:00:00,o3,PIIANN,16.95,24.425508
2025-10-09 05:00:00,o3,PIIANN,8.360001,24.351778
2023-07-04 00:00:00,o3,PIIANN,33.18,25.089285
2023-10-10 20:00:00,o3,PIIANN,31.0525,25.20253
2021-02-06 10:00:00,o3,PIIANN,18.5125,24.984785
2025-02-07 03:00:00,o3,PIIANN,16.94,24.280334
2024-03-08 21:00:00,o3,PIIANN,16.76,23.216778
2025-05-09 02:00:00,o3,PIIANN,14.289999,23.126078
2023-09-12 15:00:00,o3,PIIANN,32.0275,26.758736
2025-09-11 05:00:00,o3,PIIANN,14.85,26.298681
2023-01-09 00:00:00,o3,PIIANN,19.87,21.11995
2022-10-10 18:00:00,o3,PIIANN,14.9,24.087614
2021-03-06 15:00:00,o3,PIIANN,18.5125,24.91309
2025-08-03 23:00:00,o3,PIIANN,26.73,25.32484
2023-08-01 09:00:00,o3,PIIANN,9.0875,23.29719
2023-05-02 01:00:00,o3,PIIANN,4.8475,22.801159
2021-04-10 21:00:00,o3,PIIANN,13.159999,21.855896
2022-03-12 03:00:00,o3,PIIANN,10.450001,24.253202
2022-08-02 23:00:00,o3,PIIANN,5.92,24.733845
2021-07-02 08:00:00,o3,PIIANN,43.08,26.606455
2023-10-11 19:00:00,o3,PIIANN,26.135,23.382637
2022-12-06 03:00:00,o3,PIIANN,18.34,23.913342
2022-08-03 05:00:00,o3,PIIANN,12.08,26.224058
2023-09-12 09:00:00,o3,PIIANN,25.86,26.330473
2021-04-13 00:00:00,o3,PIIANN,9.422125,24.191372
2023-07-07 00:00:00,o3,PIIANN,11.4525,24.814846
2024-01-01 20:00:00,o3,PIIANN,15.7,24.12377
2022-11-09 22:00:00,o3,PIIANN,13.32,23.838915
2025-09-08 23:00:00,o3,PIIANN,5.630001,23.576918
2021-06-08 05:00:00,o3,PIIANN,5.8099995,24.652954
2023-06-04 10:00:00,o3,PIIANN,96.925,27.476303
2025-12-06 23:00:00,o3,PIIANN,18.36,24.050371
2024-07-03 21:00:00,o3,PIIANN,18.86,25.570929
2025-12-11 15:00:00,o3,PIIANN,75.89,24.66869
2023-05-01 20:00:00,o3,PIIANN,5.3600006,22.379791
2021-11-06 11:00:00,o3,PIIANN,28.88,21.186655
2025-10-10 14:00:00,o3,PIIANN,36.35,26.719524
2021-12-03 03:00:00,o3,PIIANN,14.14,24.327993
2025-05-02 21:00:00,o3,PIIANN,9.220001,24.494055
2022-11-03 14:00:00,o3,PIIANN,38.36,26.794794
2022-02-04 13:00:00,o3,PIIANN,36.02,25.007263
2025-09-12 19:00:00,o3,PIIANN,11.4,22.52009
2024-04-08 07:00:00,o3,PIIANN,15.84,23.837801
2025-12-11 12:00:00,o3,PIIANN,79.256676,25.608994
2021-10-08 03:00:00,o3,PIIANN,22.82,24.038416
2022-02-07 07:00:00,o3,PIIANN,22.09,23.504862
2021-04-04 23:00:00,o3,PIIANN,47.84,26.542133
2021-02-05 08:00:00,o3,PIIANN,5.41,24.106897
2024-06-03 14:00:00,o3,PIIANN,69.47,27.774734
2023-07-04 03:00:00,o3,PIIANN,23.9725,26.061543
2021-01-04 09:00:00,o3,PIIANN,62.96,25.928581
2025-04-07 20:00:00,o3,PIIANN,16.9,24.108889
2021-10-09 18:00:00,o3,PIIANN,42.94,25.6738
2025-12-11 06:00:00,o3,PIIANN,11.84,24.189734
2024-03-07 14:00:00,o3,PIIANN,20.37,24.309347
2022-08-09 05:00:00,o3,PIIANN,13.67,24.07228
2024-05-03 09:00:00,o3,PIIANN,30.04,26.497835
2022-06-11 09:00:00,o3,PIIANN,13.039999,25.688196
2025-09-01 12:00:00,o3,PIIANN,14.46,27.04525
2024-03-09 11:00:00,o3,PIIANN,21.18,24.66462
2024-04-02 00:00:00,o3,PIIANN,8.1,24.455057
2023-08-05 13:00:00,o3,PIIANN,75.44001,27.0959
2024-11-11 05:00:00,o3,PIIANN,13.410001,25.373821
2021-02-06 17:00:00,o3,PIIANN,153.27,24.334532
2023-01-06 12:00:00,o3,PIIANN,112.21,27.035107
2023-08-12 03:00:00,o3,PIIANN,11.84,25.079557
2021-04-12 07:00:00,o3,PIIANN,9.16,25.239662
2022-11-02 02:00:00,o3,PIIANN,4.700001,24.93295
2023-05-01 17:00:00,o3,PIIANN,27.165,23.867296
2025-05-07 13:00:00,o3,PIIANN,17.04,25.25048
2023-06-08 14:00:00,o3,PIIANN,46.365,25.644264
2022-11-07 23:00:00,o3,PIIANN,15.57,23.356476
2024-02-09 16:00:00,o3,PIIANN,13.960001,24.209522
2022-10-11 13:00:00,o3,PIIANN,22.9,25.938435
2024-02-03 22:00:00,o3,PIIANN,17.46,25.287418
2021-09-05 22:00:00,o3,PIIANN,5.9799995,23.282164
2022-03-04 20:00:00,o3,PIIANN,15.08,23.997478
2022-04-05 18:00:00,o3,PIIANN,39.86,25.232529
2023-11-04 11:00:00,o3,PIIANN,165.62,28.250044
2023-04-02 08:00:00,o3,PIIANN,4.7474995,23.909462
2024-05-03 18:00:00,o3,PIIANN,45.92,26.938448
2022-01-07 04:00:00,o3,PIIANN,9.540001,23.37469
2024-07-11 07:00:00,o3,PIIANN,16.7,26.106905
2021-11-07 09:00:00,o3,PIIANN,18.19,24.593796
2023-10-06 06:00:00,o3,PIIANN,9.2325,21.516356
2023-02-03 21:00:00,o3,PIIANN,9.5175,24.818748
2022-02-10 10:00:00,o3,PIIANN,22.26,25.134775
2023-04-06 19:00:00,o3,PIIANN,30.66,25.506754
2025-08-07 06:00:00,o3,PIIANN,16.16,23.772137
2023-10-11 17:00:00,o3,PIIANN,26.3175,23.883104
2022-09-02 17:00:00,o3,PIIANN,10.4800005,25.443968
2023-09-04 07:00:00,o3,PIIANN,33.5525,25.648878
2022-06-10 14:00:00,o3,PIIANN,10.62,24.66971
2022-08-11 21:00:00,o3,PIIANN,6.120001,25.154764
2025-12-06 11:00:00,o3,PIIANN,21.17,25.22283
2023-05-11 22:00:00,o3,PIIANN,14.9875,25.465878
2025-12-09 03:00:00,o3,PIIANN,10.34,23.393095
2024-04-04 05:00:00,o3,PIIANN,23.26,25.2421
2025-04-11 07:00:00,o3,PIIANN,15.48,25.7898
2024-02-06 09:00:00,o3,PIIANN,23.01,23.955454
2022-02-04 14:00:00,o3,PIIANN,30.47,25.040382
2022-10-11 06:00:00,o3,PIIANN,6.1399994,25.010056
2022-12-02 06:00:00,o3,PIIANN,3.0799997,24.191921
2025-01-05 21:00:00,o3,PIIANN,18.61,25.082859
2022-11-05 18:00:00,o3,PIIANN,5.790001,24.429506
2021-12-06 17:00:00,o3,PIIANN,23.02,24.413082
2022-07-01 19:00:00,o3,PIIANN,4.99,22.29231
2024-03-02 11:00:00,o3,PIIANN,19.16,26.945797
2021-01-04 13:00:00,o3,PIIANN,148.09,27.389034
2024-07-09 23:00:00,o3,PIIANN,13.36,24.25728
2024-01-05 08:00:00,o3,PIIANN,72.9,25.505678
2024-04-03 18:00:00,o3,PIIANN,50.139996,26.436192
2022-02-03 03:00:00,o3,PIIANN,18.5125,24.725079
2021-01-12 23:00:00,o3,PIIANN,10.300001,23.292526
2021-04-08 18:00:00,o3,PIIANN,15.9,25.678562
2024-07-04 10:00:00,o3,PIIANN,65.26,26.181261
2025-07-02 12:00:00,o3,PIIANN,23.95,27.64577
2023-03-02 05:00:00,o3,PIIANN,6.5,25.33449
2025-06-04 07:00:00,o3,PIIANN,21.44,25.038786
2022-06-04 12:00:00,o3,PIIANN,40.55,24.442266
2024-01-04 02:00:00,o3,PIIANN,41.1,23.80541
2025-01-03 02:00:00,o3,PIIANN,15.32,24.398249
2024-02-02 20:00:00,o3,PIIANN,9.4,24.782774
2025-05-08 10:00:00,o3,PIIANN,12.48,24.744768
2023-12-08 21:00:00,o3,PIIANN,13.0125,23.484585
2022-04-07 19:00:00,o3,PIIANN,22.6,23.65303
2021-12-04 15:00:00,o3,PIIANN,105.67,27.372429
2024-10-04 04:00:00,o3,PIIANN,14.76,25.741451
2024-11-07 05:00:00,o3,PIIANN,32.33,23.756166
2022-09-12 15:00:00,o3,PIIANN,61.7,23.882664
2025-09-11 09:00:00,o3,PIIANN,18.94,26.835217
2023-07-08 08:00:00,o3,PIIANN,49.6075,25.350544
2023-11-11 01:00:00,o3,PIIANN,11.235,24.212934
2024-10-05 01:00:00,o3,PIIANN,23.04,25.29791
2025-02-12 18:00:00,o3,PIIANN,12.400001,23.253246
2023-02-12 13:00:00,o3,PIIANN,39.04,27.42545
2023-03-09 08:00:00,o3,PIIANN,19.5775,25.560778
2021-05-11 06:00:00,o3,PIIANN,12.58,24.037928
2023-11-10 10:00:00,o3,PIIANN,30.3075,27.647226
2025-02-07 11:00:00,o3,PIIANN,17.75,25.108942
2025-02-04 22:00:00,o3,PIIANN,12.160001,23.92715
2025-05-04 00:00:00,o3,PIIANN,34.1,25.196457
2025-01-07 04:00:00,o3,PIIANN,16.36,23.91441
2025-11-12 02:00:00,o3,PIIANN,9.27,22.613506
2024-08-03 22:00:00,o3,PIIANN,14.58,25.62079
2022-11-05 08:00:00,o3,PIIANN,26.18,24.50006
2025-05-10 01:00:00,o3,PIIANN,16.18,23.62416
2024-03-07 13:00:00,o3,PIIANN,20.07,24.379421
2023-12-06 00:00:00,o3,PIIANN,39.0225,23.603535
2021-03-11 16:00:00,o3,PIIANN,70.82,25.967934
2023-08-03 20:00:00,o3,PIIANN,12.977501,26.559937
2023-12-03 05:00:00,o3,PIIANN,6.3675003,25.32756
2022-06-10 22:00:00,o3,PIIANN,9.6,24.050385
2021-08-12 09:00:00,o3,PIIANN,14.780001,25.874409
2021-10-01 17:00:00,o3,PIIANN,28.8,25.3777
2021-06-07 08:00:00,o3,PIIANN,44.36,25.801498
2023-04-08 20:00:00,o3,PIIANN,19.684166,23.74273
2022-05-02 21:00:00,o3,PIIANN,4.3999996,24.546177
2025-10-04 11:00:00,o3,PIIANN,37.9,25.31866
2025-11-05 06:00:00,o3,PIIANN,22.7,25.748148
2025-05-11 02:00:00,o3,PIIANN,15.2,23.893188
2024-04-02 22:00:00,o3,PIIANN,9.560001,24.75056
2023-04-05 05:00:00,o3,PIIANN,61.645,26.391155
2024-03-07 22:00:00,o3,PIIANN,19.88,23.225605
2023-12-10 02:00:00,o3,PIIANN,25.63,24.734331
2025-09-08 03:00:00,o3,PIIANN,5.880001,19.684078
2024-03-05 19:00:00,o3,PIIANN,36.57,26.228476
2025-12-11 04:00:00,o3,PIIANN,12.18,24.431347
2023-04-07 14:00:00,o3,PIIANN,3.0149992,24.338783
2023-12-08 11:00:00,o3,PIIANN,35.195,23.961176
2025-05-05 07:00:00,o3,PIIANN,43.12,25.24434
2024-04-12 11:00:00,o3,PIIANN,14.36,25.754652
2024-12-08 01:00:00,o3,PIIANN,16.4,23.48301
2021-01-04 11:00:00,o3,PIIANN,118.95,26.933352
2021-05-03 04:00:00,o3,PIIANN,42.97,25.583702
2024-08-05 08:00:00,o3,PIIANN,45.52,25.21408
2021-08-07 00:00:00,o3,PIIANN,25.09,21.426367
2023-06-08 09:00:00,o3,PIIANN,49.205,26.065887
2021-11-02 17:00:00,o3,PIIANN,49.87,23.740765
2023-06-11 03:00:00,o3,PIIANN,11.6875,26.116562
2025-04-02 17:00:00,o3,PIIANN,19.99,25.545664
2024-09-06 05:00:00,o3,PIIANN,24.56,24.058346
2021-03-09 05:00:00,o3,PIIANN,3.3999994,23.987612
2022-05-04 20:00:00,o3,PIIANN,14.77,23.69945
2024-05-01 13:00:00,o3,PIIANN,24.31,24.365059
2021-03-05 17:00:00,o3,PIIANN,5.950001,24.090666
2023-11-01 16:00:00,o3,PIIANN,12.32,23.4527
2025-06-11 10:00:00,o3,PIIANN,41.51,25.490334
2024-11-01 22:00:00,o3,PIIANN,16.44,24.524897
2022-09-11 15:00:00,o3,PIIANN,33.53,26.083925
2023-04-11 18:00:00,o3,PIIANN,27.7,25.978733
2021-02-02 12:00:00,o3,PIIANN,100.26,24.074871
2021-04-12 04:00:00,o3,PIIANN,10.61,25.229092
2021-12-02 10:00:00,o3,PIIANN,104.24,26.631222
2021-07-09 15:00:00,o3,PIIANN,17.6,24.194633
2025-03-08 06:00:00,o3,PIIANN,19.02,24.308548
2024-08-04 18:00:00,o3,PIIANN,31.31,25.169512
2022-02-09 23:00:00,o3,PIIANN,14.420001,23.172716
2023-12-03 02:00:00,o3,PIIANN,5.785,25.042368
2025-01-10 16:00:00,o3,PIIANN,19.61,24.473877
2022-01-12 07:00:00,o3,PIIANN,11.78,24.76124
2021-07-04 06:00:00,o3,PIIANN,44.66,25.559256
2025-07-10 22:00:00,o3,PIIANN,15.72,24.116812
2024-06-02 15:00:00,o3,PIIANN,43.05,26.163303
2023-11-05 20:00:00,o3,PIIANN,18.5125,24.116594
2022-10-08 20:00:00,o3,PIIANN,8.52,19.231041
2025-04-02 19:00:00,o3,PIIANN,10.390001,25.062998
2022-06-03 12:00:00,o3,PIIANN,36.04,27.861858
2021-03-09 02:00:00,o3,PIIANN,5.960001,23.304438
2023-08-12 17:00:00,o3,PIIANN,25.14,25.444174
2025-03-12 19:00:00,o3,PIIANN,11.479999,23.171051
2021-06-03 23:00:00,o3,PIIANN,31.24,26.439304
2021-12-10 17:00:00,o3,PIIANN,65.86,25.54277
2022-10-05 06:00:00,o3,PIIANN,17.42,21.103258
2021-06-09 13:00:00,o3,PIIANN,11.5,24.674406
2021-09-06 00:00:00,o3,PIIANN,39.68,24.114292
2023-03-11 07:00:00,o3,PIIANN,16.7475,25.173864
2023-07-03 08:00:00,o3,PIIANN,26.2675,26.401075
2023-05-03 01:00:00,o3,PIIANN,12.992499,25.658192
2025-03-03 00:00:00,o3,PIIANN,16.74,23.832512
2021-11-13 00:00:00,o3,PIIANN,14.784157,23.58249
2021-06-01 12:00:00,o3,PIIANN,17.84,24.537947
2022-08-02 05:00:00,o3,PIIANN,3.84,25.147493
2024-08-05 12:00:00,o3,PIIANN,58.95,25.716791
2023-06-04 14:00:00,o3,PIIANN,126.4375,28.241564
2023-03-11 11:00:00,o3,PIIANN,48.355,26.751959
2024-12-04 20:00:00,o3,PIIANN,57.549995,25.715473
2021-06-04 01:00:00,o3,PIIANN,8.6,25.533121
2023-08-10 14:00:00,o3,PIIANN,28.49,26.768208
2021-05-12 09:00:00,o3,PIIANN,8.810001,25.36808
2023-09-03 16:00:00,o3,PIIANN,92.715,27.580791
2025-11-11 06:00:00,o3,PIIANN,12.58,24.165897
2022-05-04 13:00:00,o3,PIIANN,28.38,24.282616
2025-02-11 14:00:00,o3,PIIANN,25.19,25.807884
2023-01-02 04:00:00,o3,PIIANN,7.8050003,23.95293
2025-07-11 09:00:00,o3,PIIANN,31.05,26.03465
2021-11-09 21:00:00,o3,PIIANN,10.59,23.225931
2025-03-05 04:00:00,o3,PIIANN,11.28,25.342842
2022-10-07 18:00:00,o3,PIIANN,5.200001,23.45888
2025-10-07 00:00:00,o3,PIIANN,16.14,25.104246
2021-07-01 21:00:00,o3,PIIANN,8.540001,22.189888
2024-10-07 02:00:00,o3,PIIANN,33.06,23.578192
2022-09-05 22:00:00,o3,PIIANN,13.37,20.586443
2025-01-01 23:00:00,o3,PIIANN,9.720001,24.75411
2025-10-09 06:00:00,o3,PIIANN,9.690001,24.336594
2025-03-05 11:00:00,o3,PIIANN,58.77,26.824327
2023-02-04 10:00:00,o3,PIIANN,42.6925,26.690075
2022-05-11 23:00:00,o3,PIIANN,5.790001,24.182877
2023-01-10 12:00:00,o3,PIIANN,32.3125,23.794378
2023-05-09 17:00:00,o3,PIIANN,23.9075,23.79602
2024-02-03 03:00:00,o3,PIIANN,16.1,25.095812
2021-02-03 06:00:00,o3,PIIANN,7.5300007,24.841774
2022-06-03 01:00:00,o3,PIIANN,21.6,25.475761
2024-04-12 06:00:00,o3,PIIANN,8.200001,25.025028
2024-09-05 12:00:00,o3,PIIANN,44.36,25.298801
2024-09-03 20:00:00,o3,PIIANN,16.54,26.10234
2024-06-03 02:00:00,o3,PIIANN,17.71,25.651457
2024-11-12 20:00:00,o3,PIIANN,9.040001,24.980112
2024-04-02 14:00:00,o3,PIIANN,39.58,26.535719
2022-10-06 02:00:00,o3,PIIANN,14.33,24.374317
2023-10-12 23:00:00,o3,PIIANN,16.48,24.743515
2023-10-10 22:00:00,o3,PIIANN,25.6225,24.673988
2024-12-01 19:00:00,o3,PIIANN,16.875,24.413158
2023-07-03 12:00:00,o3,PIIANN,69.6725,28.253757
2023-10-10 02:00:00,o3,PIIANN,27.8275,25.558903
2021-10-01 13:00:00,o3,PIIANN,21.08,26.048262
2023-12-12 13:00:00,o3,PIIANN,41.93,26.87442
2023-11-07 16:00:00,o3,PIIANN,15.38,23.969292
2025-12-05 06:00:00,o3,PIIANN,73.35,26.122362
2024-01-09 21:00:00,o3,PIIANN,8.630001,23.135832
2024-09-01 19:00:00,o3,PIIANN,16.52,24.550549
2024-09-01 23:00:00,o3,PIIANN,12.72,24.031628
2022-05-12 13:00:00,o3,PIIANN,54.23,23.959213
2024-05-10 19:00:00,o3,PIIANN,4.5300007,24.787731
2023-10-01 17:00:00,o3,PIIANN,8.525,24.908651
2022-10-10 23:00:00,o3,PIIANN,13.61,23.390741
2021-06-03 14:00:00,o3,PIIANN,146.55,28.904074
2021-08-01 10:00:00,o3,PIIANN,13.12,24.13279
2024-08-12 05:00:00,o3,PIIANN,8.82,25.486435
2025-11-12 03:00:00,o3,PIIANN,11.14,22.348444
2024-11-05 09:00:00,o3,PIIANN,24.5,24.42241
2021-04-03 17:00:00,o3,PIIANN,107.84,26.693834
2021-06-09 07:00:00,o3,PIIANN,19.73,23.876707
2021-12-11 20:00:00,o3,PIIANN,15.64,24.680641
2024-03-09 17:00:00,o3,PIIANN,12.63,24.325342
2025-04-09 09:00:00,o3,PIIANN,16.26,23.232216
2023-09-12 19:00:00,o3,PIIANN,26.5225,25.180847
2023-03-05 15:00:00,o3,PIIANN,66.8975,26.908773
2021-08-02 16:00:00,o3,PIIANN,105.52,27.05751
2025-06-04 22:00:00,o3,PIIANN,16.97,24.432678
2022-07-01 12:00:00,o3,PIIANN,33.78,23.841637
2022-11-05 16:00:00,o3,PIIANN,5.7299995,24.7295
2022-08-08 12:00:00,o3,PIIANN,25.14,24.71067
2021-03-12 09:00:00,o3,PIIANN,10.59,25.640488
2022-06-13 00:00:00,o3,PIIANN,9.686235,24.72792
2022-06-12 06:00:00,o3,PIIANN,11.99,24.39212
2025-08-04 05:00:00,o3,PIIANN,15.08,24.248089
2022-02-09 17:00:00,o3,PIIANN,23.68,23.734896
2023-11-11 10:00:00,o3,PIIANN,24.82,24.845915
2021-08-11 00:00:00,o3,PIIANN,12.76,24.49381
2025-07-10 11:00:00,o3,PIIANN,59.34,27.152952
2024-11-07 23:00:00,o3,PIIANN,34.17,23.852547
2023-05-05 23:00:00,o3,PIIANN,75.73333,25.94308
2025-01-06 16:00:00,o3,PIIANN,16.05,24.958084
2021-12-02 07:00:00,o3,PIIANN,20.52,24.985867
2023-06-05 04:00:00,o3,PIIANN,72.95,25.9282
2025-01-06 18:00:00,o3,PIIANN,16.63,24.46714
2022-11-02 22:00:00,o3,PIIANN,3.7299993,24.044302
2025-08-01 16:00:00,o3,PIIANN,24.52,26.377707
2021-12-09 12:00:00,o3,PIIANN,27.89,25.59965
2025-08-04 10:00:00,o3,PIIANN,30.79,25.311665
2025-02-09 16:00:00,o3,PIIANN,14.22,24.829945
2024-03-01 17:00:00,o3,PIIANN,12.41,25.067453
2022-08-08 14:00:00,o3,PIIANN,17.27,24.667145
2024-07-06 15:00:00,o3,PIIANN,78.78,26.266487
2022-07-12 22:00:00,o3,PIIANN,10.53,23.099247
2025-10-01 23:00:00,o3,PIIANN,9.560001,24.635546
2022-07-11 11:00:00,o3,PIIANN,17.01,27.187725
2023-06-07 08:00:00,o3,PIIANN,8.810001,23.483906
2023-04-04 11:00:00,o3,PIIANN,57.849995,26.436754
2024-08-11 23:00:00,o3,PIIANN,19.58,25.244074
2023-02-01 13:00:00,o3,PIIANN,56.2025,25.21888
2024-06-04 14:00:00,o3,PIIANN,58.319996,26.998764
2022-01-05 00:00:00,o3,PIIANN,20.8,23.775774
2023-11-04 01:00:00,o3,PIIANN,8.991905,24.996735
2025-06-02 02:00:00,o3,PIIANN,9.09,24.162313
2022-04-05 15:00:00,o3,PIIANN,62.94,25.574854
2021-06-06 15:00:00,o3,PIIANN,18.5125,25.675955
2024-10-11 14:00:00,o3,PIIANN,43.51,26.717201
2022-01-06 11:00:00,o3,PIIANN,44.15,25.445513
2025-07-04 06:00:00,o3,PIIANN,14.81,24.84152
2022-04-09 21:00:00,o3,PIIANN,31.15,20.61167
2022-05-10 02:00:00,o3,PIIANN,9.25,23.512749
2024-05-05 15:00:00,o3,PIIANN,40.54,25.86233
2021-12-02 21:00:00,o3,PIIANN,7.1499996,25.5602
2022-12-03 19:00:00,o3,PIIANN,12.05,25.868633
